tree
version=v4
num_class=3
num_tree_per_iteration=3
label_index=0
max_feature_idx=71
objective=multiclass num_class:3
feature_names=Column_0 Column_1 Column_2 Column_3 Column_4 Column_5 Column_6 Column_7 Column_8 Column_9 Column_10 Column_11 Column_12 Column_13 Column_14 Column_15 Column_16 Column_17 Column_18 Column_19 Column_20 Column_21 Column_22 Column_23 Column_24 Column_25 Column_26 Column_27 Column_28 Column_29 Column_30 Column_31 Column_32 Column_33 Column_34 Column_35 Column_36 Column_37 Column_38 Column_39 Column_40 Column_41 Column_42 Column_43 Column_44 Column_45 Column_46 Column_47 Column_48 Column_49 Column_50 Column_51 Column_52 Column_53 Column_54 Column_55 Column_56 Column_57 Column_58 Column_59 Column_60 Column_61 Column_62 Column_63 Column_64 Column_65 Column_66 Column_67 Column_68 Column_69 Column_70 Column_71
feature_infos=[15.279085069046801:85.514683420418635] [-0.0075578740700477601:0.0070437505617561283] [6.5780156825979645:92.766418982001014] [0.0015980280050815832:0.031560341999994392] [-0.059502471347018582:0.055780830925025171] [-0.071373513825331414:0.066583482248212089] [-0.087544953790250624:0.078106804579098243] [-0.17297518698000758:0.15630198910117921] [-0.014890983669618274:0.018761270973392863] [-0.50927814876431721:1.5687430614634708] [0.002059755180756627:0.14749676868043016] [-0.064626740068024824:0.074399920400021635] [0.00054615635254818033:0.02423013706280646] [0.059523942063517861:10.716932140491947] [0.00036324787776937696:0.083296127479812312] [-0.064626740068024824:0.074399920400021594] [-34.077011598349088:34.533915297243496] [-0.0044929047754410333:0.0046391219584079133] [-0.082394077494811091:0.080253426931985228] [-0.084069961307370433:0.10655034645957118] [5.9653235299418998:19.999915705546556] [9.029680022795695:63.987686930848838] [8.5643726978279702:57.455662668637466] [-0.14979573736554863:0.16100735372514041] [-0.064626740068024824:0.074399920400021635] [-0.055682771770700579:0.074399920400021635] [-0.0448062747636917:0.056144478907240947] [-0.0448062747636917:0.056144478907240947] [25.788748466697214:77.892941220521834] [-0.082740478913229221:0.15303251630669834] [0.0006973520066274032:0.0234591300071567] [-1:1] [-1:1] [-0.97492791218182362:0.97492791218182362] [-0.90096886790241903:1] [-3.504674965688372:3.4491894070541185] [-2.6312642700083981:0.55028425216744847] [-0.055682771770700579:0.074399920400021635] [-0.0448062747636917:0.056144478907240947] [-0.0448062747636917:0.056144478907240947] [-0.0448062747636917:0.056144478907240947] [-0.043168177051052359:0.056144478907240947] [0.059523942063517861:9.5175044418551629] [0.059523942063517861:9.5175044418551629] [0.059523942063517861:6.0907831375752188] [20.111637103303735:79.771806166313368] [-0.0070975420782327025:0.0062509000877600416] [-0.50927814876431721:1.5202796397228771] [23.362757411162448:77.546430086536745] [-0.0070975420782327025:0.0080909527779004231] [-0.4739105933726826:1.5202796397228771] [42561.525999999998:74899.444000000003] [-0.00078386000000000005:0.00077590000000000005] [5:90] [42561.525999999998:74899.444000000003] [-0.00078386000000000005:0.00077590000000000005] [5:90] [42561.525999999998:74899.444000000003] [-0.00078386000000000005:0.00077590000000000005] [5:93] [-0.048213639825086752:0.09059131175273305] [-0.00049207999999999999:0.0006669200000000001] [-18338.326743000001:14117.761374000002] [-24447.309306000006:26024.025910999997] [-0.048213639825086752:0.09059131175273305] [-0.00042025:0.0006669200000000001] [-18338.326743000001:13557.473255999999] [-24447.309306000006:26024.025910999997] [-0.048213639825086752:0.09059131175273305] [-0.00042025:0.0006669200000000001] [-18338.326743000001:17202.971831000003] [-24447.309306000006:26024.025910999997]
tree_sizes=1777 1470 1786 1760 1729 1636 1846 1743 1828 1854 1751 1640 1843 1862 1729 1853 1745 1861 1751 1709 1747 1644 1528 1743 1541 1861 1743 1539 1605 1645 1657 1631 1740 1772 1870 1857 1851 1867 1847 1528 1756 1319 1863 1877 1850 1657 1747 1656 1743 1535 1862 1865 1855 1751 1735 1771 1860 1743 1869 1847 1547 1759 1747 1757 1768 1417 1542 1651 1745 1547 1878 1746 1535 1850 1644 1644 1869 1641 1645 1846 1747 1103 1870 1869 1222 1877 1325 1104 1862 897 1217 1868 1124 1101 1869 1108 1755 1864 1752 1539 1877 1421 1214 1848 1543 1526 1858 1751 1534 1872 1010 1207 1545 1545 1009 1861 1651 1103 1874 1117 1764 1870 1311 1739 1864 1557 903 1446 1744 1202 1664 1875 1641 1845 1646 1754 1557 1645 996 1653 1559 1767 1657 1758 1536 1743 1220 1094 1437 1738 1211 1761 1753 1415 1654 1006 1438 1542 1760 1432 1443 1217 1642 1215 1770 1757 1331 1329 1756 1439 1206 1419 1745 1429 1435 1879 1760 1869 1437 1119 1537 1221 1769 1000 1121 1767 1646 1337 1324 1006 1339 1764 1758 1760 1220 1437 1334 1336 1003 1333 1010 1325 1446 1533 1214 1225 1762 1747 1219 1215 1634 1760 1221 1323 1635 1757 1543 1212 1766 1428 1434 1330 1016 1450 1316 1862 1442 1444 1107 1427 1534 1015 1757 1322 1317 1762 1309 1635 1328 1652 1125 1643 1667 1645 918 1865 1875 1449 1533 1117 1532 1429 1755 1221 1325 1763 1454 1211 1759 1522 1745 1870 1648 1880 1627 1552 1737 1424 1218 1530 1449 1545 1330 1746 1126 1430 1005 1012 1540 1534 1217 1330 1009 1429 1877 1337 1446 1875 1746 1012 1535 1330 1532 1216

Tree=0
num_leaves=16
num_cat=0
split_feature=34 34 31 31 53 10 35 22 20 57 7 6 68 59 68
split_gain=151.09 44.0117 39.6569 23.346 20.4886 14.1392 13.5547 12.6827 11.2816 17.0472 13.5323 22.8288 13.198 10.7169 1.8124
threshold=-0.22252093395631442 -0.56174490092936669 -0.5 -1.0000000180025095e-35 22.500000000000004 0.063248417387986713 -0.22576160512074558 14.014494844629438 12.380868647469763 67676.686499995019 0.022307772498188053 0.014242939556898039 -0.0024215242381025455 9.5000000000000018 0.0011670644712203917
decision_type=2 2 2 2 2 2 2 2 2 2 2 2 2 2 2
left_child=1 2 5 4 -3 -1 -4 -5 9 13 12 -12 -10 -2 -11
right_child=8 3 6 7 -6 -7 -8 -9 10 14 11 -13 -14 -15 -16
leaf_value=-1.1282144776773231 -0.96706952697758786 -1.0276300165798866 -1.0696358557381558 -1.0363447639385666 -1.1183741986001512 -1.0537821936678295 -1.0986439702432664 -1.1453516511209521 -1.065251119645632 -1.1643835992891549 -1.0561290603460676 -1.1040885507120186 -1.0921656048516619 -1.0595039808200006 -1.111645773325699
leaf_weight=230.47793385386467 5.6872713565826407 11.722635388374327 102.36475914716721 4.6951937973499289 131.53288620710373 11.595602273941038 218.25276598334312 277.96791133284569 93.389916956424713 5.9966033697128278 161.41517207026482 58.493148893117905 505.00996482372284 118.07864463329315 5.3196100294589996
leaf_count=479 28 52 367 17 316 42 672 403 365 20 665 178 1726 476 20
internal_value=-1.09861 -1.11663 -1.10455 -1.13258 -1.11095 -1.12465 -1.08938 -1.14354 -1.07993 -1.06232 -1.08284 -1.06889 -1.08797 -1.05526 -1.13959
internal_weight=1942 988.61 562.691 425.919 143.256 242.074 320.618 282.663 953.39 135.082 818.308 219.908 598.4 123.766 11.3162
internal_count=5826 2348 1560 788 368 521 1039 420 3478 544 2934 843 2091 504 40
is_linear=0
shrinkage=1


Tree=1
num_leaves=13
num_cat=0
split_feature=34 34 31 31 0 7 32 59 7 6 47 61
split_gain=620.573 157.431 119.443 85.6585 27.0827 25.9671 25.8832 25.8275 34.1024 21.9804 18.7936 9.72784
threshold=-0.22252093395631442 -0.56174490092936669 -0.5 -1.0000000180025095e-35 50.594950689707936 0.12355352125512566 -0.24999999999999997 63.500000000000007 0.063870710022954427 0.02304297041643744 0.30024076372575514 3.9405000000000013e-05
decision_type=2 2 2 2 2 2 2 2 2 2 2 2
left_child=1 2 10 6 -5 7 -3 8 -2 -4 -1 -9
right_child=5 3 9 4 -6 -7 -8 11 -10 -11 -12 -13
leaf_value=-1.0254099447742206 -1.1335808850271332 -1.0430244715532586 -1.1160734321656796 -0.99487692938942196 -1.0367458984907598 -1.0308510373562778 -1.0991257280919899 -1.1596101086248976 -1.0393614526051234 -1.0495744634923541 -1.0636850763775016 -1.0995628446316974
leaf_weight=86.163744330406189 691.10595196485519 65.779913663864136 297.43992966413498 174.25319927930832 108.40988314151764 9.9638536572456342 77.475598275661469 222.977623462677 17.027368485927582 23.177576661109924 155.90977412462234 12.315481841564177
leaf_count=149 2489 138 987 210 210 18 230 900 33 52 372 38
internal_value=-1.09861 -1.0621 -1.08494 -1.03193 -1.01093 -1.13647 -1.07337 -1.13759 -1.13132 -1.11127 -1.05006 -1.15647
internal_weight=1942 988.61 562.691 425.919 282.663 953.39 143.256 943.426 708.133 320.618 242.074 235.293
internal_count=5826 2348 1560 788 420 3478 368 3460 2522 1039 521 938
is_linear=0
shrinkage=1


Tree=2
num_leaves=16
num_cat=0
split_feature=34 34 58 5 7 35 57 57 9 23 53 7 13 10 68
split_gain=159.251 34.9637 18.5659 24.1597 19.878 16.6942 21.3628 15.8777 16.4079 13.7888 12.5162 11.5959 10.2864 9.04459 5.14624
threshold=-0.22252093395631442 -0.56174490092936669 -1.8525e-05 -0.0019536929915240915 -0.034145074754127029 -0.87541649939570243 56102.641000000011 48763.570000000007 0.76478480547665684 -0.014866765142233338 60.500000000000007 0.0389019053901778 0.67113956069271252 0.027285519717173894 0.0036744521016550684
decision_type=2 2 2 2 2 2 2 2 2 2 2 2 2 2 2
left_child=1 5 3 14 9 11 -7 8 -3 -4 -6 -1 -9 -5 -2
right_child=2 7 4 13 10 6 -8 12 -10 -11 -12 -13 -14 -15 -16
leaf_value=-1.1430640378754724 -1.1449673316904863 -1.0046967897202872 -1.0431198546705622 -1.0458166400904239 -1.0866777122927185 -1.1086243384220074 -1.0740617804628165 -1.1383310238255213 -1.1396633506775848 -1.1265046695430878 -1.0689045184052981 -1.069335299718547 -1.1098191791807461 -1.0988476891385093 -1.0865076426910203
leaf_weight=72.148493885993958 45.704354554414749 8.5210285484790784 101.47651350498199 25.447180300951004 459.84987807273865 383.02147397398949 96.93980598449707 345.16387128829956 7.1796086728572837 9.37100702524185 273.25208243727684 10.581267386674879 65.054092943668365 30.692522287368774 7.5967820286750785
leaf_count=168 122 31 378 101 1638 1054 294 578 17 32 1062 44 162 118 27
internal_value=-1.09861 -1.11711 -1.07943 -1.10492 -1.07613 -1.10635 -1.10164 -1.13133 -1.06641 -1.05017 -1.08005 -1.13363 -1.13381 -1.07481 -1.13664
internal_weight=1942 988.61 953.39 109.441 843.949 562.691 479.961 425.919 15.7006 110.848 733.102 82.7298 410.218 56.1397 53.3011
internal_count=5826 2348 3478 368 3110 1560 1348 788 48 410 2700 212 740 219 149
is_linear=0
shrinkage=1


Tree=3
num_leaves=15
num_cat=0
split_feature=34 33 36 13 36 30 4 28 36 7 44 7 7 60
split_gain=131.891 59.4158 16.0101 15.7173 14.0885 12.6074 11.1559 21.1506 13.4389 12.471 10.5448 9.62812 17.8124 8.36533
threshold=-0.22252093395631442 1.0000000180025095e-35 -1.0860808703195968 0.56085445584915361 -1.4190393314468168 0.0051363848937220225 0.00064871181614312168 48.106496355201152 -1.4672337081207696 -0.039057372868563693 0.53833910836107324 -0.091666927283762897 -0.049871295431569311 -0.00088997421073894179
decision_type=2 2 2 2 2 2 2 2 2 2 2 2 2 2
left_child=1 3 4 13 -3 -5 7 9 -9 -2 -4 -8 -13 -1
right_child=6 2 10 5 -6 -7 11 8 -10 -11 -12 12 -14 -15
leaf_value=-0.050892394541692865 -0.011244632284724233 0.0040758121204338797 -0.02960254369775726 0.0037506705103481047 0.058559438789330689 -0.023403177299075928 -0.05145093813217505 0.0075645466485082082 0.048280337373218934 0.020047905566701423 0.011625346076198587 0.080105645039415738 0.0084974250456183956 -0.028951403792727988
leaf_weight=98.653030097484589 71.455531537532806 35.00347575545311 38.545428246259689 105.49000912904739 49.655691370368004 247.52483423054218 10.911754876375197 44.310451298952103 168.12458567321301 240.58566962182522 88.348475679755211 15.597334861755369 410.90846274793148 315.79026241600513
leaf_count=150 230 119 94 301 205 562 27 162 678 875 309 70 1436 608
internal_value=1.4309e-05 -0.0169804 0.0138808 -0.0254873 0.0360324 -0.0152889 0.0173114 0.02378 0.0397877 0.0128821 -0.000898082 0.00955535 0.0111161 -0.0341742
internal_weight=1940.9 979.011 211.553 767.458 84.6592 353.015 961.894 524.476 212.435 312.041 126.894 437.418 426.506 414.443
internal_count=5826 2348 727 1621 324 863 3478 1945 840 1105 403 1533 1506 758
is_linear=0
shrinkage=0.0657714


Tree=4
num_leaves=15
num_cat=0
split_feature=33 31 33 33 31 6 6 9 44 66 61 21 71 66
split_gain=478.249 85.236 140.94 217.374 70.4007 34.7611 31.3582 26.6497 23.2919 23.6505 22.2632 19.8445 18.0166 17.856
threshold=-0.8783796973249266 -0.5 -1.0000000180025095e-35 -0.60785761079279388 -1.0000000180025095e-35 -0.029458582938934105 0.02304297041643744 0.52466953014384532 0.55369588528788494 514.38019450000331 0.00010137500000000002 16.629866779393204 2280.1064979999933 -397.64855849999566
decision_type=2 2 2 2 2 2 2 2 2 2 2 2 2 2
left_child=4 2 3 -2 8 -3 -7 11 12 -10 -4 -6 -1 -9
right_child=1 5 10 -5 7 6 -8 13 9 -11 -12 -13 -14 -15
leaf_value=0.024337830221711331 -0.043961733146199465 0.065554542218243472 -0.031134734338230226 0.082174473722250702 0.047963429085593208 -0.034102132536300345 0.022098380146827041 0.097841635405371885 -0.049095007125384456 0.049372113861718296 0.08838910790476652 0.10530098478124789 0.088393155182673253 0.039277093591054073
leaf_weight=72.838212817907333 90.868903145194054 16.285995110869408 288.24579171836376 169.05983945727348 31.849093824625015 884.46098719537258 45.139995887875557 30.437887996435165 30.748321145772934 16.064972907304764 6.902887597680091 144.94922776520252 25.695910975337029 86.585562884807587
leaf_count=184 361 33 1019 250 61 3248 117 34 114 33 10 141 37 184
internal_value=-3.40604e-05 -0.0176976 0.00276238 0.0380783 0.0603354 -0.0297043 -0.0313731 0.0788567 0.0228944 -0.0153039 -0.0283393 0.094972 0.0410423 0.0545098
internal_weight=1940.13 1500.96 555.077 259.929 439.169 945.887 929.601 293.822 145.347 46.8133 295.149 176.798 98.5341 117.023
internal_count=5826 5038 1640 611 788 3398 3365 420 368 147 1029 202 221 218
is_linear=0
shrinkage=0.0657714


Tree=5
num_leaves=14
num_cat=0
split_feature=34 33 35 6 58 0 13 23 36 36 12 62 68
split_gain=138.908 50.8405 22.3968 20.3449 16.6165 22.0255 11.6056 10.1747 14.7624 11.0806 9.70529 8.73419 4.17681
threshold=-0.22252093395631442 1.0000000180025095e-35 1.5925773446697482 0.021377319077333982 -1.8525e-05 48.792112317789936 0.36790518597295369 -0.029883832591575284 -1.2029245066725671 -1.4306043070013124 0.0050107413760560483 -581.39047949999713 0.0036744521016550684
decision_type=2 2 2 2 2 2 2 2 2 2 2 2 2
left_child=1 2 6 11 5 12 -1 8 -6 -9 -7 -3 -2
right_child=4 3 -4 -5 7 10 -8 9 -10 -11 -12 -13 -14
leaf_value=-0.040213571116504469 -0.04274450851830653 0.040866769296174658 0.076978578280699705 -0.055425592965881273 0.014762145051423018 0.054992864919053017 -0.021687641962385179 0.034692809455059107 0.058119081435830687 0.013788218540828553 -0.0012146363811656315 0.0090652617805271028 0.0090073378354141535
leaf_weight=197.9373265504837 47.688393026590347 50.635407745838165 9.1533343046903592 18.152529060840607 65.213766545057297 23.789349868893623 560.48639714717865 135.193932056427 70.910009562969208 581.36307388544083 30.107443064451218 142.49213443696499 7.8579528182744971
leaf_count=332 133 196 35 38 245 92 1254 482 249 2134 115 493 28
internal_value=1.97376e-05 -0.0174243 -0.0252884 0.011146 0.0177671 -0.00635913 -0.0265226 0.0208638 0.0373478 0.0177323 0.0235946 0.0174032 -0.0354234
internal_weight=1940.98 978.857 767.577 211.28 962.124 109.443 758.424 852.681 136.124 716.557 53.8968 193.128 55.5463
internal_count=5826 2348 1621 727 3478 368 1586 3110 494 2616 207 689 161
is_linear=0
shrinkage=0.0657714


Tree=6
num_leaves=16
num_cat=0
split_feature=34 34 31 31 53 10 35 22 20 57 7 6 68 13 68
split_gain=116.606 35.5468 30.6709 19.5313 18.347 13.0511 11.7364 11.6109 9.90969 15.0492 12.1464 18.5548 11.5863 9.46696 1.71885
threshold=-0.22252093395631442 -0.56174490092936669 -0.5 -1.0000000180025095e-35 22.500000000000004 0.063248417387986713 -0.22576160512074558 14.014494844629438 12.380868647469763 67676.686499995019 0.022307772498188053 0.014242939556898039 -0.0024215242381025455 1.0806745709031913 0.0011670644712203917
decision_type=2 2 2 2 2 2 2 2 2 2 2 2 2 2 2
left_child=1 2 5 4 -3 -1 -4 -5 9 13 12 -12 -10 -2 -11
right_child=8 3 6 7 -6 -7 -8 -9 10 14 11 -13 -14 -15 -16
leaf_value=-0.02686907137427582 0.052815687889912082 0.066992839075794647 0.026026917282470623 0.061022418038979731 -0.018181495699750416 0.044687295874908751 -0.00077940126417599454 -0.04299459656586118 0.02967175196747223 -0.064859939471778261 0.03779081109235366 -0.0053227440819238019 0.0047066235196527159 0.015643609418491352 -0.013360070689873403
leaf_weight=223.93670001626015 79.547642767429352 11.948683485388754 104.20296107232571 4.7251770496368399 129.60444974899292 11.597219139337538 219.44577053189278 264.52704332768917 95.429740890860558 5.9097311496734601 165.67295549809933 58.404841646552086 511.18521638214588 47.238268330693245 5.3337603956460953
leaf_count=479 329 52 367 17 316 42 672 403 365 20 665 178 1726 175 20
internal_value=3.86061e-05 -0.0160811 -0.00528929 -0.0307708 -0.0109918 -0.0233458 0.00785125 -0.0411692 0.0161794 0.0324987 0.0134678 0.0265535 0.00863402 0.038966 -0.0404291
internal_weight=1938.71 969.988 559.183 410.805 141.553 235.534 323.649 269.252 968.722 138.029 830.693 224.078 606.615 126.786 11.2435
internal_count=5826 2348 1560 788 368 521 1039 420 3478 544 2934 843 2091 504 40
is_linear=0
shrinkage=0.0657714


Tree=7
num_leaves=15
num_cat=0
split_feature=34 33 13 31 6 33 29 46 12 52 17 28 59 0
split_gain=480.838 181.758 39.3726 46.0095 35.6687 32.0319 23.4629 22.931 22.0814 19.1033 14.3944 10.7569 12.0756 11.5784
threshold=-0.22252093395631442 1.0000000180025095e-35 0.56085445584915361 -0.5 0.02304297041643744 0.6078576107927941 0.028572785920634284 -0.002238248101313105 0.0031604819216020561 -1.9179999999999996e-05 -3.8401884920575992e-05 49.43504573661118 63.500000000000007 30.503675344816653
decision_type=2 2 2 2 2 2 2 2 2 2 2 2 2 2
left_child=1 2 6 -4 10 11 -1 9 -9 -7 -3 13 -13 -2
right_child=5 4 3 -5 -6 7 -8 8 -10 -11 -12 12 -14 -15
leaf_value=0.061371349292971895 0.0086700845755019601 -0.054275796941406794 0.056469832986920647 0.0091774429863924461 0.065049639000526641 0.10336326264804725 -0.019315719700134699 0.0093142602675883798 -0.032458842651528673 -0.0062847319273980828 -0.017351903089904155 -0.027967958471750612 -0.057137887481416669 -0.060820633304367724
leaf_weight=426.48702593147755 10.935988411307333 74.875677987933159 154.4962817132473 209.87932996451855 18.010636210441589 10.962573617696764 16.181549265980721 65.517609044909477 332.77746133506298 18.427684709429741 117.10027380287647 186.48176275193691 91.521888881921768 201.16277627646923
leaf_count=707 34 298 278 585 34 13 51 199 1249 61 395 685 384 853
internal_value=-8.84452e-05 0.0310588 0.0452417 0.0292295 -0.0234504 -0.0346038 0.0584219 -0.0214504 -0.0255874 0.034614 -0.0317532 -0.046082 -0.037571 -0.0572376
internal_weight=1934.82 1017.03 807.044 364.376 209.987 917.788 442.669 427.685 398.295 29.3903 191.976 490.102 278.004 212.099
internal_count=5826 2348 1621 863 727 3478 758 1522 1448 74 693 1956 1069 887
is_linear=0
shrinkage=0.0657714


Tree=8
num_leaves=16
num_cat=0
split_feature=34 34 31 31 62 53 1 6 53 35 22 34 28 57 66
split_gain=122.666 27.8754 22.3152 17.9239 17.4419 15.4091 15.1696 20.1465 17.5686 14.9018 13.7356 13.6838 19.5212 10.8648 9.62123
threshold=-0.22252093395631442 -0.56174490092936669 -0.5 -0.5 452.35506749999951 20.500000000000004 -0.00038217967306650212 -0.0082255211382969966 60.500000000000007 -0.38347711090438941 25.02548772266984 1.0000000180025095e-35 57.858028430673912 48710.120000000003 623.37609950000535
decision_type=2 2 2 2 2 2 2 2 2 2 2 2 2 2 2
left_child=1 3 9 5 -5 -1 11 10 -9 -3 -8 14 -13 -4 -2
right_child=6 2 13 4 -6 -7 7 8 -10 -11 -12 12 -14 -15 -16
leaf_value=0.022538796901524213 -0.023563584936201112 0.048354682230907206 0.028191648732905004 -0.0073674280910877039 0.025427388662245767 -0.027117681496359923 0.07750535291643805 0.011237784924903852 0.036012161963000805 -0.015290373392474509 -0.0080154090979924382 0.018381347132052715 -0.055893092295273894 -0.041054584911018578 0.042194817813875414
leaf_weight=31.105421930551529 82.833939149975777 19.321236357092857 10.142925620079039 217.44777742028236 103.56937766075134 206.49274891614914 43.197511672973633 389.88825757801533 181.45095613598824 90.245803475379944 10.00593715906143 234.45000073313713 16.376638814806938 291.38203108310699 10.890450358390806
leaf_count=77 252 62 26 691 348 444 157 1357 695 238 38 908 33 462 38
internal_value=4.96596e-05 -0.0164888 -0.0294879 -0.00692258 0.00321312 -0.0206168 0.0165986 0.0227106 0.0191059 -0.0040671 0.0614215 0.00551971 0.0135319 -0.0387252 -0.0159227
internal_weight=1938.8 969.707 411.092 558.615 321.017 237.598 969.094 624.543 571.339 109.567 53.2034 344.551 250.827 301.525 93.7244
internal_count=5826 2348 788 1560 1039 521 3478 2247 2052 300 195 1231 941 488 290
is_linear=0
shrinkage=0.0657714


Tree=9
num_leaves=16
num_cat=0
split_feature=34 33 36 28 56 36 51 44 20 6 7 6 68 68 13
split_gain=101.875 47.8666 14.1156 14.0353 19.7125 12.2422 11.4407 9.70912 8.91502 11.3002 10.791 16.7485 10.4102 6.43169 5.89683
threshold=-0.22252093395631442 1.0000000180025095e-35 -1.0860808703195968 49.286533793937942 23.500000000000004 -1.4190393314468168 51386.734500000006 0.53833910836107324 12.380868647469763 0.0024004779949943216 0.022307772498188053 0.014242939556898039 -0.0024215242381025455 0.0025084436442108786 1.0806745709031913
decision_type=2 2 2 2 2 2 2 2 2 2 2 2 2 2 2
left_child=1 3 5 6 -5 -3 -1 -4 9 13 12 -12 -10 -2 -11
right_child=8 2 7 4 -6 -7 -8 -9 10 14 11 -13 -14 -15 -16
leaf_value=-0.05773659403354519 0.052764990373122309 0.0030750155911787014 -0.029238194598415 0.026228848935418561 -0.019999785180427766 0.053493603064354085 -0.027043669642154978 0.010328183720247032 0.027749825512261381 0.026661575317990242 0.035307162056724108 -0.0055567399815891743 0.004198806898792571 -0.0090352856755558427 -0.015244342669584602
leaf_weight=66.196495175361633 72.156781554222107 35.246641486883163 38.382965326309204 44.569163769483566 381.02330268919468 50.944399699568748 254.55762256681919 89.124929517507553 96.460048124194145 33.818571329116821 167.8458491563797 58.513795286417007 512.94892512261868 8.1028572767972928 25.462596207857132
leaf_count=95 295 119 94 157 866 205 503 309 365 132 665 178 1726 30 87
internal_value=7.93077e-05 -0.0151302 0.0123156 -0.0229887 -0.0151586 0.0328756 -0.033378 -0.00158225 0.0150508 0.0304401 0.0124814 0.0247439 0.00792657 0.0465258 0.00866204
internal_weight=1935.35 960.046 213.699 746.347 425.592 86.191 320.754 127.508 975.309 139.541 835.769 226.36 609.409 80.2596 59.2812
internal_count=5826 2348 727 1621 1023 324 598 403 3478 544 2934 843 2091 325 219
is_linear=0
shrinkage=0.0657714


Tree=10
num_leaves=15
num_cat=0
split_feature=34 33 35 49 30 33 22 5 46 10 62 6 63 0
split_gain=421.864 159.584 37.5109 34.7064 33.0179 30.3105 22.5885 21.1558 20.6576 17.6027 14.3379 10.0503 11.6713 11.0671
threshold=-0.22252093395631442 1.0000000180025095e-35 0.37853918245319451 -0.0024812891098232831 0.017707340720740272 0.6078576107927941 21.085945418451487 0.022153962069407677 -0.002238248101313105 0.021030322011860232 -1182.5493634999996 -0.0010202770929968461 344.14998749999842 30.503675344816653
decision_type=2 2 2 2 2 2 2 2 2 2 2 2 2 2
left_child=1 2 3 -1 7 11 -4 -3 10 -10 -7 13 -13 -2
right_child=5 4 6 -5 -6 8 -8 -9 9 -11 -12 12 -14 -15
leaf_value=-0.03982271546316922 0.0088791921750624257 -0.031709507379915125 0.0089071671724024176 0.053071074564347974 0.11639751916804146 0.079574374134389517 0.063889801345495573 0.085589157051390058 -0.0016673229781685036 -0.0328319530650059 -0.011871129681799012 -0.023131240777835113 -0.050245415876865089 -0.059200121825261243
leaf_weight=17.937345132231712 10.918051734566687 194.36350578069687 182.9112902879715 579.10064446926117 7.1226714849472037 14.464420661330225 39.260759919881821 6.8871637582778922 108.33899901807308 283.7358365803957 15.223360538482664 142.22920839488506 132.79526303708553 191.60849604010582
leaf_count=63 34 712 474 1023 5 21 61 10 352 1096 53 531 553 838
internal_value=-0.000167333 0.0286226 0.0416948 0.0502802 -0.0227699 -0.0330636 0.0186233 -0.0276953 -0.0202151 -0.0242205 0.0326828 -0.0444112 -0.0362233 -0.05553
internal_weight=1926.9 1027.58 819.21 597.038 208.373 899.314 222.172 201.251 421.763 392.075 29.6878 477.551 275.024 202.527
internal_count=5826 2348 1621 1086 727 3478 535 722 1522 1448 74 1956 1084 872
is_linear=0
shrinkage=0.0657714


Tree=11
num_leaves=14
num_cat=0
split_feature=34 33 35 6 58 5 7 70 17 14 17 63 68
split_gain=107.064 40.9201 20.1973 17.5939 13.9472 19.8597 15.5006 11.8223 11.8064 11.7663 10.8684 7.84271 4.56848
threshold=-0.22252093395631442 1.0000000180025095e-35 1.5925773446697482 0.021377319077333982 -1.8525e-05 -0.0019536929915240915 -0.034145074754127029 656.63173750000306 0.00095519902832329228 0.0017918518550250977 0.00089550706255164651 653.476984499997 0.0036744521016550684
decision_type=2 2 2 2 2 2 2 2 2 2 2 2 2
left_child=1 2 9 7 5 12 10 -3 -8 -1 -6 -7 -2
right_child=4 3 -4 -5 6 11 8 -9 -10 -11 -12 -13 -14
leaf_value=-0.050756404182097821 -0.044185298759700814 0.0062537888543137774 0.073548982495431084 -0.05318751424449622 0.045273959446731044 0.039137325000341165 0.013311279542969316 0.043631908731127413 0.061254247563965823 -0.021399934559485117 -0.047699721600522806 -0.010845131506135476 0.010812894921361898
leaf_weight=64.745861440896988 44.426734775304794 146.6730989664793 9.3018168210983259 17.537184476852417 109.69492752850056 35.432549804449081 727.98160810768604 48.778665855526924 22.9194276034832 672.76453207433224 5.7227295041084281 22.019521310925484 7.6600425541400901
leaf_count=89 122 501 35 38 395 134 2614 188 86 1497 15 85 27
internal_value=8.72799e-05 -0.0155099 -0.0227624 0.00991981 0.0154278 -0.00668485 0.0182238 0.0155822 0.0147746 -0.0239771 0.0406641 0.0199807 -0.0360971
internal_weight=1935.66 959.801 746.812 212.989 975.858 109.539 866.319 195.452 750.901 737.51 115.418 57.4521 52.0868
internal_count=5826 2348 1621 727 3478 368 3110 689 2700 1586 410 219 149
is_linear=0
shrinkage=0.0657714


Tree=12
num_leaves=16
num_cat=0
split_feature=33 31 31 33 33 53 0 66 22 17 7 46 0 2 2
split_gain=91.7428 19.2784 17.4608 26.2072 44.7836 16.5403 15.8709 13.3492 11.362 11.1595 10.7768 9.03289 8.76664 5.15827 2.76044
threshold=-0.8783796973249266 -1.0000000180025095e-35 -0.5 -0.60785761079279388 -1.0000000180025095e-35 22.500000000000004 51.860888504810518 3349.5570635000017 18.326807113677368 0.0001393978656154225 -0.037334820346321344 0.00087637242617980015 47.635829666419461 65.068554244430331 41.842858747738063
decision_type=2 2 2 2 2 2 2 2 2 2 2 2 2 2 2
left_child=1 5 3 6 -5 11 -2 10 9 -3 -4 -1 -7 -9 -10
right_child=2 8 7 4 -6 12 -8 13 14 -11 -12 -13 -14 -15 -16
leaf_value=0.010093931554048797 0.056750450977879195 -0.029636259061296882 -0.0019698490334677699 -0.037352596567371575 0.0061835956223357282 -0.04384406627756731 0.003298841155972882 -0.040429854805434817 -0.056381951279255701 0.033955906404757381 0.01729501769013626 0.12411960946966438 -0.0047066243026353885 0.012446172951055563 -0.040014317825023744
leaf_weight=6.1869834512472135 46.760586708784103 65.914064660668373 149.26227954030037 154.14550709724426 303.35816729068756 33.871354430913925 49.433360606431961 27.568116873502731 85.844181850552559 14.577516660094259 792.78016866743565 5.844178318977356 92.022512868046761 11.23303674161434 92.715631291270256
leaf_count=24 197 125 483 250 1029 72 164 76 94 46 2805 28 244 34 155
internal_value=0.000123431 -0.0280591 0.00741409 -0.00192367 -0.00848494 -0.00819536 0.0292821 0.0126854 -0.0386351 -0.0181193 0.0142426 0.0654823 -0.0152364 -0.0251221 -0.0478832
internal_weight=1931.52 396.976 1534.54 553.698 457.504 137.925 96.1939 980.844 259.051 80.4916 942.042 12.0312 125.894 38.8012 178.56
internal_count=5826 788 5038 1640 1279 368 361 3398 420 171 3288 52 316 110 249
is_linear=0
shrinkage=0.0657714


Tree=13
num_leaves=16
num_cat=0
split_feature=33 33 33 7 44 10 14 29 2 60 6 6 30 2 58
split_gain=314.858 56.8727 164.565 46.827 42.4616 24.1821 39.8765 30.1786 23.3347 13.8876 12.7237 18.1016 6.59999 5.04467 0.00513185
threshold=-0.8783796973249266 -0.60785761079279388 -1.0000000180025095e-35 0.12355352125512566 1.1492330332008842 0.021030322011860232 0.0017918518550250977 0.027203945276390366 36.25813860158587 -0.012130993981756764 -0.00055763937545083564 0.0029732392820068791 0.0097709651235131628 41.674248827259674 -2.6519999999999997e-05
decision_type=2 2 2 2 2 2 2 2 2 2 2 2 2 2 2
left_child=5 10 4 -4 -3 6 13 9 -8 -7 14 -12 -9 -1 -2
right_child=1 2 3 -5 -6 7 8 12 -10 -11 11 -13 -14 -15 -16
leaf_value=0.093908642780544824 -0.062354681078724501 0.011966141077255365 -0.027804520058003511 0.080183169123808073 0.059815206873376318 -0.072165479126318738 0.061429108724689416 -0.070532285293869498 -0.0074093626632863009 0.065359607764915173 0.00059286490449115821 -0.047575653684772817 0.020691962057615164 0.052840064823286799 -0.060568310559726064
leaf_weight=29.571645006537437 7.4789316803216925 249.2407693862915 812.25426948070526 17.750491484999657 118.30992598831654 3.2144708484411231 27.262776955962181 8.6223241388797742 97.422195419669151 268.23363523185253 51.465996906161308 98.040060192346573 5.6980477571487418 23.003330737352371 99.631166845560074
leaf_count=24 35 645 3091 24 188 11 36 34 266 366 182 418 12 39 455
internal_value=-0.000251235 -0.0152915 -0.00927044 -0.0254951 0.0273682 0.0469838 0.0278993 0.0588218 0.00764239 0.063731 -0.0433903 -0.0309941 -0.0342343 0.0759398 -0.060693
internal_weight=1917.2 1454.17 1197.56 830.005 367.551 463.028 177.26 285.768 124.685 271.448 256.616 149.506 14.3204 52.575 107.11
internal_count=5826 5038 3948 3115 833 788 365 423 302 377 1090 600 46 63 490
is_linear=0
shrinkage=0.0657714


Tree=14
num_leaves=15
num_cat=0
split_feature=34 34 31 31 62 7 35 1 6 53 22 28 34 60
split_gain=93.5114 23.245 22.1363 16.1709 15.9885 15.1427 13.7456 12.5127 16.6416 15.7594 11.978 11.722 16.0629 10.9458
threshold=-0.22252093395631442 -0.56174490092936669 -0.5 -0.5 1048.7599879999996 -0.049871295431569311 -0.38347711090438941 -0.00038217967306650212 -0.0082255211382969966 60.500000000000007 25.02548772266984 57.858028430673912 1.0000000180025095e-35 -0.012130993981756764
decision_type=2 2 2 2 2 2 2 2 2 2 2 2 2 2
left_child=1 3 6 5 -5 -1 -3 11 10 -10 -9 12 -2 -4
right_child=7 2 13 4 -6 -7 -8 8 9 -11 -12 -13 -14 -15
leaf_value=0.038298345021826004 -0.01621332163299426 0.049267477612340516 0.099363120261263316 -0.0043631838131614632 0.030430520159744349 -0.023919384026245331 -0.012161761504381738 0.069108864146360194 0.0091568356769490562 0.032422445454262358 -0.010056002680870842 -0.049053981423364416 0.016105576541559898 -0.037327761323429985
leaf_weight=18.367679968476295 92.394554540514946 19.217823684215546 2.5567094981670371 244.84678740799427 74.520734235644341 214.98065246641636 87.513388961553574 44.723113223910332 394.94919294118881 184.91355440020561 10.142915248870848 16.932288408279419 237.59890523552895 288.05827906727791
leaf_count=49 288 62 10 800 239 472 238 157 1357 695 38 35 908 478
internal_value=0.000125929 -0.0145837 -0.0267173 -0.00586081 0.00375553 -0.019022 -0.00110093 0.0143621 0.0198519 0.0165761 0.0544739 0.00431807 0.00705664 -0.0361252
internal_weight=1931.72 950.062 397.346 552.716 319.368 233.348 106.731 981.655 634.729 579.863 54.866 346.926 329.993 290.615
internal_count=5826 2348 788 1560 1039 521 300 3478 2247 2052 195 1231 1196 488
is_linear=0
shrinkage=0.0657714


Tree=15
num_leaves=16
num_cat=0
split_feature=33 31 31 33 33 56 0 30 22 12 12 52 46 48 7
split_gain=80.9233 18.3595 15.8576 23.3925 39.9066 15.053 13.9893 12.9504 10.8282 12.2508 9.94752 8.46188 7.78623 7.50133 2.639
threshold=-0.8783796973249266 -1.0000000180025095e-35 -0.5 -0.60785761079279388 -1.0000000180025095e-35 22.500000000000004 51.860888504810518 0.0091419219723030253 18.326807113677368 0.0036335461171020825 0.0054079211566976813 9.7135000000000011e-05 0.00087637242617980015 56.008483117091387 -0.004967075451852653
decision_type=2 2 2 2 2 2 2 2 2 2 2 2 2 2 2
left_child=1 5 3 6 -5 12 -2 10 9 -3 -4 -7 -1 -9 -10
right_child=2 8 7 4 -6 11 -8 13 14 -11 -12 -13 -14 -15 -16
leaf_value=0.010639196611776902 0.052814397093768742 0.019496194824953128 0.0098080952859312676 -0.035888822054151177 0.0054779105212752208 -0.026415530536602963 0.0028827141070741592 -0.014280954850377959 -0.05316346134523444 -0.035295964456167089 0.024789982749670744 0.0097500344332251479 0.11582478503787592 0.028189208598669351 -0.036674892883035382
leaf_weight=6.1635210514068586 47.57010406255722 26.487748950719833 563.39337486028671 150.80008374154568 304.7648282200098 81.704047337174416 49.56117570400238 109.48265939950943 101.6301778703928 52.920154348015785 290.60266268253326 42.567462056875229 6.015499010682106 21.528100058436394 71.553609237074852
leaf_count=24 197 81 1956 250 1029 190 164 321 121 90 1044 126 28 77 128
internal_value=0.00016935 -0.0266285 0.00694925 -0.00196728 -0.00821521 -0.00718871 0.0273368 0.0119524 -0.0371298 -0.0170192 0.0149062 -0.0140275 0.0625928 -0.00730212 -0.0463509
internal_weight=1926.75 389.042 1537.7 552.696 455.565 136.451 97.1313 985.007 252.592 79.4079 853.996 124.272 12.179 131.011 173.184
internal_count=5826 788 5038 1640 1279 368 361 3398 420 171 3000 316 52 398 249
is_linear=0
shrinkage=0.0657714


Tree=16
num_leaves=15
num_cat=0
split_feature=34 33 35 7 33 30 7 36 7 53 5 28 63 0
split_gain=326.982 119.102 31.2523 31.4889 28.332 26.6791 21.0806 31.8319 23.2372 20.5857 19.1911 10.0998 12.315 10.8219
threshold=-0.22252093395631442 1.0000000180025095e-35 0.37853918245319451 0.044631483955993929 0.6078576107927941 0.017707340720740272 -0.0034178693162684732 -1.4004149827484691 0.12355352125512566 37.500000000000007 0.022153962069407677 49.43504573661118 344.14998749999842 30.503675344816653
decision_type=2 2 2 2 2 2 2 2 2 2 2 2 2 2
left_child=1 2 3 -1 11 10 7 -6 -8 -4 -3 13 -13 -2
right_child=4 5 9 -5 6 -7 8 -9 -10 -11 -12 12 -14 -15
leaf_value=0.047958251799624388 0.011339382402937713 -0.029285890795917341 -0.0064012355829397615 -0.0032544726048248243 -0.061292675184654158 0.10156225596053718 -0.037834306988681919 0.0085084609377457394 0.064858844763337198 0.033358452798314293 0.081660122008928027 -0.019160299833593946 -0.047759659043479244 -0.056703967349398893
leaf_weight=554.2812834084034 10.702512845396994 188.88330352306366 106.97714108228683 57.306501567363739 33.794178828597069 7.440531611442565 193.02827493846416 172.66312605142593 10.026939377188681 118.98871491849422 6.9942322522401801 133.46485333144665 127.21328842639923 183.01678077876568
leaf_count=933 34 712 298 153 151 5 801 553 17 237 10 512 557 853
internal_value=-0.000351083 0.0244752 0.035437 0.0431596 -0.0302628 -0.0206808 -0.0177162 -0.00291701 -0.0327633 0.0145354 -0.0253243 -0.04157 -0.033117 -0.0529447
internal_weight=1904.78 1040.87 837.554 611.588 863.91 203.318 409.513 206.457 203.055 225.966 195.878 454.397 260.678 193.719
internal_count=5826 2348 1621 1086 3478 727 1522 704 818 535 722 1956 1069 887
is_linear=0
shrinkage=0.0657714


Tree=17
num_leaves=16
num_cat=0
split_feature=34 34 35 54 58 0 7 23 7 7 17 54 7 10 60
split_gain=81.4349 20.8284 13.9204 15.0682 12.1245 17.5989 12.9347 11.3578 10.5037 10.4483 9.98308 12.0764 11.7556 9.12691 4.19648
threshold=-0.22252093395631442 -0.56174490092936669 -0.87541649939570243 57030.907500000008 -1.8525e-05 47.105332710261699 -0.034145074754127029 -0.014866765142233338 0.0389019053901778 0.0013312102276198392 -6.5420351366668339e-05 54713.543500000007 0.004486407905167745 0.027285519717173894 0.00019534560503065015
decision_type=2 2 2 2 2 2 2 2 2 2 2 2 2 2 2
left_child=1 2 8 -4 5 14 7 -6 -1 -8 11 -3 -12 -7 -2
right_child=4 10 3 -5 6 13 9 -9 -10 -11 12 -13 -14 -15 -16
leaf_value=-0.040444516632254165 -0.046898152506135861 0.023046469271314679 -0.0069439550280161388 0.022737768804545106 0.042359318585491544 0.044894065189691704 0.0039062487620933916 -0.031918254197702972 0.030175308916977738 0.019493313137710803 -0.044053562501234649 -0.022196004116065229 -0.014735002821916381 -0.0061771261859731395 0.0011821377535953985
leaf_weight=68.291368067264557 38.261077895760536 33.880404993891716 379.62352745234966 91.89738754928112 108.03253354132175 26.803051397204399 325.76260627806187 9.7053850591182691 10.513595178723333 433.71031177043915 157.89559808373451 103.4545826613903 94.609399795532227 34.778711900115013 9.8807393312454206
leaf_count=168 100 81 1074 274 378 101 1116 32 44 1584 268 216 223 128 39
internal_value=0.000177698 -0.0136749 -0.00543552 -0.00115912 0.0133739 -0.00723844 0.0159521 0.0362365 -0.0310229 0.0128075 -0.0253062 -0.0110347 -0.0330684 0.0160513 -0.03703
internal_weight=1927.1 940.166 550.326 471.521 986.934 109.724 877.211 117.738 78.805 759.473 389.84 137.335 252.505 61.5818 48.1418
internal_count=5826 2348 1560 1348 3478 368 3110 410 212 2700 788 297 491 229 139
is_linear=0
shrinkage=0.0657714


Tree=18
num_leaves=15
num_cat=0
split_feature=33 34 31 33 31 53 52 23 4 0 4 30 49 23
split_gain=72.1658 21.1756 22.7364 20.8294 17.357 13.5695 11.2777 8.52306 10.2624 8.06273 7.37744 17.4482 6.83986 3.42247
threshold=-0.8783796973249266 -0.22252093395631442 -0.5 1.0000000180025095e-35 -1.0000000180025095e-35 22.500000000000004 -8.4049999999999983e-06 -0.094915164345481626 -0.00029992518393284756 47.635829666419461 0.00037042308139201291 0.0047565823218572133 0.00049436264210817797 0.030889406332236361
decision_type=2 2 2 2 2 2 2 2 2 2 2 2 2 2
left_child=4 2 3 -2 5 12 -4 -3 -9 -7 13 -12 -1 -6
right_child=1 7 6 -5 10 9 -8 8 -10 -11 11 -13 -14 -15
leaf_value=0.010399183292379348 -0.034400807504612156 -0.036017884322624337 -0.018999997917134106 0.0076671123967360063 -0.048373049239963349 -0.041183177396136604 0.01306657269989521 0.020485398330648771 0.0069293735190339755 -0.0029679191920360709 0.032201730056277245 -0.035869702304772565 0.10837832045916646 -0.012635454203125548
leaf_weight=6.1718342304229719 147.274368673563 15.542614728212355 57.729021474719048 77.818379253149033 132.79030507802963 32.440684333443642 266.33266957104206 441.84903632104397 532.98294167220592 90.53080652654171 20.412167057394981 80.640946999192238 6.1567862331867218 12.700854569673536
leaf_count=24 250 34 153 271 186 72 886 1598 1846 244 65 144 28 25
internal_value=0.000211256 0.00655939 -0.0037995 -0.0198572 -0.0253833 -0.0064542 0.00735417 0.0123033 0.0130737 -0.0130494 -0.0357713 -0.0221197 0.059329 -0.0452533
internal_weight=1921.37 1539.53 549.154 225.093 381.844 135.3 324.062 990.375 974.832 122.971 246.544 101.053 12.3286 145.491
internal_count=5826 5038 1560 521 788 368 1039 3478 3444 316 420 209 52 211
is_linear=0
shrinkage=0.0657714


Tree=19
num_leaves=15
num_cat=0
split_feature=33 31 33 33 31 7 6 71 44 13 0 21 20 20
split_gain=239.127 63.3756 88.2161 116.904 51.5255 32.038 28.011 20.2137 19.4429 15.6338 15.6096 16.1571 15.7469 4.40916
threshold=-0.8783796973249266 -0.5 -1.0000000180025095e-35 -0.60785761079279388 -0.5 0.12355352125512566 -0.029458582938934105 2784.3654499999961 0.87369452693883465 0.67932464249149749 49.861308401711128 16.428048482008307 12.021658530593028 14.444608447233014
decision_type=2 2 2 2 2 2 2 2 2 2 2 2 2 2
left_child=4 2 3 -2 7 6 -3 9 -4 -1 11 -6 -12 -9
right_child=1 5 8 -5 10 -7 -8 13 -10 -11 12 -13 -14 -15
leaf_value=0.00083495916348866068 -0.03549183168878825 0.057638282498799126 0.0071419158406939949 0.060120343113598623 0.018398205418431724 0.07189703418668654 -0.028010237961818469 0.021486254531216942 -0.032627338519592708 -0.070856390395075297 -0.025094379115147586 0.073506718376597016 0.04460909091726839 0.075563884610120521
leaf_weight=78.050450712442398 79.30644379556179 16.844418004155159 72.181366875767708 182.89894911646843 26.795425221323967 14.598798543214796 852.84232415258884 11.062994793057443 202.00109642744064 15.826695606112478 15.529935121536253 163.09971116483212 144.23850663006306 15.890405952930449
leaf_count=198 361 33 232 250 52 19 3346 24 797 59 43 156 237 19
internal_value=-0.000451105 -0.0139102 0.00392621 0.0312016 0.0401891 -0.0247294 -0.0263514 0.00316302 -0.0221577 -0.0112514 0.0529839 0.0657306 0.0378337 0.0533678
internal_weight=1891.17 1420.67 536.388 262.205 470.494 884.286 869.687 120.831 274.182 93.8771 349.664 189.895 159.768 26.9534
internal_count=5826 5038 1640 611 788 3398 3379 300 1029 257 488 208 280 43
is_linear=0
shrinkage=0.0657714


Tree=20
num_leaves=15
num_cat=0
split_feature=34 33 51 58 6 58 5 7 48 23 17 31 53 68
split_gain=70.7796 30.7394 20.17 20.285 14.5719 10.8975 16.2266 11.7542 10.7395 10.168 9.95985 8.25839 7.46048 4.23653
threshold=-0.22252093395631442 1.0000000180025095e-35 48149.980500000005 7.3725000000000003e-05 0.021377319077333982 -1.8525e-05 -0.0019536929915240915 -0.034145074754127029 48.387799858649252 -0.014866765142233338 0.00095519902832329228 0.25000000000000011 48.500000000000007 0.0036744521016550684
decision_type=2 2 2 2 2 2 2 2 2 2 2 2 2 2
left_child=1 2 3 -1 11 6 13 9 -4 -7 -9 -3 -8 -2
right_child=5 4 8 -5 -6 7 12 10 -10 -11 -12 -13 -14 -15
leaf_value=0.096409271408676472 -0.042308252441887621 0.024992712970944044 -0.031398241954943965 -0.027981852531525058 -0.050190827028480864 0.039848931726461423 0.028784322065359115 0.01054957724118632 -0.014680021649633291 -0.030723950527070387 0.053880145012492983 -0.0025110753535946754 -0.028309266484830876 0.010803222282393624
leaf_weight=12.800051197409632 43.171152397990227 118.8902412801981 276.01761446893215 10.182584658265112 16.546927884221077 109.13694739341736 45.934881806373596 739.70620554685593 417.84530422091484 9.6090216338634473 23.682309150695801 78.348360165953636 12.620993807911871 7.6478575319051734
leaf_count=47 122 420 535 22 38 378 170 2614 1017 32 86 269 49 27
internal_value=0.000232664 -0.0127947 -0.0193226 0.0412971 0.00909391 0.0124602 -0.00712194 0.0148882 -0.0213305 0.0341381 0.0118938 0.0140675 0.0164785 -0.0343154
internal_weight=1922.14 930.631 716.846 22.9826 213.786 991.509 109.375 882.134 693.863 118.746 763.389 197.239 58.5559 50.819
internal_count=5826 2348 1621 69 727 3478 368 3110 1552 410 2700 689 219 149
is_linear=0
shrinkage=0.0657714


Tree=21
num_leaves=14
num_cat=0
split_feature=33 34 31 33 31 53 52 28 23 4 52 10 10
split_gain=63.4206 19.0368 18.7905 18.6693 15.5293 12.2799 10.2229 7.87691 7.81275 9.12139 7.79138 6.02009 4.63356
threshold=-0.8783796973249266 -0.22252093395631442 -0.5 1.0000000180025095e-35 -1.0000000180025095e-35 22.500000000000004 -8.4049999999999983e-06 55.910908725152559 -0.094915164345481626 -0.00029992518393284756 9.7135000000000011e-05 0.036084587495884883 0.021030322011860232
decision_type=2 2 2 2 2 2 2 2 2 2 2 2 2
left_child=4 2 3 -2 5 11 -4 12 -3 -10 -7 -1 -6
right_child=1 8 6 -5 7 10 -8 -9 9 -11 -12 -13 -14
leaf_value=0.098422331578381567 -0.032633577209450003 -0.034961375947857747 -0.018811976109900656 0.0073733369443472006 -0.02341758182791975 -0.024630945583852148 0.01171219331752134 0.014351840518501474 0.019256415615463256 0.0065044391366502405 0.01026373802278909 0.0066897409893955147 -0.043581359091559711
leaf_weight=6.6967847645282728 143.01290385425091 15.371116563677786 57.64756478369236 77.966660693287849 72.847911193966866 79.855469420552254 268.67847229540348 13.671776473522185 444.55142413079739 534.27058072388172 42.365209355950356 5.7537458091974258 152.51204445958138
leaf_count=30 250 34 153 271 151 190 886 37 1598 1846 126 22 232
internal_value=0.000249336 0.00614234 -0.00370871 -0.0185182 -0.0240589 -0.00619647 0.00631991 -0.0341226 0.0115654 0.012296 -0.0125354 0.0560301 -0.0370634
internal_weight=1915.2 1541.5 547.306 220.98 373.703 134.671 326.326 239.032 994.193 978.822 122.221 12.4505 225.36
internal_count=5826 5038 1560 521 788 368 1039 420 3478 3444 316 52 383
is_linear=0
shrinkage=0.0657714


Tree=22
num_leaves=13
num_cat=0
split_feature=13 7 31 2 58 29 54 10 47 35 2 14
split_gain=131.276 33.6118 31.7707 23.012 25.1118 22.5453 22.3477 18.2312 14.2351 12.1155 18.2851 7.36379
threshold=0.56085445584915361 0.12355352125512566 -0.6830127018922193 40.528335369794313 3.4475000000000005e-05 -0.020233847308304461 48825.896000000008 0.030443135084636083 0.98928892150175107 -0.52672483497539258 31.56887646677934 0.0019075004761748349
decision_type=2 2 2 2 2 2 2 2 2 2 2 2
left_child=3 2 8 9 6 -4 -5 -6 -2 10 -1 -11
right_child=1 -3 5 4 7 -7 -8 -9 -10 11 -12 -13
leaf_value=-0.068300403994387554 0.0048152349150605289 0.0663073671519082 0.0072017573412606322 -0.066224921580051374 -0.01084744180560984 -0.026090100364494287 0.039244994207845108 0.02367330176389202 -0.044685755564920791 0.074283978310630161 0.035808645035057464 0.041636796921386582
leaf_weight=9.9342594742774946 341.74970096349716 22.480476558208466 100.15937180817127 9.1480891108512861 169.90174613893032 724.47293841838837 173.77956685423851 108.40680712461472 27.12540939450264 39.755616083741188 27.498833581805229 120.40104547142982
leaf_count=45 1039 31 313 38 525 2814 338 253 111 39 51 229
internal_value=-0.000558 -0.0133687 -0.0148694 0.0230865 0.0150411 -0.0220465 0.0339705 0.00259909 0.00117516 0.0418671 0.00817945 0.0497408
internal_weight=1874.81 1215.99 1193.51 658.826 461.236 824.632 182.928 278.309 368.875 197.59 37.4331 160.157
internal_count=5826 4308 4277 1518 1154 3127 376 778 1150 364 96 268
is_linear=0
shrinkage=0.0657714


Tree=23
num_leaves=15
num_cat=0
split_feature=34 33 51 55 6 70 1 6 53 0 33 55 48 3
split_gain=62.3491 26.9886 18.2257 16.321 13.2191 10.1208 9.94069 14.4928 13.9902 10.6688 13.33 10.607 9.88455 1.99007
threshold=-0.22252093395631442 1.0000000180025095e-35 48149.980500000005 7.4100000000000012e-05 0.021377319077333982 656.63173750000306 -0.00038217967306650212 -0.0082255211382969966 60.500000000000007 55.853422337618724 0.87837969732492682 -7.7499999999999986e-06 48.387799858649252 0.009799016478699225
decision_type=2 2 2 2 2 2 2 2 2 2 2 2 2 2
left_child=1 2 3 -1 5 -3 9 11 -9 10 -2 -8 -4 -11
right_child=6 4 12 -5 -6 -7 7 8 -10 13 -12 -13 -14 -15
leaf_value=0.088406854672563789 0.013893170444132772 0.0044212078368177027 -0.02997188617958781 -0.022462045800692502 -0.048931165369979573 0.038621093029926105 -0.027301707084099614 0.0065612613354398492 0.028282548204812054 -0.061923454762767428 -0.015813033687442222 0.059331197663996263 -0.01379216679452938 -0.022042784021126343
leaf_weight=12.896555989980699 237.85464182496071 148.45049753785133 269.97490280866623 10.356223151087759 16.094903558492661 50.052458614110947 6.984881028532981 400.80737343430519 188.6406075656414 10.800493448972704 90.096310704946518 49.015115305781364 413.52897296845913 10.850571513175963
leaf_count=46 896 501 535 23 38 188 31 1357 695 29 284 164 1017 22
internal_value=0.00029671 -0.012032 -0.0182348 0.0390285 0.00839649 0.0130447 0.0117123 0.0165505 0.0135127 0.00277996 0.00573213 0.0485255 -0.0201829 -0.041937
internal_weight=1916.4 921.355 706.757 23.2528 214.598 198.503 995.05 645.448 589.448 349.602 327.951 56 683.504 21.6511
internal_count=5826 2348 1621 69 727 689 3478 2247 2052 1231 1180 195 1552 51
is_linear=0
shrinkage=0.0657714


Tree=24
num_leaves=13
num_cat=0
split_feature=33 22 30 1 7 56 20 67 23 31 52 7
split_gain=58.0753 14.5753 20.5086 15.2094 12.92 14.1197 22.2568 12.248 11.3385 9.53305 9.75218 3.0717
threshold=-0.8783796973249266 18.736473114273441 0.0047565823218572133 -0.00052229798300829956 0.12355352125512566 49.500000000000007 10.406728450778413 -6398.1068109999969 -0.010825309324977215 -1.0000000180025095e-35 9.7135000000000011e-05 -0.004967075451852653
decision_type=2 2 2 2 2 2 2 2 2 2 2 2
left_child=1 2 3 -1 5 6 -2 -7 -4 10 -3 -11
right_child=4 9 8 -5 -6 7 -8 -9 -10 11 -12 -13
leaf_value=-0.040539578623454163 0.055402583911775306 -0.031305836946134577 0.042272201367857545 0.05091824066096353 -0.044635141243312755 0.060081424192172002 -0.001317310232680747 0.011896426507802909 -0.032296723401549203 -0.050511658613456294 0.017093733950881949 -0.031546030335782113
leaf_weight=10.159496039152144 31.095777601003647 52.657184228301048 9.910639822483061 34.840039134025574 21.580188885331154 23.624869838356972 796.37458442151546 669.83569568395615 80.223083704710007 90.504315063357353 27.369740784168243 62.420315623283386
leaf_count=19 126 125 38 140 33 94 2523 2262 148 116 79 123
internal_value=0.000296985 -0.0231771 -0.00599309 0.0302699 0.00589853 0.00661554 0.000814185 0.013538 -0.0240975 -0.0331454 -0.0147529 -0.0427703
internal_weight=1910.6 368.085 135.133 44.9995 1542.51 1520.93 827.47 693.461 90.1337 232.952 80.0269 152.925
internal_count=5826 788 345 159 5038 5005 2649 2356 186 443 204 239
is_linear=0
shrinkage=0.0657714


Tree=25
num_leaves=16
num_cat=0
split_feature=42 31 63 10 19 23 7 44 40 1 66 53 28 67 59
split_gain=75.5576 30.2894 27.242 36.0056 38.8636 24.066 24.0379 20.4547 21.5566 19.6386 16.554 14.1201 13.6403 13.5993 10.4702
threshold=0.57765272296828019 -0.6830127018922193 -1147.6639744999995 0.026340091870352553 0.017509857319259806 -0.011955813900309307 0.018315459608865384 0.59638184393970761 0.010580441286345834 -0.00095144324900330631 -1176.4164779999978 74.500000000000014 42.580742516850052 -1665.6923530000035 21.500000000000004
decision_type=2 2 2 2 2 2 2 2 2 2 2 2 2 2 2
left_child=2 10 5 6 -5 14 -4 9 -9 -3 12 -12 -2 -7 -1
right_child=1 7 3 4 -6 13 -8 8 -10 -11 11 -13 -14 -15 -16
leaf_value=0.0034605542466072132 -0.033941977394975176 0.030083493979086023 0.0013447001369158561 0.035739219655614003 -0.055875234457584057 -0.0059156980203111638 -0.048335927281109622 -0.028917515435647832 0.024261601558120835 -0.013726947861172326 -0.0088609836935261786 0.040229246828518625 0.033928366046708583 0.040958023521222381 0.065353240570058133
leaf_weight=13.485941082239149 14.739094778895376 60.895507156848907 183.1384920924902 201.95169220864773 22.235811620950699 62.696974992752075 54.718283042311668 504.51321494579315 35.279833495616913 162.03996555507183 280.39167332649231 27.865621909499168 97.855001866817474 46.732275009155273 95.922135904431343
leaf_count=35 53 159 532 409 92 183 219 2028 99 585 940 57 226 89 120
internal_value=-0.000661964 -0.0107043 0.0167947 0.00774076 0.0266525 0.035911 -0.0100842 -0.0185199 -0.0254418 -0.00175999 0.00346026 -0.00442336 0.0250438 0.0141019 0.0577242
internal_weight=1864.46 1183.58 680.882 462.044 224.188 218.837 237.857 762.729 539.793 222.935 420.851 308.257 112.594 109.429 109.408
internal_count=5826 4147 1679 1252 501 427 751 2871 2127 744 1276 997 279 272 155
is_linear=0
shrinkage=0.0657714


Tree=26
num_leaves=15
num_cat=0
split_feature=34 34 57 35 35 57 63 1 6 53 22 35 34 0
split_gain=57.6371 16.1616 13.0111 14.2094 12.1966 16.464 9.08383 8.65377 13.3488 12.6383 10.2346 9.99547 10.7115 4.83923
threshold=-0.22252093395631442 -0.56174490092936669 48763.570000000007 0.89585627460460382 -0.87541649939570243 56102.641000000011 -3350.4589805000028 -0.00038217967306650212 -0.0082255211382969966 60.500000000000007 25.384112832000501 0.6965175885077356 1.0000000180025095e-35 46.736826111943472
decision_type=2 2 2 2 2 2 2 2 2 2 2 2 2 2
left_child=1 4 3 -3 13 -6 -4 11 10 -10 -9 12 -2 -1
right_child=7 2 6 -5 5 -7 -8 8 9 -11 -12 -13 -14 -15
leaf_value=-0.033429576456383975 -0.014333750880279579 0.0937750360691611 -0.05107839538032833 -0.035089794216085692 -0.0066726522305263552 0.023773095378545515 -0.020482697984095143 0.058600986552745898 0.006263855149260515 0.026859152367881341 -0.017889922345374919 -0.061753192261103478 0.011980236677493506 0.029797621182028087
leaf_weight=70.499574467539787 91.750750288367271 8.5156087875366193 48.581405863165855 6.5475997030735007 369.74538172781467 96.988872706890106 308.8349689245224 47.349709093570709 401.46849392354488 189.84106156229973 9.0063249617815 10.033224955201147 247.26435200870037 5.6566689163446418
leaf_count=193 288 31 68 17 1054 294 672 162 1357 695 33 31 912 19
internal_value=0.000348724 -0.011567 -0.0221178 0.0377607 -0.00432808 -0.000345928 -0.0246414 0.011292 0.0157911 0.012876 0.0463769 0.00294392 0.00485864 -0.0287332
internal_weight=1912.08 915.37 372.48 15.0632 542.89 466.734 357.416 996.714 647.666 591.31 56.356 349.048 339.015 76.1562
internal_count=5826 2348 788 48 1560 1348 740 3478 2247 2052 195 1231 1200 212
is_linear=0
shrinkage=0.0657714


Tree=27
num_leaves=13
num_cat=0
split_feature=34 33 23 59 36 36 9 12 23 59 22 63
split_gain=54.5517 26.0574 12.2955 13.6154 12.0315 10.3469 8.79301 7.97601 7.03714 8.07242 10.6618 7.34816
threshold=-0.22252093395631442 1.0000000180025095e-35 0.045440976601128565 50.500000000000007 -1.0860808703195968 -1.4190393314468168 0.63036562118077288 0.0068077071479162614 -0.094915164345481626 9.5000000000000018 23.044139766191055 -2411.7314160000055
decision_type=2 2 2 2 2 2 2 2 2 2 2 2
left_child=1 2 6 -4 5 -3 -1 -6 -2 10 -10 -11
right_child=8 4 3 -5 7 -7 -8 -9 9 11 -12 -13
leaf_value=-0.024900054618294108 -0.033533976126767021 -4.4803189780695056e-05 0.085695974657039514 -0.0031356001680624126 -0.012732745012489787 0.045690647368138444 -0.0082115889593573996 0.027188582041744295 0.071981495222684849 0.027478177082495874 -0.033530681970489126 0.0087197057827734289
leaf_weight=451.6362384557724 15.141045108437536 35.987824738025665 9.5188898891210538 34.57473286986351 102.21748670935631 52.782468855381012 195.78304627537727 27.467087477445602 19.05803740024567 100.98775671422482 5.2935647368431082 856.39699898660183
leaf_count=962 34 119 44 97 306 205 518 97 79 383 15 2967
internal_value=0.000334728 -0.011309 -0.0175646 0.0160413 0.00849299 0.0271493 -0.0198534 -0.00427744 0.0109633 0.0116496 0.0490452 0.0106984
internal_weight=1906.85 909.968 691.513 44.0936 218.455 88.7703 647.419 129.685 996.877 981.736 24.3516 957.385
internal_count=5826 2348 1621 141 727 324 1480 403 3478 3444 94 3350
is_linear=0
shrinkage=0.0657714


Tree=28
num_leaves=14
num_cat=0
split_feature=33 31 33 33 31 6 6 66 44 9 10 14 21
split_gain=174.626 51.0406 73.1441 93.8016 42.0325 23.5601 20.3783 18.3639 17.8709 15.6463 21.6039 14.8737 11.9397
threshold=-0.8783796973249266 -0.5 -1.0000000180025095e-35 -0.60785761079279388 -0.5 -0.029458582938934105 0.02304297041643744 1063.9732374999994 0.87369452693883465 0.59122421541399517 0.021463128308757514 0.0017918518550250977 16.629866779393204
decision_type=2 2 2 2 2 2 2 2 2 2 2 2 2
left_child=4 2 3 -2 7 -3 -7 11 -4 12 -11 -1 -6
right_child=1 5 8 -5 9 6 -8 -9 -10 10 -12 -13 -14
leaf_value=0.035265007278168725 -0.033220420840831752 0.054026088309224986 0.0075195222530713215 0.053617139402987346 0.022385104587991873 -0.02644695628279093 0.019105435993222071 0.055277918445917222 -0.0308446246206023 -0.023626512472810886 0.042439507922890474 -0.025251910046046516 0.061477053431925027
leaf_weight=22.77074171602726 75.896865129470825 17.0794617831707 71.715135246515274 184.91493709385395 40.703479990363121 792.69799403846264 44.889078199863434 21.749412104487419 196.29560020565987 29.1795804053545 80.430955216288567 76.90339483320713 199.22512856125832
leaf_count=40 361 33 232 250 71 3248 117 30 797 86 122 230 209
internal_value=-0.00073333 -0.0125091 0.00355107 0.0283472 0.0338589 -0.0224463 -0.0240057 0.000521439 -0.020579 0.0454397 0.024852 -0.0114267 0.0548452
internal_weight=1854.45 1383.49 528.823 260.812 470.963 854.667 837.587 121.424 268.011 349.539 109.611 99.6741 239.929
internal_count=5826 5038 1640 611 788 3398 3365 300 1029 488 208 270 280
is_linear=0
shrinkage=0.0657714


Tree=29
num_leaves=14
num_cat=0
split_feature=34 33 35 6 44 70 36 1 21 22 27 12 3
split_gain=52.2074 24.2959 16.1017 12.222 11.3944 8.73491 8.49349 10.5075 11.3859 8.56925 6.80013 6.34543 3.10754
threshold=-0.22252093395631442 1.0000000180025095e-35 1.5925773446697482 0.021377319077333982 1.5299109195290888 656.63173750000306 -0.71409039090119941 0.0023587987969323015 21.968558917583668 30.311614389198215 -0.0012923761100134821 0.0060085018434878215 0.0069298811944309988
decision_type=2 2 2 2 2 2 2 2 2 2 2 2 2
left_child=1 2 4 5 -1 -3 7 8 -2 10 -8 -9 -11
right_child=6 3 -4 -5 -6 -7 9 11 -10 12 -12 -13 -14
leaf_value=-0.015558367246771398 0.011834946382894116 0.0046723351150936374 0.067962753856304778 -0.047700493259447724 -0.045600772411686419 0.036325115282778223 0.047633461192618326 -0.016230636951361496 -0.0050724761794042322 -0.059681403215916383 0.018626656935187825 0.056195909625523621 0.0080956208773216246
leaf_weight=625.15655592083931 540.60526464879513 148.13315717875957 9.5163817852735502 15.614849522709845 59.84078548848629 50.596214264631271 52.149703934788704 6.3876073360443106 252.90479391813278 6.6285035312175733 106.07555711269379 28.946209847927094 5.2394567728042603
leaf_count=1488 1901 501 35 38 98 188 189 21 843 20 380 103 21
internal_value=0.000378264 -0.0110284 -0.0170025 0.00832868 -0.0181828 0.0127311 0.0107563 0.00800894 0.00644627 0.0241439 0.0281871 0.0431027 -0.0297593
internal_weight=1907.8 908.858 694.514 214.344 684.997 198.729 998.937 828.844 793.51 170.093 158.225 35.3338 11.868
internal_count=5826 2348 1621 727 1586 689 3478 2868 2744 610 569 124 41
is_linear=0
shrinkage=0.0657714


Tree=30
num_leaves=14
num_cat=0
split_feature=34 33 23 59 36 55 29 44 8 4 8 63 30
split_gain=48.3003 23.1885 11.2087 11.8699 10.9046 10.0047 8.14323 7.85953 7.18263 8.56647 13.4953 10.4679 3.42677
threshold=-0.22252093395631442 1.0000000180025095e-35 0.045440976601128565 50.500000000000007 -1.0860808703195968 -1.0369999999999999e-05 -0.0025167124034853878 0.53833910836107324 -0.0077568707425113561 -0.00029992518393284756 0.0014788165209951301 -3966.0557705000051 0.0065951713442269381
decision_type=2 2 2 2 2 2 2 2 2 2 2 2 2
left_child=1 2 6 -4 5 -3 -1 -6 12 10 -10 -11 -2
right_child=8 4 3 -5 7 -7 -8 -9 9 11 -12 -13 -14
leaf_value=-0.027196082910579306 -0.063476099849979456 -0.024387665618959359 0.079281105777455285 -0.0028110898518157786 -0.029329294920163968 0.035296523710548089 -0.012238123397607064 0.0062078841686468243 0.013531307449167897 0.060793458358309974 0.048385528553812597 0.003964082248171962 -0.0059639381510095133
leaf_weight=283.26235313713551 7.8130236864089992 14.50282037258148 9.7872538864612562 34.398295700550079 38.146704986691475 74.872863933444023 354.46216318011284 91.491056069731712 389.64161106944084 14.407568976283072 54.816543936729431 522.994270414114 10.510825648903845
leaf_count=585 15 38 44 97 94 286 895 309 1368 61 218 1790 26
internal_value=0.000363484 -0.0106825 -0.0166625 0.0153726 0.00793655 0.0256117 -0.0188821 -0.00424915 0.0103132 0.0110747 0.01783 0.00548766 -0.0304863
internal_weight=1901.11 900.924 681.91 44.1855 219.013 89.3757 637.725 129.638 1000.18 981.86 444.458 537.402 18.3238
internal_count=5826 2348 1621 141 727 324 1480 403 3478 3437 1586 1851 41
is_linear=0
shrinkage=0.0657714


Tree=31
num_leaves=14
num_cat=0
split_feature=33 31 33 33 31 6 6 70 32 44 9 62 21
split_gain=154.401 46.8104 59.9492 98.9458 38.6561 20.8446 21.388 18.0574 18.5889 15.182 14.2337 20.8305 11.0965
threshold=-0.8783796973249266 -1.0000000180025095e-35 -1.0000000180025095e-35 -0.60785761079279388 -0.5 -0.029458582938934105 0.017453330213354826 984.8951375000014 -0.24999999999999997 0.98817465917210134 0.59122421541399517 -293.76945199999631 16.629866779393204
decision_type=2 2 2 2 2 2 2 2 2 2 2 2 2
left_child=4 2 3 -2 7 -3 -7 8 -1 -4 12 -12 -6
right_child=1 5 9 -5 10 6 -8 -9 -10 -11 11 -13 -14
leaf_value=0.027871110803423253 -0.034378582268093101 0.053760006970593827 -0.00082814862995667722 0.046919377207713872 0.020563546705531843 -0.028451718186040021 0.012436031639518629 0.050476365167621648 -0.033197321129361371 -0.029606074631664689 0.069249126936067079 0.0053859545484619175 0.058282203860242854
leaf_weight=32.282618835568428 93.277469366788864 14.841907888650892 130.57196381688118 211.8307266831398 40.670760735869408 653.80238170921803 60.459978565573692 24.294566184282303 64.93128490447998 201.96214298903942 30.663223847746849 79.057112291455269 197.99790206551552
leaf_count=63 457 28 455 319 71 2758 176 35 202 845 31 177 209
internal_value=-0.000822936 -0.0120046 0.00101119 0.022065 0.0317001 -0.0233876 -0.0249907 -0.000242706 -0.0129178 -0.0183062 0.0428409 0.0232336 0.0518547
internal_weight=1836.64 1366.75 637.642 305.108 469.897 729.104 714.262 121.508 97.2139 332.534 348.389 109.72 238.669
internal_count=5826 5038 2076 776 788 2962 2934 300 265 1300 488 208 280
is_linear=0
shrinkage=0.0657714


Tree=32
num_leaves=15
num_cat=0
split_feature=34 33 51 59 29 6 70 1 6 53 55 0 33 3
split_gain=45.989 21.4124 15.7353 14.8985 11.21 11.0854 7.8379 7.67812 11.8026 11.8328 9.39737 9.3925 11.2115 1.891
threshold=-0.22252093395631442 1.0000000180025095e-35 48149.980500000005 8.5000000000000018 0.028572785920634284 0.021377319077333982 656.63173750000306 -0.00038217967306650212 -0.0082255211382969966 60.500000000000007 -7.7499999999999986e-06 55.853422337618724 0.87837969732492682 0.009799016478699225
decision_type=2 2 2 2 2 2 2 2 2 2 2 2 2 2
left_child=1 2 3 -1 -4 6 -3 11 10 -10 -9 12 -2 -13
right_child=7 5 4 -5 -6 -7 -8 8 9 -11 -12 13 -14 -15
leaf_value=-0.02501238791813222 0.012415154178136567 0.0042307034518507518 -0.020074464287749977 0.081400774036106363 0.016003691955671671 -0.046482801799304301 0.034090859030949265 -0.028330643661622284 0.0052225014870473582 0.025081888008856461 0.05299416446410074 -0.059966638649699804 -0.014882072161829909 -0.02068510945416821
leaf_weight=9.7722928225994128 239.72298607230186 148.53555178642273 622.19166301190853 13.629314243793486 39.628278970718384 15.149160251021383 51.1119634360075 7.0108468085527411 403.70001995563507 191.28169570863247 49.860917091369629 10.51174706220627 89.346710592508316 10.695309564471243
leaf_count=22 896 501 1427 47 125 38 188 31 1357 695 164 29 284 22
internal_value=0.000431312 -0.0103601 -0.01604 0.0369636 -0.0179142 0.00775936 0.0118752 0.0101231 0.0143433 0.0116071 0.0429689 0.00226948 0.0050036 -0.0401559
internal_weight=1902.15 900.018 685.222 23.4016 661.82 214.797 199.648 1002.13 651.853 594.982 56.8718 350.277 329.07 21.2071
internal_count=5826 2348 1621 69 1552 727 689 3478 2247 2052 195 1231 1180 51
is_linear=0
shrinkage=0.0657714


Tree=33
num_leaves=15
num_cat=0
split_feature=13 66 66 8 52 31 10 50 45 6 71 12 57 66
split_gain=22.0181 11.2468 14.9873 10.7471 9.48882 9.36374 8.58331 10.7846 8.24854 8.15226 7.70186 7.56981 5.10614 4.69887
threshold=0.56085445584915361 604.20477950000588 -85.625551999997256 -0.00077316008023120542 9.9980000000000015e-05 -1.0000000180025095e-35 0.025248017581444748 0.79704126175059975 46.078633099919507 0.00088786822113717811 -3893.4421100000013 0.0040663047129031382 64484.470000000008 429.36699800000292
decision_type=2 2 2 2 2 2 2 2 2 2 2 2 2 2
left_child=3 2 5 4 13 -2 7 -3 -5 -4 -10 -6 -8 -1
right_child=1 6 9 8 11 -7 12 -9 10 -11 -12 -13 -14 -15
leaf_value=-0.037564769899006402 -0.0056662715221786298 -0.0034246805305146893 0.031853256814141834 0.063699300075885174 0.019666999701420072 0.010759609941187218 -0.0086864014472416845 0.035331780548341032 0.048203884936144845 0.011190588237292586 -0.0064915415507806953 -0.020069030317099886 -0.038215585940463329 -0.0050731112274785229
leaf_weight=116.04885095357895 294.04483932256699 107.53397080302238 144.53020948171616 7.817041501402854 34.125611290335655 306.74081413447857 203.04484170675278 43.673362150788307 11.528121531009672 192.76720456779003 328.23895604908466 52.869163438677788 28.942461043596268 23.084094166755676
leaf_count=235 863 339 562 34 105 1030 617 169 44 654 910 124 74 66
internal_value=0.000399336 0.00507101 0.00894932 -0.0103597 -0.0215203 0.00272023 -0.00442332 0.00776939 -0.00309892 0.0200444 -0.00463575 -0.0044817 -0.0123704 -0.032174
internal_weight=1894.99 1321.28 938.083 573.712 226.128 600.786 383.195 151.207 347.584 337.297 339.767 86.9948 231.987 139.133
internal_count=5826 4308 3109 1518 530 1893 1199 508 988 1216 954 229 691 301
is_linear=0
shrinkage=0.0657714


Tree=34
num_leaves=16
num_cat=0
split_feature=34 33 33 29 49 56 3 30 17 49 44 28 3 0 44
split_gain=178.671 61.7226 26.4247 22.352 23.6329 20.4955 25.7088 22.812 20.3463 14.8473 11.6801 10.8676 12.9624 10.6413 7.84917
threshold=-0.22252093395631442 1.0000000180025095e-35 0.6078576107927941 0.027203945276390366 -0.0024812891098232831 51.500000000000007 0.0078726052660535971 0.0072767210628033293 -3.8401884920575992e-05 0.0017826466900528238 0.98108572830166862 49.43504573661118 0.0049104760358104731 30.503675344816653 0.34672196290438773
decision_type=2 2 2 2 2 2 2 2 2 2 2 2 2 2 2
left_child=1 3 11 4 -1 6 -4 -7 14 -10 -5 13 -13 -2 -3
right_child=2 8 5 10 -6 7 -8 -9 9 -11 -12 12 -14 -15 -16
leaf_value=-0.047350665114146546 0.016237051274064777 0.026005635247247229 0.033280523737054743 -0.044804948636346445 0.029224990791842438 -0.046212916962639732 -0.014593873523410395 0.0091390160645176931 -0.0079221368782450199 0.069882984439864113 0.018609484244466869 0.0063545953968727718 -0.034168989298459997 -0.052943219585550989 -0.051937810827140857
leaf_weight=17.837736859917641 10.22978653013706 6.1309253871440879 71.433630764484406 29.029530748724937 771.24696700274944 111.79625174403191 151.29181645810604 45.24313697218895 110.67962123453617 11.734636917710302 22.152233898639679 41.457197397947311 193.63099721074104 160.9386579990387 63.23616860806942
leaf_count=62 34 21 223 100 1412 539 601 159 398 24 47 163 906 853 284
internal_value=-0.00091626 0.0170777 -0.0245423 0.0247619 0.027494 -0.0120694 0.000760645 -0.030266 -0.0165901 -0.000463734 -0.0173582 -0.0362018 -0.0270228 -0.0488087 -0.0450489
internal_weight=1818.07 1032.05 786.021 840.266 789.085 379.765 222.725 157.039 191.781 122.414 51.1818 406.257 235.088 171.168 69.3671
internal_count=5826 2348 3478 1621 1474 1522 824 698 727 422 147 1956 1069 887 305
is_linear=0
shrinkage=0.0657714


Tree=35
num_leaves=16
num_cat=0
split_feature=34 13 3 30 56 53 58 22 21 59 1 29 22 60 58
split_gain=40.3768 15.4777 11.4213 11.8435 10.6435 11.7268 8.86502 15.286 9.45025 16.5178 11.5549 6.99065 5.0397 3.36246 2.37592
threshold=-0.22252093395631442 0.36790518597295369 0.0044986715458583881 0.0044214494639675537 63.500000000000007 69.500000000000014 -1.8525e-05 21.00273469189931 21.731804151112758 60.500000000000007 3.0988485156686962e-05 0.017739318678842712 16.524956966189603 0.0016129846898519375 6.9280000000000014e-05
decision_type=2 2 2 2 2 2 2 2 2 2 2 2 2 2 2
left_child=1 4 14 -4 12 -6 7 11 10 -10 -8 -2 -1 -9 -3
right_child=6 2 3 -5 5 -7 8 13 9 -11 -12 -13 -14 -15 -16
leaf_value=0.0099662885570606027 0.023467508415274962 -0.02132951593725569 0.01405380051181819 -0.0078244853267377019 0.048300501963994991 -0.024471180676624269 0.009616116410657724 -0.046690301252381383 -0.0074006512673852384 0.02426148172016521 0.029042779000370889 -0.030004976154622311 -0.03881691717922138 -0.0024732916246517941 -0.058413970514774309
leaf_weight=9.8492935299873334 51.164352387189865 12.201170086860659 133.22699002921581 544.44372925162315 15.282117754220961 25.669416502118111 357.60776241123676 35.744777336716652 221.81331969797611 105.0241052955389 210.35693095624447 13.332108587026594 131.06740619242191 9.3950614929199201 19.287302196025848
leaf_count=31 181 25 430 1473 44 59 1278 103 717 377 738 47 250 37 36
internal_value=0.000479611 -0.00971243 -0.00532256 -0.00352331 -0.0268299 0.00268544 0.00952087 -0.00813144 0.0116837 0.00277348 0.0168112 0.0124142 -0.0354072 -0.0374873 -0.0440445
internal_weight=1895.47 891.027 709.159 677.671 181.868 40.9515 1004.44 109.636 894.802 326.837 567.965 64.4965 140.917 45.1398 31.4885
internal_count=5826 2348 1964 1903 384 103 3478 368 3110 1094 2016 228 281 140 61
is_linear=0
shrinkage=0.0657714


Tree=36
num_leaves=16
num_cat=0
split_feature=34 34 31 31 10 53 52 20 54 7 51 68 13 10 64
split_gain=39.2722 12.9662 12.937 12.1679 12.0998 11.2283 8.68229 6.57513 9.85474 9.62112 12.5592 8.79785 7.44334 6.23471 1.81651
threshold=-0.22252093395631442 -0.56174490092936669 -0.5 -1.0000000180025095e-35 0.063248417387986713 22.500000000000004 -8.4049999999999983e-06 12.380868647469763 67678.004500000025 0.022307772498188053 59696.12950000001 -0.0024215242381025455 1.0806745709031913 0.021030322011860232 0.0030235702281610215
decision_type=2 2 2 2 2 2 2 2 2 2 2 2 2 2 2
left_child=1 2 4 5 -1 -3 -4 8 12 11 -11 -9 -2 -5 -10
right_child=7 3 6 13 -6 -7 -8 9 14 10 -12 -13 -14 -15 -16
leaf_value=-0.019634995139604976 0.039239861974290059 0.055975876323968436 -0.018372433096778988 -0.013230729089417921 0.051332415597499549 -0.0099785710244256354 0.0098011037943509498 0.02083769314737299 -0.060069797411337236 0.011990147471611137 0.054012159919003912 -0.00047192953128052337 0.0069884147773086897 -0.037033387577397436 -0.0077598886032903451
leaf_weight=200.82342891395092 84.12211386859417 12.329612195491789 57.31967805325985 70.984606593847275 10.96004009246826 118.31504447758198 271.1757435798645 99.652872681617737 6.2269936203956586 196.52277098596096 36.477411568164825 527.19252516329288 48.979842036962509 144.52352753281593 5.3296123892068863
leaf_count=479 329 52 153 166 42 316 886 365 21 692 151 1726 174 254 20
internal_value=0.000436001 -0.00965407 -0.0032869 -0.019592 -0.0159623 -0.00375411 0.00488506 0.00934005 0.0223134 0.00715745 0.0185689 0.00291577 0.0273717 -0.0291932 -0.0359458
internal_weight=1890.94 886.432 540.279 346.153 211.783 130.645 328.495 1004.5 144.659 859.846 233 626.845 133.102 215.508 11.5566
internal_count=5826 2348 1560 788 521 368 1039 3478 544 2934 843 2091 503 420 41
is_linear=0
shrinkage=0.0657714


Tree=37
num_leaves=16
num_cat=0
split_feature=34 33 33 29 49 7 36 58 17 49 4 28 22 0 42
split_gain=160.068 55.7796 25.009 20.1655 21.5606 19.6509 30.6929 26.5864 19.0588 13.176 11.0958 10.6536 13.3966 10.2157 7.48611
threshold=-0.22252093395631442 1.0000000180025095e-35 0.6078576107927941 0.027203945276390366 -0.0024812891098232831 -0.0034178693162684732 -1.4004149827484691 -6.9919999999999995e-05 -3.8401884920575992e-05 0.0017826466900528238 0.012547203121599739 49.43504573661118 25.880648094791265 30.503675344816653 0.3620055034581004
decision_type=2 2 2 2 2 2 2 2 2 2 2 2 2 2 2
left_child=1 3 11 4 -1 6 -4 -7 14 -10 -5 13 -13 -2 -3
right_child=2 8 5 10 -6 7 -8 -9 9 -11 -12 12 -14 -15 -16
leaf_value=-0.045911204057255427 0.015630417392376496 0.024846435818438591 -0.057730278901681018 -0.036556759309168393 0.027525637485238265 0.081201284529172107 0.014509072102525953 -0.032652575138651822 -0.0077544155606982983 0.064717162819704563 0.030893623668424415 -0.028659063678680097 0.068296889469710201 -0.052070764509851895 -0.050978401908030414
leaf_weight=17.691059485077858 10.280281156301497 6.1977452039718619 30.160402372479439 36.038957387208939 771.48052445054054 9.3483383208513242 162.65816150605679 174.24353851377964 110.46534572541714 12.034631878137587 14.91719415783882 224.39797376096249 6.3389437943696967 155.18625215440989 61.76714813709259
leaf_count=62 34 21 151 118 1412 21 553 797 398 24 29 1051 18 853 284
internal_value=-0.00096247 0.0160045 -0.0235948 0.0232901 0.0258794 -0.0114544 0.0032095 -0.0268552 -0.0161318 -0.000634669 -0.0168109 -0.0351286 -0.0259954 -0.0478646 -0.0440639
internal_weight=1803.21 1030.59 772.614 840.128 789.172 376.41 192.819 183.592 190.465 122.5 50.9562 396.203 230.737 165.467 67.9649
internal_count=5826 2348 3478 1621 1474 1522 704 818 727 422 147 1956 1069 887 305
is_linear=0
shrinkage=0.0657714


Tree=38
num_leaves=16
num_cat=0
split_feature=34 7 47 35 13 56 62 58 28 7 23 36 6 47 30
split_gain=34.3576 18.7034 14.0949 13.962 10.325 10.5273 9.63255 8.0005 13.4749 9.76779 9.28434 8.74506 8.06919 5.94979 2.49783
threshold=-0.22252093395631442 -0.051206554124918972 0.27494565352021283 0.2121920662772209 0.36790518597295369 63.500000000000007 688.06381449999901 -1.8525e-05 52.073579381600823 -0.034145074754127029 -0.014866765142233338 -0.84691841291080039 0.0060628176143774368 0.45633579327258483 0.0081953859523137395
decision_type=2 2 2 2 2 2 2 2 2 2 2 2 2 2 2
left_child=1 2 14 -4 5 -3 -6 8 13 10 -9 -11 -10 -2 -1
right_child=7 4 3 -5 6 -7 -8 9 12 11 -12 -13 -14 -15 -16
leaf_value=0.12232932966921982 -0.038079669446614332 -0.035260994015465334 -0.028680872958611301 0.041487374397647485 -0.01273240578275885 0.0030974898884487964 0.0052478948389516186 0.033635041701019351 0.065003343247149778 0.0038099031281754051 -0.033193031920016165 0.019408066631218131 0.00044003067214572417 0.00066545959520207521 0.06151646434222529
leaf_weight=5.662882596254347 47.052959203720093 129.02929013967514 21.839901700615883 27.986376017332077 474.40648935735226 40.717359662055969 176.97161412239075 111.05688697099686 13.658883199095724 562.30601599812508 9.7854426056146604 214.91112311184406 21.642617851495743 26.973874658346176 6.036077156662941
leaf_count=20 136 262 50 95 1296 103 498 378 47 1913 32 787 83 102 24
internal_value=0.000482045 -0.0089916 0.0259852 0.0107312 -0.0116123 -0.0260599 -0.00784737 0.00878264 -0.00801635 0.0108277 0.0282235 0.00812301 0.0254209 -0.0239617 0.0909529
internal_weight=1890.04 882.65 61.5252 49.8263 821.125 169.747 651.378 1007.39 109.328 898.059 120.842 777.217 35.3015 74.0268 11.699
internal_count=5826 2348 189 145 2159 365 1794 3478 368 3110 410 2700 130 238 44
is_linear=0
shrinkage=0.0657714


Tree=39
num_leaves=13
num_cat=0
split_feature=33 23 31 34 31 33 53 48 21 22 23 56
split_gain=34.6497 13.2291 12.4113 11.3275 11.7906 12.7795 10.8756 8.45055 8.43045 7.63142 6.63432 7.00717
threshold=-0.8783796973249266 0.048199842815425782 -1.0000000180025095e-35 -0.22252093395631442 -0.5 1.0000000180025095e-35 22.500000000000004 38.564777293459464 21.968558917583668 18.326807113677368 0.13756897765019163 49.500000000000007
decision_type=2 2 2 2 2 2 2 2 2 2 2 2
left_child=1 2 6 4 5 -2 -1 -6 -3 -4 11 -5
right_child=3 8 9 10 7 -7 -8 -9 -10 -11 -12 -13
leaf_value=0.05355307651855603 -0.027828878698125038 0.10453550487412509 -0.012768805970027003 0.0041262604850735062 0.078062852897171173 0.0057252719924238337 -0.011222081326826455 0.0032046722425128045 -0.0069658070703956278 -0.040055564731500758 -0.043851407145998687 0.01517818582794443
leaf_weight=12.432227507233618 130.93279148638248 6.0042480826377851 65.866111606359482 529.05028709769249 6.6584152728319159 78.564383462071419 114.30022253096104 321.92246682941914 5.7353319823741913 135.65282282233238 10.259308263659475 467.42107072472572
leaf_count=52 250 30 155 1780 29 271 303 1010 13 235 20 1678
internal_value=0.000467615 -0.0185413 -0.0209948 0.00465122 -0.00305249 -0.0152456 -0.00486775 0.00472161 0.0500619 -0.0311369 0.0087687 0.00931046
internal_weight=1884.8 339.991 328.251 1544.81 538.078 209.497 126.732 328.581 11.7396 201.519 1006.73 996.471
internal_count=5826 788 745 5038 1560 521 355 1039 43 390 3478 3458
is_linear=0
shrinkage=0.0657714


Tree=40
num_leaves=15
num_cat=0
split_feature=34 33 33 6 7 9 58 7 8 5 17 28 63 22
split_gain=141.698 49.954 23.7543 18.6381 18.2085 24.3896 23.8068 18.1 21.0159 17.9013 13.2735 10.5577 13.228 9.71873
threshold=-0.22252093395631442 1.0000000180025095e-35 0.6078576107927941 0.02304297041643744 -0.0034178693162684732 0.85725424790923233 -6.9919999999999995e-05 0.045326433804203321 0.0060491053605846732 0.0019103103134926471 -3.8401884920575992e-05 49.43504573661118 344.14998749999842 34.077229021827527
decision_type=2 2 2 2 2 2 2 2 2 2 2 2 2 2
left_child=1 7 11 10 5 -4 -6 9 -9 -1 -3 13 -13 -2
right_child=2 3 4 -5 6 -7 -8 8 -10 -11 -12 12 -14 -15
leaf_value=0.031418509059970394 -0.051322690884578435 -0.046242432108692201 -0.0059660036526938045 0.046243386996033302 0.074456879071372772 0.062411928500810898 -0.031484281336726455 -0.033274308869443908 0.063648602423513445 0.010242155505412461 -0.0083121071741596095 -0.0095682552449074792 -0.041407609812023793 0.013466562129555446
leaf_weight=521.81816384196281 149.18504286557436 63.906904026865959 166.22147740423679 18.9287348985672 9.6978375911712629 26.110219940543175 170.47158454358578 46.998076602816582 12.187144875526426 258.09785544872284 106.28740890324116 117.28490975499153 108.81985358893871 10.736399829387663
leaf_count=873 848 298 637 34 21 67 797 145 14 589 395 512 557 39
internal_value=-0.00104135 0.0148671 -0.0226061 -0.0156689 -0.0107575 0.00331672 -0.0257819 0.0217496 -0.0133164 0.0244106 -0.0225547 -0.0340396 -0.0248919 -0.046973
internal_weight=1786.75 1028.22 758.527 189.123 372.501 192.332 180.169 839.101 59.1852 779.916 170.194 386.026 226.105 159.921
internal_count=5826 2348 3478 727 1522 704 818 1621 159 1462 693 1956 1069 887
is_linear=0
shrinkage=0.0657714


Tree=41
num_leaves=11
num_cat=0
split_feature=33 57 35 29 3 23 62 13 7 58
split_gain=30.7753 11.3204 12.5757 10.3354 9.88127 17.1386 11.7943 9.01035 9.01794 6.5371
threshold=-0.8783796973249266 48763.570000000007 0.89585627460460382 0.070863757414571085 0.013328108783394346 -0.046936366263246369 -171.93441749999741 0.97846695335198908 0.049833518305116405 6.170500000000002e-05
decision_type=2 2 2 2 2 2 2 2 2 2
left_child=1 2 -1 4 6 -6 -2 8 -3 -9
right_child=3 7 -4 -5 5 -7 -8 9 -10 -11
leaf_value=0.090286003637294124 -0.0011872074806957844 -0.02433635468355624 -0.032445991193309667 0.087124090433338255 0.019584818020182384 -0.021154827757439525 0.011455437935817488 -0.0061009845213747397 0.030168258563511192 0.08755127535769569
leaf_weight=8.6354646533727628 541.09693329036236 303.29247841238976 6.2077189683914176 6.5213534682989112 63.691629573702812 149.57096707820892 778.39661240577698 7.6341808289289457 13.725781947374342 5.5814624577760696
leaf_count=31 1760 644 17 22 209 437 2610 28 44 24
internal_value=0.000519685 -0.0172327 0.038957 0.00449944 0.0041479 -0.00898779 0.00627095 -0.0197583 -0.0219765 0.0334519
internal_weight=1884.35 345.077 14.8432 1539.28 1532.76 213.263 1319.49 330.234 317.018 13.2156
internal_count=5826 788 48 5038 5016 646 4370 740 688 52
is_linear=0
shrinkage=0.0657714


Tree=42
num_leaves=16
num_cat=0
split_feature=33 22 30 1 10 34 31 33 35 31 52 8 4 30 2
split_gain=30.722 12.485 17.625 12.7121 9.80603 9.50906 10.7724 11.373 7.91542 7.78993 8.47009 6.27981 7.06325 3.12412 3.11717
threshold=-0.8783796973249266 18.736473114273441 0.0047565823218572133 -0.00052229798300829956 0.042363577318604712 -0.22252093395631442 -0.5 1.0000000180025095e-35 -0.22576160512074558 -1.0000000180025095e-35 9.7135000000000011e-05 -0.0077568707425113561 -0.00029992518393284756 0.0065951713442269381 43.774156627801666
decision_type=2 2 2 2 2 2 2 2 2 2 2 2 2 2 2
left_child=1 2 3 -1 -4 6 7 -2 -8 10 -3 13 -13 -7 -11
right_child=5 9 4 -5 -6 11 8 -9 -10 14 -12 12 -14 -15 -16
leaf_value=-0.03611431282581283 -0.026569312229519675 -0.027062528440565534 -0.028499807797837812 0.050542972851881786 0.035616515360375307 -0.062037148856539215 0.019364212156659889 0.0051993488070900973 -0.0024025292411474744 -0.047062600993629522 0.018847606393251736 0.014959110143742557 0.0038065924525410642 -0.0068881005408496692 -0.026749172092866407
leaf_weight=9.2786712944507581 127.81006424129009 49.125623568892479 71.075307056307793 34.741308361291885 12.071336939930914 7.6707662940025356 107.39506269991398 78.802704438567162 220.96984350681305 67.902880311012268 26.904217585921288 449.4151546806097 541.8377790004015 10.561592906713484 62.996611535549164
leaf_count=19 250 125 140 140 46 15 367 271 672 102 79 1586 1851 26 137
internal_value=0.000490473 -0.0175939 -0.00137503 0.0322771 -0.0191913 0.00440245 -0.00268678 -0.0144527 0.0047165 -0.027561 -0.0108166 0.00815939 0.00886293 -0.0300906 -0.0372866
internal_weight=1878.56 334.096 127.167 44.02 83.1466 1544.46 534.978 206.613 328.365 206.929 76.0298 1009.49 991.253 18.2324 130.899
internal_count=5826 788 345 159 186 5038 1560 521 1039 443 204 3478 3437 41 239
is_linear=0
shrinkage=0.0657714


Tree=43
num_leaves=16
num_cat=0
split_feature=34 33 33 35 17 59 10 3 46 22 44 29 67 58 44
split_gain=126.034 43.8767 22.6075 19.8835 17.1324 16.5221 30.902 20.5081 16.1636 13.5015 12.7386 10.7541 12.9286 9.4802 7.65785
threshold=-0.22252093395631442 1.0000000180025095e-35 0.6078576107927941 0.37853918245319451 -3.8401884920575992e-05 51.500000000000007 0.021030322011860232 0.014742380592843423 -0.0024666363819153812 21.191006709020893 0.56310049848572918 0.0019443846970145231 1.0000000180025095e-35 -0.00013684499999999997 0.33211465026788384
decision_type=2 2 2 2 2 2 2 2 2 2 2 2 2 2 2
left_child=1 3 11 8 14 6 -4 -7 -1 -5 -6 13 -13 -2 -3
right_child=2 4 5 9 10 7 -8 -9 -10 -11 -12 12 -14 -15 -16
leaf_value=-0.029828577160128655 0.045540817009819927 0.029220005759403159 0.043330302703005801 -0.0034591938384980966 0.02955635053691268 -0.033735329337721248 -0.013108466458375594 0.063745546615938092 0.028521760548957421 0.039637037721950576 -0.015500451393299426 -0.0011297086435861081 -0.036270982912158245 -0.046489389345520014 -0.049309401121526743
leaf_weight=21.279313281178474 4.9725752025842658 5.9077194184064856 56.299205631017685 189.55970953404903 40.837940648198128 137.91615226864815 164.84942710399628 10.013838842511175 588.26374034583569 37.701261356472969 80.948758006095886 76.827985912561417 110.3206552490592 184.48030136525631 59.210370689630508
leaf_count=66 14 20 161 479 111 674 666 21 1020 56 311 339 579 1024 285
internal_value=-0.00112266 0.0138589 -0.0216902 0.0202942 -0.0149527 -0.0101219 0.00125951 -0.0271365 0.0264847 0.00369022 -0.000391847 -0.0330274 -0.0218448 -0.0440739 -0.042185
internal_weight=1769.39 1023.71 745.68 836.804 186.905 369.079 221.149 147.93 609.543 227.261 121.787 376.602 187.149 189.453 65.1181
internal_count=5826 2348 3478 1621 727 1522 827 695 1086 535 422 1956 918 1038 305
is_linear=0
shrinkage=0.0657714


Tree=44
num_leaves=16
num_cat=0
split_feature=33 21 63 21 9 6 34 51 27 67 23 53 49 45 18
split_gain=27.1924 11.1824 21.3014 10.493 9.68383 17.0918 13.3247 10.558 9.82853 9.26826 7.83019 7.65839 12.3989 8.99011 5.15773
threshold=-0.8783796973249266 16.629866779393204 -1147.6639744999995 16.163587055617182 0.29450304262403598 -0.007214408693189899 1.0000000180025095e-35 65378.601500000012 0.0032784098703886326 911.07493449999936 -0.019059450328510582 19.500000000000004 0.00080547291023465675 50.041977956198089 -0.0019917208858823972
decision_type=2 2 2 2 2 2 2 2 2 2 2 2 2 2 2
left_child=1 2 14 -4 6 8 10 -7 -6 -8 -2 12 -3 -13 -1
right_child=4 11 3 -5 5 7 9 -9 -10 -11 -12 13 -14 -15 -16
leaf_value=0.012200135001831799 -0.00044674894664253531 0.087843754541584898 0.094867776003198664 0.0079019772463873646 0.049791284547260894 0.0034151903860438378 0.012676977468635758 0.03004917826052567 -0.0023077639041455744 -0.034817739896845057 -0.026044623877706844 -0.037340776542921603 -0.02486710284981691 -0.013256196214115527 -0.049236727367810817
leaf_weight=8.8946574181318301 86.800733968615532 7.1057055145502117 13.628221750259401 10.724806368350981 60.813440561294556 975.86972717940807 178.69867019355297 68.932473212480545 21.098402664065361 19.736933261156082 127.81111125648022 121.09429124742746 10.403709113597868 150.20581185817719 17.623002409934998
leaf_count=22 253 26 47 25 201 3194 661 227 62 76 364 224 27 382 35
internal_value=0.000566679 -0.016277 0.0121572 0.056569 0.0042825 0.00744061 -0.00433221 0.00517241 0.0363719 0.00795303 -0.0156914 -0.0212854 0.0208734 -0.0240063 -0.0286293
internal_weight=1879.44 339.68 50.8707 24.353 1539.76 1126.71 413.047 1044.8 81.9118 198.436 214.612 288.81 17.5094 271.3 26.5177
internal_count=5826 788 129 72 5038 3684 1354 3421 263 737 617 659 53 606 57
is_linear=0
shrinkage=0.0657714


Tree=45
num_leaves=14
num_cat=0
split_feature=33 23 30 6 56 67 30 17 67 60 30 46 59
split_gain=27.1663 12.1158 11.49 15.0441 8.29302 10.9385 15.6067 10.8896 8.77397 8.03413 7.61665 7.52339 6.28335
threshold=-0.8783796973249266 0.048199842815425782 0.0052810389383629594 0.0064902610850150486 49.500000000000007 -6398.1068109999969 0.0069861529861650869 -0.00052370714587831864 -821.67213399999957 0.0013393738094584775 0.0055608551121594735 0.0013082638827739571 32.500000000000007
decision_type=2 2 2 2 2 2 2 2 2 2 2 2 2
left_child=1 2 3 -1 8 7 -7 -6 9 -2 -3 -10 -4
right_child=4 10 12 -5 5 6 -8 -9 11 -11 -12 -13 -14
leaf_value=-0.013635918950871231 -0.017082617430086596 0.0042982240048529763 -0.016599802297678393 0.051782663134472523 -0.012747715798524725 0.012922166533563749 -0.011257643197673237 0.082470091957518254 0.0088113871829333858 0.010719412462161192 0.11159349754583847 -0.0080026520508966366 -0.04311419734236123
leaf_weight=141.82108326256275 192.37471202015877 6.9011552184820157 67.957595810294151 17.033159628510475 7.5488115698099163 547.3849490582943 146.34438183903694 16.668395057320595 415.57381352782249 58.678170695900917 4.8900443017482758 159.22463503479958 89.693114310503006
leaf_count=354 554 21 169 64 21 1904 391 73 1398 203 22 494 158
internal_value=0.000514401 -0.0166667 -0.0191054 -0.00662141 0.00416804 0.00933819 0.00782136 0.0527895 -0.000326579 -0.0105845 0.0487957 0.00415374 -0.0316848
internal_weight=1872.09 328.296 316.505 158.854 1543.8 717.947 693.729 24.2172 825.851 251.053 11.7912 574.798 157.651
internal_count=5826 788 745 418 5038 2389 2295 94 2649 757 43 1892 327
is_linear=0
shrinkage=0.0657714


Tree=46
num_leaves=15
num_cat=0
split_feature=34 13 58 35 8 29 59 3 42 29 54 28 64 20
split_gain=111.9 27.1778 17.3604 30.6596 19.5922 21.5686 16.8126 19.2008 13.9196 12.9702 10.4992 8.10756 6.36329 0.00657639
threshold=-0.22252093395631442 0.56085445584915361 -6.9919999999999995e-05 0.053124253249172991 -0.0077568707425113561 0.002300994570250237 62.500000000000007 0.0066173835015065135 1.7821205898693868 0.031085695334844291 48597.03100000001 45.232504531844519 1.0000000180025095e-35 14.159559285022775
decision_type=2 2 2 2 2 2 2 2 2 2 2 2 2 2
left_child=1 9 3 11 -4 -6 8 -8 -3 10 -1 -2 -11 -5
right_child=2 6 4 13 5 -7 7 -9 -10 12 -12 -13 -14 -15
leaf_value=-0.026505065759184532 0.019443467326783842 -0.010878931865537298 0.04808909473531299 -0.055507411455027869 -0.036778093904487594 -0.013338855857453232 -0.073576773447096969 0.026089325138555792 0.027358888267636633 -0.071316075323154829 0.027168862491733687 0.097849831718190158 0.018111357701911895 -0.058549079429012815
leaf_weight=16.30058066546917 9.3473724871873873 306.89778015017509 16.314412146806717 4.8632600903511038 333.64612621814013 345.88610522449017 8.8755421340465528 144.44966579973698 47.565441757440567 9.0850028842687589 480.11305744946003 14.641145497560499 5.5415324866771689 8.3622145056724531
leaf_count=48 28 932 39 27 1745 1575 34 323 106 37 855 23 13 41
internal_value=-0.00120013 0.0128998 -0.0207967 0.0229707 -0.0231374 -0.0248474 0.00212328 0.0203199 -0.0057478 0.0236078 0.0254064 0.067298 -0.0374348 -0.0574306
internal_weight=1751.89 1018.83 733.061 37.214 695.847 679.532 507.788 153.325 354.463 511.04 496.414 23.9885 14.6265 13.2255
internal_count=5826 2348 3478 119 3359 3320 1395 357 1038 953 903 51 50 68
is_linear=0
shrinkage=0.0657714


Tree=47
num_leaves=14
num_cat=0
split_feature=34 7 12 23 29 67 58 12 12 58 29 30 46
split_gain=23.7712 16.0727 10.698 20.1257 11.197 10.3774 10.1065 7.70733 9.03934 8.68269 7.14759 6.8771 6.66922
threshold=-0.22252093395631442 -0.051206554124918972 0.006116165837322135 -0.014484705498339854 0.044382936142125191 2127.0946559999957 -1.4249999999999999e-05 0.010885969791162598 0.0089377607060976017 1.6075000000000001e-05 0.0087873474531929858 0.0082534528726411014 -0.00044388202354382075
decision_type=2 2 2 2 2 2 2 2 2 2 2 2 2
left_child=1 5 3 -3 -4 6 -1 8 10 -9 -2 -10 -11
right_child=7 2 4 -5 -6 -7 -8 9 11 12 -12 -13 -14
leaf_value=-0.02331819170473191 0.011315018839420871 -0.025428161373850622 -0.023621085029710925 0.0030243853323800121 0.050713547962014861 0.098751036683476345 0.036047495523986527 0.085702177164283577 0.0017132086425385791 -0.017589204131343527 -0.0014886761093304843 -0.049328052961586911 0.042717629849334332
leaf_weight=19.177555248141289 658.22693860530853 147.5446612611413 247.2571574151516 396.6716540157795 9.0880266278982145 7.2714187502861014 35.128334820270538 10.788702696561812 24.2956363260746 13.5767385661602 264.35859380662441 21.546130642294884 19.081543356180191
leaf_count=53 2285 359 613 1150 37 24 112 36 88 50 881 76 62
internal_value=0.000608051 -0.00741706 -0.00990767 -0.0046895 -0.0209858 0.0249631 0.0150831 0.00744562 0.00622979 0.0345462 0.00764624 -0.0222767 0.0176468
internal_weight=1874.01 862.139 800.561 544.216 256.345 61.5773 54.3059 1011.87 968.427 43.447 922.586 45.8418 32.6583
internal_count=5826 2348 2159 1509 650 189 165 3478 3330 148 3166 164 112
is_linear=0
shrinkage=0.0657714


Tree=48
num_leaves=15
num_cat=0
split_feature=34 23 7 54 11 48 23 67 59 3 22 59 3 29
split_gain=23.175 11.5811 13.6891 10.2101 10.1396 12.3314 9.64015 7.88635 6.00067 10.2215 11.8068 7.60711 8.45659 7.18432
threshold=-0.22252093395631442 0.045440976601128565 0.10269916505282785 57914.722000000002 0.011043978770026055 51.25947060901867 0.10219586861898323 -8813.8600840000036 10.500000000000002 0.017990580736481476 23.91672634030618 21.500000000000004 0.015721257715055406 -0.021158402966691966
decision_type=2 2 2 2 2 2 2 2 2 2 2 2 2 2
left_child=1 4 3 -3 7 -6 -4 -1 9 10 -2 13 -13 -10
right_child=8 2 6 -5 5 -7 -8 -9 11 -11 -12 12 -14 -15
leaf_value=0.033621122703122515 0.068096643511237273 0.065017101971226593 -0.052325833538775311 -0.012991883899920568 -0.0025057541153923365 0.10179419278412552 0.033901876516861336 -0.011800751510959948 -0.047264015802588231 -0.033292849041003249 -0.022204725287199578 0.0074941440872487225 0.070089077233612906 -0.0024320017170499303
leaf_weight=16.905724860727787 26.743216007947922 27.875616461038589 14.557777792215349 9.8130064904689771 13.538409471511843 7.6883388310670844 9.1239122152328473 755.24249570071697 19.069672882556915 8.5487241446971876 8.1791415810585004 859.25821866095066 9.4392061680555326 81.746875360608101
leaf_count=55 114 118 26 28 38 37 28 2018 41 28 26 2942 41 286
internal_value=0.000531611 -0.00744416 0.0200825 0.0447059 -0.00957345 0.0352717 -0.0191046 -0.0108063 0.00726148 0.0311678 0.0469472 0.00618957 0.0081743 -0.0109121
internal_weight=1867.73 854.745 61.3703 37.6886 793.375 21.2267 23.6817 772.148 1012.99 43.4711 34.9224 969.514 868.697 100.817
internal_count=5826 2348 200 146 2148 75 54 2073 3478 168 140 3310 2983 327
is_linear=0
shrinkage=0.0657714


Tree=49
num_leaves=13
num_cat=0
split_feature=33 7 33 33 30 22 14 3 21 32 29 58
split_gain=76.6364 27.5859 23.3385 49.2803 15.7844 32.596 16.7523 13.162 12.1962 13.8574 10.5421 4.75695
threshold=-0.8783796973249266 0.12355352125512566 -0.60785761079279388 -1.0000000180025095e-35 0.0046182371116394328 17.26136059120714 0.0032150412656521488 0.0049104760358104731 17.273651863672253 0.93301270189221952 0.027203945276390366 -1.5354999999999998e-05
decision_type=2 2 2 2 2 2 2 2 2 2 2 2
left_child=4 2 7 -4 5 11 -7 -2 9 -6 -10 -1
right_child=1 -3 3 -5 8 6 -8 -9 10 -11 -12 -13
leaf_value=-0.01641349229121997 -0.0029211418633493837 0.057872567540706493 0.01248905853622065 -0.017344079026968925 -0.056671338362598599 0.034490413363694211 -0.018758433478984211 -0.041717517729174078 0.037145488807757782 0.05017454419743133 -0.021190137582829543 -0.075961873698983301
leaf_weight=8.1277009695768374 51.063613139092922 25.766304299235344 366.55147315561771 691.17373117059469 13.885154113173485 88.623510330915451 35.915905699133873 145.94171212613583 268.08730915188789 8.4443966150283813 14.105975687503813 20.29024749994278
leaf_count=23 245 33 825 3091 43 128 90 844 372 9 40 83
internal_value=-0.00123813 -0.00949336 -0.0108767 -0.0070055 0.0218684 0.00463035 0.019134 -0.0316615 0.0305269 -0.0162653 0.0342295 -0.0589307
internal_weight=1737.98 1280.5 1254.73 1057.73 457.48 152.957 124.539 197.005 304.523 22.3296 282.193 28.4179
internal_count=5826 5038 5005 3916 788 324 218 1089 464 52 412 106
is_linear=0
shrinkage=0.0657714


Tree=50
num_leaves=16
num_cat=0
split_feature=34 7 47 19 3 30 29 58 22 7 17 17 29 60 30
split_gain=20.4326 14.4047 11.3164 12.8475 9.93825 18.7529 7.80855 6.64397 12.7397 8.24899 8.56531 8.10097 6.17652 3.13911 2.14674
threshold=-0.22252093395631442 -0.051206554124918972 0.27494565352021283 7.7227342232699683e-05 0.012355385770528865 0.0073095547143372337 0.044382936142125191 -1.8525e-05 21.00273469189931 -0.034145074754127029 0.00089550706255164651 0.00095519902832329228 0.017739318678842712 0.0016129846898519375 0.0081953859523137395
decision_type=2 2 2 2 2 2 2 2 2 2 2 2 2 2 2
left_child=1 2 14 -4 5 -3 -6 8 12 10 -9 -11 -2 -10 -1
right_child=7 4 3 -5 6 -7 -8 9 13 11 -12 -13 -14 -15 -16
leaf_value=0.1085965873855477 0.020337598788693359 -0.0095179837235816762 -0.022581072424481669 0.044322052042850314 -0.029225422849988764 0.027402047664592553 0.025186732371575891 0.028665053641482252 -0.044928853429994212 0.0051067978338666508 -0.052413192767978296 0.043515099704346048 -0.029907127013379293 -0.0019400237309048188 0.053495582443301236
leaf_weight=5.9604224562644941 51.763454079627991 579.84380097687244 25.70877705514431 24.014958284795284 135.28663342446089 66.320752516388893 12.459899663925169 115.74700856208801 34.560889512300491 758.76276302337646 5.9250058084726325 24.523063540458679 13.303806334733961 9.3320762366056424 6.2827611863613129
leaf_count=20 181 1570 60 85 345 200 44 395 103 2614 15 86 47 37 24
internal_value=0.000619819 -0.00686355 0.0236778 0.00973098 -0.00924739 -0.0057286 -0.0246367 0.00693675 -0.00840692 0.00878419 0.0247168 0.00630928 0.0100644 -0.035789 0.0803207
internal_weight=1869.8 855.878 61.9669 49.7237 793.911 646.165 147.747 1013.92 108.96 904.958 121.672 783.286 65.0673 43.893 12.2432
internal_count=5826 2348 189 145 2159 1770 389 3478 368 3110 410 2700 228 140 44
is_linear=0
shrinkage=0.0657714


Tree=51
num_leaves=16
num_cat=0
split_feature=33 22 23 3 62 20 23 56 3 31 8 31 52 49 21
split_gain=21.5254 11.2647 17.1634 11.8093 10.9493 8.01376 12.956 10.415 10.6208 8.64233 8.06584 7.74407 8.17988 6.35238 2.9262
threshold=-0.8783796973249266 18.736473114273441 -0.011955813900309307 0.0078726052660535971 242.9163714999988 10.290352714428018 -0.0017580265284892203 49.500000000000007 0.011144949997710983 1.0000000180025095e-35 -0.00031456094866111334 -1.0000000180025095e-35 9.7135000000000011e-05 -0.0004165657465132041 19.751113044228038
decision_type=2 2 2 2 2 2 2 2 2 2 2 2 2 2 2
left_child=1 2 4 -4 -1 6 13 9 -9 -7 -8 12 -3 -2 -13
right_child=5 11 3 -5 -6 7 10 8 -10 -11 -12 14 -14 -15 -16
leaf_value=0.024339296290870949 0.010404447728011225 -0.024407954533358062 0.014662880224063807 -0.030017016535303694 0.13071070569932458 -0.0089491668615580087 0.068844607497306254 0.012447163775575795 -0.0092279376066265826 0.0047609101455058523 -0.015757823256157676 -0.024109335254043445 0.021374706418398177 0.080846325157500926 -0.044536926181789178
leaf_weight=13.782008513808252 7.734258875250819 47.018520087003708 46.008704334497452 57.661513566970825 6.0122660696506491 411.49878789484501 5.94970878958702 569.68327112495899 118.06008644402027 384.9662581384182 26.982656553387642 56.816662184894085 26.338528499007225 19.50168040394783 65.083652853965759
leaf_count=48 29 125 148 118 31 1251 25 1958 314 1283 94 127 79 84 112
internal_value=0.000539561 -0.0150224 0.000527321 -0.0101881 0.0566483 0.00375118 0.0272823 0.00279725 0.00872635 -0.00232249 -0.000473169 -0.0248548 -0.00796989 0.0608428 -0.0350158
internal_weight=1863.1 318.722 123.464 103.67 19.7943 1544.38 60.1683 1484.21 687.743 796.465 32.9324 195.257 73.357 27.2359 121.9
internal_count=5826 788 345 266 79 5038 232 4806 2272 2534 119 443 204 113 239
is_linear=0
shrinkage=0.0657714


Tree=52
num_leaves=16
num_cat=0
split_feature=34 33 33 35 7 36 58 7 17 57 28 47 0 2 13
split_gain=88.5218 34.2262 21.197 17.804 17.3621 28.896 19.7516 16.9236 15.9242 13.0376 10.7705 13.3085 10.0784 7.21172 1.7835
threshold=-0.22252093395631442 1.0000000180025095e-35 0.6078576107927941 1.4322730089784275 -0.0034178693162684732 -1.4004149827484691 -6.9919999999999995e-05 0.045326433804203321 -3.8401884920575992e-05 49963.665000000008 49.43504573661118 0.89327844312554727 30.503675344816653 26.468087283726387 1.8656016478211588
decision_type=2 2 2 2 2 2 2 2 2 2 2 2 2 2 2
left_child=1 3 10 7 5 -4 -6 -1 13 -10 12 -12 -2 -3 -5
right_child=2 8 4 14 6 -7 -8 -9 9 -11 11 -13 -14 -15 -16
leaf_value=0.020868911602496636 0.019726031984729549 0.026506015114634737 -0.055815981789694533 -0.070088580099531561 0.066306464075345864 0.016963477901510617 -0.028577131646180857 -0.015781590661203417 -0.059610443032675813 0.0074458431493901927 -0.012859564231837596 -0.054701624369412873 -0.04910521155076366 -0.048396747232787307 -0.021492181150646324
leaf_weight=754.74271059036255 9.8823134899139387 6.1589815616607657 27.729491710662842 10.067718237638472 10.089177608489988 158.42883406579494 159.9726539850235 58.743354618549347 14.211158901453016 106.83673344552517 169.13814779371023 40.819558180868626 133.72433368116617 57.227421283721924 4.836243048310279
leaf_count=1408 34 21 151 39 21 553 797 159 67 355 835 234 853 284 15
internal_value=-0.00126923 0.0112122 -0.0190796 0.0169172 -0.00775595 0.0061225 -0.022948 0.0182223 -0.0144117 -0.00042664 -0.0304883 -0.0209944 -0.0443686 -0.0411188 -0.0543193
internal_weight=1722.61 1012.82 709.785 828.39 356.22 186.158 170.062 813.486 184.434 121.048 353.564 209.958 143.607 63.3864 14.904
internal_count=5826 2348 3478 1621 1522 704 818 1567 727 422 1956 1069 887 305 54
is_linear=0
shrinkage=0.0657714


Tree=53
num_leaves=15
num_cat=0
split_feature=34 7 71 47 12 6 29 36 66 1 22 27 42 12
split_gain=17.8657 12.9755 10.5101 11.3061 9.84937 14.8556 9.60185 6.76321 9.48677 8.71768 7.27147 6.03136 1.74786 1.67304
threshold=-0.22252093395631442 -0.051206554124918972 2397.618721999997 0.27494565352021283 0.006116165837322135 0.0014864137676809943 0.044382936142125191 -0.71409039090119941 4482.7502495000035 0.0024254254018851503 30.311614389198215 -0.0012923761100134821 1.2721648928038372 0.0063397869783030705
decision_type=2 2 2 2 2 2 2 2 2 2 2 2 2 2
left_child=1 2 3 -1 5 -3 -6 8 9 -2 11 -9 -10 -12
right_child=7 4 -4 -5 6 -7 -8 10 12 -11 13 -13 -14 -15
leaf_value=0.070942250760190256 0.0018209766695813881 -0.013815994623459881 0.10039037898998561 -0.0021155050830854796 -0.021989596934263972 0.0081234446122789451 0.04606270994999629 0.040007208380655281 0.036862899589286624 0.037426549178863427 -0.052302798870459688 0.013047500125037175 0.082819688755745635 -0.0023390752936947538
leaf_weight=11.580102935433386 795.41651786863804 288.5217068567872 6.6913563758134833 43.906129762530327 241.12746445834637 248.4995107203722 9.3154725581407529 53.645621538162231 8.3249686658382398 30.902355894446373 6.8974352627992612 108.49982143938541 6.2809929698705664 5.0012925565242767
leaf_count=41 2713 763 21 127 613 746 37 189 30 105 21 380 20 20
internal_value=0.000633444 -0.00640312 0.0225223 0.0131318 -0.00868705 -0.00366381 -0.0194583 0.00652383 0.00408131 0.00315254 0.0183253 0.0219671 0.0566257 -0.031302
internal_weight=1864.61 849.642 62.1776 55.4862 787.464 537.021 250.443 1014.97 840.925 826.319 174.044 162.145 14.606 11.8987
internal_count=5826 2348 189 168 2159 1509 650 3478 2868 2818 610 569 50 41
is_linear=0
shrinkage=0.0657714


Tree=54
num_leaves=15
num_cat=0
split_feature=34 23 7 11 42 23 51 51 59 3 22 59 3 51
split_gain=18.3382 10.2433 11.7683 9.20867 9.54428 8.98035 8.62835 6.61259 5.63039 9.22861 10.488 6.67425 7.80265 6.85601
threshold=-0.22252093395631442 0.045440976601128565 0.10269916505282785 0.011043978770026055 0.992786087787494 0.10219586861898323 57654.58400000001 55846.938500000011 10.500000000000002 0.017990580736481476 23.91672634030618 21.500000000000004 0.015721257715055406 57861.997500000005
decision_type=2 2 2 2 2 2 2 2 2 2 2 2 2 2
left_child=1 3 6 7 -5 -4 -3 -1 9 10 -2 13 -13 -10
right_child=8 2 5 4 -6 -7 -8 -9 11 -11 -12 12 -14 -15
leaf_value=-0.0064450521325516864 0.064147135484748763 0.059997418349251895 -0.050849461448127194 0.0016688931149161249 0.093854075030034276 0.032905920327193215 -0.011980765944636618 -0.020911326213231145 -0.014819530787540539 -0.032211747459299021 -0.021172403455220919 0.006663842451517122 0.066387205502778157 0.059189388777617431
leaf_weight=581.17943378537893 27.021819055080414 28.438441663980484 13.989374324679376 13.874312773346903 7.4764802306890479 9.1665297001600248 9.6488010138273221 178.72246835380793 94.67776720225811 8.4166927933692914 8.1011515259742719 861.8054611235857 9.5680221766233426 5.7431902289390555
leaf_count=1618 114 118 26 40 35 28 28 455 303 28 26 2942 41 24
internal_value=0.000553566 -0.00661996 0.0192824 -0.00865047 0.0339497 -0.0176939 0.0417629 -0.0098474 0.00650596 0.029645 0.0444681 0.00546925 0.00731963 -0.0105869
internal_weight=1857.83 842.496 61.2431 781.253 21.3508 23.1559 38.0872 759.902 1015.33 43.5397 35.123 971.794 871.373 100.421
internal_count=5826 2348 200 2148 75 54 146 2073 3478 168 140 3310 2983 327
is_linear=0
shrinkage=0.0657714


Tree=55
num_leaves=15
num_cat=0
split_feature=34 33 33 20 12 35 49 48 44 63 29 7 45 47
split_gain=78.9985 30.8212 20.1095 16.2725 17.6087 16.0464 20.5658 15.5803 15.6458 14.8412 10.5763 14.4585 8.90522 0.00210006
threshold=-0.22252093395631442 1.0000000180025095e-35 0.6078576107927941 12.193425875149408 0.0031604819216020561 0.37853918245319451 -0.0024812891098232831 65.105347319037392 0.59098477224129964 1624.2062104999989 0.0019443846970145231 -0.00022408091099918034 28.632532806487479 0.31756592170077019
decision_type=2 2 2 2 2 2 2 2 2 2 2 2 2 2
left_child=1 5 10 13 -5 6 -1 8 -3 -7 12 -12 -2 -4
right_child=2 7 3 4 -6 9 -8 -9 -10 -11 11 -13 -14 -15
leaf_value=-0.048300559641676004 0.046369974994293066 0.0078238562594659927 -0.056268504701354229 0.032059306774779674 -0.0097628149156029145 -0.013740759442570246 0.02362144389523041 0.081627358918565998 -0.032819816172161981 0.020356829098267335 -0.04007020685490275 -0.0018506241434003907 -0.043822998933980124 -0.054663914217421561
leaf_weight=17.721879303455353 4.8749187588691703 64.967901915311813 4.1246767193079021 51.818953320384026 272.91804989427328 128.48172330856323 582.5542563945055 7.0914318412542334 110.92868922650814 96.841219618916512 74.912713117897511 99.941754251718521 165.67380394786596 24.407211065292358
leaf_count=63 13 221 24 166 1192 345 1023 12 494 190 439 479 1025 140
internal_value=-0.00130807 0.0104674 -0.0183068 -0.00727336 -0.00308917 0.0158803 0.0214981 -0.0139545 -0.017808 0.000913993 -0.0295915 -0.018225 -0.0412449 -0.0548959
internal_weight=1707.26 1008.59 698.672 353.269 324.737 825.599 600.276 182.988 175.897 225.323 345.403 174.854 170.549 28.5319
internal_count=5826 2348 3478 1522 1358 1621 1086 727 715 535 1956 918 1038 164
is_linear=0
shrinkage=0.0657714


Tree=56
num_leaves=16
num_cat=0
split_feature=34 7 50 14 12 63 12 3 45 3 17 7 2 26 22
split_gain=15.3174 11.7386 12.4605 9.57476 12.9338 7.5047 6.42911 9.33462 8.01012 6.7918 6.59725 4.79717 2.44832 2.4479 1.57467
threshold=-0.22252093395631442 -0.049871295431569311 0.3125810526294191 0.0017918518550250977 0.0053601349633297267 1432.6836864999966 0.010885969791162598 0.013078933211731971 45.821641846081185 0.012408937304739152 0.00015295911379885604 -0.0080217013455365343 34.167663404060811 -0.00067940127744570134 25.215836864162881
decision_type=2 2 2 2 2 2 2 2 2 2 2 2 2 2 2
left_child=1 2 12 13 -5 -4 7 9 14 -2 -9 -10 -1 -3 -8
right_child=6 3 5 4 -6 -7 8 10 11 -11 -12 -13 -14 -15 -16
leaf_value=0.039422614918498237 0.0060939599080888996 -0.0041540986241390392 -0.0064812669219261607 0.0013541205846844115 -0.016319962586574109 0.063107863390335042 0.0032278846067824722 -0.00096759465326891065 0.069029791736713114 0.042533270607751243 -0.037493922591071684 0.017867369205939024 0.091368770817284492 -0.043695927673996875 -0.046747861054683065
leaf_weight=6.5657143443822887 859.88459478318691 8.1898245215415937 42.810132332146168 412.26334708929062 316.7099267989397 7.948545590043067 6.7956110537052137 54.844186499714851 18.714070782065392 22.711184784770012 35.068172752857208 13.754876136779783 9.758648678660391 39.136604070663452 4.5557988733053207
leaf_count=23 2968 21 116 1208 850 27 21 185 61 81 96 46 33 70 20
internal_value=0.000647832 -0.00590473 0.0204914 -0.00818572 -0.00632457 0.00441603 0.00608536 0.00497494 0.0307289 0.00703163 -0.0152138 0.0473558 0.0704759 -0.0368532 -0.0168295
internal_weight=1859.71 843.383 67.083 776.3 728.973 50.7587 1016.33 972.508 43.8204 882.596 89.9124 32.4689 16.3244 47.3264 11.3514
internal_count=5826 2348 199 2149 2058 143 3478 3330 148 3049 281 107 56 91 41
is_linear=0
shrinkage=0.0657714


Tree=57
num_leaves=15
num_cat=0
split_feature=34 23 7 23 15 48 67 51 16 6 4 20 36 42
split_gain=16.0736 9.2774 10.5006 8.42885 8.28766 10.1841 7.6971 7.6627 6.08964 6.52163 12.771 6.35227 6.12445 5.05457
threshold=-0.22252093395631442 0.045440976601128565 0.10269916505282785 0.10219586861898323 0.011043978770025971 51.25947060901867 -8813.8600840000036 57654.58400000001 -9.4031126988007774 -0.0070889474608565308 -0.00020218000792793231 11.30740111676751 -0.77529368723982139 0.85802934149891441
decision_type=2 2 2 2 2 2 2 2 2 2 2 2 2 2
left_child=1 4 7 -4 6 -6 -1 -3 12 11 -11 -10 13 -2
right_child=8 2 3 -5 5 -7 -8 -9 9 10 -12 -13 -14 -15
leaf_value=0.034937462267060661 0.009944198229856531 0.056435805009924428 -0.049792158175450768 0.031612610572308422 -0.0028645932196713297 0.090559271138896197 -0.010277861103649491 -0.011484403866515705 0.052570365735710875 0.019595977945168878 0.0018656107427417004 -0.0079793616694935135 -0.0060114375945840848 0.075024010984713133
leaf_weight=16.654352031648159 7.8261741995811489 28.792920023202896 13.593915387988092 9.2437945455312711 13.494986459612848 8.0636188238859159 737.49751201272011 9.5750356763601285 7.8061430752277365 265.15867511928082 521.10376867651939 188.11364038288593 11.442506104707716 15.168517276644705
leaf_count=55 26 118 26 28 38 37 2018 28 32 955 1756 609 35 65
internal_value=0.000565669 -0.00618475 0.0184679 -0.0168428 -0.00812991 0.032079 -0.00927935 0.0394858 0.00612285 0.00516968 0.00784499 -0.00556684 0.0333082 0.0528743
internal_weight=1853.54 836.916 61.2057 22.8377 775.71 21.5586 754.152 38.368 1016.62 982.182 786.262 195.92 34.4372 22.9947
internal_count=5826 2348 200 54 2148 75 2073 146 3478 3352 2711 641 126 91
is_linear=0
shrinkage=0.0657714


Tree=58
num_leaves=16
num_cat=0
split_feature=34 33 33 52 35 20 36 17 57 28 53 0 23 11 2
split_gain=70.1522 28.1147 19.1387 15.7474 15.8667 15.5042 17.0607 15.0516 12.1186 10.5974 13.6347 9.57017 7.317 0.85085 0.00180377
threshold=-0.22252093395631442 1.0000000180025095e-35 0.6078576107927941 -0.00011018999999999999 1.4322730089784275 12.193425875149408 -0.8546443421665576 -3.8401884920575992e-05 49963.665000000008 49.43504573661118 63.500000000000007 30.503675344816653 -0.059153950445999186 -0.00054977847086573595 63.370559314466263
decision_type=2 2 2 2 2 2 2 2 2 2 2 2 2 2 2
left_child=1 3 9 13 -5 14 -7 12 -9 11 -11 -2 -3 -1 -4
right_child=2 7 5 4 -6 6 -8 8 -10 10 -12 -13 -14 -15 -16
leaf_value=-0.040984460967198821 0.019305375450154101 0.029121273517217272 -0.053898713066918499 0.017264756170279113 -0.052365445726286403 0.006899898757770237 -0.026470673581373862 -0.058467187880017958 0.0073652862054386673 -0.0078375536951321729 -0.044794704801422121 -0.047928977940770841 -0.04750725592251321 -0.075752146840942239 -0.055105691106526404
leaf_weight=5.8028743863105774 9.883369714021681 5.9682874381542197 20.13871314376593 796.59438571333885 14.412896022200583 229.90233308076859 93.116809017956257 13.645903080701826 106.50339289009571 140.48336901515722 62.350028678774834 124.81929107755423 55.677171781659126 6.4066319614648801 7.2969059348106375
leaf_count=18 34 19 127 1525 53 912 446 67 355 687 382 853 286 25 37
internal_value=-0.00133569 0.00974163 -0.0175173 0.0149112 0.0160273 -0.00675155 -0.00271984 -0.0136675 -0.000111608 -0.0286952 -0.019198 -0.0429959 -0.0400884 -0.0592279 -0.0542197
internal_weight=1693 1005.01 687.991 823.217 811.007 350.455 323.019 181.795 120.149 337.536 202.833 134.703 61.6455 12.2095 27.4356
internal_count=5826 2348 3478 1621 1578 1522 1358 727 422 1956 1069 887 305 43 164
is_linear=0
shrinkage=0.0657714


Tree=59
num_leaves=16
num_cat=0
split_feature=34 13 56 53 58 30 21 36 66 58 53 12 22 42 42
split_gain=13.408 10.7981 9.51994 10.0444 9.31971 20.367 15.4294 6.09225 8.35481 8.10261 6.77678 5.45025 4.98453 4.53615 1.56992
threshold=-0.22252093395631442 0.36790518597295369 63.500000000000007 69.500000000000014 9.6675000000000019e-05 0.0035683276059078534 17.865942348495974 -0.71409039090119941 4482.7502495000035 -1.8525e-05 48.500000000000007 0.0049682978610591502 30.311614389198215 0.31030174176625785 1.2721648928038372
decision_type=2 2 2 2 2 2 2 2 2 2 2 2 2 2 2
left_child=1 2 13 -4 6 -6 -3 8 9 -2 11 -9 -12 -1 -10
right_child=7 4 3 -5 5 -7 -8 10 14 -11 12 -13 -14 -15 -16
leaf_value=-0.044879203757094206 -0.015707831822844714 0.024915222297247571 0.049552603392954489 -0.019215391093143009 -0.054211695029333998 -0.0037657084126541049 -0.0037539606286186395 0.042466226112343478 0.0338064075745498 0.0048570712207511328 0.0073884715390008246 0.011307535978219263 -0.052601948704870088 -0.019217491765971643 0.077157395027884088
leaf_weight=50.274467147886753 93.423987582325935 115.76200145483017 15.125696584582327 23.406248927116394 40.245028525590897 247.77527356147766 272.04725113511086 53.65700925886631 8.3785218745470029 734.27938359975815 70.241508021950722 44.362765371799469 6.5501931160688391 73.162050873041153 6.3543712198734275
leaf_count=99 322 352 44 59 94 725 793 185 30 2496 256 145 24 182 20
internal_value=0.000653801 -0.00550769 -0.0207603 0.00777945 -0.00185227 -0.0108145 0.00480386 0.00572836 0.00340975 0.00253588 0.016902 0.0283641 0.0022714 -0.0296693 0.0525039
internal_weight=1855.05 837.798 161.968 38.5319 675.83 288.02 387.809 1017.25 842.436 827.703 174.811 98.0198 76.7917 123.437 14.7329
internal_count=5826 2348 384 103 1964 819 1145 3478 2868 2818 610 330 280 281 50
is_linear=0
shrinkage=0.0657714


Tree=60
num_leaves=13
num_cat=0
split_feature=33 22 23 30 27 7 59 20 10 31 71 7
split_gain=15.4876 10.7778 15.5109 11.0522 9.58412 8.4572 8.18191 14.1232 12.8281 7.69181 7.65745 3.54977
threshold=-0.8783796973249266 18.736473114273441 -0.011955813900309307 0.0045030042067494653 -0.00013665069847712538 0.12355352125512566 49.500000000000007 10.406728450778413 0.071211331110158385 -1.0000000180025095e-35 502.32074799999685 -0.004967075451852653
decision_type=2 2 2 2 2 2 2 2 2 2 2 2
left_child=1 2 4 -4 -1 6 7 -2 -8 10 -3 -11
right_child=5 9 3 -5 -6 -7 8 -9 -10 11 -12 -13
leaf_value=0.0083474894483220319 0.042256432592202214 0.012771458292320839 0.026982863457267872 -0.021662681606785542 0.099744603609736596 -0.039978271101237792 0.0082349612191424774 -0.0023543122493520073 0.10662816270590184 -0.043133818894270648 -0.030787229521219012 -0.019761327438002699
leaf_weight=9.6139245480299014 31.936724007129669 40.88160015642643 28.039648503065109 72.298447176814079 10.259817242622374 19.320122420787811 692.85215352475643 792.32492949068546 5.7798176109790793 66.835858955979347 30.471431478857994 48.514914631843567
leaf_count=29 126 139 105 161 50 33 2324 2528 27 116 65 123
internal_value=0.000578692 -0.0129143 0.00244589 -0.0080686 0.0555312 0.00326392 0.00381251 -0.000625831 0.00904897 -0.0228041 -0.00583035 -0.0333037
internal_weight=1849.13 306.916 120.212 100.338 19.8737 1542.21 1522.89 824.262 698.632 186.704 71.353 115.351
internal_count=5826 788 345 266 79 5038 5005 2654 2351 443 204 239
is_linear=0
shrinkage=0.0657714


Tree=61
num_leaves=15
num_cat=0
split_feature=34 33 33 21 47 66 2 6 7 52 28 63 22 7
split_gain=62.2986 25.6734 18.1226 16.4572 22.6326 14.9089 15.4723 14.1025 12.2807 12.2798 10.412 13.6828 9.25993 0.00876305
threshold=-0.22252093395631442 1.0000000180025095e-35 0.6078576107927941 27.264881769986548 0.91376876645182659 -253.57193349999531 43.437340476174533 0.02304297041643744 0.049833518305116405 3.607500000000001e-05 49.43504573661118 344.14998749999842 34.077229021827527 -0.0034178693162684732
decision_type=2 2 2 2 2 2 2 2 2 2 2 2 2 2
left_child=1 5 10 4 -4 8 -7 9 -1 -3 12 -12 -2 -5
right_child=2 7 3 13 -6 6 -8 -9 -10 -11 11 -13 -14 -15
leaf_value=0.028212779355091176 -0.047397130511735087 0.0030190852641904038 -0.0069008430099764565 -0.057625757484475654 0.062187421178668691 0.023420205884040604 -0.00088471356966038773 0.040799571477930771 -0.03653191507197652 -0.034109889510773782 -0.0020952874611292844 -0.036593814975537743 0.017993006998118628 -0.055050544435511398
leaf_weight=294.97952210903168 119.93230605125427 63.180990621447563 299.24697832763195 8.2743695080280322 22.020962238311768 169.01939721405506 343.71034650504589 18.63043986260891 13.242131367325781 98.77623013406992 105.39270644634962 94.171189412474632 10.161991812288759 18.488340586423874
leaf_count=493 848 234 1310 39 68 281 803 34 44 459 512 557 39 105
internal_value=-0.00136034 0.00906049 -0.016761 -0.00629324 -0.00216526 0.0139994 0.00712731 -0.0133917 0.0254312 -0.0196255 -0.0278122 -0.0183746 -0.0422893 -0.0558467
internal_weight=1679.23 1001.54 677.689 348.031 321.268 820.951 512.73 180.588 308.222 161.957 329.658 199.564 130.094 26.7627
internal_count=5826 2348 3478 1522 1378 1621 1084 727 537 693 1956 1069 887 144
is_linear=0
shrinkage=0.0657714


Tree=62
num_leaves=15
num_cat=0
split_feature=33 31 47 44 31 33 53 25 13 49 55 25 30 51
split_gain=14.4821 18.7018 14.0681 9.71612 8.605 23.4298 12.4571 12.0188 8.21508 8.52258 8.07607 7.9041 7.77588 4.63486
threshold=-0.8783796973249266 -0.5 0.33489140327078259 0.44895818602931731 -1.0000000180025095e-35 -1.0000000180025095e-35 20.500000000000004 -0.0092732478584792149 0.93426236093998127 0.0023340181173182781 3.5520000000000006e-05 -0.0054014967243634074 0.0052094273196430915 55166.045500000007
decision_type=2 2 2 2 2 2 2 2 2 2 2 2 2 2
left_child=1 2 -1 -4 5 6 -2 13 9 -3 -9 -7 -10 -6
right_child=4 8 3 -5 7 11 -8 10 12 -11 -12 -13 -14 -15
leaf_value=0.085344879621387829 0.021387415903145104 -0.028122328733367737 -0.021010718539426994 0.024443149246409116 0.011482509497855819 0.027781495819847731 -0.021867011152333856 0.00015896604694742058 -0.022327131747115102 0.031912569085873053 0.013986203208793742 0.0036674971444751719 0.094501949847971972 -0.041899026794831734
leaf_weight=10.268940687179564 32.602569416165352 203.63010507076979 37.445226177573204 44.543083928525448 9.3611952513456327 71.780378371477127 247.10533858835697 275.01331701874733 4.9110887199640256 10.770121037960051 544.52611523866653 325.20028978586197 4.9468715488910675 28.327481061220169
leaf_count=37 89 419 105 158 34 248 687 927 22 26 1917 1052 21 84
internal_value=0.000656196 -0.0121529 0.0127732 0.00368372 0.00329929 -0.00224525 -0.0168253 0.0076761 -0.0224073 -0.0251066 0.00934619 0.00802769 0.0362994 -0.02864
internal_weight=1850.43 316.515 92.2573 81.9883 1533.92 676.689 279.708 857.228 224.258 214.4 819.539 396.981 9.85796 37.6887
internal_count=5826 788 300 263 5038 2076 776 2962 488 445 2844 1300 43 118
is_linear=0
shrinkage=0.0657714


Tree=63
num_leaves=15
num_cat=0
split_feature=33 68 2 17 66 63 58 66 3 20 12 35 68 54
split_gain=13.7195 9.88063 10.9697 14.6181 6.76575 9.95336 9.28339 6.02529 5.7871 3.7795 3.57199 5.95146 3.43793 0.807003
threshold=-0.8783796973249266 -0.00092219220989903084 44.83300494552126 -2.5863980073180316e-05 -2571.8678984999942 -7511.3352380000024 -3.1514999999999992e-05 882.0296860000044 0.0087461195993503438 16.694403634697697 0.0033195773350159804 0.29672026025017295 0.007299789971191629 59694.863500000007
decision_type=2 2 2 2 2 2 2 2 2 2 2 2 2 2
left_child=1 10 9 -4 6 8 -2 -7 -6 -3 11 -1 -8 -12
right_child=4 2 3 -5 5 7 12 -9 -10 -11 13 -13 -14 -15
leaf_value=-0.031552217756585579 -0.065488641033974532 -0.029660035391694328 -0.010160092486434192 0.034909953274759292 0.0041766235882819275 0.0060529454412620214 -0.011010982483825553 -0.0040955612462923582 0.086822923354277423 0.0012882113340799378 -0.049322479693174541 0.038541591493831594 0.025669282427620677 -0.029159019526717525
leaf_weight=21.884620994329456 12.85409940779209 72.93039195984602 82.480974413454533 50.003605157136917 5.8109712749719611 1094.7073139697313 76.520825162529945 329.17179620265961 9.9251488596200925 22.286464869976044 34.571992293000221 6.8897749483585349 12.919955506920813 11.423854947090147
leaf_count=51 19 158 216 179 22 3634 226 1047 44 69 65 29 46 21
internal_value=0.000607949 -0.0121997 -0.00538775 0.00685068 0.00312038 0.00428174 -0.0132237 0.00370682 0.0563036 -0.0224163 -0.0329443 -0.0147689 -0.00571242 -0.0443145
internal_weight=1844.38 302.472 227.701 132.485 1541.91 1439.62 102.295 1423.88 15.7361 95.2169 74.7702 28.7744 89.4408 45.9958
internal_count=5826 788 622 395 5038 4747 291 4681 66 227 166 80 272 86
is_linear=0
shrinkage=0.0657714


Tree=64
num_leaves=15
num_cat=0
split_feature=34 33 33 7 7 30 35 49 6 29 7 67 58 21
split_gain=55.6181 22.6713 17.2769 15.7486 21.5876 20.5853 13.9129 14.332 12.8279 10.4968 14.1387 9.88151 8.56843 1.74365
threshold=-0.22252093395631442 1.0000000180025095e-35 0.6078576107927941 -0.0034178693162684732 -0.020213070685055175 0.0072767210628033293 1.4322730089784275 -0.0024812891098232831 0.02304297041643744 0.0019443846970145231 -0.00022408091099918034 -1271.1381675000064 -0.00013684499999999997 31.559692178651947
decision_type=2 2 2 2 2 2 2 2 2 2 2 2 2 2
left_child=1 6 9 4 -4 -5 7 -1 11 12 -11 -3 -2 -8
right_child=2 8 3 5 -6 -7 13 -9 -10 10 -12 -13 -14 -15
leaf_value=-0.039907233917524522 0.046302280233681985 0.0022885855027283269 -0.013702204793579736 -0.036625137316113686 0.031567939104101238 0.01374534143889143 -0.067795479918394463 0.015667845318209479 0.038887255651977495 -0.038025550652402894 0.00087101147171761385 -0.031475291637781011 -0.041988114719197812 -0.019768921372423736
leaf_weight=20.602411836385727 4.9086066931486121 60.038022413849831 97.933178134262562 111.42737659066916 85.218756705522537 51.236118592321873 9.3603184819221479 781.60630513727665 18.6174685806036 69.779765769839287 96.101324997842312 99.870646081864834 151.92016280442476 5.026125654578208
leaf_count=70 14 225 423 609 281 209 38 1497 34 439 479 468 1024 16
internal_value=-0.00140769 0.0084491 -0.0160798 -0.00586586 0.00736154 -0.0207593 0.0130909 0.0142406 -0.0127829 -0.0270251 -0.0154913 -0.0187986 -0.0392247 -0.0510167
internal_weight=1663.65 995.121 668.525 345.815 183.152 162.663 816.595 802.209 178.526 322.71 165.881 159.909 156.829 14.3864
internal_count=5826 2348 3478 1522 704 818 1621 1567 727 1956 918 693 1038 54
is_linear=0
shrinkage=0.0657714


Tree=65
num_leaves=12
num_cat=0
split_feature=33 31 0 47 29 12 36 59 13 49 3
split_gain=12.7195 17.3995 13.4773 8.74251 7.9516 7.61585 13.8041 9.4905 7.56885 7.80498 7.8029
threshold=-0.8783796973249266 -0.5 44.423557516085118 0.32402665040957995 0.070863757414571085 0.0054079211566976813 -0.99685034867903177 57.500000000000007 0.93426236093998127 0.0023340181173182781 0.0083535532376755473
decision_type=2 2 2 2 2 2 2 2 2 2 2
left_child=1 2 -1 -4 5 6 -2 -7 9 -3 -10
right_child=4 8 3 -5 -6 7 -8 -9 10 -11 -12
leaf_value=0.092142981616966366 -0.00069749862596630555 -0.027119746208270092 0.073890999355867418 -0.0019031253832584544 0.075217521799588877 0.0028202005491866473 0.015982810827958646 -0.014176864910344304 -0.023123290695173698 0.029941799329107635 0.093220408187212181
leaf_weight=8.3647793084382993 472.89020878076553 199.12987791001797 7.2008052468299857 76.757974945008755 6.5900916159152976 453.68711686134338 392.97035612165928 206.91933807730675 5.0360770076513273 10.939157590270041 4.9396540820598602
leaf_count=29 1564 419 24 247 22 1479 1333 640 23 26 20
internal_value=0.000661422 -0.0114353 0.0125293 0.00459743 0.0031262 0.00281497 0.00687285 -0.00250373 -0.0214901 -0.0241483 0.0344863
internal_weight=1845.43 312.368 92.3236 83.9588 1533.06 1526.47 865.861 660.606 220.045 210.069 9.97573
internal_count=5826 788 300 271 5038 5016 2897 2119 488 445 43
is_linear=0
shrinkage=0.0657714


Tree=66
num_leaves=13
num_cat=0
split_feature=33 22 30 1 59 31 52 7 7 36 20 7
split_gain=12.003 9.86 11.9625 9.80836 8.48037 7.62711 7.69927 7.6198 7.26804 18.9451 12.8594 3.40741
threshold=-0.8783796973249266 18.736473114273441 0.0047565823218572133 -0.00052229798300829956 32.500000000000007 -1.0000000180025095e-35 9.7135000000000011e-05 0.12355352125512566 0.017397779993730492 -1.4190393314468168 10.290352714428018 -0.004967075451852653
decision_type=2 2 2 2 2 2 2 2 2 2 2 2
left_child=1 2 3 -1 -4 6 -3 8 10 -10 -2 -7
right_child=7 5 4 -5 -6 11 -8 -9 9 -11 -12 -13
leaf_value=-0.03267803903692048 0.035305210770410878 -0.020785718267964975 0.023704152014018744 0.045795916374538025 -0.026265017139070226 -0.041927654282466427 0.024510290277380015 -0.038721259829430477 -0.01703241878453041 0.016575374885894254 -0.0011040124813468293 -0.018566376165911606
leaf_weight=8.5567844212055189 43.790640398859978 44.165523007512093 20.131692677736282 35.371158510446548 54.374847464263439 63.018940463662148 25.667251855134964 18.747065201401711 89.447877615690231 384.2881166189909 1005.6890235841274 47.266266338527203
leaf_count=19 171 125 73 140 113 116 79 33 276 1342 3216 123
internal_value=0.000617558 -0.0114533 0.00328692 0.0305099 -0.0127633 -0.0211456 -0.00413703 0.0029547 0.00346763 0.0102298 0.000415201 -0.0319154
internal_weight=1840.52 298.552 118.434 43.9279 74.5065 180.118 69.8328 1541.96 1523.22 473.736 1049.48 110.285
internal_count=5826 788 345 159 186 443 204 5038 5005 1618 3387 239
is_linear=0
shrinkage=0.0657714


Tree=67
num_leaves=14
num_cat=0
split_feature=34 33 59 7 23 30 62 55 7 17 57 11 44
split_gain=50.037 20.1613 16.2635 33.4917 23.1437 16.7196 16.4391 15.0877 14.0671 13.8136 11.408 10.3174 7.03025
threshold=-0.22252093395631442 1.0000000180025095e-35 63.500000000000007 0.059543771646734196 0.13756897765019163 0.0071406664298650701 -1158.2851244999981 -0.00013507499999999999 0.0037538059925809057 -3.8401884920575992e-05 49963.665000000008 -0.011480421749510193 0.33211465026788384
decision_type=2 2 2 2 2 2 2 2 2 2 2 2 2
left_child=1 7 3 6 11 -5 -2 -1 -9 12 -11 -4 -3
right_child=2 9 4 5 -6 -7 -8 8 -10 10 -12 -13 -14
leaf_value=-0.072391413878801089 0.012842808619502759 0.030367786397120539 0.052742687624831606 0.010486339345768399 0.065633052022978422 0.13974928223740843 -0.018586592348235519 0.020909058858911877 0.0033667352814667263 -0.057260162504565691 0.0079576533293806966 -0.043619734125707042 -0.045862417961956128
leaf_weight=8.9973721504211408 87.892256192862988 5.8092118203639975 4.9745149016380301 8.0562916025519389 9.4847040027379972 9.3551775962114316 397.92465100437403 453.18789087235928 350.82183638215065 13.0437024384737 105.01092883944511 142.28381538391113 52.806072100996971
leaf_count=36 365 20 24 35 13 13 2113 812 773 67 355 915 285
internal_value=-0.00142336 0.00793075 -0.0154506 -0.00968828 -0.0339505 0.0799393 -0.0129005 0.0123068 0.0132546 -0.0122072 0.000751822 -0.0403645 -0.0383074
internal_weight=1649.65 989.677 659.971 503.228 156.743 17.4115 485.817 813.007 804.01 176.67 118.055 147.258 58.6153
internal_count=5826 2348 3478 2526 952 48 2478 1621 1585 727 422 939 305
is_linear=0
shrinkage=0.0657714


Tree=68
num_leaves=15
num_cat=0
split_feature=33 31 18 12 31 33 56 25 7 25 57 13 54 20
split_gain=11.1341 16.2259 12.3869 8.73276 7.69504 20.5338 11.2152 10.93 8.68886 7.1922 7.02186 8.02368 5.29775 3.018
threshold=-0.8783796973249266 -0.5 0.0033240622861981932 0.0015681343797648275 -1.0000000180025095e-35 -1.0000000180025095e-35 20.500000000000004 -0.0092732478584792149 -0.006085493759092008 -0.0054014967243634074 48710.120000000003 0.93426236093998127 54713.543500000007 15.328902104742484
decision_type=2 2 2 2 2 2 2 2 2 2 2 2 2 2
left_child=1 2 3 -1 5 6 -2 12 -9 -7 -3 -12 -6 -4
right_child=4 10 13 -5 7 9 -8 8 -10 -11 11 -13 -14 -15
leaf_value=-0.0083821211753295419 0.020075312595296796 0.034913048484473269 -0.045096574327306918 0.044291117242088764 0.017114484629230355 0.026031775274022562 -0.020937711623790847 0.0011158965772462234 0.014728424452006075 0.0030930383779335358 -0.02605204071153101 0.034684348432997725 -0.041439842444482872 -0.0019472787205809298
leaf_weight=19.580495707690716 32.716725632548332 9.4223161637783033 14.426654227077963 44.697639122605324 8.7255226671695691 72.230387046933174 243.59363758563995 365.81041756272316 455.31605906784534 325.97249358892441 196.6608025804162 9.8819160461425763 28.570596665143967 13.643417492508886
leaf_count=65 89 26 38 155 31 248 687 1237 1607 1052 420 42 87 42
internal_value=0.000657933 -0.0107465 0.0123275 0.0282457 0.00295166 -0.00230531 -0.0160815 0.00708237 0.00866407 0.00725392 -0.0206131 -0.0231461 -0.0277409 -0.0241239
internal_weight=1841.25 308.313 92.3482 64.2781 1532.94 674.513 276.31 858.423 821.126 398.203 215.965 206.543 37.2961 28.0701
internal_count=5826 788 300 220 5038 2076 776 2962 2844 1300 488 462 118 80
is_linear=0
shrinkage=0.0657714


Tree=69
num_leaves=13
num_cat=0
split_feature=33 68 22 6 31 7 10 12 3 12 6 23
split_gain=10.5821 9.43241 14.2579 17.5036 7.53737 6.86272 7.98124 9.35425 5.993 3.45895 6.02039 0.788713
threshold=-0.8783796973249266 -0.00092219220989903084 18.244137808456859 0.0011681899657939312 -1.0000000180025095e-35 0.12355352125512566 0.069490121377602729 0.011312535612286515 0.020987661214753258 0.0033195773350159804 -0.0020654502379939261 0.0068807414608992321
decision_type=2 2 2 2 2 2 2 2 2 2 2 2
left_child=1 9 3 -3 -4 6 7 -2 -8 10 -1 -11
right_child=5 2 4 -5 -6 -7 8 -9 -10 11 -12 -13
leaf_value=-0.04247157080107837 0.0036315248149574814 0.096709435848667022 0.0023067502439957682 0.0062631668815993115 -0.027710149236141828 -0.037317811285929849 0.052680049117271997 -0.024459121331374289 -0.018787054960666186 -0.050234693697316715 0.018502241183269742 -0.032106420376044005
leaf_weight=14.764547124505045 1440.3836233317852 10.902882575988768 60.551596567034721 61.274389259517193 89.937711767852306 18.206813707947731 23.217863768339161 53.174453899264336 6.4959238767623892 26.522935926914215 13.329040035605429 17.059698015451431
leaf_count=32 4733 51 187 180 204 33 95 154 23 54 48 32
internal_value=0.000641102 -0.0107863 -0.00410626 0.0199257 -0.0156324 0.00282315 0.00330293 0.00263143 0.0370562 -0.0315384 -0.0135425 -0.0431387
internal_weight=1835.82 294.343 222.667 72.1773 150.489 1541.48 1523.27 1493.56 29.7138 71.6762 28.0936 43.5826
internal_count=5826 788 622 231 391 5038 5005 4887 118 166 80 86
is_linear=0
shrinkage=0.0657714


Tree=70
num_leaves=16
num_cat=0
split_feature=34 33 33 21 47 44 7 62 49 29 47 58 38 36 7
split_gain=44.5851 17.7854 16.2317 15.6728 20.1727 14.5816 17.1289 13.3405 12.514 10.3533 13.9542 8.12587 5.80574 3.76488 0.0103083
threshold=-0.22252093395631442 1.0000000180025095e-35 0.6078576107927941 27.264881769986548 0.91376876645182659 1.5485066847937177 0.044631483955993929 -720.91718199999821 0.0017826466900528238 0.0019443846970145231 0.89327844312554727 -0.00013684499999999997 -0.0040012211653852039 -0.4869339608067193 -0.0034178693162684732
decision_type=2 2 2 2 2 2 2 2 2 2 2 2 2 2 2
left_child=1 5 9 4 -4 6 -1 13 -9 11 -11 -2 -7 -3 -5
right_child=2 7 3 14 -6 12 -8 8 -10 10 -12 -13 -14 -15 -16
leaf_value=0.011574578375090719 0.044681733248878863 -0.056365519114606924 -0.0055001962237034609 -0.056747923412556196 0.059220573390527942 0.065496124082116358 -0.026731823241975289 -0.010309359523615296 0.047989314264817083 -0.004474040083050859 -0.052919197207384923 -0.04095244911560858 0.026103659382624305 0.013811332746437902 -0.053888531796699481
leaf_weight=683.03722979128361 4.9574702978134146 30.204842679202557 292.5005247220397 7.9823569953441647 22.430505521595478 24.957645446062088 54.527569591999054 122.64611765742302 18.304911397397518 129.29055046290159 32.107681192457676 144.88862515985966 46.042941883206367 3.713614508509635 17.218576245009899
leaf_count=1362 14 165 1310 39 68 23 160 501 46 710 208 1024 76 15 105
internal_value=-0.00147011 0.00736966 -0.0148162 -0.00488437 -0.000890553 0.011483 0.00874262 -0.0116497 -0.00273828 -0.0256699 -0.0141115 -0.0381193 0.0399506 -0.0486821 -0.0547942
internal_weight=1634.81 983.435 651.376 340.132 314.931 808.565 737.565 174.869 140.951 311.244 161.398 149.846 71.0006 33.9185 25.2009
internal_count=5826 2348 3478 1522 1378 1621 1522 727 547 1956 918 1038 99 180 144
is_linear=0
shrinkage=0.0657714


Tree=71
num_leaves=15
num_cat=0
split_feature=33 31 0 71 0 7 31 33 33 51 35 30 36 21
split_gain=9.74445 15.1798 11.3997 7.49665 7.30369 7.46639 7.29312 17.6992 10.8713 6.73267 11.9418 10.4948 6.07953 2.52365
threshold=-0.8783796973249266 -0.5 44.423557516085118 3192.4911539999962 33.452043005873918 -0.0080217013455365343 -1.0000000180025095e-35 -1.0000000180025095e-35 1.0000000180025095e-35 54811.422500000008 -0.62772754807722497 0.0039160002073260558 -0.60142547255112366 12.509877630700613
decision_type=2 2 2 2 2 2 2 2 2 2 2 2 2 2
left_child=1 2 -1 -4 5 13 7 -6 -8 11 -11 -3 -7 -2
right_child=4 9 3 -5 6 12 8 -9 -10 10 -12 -13 -14 -15
leaf_value=0.083818519179425593 -0.014651956940243089 0.070481943611937214 0.014845066759137942 -0.033616479223384704 -0.014719119962663844 0.056968623509499015 0.014515939379274007 0.0073557543458347991 -0.00052635129312017255 0.022041958739480186 -0.033407606734403926 -0.011681789982989868 -0.032306680794483643 -0.054938195422853796
leaf_weight=8.7043328285217267 10.034030973911287 7.8519116193056098 66.141916111111641 17.451945677399635 265.20293422043324 7.4285699278116226 454.74570374190807 385.52115248143673 382.79280112683773 19.124411918222904 138.32567233592272 46.854466684162617 5.9368978291749936 20.406116172671318
leaf_count=29 33 31 234 37 744 28 1621 1261 1277 57 309 91 16 58
internal_value=0.000667783 -0.0100794 0.0121865 0.00472772 0.00280348 -0.0236659 0.00358258 -0.00164087 0.00764094 -0.0197661 -0.0266725 0.000111028 0.0173128 -0.0416586
internal_weight=1836.52 304.455 92.2982 83.5939 1532.07 43.8056 1488.26 650.724 837.539 212.156 157.45 54.7064 13.3655 30.4401
internal_count=5826 788 300 271 5038 135 4903 2005 2898 488 366 122 44 91
is_linear=0
shrinkage=0.0657714


Tree=72
num_leaves=13
num_cat=0
split_feature=33 68 22 8 7 10 12 3 2 12 35 3
split_gain=9.43034 8.87492 13.0572 16.7858 6.45832 7.25554 8.49646 5.40849 5.32674 3.43385 5.33288 1.25896
threshold=-0.8783796973249266 -0.00092219220989903084 18.244137808456859 0.002616738590507262 0.12355352125512566 0.069490121377602729 0.011312535612286515 0.020987661214753258 50.449124919284095 0.0033195773350159804 0.29672026025017295 0.0077252062305250115
decision_type=2 2 2 2 2 2 2 2 2 2 2 2
left_child=1 9 3 -3 5 6 -2 -7 -4 10 -1 -11
right_child=4 2 8 -5 -6 7 -8 -9 -10 11 -12 -13
leaf_value=-0.029240798074940729 0.0034794444297927872 0.043252506706626143 -0.024399755809595091 -0.02230122898804281 -0.036561990196819091 0.049887860500781665 -0.023426005660765369 -0.018138786646515255 0.0014626525258806715 -0.015027034923481635 0.037521113568554351 -0.047125719693622142
leaf_weight=20.782246500253681 1440.6611367464066 45.885423325002193 94.007135830819607 26.747192710638046 17.902103930711746 23.480723381042484 52.627510875463486 6.443143129348754 54.378681339323521 6.1939593702554694 6.892340548336505 36.051115155220032
leaf_count=51 4733 171 232 60 33 95 154 23 159 21 29 65
internal_value=0.000661936 -0.0101985 -0.00373747 0.0191121 0.00271222 0.00317381 0.00253122 0.0352405 -0.014922 -0.0306222 -0.0126138 -0.0424194
internal_weight=1832.05 290.938 221.018 72.6326 1541.11 1523.21 1493.29 29.9239 148.386 69.9197 27.6746 42.2451
internal_count=5826 788 622 231 5038 5005 4887 118 391 166 80 86
is_linear=0
shrinkage=0.0657714


Tree=73
num_leaves=16
num_cat=0
split_feature=33 31 31 33 33 13 45 5 60 44 44 29 67 1 44
split_gain=30.6393 31.3891 25.6802 22.5161 33.1072 20.721 17.1863 17.6254 14.4592 13.3022 13.2394 10.7289 10.394 7.44979 1.56905
threshold=-0.8783796973249266 -1.0000000180025095e-35 -0.5 -1.0000000180025095e-35 -0.60785761079279388 0.93426236093998127 36.463115565629558 0.0053205826811543186 1.0000000180025095e-35 0.44895818602931731 0.98817465917210134 -0.021465176860488818 3418.7471204999933 0.0004954460388609768 0.62281094556506222
decision_type=2 2 2 2 2 2 2 2 2 2 2 2 2 2 2
left_child=2 3 8 4 -2 13 11 -8 12 -10 -5 -3 -1 -4 -7
right_child=1 6 5 10 -6 14 7 -9 9 -11 -12 -13 -14 -15 -16
leaf_value=-0.035465561624646633 -0.021629296351050313 0.064100460909557511 0.033425180253941034 0.0085219291932282521 0.031015598967942815 -0.08063718266968288 -0.026429210881653994 -0.0015934650200955208 0.054311527012428765 -0.027095557942707574 -0.020367028205251776 -0.027025572213680595 0.036439392737415491 0.010451147630209512 -0.032473665980523626
leaf_weight=74.882067307829857 68.989075317978859 17.755901634693149 214.21598844230175 115.80694701522589 205.90832448005676 7.1447800993919355 429.78308733552694 173.51744471490383 22.170864403247833 14.273037031292914 168.4346566721797 8.1566829010844213 9.8390280455350858 85.399529054760933 4.9553724676370621
leaf_count=219 457 37 289 455 319 27 2187 692 24 42 845 46 15 156 16
internal_value=-0.00149958 -0.00695672 0.0134815 0.00438276 0.0178037 0.0234691 -0.0170333 -0.0192861 -0.0122132 0.0224289 -0.00859696 0.0354161 -0.0271149 0.0268769 -0.0609128
internal_weight=1621.23 1188.35 432.881 559.139 274.897 311.716 629.213 603.301 121.165 36.4439 284.242 25.9126 84.7211 299.616 12.1002
internal_count=5826 5038 788 2076 776 488 2962 2879 300 66 1300 83 234 445 43
is_linear=0
shrinkage=0.0657714


Tree=74
num_leaves=14
num_cat=0
split_feature=13 2 50 65 6 56 35 56 10 53 41 20 4
split_gain=9.24435 8.30401 11.1347 9.9396 9.08874 8.75176 8.46095 8.14359 13.7223 5.82526 7.30404 5.75598 1.57668
threshold=0.29879089759434801 48.189007343591108 0.64710881576094703 -7.3629999999999985e-05 -0.0083913493704760849 72.500000000000014 0.76611285676573504 63.500000000000007 0.029433603217609617 48.500000000000007 -2.5818652290954255e-05 18.024412193499888 -0.00094664789028164875
decision_type=2 2 2 2 2 2 2 2 2 2 2 2 2
left_child=7 2 5 11 -5 -2 -4 9 -9 10 -1 -3 -11
right_child=1 3 6 4 -6 -7 -8 8 -10 12 -12 -13 -14
leaf_value=-0.034202414882620082 0.0028375455831900097 0.083100038976266596 -0.027396099909948374 0.028600659893086459 0.0032503330450268384 -0.02046418708812674 0.034430796530248817 0.079874135605771043 -0.025302895714205308 -0.019318497707188392 0.01614085304875822 0.0068228096301719389 -0.056278901667310789
leaf_weight=30.712626792490482 598.65920479595661 11.291891746222975 106.5711682587862 65.943406790494919 846.9801072254777 78.917124211788177 10.520178973674772 9.0084992647171038 13.271680325269697 6.1577123999595633 20.984885938465595 6.8914398401975623 26.391497276723385
leaf_count=60 1929 40 322 216 2732 244 41 34 31 18 59 26 74
internal_value=0.000664989 0.00182567 -0.00311283 0.00604052 0.00508147 0.000123599 -0.0218412 -0.0181385 0.0172231 -0.0274904 -0.0137672 0.0541911 -0.0492867
internal_weight=1832.3 1725.77 794.668 931.107 912.924 677.576 117.091 106.527 22.2802 84.2467 51.6975 18.1833 32.5492
internal_count=5826 5550 2536 3014 2948 2173 363 276 65 211 119 66 92
is_linear=0
shrinkage=0.0657714


Tree=75
num_leaves=14
num_cat=0
split_feature=33 23 31 53 21 31 26 16 44 67 18 22 23
split_gain=8.10659 8.46443 8.80664 9.50916 6.36176 6.15709 8.76597 7.54842 8.07298 6.6366 6.42585 5.6938 4.36995
threshold=-0.8783796973249266 0.048199842815425782 -1.0000000180025095e-35 22.500000000000004 21.968558917583668 -0.6830127018922193 -0.011718247501611044 -8.3608555098542841 1.3216984422922358 -247.14890649999819 -0.02675378961601976 18.326807113677368 0.0065275952929733103
decision_type=2 2 2 2 2 2 2 2 2 2 2 2 2
left_child=1 2 3 -1 -3 7 12 8 -2 -9 -8 -4 -7
right_child=5 4 11 -5 -6 6 10 9 -10 -11 -12 -13 -14
leaf_value=0.057630223079024823 0.084695034474153705 0.089636222738666851 -0.0054363449084401999 -0.0044551935577659425 -0.0069144158766330345 0.026212092952778578 -0.027097946570837483 -0.015176451976013784 -0.0046420805395517035 0.0020222294901568218 0.0050568816548956126 -0.031314401393942398 0.093277603049744348
leaf_weight=11.895618081092833 8.3289338350296038 6.3637513965368253 57.737774364650249 103.72780378162861 5.5067819058895111 11.781817868351938 27.565672516822815 188.89729501307011 9.2188374996185285 199.62885831296444 1088.9468615800142 101.32787214964628 6.5336864888668051
leaf_count=52 37 30 155 303 13 43 66 524 32 647 3660 235 29
internal_value=0.0006273 -0.00953079 -0.0118806 0.0019323 0.044846 0.00251639 0.00500338 -0.00443385 0.0377612 -0.00633959 0.00426301 -0.0219212 0.0501364
internal_weight=1827.46 286.56 274.689 115.623 11.8705 1540.9 1134.83 406.074 17.5478 388.526 1116.51 159.066 18.3155
internal_count=5826 788 745 355 43 5038 3798 1240 69 1171 3726 390 72
is_linear=0
shrinkage=0.0657714


Tree=76
num_leaves=16
num_cat=0
split_feature=33 31 31 33 33 9 5 71 13 41 41 9 21 66 1
split_gain=27.1575 28.9242 23.4908 20.6298 30.3083 16.5545 18.2995 16.4039 20.4916 12.6854 12.5517 12.1298 13.7554 12.1494 8.48697
threshold=-0.8783796973249266 -1.0000000180025095e-35 -1.0000000180025095e-35 -1.0000000180025095e-35 -0.60785761079279388 1.0000000180025095e-35 0.0053205826811543186 561.24612299999751 0.40691921685166538 0.0056461957967814955 0.0015297101800038073 0.52466953014384532 16.629866779393204 -397.64855849999566 0.00030922568139343196
decision_type=2 2 2 2 2 2 2 2 2 2 2 2 2 2 2
left_child=2 3 7 4 -2 9 -7 8 -1 -3 -5 12 -4 -13 -9
right_child=1 5 11 10 -6 6 -8 14 -10 -11 -12 13 -14 -15 -16
leaf_value=0.0044663518345317817 -0.020917739192264129 0.0079603171897353331 -0.003188812974164758 0.0013102920022725229 0.029792212360190209 -0.027089083399618467 -0.0015333656761209573 -0.011948762505494362 -0.06089728548236524 0.10915646221081418 -0.028439045572169568 0.044461998624831099 0.045693508029597291 -0.0042230040365735981 0.034403967752425484
leaf_weight=42.137874707579613 67.867036238312721 40.041485600173473 30.97900265455246 192.302599593997 204.9757973998785 403.0544049218297 173.33630166947842 28.958299458026886 40.873531803488731 6.1865169852972022 90.094459265470505 29.736258834600449 126.95558568835258 87.18750162422657 41.683537065982819
leaf_count=89 457 168 61 846 319 2089 693 70 141 12 454 34 141 184 68
internal_value=-0.00147532 -0.00663347 0.012703 0.00428073 0.0171786 -0.0163666 -0.0194038 -0.00789324 -0.0277177 0.021503 -0.00818078 0.0242168 0.0361052 0.00815865 0.0154025
internal_weight=1606.37 1177.86 428.512 555.24 272.843 622.619 576.391 153.653 83.0114 46.228 282.397 274.858 157.935 116.924 70.6418
internal_count=5826 5038 788 2076 776 2962 2782 368 230 180 1300 420 202 218 138
is_linear=0
shrinkage=0.0657714


Tree=77
num_leaves=14
num_cat=0
split_feature=13 56 30 2 8 23 29 65 21 56 41 20 4
split_gain=8.27247 7.62101 9.72143 7.53594 10.6359 13.1703 9.63515 8.90922 8.5997 5.6453 6.86142 5.07925 1.81565
threshold=0.29879089759434801 63.500000000000007 0.0049143602493464346 48.189007343591108 0.0002466925974985435 0.038031745098177312 0.033831258728925458 -7.3629999999999985e-05 17.425480634895198 48.500000000000007 -2.5818652290954255e-05 18.024412193499888 -0.0010755739050199995
decision_type=2 2 2 2 2 2 2 2 2 2 2 2 2
left_child=1 9 -3 4 5 -2 -6 11 -9 10 -1 -5 -11
right_child=3 2 -4 7 6 -7 -8 8 -10 12 -12 -13 -14
leaf_value=-0.033194944751144213 -0.0013659602102931595 0.080231816892738242 -0.012989314228676862 0.077928618426130594 -0.018936816738642389 0.034501717521676432 0.045915988525173972 0.021002705482632777 0.0023340004294408142 -0.01307821403473618 0.015836324308426596 0.0064949345954804167 -0.055529454294108244
leaf_weight=29.977804325520992 535.38744213432074 7.1219827234745052 15.097820840775965 11.474651508033277 198.34787717461586 48.279266148805618 10.431189328432081 123.41799581795931 789.89907947182655 5.2296672612428692 20.992076002061367 6.8923218697309485 26.16035383939743
leaf_count=60 1715 27 38 40 610 175 36 411 2537 17 59 26 75
internal_value=0.000669076 -0.0172925 0.0168903 0.00175856 -0.00295632 0.00160091 -0.0156966 0.00576881 0.00485673 -0.0265146 -0.0130013 0.0511227 -0.048457
internal_weight=1828.71 104.58 22.2198 1724.13 792.446 583.667 208.779 931.684 913.317 82.3599 50.9699 18.367 31.39
internal_count=5826 276 65 5550 2536 1890 646 3014 2948 211 119 66 92
is_linear=0
shrinkage=0.0657714


Tree=78
num_leaves=14
num_cat=0
split_feature=14 53 10 22 30 51 20 29 53 36 12 8 8
split_gain=7.28391 8.35115 6.56926 9.57344 9.53508 7.10917 6.36765 11.253 8.17925 4.86453 6.44859 3.81218 1.09016
threshold=0.0017918518550250977 38.500000000000007 0.0078067135183202243 22.066800080451305 0.0017369025497275487 55166.045500000007 10.290352714428018 0.00082594377237898986 83.500000000000014 -1.2722476056083087 0.0022996559565557971 -0.00056595890499211421 -7.1558138237726152e-05
decision_type=2 2 2 2 2 2 2 2 2 2 2 2 2
left_child=1 12 3 5 -5 -2 7 -4 -8 11 -11 -3 -1
right_child=2 9 6 4 -6 -7 8 -9 -10 10 -12 -13 -14
leaf_value=-0.058191750089535248 -0.014399860135499671 -0.048309929541664021 0.049541993689564086 -0.046885761824447682 0.053592466359892912 0.066386438416803181 -0.00039708814279009927 -0.0072318402505243415 0.052867784020992105 0.070104323870383956 -0.011502136471641179 0.0011423389196604722 -0.03191347669553949
leaf_weight=16.983713656663898 5.9552064239978817 11.326256185770037 30.849893160164356 11.688569292426111 6.2810318917036048 22.57431560754776 1630.1039458662271 29.586203709244728 12.567258238792418 7.722340106964114 9.1543542593717557 16.665498986840248 11.422124892473219
leaf_count=31 18 20 125 32 26 96 5193 104 48 31 25 51 26
internal_value=0.000596903 -0.0197189 0.00144774 0.0258384 -0.011765 0.0495232 0.000781813 0.0217486 1.04148e-05 -0.00205174 0.0258389 -0.0188674 -0.0476251
internal_weight=1822.88 73.2743 1749.61 46.4991 17.9696 28.5295 1703.11 60.4361 1642.67 44.8684 16.8767 27.9918 28.4058
internal_count=5826 184 5642 172 58 114 5470 229 5241 127 56 71 57
is_linear=0
shrinkage=0.0657714


Tree=79
num_leaves=16
num_cat=0
split_feature=33 31 31 33 33 45 5 66 44 32 25 63 10 51 10
split_gain=24.1004 26.3398 21.4758 18.9374 27.7381 15.0664 15.5739 13.7116 12.2629 11.0864 9.05941 8.98923 10.4889 6.57471 3.34935
threshold=-0.8783796973249266 -1.0000000180025095e-35 -0.5 -1.0000000180025095e-35 -0.60785761079279388 36.463115565629558 0.0053205826811543186 490.30518900000226 0.98817465917210134 -0.24999999999999997 -0.011168852746174849 -1728.6168414999993 0.021159699419844493 55791.819500000005 0.03109676084502154
decision_type=2 2 2 2 2 2 2 2 2 2 2 2 2 2 2
left_child=2 3 7 4 -2 10 -7 9 -5 -1 -3 14 -13 -9 -4
right_child=1 5 11 8 -6 6 -8 13 -10 -11 -12 12 -14 -15 -16
leaf_value=0.010617432705807117 -0.020257383522896071 0.073047332361892287 0.048805671933981408 0.0085679004583482585 0.0285665291678662 -0.024722655147024035 -0.0012390387265664529 0.0014296057091949808 -0.01934844276823303 -0.041626252362804463 -0.0044591124269148952 -0.0048942519135558729 0.024962646906604258 0.060192743498112225 0.019192662242812211
leaf_weight=25.000894859433174 66.834636047482491 12.689991705119612 56.779298260807991 115.68394829332829 203.92036454379559 417.28249617666006 172.73236897587776 22.980836719274521 165.37897299975157 59.124625489115715 13.425789333879946 78.319519266486168 145.38512419164181 12.837465241551397 23.303245678544044
leaf_count=51 457 22 60 455 319 2187 692 51 845 185 61 172 219 13 37
internal_value=-0.00146156 -0.00633633 0.011975 0.00410053 0.0165146 -0.0156838 -0.0178476 -0.0115897 -0.00785823 -0.0261002 0.0332023 0.021279 0.0145097 0.0224906 0.0401886
internal_weight=1591.68 1167.95 423.731 551.818 270.755 616.131 590.015 119.944 281.063 84.1255 26.1158 303.787 223.705 35.8183 80.0825
internal_count=5826 5038 788 2076 776 2962 2879 300 1300 236 83 488 391 64 97
is_linear=0
shrinkage=0.0657714


Tree=80
num_leaves=15
num_cat=0
split_feature=70 54 1 10 10 53 23 2 10 2 52 41 47 24
split_gain=8.18133 7.77254 8.89279 8.32667 8.15837 10.8513 10.1325 6.40037 7.90831 6.05022 5.52386 4.34945 5.36737 3.5105
threshold=2004.6356940000019 67548.582499995013 0.0017000563142843237 0.024961725361510121 0.024031483532283373 48.500000000000007 -0.0081248305204289478 43.104827217571732 0.05903732904430576 67.257565614275265 3.3965000000000011e-05 0.0024035247432955269 0.38402743196607098 0.0014071509628713621
decision_type=2 2 2 2 2 2 2 2 2 2 2 2 2 2
left_child=1 4 3 -3 6 -6 -1 11 9 -9 -10 12 -2 -13
right_child=7 2 -4 -5 5 -7 -8 8 10 -11 -12 13 -14 -15
leaf_value=-0.0068492137733911157 -0.033638801711573213 0.0085198478477246653 -0.051787436593708235 0.063882940575749933 0.00029011569067238351 -0.015032519781727557 0.008758884282662369 0.037557698901543486 0.02762271299211053 0.0029775079489920788 -0.041620883268483892 -0.05956274168571641 0.05958481326505289 0.00099297098758254344
leaf_weight=277.3635029643774 4.7449653595685977 26.039169922471046 5.9509584009647361 21.418014362454414 480.70585460215807 342.30619502812624 512.15904838591814 79.953002534806728 7.9643802940845516 30.137294076383114 13.316858440637587 9.9673763811588305 6.1144213378429413 7.0849100351333609
leaf_count=902 21 97 10 69 1528 1012 1696 275 30 89 35 21 21 20
internal_value=0.00067841 -0.000683177 0.0240022 0.0335059 -0.00150077 -0.00608286 0.00327568 0.0149192 0.0209964 0.0280913 -0.0157069 -0.0136838 0.0188511 -0.034403
internal_weight=1825.23 1665.94 53.4081 47.4572 1612.53 823.012 789.523 159.283 131.372 110.09 21.2812 27.9117 10.8594 17.0523
internal_count=5826 5314 176 166 5138 2540 2598 512 429 364 65 83 42 41
is_linear=0
shrinkage=0.0657714


Tree=81
num_leaves=9
num_cat=0
split_feature=56 56 7 34 23 59 0 21
split_gain=7.75376 9.18921 7.75882 6.30301 13.9397 5.33515 3.6973 0.971325
threshold=83.500000000000014 89.000000000000014 0.10269916505282785 -0.22252093395631442 0.045440976601128565 10.500000000000002 59.363124072098095 21.684847206414336
decision_type=2 2 2 2 2 2 2 2
left_child=2 -2 3 4 -1 -5 7 -4
right_child=1 -3 6 5 -6 -7 -8 -9
leaf_value=-0.0056537967378389193 0.099023807968935521 -0.0084681546866658807 -0.058121187112347233 0.02676896198376023 0.035520120069316152 0.0032101152330476987 0.0096611030873369388 -0.032206594207780111
leaf_weight=737.87729294598103 7.4810389280319196 6.3694785386323929 10.903852343559267 43.477508947253227 37.37146370112896 954.121721804142 7.3550785779952994 14.680741950869558
leaf_count=2146 34 24 26 168 142 3233 27 26
internal_value=0.000568068 0.0495912 0.000192058 0.000779717 -0.00366898 0.00423686 -0.0314364 -0.0432511
internal_weight=1819.64 13.8505 1805.79 1772.85 775.249 997.599 32.9397 25.5846
internal_count=5826 58 5768 5689 2288 3401 79 52
is_linear=0
shrinkage=0.0657714


Tree=82
num_leaves=16
num_cat=0
split_feature=34 5 9 58 6 21 34 58 23 59 25 56 20 70 61
split_gain=30.3365 24.5373 29.8748 26.7649 22.3301 28.6404 21.6362 21.5817 20.1878 18.04 17.5695 16.2734 14.7764 10.3407 4.91555
threshold=1.0000000180025095e-35 0.0058021003509284306 0.98015544641725316 2.1820000000000005e-05 -0.00041191578485100239 21.253315034891717 -0.22252093395631442 -6.9919999999999995e-05 0.018824149946470196 74.500000000000014 -0.0081921311191293627 27.500000000000004 19.584106943262601 -626.83672399999853 1.8370000000000002e-05
decision_type=2 2 2 2 2 2 2 2 2 2 2 2 2 2 2
left_child=4 7 3 -3 5 8 9 11 -1 -6 -8 -2 -7 -9 -4
right_child=1 2 14 -5 6 12 10 13 -10 -11 -12 -13 -14 -15 -16
leaf_value=0.0099296919723218333 -0.022051936785201714 -0.039493914306960184 -0.052925198456658537 0.048743246558334598 -0.0052498738208913232 0.035600851905165147 0.06663941202107114 -0.0098607518467768822 -0.052491517248721482 0.026719294852761807 -0.047202518740444253 0.10730034392686461 0.11271279189175322 -0.036104831647827636 0.0358777920264053
leaf_weight=390.70294959843159 7.81884387880564 18.971834577620029 28.930336713790897 68.795561946928501 429.96902703493834 98.671940684318542 6.4157260581850997 90.69316965341568 23.776928000152111 92.844828709959984 68.252938851714134 9.1086357831954938 12.064108178019522 228.7873779386282 2.9735915064811698
leaf_count=1035 41 116 191 238 1193 178 21 523 114 164 394 11 12 1581 14
internal_value=-0.00141676 -0.0157212 0.00985691 0.0296699 0.00439419 0.0142876 -0.00430256 -0.0248201 0.00634886 0.000427428 -0.0374209 0.0475522 0.0440018 -0.0286547 -0.0446484
internal_weight=1578.78 456.079 119.671 87.7674 1122.7 525.216 597.483 336.408 414.48 522.814 74.6687 16.9275 110.736 319.481 31.9039
internal_count=5826 2715 559 354 3111 1339 1772 2156 1149 1357 415 52 190 2104 205
is_linear=0
shrinkage=0.0657714


Tree=83
num_leaves=16
num_cat=0
split_feature=7 7 7 67 35 10 23 52 1 20 4 59 54 20 63
split_gain=7.62918 18.2547 12.5315 14.4416 12.6804 11.4632 14.9714 10.9174 11.7074 10.3454 10.1127 10.0691 9.02577 8.57603 1.98755
threshold=0.0013312102276198392 0.01858274385395076 -0.034145074754127029 -1665.6923530000035 -0.32169168168234769 0.033138436420949623 -0.0081248305204289478 9.7135000000000011e-05 0.00025356412731319678 9.6073465669967444 0.0084918944256934265 20.500000000000004 66111.189000000013 15.059388698599976 -531.36853550000433
decision_type=2 2 2 2 2 2 2 2 2 2 2 2 2 2 2
left_child=2 5 3 4 -1 6 -2 12 -9 14 -5 -11 -4 -7 -3
right_child=1 9 7 10 -6 13 -8 8 -10 11 -12 -13 -14 -15 -16
leaf_value=0.019538470398328248 -0.028843498029443613 0.084571382607586745 -0.0034365157205452183 0.02251493718449199 -0.034011995492937402 -0.050900512466681896 0.030559382771066831 -0.031048638917371127 -0.0020853023028785138 0.05955325728370315 -0.020472795954684656 -0.0045052371040211559 0.056645779213442451 0.0065377627680238831 0.031082490755292021
leaf_weight=29.501865893602371 20.113837748765945 6.1539658606052399 411.75225849449635 185.73998463898897 54.401619546115398 14.109720230102537 209.71372248232365 147.59283177554607 102.16039384901524 10.831618264317511 27.130887404084206 530.19718449562788 11.10773019492626 55.383978068828583 5.8731527477502805
leaf_count=82 58 20 1290 623 141 36 698 453 311 37 79 1741 39 197 21
internal_value=0.000660389 0.00519941 -0.00333075 0.00792721 -0.0151828 0.0182829 0.0253606 -0.00829805 -0.0192013 -0.00188155 0.0170361 -0.00322276 -0.00185827 -0.00512427 0.0584514
internal_weight=1821.76 852.377 969.388 296.774 83.9035 299.321 229.828 672.613 249.753 553.056 212.871 541.029 422.86 69.4937 12.0271
internal_count=5826 2808 3018 925 223 989 756 2093 764 1819 702 1778 1329 233 41
is_linear=0
shrinkage=0.0657714


Tree=84
num_leaves=10
num_cat=0
split_feature=56 56 33 30 2 8 66 58 35
split_gain=7.19709 8.07491 6.76767 8.62864 12.9549 6.97213 6.36595 8.07267 6.42624
threshold=83.500000000000014 89.000000000000014 -0.8783796973249266 0.0052810389383629594 44.513518395466377 0.002616738590507262 -2571.8678984999942 -3.1514999999999992e-05 -0.25193916932778493
decision_type=2 2 2 2 2 2 2 2 2
left_child=2 -2 3 4 -1 -5 7 -4 -8
right_child=1 -3 6 5 -6 -7 8 -9 -10
leaf_value=-0.023192914347251844 0.093572578143465951 -0.0072191233724515887 -0.064110037502065911 -0.011883630340057622 0.017346566337064422 -0.045384552332612113 0.0090548246801571749 -0.0071579324591840212 -0.00020598524883677272
leaf_weight=55.268904946744442 7.5642071515321714 6.3040624111890793 12.34714302420616 93.906355127692223 89.027947686612606 37.64722066372633 496.51681996136904 84.09738901257515 933.65795895457268
leaf_count=140 34 24 19 257 296 84 1686 256 3030
internal_value=0.000556195 0.047756 0.000193038 -0.00928789 0.00181904 -0.0214707 0.00190618 -0.0144491 0.00300911
internal_weight=1816.34 13.8683 1802.47 275.85 144.297 131.554 1526.62 96.4445 1430.17
internal_count=5826 58 5768 777 436 341 4991 275 4716
is_linear=0
shrinkage=0.0657714


Tree=85
num_leaves=16
num_cat=0
split_feature=34 5 7 23 6 7 33 58 59 56 49 6 52 3 7
split_gain=27.5287 22.9074 31.4591 25.9233 20.2468 31.0949 20.9916 20.0408 19.8772 19.2572 16.7916 16.1064 14.2719 9.32342 8.29642
threshold=1.0000000180025095e-35 0.0058021003509284306 0.059543771646734196 -0.0056921832630303917 -0.00041191578485100239 0.013987193956767509 1.0000000180025095e-35 -6.9919999999999995e-05 26.500000000000004 63.500000000000007 0.0027264346830642746 -0.0011855074838055255 -7.2869999999999985e-05 0.0049104760358104731 0.019521762703863191
decision_type=2 2 2 2 2 2 2 2 2 2 2 2 2 2 2
left_child=4 7 3 -3 5 11 8 12 -6 -4 -8 -1 -2 -9 -7
right_child=1 2 9 -5 6 14 10 13 -10 -11 -12 -13 -14 -15 -16
leaf_value=0.015613653404653685 -0.024300456077169286 0.027354003128180301 0.1317492387060149 -0.042357988190862811 -0.02819369912460868 -0.079151807932253543 -0.029961642010539257 -0.0048053295249324566 0.0096980237908834803 0.020711441749647379 0.054916677922971995 0.059097788805096023 0.097317563407379779 -0.033470044611871419 -0.01836512208637581
leaf_weight=421.98082084208727 7.2901129648089436 44.499220132827759 12.486064791679384 47.929699964821339 71.832940697669983 12.054606072604654 151.83994109928608 60.975725717842579 360.14951780438423 14.724263690412043 10.799727886915205 40.37313998490572 9.7653476595878583 251.72314497083426 49.999140754342079
leaf_count=1043 36 189 20 297 218 61 768 373 757 53 29 63 16 1731 172
internal_value=-0.0013992 -0.0151493 0.00950371 -0.00879567 0.00412273 0.0135434 -0.00418549 -0.0240937 0.00339713 0.0716636 -0.0243255 0.0194107 0.0453337 -0.0278805 -0.0301736
internal_weight=1568.42 449.394 119.639 92.4289 1119.03 524.408 594.622 329.754 431.982 27.2103 162.64 462.354 17.0555 312.699 62.0537
internal_count=5826 2715 559 486 3111 1339 1772 2156 975 73 797 1106 52 2104 233
is_linear=0
shrinkage=0.0657714


Tree=86
num_leaves=11
num_cat=0
split_feature=42 7 7 7 7 53 10 53 12 25
split_gain=7.47127 6.95338 8.05742 15.8755 11.4093 6.22881 12.2662 3.97402 6.03661 1.23297
threshold=0.26608481796280709 0.12976583681473222 0.0013312102276198392 0.01858274385395076 -0.038063336157700571 65.500000000000014 0.030555716494136641 48.500000000000007 0.0023682719771360963 -0.00076482829723001345
decision_type=2 2 2 2 2 2 2 2 2 2
left_child=5 2 4 -4 -2 7 -7 8 -1 -9
right_child=1 -3 3 -5 -6 6 -8 9 -10 -11
leaf_value=0.023096731198156611 0.0098775880590393928 -0.051709550117483224 0.019149655202635098 -0.0001700488818949944 -0.0066824605095942308 0.077030240836021849 -0.040512568358655916 -0.024691110923686855 -0.034279744509572045 -0.057119352232622364
leaf_weight=12.108285792171953 244.34929332882166 10.546314492821692 284.97866454720497 519.21633782982826 683.11460395902395 7.6406048387289029 7.721896156668663 6.9218031913042095 22.999749958515167 18.97879882901907
leaf_count=29 763 22 949 1740 2145 26 17 23 55 57
internal_value=0.000651222 0.00153386 0.00185813 0.00667618 -0.00231956 -0.0194838 0.0179478 -0.0289095 -0.0144914 -0.0484531
internal_weight=1818.58 1742.21 1731.66 804.195 927.464 76.3711 15.3625 61.0086 35.108 25.9006
internal_count=5826 5619 5597 2689 2908 207 43 164 84 80
is_linear=0
shrinkage=0.0657714


Tree=87
num_leaves=9
num_cat=0
split_feature=56 56 7 14 56 66 0 21
split_gain=6.48652 7.26282 7.09043 6.56041 7.80172 6.31833 3.37561 0.983678
threshold=83.500000000000014 89.000000000000014 0.10269916505282785 0.0017918518550250977 38.500000000000007 -2571.8678984999942 59.363124072098095 21.684847206414336
decision_type=2 2 2 2 2 2 2 2
left_child=2 -2 3 4 -1 -5 7 -4
right_child=1 -3 6 5 -6 -7 -8 -9
leaf_value=-0.046532227271006123 0.088458541777330868 -0.0070236888046707347 -0.057128450835425899 -0.014443569110991164 -0.0017293153011914892 0.0025888793831371098 0.0085923996713415541 -0.030676818223479282
leaf_weight=27.142811506986618 7.6217735856771451 6.290255144238472 10.607415154576303 100.12833457440138 44.179791532456875 1595.4032903760672 7.4181869328021994 14.254075437784193
leaf_count=57 34 24 26 284 127 5221 27 26
internal_value=0.000548908 0.0452867 0.000202967 0.000761059 -0.0187797 0.00158304 -0.0303446 -0.0419627
internal_weight=1813.05 13.912 1799.13 1766.85 71.3226 1695.53 32.2797 24.8615
internal_count=5826 58 5768 5689 184 5505 79 52
is_linear=0
shrinkage=0.0657714


Tree=88
num_leaves=16
num_cat=0
split_feature=34 7 0 2 26 7 7 20 4 22 58 7 6 33 6
split_gain=25.1414 19.3785 30.6526 19.3254 19.2946 18.0592 16.2475 15.8395 33.641 13.7071 12.4795 12.3181 11.1736 10.0177 0.00878824
threshold=1.0000000180025095e-35 0.063870710022954427 55.588163880081616 43.774156627801666 0.00053944970428754246 0.06856198925517977 0.014399929917271017 14.007999367998012 0.00047282789223390692 20.034346916075119 -6.9919999999999995e-05 -0.014526730323160706 0.031153474626839598 1.0000000180025095e-35 0.013970270190415525
decision_type=2 2 2 2 2 2 2 2 2 2 2 2 2 2 2
left_child=3 7 14 6 13 -4 11 8 -2 -8 -9 -1 -6 -5 -3
right_child=1 2 5 4 12 -7 9 10 -10 -11 -12 -13 -14 -15 -16
leaf_value=0.0089044745440630419 -0.034681474370343503 -0.050955354778659243 0.13463712423675495 0.012485097100502203 -0.018479533902802339 0.025646897434291101 0.013634863764471278 0.033528009142437372 0.034392485786178213 -0.034629388066018986 -0.030820202300236264 0.03546326050861745 0.040175979451508595 -0.011044499221187318 -0.054909727318835519
leaf_weight=142.433544062078 59.506330765783787 10.651797242462633 10.782237879931929 307.60366341471672 279.9481490328908 16.860487580299377 59.092766784131527 13.709194146096705 62.574902020394802 44.716712333261967 266.15856418013573 160.86285763978958 14.791375689208506 104.98895829170942 3.1502123400568953
leaf_count=387 452 80 13 622 938 61 130 42 298 176 1749 337 30 491 20
internal_value=-0.0013831 -0.0146297 0.0281909 0.00388724 -0.00268352 0.0681593 0.0153037 -0.0190449 0.00072361 -0.00715532 -0.0276681 0.0229908 -0.0155359 0.00649772 -0.0518579
internal_weight=1557.83 443.394 41.4447 1114.44 707.332 27.6427 407.106 401.949 122.081 103.809 279.868 303.296 294.74 412.593 13.802
internal_count=5826 2715 174 3111 2081 74 1030 2541 750 306 1791 724 968 1113 100
is_linear=0
shrinkage=0.0657714


Tree=89
num_leaves=7
num_cat=0
split_feature=29 6 70 21 2 9
split_gain=7.65513 7.52604 9.65247 8.91868 7.28706 3.47146
threshold=0.070863757414571085 0.031153474626839598 2004.6356940000019 20.844121247230465 43.104827217571732 1.0519680693665305
decision_type=2 2 2 2 2 2
left_child=1 2 3 -1 -4 -3
right_child=-2 5 4 -5 -6 -7
leaf_value=0.0033481748405068614 0.071602148253438538 -0.059176205912650173 -0.013975039949051232 -0.0065595080468380477 0.023804855536478528 -0.0054306567480773785
leaf_weight=985.40254848450422 6.5521663874387732 13.219790667295458 27.00502485781908 653.80992605537176 121.23080379515886 8.5683137625455839
leaf_count=3205 22 32 81 2056 403 27
internal_value=0.00063853 0.000381534 0.000849879 -0.000603565 0.0169223 -0.0380404
internal_weight=1815.79 1809.24 1787.45 1639.21 148.236 21.7881
internal_count=5826 5804 5745 5261 484 59
is_linear=0
shrinkage=0.0657714


Tree=90
num_leaves=10
num_cat=0
split_feature=56 56 14 56 20 6 16 63 8
split_gain=5.8904 6.63941 5.62095 7.33855 5.86511 10.232 5.55002 5.39704 1.14644
threshold=83.500000000000014 89.000000000000014 0.0017918518550250977 38.500000000000007 10.290352714428018 -0.0034442437642545616 -9.0350730076737893 -429.35411900000173 -7.1558138237726152e-05
decision_type=2 2 2 2 2 2 2 2 2
left_child=2 -2 3 8 5 -4 -6 -5 -1
right_child=1 -3 4 7 6 -7 -8 -9 -10
leaf_value=-0.056943791652919004 0.084352117604384089 -0.0069455325276485515 0.062274608395043576 -0.02571626713538629 0.021036090256805695 0.0039596461906863199 -0.00050657652444814508 0.020380986299472242 -0.029047617215329054
leaf_weight=15.521937474608423 7.6359979808330518 6.2792897075414658 18.147308602929115 21.001847624778748 53.451646476984024 46.030235663056374 1609.1214649677277 23.040528148412704 10.811965793371199
leaf_count=31 34 24 76 46 187 168 5153 81 26
internal_value=0.000526608 0.0431539 0.000196542 -0.0180237 0.000939134 0.0204492 0.000186019 -0.00160074 -0.0454904
internal_weight=1811.04 13.9153 1797.13 70.3763 1726.75 64.1775 1662.57 44.0424 26.3339
internal_count=5826 58 5768 184 5584 244 5340 127 57
is_linear=0
shrinkage=0.0657714


Tree=91
num_leaves=16
num_cat=0
split_feature=34 5 9 58 58 28 7 21 33 56 25 56 21 70 61
split_gain=23.2752 20.0344 25.5314 22.2442 17.818 15.2069 29.1885 23.0424 19.9041 16.0605 16.0068 13.3953 10.5858 10.5074 4.7085
threshold=1.0000000180025095e-35 0.0058021003509284306 0.98015544641725316 2.1820000000000005e-05 -6.9919999999999995e-05 49.664635037674152 0.013987193956767509 21.432735288484896 0.87837969732492682 23.500000000000004 -0.0081921311191293627 27.500000000000004 13.182159913279014 -626.83672399999853 1.8370000000000002e-05
decision_type=2 2 2 2 2 2 2 2 2 2 2 2 2 2 2
left_child=5 4 3 -3 11 6 7 -1 9 -7 -10 -2 -8 -6 -4
right_child=1 2 14 -5 13 8 12 -9 10 -11 -12 -13 -14 -15 -16
leaf_value=0.010122779415564696 -0.022053807227169948 -0.038390449729476049 -0.052173753016710629 0.043057779694420754 -0.0071931637022368006 -0.030729995310432179 0.023268623292983046 0.04636607752546297 0.061490430192769105 0.0051842271349143189 -0.045935402818400181 0.094084472370272509 -0.04352937966875034 -0.034331489247487502 0.034659801157600853
leaf_weight=355.88280395418406 7.7907775714993504 18.220265679061413 27.157345756888393 71.142398372292519 86.648400373756886 60.944429583847523 12.897196501493452 96.448711439967155 6.6121178120374671 463.65015115588903 64.829387947916985 9.577446408569811 50.246926791965961 214.48917891830206 2.9997340738773337
leaf_count=927 41 116 191 238 523 221 31 157 21 1148 396 11 210 1581 14
internal_value=-0.00132949 -0.0141702 0.00879201 0.0264512 -0.0227868 0.00373079 0.0120032 0.0178508 -0.00342351 0.00101192 -0.0359928 0.0419889 -0.0298859 -0.0265228 -0.0435364
internal_weight=1549.54 438.026 119.52 89.3627 318.506 1111.51 515.476 452.332 596.036 524.595 71.4415 17.3682 63.1441 301.138 30.1571
internal_count=5826 2715 559 354 2156 3111 1325 1084 1786 1369 417 52 241 2104 205
is_linear=0
shrinkage=0.0657714


Tree=92
num_leaves=9
num_cat=0
split_feature=29 3 7 30 30 7 7 55
split_gain=7.00951 7.22488 15.0019 9.71365 16.2854 11.8098 8.80133 8.12953
threshold=0.070863757414571085 0.013328108783394346 -0.023383695726767514 0.0073784026629901281 0.007789875407760531 -0.0046455724522289068 -0.072213179380191214 0.00031078500000000005
decision_type=2 2 2 2 2 2 2 2
left_child=1 3 6 5 -5 -1 -3 -4
right_child=-2 2 7 4 -6 -7 -8 -9
leaf_value=-0.0069233484114275597 0.068558740620020611 -0.011967949958353536 -0.033586716348427303 0.048131401127349475 0.0045941274496186825 0.0053562616000074111 0.023144808855836304 0.031730522271552632
leaf_weight=599.64180942624807 6.5437743961811057 62.996212258934975 100.2146704941988 49.834741935133934 146.20380268245935 778.86559004336596 60.575370073318481 8.9817394465208036
leaf_count=1891 22 200 304 182 460 2550 194 23
internal_value=0.000609965 0.000363942 -0.0104517 0.00196283 0.0156617 1.47106e-05 0.00524449 -0.0282142
internal_weight=1813.86 1807.31 232.768 1574.55 196.039 1378.51 123.572 109.196
internal_count=5826 5804 721 5083 642 4441 394 327
is_linear=0
shrinkage=0.0657714


Tree=93
num_leaves=9
num_cat=0
split_feature=56 7 56 10 29 17 0 21
split_gain=5.41602 6.50021 5.98443 5.83748 6.22455 4.32182 3.15273 0.964901
threshold=83.500000000000014 0.10269916505282785 89.000000000000014 0.079299853207418614 -0.026224552947574472 -0.00032689573932626986 59.363124072098095 21.684847206414336
decision_type=2 2 2 2 2 2 2 2
left_child=1 3 -2 4 -1 -5 7 -3
right_child=2 6 -4 5 -6 -7 -8 -9
leaf_value=-0.014409268370971243 0.080543549775807702 -0.0560728761012367 -0.0062687025410758301 0.08440772066562699 0.0014193551007622898 0.011686281421837195 0.0080737783529665867 -0.029536692650964161
leaf_weight=115.04198749363422 7.6260735094547254 10.315383195877081 6.2505265325307846 6.1014462560415259 1633.2595441415906 8.4052682220935804 7.4582159966230384 13.935440510511397
leaf_count=330 34 26 24 28 5297 34 27 26
internal_value=0.000508177 0.000191659 0.0414401 0.000722563 0.000377798 0.0422725 -0.029323 -0.0408242
internal_weight=1808.39 1794.52 13.8766 1762.81 1748.3 14.5067 31.709 24.2508
internal_count=5826 5768 58 5689 5627 62 79 52
is_linear=0
shrinkage=0.0657714


Tree=94
num_leaves=16
num_cat=0
split_feature=34 5 5 57 2 38 58 52 28 7 28 7 6 12 29
split_gain=21.4883 18.6541 23.9179 19.3879 16.7955 19.0443 16.4858 11.989 11.1197 11.1179 15.0944 12.088 10.4558 9.07361 4.48614
threshold=1.0000000180025095e-35 0.0058021003509284306 0.011827037269379727 53039.325000000004 44.043590215838258 0.00053944970428754246 -6.9919999999999995e-05 -7.2869999999999985e-05 48.360232390409223 0.013674954269500274 50.387861161135305 -0.014526730323160706 0.031153474626839598 0.0034187963828614444 0.05457753406532085
decision_type=2 2 2 2 2 2 2 2 2 2 2 2 2 2 2
left_child=4 6 3 -3 9 8 7 -2 -6 11 -11 -1 -7 -8 -4
right_child=1 2 14 -5 5 12 13 -9 -10 10 -12 -13 -14 -15 -16
leaf_value=0.0067741457965391225 -0.024801078472030159 -0.052711872294877046 -0.053049577166392102 0.036898833075657701 0.023101853606552095 -0.018533774004356542 -0.013541173556996597 0.08584896292240661 -0.00066140460953974061 -0.038723603318701318 0.012976996127979356 0.033059194861568511 0.038347217850335041 -0.036643058072830831 0.028937608776656541
leaf_weight=144.3010783419013 7.2379911839962032 12.045346111059187 25.571588873863224 78.583464339375496 121.95699438452721 273.3350485637784 138.24083177000284 10.213118150830267 282.50457413494587 36.064377754926682 75.714350327849388 159.16675615310669 14.73324680328369 157.15404513478279 3.2544855028390876
leaf_count=396 36 82 172 289 270 929 952 16 827 148 178 333 30 1152 16
internal_value=-0.00128297 -0.0137195 0.00839079 0.0249888 0.00357028 -0.00270078 -0.0221619 0.0399559 0.00650391 0.0140289 -0.00370373 0.0205605 -0.0156246 -0.0258317 -0.0437932
internal_weight=1540.08 432.301 119.455 90.6288 1107.78 692.53 312.846 17.4511 404.462 415.247 111.779 303.468 288.068 295.395 28.8261
internal_count=5826 2715 559 371 3111 2056 2156 52 1097 1055 326 729 959 2104 188
is_linear=0
shrinkage=0.0657714


Tree=95
num_leaves=9
num_cat=0
split_feature=42 29 7 7 43 10 10 42
split_gain=6.56365 6.03035 7.05298 6.7943 4.84598 6.43952 4.04292 0.763234
threshold=0.26608481796280709 0.070863757414571085 0.12976583681473222 0.0013312102276198392 0.3943938855853395 0.011002969632007002 0.018275758742954961 0.24099049507290601
decision_type=2 2 2 2 2 2 2 2
left_child=4 2 3 -2 5 -1 -7 -6
right_child=1 -3 -4 -5 7 6 -8 -9
leaf_value=0.044355985521625896 -0.0023841340330167347 0.065917122288828955 -0.055489429755333566 0.005899533589596999 -0.057664567194611514 -0.052358222511050462 -0.0073317743849969624 -0.030558324485080862
leaf_weight=8.3931285217404348 917.64377257227898 6.2453354001045218 9.451589606702326 803.25804235041142 11.665374591946604 11.359918884932993 35.850614957511425 7.3091036155819884
leaf_count=27 2895 21 21 2682 30 30 98 22
internal_value=0.000583539 0.00140405 0.00117121 0.0014824 -0.0185226 -0.00872871 -0.0181662 -0.0472231
internal_weight=1811.18 1736.6 1730.35 1720.9 74.5781 55.6037 47.2105 18.9745
internal_count=5826 5619 5598 5577 207 155 128 52
is_linear=0
shrinkage=0.0657714


Tree=96
num_leaves=15
num_cat=0
split_feature=67 28 35 67 55 66 52 36 11 40 10 10 62 48
split_gain=5.04699 9.35853 9.22227 7.04838 6.90992 6.81358 8.17292 7.47686 6.02308 5.91149 5.77569 3.8999 2.07641 1.27022
threshold=-6398.1068109999969 45.85793570082415 0.12971594947244949 -821.67213399999957 -3.0839999999999989e-05 882.0296860000044 -8.6379999999999983e-05 -0.90346235216291337 0.0035409186993569102 -0.0014013335120509616 0.0107275833227193 0.039667868203836963 302.63819849999931 44.271680326762812
decision_type=2 2 2 2 2 2 2 2 2 2 2 2 2 2
left_child=1 11 9 4 8 6 -5 -7 -2 -3 -6 13 -4 -1
right_child=3 2 12 5 10 7 -8 -9 -10 -11 -12 -13 -14 -15
leaf_value=-0.045360113695359146 -0.038009478026754022 0.038503817821099177 -0.027119999392041259 0.041809824570471499 -0.027892113645491521 -0.012971409753215698 0.0042747303439661238 0.0091097956055279285 0.02359465772020811 0.11154708482525855 -0.0016826742026612217 0.022932220367745382 0.028811266873757811 -0.0066555926807563455
leaf_weight=9.4749523550272006 46.213618703186512 10.445920467376711 6.4306082129478437 25.801962062716484 39.920114234089851 209.64773860573769 914.9970586001873 97.040845595300198 8.0633998662233335 8.8570050448179263 409.17282857745886 9.6370515972375852 5.187541127204895 5.9849350899457923
leaf_count=22 106 40 20 106 108 633 3024 328 33 42 1296 30 20 18
internal_value=0.000499811 0.0199333 0.0441525 -0.000121955 -0.00669143 0.00252887 0.00530415 -0.00598459 -0.0288576 0.0720192 -0.00401245 -0.00990636 -0.00214651 -0.0303766
internal_weight=1806.88 56.018 30.9211 1750.86 503.37 1247.49 940.799 306.689 54.277 19.3029 449.093 25.0969 11.6181 15.4599
internal_count=5826 192 122 5634 1543 4091 3130 961 139 82 1404 70 40 40
is_linear=0
shrinkage=0.0657714


Tree=97
num_leaves=16
num_cat=0
split_feature=34 5 9 53 2 26 58 61 56 35 7 70 28 67 61
split_gain=19.7969 17.3753 22.6573 19.6259 15.3443 17.4452 15.2166 11.81 11.4786 10.5966 11.0679 10.3347 10.1016 8.77454 4.63571
threshold=1.0000000180025095e-35 0.0058021003509284306 0.98015544641725316 68.500000000000014 44.043590215838258 0.00053944970428754246 -6.9919999999999995e-05 2.5295000000000001e-05 27.500000000000004 0.62137874748267541 0.014399929917271017 -626.83672399999853 48.360232390409223 2676.1316474999962 2.4515000000000002e-05
decision_type=2 2 2 2 2 2 2 2 2 2 2 2 2 2 2
left_child=4 6 3 -3 9 12 8 -7 -2 10 -1 -8 -6 -11 -4
right_child=1 2 14 -5 5 7 11 -9 -10 13 -12 -13 -14 -15 -16
leaf_value=0.022445851183052631 -0.021977907620384478 0.036387916972842604 -0.051605963792753159 -0.052787383844630657 0.022047094273765829 -0.019506057758373156 -0.005799073576627665 0.024489587258664115 0.085023515296110741 -0.057277443593517927 -0.0024366023095256017 -0.033113126799434386 -0.00061922116540821467 0.044608831021412741 0.035315770813631756
leaf_weight=288.90730222314596 7.7560265511274364 78.158671669661999 25.917673178017143 12.365175336599348 121.73983383178711 257.54337877035141 84.622987687587738 29.407677315175533 9.8380561247467977 15.390575848519804 105.59562166780233 205.30708897858858 282.2628085911274 4.7959321439266196 2.957024708390235
leaf_count=678 41 272 192 82 270 893 523 66 11 65 304 1581 827 8 13
internal_value=-0.00123924 -0.0132691 0.00802547 0.0242069 0.00340583 -0.00259677 -0.0215368 -0.0149972 0.0378539 0.0134073 0.0157856 -0.0251409 0.00621092 -0.0330712 -0.0427044
internal_weight=1532.57 426.923 119.399 90.5238 1105.64 690.954 307.524 286.951 17.5941 414.689 394.503 289.93 404.003 20.1865 28.8747
internal_count=5826 2715 559 354 3111 2056 2156 959 52 1055 982 2104 1097 73 205
is_linear=0
shrinkage=0.0657714


Tree=98
num_leaves=15
num_cat=0
split_feature=70 21 35 70 59 4 48 22 42 25 36 51 5 14
split_gain=6.40516 8.36433 10.515 10.0443 9.82825 7.51907 7.31996 7.10167 5.93501 6.81355 7.15985 5.99258 6.13106 5.40332
threshold=2004.6356940000019 19.93566838741091 0.83268359672882253 -1269.8858864999979 8.5000000000000018 -0.0051559174068911964 56.868477899263475 21.876044518527682 0.59297422776318454 -0.0002799829096895578 -1.1803625645315889 55400.401500000007 -0.0014940952913258807 0.0076276097615374776
decision_type=2 2 2 2 2 2 2 2 2 2 2 2 2 2
left_child=1 3 6 7 -4 -5 -3 -1 9 10 -2 13 -13 -10
right_child=8 2 4 5 -6 -7 -8 -9 11 -11 -12 12 -14 -15
leaf_value=-0.027066248100453136 -0.031137490669059496 -0.0062399272265936303 -0.056044536839973347 -0.0053638210462418831 0.011782111475953882 0.011229312132265445 -0.025072449645022137 0.0011322152520409795 0.063001733734997858 -0.044053600983870726 0.056373176017223484 -0.039214988209265861 0.014902037997447083 0.020461102487512206
leaf_weight=67.654283821582794 7.3354087248444584 522.47557055205107 9.7469670474529249 152.70326969772577 178.25529561191797 521.86824749410152 107.68364349752665 90.07298294454813 19.940646156668663 15.204683326184748 9.0147295296192187 10.669907718896864 59.875515274703503 36.663906626403332
leaf_count=179 25 1621 32 497 602 1774 314 295 65 34 33 43 184 128
internal_value=0.000550601 -0.000662942 -0.00538542 0.00397932 0.00826564 0.00747311 -0.00945809 -0.010963 0.0131709 -0.0123607 0.0171119 0.0195071 0.0067169 0.0354473
internal_weight=1809.17 1650.46 818.161 832.299 188.002 674.572 630.159 157.727 158.705 31.5548 16.3501 127.15 70.5454 56.6046
internal_count=5826 5314 2569 2745 634 2271 1935 474 512 92 58 420 227 193
is_linear=0
shrinkage=0.0657714


Tree=99
num_leaves=13
num_cat=0
split_feature=14 53 29 23 30 66 70 2 47 38 46 3
split_gain=5.1261 6.89942 5.21401 8.83539 10.7313 6.99143 7.97537 6.78373 6.72918 4.42675 3.70959 1.08131
threshold=0.0017918518550250977 38.500000000000007 -0.026224552947574472 0.0099218309791662147 0.0063151239870755781 882.0296860000044 -292.54634850000156 47.696709596399167 0.79254962607441082 -0.00059970752640947634 0.00023441368740568269 0.0041876369390506487
decision_type=2 2 2 2 2 2 2 2 2 2 2 2
left_child=1 11 3 7 -5 6 -4 -2 -7 -3 -11 -1
right_child=2 9 5 4 -6 8 -8 -9 -10 10 -12 -13
leaf_value=-0.027370545146120494 -0.00825497106867841 0.036389739079672828 -0.001815733922001422 -0.035422752666321604 0.072369079642878753 -0.01376756869612036 0.0088425314526483709 -0.04526929132924571 0.0043174861047086269 0.0097035823333198185 -0.034299880982707191 -0.055363478007563471
leaf_weight=9.7306502163410205 70.247848764061928 10.300178959965704 514.33084451407194 6.41600473225117 10.589698597788809 204.47508225589991 741.61925055831671 30.814869269728661 157.59859548509121 16.084785982966423 17.096252799034119 15.443140327930449
leaf_count=29 196 39 1625 20 46 616 2536 84 519 49 39 28
internal_value=0.000485732 -0.017141 0.0011828 -0.0121605 0.0317008 0.00215646 0.00447781 -0.0195409 -0.00589575 -0.00127638 -0.0129688 -0.0445431
internal_weight=1804.75 68.655 1736.09 118.068 17.0057 1618.02 1255.95 101.063 362.074 43.4812 33.181 25.1738
internal_count=5826 184 5642 346 66 5296 4161 280 1135 127 88 57
is_linear=0
shrinkage=0.0657714


Tree=100
num_leaves=16
num_cat=0
split_feature=34 0 22 63 6 21 33 59 10 25 12 36 6 64 26
split_gain=18.2756 15.046 20.2303 14.7085 13.7779 22.9602 17.4765 15.2413 14.6418 14.6138 13.4926 20.7265 12.0944 10.7332 10.4873
threshold=1.0000000180025095e-35 55.527400248364664 15.995213646414562 3480.4493979999957 -0.00041191578485100239 21.253315034891717 0.87837969732492682 74.500000000000014 0.035316556923417348 -0.0081921311191293627 0.0030118157222914109 -1.6249249602228997 0.008109091259626779 0.0051729641156121895 0.00041281390965342007
decision_type=2 2 2 2 2 2 2 2 2 2 2 2 2 2 2
left_child=4 10 12 -4 5 14 7 -6 -7 -8 11 -2 -3 -12 -1
right_child=1 2 3 -5 6 8 9 -9 -10 -11 13 -13 -14 -15 -16
leaf_value=0.011411862071544187 0.051681571963969858 0.021981004187185318 0.033026811329588041 -0.053069800873524177 -0.0047799695234386121 0.050828741092336385 0.056630502802854608 0.024884349815505767 -0.0077171463479553462 -0.044924688498775477 -0.038443247617061783 -0.018409410074587514 -0.052410194779646993 0.0067712276354868267 -0.010811980007167488
leaf_weight=273.7464654892683 23.728740736842155 13.435333929955958 78.898769788444042 9.6314131394028646 423.52853161841631 84.424729198217392 6.8038779795169821 91.028534777462482 23.656927406787872 61.851734340190887 158.27601291239262 79.051150187849998 31.902901716530323 26.516510225832462 138.24018009752035
leaf_count=720 105 63 316 67 1193 118 21 164 72 394 1203 577 225 159 429
internal_value=-0.00120075 -0.0128514 0.0053629 0.0236602 0.00324968 0.0110331 -0.00369099 0.000467844 0.0380142 -0.0348604 -0.0213304 -0.00222754 -0.0303654 -0.0319553 0.00395476
internal_weight=1524.72 421.441 133.868 88.5302 1103.28 520.068 583.213 514.557 108.082 68.6556 287.572 102.78 45.3382 184.793 411.987
internal_count=5826 2715 671 383 3111 1339 1772 1357 190 415 2044 682 288 1362 1149
is_linear=0
shrinkage=0.0657714


Tree=101
num_leaves=12
num_cat=0
split_feature=29 6 13 36 67 3 30 49 22 46 21
split_gain=6.09203 7.31559 6.90016 9.37788 5.31846 4.54397 5.24824 8.0951 2.71019 2.47857 2.15423
threshold=0.039793199719764923 0.02941494486667318 0.29879089759434801 -1.8181137273229615 -3742.9642300000046 0.012044505637022388 0.011302715375678066 0.0021081990322921406 17.553356176268107 0.0010127578862340434 23.801233531166378
decision_type=2 2 2 2 2 2 2 2 2 2 2
left_child=1 2 4 -4 -1 9 7 -7 -8 -2 -3
right_child=5 10 3 -5 -6 6 8 -9 -10 -11 -12
leaf_value=-0.054957863648924549 0.025392255584245311 -0.058128186054200046 0.025292628177752643 0.00036705559704936234 -0.010461252820575606 -0.04876243249934803 0.068533327893907911 0.044540856257917122 0.012534518413046782 0.085133008498639959 -0.016489421499129669
leaf_weight=13.500704079866408 5.3695240765809995 11.216286391019823 68.118518881499767 1575.9886422380805 83.413824521005154 10.580387040972711 7.3565847128629667 6.4899787008762351 7.6020529270172119 6.8199897557497025 10.320586651563643
leaf_count=36 21 25 233 5120 231 38 25 19 29 22 27
internal_value=0.000528111 -7.68054e-05 0.000394475 0.00139977 -0.0166599 0.0246402 0.0116333 -0.0132895 0.0400745 0.058817 -0.0381747
internal_weight=1806.78 1762.56 1741.02 1644.11 96.9145 44.2185 32.029 17.0704 14.9586 12.1895 21.5369
internal_count=5826 5672 5620 5353 267 154 111 57 54 43 52
is_linear=0
shrinkage=0.0657714


Tree=102
num_leaves=10
num_cat=0
split_feature=56 56 67 28 35 67 30 52 20
split_gain=4.89389 5.51988 4.96949 8.72755 9.04843 5.66686 9.1027 7.35263 3.66158
threshold=83.500000000000014 89.000000000000014 -6398.1068109999969 45.85793570082415 0.12971594947244949 -821.67213399999957 0.004887529303280882 0.00016836000000000002 18.086521132175211
decision_type=2 2 2 2 2 2 2 2 2
left_child=2 -2 3 8 -5 7 -7 -4 -1
right_child=1 -3 5 4 -6 6 -8 -9 -10
leaf_value=-0.025855544406462705 0.07720869578684296 -0.0063571746060573989 -0.0076739048769364857 0.072737313505140122 -0.0017672885589434357 0.0086417397926505397 -0.002806174795435983 0.043126257645575643 0.028932126807968847
leaf_weight=17.207795120775703 7.5738131850957853 6.2337107807397842 483.61643410474062 18.152492836117748 11.530667513608931 513.19642534852028 724.83445762097836 12.647286295890806 7.6107613071799269
leaf_count=41 34 24 1475 77 40 1774 2280 52 29
internal_value=0.000474592 0.039481 0.000173505 0.019729 0.0437954 -0.000441043 0.00193929 -0.00637926 -0.00905457
internal_weight=1802.6 13.8075 1788.8 54.5017 29.6832 1734.29 1238.03 496.264 24.8186
internal_count=5826 58 5768 187 117 5581 4054 1527 70
is_linear=0
shrinkage=0.0657714


Tree=103
num_leaves=16
num_cat=0
split_feature=34 5 7 22 66 21 68 0 36 21 56 7 57 30 21
split_gain=16.767 15.6662 20.47 22.4651 14.9748 16.3487 20.441 14.7243 14.0311 19.2249 13.0691 12.9789 12.0506 8.40842 5.85169
threshold=1.0000000180025095e-35 0.0058021003509284306 0.059543771646734196 20.811331048451169 -238.19513199999778 19.551916155797588 0.0011670644712203917 52.174300289905403 -1.6249249602228997 21.731804151112758 63.500000000000007 0.049833518305116405 62808.311500000003 0.0016252637907434606 24.217884513453978
decision_type=2 2 2 2 2 2 2 2 2 2 2 2 2 2 2
left_child=4 8 3 -3 11 6 -6 -7 9 -2 -4 12 -1 -10 -13
right_child=1 2 10 -5 5 7 -8 -9 13 -11 -12 14 -14 -15 -16
leaf_value=0.018213247754861443 -0.012594142026603821 -0.022389826201208295 0.10086951236496573 0.06647547427457727 -0.010228669804854788 0.020041583490276134 -0.071575036032921688 -0.0049076042607811687 0.023239723960009829 0.088718794076133811 0.012547951258034281 -0.062080849727360721 -0.024121462507695732 -0.028951207777181728 0.027269234764570802
leaf_weight=383.03717488050461 29.07564664632082 74.669948540627956 14.217423215508463 14.734294623136519 201.14251508563757 162.41013562679291 26.603992648422718 276.60927738249302 14.127891153097151 11.232330940663813 14.783486150205134 14.019920103251936 31.476532265543938 243.64854465425014 4.0974605605006209
leaf_count=936 188 440 20 46 635 352 125 870 85 48 53 75 109 1835 9
internal_value=-0.00117008 -0.0124085 0.00783099 -0.00774435 0.00308744 -0.00309574 -0.0173948 0.00432206 -0.0204481 0.015638 0.0558468 0.0126169 0.0149985 -0.0260908 -0.0418733
internal_weight=1515.89 416.49 118.405 89.4042 1099.4 666.766 227.747 439.019 298.084 40.308 29.0009 432.631 414.514 257.776 18.1174
internal_count=5826 2715 559 486 3111 1982 760 1222 2156 236 73 1129 1045 1920 84
is_linear=0
shrinkage=0.0657714


Tree=104
num_leaves=13
num_cat=0
split_feature=65 13 12 12 23 53 10 53 9 27 10 38
split_gain=5.87609 5.67089 6.1284 15.1963 7.46651 4.89929 8.50527 4.88207 4.68457 3.55306 2.39688 2.12491
threshold=-7.3629999999999985e-05 0.29879089759434801 0.0054079211566976813 0.0038776615456685083 -0.0070815229346984912 63.500000000000007 0.029433603217609617 48.500000000000007 0.422501226203917 0.00092851680130123803 0.033355474519487428 0.00047868515341320533
decision_type=2 2 2 2 2 2 2 2 2 2 2 2
left_child=8 5 3 -3 -4 7 -7 -2 11 10 -10 -1
right_child=1 2 4 -5 -6 6 -8 -9 9 -11 -12 -13
leaf_value=0.020401827587318806 -0.010296284723515917 -0.0017268497680447352 0.003764464833555913 0.015406038939220242 -0.010078318435771703 0.060381292050365465 -0.024561116247103887 -0.044659331592446956 0.091018456924832264 0.013182688935569413 0.034691397442958967 -0.035292906156444717
leaf_weight=6.3040868341922742 47.775181330740452 648.71864023059607 303.94106321781874 342.0202658623457 378.41039059311152 9.1276259273290652 11.554420605301855 28.587213888764381 7.611007288098337 8.9051146954298002 5.7271576747298241 5.5920309126377106
leaf_count=22 118 2117 972 1147 1200 33 29 91 25 31 23 18
internal_value=0.000508904 -1.23558e-05 0.000884216 0.00418772 -0.0039123 -0.0154697 0.0129266 -0.0231605 0.0275364 0.0453539 0.0668327 -0.0057787
internal_weight=1804.27 1770.13 1673.09 990.739 682.351 97.0444 20.682 76.3624 34.1394 22.2433 13.3382 11.8961
internal_count=5826 5707 5436 3264 2172 271 62 209 119 79 48 40
is_linear=0
shrinkage=0.0657714


Tree=105
num_leaves=13
num_cat=0
split_feature=16 67 28 4 67 22 30 47 43 67 12 26
split_gain=4.59179 5.61568 5.47543 11.1047 9.81339 9.54284 7.93915 6.20823 4.65471 4.60827 2.82227 3.1706
threshold=-9.4031126988007774 344.73513950000091 46.400222208350435 -0.0061710354592133245 -6835.902643000004 17.520489743874695 0.004127891773656577 0.3765483616565416 1.4178436100399618 -194.09273900000088 0.0070558615892587851 0.00057622222993003469
decision_type=2 2 2 2 2 2 2 2 2 2 2 2
left_child=1 8 5 7 -5 -2 -7 -4 9 -1 11 -3
right_child=2 10 3 4 -6 6 -8 -9 -10 -11 -12 -13
leaf_value=0.0027751741101413479 0.065920362600552063 -0.016140600208530191 0.066288533041405986 0.04215183713216334 1.4129680112267131e-05 0.0073030810535953603 -0.01535237437966231 0.012641727463178725 0.08810929857757617 0.074348186560813906 -0.029703906457217637 0.047503910113025696
leaf_weight=12.737257063388828 7.4868474155664435 6.5779031068086642 17.074212804436684 24.340883612632751 1345.6436545848846 92.103960029780865 244.63196556270123 20.578045859932899 6.8717159926891318 5.6034100651741037 9.8031563162803632 6.9781253784894943
leaf_count=39 32 20 74 96 4345 324 715 72 31 24 25 29
internal_value=0.000466015 0.020414 -8.70561e-05 0.00173127 0.000762802 -0.00752275 -0.00915566 0.036969 0.0419402 0.024642 -0.00282009 0.0166212
internal_weight=1800.43 48.5716 1751.86 1407.64 1369.98 344.223 336.736 37.6523 25.2124 18.3407 23.3592 13.556
internal_count=5826 168 5658 4587 4441 1071 1039 146 94 63 74 49
is_linear=0
shrinkage=0.0657714


Tree=106
num_leaves=16
num_cat=0
split_feature=34 66 7 28 20 4 53 7 17 57 66 14 20 22 6
split_gain=15.3586 13.6821 13.4313 19.979 15.2746 29.2555 12.7518 11.8682 11.504 10.9783 10.6483 14.8883 13.3697 5.84116 0.00267864
threshold=1.0000000180025095e-35 -238.19513199999778 0.059543771646734196 55.207636747077956 14.007999367998012 0.00047282789223390692 69.500000000000014 0.049833518305116405 -0.00012892125716562172 62808.311500000003 429.36699800000292 0.0019966779967767619 11.607927753008839 15.939892456277901 0.012454810012844987
decision_type=2 2 2 2 2 2 2 2 2 2 2 2 2 2 2
left_child=1 7 4 14 5 -2 -5 9 -6 -1 11 -3 -12 -9 -4
right_child=2 10 3 6 8 -7 -8 13 -10 -11 12 -13 -14 -15 -16
leaf_value=0.017351449944012907 -0.032256072248067258 0.023488264322465285 -0.049673108458078513 0.07198282468334613 -0.0075350747189355969 0.034373737589043746 -0.021025730557632853 0.030861316869618204 -0.03642681635389141 -0.023158901757251393 -0.055986985848429482 -0.016859819777146269 0.008187305752370224 -0.060793492487735197 -0.052134135733517356
leaf_weight=382.87191141396761 52.805126499384642 45.880493149161339 9.8805434554815275 24.783058017492294 97.249188583344221 61.94981212168932 8.5858943834900838 3.8470412641763714 154.06850851327181 31.304650589823723 14.694388918578623 287.2482743486762 317.02578341960907 13.789533466100691 2.3725793063640586
leaf_count=936 448 75 87 39 652 294 62 7 1118 109 65 941 901 77 15
internal_value=-0.00114263 0.00292378 -0.0119747 0.0216768 -0.0161685 0.00371366 0.0480515 0.0120395 -0.0252469 0.0142896 -0.00299678 -0.0113028 0.00534454 -0.040801 -0.0501496
internal_weight=1508.36 1096.66 411.695 45.6221 366.073 114.755 33.369 431.813 251.318 414.177 664.849 333.129 331.72 17.6366 12.2531
internal_count=5826 3111 2715 203 2512 742 101 1129 1770 1045 1982 1016 966 84 102
is_linear=0
shrinkage=0.0657714


Tree=107
num_leaves=15
num_cat=0
split_feature=70 21 35 1 17 1 8 36 27 69 40 30 2 28
split_gain=5.34547 7.24641 9.65098 10.7302 10.122 8.60318 12.0845 11.8354 4.65532 5.70009 5.30853 4.72191 5.0516 3.30645
threshold=2004.6356940000019 20.844121247230465 0.65289296737054359 0.0011233740911498335 -0.00030968153969433926 7.2724176506690249e-05 0.0018864574354752197 -2.0369966226838696 0.0024929683025102238 5.7999999999999879e-07 0.011241031263094727 0.01035916623517298 45.360951601770189 55.010459798523222
decision_type=2 2 2 2 2 2 2 2 2 2 2 2 2 2
left_child=1 5 3 -3 -4 7 -7 -1 9 10 -2 12 -10 -13
right_child=8 2 4 -5 -6 6 -8 -9 11 -11 -12 13 -14 -15
leaf_value=0.077593732647025626 0.001502935987287691 -0.0070860134032521222 0.061742424891806133 -0.034760814862334621 0.0015177051327448703 0.018431179155326743 -0.01348970428792156 -0.0022472062969951063 -0.0049719500090932549 0.057559803201948714 -0.055077845839958769 0.022264208540114506 0.039832013783357441 -0.041569744461783222
leaf_weight=8.1307952776551229 63.366547137498856 354.5538289770484 12.77172529697418 73.10144579410553 220.43911791592836 251.05437976121902 64.481427706778049 658.70428224653006 13.740825012326239 6.933363400399684 8.0888195335865003 6.652265787124632 52.39716100692749 7.431658498942852
leaf_count=33 206 1110 44 219 732 824 200 2152 47 25 21 22 173 18
internal_value=0.00049087 -0.000622109 -0.00594723 -0.0118166 0.00481589 0.00296023 0.011908 -0.0012737 0.0120215 0.000622591 -0.00490207 0.02316 0.0305235 -0.011419
internal_weight=1801.85 1643.24 660.866 427.655 233.211 982.371 315.536 666.835 158.611 78.3887 71.4554 80.2219 66.138 14.0839
internal_count=5826 5314 2105 1329 776 3209 1024 2185 512 252 227 260 220 40
is_linear=0
shrinkage=0.0657714


Tree=108
num_leaves=13
num_cat=0
split_feature=14 56 10 56 3 3 30 32 63 52 46 3
split_gain=4.5611 6.46837 4.96462 8.09315 6.97596 5.82292 11.3124 6.91625 4.76797 6.13828 2.44966 1.08314
threshold=0.0017918518550250977 38.500000000000007 0.0078067135183202243 62.500000000000007 0.0044986715458583881 0.0047419809617172933 0.0031723297484576754 0.6830127018922193 -429.35411900000173 6.6115000000000013e-05 0.00023441368740568269 0.0041876369390506487
decision_type=2 2 2 2 2 2 2 2 2 2 2 2
left_child=1 11 3 4 -2 7 -7 -4 10 -10 -3 -1
right_child=2 8 5 -5 -6 6 -8 -9 9 -11 -12 -13
leaf_value=-0.026287534597105418 0.021245892942284194 -0.0048228496407852796 -0.024341733415790993 -0.03028027566197055 0.090291223525266029 0.0202126023422502 -0.00022117175311331573 0.028669677386421677 -0.0090537112249934396 0.060052073850866305 -0.051134945555870816 -0.054727023329804836
leaf_weight=9.5671136230230349 28.608270809054375 11.743678927421572 71.077905029058456 9.9750856310129148 8.1286870092153531 127.32962143421173 1473.2901860028505 12.522098317742346 13.470248788595201 9.4686583355069143 8.5289953947067243 14.685884460806845
leaf_count=29 108 33 193 28 36 480 4749 48 41 40 13 28
internal_value=0.000453207 -0.0163244 0.00110713 0.0222578 0.0365234 0.000520513 0.00140434 -0.0164014 -0.0010671 0.0194716 -0.024307 -0.0435085
internal_weight=1798.4 67.4646 1730.93 46.712 36.737 1684.22 1600.62 83.6 43.2116 22.9389 20.2727 24.253
internal_count=5826 184 5642 172 144 5470 5229 241 127 81 46 57
is_linear=0
shrinkage=0.0657714


Tree=109
num_leaves=16
num_cat=0
split_feature=13 31 20 15 29 3 1 34 63 21 49 7 7 1 71
split_gain=14.4218 14.4422 13.9209 14.6691 13.6004 15.3792 14.2365 12.0874 9.94748 18.374 11.3742 9.56039 20.9113 9.73369 8.43491
threshold=0.56085445584915361 -0.6830127018922193 14.325329688522032 -0.00072441273433489358 -0.020689099799055918 0.006642156521487752 0.0020378029883812115 1.0000000180025095e-35 -1077.073662500007 16.300746373609023 0.0023340181173182781 0.0037538059925809057 0.025247719550007267 0.00028753684998782239 -1166.5488864999984
decision_type=2 2 2 2 2 2 2 2 2 2 2 2 2 2 2
left_child=8 2 3 -2 5 -3 -6 -4 11 14 -11 13 -13 -1 -10
right_child=1 4 7 -5 6 -7 -8 -9 9 10 -12 12 -14 -15 -16
leaf_value=0.038524637068386873 -0.0064797282111715808 0.11557576956368194 0.0064007854996209384 0.047997108026493526 -0.019071924547995261 0.0054104863799426329 0.013342647243769478 -0.028116918101980162 0.015745387200227161 0.0079563736934334349 -0.055533610907646136 -0.073767887646372682 0.019446454205868883 -0.0065987395432088479 -0.066978173251893716
leaf_weight=104.19334600120783 34.428918667137623 5.8976137340068808 155.98913783580065 56.425570666790009 496.53112863004208 77.740039464086294 66.458696477115154 61.065627563744783 6.9122301787138012 316.42150456830859 12.696069717407225 13.638991206884382 43.987640477716923 25.800700947642326 23.32449908554554
leaf_count=183 143 9 431 169 2611 290 236 419 16 905 57 63 107 69 118
internal_value=-0.00110691 -0.00598635 0.00573757 0.0273533 -0.011569 0.0131787 -0.0152455 -0.00331034 0.0074083 0.000999327 0.00550718 0.0196836 -0.00261539 0.0295687 -0.0480673
internal_weight=1501.51 954.537 307.909 90.8545 646.627 83.6377 562.99 217.055 546.975 359.354 329.118 187.621 57.6266 129.994 30.2367
internal_count=5826 4308 1162 312 3146 299 2847 850 1518 1096 962 422 170 252 134
is_linear=0
shrinkage=0.0657714


Tree=110
num_leaves=8
num_cat=0
split_feature=29 6 70 54 27 55 44
split_gain=5.51347 6.10899 6.47516 7.13384 5.60769 3.7466 0.171052
threshold=0.070863757414571085 0.031153474626839598 2004.6356940000019 67548.582499995013 0.0024419932884856004 2.6120000000000004e-05 0.98817465917210134
decision_type=2 2 2 2 2 2 2
left_child=1 2 3 -1 -4 -3 -7
right_child=-2 5 4 -5 -6 6 -8
leaf_value=-0.0013350486982401902 0.061162511148388721 0.0097351872209344454 0.00099142194196372158 0.023367220754723316 0.026539781922353994 -0.059273669045506648 -0.044786175470297868
leaf_weight=1571.8004176393151 6.4517641216516486 5.6578933894634273 74.124718509614468 52.254877686500549 74.535563006997108 8.5901787728071195 5.9794600754976264
leaf_count=5087 22 14 239 174 245 25 20
internal_value=0.000470706 0.000252311 0.000662412 -0.00054024 0.0138009 -0.0356884 -0.0533279
internal_weight=1799.39 1792.94 1772.72 1624.06 148.66 20.2275 14.5696
internal_count=5826 5804 5745 5261 484 59 45
is_linear=0
shrinkage=0.0657714


Tree=111
num_leaves=10
num_cat=0
split_feature=67 22 30 36 36 8 20 13 30
split_gain=4.46126 11.1405 7.11061 4.64806 12.3085 10.1525 9.14496 7.88354 5.15075
threshold=-8813.8600840000036 21.588641371911489 0.0065951713442269381 -1.9822409099590916 -1.7261477638093339 0.0028559355736165197 10.728953075033504 1.56437708178858 0.005056399315798747
decision_type=2 2 2 2 2 2 2 2 2
left_child=1 -1 -3 5 7 6 -2 -5 -6
right_child=3 2 -4 4 8 -7 -8 -9 -10
leaf_value=0.08889975745076148 0.0454472014110388 -0.030131201813757589 0.058817264582423902 -0.031259307405062338 0.0048714951927545111 0.086990359457202543 -0.02755176318718815 0.050133162124717655 -0.0025242297692545925
leaf_weight=8.5711380690336245 13.358476899564268 12.36884116381407 5.6699998378753653 74.614284291863441 730.92198237776756 8.3153869509696943 16.710004702210426 5.5293386578559867 920.23959933966398
leaf_count=38 55 34 24 207 2460 37 48 23 2900
internal_value=0.000431694 0.0271619 -0.00217277 2.97639e-05 -0.00047213 0.0226677 0.00487937 -0.0256438 0.000749646
internal_weight=1796.3 26.61 18.0388 1769.69 1731.31 38.3839 30.0685 80.1436 1651.16
internal_count=5826 96 58 5730 5590 140 103 230 5360
is_linear=0
shrinkage=0.0657714


Tree=112
num_leaves=13
num_cat=0
split_feature=21 21 67 66 4 57 36 46 33 9 33 7
split_gain=12.2637 15.2618 17.798 16.7179 12.9361 11.0996 9.83319 9.26743 6.05238 8.35841 0.220027 0.0106441
threshold=27.441706690136723 19.896728371909791 -1198.2656760000016 178.42063200000297 -0.0054009300965542342 69243.893000000011 -0.36230506090646503 0.0035959066692996399 -1.0000000180025095e-35 1.2046157436492175 -1.0000000180025095e-35 0.057826288410256839
decision_type=2 2 2 2 2 2 2 2 2 2 2 2
left_child=1 2 3 -1 -4 6 -3 8 9 -2 -7 -10
right_child=7 5 4 -5 -6 10 -8 -9 11 -11 -12 -13
leaf_value=0.013774958852202635 -0.029767223088392279 0.006901284308150445 0.0069384405866353051 -0.031052353461804592 -0.020967569322753801 -0.072902389404804507 0.05937356974075518 0.037345330328027677 -0.052147217674533827 0.052075470628852275 -0.05286048730186757 -0.055884830504586813
leaf_weight=226.21870272234082 28.720401398837566 692.55973922461271 91.541405860334635 42.797594621777534 334.21573996543884 3.5554190427064896 15.801776267588137 8.8997713848948461 33.004197783768177 6.6474580168724051 7.1045724339783174 3.6617241725325576
leaf_count=720 119 2440 385 185 1562 19 45 19 238 22 49 23
internal_value=-0.0010734 0.000352003 -0.00659978 0.00664342 -0.0149675 0.00706934 0.00807181 -0.0259732 -0.0337962 -0.0143847 -0.059545 -0.0525205
internal_weight=1494.73 1413.79 694.773 269.016 425.757 719.022 708.362 80.9336 72.0338 35.3679 10.66 36.6659
internal_count=5826 5405 2852 905 1947 2553 2485 421 402 141 68 261
is_linear=0
shrinkage=0.0657714


Tree=113
num_leaves=13
num_cat=0
split_feature=65 20 7 49 12 56 53 1 9 27 10 26
split_gain=5.30241 5.45828 12.9677 11.3952 9.97093 11.2686 9.57288 5.95144 4.15821 3.15207 2.18816 1.96806
threshold=-7.3629999999999985e-05 14.811944947716164 0.059543771646734196 0.0013424216000100704 0.0053798831580846784 20.500000000000004 77.500000000000014 0.00078755155580119852 0.422501226203917 0.00092851680130123803 0.033355474519487428 0.00047868515341320533
decision_type=2 2 2 2 2 2 2 2 2 2 2 2
left_child=8 2 3 -2 5 -3 -6 -4 11 10 -10 -1
right_child=1 4 7 -5 6 -7 -8 -9 9 -11 -12 -13
leaf_value=0.019641414483680904 -0.010124349396992624 0.044710192991103417 0.045908897534016391 0.023327699899802851 -0.0020336863894582884 0.006141317264933617 -0.043993168574404301 -0.031827979136425343 0.0858948364253731 0.012512628788530334 0.032265791512416583 -0.034195247175216784
leaf_weight=6.2975777089595777 532.05105318129063 34.714063540101051 28.950415894389153 48.026515647768974 504.93304690718651 584.98782854527235 24.670215472579002 4.9954395145177832 7.6793579608201998 8.9392578005790693 5.7596380263566971 5.5050453096628189
leaf_count=22 1714 116 106 143 1606 1939 67 16 25 31 23 18
internal_value=0.00046119 -3.6161e-05 -0.00504254 -0.00735475 0.00263853 0.00830184 -0.00398826 0.0344692 0.0261186 0.0427786 0.0629107 -0.00546938
internal_weight=1797.51 1763.33 614.023 580.078 1149.31 619.702 529.603 33.9459 34.1809 22.3783 13.439 11.8026
internal_count=5826 5707 1979 1857 3728 2055 1673 122 119 79 48 40
is_linear=0
shrinkage=0.0657714


Tree=114
num_leaves=8
num_cat=0
split_feature=30 10 12 36 4 52 34
split_gain=4.44417 11.1095 4.87106 10.8294 6.72669 4.38039 1.36865
threshold=0.017707340720740272 0.074684665721061097 0.011312535612286515 -1.0154741820961921 0.0062888444487728687 1.4685000000000001e-05 -0.22252093395631442
decision_type=2 2 2 2 2 2 2
left_child=1 2 4 -4 -1 -3 -7
right_child=-2 5 3 -5 -6 6 -8
leaf_value=-0.00067089390497415159 -0.044140959290777167 0.011240700655640317 -0.038286060196244746 0.025923596819527259 0.012526540456208489 0.10280058825232272 0.055390681229132807
leaf_weight=1526.3333401754498 9.6261634677648527 6.5649597346782711 38.254362002015114 16.163521707057953 187.60367207229137 5.4009680449962625 5.1417107582092259
leaf_count=4910 22 27 106 60 654 25 22
internal_value=0.000428579 0.000668872 0.00015858 -0.0192141 0.000773667 0.0534159 0.0796786
internal_weight=1795.09 1785.46 1768.35 54.4179 1713.94 17.1076 10.5427
internal_count=5826 5804 5730 166 5564 74 47
is_linear=0
shrinkage=0.0657714


Tree=115
num_leaves=16
num_cat=0
split_feature=13 40 42 34 70 53 21 53 5 25 5 42 16 59 34
split_gain=13.1296 14.3098 13.217 13.0908 12.8739 9.20543 20.9178 13.9941 13.2801 8.85161 7.48368 7.16449 6.58773 2.44132 0.0681378
threshold=0.56085445584915361 0.011788586998977892 0.84089522906430314 0.81174490092936691 -54.079023999998753 60.500000000000007 19.382546161099615 71.500000000000014 0.0089864152544038029 -0.0029158310793175875 0.0053205826811543186 0.6918726525397324 2.1935282447602451 35.500000000000007 -0.22252093395631442
decision_type=2 2 2 2 2 2 2 2 2 2 2 2 2 2 2
left_child=5 2 4 -4 -2 8 11 -8 10 13 -1 -7 -11 -3 -10
right_child=1 9 3 -5 -6 6 7 -9 14 12 -12 -13 -14 -15 -16
leaf_value=0.011252559584808253 -0.0047231723875285209 -0.058238857856694082 0.0033706732331424756 -0.023856600295263791 -0.029906881702151979 -0.057248057094016293 -0.021659265380291958 0.028766219420440262 -0.064750671554032441 0.025425875688592434 0.041400643526114368 0.0026941923992381289 0.088555915057632675 0.0099144087112496022 -0.053989418604238552
leaf_weight=344.01446184888482 174.68943445757031 4.4506552293896657 466.01012911647558 91.366086725145578 176.56168308481574 36.050732165575027 37.934519827365875 63.930750869214535 6.2809090316295624 17.861865274608139 39.731674373149872 11.338603306561707 11.923941209912298 4.6482820883393288 4.2795160859823209
leaf_count=906 716 26 1887 691 900 160 136 135 27 53 85 42 19 16 27
internal_value=-0.00104294 -0.00571754 -0.00738962 -0.00109247 -0.0173821 0.00710563 -0.00680631 0.00998782 0.0123716 0.0333543 0.014374 -0.042906 0.0506983 -0.0234221 -0.0603898
internal_weight=1491.07 947.512 908.627 557.376 351.251 543.561 149.255 101.865 394.307 38.8847 383.746 47.3893 29.7858 9.09894 10.5604
internal_count=5826 4308 4194 2578 1616 1518 473 271 1045 114 991 202 72 42 54
is_linear=0
shrinkage=0.0657714


Tree=116
num_leaves=14
num_cat=0
split_feature=42 53 10 60 10 49 12 7 7 7 3 1 53
split_gain=5.19511 5.66556 12.9711 5.46245 8.65151 9.63521 8.00043 7.08792 16.6778 12.6779 3.95612 4.39845 2.83327
threshold=0.26608481796280709 65.500000000000014 0.030443135084636083 -0.00080632780524553238 0.0115576455357057 0.00034181364503619763 0.010516743465486852 0.0013312102276198392 0.017397779993730492 -0.039057372868563693 0.0051991825820830104 0.00012160978671389259 21.500000000000004
decision_type=2 2 2 2 2 2 2 2 2 2 2 2 2
left_child=1 10 -3 4 5 -2 -6 9 -9 -5 11 -1 -12
right_child=3 2 -4 7 6 -7 -8 8 -10 -11 12 -13 -14
leaf_value=-0.031415635127975614 0.079857899773777871 0.083089348930318732 -0.039414800998107298 0.009251943112771388 0.0034779819464184113 -0.0078014280402639571 0.051934183786530863 0.020097210948366011 -0.0028992109015019479 -0.010439766132090815 0.0013944700534354419 0.048666449266056545 -0.042845935640736681
leaf_weight=6.1374568641185743 14.543867006897928 7.1509456336498243 7.8361045718193054 192.63896361738443 327.43572526425123 8.6504934132099134 15.434473499655722 198.82957291603088 434.66580647230148 532.09489250928164 7.5293940529227248 5.7432210072875023 37.206764906644821
leaf_count=21 50 25 18 608 1053 29 55 657 1480 1687 20 21 102
internal_value=0.00043753 -0.0169217 0.019037 0.0011584 0.00828911 0.0471648 0.00565926 -0.000763442 0.00431847 -0.00520558 -0.0264404 0.00729673 -0.0354
internal_weight=1795.9 71.6039 14.9871 1724.29 366.065 23.1944 342.87 1358.23 633.495 724.734 56.6168 11.8807 44.7362
internal_count=5826 207 43 5619 1187 79 1108 4432 2137 2295 164 42 122
is_linear=0
shrinkage=0.0657714


Tree=117
num_leaves=9
num_cat=0
split_feature=56 7 7 10 66 17 0 36
split_gain=4.39864 5.61061 4.97089 4.94733 5.14209 3.59312 2.8433 0.768369
threshold=83.500000000000014 0.10269916505282785 0.10893301466329565 0.079299853207418614 -2571.8678984999942 -0.00032689573932626986 59.363124072098095 -1.3143765642730707
decision_type=2 2 2 2 2 2 2 2
left_child=1 3 -2 4 -1 -5 7 -3
right_child=2 6 -4 5 -6 -7 -8 -9
leaf_value=-0.014517902613837827 0.0046529857082547327 -0.049317807246692588 0.085444584866154472 0.076841813610178653 0.0011735948017504235 0.010595144872202865 0.0074881073589608254 -0.024986156880062796
leaf_weight=95.609585113823414 8.069216459989546 13.49243396520615 5.5673566758632651 6.1883854418992987 1639.3981374427676 8.2813127189874631 7.4685793966054908 9.6154713034629822
leaf_count=277 33 28 25 28 5350 34 27 24
internal_value=0.000425217 0.000140143 0.0376375 0.000628306 0.000308897 0.0389275 -0.0277908 -0.0391931
internal_weight=1793.69 1780.05 13.6366 1749.48 1735.01 14.4697 30.5765 23.1079
internal_count=5826 5768 58 5689 5627 62 79 52
is_linear=0
shrinkage=0.0657714


Tree=118
num_leaves=16
num_cat=0
split_feature=34 5 9 55 12 71 54 2 26 7 28 60 62 18 18
split_gain=12.1645 13.8461 18.5601 16.4361 13.095 17.2285 13.5191 12.2849 13.5228 10.5521 11.5127 10.4402 10.0814 9.34387 4.1109
threshold=1.0000000180025095e-35 0.0058021003509284306 0.98015544641725316 9.9600000000000022e-05 0.0034187963828614444 1430.2732834999963 62830.785000000011 43.774156627801666 0.00053944970428754246 0.014399929917271017 50.387861161135305 0.0014271869778144099 -876.60975249999717 0.011385596387890608 0.0068481333520986629
decision_type=2 2 2 2 2 2 2 2 2 2 2 2 2 2 2
left_child=7 4 3 -3 5 -2 -6 9 13 11 -11 -1 -10 -9 -4
right_child=1 2 14 -5 6 -7 -8 8 12 10 -12 -13 -14 -15 -16
leaf_value=0.023380682784154731 -0.015344185158322313 -0.0084948689570609505 0.029676487705500972 0.048055288262864343 -0.040444712818575777 0.043885941783069052 0.019957854730235099 0.0012734332466701043 -0.066710768065148487 -0.038866266171787969 0.0087161921076513004 -0.010189750407774747 -0.010803352410322846 0.031735490682043614 -0.050575379800137814
leaf_weight=250.26633057743311 115.28585993871093 40.557032056152821 3.1445156335830715 49.210814915597439 124.47425783053041 26.04300719127059 18.398406531661749 352.12037348002195 14.712275516241787 32.460042826831341 68.239961698651314 47.715010151267052 270.22176372259855 49.708654202520847 22.652217388153076
leaf_count=567 852 211 16 143 1039 138 127 995 74 139 167 157 894 118 189
internal_value=-0.00101106 -0.0108193 0.00837616 0.022506 -0.0186247 -0.00442971 -0.0326664 0.00260128 -0.00272996 0.0117848 -0.00662173 0.0180051 -0.0136901 0.00504177 -0.040793
internal_weight=1485.21 399.766 115.565 89.7678 284.202 141.329 142.873 1085.44 686.763 398.681 100.7 297.981 284.934 401.829 25.7967
internal_count=5826 2715 559 354 2156 990 1166 3111 2081 1030 306 724 968 1113 205
is_linear=0
shrinkage=0.0657714


Tree=119
num_leaves=9
num_cat=0
split_feature=29 3 7 30 30 7 7 55
split_gain=5.03562 5.54762 11.9675 8.2184 13.3547 9.40464 8.0668 7.28299
threshold=0.070863757414571085 0.013328108783394346 -0.023383695726767514 0.0073784026629901281 0.007789875407760531 -0.0046455724522289068 -0.072213179380191214 0.00031078500000000005
decision_type=2 2 2 2 2 2 2 2
left_child=1 3 6 5 -5 -1 -3 -4
right_child=-2 2 7 4 -6 -7 -8 -9
leaf_value=-0.0064569071790788598 0.058807525173942235 -0.012124959953189005 -0.031135800126537345 0.04341481158811606 0.0040732589864666199 0.0045601469051632267 0.021565583244159681 0.031854058445569586
leaf_weight=590.36201505362988 6.3653581738471976 62.439111612737179 95.011354476213455 50.332029074430466 144.43800460547209 775.4648354947567 60.565091669559479 8.6645185500383359
leaf_count=1891 22 200 304 182 460 2550 194 23
internal_value=0.000411975 0.000204 -0.00941064 0.00160055 0.0142398 -0.00020184 0.00446367 -0.0258715
internal_weight=1793.64 1787.28 226.68 1560.6 194.77 1365.83 123.004 103.676
internal_count=5826 5804 721 5083 642 4441 394 327
is_linear=0
shrinkage=0.0657714


Tree=120
num_leaves=15
num_cat=0
split_feature=3 30 7 20 29 23 30 12 19 36 36 1 20 22
split_gain=4.30089 10.3496 12.7759 7.57071 8.94842 6.6071 6.5517 5.89551 8.76368 6.14436 6.79294 5.70719 5.01178 3.0034
threshold=0.0047419809617172933 0.0031723297484576754 -0.0082963238933535504 10.290352714428018 0.0038517238292221649 0.0043365484007427133 0.0031187498085273337 0.0015253892336294498 0.0026182256760310945 -1.2873795401168973 -1.1141920956434703 -9.6922850091496523e-05 14.546813605689261 20.761492018971015
decision_type=2 2 2 2 2 2 2 2 2 2 2 2 2 2
left_child=7 2 12 4 -3 -5 -4 8 11 13 -11 -1 -2 -9
right_child=1 3 6 5 -6 -7 -8 9 -10 10 -12 -13 -14 -15
leaf_value=0.045370668711997096 0.072303573645853755 0.045032982400798956 -0.00077316143840949953 -0.0052267697535867668 -0.012040109544621353 0.0037110257964366295 0.0627437746616894 -0.054505757601574882 0.076658953696903037 0.045110044907406957 -0.015427885494841099 -0.013155259976257718 0.028771350934897008 -0.017794828493587541
leaf_weight=8.8166904151439649 19.000798568129539 33.098703756928444 86.939104005694389 773.01284058392048 18.540798485279083 666.07752837240696 7.6425893753767005 23.479590609669685 6.9211338758468619 9.4015376120805723 54.493399761617184 39.497102841734886 28.752404928207397 16.356017336249352
leaf_count=36 81 136 305 2435 63 2180 32 46 30 36 170 119 111 46
internal_value=0.00041054 0.00141583 0.0183608 -0.000202068 0.0245413 -0.00108994 0.00435927 -0.00991692 0.00744079 -0.0191596 -0.0065203 -0.00247498 0.0460926 -0.0394327
internal_weight=1792.03 1633.06 142.335 1490.73 51.6395 1439.09 94.5817 158.965 55.2349 103.731 63.8949 48.3138 47.7532 39.8356
internal_count=5826 5343 529 4814 199 4615 337 483 185 298 206 155 192 92
is_linear=0
shrinkage=0.0657714


Tree=121
num_leaves=16
num_cat=0
split_feature=13 36 7 20 22 3 14 36 29 22 1 45 7 35 48
split_gain=11.3351 13.9467 15.1328 12.2674 14.4223 13.9016 11.7213 10.5788 16.9728 13.0438 12.7904 13.3559 11.487 9.57375 9.3685
threshold=0.56085445584915361 -0.91652928337292539 0.0028799632062652685 11.696475895735313 25.750505876663656 0.0049104760358104731 0.0062062604112887313 -1.0803487790115958 -0.00048543819787805193 16.690694481119667 0.00064353636410543786 55.369323382932031 0.0037538059925809057 -0.59520803879763784 58.562831039030101
decision_type=2 2 2 2 2 2 2 2 2 2 2 2 2 2 2
left_child=7 3 6 4 -2 -5 -3 8 12 -10 13 -12 -1 -9 -4
right_child=1 2 14 5 -6 -7 -8 10 9 -11 11 -13 -14 -15 -16
leaf_value=0.025741585249191432 -0.035537798555582083 -0.031515803383015392 -0.044696369979243408 0.039490947865944752 0.070583367908370165 0.00051634417759009396 0.006263673260174029 -0.0065658880200267057 0.013633324665706339 -0.033378045746053422 -0.040702140315581482 0.018010875776416527 -0.013011873784373977 0.031151027007703537 -0.0062582152331655165
leaf_weight=98.093327216804028 62.036127977073193 49.097002197057009 94.323870986700058 42.868835620582104 6.0831874683499327 517.45171718671918 128.51534228026867 35.45955041795969 35.523841440677643 90.763802357017994 30.784928157925606 36.789095059037209 49.928268633782864 162.65288702398539 38.676817536354065
leaf_count=213 385 282 602 168 24 2169 493 115 88 358 123 95 167 359 185
internal_value=-0.000974747 -0.005341 -0.0167422 0.000294155 -0.026061 0.0034982 -0.00417963 0.00661816 -0.00244174 -0.0201541 0.0159721 -0.00873721 0.0126699 0.0244002 -0.0335185
internal_weight=1479.05 939.053 310.613 628.44 68.1193 560.321 177.612 539.996 274.309 126.288 265.686 67.574 148.022 198.112 133.001
internal_count=5826 4308 1562 2746 409 2337 775 1518 826 446 692 218 380 474 787
is_linear=0
shrinkage=0.0657714


Tree=122
num_leaves=11
num_cat=0
split_feature=29 6 66 35 21 3 44 12 20 44
split_gain=4.83155 5.78122 6.6591 9.16861 5.88944 4.10774 4.77106 4.11933 2.25907 2.02635
threshold=0.039793199719764923 0.02941494486667318 3713.1689270000006 0.89585627460460382 20.844121247230465 0.012044505637022388 1.3947750201756499 0.0097427751528498894 18.690017695222057 1.0319296335762891
decision_type=2 2 2 2 2 2 2 2 2 2
left_child=1 2 4 -4 -1 8 7 -7 -2 -3
right_child=5 9 3 -5 -6 6 -8 -9 -10 -11
leaf_value=0.0027875898216508381 0.078917217185947353 -0.052332057594340106 0.045459080011784975 -0.020464109637101283 -0.005146058284919517 0.0018494130113141307 -0.041598027806262219 0.056708510021858685 0.021998010487275236 -0.0092481104024139497
leaf_weight=1007.843846552074 6.9508108049631101 12.062460750341417 30.415686443448067 13.03880353271961 676.42583932727575 15.989347025752073 6.3448383510112754 9.403309613466261 5.3289215415716171 7.7604930177330962
leaf_count=3316 22 29 105 33 2166 57 20 34 21 23
internal_value=0.000394067 -0.000148009 0.0002572 0.0256784 -0.000398672 0.0219153 0.00941744 0.0221646 0.0542165 -0.0354651
internal_weight=1791.56 1747.55 1727.72 43.4545 1684.27 44.0172 31.7375 25.3927 12.2797 19.823
internal_count=5826 5672 5620 138 5482 154 111 91 43 52
is_linear=0
shrinkage=0.0657714


Tree=123
num_leaves=15
num_cat=0
split_feature=67 22 53 50 10 62 5 10 36 28 12 67 46 10
split_gain=4.28329 6.88108 4.92641 4.8248 13.3894 7.66076 8.04343 7.18216 5.99968 5.91298 4.54044 4.25302 2.72638 1.105
threshold=-6398.1068109999969 22.304332890273827 48.500000000000007 0.77372534872522769 0.029073916669939991 950.64500850000252 0.0083571057095078744 0.020160290056698817 -1.6349039775559449 59.914913552524389 0.0077694337180242304 -8813.8600840000036 -0.0017136161615303972 0.033794182466550596
decision_type=2 2 2 2 2 2 2 2 2 2 2 2 2 2
left_child=1 2 11 5 7 6 -2 -5 -6 -7 12 -1 -3 -4
right_child=3 10 13 4 8 9 -8 -9 -10 -11 -12 -13 -14 -15
leaf_value=0.058254350029074704 -0.00077679803597015934 0.014731303190947762 0.057167342020969354 0.0095265150752326978 0.039164720078535296 -0.015078070612907593 0.025785817315694133 0.038643516156085418 -0.010119802301241539 0.028756313949442242 0.049754086431986776 -0.017279899991675989 -0.03014581438692418 0.099223348160302427
leaf_weight=6.0181910395622253 1136.1897870227695 9.1659028604626709 5.4811230450868589 92.5289501324296 11.553464844822882 226.2377882450819 51.551829144358635 60.679204918444157 142.17142976820469 14.144489094614981 5.9822930544614783 6.946955472230913 16.217499665915966 5.3313232585787773
leaf_count=24 3665 29 22 323 45 682 189 241 432 57 25 22 45 25
internal_value=0.000390439 0.0184366 0.0451213 -0.000183102 0.00729826 -0.001791 0.000376105 0.0210585 -0.00641574 -0.0124988 -0.00179242 0.0177818 -0.0139408 0.077904
internal_weight=1790.2 55.1433 23.7776 1735.06 306.933 1428.12 1187.74 153.208 153.725 240.382 31.3657 12.9651 25.3834 10.8124
internal_count=5826 192 93 5634 1041 4593 3854 564 477 739 99 46 74 47
is_linear=0
shrinkage=0.0657714


Tree=124
num_leaves=16
num_cat=0
split_feature=34 5 5 57 58 2 26 61 11 52 35 56 67 3 28
split_gain=11.0265 12.7424 17.2838 15.3738 13.7841 11.0975 13.6264 10.4118 9.85821 9.63557 8.6333 8.52062 8.29383 8.11878 5.18553
threshold=1.0000000180025095e-35 0.0058021003509284306 0.011827037269379727 53039.325000000004 -6.9919999999999995e-05 44.043590215838258 0.00053944970428754246 2.5295000000000001e-05 -0.0025215691139249814 -7.2869999999999985e-05 0.62137874748267541 41.500000000000007 2676.1316474999962 0.0049104760358104731 52.586631237725861
decision_type=2 2 2 2 2 2 2 2 2 2 2 2 2 2 2
left_child=5 4 3 -3 9 10 8 -8 -7 -2 11 -1 -12 -6 -4
right_child=1 2 14 -5 13 6 7 -9 -10 -11 12 -13 -14 -15 -16
leaf_value=0.022513730497338826 -0.02154216984575286 -0.051873412092027928 0.044362004440045247 0.031425263371591461 0.0007144733064431189 0.025239544813096832 -0.018143458307705425 0.02365586916140951 -0.00020843438485488523 0.079646531491977576 -0.0558803500705859 0.0029732832086524735 0.044136256714578062 -0.027664652892667226 -0.051560332714729838
leaf_weight=203.12988508492708 6.7549887597560909 10.899854578077791 2.7445923238992718 79.43769421428442 55.26845458894968 83.490350715816021 249.70405227318406 28.746343113481998 311.69453491270542 10.244942225515841 14.778968676924707 183.95232126116753 4.7359463274478903 206.6944921836257 21.821814730763435
leaf_count=460 36 82 13 289 373 207 893 66 890 16 65 522 8 1731 175
internal_value=-0.00093989 -0.0103604 0.00807242 0.0213747 -0.0179529 0.00249497 -0.00268422 -0.0138282 0.00516794 0.0394388 0.0110756 0.0132276 -0.031608 -0.0216773 -0.0408438
internal_weight=1474.1 393.867 114.904 90.3375 278.963 1080.23 673.635 278.45 395.185 16.9999 406.597 387.082 19.5149 261.963 24.5664
internal_count=5826 2715 559 371 2156 3111 2056 959 1097 52 1055 982 73 2104 188
is_linear=0
shrinkage=0.0657714


Tree=125
num_leaves=13
num_cat=0
split_feature=65 55 55 2 12 55 23 9 5 63 52 62
split_gain=4.72217 4.67198 12.3142 13.277 10.8187 9.34401 9.7968 5.98502 4.18238 4.29006 2.89077 2.04491
threshold=-7.3629999999999985e-05 3.5520000000000006e-05 9.8910000000000014e-05 67.257565614275265 0.0014401663021551814 3.0225000000000003e-05 0.060530867009030216 0.63356393402443534 -0.0018778494256784237 -175.97812649999915 -2.2024999999999997e-05 469.56368050000032
decision_type=2 2 2 2 2 2 2 2 2 2 2 2
left_child=8 5 3 -3 -4 6 -2 -7 10 -10 -1 -11
right_child=1 2 4 -5 -6 7 -8 -9 9 11 -12 -13
leaf_value=-0.034676310516912612 -0.0032358555933784667 0.016378227061432427 -0.038371096425319141 -0.017862836758092068 -0.00089193364763155562 -0.010943581601083472 0.080320444069252594 -0.055225840022064834 0.080605958154089261 0.041480474060232871 0.027590295786502211 -0.010999064680220643
leaf_weight=6.7393447086215019 521.64717394858599 348.76755323261023 34.901199050247669 56.991429388523102 734.08348260074854 28.888521000742912 6.1416202634572974 24.317133583128452 7.9977167695760736 7.6924543753266335 6.185783237218855 5.5144674181938171
leaf_count=21 1660 1147 121 186 2415 91 23 64 28 29 21 20
internal_value=0.000383563 -8.74508e-05 0.00229856 0.0115689 -0.00259297 -0.00491185 -0.00226355 -0.0311824 0.0246139 0.0425896 -0.00487639 0.019568
internal_weight=1789.87 1755.74 1174.74 405.759 768.985 580.994 527.789 53.2057 34.1298 21.2046 12.9251 13.2069
internal_count=5826 5707 3869 1333 2536 1838 1683 155 119 77 42 49
is_linear=0
shrinkage=0.0657714


Tree=126
num_leaves=7
num_cat=0
split_feature=30 12 6 12 36 12
split_gain=4.0638 4.47258 6.58828 5.38638 7.16234 6.11996
threshold=0.017707340720740272 0.015245974002378673 -0.0031693664875778733 0.011312535612286515 -1.0498721387420238 0.0086995446119776526
decision_type=2 2 2 2 2 2
left_child=1 3 -3 5 -5 -1
right_child=-2 2 -4 4 -6 -7
leaf_value=-0.00016592663515137358 -0.043214643739390823 -0.005269384628663578 0.081780098036620189 -0.037127804720456334 0.018514964634786548 0.015180125045496932
leaf_weight=1594.0911853462458 9.201757460832594 7.8799088522791862 7.1955037117004377 34.96563284099102 14.01955598592758 120.94541755318642
leaf_count=5187 22 26 32 100 53 406
internal_value=0.000381432 0.000606918 0.0362794 0.000302059 -0.0212028 0.000916286
internal_weight=1788.3 1779.1 15.0754 1764.02 48.9852 1715.04
internal_count=5826 5804 58 5746 153 5593
is_linear=0
shrinkage=0.0657714


Tree=127
num_leaves=12
num_cat=0
split_feature=21 21 70 17 7 58 57 46 29 9 12
split_gain=10.5606 13.2789 17.1946 15.7387 13.2579 13.0493 10.4968 8.12655 5.89528 5.75605 0.0571372
threshold=27.441706690136723 19.896728371909791 -362.36960800000111 8.4047375901007075e-05 0.044034478989104515 -9.2449999999999984e-05 69243.893000000011 0.0035959066692996399 -0.0048278901780330888 1.2046157436492175 0.0056886685501470703
decision_type=2 2 2 2 2 2 2 2 2 2 2
left_child=1 2 4 -4 -1 10 -7 8 -2 -10 -3
right_child=7 5 3 -5 -6 6 -8 -9 9 -11 -12
leaf_value=0.0088217295282433505 0.046343903222400042 -0.069910368594017086 -0.0077282038351397936 -0.038610634167660349 -0.057773483690451724 0.0088175432796943603 -0.058838998085056084 0.03485841228531282 -0.046667643374435144 0.0029227983380762548 -0.060176165104172917
leaf_weight=282.60448570176959 3.8935216963291159 4.1465111598372442 291.37881788611412 94.552147839218378 13.552046045660971 687.17136224731803 10.065311241894959 8.8118703514337522 51.910305090248585 12.578650534152983 7.0326025485992432
leaf_count=1016 12 20 1249 492 95 2430 68 19 319 71 35
internal_value=-0.000910779 0.000403745 -0.00614649 -0.0152943 0.00577435 0.00671054 0.00784085 -0.0245893 -0.0322499 -0.036995 -0.0637867
internal_weight=1467.7 1390.5 682.087 385.931 296.157 708.416 697.237 77.1943 68.3825 64.489 11.1791
internal_count=5826 5405 2852 1741 1111 2553 2498 421 402 390 55
is_linear=0
shrinkage=0.0657714


Tree=128
num_leaves=15
num_cat=0
split_feature=60 10 13 12 59 7 7 10 71 22 10 2 71 7
split_gain=4.53491 10.2746 7.66552 7.58292 7.51044 10.4061 16.0798 10.322 9.84325 8.03762 7.1824 6.96653 4.15873 3.70493
threshold=-0.00080632780524553238 0.0115576455357057 1.1341045398411731 0.010516743465486852 20.500000000000004 0.0013312102276198392 0.017397779993730492 0.021803776024678513 186.33353250000067 20.158250115549425 0.033794182466550596 51.619834891143526 -115.90924599999931 0.0028799632062652685
decision_type=2 2 2 2 2 2 2 2 2 2 2 2 2 2
left_child=1 2 12 11 7 10 -7 8 -2 -9 -6 -3 -1 -5
right_child=4 3 -4 13 5 6 -8 9 -10 -11 -12 -13 -14 -15
leaf_value=0.10719630194117716 0.080504699178316916 -0.0072156647430108205 0.0016077358105174256 0.077477788275189224 -0.013661402650390992 0.017978883002860598 -0.004304612359055604 0.020747187924247495 -0.011112472672127231 -0.011525477378167394 0.0025033534558161594 0.011648248708138355 0.037754684762042343 0.012529104433198155
leaf_weight=8.5308256447315198 16.392863169312481 176.40552112460136 9.5537546128034574 8.6607644259929639 439.07438112795353 204.59777034074068 444.2535595074296 68.80596662312746 7.3463065996766082 64.845249593257904 163.06670887768269 162.88866826146841 6.6303462833166149 6.768753081560134
leaf_count=29 56 555 31 29 1402 668 1507 240 28 211 493 527 24 26
internal_value=0.000366163 0.00674804 0.0477509 0.00389122 -0.00135321 -0.00305682 0.00272189 0.0121877 0.0521529 0.00508905 -0.0092838 0.00184054 0.0768278 0.0489855
internal_weight=1787.82 379.439 24.7149 354.724 1408.38 1250.99 648.851 157.39 23.7392 133.651 602.141 339.294 15.1612 15.4295
internal_count=5826 1221 84 1137 4605 4070 2175 535 84 451 1895 1082 53 55
is_linear=0
shrinkage=0.0657714


Tree=129
num_leaves=10
num_cat=0
split_feature=64 51 56 7 7 43 51 36 28
split_gain=4.01872 4.78185 4.23878 4.34874 4.04757 3.80346 5.41955 2.79453 1.58638
threshold=-0.020867442383347364 45456.474000000009 83.500000000000014 0.10269916505282785 0.10893301466329565 1.1410751067732139 44594.53100000001 -1.0241866975961924 53.335483767456601
decision_type=2 2 2 2 2 2 2 2 2
left_child=7 5 3 -3 -4 6 -2 8 -1
right_child=1 2 4 -5 -6 -7 -8 -9 -10
leaf_value=-0.02022467251827419 0.006326587171169633 0.00053052775056196299 0.0065252149841415153 -0.025462966799339615 0.080047711869889585 -0.013028397771829531 0.082402282475783864 0.0038248809097455277 -0.057568704649951098
leaf_weight=10.335762098431593 7.4755397886037889 1692.7038356661797 7.7192678451538068 28.308090545237064 5.5809880495071411 6.1819738298654547 8.8423012644052488 10.633071035146711 9.3926595002412778
leaf_count=31 28 5518 32 77 25 23 39 39 14
internal_value=0.000369647 0.000779658 0.000388819 0.000102973 0.0373764 0.030906 0.0475504 -0.0233549 -0.0380041
internal_weight=1787.17 1756.81 1734.31 1721.01 13.3003 22.4998 16.3178 30.3615 19.7284
internal_count=5826 5742 5652 5595 57 90 67 84 45
is_linear=0
shrinkage=0.0657714


Tree=130
num_leaves=14
num_cat=0
split_feature=34 59 61 49 7 29 49 7 30 60 39 30 63
split_gain=10.2432 13.9142 16.9018 16.2239 14.1855 12.3339 14.1472 11.9187 11.4903 5.70117 5.17454 4.74858 0.0586549
threshold=-0.22252093395631442 63.500000000000007 3.9405000000000013e-05 -0.0012637547169979848 0.059543771646734196 0.039793199719764923 -0.0024812891098232831 0.021007360461458683 0.0047565823218572133 -0.0047104906811972205 -0.0029838690332913971 0.0072097708397320876 1328.6309549999971
decision_type=2 2 2 2 2 2 2 2 2 2 2 2 2
left_child=5 4 3 -3 7 6 9 -2 -8 -1 -7 -6 -12
right_child=1 2 -4 -5 11 10 8 -9 -10 -11 12 -13 -14
leaf_value=0.017889823990934469 -0.00090616469372173673 0.015929043932558704 0.060365595427138818 -0.04733144669912176 0.019999189017838863 0.0049720238752975964 -0.0056927105228574987 -0.035332081409459981 0.010887233862118345 -0.058481310220317724 -0.061900823968099469 0.084920846960346436 -0.070378568403243857
leaf_weight=5.2995894402265575 359.85476845875382 21.863771129399538 8.7069474384188634 88.625822190195322 9.778443396091463 6.0386470705270794 256.59606566280127 49.487061817198992 612.25608919560909 20.920271322131157 5.7005162239074698 9.7165183722972852 9.273386284708975
leaf_count=14 2092 118 39 795 39 17 708 386 1453 93 25 9 38
internal_value=-0.00087006 -0.00798271 -0.0278609 -0.0348134 -0.00245751 0.00338497 0.00455428 -0.00506806 0.00599072 -0.0430451 -0.0464242 0.0523569 -0.0671511
internal_weight=1464.12 548.033 119.197 110.49 428.837 916.085 895.072 409.342 868.852 26.2199 21.0125 19.495 14.9739
internal_count=5826 3478 952 913 2526 2348 2268 2478 2161 107 80 48 63
is_linear=0
shrinkage=0.0657714


Tree=131
num_leaves=16
num_cat=0
split_feature=12 12 1 4 23 10 22 12 3 21 36 10 52 7 10
split_gain=4.32672 12.3956 20.8837 10.503 9.32214 8.0652 7.78759 7.15467 7.8037 7.50561 12.3877 7.44546 6.51115 5.31912 5.019
threshold=0.0054079211566976813 0.0038776615456685083 -0.00038217967306650212 0.010595068517110342 -0.0074002585757935715 0.040353204289318545 21.672254045341123 0.010885969791162598 0.013328108783394346 20.648881220311697 -1.0301993237910694 0.051799892534959112 2.9550000000000005e-06 -0.027946134284795417 0.047813927030425245
decision_type=2 2 2 2 2 2 2 2 2 2 2 2 2 2 2
left_child=1 4 13 -4 6 -6 -1 8 11 10 -9 -2 -11 -3 -10
right_child=7 2 3 -5 5 -7 -8 9 14 12 -12 -13 -14 -15 -16
leaf_value=-0.02164012749305206 -0.0037991133570241323 0.017787694407468024 0.028953750741971568 -0.031951722190530343 0.0047641260200391913 -0.050752870481005796 0.0027465584544927881 0.064014363215190953 -0.032944187913656629 0.032322034672101388 -0.019172073723854811 0.03265339578375917 -0.020835660843801233 -0.014048109720189658 -0.0086831119612098984
leaf_weight=151.45537263154984 461.36397781223059 28.789583250880241 209.31442948430777 13.009533628821371 455.78702008724213 11.608037747442721 90.491031974554062 24.226684771478176 64.185797683894634 14.984685197472571 11.382050752639769 25.582801267504692 29.77224950492382 107.38391081243753 86.728696808218956
leaf_count=494 1480 92 717 45 1497 30 302 79 194 45 42 88 98 342 281
internal_value=0.000343351 0.00299823 0.0129661 0.0253898 -0.00203948 0.00338533 -0.0125192 -0.00360385 -0.00593394 0.0148901 0.0374245 -0.001884 -0.00303839 -0.00731743 -0.0190016
internal_weight=1786.07 1067.84 358.497 222.324 709.341 467.395 241.946 718.227 637.861 80.3657 35.6087 486.947 44.7569 136.173 150.914
internal_count=5826 3519 1196 762 2323 1527 796 2307 2043 264 121 1568 143 434 475
is_linear=0
shrinkage=0.0657714


Tree=132
num_leaves=14
num_cat=0
split_feature=16 67 43 28 20 4 2 23 25 23 12 9 41
split_gain=3.90489 5.15731 5.37752 4.61897 13.4486 11.0885 7.96048 7.88354 4.54092 4.32804 4.09469 3.65209 0.50507
threshold=-9.4031126988007774 859.58974999999248 1.4178436100399618 46.676487069239641 10.83815487210156 -0.0061710354592133245 35.074102626650955 -0.024304811576925985 -0.0012673471418250812 0.0047988229919470058 0.0064551253872035088 0.11144977069049571 -0.00020763955228442207
decision_type=2 2 2 2 2 2 2 2 2 2 2 2 2
left_child=1 2 9 4 11 8 -6 -7 -5 -1 -3 -2 -4
right_child=3 10 12 5 6 7 -8 -9 -10 -11 -12 -13 -14
leaf_value=0.00038569933798330007 0.023522294697103728 0.026181408285643713 0.092781329046836294 0.057004698898927703 0.0043109246074040635 0.013767064043668687 -0.016241188376702371 -0.0012624666283684539 0.0051938383203637044 0.065854001028619963 -0.039506047725045693 0.098595666953246036 0.061663916323421893
leaf_weight=16.913421958684928 5.198489770293234 7.284328922629359 4.5275922268629074 21.616427183151245 126.48592860996723 173.4848735332489 229.36297769844532 1163.5523977652192 11.062756180763243 5.8891986012458792 9.406017601490019 6.0834334939718246 4.4981401413679105
leaf_count=51 21 29 21 91 419 628 693 3739 39 25 23 28 19
internal_value=0.000370944 0.0187746 0.0343027 -0.000143161 -0.00669455 0.00161284 -0.00893597 0.000687663 0.0394654 0.0172941 -0.0108374 0.0640033 0.0772734
internal_weight=1785.37 48.5187 31.8284 1736.85 367.131 1369.72 355.849 1337.04 32.6792 22.8026 16.6903 11.2819 9.02573
internal_count=5826 168 116 5658 1161 4497 1112 4367 130 76 52 49 40
is_linear=0
shrinkage=0.0657714


Tree=133
num_leaves=16
num_cat=0
split_feature=13 40 66 35 66 44 4 53 21 28 23 23 28 16 34
split_gain=10.2245 10.297 10.3421 14.1224 10.1031 9.85251 7.67742 7.62835 12.512 11.8955 8.17677 6.5863 5.81178 5.03608 2.40253
threshold=0.3203319670312032 0.010580441286345834 -364.87240399999695 -0.32901468991371724 -460.31805000000082 0.74812253525305783 0.0055358893604530177 40.500000000000007 18.712695453280983 49.931549849637769 0.018300901758467217 0.019707110214683746 48.787774220007954 0.85627153261351563 -0.56174490092936669
decision_type=2 2 2 2 2 2 2 2 2 2 2 2 2 2 2
left_child=7 2 4 -4 -2 14 -7 9 13 12 -11 -10 -1 -9 -3
right_child=1 5 3 -5 -6 6 -8 8 11 10 -12 -13 -14 -15 -16
leaf_value=0.032817140565699052 0.00019086050391231696 -0.067677821022675486 -0.025738342455680834 -0.0040824273473466042 0.029882059148444322 0.012294126204745577 0.062863400786913534 -0.086485478043782621 -0.0089992911141240795 -0.075989956337000716 0.031467443905533167 0.030849739596378326 0.082457817169708486 -0.0048935808319199563 -0.0047166046863255746
leaf_weight=39.883219040930271 386.8595532849431 5.0475083068013191 163.92057432979345 634.47562494501472 56.863192677497864 29.181251745671034 23.402608647942543 8.4748675860464555 32.045505404472351 6.6061158403754217 5.7118169516324997 40.769107468426228 13.709542304277418 5.3308902233839026 5.4554668292403203
leaf_count=69 1538 23 930 2651 172 100 46 39 90 32 9 71 18 17 21
internal_value=-0.000854948 -0.00273798 -0.00405454 -0.00852865 0.0039958 0.0231838 0.0348001 0.0152581 0.00242771 0.03212 -0.026162 0.0133123 0.0455157 -0.05498 -0.0349744
internal_weight=1457.74 1305.21 1242.12 798.396 443.723 63.0868 52.5839 152.531 86.6204 65.9107 12.3179 72.8146 53.5928 13.8058 10.503
internal_count=5826 5481 5291 3581 1710 190 146 345 217 128 41 161 87 56 44
is_linear=0
shrinkage=0.0657714


Tree=134
num_leaves=14
num_cat=0
split_feature=42 56 10 36 30 7 35 56 3 60 64 59 22
split_gain=4.44022 4.99194 11.1291 4.7525 10.9336 9.37164 7.63636 4.73691 6.62876 4.61098 8.85026 6.98996 1.20202
threshold=0.26608481796280709 65.500000000000014 0.030443135084636083 -1.8181137273229615 0.0044866671185843469 0.0079949257730894691 0.084417888619926398 48.500000000000007 0.0052667478265632107 -0.00080632780524553238 0.0057662278000543141 21.500000000000004 22.838952468072474
decision_type=2 2 2 2 2 2 2 2 2 2 2 2 2
left_child=1 7 -3 4 5 -2 -6 8 -1 10 -5 -11 -9
right_child=3 2 -4 9 6 -7 -8 12 -10 11 -12 -13 -14
leaf_value=0.045189679669672106 0.0025972472781141363 0.074653450431918636 -0.038660215655805838 0.012772392116048071 -0.021203960468305177 0.083690751286680021 0.030909739739945031 -0.05703230559057685 -0.025547414314483315 0.010767144808039147 -0.012377376276094382 -0.0034553122205675394 -0.021977118403083699
leaf_weight=7.4950482249259975 10.155293531715872 7.4490092992782575 7.5494480282068253 264.52514482289553 30.905347064137459 15.688466429710386 20.057464256882668 16.943708367645744 24.345188401639462 172.47639106959105 78.488469652831554 1121.431404106319 5.6397971585392943
leaf_count=22 37 25 18 883 96 53 76 59 63 587 233 3654 20
internal_value=0.000327521 -0.0159792 0.0176172 0.000988098 0.0169779 0.0518251 -0.00069354 -0.0252379 -0.00889622 0.000237837 0.00701762 -0.00155948 -0.0482779
internal_weight=1783.15 69.4222 14.9985 1713.73 76.8066 25.8438 50.9628 54.4237 31.8402 1636.92 343.014 1293.91 22.5835
internal_count=5826 207 43 5619 262 90 172 164 85 5357 1116 4241 79
is_linear=0
shrinkage=0.0657714


Tree=135
num_leaves=15
num_cat=0
split_feature=3 3 56 49 41 66 70 3 28 4 57 43 21 4
split_gain=3.88054 9.5789 11.249 8.30647 6.02082 4.88998 7.29571 4.69965 11.0498 6.99831 4.84366 4.5107 4.20761 4.09873
threshold=0.0047419809617172933 0.0055242911286131095 48.500000000000007 0.00046093716289859107 0.00064213897721276958 966.12829700000157 -39.650872499994342 0.0032708495452078499 49.555212947435997 -0.00029992518393284756 62336.883500000004 1.7249966604585631 19.267809414819393 -0.00033411128754684544
decision_type=2 2 2 2 2 2 2 2 2 2 2 2 2 2
left_child=7 2 3 -2 -4 6 -3 8 9 -1 13 -7 -10 -9
right_child=1 5 4 -5 -6 11 -8 10 12 -11 -12 -13 -14 -15
leaf_value=0.018515485344452975 -0.026639599543820273 -0.0026857326583885413 0.048782591287589223 0.030376726035184695 0.010816748309424707 -0.01022338959918946 0.0077585139851481764 -0.0022179783719348933 0.021629261495466342 -0.057909299288581045 0.04251248728104419 0.013526779457027575 0.10204507086417437 -0.027461119336387056
leaf_weight=11.688407793641089 30.759851709008217 669.66499605029821 47.793282628059387 17.253011807799339 29.053862303495407 282.70197432488203 509.41741625964642 44.118931323289871 5.1950802803039533 9.3130596876144427 5.9812227785587302 39.415733709931374 6.1427763998508453 75.342091605067253
leaf_count=42 103 2131 190 67 100 869 1737 143 20 25 25 146 28 200
internal_value=0.000364908 0.00132048 0.0188243 -0.00615127 0.0344287 -0.000135374 0.00182666 -0.00948303 0.0128732 -0.0153749 -0.0152465 -0.00731721 0.065198 -0.0181384
internal_weight=1783.84 1626.06 124.86 48.0129 76.8471 1501.2 1179.08 157.782 32.3393 21.0015 125.442 322.118 11.3379 119.461
internal_count=5826 5343 460 170 290 4883 3868 483 115 67 368 1015 48 343
is_linear=0
shrinkage=0.0657714


Tree=136
num_leaves=13
num_cat=0
split_feature=21 21 67 23 30 55 36 46 33 22 12 34
split_gain=9.67789 11.7077 14.6023 14.2699 12.5067 9.20016 8.45728 7.44961 5.87598 8.2822 0.877794 0.0328259
threshold=27.441706690136723 19.896728371909791 -1067.5912184999988 0.036336999827467971 0.0039160002073260558 -9.2449999999999984e-05 -0.36230506090646503 0.0035959066692996399 -1.0000000180025095e-35 16.388900585291264 0.007819498383374892 -0.22252093395631442
decision_type=2 2 2 2 2 2 2 2 2 2 2 2
left_child=1 2 3 -1 -4 10 -7 8 9 -2 -3 -10
right_child=7 5 4 -5 -6 6 -8 -9 11 -11 -12 -13
leaf_value=0.0094028045503320914 -0.047597738473908247 -0.065941104840294043 -0.033701323447454828 -0.057135693098240299 -0.0069956091574526532 0.0062087465080523747 0.054496401449634524 0.03323916301984782 -0.056694252600041066 0.017514229991888813 -0.028297352720817112 -0.050562616677447846
leaf_weight=261.58730816841125 15.568525977432726 7.2375248894095403 101.86927960813046 14.727702174335716 297.10848962143064 675.46918386593461 16.063474081456661 8.748159818351267 4.3655859827995291 18.484335653483868 4.2550967857241631 28.009921353310347
leaf_count=850 88 35 596 108 1298 2451 46 19 26 53 21 235
internal_value=-0.00083393 0.000419462 -0.00576551 0.00585628 -0.0138143 0.00636045 0.00733041 -0.0238141 -0.0313277 -0.0122541 -0.0520037 -0.0513894
internal_weight=1453.49 1378.32 675.293 276.315 398.978 703.025 691.533 75.1765 66.4284 34.0529 11.4926 32.3755
internal_count=5826 5405 2852 958 1894 2553 2497 421 402 141 56 261
is_linear=0
shrinkage=0.0657714


Tree=137
num_leaves=14
num_cat=0
split_feature=20 7 49 1 36 12 7 62 4 7 9 57 3
split_gain=4.4374 12.4495 10.3063 8.05125 7.82063 7.75251 8.69482 8.2003 9.30721 7.38602 7.04089 6.9096 5.01905
threshold=15.059388698599976 0.059543771646734196 0.0013214814093657559 0.00087481843802073207 -1.2309291792881571 0.0053798831580846784 0.11688444238895947 -201.38608449999762 0.013087196274543357 -0.040576269772032707 1.1127184755835378 67676.686499995019 0.013001182563088876
decision_type=2 2 2 2 2 2 2 2 2 2 2 2 2
left_child=1 2 9 12 -4 7 10 11 -9 -1 -7 -2 -3
right_child=5 3 4 -5 -6 6 -8 8 -10 -11 -12 -13 -14
leaf_value=0.013362346279444205 -0.0040453881887719673 0.032178973443550647 0.0013591452568449411 -0.043881089736981217 0.051185730338205622 -0.0031197489188798185 -0.051045716657809985 0.015556923151858155 -0.05624296101452015 -0.011457568032167235 0.037485563277602697 0.052759948375707577 0.098094477288491994
leaf_weight=57.786717280745506 225.39612279087305 26.885952450335026 36.004331350326538 5.1642030999064437 21.924798488616943 481.77329299598932 15.847043864428995 361.2722475156188 7.9824616461992255 506.22662663459778 19.209472090005875 9.6599139869213086 6.1379490941762915
leaf_count=198 727 101 110 18 65 1559 31 1229 22 1650 65 31 20
internal_value=0.000315041 -0.00396306 -0.0062012 0.0324879 0.0202173 0.002834 -0.00308004 0.00789192 0.0140048 -0.00891461 -0.0015628 -0.0017109 0.0444303
internal_weight=1781.27 660.131 621.942 38.1881 57.9291 1121.14 516.83 604.311 369.255 564.013 500.983 235.056 33.0239
internal_count=5826 2162 2023 139 175 3664 1655 2009 1251 1848 1624 758 121
is_linear=0
shrinkage=0.0657714


Tree=138
num_leaves=8
num_cat=0
split_feature=30 10 66 58 63 52 22
split_gain=3.70455 9.48168 3.73595 6.727 6.08624 3.37776 1.1451
threshold=0.017707340720740272 0.074684665721061097 -2571.8678984999942 -1.8525e-05 -6855.312433500003 1.4685000000000001e-05 20.234590579557388
decision_type=2 2 2 2 2 2 2
left_child=1 2 3 -1 -4 -3 -7
right_child=-2 5 4 -5 -6 6 -8
leaf_value=-0.053066488615338213 -0.042170309749659719 0.011971167236008331 0.032178409601227628 -0.0051221633597831259 0.00034104579123761926 0.049274769372514071 0.092658090633011225
leaf_weight=14.858748584985731 8.8141195923089963 6.4682833552360561 26.395326428115368 85.536279112100601 1629.4502865597606 4.9554059505462629 5.6131586283445358
leaf_count=28 22 27 102 272 5328 21 26
internal_value=0.000363878 0.000575295 0.000101606 -0.0122181 0.000848555 0.0494055 0.0723164
internal_weight=1782.09 1773.28 1756.24 100.395 1655.85 17.0368 10.5686
internal_count=5826 5804 5730 300 5430 74 47
is_linear=0
shrinkage=0.0657714


Tree=139
num_leaves=14
num_cat=0
split_feature=14 30 11 70 53 52 52 21 30 38 70 36 11
split_gain=9.22051 12.8443 15.6999 16.087 14.0253 10.95 16.1796 13.2934 8.61104 7.86328 4.04024 3.09533 2.47987
threshold=0.0017918518550250977 0.004887529303280882 0.0032149371163907596 621.36754350000217 53.500000000000007 3.5650000000000006e-05 3.0110000000000005e-05 17.378039839444792 0.001789448427637395 -0.00057152968794621495 -66.800166999997529 -1.5610317590801952 -0.00048400003336385161
decision_type=2 2 2 2 2 2 2 2 2 2 2 2 2
left_child=8 2 4 -4 -2 6 -3 -7 12 10 -10 -11 -1
right_child=1 5 3 -5 -6 7 -8 -9 9 11 -12 -13 -14
leaf_value=0.0082660539010544973 -0.0075034510470725017 0.0064403870369528927 0.030417336498267181 -0.055163325280728634 -0.034358924292798479 -0.023995050184883605 0.050362548911302964 0.0016175802340965249 -0.059264028280586079 0.063962537365373454 0.016448230618188016 0.030002419145571335 -0.065940209025196497
leaf_weight=3.0020452365279198 250.07839053496718 301.45557523146272 60.619556874036789 11.267704278230665 126.76678694039583 107.32335517182946 41.244491972029209 478.45563996583223 5.4116905704140663 17.764247611165047 6.983319550752638 33.514438219368458 5.5493082255125028
leaf_count=16 1129 1081 244 85 840 504 83 1676 22 22 19 67 38
internal_value=-0.000826199 -0.00202752 -0.0111641 0.0170033 -0.0165374 0.00238818 0.0117265 -0.00307503 0.022081 0.0304035 -0.0166079 0.0417671 -0.0398893
internal_weight=1449.44 1377.21 448.732 71.8873 376.845 928.479 342.7 585.779 72.225 63.6737 12.395 51.2787 8.55135
internal_count=5826 5642 2298 329 1969 3344 1164 2180 184 130 41 89 54
is_linear=0
shrinkage=0.0657714


Tree=140
num_leaves=13
num_cat=0
split_feature=65 55 55 2 12 3 53 56 5 63 55 27
split_gain=4.12077 4.19798 10.5261 12.0401 9.72565 9.26904 9.77042 8.65127 3.55445 3.61411 2.52503 1.60337
threshold=-7.3629999999999985e-05 3.5520000000000006e-05 9.8910000000000014e-05 66.559404853200746 0.0014401663021551814 0.0061731766831443673 48.500000000000007 21.500000000000004 -0.0018778494256784237 -175.97812649999915 -2.2604999999999994e-05 0.00092851680130123803
decision_type=2 2 2 2 2 2 2 2 2 2 2 2
left_child=8 5 3 -3 -4 6 -2 -7 10 -10 -1 -11
right_child=1 2 4 -5 -6 7 -8 -9 9 11 -12 -13
leaf_value=-0.032745731027124095 0.027235415237536659 0.015392638815878696 -0.036863616980637677 -0.016620259219877174 -0.00081862136086126628 0.005235188797856438 -0.011676525639347946 -0.014683719285294728 0.074165795117413683 0.039181129524871502 0.025699544785748252 -0.0069383783226169811
leaf_weight=6.5909559726715088 70.478368327021599 346.11860325187445 33.886255711317062 59.568802163004875 729.40998507663608 132.60122303664684 46.220013454556465 326.76054015010595 8.0628964826464653 7.1822390779852867 6.2112129330635053 5.9726364463567734
leaf_count=21 231 1135 121 198 2415 446 168 993 28 27 21 22
internal_value=0.000308622 -0.000133349 0.00213121 0.010692 -0.00241883 -0.00472876 0.0118238 -0.00893385 0.0229794 0.0394933 -0.00438991 0.0182417
internal_weight=1779.06 1745.04 1168.98 405.687 763.296 576.06 116.698 459.362 34.0199 21.2178 12.8022 13.1549
internal_count=5826 5707 3869 1333 2536 1838 399 1439 119 77 42 49
is_linear=0
shrinkage=0.0657714


Tree=141
num_leaves=15
num_cat=0
split_feature=3 3 56 49 41 12 19 36 36 46 66 70 47 7
split_gain=3.62227 8.72066 9.75507 7.70704 5.41659 5.09072 7.7969 5.61506 6.10455 4.72712 4.45938 6.62481 4.44895 2.19299
threshold=0.0047419809617172933 0.0055242911286131095 48.500000000000007 0.00046093716289859107 0.00064213897721276958 0.0015253892336294498 0.0026182256760310945 -1.2873795401168973 -1.1141920956434703 -9.440571664998522e-05 966.12829700000157 -19.166848499993275 0.79254962607441082 -0.0046455724522289068
decision_type=2 2 2 2 2 2 2 2 2 2 2 2 2 2
left_child=5 2 3 -2 -4 6 9 13 -9 -1 11 -3 -12 -7
right_child=1 10 4 -5 -6 7 -8 8 -10 -11 12 -13 -14 -15
leaf_value=0.04110330750347916 -0.025359337552869066 -0.0024129902628189258 0.045963905565229571 0.029645521584226578 0.010030424432490598 -0.016731143847536958 0.071748564186638025 0.042934472504777881 -0.014348472184862951 -0.012391182151173777 -0.013787899234187438 0.0075912813365647033 0.0018345683545474584 -0.049319524620311868
leaf_weight=8.7611502408981305 30.403109401464462 687.58600313961506 48.104645237326622 17.283858269453049 29.139219418168068 13.962240666151045 7.0161593556404105 9.4585508704185468 53.957223035395145 38.757314272224903 181.30035427957773 490.6690714135766 139.55349305272102 24.79786117374897
leaf_count=34 103 2197 190 67 100 39 30 36 170 121 556 1671 459 53
internal_value=0.000351096 0.00127256 0.0179679 -0.00542315 0.0324085 -0.00919827 0.00702788 -0.0178587 -0.00580464 -0.00252821 -0.000118779 0.00175316 -0.006993 -0.0375805
internal_weight=1780.75 1624.04 124.931 47.687 77.2439 156.71 54.5346 102.176 63.4158 47.5185 1499.11 1178.26 320.854 38.7601
internal_count=5826 5343 460 170 290 483 185 298 206 155 4883 3868 1015 92
is_linear=0
shrinkage=0.0657714


Tree=142
num_leaves=14
num_cat=0
split_feature=21 21 70 55 20 57 55 34 32 1 61 65 34
split_gain=9.1528 10.2175 14.8287 13.3937 12.0274 9.13789 8.80252 6.77577 7.98323 5.93045 3.72715 2.12913 0.217674
threshold=27.441706690136723 19.896728371909791 -418.42263600000109 -1.2499999999999997e-06 19.099750811778097 69243.893000000011 -9.2449999999999984e-05 -0.56174490092936669 -0.68301270189221952 0.0019409988792104466 3.9040000000000012e-05 5.4335000000000021e-05 -0.22252093395631442
decision_type=2 2 2 2 2 2 2 2 2 2 2 2 2
left_child=1 2 4 -4 -1 6 -3 8 -2 -10 11 -9 -7
right_child=7 5 3 -5 -6 12 -8 10 9 -11 -12 -13 -14
leaf_value=0.010964648907901348 -0.061332891899742656 -0.050795961342821862 0.0089416995732317459 -0.019997782498061386 -0.035535424884353774 -0.07210032525868941 0.0078025244343074372 -0.051544979584657875 -0.026413396091481439 0.039028459974773937 0.027883785055843619 0.014184989658041288 -0.05096129952193363
leaf_weight=246.08396834880114 7.5173679590225211 11.273031480610369 89.218953832983971 308.04170026630163 26.6701665148139 3.1353998929262161 680.74935607612133 34.617338269948959 9.3303983956575411 16.733751386404037 3.0738787725567809 2.2717131674289694 6.4258827269077283
leaf_count=907 35 56 329 1489 127 13 2429 296 35 31 15 9 55
internal_value=-0.000793915 0.000418133 -0.00539077 -0.0134984 0.00641783 0.00596565 0.00684796 -0.0233985 -0.00162044 0.0156017 -0.041699 -0.0474972 -0.0578934
internal_weight=1445.14 1371.6 670.015 397.261 272.754 701.584 692.022 73.5444 33.5815 26.0641 39.9629 36.8891 9.56128
internal_count=5826 5405 2852 1818 1034 2553 2485 421 101 66 320 305 68
is_linear=0
shrinkage=0.0657714


Tree=143
num_leaves=15
num_cat=0
split_feature=36 33 59 7 23 20 49 36 7 62 52 29 8 23
split_gain=4.24947 10.0156 9.68581 16.916 10.3123 7.10342 11.9369 9.88556 8.99055 7.96184 6.56517 5.96402 5.55956 3.82186
threshold=-1.4306043070013124 0.87837969732492682 73.500000000000014 0.10893301466329565 0.050699013741164263 15.059388698599976 0.0015684875949840097 -1.2309291792881571 0.053125723945290478 -370.98305300000197 0.00035759000000000002 -0.014516600070314243 0.00079860733500358727 0.0045315971802668562
decision_type=2 2 2 2 2 2 2 2 2 2 2 2 2 2
left_child=1 2 4 -4 -1 6 10 -8 9 -7 -2 -3 -10 -13
right_child=5 11 3 -5 -6 8 7 -9 12 -11 -12 13 -14 -15
leaf_value=-0.0043352358897286187 -0.012455844378470499 -0.018592055163622053 0.068704877834558711 -0.054438449888182354 0.039801538745612222 -0.0051323236045040981 -0.011199479883133827 0.077412984622035205 0.0089242484738870087 0.007698679410220983 0.056231969536136156 0.074551822674686394 -0.031555246311970465 0.028943069632609567
leaf_weight=269.91996829211712 378.74071990698576 6.5962361246347418 20.987079501152042 6.2664024457335463 25.022376611828804 315.68780507147312 9.7398263067007083 12.353825479745863 20.211354494094849 620.19931825995445 6.1167100295424452 14.824529498815538 53.603209853172302 17.133875146508217
leaf_count=857 1257 29 67 28 85 1001 25 40 82 2054 22 48 169 62
internal_value=0.000293747 0.00666668 0.00287572 0.0403905 -0.000590752 -0.00132912 -0.00866521 0.0383488 0.00162762 0.0033706 -0.0113642 0.0383473 -0.0204715 0.0500996
internal_weight=1777.4 360.75 322.196 27.2535 294.942 1416.65 406.951 22.0937 1009.7 935.887 384.857 38.5546 73.8146 31.9584
internal_count=5826 1176 1037 95 942 4650 1344 65 3306 3055 1279 139 251 110
is_linear=0
shrinkage=0.0657714


Tree=144
num_leaves=13
num_cat=0
split_feature=67 3 28 49 50 8 13 62 5 44 11 22
split_gain=3.84222 6.46826 7.80482 4.85408 4.23814 6.94531 7.73283 6.3151 7.47305 5.69402 5.1563 3.80639
threshold=-6398.1068109999969 0.014908906568173747 45.85793570082415 -0.0015123311288576429 0.77372534872522769 0.0040220581377491413 0.35024059510107702 950.64500850000252 0.0083571057095078744 1.0779668883444098 0.0063369773503485502 24.833052357338939
decision_type=2 2 2 2 2 2 2 2 2 2 2 2
left_child=1 2 11 -4 7 6 -6 8 -2 -7 -9 -1
right_child=4 -3 3 -5 5 9 -8 10 -10 -11 -12 -13
leaf_value=-0.053627992001619697 -0.00086008737906784791 0.084636590411887758 0.083303581926449891 0.017834460157560929 -0.037477630328834721 0.0088248122849620084 0.0173698914231925 -0.016486110323977531 0.024760638576598243 -0.02149864025611142 0.0073535886185920859 0.0031983939331099507
leaf_weight=8.744669012725355 1129.8153433725238 5.5759214013814917 6.3116297870874432 21.888651855289936 11.823462590575216 52.435836300253868 186.85247306525707 187.68542362749577 51.492528453469276 54.765492305159569 49.624396786093712 12.230832159519194
leaf_count=18 3665 25 28 82 26 181 675 570 189 159 169 39
internal_value=0.000348489 0.0175016 0.00988929 0.0324874 -0.000196111 0.00682576 0.0141058 -0.00171014 0.000256705 -0.0066664 -0.0115009 -0.0204925
internal_weight=1779.25 54.7517 49.1758 28.2003 1724.49 305.877 198.676 1418.62 1181.31 107.201 237.31 20.9755
internal_count=5826 192 167 110 5634 1041 701 4593 3854 340 739 57
is_linear=0
shrinkage=0.0657714


Tree=145
num_leaves=15
num_cat=0
split_feature=13 36 36 7 58 59 28 23 36 23 36 2 51 0
split_gain=8.70791 9.36134 9.15206 13.1555 9.54841 7.19666 11.0107 9.32348 15.2041 7.30848 7.17468 5.36344 0.296353 0.00483349
threshold=0.3203319670312032 -2.0369966226838696 -0.91652928337292539 0.0028799632062652685 -5.1914999999999993e-05 40.500000000000007 49.931549849637769 0.019707110214683746 -1.5239750678225674 0.018300901758467217 -1.2454690214476436 52.989006893935674 55295.955000000009 53.316177926709507
decision_type=2 2 2 2 2 2 2 2 2 2 2 2 2 2
left_child=5 12 4 -4 -3 6 11 8 -7 -8 -9 -1 -2 -14
right_child=1 2 3 -5 -6 7 9 10 -10 -11 -12 -13 13 -15
leaf_value=0.030925699919365331 -0.072048927772368862 0.026024625304555501 -1.829367362425366e-05 -0.024063190137443829 -0.00015748026534173997 0.036933292527280719 -0.07396137009702422 -0.024604785110996504 -0.046769509031275955 0.0292032760440211 0.038839566737082817 0.078167351825734296 -0.049266724206301432 -0.053093642918463801
leaf_weight=38.52873794734478 5.7593632191419584 65.085940405726433 232.79238012060523 170.54308953881264 811.85623875260353 13.833141967654226 6.4226901680231077 10.145029947161673 29.210955511778593 5.5267470926046371 32.133020550012589 14.23769238591194 3.2090510278940201 2.5719499588012695
leaf_count=68 29 179 937 947 3337 22 32 34 113 9 49 18 32 20
internal_value=-0.000775207 -0.00251714 -0.00198557 -0.0101852 0.00178573 0.0142228 0.0307625 0.00167762 -0.0198698 -0.0262466 0.0236155 0.0436727 -0.0614894 -0.0509693
internal_weight=1441.86 1291.82 1280.28 403.335 876.942 150.038 64.7159 85.3221 43.0441 11.9494 42.2781 52.7664 11.5404 5.781
internal_count=5826 5481 5400 1884 3516 345 127 218 135 41 83 86 81 52
is_linear=0
shrinkage=0.0657714


Tree=146
num_leaves=10
num_cat=0
split_feature=59 59 10 71 23 23 0 58 33
split_gain=4.04747 7.58076 9.64173 10.4853 6.78214 6.7277 5.65519 5.37534 4.8319
threshold=8.5000000000000018 20.500000000000004 0.021463128308757514 -546.31494199999918 0.014378682076718554 -0.088289700729364304 55.527400248364664 5.0060000000000005e-05 1.0000000180025095e-35
decision_type=2 2 2 2 2 2 2 2 2
left_child=6 2 3 -2 -4 -3 8 -7 -1
right_child=1 5 4 -5 -6 7 -8 -9 -10
leaf_value=0.037502968262335852 0.093084232712237092 -0.054505389266359276 0.0014159081860894852 0.017184942851351897 0.04513071615014623 -0.0057248527013166444 -0.05947374778405129 0.0023835102028980687 -0.033471936085325692
leaf_weight=7.9024810492992463 12.363779634237288 10.041691601276396 141.19701132923365 21.680665567517281 17.225610718131065 548.39571414142847 11.676956646144388 996.12046620994806 8.7368149012327176
leaf_count=26 40 30 465 78 61 1752 36 3305 33
internal_value=0.000280334 0.000680146 0.0129933 0.044749 0.00616911 -0.000844322 -0.0243868 -0.000495444 0.000236091
internal_weight=1775.34 1747.02 192.467 34.0444 158.423 1554.56 28.3163 1544.52 16.6393
internal_count=5826 5731 644 118 526 5087 95 5057 59
is_linear=0
shrinkage=0.0657714


Tree=147
num_leaves=9
num_cat=0
split_feature=56 7 10 20 56 2 30 9
split_gain=3.6822 4.51902 4.22611 4.70611 4.056 3.59698 2.99664 1.07221
threshold=83.500000000000014 0.10269916505282785 0.079299853207418614 19.929311592107073 89.000000000000014 63.370559314466263 0.013752646090549261 0.74578512050108059
decision_type=2 2 2 2 2 2 2 2
left_child=1 2 3 -1 -2 7 -4 -3
right_child=4 5 6 -5 -6 -7 -8 -9
leaf_value=-5.3766107810644648e-05 0.067260119971285171 -0.046765722200257952 0.06108048478153557 0.045215104124609551 -0.0054772439702462719 0.022277837428608244 -0.0004322488827425237 -0.017029113135401366
leaf_weight=1711.0027077794075 7.4014213234186155 15.685040757060056 8.4725086092948896 9.9922855496406537 6.0085404962301254 5.4935342296957961 5.7516550570726386 7.8807163536548606
leaf_count=5585 34 34 37 42 24 21 25 24
internal_value=0.000334365 7.33939e-05 0.000504159 0.00020907 0.034669 -0.0256489 0.0362073 -0.0368214
internal_weight=1777.69 1764.28 1735.22 1720.99 13.41 29.0593 14.2242 23.5658
internal_count=5826 5768 5689 5627 58 79 62 58
is_linear=0
shrinkage=0.0657714


Tree=148
num_leaves=12
num_cat=0
split_feature=52 55 65 13 21 34 30 35 23 40 34
split_gain=8.57022 12.3687 9.6209 9.60918 8.50406 8.06662 7.31269 4.8177 1.0681 0.760024 0.1082
threshold=-0.00011018999999999999 -6.5234999999999981e-05 -7.1069999999999995e-05 2.019925733903015 21.335147745063445 1.0000000180025095e-35 0.011134395781509687 -0.11756348960887096 0.032579695866268417 0.0074714627321558211 -0.22252093395631442
decision_type=2 2 2 2 2 2 2 2 2 2 2
left_child=3 4 8 9 7 -4 -6 -2 -3 10 -1
right_child=1 2 5 -5 6 -7 -8 -9 -10 -11 -12
leaf_value=-0.065052738102814284 0.013863866102852293 -0.064228237911226838 0.0023272646370117922 0.054889058003917877 -0.057341288772136768 -0.0092468493687140052 0.034491515161815554 0.062392272995646078 -0.022550615723574429 -0.027934081070186412 -0.054738386989028109
leaf_weight=10.87887809425593 13.217445217072962 11.165198259055613 988.75837701931596 4.0477761849761 7.5488492920994741 353.66166390478611 7.4560062736272812 26.779159158468246 3.4918772727251044 3.6307538822293273 7.3871819078922298
leaf_count=48 40 67 2899 8 46 2575 16 41 17 16 53
internal_value=-0.000749612 -6.13656e-05 -0.0013006 -0.0382086 0.0305149 -0.000721945 -0.011709 0.0463554 -0.054299 -0.0554183 -0.0608814
internal_weight=1438.02 1412.08 1357.08 25.9446 55.0015 1342.42 15.0049 39.9966 14.6571 21.8968 18.2661
internal_count=5826 5701 5558 125 143 5474 62 81 84 117 101
is_linear=0
shrinkage=0.0657714


Tree=149
num_leaves=15
num_cat=0
split_feature=36 7 7 59 67 21 36 57 57 63 12 12 64 59
split_gain=3.92057 8.15494 15.9275 11.483 9.09867 7.27631 6.83391 7.63733 11.101 8.44649 5.2695 7.53741 4.28181 3.3505
threshold=-1.4306043070013124 0.053125723945290478 0.10893301466329565 73.500000000000014 1193.7453320000002 17.378039839444792 -1.2341867203721049 64048.225000000013 59384.371000000006 -3789.4401270000058 0.0018721327939430815 0.0013066574385896892 0.0055224768678407985 60.500000000000007
decision_type=2 2 2 2 2 2 2 2 2 2 2 2 2 2
left_child=1 3 13 5 -5 -1 10 8 -8 -9 11 -2 -12 -3
right_child=6 2 -4 4 -6 -7 7 9 -10 -11 12 -13 -14 -15
leaf_value=0.019209755856642953 -0.028664752924209579 0.10439784103792669 -0.03173732418107196 0.096789909702509183 -0.0072439150009347975 -0.0053347003599813368 0.0016498151513810811 -0.020206242034362876 -0.020025706393763918 0.03096650298212341 -0.0104272064502808 0.054231667959895619 -0.036810797127579266 0.048861382400048704
leaf_weight=67.001071378588676 7.8578799366951015 5.9042987823486355 11.35082748532295 9.7556061148643476 5.7980215102434149 237.30461401492357 965.85376554727554 17.73882395029068 114.30708441138268 65.381343588232994 200.05919965356588 11.977040052413939 30.691423580050468 23.024082519114017
leaf_count=234 35 24 37 33 19 753 3185 62 351 224 666 45 82 76
internal_value=0.000272582 0.00639895 0.0342891 0.0028868 0.0580086 6.9421e-05 -0.00128792 0.000834361 -0.000643978 0.0200456 -0.0111401 0.0213911 -0.0139364 0.0601964
internal_weight=1774.01 360.139 40.2792 319.859 15.5536 304.306 1413.87 1163.28 1080.16 83.1202 250.586 19.8349 230.751 28.9284
internal_count=5826 1176 137 1039 52 987 4650 3822 3536 286 828 80 748 100
is_linear=0
shrinkage=0.0657714


Tree=150
num_leaves=10
num_cat=0
split_feature=64 51 29 23 4 43 51 12 36
split_gain=3.49796 4.62073 3.96962 7.41989 5.2764 3.33099 4.91996 2.55931 1.83678
threshold=-0.020867442383347364 45456.474000000009 -0.026224552947574472 0.0099218309791662147 -0.0061710354592133245 1.1410751067732139 44594.53100000001 0.0056207207721138495 -1.0241866975961924
decision_type=2 2 2 2 2 2 2 2 2
left_child=7 5 3 -3 -4 6 -2 -1 -9
right_child=1 2 4 -5 -6 -7 -8 8 -10
leaf_value=0.0069820315112672461 0.006416868676632507 -0.018907567672433526 0.013766376626600147 0.030203335216846091 2.4810268576437441e-05 -0.011185043146085129 0.078841292345918482 -0.048923109380407344 -0.0075282578653737787
leaf_weight=9.129050165414812 7.4581065624952378 92.77324540168047 131.59232641756535 15.536786481738089 1484.2519564777613 6.0836292803287497 8.8990745544433576 13.62592487037182 7.0290343761444083
leaf_count=33 28 264 468 61 4859 23 39 26 25
internal_value=0.000331656 0.000712785 0.000326839 -0.0118627 0.00114391 0.0303655 0.0458192 -0.0220185 -0.0348361
internal_weight=1776.38 1746.6 1724.15 108.31 1615.84 22.4408 16.3572 29.784 20.655
internal_count=5826 5742 5652 325 5327 90 67 84 51
is_linear=0
shrinkage=0.0657714


Tree=151
num_leaves=15
num_cat=0
split_feature=21 21 23 62 58 60 58 52 0 21 40 13 34 12
split_gain=8.154 9.6008 13.5209 11.3652 10.6738 7.91851 7.00458 14.0668 6.78175 4.16703 3.66206 3.55384 0.288059 0.0270168
threshold=27.441706690136723 19.896728371909791 0.045440976601128565 -1182.5493634999996 -9.2449999999999984e-05 0.0020562770826925152 4.6595000000000004e-05 3.3965000000000011e-05 64.732843332410596 33.645211315533963 0.0084837707121131496 0.66712755627856379 -0.22252093395631442 0.0081173325364701145
decision_type=2 2 2 2 2 2 2 2 2 2 2 2 2 2
left_child=1 2 3 -1 13 -6 7 11 -9 12 -4 -2 -8 -3
right_child=6 4 10 -5 5 -7 9 8 -10 -11 -12 -13 -14 -15
leaf_value=0.012187132014896844 0.02463975203994442 -0.062839229085326562 -0.057082031398328598 -0.0082667521876600997 0.0099569936162530303 -0.0089536855545211923 -0.063750745556717128 0.0045765552280206106 0.08524477365282411 0.00248913857891732 0.024820573247440192 -0.05566814103397482 -0.04989971578292305 -0.055651133750710041
leaf_weight=155.51415788009763 2.8145108968019512 7.0043308585882169 25.863525692373518 480.95980069413781 572.15956567600369 115.04622980952263 10.487161055207254 10.97322326898575 7.65208826214075 6.7499730549752703 2.5988865345716468 15.573739167302845 17.063137970864773 3.3407851308584213
leaf_count=567 10 34 198 2076 2001 497 49 42 11 37 11 112 160 21
internal_value=-0.000732323 0.000402422 -0.00525244 -0.00326911 0.00579289 0.00679113 -0.0224122 -0.00256912 0.0377186 -0.043825 -0.0496036 -0.0433762 -0.0551722 -0.060518
internal_weight=1433.8 1362.49 664.936 636.474 697.551 687.206 71.3138 37.0136 18.6253 34.3003 28.4624 18.3883 27.5503 10.3451
internal_count=5826 5405 2852 2643 2553 2498 421 175 53 246 209 122 209 55
is_linear=0
shrinkage=0.0657714


Tree=152
num_leaves=15
num_cat=0
split_feature=12 3 30 12 30 30 30 5 35 23 30 5 12 6
split_gain=3.81133 9.53107 7.36596 9.46474 7.38061 5.91782 8.30237 5.84622 9.92932 4.5285 4.10745 3.34317 3.29547 2.16842
threshold=0.010885969791162598 0.013328108783394346 0.0073784026629901281 0.0080482647910764971 0.006280457275428252 0.0077031573703968429 0.0094483670717486392 0.011034410624566894 -0.51115992941003341 -0.0011609246746163702 0.011302715375678066 0.025252999437630267 0.013622506467325156 0.021377319077333982
decision_type=2 2 2 2 2 2 2 2 2 2 2 2 2 2
left_child=1 2 4 -4 -1 9 -7 8 12 -3 -10 13 -2 -9
right_child=7 5 3 -5 -6 6 -8 11 10 -11 -12 -13 -14 -15
leaf_value=0.0016753677572884562 -0.049869055178393323 0.041745817791212614 0.023690037861626757 -0.011118910567825392 -0.011911088942623202 -0.03782211718687839 -0.0065011092829462044 -0.008762958529130449 0.067187347201294045 -0.023032193685796291 0.023848703457504922 0.023044168480094721 0.012007268112409845 -0.05557303839695614
leaf_weight=1148.6711686104536 7.3366360515356046 12.884705655276777 123.39734445512295 46.53364896774292 203.62424293905497 63.050454199314117 87.303216014057398 11.093419805169111 18.410444959998131 7.3210606798529616 19.458896204829216 8.5750459283590299 7.5604231357574463 6.9710216820240012
leaf_count=3806 26 43 421 147 633 208 281 32 62 23 70 27 26 21
internal_value=0.00026005 -0.00040056 0.00125142 0.014158 -0.000370437 -0.0151443 -0.0196355 0.014343 0.0270234 0.0182751 0.0449181 -0.0107738 -0.0184661 -0.0268268
internal_weight=1772.19 1692.79 1522.23 169.931 1352.3 170.559 150.354 79.4059 52.7664 20.2058 37.8693 26.6395 14.8971 18.0644
internal_count=5826 5562 5007 568 4439 555 489 264 184 66 132 80 52 53
is_linear=0
shrinkage=0.0657714


Tree=153
num_leaves=12
num_cat=0
split_feature=67 3 28 35 36 57 36 23 28 2 22
split_gain=3.49159 5.80827 7.05559 6.73383 4.30283 11.1824 8.91399 4.73813 4.47353 4.40008 3.59813
threshold=-6398.1068109999969 0.014908906568173747 45.85793570082415 0.12971594947244949 -1.9822409099590916 55195.910500000005 -1.7261477638093339 -0.0202597066689254 48.360232390409223 57.333953885568299 24.833052357338939
decision_type=2 2 2 2 2 2 2 2 2 2 2
left_child=1 2 10 -4 5 -2 7 -6 -8 -7 -1
right_child=4 -3 3 -5 6 9 8 -9 -10 -11 -12
leaf_value=-0.052806212472846573 -0.04835261883365298 0.080324340022926571 0.05567798539089569 -0.010609085473993902 0.015871964521408977 0.027709567384940011 -0.0044354719553008556 -0.029832762939712324 0.0028700792116163106 0.090878583161035434 0.0030621062422499248
leaf_weight=8.4329411461949366 7.6914481073617926 5.5758349597454062 17.671618156135086 10.609622076153753 11.598961114883421 22.872328400611881 552.00190714001656 63.689522050321102 1056.7057620063424 6.0270441919565192 12.202827751636503
leaf_count=18 20 25 74 36 41 88 1797 184 3477 27 39
internal_value=0.000332045 0.0167231 0.00947352 0.0308106 -0.000187079 0.022126 -0.000671911 -0.0227915 0.000363298 0.0408836 -0.0197688
internal_weight=1775.08 54.4928 48.917 28.2812 1720.59 36.5908 1684 75.2885 1608.71 28.8994 20.6358
internal_count=5826 192 167 110 5634 135 5499 225 5274 115 57
is_linear=0
shrinkage=0.0657714


Tree=154
num_leaves=14
num_cat=0
split_feature=33 43 13 12 44 20 68 68 11 10 3 5 30
split_gain=8.26149 12.2476 9.92982 9.39079 9.51039 9.20282 11.8308 11.7194 7.67589 7.53752 4.78937 1.83993 0.106007
threshold=-0.8783796973249266 0.33603241391982325 0.97846695335198908 0.0060085018434878215 0.29275753097248497 11.696475895735313 -0.0017395526324093245 -0.003268578706678515 -0.0041068746664753566 0.03477860414104441 0.010272228068107516 0.010753755682664569 0.0045174838800976329
decision_type=2 2 2 2 2 2 2 2 2 2 2 2 2
left_child=2 8 3 4 -1 7 -7 -3 -2 -5 12 -10 -4
right_child=1 5 10 9 -6 6 -8 -9 11 -11 -12 -13 -14
leaf_value=0.024680965722747784 0.028482891904589948 0.03183346952604179 -0.064460836465121005 0.04477003393045189 -0.0031490159346424622 -0.016968469136106792 0.0026900786704554727 -0.038372005423179069 -0.057742722872420334 0.0059208752041861584 0.0059011022927053418 -0.0029136160701190863 -0.078054273625646625
leaf_weight=70.710607126355171 5.9427344389259806 12.580909844487904 4.7972020059823972 50.995522499084473 213.50739720463753 159.70512786880136 775.39214887470007 56.380999282002449 29.527255669236183 37.484523996710777 5.3052182644605628 2.9083840548992148 5.1415146291255951
leaf_count=115 27 45 22 61 482 844 3488 419 203 76 12 12 20
internal_value=-0.000721904 -0.0037712 0.00747183 0.00959994 0.00377481 -0.00237739 -0.000667402 -0.0255642 -0.040236 0.0283116 -0.0445582 -0.0528264 -0.071493
internal_weight=1430.38 1042.44 387.942 372.698 284.218 1004.06 935.097 68.9619 38.3784 88.48 15.2439 32.4356 9.93872
internal_count=5826 5038 788 734 597 4796 4332 464 242 137 54 215 42
is_linear=0
shrinkage=0.0657714


Tree=155
num_leaves=8
num_cat=0
split_feature=29 6 2 57 66 55 40
split_gain=3.89121 4.75151 4.97438 5.27461 4.43033 3.11718 0.244519
threshold=0.070863757414571085 0.031153474626839598 77.91005081667511 50858.172500000008 3713.1689270000006 2.6120000000000004e-05 -1.0000000180025095e-35
decision_type=2 2 2 2 2 2 2
left_child=1 2 4 -4 -1 -3 -7
right_child=-2 5 3 -5 -6 6 -8
leaf_value=-0.00059914502429269062 0.052638786221005832 0.0083451037948445578 -0.021483479165412281 0.042555504376837271 0.02027908739515108 -0.041695380608149826 -0.060041646512941881
leaf_weight=1670.8204452171922 6.1120350658893576 5.3849785774946239 7.3630670085549381 22.76933990418911 45.154752194881439 5.9239079207181939 6.6934701241552803
leaf_count=5502 22 14 21 75 147 19 26
internal_value=0.000250359 6.88514e-05 0.000415444 0.0269071 -4.97481e-05 -0.0335483 -0.051428
internal_weight=1770.22 1764.11 1746.11 30.1324 1715.98 18.0024 12.6174
internal_count=5826 5804 5745 96 5649 59 45
is_linear=0
shrinkage=0.0657714


Tree=156
num_leaves=12
num_cat=0
split_feature=69 69 48 44 25 50 10 50 56 12 41
split_gain=3.44092 5.01625 6.64196 4.59745 4.34381 4.17251 10.6969 4.59894 3.98252 5.35665 2.79811
threshold=2.1310000000000004e-05 7.7250000000000014e-06 54.210193256043716 0.88493300409815867 0.0070800486013314909 0.77372534872522769 0.029433603217609617 0.75411119429975282 65.500000000000014 0.0042988042778596526 -0.00035793632190489472
decision_type=2 2 2 2 2 2 2 2 2 2 2
left_child=1 5 3 -3 8 7 -7 -1 10 -10 -2
right_child=4 2 -4 -5 -6 6 -8 -9 9 -11 -12
leaf_value=-0.00023321693475240239 -0.0047821062898839497 0.087193957198966485 -0.01484154147863362 0.014747134814730511 0.041649019917489025 0.02060550229995451 -0.0050306347068493507 -0.023807081666749927 0.060679652712540715 -0.013802260978646841 -0.028026702731169244
leaf_weight=1312.1116972789168 36.77070613950491 8.9738872051239031 8.8283891826868039 6.5586326569318762 6.5210792124271384 142.34428831189871 139.32369642704725 36.803023561835289 6.8351102396845844 10.740844041109083 57.331049732863903
leaf_count=4303 111 41 28 23 26 523 438 102 29 40 162
internal_value=0.000312232 0.00108655 0.0307116 0.0566032 -0.0105292 0.000643948 0.00792489 -0.000876393 -0.013576 0.015163 -0.0189438
internal_weight=1773.14 1654.94 24.3609 15.5325 118.199 1630.58 281.668 1348.91 111.678 17.576 94.1018
internal_count=5826 5458 92 64 368 5366 961 4405 342 69 273
is_linear=0
shrinkage=0.0657714


Tree=157
num_leaves=13
num_cat=0
split_feature=14 20 66 36 5 40 10 21 30 4 20 24
split_gain=7.91735 10.6915 13.187 10.3071 9.41527 8.20313 9.78984 9.35353 7.73421 5.00194 3.57795 2.3122
threshold=0.0017918518550250977 11.453587955706768 -277.97946000000167 -1.0523231690842538 -0.0024163102026173995 0.011788586998977892 0.034617215023155477 27.264881769986548 0.001789448427637395 -0.00047085088984893936 15.938098213969457 -0.00048400003336385161
decision_type=2 2 2 2 2 2 2 2 2 2 2 2
left_child=8 2 3 -2 -4 7 -7 -3 11 -10 -11 -1
right_child=1 5 4 -5 -6 6 -8 -9 9 10 -12 -13
leaf_value=0.0076327702085437236 -0.00608561940884823 0.00012481996373688513 0.0055295006535753238 0.096265203048249565 -0.057389316134215024 0.062795045682210157 0.0028158908552012706 -0.025489792072934819 -0.012943991668154879 0.04780356439394793 0.0089722276653676648 -0.065130678606775849
leaf_weight=2.9420739933848381 34.516879893839359 1143.2921548709273 13.389395315200089 4.8549235835671416 44.421764511615038 19.204157114028931 30.417688991874456 65.186143796890974 10.342248097062109 37.482263080775738 14.135744750499724 5.2788568921387178
leaf_count=16 148 4574 70 14 284 44 101 407 30 64 36 38
internal_value=-0.000688832 -0.00180427 -0.0228229 0.00653523 -0.042817 -0.000180667 0.0260284 -0.00125685 0.0208515 0.0288047 0.0371695 -0.0390904
internal_weight=1425.46 1355.28 97.183 39.3718 57.8112 1258.1 49.6218 1208.48 70.1812 61.9603 51.618 8.22093
internal_count=5826 5642 516 162 354 5126 145 4981 184 130 100 54
is_linear=0
shrinkage=0.0657714


Tree=158
num_leaves=15
num_cat=0
split_feature=49 23 47 47 7 59 10 13 60 7 58 8 14 21
split_gain=3.93551 12.5315 9.0204 5.44493 5.26255 8.74549 9.93864 9.33793 6.98764 7.3131 7.11777 5.09504 3.48179 1.66338
threshold=0.0023340181173182781 -0.0067987034310346131 0.92513889514020076 0.75934365454080399 -0.0046455724522289068 48.500000000000007 0.029889065628505459 1.4562078669350207 -0.0012519540674461036 -0.029696015369961578 -1.5354999999999998e-05 0.0024632028079645267 0.0084841354281153542 21.589082781801896
decision_type=2 2 2 2 2 2 2 2 2 2 2 2 2 2
left_child=4 2 11 13 8 7 -7 -6 10 -10 -1 -2 -5 -3
right_child=1 3 -4 12 5 6 -8 -9 9 -11 -12 -13 -14 -15
leaf_value=-0.024302699100331823 0.087528342976775017 -0.023653326001607081 -0.02291884167866004 0.040832848612524265 0.020000981901829199 0.0041486747950262755 -0.013508369842675732 -0.010190280232494488 0.00081942757844419083 -0.013635684186815078 0.014624414884811227 0.03475123102035451 -0.017683072714133038 -0.067137435010161034
leaf_weight=24.249739944934845 11.321424677968023 7.6363286077976209 8.9224223643541318 7.8965260982513454 198.6059787273407 468.05935872346163 195.49791507795453 57.044862732291222 262.43252319842577 357.85618979483843 125.37205741554499 26.281563431024551 9.9304625838994962 7.585593119263649
leaf_count=74 38 23 24 26 651 1611 606 185 847 1171 417 96 32 25
internal_value=0.000242142 0.0145362 0.0365342 -0.0164322 -0.000431249 0.00292859 -0.00105346 0.0132642 -0.00444261 -0.00752 0.00831536 0.0506412 0.00823676 -0.0453229
internal_weight=1768.69 79.5743 46.5254 33.0489 1689.12 919.208 663.557 255.651 769.911 620.289 149.622 37.603 17.827 15.2219
internal_count=5826 264 158 106 5562 3053 2217 836 2509 2018 491 134 58 48
is_linear=0
shrinkage=0.0657714


Tree=159
num_leaves=12
num_cat=0
split_feature=10 30 46 21 48 62 25 44 7 48 70
split_gain=3.37036 8.78674 4.87456 5.35044 6.52464 4.49157 4.01453 4.03833 3.48446 5.87416 3.96457
threshold=0.069490121377602729 0.017707340720740272 0.0021273721129898547 29.834574583185319 61.859396510717019 950.64500850000252 -0.0031850330507827147 1.0141022655285692 -0.006085493759092008 59.203919018076355 1113.8308364999991
decision_type=2 2 2 2 2 2 2 2 2 2 2
left_child=2 6 3 5 -5 -1 -2 -8 10 -10 -4
right_child=1 -3 8 4 -6 -7 7 -9 9 -11 -12
leaf_value=0.0016657369983120516 0.073745010651861578 -0.052539598839019083 -0.035896504236369364 0.012638061742652669 0.082861405054635906 -0.0075779435307983195 0.00053902078419382812 0.065824267760135377 0.034551714633538511 -0.023410491069271663 -0.00057927946715575053
leaf_weight=1323.8656207174063 8.5062311291694659 5.8580206781625739 40.445597104728222 40.897289291024208 6.6549340635538092 274.55445575714111 13.961358591914179 5.8020099550485602 14.044164896011354 16.391328662633896 20.831691354513168
leaf_count=4362 38 16 118 149 29 865 52 26 51 49 71
internal_value=0.000304493 0.0207736 -9.7514e-05 0.000724771 0.0224658 7.79856e-05 0.0359655 0.0197051 -0.0148551 0.00333561 -0.0238901
internal_weight=1771.81 34.1276 1737.69 1645.97 47.5522 1598.42 28.2696 19.7634 91.7128 30.4355 61.2773
internal_count=5826 132 5694 5405 178 5227 116 78 289 100 189
is_linear=0
shrinkage=0.0657714


Tree=160
num_leaves=12
num_cat=0
split_feature=52 13 34 59 30 7 29 49 27 62 34
split_gain=7.77752 8.80304 8.00674 12.581 12.9664 12.1699 10.4151 11.8665 5.00797 0.697095 0.103624
threshold=-0.00011018999999999999 2.019925733903015 -0.22252093395631442 63.500000000000007 0.0091419219723030253 0.059543771646734196 0.039793199719764923 -0.0024812891098232831 -0.0029838690332913971 -776.5595344999972 -0.22252093395631442
decision_type=2 2 2 2 2 2 2 2 2 2 2
left_child=1 9 6 5 -5 -4 7 -2 -8 -1 -11
right_child=2 -3 3 4 -6 -7 8 -9 -10 10 -12
leaf_value=-0.027362676579937805 -0.040379410610472177 0.051626716835650246 -0.0037556954490283491 -0.035889420479059742 0.02720015200275 0.049561308692580151 0.0081525446475312797 0.0061754657666933587 -0.064869692026838677 -0.063069526128690157 -0.052336093219162112
leaf_weight=3.5074698776006761 24.373532302677631 4.0638031437993041 386.21713589131832 92.910610347986221 16.611718229949474 19.452232494950294 5.7372865155339268 837.93243574723601 13.920310772955416 11.661775887012487 5.8392227962613061
leaf_count=18 102 8 2416 880 68 48 16 2110 61 54 45
internal_value=-0.000676529 -0.0369842 -2.49801e-05 -0.00653951 -0.0263204 -0.00119909 0.00378043 0.00485957 -0.0435573 -0.0541248 -0.0594883
internal_weight=1422.23 25.0723 1397.16 515.192 109.522 405.669 881.964 862.306 19.6576 21.0085 17.501
internal_count=5826 125 5701 3412 948 2464 2289 2212 77 117 99
is_linear=0
shrinkage=0.0657714


Tree=161
num_leaves=10
num_cat=0
split_feature=59 59 10 53 23 23 28 0 68
split_gain=3.87508 6.92568 8.4871 11.1965 6.13762 5.91251 5.24833 5.16158 3.81512
threshold=8.5000000000000018 20.500000000000004 0.021463128308757514 9.5000000000000018 -0.088289700729364304 0.014378682076718554 39.255312900832088 55.527400248364664 0.0013959096879159196
decision_type=2 2 2 2 2 2 2 2 2
left_child=7 2 3 -2 -3 -4 -6 8 -1
right_child=1 4 5 -5 6 -7 -8 -9 -10
leaf_value=-0.024391674362556306 -0.028813513070234949 -0.053127841204974748 0.0015004305051061024 0.062105454876302195 -0.026415040073912852 0.042300722418048817 6.7417498671081447e-05 -0.058111833338323447 0.041258256415908176
leaf_weight=10.573961876332765 7.5087950229644767 9.6471091955900174 140.09960380941629 26.672879882156849 33.08442597836256 17.257069408893585 1504.6914068423212 11.399590350687502 6.0032538324594489
leaf_count=37 24 30 465 94 103 61 4954 36 22
internal_value=0.000239213 0.000629893 0.0124277 0.042133 -0.000830422 0.00597494 -0.000502338 -0.0240443 -0.000617284
internal_weight=1766.94 1738.96 191.538 34.1817 1547.42 157.357 1537.78 27.9768 16.5772
internal_count=5826 5731 644 118 5087 526 5057 95 59
is_linear=0
shrinkage=0.0657714


Tree=162
num_leaves=14
num_cat=0
split_feature=3 3 53 36 36 20 6 35 51 63 7 20 11
split_gain=3.5166 7.78898 9.08203 7.30489 4.35002 4.74176 4.89011 4.35893 3.94168 7.97371 6.61047 3.90927 1.64796
threshold=0.0047419809617172933 0.0055242911286131095 52.500000000000007 -1.5379421734834577 -0.54089201105133333 11.453587955706768 -0.00021128570030054525 0.6965175885077356 55791.819500000005 -8993.7809315000031 0.048712546533039809 19.195480912819949 0.000278577428040161
decision_type=2 2 2 2 2 2 2 2 2 2 2 2 2
left_child=4 2 3 -2 5 6 -1 -7 9 -3 -10 -4 -6
right_child=1 8 11 -5 12 7 -8 -9 10 -11 -12 -13 -14
leaf_value=-0.0089032574154095916 -0.051577960340613682 0.067986283973399161 0.042235069663322099 0.0095008941408671749 0.059329976789973982 -0.023454478871989023 0.046621269710255542 0.012247605553169524 -0.0087918392251704631 0.0013735853186731171 0.021170089052420432 -0.0093602855832810149 0.006647811552896136
leaf_weight=18.73199583590031 9.9736882150173169 7.8284454345703116 51.342290237545967 56.199166133999825 4.9860343933105451 98.285950548946857 10.827790752053259 17.414449632167816 337.9468956887722 1108.8573215529323 35.169176995754242 7.2495247274637213 5.2977164834737778
leaf_count=58 30 32 205 204 21 280 45 60 1064 3650 137 21 19
internal_value=0.000297107 0.00120701 0.0169929 0.000294982 -0.00914784 -0.0120744 0.0114355 -0.0180808 -0.000114984 0.00184057 -0.00596769 0.0358512 0.0321905
internal_weight=1770.11 1614.57 124.765 66.1729 155.544 145.26 29.5598 115.7 1489.8 1116.69 373.116 58.5918 10.2838
internal_count=5826 5343 460 234 483 443 103 340 4883 3682 1201 226 40
is_linear=0
shrinkage=0.0657714


Tree=163
num_leaves=10
num_cat=0
split_feature=51 36 14 20 22 6 13 33 53
split_gain=7.47477 7.43514 7.70438 8.91182 6.39944 3.32907 0.262085 0.192595 0.00822001
threshold=70983.74950000002 -2.0369966226838696 0.0017918518550250977 10.406728450778413 22.990849252103231 -0.0087980261289507516 0.59133971440931188 -1.0000000180025095e-35 54.500000000000007
decision_type=2 2 2 2 2 2 2 2 2
left_child=1 5 4 -4 -3 -1 -7 -2 -9
right_child=7 2 3 -5 -6 6 -8 8 -10
leaf_value=0.013575964661345663 -0.073125981246150246 0.03004472343289942 -0.033328793235565639 1.7157623559801642e-05 -0.0275720754954571 -0.07395176003684277 -0.054094295267593587 -0.055155402116269237 -0.050447424629240414
leaf_weight=3.1601140573620787 2.9495492614805698 58.340026509016752 35.628034338355064 1289.3042538426816 9.7298312932252866 4.9560731127858144 6.8479611314833164 3.2356643080711347 3.1818597912788391
leaf_count=8 16 132 240 5252 45 31 56 21 25
internal_value=-0.000655805 -0.000266217 0.00022916 -0.00087953 0.021809 -0.0463805 -0.0624317 -0.0592148 -0.0528211
internal_weight=1417.33 1407.97 1393 1324.93 68.0699 14.9641 11.804 9.36707 6.41752
internal_count=5826 5764 5669 5492 177 95 87 62 46
is_linear=0
shrinkage=0.0657714


Tree=164
num_leaves=15
num_cat=0
split_feature=20 23 49 1 35 12 12 1 71 56 17 71 53 20
split_gain=3.79641 9.17137 10.8844 7.20035 6.81429 6.72404 9.14325 14.5855 12.0982 6.95896 6.6283 4.96106 3.4518 2.1014
threshold=14.811944947716164 0.043537704846204346 0.0013424216000100704 0.00087481843802073207 -0.86394323633536663 0.0051981937491704542 0.0038776615456685083 -0.0004790569376833645 3001.1793934999928 78.500000000000014 -5.6517199996600547e-05 1901.4824284999979 83.500000000000014 18.405214387828067
decision_type=2 2 2 2 2 2 2 2 2 2 2 2 2 2
left_child=1 2 4 12 -1 6 8 -8 -2 11 -4 -7 -3 -11
right_child=5 3 10 -5 -6 9 7 -9 -10 13 -12 -13 -14 -15
leaf_value=-0.030343190972758199 0.0050530232241558981 0.044140313445335172 0.044565505259286806 -0.037753768394612044 -0.0063971066376158747 -0.004460888546493188 -0.0061810727305604404 0.031304496278664176 -0.035709390197657676 -0.054201586178971466 -0.0049037748828123845 0.011281394839254473 -0.0038598067005239591 -0.010659743275779966
leaf_weight=57.907336242496967 360.21039124578238 32.277856737375259 27.718783602118492 6.9998962581157675 457.97949208319187 427.64304298907518 67.612203747034073 133.68133910000324 34.515342175960541 14.192453633993866 20.295609474182129 108.58831454068422 8.1090670078992826 7.2411275878548613
leaf_count=188 1199 117 90 26 1513 1379 224 464 92 40 51 384 39 20
internal_value=0.000228661 -0.00396193 -0.00629731 0.023829 -0.00908501 0.00244907 0.00730604 0.0187135 0.0014887 -0.00274194 0.0236549 -0.00127303 0.0345026 -0.0394914
internal_weight=1764.97 611.288 563.901 47.3868 515.887 1153.68 596.019 201.294 394.726 557.665 48.0144 536.231 40.3869 21.4336
internal_count=5826 2024 1842 182 1701 3802 1979 688 1291 1823 141 1763 156 60
is_linear=0
shrinkage=0.0657714


Tree=165
num_leaves=15
num_cat=0
split_feature=3 30 7 20 20 67 58 12 19 36 36 20 1 22
split_gain=3.20095 7.31607 11.3046 6.15148 5.77464 7.58027 5.48533 4.6858 6.74627 5.08093 5.47011 4.67472 4.5125 2.66735
threshold=0.0047419809617172933 0.0031723297484576754 -0.0082963238933535504 10.489845888146954 10.290352714428018 653.476984499997 -4.8529999999999991e-05 0.0015253892336294498 0.0026182256760310945 -1.2873795401168973 -1.1141920956434703 14.546813605689261 -9.6922850091496523e-05 20.761492018971015
decision_type=2 2 2 2 2 2 2 2 2 2 2 2 2 2
left_child=7 2 11 -4 5 -3 -6 8 12 13 -11 -2 -1 -9
right_child=1 4 3 -5 6 -7 -8 9 -10 10 -12 -13 -14 -15
leaf_value=0.040342860896280884 0.066682825849430888 0.038861225988928404 -0.043184054204102928 0.0083921353084407124 -0.015701201140684639 -0.015656382567308766 0.00014298230655079871 -0.050796501965965891 0.066807208712392596 0.040310786257064052 -0.013825399591735637 0.024737112625415697 -0.011986393397854627 -0.015282948579788371
leaf_weight=8.7841722816228849 19.050733730196953 34.747377082705498 11.365172132849692 83.498754680156708 101.82320380210876 16.16555792093277 1318.3610636591911 22.217551246285439 7.0743216574192038 9.5046994090080243 53.643343433737755 28.973825111985207 37.821778073906898 15.553537935018538
leaf_count=36 81 145 36 301 288 54 4327 46 30 36 170 111 119 46
internal_value=0.000301304 0.0011673 0.0153758 0.00221305 -0.000212775 0.0215511 -0.000993001 -0.00873955 0.00696061 -0.0170907 -0.00567712 0.0413764 -0.00212351 -0.0361726
internal_weight=1768.59 1613.99 142.888 94.8639 1471.1 50.9129 1420.18 154.599 53.6803 100.919 63.148 48.0246 46.606 37.7711
internal_count=5826 5343 529 337 4814 199 4615 483 185 298 206 192 155 92
is_linear=0
shrinkage=0.0657714


Tree=166
num_leaves=11
num_cat=0
split_feature=65 51 36 21 60 6 34 33 53 30
split_gain=7.12414 7.12463 7.05552 6.98808 4.25046 3.17814 0.234 0.16637 0.00681188 0.00386939
threshold=-8.0314999999999993e-05 70983.74950000002 -2.0369966226838696 27.716312128313749 0.00023647172217311499 -0.0087980261289507516 -0.22252093395631442 -1.0000000180025095e-35 54.500000000000007 0.0065324242997025234
decision_type=2 2 2 2 2 2 2 2 2 2
left_child=4 2 5 -4 6 -2 -1 -3 -9 -8
right_child=1 7 3 -5 -6 -7 9 8 -10 -11
leaf_value=-0.068416736620366334 0.013048572115439553 -0.071567012042275169 0.0017515105568323831 -0.020864263789160967 0.011692635871289129 -0.061681478281692771 -0.048377774925616207 -0.054522878513583423 -0.050124366874950227 -0.052001479467163284
leaf_weight=7.8848768323659906 3.1456494256854048 2.8789601288735867 1311.3813415020704 61.89229566603899 4.691505502909421 11.324407458305357 2.2296574525535116 3.1306455582380277 2.9661987945437431 2.9762330241501331
leaf_count=36 8 16 5188 384 15 86 25 21 24 23
internal_value=-0.000653618 -0.000126946 0.00025084 0.000732236 -0.0420214 -0.0454359 -0.0612716 -0.0585362 -0.0523829 -0.0504495
internal_weight=1414.5 1396.72 1387.74 1373.27 17.7823 14.4701 13.0908 8.9758 6.09684 5.20589
internal_count=5826 5727 5666 5572 99 94 84 61 45 48
is_linear=0
shrinkage=0.0657714


Tree=167
num_leaves=11
num_cat=0
split_feature=59 59 10 71 58 58 12 14 0 33
split_gain=3.71813 6.2678 7.78348 8.86016 5.91351 10.9245 8.80589 5.80931 4.89514 4.38684
threshold=8.5000000000000018 20.500000000000004 0.021463128308757514 -546.31494199999918 5.0060000000000005e-05 9.7685000000000011e-05 0.0011639007363040742 0.014087852209094193 55.527400248364664 0.6078576107927941
decision_type=2 2 2 2 2 2 2 2 2 2
left_child=8 2 3 -2 6 -6 -3 -4 9 -1
right_child=1 4 7 -5 5 -7 -8 -9 -10 -11
leaf_value=0.02333166169850583 0.084190379155930459 0.050157862003367415 -0.0034903329220807378 0.014713687834629726 0.013888994245632695 -0.0018465898921996822 -0.0074582066055588116 0.023126517797982502 -0.057340857376027843 -0.048164657883450791
leaf_weight=10.919987365603452 12.569577589631079 11.723723083734511 103.27493799477816 21.559809170663357 258.10916034132242 732.51529503241181 541.28008153289557 54.029545575380325 11.16142864525318 5.6245945617556563
leaf_count=38 40 38 338 78 845 2463 1741 188 36 21
internal_value=0.000222186 0.000603893 0.0118292 0.0403014 -0.000788221 0.00225335 -0.00623674 0.00565179 -0.0236819 -0.000974653
internal_weight=1762.77 1735.06 191.434 34.1294 1543.63 990.624 553.004 157.304 27.706 16.5446
internal_count=5826 5731 644 118 5087 3308 1779 526 95 59
is_linear=0
shrinkage=0.0657714


Tree=168
num_leaves=15
num_cat=0
split_feature=29 23 30 0 18 18 31 35 9 30 49 70 16 36
split_gain=3.2055 6.22888 9.32616 5.0096 4.6371 4.38779 9.78247 6.66309 6.60848 4.45233 10.1186 4.40714 2.93395 0.526331
threshold=-0.026224552947574472 0.0099218309791662147 0.0063151239870755781 46.824397246887862 -0.0032404193950906763 -0.010107675520064639 0.25000000000000011 -1.6274193747519379 0.05138103478154267 0.013377667717519736 0.00027684563475018341 -418.42263600000109 -1.5443001053600651 -1.2613556024800405
decision_type=2 2 2 2 2 2 2 2 2 2 2 2 2 2
left_child=1 3 -3 4 -1 6 7 -2 -8 11 -11 -7 -4 -5
right_child=5 2 12 13 -6 9 8 -9 -10 10 -12 -13 -14 -15
leaf_value=-0.016934845067093449 0.045429279421556605 -0.037318374084554934 0.031536631383331432 -0.059900399368055579 0.026772146924008165 -0.006621184109247921 0.0038299233796340012 -0.0063627676438210209 0.050060772552670767 -0.010245854719422059 0.069663413882894112 0.0015680582156821436 0.10071355218032313 -0.035235552989892012
leaf_weight=68.139892980456352 12.111037753522394 6.2581813037395504 5.6797639131546029 9.9015360921621305 12.413712441921232 386.52115684747696 21.139753922820091 95.295797653496265 36.417783826589584 15.095209464430811 12.557310022413729 1074.6835607513785 4.9755310565233204 6.0169228911399832
leaf_count=194 49 20 23 17 46 1211 73 305 150 45 60 3587 23 23
internal_value=0.000290823 -0.0104073 0.0264096 -0.016862 -0.0101994 0.00102428 0.0112019 -0.000522772 0.0330811 -0.000103394 0.0260418 -0.000598179 0.0638391 -0.0505775
internal_weight=1767.21 113.386 16.9135 96.4721 80.5536 1653.82 164.964 107.407 57.5575 1488.86 27.6525 1461.2 10.6553 15.9185
internal_count=5826 346 66 280 240 5480 577 354 223 4903 105 4798 46 40
is_linear=0
shrinkage=0.0657714


Tree=169
num_leaves=12
num_cat=0
split_feature=12 40 34 40 22 17 26 67 9 33 34
split_gain=6.93881 8.7288 8.47988 13.34 8.20592 7.82207 7.61522 7.08303 4.86772 0.221771 0.0230947
threshold=0.013622506467325156 0.011788586998977892 0.81174490092936691 -0.013173020768851183 39.318312150496766 -0.00021279240982994117 -0.0041721402226082551 1038.3963915000002 0.44135073027088173 -1.0000000180025095e-35 1.0000000180025095e-35
decision_type=2 2 2 2 2 2 2 2 2 2 2
left_child=1 2 6 -4 9 8 -1 -7 -3 -2 -11
right_child=4 5 3 -5 -6 7 -8 -9 -10 10 -12
leaf_value=0.012488669012786167 -0.070003639916570534 0.023663962846847138 0.11207275040289076 -0.024466600684705821 0.050437144307544146 0.059811115469606047 -0.001793848995055276 -0.0080270941015156295 -0.060568519146180007 -0.055741690266139454 -0.049510808852717844
leaf_weight=190.56364482268691 5.1703098788857522 5.9088944271206838 3.202281665056943 92.713993567973375 3.6365958750247946 26.844605091959238 1058.5064269192517 8.8539653494954091 5.9626918435096741 7.3520196750760061 3.9589540623128414
leaf_count=648 27 19 16 800 5 55 4116 28 34 42 36
internal_value=-0.000636776 -8.27338e-05 -0.00106203 -0.0199081 -0.0389875 0.0276058 0.000385155 0.0429859 -0.0186431 -0.0587191 -0.0535608
internal_weight=1412.67 1392.56 1344.99 95.9163 20.1179 47.5702 1249.07 35.6986 11.8716 16.4813 11.311
internal_count=5826 5716 5580 816 110 136 4764 83 53 105 78
is_linear=0
shrinkage=0.0657714


Tree=170
num_leaves=10
num_cat=0
split_feature=6 2 70 21 42 36 55 71 20
split_gain=3.54506 5.26002 4.31515 5.8006 4.59932 4.19796 3.52553 2.50914 0.609034
threshold=0.031153474626839598 79.115363842893942 2004.6356940000019 20.844121247230465 0.46884893056437732 -1.0523231690842538 2.6120000000000004e-05 2489.9934534999984 17.931695083170037
decision_type=2 2 2 2 2 2 2 2 2
left_child=1 2 3 -1 -4 -3 -2 -7 -8
right_child=6 5 4 -5 -6 7 8 -9 -10
leaf_value=0.0023050305301959132 0.011733832558648908 0.068316652908512548 -0.026132687202051297 -0.0058737438296211589 0.014857573778072652 0.040925733156188145 -0.061794202783420592 -0.011799862747563479 -0.033133805496255039
leaf_weight=960.32738156244159 6.4829712659120586 8.4570293799042719 13.040638260543345 615.57340883463621 128.77390198409557 6.8725042939186087 6.5545885935425741 9.0405153110623342 6.2807811424136162
leaf_count=3197 18 31 41 2013 430 25 26 23 22
internal_value=0.000218924 0.000529644 9.91691e-05 -0.000889737 0.0110883 0.0308716 -0.0278011 0.0109712 -0.0477697
internal_weight=1761.4 1742.09 1717.72 1575.9 141.815 24.37 19.3183 15.913 12.8354
internal_count=5826 5760 5681 5210 471 79 66 48 48
is_linear=0
shrinkage=0.0657714


Tree=171
num_leaves=12
num_cat=0
split_feature=65 27 22 17 64 51 44 43 42 42 57
split_gain=3.11701 5.34625 5.26556 4.95755 3.43044 4.39133 4.35435 2.98776 2.73954 1.93995 2.07656
threshold=5.3940000000000009e-05 -0.0036144119387190861 17.036074169492 -0.00023356419896491018 -0.020867442383347364 45456.474000000009 0.77347593067480891 1.1410751067732139 0.992786087787494 0.91423195869073626 57834.49700000001
decision_type=2 2 2 2 2 2 2 2 2 2 2
left_child=4 -2 8 -4 9 7 -7 -6 -3 -1 -11
right_child=1 2 3 -5 5 6 -8 -9 -10 10 -12
leaf_value=-0.037816403982158679 -0.022157230151342851 0.037795067045496497 0.057692318890299479 -0.0021364229914869175 0.044814233007414515 -0.0035347800318141515 0.0031918214123549515 -0.0098230744453212775 0.11048017851419535 0.022801832707479996 -0.030374133597046524
leaf_weight=16.139391973614696 11.873779349029062 4.7141789197921735 8.3724995702505094 21.065881676971916 15.607626765966417 837.2133702263236 828.03231932967901 5.9915926754474631 4.2794753462076187 6.432195916771887 6.2768480479717255
leaf_count=38 32 20 36 72 64 2674 2803 23 20 26 18
internal_value=0.000280711 0.0164176 0.0283356 0.0148793 -0.00019244 0.000192166 -0.000190022 0.0296579 0.072381 -0.0226814 -0.00346115
internal_weight=1766 50.3058 38.432 29.4384 1715.69 1686.84 1665.25 21.5992 8.99365 28.8484 12.709
internal_count=5826 180 148 108 5646 5564 5477 87 40 82 44
is_linear=0
shrinkage=0.0657714


Tree=172
num_leaves=15
num_cat=0
split_feature=13 21 70 22 1 2 41 7 9 9 59 23 25 18
split_gain=6.99306 7.55534 16.7336 14.6977 12.3063 10.0841 9.1974 9.04566 6.5635 8.12431 3.85743 10.4124 3.19801 1.41269
threshold=0.27925648081139259 19.519198322149361 -1269.8858864999979 24.917158648945982 -0.00017354918446303017 48.640873620885699 0.001799924193321756 -0.01346893593725612 0.60389475624733835 0.695773375504948 40.500000000000007 0.019707110214683746 -6.977730561930072e-05 -0.00020054644617933934
decision_type=2 2 2 2 2 2 2 2 2 2 2 2 2 2
left_child=8 2 4 -4 -2 6 -3 -7 10 13 12 -12 -1 -10
right_child=1 5 3 -5 -6 7 -8 -9 9 -11 11 -13 -14 -15
leaf_value=0.055875490242415324 0.0029433214934333125 0.0034626087679768035 -0.021038520482405114 0.0064971983933727008 0.054463206499917767 0.0093489282699494927 0.028703211777679247 -0.0097272061442536615 -0.035701806971167871 0.01744075363013381 -0.024115683185919317 0.042982902683956305 0.019523155063127032 -0.086798478658235367
leaf_weight=21.713415257632732 91.389350794255733 175.28052251413465 318.19866393133998 113.86156112700701 25.695583462715149 161.31334874778986 97.017551012337208 322.52423924207687 4.4736762344837189 13.339717231690882 19.79157579690218 20.231472045183182 20.214618273079395 4.9091003760695475
leaf_count=27 355 661 1613 474 70 573 323 1527 17 30 64 29 40 23
internal_value=-0.000621758 -0.00193346 -0.00780521 -0.013782 0.0142499 0.00233092 0.0124556 -0.00336715 0.0157352 -0.0155426 0.0244075 0.00980235 0.0383491 -0.0624358
internal_weight=1409.95 1305.28 549.145 432.06 117.085 756.136 272.298 483.838 104.674 22.7225 81.9511 40.023 41.928 9.38278
internal_count=5826 5596 2512 2087 425 3084 984 2100 230 70 160 93 67 40
is_linear=0
shrinkage=0.0657714


Tree=173
num_leaves=12
num_cat=0
split_feature=42 43 3 25 59 21 59 13 36 42 30
split_gain=3.4888 4.67033 4.47571 4.1378 3.8114 4.87875 4.81186 7.24042 4.97714 1.49066 0.660173
threshold=0.26608481796280709 0.3943938855853395 0.0052667478265632107 -0.00079484142218644294 8.5000000000000018 19.067798141799305 21.500000000000004 1.2515864248271831 -1.4416987621375401 0.65295695081256389 0.0053039649008336165
decision_type=2 2 2 2 2 2 2 2 2 2 2
left_child=1 2 -1 -4 5 -2 7 -6 -8 -7 -3
right_child=4 10 3 -5 6 9 8 -9 -10 -11 -12
leaf_value=0.036708302380484392 0.0088436097698775772 -0.056705162126647154 0.015650322773957739 -0.029066673200776726 0.0035140402154840017 -0.023789683526084463 0.0076093107353581773 0.031672613295972422 -0.0020685740538898987 -0.064915520253515407 -0.030256810793644843
leaf_weight=9.2614294365048391 11.510685518383982 9.1483453959226626 13.490864031016825 26.604053128510714 161.33907106518745 6.5914460569620124 286.24117628857493 52.30884101241827 1167.3724030777812 9.0435279682278615 7.3727771267294875
leaf_count=35 37 30 43 77 543 20 936 181 3865 37 22
internal_value=0.000216394 -0.0146335 -0.00450162 -0.0140206 0.000793749 -0.0236531 0.00119178 0.0104083 -0.000162834 -0.0475775 -0.0449022
internal_weight=1760.28 65.8775 49.3563 40.0949 1694.41 27.1457 1667.26 213.648 1453.61 15.635 16.5211
internal_count=5826 207 155 120 5619 94 5525 724 4801 57 52
is_linear=0
shrinkage=0.0657714


Tree=174
num_leaves=12
num_cat=0
split_feature=67 22 60 66 29 22 46 44 6 65 23
split_gain=3.02742 8.5189 4.17455 3.27011 6.71654 12.3318 7.51114 5.32243 6.12216 5.03046 1.24297
threshold=-8813.8600840000036 23.119777844353131 0.0019866320873028758 882.0296860000044 0.0097783033933833714 14.477049453335772 0.0019796234318061371 0.52200088078908069 0.0088088382335438382 1.0000000180025095e-35 -1.0000000180025095e-35
decision_type=2 2 2 2 2 2 2 2 2 2 2
left_child=1 2 10 4 5 -2 -6 9 -9 -5 -1
right_child=3 -3 -4 7 6 -7 -8 8 -10 -11 -12
leaf_value=0.1108860161036416 0.043919643123395802 -0.01737909608140489 0.0072234085371890968 -0.029884201595573551 0.013523077193313346 -0.0022055621552844098 -0.018269586216847364 -0.0098449089052791237 0.0092980633291023622 0.034687019103142001 0.061800784237555258
leaf_weight=4.1716478839516631 25.693503603339195 12.090232342481611 4.5393176972866049 53.731552258133888 278.0149589702487 1039.8693325817585 36.348783224821091 178.13605083525181 121.60616558790207 5.7806984111666671 4.7989495024085072
leaf_count=21 103 38 15 147 952 3402 117 565 419 25 22
internal_value=0.000274301 0.0227275 0.0586196 -5.6203e-05 0.00139898 -0.00109336 0.009847 -0.00564569 -0.00207856 -0.0236121 0.0846272
internal_weight=1764.78 25.6001 13.5099 1739.18 1379.93 1065.56 314.364 359.254 299.742 59.5123 8.9706
internal_count=5826 96 58 5730 4574 3505 1069 1156 984 172 43
is_linear=0
shrinkage=0.0657714


Tree=175
num_leaves=16
num_cat=0
split_feature=33 31 31 71 33 66 13 41 9 19 63 9 21 66 18
split_gain=6.57633 16.1145 15.091 16.5032 12.0756 12.9767 11.7135 11.5751 11.3543 13.5788 10.5232 9.1056 11.4189 9.52178 8.0433
threshold=-0.8783796973249266 -1.0000000180025095e-35 -1.0000000180025095e-35 561.24612299999751 -1.0000000180025095e-35 -85.625551999997256 0.40691921685166538 0.0015297101800038073 1.0000000180025095e-35 -0.0095393403286483918 -221.90202249999959 0.52466953014384532 16.629866779393204 -397.64855849999566 0.0059426656095576966
decision_type=2 2 2 2 2 2 2 2 2 2 2 2 2 2 2
left_child=2 4 3 6 5 -2 -1 -6 10 -10 -3 12 -4 -13 -5
right_child=1 8 11 14 7 -7 -8 -9 9 -11 -12 13 -14 -15 -16
leaf_value=-0.0047878980366795158 0.029514251439107013 0.0024472690041916771 -0.0089637142182543532 8.0509217443976139e-05 0.0045888563062735019 -0.0012405459615613711 -0.056408136239692083 -0.026051921926515096 -0.041466257123399998 -0.009725801911225131 0.07756394470563388 0.037002542500212204 0.03848157633401271 -0.0086468077199428877 0.051931861387523523
leaf_weight=37.344377994537354 133.03852532804012 32.609108254313469 27.817821592092514 49.090466424822807 173.09049553051591 107.1472205966711 38.745492555201054 77.085481140762568 67.598713535815477 424.11468517407775 10.719794392585753 26.226774767041206 103.91779284179211 80.240565195679665 17.574788339436054
leaf_count=89 334 148 61 115 846 442 141 454 397 2385 32 34 141 184 23
internal_value=-0.000610434 -0.00335182 0.00676842 -0.0101413 0.00526076 0.0157945 -0.0310733 -0.00485233 -0.0112452 -0.0140893 0.0210315 0.0169024 0.0284628 0.00259829 0.0137499
internal_weight=1406.36 1025.4 380.958 142.755 490.362 240.186 76.0899 250.176 535.042 491.713 43.3289 238.203 131.736 106.467 66.6653
internal_count=5826 5038 788 368 2076 776 230 1300 2962 2782 180 420 202 218 138
is_linear=0
shrinkage=0.0657714


Tree=176
num_leaves=15
num_cat=0
split_feature=20 23 49 1 35 42 12 12 2 71 56 9 53 20
split_gain=3.59294 8.47192 9.93909 6.53398 6.22751 6.1466 6.06369 8.27136 13.3964 11.2513 6.39679 6.01806 3.09613 2.58924
threshold=14.811944947716164 0.043537704846204346 0.0013424216000100704 0.00087481843802073207 -0.86394323633536663 1.7412488760899791 0.0051981937491704542 0.0038776615456685083 37.860245429491279 3001.1793934999928 78.500000000000014 1.1127184755835378 83.500000000000014 18.430068358232464
decision_type=2 2 2 2 2 2 2 2 2 2 2 2 2 2
left_child=1 2 4 12 -1 -4 7 9 -9 -2 11 -8 -3 -12
right_child=6 3 5 -5 -6 -7 10 8 -10 -11 13 -13 -14 -15
leaf_value=-0.029265028759089606 0.0048593494581261583 0.042036316645709074 0.03310938473051777 -0.036238755758637248 -0.0062383378203837792 -0.029785617441852062 -0.0025598582689781825 -0.014912270020084663 0.026617983386901987 -0.034724448664336001 -0.053664405248171454 0.034148628175665337 -0.0034495197441504841 -0.0028650756258775593
leaf_weight=57.175666220486164 359.84163095057011 32.361052833497524 39.872284606099129 6.9165110662579528 456.13914833217859 8.0845413357019407 514.22912685573101 42.618667595088482 158.76676191389561 33.997797876596451 14.49476917460561 20.073740690946579 8.092303551733492 6.1956659331917754
leaf_count=188 1199 117 126 26 1513 15 1695 149 539 92 41 68 39 19
internal_value=0.000212871 -0.00387367 -0.00612797 0.0228369 -0.00880317 0.0225066 0.00237527 0.00698652 0.017829 0.00144232 -0.00257024 -0.00118072 0.0329373 -0.0384528
internal_weight=1758.86 608.642 561.272 47.3699 513.315 47.9568 1150.22 595.225 201.385 393.839 554.993 534.303 40.4534 20.6904
internal_count=5826 2024 1842 182 1701 141 3802 1979 688 1291 1823 1763 156 60
is_linear=0
shrinkage=0.0657714


Tree=177
num_leaves=16
num_cat=0
split_feature=3 3 53 49 8 23 7 2 12 27 25 66 29 1 45
split_gain=3.00409 6.76114 8.1229 6.77271 4.70787 4.41077 9.09562 13.6347 4.24005 4.14124 5.41988 3.69638 7.82061 3.92733 3.26018
threshold=0.0047419809617172933 0.0055242911286131095 52.500000000000007 0.00046093716289859107 -0.0009679419420094425 -0.00444215330145764 -0.01391065863169416 56.187004609954222 0.0016718886751284324 -0.00071524511520343326 0.0010790849672848159 966.12829700000157 0.0097783033933833714 -9.6922850091496523e-05 54.351165632885625
decision_type=2 2 2 2 2 2 2 2 2 2 2 2 2 2 2
left_child=5 2 3 -2 -4 6 8 -8 -1 14 -11 12 -3 -13 -7
right_child=1 11 4 -5 -6 9 7 -9 -10 10 -12 13 -14 -15 -16
leaf_value=0.013175650052732704 -0.013322779652401123 -0.0015617879263667383 0.0044805951777395032 0.033370923471667244 0.045495897070295194 -0.023936436501496901 0.0057516043038033293 0.10356563332389428 -0.037942323833979996 -0.018648658421202551 0.03723289553746692 -0.019862367427294234 0.010788656719758228 -0.0024288255753066425 -0.071873764653975686
leaf_weight=9.953205928206442 47.173774905502796 869.58010994642973 17.052165225148201 18.789857178926468 41.73790031671524 18.187866479158405 35.472084902226925 7.4615482911467543 23.813553676009178 40.47408638894558 9.2179984450340253 72.54167129099369 297.73262137919664 243.64157727360725 9.2626959830522519
leaf_count=37 160 2856 53 74 173 59 120 35 52 127 34 218 1012 797 19
internal_value=0.000276368 0.00111629 0.015822 -2.19958e-05 0.0335993 -0.00850407 0.00266465 0.022751 -0.0228746 -0.0196088 -0.0082825 -0.000120376 0.00158829 -0.00642859 -0.040112
internal_weight=1762.09 1608.25 124.754 65.9636 58.7901 153.843 76.7004 42.9336 33.7668 77.1426 49.6921 1483.5 1167.31 316.183 27.4506
internal_count=5826 5343 460 234 226 483 244 155 89 239 161 4883 3868 1015 78
is_linear=0
shrinkage=0.0657714


Tree=178
num_leaves=12
num_cat=0
split_feature=52 58 45 19 40 13 59 30 5 40 67
split_gain=6.8389 13.0654 10.8208 10.1324 7.42979 8.42149 6.80979 4.82167 3.99547 0.7075 0.0597794
threshold=-0.00011018999999999999 -6.9919999999999995e-05 53.337949104178996 -0.026144035123104033 0.011788586998977892 0.56085445584915361 42.500000000000007 0.010661021538541629 -0.0091464293589560968 0.0074714627321558211 -730.6816900000058
decision_type=2 2 2 2 2 2 2 2 2 2 2
left_child=3 2 8 -1 5 -3 -6 -4 -2 10 -5
right_child=1 4 7 9 6 -7 -8 -9 -10 -11 -12
leaf_value=0.069994050500224628 0.0056619766149117214 0.0047400889232292387 -0.057621516088196635 -0.063500508077834639 -0.002468227842861782 -0.0063389868929347726 0.048304061975442111 0.030782569541646963 0.056322554355653601 -0.025796701753744919 -0.055351189991400103
leaf_weight=3.3906413763761547 8.3432491645216924 471.10998478531837 7.2847189456224424 5.9824225232005181 21.367301523685455 802.12441458180547 24.565653156489134 4.2119892835617065 34.924398608505726 3.5133284926414481 11.153643216937779
leaf_count=4 25 1409 40 28 81 4021 56 11 58 17 76
internal_value=-0.000603777 4.72983e-06 0.0314834 -0.0353811 -0.00130209 -0.00223961 0.0246856 -0.0252334 0.0465537 -0.0526837 -0.0581962
internal_weight=1397.97 1373.93 54.7644 24.04 1319.17 1273.23 45.933 11.4967 43.2676 20.6494 17.1361
internal_count=5826 5701 134 125 5567 5430 137 51 83 121 104
is_linear=0
shrinkage=0.0657714


Tree=179
num_leaves=9
num_cat=0
split_feature=29 29 55 23 53 12 36 37
split_gain=3.35942 3.66818 8.08848 8.84551 6.93421 12.284 6.15246 5.93779
threshold=0.070863757414571085 0.0087873474531929858 5.5400000000000005e-05 0.029262760649263034 21.500000000000004 0.010885969791162598 -1.8181137273229615 0.01039732602748278
decision_type=2 2 2 2 2 2 2 2
left_child=1 4 6 -4 5 -1 -3 -6
right_child=-2 2 3 -5 7 -7 -8 -9
leaf_value=0.0080554756228892917 0.049773353161807372 0.028387170670188054 0.009236160301073465 -0.015892668139699206 0.00082612838493606032 0.06437194149963589 -0.017284959708254517 -0.033287382678726538
leaf_weight=136.71672701835632 5.8944256603717795 13.624551773071287 219.66176263988018 83.682172063738108 1052.9069436527789 19.095119908452034 200.8599286749959 22.544823527336121
leaf_count=457 22 51 717 290 3512 62 651 64
internal_value=0.000203464 3.64139e-05 -0.00460808 0.00230398 0.00198973 0.0149572 -0.0143838 0.000111003
internal_weight=1754.99 1749.09 517.828 303.344 1231.26 155.812 214.484 1075.45
internal_count=5826 5804 1709 1007 4095 519 702 3576
is_linear=0
shrinkage=0.0657714


Tree=180
num_leaves=13
num_cat=0
split_feature=16 67 28 5 22 36 30 30 36 42 19 45
split_gain=3.01414 4.59927 4.06826 14.0332 8.41678 7.40069 5.66535 3.81942 3.34945 5.62847 2.51056 1.46841
threshold=-9.4031126988007774 437.530019000001 46.400222208350435 -0.0077062171940179272 17.520489743874695 -1.4190393314468168 0.004127891773656577 0.010865664426505247 -0.64479366699975094 0.85802934149891441 -0.0071654426403542906 60.677964262419792
decision_type=2 2 2 2 2 2 2 2 2 2 2 2
left_child=1 8 4 7 -2 -5 -6 -4 9 -1 -3 -12
right_child=2 10 3 5 6 -7 -8 -9 -10 -11 11 -13
leaf_value=0.0022721922078994239 0.062096862294483059 -0.028424001968205707 0.067146990712127583 -0.0084795812394864271 0.0056062213622684025 0.0031181269764550719 -0.01369004531586024 0.012686791207697626 -0.0079194121651750028 0.073686416484533127 -0.0067307194212070428 0.041727316074125942
leaf_weight=7.5428570806980195 7.5188633203506461 10.839645251631739 17.356233730912212 308.27561682462692 91.411707051098347 1044.2865863516927 235.09647765010595 8.2038963139057142 6.1312537193298331 13.006228685379027 5.683376729488371 5.1621828228235245
leaf_count=23 32 26 75 998 324 3481 715 33 19 58 21 21
internal_value=0.000266155 0.0164582 -0.000191245 0.00138716 -0.00670338 0.00047478 -0.00828772 0.0496672 0.0347434 0.0474727 -0.00603892 0.0163339
internal_weight=1760.51 48.3655 1712.15 1378.12 334.027 1352.56 326.508 25.5601 26.6803 20.5491 21.6852 10.8456
internal_count=5826 168 5658 4587 1071 4479 1039 108 100 81 68 42
is_linear=0
shrinkage=0.0657714


Tree=181
num_leaves=10
num_cat=0
split_feature=51 47 36 52 8 63 34 53 62
split_gain=6.55132 6.61691 6.56062 6.70359 3.17968 0.140983 0.106798 0.00423351 0.00240234
threshold=70983.74950000002 1.1653972509801256 -2.0369966226838696 -0.00011018999999999999 -0.0023300049344758262 -147.62354550000364 -0.22252093395631442 54.500000000000007 258.40238549999941
decision_type=2 2 2 2 2 2 2 2 2
left_child=1 2 4 -4 -1 -2 -3 -7 -8
right_child=5 6 3 -5 -6 7 8 -9 -10
leaf_value=0.020195658232498349 -0.069278344781538645 -0.064221212211858517 -0.034418863186777858 0.0012285017733570461 -0.06007974534615363 -0.053332223038676962 -0.050863522967774633 -0.049729648383329536 -0.048299837412321654
leaf_weight=2.6348324269056311 2.9800155609846115 2.808600515127182 23.216361183673143 1338.5859056375921 11.240130309015511 2.9333483688533288 2.3246505632996541 2.7190555110573769 4.9438820816576481
leaf_count=5 17 13 123 5459 89 22 20 23 55
internal_value=-0.000582498 -0.000226676 0.000162307 0.000620776 -0.0448356 -0.0577023 -0.0533287 -0.0515992 -0.0491198
internal_weight=1394.39 1385.75 1375.68 1361.8 13.875 8.63242 10.0771 5.6524 7.26853
internal_count=5826 5764 5676 5582 94 62 88 45 75
is_linear=0
shrinkage=0.0657714


Tree=182
num_leaves=15
num_cat=0
split_feature=60 64 1 3 7 7 7 67 23 34 8 42 14 22
split_gain=3.39488 5.82056 5.49393 7.15487 4.72373 11.2876 9.2806 9.53098 7.64491 6.6151 4.614 4.02902 3.14694 2.77554
threshold=-0.00080632780524553238 0.0057662278000543141 0.0025067953702821674 0.011272912140188654 0.0013312102276198392 0.017397779993730492 -0.029696015369961578 -1665.6923530000035 -0.037530789352416209 1.0000000180025095e-35 0.001824480728437883 0.64113632212482086 0.0073934407910994501 19.859387115356842
decision_type=2 2 2 2 2 2 2 2 2 2 2 2 2 2
left_child=1 2 3 -1 6 9 7 -2 -8 -6 -7 13 -13 -3
right_child=4 11 -4 -5 5 10 8 -9 -10 -11 -12 12 -14 -15
leaf_value=0.0068241190049173756 -0.016993630604172767 -0.0048638239275497893 -0.033161195241560276 0.033515013772481485 0.0041164162779336539 0.0021266995980268439 -0.056763515865238257 0.011254487342419907 -0.0092276961301102859 0.027550910295503554 -0.011670709184297278 -0.034323407039525695 -0.0049780570032874312 0.053231039740979293
leaf_weight=227.46473641693592 68.196644768118858 7.8098034933209401 12.200365506112574 53.703280970454216 108.53370925784111 272.39083364605904 15.148716375231741 213.20127519965172 431.89545714855194 100.22635444998741 170.45891330391169 26.599976718425751 38.964745320379734 6.5337317585945129
leaf_count=755 195 21 38 184 346 962 44 729 1415 342 572 76 128 19
internal_value=0.000196003 0.00576081 0.0100472 0.0119221 -0.00130917 0.00275934 -0.00494855 0.00440857 -0.0108385 0.0153674 -0.00318411 -0.00997592 -0.0168836 0.0215994
internal_weight=1753.33 373.277 293.368 281.168 1380.05 651.61 728.442 281.398 447.044 208.76 442.85 79.9083 65.5647 14.3435
internal_count=5826 1221 977 939 4605 2222 2383 924 1459 688 1534 244 204 40
is_linear=0
shrinkage=0.0657714


Tree=183
num_leaves=8
num_cat=0
split_feature=20 56 56 7 10 2 27
split_gain=2.95403 3.32214 4.43939 4.20511 3.85836 3.05472 3.00924
threshold=19.929311592107073 83.500000000000014 89.000000000000014 0.10269916505282785 0.079299853207418614 63.370559314466263 0.00041738439407157385
decision_type=2 2 2 2 2 2 2
left_child=1 3 -3 4 -1 -5 -2
right_child=6 2 -4 5 -6 -7 -8
leaf_value=-4.8514875793832397e-05 0.0017406813265836278 0.069887357501777783 -0.0078471520534184585 -0.035977088494695657 0.034936949230658217 0.018316182580532449 0.071723871612116838
leaf_weight=1693.7426230609417 5.6295684576034528 6.7881988584995252 5.9759469479322433 22.79053990542889 13.747108995914457 5.5805130004882804 5.0352559834718704
leaf_count=5585 22 33 24 58 61 21 22
internal_value=0.000272183 6.17067e-05 0.0334934 -0.000184124 0.000233155 -0.0252977 0.0347823
internal_weight=1759.29 1748.62 12.7641 1735.86 1707.49 28.3711 10.6648
internal_count=5826 5782 57 5725 5646 79 44
is_linear=0
shrinkage=0.0657714


Tree=184
num_leaves=9
num_cat=0
split_feature=20 51 12 40 2 33 33 53
split_gain=6.30066 6.24235 6.33463 7.50749 7.12079 0.175926 0.127672 0.00500049
threshold=19.929311592107073 70983.74950000002 0.013622506467325156 0.011788586998977892 26.961536717909066 -1.0000000180025095e-35 -1.0000000180025095e-35 54.500000000000007
decision_type=2 2 2 2 2 2 2 2
left_child=1 2 3 -1 -4 -2 -3 -8
right_child=5 6 4 -5 -6 -7 7 -9
leaf_value=-0.00033173471481387647 -0.076843387178717887 -0.068677426859995575 0.041856109127676587 0.026680390029244588 -0.058181793756374764 -0.055116633716632342 -0.053253510319926936 -0.049330284854301548
leaf_weight=1312.5250785499811 3.0433656498789787 2.7239948697388172 3.8689513653516796 46.071678038686514 15.056801557540892 3.4282478988170615 2.8652735948562604 2.7583547383546829
leaf_count=5479 20 16 7 132 102 24 21 25
internal_value=-0.000588104 -0.000285759 5.78631e-05 0.000584279 -0.0377313 -0.0653339 -0.0569903 -0.0513292
internal_weight=1392.34 1385.87 1377.52 1358.6 18.9258 6.47161 8.34762 5.62363
internal_count=5826 5782 5720 5611 109 44 62 46
is_linear=0
shrinkage=0.0657714


Tree=185
num_leaves=15
num_cat=0
split_feature=20 7 49 7 17 36 3 23 71 30 30 33 8 29
split_gain=3.51685 8.37498 7.9453 6.79008 6.39577 5.7879 5.30385 7.52117 7.91364 7.18485 10.996 8.4417 4.37207 3.99872
threshold=14.811944947716164 0.053125723945290478 0.0013214814093657559 -0.040576269772032707 0.00032906195089084763 -1.2613556024800405 0.012582299420346631 -0.0095604240568205028 3282.8173819999965 0.0073784026629901281 0.0069861529861650869 1.0000000180025095e-35 2.6554416083013347e-05 -0.016039490820005661
decision_type=2 2 2 2 2 2 2 2 2 2 2 2 2 2
left_child=1 2 3 -1 12 -4 9 8 -8 10 -2 -11 -3 -9
right_child=6 4 5 -5 -6 -7 7 13 -10 11 -12 -13 -14 -15
leaf_value=0.013760185948238088 0.0041195699780799443 0.090575617083849883 0.0009446259115013046 -0.010986941353179246 -0.024238700257410116 0.046175395520082436 -0.0044551744015926299 0.0064977437660093318 0.04103583544216647 0.040137726804625851 -0.029502392401003521 0.0030628713782570797 0.027255529891280241 -0.029508512144431974
leaf_weight=53.546595618128777 796.52962588891387 5.7549830824136761 31.096500128507614 459.88811908662319 8.950605779886244 20.180959269404411 94.034519203007221 16.635642372071743 20.073743529617786 50.063698209822178 44.425491288304329 56.606030166149139 26.156683415174484 67.402105677872896
leaf_count=187 2660 18 96 1536 31 58 284 70 74 167 129 200 98 218
internal_value=0.000194132 -0.00385995 -0.00594057 -0.00840604 0.024894 0.0187458 0.00233684 -0.00744925 0.00354753 0.00438309 0.00234341 0.0204634 0.0386747 -0.0223809
internal_weight=1751.35 605.574 564.712 513.435 40.8623 51.2775 1145.77 198.146 114.108 947.625 840.955 106.67 31.9117 84.0377
internal_count=5826 2024 1877 1723 147 154 3802 646 358 3156 2789 367 116 288
is_linear=0
shrinkage=0.0657714


Tree=186
num_leaves=14
num_cat=0
split_feature=65 58 19 16 36 36 13 49 67 8 45 26 32
split_gain=2.92639 7.04126 3.66716 3.83373 3.07102 7.06815 7.46716 5.71796 4.56187 3.43011 2.92213 3.6995 1.59304
threshold=5.3940000000000009e-05 9.3750000000000026e-06 0.005640048933146625 -0.23633392195633005 -2.0089890908586612 -1.7261477638093339 1.56437708178858 0.00064718853581688873 -5435.8070145000047 0.0014342573822007101 45.821641846081185 -0.0010708724348572061 -0.24999999999999997
decision_type=2 2 2 2 2 2 2 2 2 2 2 2 2
left_child=4 10 3 -3 7 6 -6 9 -7 -1 -2 -12 -9
right_child=1 2 -4 -5 5 8 -8 12 -10 -11 11 -13 -14
leaf_value=-0.018039664144175762 -0.028019886736047796 0.071904949906854199 0.10164379850555053 -0.00091116509586020825 -0.025445838235089644 0.017509507957481765 0.053486750669659557 0.038045315776066069 -0.0003343364148178009 0.041858546440738539 0.053619771249788874 -0.0056737244784056621 0.091126825885281454
leaf_weight=13.571712657809263 11.802411668002604 5.7300549075007448 4.4422926604747763 6.8873092681169519 72.891572289168835 64.584997497498989 5.5816199034452429 5.5227555260062218 1535.6389403864741 5.9484204053878775 6.6131094843149194 14.605173155665398 4.389775946736334
leaf_count=50 31 26 21 26 219 233 24 21 5054 25 28 48 20
internal_value=0.000269474 0.0159404 0.0502516 0.0321576 -0.000189979 -0.000559251 -0.0198315 0.0208715 0.000385841 0.000213272 -0.00178599 0.0128063 0.0615525
internal_weight=1758.21 50.0804 17.0597 12.6174 1708.13 1678.7 78.4732 29.4327 1600.22 19.5201 33.0207 21.2183 9.91253
internal_count=5826 180 73 52 5646 5530 243 116 5287 75 107 76 41
is_linear=0
shrinkage=0.0657714


Tree=187
num_leaves=11
num_cat=0
split_feature=47 36 14 30 30 46 34 34 62 36
split_gain=6.15756 6.10835 6.50473 8.19337 6.99756 3.48224 0.371081 0.0903027 0.0019886 0.00038736
threshold=1.1653972509801256 -2.0369966226838696 0.0017918518550250977 0.004887529303280882 0.001789448427637395 0.001234647522797815 -0.22252093395631442 -0.22252093395631442 258.40238549999941 -0.93050858518445889
decision_type=2 2 2 2 2 2 2 2 2 2
left_child=1 5 4 -4 -3 6 -1 -2 -9 -10
right_child=7 2 3 -5 -6 -7 -8 8 9 -11
leaf_value=-0.073305445405219799 -0.062950059601152339 -0.038110311396996603 -0.0083372456910809824 0.0028155492645803811 0.028160657996629635 0.019174651146108859 -0.048540329947119244 -0.050470302605342902 -0.048642895312035798 -0.047452048450998284
leaf_weight=5.6931169480085364 2.7341744750738144 7.8150569088757029 421.53305288776755 879.43651925772429 58.383295185863972 2.9268017411231986 4.8446112573146811 2.2127343118190748 2.5111102573573589 2.2318091653287411
leaf_count=26 13 53 2227 3240 124 10 58 20 24 31
internal_value=-0.000575601 -0.000208908 0.000225247 -0.000798118 0.020337 -0.0442923 -0.0619199 -0.052823 -0.0488421 -0.0480825
internal_weight=1390.32 1380.63 1367.17 1300.97 66.1984 13.4645 10.5377 9.68983 6.95565 4.74292
internal_count=5826 5738 5644 5467 177 94 84 88 75 55
is_linear=0
shrinkage=0.0657714


Tree=188
num_leaves=11
num_cat=0
split_feature=59 59 10 53 7 58 10 58 21 42
split_gain=3.48074 4.77406 7.35014 9.447 5.34501 5.24432 13.8378 6.54473 4.28506 1.34588
threshold=8.5000000000000018 20.500000000000004 0.021463128308757514 9.5000000000000018 0.016638531283483474 -6.5459999999999987e-05 0.049194173392930564 -4.8529999999999991e-05 19.163524839407604 0.6576097835103164
decision_type=2 2 2 2 2 2 2 2 2 2
left_child=8 2 3 -2 -4 6 -3 -7 -1 -10
right_child=1 5 4 -5 -6 7 -8 -9 9 -11
leaf_value=0.0062468470126603188 -0.028137948579555046 -0.033903371506724247 0.00095324254325930623 0.056306999103219284 0.047674889959680486 0.039685511295114391 0.04993305973567428 -0.00037309358048362922 -0.024412572981393696 -0.063855573554678705
leaf_weight=11.962040364742281 7.3030028343200675 50.135785050690174 145.22254709899426 26.621396496891975 11.425538420677183 17.859830819070339 10.25957605615258 1453.5783809684217 6.7135843485593787 8.4557934924960119
leaf_count=39 24 146 487 94 39 58 39 4844 21 35
internal_value=0.000186608 0.000554805 0.010372 0.0381283 0.00436101 -0.000666537 -0.0196618 0.000113125 -0.0231879 -0.0463991
internal_weight=1749.54 1722.41 190.572 33.9244 156.648 1531.83 60.3954 1471.44 27.1314 15.1694
internal_count=5826 5731 644 118 526 5087 185 4902 95 56
is_linear=0
shrinkage=0.0657714


Tree=189
num_leaves=8
num_cat=0
split_feature=30 10 12 36 4 25 9
split_gain=2.88308 6.81817 4.50026 6.41669 4.40837 3.49672 3.50679
threshold=0.017707340720740272 0.069490121377602729 0.011312535612286515 -1.0154741820961921 0.0062888444487728687 -0.0031850330507827147 0.60720265053582967
decision_type=2 2 2 2 2 2 2
left_child=1 2 4 -4 -1 -3 -7
right_child=-2 5 3 -5 -6 6 -8
leaf_value=-0.00069968288579302018 -0.039607520598482542 0.067852534149746985 -0.035605482096317136 0.016249808064310495 0.01010855531942729 -0.012795903717179714 0.042888891664815104
leaf_weight=1488.761230327189 7.8123582005500785 8.4759952202439326 33.857894629240036 14.850556910037993 183.35071150958538 9.0424436032772082 10.659325480461119
leaf_count=4891 22 38 101 55 641 34 44
internal_value=0.000258817 0.00043689 -8.85961e-05 -0.0197955 0.000485464 0.0325284 0.0173315
internal_weight=1756.81 1749 1720.82 48.7085 1672.11 28.1778 19.7018
internal_count=5826 5804 5688 156 5532 116 78
is_linear=0
shrinkage=0.0657714


Tree=190
num_leaves=11
num_cat=0
split_feature=65 47 21 70 58 60 34 34 3 62
split_gain=6.23574 5.80333 6.15535 14.6423 9.30986 3.7684 0.177247 0.0788153 0.00358513 0.00189491
threshold=-8.0314999999999993e-05 1.1653972509801256 19.583042861974484 -418.42263600000109 -9.2449999999999984e-05 0.00023647172217311499 -0.22252093395631442 -0.22252093395631442 0.012408937304739152 258.40238549999941
decision_type=2 2 2 2 2 2 2 2 2 2
left_child=5 2 3 -2 -4 6 -1 -3 -8 -9
right_child=1 7 4 -5 -6 -7 8 9 -10 -11
leaf_value=-0.066123684863930277 0.0072295853241995858 -0.062324281339202835 -0.058330973528762278 -0.013678857130421836 0.0049991014991675716 0.010650296611288289 -0.048108095113995386 -0.050292184412271519 -0.051735969457943905 -0.047881703245241283
leaf_weight=7.3670322224497804 252.70695205405354 2.509398877620697 10.176050052046774 339.60310558229685 759.21056959405541 4.5182850547134867 2.5117054767906675 2.0446016639471036 2.2197107300162315 4.5507679656147957
leaf_count=36 976 12 58 1648 2959 15 30 19 18 55
internal_value=-0.000553858 -6.83882e-05 0.000281543 -0.00475835 0.00416149 -0.0406028 -0.0597438 -0.0524036 -0.0498101 -0.048629
internal_weight=1387.42 1370.8 1361.7 592.31 769.387 16.6167 12.0984 9.10477 4.73142 6.59537
internal_count=5826 5727 5641 2624 3017 99 84 86 48 74
is_linear=0
shrinkage=0.0657714


Tree=191
num_leaves=15
num_cat=0
split_feature=20 23 49 1 35 42 12 12 1 71 9 6 60 44
split_gain=3.2011 7.33489 8.38171 5.77899 5.75137 5.68636 5.32711 7.37099 12.7668 10.1829 5.84492 8.81387 4.09974 2.74474
threshold=14.811944947716164 0.043537704846204346 0.0013424216000100704 0.00087481843802073207 -0.86394323633536663 1.7412488760899791 0.0051981937491704542 0.0038776615456685083 -0.0004790569376833645 3001.1793934999928 1.1127184755835378 0.025182944672795918 0.0014271869778144099 0.98108572830166862
decision_type=2 2 2 2 2 2 2 2 2 2 2 2 2 2
left_child=1 2 4 13 -1 -4 7 9 -9 -2 11 -8 -12 -3
right_child=6 3 5 -5 -6 -7 10 8 -10 -11 12 -13 -14 -15
leaf_value=-0.028127412468385609 0.0045247197653684092 0.04412742712482029 0.030652374253868204 -0.03471016027800429 -0.0058221465947244063 -0.029913498549594287 -0.0016877114083936721 -0.0065772910977104386 0.028519106698419467 -0.033455760190428938 0.049549014575604594 -0.038450589975758391 -0.018504058842259183 0.0087821400977128022
leaf_weight=56.229005239903927 359.18757199496031 24.989857107400894 39.900191158056259 6.8367088288068762 451.91569608449936 8.0605117529630643 500.61840568482876 67.388068675994873 133.9776042252779 33.374299123883247 15.084550797939302 29.895902886986732 5.132358491420745 15.337087072432039
leaf_count=188 1199 96 126 26 1513 15 1658 224 464 92 51 96 18 60
internal_value=0.000179493 -0.00369761 -0.00580965 0.0212055 -0.00829035 0.0204734 0.00222284 0.00654348 0.0167739 0.00129575 -0.00243669 -0.0037594 0.0322727 0.030685
internal_weight=1747.93 603.269 556.105 47.1637 508.145 47.9607 1144.66 593.928 201.366 392.562 550.731 530.514 20.2169 40.3269
internal_count=5826 2024 1842 182 1701 141 3802 1979 688 1291 1823 1754 69 156
is_linear=0
shrinkage=0.0657714


Tree=192
num_leaves=15
num_cat=0
split_feature=3 30 7 30 58 65 8 3 23 7 63 58 16 2
split_gain=2.91118 6.0675 10.3024 5.84364 4.59563 5.43775 5.31253 4.20166 5.17513 8.39592 5.01352 3.62008 2.77186 2.09551
threshold=0.0047419809617172933 0.0031723297484576754 -0.0082963238933535504 0.0016252637907434606 -4.8529999999999991e-05 1.1150000000000005e-05 0.0012859953319028785 0.0044986715458583881 -0.00444215330145764 -0.01391065863169416 544.73466799999517 4.8715000000000004e-05 -3.0825430217264187 52.141840849876957
decision_type=2 2 2 2 2 2 2 2 2 2 2 2 2 2
left_child=7 2 11 -4 6 -6 -3 8 9 -1 13 -2 -10 -9
right_child=1 4 3 -5 5 -7 -8 10 12 -11 -12 -13 -14 -15
leaf_value=-0.017312327136379278 0.05867844625847838 -0.025017998945452116 -0.06406527175987535 0.005539902194886627 -0.00020500048311619635 0.017418436317872876 0.0062415984359920637 -0.052997541151638371 0.018424799369832458 0.032452382751843305 0.025216428847259498 0.022387915845085562 -0.022179406138205921 -0.014082636476966708
leaf_weight=25.730293452739716 21.791995376348495 64.717671267688274 5.541242614388465 89.34448279440403 1277.6950943768024 80.509922288358212 36.94386924803257 18.984156638383869 8.4880840480327588 34.10382054746151 6.081214874982833 26.170278489589691 50.797909021377563 8.7425464987754804
leaf_count=73 94 170 11 326 4215 302 127 43 31 127 21 98 160 28
internal_value=0.000268634 0.00109595 0.0140329 0.00147502 -0.000169939 0.000839659 -0.0136582 -0.00840175 -0.00259383 0.0110522 -0.0288656 0.0388768 -0.016366 -0.0407272
internal_weight=1755.64 1602.71 142.848 94.8857 1459.87 1358.21 101.662 152.928 119.12 59.8341 33.8079 47.9623 59.286 27.7267
internal_count=5826 5343 529 337 4814 4517 297 483 391 200 92 192 191 71
is_linear=0
shrinkage=0.0657714


Tree=193
num_leaves=15
num_cat=0
split_feature=20 0 36 0 3 20 23 28 7 23 23 1 20 40
split_gain=5.82512 17.6846 15.7248 12.8854 8.95997 8.68972 11.0088 12.1966 10.619 15.4244 15.0655 5.51406 2.555 1.11029
threshold=11.519340462730218 47.511801961631363 -1.0498721387420238 44.656560135572057 0.0046504033072463534 14.767723205092603 0.043537704846204346 50.577725803935685 -0.0034178693162684732 0.025659538485937387 -0.00051657604604887764 0.0012492021860768959 10.612366958357894 -0.0031256212105171817
decision_type=2 2 2 2 2 2 2 2 2 2 2 2 2 2
left_child=1 3 4 13 -3 6 7 -2 10 -10 -7 -8 -5 -1
right_child=5 2 -4 12 -6 8 11 -9 9 -11 -12 -13 -14 -15
leaf_value=-0.0066713114242004865 -0.00074073229999650509 0.0024494221787372105 0.044555443712297083 0.015375581540693264 -0.062382549562962498 -0.00078044339129013714 -0.056580840601960669 0.023979624383834799 -0.021514648185412783 0.0027924984860143564 0.032119048670195965 0.052966463981141722 0.0481683590179827 -0.063387768373507625
leaf_weight=1.8323885723948468 168.80968118086457 11.522446833550928 8.8855757601559144 22.034316847100854 46.178560849279165 380.61256878823042 14.921500414609911 176.72314430400729 234.89787824824452 217.49685573205352 71.526640068739653 2.2931182682514182 19.263510569930077 8.0642044469714147
leaf_count=10 704 57 30 78 319 1539 123 566 1158 932 196 10 33 71
internal_value=-0.000555565 -0.0145467 -0.0368935 0.0145189 -0.0494361 0.000744771 0.00934507 0.0119025 -0.00270423 -0.00982855 0.00442413 -0.0419883 0.0306719 -0.0528865
internal_weight=1385.06 117.781 66.5866 51.1944 57.701 1267.28 362.747 345.533 904.534 452.395 452.139 17.2146 41.2978 9.89659
internal_count=5826 598 406 192 376 5228 1403 1270 3825 2090 1735 133 111 81
is_linear=0
shrinkage=0.0657714


Tree=194
num_leaves=10
num_cat=0
split_feature=59 59 12 59 19 23 28 0 33
split_gain=3.24871 4.48361 6.77261 10.4829 6.79347 5.54393 4.52903 4.10915 3.94569
threshold=8.5000000000000018 20.500000000000004 0.0061910198671609072 15.500000000000002 0.0093241308151263986 -0.088289700729364304 39.255312900832088 55.527400248364664 1.0000000180025095e-35
decision_type=2 2 2 2 2 2 2 2 2
left_child=7 2 3 -2 -4 -3 -7 8 -1
right_child=1 5 4 -5 -6 6 -8 -9 -10
leaf_value=0.031617257403217851 0.006814540388736288 -0.051732492279648469 -0.011405974259205091 0.058055475330735802 0.022239652139978038 -0.02471504840606735 0.00017723654255212326 -0.054714591291850564 -0.033025463536006196
leaf_weight=7.8661382943391862 47.336296319961548 9.1389918252825719 76.059522643685341 27.192864716053009 39.412098437547684 32.305870734155178 1487.3203444592655 10.469948574900625 8.496845029294489
leaf_count=26 169 30 250 90 135 103 4954 36 33
internal_value=0.000170638 0.000525163 0.0100539 0.0255104 7.77542e-05 -0.000659105 -0.000351951 -0.0225382 -0.00194992
internal_weight=1745.6 1718.77 190.001 74.5292 115.472 1528.77 1519.63 26.8329 16.363
internal_count=5826 5731 644 259 385 5087 5057 95 59
is_linear=0
shrinkage=0.0657714


Tree=195
num_leaves=12
num_cat=0
split_feature=66 67 68 40 27 18 68 57 2 10 27
split_gain=2.96719 5.4453 4.75476 4.79474 5.16563 3.93769 7.19311 3.8743 2.91304 2.71987 2.48738
threshold=-2571.8678984999942 -8813.8600840000036 0.007299789971191629 -0.0023335411401405044 0.00054153781293186942 -0.010107675520064639 -0.0067087147645798475 45459.704500000014 43.104827217571732 0.032748338183646676 -0.0014426101199105921
decision_type=2 2 2 2 2 2 2 2 2 2 2
left_child=2 9 3 10 -5 6 -3 -7 -4 -2 -1
right_child=1 5 8 4 -6 7 -8 -9 -10 -11 -12
leaf_value=-0.01777700409986362 0.014679708170746875 0.048825210163315397 0.057570341177845819 -0.011002074426310179 0.049489695839240469 0.0301637150277662 0.0053438772659109863 -0.00088939137289317577 -0.0050311481096003757 0.074943461665006789 -0.048950265732683788
leaf_weight=25.885632500052452 6.8121369928121549 18.420896381139755 6.4892307519912702 34.048516064882278 7.4412778317928305 17.591031491756439 154.47658102214336 1450.7885658740997 6.373877041041851 6.1777669936418533 19.349446594715118
leaf_count=77 26 73 28 103 29 70 522 4798 21 29 50
internal_value=0.000260019 0.000923783 -0.0107658 -0.0163006 -0.000152754 0.000588079 0.00997648 -0.000517378 0.0265503 0.0433401 -0.0311115
internal_weight=1753.85 1654.27 99.588 86.7249 41.4898 1641.28 172.897 1468.38 12.8631 12.9899 45.2351
internal_count=5826 5518 308 259 132 5463 595 4868 49 55 127
is_linear=0
shrinkage=0.0657714


Tree=196
num_leaves=11
num_cat=0
split_feature=65 51 20 13 60 42 30 33 33 56
split_gain=5.81323 5.84409 5.63301 5.72396 3.54234 0.129988 0.129206 0.103524 0.0285246 0.00423634
threshold=-8.0314999999999993e-05 70983.74950000002 19.929311592107073 0.35683931694905685 0.00023647172217311499 0.52523408841178854 0.0058677406751705911 -1.0000000180025095e-35 -1.0000000180025095e-35 54.500000000000007
decision_type=2 2 2 2 2 2 2 2 2 2
left_child=4 2 3 -2 5 -1 -4 -3 -7 -9
right_child=1 7 6 -5 -6 8 -8 9 -10 -11
leaf_value=-0.070718867751030409 0.01120607496142023 -0.066942071968265446 -0.05530933244387648 -0.0011904709272544487 0.0098860724845897061 -0.059162564619609503 -0.07498280875184736 -0.052760662368425353 -0.05153451767036038 -0.049039824339448555
leaf_weight=3.003538332879546 186.99890333414078 2.6405559703707695 3.1412964314222327 1164.6138045936823 4.4808267652988425 3.7377933599054813 2.6728047654032707 2.8101800791919223 4.9015107899904233 2.5023778527975082
leaf_count=17 464 16 25 5161 15 23 16 21 44 24
internal_value=-0.000546262 -8.2629e-05 0.000246737 0.000524621 -0.0398075 -0.0589325 -0.0643534 -0.0562984 -0.0548348 -0.051008
internal_weight=1381.5 1365.38 1357.43 1351.61 16.1237 11.6428 5.8141 7.95311 8.6393 5.31256
internal_count=5826 5727 5666 5625 99 84 41 61 67 45
is_linear=0
shrinkage=0.0657714


Tree=197
num_leaves=11
num_cat=0
split_feature=55 10 29 60 10 13 10 55 36 7
split_gain=3.10163 4.55949 4.92729 3.44796 7.38253 5.98483 5.92458 5.61664 6.58429 6.39115
threshold=0.00035252000000000005 0.03217468061027421 0.0020568337127233609 -0.00080632780524553238 0.0115576455357057 1.1341045398411731 0.026220172635317614 0.00012198500000000002 -0.79523461060372502 0.0032954474003747962
decision_type=2 2 2 2 2 2 2 2 2 2
left_child=3 2 -2 4 5 -1 -6 9 -9 -5
right_child=1 -3 -4 7 6 -7 -8 8 -10 -11
leaf_value=0.065059732201366377 0.0017003247766842484 -0.013883620461943151 0.075378340730051882 -0.0048635906677472682 -0.0069269345098596728 -0.0011811339055283528 0.010543046049795779 -0.036991533864567203 0.018128376224575634 0.0044487681351593313
leaf_weight=15.56104861199856 6.8121879622340265 9.2017544470727426 9.2692161947488767 742.96019827574492 148.33741571754217 9.5038904994726163 193.53497916087508 37.714132867753506 12.476167134940622 558.44424755871296
leaf_count=53 29 31 29 2448 497 31 623 135 40 1910
internal_value=0.00017125 0.0230401 0.0441679 -0.000165199 0.00548894 0.0399431 0.00296287 -0.00170021 -0.02329 -0.000867575
internal_weight=1743.82 25.2832 16.0814 1718.53 366.937 25.0649 341.872 1351.59 50.1903 1301.4
internal_count=5826 89 58 5737 1204 84 1120 4533 175 4358
is_linear=0
shrinkage=0.0657714


Tree=198
num_leaves=8
num_cat=0
split_feature=66 67 45 34 7 12 41
split_gain=2.8315 5.61578 5.04899 7.0222 2.94186 3.29719 2.72195
threshold=-7895.7204925000005 -8813.8600840000036 42.962871468943838 -0.22252093395631442 -0.11667867904725097 0.015245974002378673 -1.0000000180025095e-35
decision_type=2 2 2 2 2 2 2
left_child=-1 2 -2 -4 6 -6 -3
right_child=1 4 3 -5 5 -7 -8
leaf_value=-0.037211840488496815 -0.013181602768437363 0.0020244143840358209 0.10094982602414339 0.0061880508494544084 5.3993011076206422e-06 0.031910253501522309 -0.059134425998867979
leaf_weight=8.6845744550228101 6.3882446289062527 5.7442558407783508 7.4079974591732034 6.2258387506008122 1697.4456001296639 14.128737166523932 6.9650071412324888
leaf_count=24 20 21 35 27 5622 55 22
internal_value=0.000250292 0.000436809 0.035069 0.0576772 3.46658e-05 0.000268768 -0.0314922
internal_weight=1752.99 1744.31 20.0221 13.6338 1724.28 1711.57 12.7093
internal_count=5826 5802 82 62 5720 5677 43
is_linear=0
shrinkage=0.0657714


Tree=199
num_leaves=11
num_cat=0
split_feature=12 21 40 44 21 58 9 17 33 29
split_gain=5.74971 7.75772 6.66581 7.73644 7.24368 6.54531 6.3585 5.76475 0.168916 0.0104323
threshold=0.013622506467325156 12.988545912146952 0.011788586998977892 0.74812253525305783 27.441706690136723 4.6595000000000004e-05 1.038024632078749 -0.00021279240982994117 -1.0000000180025095e-35 -0.021465176860488818
decision_type=2 2 2 2 2 2 2 2 2 2
left_child=2 -2 4 -4 6 -6 -1 -5 -3 -10
right_child=1 8 3 7 5 -7 -8 -9 9 -11
leaf_value=0.000676773155397284 0.053082220748270841 -0.067307811969303563 -0.03329515365294633 -0.013846161648707708 -0.0021101297416750253 -0.046599333308394809 -0.041309756233404486 0.049870077642545592 -0.055224393973775224 -0.050836343045285289
leaf_weight=1241.5435358956456 3.3775248229503658 4.8554100692272213 8.2398028895258886 7.6986911669373503 29.381691470742226 27.878627400845289 15.801598243415354 30.390859249979258 3.6474898159503937 6.5571212396025604
leaf_count=5076 4 27 35 36 155 236 113 65 20 59
internal_value=-0.000522905 -0.0370055 -2.86493e-05 0.024491 -0.000892771 -0.0237708 0.00014911 0.0369917 -0.0572096 -0.0524048
internal_weight=1379.37 18.4375 1360.93 46.3294 1314.61 57.2603 1257.35 38.0896 15.06 10.2046
internal_count=5826 110 5716 136 5580 391 5189 101 106 79
is_linear=0
shrinkage=0.0657714


Tree=200
num_leaves=8
num_cat=0
split_feature=6 29 27 30 7 9 11
split_gain=3.05672 4.84609 4.20105 4.10307 4.60041 3.05093 2.89233
threshold=0.031153474626839598 0.039793199719764923 -0.0043812972756376292 0.016684106502102534 0.086541976487278474 1.038024632078749 0.0055756961837930561
decision_type=2 2 2 2 2 2 2
left_child=1 3 -3 4 -1 -2 -4
right_child=5 2 6 -5 -6 -7 -8
leaf_value=-0.00033602492612180851 -0.054739164294595466 -0.025633595896742366 0.050002691710820911 -0.042151440980999703 0.02262188287570337 -0.00093104593679735521 0.0065043460367844993
leaf_weight=1640.7360323257744 8.7158355899155158 5.9741523116827002 19.050577491521839 9.9579813256859762 38.647036772221327 9.5563329383730871 10.128293290734289
leaf_count=5472 33 19 70 29 134 33 36
internal_value=0.000162111 0.000445647 0.0246158 -5.73021e-05 0.000192297 -0.0265976 0.034904
internal_weight=1742.77 1724.49 35.153 1689.34 1679.38 18.2722 29.1789
internal_count=5826 5760 125 5635 5606 66 106
is_linear=0
shrinkage=0.0657714


Tree=201
num_leaves=11
num_cat=0
split_feature=69 69 48 44 18 9 10 48 20 23
split_gain=2.81079 4.39338 5.82882 4.06153 3.64142 3.99311 4.12322 3.49678 8.29388 7.12333
threshold=2.1310000000000004e-05 7.7250000000000014e-06 54.210193256043716 0.88493300409815867 0.012783779738645864 0.89011248382978814 0.013004930912253035 52.807061207115446 10.290352714428018 -0.027931350171428223
decision_type=2 2 2 2 2 2 2 2 2 2
left_child=1 7 3 -3 5 6 -2 8 -1 -9
right_child=4 2 -4 -5 -6 -7 -8 9 -10 -11
leaf_value=0.023295450285316068 0.02578800663808577 0.080979002928998317 -0.014665121903555475 0.013093000032842261 0.033459413936613211 -0.050384741470361351 -0.013911959853520334 0.028121460190118758 -0.0031508512114917886 0.0023530181799721966
leaf_weight=54.132432341575623 13.082732066512106 9.1221851110458392 8.6449952274560911 6.5497934371232978 7.8949070125818244 10.990899831056593 83.84753742814064 50.884603127837181 979.73460073024035 527.33337727934122
leaf_count=216 53 41 28 23 29 27 259 203 3206 1741
internal_value=0.000242423 0.000943227 0.0286912 0.0526074 -0.00965946 -0.0128138 -0.00855363 0.000524672 -0.00176614 0.0046207
internal_weight=1752.22 1636.4 24.317 15.672 115.816 107.921 96.9303 1612.09 1033.87 578.218
internal_count=5826 5458 92 64 368 339 312 5366 3422 1944
is_linear=0
shrinkage=0.0657714


Tree=202
num_leaves=12
num_cat=0
split_feature=52 58 65 21 19 21 12 43 6 40 33
split_gain=5.51991 11.1825 11.7088 11.3515 9.83143 6.62056 6.51982 5.05861 4.45904 0.746145 0.0400007
threshold=-0.00011018999999999999 -6.9919999999999995e-05 5.3940000000000009e-05 21.173052127208237 -0.026994924895460289 19.519198322149361 0.0093455942260931343 0.35099506427949734 -0.0086362451298170311 0.0074714627321558211 -0.8783796973249266
decision_type=2 2 2 2 2 2 2 2 2 2 2
left_child=4 3 5 8 -1 -3 -5 -4 -2 10 -6
right_child=1 2 7 6 9 -7 -8 -9 -10 -11 -12
leaf_value=0.074059735910758456 0.010718317925538717 -0.0059288317014320443 0.027396356698385697 -0.056933315612029523 -0.061719729525138593 0.0036834647389927936 0.03741308466506061 -0.058383641851749414 0.060445770014911131 -0.022349637310706664 -0.054391027983860758
leaf_weight=3.1944169998168972 10.633378103375433 530.00081516429782 3.4644625931978252 8.6329356431961042 4.4835855439305332 746.61896352097392 5.0058064907789221 21.004560083150864 29.279710672795773 3.3605594150722018 11.447131145745514
leaf_count=3 27 2420 7 49 22 3005 10 135 48 17 83
internal_value=-0.000495117 4.13671e-05 -0.00117098 0.0294964 -0.0328154 -0.000307171 -0.0223055 -0.0462384 0.0471977 -0.0505127 -0.0564536
internal_weight=1377.13 1354.64 1301.09 53.5518 22.4857 1276.62 13.6387 24.469 39.9131 19.2913 15.9307
internal_count=5826 5701 5567 134 125 5425 59 142 75 122 105
is_linear=0
shrinkage=0.0657714


Tree=203
num_leaves=13
num_cat=0
split_feature=70 2 46 55 45 20 7 23 48 28 53 21
split_gain=3.00436 6.36092 4.02137 4.18934 3.9136 7.99096 7.87836 6.98855 5.73305 5.60836 4.44448 2.70091
threshold=2406.7416634999995 42.751328108895216 -0.00019953667732673747 5.5815000000000007e-05 52.077122340547 12.021658530593028 0.061428158899612513 0.028945003560061137 46.837318689672408 53.561048367693616 60.500000000000007 21.253315034891717
decision_type=2 2 2 2 2 2 2 2 2 2 2 2
left_child=4 11 -3 -4 6 8 9 -7 -6 -1 -8 -2
right_child=1 2 3 -5 5 7 10 -9 -10 -11 -12 -13
leaf_value=-0.00016682306757350273 -0.0020393423810984956 0.056969444974164889 -0.0058947430115537077 0.023160855739061396 -0.052347923868014665 -0.0025435646668065613 0.075976800862717492 -0.018780960862712789 0.024065772739281521 0.022681110110419393 0.018980855124522415 -0.053267728263914502
leaf_weight=909.09141646325588 9.539422348141672 9.6538733094930631 34.195435650646687 57.667697224766016 4.5995305329561225 418.41659221798182 8.5540193021297473 157.94902310147882 55.469513952732086 48.97843150049448 19.208760485053062 8.3482100516557676
leaf_count=3043 39 33 118 189 11 1369 32 528 214 161 71 18
internal_value=0.000147595 0.0102164 0.0165887 0.0123451 -0.000593509 -0.00461408 0.0020021 -0.00699331 0.0182147 0.00100121 0.0365419 -0.0259478
internal_weight=1741.67 119.405 101.517 91.8631 1622.27 636.435 985.833 576.366 60.069 958.07 27.7628 17.8876
internal_count=5826 397 340 307 5429 2122 3307 1897 225 3204 103 57
is_linear=0
shrinkage=0.0657714


Tree=204
num_leaves=10
num_cat=0
split_feature=64 54 22 44 44 22 6 12 36
split_gain=2.71259 3.14809 5.88573 3.70211 2.99315 6.48075 5.37842 2.38384 1.62769
threshold=-0.020867442383347364 45913.636000000006 23.621640951823164 1.3657472132633559 0.78204191376876764 16.172364261601221 0.013300493906963974 0.0056207207721138495 -1.0241866975961924
decision_type=2 2 2 2 2 2 2 2 2
left_child=7 2 3 -2 5 -3 -6 -1 -9
right_child=1 4 -4 -5 6 -7 -8 8 -10
leaf_value=0.0084475572255017957 0.052945034524227913 0.011899295977379444 -0.022347886238717769 -0.010981910231851686 0.0051295374140077361 -0.004777332061075717 -0.010273528611368765 -0.046423110118621942 -0.0068573755439707233
leaf_weight=8.8926641196012515 17.906242579221729 116.53690007328987 9.6177993118762952 5.0167384892702094 713.02854670584202 746.73396786302328 113.70300341397524 12.835701748728754 6.9242312759160987
leaf_count=33 76 413 29 17 2464 2386 357 26 25
internal_value=0.000238961 0.000572817 0.0208359 0.0389545 0.000182654 -0.00252608 0.00301111 -0.0198318 -0.0325586
internal_weight=1751.2 1722.54 32.5408 22.923 1690 863.271 826.732 28.6526 19.7599
internal_count=5826 5742 122 93 5620 2799 2821 84 51
is_linear=0
shrinkage=0.0657714


Tree=205
num_leaves=10
num_cat=0
split_feature=51 12 21 40 51 44 33 33 53
split_gain=5.45769 5.41058 7.40954 6.30857 7.60545 7.26632 0.139187 0.0862546 0.00439659
threshold=70983.74950000002 0.013622506467325156 12.988545912146952 0.011788586998977892 45456.474000000009 0.74812253525305783 -1.0000000180025095e-35 -1.0000000180025095e-35 54.500000000000007
decision_type=2 2 2 2 2 2 2 2 2
left_child=1 3 -3 4 -1 -5 -4 -2 -9
right_child=7 2 6 5 -6 -7 -8 8 -10
leaf_value=-0.05297062687889089 -0.065416888627748776 0.051795151313981228 -0.065750668201055837 -0.031927108970366123 -6.2438434554509321e-05 0.036574949759437043 -0.052005238921679894 -0.052513194082233955 -0.048674848865535365
leaf_weight=11.861036259680985 2.5681396275758743 3.3684365600347546 4.7187427468597916 8.1560786813497526 1291.5927640702575 37.484046366065741 9.8160821162164158 2.690153542906045 2.4819361604750156
leaf_count=91 16 4 27 35 5430 98 79 21 25
internal_value=-0.000490792 -0.000178957 -0.0360984 0.000297715 -0.000543887 0.0243333 -0.0564677 -0.0555637 -0.0506713
internal_weight=1374.74 1367 17.9033 1349.09 1303.45 45.6401 14.5348 7.74023 5.17209
internal_count=5826 5764 110 5654 5521 133 106 62 46
is_linear=0
shrinkage=0.0657714


Tree=206
num_leaves=15
num_cat=0
split_feature=49 23 8 3 42 20 7 30 55 23 64 13 20 8
split_gain=2.98605 9.79865 7.54719 7.2361 5.58215 4.93323 4.23975 8.94975 9.62838 9.26689 7.61582 8.60706 7.56135 2.04155
threshold=0.0023340181173182781 -0.0067987034310346131 0.0024632028079645267 0.012044505637022388 0.84089522906430314 18.843907873172366 -0.0046455724522289068 0.0049143602493464346 -4.1524999999999993e-05 0.0014733415164711607 -0.0017444038068017973 0.59133971440931188 11.957775129197357 0.0052099603700236372
decision_type=2 2 2 2 2 2 2 2 2 2 2 2 2 2
left_child=6 2 -2 5 -4 -3 10 9 -9 -8 12 -12 -1 -5
right_child=1 3 4 13 -6 -7 7 8 -10 -11 11 -13 -14 -15
leaf_value=0.049257894477527264 0.079028403858493287 0.056667092591068675 0.046551529662890112 -0.060234953413619244 -0.006514699995051265 -0.018763902832915912 0.031519032601479174 0.04052797979565699 -0.0055331606523927298 0.0052500171861735575 -0.019008657529224954 -0.0020968452542201878 0.0039012433035727433 -0.011018084619196218
leaf_weight=18.443315222859383 11.235279083251951 7.3120233714580554 15.406906247138975 11.595819465816023 19.338281363248825 7.7005780786275864 69.372321575880051 20.5068489164114 460.00492940470576 357.2762478441 185.57602659985423 436.11394000053406 115.28988850489259 5.3179727345705023
leaf_count=68 38 25 57 31 63 24 235 68 1550 1200 575 1469 397 26
internal_value=0.000147224 0.0127322 0.0321688 -0.0152604 0.0170162 0.0179754 -0.000442496 0.00258838 -0.0035674 0.00952131 -0.00408216 -0.00714506 0.0101564 -0.0447604
internal_weight=1740.49 77.9069 45.9805 31.9264 34.7452 15.0126 1662.58 907.16 480.512 426.649 755.423 621.69 133.733 16.9138
internal_count=5826 264 158 106 120 49 5562 3053 1618 1435 2509 2044 465 57
is_linear=0
shrinkage=0.0657714


Tree=207
num_leaves=15
num_cat=0
split_feature=66 28 20 36 43 19 9 43 66 14 55 6 22 58
split_gain=2.6994 5.21934 8.7816 8.27876 11.1858 9.84556 5.78744 4.82176 6.42538 4.57138 3.44887 3.39265 3.27188 3.06925
threshold=966.12829700000157 48.360232390409223 10.290352714428018 -1.4190393314468168 1.5551742545357732 0.023738001002532764 0.3681676701945884 1.7249966604585631 1668.2761140000005 0.023317302870470357 4.5960000000000007e-05 -0.0026349516458505358 22.611163846501366 4.9285000000000007e-05
decision_type=2 2 2 2 2 2 2 2 2 2 2 2 2 2
left_child=1 2 11 5 -5 -3 -4 9 13 12 -10 -1 -2 -9
right_child=7 3 6 4 -6 -7 -8 8 10 -11 -12 -13 -14 -15
leaf_value=0.049713420577717 -0.0069162134926619191 -0.010433523441428524 -0.00087348577760091391 0.011495770759346819 -0.013801089770366584 0.068925489997444064 -0.01604316125935475 0.011129667856350814 0.030191879384706733 0.038542862552170765 -0.017330319610409577 -0.011866424312309495 -0.028248962199706802 0.076336340773497116
leaf_weight=17.997968181967739 243.8599576279521 180.43280789256096 392.00840843468904 578.44983281940222 86.985250413417816 7.0260613709688178 150.58754081279039 4.8762675672769538 9.84640020132065 8.7868706136941892 20.075896725058556 4.9304385036230078 35.64756752550602 8.6830031573772413
leaf_count=77 786 581 1289 2009 264 32 476 19 37 34 69 19 96 38
internal_value=0.000251639 0.00150088 -0.00339876 0.00474966 0.00818898 -0.0074591 -0.00508355 -0.00508917 0.0153274 -0.00816847 -0.0016924 0.0364715 -0.00963693 0.0528863
internal_weight=1750.19 1418.42 565.524 852.894 665.435 187.459 542.596 331.776 43.4816 288.294 29.9223 22.9284 279.508 13.5593
internal_count=5826 4747 1861 2886 2273 613 1765 1079 163 916 106 96 882 57
is_linear=0
shrinkage=0.0657714


Tree=208
num_leaves=10
num_cat=0
split_feature=20 20 0 22 0 20 23 10 33
split_gain=5.44348 5.46552 16.3062 17.0655 11.9196 7.25997 10.0426 8.77646 0.126108
threshold=19.929311592107073 11.519340462730218 47.511801961631363 25.637032578315814 44.656560135572057 14.767723205092603 0.043537704846204346 0.0078067135183202243 -1.0000000180025095e-35
decision_type=2 2 2 2 2 2 2 2 2
left_child=1 2 4 -4 -1 6 -3 -7 -2
right_child=8 5 3 -5 -6 7 -8 -9 -10
leaf_value=-0.052128560619016551 -0.073077616022777722 0.011305700281058529 -0.043198760820256206 0.11767921159372378 0.029691023865681922 -0.059132370406692232 -0.041137209190422859 -0.0014174931093028254 -0.053961073845999366
leaf_weight=9.5029870346188527 2.8657099455595016 343.91310741007328 61.769703261554241 2.9904166236519805 40.648625753819942 11.547415152192114 16.556374128907919 879.15715274587274 3.1159141883254042
leaf_count=81 20 1270 400 6 111 100 133 3681 24
internal_value=-0.000513407 -0.000239277 -0.0139667 -0.0357699 0.0141874 0.0010215 0.008897 -0.00216573 -0.0631195
internal_weight=1372.07 1366.09 114.912 64.7601 50.1516 1251.17 360.469 890.705 5.98162
internal_count=5826 5782 598 406 192 5184 1403 3781 44
is_linear=0
shrinkage=0.0657714


Tree=209
num_leaves=10
num_cat=0
split_feature=59 59 43 36 23 7 0 33 12
split_gain=3.03125 4.17956 6.32106 5.39706 5.16202 4.68581 3.82732 3.60053 3.30311
threshold=8.5000000000000018 20.500000000000004 0.33603241391982325 -1.0358636861466353 -0.088289700729364304 -0.038063336157700571 55.527400248364664 0.6078576107927941 0.0049327966356276171
decision_type=2 2 2 2 2 2 2 2 2
left_child=6 2 8 -4 -3 -6 7 -1 -2
right_child=1 4 3 -5 5 -7 -8 -9 -10
leaf_value=0.019853957358950864 0.080966618192279238 -0.05082173923727748 -0.0046874314468384444 0.018373002123379188 0.012123736458167129 -0.0014326854723840947 -0.05367849614023714 -0.045744032943851994 0.014469152520677825
leaf_weight=10.780040189623838 7.7964766025543195 8.8205867260694486 91.273741334676743 84.592700831592083 119.77218602597713 1394.4004481397569 10.140007570385931 5.4492715001106253 5.5186706930398941
leaf_count=38 25 30 300 300 359 4698 36 21 19
internal_value=0.000151859 0.000492683 0.00971282 0.00640476 -0.000652615 -0.000360362 -0.021978 -0.0021717 0.0534057
internal_weight=1738.54 1712.17 189.182 175.866 1522.99 1514.17 26.3693 16.2293 13.3151
internal_count=5826 5731 644 600 5087 5057 95 59 44
is_linear=0
shrinkage=0.0657714


Tree=210
num_leaves=14
num_cat=0
split_feature=3 3 56 49 2 8 35 7 20 31 57 56 54
split_gain=2.67225 5.80343 7.47966 6.03219 4.38463 3.94993 6.49615 5.00082 3.83133 4.31016 3.49455 4.96724 4.07784
threshold=0.0047419809617172933 0.0055242911286131095 48.500000000000007 0.00046093716289859107 38.033513480305167 0.00086081859674036487 0.96139858750362983 -0.01391065863169416 14.444608447233014 0.68301270189221941 68122.606999995012 82.500000000000014 70448.560500000007
decision_type=2 2 2 2 2 2 2 2 2 2 2 2 2
left_child=5 2 3 -2 -4 6 7 -1 -7 -10 11 -3 -12
right_child=1 10 4 -5 -6 8 -8 -9 9 -11 12 -13 -14
leaf_value=-0.029265086204226763 -0.0241617499832407 6.6828904081653025e-05 0.001937411208501269 0.024753898580076039 0.036899424195459121 -0.06006519667414955 0.064089528342411092 0.0012819739998894621 0.022795765031293703 -0.051211007473047049 -0.039375416974083137 0.042928462455916042 0.0020210623288693672
leaf_weight=31.31213852763176 29.5076072961092 1419.3267345950007 21.461264789104462 17.299306452274323 56.025440514087677 11.408590793609621 5.8902690708637229 89.302373215556145 8.0093896985053998 5.9208312481641761 20.926176175475121 11.793562114238737 20.25996021926403
leaf_count=81 103 4691 69 67 221 18 25 311 32 16 62 55 75
internal_value=0.000235639 0.0010286 0.0146762 -0.00608308 0.0272161 -0.00810212 -0.00335453 -0.0066482 -0.0318046 -0.0086597 -0.000123547 0.000420043 -0.019012
internal_weight=1748.44 1596.6 124.294 46.8069 77.4867 151.844 126.505 120.615 25.3388 13.9302 1472.31 1431.12 41.1861
internal_count=5826 5343 460 170 290 483 417 392 66 48 4883 4746 137
is_linear=0
shrinkage=0.0657714


Tree=211
num_leaves=15
num_cat=0
split_feature=14 38 30 60 24 64 33 64 38 41 30 4 53 31
split_gain=5.39792 7.3713 7.15237 15.3474 14.7292 11.6658 11.8528 9.21306 9.06127 7.0391 4.42648 2.80006 2.66784 1.27369
threshold=0.0017918518550250977 -0.00057152968794621495 0.004887529303280882 -0.002153902148161801 0.0032149371163907596 0.0049190578188185183 -0.8783796973249266 0.0060183523370627165 -0.0031644171606375333 0.0017211323048569318 0.0020851796882524645 -0.00011035318362234702 39.500000000000007 -1.0000000180025095e-35
decision_type=2 2 2 2 2 2 2 2 2 2 2 2 2 2
left_child=1 9 3 8 -5 6 -4 -7 -2 13 11 -3 -12 -1
right_child=2 10 5 4 -6 7 -8 -9 -10 -11 12 -13 -14 -15
leaf_value=-0.09022359833271508 0.019078378007678313 0.015793387942796378 0.012512456477602787 -0.0095777430384552404 0.026024448314923163 0.058472839628805486 -0.0062547437195120308 0.012122807844765049 -0.055229546637653476 0.034369562316436453 0.052102255868618781 -0.061030630022023163 0.019529898989142508 -0.03770653316090599
leaf_weight=4.1136630140244961 8.5560900755226594 5.2646940238773823 198.27523007243872 312.22465825267136 59.915275976061821 22.185434561222792 547.75039195269346 113.25546474382281 41.682908032089472 5.0655776485800743 24.05832926928997 3.3635209277272207 19.854632385075092 3.883845426142214
leaf_count=18 46 22 379 1675 270 60 2509 396 307 11 32 25 50 26
internal_value=-0.00048875 0.01792 -0.001415 -0.00845221 -0.00384572 0.00195707 -0.00126688 0.019715 -0.0425743 -0.026295 0.028913 -0.0141548 0.0373751 -0.0647196
internal_weight=1369.45 65.6043 1303.85 422.379 372.14 881.467 746.026 135.441 50.239 13.0631 52.5412 8.62821 43.913 7.99751
internal_count=5826 184 5642 2298 1945 3344 2888 456 353 55 129 47 82 44
is_linear=0
shrinkage=0.0657714


Tree=212
num_leaves=10
num_cat=0
split_feature=25 18 62 2 3 12 30 8 8
split_gain=3.00504 4.6151 5.00052 3.98308 3.90812 7.88626 6.3157 3.1003 1.36456
threshold=-0.012299456316872679 -0.028576053879211801 -2112.2587390000003 50.28387446010484 0.013328108783394346 0.011154396342326909 0.0073784026629901281 -0.0048828155315688284 -0.001817116223905346
decision_type=2 2 2 2 2 2 2 2 2
left_child=3 2 -2 7 6 -6 -3 -1 -9
right_child=1 4 -4 -5 5 -7 -8 8 -10
leaf_value=-0.003201979975160388 0.072807709091516223 -0.00021865132454742587 0.0009434732216556602 0.020775349627521759 -0.015393433001177969 0.017320861380023495 0.012925169846008741 -0.061591672223597793 -0.026255866572454975
leaf_weight=12.556811496615408 7.9334652498364475 1306.3402786180377 8.8732519671320897 9.1203129440546018 152.88117462396622 40.273647144436836 179.92505711317062 10.258962363004686 8.7680934220552462
leaf_count=38 26 4359 37 36 520 135 611 32 32
internal_value=0.000148144 0.000571932 0.0348664 -0.0175119 0.000228732 -0.00857236 0.00137252 -0.028568 -0.0453081
internal_weight=1736.93 1696.23 16.8067 40.7042 1679.42 193.155 1486.27 31.5839 19.0271
internal_count=5826 5688 63 138 5625 655 4970 102 64
is_linear=0
shrinkage=0.0657714


Tree=213
num_leaves=11
num_cat=0
split_feature=66 58 68 67 40 44 58 50 66 21
split_gain=2.66285 5.97187 4.99026 4.6028 4.11105 3.60037 7.67272 5.42111 2.99313 2.50462
threshold=-2571.8678984999942 -1.8525e-05 0.007299789971191629 -8813.8600840000036 -0.0023335411401405044 0.77818984812914538 5.1310000000000008e-05 0.80961699579586455 -3696.5805979999991 19.975211637403543
decision_type=2 2 2 2 2 2 2 2 2 2
left_child=1 -1 4 9 -3 7 -7 -5 -4 -2
right_child=3 2 8 5 -6 6 -8 -9 -10 -11
leaf_value=-0.051075247539813094 0.01967320534430422 -0.025367578096859369 0.00033734373265500756 -0.0041784520150461198 0.0055734941110817705 0.011790084486228151 -0.0014484917612803563 0.013841453860000127 0.069107501618763667 0.081385342449980191
leaf_weight=13.406752921640871 8.6229150146245939 37.355958305299282 5.0736532509326935 758.80373528599739 36.950849995017052 310.35705827921629 485.85664799064398 79.816513136029243 5.9466266930103284 4.2457383275032035
leaf_count=28 34 112 19 2449 123 1099 1634 281 26 21
internal_value=0.00022385 -0.0102677 -0.00385595 0.000852526 -0.00998138 0.000544109 0.00371179 -0.00246339 0.0374462 0.0400338
internal_weight=1746.44 98.7338 85.3271 1647.7 74.3068 1634.83 796.214 838.62 11.0203 12.8687
internal_count=5826 308 280 5518 235 5463 2733 2730 45 55
is_linear=0
shrinkage=0.0657714


Tree=214
num_leaves=14
num_cat=0
split_feature=35 71 64 30 19 0 28 35 23 60 28 13 15
split_gain=5.41661 10.7096 10.8367 12.7673 11.0298 8.11436 15.1103 10.0585 9.26573 5.08262 2.8621 1.3079 0.216663
threshold=0.6965175885077356 5001.244203999996 0.0049190578188185183 0.0053531054046461139 -0.0071654426403542906 60.047739328118006 57.418512768686959 0.41936922775405872 0.045440976601128565 0.00028616192792274569 56.396793926172897 1.9803416655517621 0.0055756961837930812
decision_type=2 2 2 2 2 2 2 2 2 2 2 2 2
left_child=5 2 4 -4 -2 6 8 -8 -1 -3 -11 12 -7
right_child=1 9 3 -5 -6 11 7 -9 -10 10 -12 -13 -14
leaf_value=0.002071089206354224 0.066665055840426576 -0.018060268057589413 -0.056402865101638382 0.032657794782087447 -0.027752542137357224 -0.051762915111652354 0.015961063673985455 0.087320210023303355 -0.023970867723747787 0.015660195682907604 0.061512577799404312 -0.0070741401703139353 -0.070772612673468696
leaf_weight=1030.7894357014447 5.561306692659854 8.6726371012628061 8.8373014479875547 32.832476191222668 142.35591472312808 6.9183289743959886 21.758817873895168 14.07047978043556 62.697447694838047 10.756611540913584 13.013293422758577 2.6029492355883113 4.1490796655416489
leaf_count=4174 13 37 65 96 800 62 65 15 412 30 21 14 22
internal_value=-0.000480725 -0.00988114 -0.0158566 0.0137699 -0.0242027 0.00134534 0.00195506 0.0439844 0.000577917 0.0250382 0.040763 -0.0490234 -0.0588895
internal_weight=1365.02 222.03 189.587 41.6698 147.917 1142.99 1129.32 35.8293 1093.49 32.4425 23.7699 13.6704 11.0674
internal_count=5826 1062 974 161 813 4764 4666 80 4586 88 51 98 84
is_linear=0
shrinkage=0.0657714


Tree=215
num_leaves=15
num_cat=0
split_feature=36 33 59 6 36 1 46 36 57 0 12 3 10 53
split_gain=2.88753 7.28576 7.81737 13.0601 5.71985 5.68694 5.61436 6.50054 5.67766 4.95637 4.81999 5.94734 5.55056 2.41502
threshold=-1.4306043070013124 0.87837969732492682 73.500000000000014 0.0090780664383249849 -1.2553137842249624 -5.0469307425256205e-05 0.0022846249779518396 -0.90346235216291337 64048.225000000013 44.53053342463479 0.0018721327939430815 0.0042697835874541332 0.013208311124556905 31.500000000000004
decision_type=2 2 2 2 2 2 2 2 2 2 2 2 2 2
left_child=1 2 5 -4 10 -1 8 -8 -6 -3 11 -2 -12 -11
right_child=4 9 3 -5 6 -7 7 -9 -10 13 12 -13 -14 -15
leaf_value=0.0096284749148784019 -0.012314399732814667 -0.023294797540213498 0.080241237059916357 -0.012954984533017013 -0.0017923521806697889 -0.0090468430270999132 0.045853916454774608 0.0013920252590994234 0.015992148572167575 0.010498775803203504 -0.046580793153233407 0.067014443823410402 -0.010325959977400859 0.052793927672236347
leaf_weight=124.47058265656233 9.2430851459503192 5.8024453967809668 13.898203417658808 12.227189503610132 1033.6922018863261 162.78833727538586 24.971775464713573 33.05300010740757 83.960538044571877 7.6614522337913504 20.453154072165489 7.3305116742849341 170.94407990574837 24.564689815044403
leaf_count=408 38 25 47 48 3463 534 82 104 288 29 77 28 570 85
internal_value=0.000152881 0.00547698 0.00217799 0.0366236 -0.00119931 -0.000954744 0.000579269 0.0205268 -0.000456341 0.0326632 -0.0112538 0.0227728 -0.0142002 0.0427387
internal_weight=1735.06 351.413 313.384 26.1254 1383.65 287.259 1175.68 58.0248 1117.65 38.0286 207.971 16.5736 191.397 32.2261
internal_count=5826 1176 1037 95 4650 942 3937 186 3751 139 713 66 647 114
is_linear=0
shrinkage=0.0657714


Tree=216
num_leaves=13
num_cat=0
split_feature=55 41 19 28 23 46 14 23 28 5 22 20
split_gain=2.64166 5.26602 4.19029 9.18767 5.06464 4.18804 5.35424 4.82753 4.50702 9.05432 7.36065 3.73014
threshold=-1.0369999999999999e-05 -0.0079004121770320773 -0.016901710037160397 44.046208081623433 -0.027008692319299196 -0.003021537112004757 0.010281916443036809 -0.020696848470058923 46.400222208350435 -0.0077062171940179272 17.520489743874695 17.306357723354385
decision_type=2 2 2 2 2 2 2 2 2 2 2 2
left_child=1 11 4 -4 -3 6 -2 -8 10 -10 -7 -1
right_child=5 2 3 -5 -6 8 7 -9 9 -11 -12 -13
leaf_value=0.059513862338827606 0.070405242963824416 -0.05335963191835183 0.052678449444342447 -0.0089055402830112498 0.0049819474174623577 0.055227927077974623 -0.020024660517042742 0.055473717757720781 0.048987261062660457 0.0018671963461738682 -0.0083884971361719348 -0.0033103974835028277
leaf_weight=8.6412510573864001 8.4914464801549929 18.075461894273761 11.109550304710863 184.80557426810265 9.9965401068329793 8.0956364870071393 10.648765832185747 5.5853918492794028 17.90985806286335 1174.1714990213513 279.5178816318512 7.7594271749258033
leaf_count=37 37 36 46 594 35 34 30 25 76 3943 906 27
internal_value=0.000217738 -0.00618446 -0.00881862 -0.00541336 -0.032584 0.00124073 0.0280861 0.0059507 0.000792146 0.00257513 -0.00659785 0.0297907
internal_weight=1744.81 240.388 223.987 195.915 28.072 1504.42 24.7256 16.2342 1479.69 1192.08 287.614 16.4007
internal_count=5826 775 711 640 71 5051 92 55 4959 4019 940 64
is_linear=0
shrinkage=0.0657714


Tree=217
num_leaves=10
num_cat=0
split_feature=20 20 0 22 0 20 7 25 22
split_gain=5.10859 5.18322 14.9401 15.8022 10.9202 6.55003 9.30805 9.10503 0.0981064
threshold=19.929311592107073 11.519340462730218 47.511801961631363 25.880648094791265 44.656560135572057 14.767723205092603 -0.0034178693162684732 0.011454225474281101 22.79933478834073
decision_type=2 2 2 2 2 2 2 2 2
left_child=1 2 4 -4 -1 7 -7 -3 -2
right_child=8 5 3 -5 -6 6 -8 -9 -10
leaf_value=-0.051201390410903706 -0.054700136824925472 0.0063693049522060789 -0.04217146870080922 0.11114482277668937 0.028397812742816945 0.0046963545844187805 -0.0087978842081961849 0.059888802285819207 -0.072001415526412052
leaf_weight=9.1685979738831502 3.2121723741292945 344.63189852237701 60.433901844546199 3.0551459267735472 39.907396480441093 443.6444120593369 440.85991932451725 14.322368383407591 2.5380523502826691
leaf_count=81 25 1372 401 5 111 1719 2062 31 19
internal_value=-0.000474339 -0.000212012 -0.013727 -0.0347938 0.0135267 0.00101145 -0.00202952 0.00850475 -0.0623366
internal_weight=1361.77 1356.02 112.565 63.489 49.076 1243.46 884.504 358.954 5.75022
internal_count=5826 5782 598 406 192 5184 3781 1403 44
is_linear=0
shrinkage=0.0657714


Tree=218
num_leaves=15
num_cat=0
split_feature=20 23 1 70 60 1 45 22 71 23 59 53 71 29
split_gain=2.84722 5.55021 5.55255 8.95776 7.40014 4.86192 3.72455 8.01724 14.7766 5.48362 11.6145 6.21163 5.2281 2.69221
threshold=14.811944947716164 0.043537704846204346 0.00026549195113968434 -1495.6781294999939 0.00050767093401749019 0.00087481843802073207 52.378913016981649 24.155212199679401 -2235.7225270000058 0.028945003560061137 64.500000000000014 54.500000000000007 -908.13353400000062 -0.0032664757970231602
decision_type=2 2 2 2 2 2 2 2 2 2 2 2 2 2
left_child=1 2 4 -4 -1 13 7 8 -2 10 -8 -11 -9 -3
right_child=6 5 3 -5 -6 -7 9 12 -10 11 -12 -13 -14 -15
leaf_value=-0.015474308816459576 -0.013797155967527643 0.055688125914644858 0.071910685602880359 0.00017606511792504095 0.0098611961887455288 -0.033529976659447028 -0.004205305189164908 0.0064255811411284974 0.016212158937085663 0.0077477718569849731 0.025586885255715421 -0.022302357046188954 -0.014271858987176513 0.016805397100079143
leaf_weight=268.70971769839525 88.462564773857594 10.40954966843128 7.8082674965262404 211.57006245851517 61.237150438129902 6.7232803031802169 261.93469676375389 94.099722422659397 359.16330423206091 42.630952343344688 72.212596535682678 98.535539783537388 120.27110198140144 29.628465637564659
leaf_count=911 280 37 27 691 213 26 872 321 1201 157 242 322 407 119
internal_value=0.000153474 -0.00352852 -0.0053802 0.00272929 -0.0107721 0.0182239 0.00208328 0.00527259 0.0102815 -0.00235865 0.00223309 -0.0132275 -0.00518656 0.0269146
internal_weight=1733.4 596.086 549.325 219.378 329.947 46.7613 1137.31 661.997 447.626 475.314 334.147 141.166 214.371 40.038
internal_count=5826 2024 1842 718 1124 182 3802 2209 1481 1593 1114 479 728 156
is_linear=0
shrinkage=0.0657714


Tree=219
num_leaves=12
num_cat=0
split_feature=36 57 36 23 2 40 28 5 2 14 26
split_gain=2.6778 8.8645 7.08182 4.44195 3.70154 3.88831 3.27294 8.57034 6.14511 2.50762 2.25526
threshold=-1.9822409099590916 55195.910500000005 -1.7261477638093339 -0.021116994945541197 57.333953885568299 0.0033556400847258865 46.400222208350435 -0.0077062171940179272 35.074102626650955 0.0057761813870891065 0.00023601114708737828
decision_type=2 2 2 2 2 2 2 2 2 2 2
left_child=1 -1 3 10 5 -3 8 -8 -4 -5 -2
right_child=2 4 6 9 -6 -7 7 -9 -10 -11 -12
leaf_value=-0.047494123987570344 0.048786598962376873 0.0081067843108400903 0.0061560299119675097 -0.039174653962397436 0.079801142105460271 0.072790585862753984 0.040305804417665715 0.0015070783274700786 -0.011809390024845148 -0.012493471138179606 -0.011847605345357077
leaf_weight=7.2599469125270835 5.3945412337779981 18.783911526203163 133.57192498445511 33.690825790166855 5.9821757376193991 5.1148504316806784 25.119271770119667 1260.4029713273048 214.82892940193415 27.82092496752739 5.2226069271564484
leaf_count=20 22 71 451 99 27 23 106 4214 684 91 18
internal_value=0.000222765 0.017694 -0.000157585 -0.0203261 0.0335322 0.0219505 0.000732747 0.00226521 -0.0049217 -0.0271071 0.0189605
internal_weight=1743.19 37.1409 1706.05 72.1289 29.8809 23.8988 1633.92 1285.52 348.401 61.5118 10.6171
internal_count=5826 141 5685 230 121 94 5455 4320 1135 190 40
is_linear=0
shrinkage=0.0657714


Tree=220
num_leaves=12
num_cat=0
split_feature=47 21 70 70 59 58 57 34 47 33 7
split_gain=5.14432 5.61285 12.863 9.7997 9.79582 8.19256 7.47654 0.0565896 0.0175189 0.00123929 0.000239305
threshold=1.1653972509801256 19.583042861974484 -1718.288577500002 -2010.875426499997 64.500000000000014 -9.2449999999999984e-05 69243.893000000011 -0.22252093395631442 0.59074833243163305 0.6078576107927941 0.012056612582087791
decision_type=2 2 2 2 2 2 2 2 2 2 2
left_child=1 2 3 -1 -4 8 -7 -2 -3 10 -9
right_child=7 5 4 -5 -6 6 -8 9 -10 -11 -12
leaf_value=0.0075514778305849749 -0.059893380151241557 -0.060676471791807768 -0.0049676636822473339 0.063502962938166541 -0.029911170791769706 0.0050587723862403422 -0.054926507923629714 -0.047853166179277408 -0.054683653953408753 -0.049335561787087465 -0.046797847058977771
leaf_weight=68.478454802185297 2.4980988502502441 3.113144673407076 421.3506722189486 16.879182886332273 81.240040924400091 743.81145188584924 9.0983969047665578 2.0515163317322718 6.549782358109951 2.22027488052845 1.6995751485228536
leaf_count=244 13 16 1882 48 493 2926 85 25 44 22 28
internal_value=-0.000481989 -0.000161532 -0.00499044 0.0186157 -0.0089996 0.00356159 0.00433389 -0.0515813 -0.0566144 -0.048104 -0.047375
internal_weight=1358.99 1350.52 587.948 85.3576 502.591 762.573 752.91 8.46947 9.66293 5.97137 3.75109
internal_count=5826 5738 2667 292 2375 3071 3011 88 60 75 53
is_linear=0
shrinkage=0.0657714


Tree=221
num_leaves=11
num_cat=0
split_feature=25 18 59 59 30 49 59 33 36 49
split_gain=2.76377 4.28019 5.31183 4.85129 3.38618 3.30177 3.29501 2.67612 2.27231 2.28539
threshold=-0.012299456316872679 -0.028576053879211801 24.500000000000004 8.5000000000000018 0.0089877607906597764 0.0019036077358009675 20.500000000000004 1.0000000180025095e-35 -1.1353660404393293 -0.00073238670251234172
decision_type=2 2 2 2 2 2 2 2 2 2
left_child=5 2 -2 7 -4 8 -5 -3 -1 -10
right_child=1 3 4 6 -6 -7 -8 -9 9 -11
leaf_value=-0.049997600896438184 0.081471246957693103 -0.012525631558542638 0.039723210905187843 0.0091675724418127606 -0.034903990055418138 0.025259285883482439 -0.00036016334279925777 -0.058207089959736745 0.019187863089794671 -0.026770211000584358
leaf_weight=10.876490712165831 6.2767897993326214 15.24148688465357 5.6680329442024213 175.7336782515049 4.9074684605002403 6.7101714164018622 1474.3798348531127 8.7222006693482381 6.5920643433928481 16.143207304179672
leaf_count=33 20 49 23 600 20 23 4936 40 27 55
internal_value=0.000154049 0.000559852 0.0335408 0.000227845 0.00509311 -0.0168636 0.000654521 -0.0291526 -0.0252729 -0.0134447
internal_weight=1731.25 1690.93 16.8523 1674.08 10.5755 40.3219 1650.11 23.9637 33.6118 22.7353
internal_count=5826 5688 63 5625 43 138 5536 89 115 82
is_linear=0
shrinkage=0.0657714


Tree=222
num_leaves=8
num_cat=0
split_feature=30 10 46 50 47 25 44
split_gain=2.65294 5.69898 4.23208 5.11507 3.20617 3.08966 3.27433
threshold=0.017707340720740272 0.069490121377602729 0.0021273721129898547 0.77372534872522769 0.71165718324383553 -0.0031850330507827147 1.0141022655285692
decision_type=2 2 2 2 2 2 2
left_child=1 2 3 -1 -4 -3 -7
right_child=-2 5 4 -5 -6 6 -8
leaf_value=-0.00085890705812462817 -0.038881017261091444 0.063166704991511433 -0.043578152532634341 0.0096218938632977209 -0.0087806259250038481 -0.0021090830136724571 0.056701292926394337
leaf_weight=1381.1840973719954 7.4764743298292151 8.4131382778286952 13.491850703954695 235.82970657944679 75.839648574590683 13.684906229376795 5.8442660272121421
leaf_count=4573 22 38 38 826 251 52 26
internal_value=0.000213693 0.000382229 -0.000100243 0.000669642 -0.0140361 0.0298452 0.0154904
internal_weight=1741.76 1734.29 1706.35 1617.01 89.3315 27.9423 19.5292
internal_count=5826 5804 5688 5399 289 116 78
is_linear=0
shrinkage=0.0657714


Tree=223
num_leaves=12
num_cat=0
split_feature=65 66 66 13 34 32 52 34 60 34 3
split_gain=5.09309 5.09407 10.6996 11.7924 11.5697 9.77705 11.0507 7.96493 3.22398 0.113752 0.00226158
threshold=-8.0314999999999993e-05 -269.68507049999755 418.6589395000023 0.60316472176306768 0.81174490092936691 0.6830127018922193 4.6105000000000007e-05 -0.22252093395631442 0.00023647172217311499 -0.22252093395631442 0.012408937304739152
decision_type=2 2 2 2 2 2 2 2 2 2 2
left_child=8 5 3 -3 -4 6 -2 -7 9 -1 -11
right_child=1 2 4 -5 -6 7 -8 -9 -10 10 -12
leaf_value=-0.062936303480395042 0.022205983941076778 7.7482949182758265e-06 0.00731293411941968 -0.021802496499304113 -0.03915601276278842 0.00066471346765618444 9.0281265653857038e-05 -0.036244662609701307 0.0092739535886577212 -0.047579330374726218 -0.050672428320647792
leaf_weight=6.6939365416765204 177.55454919859767 224.23641393147409 380.03834760934114 205.53385392948985 24.683078560978174 73.988788560032845 217.41785583645105 38.427952907979488 4.3754897825419894 2.1789261847734442 1.9268781542778013
leaf_count=36 564 740 1472 1276 262 193 930 290 15 30 18
internal_value=-0.00046421 -3.57214e-05 -0.00319561 -0.0104228 0.00447889 0.00516128 0.0100321 -0.0119522 -0.0383536 -0.0576498 -0.0490309
internal_weight=1357.06 1341.88 834.492 429.77 404.721 507.389 394.972 112.417 15.1752 10.7997 4.1058
internal_count=5826 5727 3750 2016 1734 1977 1494 483 99 84 48
is_linear=0
shrinkage=0.0657714


Tree=224
num_leaves=11
num_cat=0
split_feature=2 20 17 22 11 29 21 53 43 62
split_gain=2.78136 5.46523 7.71107 3.87041 3.84186 3.74676 6.25921 5.99557 1.86493 1.41833
threshold=77.91005081667511 18.690017695222057 -4.58053572836876e-05 11.923298292118327 0.0040899971528558518 0.0087873474531929858 15.207338354049677 21.500000000000004 1.1410751067732139 1280.4187659999991
decision_type=2 2 2 2 2 2 2 2 2 2
left_child=3 2 -2 4 -1 7 -7 -5 -4 -3
right_child=1 9 8 5 -6 6 -8 -9 -10 -11
leaf_value=0.05916940968434118 0.097472700461409531 -0.036027325902170372 -0.012083980255848182 0.013613341475742164 -0.0094406542346102858 -0.050168955102060812 -0.00418822769180129 -0.00033669621242325655 0.034316651765395174 0.0085204231911727001
leaf_weight=9.2779558748006803 6.6769474372267732 6.8611458092927915 7.0598650723695755 152.61352409049869 5.6992451399564734 13.170911714434622 463.28904062882066 1051.8551742080599 7.9852523952722549 5.6275603324174881
leaf_count=33 23 19 22 518 19 38 1570 3538 25 21
internal_value=0.000148982 0.0187162 0.038649 -0.000225567 0.0330614 -0.000522156 -0.00545929 0.00143086 0.0125433 -0.0159536
internal_weight=1730.12 34.2108 21.7221 1695.91 14.9772 1680.93 476.46 1204.47 15.0451 12.4887
internal_count=5826 110 70 5716 52 5664 1608 4056 47 40
is_linear=0
shrinkage=0.0657714


Tree=225
num_leaves=16
num_cat=0
split_feature=66 28 20 36 43 9 9 6 6 47 18 9 31 20 6
split_gain=2.59275 4.74359 7.74219 7.51949 10.1172 9.71476 5.55219 3.84779 6.03292 8.20198 5.50732 4.66346 4.62584 3.46507 3.09208
threshold=882.0296860000044 48.360232390409223 10.290352714428018 -1.4190393314468168 1.5551742545357732 0.80256349963012807 0.3681676701945884 0.0088088382335438382 0.0043858488265645654 1.0160734016181252 0.0056773233346123506 0.84653521787902541 -0.6830127018922193 16.662877798194234 -0.0033739413733364638
decision_type=2 2 2 2 2 2 2 2 2 2 2 2 2 2 2
left_child=1 2 14 5 -5 -3 -4 8 9 -2 12 -12 -9 -10 -1
right_child=7 3 6 4 -6 -7 -8 10 13 -11 11 -13 -14 -15 -16
leaf_value=0.049919803723054997 -0.0058473577656440491 -0.013457919866957994 -0.00068836141132033605 0.011131751699157767 -0.013206515206838415 0.030108043747800212 -0.015747689138544078 0.082631761754400554 -0.036061689761025133 0.070323138396303581 -0.016743697331626048 0.0090491569998206664 0.012717329887724628 -0.0062573847637713417 -0.0036667906302236966
leaf_weight=16.110559046268467 132.40554277598858 154.85074049979448 385.34262282401323 563.82872095704079 85.026957154273987 25.835920453071594 146.04693213105202 6.3758431673049953 47.983978405594826 6.4114353060722342 50.733386069536209 75.377369493246078 11.438038319349287 26.027357161045074 6.5527668148279181
leaf_count=70 435 495 1273 1963 259 102 467 29 133 28 148 272 40 86 26
internal_value=0.000201564 0.00149064 -0.00322162 0.00463797 0.00794243 -0.00722853 -0.00482726 -0.00479786 -0.010415 -0.00232933 0.0035084 -0.00132711 0.0377407 -0.0255805 0.034426
internal_weight=1740.35 1383.6 554.053 829.542 648.856 180.687 531.39 356.753 212.828 138.817 143.925 126.111 17.8139 74.0113 22.6633
internal_count=5826 4655 1836 2819 2222 597 1740 1171 682 463 489 420 69 219 96
is_linear=0
shrinkage=0.0657714


Tree=226
num_leaves=12
num_cat=0
split_feature=52 58 65 21 19 21 3 65 6 50 47
split_gain=5.00276 10.2799 10.7353 9.80305 8.55769 5.93594 4.87618 4.44431 4.19386 0.893713 0.0357231
threshold=-0.00011018999999999999 -6.9919999999999995e-05 5.3940000000000009e-05 21.173052127208237 -0.026994924895460289 19.519198322149361 0.017335131518601891 0.00011406000000000002 -0.0086362451298170311 0.2882954419478661 0.50722322976442025
decision_type=2 2 2 2 2 2 2 2 2 2 2
left_child=4 3 5 8 -1 -3 -5 -4 -2 -6 -11
right_child=1 2 7 6 9 -7 -8 -9 -10 10 -12
leaf_value=0.068315115220444797 0.0093731008928244139 -0.0056490048155982894 -0.064786131581352907 -0.05585809764640489 -0.015638261352812832 0.0035245443853176048 0.025687501534497743 -0.0037094724072853154 0.058181241519061046 -0.059226683984478515 -0.052841128565971764
leaf_weight=3.130554452538493 10.3758487701416 521.81656676530838 15.97120717726648 7.3895215541124326 2.8510291837155846 734.81775150261819 5.5580965131521225 7.609252303838729 28.626936934888363 6.9635566994547835 8.3156228363513929
leaf_count=3 27 2420 112 46 15 3005 13 30 48 39 68
internal_value=-0.000451098 5.40684e-05 -0.0011098 0.0287354 -0.032104 -0.000284766 -0.0208526 -0.0450771 0.0451969 -0.0494435 -0.0557514
internal_weight=1353.43 1332.17 1280.21 51.9504 21.2608 1256.63 12.9476 23.5805 39.0028 18.1302 15.2792
internal_count=5826 5701 5567 134 125 5425 59 142 75 122 107
is_linear=0
shrinkage=0.0657714


Tree=227
num_leaves=12
num_cat=0
split_feature=70 21 29 1 5 26 67 45 44 55 22
split_gain=2.77871 4.35756 7.7291 6.44506 8.76723 6.5026 6.05922 4.42136 3.70919 3.87303 4.98238
threshold=2004.6356940000019 20.844121247230465 -0.004678724816470691 7.2724176506690249e-05 0.0045367870590250501 0.0011920469494416388 -516.70004200000096 50.413199764142696 0.47604425494298014 -2.9119999999999996e-05 20.880231823035327
decision_type=2 2 2 2 2 2 2 2 2 2 2
left_child=1 3 6 5 -5 -1 -3 -4 -2 -10 -11
right_child=8 2 7 4 -6 -7 -8 -9 9 10 -12
leaf_value=-0.0055989142634557607 -0.027574804576799724 -0.003405560474877751 0.010024426431620043 0.015093145126983051 -0.01470696513057481 0.0092413309133187026 -0.035548016096731812 -0.0047934117043208855 0.056678011867113125 0.015180501521554505 -0.017290111968303636
leaf_weight=470.40289586037397 11.295018725097178 45.335416834801435 110.23149961233139 252.28938134387136 51.40964275598526 175.33294385671616 57.61102157831192 415.26039896160364 7.7888371497392646 106.49724515713751 25.298362784087658
leaf_count=1585 35 147 374 861 163 600 183 1401 27 359 91
internal_value=0.000150245 -0.000665156 -0.00491354 0.00214688 0.0100486 -0.00156943 -0.0213932 -0.0016851 0.00867758 0.0116111 0.00894772
internal_weight=1728.75 1577.87 628.438 949.435 303.699 645.736 102.946 525.492 150.879 139.584 131.796
internal_count=5826 5314 2105 3209 1024 2185 330 1775 512 477 450
is_linear=0
shrinkage=0.0657714


Tree=228
num_leaves=9
num_cat=0
split_feature=66 3 28 3 30 12 22 44
split_gain=2.52538 2.63315 5.10462 6.627 4.99345 3.82831 4.33441 4.18462
threshold=-7895.7204925000005 0.0047419809617172933 37.349826606840203 0.0096788025089386952 0.0031723297484576754 0.0015253892336294498 21.389994904735357 1.9060591023644304
decision_type=2 2 2 2 2 2 2 2
left_child=-1 5 3 -3 -4 6 -2 -7
right_child=1 2 4 -5 -6 7 -8 -9
leaf_value=-0.035841736901670661 0.021680457229936015 0.076015782804213811 0.012580226196495028 -0.0081911741440336156 -0.00038972900232195698 -0.021094889459146404 -0.016884997571409908 0.018238728425332734
leaf_weight=8.3708207160234434 31.7346495911479 8.9013401716947573 141.15506927669048 7.4071996957063666 1422.1139758229256 84.282367192208767 20.915874436497688 13.586578994989393
leaf_count=24 112 41 524 20 4734 248 73 50
internal_value=0.00019684 0.000371207 0.00116328 0.0377697 0.000781391 -0.00794095 0.00636 -0.0156344
internal_weight=1738.47 1730.1 1579.58 16.3085 1563.27 150.519 52.6505 97.8689
internal_count=5826 5802 5319 61 5258 483 185 298
is_linear=0
shrinkage=0.0657714


Tree=229
num_leaves=12
num_cat=0
split_feature=29 34 28 22 62 64 60 36 55 22 34
split_gain=4.87203 5.68305 11.2264 16.6922 10.072 6.87809 7.0912 5.2581 5.06493 3.30717 0.0979705
threshold=0.039793199719764923 1.0000000180025095e-35 57.563047746823763 16.132623512308282 950.64500850000252 0.018758049569474581 -0.012130993981756764 -1.4559808298253047 7.9800000000000015e-06 12.989781058877297 -0.22252093395631442
decision_type=2 2 2 2 2 2 2 2 2 2 2
left_child=1 5 4 -4 -3 6 -1 -2 -7 -9 -11
right_child=7 2 3 -5 -6 8 -8 9 -10 10 -12
leaf_value=-0.032762544445223162 0.016120009603538921 -0.017194289881963781 -0.049005510258737568 0.049108789228545731 0.01375270101774856 0.08204097492551754 0.0027469261702034501 0.01394512470970557 0.017027969426612166 -0.060838792795125878 -0.049887021914363401
leaf_weight=24.981607925146818 8.4898690022528189 247.17108939029276 9.9094429537653905 30.86358218640089 55.756527649238706 7.5496603026986149 929.70264940336347 3.3614096455276039 16.541726872324944 11.70818697661162 5.0607727579772428
leaf_count=106 31 2112 117 91 354 11 2838 16 43 59 48
internal_value=-0.000442383 0.000138637 -0.00713724 0.0252632 -0.0114982 0.00269359 0.00181774 -0.02729 0.0374015 -0.0455979 -0.0575336
internal_weight=1351.1 1322.48 343.701 40.773 302.928 978.776 954.684 28.6202 24.0914 20.1304 16.769
internal_count=5826 5672 2674 208 2466 2998 2944 154 54 123 107
is_linear=0
shrinkage=0.0657714


Tree=230
num_leaves=13
num_cat=0
split_feature=42 43 30 1 59 21 37 7 42 42 62 37
split_gain=2.80086 4.59827 4.21177 4.28569 2.84276 3.55044 3.49679 3.89104 3.27987 1.50973 0.912028 0.640265
threshold=0.26608481796280709 0.3943938855853395 0.006280457275428252 0.00017700195311993092 8.5000000000000018 19.067798141799305 -0.012299456316872679 -0.038063336157700571 2.109585032096152 0.63166351459045833 47.058928500001805 0.00051306062922262818
decision_type=2 2 2 2 2 2 2 2 2 2 2 2
left_child=1 2 3 -1 5 -2 8 -8 -6 -7 -4 -3
right_child=4 11 10 -5 6 9 7 -9 -10 -11 -12 -13
leaf_value=-0.015408725686106886 0.006465009882094184 -0.054964604373250771 -0.046195253617788389 0.032956278413718537 -0.035178278227611832 -0.016992361201680448 0.009971896138628502 0.0002357083238227387 0.0033432229270792461 -0.060664066389615294 -0.013522465486794791 -0.027478003861060144
leaf_weight=14.907552376389505 11.246080897748472 9.641834579408167 8.4721795096993429 16.922338612377644 22.052506484091282 5.751376934349536 203.42382826656103 1396.9453081190586 16.880397863686085 8.4631822705268842 6.5555128976702681 5.9149625226855269
leaf_count=54 37 32 29 52 75 18 663 4727 60 39 20 20
internal_value=0.000147931 -0.0135309 -0.00324452 0.0103045 0.000660769 -0.0211477 0.000999486 0.00147328 -0.0184763 -0.042994 -0.0319424 -0.0445137
internal_weight=1727.18 62.4144 46.8576 31.8299 1664.76 25.4606 1639.3 1600.37 38.9329 14.2146 15.0277 15.5568
internal_count=5826 207 155 106 5619 94 5525 5390 135 57 49 52
is_linear=0
shrinkage=0.0657714


Tree=231
num_leaves=8
num_cat=0
split_feature=30 69 69 48 25 27 60
split_gain=2.46373 2.48637 3.935 5.29517 3.63539 3.51076 3.07455
threshold=0.017707340720740272 2.1310000000000004e-05 7.7250000000000014e-06 54.210193256043716 0.0070800486013314909 0.00015957190235593724 -0.016971831061704686
decision_type=2 2 2 2 2 2 2
left_child=1 2 6 -4 5 -3 -1
right_child=-2 4 3 -5 -6 -7 -8
leaf_value=-0.017576180975465986 -0.03811865666632671 -0.0010173607081117063 0.049895347152141063 -0.014464489649379183 0.038434174648909733 -0.024901112873088403 0.001073438630230084
leaf_weight=39.205486431717873 7.2309625297784796 58.151895858347416 15.749712020158769 8.5222883820533735 6.5740859508514395 49.106021642684937 1552.480491347611
leaf_count=124 22 190 64 28 26 151 5221
internal_value=0.000192891 0.000353043 0.00101486 0.0272976 -0.00904215 -0.0119521 0.000614072
internal_weight=1737.02 1729.79 1615.96 24.272 113.832 107.258 1591.69
internal_count=5826 5804 5437 92 367 341 5345
is_linear=0
shrinkage=0.0657714


Tree=232
num_leaves=15
num_cat=0
split_feature=13 21 70 22 7 27 21 27 53 21 32 21 19 37
split_gain=4.87319 5.6565 12.6772 11.5221 10.5166 9.06766 9.19424 7.21719 5.58009 6.28811 4.86608 4.29219 3.31474 1.84252
threshold=0.27925648081139259 19.519198322149361 -418.42263600000109 24.917158648945982 0.039861351439704602 -0.00065077761754511732 20.494457138105062 -0.0021384630011390122 40.500000000000007 18.712695453280983 0.25000000000000017 18.183521377135403 -0.0032946803068094051 -0.0003054567481688974
decision_type=2 2 2 2 2 2 2 2 2 2 2 2 2 2
left_child=8 2 4 -4 -2 7 -7 -3 11 -10 -11 13 -13 -1
right_child=1 5 3 -5 -6 6 -8 -9 9 10 -12 12 -14 -15
leaf_value=0.064353937770696812 0.0080479771834465579 -0.00017943235145796935 -0.023066259389365719 0.0071815909850255263 -0.057439564500559009 0.025956503760519008 0.0030120070863914813 -0.024092398855258042 -0.055624622459650296 0.02883992354363819 -0.013197957508803372 0.032353716182915798 -0.029310150695068371 0.030478360509839774
leaf_weight=13.398902788758278 218.52703426033258 168.9147781599313 224.29230781830847 71.954145923256874 11.149131771177052 94.343757906928658 379.24785034172237 80.67364826053381 7.6178384833037844 24.891556121408939 22.84292971342802 7.9952320903539658 7.1375511735677701 14.421198174357414
leaf_count=16 838 710 1258 319 97 319 1627 428 34 41 71 16 25 27
internal_value=-0.000428533 -0.00153818 -0.00672825 -0.0157195 0.00486903 0.00223624 0.00758276 -0.00790874 0.013671 -0.000132765 0.00872306 0.0314596 0.00326924 0.0467937
internal_weight=1347.41 1249.1 525.923 296.246 229.676 723.18 473.592 249.588 98.3052 55.3523 47.7345 42.9529 15.1328 27.8201
internal_count=5826 5596 2512 1577 935 3084 1946 1138 230 146 112 84 41 43
is_linear=0
shrinkage=0.0657714


Tree=233
num_leaves=11
num_cat=0
split_feature=47 13 4 30 23 30 14 27 36 30
split_gain=2.64148 3.65441 3.52248 7.382 9.03593 8.0137 4.67282 5.18197 2.24826 1.73368
threshold=1.1653972509801256 2.2864783977942387 0.0080593923813656616 0.0093134162508500106 -0.0095604240568205028 0.007789875407760531 0.02410198901380696 0.01010419584176381 -0.85912977409858027 0.0087266881195777468
decision_type=2 2 2 2 2 2 2 2 2 2
left_child=2 8 3 5 -5 -1 7 -4 -2 -8
right_child=1 -3 6 4 -6 -7 9 -9 -10 -11
leaf_value=0.00086864247666432366 0.05626041515331328 -0.018324521789207567 -0.019725569891780575 0.030357414318506238 -0.0035100060731176699 -0.016287500382844759 0.037111756329913224 0.025569642983519825 0.006856089805443181 -0.0052467858126021899
leaf_weight=1298.0538916736841 10.837746083736423 6.9920044392347327 105.94710414856672 76.380345441401005 61.532727567479014 129.53202114999294 11.064677163958551 12.182404629886149 6.3014690726995477 6.7174659669399253
leaf_count=4354 36 28 352 272 212 437 39 43 24 29
internal_value=0.00014045 0.0217484 -0.000166016 0.00071576 0.0152468 -0.00068802 -0.0103228 -0.0150544 0.0380962 0.0211102
internal_weight=1725.54 24.1312 1701.41 1565.5 137.913 1427.59 135.912 118.13 17.1392 17.7821
internal_count=5826 88 5738 5275 484 4791 463 395 60 68
is_linear=0
shrinkage=0.0657714


Tree=234
num_leaves=11
num_cat=0
split_feature=36 57 36 50 14 2 21 8 50 64
split_gain=2.49337 8.05985 6.19086 5.25357 4.68164 3.53124 3.71206 3.10231 6.67909 5.3765
threshold=-1.9822409099590916 55195.910500000005 -1.7261477638093339 0.2656187472461144 0.011927665380002847 54.930991398045386 20.524768671388543 0.0038722376640137894 0.80961699579586455 -0.0020212519772682121
decision_type=2 2 2 2 2 2 2 2 2 2
left_child=1 -1 3 -2 -5 6 -3 8 -4 -9
right_child=2 5 7 4 -6 -7 -8 9 -10 -11
leaf_value=-0.046379226092713707 0.02759552496574166 0.00037185364557521905 0.00016038901210400634 -0.032751657749763172 0.023435693355358792 0.068792894712230809 0.059969301473029403 0.020217990818705709 0.014866700491285833 -0.011842735385079231
leaf_weight=7.0036163926124564 9.0332870185375196 15.200947895646101 1292.6700845211744 54.312502130866051 7.274134397506713 8.1949522048234922 6.4347789734601966 26.337945610284805 148.99056553840637 160.59055714309216
leaf_count=20 35 56 4318 167 28 37 28 102 538 497
internal_value=0.000186861 0.0171165 -0.000180128 -0.0192449 -0.0261152 0.032024 0.018097 0.00064657 0.00168023 -0.00732543
internal_weight=1736.04 36.8343 1699.21 70.6199 61.5866 29.8307 21.6357 1628.59 1441.66 186.929
internal_count=5826 141 5685 230 195 121 84 5455 4856 599
is_linear=0
shrinkage=0.0657714


Tree=235
num_leaves=15
num_cat=0
split_feature=35 71 10 59 12 21 66 11 35 71 7 22 40 40
split_gain=4.78195 9.76507 11.9473 16.1797 10.2908 7.87946 11.5609 15.6785 10.2263 13.3456 10.0785 9.66095 3.43804 1.31198
threshold=0.6965175885077356 5239.4097800000009 0.048396653671216538 38.500000000000007 0.0050382806819704454 19.896728371909791 -38.084807999995611 -0.0099027802656596036 -0.30291518985321025 -1800.7183080000034 0.044034478989104515 21.768078901157871 0.0024936390668415247 0.0011622120240425418
decision_type=2 2 2 2 2 2 2 2 2 2 2 2 2 2
left_child=5 2 3 -2 -4 6 10 -8 11 -10 -1 -7 13 -3
right_child=1 12 4 -5 -6 8 7 -9 9 -11 -12 -13 -14 -15
leaf_value=0.0045721931431023117 -0.05022174039354358 0.025036710156288271 0.083692078627740918 -0.0054122568506553325 0.00034678162272915372 -0.032832114904561588 0.040055570318360302 -0.022712303883117839 -0.01881537607413962 0.016301710618755846 -0.05366644765617986 0.0066446787182655913 -0.0052660613305266545 0.059164142192418258
leaf_weight=384.66786884702742 59.840535249561071 9.8644571006298118 7.7669697888195506 83.496557861566544 36.642129801213741 48.091060714796185 19.021804932504892 181.21863744594157 53.672365788370371 366.34216085448861 13.298596780747173 60.621028766036034 10.177547987550495 9.6302574798464757
leaf_count=1529 394 29 10 420 158 286 74 997 207 1308 129 234 38 13
internal_value=-0.000412227 -0.00934289 -0.0148842 -0.0241194 0.0149235 0.00131076 -0.00385966 -0.0167497 0.00716063 0.0118142 0.00262607 -0.0108187 0.0257191 0.0418954
internal_weight=1344.35 217.418 187.746 143.337 44.4091 1126.93 598.207 200.24 528.727 420.015 397.966 108.712 29.6723 19.4947
internal_count=5826 1062 982 814 168 4764 2729 1071 2035 1515 1658 520 80 42
is_linear=0
shrinkage=0.0657714


Tree=236
num_leaves=11
num_cat=0
split_feature=6 2 25 59 20 66 35 67 48 63
split_gain=2.63874 4.29374 3.70138 6.73791 4.30979 3.64984 7.00884 3.88989 2.87155 1.00448
threshold=0.031153474626839598 77.91005081667511 0.0016579432378950323 46.500000000000007 17.775668740334194 3713.1689270000006 0.89585627460460382 1385.9050199999967 55.839410974076351 5787.4024134999945
decision_type=2 2 2 2 2 2 2 2 2 2
left_child=1 5 4 -4 -3 7 -7 -1 -2 -10
right_child=8 2 3 -5 -6 6 -8 -9 9 -11
leaf_value=0.0011418808095646118 0.014198143227481936 0.076586955874077725 -0.043102372269466824 0.048426274032033569 0.0095983013605842361 0.034229253679114093 -0.025135325153090724 -0.0066242937357925353 -0.061885243107981353 -0.023887868150836628
leaf_weight=1274.495665397495 5.4828013628721264 8.997961334884172 7.4245590493082982 6.5474708080291748 7.7183167189359656 32.622573599219322 11.684850156307219 357.18529641255736 6.1276315599679929 5.914519976824522
leaf_count=4344 21 29 23 23 24 116 32 1169 23 22
internal_value=0.000133267 0.000393999 0.0247737 -0.000210885 0.0456566 -5.24075e-05 0.0185735 -0.000558184 -0.0252583 -0.0432228
internal_weight=1724.2 1706.68 30.6883 13.972 16.7163 1675.99 44.3074 1631.68 17.525 12.0422
internal_count=5826 5760 99 46 53 5661 148 5513 66 45
is_linear=0
shrinkage=0.0657714


Tree=237
num_leaves=14
num_cat=0
split_feature=13 13 2 25 27 51 1 53 16 16 16 41 1
split_gain=2.39472 5.48897 6.81067 6.1559 5.24951 4.9375 5.0252 4.89486 5.39599 5.30295 3.21801 2.88419 1.31628
threshold=1.0582036415231799 1.0387874885835366 20.00309360455017 -0.012299456316872679 -0.0020519954918163936 49584.326000000008 0.00085253196852216829 12.500000000000002 -2.4824372415827329 -8.3608555098542841 3.1739392088549825 -0.0013306286678889665 5.7414403819027529e-05
decision_type=2 2 2 2 2 2 2 2 2 2 2 2 2
left_child=1 2 -1 -4 -3 6 11 8 -7 -9 -8 -2 -6
right_child=5 4 3 -5 12 7 10 9 -10 -11 -12 -13 -14
leaf_value=0.065079559907776446 -0.012393180670677564 -0.0045205850613822705 0.056299107094765453 0.00057260343601436153 0.094766605132499501 -0.010185671561682924 -0.016237111085514993 0.016938339494631076 0.060428398760998245 -0.0045095046452805114 0.047553703722206776 -0.048719662874061334 0.047541796754862857
leaf_weight=7.2279250621795645 15.758016988635061 7.2162893563509014 8.6446456834673864 1066.6258544623852 4.6048266142606717 7.9719767123460796 7.77574774622917 55.31728632748127 11.340613916516302 506.25158121436834 6.1082408577203751 23.636820301413536 5.7304695099592209
leaf_count=33 50 24 38 3586 21 28 23 200 49 1659 26 65 24
internal_value=0.000184238 0.00203993 0.00144834 0.00102062 0.0385264 -0.00303476 -0.0221975 -0.00127714 0.0312799 -0.00239679 0.0118276 -0.034189 0.0685825
internal_weight=1734.21 1100.05 1082.5 1075.27 17.5516 634.16 53.2788 580.881 19.3126 561.569 13.884 39.3948 10.3353
internal_count=5826 3726 3657 3624 69 2100 164 1936 77 1859 49 115 45
is_linear=0
shrinkage=0.0657714


Tree=238
num_leaves=11
num_cat=0
split_feature=51 53 1 53 58 20 6 20 67 53
split_gain=4.8054 4.85316 8.96931 9.12069 8.74735 6.62304 12.191 7.26058 0.0576869 0.00403069
threshold=70983.74950000002 21.500000000000004 -0.0011424073500459213 9.5000000000000018 7.3725000000000003e-05 11.453587955706768 0.0028182960059459643 14.767723205092603 -117.35069749999911 54.500000000000007
decision_type=2 2 2 2 2 2 2 2 2 2
left_child=1 2 4 -4 -1 6 -3 -7 -2 -10
right_child=8 5 3 -5 -6 7 -8 -9 9 -11
leaf_value=-0.0088636717843212989 -0.062355914361334974 -0.0025048687288951143 0.0062348714525308126 -0.032682776908069186 0.049132921327557318 0.011116756540931604 -0.063462838257680523 -0.0007246763953604133 -0.051817087429634201 -0.047871107488208282
leaf_weight=29.041745789349079 2.5646500177681446 58.958359055221081 38.344068814069033 81.247862301766872 18.363052371889353 315.24682906642556 18.691775137558579 773.82242074422538 2.431936338543891 2.0754816010594368
leaf_count=133 17 299 152 499 43 1199 146 3293 21 24
internal_value=-0.000407953 -0.00012123 -0.0106081 -0.0202048 0.0136023 0.0013798 -0.0171785 0.002703 -0.0544809 -0.0500001
internal_weight=1340.79 1333.72 166.997 119.592 47.4048 1166.72 77.6501 1089.07 7.07207 4.50742
internal_count=5826 5764 827 651 176 4937 445 4492 62 45
is_linear=0
shrinkage=0.0657714


Tree=239
num_leaves=14
num_cat=0
split_feature=70 2 35 47 18 27 16 71 16 30 64 21 19
split_gain=2.60201 5.52929 3.9673 5.33186 5.31541 3.46704 4.97681 5.36936 4.89465 4.77482 4.24233 2.61238 2.35224
threshold=2406.7416634999995 42.751328108895216 0.75468688216549662 1.0439104466797759 0.015761042769191328 -0.00085220131882601791 -8.3608555098542841 662.35686199999589 -2.6122675490323419 0.0041720190776491804 -0.012948304405044407 21.253315034891717 0.0013886228064222685
decision_type=2 2 2 2 2 2 2 2 2 2 2 2 2
left_child=5 11 4 -4 -3 8 12 -8 10 -10 -1 -2 -7
right_child=1 2 3 -5 -6 6 7 -9 9 -11 -12 -13 -14
leaf_value=-0.03241003721360658 -0.00098750682667491838 0.035414210615058936 -0.014077598308268576 0.046664633779935794 -0.012152682153883798 -0.034166331289102812 0.0014908354434374608 -0.0090925389909014762 0.011049340641881891 -0.0036512623958883145 0.016799081431192794 -0.052030846166776078 0.0077704529429596788
leaf_weight=8.0357447713613492 9.3782549053430575 49.714483495801687 29.780553974211216 7.9121732711791983 12.773652352392672 31.010879062116146 612.22004758194089 313.59008247219026 128.71910194307566 371.23040211200714 133.20738910883665 8.0696050748229009 7.1129076182842246
leaf_count=18 39 177 94 25 44 110 2078 1014 457 1239 484 18 29
internal_value=0.00013204 0.00957432 0.0155254 -0.00132705 0.0256907 -0.000559921 -0.00305298 -0.00209396 0.003188 0.000133617 0.0139994 -0.024595 -0.026342
internal_weight=1722.76 117.629 100.181 37.6927 62.4881 1605.13 963.934 925.81 641.193 499.95 141.243 17.4479 38.1238
internal_count=5826 397 340 119 221 5429 3231 3092 2198 1696 502 57 139
is_linear=0
shrinkage=0.0657714


Tree=240
num_leaves=9
num_cat=0
split_feature=66 66 29 70 50 44 6 49
split_gain=2.36217 2.51722 4.43645 8.12096 6.86359 4.13313 4.92243 4.20609
threshold=-7895.7204925000005 882.0296860000044 0.0097783033933833714 174.98051050000234 0.40328951809577612 0.52200088078908069 0.0088088382335438382 -0.00045373833057857637
decision_type=2 2 2 2 2 2 2 2
left_child=-1 2 3 -2 -4 7 -7 -3
right_child=1 5 4 -5 -6 6 -8 -9
leaf_value=-0.034969872326574981 -0.0038542859544447908 -0.047720593303362931 0.031233968061058257 0.0092159694975569272 0.0043391076640075703 -0.0084673705449038947 0.0087938830068324501 -0.0090990343099272668
leaf_weight=8.226463854312895 778.2033724412322 17.352232590317726 48.585815653204918 279.50166948139668 264.55795118957758 175.22754439711571 120.69255584478378 41.067188903689384
leaf_count=24 2560 45 176 998 897 570 424 132
internal_value=0.000190471 0.000358131 0.00163543 -0.000400432 0.00851198 -0.00458343 -0.00142728 -0.0205707
internal_weight=1733.41 1725.19 1370.85 1057.71 313.144 354.34 295.92 58.4194
internal_count=5826 5802 4631 3558 1073 1171 994 177
is_linear=0
shrinkage=0.0657714


Tree=241
num_leaves=14
num_cat=0
split_feature=14 20 0 36 30 38 53 5 29 30 58 53 5
split_gain=4.78284 7.40949 11.2042 16.8601 8.04764 6.8635 5.41955 11.1117 8.06732 4.04501 3.52591 2.49678 2.29469
threshold=0.0017918518550250977 11.453587955706768 47.511801961631363 -1.0498721387420238 0.0045030042067494653 -0.00057152968794621495 23.500000000000004 0.020629758674906688 0.039793199719764923 0.0020851796882524645 6.9280000000000014e-05 39.500000000000007 -0.00022013390168212907
decision_type=2 2 2 2 2 2 2 2 2 2 2 2 2
left_child=5 2 4 -4 -2 10 7 -3 -8 12 -1 -11 -7
right_child=1 6 3 -5 -6 9 8 -9 -10 11 -12 -13 -14
leaf_value=-0.063568553721884649 -0.056664538486302658 -0.013571241990823499 -0.057864950322978413 0.042903896787673312 0.023757943624477276 0.013503665732451382 0.0029759730843139935 0.046762910835426101 -0.039294754785237418 0.050922663210991329 0.006023244209077243 0.018871129629444247 -0.057679963919212672
leaf_weight=5.8396135941147786 6.6479251105338326 196.37865906953812 40.914568562060595 8.7120167352259141 28.278117787092924 5.0656960196793079 960.35476008057594 14.156586840748785 19.936408992856741 23.02628618478775 6.8364107720553875 19.347937870770693 3.194335285574196
leaf_count=30 72 929 331 28 85 20 4045 48 104 32 25 50 27
internal_value=-0.000399885 -0.00127579 -0.0200894 -0.0401748 0.00845009 0.0172451 6.00377e-05 -0.00951432 0.0021163 0.0280805 -0.0260364 0.036288 -0.0140246
internal_weight=1338.69 1275.38 84.5526 49.6266 34.926 63.3103 1190.83 210.535 980.291 50.6343 12.676 42.3742 8.26003
internal_count=5826 5642 516 359 157 184 5126 977 4149 129 55 82 47
is_linear=0
shrinkage=0.0657714


Tree=242
num_leaves=14
num_cat=0
split_feature=20 49 58 55 26 36 3 30 30 52 23 67 58
split_gain=2.61407 5.95274 6.63117 5.43616 5.15068 5.25136 3.89604 6.52314 8.95775 7.05993 5.80352 5.92996 3.57222
threshold=14.811944947716164 0.0013214814093657559 0.00032758500000000008 0.00012198500000000002 -0.0050304351172538167 -1.2172412546713323 0.012582299420346631 0.0073784026629901281 0.0069861529861650869 5.5655000000000002e-05 -0.0095604240568205028 3846.5111724999992 1.6250000000000003e-06
decision_type=2 2 2 2 2 2 2 2 2 2 2 2 2
left_child=1 2 3 -1 -3 -6 7 8 -2 -9 11 -8 -12
right_child=6 4 -4 -5 5 -7 10 9 -10 -11 12 -13 -14
leaf_value=-0.0051021697945909227 0.0033439426695559046 -0.025739589600805999 0.048518995167192797 -0.039017820899794983 0.010331282205789067 0.058469705962112178 -0.0038612047752841589 0.0014607637175379151 -0.027608114033087709 0.035491830217495281 0.014653476861210697 0.036217159877355035 -0.02573522875722636
leaf_weight=507.7145554125309 791.32466025650501 9.6062944680452329 9.6606399193406087 21.301726222038269 27.374962903559204 15.271999210119249 91.816194105893373 50.846040546894073 42.626485675573349 54.783869534730911 10.991137042641638 19.332631438970566 68.588914601132274
leaf_count=1746 2660 23 36 78 93 48 291 165 129 202 45 67 243
internal_value=0.000119192 -0.00342572 -0.00548171 -0.00646784 0.0177693 0.0275698 0.00197249 0.00371225 0.00176186 0.0191106 -0.00659806 0.00310981 -0.020157
internal_weight=1721.24 590.93 538.677 529.016 52.2533 42.647 1130.31 939.581 833.951 105.63 190.729 111.149 79.5801
internal_count=5826 2024 1860 1824 164 141 3802 3156 2789 367 646 358 288
is_linear=0
shrinkage=0.0657714


Tree=243
num_leaves=14
num_cat=0
split_feature=67 17 11 55 25 64 51 67 64 18 42 44 57
split_gain=2.44035 4.638 3.10074 3.51129 3.09036 2.80163 3.32562 3.38755 2.95124 2.78021 2.35013 2.0255 1.47497
threshold=-6398.1068109999969 -4.1751271120407897e-05 0.0024549453908725431 9.9600000000000022e-05 -0.0019862465738411657 -0.020867442383347364 45456.474000000009 -821.67213399999957 0.00013951202583795122 -0.016855431062905431 0.91423195869073626 0.54466058901910708 57834.49700000001
decision_type=2 2 2 2 2 2 2 2 2 2 2 2 2
left_child=1 4 11 -4 9 10 8 -8 -7 -1 -2 -3 -12
right_child=5 2 3 -5 -6 6 7 -9 -10 -11 12 -13 -14
leaf_value=-0.013096004584478935 -0.039827659098162493 0.024585203690281138 -0.023675862298372669 0.040552029410131814 -0.038282583049893362 0.0064022620107213827 -0.0050712709642386621 0.0016134128487768446 0.0558679484414948 0.042704992022779512 0.023592036819096388 0.077159586762330479 -0.022552473077502227
leaf_weight=9.1133353263139707 14.103480339050295 5.3512239754199999 6.6494601219892493 8.2509752064943296 8.6818487495183927 13.527184784412386 454.68207608908415 1176.5038368850946 8.4937036037445051 6.7037176787853268 5.8048744648694974 7.7769369781017303 6.1937626153230667
leaf_count=27 34 19 21 35 26 53 1483 3984 37 28 24 36 19
internal_value=0.000191944 0.0141518 0.0324236 0.0118897 -0.00675253 -0.00024471 9.28503e-05 -0.000249898 0.0254817 0.010554 -0.0216245 0.0557295 -0.000228014
internal_weight=1731.84 52.5275 28.0286 14.9004 24.4989 1679.31 1653.21 1631.19 22.0209 15.8171 26.1021 13.1282 11.9986
internal_count=5826 192 111 56 81 5634 5557 5467 90 55 77 55 43
is_linear=0
shrinkage=0.0657714


Tree=244
num_leaves=7
num_cat=0
split_feature=61 20 33 31 31 33
split_gain=4.74601 4.68171 4.65218 12.931 12.5477 0.100047
threshold=0.00020709000000000002 19.929311592107073 -0.8783796973249266 -1.0000000180025095e-35 -1.0000000180025095e-35 -1.0000000180025095e-35
decision_type=2 2 2 2 2 2
left_child=1 2 3 -1 -4 -3
right_child=-2 5 4 -5 -6 -7
leaf_value=-0.010127659924203071 0.052911724104774675 -0.070592315257375138 0.0050110296824357079 0.015671927593192601 -0.010006627164576261 -0.05276760617065103
leaf_weight=134.69321217387915 7.1864565610885611 2.6742079704999924 462.20793336816132 223.46574758738279 502.15185416117311 2.7764340639114371
leaf_count=366 12 20 2058 417 2929 24
internal_value=-0.000393762 -0.00068223 -0.000431523 0.00596945 -0.00280882 -0.0615128
internal_weight=1335.16 1327.97 1322.52 358.159 964.36 5.45064
internal_count=5826 5814 5770 783 4987 44
is_linear=0
shrinkage=0.0657714


Tree=245
num_leaves=16
num_cat=0
split_feature=7 7 20 13 63 30 30 4 3 60 64 46 1 15 21
split_gain=2.61791 11.4611 10.6861 9.59968 11.7202 7.19919 6.60889 12.5861 9.08398 5.32773 7.01098 5.57508 2.91895 2.42432 2.15735
threshold=0.0032954474003747962 0.0086507999667729835 9.6073465669967444 1.8831579940367731 2662.1319619999954 0.007789875407760531 0.0093134162508500106 0.0084918944256934265 0.012109325006749399 -0.0014120481059557986 0.00083427226295540457 0.0021846623800231522 0.001452529464366567 -0.0018238291319491774 20.913523737903972
decision_type=2 2 2 2 2 2 2 2 2 2 2 2 2 2 2
left_child=6 3 14 4 -2 -4 9 8 -8 10 -1 -11 -9 -5 -3
right_child=1 2 5 13 -6 -7 7 12 -10 11 -12 -13 -14 -15 -16
leaf_value=0.018690981821890964 0.043826897288636604 0.070767237742062825 0.0014453524363518817 0.00047204615368031663 -0.030875525978861028 -0.018447727690663576 0.072271906992115331 -0.062358404769846748 0.014497948477408495 -0.0085356607393461733 -0.0088815585854588371 0.021450050008508116 -0.014656971436206217 -0.05700857865688929 0.020486762204764447
leaf_weight=87.926295790821314 66.86454913020134 10.420541882514955 592.96675173193216 6.4021665900945663 10.51383727788925 90.738521976396441 13.552683711051939 7.5395067557692554 89.65113590285182 608.27540785074234 73.025828182697296 28.059631779789925 21.022259280085564 6.2951223552227003 5.716487690806388
leaf_count=304 226 34 2024 24 27 337 44 19 314 2043 239 82 65 22 22
internal_value=0.000112462 0.00289608 5.38288e-05 0.0249789 0.0336767 -0.00119477 -0.00225428 0.0113912 0.0220848 -0.00450942 0.006181 -0.00721342 -0.0272488 -0.028026 0.0529556
internal_weight=1718.97 789.918 699.842 90.0757 77.3784 683.705 929.053 131.766 103.204 797.287 160.952 636.335 28.5618 12.6973 16.137
internal_count=5826 2716 2417 299 253 2361 3110 442 358 2668 543 2125 84 46 56
is_linear=0
shrinkage=0.0657714


Tree=246
num_leaves=16
num_cat=0
split_feature=35 8 53 52 55 35 5 28 55 22 53 23 60 49 25
split_gain=2.34328 7.64717 6.86644 8.50237 7.07925 5.37235 9.66185 10.102 6.82389 6.04588 5.61193 5.18014 4.55346 5.51785 4.15813
threshold=-0.31224262697027644 0.0011999165298659522 75.500000000000014 0.00016836000000000002 0.00012198500000000002 0.36365448099773406 0.0036727739685193943 49.871156101083251 9.5825000000000012e-05 14.477049453335772 64.500000000000014 -0.0092247068086666589 -0.0015467055507792924 0.00051684486077932577 0.0012506087791339662
decision_type=2 2 2 2 2 2 2 2 2 2 2 2 2 2 2
left_child=1 2 3 -1 -4 9 7 -7 -8 10 -2 -11 14 -14 -3
right_child=5 12 4 -5 -6 6 8 -9 -10 11 -12 -13 13 -15 -16
leaf_value=-0.0014419703232497693 0.072835639149602296 0.028492605738126793 0.076419274928279574 0.059712526281482291 0.0044155623676376803 -0.00061148820990955782 0.0047555440011233328 0.034485792953078222 -0.012701145619973602 0.00059826030186070319 0.0014806357038035785 -0.011996924597388497 0.071804470781807059 0.016194135594539989 -0.046161563285146631
leaf_weight=490.57501414418221 7.9222863018512752 7.8478783369064313 10.465227454900743 10.035789348185061 13.560745060443876 67.074805229902267 252.67464902251959 75.305428057909012 157.09356862306595 235.0399479046464 11.975344225764273 354.01227816939354 15.320118397474291 15.555660128593443 5.481965646147728
leaf_count=1662 34 33 49 42 49 236 872 303 479 784 37 1100 68 62 16
internal_value=0.00018764 0.00364601 0.0014324 -0.000216001 0.0357789 -0.00150668 0.00319169 0.0179516 -0.00193686 -0.00576679 0.0298908 -0.00697127 0.0299173 0.0437872 -0.0022093
internal_weight=1729.94 568.842 524.637 500.611 24.026 1161.1 552.148 142.38 409.768 608.95 19.8976 589.052 44.2056 30.8758 13.3298
internal_count=5826 1981 1802 1704 98 3845 1890 539 1351 1955 71 1884 179 130 49
is_linear=0
shrinkage=0.0657714


Tree=247
num_leaves=12
num_cat=0
split_feature=47 47 46 49 23 68 54 46 34 33 1
split_gain=4.60887 4.90481 13.4592 8.22194 10.4364 7.44745 6.99246 1.9545 0.0438118 0.00119222 0.000128577
threshold=1.1653972509801256 0.94324624576648708 0.0010430952784212715 0.0021081990322921406 -0.0056921832630303917 -0.0049657732095444431 70184.847999995007 0.00016330637922441042 -0.22252093395631442 0.6078576107927941 0.0011233740911498335
decision_type=2 2 2 2 2 2 2 2 2 2 2
left_child=1 3 7 6 -5 -4 -1 -3 -2 10 -10
right_child=8 2 5 4 -6 -7 -8 -9 9 -11 -12
leaf_value=0.00058978405600937931 -0.058510032860138166 0.0073689543457914827 -0.056913376771472901 -0.052767470706987507 0.0014393392950452538 0.035197000158730597 -0.056263743394792086 -0.057002529068449326 -0.047466142998407054 -0.048971197570023516 -0.046632770999877025
leaf_weight=1177.5612263530493 2.3323255330324173 2.5333320200443259 4.0654520578682414 29.476350322365761 32.092249501496553 57.54872390255332 9.4330910556018335 10.487140180543063 1.3237548358738416 2.0645216852426529 2.0274948794394732
leaf_count=5035 13 12 28 174 117 197 82 93 19 22 34
internal_value=-0.000394715 -9.85466e-05 0.0162798 -0.00107759 -0.0245125 0.0291193 0.000137967 -0.0444781 -0.0509735 -0.0477279 -0.046962
internal_weight=1330.95 1323.2 74.6346 1248.56 61.5686 61.6142 1186.99 13.0205 7.7481 5.41577 3.35125
internal_count=5826 5738 330 5408 291 225 5117 105 88 75 53
is_linear=0
shrinkage=0.0657714


Tree=248
num_leaves=13
num_cat=0
split_feature=0 7 36 28 22 15 9 31 7 19 46 47
split_gain=2.56145 4.93529 5.12189 2.95667 7.03745 5.64348 5.35842 5.27443 4.32822 2.59066 1.63344 1.22249
threshold=33.452043005873918 -0.0080217013455365343 -0.60142547255112366 43.263306622728173 21.53863949538356 -0.011480421749510165 0.30182714459499044 0.25000000000000011 -0.10797511215748899 -0.030037265661954967 0.0005053743242806973 0.038045850089847504
decision_type=2 2 2 2 2 2 2 2 2 2 2 2
left_child=1 9 -3 4 10 6 -5 -6 -7 -1 -2 -11
right_child=3 2 -4 5 7 8 -8 -9 -10 11 -12 -13
leaf_value=-0.002241154493396352 -0.013540626900617787 0.053791243185257874 -0.029942589155763661 -0.045022752004436749 0.033184008971912635 0.041156082574610453 0.012130046275204276 -0.0036320844140362994 0.00015352524713971793 -0.029070394431483577 -0.063849094404079446 -0.062108168139261948
leaf_weight=9.0232119932770711 6.325006350874899 7.3328952342271805 5.5532926470041257 22.584416382014751 46.910930916666985 11.217596367001532 10.347769945859907 26.254670731723309 1546.5481932368129 10.115997269749647 4.9979789555072784 9.2985303252935392
leaf_count=30 27 28 16 67 163 42 42 90 5236 35 21 29
internal_value=0.000116945 -0.0160596 0.0177062 0.000515994 0.0125055 -0.000120819 -0.0270645 0.019973 0.000448788 -0.0313602 -0.0357468 -0.0448937
internal_weight=1716.51 41.3239 12.8862 1675.19 84.4886 1590.7 32.9322 73.1656 1557.77 28.4377 11.323 19.4145
internal_count=5826 138 44 5688 301 5387 109 253 5278 94 48 64
is_linear=0
shrinkage=0.0657714


Tree=249
num_leaves=9
num_cat=0
split_feature=30 13 33 59 28 20 50 21
split_gain=2.27712 2.44909 7.61114 11.3592 7.22899 5.53451 5.13773 3.76555
threshold=0.017707340720740272 1.0582036415231799 1.0000000180025095e-35 13.500000000000002 42.322467068339307 19.195480912819949 0.77372534872522769 14.717933479815189
decision_type=2 2 2 2 2 2 2 2
left_child=1 2 4 -4 -1 6 -3 -7
right_child=-2 5 3 -5 -6 7 -8 -9
leaf_value=0.064224777553985493 -0.037408474981711418 -0.0037713877883026755 0.048009991480762779 0.006220869313323365 -0.0027059789718771937 0.017589684189029352 0.012139801923187072 -0.025074709406679007
leaf_weight=7.053451642394065 6.9415249526500693 443.07644353061914 30.40816567838192 376.9371926933527 676.94899478554726 10.324766784906386 109.4807583540678 67.155029579997063
leaf_count=32 22 1452 128 1304 2247 41 404 196
internal_value=0.000186351 0.000337953 0.00222291 0.00934041 -0.00201579 -0.00292716 -0.000618829 -0.0193894
internal_weight=1728.33 1721.38 1091.35 407.345 684.002 630.037 552.557 77.4798
internal_count=5826 5804 3711 1432 2279 2093 1856 237
is_linear=0
shrinkage=0.0657714


Tree=250
num_leaves=13
num_cat=0
split_feature=21 46 21 23 70 36 35 6 9 22 19 22
split_gain=4.57725 5.78169 5.46935 10.1893 8.99457 8.86438 6.56556 6.17323 4.88533 9.69389 4.43938 3.4144
threshold=27.716312128313749 0.0035959066692996399 19.896728371909791 0.045440976601128565 -418.42263600000109 -0.36230506090646503 -0.30291518985321025 0.013038184693447976 1.2046157436492175 16.388900585291264 0.0023517434636797234 28.10019559095727
decision_type=2 2 2 2 2 2 2 2 2 2 2 2
left_child=2 8 3 4 -1 6 -4 -7 10 -10 -2 -5
right_child=1 -3 5 11 -6 7 -8 -9 9 -11 -12 -13
leaf_value=0.007121165528607875 0.0087292279148266129 0.036102628056582653 -0.011668726025944503 -0.055050364103552303 -0.0092633214636766645 0.012915545625979994 0.0063481003517620663 0.095183829835762318 -0.049301667604357863 0.07982322418610148 -0.048093035746615852 0.032706693397632533
leaf_weight=250.34880909696221 7.3249900043010703 7.2414517253637305 104.6206050273031 20.878635367378596 344.23698300123215 8.0404617711901647 534.54885220527649 7.7476680353283873 5.1309137828648073 4.9332898445427418 31.636147025972605 2.1118837073445311
leaf_count=953 36 17 507 201 1690 32 2023 14 61 11 273 8
internal_value=-0.000397124 -0.0187548 0.000414585 -0.00402591 -0.00236468 0.00460164 0.00339907 0.0532868 -0.0268577 0.013993 -0.03741 -0.0469891
internal_weight=1328.8 56.2668 1272.53 617.576 594.586 654.958 639.169 15.7881 49.0253 10.0642 38.9611 22.9905
internal_count=5826 398 5428 2852 2643 2576 2530 46 381 72 309 209
is_linear=0
shrinkage=0.0657714


Tree=251
num_leaves=12
num_cat=0
split_feature=2 10 22 59 21 22 46 20 35 46 24
split_gain=2.54947 7.50474 6.93765 4.01106 3.49671 4.3935 4.27794 3.91726 3.29263 3.06125 0.357261
threshold=27.909469853740777 0.055274863972883476 20.632299928824661 50.500000000000007 12.509877630700613 30.311614389198215 -0.0016495419986900771 17.271860806152485 -1.6274193747519379 -0.0010174685728823738 0.00046155582822693392
decision_type=2 2 2 2 2 2 2 2 2 2 2
left_child=1 2 10 -4 6 8 -2 -8 -6 -7 -1
right_child=4 -3 3 -5 5 9 7 -9 -10 -11 -12
leaf_value=-0.068244964952656917 -0.020149491615863532 0.05121989865079337 0.0066219915274304897 -0.024882947658172092 0.037758417858089428 0.0032047613887412063 0.010844650201853779 0.073725261614854806 0.00058275160708946838 -0.040654403343765549 -0.047121117452117459
leaf_weight=7.5772743821144086 6.3644633367657688 7.7959573343396178 38.110244527459145 32.295440509915352 10.374789841473101 10.823779314756395 8.3833062872290629 8.7681388556957227 1559.2703017126769 18.913678698241711 6.3794543147087097
leaf_count=24 19 27 137 115 41 41 34 30 5280 59 19
internal_value=0.000119893 -0.0105216 -0.0162271 -0.00782948 0.000724181 0.000353991 0.0259019 0.0429904 0.000828469 -0.0246906 -0.0585895
internal_weight=1715.06 92.1584 84.3624 70.4057 1622.9 1599.38 23.5159 17.1514 1569.65 29.7375 13.9567
internal_count=5826 322 295 252 5504 5421 83 64 5321 100 43
is_linear=0
shrinkage=0.0657714


Tree=252
num_leaves=15
num_cat=0
split_feature=3 3 53 48 4 35 53 19 28 12 8 57 30 59
split_gain=2.32967 4.93967 6.7909 5.43387 3.96283 5.40746 4.93369 4.754 4.49978 4.16282 3.74662 3.17121 3.76556 3.33418
threshold=0.0047419809617172933 0.0055242911286131095 52.500000000000007 52.426653371529667 -0.00023165153133797298 0.62137874748267541 53.500000000000007 -0.0071654426403542906 52.31378281420421 0.0015253892336294498 -0.0009679419420094425 68122.606999995012 0.0056849066973147329 82.500000000000014
decision_type=2 2 2 2 2 2 2 2 2 2 2 2 2 2
left_child=4 2 3 -2 7 9 -7 -1 -9 -6 -4 13 -13 -3
right_child=1 11 10 -5 5 6 -8 8 -10 -11 -12 12 -14 -15
leaf_value=-0.035716235161420064 -0.014182296645130085 8.6224794774837271e-05 0.0035405902935616057 0.026567564301197527 -0.0077107556962685867 0.030275617173196497 -0.032574518136430433 0.019558977779534248 -0.044361482534261872 -0.041983074790777966 0.040364549997165905 -0.0015046842951782855 -0.042220073536543924 0.036207288866416457
leaf_weight=10.368311196565626 44.051312051713467 1402.8270990550518 16.75124154984951 20.858438029885292 27.178261980414391 16.327144563198093 8.075237423181532 46.791513122618198 5.3042075335979453 35.170815452933311 41.721099480986595 23.846429646015167 16.712999269366264 11.142370179295538
leaf_count=26 152 4693 53 82 87 63 25 178 15 89 173 90 47 53
internal_value=0.000179696 0.000922523 0.0135577 -0.00108752 -0.00767549 -0.0167706 0.00947725 0.00495605 0.0130508 -0.0270436 0.0298152 -0.000149266 -0.0182819 0.000370866
internal_weight=1727.13 1577.91 123.382 64.9098 149.215 86.7515 24.4024 62.464 52.0957 62.3491 58.4723 1454.53 40.5594 1413.97
internal_count=5826 5343 460 234 483 264 88 219 193 176 226 4883 137 4746
is_linear=0
shrinkage=0.0657714


Tree=253
num_leaves=10
num_cat=0
split_feature=20 13 40 51 10 59 23 59 33
split_gain=4.43322 4.49421 5.10928 6.3176 5.97185 4.95266 5.31649 3.64597 0.0818923
threshold=19.929311592107073 0.27925648081139259 0.011788586998977892 45456.474000000009 0.034617215023155477 40.500000000000007 0.019707110214683746 24.500000000000004 -1.0000000180025095e-35
decision_type=2 2 2 2 2 2 2 2 2
left_child=1 5 3 -3 -4 7 -7 -1 -2
right_child=8 2 4 -5 -6 6 -8 -9 -10
leaf_value=0.0068198539537640416 -0.068918269519276598 -0.052006855891017986 0.049268372031047274 -0.0015992384884478143 0.00090161398487907901 -0.020483564087466641 0.020764561859626381 0.046617018026574558 -0.052512127850875542
leaf_weight=16.608387276530266 2.6037365533411503 10.855461426079271 18.427473749965429 1168.7813913989812 27.557348303496838 26.607551358640194 27.475639794021845 24.870104394853115 2.6614773459732524
leaf_count=45 20 92 47 5312 103 88 57 38 24
internal_value=-0.000393567 -0.00015353 -0.00122467 -0.00206311 0.0202836 0.0135843 0.000471535 0.0306819 -0.0606252
internal_weight=1326.45 1321.18 1225.62 1179.64 45.9848 95.5617 54.0832 41.4785 5.26521
internal_count=5826 5782 5554 5404 150 228 145 83 44
is_linear=0
shrinkage=0.0657714


Tree=254
num_leaves=11
num_cat=0
split_feature=55 7 30 0 55 57 20 49 45 11
split_gain=2.49958 3.61323 5.54916 2.83488 3.76056 4.32534 3.2529 6.08454 4.52357 1.90264
threshold=0.00035252000000000005 0.03200342684078928 0.006452404539222324 33.452043005873918 8.3560000000000006e-05 64935.003000000004 15.059388698599976 0.0013214814093657559 54.210193256043716 -0.008359093423187523
decision_type=2 2 2 2 2 2 2 2 2 2
left_child=3 -2 -3 4 5 -1 7 -5 -8 -6
right_child=1 2 -4 6 9 -7 8 -9 -10 -11
leaf_value=0.019042687227838178 0.060837589231699213 -0.028765011579682521 0.045248530751710134 -0.0056826326201659567 -0.012360326023639201 -0.050954814445280168 0.0055420153695809882 0.016921980054760862 -0.00366124165542869 -0.054584774151390257
leaf_weight=15.715205408632757 7.0154186785221126 9.593415245413782 8.0667880699038488 552.54643142223358 7.5386178866028812 5.0446789264678946 693.57994717359543 56.807852655649185 346.4267028067261 11.909165695309637
leaf_count=64 23 34 32 1921 28 12 2328 179 1173 32
internal_value=0.000123488 0.0209055 0.00504273 -0.000180027 -0.0174352 0.0020332 0.000240616 -0.00357529 0.00247641 -0.0382172
internal_weight=1714.24 24.6756 17.6602 1689.57 40.2077 20.7599 1649.36 609.354 1040.01 19.4478
internal_count=5826 89 66 5737 136 76 5601 2100 3501 60
is_linear=0
shrinkage=0.0657714


Tree=255
num_leaves=15
num_cat=0
split_feature=3 3 56 7 2 8 19 26 23 43 13 66 23 46
split_gain=2.19083 4.46421 6.31589 5.76504 3.80649 3.50961 5.95301 4.70995 4.11562 3.07917 5.88403 4.43911 2.96274 2.21632
threshold=0.0047419809617172933 0.0055242911286131095 48.500000000000007 -0.015494798327225943 38.033513480305167 0.00086081859674036487 0.0034262697541239677 -0.00014397454505660209 0.0047988229919470058 1.5551742545357732 0.5127227407744569 966.12829700000157 0.0053494601094202796 0.00048345054638500979
decision_type=2 2 2 2 2 2 2 2 2 2 2 2 2 2
left_child=5 2 3 -2 -4 6 8 -8 -1 11 -11 -3 -7 -14
right_child=1 9 4 -5 -6 12 7 -9 -10 10 -12 -13 13 -15
leaf_value=-0.0026197578144616898 0.028887720919824854 0.0031446441870792981 0.00078081420910400886 -0.021747671330548182 0.033418798382261347 -0.055816226594856737 0.003554921842257842 0.085097322294612698 -0.038807219626852713 0.047514867324007948 -0.0094871934975724985 -0.0066117653564624615 0.013268217099727564 -0.039999219299336697
leaf_weight=95.779698319733143 13.964160785079001 982.574083507061 21.364534750580788 32.053885981440544 55.912202537059784 10.864843502640726 6.796085998415947 5.5803050845861417 15.844455868005751 8.1387691646814329 209.00058431923389 253.86081451177597 7.7804524451494199 5.9729200154542923
leaf_count=320 55 3345 69 115 221 24 20 25 52 32 678 828 25 17
internal_value=0.000172631 0.00089212 0.0129081 -0.00638238 0.0243954 -0.00746127 -0.00295781 0.040321 -0.00775638 -0.000127093 -0.00735065 0.00114149 -0.0301449 -0.00986517
internal_weight=1725.49 1576.87 123.295 46.018 77.2767 148.619 124.001 12.3764 111.624 1453.57 217.139 1236.43 24.6182 13.7534
internal_count=5826 5343 460 170 290 483 417 45 372 4883 710 4173 66 42
is_linear=0
shrinkage=0.0657714


Tree=256
num_leaves=12
num_cat=0
split_feature=65 55 63 7 7 67 41 64 17 63 34
split_gain=4.36444 4.81139 12.3277 9.11259 14.6751 10.7376 8.12228 2.97405 0.157052 0.110947 0.0290586
threshold=-8.0314999999999993e-05 -1.5354999999999998e-05 3480.4493979999957 -0.021101148513151032 0.0032954474003747962 -1496.5764835000066 0.0013133292635112428 -0.00097184745048167754 -4.340847587624288e-05 -1479.8755030000038 -0.22252093395631442
decision_type=2 2 2 2 2 2 2 2 2 2 2
left_child=7 2 6 5 -5 -3 -2 -1 -4 -9 -11
right_child=1 3 8 4 -6 -7 -8 9 -10 10 -12
leaf_value=0.0065571439649006538 0.0020763240989565049 0.0049520644740884941 -0.069871987870127508 0.011154110779620939 -0.0059165296035551792 -0.023205231015970867 0.031621706944720468 -0.069557495006063536 -0.053198663414402853 -0.057323488263236078 -0.048778608566954734
leaf_weight=4.6157526224851599 96.655959870666265 93.724357843399048 4.9406576082110405 388.10532374680042 496.59046655334532 156.27133486419916 68.973170936107635 2.5406497474759808 4.8358083106577379 3.8480195701122275 3.1155087724328041
leaf_count=18 386 306 25 1421 2453 896 207 18 33 23 40
internal_value=-0.000385924 6.07635e-06 0.0101437 -0.00156105 0.00157215 -0.012649 0.0143799 -0.0367571 -0.0616247 -0.0577928 -0.0535005
internal_weight=1324.22 1310.1 175.406 1134.69 884.696 249.996 165.629 14.1199 9.77647 9.50418 6.96353
internal_count=5826 5727 651 5076 3874 1202 593 99 58 81 63
is_linear=0
shrinkage=0.0657714


Tree=257
num_leaves=10
num_cat=0
split_feature=2 56 20 22 44 2 46 58 15
split_gain=2.42073 4.6221 3.87914 3.58674 3.54469 3.3858 5.39393 3.86356 3.2967
threshold=77.91005081667511 28.500000000000004 17.652822008499665 11.923298292118327 0.9110274739677815 67.257565614275265 0.0021273721129898547 3.4475000000000005e-05 0.0040899971528557963
decision_type=2 2 2 2 2 2 2 2 2
left_child=3 -2 -3 8 -4 7 -7 -5 -1
right_child=1 2 4 5 -6 6 -8 -9 -10
leaf_value=0.055813111931553513 -0.018405855386716685 0.061218019000525828 -0.029948151353859181 -0.0042992528439896619 0.042453770046185363 -0.015489209659634549 0.015088423825604078 0.0027928374908690497 -0.0079240076608154703
leaf_weight=9.3316304236650449 10.605996005237101 11.461571723222734 5.6712551116943342 495.72632957622409 6.0411035865545273 129.51323918439448 30.912224439904094 1007.8518847972155 5.6275359541177741
leaf_count=33 32 38 19 1643 21 461 103 3457 19
internal_value=0.000124463 0.0175568 0.0340158 -0.000226266 0.00739595 -0.000514498 -0.00959724 0.000454591 0.0318356
internal_weight=1712.74 33.7799 23.1739 1678.96 11.7124 1664 160.425 1503.58 14.9592
internal_count=5826 110 78 5716 40 5664 564 5100 52
is_linear=0
shrinkage=0.0657714


Tree=258
num_leaves=15
num_cat=0
split_feature=29 23 30 2 26 4 28 6 8 8 17 47 7 11
split_gain=2.26083 5.1453 7.77382 4.87458 6.02567 3.65227 4.74313 4.3544 6.76822 4.52948 4.18295 3.58364 3.09608 1.98357
threshold=-0.026224552947574472 0.0099218309791662147 0.0063151239870755781 48.640873620885699 -0.00088913980406463134 -0.0061710354592133245 46.617216861274741 -0.007214408693189899 -0.0033536656911904435 -0.0042132380910387393 -0.00014273131617562146 0.27109588490168685 0.030020333795371171 -0.0038491214111883716
decision_type=2 2 2 2 2 2 2 2 2 2 2 2 2 2
left_child=1 3 -3 4 -1 6 10 9 -9 -7 -2 -8 -4 -5
right_child=5 2 12 13 -6 7 11 8 -10 -11 -12 -13 -14 -15
leaf_value=-0.019035991508625592 0.00013269981656921433 -0.034987086313328065 0.093626846848334083 -0.01190318315164195 0.023706842839244218 0.015129382956453828 0.066742203812696799 0.039805249784369418 0.00044373204220500681 -0.016348477531322684 0.04730970592703166 0.018891695756307683 0.022881585123352546 -0.051573371594664331
leaf_weight=45.710947543382645 94.121782451868057 6.0640645176172283 5.3465833812952024 7.8558591455221203 20.741699449717999 23.735271237790585 9.603659972548483 19.172297313809395 1318.4907075613737 118.51006537675858 8.8987520486116392 22.950832344591618 5.3575474619865417 17.822118453681469
leaf_count=119 320 20 24 28 80 94 43 80 4443 371 37 92 22 53
internal_value=0.000172706 -0.00899992 0.0245112 -0.0150991 -0.00569478 0.000791028 0.0111233 -0.000155513 0.00100789 -0.011096 0.00420778 0.0330077 0.058218 -0.0394368
internal_weight=1724.38 108.899 16.7682 92.1306 66.4526 1615.48 135.575 1479.91 1337.66 142.245 103.021 32.5545 10.7041 25.678
internal_count=5826 346 66 280 199 5480 492 4988 4523 465 357 135 46 81
is_linear=0
shrinkage=0.0657714


Tree=259
num_leaves=13
num_cat=0
split_feature=9 40 9 22 6 23 21 0 10 13 45 7
split_gain=4.3967 6.64741 5.9642 7.95439 5.3006 9.82514 9.576 8.63805 8.33292 6.91516 1.00153 0.0648179
threshold=1.038024632078749 0.011241031263094727 1.2046157436492175 16.388900585291264 0.017453330213354826 0.048199842815425782 24.410101070457241 61.637762260164173 0.03109676084502154 0.40691921685166538 59.647903378486141 0.07126346509110916
decision_type=2 2 2 2 2 2 2 2 2 2 2 2
left_child=4 2 11 -4 5 7 -7 -1 10 -10 -6 -2
right_child=1 -3 3 -5 8 6 -8 -9 9 -11 -12 -13
leaf_value=0.00086482382759347132 -0.052600362769027187 0.052193481223597793 -0.050121090466783216 0.060460698049074842 -0.061812510489102378 -0.048935574440191178 0.029889933693726719 -0.053631223850273288 -0.065641236203924175 0.027836908702163828 -0.017532667718878427 -0.064847172142021625
leaf_weight=1147.4352498259395 19.026432070881132 4.4933333322405806 5.5961655732244235 5.6599221490323544 5.2874144539237005 32.235750090330839 8.4052586909383518 12.721785537898539 3.5948976725339881 71.753356356173754 3.7960787937045097 2.0731959380209437
leaf_count=4836 177 8 66 20 26 307 35 101 21 196 18 15
internal_value=-0.000368482 -0.0227685 -0.0331787 0.00548298 0.000273754 -0.000846269 -0.0326331 0.000267243 0.0162028 0.023377 -0.0433075 -0.0538037
internal_weight=1322.08 36.849 32.3557 11.2561 1285.23 1200.8 40.641 1160.16 84.4317 75.3483 9.08349 21.0996
internal_count=5826 286 278 86 5540 5279 342 4937 261 217 44 192
is_linear=0
shrinkage=0.0657714


Tree=260
num_leaves=15
num_cat=0
split_feature=36 7 59 7 51 21 36 7 21 34 7 46 21 29
split_gain=2.33628 6.20458 8.95134 8.87712 5.83185 5.30818 5.20548 5.2775 7.2418 6.0642 4.88872 7.391 5.46187 3.95948
threshold=-1.4306043070013124 0.053125723945290478 73.500000000000014 0.10893301466329565 57134.172500000008 17.378039839444792 -1.2553137842249624 0.053125723945290478 21.387578624501138 0.81174490092936691 0.048712546533039809 -0.00055242604538027144 20.109561544911923 -0.0051152623187022397
decision_type=2 2 2 2 2 2 2 2 2 2 2 2 2 2
left_child=1 2 5 13 -4 -1 10 9 -9 -8 12 -12 -2 -3
right_child=6 3 4 -5 -6 -7 7 8 -10 -11 11 -13 -14 -15
leaf_value=0.015720606892284088 -0.0023771269818497467 0.085683512297278316 0.096749034394029002 -0.02511652524201706 0.015463031878598377 -0.0054783440631599404 -0.00028536362540549975 0.0066926694088709736 -0.033900586717625941 0.01353883522739377 -0.047124694050563555 0.055522770012831874 -0.024729603539202959 0.032228992100250368
leaf_weight=65.901770882308483 93.790221862494946 8.6520838737487811 6.7040322571992865 9.4167328774929029 8.8695006370544416 227.44154765456915 922.55239425599575 33.959537178277969 43.190205186605453 161.26151560246944 4.2770357131957999 10.444733478128908 95.380569078028202 19.514283679425716
leaf_count=234 339 30 22 37 30 753 3092 125 148 572 20 44 310 70
internal_value=0.000110643 0.00493369 0.00186384 0.0301665 0.0504547 -0.000715841 -0.0011138 0.000588422 -0.0160324 0.00177155 -0.0108062 0.0257012 -0.0136473 0.048649
internal_weight=1711.36 346.5 308.917 37.5831 15.5735 293.343 1364.86 1160.96 77.1497 1083.81 203.893 14.7218 189.171 28.1664
internal_count=5826 1176 1039 137 52 987 4650 3937 273 3664 713 64 649 100
is_linear=0
shrinkage=0.0657714


Tree=261
num_leaves=16
num_cat=0
split_feature=65 40 13 29 36 36 53 49 26 6 65 7 49 8 29
split_gain=2.20296 4.91325 3.70735 4.39798 3.18992 4.59837 4.88437 4.41351 3.01554 4.87579 4.2258 2.896 2.78232 2.3018 0.855734
threshold=7.9550000000000077e-06 -0.00051816509558316726 1.1244344731652041 -0.0032664757970231602 -2.0089890908586612 -1.7261477638093339 24.500000000000004 0.00064718853581688873 -0.00088913980406463134 -0.0068429933303770776 2.7355000000000005e-05 0.017397779993730492 -0.00010079769365661346 0.0014342573822007101 0.0055270901241395451
decision_type=2 2 2 2 2 2 2 2 2 2 2 2 2 2 2
left_child=4 8 3 -3 7 6 -6 13 9 -2 -10 -7 -4 -1 -9
right_child=1 2 12 -5 5 11 -8 14 10 -11 -12 -13 -14 -15 -16
leaf_value=-0.013799950221446167 0.0017916971000518575 0.03573562945468247 -0.040688701405193019 -0.0038088126827211647 0.039661456179292974 -0.0020795150733131183 -0.022866939752810869 0.079194975870641504 0.060735041119536932 0.075665685149148357 -0.0010912021975310836 0.004101087255428384 0.0034358051154723128 0.0395432757019058 0.03887465372590039
leaf_weight=11.581565633416181 6.1231693625450161 17.573857992887497 14.51199707388878 39.53804399818182 5.9129272550344458 1017.8949971422553 62.807098910212517 4.6132149845361692 6.178858473896983 10.479304291307924 21.158473119139671 483.83778733760118 10.769575655460356 5.0143734514713278 4.4963106065988541
leaf_count=45 20 75 35 139 24 3380 204 22 27 46 77 1659 33 22 18
internal_value=0.00018837 0.00854903 -0.000923038 0.00835938 -0.000473363 -0.000849537 -0.0174868 0.0225087 0.0263105 0.0484202 0.0128829 -8.82094e-05 -0.0218923 0.00231742 0.0592935
internal_weight=1722.49 126.333 82.3935 57.1119 1596.16 1570.45 68.72 25.7055 43.9398 16.6025 27.3373 1501.73 25.2816 16.5959 9.10953
internal_count=5826 452 282 214 5374 5267 228 107 170 66 104 5039 68 67 40
is_linear=0
shrinkage=0.0657714


Tree=262
num_leaves=14
num_cat=0
split_feature=20 8 22 0 54 20 7 23 12 3 8 63 33
split_gain=4.26745 12.8901 6.7575 7.82756 5.94652 5.71404 8.50735 13.2674 11.8359 8.3681 18.2452 11.709 0.656404
threshold=11.519340462730218 0.0002466925974985435 16.840664215266063 44.656560135572057 46661.77150000001 14.767723205092603 -0.0029827732351216381 0.025659538485937387 0.0017378023971682287 0.0047419809617172933 0.00037165832338803556 98.170834000000553 -0.8783796973249266
decision_type=2 2 2 2 2 2 2 2 2 2 2 2 2
left_child=1 2 -1 -4 -3 9 8 -8 -7 10 -2 -11 -6
right_child=5 4 3 -5 12 6 7 -9 -10 11 -12 -13 -14
leaf_value=-0.070629271620421791 -0.01816238118459965 0.023906642800139159 -0.050907501063178998 0.01651299866846145 -0.07381856918875028 -0.045891234320993519 -0.020083973157352927 0.003187997949756102 0.0065861679767040791 -0.0079724084892729506 0.074269542362565305 0.017505316005617489 -0.051898630669597039
leaf_weight=5.0945883821696034 15.53785954043269 4.3850904069840899 8.5343432128429395 58.592865742743015 8.4012212119996565 19.455774430185556 218.71095196716487 205.58632056601346 418.8896877784282 162.93314263224602 22.784360710531473 149.74957540258765 19.927134223282337
leaf_count=31 80 14 80 216 39 116 1139 931 1639 694 45 584 218
internal_value=-0.000390566 -0.0131154 0.00239893 0.00794137 -0.0473666 0.000709659 -0.00216909 -0.00880792 0.00425698 0.00778457 0.0367927 0.00422935 -0.0583993
internal_weight=1318.58 104.935 72.2218 67.1272 32.7134 1213.65 862.643 424.297 438.345 351.005 38.3222 312.683 28.3284
internal_count=5826 598 327 296 271 5228 3825 2070 1755 1403 125 1278 257
is_linear=0
shrinkage=0.0657714


Tree=263
num_leaves=16
num_cat=0
split_feature=26 21 23 19 6 21 21 19 23 62 59 19 9 19 30
split_gain=2.30604 5.20917 8.15342 6.89698 6.42066 4.78861 5.0129 4.40438 6.22736 6.17153 5.11487 4.66804 5.98448 4.89024 2.83138
threshold=2.673948944242888e-05 17.865942348495974 0.016138314213231201 -0.0031118096092622167 -0.00011947289399266702 18.414427374164465 18.568769620302003 0.0066563036488214164 0.034585517679630813 29.277148000004541 53.500000000000007 0.00098849055430172438 0.56356354959058819 0.00014486158058391044 0.0047565823218572133
decision_type=2 2 2 2 2 2 2 2 2 2 2 2 2 2 2
left_child=7 2 4 -4 -2 14 -7 11 9 -9 -10 13 -13 -1 -3
right_child=1 5 3 -5 -6 6 -8 8 10 -11 -12 12 -14 -15 -16
leaf_value=-0.0034194924754592125 0.0096461878751566282 0.00041949650509592119 0.010806714313664721 0.057433529533346468 -0.02721442803968295 0.045022269110398305 0.00010503741182018984 0.030055194521589057 0.022506871369963492 0.0024831900753695775 -0.03109351288542743 -0.031964716192997074 -0.0051036844338827837 0.023264381605555495 -0.040180964340688699
leaf_weight=482.34871529042721 128.44161806628108 11.766886062920095 28.421390376985073 26.536717414855957 24.311556689441204 10.944924324750898 598.06056727468967 55.477454356849194 10.508674599230288 95.692869547754526 28.829873429611325 56.064922891557217 99.660488784313202 31.660382531583309 20.161752015352249
leaf_count=1624 436 48 110 91 87 37 2048 201 41 310 104 187 335 109 58
internal_value=0.000111493 0.00254404 0.0115958 0.0333206 0.00377961 -0.000389429 0.000912281 -0.00228826 0.00653568 0.0126017 -0.016775 -0.00479826 -0.0147743 -0.0017759 -0.0252182
internal_weight=1708.89 848.645 207.711 54.9581 152.753 640.934 609.005 860.243 190.509 151.17 39.3385 669.735 155.725 514.009 31.9286
internal_count=5826 2915 724 201 523 2191 2085 2911 656 511 145 2255 522 1733 106
is_linear=0
shrinkage=0.0657714


Tree=264
num_leaves=14
num_cat=0
split_feature=67 22 41 43 53 21 36 57 36 13 56 5 14
split_gain=2.19029 3.9679 4.80904 5.14116 3.23866 2.97791 2.52821 7.57101 4.39862 5.42036 2.91746 2.78506 0.820906
threshold=-6398.1068109999969 22.304332890273827 0.0048986907358209439 1.680067762938406 48.500000000000007 19.630853707243837 -1.9822409099590916 55195.910500000005 -1.7261477638093339 1.2633093781833904 74.500000000000014 -0.00068211593050709885 0.0088491239057522774
decision_type=2 2 2 2 2 2 2 2 2 2 2 2 2
left_child=1 4 3 -3 5 -1 7 -2 9 -8 -10 -9 -6
right_child=6 2 -4 -5 12 -7 8 11 10 -11 -12 -13 -14
leaf_value=-0.015198785141623627 -0.045569986678719011 0.033134106765888509 -0.05155802716238414 -0.034165162351429398 0.080619753728136914 0.049604329637517208 -0.026416468190091771 0.0085349802039906882 0.00085349508974114476 0.020276414067913157 -0.010708903011050716 0.050491011031739738 0.042635124378910219
leaf_weight=7.2567652612924594 6.6719090640544882 15.626374527812009 6.657206952571868 7.1604264676570883 5.1699472367763502 5.3137862533330917 53.755995184183121 12.023110523819925 1466.528448484838 13.444557920098303 100.89703775942326 15.888900339603422 4.6975681781768799
leaf_count=24 20 64 15 20 25 22 174 44 4955 51 319 71 22
internal_value=0.000188739 0.0134973 -0.00238091 0.0119863 0.0343334 0.0121946 -0.000224917 0.017373 -0.000597236 -0.0170748 0.00010921 0.0324184 0.0625366
internal_weight=1721.09 51.8821 29.444 22.7868 22.4381 12.5706 1669.21 34.5839 1634.63 67.2006 1567.43 27.912 9.86752
internal_count=5826 192 99 84 93 46 5634 135 5499 225 5274 115 47
is_linear=0
shrinkage=0.0657714


Tree=265
num_leaves=13
num_cat=0
split_feature=21 46 21 23 70 58 35 33 48 22 48 34
split_gain=4.33202 5.24997 4.81649 8.83506 8.20267 6.75824 6.20364 4.62789 6.18382 3.56285 0.0168278 0.0136953
threshold=27.716312128313749 0.0035959066692996399 19.896728371909791 0.045440976601128565 -418.42263600000109 -9.2449999999999984e-05 -0.30291518985321025 -1.0000000180025095e-35 50.907361554108448 28.445728287845508 51.594431922843114 -0.22252093395631442
decision_type=2 2 2 2 2 2 2 2 2 2 2 2
left_child=2 7 3 4 -1 10 -7 8 -2 -5 -4 -9
right_child=1 -3 5 9 -6 6 -8 11 -10 -11 -12 -13
leaf_value=0.0067705702255338313 0.040602032077691044 0.03419487925698133 -0.059237419920321652 -0.053950066436576273 -0.0089330805388800859 -0.0095358197438833066 0.0079394130953251794 -0.052925935843619272 -0.029173605057102387 0.038344839258024226 -0.053057121231551173 -0.048407268279148367
leaf_weight=249.27833551168442 7.9252397529780891 7.0901808850467196 3.072758883237837 19.38339872285724 340.34177495725453 105.0455287527293 537.66593563556671 3.4622089862823513 17.913681503385305 1.9955981150269497 5.0183843299746513 17.916534943506122
leaf_count=953 26 17 17 202 1690 511 2010 26 105 7 38 224
internal_value=-0.000388945 -0.0185776 0.000393893 -0.00379994 -0.00229392 0.00433123 0.00508324 -0.0265019 -0.00777222 -0.0453349 -0.0554042 -0.049139
internal_weight=1316.11 54.3078 1261.8 610.999 589.62 650.803 642.711 47.2177 25.8389 21.379 8.09114 21.3787
internal_count=5826 398 5428 2852 2643 2576 2521 381 131 209 55 250
is_linear=0
shrinkage=0.0657714


Tree=266
num_leaves=15
num_cat=0
split_feature=25 25 9 14 32 18 46 23 28 22 18 30 30 62
split_gain=2.29278 4.49062 3.71449 3.38233 3.1771 4.42527 4.011 2.93605 3.47278 6.88448 4.91379 2.8785 3.35302 1.75974
threshold=-0.0092732478584792149 -0.0055501124716333386 -0.084103234435312216 0.012370419585596081 -0.5 -0.012305838352784258 0.0022846249779518396 -0.0095604240568205028 46.343819426824048 28.701265767587831 0.0019373259947239598 0.0065659259188712337 0.0059446072033747166 484.01352950000199
decision_type=2 2 2 2 2 2 2 2 2 2 2 2 2 2
left_child=7 2 -2 -4 6 -6 -3 8 9 -1 -10 12 -9 -13
right_child=1 4 3 -5 5 -7 -8 11 10 -11 -12 13 -14 -15
leaf_value=0.047900773489877001 0.053535088896048279 -0.0056679424085802335 0.0021405766451946199 0.028701347226027983 -0.013548163775358111 0.0031170159280647387 0.02325177668508803 -0.026158531387022493 -0.054803441922819759 -0.018760956233515844 0.026744213136737461 -0.052270573247328457 0.035572177704337168 -0.0085756191652011787
leaf_weight=13.616765886545183 9.1731951385736448 498.2219365388155 71.723591193556786 29.17697761952877 74.476166963577271 925.2018910292536 21.647613912820816 10.539299234747888 8.8783462271094304 13.197017148137091 4.994661107659339 15.128758296370508 5.9581613615155211 5.413936920464038
leaf_count=50 37 1660 243 111 255 3163 81 39 38 36 20 53 21 19
internal_value=0.00010956 0.00063594 0.013464 0.00982104 -0.000293307 0.00187546 -0.00446371 -0.0109265 0.00127017 0.0150917 -0.0254441 -0.024324 -0.0038641 -0.040755
internal_weight=1707.35 1629.62 110.074 100.901 1519.55 999.678 519.87 77.7269 40.6868 26.8138 13.873 37.0402 16.4975 20.5427
internal_count=5826 5550 391 354 5159 3418 1741 276 144 86 58 132 60 72
is_linear=0
shrinkage=0.0657714


Tree=267
num_leaves=12
num_cat=0
split_feature=10 12 36 44 12 63 21 12 9 53 22
split_gain=2.22406 3.87669 4.87695 4.2259 3.47344 4.75097 3.99691 2.74953 2.61175 4.59703 2.42061
threshold=0.069490121377602729 0.011312535612286515 -1.0154741820961921 0.96009282297259135 0.0089377607060976017 -2473.1788955000061 29.834574583185319 0.0086147596235142711 0.87092771441141137 13.500000000000002 24.078591605477328
decision_type=2 2 2 2 2 2 2 2 2 2 2
left_child=1 4 10 -4 6 -6 -1 -2 9 -9 -3
right_child=7 2 3 -5 5 -7 -8 8 -10 -11 -12
leaf_value=-0.00095133953473074335 -0.012017926193196134 -0.042063974382282501 -0.023009361704409599 0.047851769199033972 0.042657235472644148 0.005426649796449759 0.018797154102536757 -0.0092544563213008812 -0.01343250540087442 0.063656697186414563 0.0041426381427290652
leaf_weight=1498.8473498597741 9.6535260379314405 25.82286657392979 7.2341573387384397 7.3289779722690582 18.31273727118969 77.898078598082066 45.684618175029755 5.3675647601485315 4.7348763793706885 12.34277096390724 6.0543368607759467
leaf_count=5034 36 78 22 33 72 262 170 23 16 57 23
internal_value=0.000183945 -0.000142341 -0.0188819 0.0126519 0.000388071 0.0125131 -0.000367213 0.0173343 0.0299585 0.0415591 -0.0332881
internal_weight=1719.28 1687.18 46.4403 14.5631 1640.74 96.2108 1544.53 32.0987 22.4452 17.7103 31.8772
internal_count=5826 5694 156 55 5538 334 5204 132 96 80 101
is_linear=0
shrinkage=0.0657714


Tree=268
num_leaves=10
num_cat=0
split_feature=51 12 35 40 51 13 2 33 53
split_gain=4.31627 4.2425 6.95598 5.1364 6.19465 5.61803 0.150009 0.0434273 0.00406645
threshold=70983.74950000002 0.013622506467325156 -1.7132362658059759 0.011788586998977892 45456.474000000009 0.517094393051723 36.104051693747017 -1.0000000180025095e-35 54.500000000000007
decision_type=2 2 2 2 2 2 2 2 2
left_child=1 3 -3 4 -1 -5 -4 -2 -9
right_child=7 2 6 5 -6 -7 -8 8 -10
leaf_value=-0.051518472262584748 -0.06093017065676111 0.051880203432715578 -0.071860857020778365 -0.027795636354501892 -5.1694391709512181e-05 0.033686625974150501 -0.052357045709734394 -0.051499418107284041 -0.047418516544632285
leaf_weight=10.200053812935947 2.2798735946416855 3.2794555872678783 2.0245343111455432 7.8506449200212947 1237.2161863716319 35.509092666208744 10.838774837553499 2.3859649375081053 1.8953573852777479
leaf_count=91 16 4 12 34 5430 99 94 21 25
internal_value=-0.000385218 -0.000118074 -0.033627 0.000300997 -0.000472535 0.0225547 -0.0554267 -0.0535975 -0.0496928
internal_weight=1313.48 1306.92 16.1428 1290.78 1247.42 43.3597 12.8633 6.5612 4.28132
internal_count=5826 5764 110 5654 5521 133 106 62 46
is_linear=0
shrinkage=0.0657714


Tree=269
num_leaves=13
num_cat=0
split_feature=42 43 30 71 59 22 25 19 2 13 62 25
split_gain=2.32679 4.36421 3.87297 3.20896 2.52257 3.03111 2.95752 3.50199 3.37615 2.62856 0.862504 0.642261
threshold=0.26608481796280709 0.3943938855853395 0.006280457275428252 1795.9610579999969 8.5000000000000018 16.736216202903432 -0.012299456316872679 -0.034108172595374513 50.28387446010484 0.67932464249149749 47.058928500001805 0.00081532323631838832
decision_type=2 2 2 2 2 2 2 2 2 2 2 2
left_child=1 2 3 -1 5 -2 8 -8 -6 -7 -4 -3
right_child=4 11 10 -5 6 9 7 -9 -10 -11 -12 -13
leaf_value=0.022363193475128648 -0.058649048990313181 -0.054325480807176925 -0.045330636507983704 -0.026755202361475158 -0.027862378536052668 0.025687176592170173 0.035312113563934051 0.0010468030151892546 0.018981127495173427 -0.025980182928562693 -0.01277167472078204 -0.025759282971658311
leaf_weight=23.654302205890421 6.5488373711705234 9.2606766335666162 7.9617212265729886 7.6031291037797919 29.36700727045536 6.8510134443640736 13.009549729526041 1570.0744231268764 8.6062644720077497 11.260624565184115 6.3082682117819786 5.3842419385910025
leaf_count=86 26 34 29 20 100 24 50 5340 35 44 20 18
internal_value=0.000111216 -0.0125922 -0.00254604 0.0104155 0.000575689 -0.0203018 0.000893291 0.00132839 -0.0172458 -0.00643619 -0.0309374 -0.043823
internal_weight=1705.89 60.1723 45.5274 31.2574 1645.72 24.6605 1621.06 1583.08 37.9733 18.1116 14.27 14.6449
internal_count=5826 207 155 106 5619 94 5525 5390 135 68 49 52
is_linear=0
shrinkage=0.0657714


Tree=270
num_leaves=12
num_cat=0
split_feature=69 64 27 36 41 69 48 35 8 35 8
split_gain=2.11567 3.41017 3.63468 4.80231 4.22932 3.37173 4.7543 2.66062 7.41029 6.03268 2.59681
threshold=2.1310000000000004e-05 0.0085334573153286204 0.00015957190235593724 -0.66916193984455663 8.8389123464538435e-05 7.7250000000000014e-06 54.210193256043716 -0.22576160512074558 0.0011999165298659522 0.36365448099773406 -0.0011468793806018172
decision_type=2 2 2 2 2 2 2 2 2 2 2
left_child=5 2 3 -2 -4 7 10 8 -1 -9 -7
right_child=1 -3 4 -5 -6 6 -8 9 -10 -11 -12
leaf_value=0.0016434005189757547 -0.0068870449877290168 0.039657145712526071 -0.0048064272254699338 0.053460446602368109 -0.043957354743990956 0.01187201186884624 -0.014962016563203446 -0.0068150240431352248 0.02782383966589835 0.0034443956151643538 0.066886017391977304
leaf_weight=538.5891222730279 52.170024529099464 6.0096464455127707 23.448740512132645 6.4046359881758681 24.310976609587669 5.9285476803779593 8.3686143606901151 493.59478575736284 51.216060012578964 498.16769041866064 9.9258670359849948
leaf_count=1852 165 25 77 28 73 21 28 1587 206 1721 43
internal_value=0.000181195 -0.00854454 -0.0112687 -0.000288565 -0.0247353 0.000791663 0.0251444 0.00041868 0.00391679 -0.00166166 0.0463143
internal_weight=1718.13 112.344 106.334 58.5747 47.7597 1605.79 24.223 1581.57 589.805 991.762 15.8544
internal_count=5826 368 343 193 150 5458 92 5366 2058 3308 64
is_linear=0
shrinkage=0.0657714


Tree=271
num_leaves=13
num_cat=0
split_feature=13 62 30 11 8 29 2 9 47 29 41 66
split_gain=4.20777 5.04232 7.49439 7.13336 6.95091 12.4588 7.90931 4.70827 9.24338 3.4777 2.33187 1.02128
threshold=0.27925648081139259 -1269.0047384999968 0.0022123701431452278 -0.0033049450951661559 -0.0039728889301794404 -0.019673427430928588 38.149086033630645 0.60389475624733835 0.72374753600658071 0.0051465880072003598 -0.0026666416281496126 -53.385465999997656
decision_type=2 2 2 2 2 2 2 2 2 2 2 2
left_child=7 2 -2 -4 6 -6 -3 9 11 10 -1 -9
right_child=1 4 3 -5 5 -7 -8 8 -10 -11 -12 -13
leaf_value=-0.022305220703175616 0.087497670270888922 -0.0045517229944996443 -0.011527253362081968 0.015003693614535338 0.027040124050869214 -0.0038632868081207479 -0.051991562990164192 -0.032779813513861847 0.026654961231212818 0.043952563045889487 0.017472258062866418 -0.076937528710758735
leaf_weight=7.3958081305026999 5.0138341933488837 36.004338931292295 66.113856103271246 130.11948747932911 60.239266635850072 893.22084457240999 26.313983235508204 3.5432111397385597 11.053441524505613 20.293297484517097 46.205477736890316 6.2841224297881144
leaf_count=22 12 151 344 479 200 4247 163 18 21 34 104 31
internal_value=-0.000377899 -0.0014174 0.00809383 0.00606503 -0.00330178 -0.00191082 -0.0245833 0.0129706 -0.0146068 0.0207632 0.0119838 -0.0610166
internal_weight=1311.8 1217.03 201.247 196.233 1015.78 953.46 62.3183 94.7754 20.8808 73.8946 53.6013 9.82733
internal_count=5826 5596 835 823 4761 4447 314 230 70 160 126 49
is_linear=0
shrinkage=0.0657714


Tree=272
num_leaves=11
num_cat=0
split_feature=55 10 29 55 9 4 56 59 56 17
split_gain=2.27738 3.21465 4.03922 2.85256 8.6356 8.82647 3.48332 12.4743 9.48164 1.32348
threshold=0.00035252000000000005 0.03217468061027421 0.0020568337127233609 0.00014425000000000004 0.4152367524064719 0.0013254580203981849 64.500000000000014 67.500000000000014 62.500000000000007 -0.00027499437003187491
decision_type=2 2 2 2 2 2 2 2 2 2
left_child=3 2 -2 6 9 -6 8 -8 -1 -5
right_child=1 -3 -4 4 5 -7 7 -9 -10 -11
leaf_value=8.8716458634556557e-05 -0.00097938741326072335 -0.01236953955945197 0.06644453750393417 -0.029430324829642373 0.052136547552543017 -0.017094929949776877 0.037794740171342149 0.0011105419775355595 -0.025961222836801946 -0.062372948020783588
leaf_weight=1236.4880838356912 6.6901222169399288 8.5402660444378835 9.0337532907724363 9.4884931445121783 11.653738424181936 25.176012136042118 46.936588630080223 275.25819267332554 63.549145005643368 11.882097270339726
leaf_count=4202 29 31 29 28 43 88 157 957 215 47
internal_value=0.000108178 0.0201141 0.0377573 -0.000180693 -0.0144873 0.00481142 0.000332582 0.00645461 -0.00118467 -0.0477465
internal_weight=1704.7 24.2641 15.7239 1680.43 58.2003 36.8298 1622.23 322.195 1300.04 21.3706
internal_count=5826 89 58 5737 206 131 5531 1114 4417 75
is_linear=0
shrinkage=0.0657714


Tree=273
num_leaves=15
num_cat=0
split_feature=13 22 71 7 13 20 50 67 20 39 22 21 40 39
split_gain=2.13436 5.62246 7.6654 5.63701 5.62528 5.0942 4.60403 4.59543 4.38205 4.0306 3.72442 3.44131 2.77159 2.3521
threshold=1.0582036415231799 24.61700009815166 2032.4374219999975 0.034312538485306472 1.0387874885835366 19.195480912819949 0.77372534872522769 1671.5218934999946 13.213207596675089 0.0058462480790217883 28.961463403485705 19.028555996090546 0.0034867303519559027 -0.0017465265673022865
decision_type=2 2 2 2 2 2 2 2 2 2 2 2 2 2
left_child=1 4 3 -3 8 6 7 -2 -1 -8 12 -4 -7 -6
right_child=5 2 11 -5 13 10 9 -9 -10 -11 -12 -13 -14 -15
leaf_value=0.0081392673348057911 -0.00071026101993782896 0.017175130749894491 0.033515674270030708 -0.028811003173927235 0.010090640714500951 -0.014354846892075904 0.017822342276624024 -0.018953223747478067 -0.002530899400136464 -0.013619531475379356 0.029250826041823892 0.11416464302027163 -0.042538461065265092 0.068706566664593585
leaf_weight=213.54591421037912 371.21571023017168 84.184749498963356 4.5797863453626615 13.361173704266546 5.0181387066841125 48.79698745906353 86.921953409910202 71.186901763081551 755.71707837283611 22.126737803220749 6.4195851534605017 4.5752531662583351 21.854298457503319 7.2253878116607648
leaf_count=772 1244 295 19 43 20 155 325 214 2522 79 26 23 57 32
internal_value=0.000175838 0.00193832 0.0162769 0.0108763 0.00037955 -0.00287568 -0.000662043 -0.00364573 -0.000180071 0.0114426 -0.0187145 0.0738202 -0.0230728 0.0446822
internal_weight=1716.73 1088.21 106.701 97.5459 981.507 628.522 551.451 442.403 969.263 109.049 77.0709 9.15504 70.6513 12.2435
internal_count=5826 3726 380 338 3346 2100 1862 1458 3294 404 238 42 212 52
is_linear=0
shrinkage=0.0657714


Tree=274
num_leaves=9
num_cat=0
split_feature=61 52 55 2 31 61 26 34
split_gain=4.17588 4.95002 8.12574 6.67006 6.59611 6.05137 2.61542 0.238534
threshold=0.00020709000000000002 0.00026110000000000006 0.00014425000000000004 44.191615076128393 0.68301270189221941 -7.1299999999999985e-05 0.0036490584665750396 -0.22252093395631442
decision_type=2 2 2 2 2 2 2 2
left_child=1 2 5 6 -4 -1 -3 -5
right_child=-2 3 4 7 -6 -7 -8 -9
leaf_value=-0.038214135932991673 0.050389955931422127 -0.021315307001325626 0.011151168396353321 -0.065825363456760586 0.07190418776219272 -0.00043186566387509165 0.05664160329843982 -0.048748475584122458
leaf_weight=18.616220680996776 6.9724680520594111 3.6296129208058145 23.519555307924747 7.8146757390350112 11.516154192388056 1226.9096220228821 3.8220783676952124 6.4662484619766447
leaf_count=102 12 37 99 42 26 5417 10 81
internal_value=-0.000374325 -0.000646117 -0.000117864 -0.0317726 0.0311205 -0.000996577 0.0186699 -0.0580931
internal_weight=1309.27 1302.29 1280.56 21.7326 35.0357 1245.53 7.45169 14.2809
internal_count=5826 5814 5644 170 125 5519 47 123
is_linear=0
shrinkage=0.0657714


Tree=275
num_leaves=12
num_cat=0
split_feature=16 63 1 11 42 32 28 64 42 19 37
split_gain=2.22213 5.70319 4.64694 3.49438 6.09737 4.58413 3.41915 3.25006 3.14123 2.94799 2.92498
threshold=-9.4031126988007774 1075.2333589999969 -0.0017817246275211045 -0.0075598119603790251 1.2983519598322644 -0.9330127018922193 40.558901423610308 0.016544389453641898 2.351487105126449 -0.0061993170867224437 -0.013112483594599931
decision_type=2 2 2 2 2 2 2 2 2 2 2
left_child=1 2 -1 4 5 -2 8 -8 -5 -4 -6
right_child=3 -3 9 6 10 -7 7 -9 -10 -11 -12
leaf_value=0.017108665270718221 0.04601582687641137 0.040764061497938354 -0.054785244679625256 -0.035294545564097626 -0.014326609050572217 -0.0057971179370942113 0.0006613002130378909 -0.019809622841413865 0.011968227552345837 -0.011654793496164923 0.046540424188612373
leaf_weight=8.8421088084578496 8.5820551812648755 6.8421209305524817 17.069744691252708 21.824475787580017 3.962869510054591 53.035860918462276 1504.2492508329451 34.31518142297864 8.434140168130396 11.456358164548876 24.718321524560452
leaf_count=36 30 25 57 68 14 169 5145 110 31 50 91
internal_value=0.000110504 -0.0144424 -0.0245507 0.000498293 0.0130797 0.00141931 -0.000225872 0.00020473 -0.0221207 -0.0374636 0.0381304
internal_weight=1703.33 44.2103 37.3682 1659.12 90.2991 61.6179 1568.82 1538.56 30.2586 28.5261 28.6812
internal_count=5826 168 143 5658 304 199 5354 5255 99 107 105
is_linear=0
shrinkage=0.0657714


Tree=276
num_leaves=8
num_cat=0
split_feature=66 67 22 10 44 22 58
split_gain=2.08602 4.39672 4.44593 4.08119 2.42059 5.78014 5.43599
threshold=-7895.7204925000005 -8813.8600840000036 20.965508071659922 0.034468872186364664 0.78204191376876764 14.986362171188398 5.0060000000000005e-05
decision_type=2 2 2 2 2 2 2
left_child=-1 2 -2 -4 5 -3 -6
right_child=1 4 3 -5 6 -7 -8
leaf_value=-0.033562350685896747 0.081510352700576771 0.017178353856595073 -0.022141144241373471 0.049890661584651594 0.0091135145392658018 -0.0039900172873786931 -0.0017498368356378552
leaf_weight=7.89229792356491 5.511495158076289 60.035477757453918 7.2781597971916181 6.3899780958890915 326.49037816375494 790.99897195398808 511.34218551963568
leaf_count=24 29 225 26 27 1158 2596 1741
internal_value=0.000173627 0.00032951 0.0316428 0.0115344 -2.61e-05 -0.00249671 0.00248344
internal_weight=1715.94 1708.05 19.1796 13.6681 1688.87 851.034 837.833
internal_count=5826 5802 82 53 5720 2821 2899
is_linear=0
shrinkage=0.0657714


Tree=277
num_leaves=8
num_cat=0
split_feature=51 57 57 14 9 33 53
split_gain=4.07481 4.54454 4.77231 4.13057 0.130416 0.0377455 0.0034417
threshold=70983.74950000002 71045.745500000019 69243.893000000011 0.0017918518550250977 0.34454323045914531 -1.0000000180025095e-35 54.500000000000007
decision_type=2 2 2 2 2 2 2
left_child=1 2 3 -1 -4 -2 -7
right_child=5 -3 4 -5 -6 6 -8
leaf_value=0.01669484306488651 -0.060047800734953971 0.059919936066535118 -0.070613947954035375 -0.00090626605129804391 -0.050741765663801112 -0.051077021374081072 -0.047237722448427659
leaf_weight=60.51560865342617 2.2081720642745495 5.4333604816347352 2.2266043573617926 1229.6530055711046 3.9861907577142119 2.2840176969766608 1.8108553104102609
leaf_count=183 16 12 13 5512 44 21 25
internal_value=-0.000361451 -0.000106024 -0.000357603 -8.06826e-05 -0.0578638 -0.0531168 -0.0493792
internal_weight=1308.12 1301.81 1296.38 1290.17 6.2128 6.30305 4.09487
internal_count=5826 5764 5752 5695 57 62 46
is_linear=0
shrinkage=0.0657714


Tree=278
num_leaves=13
num_cat=0
split_feature=62 33 67 53 26 31 17 56 23 53 46 31
split_gain=2.19109 7.009 4.54662 3.97607 2.93843 3.84906 3.69697 3.10796 12.9453 9.2898 2.19447 2.04636
threshold=-4118.290728500001 1.0000000180025095e-35 -1711.4423084999992 58.500000000000007 -0.011718247501611044 0.25000000000000011 0.00034845691575447884 64.500000000000014 0.027251004863476872 62.500000000000007 -0.00021319823912517878 -0.6830127018922193
decision_type=2 2 2 2 2 2 2 2 2 2 2 2
left_child=1 2 11 10 5 6 -2 9 -9 -6 -3 -1
right_child=4 3 -4 -5 7 -7 -8 8 -10 -11 -12 -13
leaf_value=-0.053209622899082411 0.0061258090901297737 0.085860625841902266 0.036442000575066864 0.0024549863853300818 -0.0001604779642677954 -0.05732380226363587 -0.055668949869887081 0.016146799927697637 -0.0083081256661690448 -0.026325351853373997 0.031541204720887568 -0.0051403353874937318
leaf_weight=8.0512501075863838 20.415595248341564 7.9030531048774728 6.1870412752032271 6.9737863838672629 1184.751602653414 8.6289281696081144 5.2689881324768058 211.89441549777985 167.78303900547326 61.760643824934959 5.4263672530651101 7.3089138120412835
leaf_count=23 74 26 24 28 4030 36 14 724 594 210 20 23
internal_value=0.000102732 0.0149659 -0.0111618 0.0426945 -0.000271871 -0.0193189 -0.00655089 0.000130032 0.00533994 -0.00145686 0.0637474 -0.0303365
internal_weight=1702.35 41.8504 21.5472 20.3032 1660.5 34.3135 25.6846 1626.19 379.677 1246.51 13.3294 15.3602
internal_count=5826 144 70 74 5682 124 88 5558 1318 4240 46 46
is_linear=0
shrinkage=0.0657714


Tree=279
num_leaves=13
num_cat=0
split_feature=29 44 23 30 8 18 31 18 18 68 28 11
split_gain=2.15158 4.78587 4.95175 6.92873 3.3542 3.1845 7.1617 7.27973 3.49631 6.83072 4.24684 2.95428
threshold=-0.026224552947574472 2.0107621719849509 0.0099218309791662147 0.0063151239870755781 -0.0022521626543617885 -0.010107675520064639 -0.5 -0.02675378961601976 -0.0068422518719127292 0.0022356901716814597 41.493740730411012 -0.0044423258424007841
decision_type=2 2 2 2 2 2 2 2 2 2 2 2
left_child=1 2 4 -4 -1 6 11 -8 9 -7 -10 -2
right_child=5 -3 3 -5 -6 8 7 -9 10 -11 -12 -13
leaf_value=-0.011589866873139416 0.010658130673161303 0.048387485003349828 -0.033569122413085066 0.056629474642420456 -0.043250533966302976 -0.017620327094221906 -0.02546114696914464 0.026821620327922437 0.050631297621807056 0.02919871175948539 0.00046873140213498195 -0.020129666417409878
leaf_weight=67.907701008021832 21.259459942579269 5.9746194928884497 5.9841254353523246 9.5849568843841535 18.39652357250452 98.832507774233818 13.234402373433111 88.959817752242088 7.3414039760828009 15.609166383743284 1325.1270929500461 36.85575844347477
leaf_count=211 81 25 20 41 49 304 38 349 31 63 4505 109
internal_value=0.000168635 -0.00882441 -0.0121798 0.0219608 -0.0183386 0.000772088 0.00956759 0.0200509 -0.000202404 -0.0112345 0.000745108 -0.00886701
internal_weight=1715.07 107.848 101.873 15.5691 86.3042 1607.22 160.309 102.194 1446.91 114.442 1332.47 58.1152
internal_count=5826 346 321 61 260 5480 577 387 4903 367 4536 190
is_linear=0
shrinkage=0.0657714


Tree=280
num_leaves=10
num_cat=0
split_feature=20 20 8 22 54 53 5 29 22
split_gain=4.07262 4.15829 11.8929 6.27771 5.65977 5.27544 9.84305 7.12536 0.0583387
threshold=19.929311592107073 11.519340462730218 0.0002466925974985435 16.840664215266063 46661.77150000001 23.500000000000004 -0.00112328266677969 0.039793199719764923 22.79933478834073
decision_type=2 2 2 2 2 2 2 2 2
left_child=1 2 3 -1 -4 6 -3 -7 -2
right_child=8 5 4 -5 -6 7 -8 -9 -10
leaf_value=-0.069502491286771689 -0.053076688178885771 0.0049376105174999598 0.023140965234095628 0.0073674653252175691 -0.057744523271622251 0.0037190455177640402 -0.023928796880934425 -0.037136448098495721 -0.06733321443021241
leaf_weight=4.9382755719125262 2.7454930655658236 108.64019640721381 4.3430114313960102 66.268899256363511 27.052649603225291 975.0806146543473 96.479411652311683 18.822757102549076 2.2668526023626328
leaf_count=31 25 424 14 296 257 4106 550 104 19
internal_value=-0.000351926 -0.000124063 -0.0128323 0.00203647 -0.0465555 0.000963406 -0.0086399 0.00294532 -0.0595243
internal_weight=1306.64 1301.63 102.603 71.2072 31.3957 1199.02 205.12 993.903 5.01235
internal_count=5826 5782 598 327 271 5184 974 4210 44
is_linear=0
shrinkage=0.0657714


Tree=281
num_leaves=11
num_cat=0
split_feature=59 59 30 53 55 55 67 14 0 33
split_gain=2.1565 3.20738 5.56641 6.66515 4.77497 9.19053 5.22672 4.19471 3.08608 3.08336
threshold=8.5000000000000018 20.500000000000004 0.0057113167741833113 9.5000000000000018 -6.5234999999999981e-05 -5.1559999999999994e-05 -378.11524450000275 0.0060302237098290353 55.527400248364664 0.6078576107927941
decision_type=2 2 2 2 2 2 2 2 2 2
left_child=8 2 3 -2 6 -6 -3 -4 9 -1
right_child=1 4 7 -5 5 -7 -8 -9 -10 -11
leaf_value=0.019022367787948642 -0.025385114365607742 -0.050385506928705408 0.031448872352353212 0.046902498140423181 0.055748594028972039 -0.00038997279666238015 -0.0064605190571440946 -0.0011484922705528467 -0.04998876846651143 -0.043094349615783401
leaf_weight=10.427773177623751 6.9011195898056021 16.615214560180902 19.634966567158699 27.523975402116776 12.727980256080626 1422.6551687866449 39.764661148190498 131.07980685681105 8.9682355150580388 5.1711011677980414
leaf_count=38 24 52 65 102 41 4857 137 453 36 21
internal_value=0.000100278 0.000383692 0.00854873 0.0324112 -0.000629655 0.000107825 -0.0194053 0.00309826 -0.0192451 -0.00156962
internal_weight=1701.47 1676.9 185.14 34.4251 1491.76 1435.38 56.3799 150.715 24.5671 15.5989
internal_count=5826 5731 644 126 5087 4898 189 518 95 59
is_linear=0
shrinkage=0.0657714


Tree=282
num_leaves=8
num_cat=0
split_feature=30 10 12 36 12 25 21
split_gain=2.01653 4.50444 3.61114 4.54759 3.21907 2.52396 2.93873
threshold=0.017707340720740272 0.069490121377602729 0.011312535612286515 -1.0154741820961921 0.010380576309212134 -0.0031850330507827147 21.092795318071129
decision_type=2 2 2 2 2 2 2
left_child=1 2 4 -4 -1 -3 -7
right_child=-2 5 3 -5 -6 6 -8
leaf_value=1.9418260437837924e-05 -0.036343239739468292 0.057340782977308678 -0.032441885036412058 0.012220406026806088 0.023698468085336058 -0.013679655776058614 0.037859405286274656
leaf_weight=1608.529592320323 6.5191187784075728 8.1857557892799395 31.28511056303978 14.402278140187262 25.225133135914803 8.9987924844026583 10.222541131079195
leaf_count=5432 22 38 101 55 100 35 43
internal_value=0.000167189 0.000306636 -0.000124991 -0.0183628 0.000385022 0.0267557 0.0137305
internal_weight=1713.37 1706.85 1679.44 45.6874 1633.75 27.4071 19.2213
internal_count=5826 5804 5688 156 5532 116 78
is_linear=0
shrinkage=0.0657714


Tree=283
num_leaves=12
num_cat=0
split_feature=47 47 7 45 49 23 7 58 62 66 59
split_gain=4.00771 4.43869 9.27261 7.97346 7.1512 9.52297 7.04661 6.4805 0.0164711 0.00277724 0.00108864
threshold=1.1653972509801256 0.94324624576648708 -0.007355754199239172 57.702988875054452 0.0021081990322921406 -0.0056921832630303917 -0.019219019039695803 -6.9919999999999995e-05 3273.3211145 2993.9850365000025 28.500000000000004
decision_type=2 2 2 2 2 2 2 2 2 2 2
left_child=1 4 6 -4 7 -6 -3 -1 9 10 -2
right_child=8 2 3 -5 5 -7 -8 -9 -10 -11 -12
leaf_value=0.021946745865762736 -0.049124144586332207 0.0046790393886366483 0.060314402951103699 -0.022279366529091613 -0.051385842952145294 0.0015070138264026947 0.063092660972395062 -0.0009953596911372012 -0.056468153021824258 -0.050993418285289381 -0.046826129560759155
leaf_weight=55.947145871818066 1.4709769375622266 15.256914831697939 6.0982552506029597 29.590249052271247 27.773210495710373 31.341764621436596 21.554920092225075 1109.641454060562 1.5233174506574867 1.6175148561596868 2.2647466491907835
leaf_count=174 17 66 24 195 174 117 45 4943 17 16 38
internal_value=-0.00035539 -8.99214e-05 0.0157228 -0.0081662 -0.001026 -0.0233429 0.0388827 0.00010584 -0.0504339 -0.0487168 -0.047731
internal_weight=1304.08 1297.2 72.5003 35.6885 1224.7 59.115 36.8118 1165.59 6.87656 5.35324 3.73572
internal_count=5826 5738 330 219 5408 291 111 5117 88 71 55
is_linear=0
shrinkage=0.0657714


Tree=284
num_leaves=16
num_cat=0
split_feature=27 11 42 43 62 30 30 51 60 19 67 66 6 26 62
split_gain=2.13927 3.85294 6.39464 6.15037 6.00065 4.88321 4.23128 3.791 6.71792 5.63221 5.57049 5.85335 5.3998 4.8791 3.67902
threshold=-0.00085220131882601791 -0.0036591105899282379 0.58527336815245923 1.1347751326304556 -201.38608449999762 0.0039773283722170328 0.0038940663230648837 54601.927000000003 -0.0048084647807198335 -0.024391400921230929 1385.9050199999967 3504.1322910000013 0.0097078289274598068 -0.00036671861670523048 -362.59501450000033
decision_type=2 2 2 2 2 2 2 2 2 2 2 2 2 2 2
left_child=1 2 14 4 -3 -5 -4 8 13 -10 12 -12 -9 -2 -1
right_child=7 3 6 5 -6 -7 -8 10 9 -11 11 -13 -14 -15 -16
leaf_value=-0.026973256024494411 -0.028760592291250244 -0.0027847444700385918 -0.013214298074502072 0.0076331748870979372 0.014215346469830317 -0.016733973980003081 0.027273786693331269 -0.0035204636524766653 0.073941523945883977 0.009891739657782863 -0.018426240734499603 0.015244867980979763 0.013550681953678222 0.0069172662287838339 0.033130732043338773
leaf_weight=21.413447603583339 36.073055699467659 183.47402449697256 12.942341819405554 50.323871247470379 175.95982402004302 121.40678261220455 81.346442617475986 519.16372909024358 6.1518007069826117 171.73636585474014 162.78365514241159 25.885268492624164 94.788683794438839 30.686352044343948 5.5467107295989981
leaf_count=74 106 636 53 174 627 382 302 1809 22 592 528 90 315 96 20
internal_value=0.000104138 0.00306047 0.0136395 0.00064559 0.0055376 -0.00959344 0.0217163 -0.00173756 0.00542997 0.0121067 -0.0039223 -0.0138066 -0.000884834 -0.0123611 -0.0146076
internal_weight=1699.68 652.413 121.249 531.165 359.434 171.731 94.2888 1047.27 244.648 177.888 802.621 188.669 613.952 66.7594 26.9602
internal_count=5826 2268 449 1819 1263 556 355 3558 816 614 2742 618 2124 202 94
is_linear=0
shrinkage=0.0657714


Tree=285
num_leaves=11
num_cat=0
split_feature=64 13 33 59 1 20 16 50 12 1
split_gain=2.05157 2.22805 6.06527 11.4005 6.57905 5.52633 4.26774 4.06029 2.19825 1.34564
threshold=-0.020867442383347364 1.118033756609764 1.0000000180025095e-35 14.500000000000002 -0.0027056989970221023 19.195480912819949 -9.8274749879783077 0.3818079248842442 0.0053798831580846784 -5.0469307425256205e-05
decision_type=2 2 2 2 2 2 2 2 2 2
left_child=8 2 4 -4 -2 6 -3 -7 -1 -10
right_child=1 5 3 -5 -6 7 -8 -9 9 -11
leaf_value=0.01161892712742316 0.049364184206994094 0.022680231719233532 0.043972631375360373 0.0051096764361970703 -0.0023830719463160265 0.0072179400213705138 -0.0020526194325581073 -0.029118993351593785 -0.012263395712131576 -0.04705117385619674
leaf_weight=7.8168850392103222 10.794709943234919 32.287905916571617 35.688930250704288 383.86405902355909 689.29960897564888 17.7238729596138 462.34800583869219 53.326055154204369 9.5733775198459679 9.6673310399055428
leaf_count=30 47 119 152 1334 2317 69 1554 150 29 25
internal_value=0.000173992 0.000462449 0.00216227 0.00841552 -0.00158518 -0.00290196 -0.000438155 -0.0200545 -0.0177931 -0.0297422
internal_weight=1712.39 1685.33 1119.65 419.553 700.094 565.686 494.636 71.0499 27.0576 19.2407
internal_count=5826 5742 3850 1486 2364 1892 1673 219 84 54
is_linear=0
shrinkage=0.0657714


Tree=286
num_leaves=12
num_cat=0
split_feature=36 14 26 30 60 64 41 10 44 34 51
split_gain=3.85093 3.96277 5.70578 4.94531 13.3088 8.97733 4.60369 3.72241 3.6775 0.139769 0.000515664
threshold=-2.0369966226838696 0.0017918518550250977 -0.00057152968794621495 0.004887529303280882 -0.002153902148161801 0.0051729641156121895 0.001469586686953295 0.0082851913120186253 0.21576933603363066 -0.22252093395631442 57654.58400000001
decision_type=2 2 2 2 2 2 2 2 2 2 2
left_child=8 2 6 4 -3 -5 -2 -4 -1 -10 -11
right_child=1 3 7 5 -6 -7 -8 -9 9 10 -12
leaf_value=0.035984369460825755 -0.060860988135421894 -0.040376994637656982 -0.0024171180399381324 -0.0008279702605745792 -0.0025353716260319422 0.018160216793283092 0.022708570007863603 0.03820041152673731 -0.063920648935079413 -0.048293196544097673 -0.046776927765586111
leaf_weight=2.3049561250954858 6.6028866693377477 45.33175483904779 13.659455850720404 703.19325274787843 355.44503873959184 127.19161267578602 5.0191823989152908 34.194155924022198 5.2784528359770766 1.8390714209526771 2.053817130625248
leaf_count=7 39 349 61 2846 1924 435 13 64 28 23 37
internal_value=-0.000351699 -1.44166e-05 0.016567 -0.000815442 -0.00681563 0.00208049 -0.0247701 0.0266064 -0.0382829 -0.0569478 -0.0474932
internal_weight=1302.11 1290.64 59.4757 1231.16 400.777 830.385 11.6221 47.8536 11.4763 9.17134 3.89289
internal_count=5826 5731 177 5554 2273 3281 52 125 95 88 60
is_linear=0
shrinkage=0.0657714


Tree=287
num_leaves=16
num_cat=0
split_feature=60 35 47 18 7 61 71 45 35 7 47 30 60 47 22
split_gain=2.21213 4.70435 7.86744 6.73871 6.1829 5.38142 4.97312 3.54411 8.77347 6.2425 10.9007 7.97464 6.196 5.86059 3.25073
threshold=-0.00080632780524553238 0.2121920662772209 0.85311559597121966 -0.00070394083636193805 -0.072213179380191214 -5.9299999999999949e-06 2032.4374219999975 52.134945495497746 0.68588602451003811 -0.004967075451852653 0.5959415660281896 0.0093914349963067235 0.0011853814887510252 0.74530650464143566 18.643644936000666
decision_type=2 2 2 2 2 2 2 2 2 2 2 2 2 2 2
left_child=1 3 4 5 -3 -1 -5 9 12 11 -11 -2 -9 -10 -4
right_child=7 2 14 6 -6 -7 -8 8 13 10 -12 -13 -14 -15 -16
leaf_value=0.045724152168643423 -0.0075121887944390002 -0.038038433925746566 -0.0041750238187085106 -0.02459478158927084 0.025872320587702093 0.0030874954156937342 0.013373005715023025 -0.01647352132235291 -0.01204162662045398 0.0044279833592867244 0.044860950266177473 0.01903866376021739 0.0043316641147985039 0.012836234197853775 -0.056183455554753306
leaf_weight=14.430690787732599 358.20560174062848 6.9729827791452399 29.589421384036541 65.812970098108053 107.47463247179985 113.72289003431797 19.299934208393097 263.69961524754763 57.388762600719929 342.97499292343855 31.492502555251122 56.679116234183311 80.92392797768116 143.11418675631285 6.3069854676723471
leaf_count=48 1240 27 107 189 373 395 61 859 202 1206 111 198 299 490 21
internal_value=9.42291e-05 0.00464201 0.0135522 -0.0016393 0.0219784 0.00788858 -0.0159853 -0.00114492 -0.00522362 0.00167182 0.00782837 -0.00388497 -0.0115881 0.00571559 -0.0133129
internal_weight=1698.09 363.611 150.344 213.266 114.448 128.154 85.1129 1334.48 545.126 789.352 374.467 414.885 344.624 200.503 35.8964
internal_count=5826 1221 528 693 400 443 250 4605 1850 2755 1317 1438 1158 692 128
is_linear=0
shrinkage=0.0657714


Tree=288
num_leaves=15
num_cat=0
split_feature=70 7 59 51 2 70 7 7 22 67 49 2 31 11
split_gain=2.0051 5.91941 9.38905 11.1376 5.69555 4.13344 3.58198 6.47155 9.55699 5.27638 4.7841 3.64743 3.27139 1.62073
threshold=-540.84500999999477 0.031030735381460065 58.500000000000007 54698.45900000001 17.682325049515132 -809.79712849999703 0.0331220005450742 0.017397779993730492 23.772015519340364 -4031.4043530000013 0.00083541532713773915 80.371376057110311 1.0000000180025095e-35 0.0014071509628713621
decision_type=2 2 2 2 2 2 2 2 2 2 2 2 2 2
left_child=1 4 13 -4 -1 -6 7 11 -9 12 -11 -2 -8 -3
right_child=6 2 3 -5 5 -7 9 8 -10 10 -12 -13 -14 -15
leaf_value=0.059644433925887946 0.0013514605050613919 -0.049340434950672481 0.10423949828675348 0.014205711635854453 -0.004017455848413014 -0.01998034336582467 0.0053068010989682146 0.0095039677128787234 0.059726640519149374 -0.012915435652606354 0.0092738627984666703 -0.037133629139462672 0.082702401042229839 -0.0086424813236981538
leaf_weight=5.432913050055503 830.52216947078705 9.6778279989957827 6.5681707113981238 62.512826956808567 267.80605128407478 95.086876384913921 4.9211597889661771 155.21694323420525 18.325786277651787 176.69557662308216 55.152324110269547 10.791504576802252 4.5439180731773376 7.5236297696828833
leaf_count=24 2864 25 32 235 881 275 21 543 79 567 199 35 22 24
internal_value=0.000176022 -0.00356692 0.0119395 0.0227661 -0.0071994 -0.00820013 0.0015306 0.00324322 0.0148074 -0.00567196 -0.00763701 0.000857813 0.0424623 -0.0315398
internal_weight=1710.78 454.608 86.2825 69.081 368.326 362.893 1256.17 1014.86 173.543 241.313 231.848 841.314 9.46508 17.2015
internal_count=5826 1496 316 267 1180 1156 4330 3521 622 809 766 2899 43 49
is_linear=0
shrinkage=0.0657714


Tree=289
num_leaves=8
num_cat=0
split_feature=51 57 57 21 46 67 53
split_gain=3.79356 3.90892 4.4162 4.03457 0.115037 0.0305293 0.00286868
threshold=70983.74950000002 71045.745500000019 69243.893000000011 19.583042861974484 -0.00065323141298563895 -140.81146599999889 54.500000000000007
decision_type=2 2 2 2 2 2 2
left_child=1 2 3 -1 -4 -2 -7
right_child=5 -3 4 -5 -6 6 -8
leaf_value=-0.0043370084340342155 -0.058940635068012143 0.055494245129518047 -0.069000251494616624 0.0031164030763113815 -0.049990496072451741 -0.050639232310203293 -0.047025744385418941
leaf_weight=551.13139958307147 2.1038375943899155 5.4450240638107053 2.1699535399675369 730.68950167112052 3.7688253913074723 2.2401085682213302 1.6507297977805135
leaf_count=2623 16 12 11 3072 46 22 24
internal_value=-0.000357273 -0.000115298 -0.000350431 -8.82639e-05 -0.0569364 -0.0525576 -0.0491062
internal_weight=1299.2 1293.2 1287.76 1281.82 5.93878 5.99468 3.89084
internal_count=5826 5764 5752 5695 57 62 46
is_linear=0
shrinkage=0.0657714


Tree=290
num_leaves=13
num_cat=0
split_feature=42 43 10 53 59 0 33 25 2 7 36 25
split_gain=2.10223 4.15243 3.56502 7.92357 2.19322 2.87481 2.82534 2.55719 3.11453 3.10301 1.04132 0.609559
threshold=0.26608481796280709 0.3943938855853395 0.029889065628505459 65.500000000000014 8.5000000000000018 55.527400248364664 1.0000000180025095e-35 -0.012299456316872679 50.28387446010484 -0.038063336157700571 -1.0498721387420238 0.00081532323631838832
decision_type=2 2 2 2 2 2 2 2 2 2 2 2
left_child=1 2 3 -1 5 6 -2 8 -6 -9 -4 -3
right_child=4 11 10 -5 7 -7 -8 9 -10 -11 -12 -13
leaf_value=-0.0062193653823624257 0.027193300180153701 -0.053846560625075944 -0.012089154999347314 0.077865906608582072 -0.026607021794149588 -0.049275304158042987 -0.029409526715682484 0.0088786540315308297 0.018555135994478469 0.00011801989386892833 -0.048707848983799047 -0.025604497030589791
leaf_weight=25.448197923600677 7.4017439186573046 8.8041610606014711 6.619411364197731 5.988782972097396 28.671731859445572 8.741132300347088 7.8718019053339958 200.37831661850214 8.5831368565559369 1375.4336433336139 6.8209665939211828 5.293748401105403
leaf_count=89 25 34 25 21 100 36 33 663 35 4727 20 18
internal_value=9.6126e-05 -0.0121038 -0.00232205 0.00979898 0.000535624 -0.0191945 -0.00197912 0.000829358 -0.0162021 0.00123201 -0.0306731 -0.0432417
internal_weight=1696.06 58.9753 44.8774 31.437 1637.08 24.0147 15.2735 1613.07 37.2549 1575.81 13.4404 14.0979
internal_count=5826 207 155 110 5619 94 58 5525 135 5390 45 52
is_linear=0
shrinkage=0.0657714


Tree=291
num_leaves=11
num_cat=0
split_feature=29 44 23 30 2 20 66 6 33 56
split_gain=2.04651 4.34427 4.47797 6.35266 3.41229 2.82814 2.92988 3.74126 3.63144 1.41455
threshold=-0.026224552947574472 2.0107621719849509 0.0099218309791662147 0.0063151239870755781 48.640873620885699 19.929311592107073 882.0296860000044 0.0078743493530506487 1.0000000180025095e-35 52.500000000000007
decision_type=2 2 2 2 2 2 2 2 2 2
left_child=1 2 4 -4 -1 6 8 -8 -2 -7
right_child=5 -3 3 -5 -6 9 7 -9 -10 -11
leaf_value=-0.0095239730393942949 -0.00057291649190618161 0.045567976077890565 -0.032727598946981129 0.053889703822658799 -0.038712714990552587 0.060966739901546579 -0.011156050412426836 0.0027573359692099429 0.0068578758547632743 0.010910707499771619
leaf_weight=61.294434383511543 819.14623559266329 6.0356147885322562 5.9426880031824103 9.5477339774370176 24.152650080621243 4.9045134335756284 185.72512143105268 152.04790918529034 435.89032430946827 4.8644235879182816
leaf_count=181 2782 25 20 41 79 21 598 530 1530 19
internal_value=0.000172933 -0.00863503 -0.0118761 0.0206602 -0.0177745 0.00076087 0.000544489 -0.00489297 0.00200789 0.0360414
internal_weight=1709.55 106.973 100.938 15.4904 85.4471 1602.58 1592.81 337.773 1255.04 9.76894
internal_count=5826 346 321 61 260 5480 5440 1128 4312 40
is_linear=0
shrinkage=0.0657714


Tree=292
num_leaves=13
num_cat=0
split_feature=65 58 47 41 36 21 34 6 40 2 25 34
split_gain=4.085 13.0982 5.08438 5.03886 4.91326 4.978 6.60919 6.27083 4.12801 3.10973 1.04311 0.120975
threshold=1.2305e-05 -5.1914999999999993e-05 0.23637217575547168 0.011788586998977892 -2.0369966226838696 27.264881769986548 -0.56174490092936669 0.016263769050132718 -0.00069794534058914548 57.333953885568299 -0.0022494156566869035 -0.22252093395631442
decision_type=2 2 2 2 2 2 2 2 2 2 2 2
left_child=4 2 -2 8 10 7 -7 -6 -3 -4 -1 -12
right_child=1 3 9 -5 5 6 -8 -9 -10 -11 11 -13
leaf_value=-0.0066060470234078151 0.066883909822281359 -0.060860927934541467 -0.031850064030734135 0.029962260180296511 0.00058950290568529097 0.0045042000916782491 -0.041554714810715938 0.019549269877739837 -0.023268935456495953 0.03041711781602275 -0.064691686376330465 -0.047476966389398488
leaf_weight=2.2231444334611297 9.0675764754414576 18.158672260120511 6.0561999417841426 5.7116855457425109 1064.3165089990944 26.963084287941456 26.945090785622597 81.221530713140965 41.551963675767183 8.1235397085547429 4.5206976402550936 2.8979080170392972
leaf_count=18 11 126 30 12 4663 93 314 242 228 21 23 45
internal_value=-0.000360576 -0.0139869 0.0284196 -0.0290557 0.00063872 0.00101463 -0.0185176 0.0019338 -0.0347011 0.00382266 -0.0461246 -0.0579672
internal_weight=1297.76 88.6696 23.2473 65.4223 1209.09 1199.45 53.9082 1145.54 59.7106 14.1797 9.64175 7.41861
internal_count=5826 428 62 366 5398 5312 407 4905 354 51 86 68
is_linear=0
shrinkage=0.0657714


Tree=293
num_leaves=10
num_cat=0
split_feature=6 29 36 30 29 55 70 20 26
split_gain=2.1281 3.17072 4.86244 3.68651 3.2058 2.6852 2.19867 1.75196 0.68896
threshold=0.031153474626839598 0.039793199719764923 -1.1857939004709135 0.016684106502102534 0.0087873474531929858 2.6120000000000004e-05 1113.8308364999991 16.353141443692895 0.0057673973658776143
decision_type=2 2 2 2 2 2 2 2 2
left_child=1 3 7 4 -1 -2 -4 -3 -7
right_child=5 2 6 -5 -6 8 -8 -9 -10
leaf_value=0.0019528124190061407 0.011482133289291404 -0.030625088985153273 0.027155771137190362 -0.041637287470819517 -0.0045610593046088556 -0.059513023793690084 0.075616624493493351 0.013377909888808029 -0.025490572202282683
leaf_weight=1183.8228922449052 6.0074808597564724 7.1175797954201689 12.0276225656271 9.1820744276046735 451.48612073436379 5.5712582785636169 6.1060007661581031 8.6965535655617696 4.7871321775019169
leaf_count=4062 18 24 47 29 1544 28 20 34 20
internal_value=0.000101665 0.000331804 0.0202281 -7.89227e-05 0.000154423 -0.0235008 0.0434736 -0.00642683 -0.0437895
internal_weight=1694.8 1678.44 33.9478 1644.49 1635.31 16.3659 18.1336 15.8141 10.3584
internal_count=5826 5760 125 5635 5606 66 67 58 48
is_linear=0
shrinkage=0.0657714


end of trees

feature_importances:
Column_7=187
Column_33=146
Column_30=120
Column_36=113
Column_34=112
Column_23=109
Column_21=103
Column_20=99
Column_22=98
Column_12=93
Column_10=84
Column_6=83
Column_53=83
Column_3=79
Column_59=77
Column_31=73
Column_29=72
Column_58=69
Column_2=66
Column_13=66
Column_35=66
Column_56=63
Column_28=59
Column_66=57
Column_67=57
Column_0=51
Column_44=51
Column_1=50
Column_9=48
Column_49=47
Column_55=45
Column_8=43
Column_51=41
Column_57=41
Column_5=40
Column_47=40
Column_70=40
Column_52=39
Column_42=37
Column_46=36
Column_25=35
Column_62=35
Column_63=35
Column_17=34
Column_60=34
Column_14=33
Column_4=32
Column_40=29
Column_71=29
Column_19=28
Column_64=25
Column_27=24
Column_68=24
Column_26=23
Column_65=23
Column_11=22
Column_18=22
Column_48=22
Column_41=21
Column_43=21
Column_45=19
Column_16=18
Column_54=17
Column_50=16
Column_61=13
Column_32=11
Column_69=9
Column_38=8
Column_15=6
Column_37=5
Column_24=4
Column_39=3

parameters:
[boosting: gbdt]
[objective: multiclass]
[metric: multi_logloss]
[tree_learner: serial]
[device_type: cpu]
[data_sample_strategy: bagging]
[data: ]
[valid: ]
[num_iterations: 98]
[learning_rate: 0.0657714]
[num_leaves: 31]
[num_threads: 8]
[seed: 0]
[deterministic: 0]
[force_col_wise: 0]
[force_row_wise: 0]
[histogram_pool_size: -1]
[max_depth: 4]
[min_data_in_leaf: 20]
[min_sum_hessian_in_leaf: 0.001]
[bagging_fraction: 0.716441]
[pos_bagging_fraction: 1]
[neg_bagging_fraction: 1]
[bagging_freq: 0]
[bagging_seed: 3]
[bagging_by_query: 0]
[feature_fraction: 0.729759]
[feature_fraction_bynode: 1]
[feature_fraction_seed: 2]
[extra_trees: 0]
[extra_seed: 6]
[early_stopping_round: 0]
[early_stopping_min_delta: 0]
[first_metric_only: 0]
[max_delta_step: 0]
[lambda_l1: 0]
[lambda_l2: 0]
[linear_lambda: 0]
[min_gain_to_split: 0]
[drop_rate: 0.1]
[max_drop: 50]
[skip_drop: 0.5]
[xgboost_dart_mode: 0]
[uniform_drop: 0]
[drop_seed: 4]
[top_rate: 0.2]
[other_rate: 0.1]
[min_data_per_group: 100]
[max_cat_threshold: 32]
[cat_l2: 10]
[cat_smooth: 10]
[max_cat_to_onehot: 4]
[top_k: 20]
[monotone_constraints: ]
[monotone_constraints_method: basic]
[monotone_penalty: 0]
[feature_contri: ]
[forcedsplits_filename: ]
[refit_decay_rate: 0.9]
[cegb_tradeoff: 1]
[cegb_penalty_split: 0]
[cegb_penalty_feature_lazy: ]
[cegb_penalty_feature_coupled: ]
[path_smooth: 0]
[interaction_constraints: ]
[verbosity: 1]
[saved_feature_importance_type: 0]
[use_quantized_grad: 0]
[num_grad_quant_bins: 4]
[quant_train_renew_leaf: 0]
[stochastic_rounding: 1]
[linear_tree: 0]
[max_bin: 255]
[max_bin_by_feature: ]
[min_data_in_bin: 3]
[bin_construct_sample_cnt: 200000]
[data_random_seed: 1]
[is_enable_sparse: 1]
[enable_bundle: 1]
[use_missing: 1]
[zero_as_missing: 0]
[feature_pre_filter: 1]
[pre_partition: 0]
[two_round: 0]
[header: 0]
[label_column: ]
[weight_column: ]
[group_column: ]
[ignore_column: ]
[categorical_feature: ]
[forcedbins_filename: ]
[precise_float_parser: 0]
[parser_config_file: ]
[objective_seed: 5]
[num_class: 3]
[is_unbalance: 0]
[scale_pos_weight: 1]
[sigmoid: 1]
[boost_from_average: 1]
[reg_sqrt: 0]
[alpha: 0.9]
[fair_c: 1]
[poisson_max_delta_step: 0.7]
[tweedie_variance_power: 1.5]
[lambdarank_truncation_level: 30]
[lambdarank_norm: 1]
[label_gain: ]
[lambdarank_position_bias_regularization: 0]
[eval_at: ]
[multi_error_top_k: 1]
[auc_mu_weights: ]
[num_machines: 1]
[local_listen_port: 12400]
[time_out: 120]
[machine_list_filename: ]
[machines: ]
[gpu_platform_id: -1]
[gpu_device_id: -1]
[gpu_use_dp: 0]
[num_gpu: 1]

end of parameters

pandas_categorical:null
