tree
version=v4
num_class=3
num_tree_per_iteration=3
label_index=0
max_feature_idx=19
objective=multiclass num_class:3
feature_names=Column_0 Column_1 Column_2 Column_3 Column_4 Column_5 Column_6 Column_7 Column_8 Column_9 Column_10 Column_11 Column_12 Column_13 Column_14 Column_15 Column_16 Column_17 Column_18 Column_19
feature_infos=[-0.00043782999273389578:9.9999997473787516e-05] [-413169.9375:0.10143632441759109] [8:50] [-416526.78125:0.11216942965984344] [0.001664605108089745:0.16450788080692291] [0.00046639505308121443:0.014650303870439529] [-0.00043782999273389578:9.9999997473787516e-05] [-0.15985724329948425:0.11717919260263443] [8:50] [-0.90096884965896606:1] [-0.034409038722515106:0.028199421241879463] [-1:1] [0.90640240907669067:95.204086303710938] [-416526.78125:0.11216942965984344] [-0.97492790222167969:0.97492790222167969] [-1:1] [0.00046010091318748891:0.01272989995777607] [-0.053982332348823547:0.046212982386350632] [24.000123977661133:74.560661315917969] [0.00086156255565583706:0.019263381138443947]
tree_sizes=1719 1838 1829 1875 1860 1880 1899 1894 1892 1897 1782 1895 1901 1897 1893 1907 1895 1877 1900 1905 1879 1881 1780 1894 1901 1784 1897 1899 1776 1892 1897 1898 1882 1906 1791 1787 1890 1899 1899 1690 1907 1902 1887 1895 1896 1676 1893 1682 1909 1901 1860 1879 1877 1683 1907 1797 1900 1792 1911 1879 1878 1894 1887 1902 1675 1892 1778 1324 1668 1867 1913 1890 1887 1683 1777 1675 1767 1793 1902 1651 1801 1772 1342 1897 1667 1560 1675 1908 1778 1889 1878 1415 1892 1659 1548 1859 1904 1887 1862 1909 1897 1883 1679 1395 1888 1914 1785 1567 1892 1909 1790 1906 1445 1677 1833 1453 1860 1873 1315 1793 1749 1897 1790 1873 1560 1568 1554 1562 1785 1856 1503 1900 1771 1560 1900 1871 1428 1904 1913 1432 1800 1445 1903 1893 1666 1781 1875 1564 1876 1681 1664 1633 1674 1902 1900 1896 1459 1446 1795 1651 1338 1914 1770 1761 1775 1768 1875 1244 1792 1777 1137 1750 1445 1764 1643 1875 1130 1527 1895 1675 1883 1777 1893 1664 1520 1127

Tree=0
num_leaves=15
num_cat=0
split_feature=0 19 9 0 7 13 7 11 19 4 19 7 13 4
split_gain=1182.7 1218.21 1285.22 911.116 528.516 674.115 423.087 311.369 531.915 309.656 260.498 243.192 256.739 188.703
threshold=3.77750002371613e-05 0.0032309092348441486 0.81174489855766307 9.446499825571665e-05 0.031393300741910941 0.054182557389140136 0.0018460839055478575 0.37940952181816107 0.0019840473541989927 0.0095867589116096514 0.0029829050181433563 0.043197073042392738 -0.010262030642479656 0.0095867589116096514
decision_type=2 2 2 2 2 2 2 2 2 2 2 2 2 2
left_child=7 2 6 -4 9 -6 -2 11 13 -3 -10 12 -1 -9
right_child=1 4 3 -5 5 -7 -8 8 10 -11 -12 -13 -14 -15
leaf_value=-1.0920969635312092 -1.1167397597686373 -1.0739485445806829 -1.0500221926069453 -1.088560414210755 -1.0688612489623459 -1.1251876385508486 -1.08746795777743 -1.0484932185420963 -1.0958954171768067 -1.1151327106717173 -1.1238551588648436 -1.0284561179792109 -1.1196951357595915 -1.1265695393325321
leaf_weight=481.24028312262817 1041.7259483426024 251.22866578655248 1964.573243277154 1316.1566047791637 926.13741285791366 384.37757661599608 1608.8616152693357 302.24669517783263 1052.1515793212577 3193.3679661825608 714.46386028323445 40.10859858740605 3953.7088414116033 44.65111830741057
leaf_count=871 1649 385 541 347 1043 166 2198 803 3497 6311 9976 342 23527 169
internal_value=-1.09861 -1.09126 -1.08044 -1.06547 -1.10475 -1.08542 -1.09895 -1.11054 -1.09919 -1.11211 -1.10717 -1.11588 -1.11669 -1.0587
internal_weight=17275 10686.4 5931.32 3280.73 4755.11 1310.51 2650.59 6588.57 2113.51 3444.6 1766.62 4475.06 4434.95 346.898
internal_count=51825 12640 4735 888 7905 1209 3847 39185 14445 6696 13473 24740 24398 972
is_linear=0
shrinkage=1


Tree=1
num_leaves=16
num_cat=0
split_feature=16 15 7 15 7 10 3 7 3 7 16 15 10 16 15
split_gain=1120.32 482.107 365.638 351.48 273.523 271.047 179.766 157.611 163.064 162.941 178.8 158.394 140.733 92.3306 51.9531
threshold=0.0021821755217388277 0.78656607866287243 -0.0034264907008036967 -0.91597560048103321 -0.010371554642915724 0.00018801349506247791 0.031757157295942313 -0.011573998257517813 -0.0022690709447488184 0.013479183427989485 0.0014834718895144763 -0.91597560048103321 -0.0014375234022736547 0.0022708023898303513 0.78656607866287243
decision_type=2 2 2 2 2 2 2 2 2 2 2 2 2 2 2
left_child=7 3 4 6 -3 -5 -2 8 14 11 -11 -9 -10 -4 -1
right_child=1 2 13 5 -6 -7 -8 9 12 10 -12 -13 -14 -15 -16
leaf_value=-1.0980639522000291 -1.1273614708630908 -1.0963616875400031 -1.0791300676376419 -1.0951717067169018 -1.0276902654393911 -1.0757203873525896 -1.080796430713785 -1.0966719278462527 -1.1094138069524291 -1.0640300676026304 -1.1021223238647444 -1.1111591918477455 -1.0601969517187877 -1.118618449042053 -1.1221165895235674
leaf_weight=467.12091426174993 325.32281030420927 224.94345868358079 80.296155080063954 1203.0722425181584 112.23319836277796 3962.7092783285252 156.06203830856975 1108.3251741041495 100.84245054999172 208.93764074971011 637.28418895157586 7219.8208510198547 267.72596707083341 1049.5375886892386 150.76605233966256
leaf_count=783 3592 2257 150 13680 546 9523 80 1466 2172 584 1927 9993 1877 3016 179
internal_value=-1.09861 -1.08772 -1.10597 -1.08297 -1.07334 -1.08024 -1.11215 -1.10624 -1.09268 -1.1077 -1.09278 -1.10922 -1.07381 -1.11576 -1.10384
internal_weight=17275 7114.18 1467.01 5647.17 337.177 5165.78 481.385 10160.8 986.455 9174.37 846.222 8328.15 368.568 1129.83 617.887
internal_count=51825 32844 5969 26875 2803 23203 3672 18981 5011 13970 2511 11459 4049 3166 962
is_linear=0
shrinkage=1


Tree=2
num_leaves=16
num_cat=0
split_feature=0 11 8 15 11 4 15 17 3 2 10 10 10 14 3
split_gain=1484.83 922.444 847.595 1590.04 541.202 440.048 358.125 542.937 469.402 311.145 272.852 241.977 59.9505 47.2545 32.4062
threshold=3.3859998438856571e-05 0.91597560048103344 27.500000000000004 -0.37940952181816096 -0.6035533845424651 0.011894364841282369 -0.6035533845424651 -0.0015515355044044552 0.0038998605450615291 28.500000000000004 0.0089085032232105749 0.0024272036971524362 0.00065434243879280995 0.6078576147556306 -0.011187543626874684
decision_type=2 2 2 2 2 2 2 2 2 2 2 2 2 2 2
left_child=1 6 4 10 11 -6 7 -1 -8 -5 -4 -2 13 -3 -14
right_child=2 12 3 9 5 -7 8 -9 -10 -11 -12 -13 14 -15 -16
leaf_value=-1.0618566211438627 -1.0651644795964237 -1.0659437558305471 -1.0766997859028253 -1.1286792333119662 -1.1164553794470928 -1.0918311496756805 -1.066178274326228 -1.1029289315008877 -1.0940341048573818 -1.0911020281003683 -1.1301676308048558 -1.1215687731143373 -1.0651350284529566 -1.119412080501397 -1.1326088461539481
leaf_weight=552.1699956756031 848.60603688852586 33.167038597208446 1224.3765648550927 4218.5504017169269 1549.2735388078108 2319.3932235308739 2685.1875698274948 1619.3706311679546 1095.8540026457649 299.91009577318982 134.97470280528319 108.81671837889519 8.4349858760833722 58.153598151008097 518.76090462493596
leaf_count=4941 1702 2360 1599 1355 2009 4097 20638 7374 769 1558 30 918 3 622 1850
internal_value=-1.09861 -1.08522 -1.10683 -1.11596 -1.09573 -1.10168 -1.08089 -1.09251 -1.07424 -1.12617 -1.08205 -1.07163 -1.12678 -1.09938 -1.13142
internal_weight=17275 6571.1 10703.9 5877.81 4826.09 3868.67 5952.58 2171.54 3781.04 4518.46 1359.35 957.423 618.517 91.3206 527.196
internal_count=51825 38557 13268 4542 8726 6106 33722 12315 21407 2913 1629 2620 4835 2982 1853
is_linear=0
shrinkage=1


Tree=3
num_leaves=16
num_cat=0
split_feature=6 19 9 6 4 19 3 11 18 10 12 2 9 12 2
split_gain=1069.22 1109.08 1313.8 740.104 333.179 386.275 320.886 320.002 298.414 660.959 787.57 347.005 297.777 76.7368 63.597
threshold=3.4885000786744065e-05 0.0032309092348441486 0.81174489855766307 9.446499825571665e-05 0.036518322303891189 0.0071274864021688708 -1.0000000180025095e-35 -0.6035533845424651 37.449151992797859 -0.0020817393669858571 62.25172424316407 28.500000000000004 -0.56174489110708226 52.928709030151374 29.500000000000004
decision_type=2 2 2 2 2 2 2 2 2 2 2 2 2 2 2
left_child=8 2 7 -4 6 -6 -3 -2 11 14 -11 12 -1 -13 -10
right_child=1 4 3 -5 5 -7 -8 -9 9 10 -12 13 -14 -15 -16
leaf_value=0.0075492825401846002 -0.023205308822454526 0.0019405848274521727 0.045715023806952838 0.011219535591478012 0.031094453955752232 -0.010789978668683649 -0.020032815938038934 0.0055348465462484557 -0.032962521311212828 0.028420076357872373 -0.02805696432421792 -0.0015738035399708917 -0.024087507973623148 0.025400129373321808 0.015519940768428104
leaf_weight=426.07953097111567 661.23161669638785 1394.9184930940264 2023.5521514971713 1321.8519411399832 584.84760400224116 541.91878499070333 2165.8776382196302 1983.5748085774035 634.19287256129587 1103.9032991476292 442.29954836665297 311.2792858728169 3406.3127941801858 233.84728406212639 35.03061107716303
leaf_count=4977 1024 1202 565 345 859 768 5338 2950 5769 5989 921 5762 13354 654 1348
internal_value=0 0.00699443 0.0171994 0.0321018 -0.00603455 0.0109005 -0.0114092 -0.0016294 -0.011334 -0.000605588 0.0122282 -0.0167508 -0.0205556 0.00989491 -0.0303408
internal_weight=17270.7 10677.8 5990.21 3345.4 4687.56 1126.77 3560.8 2644.81 6592.95 2215.43 1546.2 4377.52 3832.39 545.127 669.223
internal_count=51825 13051 4884 910 8167 1627 6540 3974 38774 14027 6910 24747 18331 6416 7117
is_linear=0
shrinkage=0.0357863


Tree=4
num_leaves=16
num_cat=0
split_feature=19 11 11 3 10 11 10 6 2 6 17 6 3 3 17
split_gain=928.484 365.102 334.084 426.72 271.105 270.428 250.87 271.654 210.045 186.832 173.087 169.972 82.9904 68.6361 56.8509
threshold=0.0032472477760165934 0.91597560048103344 -0.6035533845424651 0.030414562672376636 0.01202233135700226 -0.98296290636062611 0.0032447876874357466 2.3799999553375532e-06 27.500000000000004 -6.1554997955681743e-05 -0.0022528095869347449 4.4129999878350652e-05 -0.024908191524446007 0.0019426728249527516 0.0052965823560953149
decision_type=2 2 2 2 2 2 2 2 2 2 2 2 2 2 2
left_child=5 2 3 -2 -4 8 9 -8 14 -7 12 -12 -3 -10 -1
right_child=1 10 4 -5 -6 6 7 -9 13 -11 11 -13 -14 -15 -16
leaf_value=-0.0058501977937264636 0.010863070155930148 0 -0.0022782221615112678 0.053612574522804032 0.069557825281274674 0.012332719109126502 -0.0057912048356061714 0.053850479666564151 0.069129386561831888 -0.010260950851692962 0.0467254406518407 0.0071365178806572713 0.067974016469245974 -0.011779831033084854 0.066839857592148763
leaf_weight=159.72789782075495 2607.6044481570812 24.435345155819959 3229.5450118282652 338.99128850020315 68.68429831547337 492.17684408726382 223.82483162964002 171.71265824326963 118.18660474557794 9021.7640530057506 228.18836382469954 365.53068711061337 192.70054997993452 13.84191918093711 15.063721323720527
leaf_count=390 11256 84 17940 196 231 1286 346 200 262 15645 2021 599 1333 25 11
internal_value=0 0.00998713 0.0070423 0.0158004 -0.000765083 -0.00689234 -0.00792119 0.0199598 0.0261535 -0.00908623 0.0325975 0.0224469 0.0600922 0.0602224 9.72207e-05
internal_weight=17272 7055.68 6244.83 2946.6 3298.23 10216.3 9909.48 395.537 306.82 9513.94 810.855 593.719 217.136 132.029 174.792
internal_count=51825 33660 29623 11452 18171 18165 17477 546 688 16931 4037 2620 1417 287 401
is_linear=0
shrinkage=0.0357863


Tree=5
num_leaves=16
num_cat=0
split_feature=6 11 8 15 11 12 12 6 2 15 15 10 18 6 10
split_gain=1377.06 864.085 855.846 1425.59 510.984 423.796 364.139 344.857 301.114 243.922 240.436 229.009 67.4613 30.1805 12.7402
threshold=3.4149999919463887e-05 0.91597560048103344 27.500000000000004 -0.37940952181816096 -0.6035533845424651 72.025131225585952 78.896350860595717 -7.1179998485604288e-05 28.500000000000004 -0.6035533845424651 -0.91597560048103321 0.0024272036971524362 26.088467597961429 -6.9195000833133222e-05 0.00057537312386557471
decision_type=2 2 2 2 2 2 2 2 2 2 2 2 2 2 2
left_child=1 6 4 10 11 -6 7 -1 -5 -8 -4 -2 14 -14 -3
right_child=2 12 3 8 5 -7 9 -9 -10 -11 -12 -13 13 -15 -16
leaf_value=-0.0032052388579662575 0.032301378654541017 0.058578658860197558 0.036814337599242346 -0.029529696004659479 -0.0067985729658927834 0.032654712672509335 -0.034765894926661413 0.022860897304017483 0.0074679186366063176 0.018137900662595106 0.0044609077412635662 -0.022817806136575927 -0.010477053188119496 -0.033320931100711451 -0.013484326027963253
leaf_weight=746.43090357880374 875.54847748516147 13.385888790156351 429.36073892628724 4161.6013800575765 3390.7555868309314 388.38828088127184 278.81367489809384 4846.5530325388518 299.62785259438988 184.59226052543852 950.08482036808141 107.26813496326906 95.863945341109059 500.36062534969784 2.581926968445079
leaf_count=3920 1692 229 543 1352 5590 520 192 29374 1540 259 1103 905 494 3997 115
internal_value=0 0.0127408 -0.00801456 -0.0171966 0.00323575 -0.002729 0.0168422 0.0193721 -0.0270323 -0.0135715 0.0145719 0.0262283 -0.0277417 -0.0297422 0.0434195
internal_weight=17271.2 6668.58 10602.6 5840.67 4761.96 3779.14 6056.39 5592.98 4461.23 463.406 1379.45 982.817 612.192 596.225 15.9678
internal_count=51825 38580 13245 4538 8707 6110 33745 33294 2892 451 1646 2597 4835 4491 344
is_linear=0
shrinkage=0.0357863


Tree=6
num_leaves=16
num_cat=0
split_feature=5 11 6 19 12 15 0 12 19 15 12 10 6 8 4
split_gain=1098.75 965.894 609.912 824.452 559.594 546.274 589.049 387.795 332.292 492.86 325.229 271.584 200.663 199.275 9.50251
threshold=0.0017572190263308587 0.37940952181816107 4.0000000808504417e-05 0.0023612963268533353 72.025131225585952 1.0000000180025095e-35 3.9859998651081703e-05 19.916113853454593 0.0029829050181433563 -0.91597560048103321 72.025131225585952 0.0082739186473190802 -9.1710000560851754e-05 29.500000000000004 0.010942882858216764
decision_type=2 2 2 2 2 2 2 2 2 2 2 2 2 2 2
left_child=1 2 12 -4 7 8 13 -3 9 -2 -8 -10 -1 -7 -6
right_child=5 4 3 -5 14 6 10 -9 11 -11 -12 -13 -14 -15 -16
leaf_value=0.012710171642772201 -0.02977322265264188 -0.035689127191417432 -0.0084989009443389683 0.030249078984761559 -0.0037102855894064501 -0.018278941541209171 0.013238169344803956 0.032726769646573575 -0.024584851495144087 0.02241303503293425 -0.029751967338742105 0.013984885978811205 -0.020517327852760611 0.035902965928686428 -0.035046661138274759
leaf_weight=269.50923929496321 384.53011777601171 109.66922077888967 1429.9364809407766 1380.7146191652732 17.687906805899161 1788.8123464930059 2826.8859640823875 2691.5741224850944 3392.12668167838 582.91704737598809 244.17615030523621 249.19707039517834 1624.1989007411153 90.703815386014412 177.61303789542046
leaf_count=353 556 57 1040 876 118 11256 4331 4775 18411 1505 236 603 5089 2474 145
internal_value=-2.15691e-06 0.0100543 -4.89136e-05 0.0105159 0.0259344 -0.00810942 0.000133522 0.0300282 -0.0169758 0.00161264 0.00980176 -0.0219299 -0.0157588 -0.0156342 -0.0324957
internal_weight=17260.3 7700.9 4704.36 2810.65 2996.54 9559.35 4950.58 2801.24 4608.77 967.447 3071.06 3641.32 1893.71 1879.52 195.301
internal_count=51825 12453 7358 1916 5095 39372 18297 4832 21075 2061 4567 19014 5442 13730 263
is_linear=0
shrinkage=0.0357863


Tree=7
num_leaves=16
num_cat=0
split_feature=16 15 15 18 13 3 18 9 6 15 13 4 15 3 15
split_gain=987.214 424.591 317.106 338.691 169.154 153.049 216.815 144.421 175.457 203.145 179.501 130.816 240.125 81.1931 59.89
threshold=0.0021821755217388277 0.78656607866287243 -0.91597560048103321 39.578218460083015 0.037479944527149207 -0.021511864848434922 36.133279800415046 -1.0000000180025095e-35 7.8580000263173147e-05 -0.91597560048103321 -0.0073940011207014314 0.0096790730021893995 0.12940952181816107 0.044388988986611373 0.78656607866287243
decision_type=2 2 2 2 2 2 2 2 2 2 2 2 2 2 2
left_child=7 2 4 -4 -2 6 -3 11 9 -9 -10 12 -1 -7 -13
right_child=1 5 3 -5 -6 13 -8 8 10 -11 -12 14 -14 -15 -16
leaf_value=-0.011200114298621429 -0.028219200684011701 -0.034145370276848261 0.022843374391520732 0.0026079687912043143 0.016885219338087731 -0.01304190029424636 0.043568498402914428 0.0046552078913431232 0.032166004758407529 -0.015082123697295875 -0.0039546002405918606 -0.0022629351713377628 0.027173086924459279 0.067030045034874086 -0.02485000444392052
leaf_weight=343.03283000540455 321.14915937794649 64.634856385637249 3750.5922039690986 1485.3291804530172 157.65645278702686 1223.649216195643 154.71987368062037 763.23995479976293 190.45969206757036 5119.921915056867 2332.3692755704369 612.75970553684988 527.89293777281841 16.21141169728071 202.26447607762498
leaf_count=2498 3605 32 15638 7565 67 5797 101 1364 234 6622 1360 4023 2172 39 708
internal_value=4.75435e-06 0.0101573 0.0145598 0.0171137 -0.0132506 -0.00704586 0.0204136 -0.00720672 -0.00912531 -0.012512 -0.00120538 0.00232593 0.0119947 -0.0119493 -0.00793732
internal_weight=17265.9 7173.94 5714.73 5235.92 478.806 1459.22 219.355 10091.9 8405.99 5883.16 2522.83 1685.95 870.926 1239.86 815.024
internal_count=51825 32844 26875 23203 3672 5969 133 18981 9580 7986 1594 9401 4670 5836 4731
is_linear=0
shrinkage=0.0357863


Tree=8
num_leaves=16
num_cat=0
split_feature=0 11 15 14 14 5 19 5 7 7 7 12 10 14 7
split_gain=1285.88 814.005 758.313 1475.94 445.927 383.768 404.554 366.135 576.713 276.256 254.513 235.574 57.4007 43.2837 6.24712
threshold=3.3859998438856571e-05 0.91597560048103344 -0.37940952181816096 -1.0000000180025095e-35 0.6078576147556306 0.0010579013032838704 0.0019840473541989927 0.0025922796921804552 0.028725375421345237 -0.012244344688951967 0.001090593927074224 62.522176742553718 0.00065434243879280995 0.6078576147556306 0.0002937304816441611
decision_type=2 2 2 2 2 2 2 2 2 2 2 2 2 2 2
left_child=1 5 7 11 -5 9 -7 10 -9 -1 -2 -4 13 -3 -14
right_child=2 12 3 4 -6 6 -8 8 -10 -11 -12 -13 14 -15 -16
leaf_value=-0.022180255785729588 0.014319811834718917 0.031213495710300389 0.0035843821320564163 -0.028501228041493788 -0.0068457685184840807 -0.022344316490356782 0.016146958644394464 0.046663861460300458 -0.0043371213678904388 0.055898673764886525 -0.012626635770125152 0.030701565776417819 -0.014889162116820688 -0.019926707690885746 -0.033097129666255345
leaf_weight=65.506034852409641 728.19570054900532 33.615064618141865 907.01964159580871 4182.7810458636704 1728.4820902765914 373.95287920458213 5155.1586516847965 621.22011781748074 519.57759325433244 450.19323917717128 1167.9363260414132 757.25740659468215 37.666886888145712 57.117226524502748 475.82912594179044
leaf_count=149 1162 2360 2898 2436 2579 911 31569 1407 458 1093 1705 623 184 622 1669
internal_value=0 0.0123371 -0.00773383 -0.0137932 -0.0221786 0.0163017 0.0135335 0.00736267 0.0233865 0.045872 -0.00224849 0.0159566 -0.0272321 -0.000361381 -0.0318709
internal_weight=17261.5 6649.04 10612.5 7575.54 5911.26 6044.81 5529.11 3036.93 1140.8 515.699 1896.13 1664.28 604.228 90.7323 513.496
internal_count=51825 38557 13268 8536 5015 33722 32480 4732 1865 1242 2867 3521 4835 2982 1853
is_linear=0
shrinkage=0.0357863


Tree=9
num_leaves=16
num_cat=0
split_feature=5 9 6 6 15 9 13 11 15 4 19 15 19 12 4
split_gain=1022.28 929.092 774.686 623.968 515.861 705.585 615.632 499.978 542.296 446.996 318.055 466.755 262.01 250.87 125.604
threshold=0.0017572190263308587 0.81174489855766307 3.77750002371613e-05 9.446499825571665e-05 1.0000000180025095e-35 0.81174489855766307 0.0067211566492915162 0.37940952181816107 0.12940952181816107 0.034310555085539825 0.0029829050181433563 -0.91597560048103321 0.0019840473541989927 24.884107589721683 0.041803618893027313
decision_type=2 2 2 2 2 2 2 2 2 2 2 2 2 2 2
left_child=1 7 12 -4 10 9 -7 13 -9 -6 11 -2 -3 -1 -12
right_child=4 2 3 -5 5 6 -8 8 -10 -11 14 -13 -14 -15 -16
leaf_value=0.031210402232365122 -0.029259702281222964 0.045022806964068116 0.044570980543671035 0.011412523553962455 -0.015695790978503942 0.041802174279548326 -0.012124683984310112 0.034156948300919497 -0.021427157532533065 0.011308752569074853 -0.023690362216288563 0.021668727212945348 -0.025488227028560555 -0.011805724810775509 -0.0014796750037234091
leaf_weight=184.09782830180347 379.05092755002272 78.071317029884426 1705.9257795162882 1275.7033748808033 2611.5700013470723 811.70716471363448 404.99766857053328 809.7006363974956 309.86245405348745 1119.9587273028483 3231.9597777887525 587.42172525011972 479.11973867249537 2886.9861314587997 368.68989782438257
leaf_count=183 556 35 382 239 11829 3232 146 2869 1791 3090 16648 1505 549 6405 2366
internal_value=-8.38899e-06 0.00965578 0.0231584 0.0304029 -0.00786463 0.000129251 0.0238059 -0.00173325 0.0187228 -0.00757579 -0.0165378 0.00163653 -0.0155074 -0.00920877 -0.0214317
internal_weight=17244.8 7729.47 3538.82 2981.63 9515.36 4948.23 1216.7 4190.65 1119.56 3731.53 4567.12 966.473 557.191 3071.08 3600.65
internal_count=51825 12453 1205 621 39372 18297 3378 11248 4660 14919 21075 2061 584 6588 19014
is_linear=0
shrinkage=0.0357863


Tree=10
num_leaves=15
num_cat=0
split_feature=19 11 9 11 3 11 9 4 0 4 12 0 17 12
split_gain=811.287 325.457 313.194 479.932 307.733 252.304 226.67 213.969 219.506 180.531 146.102 118.718 115.293 52.4651
threshold=0.0032472477760165934 0.91597560048103344 0.81174489855766307 -0.6035533845424651 0.044388988986611373 -0.98296290636062611 0.81174489855766307 0.017286698333919052 -6.1554997955681743e-05 0.011373949237167837 27.783803939819339 3.3950000215554614e-06 0.00098354415968060515 74.347133636474624
decision_type=2 2 2 2 2 2 2 2 2 2 2 2 2 2
left_child=5 2 4 -4 -2 6 13 8 -7 10 -3 -9 -11 -1
right_child=1 9 3 -5 -6 7 -8 11 -10 12 -12 -13 -14 -15
leaf_value=-0.0026150974337848117 -0.0045515819339569039 0.066582365488210712 0.026340902366928889 -0.0062374678037411284 0.025320338600379265 0.014194942004141326 0.06676925542435995 -0.0094459813679275539 -0.010475781722350039 0.049623916089239752 -0.023679389060337227 0.01867427650843537 0.01880457070924893 0.066256942625591328
leaf_weight=184.69569994638357 3120.6311546709358 28.48128786903672 1797.8198609692413 850.62860346132629 514.39979628166293 486.57702884140053 109.27656668771846 283.30542489585685 8481.9435584896692 425.71759297158883 116.35192789413188 585.50316838803258 256.21792159708968 15.262603754963662
leaf_count=599 24153 12 1765 3464 241 1170 66 1311 14233 2081 641 763 1303 23
internal_value=1.19141e-05 0.00928432 0.00649572 0.0158562 -0.000308887 -0.00648025 0.0253063 -0.00748517 -0.00913104 0.0304098 -0.00553954 0.00944021 0.038127 0.00236467
internal_weight=17256.8 7110.25 6283.48 2648.45 3635.03 10146.6 309.235 9837.33 8968.52 826.769 144.833 868.809 681.936 199.958
internal_count=51825 33660 29623 5229 24394 18165 688 17477 15403 4037 653 2074 3384 622
is_linear=0
shrinkage=0.0357863


Tree=11
num_leaves=16
num_cat=0
split_feature=0 11 15 16 0 5 17 3 4 5 19 10 10 3 0
split_gain=1198 770.03 716.157 355.13 447.015 340.712 321.031 300.31 258.373 403.203 351.873 238.214 56.2659 36.8234 27.5577
threshold=3.3859998438856571e-05 0.91597560048103344 -0.37940952181816096 0.0015929199871607127 1.2470000001485461e-05 0.0025922796921804552 0.0015729365986771884 0.030414562672376636 0.010942882858216764 0.0013394373818300667 0.0017918518860824408 -0.0010047051473520694 0.00065434243879280995 -0.012103469576686619 1.8080000700138047e-05
decision_type=2 2 2 2 2 2 2 2 2 2 2 2 2 2 2
left_child=1 3 5 6 -5 11 -1 -7 10 -10 -4 -2 14 -14 -3
right_child=2 12 8 4 -6 7 -8 -9 9 -11 -12 -13 13 -15 -16
leaf_value=0.016446858987005777 0.016817382127909127 -0.0086592172400878544 0.011394788352939405 0.00026376765873135927 0.026062396183070977 0.040471433367149055 0.04451594829713354 0.0037845989002711434 0.020394884678376225 -0.012147702708706264 -0.027069846071118113 -0.01066822599201589 0.045732187971695697 -0.03271703727255363 0.049007521658526843
leaf_weight=1401.9022340328884 582.9072450321039 78.277235065941497 346.64792434917763 2536.7136952094702 1304.8692926936751 585.15288267632195 841.01911993711929 565.645962032846 550.08270026445189 4223.4830473713828 2399.5868231039667 1310.9249656662435 7.1821770668029776 500.33333186282488 12.242703063809939
leaf_count=3430 1006 2690 374 26403 2571 1701 1318 164 146 6050 1966 1861 2 1851 292
internal_value=-2.85255e-07 0.0118553 -0.00750483 0.0156696 0.0090414 0.00712628 0.0269969 0.0224878 -0.0134361 -0.00838588 -0.0221942 -0.00217874 -0.026858 -0.0314956 -0.000236736
internal_weight=17247 6682.54 10564.4 6084.5 3841.58 3044.63 2242.92 1150.8 7519.8 4773.57 2746.23 1893.83 598.035 507.516 90.5199
internal_count=51825 38557 13268 33722 28974 4732 4748 1865 8536 6196 2340 2867 4835 1853 2982
is_linear=0
shrinkage=0.0357863


Tree=12
num_leaves=16
num_cat=0
split_feature=16 11 15 16 16 15 17 17 13 19 13 14 11 16 2
split_gain=854.96 903.57 869.715 632.432 466.355 454.788 453.353 326.667 266.602 187.311 271.132 108.363 84.5023 40.5309 7.55501
threshold=0.0021247927797958259 0.37940952181816107 0.78656607866287243 0.0016307443729601803 0.0083471625111997145 -1.0000000180025095e-35 0.0051608777139335879 0.0014012026949785652 -0.0089926603250205499 0.0068684008438140163 0.032025553286075599 -0.60785761475563038 0.78656607866287243 0.0020818547345697884 28.500000000000004
decision_type=2 2 2 2 2 2 2 2 2 2 2 2 2 2 2
left_child=1 3 4 7 11 -5 8 -1 -3 10 -4 -2 -6 -8 -11
right_child=2 6 9 5 12 -7 13 -9 -10 14 -12 -13 -14 -15 -16
leaf_value=-0.0046341859363721542 -0.025609998748878114 -0.011258706661242238 0.012280424456439946 -0.0097958350457689036 -0.030079138343183071 0.023161055600379697 -0.034611645715198106 -0.028806530036735653 0.025408590795394651 -0.035557563954818475 0.062408032394503501 -0.014072703664858143 0.06981699004062486 0.015980506892976972 -0.0015524956041337264
leaf_weight=2266.1268204583557 1392.9410138725298 271.27665997017539 1340.9475713697111 813.10048831965287 11.399449382085207 1564.2201219268236 201.95562340375446 1051.7234497435184 3554.4838802411859 91.565600888930106 155.02284437790513 4378.900162109333 95.094046056011734 20.940755980963417 13.057055711751586
leaf_count=3246 5309 608 5138 2940 394 2522 288 1515 6819 870 40 21877 157 23 79
internal_value=-1.3423e-05 0.00696875 -0.00911755 -0.00221071 -0.0154901 0.0118655 0.0198951 -0.0123135 0.0227939 0.0142511 0.0175128 -0.0168668 0.0585961 -0.0296068 -0.0318496
internal_weight=17222.8 9743.83 7478.93 5695.17 5878.33 2377.32 4048.66 3317.85 3825.76 1600.59 1495.97 5771.84 106.493 222.896 104.623
internal_count=51825 17961 33864 10223 27737 5462 7738 4761 7427 6127 5178 27186 551 311 949
is_linear=0
shrinkage=0.0357863


Tree=13
num_leaves=16
num_cat=0
split_feature=16 11 11 9 10 4 16 7 13 10 7 16 7 12 7
split_gain=861.82 299.322 306.505 517.213 248.598 181.72 162.33 142.849 165.506 145.146 143.226 173.223 146.826 48.8961 43.2516
threshold=0.0021821755217388277 0.91597560048103344 -0.6035533845424651 0.81174489855766307 0.01202233135700226 0.011373949237167837 0.0083471625111997145 -0.011573998257517813 -0.0022550210123881693 -0.0014928135788068173 0.013479183427989485 0.0014834718895144763 0.0098525746725499647 44.989036560058601 -0.01564957574009895
decision_type=2 2 2 2 2 2 2 2 2 2 2 2 2 2 2
left_child=7 2 3 -2 -4 13 -7 8 14 -10 12 -12 -9 -3 -1
right_child=1 5 4 -5 -6 6 -8 10 9 -11 11 -13 -14 -15 -16
leaf_value=0.0034357791470256025 -0.00264280234718348 0.048081666293435341 -0.0021525278492832869 0.02686648161430915 0.065764872268914809 0.040421269566569079 -0.03465064351313546 -0.0076895409079335677 -0.012044701452560969 0.038662713185802507 0.033994017000056685 -0.0034335174980532294 -0.021532628990140162 -0.033937076235079196 -0.015506417765754272
leaf_weight=334.71403569160429 1275.029227991527 10.357884165105785 3234.8721762246842 1873.7394005872261 70.496675725356909 659.80633501879038 38.256712265912597 7039.9731975027971 96.572746621425267 270.83936220631358 210.01064367859158 636.23335223314484 1147.748792788223 64.839811758448064 281.00374071411352
leaf_count=678 9993 34 17254 1743 231 3132 99 10046 2103 1955 584 1927 1413 358 275
internal_value=1.89451e-05 0.00944064 0.00690858 0.0148995 -0.000686856 0.030502 0.0362264 -0.00677328 0.00614863 0.0251821 -0.00818572 0.00578889 -0.00963692 -0.0218901 -0.00511827
internal_weight=17244.5 7227.4 6454.14 3148.77 3305.37 773.261 698.063 10017.1 983.13 367.412 9033.97 846.244 8187.72 75.1977 615.718
internal_count=51825 32844 29221 11736 17485 3623 3231 18981 5011 4058 13970 2511 11459 392 953
is_linear=0
shrinkage=0.0357863


Tree=14
num_leaves=16
num_cat=0
split_feature=0 11 12 7 0 11 16 7 0 18 12 18 0 4 1
split_gain=1116.99 724.847 456.177 368.971 355.783 342.234 331.176 493.647 424.163 123.274 114.255 61.0797 30.7095 25.0294 9.90516
threshold=3.3859998438856571e-05 0.91597560048103344 76.811023712158217 -0.0046070057433098546 7.3724997491808622e-05 0.37940952181816107 0.0015929199871607127 -0.012036373838782309 1.2470000001485461e-05 47.645442962646491 79.449676513671889 26.088467597961429 -6.9195000833133222e-05 0.031050158664584163 0.0011119715636596086
decision_type=2 2 2 2 2 2 2 2 2 2 2 2 2 2 2
left_child=1 6 3 5 -5 -2 7 -1 -8 10 -4 14 -13 -11 -3
right_child=2 11 9 4 -6 -7 8 -9 -10 13 -12 12 -14 -15 -16
leaf_value=-0.02150439236440823 0.021714619052509942 0.053671480480364256 0.049650568487280694 -0.022896292409474696 -0.0070411153393104223 -0.019189456738827847 9.9052855216207489e-05 0.031815120664649851 0.025151282827784741 0.0098996524499969825 0.015709168752249748 -0.0087465540027107328 -0.032112198957664727 -0.033554252414857752 -0.0054080655425592641
leaf_weight=248.6488444582219 851.23720947218658 13.613396386851379 195.57909010542232 2602.5326796864574 6028.307300116805 377.11341268361525 2541.7683525452867 2015.5632724831939 1315.9569977823494 21.985386890235532 384.69223958985833 92.897113041816112 481.27483326473595 55.357524185794318 2.7427747737656309
leaf_count=1048 2713 331 165 2948 4949 2040 26403 3700 2571 40 349 494 3997 64 13
internal_value=-2.29294e-06 0.0113998 -0.00728515 -0.00921403 -0.0118286 0.00911109 0.015058 0.0259349 0.00865949 0.0215479 0.0272462 -0.0264292 -0.0284296 -0.0204783 0.0403445
internal_weight=17229.3 6712.47 10516.8 9859.19 8630.84 1228.35 6121.94 2264.21 3857.73 657.614 580.271 590.528 574.172 77.3429 16.3562
internal_count=51825 38557 13268 12650 7897 4753 33722 4748 28974 618 514 4835 4491 104 344
is_linear=0
shrinkage=0.0357863


Tree=15
num_leaves=16
num_cat=0
split_feature=5 9 16 15 15 9 13 0 11 15 12 16 1 4 3
split_gain=911.645 817.075 588.781 601.324 471.007 669.918 557.118 449.989 444.425 492.667 236.613 233.881 321.957 135.563 101.376
threshold=0.0017572190263308587 0.81174489855766307 0.0011833118624053898 -0.37940952181816096 1.0000000180025095e-35 0.81174489855766307 0.0067211566492915162 9.481500092078933e-05 0.37940952181816107 0.12940952181816107 24.884107589721683 0.0021480264840647583 -0.006174663780257105 0.041803618893027313 -1.0000000180025095e-35
decision_type=2 2 2 2 2 2 2 2 2 2 2 2 2 2 2
left_child=1 8 14 -4 11 7 -7 -6 10 -10 -1 12 -2 -13 -3
right_child=4 2 3 -5 5 6 -8 -9 9 -11 -12 13 -14 -15 -16
leaf_value=0.030257823512775658 0.049989970585348945 -0.036810379971591971 -0.004606782974714574 0.034440684968437628 -0.018320068247654454 0.039965610822865531 -0.011432512505338171 0.006787439516775854 0.031876240352530762 -0.021121733395814572 -0.01135404543718929 -0.024088411790491458 -0.0091984153831157402 -0.00068630204994033525 -0.00036607419929894793
leaf_weight=185.74402678811566 129.54791894368827 205.76772689819336 626.29193021719675 2557.9305571308532 2105.8045255810534 822.98032380299674 399.82284431126027 1611.3615919589538 825.46480390721183 307.28966220249629 2861.526973354813 2734.9223177377567 1271.458406801662 364.16281672810283 192.18643197549318
leaf_count=183 82 19 522 526 12878 3232 146 2041 2869 1791 6405 15011 3616 2366 138
internal_value=-1.85283e-05 0.00906335 0.0216066 0.026743 -0.00749215 0.000126037 0.0231141 -0.00742111 -0.00167252 0.0174496 -0.00879916 -0.0158674 -0.00368511 -0.0213566 -0.0193513
internal_weight=17202.3 7762.2 3582.18 3184.22 9440.06 4939.97 1222.8 3717.17 4180.03 1132.75 3047.27 4500.09 1401.01 3099.09 397.954
internal_count=51825 12453 1205 1048 39372 18297 3378 14919 11248 4660 6588 21075 3698 17377 157
is_linear=0
shrinkage=0.0357863


Tree=16
num_leaves=16
num_cat=0
split_feature=16 11 5 12 3 18 18 7 13 7 3 7 12 16 7
split_gain=798.425 274.792 288.919 378.692 284.286 146.829 160.793 135.651 156.846 135.619 164.507 144.311 106.949 48.5508 41.3027
threshold=0.0021821755217388277 0.91597560048103344 0.0024565276689827447 66.168632507324233 0.031757157295942313 33.721292495727546 49.979673385620124 -0.011573998257517813 -0.0022550210123881693 0.013479183427989485 0.0037744392175227408 0.0098525746725499647 39.14232254028321 0.003343638614751399 -0.01564957574009895
decision_type=2 2 2 2 2 2 2 2 2 2 2 2 2 2 2
left_child=7 2 3 -2 -4 13 -7 8 14 11 -11 -9 -10 -3 -1
right_child=1 5 4 -5 -6 6 -8 9 12 10 -12 -13 -14 -15 -16
leaf_value=0.0033651789272950237 0.0070360447419018741 0.024240099985180605 -0.0053785498200493408 0.037451174047441568 0.016005888688009708 0.0044520010228862178 0.049730733194441795 -0.0074125548852481968 -0.00029824089439197272 -0.020035808053410261 0.015344602933533838 -0.021186064858842325 0.039187802840300934 0.059205088655143685 -0.015172215201389687
leaf_weight=335.01015970803383 1769.1907068661558 76.010731190562382 2849.6469644058493 748.95701390890326 1104.5292195120273 359.43422726856272 141.21072346939167 7006.3223191416719 136.35563402854856 230.45248070065554 617.05476567428923 1138.9670521226217 233.46663581745636 204.84974682793765 279.21001592954053
leaf_count=678 7213 1031 20924 647 437 1631 431 10046 492 2117 394 1413 3566 530 275
internal_value=2.31177e-05 0.00906068 0.00662914 0.0161046 0.000580674 0.0291264 0.0173358 -0.00654218 0.00604009 -0.00792524 0.00565782 -0.00934542 0.024478 0.0499429 -0.0049704
internal_weight=17230.7 7253.83 6472.32 2518.15 3954.18 781.505 500.645 9976.84 984.042 8992.8 847.507 8145.29 369.822 280.86 614.22
internal_count=51825 32844 29221 7860 21361 3623 2062 18981 5011 13970 2511 11459 4058 1561 953
is_linear=0
shrinkage=0.0357863


Tree=17
num_leaves=16
num_cat=0
split_feature=0 9 15 11 9 8 11 4 0 10 10 15 10 14 17
split_gain=1054.78 947.784 1200.81 682.196 437.758 427.272 357.535 440.04 280.095 244.47 169.003 140.676 54.423 39.8961 20.9645
threshold=3.3859998438856571e-05 0.81174489855766307 -0.37940952181816096 0.91597560048103344 -0.56174489110708226 27.500000000000004 -0.6035533845424651 0.010260578710585834 7.1050002588890506e-05 0.0006129253306426109 -0.0024914365494623776 -0.12940952181816107 0.00065434243879280995 0.6078576147556306 0.019890462048351768
decision_type=2 2 2 2 2 2 2 2 2 2 2 2 2 2 2
left_child=3 6 8 4 10 -6 9 -8 -3 -2 -1 -4 13 -5 -14
right_child=1 2 11 12 5 -7 7 -9 -10 -11 -12 -13 14 -15 -16
leaf_value=0.016888554355658406 0.035923527606481521 -0.030521136394439621 -0.011410978321982547 0.03035891310176907 0.027963200588694708 0.0080214971290055899 -0.02083570052464356 0.0052454531600390191 0.021463252787122817 0.0042885668683799996 -0.025083625361206542 -0.03057627079412082 -0.031846772676867717 -0.018891141267377985 0.012049959622125827
leaf_weight=166.29519353648311 621.35946814386307 153.0581109553051 587.3518976241121 33.824849415862445 2698.7787318559449 2828.2301353311832 1135.3617265986531 3060.7097968837907 966.69152779903732 639.16665137733389 457.63517798403655 3314.704292267611 479.85774550015395 55.77824926150879 12.460658123291237
leaf_count=3017 1618 380 230 2360 17003 8131 2021 5447 479 1690 5571 1403 1836 622 17
internal_value=-1.37081e-06 -0.00710601 -0.0183267 0.0110473 0.0145569 0.017769 0.00321033 -0.0017982 0.0143073 0.0199272 -0.013807 -0.0277058 -0.0259527 0 -0.0306218
internal_weight=17211.3 10478.4 5021.81 6732.86 6150.94 5527.01 5456.6 4196.07 1119.75 1260.53 623.93 3902.06 581.922 89.6031 492.318
internal_count=51825 13268 2492 38557 33722 25134 10776 7468 859 3308 8588 1633 4835 2982 1853
is_linear=0
shrinkage=0.0357863


Tree=18
num_leaves=16
num_cat=0
split_feature=0 15 8 6 19 0 6 10 4 18 19 18 10 1 4
split_gain=811.468 922.339 860.82 765.853 743.628 496.749 367.478 255.536 215.767 221.644 180.711 173.663 412.977 253.27 81.1094
threshold=3.4335000236751518e-05 1.0000000180025095e-35 27.500000000000004 9.5805000455584391e-05 0.0022783427266404037 8.9209999714512392e-05 8.9844998001353829e-05 0.0082739186473190802 0.0071524027734994897 46.362768173217781 0.0016667980235069992 37.449151992797859 -0.0022485423833131786 -0.0098187760449945909 0.0062482443172484645
decision_type=2 2 2 2 2 2 2 2 2 2 2 2 2 2 2
left_child=8 4 5 -4 6 -3 -2 -6 9 10 -1 13 -13 -10 -11
right_child=1 2 3 -5 7 -7 -8 -9 11 14 -12 12 -14 -15 -16
leaf_value=-0.027482352482201725 0.038775793276745525 -0.021141319286353141 0.038155844797182793 0.0043798111899189546 -0.020746588523013507 0.01045607206155429 0.00081703256024020696 0.018586235572593601 0.032283139032587768 0.0600212067627846 0.0073575236633454987 -0.028343729823165964 0.0069506477569618585 -0.02016405536734274 -0.032044256297073102
leaf_weight=255.716197646257 498.73850437412977 976.02904568973599 2343.5710857160166 1364.1700889456279 2618.0708542524458 1834.9102031203006 955.48544831260767 228.61276234126308 121.63873634177435 108.31011775585571 747.2485191122413 632.42453036388997 1287.8926351373152 3186.3493282157483 12.978844194156038
leaf_count=726 558 2264 1180 1009 5368 2162 421 222 160 227 3252 6742 6052 21385 97
internal_value=-2.68267e-05 0.00593077 0.0144206 0.025744 -0.00692386 -0.000495448 0.013874 -0.0175681 -0.0101825 0.00400199 -0.00146959 -0.0132434 -0.00464388 -0.0182185 0.049706
internal_weight=17172.1 10819.6 6518.68 3707.74 4300.91 2810.94 1454.22 2846.68 6352.56 1124.25 1002.96 5228.31 1920.32 3307.99 121.289
internal_count=51825 13184 6615 2189 6569 4426 979 5590 38641 4302 3978 34339 12794 21545 324
is_linear=0
shrinkage=0.0357863


Tree=19
num_leaves=16
num_cat=0
split_feature=19 15 7 7 15 19 10 6 9 6 7 3 7 19 15
split_gain=657.717 281.463 286.045 278.828 224.397 239.118 208.628 235.468 163.501 209.64 162.719 121.737 118.971 110.091 101.275
threshold=0.0032472477760165934 0.78656607866287243 -0.0043768694158643475 -0.010371554642915724 -0.91597560048103321 0.0057102204300463208 0.0032447876874357466 2.3799999553375532e-06 1.0000000180025095e-35 7.8580000263173147e-05 0.015851907432079319 0.031757157295942313 0.015305402223020794 0.0032614496303722267 -0.12940952181816107
decision_type=2 2 2 2 2 2 2 2 2 2 2 2 2 2 2
left_child=6 4 3 -3 11 -6 8 12 14 -10 -9 -2 -8 -4 -1
right_child=1 2 13 -5 5 -7 7 10 9 -11 -12 -13 -14 -15 -16
leaf_value=-0.0084680216198179496 -0.023348076321529496 -0.0015944924913267042 0.070098672569397183 0.066019774596029659 0.0092988475612844866 0.02648527115604386 -0.023782045799542427 0.066128927575793056 -0.013018061315382122 -0.0003267619456760879 -0.0088148665822347302 0.014215064868400322 0.032357598775752484 -0.017229869228008031 0.0095177649110623035
leaf_weight=626.83465263058156 338.62167746778505 218.45930895911644 18.582331807544506 120.24546582937572 3877.8497961303874 1424.932650321407 154.34220001288821 147.74538480869145 5476.8716683376333 2409.2400731020289 47.859901605748973 162.05945105843966 69.917024283235349 1016.1791948747491 1104.5735529040455
leaf_count=4197 3915 2381 21 518 17407 6100 206 111 7531 1461 97 80 159 3238 4403
internal_value=3.40735e-05 0.00830973 -0.00623137 0.0222455 0.0117607 0.0139277 -0.0058776 0.0187789 -0.00695985 -0.00914792 0.0475061 -0.0110778 -0.00602906 -0.0156068 0.00297387
internal_weight=17214.3 7176.93 1373.47 338.705 5803.46 5302.78 10037.4 419.865 9617.52 7886.11 195.605 500.681 224.259 1034.76 1731.41
internal_count=51825 33660 6158 2899 27502 23507 18165 573 17592 8992 208 3995 365 3259 8600
is_linear=0
shrinkage=0.0357863


Tree=20
num_leaves=16
num_cat=0
split_feature=6 8 11 0 11 12 16 12 5 3 5 19 10 3 12
split_gain=988.965 682.711 640.664 611.252 415.482 348.383 344.536 322.927 292.386 283.069 230.141 145.768 53.34 35.1899 33.9916
threshold=3.4149999919463887e-05 27.500000000000004 0.91597560048103344 7.4339997809147476e-05 -0.6035533845424651 72.025131225585952 0.0028133885934948926 78.896350860595717 0.0025519982445985083 0.012766879517585041 0.0022880421020090584 0.0047178021632134923 0.00065434243879280995 -0.012103469576686619 49.312961578369148
decision_type=2 2 2 2 2 2 2 2 2 2 2 2 2 2 2
left_child=2 4 7 11 10 -6 -5 9 -9 -1 -2 -3 14 -14 -4
right_child=1 3 12 6 5 -7 -8 8 -10 -11 -12 -13 13 -15 -16
leaf_value=0.018299421135087743 0.033481025342748723 -0.030684537571960047 0.03527052910278413 -0.01362879591049929 -0.0062597783761514699 0.029003104019517303 0.011142213067831579 -0.025503569872176342 0.058552331551493003 -0.014458336010653489 -0.0053580272403955772 0.016745756580225084 0.044968373231077961 -0.03148810568685325 -0.013903200876658275
leaf_weight=5407.9492530114667 748.05293164790896 2333.6874520843221 24.999014151759866 2094.3871357305434 3358.1051837152418 401.43483020786516 1092.8897050019732 409.1559844525791 60.568515384291459 358.40221728623146 261.28101350468637 84.483564596648648 7.2288912534713736 477.63281035937746 64.246499827323191
leaf_count=32885 945 1621 510 1551 5590 520 1058 262 189 409 1652 308 2 1851 2472
internal_value=-4.0657e-06 -0.00696298 0.0105886 -0.0154322 0.00298015 -0.00247953 -0.00511745 0.0139248 -0.0145448 0.0162537 0.0233715 -0.0290042 -0.025552 -0.0302318 0
internal_weight=17184.5 10374.3 6810.18 5605.45 4768.87 3759.54 3187.28 6236.08 469.724 5766.35 1009.33 2418.17 574.107 484.862 89.2455
internal_count=51825 13245 38580 4538 8707 6110 2609 33745 451 33294 2597 1929 4835 1853 2982
is_linear=0
shrinkage=0.0357863


Tree=21
num_leaves=16
num_cat=0
split_feature=5 0 12 2 7 16 3 4 4 7 4 3 12 5 0
split_gain=806.774 658.76 527.455 522.282 416.273 519.405 462.36 258.078 226.633 191.498 159.268 147.174 109.561 30.4863 22.7495
threshold=0.0017572190263308587 3.511000068101567e-05 63.853853225708015 26.500000000000004 0.028725375421345237 0.0029749096138402824 0.053907833993434913 0.033866537734866149 0.0065757411066442737 0.016112976707518104 0.0087924571707844752 -0.0024751817109063263 13.588772296905519 0.005970726953819395 7.8849998317309672e-06
decision_type=2 2 2 2 2 2 2 2 2 2 2 2 2 2 2
left_child=1 9 3 -3 5 8 7 -6 -2 10 -1 -4 -7 -8 -11
right_child=4 2 11 -5 6 12 13 -9 -10 14 -12 -13 -14 -15 -16
leaf_value=-0.00093792252871312688 0.024737455349925087 -0.026865059121509698 0.026086990649221979 0.022320140643497157 -0.0024422513253105011 0.030807919469287053 -0.030722512676595863 0.02879428175369924 -0.0065859204981012212 0.064256626357531529 -0.019796927531727397 -0.026932977620556544 -0.026384765175051745 -0.0044948760580522931 0.0061565131458054716
leaf_weight=1458.723090701202 314.06280285143657 293.5724116376141 78.156724360960652 4497.4183983709308 528.55377907383877 42.837618970654603 325.74397051519554 927.83156029661063 4934.318438992932 52.36375420459926 952.216134058742 436.67410749829469 2207.3141814861633 75.017312274405413 12.9714700909346
leaf_count=4507 780 1159 89 1817 1729 108 118 1452 18094 399 3987 397 17029 62 98
internal_value=-3.63533e-05 0.0084738 0.01559 0.0192945 -0.00712112 -0.010881 0.00802969 0.0174195 -0.00470082 -0.00675127 -0.00840969 -0.0187749 -0.0252709 -0.025953 0.0535814
internal_weight=17137.8 7782.1 5305.82 4790.99 9355.68 7498.53 1857.15 1456.39 5248.38 2476.27 2410.94 514.831 2250.15 400.761 65.3352
internal_count=51825 12453 3462 2976 39372 36011 3361 3181 18874 8991 8494 486 17137 180 497
is_linear=0
shrinkage=0.0357863


Tree=22
num_leaves=15
num_cat=0
split_feature=16 19 10 12 12 10 12 0 0 9 12 4 16 5
split_gain=705.358 249.586 353.719 294.718 257.016 166.485 155.458 136.488 130.224 120.898 104.102 97.8818 88.7856 20.7366
threshold=0.0021821755217388277 0.0077344309538602838 0.0055987492669373759 74.760887145996108 32.317001342773445 0.01202233135700226 67.268058776855483 -6.1554997955681743e-05 5.6290000429726213e-05 -0.56174489110708226 62.25172424316407 0.0061313328333199033 0.0015666789840906861 0.0012548977974802258
decision_type=2 2 2 2 2 2 2 2 2 2 2 2 2 2
left_child=7 2 3 -2 -3 -4 -6 10 9 -9 12 -10 -1 -12
right_child=1 4 5 -5 6 -7 -8 8 11 -11 13 -13 -14 -15
leaf_value=-0.0046086559069762143 0.006457580040464918 -0.025119793074632513 -0.016536446304876797 0.031834083590731373 0.043244085948428872 0.052551632928273369 0.0087972387773244069 0.012596065035311743 0.01026555151735278 -0.011896360314931631 0.012489766098041855 -0.0048331266951478101 0.026143342211247114 -0.023861229072019718
leaf_weight=173.05089563676466 4676.060366975501 109.96966366980666 972.5077186369972 672.28825257593144 566.40558256032659 46.465670497248539 244.72855066344471 268.93883183240359 676.37585830543549 5360.9367375710435 21.931271784436831 2912.0972162201037 373.8490816604064 120.74608561137211
leaf_count=459 26978 38 2173 668 2719 170 98 2634 732 10991 25 3003 973 164
internal_value=4.67998e-05 0.00850045 0.00597024 0.00965794 0.02593 -0.0133306 0.0329204 -0.00616618 -0.00731835 -0.0107164 0.00915473 -0.00197161 0.0163104 -0.0178806
internal_weight=17196.4 7288.43 6367.32 5348.35 921.104 1018.97 811.134 9907.93 9218.35 5629.88 689.577 3588.47 546.9 142.677
internal_count=51825 32844 29989 27646 2855 2343 2817 18981 17360 13625 1621 3735 1432 189
is_linear=0
shrinkage=0.0357863


Tree=23
num_leaves=16
num_cat=0
split_feature=6 2 11 0 11 12 16 16 6 17 10 19 10 12 17
split_gain=916.497 641.374 603.686 596.029 397.071 331.609 324.871 309.05 360.281 251.755 199.147 142.238 50.3767 31.7021 20.274
threshold=3.3484999221400365e-05 27.500000000000004 0.91597560048103344 7.4339997809147476e-05 -0.6035533845424651 72.025131225585952 0.0028133885934948926 0.0015929199871607127 1.2470000001485461e-05 0.0015729365986771884 0.0024272036971524362 0.0047178021632134923 0.00065434243879280995 49.312961578369148 0.019890462048351768
decision_type=2 2 2 2 2 2 2 2 2 2 2 2 2 2 2
left_child=2 4 7 11 10 -6 -5 9 -9 -1 -2 -3 13 -4 -14
right_child=1 3 12 6 5 -7 -8 8 -10 -11 -12 -13 14 -15 -16
leaf_value=0.01437515635484456 0.028205802156285629 -0.030265718971376556 0.034228765981631271 -0.013194168402405665 -0.0061838975032630188 0.028098715093697022 0.010895936685635673 -0.00033060455877435374 0.022341265169596475 0.038940028786055653 -0.023022940468935896 0.016562526671747322 -0.031073096567934052 -0.013663764219671281 0.012166678545547793
leaf_weight=1391.5964627034273 907.52209706708902 2292.4444741878938 24.452639826202251 2067.0866573170929 3363.7431027515272 404.51614279758223 1095.3821034038046 2641.3604427501837 1356.0420720304405 879.0541505773117 107.61177930045494 84.614420771839832 464.45779346141245 63.940148271780735 12.414807021058435
leaf_count=3417 1703 1656 492 1548 5628 520 1060 26377 2557 1314 906 322 1836 2472 17
internal_value=-7.33024e-06 -0.00674014 0.0101556 -0.0150308 0.00284932 -0.00248879 -0.00483238 0.0133556 0.00734642 0.0239099 0.0227198 -0.0285752 -0.0252297 0 -0.0298297
internal_weight=17156.2 10322.9 6833.32 5539.53 4783.39 3768.26 3162.47 6268.05 3997.4 2270.65 1015.13 2377.06 565.265 88.3928 476.873
internal_count=51825 13343 38482 4586 8757 6148 2608 33665 28934 4731 2609 1978 4817 2964 1853
is_linear=0
shrinkage=0.0357863


Tree=24
num_leaves=16
num_cat=0
split_feature=0 15 9 11 0 13 10 10 11 15 8 10 13 9 12
split_gain=712.975 840.725 1014.65 685.22 522.089 503.975 443.983 392.08 215.975 431.902 220.467 210.017 196.75 158.659 102.549
threshold=3.4335000236751518e-05 1.0000000180025095e-35 0.81174489855766307 0.12940952181816109 9.3105001724325134e-05 0.014565580990165474 0.0055987492669373759 0.0082739186473190802 0.37940952181816107 -0.7865660786628722 28.500000000000004 -0.0022837035357952114 -0.0088489474728703481 -0.56174489110708226 52.928709030151374
decision_type=2 2 2 2 2 2 2 2 2 2 2 2 2 2 2
left_child=8 3 6 7 -4 -5 -3 -2 10 12 13 -11 -10 -1 -12
right_child=1 2 4 5 -6 -7 -8 -9 9 11 14 -13 -14 -15 -16
leaf_value=0.0013343753431397866 -0.022218954757253179 -0.0084749051451205298 0.036654687472884875 0.022178291094676821 0.0072798419262381578 -0.02299539357945125 0.024969059006881126 0.032207331413955508 -0.029738989351132592 -0.031095731264821361 -0.0022928815557896934 -0.00092222964553041384 0.046689087851058131 -0.020065908740185528 0.03427193055686617
leaf_weight=508.36680993812752 2409.0160506224688 2419.6592566094132 2312.3040984295649 1268.3945425792567 1173.2871097884654 420.27233461987998 643.31750987346277 181.5256409986996 49.336819146134076 379.83965006136145 301.26234405406137 1348.1274792996139 303.69844368995291 3242.8484949948879 144.0026826076479
leaf_count=4731 3868 4997 798 2315 464 200 356 186 127 4075 5599 8435 1595 13506 573
internal_value=-4.62884e-05 0.00551346 0.0135772 -0.00681357 0.0267829 0.0109023 -0.00143232 -0.0183834 -0.009645 -0.000191569 -0.0143195 -0.00758748 0.0358491 -0.0171508 0.0094072
internal_weight=17105.3 10827.8 6548.57 4279.21 3485.59 1688.67 3062.98 2590.54 6277.48 2081 4196.48 1727.97 353.035 3751.22 445.265
internal_count=51825 13184 6615 6569 1262 2515 5353 4054 38641 14232 24409 12510 1722 18237 6172
is_linear=0
shrinkage=0.0357863


Tree=25
num_leaves=15
num_cat=0
split_feature=16 19 4 3 12 6 12 7 6 3 4 3 12 4
split_gain=656.177 233.241 259.817 292.634 245.271 156.223 141.24 126.292 133.053 275.193 159.899 127.466 80.8108 44.3124
threshold=0.0021821755217388277 0.0077344309538602838 0.036518322303891189 0.044388988986611373 32.317001342773445 2.4394999854848724e-05 67.268058776855483 -0.011573998257517813 5.6290000429726213e-05 -0.0078311101533472521 0.0060255504213273534 -0.0022690709447488184 39.14232254028321 0.00797506468370557
decision_type=2 2 2 2 2 2 2 2 2 2 2 2 2 2
left_child=7 2 3 -2 -3 -4 -6 11 10 -10 -9 13 -13 -1
right_child=1 4 5 -5 6 -7 -8 8 9 -11 -12 12 -14 -15
leaf_value=0.0078049098907054752 0.0073954744900275983 -0.024971461887638813 0.017163374854200202 0.052398647264237042 0.041523640971176216 -0.016700620069232595 0.0087277076133060703 -0.025481465219105638 0.03907503740747547 -0.0043451435873573 -0.0082247089476473363 0.00042434842061845484 0.035234392843923872 -0.011888450997898873
leaf_weight=242.3335174631211 5084.2137448149642 109.70238290184261 215.62309306865006 192.56198842215963 572.0447745064788 887.45136158676689 244.88863891746644 816.14144767600465 197.88548406424707 3338.3485204734043 4537.4895553543129 138.41645657825288 237.76758669845472 362.13159710783839
leaf_count=294 25583 38 3145 84 2719 1177 98 2167 285 2962 8556 487 3562 668
internal_value=5.63393e-05 0.00818917 0.00574097 0.00904845 0.0249842 -0.0100302 0.0317613 -0.00595818 -0.00730553 -0.00189944 -0.0108659 0.00619875 0.0225753 -0.00390061
internal_weight=17177 7306.49 6379.85 5276.78 926.636 1103.07 816.933 9870.51 8889.87 3536.23 5353.63 980.649 376.184 604.465
internal_count=51825 32844 29989 25667 2855 4322 2817 18981 13970 3247 10723 5011 4049 962
is_linear=0
shrinkage=0.0357863


Tree=26
num_leaves=16
num_cat=0
split_feature=0 8 0 13 7 7 13 5 0 18 7 5 17 0 13
split_gain=859.124 577.596 577.549 369.114 365.951 350.623 328.503 311.056 326.973 232.287 220.956 138.892 92.0329 205.196 0.527479
threshold=3.3859998438856571e-05 27.500000000000004 7.4339997809147476e-05 0.013283515814691784 0.0013526164693757894 -0.0029213693924248214 -0.018493271432816979 0.0010579013032838704 1.7674999980954457e-05 26.088467597961429 -0.012244344688951967 0.0029662576271221046 0.002311504329554737 3.069999911531341e-05 0.032025553286075599
decision_type=2 2 2 2 2 2 2 2 2 2 2 2 2 2 2
left_child=3 4 11 7 6 -4 -2 10 -9 -6 -1 -3 13 -5 -14
right_child=1 2 5 12 9 -7 -8 8 -10 -11 -12 -13 14 -15 -16
leaf_value=-0.022243826987806522 -0.015538932047419919 -0.029930831823831817 0.030175223577632519 -0.023196984875540092 0.026919800929112364 -0.0086490352114251528 0.028436361459178945 0.0053131257833743213 0.026358063530022496 -0.0061673882361533219 0.046287517025508464 0.015243741442943272 -0.034432356558024686 0.063304031427882129 -0.021937600185387277
leaf_weight=67.599681243020143 275.91927311509062 2206.1954930300008 331.98399108350122 135.51509410010112 296.03744272800577 2868.5029698754652 1004.196085664973 4576.2631206395154 1195.5672440978251 3257.3995860673667 485.8437211452503 89.06614156907699 256.44527152987757 47.378484856468276 31.658381110646587
leaf_count=163 342 1533 1244 167 476 1399 2914 34307 2394 4994 1216 366 206 29 75
internal_value=-7.0042e-06 -0.0065119 -0.0144496 0.0098712 0.0025017 -0.00460425 0.018914 0.0121526 0.00968208 -0.00339506 0.0378154 -0.0281534 -0.0206472 -0.000480535 -0.0332546
internal_weight=17125.6 10329.3 5495.75 6796.27 4833.55 3200.49 1280.12 6325.27 5771.83 3553.44 553.443 2295.26 470.997 182.894 288.104
internal_count=51825 13268 4542 38557 8726 2643 3256 38080 36701 5470 1379 1899 477 196 281
is_linear=0
shrinkage=0.0357863


Tree=27
num_leaves=16
num_cat=0
split_feature=5 9 16 16 7 14 16 4 12 1 4 4 13 12 13
split_gain=728.531 595.791 517.674 478.257 395.311 675.329 486.984 295.231 324.468 239.585 223.769 196.901 122.805 106.517 87.6252
threshold=0.0017572190263308587 0.81174489855766307 0.0011833118624053898 0.0021036631660535936 0.028725375421345237 -0.60785761475563038 0.0029749096138402824 0.012345324736088516 34.838460922241218 -0.0085219792090356333 0.033866537734866149 0.0065757411066442737 0.0021130066597834234 13.588772296905519 -1.0000000180025095e-35
decision_type=2 2 2 2 2 2 2 2 2 2 2 2 2 2 2
left_child=1 7 14 -4 6 12 11 8 -1 -9 -7 -2 -6 -8 -3
right_child=4 2 3 -5 5 10 13 9 -10 -11 -12 -13 -14 -15 -16
leaf_value=0.026752667624164617 0.022710633677022474 -0.037055719047792667 0.028427334013629364 -0.013459840216836279 0.02499895577306881 -0.0013185591070203706 0.030593946072420795 0.042127300302168914 -0.0016766483568444422 -0.022487952701070676 0.032311772502040148 -0.0063332686691759546 -0.028578117946289505 -0.025755802999828818 -0.0032099287259048323
leaf_weight=651.21792216060612 317.64010916096322 194.12249374389648 2850.8721201136786 395.85950125452109 59.819288831889253 347.58733360316012 42.91891531503552 78.904253791857627 2428.7101792658291 977.10562941717308 904.63024666931381 4904.0596160752548 542.34969722769893 2161.5463508040284 205.76501890197778
leaf_count=619 780 18 890 158 552 1309 108 49 8077 2503 1210 18094 290 17029 139
internal_value=-5.45216e-05 0.00801708 0.018563 0.0233029 -0.0068293 0.0079337 -0.0105233 -0.00126764 0.00431631 -0.0176066 0.0229321 -0.00455574 -0.0231625 -0.0246332 -0.0197807
internal_weight=17063.1 7782.56 3646.62 3246.73 9280.55 1854.39 7426.16 4135.94 3079.93 1056.01 1252.22 5221.7 602.169 2204.47 399.888
internal_count=51825 12453 1205 1048 39372 3361 36011 11248 8696 2552 2519 18874 842 17137 157
is_linear=0
shrinkage=0.0357863


Tree=28
num_leaves=15
num_cat=0
split_feature=19 11 9 11 3 11 10 6 9 9 1 18 3 18
split_gain=538.481 234.365 249.68 380.003 239.27 218.091 190.437 222.147 181.585 157.824 138.035 161.426 54.2486 42.694
threshold=0.0032472477760165934 0.91597560048103344 0.81174489855766307 -0.6035533845424651 0.044388988986611373 -0.98296290636062611 0.0032447876874357466 2.3799999553375532e-06 0.81174489855766307 -1.0000000180025095e-35 -0.0046637323684990397 49.979673385620124 -0.020550446584820744 32.703729629516609
decision_type=2 2 2 2 2 2 2 2 2 2 2 2 2 2
left_child=5 2 4 -4 -2 8 9 -8 13 -7 12 -12 -3 -1
right_child=1 10 3 -5 -6 6 7 -9 -10 -11 11 -13 -14 -15
leaf_value=-0.01266473297708209 -0.0047502797609514178 0.011926145512242879 0.022453813506883274 -0.0063844254903331942 0.021193559135113331 0.0027302635252762887 -0.0058796740331212424 0.047345457871972328 0.060162180238401301 -0.0095194600000105146 0.006298741899743875 0.052130094059906443 0.055899541099962695 0.020532446748184045
leaf_weight=102.16636953798431 3123.5128344345012 47.917738652016851 1856.252521216767 850.72477639448198 532.69875764357312 1629.4788810460532 223.47931652060629 180.06086077822533 113.73229265518853 7589.5305599814374 484.8504490588241 124.80111995649872 200.84814014291987 95.209082063096304
leaf_count=315 24153 94 1765 3464 241 8240 346 200 66 8691 3390 463 90 307
internal_value=7.00134e-05 0.00750926 0.00513029 0.0133701 -0.000954976 -0.00533256 -0.00629062 0.0177313 0.0241195 -0.00734822 0.0250783 0.0157734 0.0476553 0.00306522
internal_weight=17155.3 7221.61 6363.19 2706.98 3656.21 9933.66 9622.55 403.54 311.108 9219.01 858.417 609.652 248.766 197.375
internal_count=51825 33660 29623 5229 24394 18165 17477 546 688 16931 4037 3853 184 622
is_linear=0
shrinkage=0.0357863


Tree=29
num_leaves=16
num_cat=0
split_feature=6 14 3 1 6 3 7 18 16 16 7 3 3 7 10
split_gain=799.319 595.687 373.142 330.234 429.452 316.356 303.377 412.754 349.487 162.464 149.418 103.979 98.9739 171.582 63.3069
threshold=3.3484999221400365e-05 -1.0000000180025095e-35 0.012766879517585041 0.0018329236190766098 1.7509999452158812e-05 0.0038998605450615291 -0.0029213693924248214 31.222100257873539 0.0029217118863016371 0.0023863700916990642 0.0016009346581995489 0.037331111729145057 0.026980970054864887 0.035711938515305526 0.0017707719234749677
decision_type=2 2 2 2 2 2 2 2 2 2 2 2 2 2 2
left_child=2 9 3 4 -1 -5 7 -3 -8 10 -2 -11 14 -14 -4
right_child=1 6 12 5 -6 -7 8 -9 -10 11 -12 -13 13 -15 -16
leaf_value=0.001196279355468398 0.014456637338706342 0.033047957140543462 0.010377528423593076 0.03374552391154223 0.037567257139227574 0.0071896833670836054 -0.021757544199539597 -0.012366959432817709 -0.0033598971959768026 0.024261893668334405 -0.0063594291100753861 0.0018177653570492956 0.060054385771475205 -0.029585543655188836 -0.033016275764165791
leaf_weight=3517.4293480735842 643.01906206409035 417.36529826289814 46.74512102025983 1353.0152277304805 472.07550632110815 1009.2553604583372 3872.0108909215728 662.15227361675545 2019.9541897209824 795.01536194209166 1409.4385492264939 404.4311376112164 49.21297311710623 60.80302635656335 361.12092459729138
leaf_count=34077 1193 1160 103 1025 2253 606 2682 2301 1832 2189 1760 226 79 56 283
internal_value=-1.25653e-05 -0.00635946 0.0094247 0.0118117 0.00551415 0.0224236 -0.0122619 0.0051397 -0.0154598 0.00627715 0.00013483 0.0167409 -0.0197437 0.0100054 -0.0279055
internal_weight=17093 10223.4 6869.66 6351.78 3989.5 2362.27 6971.48 1079.52 5891.97 3251.9 2052.46 1199.45 517.882 110.016 407.866
internal_count=51825 13343 38482 37961 36330 1631 7975 3461 4514 5368 2953 2415 521 135 386
is_linear=0
shrinkage=0.0357863


Tree=30
num_leaves=16
num_cat=0
split_feature=5 6 12 2 15 0 7 4 7 4 13 17 6 12 6
split_gain=676.562 539.035 439.189 448.608 385.685 423.13 422.857 227.938 200.653 239.825 182.388 171.775 159.92 51.6945 17.8109
threshold=0.0017572190263308587 3.5914999898523099e-05 63.853853225708015 26.500000000000004 -1.0000000180025095e-35 4.8164998588617898e-05 -0.0051151392981410018 0.0082687353715300577 0.016112976707518104 0.0087924571707844752 -0.0034533515572547908 0.014237097930163147 -3.4394999602227465e-05 63.406349182128913 7.8849998317309672e-06
decision_type=2 2 2 2 2 2 2 2 2 2 2 2 2 2 2
left_child=1 8 3 -3 11 7 -7 -6 9 -1 -4 12 -2 -13 -10
right_child=4 2 10 -5 5 6 -8 -9 14 -11 -12 13 -14 -15 -16
leaf_value=0.0010269243753619657 -0.00060643309414674398 -0.026035381476678009 0.046124456538159969 0.020005483805863433 0.03131753703990587 -0.029862451167338027 0.013674305524521882 -0.015962612093112751 0.060647534665275615 -0.022276631259245189 -0.026253361108724112 -0.0076767587821544676 -0.018600395107471829 0.058794634363033858 0.0079269276114570277
leaf_weight=1448.7678683550098 780.63435037020827 287.02355904619253 49.2721741076748 4582.9204298935456 139.89777314902858 320.20330667382814 2606.4333843763234 1826.8987280313145 59.9751871856582 923.27479896472278 427.55245748332436 18.983881107979869 3486.7593070492112 52.572801975637049 12.441319126358989
leaf_count=4533 3885 1109 83 1815 932 1588 2505 13272 400 4023 393 195 16903 92 97
internal_value=-6.53808e-05 0.00769732 0.0140651 0.0172804 -0.00662241 0.000253864 0.00889173 -0.012571 -0.00620798 -0.00802 -0.018656 -0.0143903 -0.0153219 0.0403785 0.0523657
internal_weight=17023.6 7791.23 5346.77 4869.94 9232.38 4893.43 2926.64 1966.8 2444.46 2372.04 476.825 4338.95 4267.39 71.5567 72.4165
internal_count=51825 12453 3400 2924 39372 18297 4093 14204 9053 8556 476 21075 20788 287 497
is_linear=0
shrinkage=0.0357863


Tree=31
num_leaves=16
num_cat=0
split_feature=19 19 10 3 18 10 6 17 18 14 6 6 3 4 18
split_gain=503.809 220.48 292.896 314.882 235.902 176.248 197.272 146.264 210.755 140.473 135.049 154.337 114.789 85.1733 53.7852
threshold=0.0032472477760165934 0.0077344309538602838 0.0055987492669373759 0.044388988986611373 51.008853912353523 0.0032447876874357466 2.3799999553375532e-06 -0.0028125632088631387 45.933145523071296 1.0000000180025095e-35 -6.1554997955681743e-05 7.8580000263173147e-05 0.012453770264983179 0.0063578500412404546 48.464031219482429
decision_type=2 2 2 2 2 2 2 2 2 2 2 2 2 2 2
left_child=5 2 3 -2 -4 10 14 12 -9 -8 13 -12 -3 -1 -7
right_child=1 7 4 -5 -6 6 9 8 -10 -11 11 -13 -14 -15 -16
leaf_value=-0.013318425619565508 0.0066341726852762392 0.047405472541918868 -0.019145637910510774 0.056754811020174524 0.034674032514181601 -0.026120032513555533 0.058285863901424505 0.039660376069983766 -0.00097279093220265975 -0.014627688744102054 -0.010193455540636833 0.00015209265377882228 -0.036183456860363679 0.020147883902091886 0.0092591563776435425
leaf_weight=128.39899484603802 5122.8798417888247 27.73073381029451 890.36396778973437 166.10123245653449 117.49291323016416 95.330405522091979 160.28106746641188 603.22765417365679 220.58917097508106 41.438007571350056 6378.10050835736 2584.3735870300279 83.114147840431542 383.87054913703878 127.29858384018166
leaf_count=262 28388 1069 1864 56 497 304 151 1403 336 57 13959 2289 47 1082 61
internal_value=7.83252e-05 0.00726192 0.00484326 0.00821891 -0.0128157 -0.00516379 0.0173648 0.0234963 0.0287124 0.04303 -0.00617871 -0.00720402 -0.0147639 0.0116502 -0.00563921
internal_weight=17130.6 7231.5 6296.84 5288.98 1007.86 9899.09 424.348 934.662 823.817 201.719 9474.74 8962.47 110.845 512.27 222.629
internal_count=51825 33660 30805 28444 2361 18165 573 2855 1739 208 17592 16248 1116 1344 365
is_linear=0
shrinkage=0.0357863


Tree=32
num_leaves=16
num_cat=0
split_feature=9 15 13 15 10 9 18 18 14 15 18 16 15 19 12
split_gain=714.358 1426.77 478.974 297.699 266.678 218.4 360.364 222.257 214.576 274.506 189.066 260.332 180.434 122.276 69.1554
threshold=0.81174489855766307 -0.12940952181816107 0.013283515814691784 -0.98296290636062611 -0.0022837035357952114 -0.56174489110708226 46.135801315307624 37.911628723144538 -0.60785761475563038 0.12940952181816107 26.178859710693363 0.0022708023898303513 -0.37940952181816096 0.0017175430548377337 56.875576019287116
decision_type=2 2 2 2 2 2 2 2 2 2 2 2 2 2 2
left_child=2 3 5 14 -5 7 -7 -1 9 -4 11 -3 -10 -12 -2
right_child=1 10 8 4 -6 6 -8 -9 12 -11 13 -13 -14 -15 -16
leaf_value=-0.015620930723913649 0.054690998152771023 -0.021753782242179595 -0.0061594260511134277 0.028972808816332966 -0.00031768424652452501 0.016163524855675255 -0.0087749506406617252 0.023756893569425723 0.0163674120145035 0.035551183152738558 0.03775165775261391 0.042515150831663129 -0.022831444864109113 -0.028641091936010103 0.020955197533608
leaf_weight=706.08452771220948 179.16342089384648 246.24211353415086 838.02618884660478 462.24749093550827 2841.8746099358136 5737.3600632761427 849.20560738054883 247.33072727241995 171.85889668896925 265.82656196961761 35.205840111164889 120.02685274117238 1125.6458294831264 3085.9649475213887 150.19764657819701
leaf_count=8525 341 156 401 888 2684 25118 4368 4024 455 293 12 308 535 3679 38
internal_value=-1.01234e-05 -0.00866528 0.00618388 0.00701608 0.00376318 0.01062 0.0129397 -0.00534682 -0.00772156 0.00383468 -0.0250194 -0.000539272 -0.0175962 -0.0278741 0.0394777
internal_weight=17062.3 7120.92 9941.34 3633.48 3304.12 7539.98 6586.57 953.415 2401.36 1103.85 3487.44 366.269 1297.5 3121.17 329.361
internal_count=51825 8106 43719 3951 3572 42035 29486 12549 1684 694 4155 464 990 3691 379
is_linear=0
shrinkage=0.0357863


Tree=33
num_leaves=16
num_cat=0
split_feature=5 11 19 6 7 14 5 7 11 4 3 3 2 3 19
split_gain=637.075 590.679 414.093 518.307 371.166 619.404 337.142 235.808 210.431 193.993 201.436 183.649 138.145 112.069 106.326
threshold=0.0017572190263308587 0.37940952181816107 0.0023612963268533353 4.0000000808504417e-05 0.028725375421345237 -0.60785761475563038 0.0026441816007718448 0.0082480707205832022 -1.0000000180025095e-35 0.012916737701743843 -0.0021408871980383988 -0.018207542598247525 29.500000000000004 1.0000000180025095e-35 0.0017918518860824408
decision_type=2 2 2 2 2 2 2 2 2 2 2 2 2 2 2
left_child=1 2 11 -4 6 13 7 -2 -7 14 -11 -1 -8 -6 -3
right_child=4 9 3 -5 5 8 12 -9 -10 10 -12 -13 -14 -15 -16
leaf_value=0.043428207801347103 -0.011162380363433505 0.0042702493001186117 -0.013267849038912021 0.023270548375616162 0.022519431772973213 0.0078004346674582729 -0.025632922971573109 0.0042833844555401806 0.037191176904450195 0.022644266670097082 -0.014599965768217661 -0.012487789822602428 0.016981535322151107 -0.027836304591211353 0.027300883916462737
leaf_weight=77.255057216554633 3513.7051618811247 299.401579720462 757.04400549087359 1440.8718852726824 62.171745685730457 652.66014294974218 1753.5851516361754 1972.2084049651721 608.23049281611122 361.04606502634488 382.32703723440227 2384.1834732603288 101.53693525631479 526.19039117313514 2089.8561975218017
leaf_count=30 12024 733 2844 876 551 1253 16890 4328 1266 117 990 3608 2769 291 3255
internal_value=-7.41095e-05 0.00745012 -0.000617293 0.0106599 -0.00645962 0.00785238 -0.0100725 -0.00559936 0.0220226 0.0194671 0.00341375 -0.0107099 -0.0232702 -0.0224198 0.0244384
internal_weight=16982.3 7791.99 4659.35 2197.92 9190.29 1849.25 7341.04 5485.91 1260.89 3132.63 743.373 2461.44 1855.12 588.362 2389.26
internal_count=51825 12453 7358 3720 39372 3361 36011 16352 2519 5095 1107 3638 19659 842 3988
is_linear=0
shrinkage=0.0357863


Tree=34
num_leaves=15
num_cat=0
split_feature=5 5 10 7 13 10 7 12 12 13 5 5 10 13
split_gain=442.516 243.293 226.799 195.297 299.817 289.21 173.842 168.764 162.296 121.807 101.154 90.7242 88.4011 27.8563
threshold=0.0017469235463067891 0.0052541063632816085 0.0032447876874357466 0.0098525746725499647 0.0065604138653725394 0.0028887147782370452 -0.011573998257517813 65.168674468994155 28.961016654968265 -0.0085306139662861807 0.0017043149564415219 0.0073742726817727098 -0.0014928135788068173 0.0069329568650573501
decision_type=2 2 2 2 2 2 2 2 2 2 2 2 2 2
left_child=2 3 6 5 -5 -2 12 8 -3 -8 13 -9 -1 -4
right_child=1 7 10 4 -6 -7 9 11 -10 -11 -12 -13 -14 -15
leaf_value=-0.0055090916669338647 0.0040574314657148159 -0.015472160157209208 0.05836373438698602 -0.017259598525918199 0.0039287086935559301 0.028300412081984219 0.023519233150354864 0.013407875097374912 0.036000656042727362 -0.010198724825603887 -0.029222166745823265 -0.02466536646163071 0.019061271692566877 0.0086740896166656711
leaf_weight=322.03881025593165 4064.90949028356 86.992692159841909 102.44014771240921 1265.0004889930278 2633.4205413283398 747.90680689889678 139.31945675445968 232.48744147735465 683.38544565492111 6223.1174224944934 23.354246207338349 122.27645330776659 439.87440030955366 20.012049473822117
leaf_count=1252 23844 41 154 8744 1805 1511 354 124 3467 8927 23 40 1521 18
internal_value=8.95167e-05 0.00504103 -0.00660208 0.00301081 -0.00293235 0.00783645 -0.00751288 0.0207097 0.0301154 -0.00945156 0.0375149 0.000126974 0.00860263 0.0507018
internal_weight=17106.5 9836.38 7270.16 8711.24 3898.42 4812.82 7124.35 1125.14 770.378 6362.44 145.806 354.764 761.913 122.452
internal_count=51825 39576 12249 35904 10549 25355 12054 3672 3508 9281 195 164 2773 172
is_linear=0
shrinkage=0.0357863


Tree=35
num_leaves=15
num_cat=0
split_feature=9 15 17 3 15 13 1 7 12 13 19 19 15 16
split_gain=676.22 1359.94 480.088 454.493 447.85 364.19 358.474 204.915 203.224 197.486 171.589 132.506 117.087 87.8224
threshold=0.81174489855766307 -0.12940952181816107 -0.0013973332243040202 0.0038998605450615291 -0.37940952181816096 0.0012570431572385134 0.0017655203700996938 0.027240242809057239 27.328312873840336 -0.0080802962183952314 0.0034417407587170605 0.0017918518860824408 0.60355338454246532 0.0021247927797958259
decision_type=2 2 2 2 2 2 2 2 2 2 2 2 2 2
left_child=3 2 4 6 -2 -4 9 10 -9 -1 -5 -3 -8 -13
right_child=1 11 5 7 -6 -7 12 8 -10 -11 -12 13 -14 -15
leaf_value=-0.0068312580965061822 0.041693028559328764 0.01763891014176942 -0.010976261908955221 -0.0041707439751867805 -0.010859888637509146 0.017385459988991023 0.016965051083966485 0.036619416667983677 -0.017598727691967304 0.011783366649439355 0.012988591080044208 -0.03074004733296393 0.037048511597103491 -0.018824223336042865
leaf_weight=963.50513428454997 756.66981825315543 90.881754816118701 1729.2823460309887 1864.6077690739476 284.11767708456273 871.83682594206766 713.32752021422766 94.428918245883324 1292.3084247207698 2971.0478064764375 1241.5371111102177 1951.7911147860898 810.7453494070287 1391.9662117423902
leaf_count=2273 1137 29 2358 1247 256 200 1017 25 1104 36358 1337 878 358 3248
internal_value=-1.27296e-05 -0.00847293 0.00675 0.00599771 0.0272932 -0.00144849 0.0129377 -0.00242155 -0.0138662 0.00721072 0.00266989 -0.0246308 0.0276856 -0.0257965
internal_weight=17028.1 7076.55 3641.91 9951.51 1040.79 2601.12 5458.63 4492.88 1386.74 3934.55 3106.14 3434.64 1524.07 3343.76
internal_count=51825 8106 3951 43719 1393 2558 40006 3713 1129 38631 2584 4155 1375 4126
is_linear=0
shrinkage=0.0357863


Tree=36
num_leaves=16
num_cat=0
split_feature=12 0 6 2 11 17 7 8 7 7 6 11 2 11 13
split_gain=564.932 653.142 540.681 431.121 373.081 484.118 301.281 215.417 187.793 216.64 358.098 150.047 84.5719 79.3844 14.0191
threshold=72.804443359375014 3.7390000215964399e-05 8.7300002633128329e-05 26.500000000000004 0.37940952181816107 -0.00044312322279438371 -0.0046070057433098546 28.500000000000004 0.032365528866648681 -0.0010550441220402715 -2.9925000490038652e-05 -0.37940952181816096 26.500000000000004 -0.6035533845424651 0.025404510088264946
decision_type=2 2 2 2 2 2 2 2 2 2 2 2 2 2 2
left_child=1 4 3 -3 7 -6 -4 -1 9 10 -2 13 -11 -10 -13
right_child=8 2 6 -5 5 -7 -8 -9 11 12 -12 14 -14 -15 -16
leaf_value=-0.017996237285838976 0.038633729770342552 -0.015995000809049753 -0.027502240633406758 0.021085381582781691 -0.021030191897490939 0.018470409863611304 0.0027963043382714329 0.0091006330522833915 0.00079907184409598782 0.018630315146470199 -0.029205398630611817 0.0060757328242519292 -0.030876067813338563 0.064779704150895928 -0.033182495796731895
leaf_weight=3074.2540603639582 178.64825500987445 446.53187111354055 458.92685407119279 3851.9617177749569 593.27551320545854 1199.6553287812144 4988.6910583799217 425.13190525308164 41.019604139693911 44.346060251203653 225.2323958845443 11.848473671250089 1271.6406289877818 70.797323809529175 55.574352962747071
leaf_count=17801 107 3185 1993 2692 7270 6836 3983 6103 98 1012 191 91 378 26 59
internal_value=-8.6593e-05 0.00223263 0.00773128 0.0172204 -0.00788287 0.00536849 0.00023352 -0.0146883 -0.0184812 -0.0221279 0.00066336 0.0161969 -0.0291651 0.0418117 -0.025453
internal_weight=16937.5 15038.4 9746.11 4298.49 5292.32 1792.93 5447.62 3499.39 1899.11 1719.87 403.881 179.24 1315.99 111.817 67.4228
internal_count=51825 49863 11853 5877 38010 14106 5976 23904 1962 1688 298 274 1390 124 150
is_linear=0
shrinkage=0.0357863


Tree=37
num_leaves=16
num_cat=0
split_feature=16 18 18 11 11 3 7 11 0 11 18 18 7 16 7
split_gain=499.576 204.744 334.701 363.547 227.283 174.275 143.927 118.702 112.485 123.808 126.411 105.293 71.2301 181.648 120.915
threshold=0.0021821755217388277 28.941781997680668 38.026239395141609 -0.6035533845424651 1.0000000180025095e-35 0.008319794666022064 0.020851619541645054 0.91597560048103344 -6.1554997955681743e-05 -0.98296290636062611 33.635713577270515 29.070840835571293 -0.00027782371034845704 0.0015666789840906861 -0.015443584416061638
decision_type=2 2 2 2 2 2 2 2 2 2 2 2 2 2 2
left_child=8 5 3 -3 -4 7 -7 -2 12 10 -10 -11 14 -14 -1
right_child=1 2 4 -5 -6 6 -8 -9 9 11 -12 -13 13 -15 -16
leaf_value=0.018283140221419931 -0.016013297105903913 0.029482099779946813 -0.00836639795462241 0.0048532429611575596 0.012300036086774793 -0.0058955397617705555 0.031620272797675146 0.048601822523161732 -0.01213510433658062 -2.4051877227288663e-05 0.042447090862370244 -0.0091721487420981639 -0.025595002503370223 0.041062111783245647 -0.019801011620680913
leaf_weight=217.45717150599381 946.29676150053353 1683.347146674902 1492.206358770482 1422.2586846480722 1253.4503345134613 269.71535381142894 250.93649673261098 37.465866595248485 90.204261080725189 2140.5374581856731 131.95231741899494 6671.8512780579194 70.421401191335661 195.38678017109763 209.61942576572136
leaf_count=654 5614 4929 6403 9001 5929 206 150 612 299 4485 239 12337 134 225 608
internal_value=0.000101094 0.00714187 0.0101723 0.018221 0.00104788 -0.00460727 0.0120785 -0.0134951 -0.00521723 -0.00628655 0.0200329 -0.00695643 0.00864461 0.0231914 -0.000278348
internal_weight=17083.1 7355.68 5851.26 3105.61 2745.66 1504.41 520.652 983.763 9727.43 9034.55 222.157 8812.39 692.885 265.808 427.077
internal_count=51825 32844 26262 13930 12332 6582 356 6226 18981 17360 538 16822 1621 359 1262
is_linear=0
shrinkage=0.0357863


Tree=38
num_leaves=16
num_cat=0
split_feature=6 11 8 6 7 11 13 16 12 7 5 5 6 6 6
split_gain=671.869 519.846 507.178 533.173 336.856 363.953 307.876 296.717 283.742 276.708 260.776 116.664 26.0243 35.0736 16.1379
threshold=3.3484999221400365e-05 0.91597560048103344 27.500000000000004 7.4114999733865275e-05 0.0013526164693757894 -0.6035533845424651 -0.018493271432816979 0.0029217118863016371 78.896350860595717 -0.012036373838782309 0.0025519982445985083 0.0029662576271221046 -6.9195000833133222e-05 -0.000120565000543138 1.7509999452158812e-05
decision_type=2 2 2 2 2 2 2 2 2 2 2 2 2 2 2
left_child=1 8 4 11 6 -6 -2 -5 9 -1 -10 -4 13 -3 -14
right_child=2 12 3 7 5 -7 -8 -9 10 -11 -12 -13 14 -15 -16
leaf_value=-0.0012214441867924451 -0.015538782857069621 -0.021988545191465342 -0.028865822208491626 -0.011959174827594817 0.019725608122260103 -0.0092166787086175629 0.026734582458075952 0.011268174825516461 -0.025703681177044961 0.017671420875142646 0.052385935965545638 0.011335057430360099 -0.030130347537563794 0.02549866781081641 -0.00282993750987985
leaf_weight=1257.0519345095836 277.43378509691956 62.005596364456835 2087.2837045408537 2064.8579582180364 697.1703683650826 2745.3168840891158 1051.368519070294 1067.0153385002313 408.66753877994336 4627.3940747800843 62.859431894630575 94.672852547983439 426.16639471492471 28.619665849845717 34.55314297415697
leaf_count=13634 355 297 1526 1692 1831 3592 2971 986 262 19580 189 390 3862 238 420
internal_value=-1.20242e-05 0.00858306 -0.00590437 -0.0135105 0.00255497 -0.00333899 0.0178663 -0.00402782 0.0114806 0.013626 -0.0151739 -0.0270958 -0.0247178 -0.00637285 -0.0282045
internal_weight=16992.4 6907.32 10085.1 5313.83 4771.29 3442.49 1328.8 3131.87 6355.97 5884.45 471.527 2181.96 551.345 90.6253 460.72
internal_count=51825 38482 13343 4594 8749 5423 3326 2678 33665 33214 451 1916 4817 535 4282
is_linear=0
shrinkage=0.0357863


Tree=39
num_leaves=14
num_cat=0
split_feature=16 11 16 16 16 17 17 17 11 14 11 1 11
split_gain=514.094 535.35 396.234 332.609 296.898 343.69 250.191 168.889 233.529 167.249 133.83 121.797 68.3467
threshold=0.002708064741455019 0.37940952181816107 0.0016307443729601803 0.0083471625111997145 0.0019690414192155008 0.0050389415118843326 0.0015296824276447298 0.0054238624870777139 1.0000000180025095e-35 1.0000000180025095e-35 -0.6035533845424651 0.017403234727680687 0.78656607866287243
decision_type=2 2 2 2 2 2 2 2 2 2 2 2 2
left_child=1 2 6 7 5 -3 -1 10 -9 -4 -2 -6 -5
right_child=3 4 9 12 11 -7 -8 8 -10 -11 -12 -13 -14
leaf_value=-0.0052838540275774067 -0.023680294139874623 0.020035792864887218 0.0082129856523426078 -0.029849181541729695 -0.0076646290989686562 -0.032636479827233493 -0.027321661539793412 0.013170874554129559 -0.01967944471943946 -0.0096722249809707093 -0.0092092660250786378 0.055761309575268321 0.059772274052186776
leaf_weight=2294.0122548053819 1544.9657376727082 3595.1690823751569 3567.5747648289116 11.325111506768677 888.16561579135805 165.18161570425718 931.36226202297757 688.460636366269 463.84423346064636 821.71757030893423 1779.5070263220009 40.38547118306451 101.47052803180492
leaf_count=3337 7683 6228 6957 455 5277 266 1424 2237 1131 4463 12205 5 157
internal_value=-9.49608e-05 0.00371458 -0.00213684 -0.0103196 0.0132291 0.0177071 -0.0116649 -0.011859 -4.0078e-06 0.00485193 -0.0159512 -0.00484517 0.0502756
internal_weight=16893.1 12303.6 7614.67 4589.57 4688.9 3760.35 3225.37 4476.78 1152.3 4389.29 3324.47 928.551 112.796
internal_count=51825 27957 16181 23868 11776 6494 4761 23256 3368 11420 19888 5282 612
is_linear=0
shrinkage=0.0357863


Tree=40
num_leaves=16
num_cat=0
split_feature=16 15 7 15 7 5 13 7 13 15 7 7 10 16 15
split_gain=470.211 249.519 299.126 251.968 206.346 202.221 125.103 108.761 127.328 126.747 201.43 159.178 112.583 87.4388 66.7769
threshold=0.0021821755217388277 0.78656607866287243 -0.0034264907008036967 -0.91597560048103321 -0.010371554642915724 0.0024565276689827447 0.037479944527149207 -0.011573998257517813 -0.0022550210123881693 -0.91597560048103321 -0.0053258368279784909 -0.00076534639811143268 -0.0014928135788068173 0.0022708023898303513 0.78656607866287243
decision_type=2 2 2 2 2 2 2 2 2 2 2 2 2 2 2
left_child=7 3 4 6 -3 -5 -2 8 14 10 -9 -11 -10 -4 -1
right_child=1 2 13 5 -6 -7 -8 9 12 11 -12 -13 -14 -15 -16
leaf_value=0.0027918796904638321 -0.027770351971853378 0.0020943881226976537 0.020188964494344548 0.021853681026028669 0.06044554236485316 0.0073306884662810452 0.010327187286621442 -0.012821335239911857 -0.010816371144820357 -0.016565431094703167 0.0180367083812219 -0.0048405720131806489 0.033997529926567828 -0.01847373574296687 -0.02484245407377984
leaf_weight=454.89333089006868 316.7639974690228 225.17554240820306 79.518438157722812 1893.1208818205637 120.15561302406303 3547.9072958113716 166.7809229225968 468.08342229181051 94.122697952902513 2031.8551968314587 639.80585890794248 5578.2755913657375 281.27731733284361 1013.5956457708537 147.53439883385727
leaf_count=779 3605 2257 150 6228 546 16975 67 442 2103 4277 1472 7779 1955 3016 174
internal_value=0.000117538 0.00693869 -0.00640713 0.0101884 0.0225606 0.0123941 -0.0145142 -0.00505666 0.00623167 -0.00632921 0.00494862 -0.00797841 0.0226123 -0.0156098 -0.00388307
internal_weight=17058.9 7363.02 1438.45 5924.57 345.331 5441.03 483.545 9695.85 977.828 8718.02 1107.89 7610.13 375.4 1093.11 602.428
internal_count=51825 32844 5969 26875 2803 23203 3672 18981 5011 13970 1914 12056 4058 3166 953
is_linear=0
shrinkage=0.0357863


Tree=41
num_leaves=16
num_cat=0
split_feature=6 9 15 11 9 15 0 11 19 3 1 1 3 14 17
split_gain=623.659 698.474 909.547 489.942 363.615 339.942 325.622 275.061 264.684 248.177 194.122 104.937 26.5162 17.4582 13.5366
threshold=3.3484999221400365e-05 0.81174489855766307 -0.37940952181816096 0.91597560048103344 -0.56174489110708226 -0.6035533845424651 7.1050002588890506e-05 -0.6035533845424651 0.0017918518860824408 0.026013863272964958 -0.0030611858237534757 -0.00013858154125045982 -0.012384225614368914 0.6078576147556306 -0.00085377972573041905
decision_type=2 2 2 2 2 2 2 2 2 2 2 2 2 2 2
left_child=3 7 6 4 11 -6 -3 9 -4 -2 -9 -1 13 -5 -14
right_child=1 2 8 12 5 -7 -8 10 -10 -11 -12 -13 14 -15 -16
leaf_value=-0.029689398905072106 0.022570742892671244 -0.030701286005709393 0.026947972840866523 0.054547737818772354 0.0023383589638459059 0.020438809034414949 0.020620226523636521 0.012690488667373838 -0.026849562251358677 -0.028579380805018734 -0.005816378938996382 -0.00010624281542034246 -0.0093639983970032169 -0.021871065136649184 -0.027940584523525474
leaf_weight=309.59526748145436 1175.2284997030856 189.68607451851096 120.29235652161833 8.8806754724646435 2099.9364626558545 3653.8674424322417 939.05320977331337 941.40673676680672 3370.9963956776669 134.55475865078552 3160.0475220488797 312.26082207148647 67.070775406480436 5.4364874116818092 462.09680473641873
leaf_count=876 3099 397 36 69 9097 15998 465 1055 1610 206 6475 7694 1934 52 2762
internal_value=-2.03453e-05 -0.00572461 -0.0159463 0.00824151 0.0110279 0.0138425 0.0119458 0.00299213 -0.0249799 0.0172731 -0.00155482 -0.0149247 -0.0243422 0.0216253 -0.0256921
internal_weight=16950.4 10031.3 4620.03 6919.14 6375.66 5753.8 1128.74 5411.24 3491.29 1309.78 4101.45 621.856 543.485 14.3172 529.168
internal_count=51825 13343 2508 38482 33665 25095 862 10835 1646 3305 7530 8570 4817 121 4696
is_linear=0
shrinkage=0.0357863


Tree=42
num_leaves=16
num_cat=0
split_feature=12 0 15 7 11 11 10 4 0 7 2 15 2 7 7
split_gain=521.664 588.864 539.571 593.82 535.141 332.627 435.185 211.926 282.684 246.162 204.316 198.496 132.608 47.3239 25.9635
threshold=72.804443359375014 3.7390000215964399e-05 1.0000000180025095e-35 -0.0053258368279784909 0.12940952181816109 0.37940952181816107 -0.0023533410858362909 0.012345324736088516 -4.0229999285656952e-05 0.032365528866648681 28.500000000000004 -0.7865660786628722 26.500000000000004 -0.0034264907008036967 -0.013107635546475647
decision_type=2 2 2 2 2 2 2 2 2 2 2 2 2 2 2
left_child=1 5 4 -4 -3 10 -7 8 13 12 -1 -11 -9 -2 -10
right_child=7 2 3 -5 -6 6 -8 9 14 11 -12 -13 -14 -15 -16
leaf_value=-0.017335837463481517 0.018058127317753605 -0.016841532790236528 -0.023135933944499563 0.016947125438199089 0.011212362964285853 -0.028905530908897865 0.014071422335219751 0.038314129516703328 0.028088314528054693 0.062036287739564898 0.0091607145625595705 -0.014488177680681039 -0.030173823634453409 0.062537952617772785 -0.027571989172362806
leaf_weight=3022.0430289799879 53.175194513984025 1890.1028330096406 514.85806915891044 5724.8415326657914 1612.7835452356139 382.93037251911596 1416.4573549935037 36.479407586798516 10.591400657340641 72.220532189116057 422.20257014243725 106.85837718598737 1351.8579377850215 88.711404762142138 145.38110856980697
leaf_count=17817 49 3571 2249 3818 2215 4612 9494 862 26 84 6087 188 431 30 292
internal_value=-0.000106532 0.00211149 0.00731865 0.0136307 -0.0039091 -0.00755265 0.0048942 -0.0179567 0.00958113 -0.0232256 -0.0140716 0.0160622 -0.0283337 0.0462653 -0.0234317
internal_weight=16851.5 14986.2 9742.59 6239.7 3502.89 5243.63 1799.39 1865.28 297.859 1567.42 3444.25 179.079 1388.34 141.887 155.973
internal_count=51825 49863 11853 6067 5786 38010 14106 1962 397 1565 23904 272 1293 79 318
is_linear=0
shrinkage=0.0357863


Tree=43
num_leaves=16
num_cat=0
split_feature=16 15 15 18 4 16 4 16 18 18 11 4 17 15 13
split_gain=439.503 235.079 237.578 255.563 133.116 115.09 153.201 119.155 104.814 140.709 185.56 125.021 159.965 112.44 102.177
threshold=0.0021821755217388277 0.78656607866287243 -0.91597560048103321 39.578218460083015 0.011813072953373195 0.0027218842878937726 0.02017909195274115 0.0022708023898303513 29.070840835571293 31.429351806640629 -0.98296290636062611 0.012162262108176948 -0.0030301659135147925 -0.91597560048103321 -0.0070963667239993802
decision_type=2 2 2 2 2 2 2 2 2 2 2 2 2 2 2
left_child=8 2 4 -4 -2 7 -7 -3 11 14 -11 12 -1 -13 -10
right_child=1 5 3 -5 -6 6 -8 -9 9 10 -12 13 -14 -15 -16
leaf_value=0.040340226523921545 0.024127455198347136 0.01390759529279652 0.016817606426648313 -0.00039309381448613502 -0.023484815103986725 0.026919847192131943 -0.0073739737236767963 -0.025288867522986289 0.0099024486351464366 0.033142057526583307 -0.0054433818073593874 0.053973859540501323 0.003170501298989774 -0.015368117347630113 -0.019338560628226229
leaf_weight=165.02323033134576 92.193700266551616 121.26414711927879 3927.7090506091336 1528.674553291763 387.90609360965317 236.3729731333525 563.95580651756757 511.52706627502874 168.3078072944536 163.97573521403501 5561.2191676541634 31.21093379094259 1516.3294965621742 597.84117500228263 1458.930623587632
leaf_count=310 581 275 15638 7565 3091 1242 3239 1213 202 339 10573 147 3595 952 2863
internal_value=0.000126684 0.00671237 0.00985639 0.0119856 -0.0142248 -0.00627217 0.00268475 -0.0176889 -0.00489026 -0.0069811 -0.00432842 0.00173921 0.0068522 -0.0118378 -0.0162797
internal_weight=17032.4 7369.6 5936.48 5456.38 480.1 1433.12 800.329 632.791 9662.84 7352.43 5725.19 2310.4 1681.35 629.052 1627.24
internal_count=51825 32844 26875 23203 3672 5969 4481 1488 18981 13977 10912 5004 3905 1099 3065
is_linear=0
shrinkage=0.0357863


Tree=44
num_leaves=16
num_cat=0
split_feature=6 9 6 13 1 17 3 10 10 14 13 3 10 10 8
split_gain=592.058 668.615 530.631 342.515 305.169 437.776 244.33 220.538 219.524 327.921 242.053 108.019 153.308 30.4626 27.5751
threshold=3.3484999221400365e-05 0.81174489855766307 7.4114999733865275e-05 0.013283515814691784 0.0018329236190766098 -0.0015515355044044552 0.0038998605450615291 0.0027818448143079881 -0.00027367696748115117 0.6078576147556306 -0.010262030642479656 0.026980970054864887 0.0073832657653838405 0.0015038520796224477 28.500000000000004
decision_type=2 2 2 2 2 2 2 2 2 2 2 2 2 2 2
left_child=3 8 14 4 5 -1 -6 -4 10 -10 -2 13 -13 -5 -3
right_child=1 2 7 11 6 -7 -8 -9 9 -11 -12 12 -14 -15 -16
leaf_value=0.022260608196437985 -0.0099183145502445818 -0.031160485041896321 -0.014163312850196043 0.0043632373677369518 0.030153517928956403 -0.0034798822694748844 0.0069545078116218387 0.0065812156946382207 0.004266244843350169 -0.020524690460552834 0.019156689676665332 0.057006241308623806 -0.028135852420668409 -0.032658186401476545 -0.0083517818202883676
leaf_weight=1205.6980877439464 478.25222447830583 1805.3812657899136 1562.7145257650125 28.090045260791157 1381.1676224877265 2829.5370467027233 1016.7399162188758 1127.3066002085236 2443.9367527072704 947.56528309347505 1542.5256684772062 49.665555140571087 58.757875648865593 353.34540554261184 77.598125501215463
leaf_count=13890 730 828 921 76 1024 22467 613 385 3925 1606 4574 80 55 277 374
internal_value=-1.81272e-05 -0.00559735 -0.0156735 0.00802088 0.0102232 0.00419734 0.0203403 -0.00544909 0.002906 -0.00264372 0.0122479 -0.0207872 0.0103503 -0.0297849 -0.0302503
internal_weight=16908.3 9985.28 4573 6923 6433.14 4035.24 2397.91 2690.02 5412.28 3391.5 2020.78 489.859 108.423 381.435 1882.98
internal_count=51825 13343 2508 38482 37994 36357 1637 1306 10835 5531 5304 488 135 353 1202
is_linear=0
shrinkage=0.0357863


Tree=45
num_leaves=14
num_cat=0
split_feature=5 12 0 2 16 19 1 12 9 1 3 19 19
split_gain=524.277 413.761 354.007 383.444 262.025 281.547 292.261 187.443 143.461 92.0849 64.9005 63.7889 43.0488
threshold=0.0017572190263308587 64.171314239501967 3.511000068101567e-05 26.500000000000004 0.0083471625111997145 0.0071274864021688708 0.018962689675390724 51.669946670532234 1.0000000180025095e-35 -0.0008919234387576579 -0.0033217421732842918 0.0080584790557622927 0.0082144732587039488
decision_type=2 2 2 2 2 2 2 2 2 2 2 2 2
left_child=1 2 7 -4 5 6 -2 -1 9 -3 -10 -6 -7
right_child=4 8 3 -5 11 12 -8 -9 10 -11 -12 -13 -14
leaf_value=-0.010704605419033038 -0.0058466678942343973 0.038964155539906994 -0.025392163741369222 0.017423397713410178 0.05681321256185215 -0.031625289390200685 0.028386498728022781 0.013672347170211272 -0.00012186137020439015 -0.0069828309688393176 -0.028385251379352421 -0.029753046887594174 -0.016418203109573547
leaf_weight=1322.7085664464589 7589.1259148192494 82.898621019223356 283.38634244862988 4604.2303649740643 103.10628379099619 532.30466423689666 332.9450353662869 580.30665621084199 131.30114799788862 167.23224916094341 587.28918239387667 11.29345242982488 472.41942617765801
leaf_count=7230 35368 161 1165 1823 11 1619 128 940 116 509 509 601 1645
internal_value=-0.000117864 0.00670268 0.0098289 0.0149294 -0.0059776 -0.0066728 -0.00440083 -0.00324162 -0.0151539 0.00802196 -0.023299 0.0477761 -0.0245309
internal_weight=16800.5 7759.35 6790.63 4887.62 9041.19 8926.8 7922.07 1903.02 968.721 250.131 718.59 114.4 1004.72
internal_count=51825 12453 11158 2988 39372 38760 35496 8170 1295 670 625 612 3264
is_linear=0
shrinkage=0.0357863


Tree=46
num_leaves=16
num_cat=0
split_feature=19 19 15 7 13 12 12 7 3 18 7 19 1 7 13
split_gain=362.325 188.887 217.256 174.49 306.435 191.133 167.893 135.938 136.806 114.504 114.242 139.585 112.113 67.5539 46.9034
threshold=0.0032472477760165934 0.0077344309538602838 -0.6035533845424651 0.010808676015585663 -1.0000000180025095e-35 76.136108398437514 30.773969650268558 0.013479183427989485 0.0070709076244384059 28.821153640747074 0.015305402223020794 0.0022387030767276887 0.0050696865655481824 -0.0092308712191879732 0.018717620521783832
decision_type=2 2 2 2 2 2 2 2 2 2 2 2 2 2 2
left_child=7 3 14 5 -5 -2 -4 8 9 -1 11 -9 -12 -10 -3
right_child=1 2 6 4 -6 -7 -8 10 13 -11 12 -13 -14 -15 -16
leaf_value=0.0035079883584389249 0.0060087828983203494 -0.036597286690294474 -0.035316572392824423 -0.028598751014324429 0.0026695882719253656 0.029915160152079727 0.037750299243934617 0.061412876911205339 0.025293365691329721 -0.0065592339042691615 -0.013908139291836989 0.0098625537509899643 0.024203458055136042 -0.023070280449900327 0.0020632797785339338
leaf_weight=1863.0967647460429 2623.2517279863655 47.36701568292483 42.362604811664937 470.5988568920875 2718.6476340481945 514.64402210633398 601.89406375427177 101.25235119029978 37.974183929851279 6382.965791765032 301.78659901296521 210.72070498335043 146.75337192578445 691.48056810426351 252.51943696455237
leaf_count=3769 21445 641 11 414 8718 228 2131 176 64 11640 1551 487 92 386 72
internal_value=0.000145016 0.00619233 0.0211372 0.00395335 -0.00192682 0.00994758 0.0328584 -0.00436562 -0.00560054 -0.00427787 0.010135 0.0267744 -0.00131365 -0.0204755 -0.00385736
internal_weight=17007.3 7271.29 944.143 6327.14 3189.25 3137.9 644.257 9736.03 8975.52 8246.06 760.513 311.973 448.54 729.455 299.886
internal_count=51825 33660 2855 30805 9132 21673 2142 18165 15859 15409 2306 663 1643 450 713
is_linear=0
shrinkage=0.0357863


Tree=47
num_leaves=14
num_cat=0
split_feature=11 2 15 17 11 4 7 2 16 17 14 17 12
split_gain=554.115 514.442 1169.84 681.799 554.743 413.299 342.787 181.99 143.897 218.4 112.12 147.244 36.6754
threshold=0.91597560048103344 27.500000000000004 -0.12940952181816107 -0.0013973332243040202 -0.6035533845424651 0.0090508740395307558 -0.00051923983846791078 28.500000000000004 0.001010458334349096 -0.0010082861990667877 -1.0000000180025095e-35 0.00086062125046737503 58.50970649719239
decision_type=2 2 2 2 2 2 2 2 2 2 2 2 2
left_child=1 4 3 -3 6 -6 -1 -4 9 -2 11 -10 -12
right_child=8 2 7 -5 5 -7 -8 -9 10 -11 12 -13 -14
leaf_value=0.0028667151711025299 0.077414038560513806 0.033369117871837765 -0.024018362219613849 -0.00026714480677158506 -0.014391880966553068 0.0082053549210874769 0.031714876912497407 -0.00035782772616323411 0.031161334848637902 -0.028063032332156047 -0.03008563317058249 -0.016724670626230898 -0.0094172149316448985
leaf_weight=773.34440817159884 48.471170068803573 1032.1990981558906 2786.5725723462851 3045.6524419461207 1420.2467389089438 3830.3601746265444 1689.9224062133717 495.1178591509256 100.08070716151911 51.224618446385833 1009.6271601019141 449.0319719006522 132.6252367419022
leaf_count=5532 84 2885 2067 4360 3687 16297 5135 5096 1583 98 3766 791 444
internal_value=-2.55054e-05 0.00220722 -0.00455626 0.0082333 0.00866728 0.0020823 0.0226808 -0.0204657 -0.0188471 0.0226597 -0.0213269 -0.00789462 -0.027735
internal_weight=16864.5 15073.4 7359.54 4077.85 7713.87 5250.61 2463.27 3281.69 1791.06 99.6958 1691.37 549.113 1142.25
internal_count=51825 45059 14408 7245 30651 19984 10667 7163 6766 182 6584 2374 4210
is_linear=0
shrinkage=0.0357863


Tree=48
num_leaves=16
num_cat=0
split_feature=5 12 6 6 15 9 3 10 4 16 15 10 10 3 9
split_gain=487.146 387.243 340.445 328.287 324.635 438.405 421.734 343.551 233.963 182.533 269.405 229.652 166.114 50.7041 29.208
threshold=0.0017572190263308587 64.171314239501967 4.0000000808504417e-05 4.6905000999686315e-05 -1.0000000180025095e-35 0.81174489855766307 0.0092150806449353712 0.0064719780348241338 0.0087924571707844752 0.0021368863526731734 -0.91597560048103321 0.0082739186473190802 0.00023589979537064212 -0.0035537552321329709 1.0000000180025095e-35
decision_type=2 2 2 2 2 2 2 2 2 2 2 2 2 2 2
left_child=1 2 8 -4 9 7 -7 -6 -1 10 -2 -11 14 -14 -3
right_child=4 12 3 -5 5 6 -8 -9 -10 11 -12 -13 13 -15 -16
leaf_value=0.0068418088661137116 -0.024561980496710711 0.031265785068140386 0.036845174504325916 0.010776182301582525 -0.011329525743210519 0.030686583473107279 -0.017326261871805929 0.016708310263845446 -0.017337162131390776 -0.021410596724728725 0.0091498853873267522 0.014746770348999934 0.0003828663708083262 -0.024940445659252332 -0.00038023826541105948
leaf_weight=1374.755075201625 458.91278641658914 96.310282707532537 739.9833118613069 3866.2600601910672 2872.3569799380875 942.2994177008427 310.20148149505258 693.82073109149724 816.0920962710361 2583.953899728162 894.91685753684783 244.53209983279748 113.4816104538404 693.8473219242635 55.388315322458681
leaf_count=4494 1168 99 283 2513 14030 3264 114 889 3868 16848 2456 603 153 947 96
internal_value=-0.00012695 0.00644273 0.00945135 0.0149763 -0.00579423 0.000526205 0.0187507 -0.00585886 -0.00213934 -0.0130897 -0.00223627 -0.0182648 -0.0148223 -0.0213116 0.0193427
internal_weight=16757.1 7756.12 6797.09 4606.24 9000.99 4818.68 1252.5 3566.18 2190.85 4182.32 1353.83 2828.49 959.028 807.329 151.699
internal_count=51825 12453 11158 2796 39372 18297 3378 14919 8362 21075 3624 17451 1295 1100 195
is_linear=0
shrinkage=0.0357863


Tree=49
num_leaves=16
num_cat=0
split_feature=16 15 15 18 4 16 4 16 18 18 10 4 13 18 9
split_gain=387.779 217.131 223.621 236.493 128.065 109.817 141.646 115.617 97.2742 135.552 125.339 140.87 97.6495 88.8024 64.6114
threshold=0.0021821755217388277 0.78656607866287243 -0.91597560048103321 39.578218460083015 0.011813072953373195 0.0027218842878937726 0.02017909195274115 0.0022708023898303513 29.070840835571293 31.429351806640629 0.0013044666266068818 0.012162262108176948 -0.0070963667239993802 32.250362396240241 -1.0000000180025095e-35
decision_type=2 2 2 2 2 2 2 2 2 2 2 2 2 2 2
left_child=8 2 4 -4 -2 7 -7 -3 10 12 11 -1 -10 -11 -12
right_child=1 5 3 -5 -6 6 -8 -9 9 13 14 -13 -14 -15 -16
leaf_value=0.010577195130959357 0.023396514351015991 0.013647906667018544 0.016029322523986794 -0.00051576999979677251 -0.023223762786218904 0.025702521574078825 -0.0071817201571729378 -0.024946475779345167 0.0097551586359803898 0.012802134381358977 0.016371405173722767 -0.010997637701530375 -0.018824832501192417 -0.0051967458221513461 -0.027977744855828865
leaf_weight=1497.2260102703094 92.684793956411625 121.63454852260406 3942.5683871045294 1529.0199355161894 385.65397423591247 238.61852455188284 561.72949876389373 506.7212792260782 168.60220998092336 374.28576892762067 49.336678057704262 520.7531621947096 1439.8008620193286 5313.4228823688582 239.47424586638738
leaf_count=3543 581 275 15638 7565 3091 1242 3239 1213 202 881 440 707 2863 10031 314
internal_value=0.000154251 0.00632671 0.00933865 0.0113956 -0.014073 -0.00617749 0.00255271 -0.0173863 -0.00458268 -0.00660956 0.00180381 0.00498188 -0.015794 -0.00400244 -0.0202075
internal_weight=16981.5 7378.63 5949.93 5471.59 478.339 1428.7 800.348 628.356 9602.9 7296.11 2306.79 2017.98 1608.4 5687.71 288.811
internal_count=51825 32844 26875 23203 3672 5969 4481 1488 18981 13977 5004 4250 3065 10912 754
is_linear=0
shrinkage=0.0357863


Tree=50
num_leaves=16
num_cat=0
split_feature=0 9 15 0 5 19 3 4 4 5 19 2 15 4 0
split_gain=525.368 578.3 921.479 558.57 314.321 384.455 382.687 296.547 403.514 169.7 149.647 132.481 96.2175 42.405 29.5202
threshold=3.3859998438856571e-05 0.81174489855766307 -0.12940952181816107 7.7905002399347736e-05 0.0010579013032838704 0.0019840473541989927 0.0084894322790205496 0.010260578710585834 0.023821975104510788 0.0026306902291253213 0.0017918518860824408 26.500000000000004 0.91597560048103344 0.009762278292328121 3.18000002152985e-06
decision_type=2 2 2 2 2 2 2 2 2 2 2 2 2 2 2
left_child=4 7 3 -3 11 13 -7 9 -9 -2 -4 14 -13 -6 -1
right_child=1 2 10 -5 5 6 -8 8 -10 -11 -12 12 -14 -15 -16
leaf_value=-0.020182663153118629 -0.013547956911437365 -0.030316812742489423 0.017530876257902183 0.01804296350087687 -0.029616021768838104 0.011382130462849293 -0.015926663350688066 0.015706813430740162 -0.0085751072311035723 0.047098387699355045 -0.028754452232522983 0.044842356029192017 -0.023436129278142159 0 0.022753718493234484
leaf_weight=62.006996587484778 1434.0612681587427 403.25306858868203 90.953425050322949 1261.3796053326398 415.25468308331239 5072.5928440552989 753.40694232502028 2649.8055331960595 1306.3530128012621 61.253052646126434 2735.3564602830693 445.84321808891593 26.98372395400412 73.709203163506743 29.831400171539187
leaf_count=296 2659 548 29 541 874 35182 861 4677 3300 140 1374 795 123 259 167
internal_value=-2.5924e-05 -0.00528997 -0.0148008 0.00629417 0.00757351 0.00527559 0.00784098 0.00253483 0.00767458 -0.0110259 -0.0272451 0.0331727 0.0408269 -0.025176 -0.00562508
internal_weight=16822 9942.42 4490.94 1664.63 6879.63 6314.96 5826 5451.47 3956.16 1495.31 2826.31 564.665 472.827 488.964 91.8384
internal_count=51825 13268 2492 1089 38557 37176 36043 10776 7977 2799 1403 1381 918 1133 463
is_linear=0
shrinkage=0.0357863


Tree=51
num_leaves=16
num_cat=0
split_feature=12 11 19 15 9 9 12 4 12 10 18 15 1 8 10
split_gain=457.641 420.191 689.604 661.288 489.363 361.474 303.559 199.406 220.759 196.786 181.827 162.166 155.933 123.104 25.8756
threshold=72.804443359375014 0.37940952181816107 0.0029986485606059436 0.12940952181816107 0.81174489855766307 -1.0000000180025095e-35 19.916113853454593 0.012345324736088516 78.153022766113295 0.0082739186473190802 49.979673385620124 -0.6035533845424651 -0.00085198160377331067 26.500000000000004 -0.00058987969532608975
decision_type=2 2 2 2 2 2 2 2 2 2 2 2 2 2 2
left_child=1 3 6 5 -5 -1 -3 8 14 13 -4 -11 -10 -9 -2
right_child=7 2 10 4 -6 -7 -8 9 12 11 -12 -13 -14 -15 -16
leaf_value=0.0033690663902298753 0.0040729513793748987 -0.038122171723657651 -0.0027803916557796889 -0.0038259879291289013 0.017732010571375554 -0.021581828358026248 0.020650127188333423 0.035441357498769532 0.058866527605391218 0.037805753236255152 -0.033022601582086378 -0.03235490230167757 -0.026953373571236745 -0.029055896044557928 -0.030671351493913295
leaf_weight=1029.887813970377 33.015418354189038 115.56497170064267 1669.1354092638633 3290.273350649315 2281.4990072480396 2641.3367397349907 3557.6080793422734 38.256817294800612 119.60949095610704 116.68009230717325 301.68878294692036 65.380489444034538 34.053110061405988 1295.2690554825604 109.51180877688144
leaf_count=10001 31 68 11007 11245 2096 7996 5912 968 88 80 1538 85 84 432 194
internal_value=-0.000140921 0.00192244 0.00961861 -0.00277097 0.00499143 -0.0145671 0.0187857 -0.017126 0.00959753 -0.0223855 -0.00743835 0.0123021 0.039483 -0.0271633 -0.0222304
internal_weight=16698.8 14887 5644 9243 5571.77 3671.22 3673.17 1811.78 296.19 1515.59 1970.82 182.061 153.663 1333.53 142.527
internal_count=51825 49863 18525 31338 13341 17997 5980 1962 397 1565 12545 165 172 1400 225
is_linear=0
shrinkage=0.0357863


Tree=52
num_leaves=16
num_cat=0
split_feature=5 5 10 5 10 3 0 3 4 6 5 19 18 15 19
split_gain=323.464 198.244 199.891 182.038 188.082 167.887 141.585 162.653 136.582 119.103 92.4876 88.7946 58.0028 1.23875 0.517862
threshold=0.0052541063632816085 0.0017469235463067891 0.0032447876874357466 0.0024565276689827447 0.0022398337023332719 0.044388988986611373 4.2114999814657501e-05 0.017636325210332874 0.033115796744823463 9.0604997240006937e-05 0.0017043149564415219 0.0057476814836263665 35.518121719360359 0.37940952181816107 0.0056327444035559901
decision_type=2 2 2 2 2 2 2 2 2 2 2 2 2 2 2
left_child=1 2 9 4 -3 -5 11 12 -9 -1 -4 14 -8 -13 -2
right_child=6 3 10 5 -6 -7 7 8 -10 -11 -12 13 -14 -15 -16
leaf_value=-0.009632348439893754 -0.032799922447529141 0.0023261131828630969 0.048073438801298385 -0.0059087196995537333 0.017492644477620369 0.019759170819726238 -0.035150864394163941 0.039515152741275789 0.0070467960187258613 0.00041431899241777849 -0.028817925394607504 0.04590349608092055 0.055949167489427472 0.061373373867648122 0
leaf_weight=4772.2982028357837 16.449314983771327 3420.9060945090969 123.89298137258875 3409.8778694346092 1516.1631450460845 360.15089752871245 107.35912701937363 250.59396114734409 507.99986294214614 2196.0874406242729 22.930166928531705 200.87720834441626 9.3135755515136491 34.326731600316066 2.8865978476031904
leaf_count=10636 221 11458 172 21702 2618 126 378 67 164 1418 23 1504 291 1016 31
internal_value=0.000170657 -0.00114696 -0.00558061 0.00246968 0.00699509 -0.00344176 0.0186726 0.0117517 0.0178466 -0.00645811 0.0356823 0.0422493 -0.0273946 0.0484018 -0.0296821
internal_weight=16952.1 15822.3 7115.21 8707.1 4937.07 3770.03 1129.81 875.267 758.594 6968.39 146.823 254.54 116.673 235.204 19.3359
internal_count=51825 48153 12249 35904 14076 21828 3672 900 231 12054 195 2772 669 2520 252
is_linear=0
shrinkage=0.0357863


Tree=53
num_leaves=14
num_cat=0
split_feature=11 9 7 3 11 9 4 3 16 7 14 1 12
split_gain=513.79 495.298 926.954 478.181 405.963 497.465 388.704 354.655 137.327 183.177 106.954 159.047 35.2222
threshold=0.91597560048103344 0.81174489855766307 -0.0055524802301079026 0.0013722273288294675 -0.6035533845424651 1.0000000180025095e-35 0.0090508740395307558 -0.0082477219402790052 0.001010458334349096 0.0033231379929929976 -1.0000000180025095e-35 -0.00094590891967527557 58.50970649719239
decision_type=2 2 2 2 2 2 2 2 2 2 2 2 2
left_child=1 4 7 -4 5 -1 -6 -3 9 -2 11 -10 -12
right_child=8 2 3 -5 6 -7 -8 -9 10 -11 12 -13 -14
leaf_value=0.002262543937760788 0.069937195320386059 -0.012565807273711337 -0.019889681784125767 0.0027735398361692933 -0.013173774332884466 0.031881435676458271 0.0075484583612808725 0.039593898224394741 0.042358772045878637 -0.026272737325363629 -0.029609381811207286 -0.015226151177034904 -0.0092754781160644777
leaf_weight=1340.6937988153168 50.944770741060438 216.81091830377409 3291.5521218400609 1863.2005832990835 1568.3106784934917 1595.6350537033168 4436.3783958340819 704.99324438709118 70.168779570325569 49.356325344842617 976.86650443232554 476.04952162057339 132.24665168052854
leaf_count=9309 115 330 4022 424 5293 4595 18803 2283 209 67 3766 2165 444
internal_value=-2.88422e-05 0.00210932 -0.0057689 -0.0116871 0.00746984 0.0183769 0.00212686 0.027265 -0.0183504 0.0220377 -0.0208316 -0.00772546 -0.0272354
internal_weight=16773.2 15017.6 6076.56 5154.75 8941.02 2936.33 6004.69 921.804 1755.63 100.301 1655.33 546.218 1109.11
internal_count=51825 45059 7059 4446 38000 13904 24096 2613 6766 182 6584 2374 4210
is_linear=0
shrinkage=0.0357863


Tree=54
num_leaves=16
num_cat=0
split_feature=5 11 16 4 15 14 5 17 16 16 4 17 1 11 15
split_gain=423.487 413.544 390.694 314.691 298.993 245.401 269.82 205.413 181.45 169.386 249.801 238.916 118.526 22.0988 4.08868
threshold=0.0017572190263308587 0.37940952181816107 0.0013966359547339382 0.012345324736088516 1.0000000180025095e-35 -0.87837970256805409 0.001863727637100965 0.0043857800774276265 0.0019690414192155008 0.0021368863526731734 0.010078285355120899 0.0065621591638773688 -0.0017415594193153081 0.78656607866287243 0.12940952181816107
decision_type=2 2 2 2 2 2 2 2 2 2 2 2 2 2 2
left_child=1 2 12 -4 9 13 -7 8 -3 10 -2 -11 -1 -6 -9
right_child=4 7 3 -5 5 6 -8 14 -10 11 -12 -13 -14 -15 -16
leaf_value=0.003133982858652162 -0.019617750875702583 0.020155267371442142 0.014889079489652101 -0.011924422561533284 -0.03087098762956977 -0.016813638318616042 0.0067969515926205541 -0.010290698973595939 -0.01558314856647218 -0.022746827155549935 0.011461688019069443 0.0038606175651951474 -0.018911878151282577 0.00740950393584638 -0.030949577851188893
leaf_weight=397.65811946085523 588.08155909104562 2831.0974504699552 2023.2035312681423 773.13436002624894 322.44294813245136 743.4215546793389 3708.6358233050555 23.771785165660333 192.63611152131034 2236.1847311780139 756.88243879430911 531.44524977327183 1387.777929803709 18.070255645087911 107.88753755167585
leaf_count=188 1436 4117 3332 1427 1363 907 15702 123 724 15650 2188 1801 2411 325 131
internal_value=-0.000148082 0.00597281 -0.00088151 0.00745561 -0.00547245 0.000590751 0.00284176 0.0159433 0.0178599 -0.0125517 -0.0020861 -0.0176174 -0.0139704 -0.0286749 -0.0276459
internal_weight=16642.3 7737.17 4581.77 2796.34 8905.16 4792.57 4452.06 3155.39 3023.73 4112.59 1344.96 2767.63 1785.44 340.513 131.659
internal_count=51825 12453 7358 4759 39372 18297 16609 5095 4841 21075 3624 17451 2599 1688 254
is_linear=0
shrinkage=0.0357863


Tree=55
num_leaves=15
num_cat=0
split_feature=16 15 15 18 13 16 13 16 18 18 18 13 1 5
split_gain=339.664 195.588 211.262 220.045 114.582 103.814 132.692 111.656 94.2584 130.085 221.792 93.2913 76.3164 101.951
threshold=0.0021821755217388277 0.78656607866287243 -0.91597560048103321 39.578218460083015 0.037479944527149207 0.0027218842878937726 -0.020424619317054745 0.0022708023898303513 29.070840835571293 31.784279823303226 32.250362396240241 -0.0070963667239993802 -0.0098187760449945909 0.0017950055771507325
decision_type=2 2 2 2 2 2 2 2 2 2 2 2 2 2
left_child=8 2 4 -4 -2 7 -7 -3 12 11 -11 -10 -1 -14
right_child=1 5 3 -5 -6 6 -8 -9 9 10 -12 -13 13 -15
leaf_value=-0.031826581430103577 -0.026959527525960311 0.013486813608759906 0.015249499699402987 -0.00070084136773207603 0.0096260591401313694 0.030642523311712799 -0.0049796121499581731 -0.024462569239253745 0.010164964809294406 0.034758234677014568 -0.0048963336070501672 -0.017392937810827559 -0.0011111882007074328 0.016571607162059826
leaf_weight=81.93355859455005 309.26278424356042 121.84158477806994 3953.4297578054643 1529.6308948511464 167.01712304769899 169.70898741484416 629.8353938384206 499.90732636188744 171.73502633723183 186.75067583729651 5279.3923786630812 1605.8833815358175 1659.145710154075 555.8727787039702
leaf_count=20 3605 275 15638 7565 67 103 4378 1213 221 496 10031 3229 3137 1847
internal_value=0.000181358 0.00594911 0.00879792 0.0107896 -0.0140125 -0.00595625 0.00251166 -0.0169356 -0.00427467 -0.00627956 -0.00353123 -0.014699 0.00202364 0.00330119
internal_weight=16921.3 7380.63 5959.34 5483.06 476.28 1421.29 799.544 621.749 9540.71 7243.76 5466.14 1777.62 2296.95 2215.02
internal_count=51825 32844 26875 23203 3672 5969 4481 1488 18981 13977 10527 3450 5004 4984
is_linear=0
shrinkage=0.0357863


Tree=56
num_leaves=16
num_cat=0
split_feature=6 9 0 7 13 1 12 7 13 5 13 17 6 8 13
split_gain=477.111 551.749 521.771 387.058 297.144 284.005 390.719 229.533 266.224 204.07 143.471 87.1356 162.676 27.1974 1.75509
threshold=3.4149999919463887e-05 0.81174489855766307 7.1050002588890506e-05 -0.0029213693924248214 0.013283515814691784 0.0018329236190766098 76.136108398437514 0.0013526164693757894 -0.010262030642479656 0.0010768330539576711 0.004425925202667714 0.002311504329554737 3.0645000151707798e-05 28.500000000000004 0.032025553286075599
decision_type=2 2 2 2 2 2 2 2 2 2 2 2 2 2 2
left_child=4 7 13 -4 5 6 -1 8 -2 -9 -7 12 -6 -3 -13
right_child=1 2 3 -5 11 10 -8 9 -10 -11 -12 14 -14 -15 -16
leaf_value=0.0076294350583486197 -0.0089951420268010746 -0.030376212073736444 0.041074266046279673 -0.0085102354177252724 -0.021461204464392099 0.026383095887560867 -0.025637544061899047 -0.024829031466892307 0.023491223539154182 0.00080746735157888338 0.0086097420572411112 -0.033392155107057155 0.054567649567160197 -0.0075206751065405109 -0.01898634741401407
leaf_weight=3527.3178500524778 452.18795681426491 1712.9596562683935 220.09698959450952 2372.1273112940175 130.61301776537039 1391.7765815463135 518.15927708610934 449.87356737733762 1113.0982123452536 3397.1617678261318 1019.1918166246578 264.37612077671292 49.753443111680099 76.242293854172431 31.467056284687715
leaf_count=35932 632 786 449 956 171 1045 509 489 4352 5283 606 212 29 298 76
internal_value=-3.27849e-05 -0.00512123 -0.0145637 -0.00427844 0.00714757 0.00916566 0.00335458 0.00251234 0.0140706 -0.00217597 0.018893 -0.0200956 -0.000176581 -0.0294336 -0.0320499
internal_weight=16726.4 9793.75 4381.43 2592.22 6932.66 6456.45 4045.48 5412.32 1565.29 3847.04 2410.97 476.21 180.366 1789.2 295.843
internal_count=51825 13245 2489 1405 38580 38092 36441 10756 4984 5772 1651 488 200 1084 288
is_linear=0
shrinkage=0.0357863


Tree=57
num_leaves=15
num_cat=0
split_feature=12 0 6 9 11 17 17 8 0 11 3 17 3 8
split_gain=426.852 454.1 387.594 356.095 285.415 421.137 210.606 208.883 109.172 213.557 205.8 151.043 185.113 49.9684
threshold=72.804443359375014 3.7390000215964399e-05 8.7300002633128329e-05 0.81174489855766307 0.37940952181816107 -0.00044312322279438371 -0.00073578295996412624 28.500000000000004 -2.5250000362575516e-05 -1.0000000180025095e-35 -0.0055070621892809859 0.0070066959597170362 0.026013863272964958 26.500000000000004
decision_type=2 2 2 2 2 2 2 2 2 2 2 2 2 2
left_child=1 4 3 -3 7 -6 -4 -1 9 10 -2 13 -13 -10
right_child=8 2 6 -5 5 -7 -8 -9 11 -11 -12 12 -14 -15
leaf_value=-0.016338438150259073 0.051874248947633088 -6.3504077998235157e-05 -0.0079711035987478848 0.021747778280910599 -0.02037441733737121 0.016736694822096301 0.0062733678921734906 0.010758097471661017 0.014955751484678342 -0.031171789860985805 -0.0099536447189443929 -0.024299867464495712 0.031254894340886179 -0.030185852049370503
leaf_weight=2923.8463275521149 126.72185825464476 1436.6251856102958 2372.1293234996874 2850.4243706023531 577.59371440457926 1212.3869157039635 3023.5593667981493 413.61917901309653 30.75889959243375 187.86393487593341 148.63350380932138 177.54369063860463 135.34816488887554 972.96032827729744
leaf_count=17801 60 4523 2869 1354 7270 6836 3107 6103 765 162 123 416 67 369
internal_value=-0.000156414 0.00183013 0.0063931 0.0144256 -0.00677572 0.00473029 6.2684e-07 -0.0129635 -0.0167181 -0.00164453 0.0182977 -0.0219787 -8.92142e-05 -0.0287466
internal_weight=16590 14810.2 9682.74 4287.05 5127.45 1789.98 5395.69 3337.47 1779.83 463.219 275.355 1316.61 312.892 1003.72
internal_count=51825 49863 11853 5877 38010 14106 5976 23904 1962 345 183 1617 483 1134
is_linear=0
shrinkage=0.0357863


Tree=58
num_leaves=16
num_cat=0
split_feature=16 11 5 10 3 4 7 7 7 17 13 3 10 12 10
split_gain=312.278 161.768 214.471 484.93 217.15 134.322 118.163 102.398 115.868 458.772 114.853 103.896 99.8365 42.6074 41.8399
threshold=0.0021821755217388277 0.91597560048103344 0.0024565276689827447 0.0016975290491245689 0.030414562672376636 0.011373949237167837 0.029519760981202129 -0.011573998257517813 -0.0046070057433098546 -0.0038483245298266406 -0.0022550210123881693 0.0015912962844595315 -0.0014928135788068173 44.989036560058601 -0.0011019036755897103
decision_type=2 2 2 2 2 2 2 2 2 2 2 2 2 2 2
left_child=7 2 3 -2 -4 13 -7 10 11 -10 14 -9 -12 -3 -1
right_child=1 5 4 -5 -6 6 -8 8 9 -11 12 -13 -14 -15 -16
leaf_value=0.0036846297152250871 -0.0024887866451753092 0.039221703192978914 -0.0069129452877580051 0.028559225701370171 0.011186113106756412 0.034095033886238281 0.00098879304646791607 -0.017598358787165643 0.031960848160033334 -0.0058130184323101674 -0.0095566694303969076 0.017676285739741344 0.032980020135165648 -0.035029225239981469 -0.016561487589445881
leaf_weight=398.53968339581479 1387.5128102332467 10.95983714155973 2765.9574547087204 1197.8158156274446 1223.9356118113319 542.56966668559926 189.92430706152118 1303.7352699717476 438.48124294409445 6682.7099430188409 91.686001606567345 114.90688663187575 283.27762126940996 66.108045687327646 192.77980563967139
leaf_count=679 5751 34 20885 2109 476 2950 281 3127 493 10188 2103 162 1955 358 274
internal_value=0.000188305 0.00571217 0.0038432 0.0118745 -0.00134684 0.0208225 0.0255877 -0.00409699 -0.00535006 -0.00347922 0.00691936 -0.0147016 0.0224296 -0.0237397 -0.00282137
internal_weight=16890.9 7384.78 6575.22 2585.33 3989.89 809.562 732.494 9506.12 8539.83 7121.19 966.283 1418.64 374.964 77.0679 591.319
internal_count=51825 32844 29221 7860 21361 3623 3231 18981 13970 10681 5011 3289 4058 392 953
is_linear=0
shrinkage=0.0357863


Tree=59
num_leaves=16
num_cat=0
split_feature=11 6 6 12 12 1 0 0 18 18 18 18 12 12 4
split_gain=470.647 504.467 382.441 241.057 232.981 208.334 201.503 142.895 267.755 68.6509 66.2149 51.1668 30.918 19.5692 8.31179
threshold=0.91597560048103344 4.0000000808504417e-05 4.8660000175004832e-05 76.811023712158217 78.896350860595717 0.0021725520491600041 -7.1179998485604288e-05 9.9965000117663308e-05 37.225809097290046 39.177423477172859 37.797540664672859 25.980816841125492 61.023281097412116 59.691972732543952 0.012916737701743843
decision_type=2 2 2 2 2 2 2 2 2 2 2 2 2 2 2
left_child=1 4 10 -4 6 -6 -1 11 13 -10 -3 14 -13 -9 -2
right_child=7 2 3 -5 5 -7 -8 8 9 -11 -12 12 -14 -15 -16
leaf_value=-0.0059057706695075469 0.045111043311214835 -0.030329022185797319 -0.0031243859142182002 0.020212941566168669 -0.029835763818169728 0.023838190539801841 0.013575209054983921 -0.030889566898401895 0.048345696267145542 0.0084437728381825897 -0.006182862754200347 -0.0274413652397217 -0.0099622158468570532 -0.0016857509358453309 -0.011474895191724319
leaf_weight=772.65999610592826 15.525130606698916 742.9836398431504 6730.1705295327993 618.66621392253455 337.70043874995372 126.48182122605431 5447.4661479706083 215.46317178697507 103.4465035333202 127.34880996773214 188.48081733465494 1053.2336630773757 159.91887113744542 38.790759730188796 2.3757682163024834
leaf_count=3914 223 815 9009 410 328 163 30069 518 86 241 351 5049 422 82 145
internal_value=-3.17559e-05 0.0020005 -0.00389818 -0.00115207 0.00931597 -0.0150897 0.0111463 -0.0177858 -0.00121266 0.0265725 -0.0255033 -0.0242703 -0.0251835 -0.0266546 0.0344716
internal_weight=16680.7 14964.6 8280.3 7348.84 6684.31 464.182 6220.13 1716.1 485.049 230.795 931.464 1231.05 1213.15 254.254 17.9009
internal_count=51825 45059 10585 9419 34474 491 33983 6766 927 327 1166 5839 5471 600 368
is_linear=0
shrinkage=0.0357863


Tree=60
num_leaves=16
num_cat=0
split_feature=12 11 19 12 7 11 16 12 4 7 12 1 11 7 12
split_gain=406.099 355.959 607.996 281.766 278.501 356.385 268.213 232.899 176.896 223.927 193.739 132.802 129.724 31.5399 10.2819
threshold=72.804443359375014 0.37940952181816107 0.0029986485606059436 19.916113853454593 0.0038188534090295438 -0.6035533845424651 0.0083471625111997145 12.025071144104006 0.012345324736088516 0.032365528866648681 78.153022766113295 -0.00085198160377331067 -0.37940952181816096 -0.012244344688951967 81.805019378662124
decision_type=2 2 2 2 2 2 2 2 2 2 2 2 2 2 2
left_child=1 4 3 -3 7 -6 -4 -1 10 14 13 -12 -11 -2 -10
right_child=8 2 6 -5 5 -7 -8 -9 9 12 11 -13 -14 -15 -16
leaf_value=0.041120924808438881 0.012213983176920054 -0.037864603860748199 -0.010597433167102857 0.019198779797192748 -0.0058229373285558347 0.012693589994391076 0.045557447804805896 -0.011561054386356523 -0.0283636397190969 0.03909994707057933 0.053384680795441827 -0.026338803608772773 -0.024060435052281844 -0.030060323487178634 -0.018970937821230396
leaf_weight=110.26499399371596 26.109295027929946 113.72256360678966 1840.5346149735376 3567.584968024642 2899.7541772912978 2457.8800789135407 115.4787259425741 3676.8463065223673 1061.0907472465474 113.45166742045511 123.32271897172905 33.129484297869283 64.671074613117085 113.37182475654002 221.59078036758865
leaf_count=134 47 68 12317 5912 5535 5825 228 19844 913 122 88 84 150 178 380
internal_value=-0.000155435 0.0017743 0.00884946 0.0174207 -0.00258109 0.0026613 -0.00725333 -0.0100123 -0.016425 -0.0215473 0.00867036 0.0361443 0.0158538 -0.0217452 -0.0267848
internal_weight=16538.8 14782.1 5637.32 3681.31 9144.75 5357.63 1956.01 3787.11 1756.74 1460.8 295.933 156.452 178.123 139.481 1282.68
internal_count=51825 49863 18525 5980 31338 11360 12545 19978 1962 1565 397 172 272 225 1293
is_linear=0
shrinkage=0.0357863


Tree=61
num_leaves=16
num_cat=0
split_feature=16 15 15 18 13 16 13 16 11 18 18 10 13 13 14
split_gain=294.09 176.515 198.591 202.075 108.202 99.5251 125.784 107.524 89.7506 131.615 108.07 118.466 108.756 66.8273 14.0625
threshold=0.0021821755217388277 0.78656607866287243 -0.91597560048103321 39.578218460083015 0.037479944527149207 0.0027218842878937726 -0.020424619317054745 0.0022708023898303513 -0.98296290636062611 33.635713577270515 29.070840835571293 0.0013044666266068818 -0.0086865476332604868 0.0004714349342975766 -0.60785761475563038
decision_type=2 2 2 2 2 2 2 2 2 2 2 2 2 2 2
left_child=8 2 4 -4 -2 7 -7 -3 9 14 11 -10 -12 -11 -1
right_child=1 5 3 -5 -6 6 -8 -9 10 13 12 -13 -14 -15 -16
leaf_value=-0.023608346118726992 -0.026625712473108489 0.013152601736245034 0.014447710576481145 -0.00082906465798450967 0.008928516666608332 0.029791811893233797 -0.0048282470670849009 -0.024070368280508441 0.0054019928987459175 0.055655019297687063 0.007552220698223761 -0.01939097011885485 -0.00813156252461502 0.0027547916610043046 0.003669682088494611
leaf_weight=66.729186153319503 306.07419348850271 122.30079733868558 3964.0956785490171 1530.1215128004851 167.78932693454772 170.61054421077824 627.91308661009612 494.09138798643642 1965.661443810362 99.398978420437544 617.79124298450097 281.70264573700251 6366.7398860345784 47.483524742157897 32.921296052866794
leaf_count=221 3605 275 15638 7565 67 103 4378 1213 4129 239 952 736 12571 27 106
internal_value=0.000203642 0.00556182 0.00825995 0.010183 -0.0139183 -0.00577922 0.00249871 -0.0165939 -0.00396408 0.017298 -0.00453796 0.00226925 -0.00673628 0.0389363 -0.014035
internal_weight=16861.4 7383 5968.08 5494.22 473.864 1414.92 798.524 616.392 9478.43 246.533 9231.9 2247.36 6984.53 146.883 99.6505
internal_count=51825 32844 26875 23203 3672 5969 4481 1488 18981 593 18388 4865 13523 266 327
is_linear=0
shrinkage=0.0357863


Tree=62
num_leaves=16
num_cat=0
split_feature=11 6 9 16 9 2 1 18 6 18 7 18 7 6 5
split_gain=444.757 468.557 372.396 398.66 324.013 250.864 213.1 195.455 137.544 253.558 113.543 48.6639 28.7532 27.5501 8.65584
threshold=0.91597560048103344 4.0000000808504417e-05 0.81174489855766307 0.0030765426345169549 -0.56174489110708226 27.500000000000004 -0.0043317954987287513 37.911628723144538 9.9965000117663308e-05 37.225809097290046 0.0013526164693757894 25.980816841125492 -0.020827412605285641 -6.9195000833133222e-05 0.0025519982445985083
decision_type=2 2 2 2 2 2 2 2 2 2 2 2 2 2 2
left_child=1 4 6 -4 7 -6 -3 -1 11 12 -11 14 -10 -13 -2
right_child=8 2 3 -5 5 -7 -8 -9 9 10 -12 13 -14 -15 -16
leaf_value=-0.027426470745417666 0.044363947845767845 0.020074943241424462 -0.020066783086433421 0.0066591399746499837 0.018789387943162358 0.0042032014517472786 -0.00054647048639659809 0.017711713042881664 0.028215344844120201 -0.030409838947205121 0.036600668637180318 -0.0041288217690236273 -0.029009928795630274 -0.02631951745516407 -0.012867256902640307
leaf_weight=463.42925793148203 15.463871818610951 765.20678201303781 2545.8291029980296 989.98800075580539 3028.1729072650901 3036.2037651567812 3950.1054530129977 165.58913366438941 10.799052214307919 37.879957374050662 195.72774226441206 83.098304597107472 239.78197934496552 1106.5711794052015 2.5575557544451941
leaf_count=5867 222 858 1322 764 17492 8209 7641 2906 86 175 152 496 514 4975 146
internal_value=-4.85066e-05 0.00191688 -0.00378556 -0.012568 0.0089548 0.0114959 0.00278815 -0.0154547 -0.017442 -0.00120498 0.0254942 -0.0239053 -0.0263192 -0.0248166 0.0331328
internal_weight=16636.4 14944.5 8251.13 3535.82 6693.4 6064.38 4715.31 629.018 1691.88 484.189 233.608 1207.69 250.581 1189.67 18.0214
internal_count=51825 45059 10585 2086 34474 25701 8499 8773 6766 927 327 5839 600 5471 368
is_linear=0
shrinkage=0.0357863


Tree=63
num_leaves=16
num_cat=0
split_feature=5 11 7 14 19 6 7 7 17 19 19 13 13 13 7
split_gain=366.239 349.462 322.455 528.493 318.968 345.419 281.124 273.547 180.969 177.153 175.674 152.099 127.04 112.641 3.86438
threshold=0.0017572190263308587 0.37940952181816107 0.028725375421345237 -0.60785761475563038 0.0024542621104046707 4.0000000808504417e-05 0.018349802121520046 0.0082480707205832022 0.0043857800774276265 0.0071274864021688708 0.0029229020001366739 -0.012053514365106819 -0.002383710583671927 0.0021130066597834234 0.013479183427989485
decision_type=2 2 2 2 2 2 2 2 2 2 2 2 2 2 2
left_child=1 4 6 13 11 -6 7 -2 10 -5 -3 -1 -8 -4 -10
right_child=2 8 3 9 5 -7 12 -9 14 -11 -12 -13 -14 -15 -16
leaf_value=0.03094964107817658 -0.010387274140232496 0.01808141861780661 0.025285323443226381 0.030642100151249477 -0.010358719921132024 0.021739083025208602 0.016997147498577073 0.0066828706409538747 -0.029534949217455451 0.0019979147896436286 -0.029517119232489761 -0.010646567354445224 -0.026038681739209976 -0.026413910427829847 -0.0052375394530732805
leaf_weight=117.15886327859516 3860.3954461536523 2922.7892091041222 59.469460012771833 838.24296149639736 659.33740517485421 1221.6749058725168 92.64908177946927 1741.8773522169458 111.38155105012022 419.07149393586201 101.91298881958619 2543.1237867926243 1289.6911523600229 495.10950227576905 15.330337410952025
leaf_count=79 26749 4143 552 1772 2534 760 107 5277 147 747 698 3985 3878 290 107
internal_value=-0.00016446 0.00553518 -0.00515527 0.00828137 -0.000807035 0.0104583 -0.00864892 -0.00506977 0.0146923 0.0211394 0.016459 -0.00879351 -0.0231137 -0.0207687 -0.0270379
internal_weight=16489.2 7692.71 8796.51 1811.89 4541.29 1881.01 6984.61 5602.27 3151.41 1257.31 3024.7 2660.28 1382.34 554.579 126.712
internal_count=51825 12453 39372 3361 7358 3294 36011 32026 5095 2519 4841 4064 3985 842 254
is_linear=0
shrinkage=0.0357863


Tree=64
num_leaves=14
num_cat=0
split_feature=5 5 10 5 14 13 16 7 7 11 5 10 11
split_gain=277.119 153.641 177.11 173.9 215.051 161.83 147.565 142.58 113.329 143.815 83.6076 82.6745 63.9395
threshold=0.0052541063632816085 0.0017469235463067891 0.0032447876874357466 0.0024565276689827447 -0.60785761475563038 0.041201155632734306 0.0083471625111997145 -0.011573998257517813 0.017019013874232772 0.60355338454246532 0.0017043149564415219 -0.0081938984803855402 0.78656607866287243
decision_type=2 2 2 2 2 2 2 2 2 2 2 2 2
left_child=1 2 7 4 -3 -5 8 -1 11 -10 -4 -2 -8
right_child=6 3 10 5 -6 -7 12 -9 9 -11 -12 -13 -14
leaf_value=0.0088354655841377753 0.060386099584462394 -0.0085626069156569465 0.045391054819919854 -0.0062787260443636734 0.010274003569942522 0.01723455061102816 0.049596994948176765 -0.0076188700852032418 0.011854755317241549 0.04027962392304877 -0.028241082343409048 -0.029959603979724497 -0.034017472276635922
leaf_weight=755.02359472329044 15.13683390798718 961.93733366572587 124.96752817992719 3338.860306235536 3964.4895133715258 421.32096325764178 12.945640531788198 6112.2911880808306 490.22373571822874 438.50851175960184 22.464844460621052 80.973627289956937 90.899168495536827
leaf_count=2773 473 3988 172 21674 10088 154 455 9281 818 240 23 1529 157
internal_value=0.000208075 -0.00101975 -0.00496148 0.00215689 0.00658458 -0.00362918 0.0173381 -0.00580164 0.0214854 0.0253364 0.0337904 -0.0151433 -0.0230508
internal_weight=16830 15701.4 7014.75 8686.61 4926.43 3760.18 1128.69 6867.31 1024.84 928.732 147.432 96.1105 103.845
internal_count=51825 48153 12249 35904 14076 21828 3672 12054 3060 1058 195 2002 612
is_linear=0
shrinkage=0.0357863


Tree=65
num_leaves=16
num_cat=0
split_feature=11 0 15 14 0 12 0 15 0 18 10 18 12 12 10
split_gain=422.84 439.244 387.904 725.94 291.466 205.595 187.101 159.849 133.784 242.325 106.643 47.0418 30.5843 19.6189 8.14347
threshold=0.91597560048103344 3.9859998651081703e-05 -0.12940952181816107 -1.0000000180025095e-35 4.9759999456000521e-05 78.896350860595717 -7.1179998485604288e-05 -0.6035533845424651 9.9965000117663308e-05 37.225809097290046 -0.0016419225721620021 25.980816841125492 61.023281097412116 59.691972732543952 0.0011531803756952288
decision_type=2 2 2 2 2 2 2 2 2 2 2 2 2 2 2
left_child=1 5 4 -4 -3 6 -1 -7 11 13 -11 14 -13 -10 -2
right_child=8 2 3 -5 -6 7 -8 -9 9 10 -12 12 -14 -15 -16
leaf_value=-0.0058868171265389069 0.043097146772940916 -0.030998143142855126 0.01199265339086434 -0.018887454066670188 0.0084830149190326509 -0.032800127379731953 0.012809552258383466 0.0093713249152122709 -0.030329971381653706 -0.03007012994895248 0.035324564448707498 -0.026806716717304158 -0.0092713205930745057 -0.00090545455331980911 -0.012396625743438658
leaf_weight=780.62608745331181 15.599390055598475 258.40825249520503 1354.2356055976752 3465.6142860466325 3192.8409011372964 260.78617281321311 5406.0829742666801 203.18611967169528 208.44320705895149 37.142247772191325 198.12576335796527 1012.2362059554351 157.51758882478555 38.317860798444258 2.4936201431800553
leaf_count=3959 292 600 2276 3245 4458 205 30036 280 518 176 151 5049 422 82 76
internal_value=-4.4244e-05 0.00186351 -0.00363739 -0.0101994 0.0055106 0.00871311 0.0104414 -0.0142116 -0.0171251 -0.00110199 0.0247617 -0.0235801 -0.0244934 -0.025988 0.0323521
internal_weight=16591.7 14921.8 8271.1 4819.85 3451.25 6650.68 6186.71 463.972 1669.88 482.029 235.268 1187.85 1169.75 246.761 18.093
internal_count=51825 45059 10579 5521 5058 34480 33995 485 6766 927 327 5839 5471 600 368
is_linear=0
shrinkage=0.0357863


Tree=66
num_leaves=15
num_cat=0
split_feature=12 0 15 7 16 18 12 8 7 7 0 15 8 16
split_gain=375.095 386.22 401.211 492.217 446.171 237.526 459.754 301.537 157.175 182.319 251.108 160.414 76.9397 40.8813
threshold=72.804443359375014 3.7390000215964399e-05 1.0000000180025095e-35 -0.0053258368279784909 0.0016975475591607394 37.344764709472663 48.800235748291023 28.500000000000004 0.032365528866648681 -0.0010550441220402715 -3.0414999855565835e-05 -0.7865660786628722 26.500000000000004 0.0069245961494743833
decision_type=2 2 2 2 2 2 2 2 2 2 2 2 2 2
left_child=1 5 4 -4 -3 7 -7 -1 9 10 -2 -10 -11 -13
right_child=8 2 3 -5 -6 6 -8 -9 11 12 -12 13 -14 -15
leaf_value=-0.017087500456288002 0.033132450245687763 0.0098894234905603177 -0.022823240954206226 0.014261549333565271 -0.015977872107758796 -0.014816198809394021 0.020595453175937403 0.013134783962058276 0.055765224430331856 0.01887895192978389 -0.024844648360445889 -0.025329146165310183 -0.028588977655697102 0.028111499882420142
leaf_weight=2674.2338838083424 176.28694209296393 1593.9754701227855 497.12379816222438 5728.0168257054365 1836.281786391751 894.91842277522551 986.30420331471691 500.04055124105525 74.76214339649232 44.06783300331449 208.92919530785301 79.731661407646016 1116.1281397644957 22.935880496605023
leaf_count=17785 108 1314 2249 3818 4472 1979 11901 6345 84 1012 190 164 378 26
internal_value=-0.000171967 0.00167481 0.00587359 0.011291 -0.00394151 -0.00633328 0.00371997 -0.0123089 -0.0159735 -0.0196522 0.00154225 0.0157514 -0.0267376 -0.0128435
internal_weight=16433.7 14710.9 9655.4 6225.14 3430.26 5055.5 1881.22 3174.27 1722.84 1545.41 385.216 177.43 1160.2 102.668
internal_count=51825 49863 11853 6067 5786 38010 13880 24130 1962 1688 298 274 1390 190
is_linear=0
shrinkage=0.0357863


Tree=67
num_leaves=11
num_cat=0
split_feature=19 12 3 12 3 13 12 13 4 3
split_gain=249.671 194.935 160.101 131.125 277.901 169.962 96.1574 68.4574 54.8183 27.1267
threshold=0.0077344309538602838 32.317001342773445 0.053907833993434913 71.273151397705092 0.026013863272964958 -0.0085306139662861807 67.268058776855483 0.076370727270841612 0.021924966946244243 0.020190495997667316
decision_type=2 2 2 2 2 2 2 2 2 2
left_child=2 -2 3 5 -5 -1 7 -3 -4 -8
right_child=1 6 8 4 -6 -7 9 -9 -10 -11
leaf_value=0.007914824496953814 -0.026265247239557685 0.035934319733531062 0.050243562645324535 0.01124542392026648 -0.029504866057235502 -0.0041206472590023515 0.021543400040578701 -0.005719119838864372 0.010400198448384376 -0.0029663520004212388
leaf_weight=1720.8548696708785 110.85071945684979 529.99482683650444 100.21646377457364 1977.2742332131802 239.78641841345598 11727.60239135118 86.7566716203238 53.333115936708055 86.67142804733885 164.68076203991586
leaf_count=2824 38 2693 33 2208 92 43773 29 26 40 69
internal_value=0.00021441 0.0180803 -0.000847789 -0.00124405 0.0068127 -0.00257643 0.0240364 0.0320299 0.0320669 0.0052683
internal_weight=16798 945.616 15852.4 15665.5 2217.06 13448.5 834.765 583.328 186.888 251.437
internal_count=51825 2855 48970 48897 2300 46597 2817 2719 73 98
is_linear=0
shrinkage=0.0357863


Tree=68
num_leaves=14
num_cat=0
split_feature=11 8 11 4 18 3 3 17 16 17 13 2 18
split_gain=402.337 367.572 448.697 347.82 344.938 319.609 305.631 144.296 123.663 170.345 29.2999 73.297 28.6491
threshold=0.91597560048103344 27.500000000000004 -0.6035533845424651 0.0090508740395307558 47.923208236694343 0.0017121667042374613 0.0040493770502507695 -0.0018499681609682737 0.001010458334349096 -0.0010082861990667877 0.00023378058540401983 25.500000000000004 25.782093048095707
decision_type=2 2 2 2 2 2 2 2 2 2 2 2 2
left_child=1 2 6 -4 5 -3 -1 -6 9 -2 12 -12 -10
right_child=8 4 3 -5 7 -7 -8 -9 10 -11 11 -13 -14
leaf_value=0.028344407454896279 0.066207518354782946 -0.012136769072849553 -0.014046706029715248 0.0068246821080177808 0.036855420464300966 0.0046788179639005965 0.0014053766113323052 0.003137412740428629 0.02479186130103336 -0.02668253984567746 -0.029851453343539606 -0.0077181753204022246 -0.026315993438805786
leaf_weight=1692.1038142347625 52.509573665349748 4340.3181846941561 1392.0869012548228 3847.3761671074981 340.1366310041152 2166.0411680482794 798.26705167033651 318.8262122282091 13.223092445010137 47.707057681030633 288.54824729748543 601.72697705635801 643.7689970301202
leaf_count=9378 84 11747 3685 16265 854 971 1289 870 327 98 260 371 5626
internal_value=-4.34988e-05 0.00180919 0.00722429 0.0012686 -0.00402471 -0.00653006 0.0197319 0.0206269 -0.0168279 0.021431 -0.0193422 -0.014955 -0.0252018
internal_weight=16542.6 14895.2 7729.83 5239.46 7165.32 6506.36 2490.37 658.963 1647.48 100.217 1547.27 890.275 656.992
internal_count=51825 45059 30617 19950 14442 12718 10667 1724 6766 182 6584 631 5953
is_linear=0
shrinkage=0.0357863


Tree=69
num_leaves=16
num_cat=0
split_feature=12 0 15 17 10 12 12 4 0 10 4 15 8 12 10
split_gain=357.943 363.405 381.326 378.359 255.977 177.247 217.37 166.984 198.844 172.442 142.691 139.621 118.586 27.477 15.2637
threshold=72.804443359375014 3.7390000215964399e-05 1.0000000180025095e-35 -0.0028661858523264523 0.0012664758251048627 51.834283828735359 55.348276138305671 0.012345324736088516 -2.5250000362575516e-05 0.0082739186473190802 0.0055767162702977666 -0.6035533845424651 26.500000000000004 79.449676513671889 -0.00035793734423350537
decision_type=2 2 2 2 2 2 2 2 2 2 2 2 2 2 2
left_child=1 5 4 -4 -3 10 -7 8 13 12 -1 -11 -9 -2 -10
right_child=7 2 3 -5 -6 6 -8 9 14 11 -12 -13 -14 -15 -16
leaf_value=0.0078943024373664822 0.017928735429251823 0.0044507267028499184 -0.0030630704462050766 0.016502728890682106 -0.015362077975534644 0.017742681536036864 -0.0059896687060854931 0.035886248503642464 0 0.034635872428004512 -0.016020814198243308 -0.031369475961168646 -0.027666028317739282 0.050811939767463107 -0.027788768536942614
leaf_weight=369.10358873980203 62.080227160040536 1974.5657715788698 1759.8484867907437 4467.6118683658369 1443.8059574979457 693.01713778093495 1721.3040197824141 38.061277717588155 32.815317217426681 118.37442447504145 2247.2243644624327 62.105599570671984 1190.3361987475091 88.147824277980064 109.12536581809123
leaf_count=1653 54 3691 1832 4235 2095 773 3106 968 26 80 32478 85 432 29 288
internal_value=-0.000176922 0.00162076 0.0056905 0.0109645 -0.00390117 -0.00617147 0.000799411 -0.01572 0.00876671 -0.0208378 -0.0126255 0.0116117 -0.025651 0.0375981 -0.021354
internal_weight=16377.5 14676.5 9645.83 6227.46 3418.37 5030.65 2414.32 1701.05 292.169 1408.88 2616.33 180.48 1228.4 150.228 141.941
internal_count=51825 49863 11853 6067 5786 38010 3879 1962 397 1565 34131 165 1400 83 314
is_linear=0
shrinkage=0.0357863


Tree=70
num_leaves=16
num_cat=0
split_feature=16 18 18 11 11 13 17 11 0 0 13 17 19 16 16
split_gain=249.922 162.079 219.098 278.03 179.262 170.564 225.801 118.177 88.2333 104.932 156.77 74.1619 51.8466 93.658 36.5341
threshold=0.0021821755217388277 28.941781997680668 38.026239395141609 -0.6035533845424651 1.0000000180025095e-35 0.0096087097190320509 0.0049256987404078254 -0.37940952181816096 -6.1554997955681743e-05 5.6290000429726213e-05 -0.0086865476332604868 0.0041098478250205525 0.0031766346655786042 0.0015666789840906861 0.0017836476908996703
decision_type=2 2 2 2 2 2 2 2 2 2 2 2 2 2 2
left_child=8 5 3 -3 -4 6 -2 -7 12 11 -11 -10 13 -1 -14
right_child=1 2 4 -5 -6 7 -8 -9 9 10 -12 -13 14 -15 -16
leaf_value=-0.0024833208887885794 -0.018686050526494337 0.024006624725150492 -0.0080566483980449646 0.0025479925284280212 0.010322146444267068 0.029429185948294502 0.044510094796179928 -0.0057035459455558142 -0.0091205539755597736 0.031554449488583179 -0.0016194926740603105 0.0057106258910198165 -0.03301657682269437 0.029337322548098309 0.0019405909649320425
leaf_weight=207.59148700406826 931.39855372839372 1714.844726075904 1469.5432416365925 1419.8379995278501 1263.9422977015415 246.87012403687186 78.046739539857867 239.30583761186062 4806.4609846420062 193.25782419573625 3246.610289982932 469.60343773736076 48.794533312286831 266.8272792729727 166.69773034698505
leaf_count=504 5477 4929 6403 9001 5929 180 785 140 12539 312 3423 1086 76 693 348
internal_value=0.00022235 0.00516298 0.00784718 0.014305 0.000421077 -0.0053312 -0.0137441 0.0120212 -0.00363969 -0.00461904 0.000228078 -0.00778986 0.00865156 0.0152957 -0.00571607
internal_weight=16769.6 7363.79 5868.17 3134.68 2733.49 1495.62 1009.45 486.176 9405.84 8715.93 3439.87 5276.06 689.911 474.419 215.492
internal_count=51825 32844 26262 13930 12332 6582 6262 320 18981 17360 3735 13625 1621 1197 424
is_linear=0
shrinkage=0.0357863


Tree=71
num_leaves=16
num_cat=0
split_feature=11 0 15 2 0 15 7 17 0 18 7 18 7 0 0
split_gain=382.469 399.564 366.186 676.399 275.183 188.196 368.894 349.999 128.722 228.818 97.7891 43.9285 27.708 27.1407 6.95192
threshold=0.91597560048103344 3.9859998651081703e-05 -0.12940952181816107 27.500000000000004 4.9759999456000521e-05 -0.6035533845424651 -0.008987140376120804 -0.0015515355044044552 9.9965000117663308e-05 37.225809097290046 0.0013526164693757894 25.980816841125492 -0.020827412605285641 -6.9195000833133222e-05 -0.00012108499868190846
decision_type=2 2 2 2 2 2 2 2 2 2 2 2 2 2 2
left_child=1 5 4 -4 -3 7 -7 -1 11 12 -11 14 -10 -13 -2
right_child=8 2 3 -5 -6 6 -8 -9 9 10 -12 13 -14 -15 -16
leaf_value=0.023019429825827855 -0.011148657441491185 -0.030503308780906027 0.0029671799577130819 -0.023995121453422735 0.0082077826488888492 -0.0044502014120342001 0.018989689347306563 -0.0084497418443533461 0.027910959765813363 -0.029492707699751951 0.034001680109023984 -0.0032137546863216879 -0.028228964533044767 -0.025467928938460956 0.040306087026408713
leaf_weight=618.81367093935273 2.2754077903477041 253.37106280274793 2481.440553767708 2286.686385723207 3196.5172516141342 1174.1018070693931 3176.8353335333218 1685.1798427543602 10.831233172601371 35.815866985059955 200.34528614578517 81.448416110359631 229.37449021959895 1050.9700591801741 15.934298426965466
leaf_count=5032 24 600 3606 1915 4458 9658 12324 7466 86 175 152 496 514 4975 344
internal_value=-4.69807e-05 0.00175168 -0.00352191 -0.00995161 0.0053484 0.00827232 0.0126516 0 -0.0165235 -0.000757534 0.0241342 -0.0230019 -0.0254633 -0.0239168 0.0307997
internal_weight=16499.9 14872.9 8218.02 4768.13 3449.89 6654.93 4350.94 2303.99 1627 476.367 236.161 1150.63 240.206 1132.42 18.2097
internal_count=51825 45059 10579 5521 5058 34480 21982 12498 6766 927 327 5839 600 5471 368
is_linear=0
shrinkage=0.0357863


Tree=72
num_leaves=16
num_cat=0
split_feature=5 11 5 10 10 2 5 5 4 1 4 18 2 5 9
split_gain=310.752 316.057 239.894 164.362 220.839 221.06 165.228 168.952 159.929 144.507 118.22 152.432 86.4369 73.5049 53.7171
threshold=0.0017572190263308587 0.37940952181816107 0.0014797906624153259 0.0064719780348241338 0.01063039666041732 26.500000000000004 0.0046955551952123651 0.0045214050915092239 0.012345324736088516 0.0015345810097642245 0.014284126460552217 30.053344726562504 27.500000000000004 0.0013394373818300667 -0.56174489110708226
decision_type=2 2 2 2 2 2 2 2 2 2 2 2 2 2 2
left_child=1 2 8 6 5 -5 7 -2 -1 -4 13 -12 -6 -3 -8
right_child=3 10 9 4 12 -7 14 -9 -10 -11 11 -13 -14 -15 -16
leaf_value=-0.0025154228467930396 -0.0058952816651370614 0.02247011949563827 0.019014462842328796 0.036606186235003384 -0.026948559103335715 0.00018999753206593102 0.027096154912022261 0.037735988097831415 -0.023285130943268357 -0.0072080958752190746 0.02468110157681927 -0.015022752208051365 0.039580059561457638 0.010232257237724435 -0.026793065670276305
leaf_weight=2588.7511136214862 6809.305037353749 1425.3273447432757 966.22833187981632 391.48541261074934 246.43536492838658 476.34460790533785 23.646273188931332 115.26376608754799 583.88843191288197 369.37569603825796 188.92241289045035 358.63999186767558 27.193504333700361 1165.7244820630976 586.98175846247352
leaf_count=3921 32358 1958 2603 1183 538 441 1666 532 634 200 136 675 71 2326 2583
internal_value=-0.000185097 0.00507092 -0.000987978 -0.00482376 0.00780838 0.0166824 -0.00674476 -0.00516087 -0.00635557 0.0117204 0.0137916 -0.00122146 -0.020131 0.0169859 -0.0246141
internal_weight=16323.5 7646.86 4508.24 8676.66 1141.46 867.83 7535.2 6924.57 3172.64 1335.6 3138.61 547.562 273.629 2591.05 610.628
internal_count=51825 12453 7358 39372 2233 1624 37139 32890 4555 2803 5095 811 609 4284 4249
is_linear=0
shrinkage=0.0357863


Tree=73
num_leaves=14
num_cat=0
split_feature=5 16 5 5 14 10 7 7 7 7 5 10 5
split_gain=239.678 134.969 127.515 161.234 194.322 160.028 153.261 129.762 102.289 120.229 77.8796 60.1376 6.54334
threshold=0.0052541063632816085 0.0083471625111997145 0.0017469235463067891 0.0024565276689827447 -0.60785761475563038 0.0032447876874357466 0.0033231379929929976 -0.011573998257517813 0.04600320756435395 0.023890141397714618 0.0017043149564415219 0.01202233135700226 0.0053388455417007217
decision_type=2 2 2 2 2 2 2 2 2 2 2 2 2
left_child=2 8 5 4 -4 7 -5 -1 9 -2 -7 -3 -10
right_child=1 11 3 6 -6 10 -8 -9 12 -11 -12 -13 -14
leaf_value=0.0086010951149972526 0.0018683308829026558 -0.033551956826229044 -0.008226224631625546 0.011235615503652645 0.0097305270593507388 0.043318525721170967 -0.0071464463904129423 -0.0070922764745124777 -0.00023852755592478344 0.030538778064634113 -0.027967137412958035 0.047288775676633997 -0.034221520567705603
leaf_weight=756.53480808931727 260.70319621777833 89.389665518710743 954.73015121713388 716.99072018606739 3969.4183976449126 125.79314786004787 3026.4454183218309 6040.0590279123753 12.912822640678113 706.44418447246176 22.251783095324498 13.04548973039236 41.377789093883592
leaf_count=2773 2209 552 3988 13293 10088 172 8535 9281 11 572 23 60 268
internal_value=0.000232926 0.0161972 -0.00091271 0.00197774 0.00623756 -0.00452834 -0.0036107 -0.00533718 0.0201536 0.0228684 0.0322245 -0.0227063 -0.0271718
internal_weight=16736.1 1123.87 15612.2 8667.58 4924.15 6944.64 3743.44 6796.59 1021.44 967.147 148.045 102.435 54.2906
internal_count=51825 3672 48153 35904 14076 12249 21828 12054 3060 2781 195 612 279
is_linear=0
shrinkage=0.0357863


Tree=74
num_leaves=15
num_cat=0
split_feature=11 8 7 5 11 3 4 7 5 12 12 4 19 12
split_gain=365.96 326.956 467.454 508.477 420.962 339.151 330.061 286.213 101.348 98.8817 38.8249 54.6292 31.1461 15.4274
threshold=0.91597560048103344 27.500000000000004 -0.0055524802301079026 0.0024565276689827447 -0.6035533845424651 -0.0082477219402790052 0.011894364841282369 -0.00051923983846791078 0.0010988602298311891 27.783803939819339 45.656003952026374 0.014875309076160194 0.0017562299035489561 65.168674468994155
decision_type=2 2 2 2 2 2 2 2 2 2 2 2 2 2
left_child=1 4 5 -4 7 -3 -6 -1 9 -2 12 -12 -10 -11
right_child=8 2 3 -5 6 -7 -8 -9 10 13 11 -13 -14 -15
leaf_value=0.0008848903798051417 0.062719976021354429 -0.0134615251538891 -0.015649156445209846 0.0080670946186976768 -0.0087208620946339858 0.024048945356738943 0.0093010879788957886 0.027087974810390915 0.010195825134613848 -0.023546643530105403 -0.0021756063351776652 -0.02160320857342795 -0.025698648610596696 0.02883929841045273
leaf_weight=782.07186776717981 39.887294769324228 425.37124384799972 3929.7304234364901 1637.812673528585 2403.2415513995693 1110.9928283160916 2836.9921952339873 1712.9674802787126 30.028031525460051 38.52381304565084 356.79997670593059 402.21160199979056 732.67464095328853 8.0001910964857199
leaf_count=5532 13 800 4540 2553 6300 6549 13650 5135 17 243 2533 2953 972 35
internal_value=-4.99063e-05 0.00170396 -0.00383401 -0.00866245 0.00679716 0.013627 0.00102529 0.0188971 -0.0162687 0.0211291 -0.0184293 -0.0125445 -0.0242119 -0.0133306
internal_weight=16447.3 14839.2 7103.91 5567.54 7735.27 1536.36 5240.23 2495.04 1608.13 86.4113 1521.71 759.012 762.703 46.524
internal_count=51825 45059 14442 7093 30617 7349 19950 10667 6766 291 6475 5486 989 278
is_linear=0
shrinkage=0.0357863


Tree=75
num_leaves=14
num_cat=0
split_feature=12 0 0 2 17 11 17 8 1 10 16 2 16
split_gain=332.832 328.94 314.443 354.93 241.986 237.958 371.329 198.477 133.989 143.092 134.462 121.224 112.928
threshold=72.804443359375014 3.7390000215964399e-05 8.7300002633128329e-05 26.500000000000004 -0.00073578295996412624 0.37940952181816107 -0.00044312322279438371 28.500000000000004 -0.0098187760449945909 0.0082739186473190802 0.0021247927797958259 26.500000000000004 0.0038805835647508506
decision_type=2 2 2 2 2 2 2 2 2 2 2 2 2
left_child=1 5 3 -3 -4 7 -7 -1 10 11 -2 -10 -11
right_child=8 2 4 -5 -6 6 -8 -9 9 12 -12 -13 -14
leaf_value=-0.015112902288890338 0.049554592957382973 -0.018916670610768498 -0.0089766409172216052 0.016148476585351585 0.0063060924987098201 -0.019496354460570305 0.015749118377425257 0.011512567673810396 0.02781913548562838 0.051249828775132282 -0.025656717449622314 -0.024495417601847019 -0.0083772605279854861
leaf_weight=2810.6609410255014 77.282579146703938 408.05027185669769 2338.5854364720894 3803.1277469853367 3066.183640300083 558.61888071521366 1212.1299436073016 408.53710968568885 58.299935693439693 61.030161629329086 49.139198143515387 1305.6928175007924 118.66731299808453
leaf_count=17801 6 3145 2884 2663 3161 7270 6836 6103 1156 20 78 559 143
internal_value=-0.00019284 0.00153415 0.00540588 0.0127374 -0.000296222 -0.00591569 0.00459854 -0.0117165 -0.0153296 -0.0182493 0.0198778 -0.0222181 0.0115637
internal_weight=16276 14605.9 9615.95 4211.18 5404.77 4989.95 1770.75 3219.2 1670.11 1543.69 126.422 1363.99 179.697
internal_count=51825 49863 11853 5808 6045 38010 14106 23904 1962 1878 84 1715 163
is_linear=0
shrinkage=0.0357863


Tree=76
num_leaves=15
num_cat=0
split_feature=5 13 10 8 18 7 10 10 18 5 4 7 3 5
split_gain=224.479 122.999 281.31 108.498 171.448 108.023 93.3351 193.327 106.085 77.3138 69.8053 51.9028 28.8688 12.5842
threshold=0.0052541063632816085 0.041201155632734306 0.0045620400924235591 27.500000000000004 39.578218460083015 0.0030814418569207196 0.0073832657653838405 0.01202233135700226 28.506294250488285 0.0077732158824801454 0.048903208225965507 0.023890141397714618 0.0073781919199973353 0.0057850813027471313
decision_type=2 2 2 2 2 2 2 2 2 2 2 2 2 2
left_child=1 3 -3 5 -5 -1 8 9 12 -8 -4 -10 -2 -9
right_child=6 2 10 4 -6 -7 7 13 11 -11 -12 -13 -14 -15
leaf_value=0.00087409635846767047 0.033358497203691273 0.050540982551301565 -0.019317763644360223 0.004014357281085533 -0.0088768733497759187 -0.00822919455632448 0.005241177736315045 0.0051972685002845765 0.013920694973246113 -0.027299278321654664 0.022750805056903928 0.0382386098513533 -0.024440514901622766 0.047256981438867827
leaf_weight=2718.7740752977379 12.69352431758159 190.44229621833256 176.94574314676356 6489.7167205123451 1657.4888494543757 4282.6776370482585 218.07762304518894 13.263638920835048 173.63872712087237 160.94643324524884 69.78201429157707 370.15292058832512 63.417929569595799 109.61920420111237
leaf_count=18261 605 60 55 11365 4936 13434 280 56 2038 128 42 345 17 203
internal_value=0.000235541 -0.000873923 0.0178303 -0.00141741 0.00138485 -0.00468625 0.0156996 0.00409386 0.0250057 -0.00842917 -0.00719207 0.030577 -0.0140622 0.0431737
internal_weight=16707.6 15585.8 437.17 15148.7 8147.21 7001.45 1121.81 501.907 619.903 379.024 246.728 543.792 76.1115 122.883
internal_count=51825 48153 157 47996 16301 31695 3672 667 3005 408 97 2383 622 259
is_linear=0
shrinkage=0.0357863


Tree=77
num_leaves=15
num_cat=0
split_feature=6 9 15 0 9 17 16 6 5 18 5 16 15 5
split_gain=332.22 430.038 757.511 518.366 243.176 260.876 316.159 302.65 188.968 176.987 152.415 123.875 54.9124 39.9363
threshold=3.4149999919463887e-05 0.81174489855766307 -0.12940952181816107 7.7905002399347736e-05 -0.56174489110708226 0.0041098478250205525 0.0027867165626958017 1.7509999452158812e-05 0.0082653881981968897 37.911628723144538 0.0077732158824801454 0.001010458334349096 -0.37940952181816096 0.00088329793652519595
decision_type=2 2 2 2 2 2 2 2 2 2 2 2 2 2
left_child=4 8 3 -3 9 7 -7 -6 10 13 -2 -4 -11 -1
right_child=1 2 11 -5 5 6 -8 -9 -10 12 -12 -13 -14 -15
leaf_value=0.046934793237646884 0.0030827360973402105 -0.029417561019149253 0.01389932538227657 0.017464106825436507 0.0073785822474807371 0.0053147654550082281 -0.032615416498102401 0.029455951424124206 -0.030771971097043493 0.031987984602521842 0.073725892654447053 -0.027097378224210988 -0.010574968242515062 -0.028141669529311623
leaf_weight=8.6986815929406571 5127.5046568067319 400.31490183418646 96.411447525259973 1225.2599336868429 3925.8761178262753 950.21122640257931 398.92286248692903 1001.4805957687354 212.62023546617365 105.64687779010362 39.486810107120618 2397.1257035359499 58.832850539898828 455.48952780899657
leaf_count=5 10607 563 14 529 22336 1866 2454 1970 130 1615 19 1383 1767 6567
internal_value=-4.51516e-05 -0.00439075 -0.0130946 0.00588444 0.00592453 0.00805579 -0.00585937 0.0118772 0.00226329 -0.0152642 0.00363358 -0.0254897 0.0164234 -0.0266132
internal_weight=16403.9 9498.72 4119.11 1625.57 6905.16 6276.49 1349.13 4927.36 5379.61 628.668 5166.99 2493.54 164.48 464.188
internal_count=51825 13245 2489 1092 38580 28626 4320 24306 10756 9954 10626 1397 3382 6572
is_linear=0
shrinkage=0.0357863


Tree=78
num_leaves=16
num_cat=0
split_feature=5 7 14 11 7 7 5 15 7 18 13 4 13 13 15
split_gain=281.119 293.807 462.288 287.808 265.225 253.075 224.242 178.315 165.789 143.363 126.456 107.785 146.447 104.388 87.9838
threshold=0.0017572190263308587 0.028725375421345237 -0.60785761475563038 0.37940952181816107 0.018349802121520046 0.0082480707205832022 0.0014797906624153259 0.12940952181816107 0.0063666424248367557 39.578218460083015 -0.002383710583671927 0.014284126460552217 -0.0024751817109063263 0.0021130066597834234 -0.7865660786628722
decision_type=2 2 2 2 2 2 2 2 2 2 2 2 2 2 2
left_child=3 4 13 6 5 -2 8 -8 -1 -4 -6 14 -13 -3 -5
right_child=1 2 9 11 10 -7 7 -9 -10 -11 -12 12 -14 -15 -16
leaf_value=-0.011374031558683982 -0.0097223387628285439 0.024249965891881341 0.006867542536118515 0.035326405036868347 0.018043780074802653 0.0068286063971407787 -0.007668781308861534 0.020307249357283886 0.0068170840021211671 0.031270071628854972 -0.025352642767348211 0.017367383931066446 -0.019794185132086389 -0.025415789799588556 0.013856949571458275
leaf_weight=2258.4580047682502 3770.4914864466946 60.101865841359313 576.69213891284357 278.35271666248264 90.853786209976533 1720.2311832257992 426.92305097072824 905.69414860094537 892.11367500282768 680.2449205457774 1241.2028594280628 269.27304179499333 273.55176009768456 470.50330148032299 2306.9099803144445
leaf_count=3248 26749 552 1137 543 107 5277 1548 1255 1307 1382 3878 87 724 290 3741
internal_value=-0.000194431 -0.00462704 0.00827243 0.00481263 -0.00801486 -0.00452676 -0.000988555 0.0113027 -0.00620526 0.0201187 -0.0223506 0.0131448 -0.00125669 -0.0196842 0.0161903
internal_weight=16221.6 8610.32 1787.54 7611.28 6822.78 5490.72 4483.19 1332.62 3150.57 1256.94 1332.06 3128.09 542.825 530.605 2585.26
internal_count=51825 39372 3361 12453 36011 32026 7358 2803 4555 2519 3985 5095 811 842 4284
is_linear=0
shrinkage=0.0357863


Tree=79
num_leaves=14
num_cat=0
split_feature=5 17 4 7 0 7 10 0 7 4 4 0 7
split_gain=214.03 118.899 225.369 152.791 122.229 168.414 142.466 108.422 87.002 127.693 47.1296 41.5439 2.21434
threshold=0.0052541063632816085 0.0041098478250205525 0.0095867589116096514 0.0096146208234131354 9.7665000794222592e-05 0.0033231379929929976 0.0047932066954672345 4.2114999814657501e-05 0.018008523620665077 0.032749352976679809 0.014875309076160194 5.3275000027497306e-05 -0.036890087649226182
decision_type=2 2 2 2 2 2 2 2 2 2 2 2 2
left_child=1 4 11 -4 5 -1 -6 10 -9 -10 -2 -3 -12
right_child=7 2 3 -5 6 -7 -8 8 9 -11 12 -13 -14
leaf_value=-0.00055750803116573369 -0.032186795991646172 0.05985468197450821 0.016293216428246732 -0.0026765229979138958 0.0052446434686484215 -0.010475376541359299 -0.020439902435646948 -0.033259059534817434 0.033687054191297888 0.0028504340240855766 0.018915297307565408 0 0.041194338753653546
leaf_weight=5616.2974396131158 11.329961786125009 113.64996974637697 819.80576737340175 1604.6737602130158 3477.906764142971 3610.6451642369775 299.809745861382 56.63237299223772 250.31606957855718 564.60724023960324 15.780949180777183 18.200894833075296 219.59450646000474
leaf_count=25685 57 185 2341 4087 4272 11411 120 461 128 311 802 52 1913
internal_value=0.000251272 -0.000832042 0.0062177 0.00371478 -0.00222212 -0.0044446 0.00319137 0.0153759 0.00936049 0.0123914 0.0363989 0.051813 0.0399394
internal_weight=16679.3 15561 2556.33 2424.48 13004.7 9226.94 3777.72 1118.26 871.556 814.923 246.705 131.851 235.375
internal_count=51825 48153 6665 6428 41488 37096 4392 3672 900 439 2772 237 2715
is_linear=0
shrinkage=0.0357863


Tree=80
num_leaves=15
num_cat=0
split_feature=11 6 6 9 14 6 0 10 16 14 4 0 4 14
split_gain=338.154 350.309 329.619 293.752 194.205 190.078 123.604 122.726 86.6304 143.759 55.5827 25.2427 34.6511 17.5015
threshold=0.91597560048103344 4.0000000808504417e-05 4.8660000175004832e-05 -0.56174489110708226 -0.87837970256805409 -0.00021960499725537372 9.9965000117663308e-05 -0.0024914365494623776 0.001010458334349096 -0.60785761475563038 0.030733247287571434 -6.9195000833133222e-05 0.011206418275833132 -1.0000000180025095e-35
decision_type=2 2 2 2 2 2 2 2 2 2 2 2 2 2
left_child=1 3 10 7 -4 -5 11 -1 -8 -10 -3 12 -2 -13
right_child=6 2 4 5 -6 -7 8 -9 9 -11 -12 13 -14 -15
leaf_value=0.009215551670912734 0.042218168366437832 -0.026897360163448493 0.019417866692219871 -0.036321671473261784 -0.0025989413111252827 0.010957676010447236 0.03535247257209808 -0.025650563342790898 0.025235614338314692 -0.021457003839197377 0.0083945326001392487 -0.017274433298915794 -0.01498124977338588 -0.027575226675327955
leaf_weight=178.88454874403044 16.951890821905963 796.69500750340819 555.57926623989533 110.39252132309412 6670.5541042148398 5957.5882883918539 73.097674250602779 448.04364900323515 121.10282822052386 274.96276163098486 59.020652125665151 370.85923310885028 65.325706263725024 652.67782602501848
leaf_count=3047 93 937 1268 206 8151 25495 20 5726 196 711 229 1946 442 3358
internal_value=-5.99957e-05 0.00161669 -0.0033935 0.00767316 -0.00089841 0.0100883 -0.0158265 -0.0156127 -0.000313711 -0.00703837 -0.0243977 -0.0223573 -0.00251201 -0.0238979
internal_weight=16351.7 14776.8 8081.85 6694.91 7226.13 6067.98 1574.98 626.928 469.163 396.066 855.716 1105.81 82.2776 1023.54
internal_count=51825 45059 10585 34474 9419 25701 6766 8773 927 907 1166 5839 535 5304
is_linear=0
shrinkage=0.0357863


Tree=81
num_leaves=15
num_cat=0
split_feature=12 6 6 7 9 7 4 4 7 12 2 6 9 7
split_gain=310.11 280.746 326.34 238.167 228.43 191.474 204.814 158.435 198.417 169.589 117.69 105.72 101.992 29.6398
threshold=72.804443359375014 4.0000000808504417e-05 8.7300002633128329e-05 -0.0046070057433098546 0.81174489855766307 0.043197073042392738 0.0071524027734994897 0.012345324736088516 0.032365528866648681 78.153022766113295 26.500000000000004 -4.0229999285656952e-05 0.81174489855766307 -0.012244344688951967
decision_type=2 2 2 2 2 2 2 2 2 2 2 2 2 2
left_child=1 5 4 -4 -3 6 -1 9 10 13 -9 -11 -10 -2
right_child=7 2 3 -5 -6 -7 -8 8 12 11 -12 -13 -14 -15
leaf_value=0.0078870162483958579 0.012204039953605335 0.000297410662432985 -0.025815671485272168 0.0018034814593540437 0.019175705079500321 0.055150395256209225 -0.0094639264494395421 0.036713219604313181 -0.021363253290675722 0.051357690920177106 -0.027464615852277729 -0.016120944618605484 0.035482862958289063 -0.029045169011882838
leaf_weight=1097.9997294792111 26.07182327322046 1204.2222007591618 434.97840365060711 4939.9760439379716 2619.8595240325176 66.599221022811435 4168.4785612796404 37.060768293011961 61.401993949287089 117.63236325685054 1140.5744931029458 38.276284659808681 113.79350233078003 106.40732888526365
leaf_count=4346 47 4213 2044 4011 1261 515 33473 862 255 36 431 136 17 178
internal_value=-0.000198081 0.00146372 0.00525399 -0.000421272 0.0132455 -0.00506362 -0.00583581 -0.0149465 -0.020093 0.00900148 -0.0253971 0.0344322 0.0152398 -0.0205043
internal_weight=16173.3 14532.1 9199.04 5374.95 3824.08 5333.08 5266.48 1641.22 1352.83 288.388 1177.64 155.909 175.195 132.479
internal_count=51825 49863 11529 6055 5474 38334 37819 1962 1565 397 1293 172 272 225
is_linear=0
shrinkage=0.0357863


Tree=82
num_leaves=11
num_cat=0
split_feature=19 12 3 10 19 7 19 10 11 10
split_gain=199.256 170.043 137.096 149.624 211.164 100.322 135.225 80.5788 79.3295 66.458
threshold=0.0077344309538602838 32.317001342773445 0.053907833993434913 0.0064719780348241338 0.0057102204300463208 0.023354521021246914 0.0086268982850015181 0.01202233135700226 -0.7865660786628722 0.0073832657653838405
decision_type=2 2 2 2 2 2 2 2 2 2
left_child=2 -2 3 4 -1 6 -3 -5 -7 -4
right_child=1 5 9 7 -6 8 -8 -9 -10 -11
leaf_value=-0.0011421685709033548 -0.025444655869201957 0.035778524732159034 0.047381216252959268 -0.021348338151291647 0.022567175893529509 0.045954419652147714 -0.041464929042552598 0.034583806898587338 0.019154235092682818 0.0031050192600696669
leaf_weight=14406.161069096745 109.18238495820822 50.049221260103934 111.28599371913515 592.24166926201042 497.61284857105966 204.85871784816482 68.166676017042221 34.191211229442615 503.9728570656564 75.846198342740536
leaf_count=42619 38 721 39 1420 4695 210 1367 163 519 34
internal_value=0.000251569 0.0162926 -0.000700387 -0.00107076 -0.00034678 0.0218705 -0.00828823 -0.0182056 0.0269793 0.0297361
internal_weight=16653.6 936.23 15717.3 15530.2 14903.8 827.047 118.216 626.433 708.832 187.132
internal_count=51825 2855 48970 48897 47314 2817 2088 1583 729 73
is_linear=0
shrinkage=0.0357863


Tree=83
num_leaves=16
num_cat=0
split_feature=11 6 6 7 17 16 7 6 18 7 18 18 7 12 19
split_gain=321.503 331.814 320.51 316.921 206.732 235.245 195.584 120.108 206.735 87.2246 59.225 41.4598 32.7023 30.2657 6.8196
threshold=0.91597560048103344 4.0000000808504417e-05 4.8660000175004832e-05 0.0002937304816441611 -0.0028125632088631387 0.0011420568334870043 -0.012244344688951967 9.9965000117663308e-05 37.225809097290046 0.0013526164693757894 37.797540664672859 25.980816841125492 -0.021611276082694527 65.942974090576186 0.0028201690874993805
decision_type=2 2 2 2 2 2 2 2 2 2 2 2 2 2 2
left_child=1 4 10 -4 6 -6 -1 11 12 -10 -3 14 -9 -13 -2
right_child=7 2 3 -5 5 -7 -8 8 9 -11 -12 13 -14 -15 -16
leaf_value=0.0056295641938961119 0.041085863347506781 -0.029232072408640224 0.014004562466337031 -0.0046543126074162031 0.025998806208672544 0.0023897654984524593 0.038278392509682735 0.038792831901881271 -0.028886972870232005 0.032056907866625683 -0.005965927292108388 -0.025088203773656909 -0.027536387405752007 -0.0048184075249345665 -0.0031512355672901455
leaf_weight=449.88891318793367 14.969110322430387 658.78715240619385 1461.5215289394919 5753.9641894832175 605.22613168881799 5140.7265051879367 502.56907079405892 9.2556936008260191 34.32980190995346 203.37337992064994 186.11370229659406 956.23673724749722 219.9259303023822 112.43856513069352 3.2126662293538102
leaf_count=6038 105 815 3756 5663 1343 23929 3164 81 175 152 351 5192 519 279 263
internal_value=-5.70031e-05 0.00156965 -0.00331709 -0.000867116 0.00745836 0.00488631 0.0229159 -0.0155443 -0.000241855 0.0230188 -0.0241735 -0.0220663 -0.0246117 -0.023008 0.0301927
internal_weight=16312.5 14758.8 8060.39 7215.49 6698.41 5745.95 952.458 1553.74 466.885 237.703 844.901 1086.86 229.182 1068.68 18.1818
internal_count=51825 45059 10585 9419 34474 25272 9202 6766 927 327 1166 5839 600 5471 368
is_linear=0
shrinkage=0.0357863


Tree=84
num_leaves=14
num_cat=0
split_feature=12 0 6 2 11 12 8 16 1 13 16 2 16
split_gain=298.85 275.562 281.05 262.341 227.08 334.555 196.883 151.501 127.178 123.996 121.263 113.522 104.946
threshold=72.804443359375014 3.7390000215964399e-05 8.7300002633128329e-05 26.500000000000004 0.37940952181816107 42.350475311279304 28.500000000000004 0.0083471625111997145 -0.0098187760449945909 0.029364751651883129 0.0021247927797958259 26.500000000000004 0.0038549241144210105
decision_type=2 2 2 2 2 2 2 2 2 2 2 2 2
left_child=1 4 3 -3 6 -6 -1 -4 10 11 -2 -10 -11
right_child=8 2 7 -5 5 -7 -8 -9 9 12 -12 -13 -14
leaf_value=-0.014605114958747095 0.047531111400582651 -0.014690158815460786 -0.0013893080861298185 0.014844366020069473 -0.015125966312848769 0.017078744835107313 0.012041068441700629 0.039841459971886262 0.026456184069843586 0.047734357352932112 -0.024872611855423419 -0.023907369559951552 -0.0089752416781199735
leaf_weight=2761.2659842330645 77.474746231688187 426.62100283386553 5228.2483420576054 3806.893851589205 663.84556803074179 1090.0105731176152 405.19732254655219 116.63553667359974 59.014617225925122 61.574739279549249 46.840468085774773 1250.3700542191868 126.90211862936121
leaf_count=17801 6 3185 5906 2692 1597 12509 6103 70 1224 13 78 559 82
internal_value=-0.000198804 0.00142747 0.00496653 0.0118548 -0.00545063 0.00485711 -0.0111776 -0.000479024 -0.0147686 -0.0176751 0.0197999 -0.0215945 0.00925592
internal_weight=16120.9 14498.7 9578.4 4233.51 4920.32 1753.86 3166.46 5344.88 1622.18 1497.86 124.315 1309.38 188.477
internal_count=51825 49863 11853 5877 38010 14106 23904 5976 1962 1878 84 1783 95
is_linear=0
shrinkage=0.0357863


Tree=85
num_leaves=13
num_cat=0
split_feature=19 15 17 3 10 17 10 0 11 0 15 17
split_gain=188.538 160.553 132.126 129.735 144.285 205.7 97.4974 85.9141 75.6707 70.904 63.2898 43.8291
threshold=0.0077344309538602838 -0.6035533845424651 -0.0028125632088631387 0.053907833993434913 0.0064719780348241338 0.0041098478250205525 0.0044352216646075257 4.2114999814657501e-05 0.78656607866287243 -2.9734999770880673e-05 -0.6035533845424651 0.0043857800774276265
decision_type=2 2 2 2 2 2 2 2 2 2 2 2
left_child=3 6 9 4 5 -1 -2 -6 -4 -3 -5 -8
right_child=1 2 8 10 7 -7 11 -9 -10 -11 -12 -13
leaf_value=-0.002002735129322994 0.044982778213730833 0.033827342335494351 0.046229125078257188 0.047278425916115314 0.0086391282726506358 0.010199130540260502 -0.030606622273826364 -0.024563165029284902 0.019179928411111075 -0.037824873715417179 0.0044950783116903502 -0.0005251079399000415
leaf_weight=12834.904462341685 41.730557910795653 24.770426027612764 268.97812630365848 105.6482652823106 121.96863992259745 2051.948894712139 112.60145631281904 498.06242175518497 281.00285986116609 57.728458240159618 81.606984086334705 146.79107870497171
leaf_count=41775 463 336 1003 25 1150 5539 84 433 306 497 48 166
internal_value=0.000261617 0.0158878 0.026143 -0.000664383 -0.00102543 -0.000317107 -0.0054665 -0.0179414 0.0325113 -0.0156309 0.0289335 -0.0138
internal_weight=16627.7 933.603 632.48 15694.1 15506.9 14886.9 301.123 620.031 549.981 82.4989 187.255 259.393
internal_count=51825 2855 2142 48970 48897 47314 713 1583 1309 833 73 250
is_linear=0
shrinkage=0.0357863


Tree=86
num_leaves=14
num_cat=0
split_feature=11 9 15 7 11 9 4 18 16 7 14 18 8
split_gain=306.426 299.015 922.303 368.549 315.517 396.28 324.04 181.212 103.576 128.708 89.1541 155.91 25.6059
threshold=0.91597560048103344 0.81174489855766307 -0.12940952181816107 -0.0055524802301079026 -0.6035533845424651 1.0000000180025095e-35 0.0090508740395307558 26.178859710693363 0.001010458334349096 0.0033231379929929976 -1.0000000180025095e-35 49.059860229492195 28.500000000000004
decision_type=2 2 2 2 2 2 2 2 2 2 2 2 2
left_child=1 4 3 -3 5 -1 -6 -4 9 -2 11 -10 -12
right_child=8 2 7 -5 6 -7 -8 -9 10 -11 12 -13 -14
leaf_value=0.00082354007276632356 0.055967230758346871 0.027514366362104539 0.003258473197378711 0.00032773838056366044 -0.013201124854780567 0.027187088545982459 0.0057993085544067796 -0.025441618234924353 0.013684905629322385 -0.024743652437929756 -0.027071557130165434 -0.025704815690592794 -0.0098720884106617939
leaf_weight=1346.3892473548133 56.02842387949525 861.21065917533269 321.30011775551247 2486.947310987734 1548.4855619281534 1607.1162523015826 4456.860752104194 2107.7087493578515 259.28093743440866 45.011012331761066 777.21382507002772 253.85412393309832 142.08056249919855
leaf_count=9309 115 1469 434 2115 5293 4595 18803 3041 2108 67 2963 266 1247
internal_value=-6.69462e-05 0.00151391 -0.00482896 0.00733745 0.0056104 0.015188 0.000890684 -0.0216222 -0.0152948 0.0194589 -0.0177854 -0.00569263 -0.0244744
internal_weight=16269.5 14736 5777.17 3348.16 8958.85 2953.51 6005.35 2429.01 1533.47 101.039 1432.43 513.135 919.294
internal_count=51825 45059 7059 3584 38000 13904 24096 3475 6766 182 6584 2374 4210
is_linear=0
shrinkage=0.0357863


Tree=87
num_leaves=16
num_cat=0
split_feature=16 7 6 0 7 9 19 4 16 16 1 8 4 16 11
split_gain=288.981 436.105 269.812 309.149 292.3 225.37 186.268 184.207 124.076 119.843 112.353 72.9537 46.725 44.173 41.2963
threshold=0.0028549324488267307 0.028725375421345237 4.0000000808504417e-05 4.6639999709441333e-05 -0.0043768694158643475 -1.0000000180025095e-35 0.0060210591182112702 0.0071524027734994897 0.0021480264840647583 0.0011420568334870043 -0.0098187760449945909 28.500000000000004 0.044886171817779548 0.0030458065448328857 -0.6035533845424651
decision_type=2 2 2 2 2 2 2 2 2 2 2 2 2 2 2
left_child=2 11 7 8 -5 12 -7 9 -4 -1 -9 13 -3 -2 -13
right_child=1 5 3 4 -6 6 -8 10 -10 -11 -12 14 -14 -15 -16
leaf_value=-0.0074483175081780425 -0.012341236963272583 0.044882568077886965 0.029020362802891407 -0.016768337829272749 0.006795663877483797 0.018785789498144981 -0.010102400127458161 0.026464786014806119 -0.03387948462890137 0.016921188459051363 -0.0088839816286929458 0.0092494513040414783 -0.0032864539168921277 -0.025120461125785531 -0.014415981326407652
leaf_weight=389.43016875805688 490.05795745288788 200.54295834419631 882.46335245799219 764.01420897993103 5674.1974198968983 443.68215173004057 803.31112957914559 118.08717500997955 41.256913489130966 754.10289478316281 3710.7867218251045 159.16924335897784 27.139719294150751 1376.0739637834131 226.68708142289188
leaf_count=1304 2068 928 499 2045 4527 539 709 94 236 3081 18415 1559 543 13448 1830
internal_value=-0.000209026 -0.00894522 0.00242597 0.00677867 0.00399063 0.00615434 0.000131211 -0.00400719 0.02615 0.00857318 -0.00777909 -0.0188578 0.0388949 -0.0217947 -0.00450863
internal_weight=16061 3726.66 12334.3 7361.93 6438.21 1474.68 1246.99 4972.41 923.72 1143.53 3828.87 2251.99 227.683 1866.13 385.856
internal_count=51825 21624 30201 7307 6572 2719 1248 22894 735 4385 18509 18905 1471 15516 3389
is_linear=0
shrinkage=0.0357863


Tree=88
num_leaves=15
num_cat=0
split_feature=5 19 5 0 17 0 13 1 5 17 13 19 1 5
split_gain=183.105 116.984 108.418 146.453 123.402 98.3547 172.61 115.86 93.2343 202.202 131.115 71.2707 1.13835 0.0347525
threshold=0.0052541063632816085 0.0023801699280738835 0.0014055446954444053 9.3105001724325134e-05 0.0041098478250205525 4.2114999814657501e-05 0.017700241878628734 -0.0032556217629462476 0.0024565276689827447 0.0018541563185863199 0.041201155632734306 0.0057476814836263665 -0.00054741650819778432 0.0062864939682185659
decision_type=2 2 2 2 2 2 2 2 2 2 2 2 2 2
left_child=1 2 3 -1 -4 11 -7 -8 9 -3 -10 12 -2 -13
right_child=5 8 4 -5 -6 6 7 -9 10 -11 -12 13 -14 -15
leaf_value=-0.0080635069873981821 0 -0.00067542215623253468 -0.01649810077655961 0.0076055368154584356 0.019159604135147536 -0.03496720544738155 0.043284452713498595 0.0076306958511525164 -0.0057232120688913814 0.011970234343391367 0.01550509918583628 0.038903885263402979 -0.033410627193841282 0.055585470870837844
leaf_weight=1868.864747584104 2.8028565074782845 4648.9828604546401 1387.6515187537732 1289.8905594262533 135.1006295827226 101.82229388532096 145.93177659351022 616.38619416044094 3266.3128330524014 2478.7298787039508 419.53503846664353 203.68248977694074 16.492978314425841 17.912252966452144
leaf_count=4319 13 14459 1856 637 133 669 71 160 21617 4978 154 1082 239 1438
internal_value=0.000279636 -0.000720623 -0.00544875 -0.00164725 -0.0132976 0.0143561 0.00863247 0.0145299 0.00132114 0.00371438 -0.00329171 0.0346548 -0.0296427 0.0405074
internal_weight=16600.1 15495.1 4681.51 3158.76 1522.75 1105.03 864.14 762.318 10813.6 7127.71 3685.85 240.891 19.2958 221.595
internal_count=51825 48153 6945 4956 1989 3672 900 231 41208 19437 21771 2772 252 2520
is_linear=0
shrinkage=0.0357863


Tree=89
num_leaves=16
num_cat=0
split_feature=9 7 5 7 3 3 9 12 19 5 7 5 12 17 12
split_gain=281.7 556.579 411.79 413.355 251.982 239.411 197.773 244.091 171.151 166.659 156.575 237.228 177.24 79.2896 59.7625
threshold=0.81174489855766307 -0.0055524802301079026 0.0024212127318605785 0.028725375421345237 0.0038998605450615291 -0.0082477219402790052 -0.56174489110708226 24.884107589721683 0.0017918518860824408 0.0013251659693196418 0.027240242809057239 0.0022030784748494629 27.328312873840336 -0.0022528095869347449 27.113741874694828
decision_type=2 2 2 2 2 2 2 2 2 2 2 2 2 2 2
left_child=4 5 8 -4 6 13 14 -8 -3 -7 11 -6 -12 -2 -1
right_child=1 2 3 -5 10 9 7 -9 -10 -11 12 -13 -14 -15 -16
leaf_value=0.012956977535729552 0.0065632816217078968 0.024680468615953542 0.016069295166852141 -0.026062669252816001 -0.0057728585684707952 -0.030856832665239784 -0.025046259873796193 0.012932974570583459 -0.018396346313386384 0.032109423623132967 0.03351356973048733 0.014994268146546773 -0.01665994878482777 -0.034883410659707889 -0.016020086475563682
leaf_weight=109.95985656680404 118.14724558847956 120.96406763936056 1132.4802954832448 404.23214917605856 1938.1866712611009 57.162441191908897 226.27775723749801 4679.8144980805737 3652.7735231820811 737.03208830159508 96.612925984718458 1105.5277250705767 1230.831222699404 114.74885322534828 487.56452477832119
leaf_count=379 195 56 2564 626 1370 126 694 27377 1857 2501 25 1214 1104 181 11556
internal_value=-7.57946e-05 -0.0059675 -0.0106382 0.00494994 0.00369978 0.0181269 0.00879679 0.0111698 -0.0170007 0.0275066 -0.00270495 0.00175173 -0.0129658 -0.0136178 -0.0105937
internal_weight=16212.3 6337.54 5310.45 1536.71 9874.78 1027.09 5503.62 4906.09 3773.74 794.195 4371.16 3043.71 1327.44 232.896 597.524
internal_count=51825 8106 5103 3190 43719 3003 40006 28071 1913 2627 3713 2584 1129 376 11935
is_linear=0
shrinkage=0.0357863


Tree=90
num_leaves=16
num_cat=0
split_feature=12 0 19 7 12 11 17 2 7 7 0 11 2 11 1
split_gain=278.558 244.092 263.5 377.99 287.712 217.54 338.312 183.246 128.013 164.904 207.084 93.3486 66.7051 39.0264 13.4421
threshold=72.804443359375014 3.7390000215964399e-05 0.0071274864021688708 0.034468377009034164 68.173706054687514 0.37940952181816107 -0.00044312322279438371 28.500000000000004 0.032365528866648681 -0.0010550441220402715 -3.0414999855565835e-05 -0.37940952181816096 26.500000000000004 -0.6035533845424651 0.0091555812396109122
decision_type=2 2 2 2 2 2 2 2 2 2 2 2 2 2 2
left_child=1 5 3 -3 -4 7 -7 -1 9 10 -2 13 -11 -10 -13
right_child=8 2 4 -5 -6 6 -8 -9 11 12 -12 14 -14 -15 -16
leaf_value=-0.014162512021240468 0.030623505600451215 0.0047604406121607599 -0.025363591431006551 0.041158891043871187 0.045256829117664786 -0.018598052704921937 0.015501057265227635 0.011556456610154177 0.0027986876721428663 0.016447359614336386 -0.023184102746181302 0.009026815355872065 -0.02718039274093615 0.048306328614558608 -0.030476373379121034
leaf_weight=2724.0242636159846 176.06083377510163 8475.0464115924642 602.36137477398006 382.42199088878988 83.712841791390019 538.28263638370413 1205.650351143179 405.48146786909729 39.35353934824343 45.349104510603183 190.48601532734165 11.788214035949975 1003.709374889095 75.927218235134205 47.373440156319703
leaf_count=17817 108 10295 1026 505 27 7270 6836 6087 98 1012 190 76 378 26 74
internal_value=-0.000216045 0.00134819 0.00467878 0.00633831 -0.0166645 -0.00516252 0.00494386 -0.0108123 -0.0144342 -0.0180162 0.00250824 0.0143125 -0.0252409 0.0332587 -0.0216584
internal_weight=16007 14417 9543.54 8857.47 686.074 4873.44 1743.93 3129.51 1590.05 1415.61 366.547 174.442 1049.06 115.281 59.1617
internal_count=51825 49863 11853 10800 1053 38010 14106 23904 1962 1688 298 274 1390 124 150
is_linear=0
shrinkage=0.0357863


Tree=91
num_leaves=12
num_cat=0
split_feature=10 11 6 18 12 3 3 18 18 18 13
split_gain=158.719 137.137 167.529 191.235 94.7318 187.599 164.276 54.4953 23.8434 38.7755 19.0358
threshold=0.01202233135700226 -0.98296290636062611 4.0000000808504417e-05 39.578218460083015 71.273151397705092 0.026013863272964958 0.030414562672376636 26.894014358520511 47.645442962646491 49.672124862670906 0.066111147403717055
decision_type=2 2 2 2 2 2 2 2 2 2 2
left_child=1 2 7 -4 6 -6 -3 -1 -2 -10 -11
right_child=8 4 3 -5 5 -7 -8 -9 9 10 -12
leaf_value=-0.030625852029866459 0.049089091583740106 -0.0031272457544848672 0.041645219445918938 -0.015297472531032264 0.009969168488663421 -0.019390584145366391 0.011425742905762539 0.003900292208414452 -0.034918745585436062 0.038596556642425936 0
leaf_weight=84.11549934476372 76.08355007123015 12268.815636924501 340.96880003843114 95.362921991194526 2004.9243051423746 322.67445213708561 1079.6380201733136 185.84173898770032 12.850604036914246 73.869260955438691 24.466982624500815
leaf_count=239 122 46552 417 133 2124 97 367 1490 25 225 34
internal_value=0.000288319 -8.27548e-05 0.0153386 0.0290716 -0.00078115 0.0058749 -0.00194598 -0.00665088 0.0330471 0.0215628 0.029516
internal_weight=16569.6 16382.3 706.289 436.332 15676.1 2327.6 13348.5 269.957 187.27 111.187 98.3362
internal_count=51825 51419 2279 550 49140 2221 46919 1729 406 284 259
is_linear=0
shrinkage=0.0357863


Tree=92
num_leaves=16
num_cat=0
split_feature=9 15 17 5 3 6 18 9 12 15 4 4 2 12 4
split_gain=269.723 827.123 371.762 468.574 236.649 191.726 321.495 188.704 233.339 184.939 142.146 253.15 114.56 111.019 100.167
threshold=0.81174489855766307 -0.12940952181816107 -0.0013973332243040202 0.0024324528640136127 0.0038998605450615291 2.7804999263025824e-05 30.694878578186039 -0.56174489110708226 24.884107589721683 -0.37940952181816096 0.025446960702538494 0.0087924571707844752 28.500000000000004 30.773969650268558 0.012823847122490408
decision_type=2 2 2 2 2 2 2 2 2 2 2 2 2 2 2
left_child=4 2 9 -4 7 6 -3 14 -9 -2 11 -6 -7 -12 -1
right_child=1 5 3 -5 10 12 -8 8 -10 -11 13 -13 -14 -15 -16
leaf_value=-0.023968550588661992 0.032144318774008827 0.029190073829154606 -0.012822323358047876 0.019578412058708548 -0.013733712611755057 -0.025798672953140426 -0.034173845800285145 -0.024673103668393561 0.012572615986960583 -0.0041998269867202873 0.034013680033809418 0.0083077811782710526 0.030175074879295972 -0.015309876019583809 0.0053497680560564767
leaf_weight=322.47592789227656 782.83869132760606 236.31095404720088 1678.1071769363957 866.46088611319692 966.7515465546021 2278.7347944144535 181.00573125324183 224.81494827778806 4687.5016830413451 229.17643408554545 60.818782034093601 2150.8932844516276 46.883474593102619 1181.3047851788469 273.09433524187079
leaf_count=3659 1137 977 1250 1308 662 1226 1621 694 27377 256 24 2087 331 940 8276
internal_value=-7.81258e-05 -0.00586663 0.00550874 -0.00176738 0.00361158 -0.0206367 0.00157242 0.00854458 0.0108566 0.0238587 -0.00260765 0.00145494 -0.0246461 -0.0128495 -0.0104309
internal_weight=16167.2 6299.52 3556.58 2544.57 9867.66 2742.93 417.317 5507.89 4912.32 1012.02 4359.77 3117.64 2325.62 1242.12 595.57
internal_count=51825 8106 3951 2558 43719 4155 2598 40006 28071 1393 3713 2749 1557 964 11935
is_linear=0
shrinkage=0.0357863


Tree=93
num_leaves=14
num_cat=0
split_feature=16 11 12 16 12 16 18 3 19 10 19 11 11
split_gain=267.739 242.754 357.271 318.876 286.95 209.715 169.309 153.922 117.494 227.153 51.2357 44.6409 12.9018
threshold=0.0028549324488267307 0.37940952181816107 72.025131225585952 0.0016307443729601803 19.916113853454593 0.0083471625111997145 46.918510437011726 -0.024908191524446007 0.0071274864021688708 0.0064719780348241338 0.0082144732587039488 0.78656607866287243 0.98296290636062633
decision_type=2 2 2 2 2 2 2 2 2 2 2 2 2
left_child=1 3 4 6 -3 8 -1 -5 9 -2 -10 -7 -4
right_child=5 2 12 7 -6 11 -8 -9 10 -11 -12 -13 -14
leaf_value=-0.012537951540983132 -0.011373495227062283 -0.037937440417150352 -0.029662918230540774 0.052024198121409439 0.013070168728535708 -0.028039646037115548 0.027879576055431878 0.0034014947087937625 -0.029687303273553421 0.015788915623438017 -0.012060585213926582 0.045766767603048486 0
leaf_weight=2882.7012095867231 2200.3846894387952 145.58159955224983 299.91251296986229 85.167444634902495 4237.3251254672068 10.672929867038901 138.32464754403645 4468.0090651368782 474.63510317079584 478.89332627742624 406.54013479200245 105.54214895577613 17.18382601961639
leaf_count=4435 16472 140 462 94 11971 455 326 12698 1615 1280 1645 157 75
internal_value=-0.000224606 0.00230932 0.00870007 -0.00164893 0.0113631 -0.00869909 -0.0106687 0.0043234 -0.0102557 -0.00649755 -0.0216188 0.0385048 -0.0279303
internal_weight=15950.9 12274.2 4700 7574.2 4382.91 3676.67 3021.03 4553.18 3560.45 2679.28 881.175 116.215 317.096
internal_count=51825 30201 12648 17553 12111 21624 4761 12792 21012 17752 3260 612 537
is_linear=0
shrinkage=0.0357863


Tree=94
num_leaves=13
num_cat=0
split_feature=19 12 15 19 15 7 7 15 13 7 7 13
split_gain=158.283 150.429 120.976 109.936 202.176 181.342 136.017 134.175 152.65 105.4 64.0941 53.688
threshold=0.0077344309538602838 32.317001342773445 -0.6035533845424651 0.0023801699280738835 0.12940952181816107 -0.0015854088123887775 0.0038188534090295438 0.12940952181816107 -0.0088489474728703481 0.013479183427989485 0.023354521021246914 0.018717620521783832
decision_type=2 2 2 2 2 2 2 2 2 2 2 2
left_child=3 -2 11 7 5 -5 -6 9 -9 -1 -4 -3
right_child=1 2 10 4 6 -7 -8 8 -10 -11 -12 -13
leaf_value=-0.011728492060755023 -0.024869648166103729 -0.03630649495875584 0 -0.0026140935328086649 0.004064436967258697 0.011900206697023017 -0.0069970158446402749 0.050934025156560148 1.1492570961841311e-05 0.02173472960145479 0.033456852648785063 0.0066463589964986056
leaf_weight=2637.1882710420768 107.63980696342742 46.438000005219237 85.015399168130557 1681.3364917125828 2247.0814203927202 3170.9928527880975 3865.1409371515147 78.75944522942882 1809.1348130257961 125.1865837724622 501.96091659972205 185.73817997881997
leaf_count=3590 38 627 1593 14177 10727 10248 6873 96 2931 328 536 61
internal_value=0.000299951 0.0146709 0.0199353 -0.000549437 0.00140206 0.00685945 -0.00292125 -0.00516278 0.00216581 -0.0101916 0.0285902 -0.00170464
internal_weight=16541.6 926.792 819.152 15614.8 10964.6 4852.33 6112.22 4650.27 1887.89 2762.37 586.976 232.176
internal_count=51825 2855 2817 48970 42025 24425 17600 6945 3027 3918 2129 688
is_linear=0
shrinkage=0.0357863


Tree=95
num_leaves=16
num_cat=0
split_feature=11 0 9 0 17 14 18 0 18 10 18 12 12 5 12
split_gain=282.537 261.347 264.981 252.645 231.136 193.85 176.938 115.619 196.294 79.7324 38.2151 29.0519 19.0551 7.56502 0.839208
threshold=0.91597560048103344 3.9859998651081703e-05 -0.56174489110708226 4.2114999814657501e-05 0.0041098478250205525 -0.87837970256805409 37.911628723144538 9.9965000117663308e-05 37.225809097290046 -0.0016419225721620021 25.980816841125492 54.415548324584968 59.691972732543952 0.0025519982445985083 30.263214111328129
decision_type=2 2 2 2 2 2 2 2 2 2 2 2 2 2 2
left_child=1 2 6 14 -4 -5 -1 10 12 -10 13 -12 -9 -2 -3
right_child=7 3 4 5 -6 -7 -8 8 9 -11 11 -13 -14 -15 -16
leaf_value=-0.026967532748915897 0.039210707711383214 -0.022790188550088672 0.012530124789858349 0.017174798396742515 -0.0049520152984991531 -0.0031452201208647516 0.015413381753676911 -0.028828518111306125 -0.028247304003936841 0.031213746957643111 -0.026054081915908661 -0.01182136453312512 0 -0.013916107071361579 -0.030358191907037136
leaf_weight=459.62211841851763 15.620817428709863 95.352215107739767 4798.5381982298186 658.52443439180206 1208.2628079716051 6862.7650547006851 172.06089057219492 184.30346014897134 32.658434802081757 203.8842938432891 757.7476513063358 264.51926745492801 37.126256893497612 2.6084023108231884 357.68941675777728
leaf_count=5867 222 35 21798 1403 3898 8854 2917 518 176 151 4871 600 82 146 287
internal_value=-8.21162e-05 0.00143195 0.00667984 -0.00292979 0.00900428 -0.00135864 -0.0153349 -0.0148844 0 0.0227666 -0.0214793 -0.0224262 -0.0241152 0.0285344 -0.0288895
internal_weight=16111.3 14612.8 6638.48 7974.33 6006.8 7521.29 631.683 1498.47 457.972 236.543 1040.5 1022.27 221.43 18.2292 453.042
internal_count=51825 45059 34480 10579 25696 10257 8784 6766 927 327 5839 5471 600 368 322
is_linear=0
shrinkage=0.0357863


Tree=96
num_leaves=16
num_cat=0
split_feature=16 7 3 6 6 7 4 5 5 16 19 8 4 5 1
split_gain=251.692 402.898 232.632 232.456 284.396 255.346 170.249 189.483 181.265 130.179 129.014 69.6842 43.7002 28.863 27.0399
threshold=0.0028549324488267307 0.028725375421345237 0.053907833993434913 4.0000000808504417e-05 4.6170000132406137e-05 -0.0043768694158643475 0.0071524027734994897 0.0010061915963888171 0.0020183265442028646 0.0019470844999887051 0.0071274864021688708 28.500000000000004 0.029195801354944709 0.0024212127318605785 0.0017655203700996938
decision_type=2 2 2 2 2 2 2 2 2 2 2 2 2 2 2
left_child=3 11 10 6 9 -6 7 -1 -8 -5 -3 12 -2 -13 -4
right_child=1 2 14 4 5 -7 8 -9 -10 -11 -12 13 -14 -15 -16
leaf_value=-0.017182251505364243 -0.017482543773551917 0.022490747661282097 0.0021359563965770907 0.033114668008461995 -0.01546342556393574 0.0063417849402229703 -0.013338525486930458 0.01667120649613326 0.0029649625751500333 -0.0008881023783965155 -0.0024136522433972334 -0.025302633037833193 -0.030009145664032923 0.00025382443940213587 -0.025895460496585192
leaf_weight=279.50121413328031 1282.6864290439412 736.94744039070213 48.616950605312013 664.96814143269887 780.7314845486726 5714.364470018324 2416.9512111706745 859.56044602937084 1359.7717497751878 180.05480134641755 411.22125584805224 67.929308634048084 523.4859745309609 314.56665855626306 262.30692951222954
leaf_count=890 8760 1733 41 368 2100 4589 9117 3495 9392 250 811 500 6756 2889 134
internal_value=-0.000225671 -0.00848092 0.00605659 0.0022268 0.00626297 0.00371209 -0.00378851 0.00831505 -0.00745379 0.0258033 0.0135224 -0.018198 -0.0211443 -0.00413896 -0.0213323
internal_weight=15903.7 3647.76 1459.09 12255.9 7340.12 6495.1 4915.78 1139.06 3776.72 845.023 1148.17 2188.67 1806.17 382.496 310.924
internal_count=51825 21624 2719 30201 7307 6689 22894 4385 18509 618 2544 18905 15516 3389 175
is_linear=0
shrinkage=0.0357863


Tree=97
num_leaves=16
num_cat=0
split_feature=16 16 5 18 18 16 18 11 18 18 4 18 1 4 4
split_gain=172.058 163.944 233.016 160.124 142.854 129.761 120.782 75.9953 113.465 90.033 114.061 108.36 44.7011 13.6238 10.7968
threshold=0.0021821755217388277 0.0023527615703642373 0.0016138898790813985 28.941781997680668 37.911628723144538 0.0030458065448328857 31.02093601226807 -0.98296290636062611 33.635713577270515 29.070840835571293 0.012162262108176948 31.429351806640629 0.0056535531766712674 0.0070612372364848861 0.014983269385993482
decision_type=2 2 2 2 2 2 2 2 2 2 2 2 2 2 2
left_child=7 2 14 5 -4 -3 -5 8 13 10 -9 -11 -10 -1 -2
right_child=1 3 4 6 -6 -7 -8 9 12 11 -12 -13 -14 -15 -16
leaf_value=0.008297242744088185 -0.027409350785661941 -0.01944905378142199 0.03582927320422593 0.019904702748682414 -0.0045003536268809364 0.0041730168424593842 0.0031473466708068485 0.0077690027085931517 0.044222003278252001 -0.01403817472863631 -0.010423415216211041 -0.0031055157012292219 -0.011514394416165325 -0.021251986195156464 -0.0047622169519889309
leaf_weight=24.491655339393731 105.6134851102842 689.91812247216876 565.14896482482595 628.76114245681219 137.44434858812929 518.25062083635112 4582.3821733453442 1609.7549359340028 128.63528008463567 1496.898023970658 606.28230509008517 5279.3633708346615 19.726962864398956 71.679274950613944 44.914532044949127
leaf_count=118 193 2329 1938 3573 870 3558 20324 3787 259 2950 1078 10573 7 209 59
internal_value=0.000300121 0.00442049 0.0191689 0.00245168 0.0278601 -0.00926992 0.00518002 -0.00293791 0.0167064 -0.00347835 0.00276647 -0.00552886 0.0364332 -0.0131443 -0.0210247
internal_weight=16509.3 7272.43 853.121 6419.31 702.593 1208.17 5211.14 9236.83 244.533 8992.3 2216.04 6776.26 148.362 96.1709 150.528
internal_count=51825 32844 3060 29784 2808 5887 23897 18981 593 18388 4865 13523 266 327 252
is_linear=0
shrinkage=0.0357863


Tree=98
num_leaves=16
num_cat=0
split_feature=11 0 15 0 12 5 19 0 18 15 10 18 12 12 5
split_gain=267.915 247.213 291.093 238.23 218.373 202.98 300.894 112.728 189.123 77.7441 75.9513 36.9252 28.6815 18.6628 7.22304
threshold=0.91597560048103344 3.9859998651081703e-05 -0.12940952181816107 4.9759999456000521e-05 72.804443359375014 0.0010579013032838704 0.0019840473541989927 9.9965000117663308e-05 37.225809097290046 0.91597560048103344 -0.0016419225721620021 25.980816841125492 54.415548324584968 59.691972732543952 0.0025519982445985083
decision_type=2 2 2 2 2 2 2 2 2 2 2 2 2 2 2
left_child=1 5 3 -3 -4 9 -7 11 13 -1 -10 14 -13 -9 -2
right_child=7 2 4 -5 -6 6 -8 8 10 -11 -12 12 -14 -15 -16
leaf_value=0.031899453879591304 0.038328365299192549 -0.029393649855417359 -0.011238862255872379 0.0075957928478903843 0.016770305614199704 -0.02571528735084189 0.0066899864796404109 -0.028609318145978977 -0.028016473414096535 -0.011930370106864079 0.030459159995965015 -0.025814143131955371 -0.011596244259463611 0 -0.013420240539987678
leaf_weight=493.60487440053549 15.647820295215562 239.27908177001973 4140.1118938811496 3186.5738820281376 388.54586766972443 391.65665070666546 5695.9513010355195 180.70820130911159 32.03101860283536 55.916167772400684 205.11678648214726 741.3895929599945 262.72084882349986 37.151489824791099 2.5846825579356709
leaf_count=1093 222 600 5264 4458 257 920 32287 518 176 180 151 4871 600 82 146
internal_value=-8.15093e-05 0.00138531 -0.00286466 0.00499584 -0.00882336 0.00648727 0.0045959 -0.0146069 8.85369e-05 0.0273375 0.022324 -0.0212021 -0.02215 -0.0238583 0.0279186
internal_weight=16069 14591.6 7954.51 3425.85 4528.66 6637.13 6087.61 1477.35 455.007 549.521 237.148 1022.34 1004.11 217.86 18.2325
internal_count=51825 45059 10579 5058 5521 34480 33207 6766 927 1273 327 5839 5471 600 368
is_linear=0
shrinkage=0.0357863


Tree=99
num_leaves=16
num_cat=0
split_feature=16 7 11 15 0 7 15 13 10 13 16 15 10 6 11
split_gain=237.866 387.991 220.933 360.457 391.184 328.131 205.584 196.931 156.491 143.754 138.722 109.813 103.643 60.5056 16.4778
threshold=0.0028549324488267307 0.028725375421345237 0.37940952181816107 0.12940952181816107 3.9859998651081703e-05 -0.010589754674583672 -0.7865660786628722 0.060250224545598037 0.01202233135700226 0.012798456009477379 0.0019690414192155008 0.91597560048103344 -0.0034872100222855802 -3.4894999771495343e-05 -1.0000000180025095e-35
decision_type=2 2 2 2 2 2 2 2 2 2 2 2 2 2 2
left_child=2 11 3 5 -5 -1 9 8 -3 -4 -8 13 -13 -2 -9
right_child=1 7 6 4 -6 -7 10 14 -10 -11 -12 12 -14 -15 -16
leaf_value=0.017269633260221129 -0.002324565740364209 0.015643424097506096 0.033004294451575641 -0.0098045794326322728 0.011745765366225083 -0.017113158874766495 0.0089115719723353304 -0.006396252276746596 -0.029405887086255168 -0.035391895669095098 -0.0069272890458184277 0.032474960384708165 -0.030552495180873853 -0.022325594460516719 -0.030124321439330238
leaf_weight=417.17816455744651 224.32687737294282 1120.949097251402 546.24819031311836 1643.6419148656305 3129.6486275794705 2352.0564168846013 3193.0592094484309 56.199017205533892 107.50913438192333 41.620798552059568 905.98868825704812 100.68100076356713 49.270669889744212 1788.9751597707686 171.67201814055443
leaf_count=3561 3189 2243 1513 5778 1928 6286 5613 89 338 28 5494 775 1385 13556 49
internal_value=-0.00023281 -0.00829451 0.00214866 -0.00163681 0.00431335 -0.0119132 0.00825245 0.00595644 0.0116551 0.0280661 0.00539713 -0.0179143 0.0113914 -0.0201249 -0.0245187
internal_weight=15849 3619.58 12229.4 7542.53 4773.29 2769.23 4686.92 1456.33 1228.46 587.869 4099.05 2163.25 149.952 2013.3 227.871
internal_count=51825 21624 30201 17553 7706 9847 12648 2719 2581 1541 11107 18905 2160 16745 138
is_linear=0
shrinkage=0.0357863


Tree=100
num_leaves=16
num_cat=0
split_feature=16 16 5 18 13 18 18 7 7 16 7 13 18 5 7
split_gain=159.238 157.491 221.013 152.949 144.27 134.925 113.565 77.788 188.503 159.316 157.503 111.804 97.7342 85.6136 14.2606
threshold=0.0021821755217388277 0.0023527615703642373 0.0016138898790813985 28.941781997680668 0.0058017713017761716 37.911628723144538 31.02093601226807 0.013479183427989485 0.0098525746725499647 0.0014834718895144763 0.015305402223020794 -0.00034772985964082176 28.877126693725589 0.0017572190263308587 0.00477329338900745
decision_type=2 2 2 2 2 2 2 2 2 2 2 2 2 2 2
left_child=7 2 14 4 -3 -4 -5 8 12 10 -9 -10 -1 -11 -2
right_child=1 3 5 6 -6 -7 -8 9 11 13 -12 -13 -14 -15 -16
leaf_value=0.0051938976712217226 -0.029704703110087292 -0.019726606573582675 0.034815058038528149 0.019273545915932715 0.0052871350032936545 -0.0043798415095371258 0.0030299389930693943 0.057951117799454749 0.0152678619888914 -0.016530266890582655 -0.0066026038897704468 -0.022216856260514745 -0.0042449324053359617 0.010478402899279798 -0.0056423720285282428
leaf_weight=1886.4115931888427 90.731716058168388 696.77222014940889 568.24430709877856 629.33389134358004 507.55289952502244 137.16892673927521 4581.1676201550845 133.9397615492316 112.64583806226801 270.17647007052295 73.511180070935154 927.84289551173242 5468.8588330298917 337.58663730684935 58.33448613746242
leaf_count=3930 173 5475 1938 3573 412 870 20324 213 170 718 371 1243 11127 1209 79
internal_value=0.000308754 0.00427153 0.0187133 0.00233908 -0.0091383 0.0271142 0.00500265 -0.00281259 -0.00384182 0.00771849 0.034807 -0.0181047 -0.00181653 -0.00143601 -0.020665
internal_weight=16480.3 7269.31 854.479 6414.83 1204.33 705.413 5210.5 9210.97 8395.76 815.214 207.451 1040.49 7355.27 607.763 149.066
internal_count=51825 32844 3060 29784 5887 2808 23897 18981 16470 2511 584 1413 15057 1927 252
is_linear=0
shrinkage=0.0357863


Tree=101
num_leaves=16
num_cat=0
split_feature=11 2 15 17 11 0 0 0 0 18 10 18 12 12 10
split_gain=256.943 238.061 733.305 445.532 347.544 413.167 230.338 167.888 109.655 181.275 71.9555 35.4625 28.4118 18.2818 6.69823
threshold=0.91597560048103344 27.500000000000004 -0.12940952181816107 -0.0013973332243040202 -0.6035533845424651 -4.4530001105158583e-05 8.9209999714512392e-05 2.9185000130382836e-05 9.9965000117663308e-05 37.225809097290046 -0.0016419225721620021 25.980816841125492 54.415548324584968 59.691972732543952 0.0011531803756952288
decision_type=2 2 2 2 2 2 2 2 2 2 2 2 2 2 2
left_child=1 4 3 -3 5 -1 -6 -4 11 13 -11 14 -13 -10 -2
right_child=8 2 7 -5 6 -7 -8 -9 9 10 -12 12 -14 -15 -16
leaf_value=-0.023532700508371505 0.037046444104998535 0.026254025700941052 -0.0015670283057295758 -0.00077946640733689439 0.0067084902051996569 0.021973469237711939 -0.0085754417216630345 -0.022365644966330027 -0.028407129648081252 -0.027801081566717567 0.029531326181583006 -0.025617030156632078 -0.011405051391387247 0 -0.012718664033549629
leaf_weight=287.95892177660926 15.719138608010015 1053.8466777699418 653.60575163270141 2998.4572293244728 3068.4071668098209 2198.2789119854629 2145.3490128425224 2156.3498813158667 177.39736035244408 31.433916708093449 206.68294283667439 727.68060098666058 261.37801750220422 37.168032058041348 2.5089141910129618
leaf_count=1400 292 2885 5021 4360 17642 9267 2342 2142 518 176 151 4871 600 82 76
internal_value=-8.37913e-05 0.00134763 -0.00349416 0.00623712 0.00566992 0.0166803 0.000408732 -0.0175478 -0.0143996 0.00010755 0.0217268 -0.0209747 -0.021918 -0.0236236 0.0271224
internal_weight=16022.2 14562.3 6862.26 4052.3 7699.99 2486.24 5213.76 2809.96 1459.97 452.682 238.117 1007.29 989.059 214.565 18.2281
internal_count=51825 45059 14408 7245 30651 10667 19984 7163 6766 927 327 5839 5471 600 368
is_linear=0
shrinkage=0.0357863


Tree=102
num_leaves=14
num_cat=0
split_feature=16 15 16 11 15 16 13 15 5 13 14 11 18
split_gain=226.61 261.462 210.082 206.25 340.119 370.345 291.248 196.034 203.315 135.147 119.784 40.4306 34.1722
threshold=0.0028549324488267307 0.98296290636062633 0.0083471625111997145 0.37940952181816107 -1.0000000180025095e-35 0.0016307443729601803 -0.010669483337551354 -0.7865660786628722 0.0013394373818300667 0.012798456009477379 0.87837970256805431 0.78656607866287243 49.672124862670906
decision_type=2 2 2 2 2 2 2 2 2 2 2 2 2
left_child=3 2 10 4 6 -6 -1 9 -9 -5 -2 -4 -3
right_child=1 12 11 7 5 -7 -8 8 -10 -11 -12 -13 -14
leaf_value=0.021874547657519269 -0.013498568191843851 0.044657203718949746 -0.02708911532099437 0.032028259275840555 -0.0096485654552973758 0.011387133335263092 -0.015672674919429901 0.016929717933372529 -0.00021265729455599518 -0.034600269937567492 0.014302942671308131 0.044158321263813083 -0.028120019164724348
leaf_weight=295.3966249002533 3129.7997596513128 130.0109377741563 10.283908317692079 548.9710301086152 1625.9785591418586 3135.7939418017977 2452.3084144148843 1291.7562498258417 2801.2186439564462 41.161662273814727 209.96213963851369 104.92947043112848 7.8515778094844384
leaf_count=363 16285 800 445 1513 2323 5383 9484 1761 9346 28 3843 157 94
internal_value=-0.000238801 -0.00814071 -0.0100821 0.0020851 -0.00158428 0.00419241 -0.0116156 0.00798098 0.00518387 0.0272855 -0.011734 0.0373109 0.0401044
internal_weight=15785.4 3592.84 3454.98 12192.6 7509.48 4761.77 2747.71 4683.11 4092.97 590.133 3339.76 115.213 137.863
internal_count=51825 21624 20730 30201 17553 7706 9847 12648 11107 1541 20128 602 894
is_linear=0
shrinkage=0.0357863


Tree=103
num_leaves=12
num_cat=0
split_feature=10 10 13 4 13 17 18 18 18 18 13
split_gain=136.929 98.8575 209.563 176.638 140.246 53.5479 53.2265 19.9441 36.2556 19.9267 18.1276
threshold=0.01202233135700226 0.0064719780348241338 0.037479944527149207 0.018712573684751991 0.066111147403717055 -0.0015994142158888278 54.087932586669929 47.645442962646491 49.672124862670906 39.044847488403327 0.066111147403717055
decision_type=2 2 2 2 2 2 2 2 2 2 2
left_child=1 2 3 -1 -4 9 -7 -2 -9 -3 -10
right_child=7 5 4 -5 -6 6 -8 8 10 -11 -12
leaf_value=-0.0022482912889261212 0.045516729416080058 0 0.032214490676853585 0.007041345581672874 -0.017003713575153744 -0.015891457559489088 0.01709877406455752 -0.03457221810743976 0.036797140475604104 0.046933965825937091 0
leaf_weight=11416.175905754608 76.044546695683763 24.282298852187868 413.09667566202006 3402.3491646122802 88.749244297847326 822.2675845083487 66.173852212368956 12.787537998035331 73.322062328551894 25.096588380661384 24.49293962255615
leaf_count=29730 122 28 127 19702 33 1501 243 25 225 55 34
internal_value=0.00031437 -3.20818e-05 0.000654882 -0.000111598 0.0233987 -0.011314 -0.013371 0.0307911 0.0201571 0.0245574 0.0278872
internal_weight=16444.8 16258.2 15320.4 14818.5 501.846 937.82 888.441 186.647 110.603 49.3789 97.815
internal_count=51825 51419 49592 49432 160 1827 1744 406 284 83 259
is_linear=0
shrinkage=0.0357863


Tree=104
num_leaves=16
num_cat=0
split_feature=9 6 12 0 4 3 9 12 4 4 4 12 4 3 8
split_gain=235.471 266.297 494.792 447.984 342.407 209.846 174.349 219.634 149.329 122.067 236.868 102.537 92.8456 49.9855 26.3198
threshold=0.81174489855766307 3.2199999623117044e-05 37.510326385498054 7.1050002588890506e-05 0.022610822692513469 0.0038998605450615291 -0.56174489110708226 24.884107589721683 0.0080783911980688589 0.025446960702538494 0.0087924571707844752 30.773969650268558 0.012823847122490408 -0.010314960498362778 28.500000000000004
decision_type=2 2 2 2 2 2 2 2 2 2 2 2 2 2 2
left_child=5 2 13 14 -5 6 12 -8 -4 10 -7 -11 -1 -2 -3
right_child=1 3 8 4 -6 9 7 -9 -10 11 -12 -13 -14 -15 -16
leaf_value=-0.023462271048895342 0.00385781159144579 -0.028575439789510545 0.015665772135265505 -0.011496640049681999 0.017346404194997254 -0.013583584660227485 -0.024409742420859616 0.011894077900807194 -0.0095519138497768934 0.032584118479503675 0.0078252208616813382 -0.014597749909311415 0.0048339891295245477 0.040221352791301034 -0.0052671013880296862
leaf_weight=318.32200335726293 58.469147648895159 1339.2533306307773 374.85502205440093 1598.1427164685988 785.90476209308463 956.04810246305533 222.67353350417943 4670.0358470096307 1500.4581990392473 61.48158623496056 2147.5293229671861 1152.1685213246692 273.31406674857726 428.98771026610211 71.305985132719343
leaf_count=3659 79 814 584 933 472 662 694 27377 4575 24 2087 940 8276 351 298
internal_value=-8.42264e-05 -0.0055721 0.00384152 -0.0114484 -0.00196496 0.00335756 0.00800581 0.0102304 -0.00448125 -0.00253433 0.00121223 -0.0121612 -0.0102959 0.0359747 -0.0274369
internal_weight=15958.9 6157.38 2362.77 3794.61 2384.05 9801.57 5484.35 4892.71 1875.31 4317.23 3103.58 1213.65 591.636 487.457 1410.56
internal_count=51825 8106 5589 2517 1405 43719 40006 28071 5159 3713 2749 964 11935 430 1112
is_linear=0
shrinkage=0.0357863


Tree=105
num_leaves=16
num_cat=0
split_feature=16 7 14 6 6 7 18 10 1 18 16 10 7 6 16
split_gain=213.563 367.591 324.613 198.37 259.223 239.006 195.629 414.555 263.87 145.862 122.976 93.9138 201.623 68.2015 27.8736
threshold=0.0028549324488267307 0.028725375421345237 -0.60785761475563038 4.0000000808504417e-05 4.6170000132406137e-05 -0.0043768694158643475 37.449151992797859 -0.0020817393669858571 -0.0031967991963028903 43.840703964233406 0.0019470844999887051 -0.00343762245029211 0.00055225350661203276 -3.4394999602227465e-05 0.0051986114121973523
decision_type=2 2 2 2 2 2 2 2 2 2 2 2 2 2 2
left_child=3 11 14 6 10 -6 8 -8 -1 -4 -5 12 -2 -13 -3
right_child=1 2 9 4 5 -7 7 -9 -10 -11 -12 13 -14 -15 -16
leaf_value=0.015780882965814043 -0.016061820673253239 -0.0083290705310829338 0.0025500529288619059 0.031693331104998584 -0.015314688409336681 0.0058488782717634382 -0.026349320816060753 0.01535005051436706 -0.013376447738093523 0.029008743006349636 -0.0015084087951821588 -4.3748867591732711e-05 0.047726961978758815 -0.02315948419497129 -0.030000415880661647
leaf_weight=466.20708658743933 255.52768303146695 121.6002351413874 537.07685448131474 655.7262454005845 775.47091079892834 5696.171248644172 393.21315440976218 1358.1735993771538 2642.9321037702161 540.40150573187998 178.60409116297387 187.59835229298915 84.406121518521786 1590.7024640691709 246.97170629042628
leaf_count=616 6950 415 1229 368 2100 4589 3005 4361 14912 888 250 1902 283 9770 187
internal_value=-0.000248668 -0.00795556 0.00592492 0.00200454 0.00573462 0.00330426 -0.00359072 0.00595583 -0.00898633 0.0158723 0.0245188 -0.0174577 -5.72822e-05 -0.0207524 -0.0230029
internal_weight=15730.8 3564.28 1446.05 12166.5 7305.97 6471.64 4860.53 1751.39 3109.14 1077.48 834.33 2118.23 339.934 1778.3 368.572
internal_count=51825 21624 2719 30201 7307 6689 22894 7366 15528 2117 618 18905 7233 11672 602
is_linear=0
shrinkage=0.0357863


Tree=106
num_leaves=15
num_cat=0
split_feature=5 0 3 1 17 1 4 12 3 7 0 3 4 7
split_gain=138.524 89.4491 109.946 112.302 88.3766 281.396 190.923 113.148 96.9303 170.127 108.574 49.6129 40.3602 1.70495
threshold=0.0052541063632816085 4.2114999814657501e-05 0.017636325210332874 -0.0032556217629462476 0.0041098478250205525 8.8403503468725844e-05 0.0094959209673106688 69.79465484619142 -0.0082477219402790052 0.0061287200078368196 9.7665000794222592e-05 0.0073781919199973353 0.014875309076160194 -0.036890087649226182
decision_type=2 2 2 2 2 2 2 2 2 2 2 2 2 2
left_child=4 12 11 -4 8 7 -7 -6 9 -1 -10 -3 -2 -14
right_child=1 2 3 -5 5 6 -8 -9 10 -11 -12 -13 13 -15
leaf_value=0.008346640928335711 -0.031390166998252769 0.049190689462592453 0.040824770450266709 0.0053372421160573788 -0.012691040327765303 0.046321851418569905 -0.0041021419793824234 0.031746303145511648 -0.0055240271396609269 -0.031650325801830054 0.0022429311725435832 -0.033846294579189647 0.01674222280645098 0.037149505765031912
leaf_weight=1872.7324248793884 11.130576134581558 9.6248042178099222 142.63482123856375 601.06623582449538 82.450619172706183 101.52820686888299 1795.7384338480406 561.94091579514384 7441.6282000717147 146.4216779921062 3327.0226398244395 100.07361541461796 16.060182151899568 204.81870919752862
leaf_count=2741 57 649 72 159 4602 45 1360 658 34714 252 3781 20 802 1913
internal_value=0.000319223 0.0126759 0.00723452 0.0122192 -0.00055205 0.00553744 -0.00137406 0.0259735 -0.00176676 0.00541833 -0.00311919 -0.0260465 0.0324483 0.0359201
internal_weight=16414.9 1085.41 853.399 743.701 15329.5 2541.66 1897.27 644.392 12787.8 2019.15 10768.7 109.698 232.009 220.879
internal_count=51825 3672 900 231 48153 6665 1405 5260 41488 2993 38495 669 2772 2715
is_linear=0
shrinkage=0.0357863


Tree=107
num_leaves=13
num_cat=0
split_feature=11 7 5 1 10 12 3 16 7 14 1 12
split_gain=239.24 223.825 377.589 303.089 198.606 157.931 126.18 91.9761 113.668 80.9213 113.785 31.0907
threshold=0.91597560048103344 0.028725375421345237 0.0024565276689827447 0.0023826623801141982 -0.0012285932316444812 30.773969650268558 0.00079519115388393413 0.001010458334349096 0.0033231379929929976 -1.0000000180025095e-35 -0.00094590891967527557 58.50970649719239
decision_type=2 2 2 2 2 2 2 2 2 2 2 2
left_child=1 2 3 -1 -4 -3 -7 8 -2 10 -9 -11
right_child=7 5 4 -5 -6 6 -8 9 -10 11 -12 -13
leaf_value=-0.0037702140949288907 0.052144571383701432 0.02633466075611653 -0.0044439681444363105 0.01034315596765773 0.020112530708635702 0.020057060584570994 -0.018158514402561263 0.036367616413028464 -0.024275882897091133 -0.026277326143120613 -0.012133972949491534 -0.0061541199445651089
leaf_weight=7728.8160558156524 57.166962501926598 128.59837134066674 526.20409582653701 2605.445100713685 2056.1596459354514 119.45740822216703 1312.8848723028714 72.182675918615132 43.048070859574985 711.31106732186038 424.7721460397604 122.8958226814965
leaf_count=20661 115 33 10949 1483 8923 2054 956 209 67 3766 2165 444
internal_value=-7.99701e-05 0.00129638 0.00284668 -0.000206564 0.015087 -0.0114963 -0.0149321 -0.01404 0.0187596 -0.0165515 -0.00497584 -0.02338
internal_weight=15908.9 14477.6 12916.6 10334.3 2582.36 1560.94 1432.34 1431.38 100.215 1331.16 496.955 834.207
internal_count=51825 45059 42016 22144 19872 3043 3010 6766 182 6584 2374 4210
is_linear=0
shrinkage=0.0357863


Tree=108
num_leaves=16
num_cat=0
split_feature=12 11 15 0 16 12 12 16 7 6 7 15 2 13 5
split_gain=226.141 187.609 404.982 390.905 322.533 276.789 251.119 160.173 115.46 159.331 206.959 112.397 56.3728 32.6523 12.0244
threshold=72.804443359375014 0.37940952181816107 -1.0000000180025095e-35 3.9859998651081703e-05 0.0019690414192155008 9.2399163246154803 19.916113853454593 0.0083471625111997145 0.032365528866648681 -2.9925000490038652e-05 -0.0010550441220402715 -0.6035533845424651 26.500000000000004 0.030474868603050712 0.0024212127318605785
decision_type=2 2 2 2 2 2 2 2 2 2 2 2 2 2 2
left_child=1 2 5 -4 6 -1 -3 -6 9 10 -2 13 -11 -10 -13
right_child=8 4 3 -5 7 -7 -8 -9 11 12 -12 14 -14 -15 -16
leaf_value=0.063987752968062334 0.029556367969017353 -0.037417478144463411 -0.0096150602704625238 0.010896425296041717 -0.0079644045982569262 -0.013249225639726228 0.014620956410822254 0.035671318897794152 0.0039551248535810149 0.013498440046721799 -0.020616593484358622 0.0054652871725546148 -0.02746630096283996 0.049571592499898495 -0.030176301103961991
leaf_weight=60.268874469353705 184.92575201452451 122.4756706977023 1788.5154992960088 3545.5897091608094 1822.9937430980133 3301.0851879833149 3402.6326710137623 114.12991955142547 31.139596994731619 43.381958564305705 244.23745678156115 12.491927580911577 867.14193512782526 75.697083264150933 52.709657055682328
leaf_count=29 107 71 10047 3294 12020 17968 6206 228 95 936 209 12 436 26 141
internal_value=-0.000255451 0.00114573 -0.00211447 0.00400846 0.00634596 -0.0118475 0.012797 -0.00536443 -0.0134148 -0.0169779 0.000872522 0.0140052 -0.0254529 0.0368016 -0.022489
internal_weight=15669.4 14157.7 8695.46 5334.11 5462.23 3361.35 3525.11 1937.12 1511.73 1339.69 429.163 172.038 910.524 106.837 65.2016
internal_count=51825 49863 31338 13341 18525 17997 6277 12248 1962 1688 316 274 1372 121 153
is_linear=0
shrinkage=0.0357863


Tree=109
num_leaves=16
num_cat=0
split_feature=16 16 5 16 13 6 0 7 7 16 7 13 0 6 7
split_gain=131.597 156.258 207.329 139.445 161.845 144.564 115.696 74.0268 181.808 147.6 145.79 105.969 96.3462 85.9189 13.6928
threshold=0.0021821755217388277 0.0023527615703642373 0.0016138898790813985 0.0024593780981376771 0.011365154292434456 1.0154999927181054e-05 1.2774999959219714e-05 0.013479183427989485 0.0098525746725499647 0.0014834718895144763 0.015305402223020794 -0.00034772985964082176 1.0000000180025095e-35 9.9965000117663308e-05 0.00477329338900745
decision_type=2 2 2 2 2 2 2 2 2 2 2 2 2 2 2
left_child=7 2 14 4 -3 -5 -4 8 13 10 -9 -10 -11 -1 -2
right_child=1 3 6 5 -6 -7 -8 9 11 12 -12 -13 -14 -15 -16
leaf_value=-0.0033152187964971464 -0.02918990694561625 -0.028164435658723154 -0.00060513568924407569 0.014731062685408436 0.022807220682651036 0.00069679006457883357 0.034072295045477242 0.055549536722363881 0.014712717944972182 0.018173182199439815 -0.006389705878594572 -0.021733076868033312 -0.011757158071791288 0.0069703477264967915 -0.0054477759172500747
leaf_weight=6053.3599818232033 88.582426921078337 361.43492063375652 154.57486687294409 1175.178348754408 101.16333446936187 4746.2053161318236 551.78903863751168 136.41837289565154 113.17198845448729 212.24880704719646 73.294092630003831 911.50595603591319 391.09593056615381 1253.4623404267768 58.084556031170649
leaf_count=13756 173 1755 2016 18910 81 9038 792 213 170 1003 371 1243 924 1301 79
internal_value=0.000328955 0.00393746 0.0183309 0.00200541 -0.0168964 0.00349156 0.0264046 -0.0025207 -0.00353116 0.00776472 0.0336355 -0.017653 -0.0011351 -0.00154309 -0.0201702
internal_weight=16381.6 7237.01 853.031 6383.98 462.598 5921.38 706.364 9144.56 8331.5 813.057 209.712 1024.68 603.345 7306.82 146.667
internal_count=51825 32844 3060 29784 1836 27948 2808 18981 16470 2511 584 1413 1927 15057 252
is_linear=0
shrinkage=0.0357863


Tree=110
num_leaves=15
num_cat=0
split_feature=11 2 15 11 6 4 0 0 0 5 14 6 4 5
split_gain=227.536 216.434 681.43 316.095 394.33 309.706 194.303 153.681 105.248 67.2739 112.585 25.6876 32.7863 21.2178
threshold=0.91597560048103344 27.500000000000004 -0.12940952181816107 -0.6035533845424651 -4.4275000618654296e-05 0.011894364841282369 7.8249999205581857e-05 2.9185000130382836e-05 9.9965000117663308e-05 0.0012548977974802258 -0.60785761475563038 -6.9195000833133222e-05 0.011206418275833132 0.0016604041447862985
decision_type=2 2 2 2 2 2 2 2 2 2 2 2 2 2
left_child=1 3 6 4 -1 -5 -3 -4 11 -10 -11 12 -2 -13
right_child=8 2 7 5 -6 -7 -8 -9 9 10 -12 13 -14 -15
leaf_value=-0.024656547587893873 0.043865891923572514 0.00037551722099458224 -0.0019302773548378607 -0.0091361341455158101 0.020905836914102763 0.0084022811449522526 0.017055485556699366 -0.021912409913131672 0.029239998977624308 0.021154397447227666 -0.020838992752504143 -0.016294964170385763 -0.01289099700255966 -0.027833147407927639
leaf_weight=272.29311514557776 16.662552772983503 2697.9819463305184 653.38079166912803 2383.4491227239414 2208.1391581840626 2808.6278816322756 1343.2326258014696 2089.3129744158732 84.981921234369736 124.42290174067335 235.08965572316663 445.05752664637168 59.608392167778817 445.88552643368257
leaf_count=1396 93 6245 5021 6308 9271 13676 1000 2142 58 179 690 1272 442 4032
internal_value=-8.38164e-05 0.00125176 -0.00339988 0.00537196 0.0158815 0.000340393 0.00593355 -0.0171726 -0.0138002 0.000490923 -0.00614962 -0.0204257 0 -0.0221325
internal_weight=15868.1 14456.4 6783.91 7672.51 2480.43 5192.08 4041.21 2742.69 1411.71 444.494 359.513 967.214 76.2709 890.943
internal_count=51825 45059 14408 30651 10667 19984 7245 7163 6766 927 869 5839 535 5304
is_linear=0
shrinkage=0.0357863


Tree=111
num_leaves=16
num_cat=0
split_feature=11 4 7 1 19 7 0 7 19 8 17 0 11 13 17
split_gain=182.205 234.429 232.114 334.617 207.516 180.577 179.833 180.125 163.892 159.445 139.949 129.294 94.1563 71.9224 1.7805
threshold=-0.6035533845424651 0.0058055766858160504 -0.0026533841155469413 0.0030170704703778033 0.0019840473541989927 0.031393300741910941 -4.1549999878043302e-05 0.034468377009034164 0.0016667980235069992 26.500000000000004 -0.00069812062429264177 4.7359999371110468e-05 0.91597560048103344 -0.0072521888650953761 0.0021509331418201332
decision_type=2 2 2 2 2 2 2 2 2 2 2 2 2 2 2
left_child=1 8 4 9 11 -5 10 -8 14 -4 -3 -2 -6 -10 -1
right_child=2 6 3 5 12 -7 7 -9 13 -11 -12 -13 -14 -15 -16
leaf_value=-0.029594782396016126 0.026971883614871923 -0.014843482290083648 -0.0030668874190887883 -0.010243780631798193 -0.012720172509974217 0.0084938163177487591 -0.014179773192499655 0.025572522308723891 -0.0045538471986957029 0.013787175553627686 0.031189408482923574 -0.025673519109835119 0.0062807252865224473 0.026862164354016841 -0.0066901351005498677
leaf_weight=94.838079663393302 334.33169396920903 132.57296419310694 859.35803717067938 2019.4419950588162 2251.4593207960952 974.58352706066762 3270.6025130187845 151.8246569371513 113.39799920748919 4239.7405070969216 227.97369410496742 71.681187551067069 387.92522836848093 460.30030993835828 11.431770053924849
leaf_count=252 704 927 10280 1001 14753 392 12609 649 28 5161 1181 68 3390 406 24
internal_value=-0.000260082 -0.00637295 0.00218417 0.00535686 -0.00622882 -0.0041258 -0.00985864 -0.0123999 0.012937 0.0109358 0.0141078 0.017539 -0.00990627 0.0205548 -0.0276587
internal_weight=15601.5 4462.94 11138.5 8093.12 3045.4 2994.03 3782.97 3422.43 679.968 5099.1 360.547 406.013 2639.38 573.698 106.27
internal_count=51825 16076 35749 16834 18915 1393 15366 13258 710 15441 2108 772 18143 434 276
is_linear=0
shrinkage=0.0357863


Tree=112
num_leaves=12
num_cat=0
split_feature=5 16 3 10 10 17 17 5 16 18 18
split_gain=127.702 90.381 84.6235 175.914 95.8279 149.24 90.2224 75.626 69.8207 65.1779 45.1821
threshold=0.0052541063632816085 0.0083471625111997145 0.044388988986611373 0.0045620400924235591 0.0054022376425564298 0.0041098478250205525 0.0054238624870777139 0.0028488906100392346 0.0032667840132489805 26.359401702880863 45.096872329711921
decision_type=2 2 2 2 2 2 2 2 2 2 2
left_child=2 8 4 -4 5 -1 -5 -6 -2 -10 -3
right_child=1 10 3 6 7 -7 -8 -9 9 -11 -12
leaf_value=-0.0017494429324789933 -0.030785545727346732 -0.031450825847239586 0.044020405666979678 -0.025287793043789624 0.02838787931537224 0.0089474011268778231 0.022106473625035008 -0.01744473382126778 -0.025261400148010007 0.019568927439304933 0.038954833104861766
leaf_weight=12285.754169636637 39.1804869952731 80.609773164936243 164.6741855727214 122.17303956281103 48.864687789147183 1932.7887049692363 88.047314931875007 629.78500944686562 42.463216288384615 899.4675187106086 12.98489754378768
leaf_count=40919 121 520 54 32 384 4842 43 1879 234 2705 92
internal_value=0.000339179 0.0122647 -0.000496363 0.0162878 -0.000922513 -0.00029143 -0.00517095 -0.0140618 0.015503 0.0174882 -0.0210816
internal_weight=16346.8 1074.71 15272.1 374.895 14897.2 14218.5 210.22 678.65 981.111 941.931 93.5947
internal_count=51825 3672 48153 129 48024 45761 75 2263 3060 2939 612
is_linear=0
shrinkage=0.0357863


Tree=113
num_leaves=14
num_cat=0
split_feature=11 9 15 7 11 9 4 4 16 7 9 4 2
split_gain=215.354 215.328 724.638 283.742 244.026 334.023 291.877 97.6753 87.2533 105.223 30.4212 71.2682 14.0409
threshold=0.91597560048103344 0.81174489855766307 -0.12940952181816107 -0.0055524802301079026 -0.6035533845424651 -1.0000000180025095e-35 0.011813072953373195 0.010761577170342209 0.001010458334349096 0.0033231379929929976 0.81174489855766307 0.013009799644351007 28.500000000000004
decision_type=2 2 2 2 2 2 2 2 2 2 2 2 2
left_child=1 4 3 -3 5 -1 -6 -4 9 -2 11 -10 -12
right_child=8 2 7 -5 6 -7 -8 -9 10 -11 12 -13 -14
leaf_value=-7.8261181795965063e-06 0.050142222201563294 0.023917191366020926 -0.01166995758980594 1.0457784160607277e-05 -0.0083922241169886638 0.024187495257775551 0.0075588425408533852 -0.026970982284378622 0.00051281714601439767 -0.023830777047665733 -0.024936930528480269 -0.020586153478766835 0.0029810259355586392
leaf_weight=1341.7926834814266 57.689457932787022 859.04468807480862 973.9543229330352 2464.5010493282498 2636.8893131046325 1592.425985538051 3316.1981705843509 1232.2077964268187 343.47135489115641 41.798671747840004 438.53521362851393 490.64853162045966 20.597409734920234
leaf_count=9309 115 1469 531 2115 8532 4595 15564 2944 2269 67 679 3274 362
internal_value=-9.05025e-05 0.0012041 -0.00433517 0.00620659 0.00465695 0.0131041 0.000483989 -0.0202415 -0.0135317 0.0185012 -0.0160394 -0.011831 -0.0235625
internal_weight=15809.8 14417 5529.71 3323.55 8887.31 2934.22 5953.09 2206.16 1392.74 99.4881 1293.25 834.12 459.133
internal_count=51825 45059 7059 3584 38000 13904 24096 3475 6766 182 6584 5543 1041
is_linear=0
shrinkage=0.0357863


Tree=114
num_leaves=16
num_cat=0
split_feature=12 12 12 0 4 12 10 15 0 0 14 10 14 19 4
split_gain=212.152 177.961 173.39 173.742 134.436 144.033 135.27 105.865 60.9322 45.5918 31.0087 24.2593 16.8263 13.9571 8.15003
threshold=72.804443359375014 12.025071144104006 19.916113853454593 3.4335000236751518e-05 0.012345324736088516 78.153022766113295 0.0082739186473190802 -0.6035533845424651 -4.0229999285656952e-05 -3.4900000400739368e-06 -1.0000000180025095e-35 -0.0006984738865867256 0.6078576147556306 0.0043993066065013417 0.039829801768064506
decision_type=2 2 2 2 2 2 2 2 2 2 2 2 2 2 2
left_child=1 9 10 -4 5 11 12 -8 -7 14 -3 -2 -6 -11 -1
right_child=4 2 3 -5 6 8 7 -9 -10 13 -12 -13 -14 -15 -16
leaf_value=0 0.025125127039023629 -0.0062090023121684395 -0.0044536900703715321 0.0041233638061858036 -0.024041982275871013 0.046033553989150364 0.030482879571953617 -0.029664467463636896 -0.0041469562535865062 0.069949571059188892 -0.034208053059309289 -0.024895182628939774 0 0.026374292248413238 0.03143071794515679
leaf_weight=26.116345531563027 12.882880415767472 73.878119503015 4515.5131183180038 9142.2379462393728 1001.6555789320468 113.09812923129314 116.37382833072661 54.519223803454224 39.965785052915294 59.811678986358984 207.96515914154782 110.68908353423539 34.613480232050847 16.634767868264007 20.263753242211052
leaf_count=32 22 162 37149 12051 1008 37 80 85 135 100 281 203 392 51 37
internal_value=-0.000266037 0.00108824 0.00070625 0.00128352 -0.0131387 0.00922851 -0.0183108 0.010966 0.0325658 0.0439813 -0.027068 -0.0192256 -0.023193 0.0612047 0.0143784
internal_weight=15546.2 14062.4 13939.6 13657.8 1483.8 276.636 1207.16 170.893 153.064 122.827 281.843 123.572 1036.27 76.4464 46.3801
internal_count=51825 49863 49643 49200 1962 397 1565 165 172 220 443 225 1400 151 69
is_linear=0
shrinkage=0.0357863


Tree=115
num_leaves=12
num_cat=0
split_feature=10 5 10 4 7 5 9 4 5 5 4
split_gain=120.542 94.6391 140.076 132.846 128.094 120.728 77.2689 48.1095 22.6264 39.1853 35.4446
threshold=0.01202233135700226 0.0017469235463067891 0.0055987492669373759 0.01679287571460009 -0.011573998257517813 0.0047523805405944594 -1.0000000180025095e-35 0.021924966946244243 0.0056822735350579032 0.0050332453101873407 0.074467126280069365
decision_type=2 2 2 2 2 2 2 2 2 2 2
left_child=1 3 5 4 -1 -3 -5 -4 9 10 -2
right_child=8 2 7 6 -6 -7 -8 -9 -10 -11 -12
leaf_value=0.010348609241279713 0.044158427333892449 0.0027382021009566566 0.028509697932521408 -0.0080147458658624618 -0.0063806093980521795 0.018867541572821674 0.024058075016605777 -0.010352987316516824 0.039208031766020855 -0.040381009199799846 -0.015933050944936553
leaf_weight=652.55927697519746 40.547372995413944 7556.7004164304271 41.534768389914916 130.80500624169042 5585.4806739963615 647.05896982330341 341.11088957278764 1176.0193137613637 113.83062932953203 13.849779431390671 16.549225269149808
leaf_count=2501 86 32625 47 472 8862 3906 414 2592 215 57 48
internal_value=0.000347444 1.47552e-05 0.00233146 -0.00322973 -0.00462158 0.00401723 0.0150495 -0.00898103 0.029087 0.0120556 0.0257605
internal_weight=16316 16131.3 9421.31 6709.96 6238.04 8203.76 471.916 1217.55 184.777 70.9464 57.0966
internal_count=51825 51419 39170 12249 11363 36531 886 2639 406 191 134
is_linear=0
shrinkage=0.0357863


Tree=116
num_leaves=16
num_cat=0
split_feature=11 7 5 1 0 13 0 0 18 7 18 7 18 0 5
split_gain=204.56 212.04 339.5 277.454 189.262 132.428 142.724 101.844 163.947 61.1494 33.4755 30.3052 28.5984 28.3571 6.577
threshold=0.91597560048103344 0.028725375421345237 0.0024565276689827447 0.0023826623801141982 1.2470000001485461e-05 0.066111147403717055 5.8155001170234761e-05 9.9965000117663308e-05 37.225809097290046 0.0013526164693757894 25.980816841125492 -0.021611276082694527 48.464031219482429 -6.9195000833133222e-05 0.0025519982445985083
decision_type=2 2 2 2 2 2 2 2 2 2 2 2 2 2 2
left_child=1 2 3 -1 -4 6 -3 10 11 -10 14 -9 -7 -12 -2
right_child=7 5 4 -5 -6 12 -8 8 9 -11 13 -13 -14 -15 -16
leaf_value=-0.003676931058845079 0.036787517566890832 0.013552250847799829 -0.0068654492721923911 0.0098561117788142343 0.018703309493603493 0.037052251946218938 -0.019234603551113661 0.037889885508975867 -0.026835820152995352 0.028087660731964538 0 -0.025939821539303628 0.0031527122219922785 -0.022752890712101851 -0.012259966138952872
leaf_weight=7650.7469075246618 15.611095366717992 195.67708199307981 444.99121638472025 2599.0241817478463 2136.847187071935 74.8209940754532 1213.1813505175041 9.3204885773210702 28.631636016464711 207.68455339830524 72.027932992415799 192.47693067134682 62.318453414307442 847.65003108107112 2.5265426367643888
leaf_count=20661 222 1887 14095 1483 5777 22 1069 81 175 152 496 519 65 4975 146
internal_value=-9.37583e-05 0.00116418 0.00267622 -0.0002399 0.0142747 -0.0113493 -0.014641 -0.0132791 0.000843301 0.0211954 -0.0199362 -0.0227125 0.0220575 -0.0209204 0.0268658
internal_weight=15753.5 14377.6 12831.6 10249.8 2581.84 1546 1408.86 1375.93 438.114 236.316 937.816 201.797 137.139 919.678 18.1376
internal_count=51825 45059 42016 22144 19872 3043 2956 6766 927 327 5839 600 87 5471 368
is_linear=0
shrinkage=0.0357863


Tree=117
num_leaves=16
num_cat=0
split_feature=12 12 11 15 12 7 6 7 15 2 6 13 5 5 3
split_gain=203.69 167.8 195.049 418.566 263.299 105.75 150.557 187.141 102.537 56.1681 46.3487 30.4616 11.9412 9.73582 6.69945
threshold=72.804443359375014 12.025071144104006 0.37940952181816107 0.12940952181816107 19.916113853454593 0.032365528866648681 -2.9925000490038652e-05 -0.0010550441220402715 -0.6035533845424651 26.500000000000004 -3.4900000400739368e-06 0.030474868603050712 0.0024212127318605785 0.0032499604858458046 -0.018207542598247525
decision_type=2 2 2 2 2 2 2 2 2 2 2 2 2 2 2
left_child=1 10 3 -3 -4 6 7 -2 11 -8 14 -7 -10 -12 -1
right_child=5 2 4 -5 -6 8 9 -9 12 -11 13 -13 -14 -15 -16
leaf_value=0.025168234244223636 0.028038115140917919 -0.012803250075106219 -0.035252102352502097 0.0035385420543069864 0.0074891575035842964 0.0031489874139516692 0.014040177626278004 -0.020025204554991221 0.0059057666841368971 -0.027059692603673888 0.064963355444541557 0.047252986530241875 -0.029850568322378014 0.025650150536146912 -0.00088468302194943526
leaf_weight=21.311163663864136 184.97681075935864 3249.8078045532893 190.92208990664039 5241.9204547613626 5236.6475586848155 31.101434974649237 43.042940094583628 235.96913861577181 12.396042251190918 829.83811809831161 66.564516334292762 75.803460274039026 51.458627818154127 15.071865572361274 21.741265360436614
leaf_count=17 107 17940 152 13260 18291 95 936 209 12 436 126 26 141 31 46
internal_value=-0.000273101 0.00104764 0.000673306 -0.00270892 0.0059753 -0.0129759 -0.0164888 0.000962418 0.013312 -0.0249687 0.0423831 0.0349473 -0.0220323 0.0583952 0.0107136
internal_weight=15508.6 14044 13919.3 8491.73 5427.57 1464.59 1293.83 420.946 170.76 872.881 124.689 106.905 63.8547 81.6364 43.0524
internal_count=51825 49863 49643 31200 18443 1962 1688 316 274 1372 220 121 153 157 63
is_linear=0
shrinkage=0.0357863


Tree=118
num_leaves=11
num_cat=0
split_feature=10 10 13 4 10 4 18 18 18 13
split_gain=115.531 86.4911 177.151 144.734 125.935 44.3779 30.6644 19.2125 32.7119 16.3255
threshold=0.01202233135700226 0.0064719780348241338 0.037479944527149207 0.018712573684751991 0.0050844531506299981 0.021924966946244243 35.238714218139656 47.645442962646491 49.672124862670906 0.066111147403717055
decision_type=2 2 2 2 2 2 2 2 2 2
left_child=1 2 3 -1 -4 -3 -7 -2 -9 -10
right_child=7 5 4 -5 -6 6 -8 8 9 -11
leaf_value=-0.0019765503025041859 0.042988514099337946 0.041941835463925652 0.032284605459063823 0.0064603453238115663 -0.0089429116250940421 -0.025109149576608342 -0.0083948978259347738 -0.034093675503231544 0.034138901322703717 0
leaf_weight=11314.026378718201 75.465166231497591 19.640554448916532 369.40009606489912 3382.38927836326 125.09161773702726 182.2915998184335 716.20949297712616 12.703313259750486 71.297838160341556 24.352641095814761
leaf_count=29730 122 21 121 19702 39 477 1329 25 225 34
internal_value=0.000351362 2.59672e-05 0.000674098 -3.09792e-05 0.021742 -0.0106364 -0.0118485 0.0285612 0.0179932 0.0254992
internal_weight=16292.9 16109 15190.9 14696.4 494.492 918.142 898.501 183.819 108.354 95.6505
internal_count=51825 51419 49592 49432 160 1827 1806 406 284 259
is_linear=0
shrinkage=0.0357863


Tree=119
num_leaves=15
num_cat=0
split_feature=9 6 12 6 17 16 3 1 6 16 5 5 1 8
split_gain=200.629 228.816 456.471 403.899 226.241 198.718 188.551 188.112 188.305 100.681 95.4839 155.86 62.6664 25.994
threshold=0.81174489855766307 3.2199999623117044e-05 37.510326385498054 7.4114999733865275e-05 -0.0015515355044044552 0.0029351608827710156 0.0038998605450615291 0.0017655203700996938 -2.9925000490038652e-05 0.0027867165626958017 0.0082653881981968897 0.0077732158824801454 0.0063254437409341344 28.500000000000004
decision_type=2 2 2 2 2 2 2 2 2 2 2 2 2 2
left_child=6 2 12 13 -4 -5 7 8 -1 -9 11 -8 -2 -3
right_child=1 3 4 5 -6 -7 10 9 -10 -11 -12 -13 -14 -15
leaf_value=-0.016987685799197998 0.038916180359839729 -0.028174213465410405 0.024687879452978675 -0.010018006870604184 -0.0099068326128824904 0.011465131130444398 -0.0021484613072882152 0.022099160662050768 0.0063522286896878699 -0.0027579232427879206 -0.028671132279696615 0.067885299756261716 -0.00082163817874023764 -0.0047162175137186466
leaf_weight=507.82507418107389 431.68392109944534 1220.857430359237 285.36782080296598 1484.7276221437903 1577.6993190054932 875.93149900209778 4052.708586792859 1292.3688985399649 3409.7819362441583 244.20192466248409 172.128652805608 41.065781373825303 54.488719277200289 69.751635731951637
leaf_count=6978 389 837 1505 778 3654 528 3668 966 31653 409 35 10 41 374
internal_value=-9.11712e-05 -0.00524004 0.00345401 -0.0108492 -0.00457776 -0.00202287 0.00308163 0.00749219 0.00331243 0.0181123 -0.00254438 -0.00143209 0.0343474 -0.0269499
internal_weight=15720.6 6000.51 2349.24 3651.27 1863.07 2360.66 9720.08 5454.18 3917.61 1536.57 4265.9 4093.77 486.173 1290.61
internal_count=51825 8106 5589 2517 5159 1306 43719 40006 38631 1375 3713 3678 430 1211
is_linear=0
shrinkage=0.0357863


Tree=120
num_leaves=15
num_cat=0
split_feature=12 19 7 11 16 6 15 7 8 6 7 12 11 19
split_gain=194.804 164.469 233.612 212.458 196.636 168.988 102.912 111.883 94.3972 90.136 82.2321 76.6047 35.0062 28.545
threshold=72.804443359375014 0.0071274864021688708 0.034468377009034164 0.37940952181816107 0.0083471625111997145 6.6000000515487059e-05 -0.7865660786628722 0.032365528866648681 26.500000000000004 -2.5435000679863148e-05 -0.0026533841155469413 72.227329254150405 0.78656607866287243 0.0029229020001366739
decision_type=2 2 2 2 2 2 2 2 2 2 2 2 2 2
left_child=1 2 3 -1 11 -4 7 9 13 -2 -10 -3 -6 -8
right_child=6 4 5 -5 12 -7 8 -9 10 -11 -12 -13 -14 -15
leaf_value=-0.0026385461074708962 0.01888212829676484 -0.02374681431011455 -0.0024344679001669285 0.0068858936606320227 -0.026447424797436715 0.040109343852640318 0 0.043253187708947212 -0.0017925533002840248 -0.025497958416512301 -0.025650430478309397 0.059530067947032049 0.041351972074332131 0.049041909443105491
leaf_weight=7889.549184814482 100.40605564127216 657.72975482032996 179.75117611483165 4835.8338008877736 10.002060464042399 343.41838227755852 25.160221707857922 75.491116570927261 244.8911246101793 138.56901405807204 828.10976430525966 14.07791873040537 82.877136608604033 31.948666006997733
leaf_count=27949 74 3148 825 16891 450 439 254 84 142 237 338 5 156 833
internal_value=-0.000276733 0.00100943 0.0019446 0.000976483 -0.0151195 0.0253853 -0.0127919 0.00517763 -0.0178417 -0.00661715 -0.0202576 -0.0219175 0.0334457 0.0265645
internal_weight=15457.8 14013.2 13248.6 12725.4 764.687 523.17 1444.58 314.466 1130.11 238.975 1073 671.808 92.8792 57.1089
internal_count=51825 49863 46104 44840 3759 1264 1962 395 1567 311 480 3153 606 1087
is_linear=0
shrinkage=0.0357863


Tree=121
num_leaves=16
num_cat=0
split_feature=16 16 16 3 6 11 3 17 7 1 3 7 3 7 11
split_gain=107.816 146.861 129.235 162.361 125.608 97.2418 129.977 70.7056 447.899 209.25 185.116 94.785 123.329 110.746 57.8354
threshold=0.0021821755217388277 0.0023527615703642373 0.0024593780981376771 0.0099539291113615053 1.0154999927181054e-05 -0.6035533845424651 0.00087581013212911795 -0.0038483245298266406 -0.0053258368279784909 -0.0018617625464685259 -0.013416749890893696 -0.011573998257517813 -0.017764791846275326 0.013479183427989485 0.12940952181816109
decision_type=2 2 2 2 2 2 2 2 2 2 2 2 2 2 2
left_child=7 5 3 -3 -4 6 -2 8 10 -10 -1 12 -9 -13 -7
right_child=1 2 4 -5 -6 14 -8 11 9 -11 -12 13 -14 -15 -16
leaf_value=0.05082364426961964 0.001684142442463571 -0.028310057436571133 0.013672915341558838 0.022237384181164482 0.00055700781984153167 -0.011157664403182792 0.042444189986556975 -0.023233508263095743 0.011993949336860063 0.062258083147293954 -0.021406293327422637 -0.0061344191375353263 0.015405429611092947 0.0078829397888624132 0.016396960706859566
leaf_weight=49.618920810120471 153.98827385313621 351.4237514768638 1169.7876309980147 104.66250494622 4712.3029426140383 169.88322569028196 303.27990054063594 126.58540735162387 249.77917901396177 188.91246540805446 497.03685813519292 6533.798028781981 620.01430576829625 808.1525793497367 225.47890063831187
leaf_count=135 713 1741 18910 95 9038 730 114 138 94 444 1560 10439 3680 2491 1503
internal_value=0.000353663 0.00362961 0.00174401 -0.0165874 0.00317495 0.0175807 0.0288408 -0.00223626 0.00679579 0.0337676 -0.0147469 -0.00334348 0.00877899 -0.00458384 0.00441535
internal_weight=16264.7 7190.81 6338.18 456.086 5882.09 852.63 457.268 9073.9 985.347 438.692 546.656 8088.55 746.6 7341.95 395.362
internal_count=51825 32844 29784 1836 27948 3060 827 18981 2233 538 1695 16748 3818 12930 2233
is_linear=0
shrinkage=0.0357863


Tree=122
num_leaves=15
num_cat=0
split_feature=11 2 15 17 11 6 4 6 6 16 14 12 6 14
split_gain=187.983 187.936 607.738 389.233 280.503 362.192 276.291 142.351 99.2929 58.2045 96.5663 27.3277 58.4937 15.0901
threshold=0.91597560048103344 27.500000000000004 -0.12940952181816107 -0.0013973332243040202 -0.6035533845424651 -4.4275000618654296e-05 0.011894364841282369 2.9105000066920187e-05 9.9965000117663308e-05 0.001010458334349096 -0.60785761475563038 58.768615722656257 7.3519997386029004e-05 -0.60785761475563038
decision_type=2 2 2 2 2 2 2 2 2 2 2 2 2 2
left_child=1 4 3 -3 5 -1 -6 -4 11 -10 -11 13 -13 -2
right_child=8 2 7 -5 6 -7 -8 -9 9 10 -12 12 -14 -15
leaf_value=-0.024183247693775483 -0.01583076617722402 0.024195833336035866 -0.0019490291546940836 -0.0011131454598589338 -0.0088087708492201443 0.019683639780715464 0.007795617775341079 -0.021307742719011643 0.029978685611893631 0.020495445595757056 -0.018406263386097764 -0.013382644120699387 0.056951084108345984 -0.026819493486341738
leaf_weight=269.62079468782804 302.88722752658873 1051.4200489679688 651.2939583855748 2980.5827731192721 2363.4495716828119 2198.994722760594 2807.9278411755008 2001.7117413256094 74.564382463693619 124.66304520392569 234.20131084469799 144.64015957503216 16.73741494072874 449.08166714124445
leaf_count=1396 1568 2885 5011 4360 6308 9271 13676 2152 20 196 711 463 28 3780
internal_value=-9.05147e-05 0.00110765 -0.00326928 0.00547279 0.0049448 0.0148698 0.000196161 -0.0165765 -0.0128763 0.00110721 -0.00473624 -0.0195735 -0.00573787 -0.0224681
internal_weight=15671.8 14325 6685.01 4032 7639.99 2468.62 5171.38 2653.01 1346.78 433.429 358.864 913.346 161.378 751.969
internal_count=51825 45059 14408 7245 30651 10667 19984 7163 6766 927 907 5839 491 5348
is_linear=0
shrinkage=0.0357863


Tree=123
num_leaves=16
num_cat=0
split_feature=12 12 12 15 7 6 7 15 8 6 13 13 5 5 3
split_gain=185.839 160.277 156.995 161.423 99.6904 145.683 173.17 94.6626 53.7118 42.8547 28.4272 17.8801 11.8748 8.41681 6.31041
threshold=72.804443359375014 12.025071144104006 19.916113853454593 -0.98296290636062611 0.032365528866648681 -2.9925000490038652e-05 -0.0010550441220402715 -0.6035533845424651 26.500000000000004 -3.4900000400739368e-06 0.030474868603050712 -0.006958949612453579 0.0024212127318605785 0.0032499604858458046 -0.018207542598247525
decision_type=2 2 2 2 2 2 2 2 2 2 2 2 2 2 2
left_child=1 9 11 -4 5 6 -2 10 -7 14 -6 -3 -9 -11 -1
right_child=4 2 3 -5 7 8 -8 12 -10 13 -12 -13 -14 -15 -16
leaf_value=0.024503715293823045 0.026984532641786681 -0.0014365549379536931 -0.019941689656530197 0.0018726783645808486 0.002896245297874711 0.01330487707329015 -0.019521291986061125 0.0065395439264412389 -0.026729137572646736 0.062435061031324686 0.04571063412318524 -0.029913114004599707 -0.029457463916416723 0.025288772703436654 -0.00066897697377642131
leaf_weight=21.423856914043427 185.66927900675887 36.82762151087627 448.98532574352248 13134.120754080854 30.880526174189072 43.426489519661459 228.67477063609124 12.257668252181928 800.39892076412707 67.878528674598257 75.426661623701875 235.85059657164493 49.875632307725027 15.132033307803793 21.659939584099064
leaf_count=17 107 102 2131 47069 95 936 209 12 436 126 26 341 141 31 46
internal_value=-0.000278244 0.000973421 0.000603791 0.00114747 -0.0125847 -0.0160661 0.00118312 0.0130867 -0.0246023 0.0411425 0.033802 -0.0262727 -0.0214547 0.0563421 0.0105513
internal_weight=15408.5 13981.9 13855.8 13583.1 1426.61 1258.17 414.344 168.44 843.825 126.094 106.307 272.678 62.1333 83.0106 43.0838
internal_count=51825 49863 49643 49200 1962 1688 316 274 1372 220 121 443 153 157 63
is_linear=0
shrinkage=0.0357863


Tree=124
num_leaves=13
num_cat=0
split_feature=5 13 10 13 10 0 13 19 17 18 19 15
split_gain=111.549 76.1418 213.593 98.7122 200.718 73.6988 140.896 63.4226 62.9794 59.3719 53.0379 0.51811
threshold=0.0052541063632816085 0.041201155632734306 0.0045620400924235591 0.019660132005810741 0.0033849003957584505 4.2114999814657501e-05 0.017700241878628734 0.0057476814836263665 0.006367775611579419 44.006700515747077 0.0046986923553049573 0.37940952181816107
decision_type=2 2 2 2 2 2 2 2 2 2 2 2
left_child=1 3 -3 4 -1 7 -7 -2 -4 -8 -5 -9
right_child=5 2 8 10 -6 6 9 11 -10 -11 -12 -13
leaf_value=-0.0012992555022493444 -0.030113163857517115 0.04305332031611675 -0.022613784108495526 -0.021405848031787036 0.014311548860134278 -0.033679732810316866 0.0190331531756813 0.033674524812433063 0.014486408921722508 -0.0025186432255554277 -0.0054339504247534519 0.046289736677529308
leaf_weight=12321.510209245336 19.385366644391496 188.13950731756813 145.77345514226545 391.33455429585956 1153.5197812157894 97.197363685998994 502.1164549793375 164.06581901266117 96.222779501134937 236.51326298829736 879.35984264965737 36.190990284829439
leaf_count=41951 252 60 40 246 5314 669 121 1504 57 110 485 1016
internal_value=0.000353299 -0.000425525 0.0144086 -0.000862048 3.29482e-05 0.0116044 0.00667043 0.0301242 -0.00763053 0.0120564 -0.010397 0.0362362
internal_weight=16231.3 15175.9 430.136 14745.7 13475 1055.47 835.827 219.642 241.996 738.63 1270.69 200.257
internal_count=51825 48153 157 47996 47265 3672 900 2772 97 231 731 2520
is_linear=0
shrinkage=0.0357863


Tree=125
num_leaves=13
num_cat=0
split_feature=7 5 1 7 0 15 18 12 0 3 1 13
split_gain=173.93 265.755 206.932 282.901 191.837 272.742 170.502 144.714 134.801 130.614 74.419 52.7801
threshold=0.028725375421345237 0.0024565276689827447 0.0023826623801141982 0.0016009346581995489 1.2470000001485461e-05 -0.12940952181816107 52.663516998291023 30.773969650268558 -0.00016141500236699355 0.00079519115388393413 0.005998709937557579 -0.0032069920562207694
decision_type=2 2 2 2 2 2 2 2 2 2 2 2
left_child=1 2 3 -1 8 -6 -4 -2 -3 11 -11 -9
right_child=7 4 6 -5 5 -7 -8 9 -10 10 -12 -13
leaf_value=0.0016800439364941053 0.025116459756885895 0.022639579877103029 0.0088867694710374513 -0.011746459177534932 0.02765578802103873 0.0033869591407477903 -0.030248404526318436 -0.03501801494375438 -0.019319057743420066 -0.029323987519736638 -0.01151517662274032 0.030338453436461511
leaf_weight=4535.1271167370778 129.43843735721748 129.82294822288213 2763.8956753937346 3600.6371449894414 1153.5185983517304 1232.8053782852435 149.75720946346883 17.796012717029953 391.47235399867077 453.14882349006439 948.19265531205565 107.65202667449012
leaf_count=14583 35 495 1694 9487 2767 3914 62 6 15372 510 548 2352
internal_value=-8.91023e-05 0.00120841 -0.00132022 -0.00425523 0.0108368 0.0151417 0.00685596 -0.011057 -0.00876204 -0.0141606 -0.0173141 0.0206186
internal_weight=15613.3 13957 11049.4 8135.76 2907.62 2386.32 2913.65 1656.23 521.295 1526.79 1401.34 125.448
internal_count=51825 48374 25826 24070 22548 6681 1756 3451 15867 3416 1058 2358
is_linear=0
shrinkage=0.0357863


Tree=126
num_leaves=13
num_cat=0
split_feature=12 12 11 16 7 1 7 8 16 9 14 10
split_gain=177.778 151.033 174.311 286.791 248.212 97.155 119.894 102.306 85.3229 68.6485 23.6117 23.2724
threshold=72.804443359375014 12.025071144104006 0.37940952181816107 0.0019690414192155008 0.0038188534090295438 -0.0098187760449945909 0.032365528866648681 26.500000000000004 0.0021247927797958259 0.81174489855766307 -0.87837970256805409 -0.0038640993880107995
decision_type=2 2 2 2 2 2 2 2 2 2 2 2
left_child=1 10 4 -4 -3 8 7 -7 -2 -8 -1 -12
right_child=5 2 3 -5 -6 6 9 -9 -10 -11 11 -13
leaf_value=0.055567745910914734 0.041248769069036871 -0.010112782708571412 0.011703531677782692 -0.0055180810688346882 0.0023963674854238326 0.026195324432024724 -0.019198481230184663 -0.022032760023000589 -0.022879403154474502 0.029137546157595437 0.033644145194953422 -0.018883331138464965
leaf_weight=64.430606246026372 76.035058635112364 3397.179181408801 3492.2702948458227 1913.7019572136687 5041.2830570913884 58.420770706444273 55.274767723466994 1065.2283161757673 39.620568306023415 111.92594766616821 51.06986396506197 12.220700423463184
leaf_count=24 6 19844 6255 12188 11356 1061 242 558 78 17 161 35
internal_value=-0.000279035 0.000938017 0.00057653 0.00559676 -0.00263297 -0.0124089 -0.0152483 -0.0194752 0.0187958 0.012823 0.0396801 0.0226155
internal_weight=15378.7 13972.2 13844.4 5405.97 8438.46 1406.51 1290.85 1123.65 115.656 167.201 127.721 63.2906
internal_count=51825 49863 49643 18443 31200 1962 1878 1619 84 259 220 196
is_linear=0
shrinkage=0.0357863


Tree=127
num_leaves=13
num_cat=0
split_feature=5 16 3 10 10 10 5 1 16 10 15 18
split_gain=106.958 80.6472 72.4022 150.828 85.1339 113.984 69.6954 65.3483 64.1567 75.908 46.8477 40.3704
threshold=0.0052541063632816085 0.0083471625111997145 0.044388988986611373 0.0045620400924235591 0.0054022376425564298 0.0028887147782370452 0.0028488906100392346 0.015028391033411028 0.0069245961494743833 0.0067650370765477428 -0.6035533845424651 45.096872329711921
decision_type=2 2 2 2 2 2 2 2 2 2 2 2
left_child=2 8 4 -4 5 -1 -6 -5 9 -2 -10 -3
right_child=1 11 3 7 6 -7 -8 -9 10 -11 -12 -13
leaf_value=-0.0016023432324261859 0.017667410289690721 -0.030793810205623637 0.041178188719594062 -0.022811487762480914 0.02713417903277936 0.0072380159620219877 -0.01668277689960963 0.017433944612444265 -0.025739144553006788 -0.0070610524278389743 0.032458357777051305 0.036343583549682049
leaf_weight=11910.512676635415 418.84154492124321 77.493443809988989 161.74420658066992 115.73114204668309 49.377168246651308 2214.7845699155423 613.90232428096624 92.245159042584419 17.861779377049118 252.27603738526477 270.78505665525785 12.740781566678164
leaf_count=40653 2097 520 54 29 384 5108 1879 46 121 409 433 92
internal_value=0.000351555 0.0113989 -0.000409994 0.0152243 -0.000804654 -0.000212244 -0.0133361 -0.00469186 0.0144744 0.00828844 0.0286622 -0.0206907
internal_weight=16208.3 1050 15158.3 369.721 14788.6 14125.3 663.279 207.976 959.764 671.118 288.647 90.2342
internal_count=51825 3672 48153 129 48024 45761 2263 75 3060 2506 554 612
is_linear=0
shrinkage=0.0357863


Tree=128
num_leaves=15
num_cat=0
split_feature=11 7 3 6 19 13 0 0 17 19 19 0 4 19
split_gain=176.627 189.062 301.139 170.126 129.839 121.899 130.447 95.0423 85.4184 47.8728 44.4843 25.7043 30.2199 14.9009
threshold=0.91597560048103344 0.028725375421345237 0.02157677244395018 4.0000000808504417e-05 0.0058795241639018067 0.066111147403717055 5.8155001170234761e-05 9.9965000117663308e-05 0.0054238624870777139 0.0017562299035489561 0.0035291250096634035 -6.9195000833133222e-05 0.011206418275833132 0.0021635785233229403
decision_type=2 2 2 2 2 2 2 2 2 2 2 2 2 2
left_child=1 2 3 -1 -4 6 -3 11 -7 -9 -11 12 -2 -13
right_child=7 5 4 -5 -6 8 -8 9 -10 10 -12 13 -14 -15
leaf_value=0.0052539558548878613 0.043256521786757957 0.012784368687826498 0.038828339473986145 -0.0032371382159713273 0.0043227415234037368 0.041657043943260197 -0.018604018327044843 0.026098691176451593 -0.016922375532930141 -0.018165161577582863 0.0072419255711780569 -0.01383566146515915 -0.011429952073418966 -0.024642998620003565
leaf_weight=6402.1067840571513 16.753988010362107 195.76174262700329 403.59084956688457 5716.4556433307744 219.48935714803702 90.363053607976326 1182.2440807877313 80.368658505616281 47.60895127816184 164.33031569199801 186.95350536801999 277.21103120828741 56.205956601527234 543.54814627170708
leaf_count=32606 93 1887 204 9073 133 50 1069 38 37 360 529 626 442 4678
internal_value=-8.66916e-05 0.00107132 0.00249634 0.00124399 0.0267634 -0.0108688 -0.0141042 -0.0125861 0.0210378 0.00108066 -0.00448422 -0.0192495 0.000364299 -0.0210613
internal_weight=15583 14257.6 12741.6 12118.6 623.08 1515.98 1378.01 1325.37 137.972 431.652 351.284 893.719 72.9599 820.759
internal_count=51825 45059 42016 41679 337 3043 2956 6766 87 927 889 5839 535 5304
is_linear=0
shrinkage=0.0357863


Tree=129
num_leaves=16
num_cat=0
split_feature=12 12 11 16 7 4 7 12 2 11 0 0 7 4 11
split_gain=170.244 142.256 164.346 272.505 237.7 117.025 135.813 127.765 101.412 65.7159 51.7087 33.3139 25.5004 7.1886 6.00312
threshold=72.804443359375014 12.025071144104006 0.37940952181816107 0.0019690414192155008 0.0038188534090295438 0.012345324736088516 0.032365528866648681 78.153022766113295 26.500000000000004 -0.37940952181816096 -4.0229999285656952e-05 -3.4900000400739368e-06 -0.012244344688951967 0.039829801768064506 -0.6035533845424651
decision_type=2 2 2 2 2 2 2 2 2 2 2 2 2 2 2
left_child=1 11 4 -4 -3 7 8 12 -7 -8 -9 13 -2 -1 -13
right_child=5 2 3 -5 -6 6 9 10 -10 -11 -12 14 -14 -15 -16
leaf_value=0 0.01111066210781631 -0.0099117433293659362 0.011377693851105382 -0.0054310825300475105 0.0023468409493141089 0.034060071771991829 0.027839662023324916 0.043125236822806071 -0.025034975056045107 -0.019744893411134081 -0.0034986443751879814 0.061396504036933183 -0.027597061497118915 0.028349529586479402 0.034783534799883442
leaf_weight=26.251043918333732 26.093857002575405 3382.1893101321966 3489.9197803888346 1906.7008131340408 5039.0682274848878 37.972585471224079 113.32042476995957 112.17796584171501 912.66310520821537 53.959651293642764 38.869905438907011 51.863464596641684 93.077648821756796 20.911053969632764 30.239021077717972
leaf_count=32 47 19844 6255 12188 11356 862 122 37 431 150 135 30 178 37 121
internal_value=-0.000282229 0.000903578 0.000549886 0.00542854 -0.00256987 -0.0122368 -0.0173622 0.00875987 -0.0226152 0.0121552 0.030757 0.0382758 -0.0186514 0.0126995 0.0522821
internal_weight=15335.3 13947.1 13817.9 5396.62 8421.26 1388.14 1117.92 270.219 950.636 167.28 151.048 129.265 119.172 47.1621 82.1025
internal_count=51825 49863 49643 18443 31200 1962 1565 397 1293 272 172 220 225 69 151
is_linear=0
shrinkage=0.0357863


Tree=130
num_leaves=13
num_cat=0
split_feature=10 10 13 4 4 4 9 15 12 4 15 12
split_gain=101.182 76.6727 151.631 113.289 94.1057 42.9173 25.3665 17.991 15.7548 15.0138 4.00759 0.761283
threshold=0.01202233135700226 0.0064719780348241338 0.033633848652243621 0.018712573684751991 0.017666310071945194 0.021924966946244243 -0.56174489110708226 -0.37940952181816096 70.024551391601577 0.058710860088467605 -0.6035533845424651 45.965177536010749
decision_type=2 2 2 2 2 2 2 2 2 2 2 2
left_child=1 2 3 -1 -4 -3 -7 10 9 -9 11 -2
right_child=7 5 4 -5 -6 6 -8 8 -10 -11 -12 -13
leaf_value=-0.0017911398996878927 0 0.041552231937382972 0.042078129987434994 0.0058238103406841766 0.0097705583660413781 0.022195088725019567 -0.012419233519528486 0 0.0031599710702457894 0.039600373752307662 0.014496955085217424 -0.029415964210513429
leaf_weight=11245.067933137736 4.0252380371093732 19.689948261745371 155.51270990238663 3217.6970733069629 478.42539843205122 26.863374249468961 855.58629498501034 15.442679596335521 27.087297975105685 123.00022130564258 4.5430525427223563 6.8589610516628809
leaf_count=29724 2 21 59 19655 154 502 1304 12 30 236 33 93
internal_value=0.000349344 4.48575e-05 0.00065395 -9.3079e-05 0.0177849 -0.0100857 -0.0113018 0.0269587 0.0304778 0.0354175 -0.00716699 -0.021356
internal_weight=16179.8 15998.8 15096.7 14462.8 633.938 902.14 882.45 180.957 165.53 138.443 15.4273 10.8842
internal_count=51825 51419 49592 49379 213 1827 1806 406 278 248 128 95
is_linear=0
shrinkage=0.0357863


Tree=131
num_leaves=16
num_cat=0
split_feature=9 11 0 3 12 0 0 12 17 3 11 10 5 10 8
split_gain=185.206 281.207 355.032 233.749 196.69 176.812 399.394 313.263 183.431 162.862 156.605 127.191 76.8796 44.2599 25.5914
threshold=0.81174489855766307 -0.6035533845424651 -4.4530001105158583e-05 0.0040493770502507695 72.025131225585952 3.2944999475148513e-05 7.1050002588890506e-05 40.231763839721687 0.0041098478250205525 -0.0048337944317609063 -0.6035533845424651 -0.00039599770389031613 0.0028488906100392346 -0.0023533410858362909 28.500000000000004
decision_type=2 2 2 2 2 2 2 2 2 2 2 2 2 2 2
left_child=1 2 13 -4 11 7 14 10 -9 -8 -2 -3 -6 -1 -7
right_child=5 4 3 -5 12 6 9 8 -10 -11 -12 -13 -14 -15 -16
leaf_value=0.01323419994199177 -0.036131109557282097 0.0032158118261722034 0.024517654403289912 0.0015667881757139136 0.008448437043525308 -0.027771734046151866 0.018615176932111979 0.00015542498813551442 -0.029973806682746563 -0.0058422183949997574 0.029147795138351515 -0.007790160283745377 0.033312468314254003 -0.026177688896276731 -0.00426252651367385
leaf_weight=39.371461192699201 50.400112045572314 2150.6039345900904 1709.2774636540603 859.4491387791968 821.29597849239588 1169.9239621782579 426.68564009902911 1370.867558187238 317.95637657207521 1899.6865017000832 589.07144238084243 3564.6824199935168 201.30583250254597 309.27620180871071 68.457966311875452
leaf_count=785 57 16295 10589 1347 968 803 135 4026 1050 1291 452 12255 297 1183 292
internal_value=-8.15684e-05 0.00296611 0.012249 0.0168606 -0.0010449 -0.00508444 -0.0100973 0.00256644 -0.005484 -0.00133229 0.0239148 -0.00363893 0.0133981 -0.0215662 -0.0265174
internal_weight=15548.3 9655.26 2917.37 2568.73 6737.89 5893.05 3564.75 2328.3 1688.82 2326.37 639.472 5715.29 1022.6 348.648 1238.38
internal_count=51825 43719 13904 11936 29815 8106 2521 5585 5076 1426 509 28550 1265 1968 1095
is_linear=0
shrinkage=0.0357863


Tree=132
num_leaves=15
num_cat=0
split_feature=12 15 11 12 2 15 2 13 6 6 18 16 6 16
split_gain=163.093 145.937 161.601 205.972 202.698 91.8792 83.1848 78.4029 85.388 52.8211 35.9612 83.043 26.4598 16.255
threshold=72.804443359375014 -0.98296290636062611 -0.6035533845424651 24.606375694274906 27.500000000000004 -0.7865660786628722 26.500000000000004 0.018717620521783832 -3.0550000701623496e-05 -4.0229999285656952e-05 31.084677696228031 0.0014270444517023864 3.18000002152985e-06 0.0010947462287731471
decision_type=2 2 2 2 2 2 2 2 2 2 2 2 2 2
left_child=1 10 4 -4 -3 7 12 8 -2 -8 11 -1 -7 -12
right_child=5 2 3 -5 -6 6 9 -9 -10 -11 13 -13 -14 -15
leaf_value=-0.029728763232158149 0.018588704390753153 -0.014045617991957863 -0.011251353733013329 0.0057898983729157477 0.0025742203642379127 0.052043429300876354 -0.0055499689489602686 0.034755718760561806 -0.026164548479156016 -0.024423143087517269 0.013503396772014871 0.023641849289286213 0.0015713636939763123 -0.028517535142469044
leaf_weight=80.381478843484217 98.337741723387524 1670.5698411390072 1012.8800884513894 8655.4728244989419 2138.3759872429623 24.908319280642779 266.6812526548747 83.602633199334377 121.05258958124983 739.98803734086096 10.454253591071902 69.038224673383411 33.7527112522829 279.50125544997809
leaf_count=129 81 10098 1058 31293 5257 345 104 46 268 376 64 667 742 1297
internal_value=-0.000284823 0.000870549 0.00153609 0.00399881 -0.0047004 -0.0120765 -0.0170343 0.00517031 -0.00584948 -0.0194791 -0.0194161 -0.0046945 0.0239623 -0.0268089
internal_weight=15285 13916.7 13477.3 9668.35 3808.95 1368.32 1065.33 302.993 219.39 1006.67 439.375 149.42 58.661 289.956
internal_count=51825 49863 47706 32351 15355 1962 1567 395 349 480 2157 796 1087 1361
is_linear=0
shrinkage=0.0357863


Tree=133
num_leaves=13
num_cat=0
split_feature=5 16 3 5 2 5 5 16 16 15 19 4
split_gain=96.6811 77.1424 65.3979 112.013 81.892 110.302 88.0938 61.1252 54.1278 43.3831 37.6985 5.44399
threshold=0.0052541063632816085 0.0083471625111997145 0.044388988986611373 0.0048943352885544309 27.500000000000004 0.0011439449153840544 0.0039614804554730662 0.0069245961494743833 0.0062598634976893672 -0.6035533845424651 0.0080584790557622927 0.021413029171526436
decision_type=2 2 2 2 2 2 2 2 2 2 2 2
left_child=2 7 4 11 6 -6 -1 8 -2 -9 -3 -4
right_child=1 10 3 -5 5 -7 -8 9 -10 -11 -12 -13
leaf_value=-0.0025905817544059199 0.013879927929347769 -0.030568507387112715 0.039763568097768258 -0.0047492434770406737 0.021030284140352948 0.00079067781050383521 -0.019797150002004375 -0.024905579073200994 -0.0093573013578334141 0.031540381172997158 0.034762174111853103 0.023375762738977665
leaf_weight=6428.4010144288941 496.79882537470326 76.347532057495769 120.57399288628221 185.35652206141822 361.85888142979093 7545.4108826982056 406.60754940660991 17.526846570286409 170.12995765581923 267.26364520847011 12.515504226406717 60.669378569233231
leaf_count=27868 2066 11 47 44 1269 14997 3890 121 440 433 601 38
internal_value=0.000347006 0.0108996 -0.000376074 0.0145466 -0.000750967 0.00172401 -0.0036224 0.0139123 0.0078682 0.0278691 -0.0207343 0.0345885
internal_weight=16149.5 1040.58 15108.9 366.6 14742.3 7907.27 6835.01 951.719 666.929 284.79 88.863 181.243
internal_count=51825 3672 48153 129 48024 16266 31758 3060 2506 554 612 85
is_linear=0
shrinkage=0.0357863


Tree=134
num_leaves=16
num_cat=0
split_feature=9 7 3 11 6 7 3 4 3 16 16 11 7 11 1
split_gain=176.489 384.182 284.455 268.822 348.099 260.456 215.168 212.349 203.533 176.347 166.23 120.73 88.8661 61.9695 34.7465
threshold=0.81174489855766307 -0.0055524802301079026 0.0017121667042374613 -0.6035533845424651 -4.4275000618654296e-05 0.028725375421345237 0.0040493770502507695 0.0090508740395307558 -0.0082477219402790052 0.0017729949322529139 0.0033036717213690285 0.91597560048103344 0.0068292755167931327 0.78656607866287243 0.0019716864917427306
decision_type=2 2 2 2 2 2 2 2 2 2 2 2 2 2 2
left_child=3 8 10 4 14 -4 -6 12 13 -9 -3 -10 -5 -2 -1
right_child=1 2 5 7 6 -7 -8 9 11 -11 -12 -13 -14 -15 -16
leaf_value=-0.031699940290123636 -0.023750533005154305 -0.017546280876872284 0.0099627599855824645 -0.0057799175909663929 0.023797701380510725 -0.024166349343988008 0.0018532888499996033 0.013601541024651387 0.028180532389193279 -0.0014329643949681004 0.017111931849583498 -0.025536543411948828 -0.022918542275809022 0.022476965965654745 -0.007305910695544174
leaf_weight=203.56359137006075 182.30197634451906 2975.405134879215 1338.7677575274138 1096.7269869204606 1711.7928183608547 363.8625607676222 868.20346879212047 1373.7255741417798 709.66684043061275 3646.256352873786 186.81209907719722 56.855716134740874 610.04531410516802 45.444842675773543 129.05905736687419
leaf_count=1812 297 2911 399 4529 10569 44 1349 3031 2283 20158 1749 344 2097 79 174
internal_value=-7.70672e-05 -0.00497882 -0.00912876 0.00289656 0.0119802 0.00263617 0.0164349 -0.00102823 0.0152699 0.00267011 -0.015481 0.0241228 -0.0119386 -0.0142798 -0.0224038
internal_weight=15498.5 5859.12 4864.85 9639.37 2912.62 1702.63 2580 6726.75 994.269 5019.98 3162.22 766.523 1706.77 227.747 332.623
internal_count=51825 8106 5103 43719 13904 443 11918 29815 3003 23189 4660 2627 6626 376 1986
is_linear=0
shrinkage=0.0357863


Tree=135
num_leaves=16
num_cat=0
split_feature=12 19 16 0 6 12 10 6 10 12 9 12 17 19 16
split_gain=157.899 149.076 180.664 170.669 204.236 167.853 86.596 156.017 108.522 70.7019 56.0538 49.1341 34.1745 30.7207 8.10925
threshold=73.565792083740249 0.0071274864021688708 0.0083471625111997145 3.9859998651081703e-05 4.5785000111209235e-05 51.834283828735359 0.0014224917977117004 -2.9925000490038652e-05 0.0082739186473190802 72.227329254150405 0.81174489855766307 78.896350860595717 0.010124731808900835 0.0080584790557622927 0.0027355601778253917
decision_type=2 2 2 2 2 2 2 2 2 2 2 2 2 2 2
left_child=1 3 9 5 -5 -1 7 11 12 -3 -10 -2 -8 -4 -9
right_child=6 2 13 4 -6 -7 8 14 10 -11 -12 -13 -14 -15 -16
leaf_value=-0.0096885902666870947 0.002060666020308073 -0.023258600792015464 0.039600383857304626 0.02086877279963887 0.0028692815624464987 0.0036093767461901714 -0.024767935042967711 -0.026303092118632465 -0.027559613722904941 0.055826232838874418 0.021288788071543011 0.042465837198236447 0 -0.025273944834795833 -0.00051315531596332023
leaf_weight=2645.8643114519832 65.275048806391851 636.31273330595195 81.476123978472984 908.58351479548855 7380.4294358868128 2241.0124468144572 763.34439858037979 125.18512972379143 38.955571893618981 14.402797369710468 123.87295141712821 106.09138106760861 80.502720398795987 9.4607048549048454 22.961917849380242
leaf_count=31710 55 3148 10 974 9569 3987 1181 180 133 7 26 21 186 596 42
internal_value=-0.000284198 0.000836343 -0.0147666 0.00171887 0.00484904 -0.00357898 -0.0120857 0.00400406 -0.0172482 -0.0214213 0.00925723 0.027403 -0.0224291 0.0322333 -0.0226842
internal_weight=15243.7 13917.5 741.652 13175.9 8289.01 4886.88 1326.19 319.513 1006.68 650.716 162.829 171.366 843.847 90.9368 148.147
internal_count=51825 50001 3761 46240 10543 35697 1824 298 1526 3155 159 76 1367 606 222
is_linear=0
shrinkage=0.0357863


Tree=136
num_leaves=12
num_cat=0
split_feature=10 19 10 12 10 19 19 10 13 12 3
split_gain=94.242 74.6781 112.726 156.583 100.692 154.713 75.906 42.2927 15.9861 22.6915 0.533515
threshold=0.01202233135700226 0.0023801699280738835 -0.002020717714913189 48.800235748291023 0.0064719780348241338 0.0057102204300463208 0.010207720566540958 -0.003986106486991047 0.066111147403717055 64.694526672363295 0.037331111729145057
decision_type=2 2 2 2 2 2 2 2 2 2 2
left_child=1 2 7 -4 5 -3 -6 -1 9 10 -2
right_child=8 4 3 -5 6 -7 -8 -9 -10 -11 -12
leaf_value=0.02093137322464968 0.022007463825569593 0.0011957608547870945 0.0055319071561421096 -0.0087516917971285201 -0.011908637605209568 0.0161948158800829 0.045395021651264536 -0.021227946375484728 0 0.00024858461242828939 0.039264144520342076
leaf_weight=30.978347778320312 19.112361417062857 9588.278655190983 1940.8530171320099 1987.5340353617685 865.32805387887709 971.33529767597247 30.279546183364459 533.13834362705802 24.126749738090439 29.564713886225945 106.12400132417679
leaf_count=12 299 35690 1461 4982 1779 6957 48 490 34 49 24
internal_value=0.000355713 6.24126e-05 -0.00384433 -0.0016805 0.00159945 0.00258078 -0.00990825 -0.0188132 0.026183 0.0304078 0.0370797
internal_weight=16126.7 15947.7 4492.5 3928.39 11455.2 10559.6 895.608 564.117 178.928 154.801 125.236
internal_count=51825 51419 6945 6443 44474 42647 1827 502 406 372 323
is_linear=0
shrinkage=0.0357863


Tree=137
num_leaves=16
num_cat=0
split_feature=9 15 7 5 0 18 3 9 18 19 19 7 4 19 4
split_gain=166.389 593.491 196.036 404.57 159.124 253.434 146.297 160.879 161.398 134.933 134.849 108.069 208.121 152.103 79.1461
threshold=0.81174489855766307 -0.12940952181816107 -0.0055524802301079026 0.0024212127318605785 3.1315001251641668e-05 30.694878578186039 0.0038998605450615291 -0.56174489110708226 45.710580825805671 0.0017918518860824408 0.0027605945942923431 0.027240242809057239 0.0077867438085377225 0.0073335049673914918 0.012823847122490408
decision_type=2 2 2 2 2 2 2 2 2 2 2 2 2 2 2
left_child=6 2 10 -4 5 -3 7 14 -9 -6 -2 12 -8 -13 -1
right_child=1 4 3 -5 9 -7 11 8 -10 -11 -12 13 -14 -15 -16
leaf_value=-0.023190382494748515 0.030157782187489459 0.02545036056914696 -0.011695838243868913 0.017589341183684926 0.021736891220166678 -0.033060745990099213 -0.014367494907386891 0.011394414637336181 -0.0079047377413869503 -0.024784998486055181 0.0016233221305849981 -0.020878135411870113 0.0071731418050726241 0.004924908822195981 0.0029248705098973821
leaf_weight=314.80415565648815 544.01528639990545 237.15823767952656 1576.5226147762371 979.30072636163845 82.068052113531166 157.74174604533914 778.97268704806265 4197.3768456771286 635.96454925610669 1891.1677706409876 354.68824438038985 770.26039582838166 2182.2366213217811 466.90803769986451 275.12594423578179
leaf_count=3659 266 1013 1052 1263 29 1703 507 23640 4431 1410 1370 837 2077 292 8276
internal_value=-8.72953e-05 -0.00486565 0.00458092 -0.000452858 -0.0186695 0.00193618 0.00279857 0.00668371 0.00884346 -0.0228216 0.0189586 -0.00220673 0.00148774 -0.0110948 -0.0109162
internal_weight=15444.3 5822.66 3454.53 2555.82 2368.14 394.9 9621.65 5423.27 4833.34 1973.24 898.704 4198.38 2961.21 1237.17 589.93
internal_count=51825 8106 3951 2315 4155 2716 43719 40006 28071 1439 1636 3713 2584 1129 11935
is_linear=0
shrinkage=0.0357863


Tree=138
num_leaves=16
num_cat=0
split_feature=16 7 14 7 15 0 7 16 10 15 18 15 10 6 16
split_gain=150.38 286.907 259.173 168.388 242.646 450.641 245.192 174.799 201.31 135.235 113.596 81.7155 89.7078 56.005 27.4027
threshold=0.0028549324488267307 0.028725375421345237 -0.60785761475563038 0.0082480707205832022 0.78656607866287243 -7.4499997992916168e-07 0.012946210801601412 0.0011833118624053898 0.0016640466055832805 1.0000000180025095e-35 43.840703964233406 0.91597560048103344 -0.0019597087521106 -3.4894999771495343e-05 0.0051986114121973523
decision_type=2 2 2 2 2 2 2 2 2 2 2 2 2 2 2
left_child=3 11 14 7 6 -6 -5 9 -9 -1 -4 13 -13 -2 -3
right_child=1 2 10 4 5 -7 -8 8 -10 -11 -12 12 -14 -15 -16
leaf_value=-0.0043817842889300731 -0.00052672799243831171 -0.0069654955800319178 0.002266809748273744 0.011215630887633792 -0.02036835048187851 0.035139319341597516 -0.011393048125608046 0.0027866308511092733 -0.017747986067780556 -0.030076987942254274 0.025850890414934945 0.029030350293479671 -0.030052687181417112 -0.020352123864857349 -0.029121353242329354
leaf_weight=682.63681341122776 212.88710403946061 115.82185936369794 529.01217336508546 1515.4327091750351 241.51221362363003 818.52673751983775 1031.8255802455183 6453.7964080557713 675.10259017431235 432.47909832681614 528.53404208591144 99.909657584208702 48.386455146236955 1580.4676373832622 224.81142888051593
leaf_count=987 3189 415 1229 2405 107 1240 4365 18070 2009 1018 888 1013 1147 13556 187
internal_value=-0.00028989 -0.00700014 0.00533017 0.00159641 0.00804708 0.0224399 0.00203547 -0.00121939 0.000834136 -0.0143976 0.0141066 -0.015908 0.00937419 -0.0180299 -0.0217528
internal_weight=15191.1 3339.83 1398.18 11851.3 3607.3 1060.04 2547.26 8244.01 7128.9 1115.12 1057.55 1941.65 148.296 1793.35 340.633
internal_count=51825 21624 2719 30201 8117 1347 6770 22084 20079 2005 2117 18905 2160 16745 602
is_linear=0
shrinkage=0.0357863


Tree=139
num_leaves=12
num_cat=0
split_feature=10 5 10 13 10 7 13 18 5 5 12
split_gain=88.8414 73.6289 111.303 155.917 104.826 98.5187 67.5721 49.1232 18.6082 35.1141 18.7625
threshold=0.01202233135700226 0.0017469235463067891 0.0055987492669373759 0.037479944527149207 0.0032447876874357466 -0.011573998257517813 0.0072669764049351224 54.087932586669929 0.0056822735350579032 0.0050332453101873407 72.025131225585952
decision_type=2 2 2 2 2 2 2 2 2 2 2
left_child=1 4 3 -3 5 -1 -6 -4 9 10 -2
right_child=8 2 7 -5 6 -7 -8 -9 -10 -11 -12
leaf_value=0.0087210475502215758 0.041342563983193983 0.0025080234176971809 -0.010084528777629073 0.025609505393955876 0.039006222569569496 -0.0050824349481779166 -0.022649965230555708 0.018886752840077865 0.035154279299136684 -0.039553149209293086 0
leaf_weight=746.07374911874285 31.902967776916284 7720.0481410740449 1104.5879313101962 394.04287335176741 118.50678082998274 5729.9012432137279 26.942761719226837 79.153212728376957 107.1662646920233 13.820594043697637 24.700015470471044
leaf_count=2773 115 36400 2345 131 171 9281 24 294 215 57 19
internal_value=0.000363648 7.93071e-05 0.00213656 0.00363683 -0.00280103 -0.00348353 0.0271993 -0.00809985 0.0255353 0.0100997 0.0232174
internal_weight=16096.8 15919.3 9297.83 8114.09 6621.42 6475.97 145.45 1183.74 177.59 70.4236 56.603
internal_count=51825 51419 39170 36531 12249 12054 195 2639 406 191 134
is_linear=0
shrinkage=0.0357863


Tree=140
num_leaves=15
num_cat=0
split_feature=9 15 17 5 11 9 12 4 5 16 11 5 19 4
split_gain=158.359 570.273 292.99 381.814 249.085 300.492 216.749 198.594 195.502 165.699 137.909 110.178 106.767 70.1005
threshold=0.81174489855766307 -0.12940952181816107 -0.0013973332243040202 0.0024212127318605785 -0.6035533845424651 -1.0000000180025095e-35 54.104701995849616 0.0090508740395307558 0.001392015547025949 0.0031658849911764268 0.91597560048103344 0.00088329793652519595 0.0017918518860824408 0.010761577170342209
decision_type=2 2 2 2 2 2 2 2 2 2 2 2 2 2
left_child=4 2 10 -4 5 6 -1 11 -9 -7 -2 -6 -3 -14
right_child=1 12 3 -5 7 9 -8 8 -10 -11 -12 -13 13 -15
leaf_value=0.0065794537830625261 0.026753325499591064 0.021158766576170222 -0.012663941997511634 0.016528845220593162 0.0085370547535345877 0.025529452544163115 -0.028419342915869308 0.020986061178997609 -0.00018165802028533709 -0.017518209322806486 -0.011278478114948056 -0.015767842602366234 -0.01303298503223062 -0.025864564308956041
leaf_weight=1048.6641339862142 826.95165706865168 82.648559630397813 1579.8159583281551 900.31574262923618 284.3374329470455 1443.3526221671596 288.92956057272318 639.80387004410477 4372.7898840856788 122.79768655356884 140.99886050415512 1410.6505549624142 1041.9160263805434 1205.2620550168258
leaf_count=7819 1216 29 1237 1321 558 2954 1490 1074 22115 1641 177 6068 693 3433
internal_value=-9.05703e-05 -0.00477614 0.00445235 -0.00204402 0.00272036 0.0114779 -0.000938805 -0.00106249 0.00250904 0.0221183 0.0211554 -0.0116576 -0.0184581 -0.0199401
internal_weight=15389.2 5777.91 3448.08 2480.13 9611.33 2903.74 1337.59 6707.58 5012.59 1566.15 967.951 1694.99 2329.83 2247.18
internal_count=51825 8106 3951 2558 43719 13904 9309 29815 23189 4595 1393 6626 4155 4126
is_linear=0
shrinkage=0.0357863


Tree=141
num_leaves=12
num_cat=0
split_feature=12 16 7 14 7 15 16 10 5 5 17
split_gain=149.387 149.641 305.717 247.063 177.409 227.932 177.186 60.8843 23.7483 13.2821 12.3493
threshold=12.025071144104006 0.0028549324488267307 0.028725375421345237 -0.60785761475563038 0.0082480707205832022 0.78656607866287243 0.0011833118624053898 0.0010395090212114157 0.0034334086813032631 0.0030892979120835666 -0.0085809128358960134
decision_type=2 2 2 2 2 2 2 2 2 2 2
left_child=8 4 7 -4 6 -6 -2 -3 9 10 -1
right_child=1 2 3 -5 5 -7 -8 -9 -10 -11 -12
leaf_value=0.050762837510604703 -0.015150356759422029 -0.008180635298339815 -0.021468006399054381 0.013784303302198146 0.0020188997353910317 0.021798630551966909 0.00038759431507871421 -0.021752518492092886 0 0.070898588629999815 0.020355343890314542
leaf_weight=43.888963087043564 1083.2722931751923 680.89406129293729 334.58704358035811 1056.6932761557782 2539.1507020672561 1061.0737735637222 7056.2216583450836 1193.5694269557516 19.852852811854063 23.722951203335015 42.142509000529984
leaf_count=68 1993 13064 602 2117 6770 1347 19971 5741 49 26 77
internal_value=-0.000300025 -0.000634132 -0.00741232 0.00526617 0.00124665 0.00786407 -0.00167346 -0.0168525 0.0379467 0.0444688 0.0365227
internal_weight=15135.1 15005.5 3265.74 1391.28 11739.7 3600.22 8139.49 1874.46 129.607 109.754 86.0315
internal_count=51825 51605 21524 2719 30081 8117 21964 18805 220 171 145
is_linear=0
shrinkage=0.0357863


Tree=142
num_leaves=16
num_cat=0
split_feature=11 0 5 4 6 6 7 5 5 5 0 4 7 7 1
split_gain=99.3052 128.037 103.171 88.6511 125.324 99.3226 112.493 104.836 99.1728 85.4887 73.8104 60.8131 42.2384 24.7962 14.0692
threshold=-0.98296290636062611 3.9859998651081703e-05 0.0029662576271221046 0.018712573684751991 1.0154999927181054e-05 8.4784998762188493e-05 0.0035930264275521044 0.0010988602298311891 0.0024565276689827447 0.0034334086813032631 3.18000002152985e-06 0.01844345219433308 -0.0098884790204465372 0.0063666424248367557 -0.0045031267218291751
decision_type=2 2 2 2 2 2 2 2 2 2 2 2 2 2 2
left_child=1 12 11 5 10 6 -2 -7 -6 -4 -5 -3 14 -14 -1
right_child=3 2 9 4 8 7 -8 -9 -10 -11 -12 -13 13 -15 -16
leaf_value=-0.0047540830387705043 -0.00075442311159592613 0.041654207749323553 -0.038584667377420626 0.010228831641632342 0.01159034600189187 0.017960443627589331 -0.0098629529710714797 0.00037046024146018683 -0.0025665027675942768 0.026501068137303109 0.034938086242499625 -0.003764874744451726 -0.025318605631285747 0.0015191155491674799 0.026083748546326047
leaf_weight=24.947425434365869 4367.7473284223033 282.56739630416052 50.580934269608257 833.2798568760021 827.13193584735609 507.51079988079255 2898.7600295441453 3042.8235318670986 2702.3287348369163 52.251421685378752 194.29569846003835 41.002898768380703 117.74595397189705 64.444845315287381 53.973297562210149
leaf_count=36 16441 231 73 13300 1420 317 8658 3163 5572 197 652 65 491 452 757
internal_value=0.000363077 0.0136708 0.0257803 -0.000228404 0.00395422 -0.00199568 -0.00439572 0.00290072 0.000735319 -0.00496912 0.0149557 0.0357256 -0.00589018 -0.0155185 0.0156266
internal_weight=16061.4 687.514 426.403 15373.9 4557.04 10816.8 7266.51 3550.33 3529.46 102.832 1027.58 323.57 261.112 182.191 78.9207
internal_count=51825 2302 566 49523 20944 28579 25099 3480 6992 270 13952 296 1736 943 793
is_linear=0
shrinkage=0.0357863


Tree=143
num_leaves=16
num_cat=0
split_feature=9 15 17 5 18 10 3 9 18 7 5 5 7 4 5
split_gain=152.136 549.7 279.497 361.366 154.336 166.646 133.969 150.258 152.063 100.995 202.141 135.629 100.114 74.227 52.128
threshold=0.81174489855766307 -0.12940952181816107 -0.0013973332243040202 0.0024102311581373219 26.178859710693363 -0.00080063412315212179 0.0038998605450615291 -0.56174489110708226 45.710580825805671 0.027240242809057239 0.0022030784748494629 0.0037723868153989319 0.022948397323489193 0.012823847122490408 0.0014055446954444053
decision_type=2 2 2 2 2 2 2 2 2 2 2 2 2 2 2
left_child=6 2 12 -4 5 -3 7 13 -9 10 -8 -11 -2 -1 -6
right_child=1 4 3 -5 14 -7 9 8 -10 11 -12 -13 -14 -15 -16
leaf_value=-0.022671528625011976 0.023022995436745897 -0.028330872134320173 -0.012780684868866793 0.015351570010173732 -0.0134890393531977 0.027311434104630876 -0.0056250816470731343 0.01095654375368995 -0.0077985753653154735 -0.028941848437658294 0.013823524188752533 -0.0028872902283813735 -0.036193626047630621 0.0026819236001994957 -0.025916415768186592
leaf_weight=310.97347188879723 928.97454562362884 110.90863539913195 1528.7117244764654 946.23046836660706 674.45695263226708 180.5744217386796 1878.7789331326003 4190.3859988364557 634.31605286763624 368.58046785600345 1075.50986225204 855.964965723977 37.336301674914353 275.25438015146881 1334.8946677056056
leaf_count=3659 1349 137 1220 1338 167 327 1370 23640 4431 547 1214 582 44 8276 3524
internal_value=-8.05258e-05 -0.00469093 0.0043497 -0.00200239 -0.0182369 0.00594727 0.00267422 0.00639393 0.00847914 -0.00212882 0.00143625 -0.0107755 0.0206767 -0.0106718 -0.021773
internal_weight=15331.9 5742.09 3441.25 2474.94 2300.83 291.483 9589.76 5410.93 4824.7 4178.83 2954.29 1224.55 966.311 586.228 2009.35
internal_count=51825 8106 3951 2558 4155 464 43719 40006 28071 3713 2584 1129 1393 11935 3691
is_linear=0
shrinkage=0.0357863


Tree=144
num_leaves=14
num_cat=0
split_feature=16 15 19 6 19 0 16 1 11 3 15 10 3
split_gain=133.696 191.525 141.618 157.368 279.436 200.278 140.895 96.6149 91.3372 71.6616 28.4241 7.70799 0.371774
threshold=0.0028549324488267307 0.98296290636062633 0.0017918518860824408 4.0000000808504417e-05 0.0019840473541989927 4.6639999709441333e-05 0.0083471625111997145 -0.003532517002895474 0.12940952181816109 0.014917944557964804 0.60355338454246532 -0.0086602107621729357 -0.0079940520226955396
decision_type=2 2 2 2 2 2 2 2 2 2 2 2 2
left_child=2 6 7 4 -4 -5 9 -1 -9 -2 -8 -3 -13
right_child=1 11 3 5 -6 -7 10 8 -10 -11 -12 12 -14
leaf_value=0.04483671202376735 -0.016529942092640498 0 0.027774982899059775 0.02225178998073523 -0.0055054441266706314 0.0037103556211595915 0.037514217476436011 -0.022334382513739173 -1.78096471324192e-05 -0.0052954656565782432 -0.024815761582266543 0.046325700868712613 0.032807200002024965
leaf_weight=37.468095977907069 1248.6853822844932 4.6288935076718749 352.28858491121764 860.68365200636435 3859.0410374134767 5717.1242700218645 98.316966024927055 590.53709012294644 398.32867312617304 1792.2343829311149 9.2377779392488844 34.072834124453948 95.280990997499373
leaf_count=53 18940 48 864 674 20544 6070 514 1088 908 1188 88 43 803
internal_value=-0.000299491 -0.00669172 0.0014716 0.00268417 -0.00270809 0.00614498 -0.00848931 -0.0112206 -0.0134017 -0.00992711 0.0316383 0.0351296 0.0368043
internal_weight=15097.9 3282.46 11815.5 10789.1 4211.33 6577.81 3148.47 1026.33 988.866 3040.92 107.555 133.983 129.354
internal_count=51825 21624 30201 28152 21408 6744 20730 2049 1996 20128 602 894 846
is_linear=0
shrinkage=0.0357863


Tree=145
num_leaves=15
num_cat=0
split_feature=5 1 19 14 10 13 10 5 1 1 5 19 5 10
split_gain=87.3618 73.6742 73.5124 89.9218 60.6855 129.236 85.6213 52.2522 60.6359 41.6818 40.9996 38.6502 13.5166 29.4034
threshold=0.0052541063632816085 -0.0047793823760002843 0.0077344309538602838 -0.60785761475563038 0.0054022376425564298 0.041201155632734306 0.0028887147782370452 0.0028488906100392346 0.017403234727680687 0.0019716864917427306 0.0022151042940095071 0.0077344309538602838 0.0066796210594475278 0.0057841420639306316
decision_type=2 2 2 2 2 2 2 2 2 2 2 2 2 2
left_child=4 12 3 -3 5 6 -1 10 -9 -4 -6 -7 13 -2
right_child=1 2 9 -5 7 11 -8 8 -10 -11 -12 -13 -14 -15
leaf_value=-0.0014117469391780166 0.033130271282248998 0.022095525351367464 -0.0067579678543085928 -0.01871923586534369 -0.01443659688872048 0.040370246318331832 0.0062946604511451391 -0.022278761617246071 -0.0020192972379657614 0.019520073648082614 0.050598920062622808 0.0083756507038539336 0.03787480425153042 -0.024254276275715601
leaf_weight=11792.563504032349 34.701283769009024 96.164668422495879 91.50114753657391 240.01015829396414 18.698570049044232 128.28740925516104 2188.5325955034241 382.1529219743843 387.88281006923717 413.25311718332341 31.454860107512847 85.72283411026001 128.36078073450335 15.971305085979109
leaf_count=40649 79 280 2243 901 62 53 5106 1754 192 110 322 15 47 12
internal_value=0.000358895 0.0104953 0.00597489 -0.00687703 -0.000325929 0.000217079 -0.000201414 -0.00979202 -0.0121465 0.0146454 0.0252372 0.0278173 0.0314136 0.0139371
internal_weight=16035.3 1019.96 840.929 336.175 15015.3 14195.1 13981.1 820.189 770.036 504.754 50.1534 214.01 179.033 50.6726
internal_count=51825 3672 3534 1181 48153 45823 45755 2330 1946 2353 384 68 138 91
is_linear=0
shrinkage=0.0357863


Tree=146
num_leaves=16
num_cat=0
split_feature=9 7 3 7 19 19 1 13 1 0 14 19 7 7 19
split_gain=145.771 328.178 258.271 256.291 182.255 149.03 137.267 128.905 150.148 164.65 108.169 101.116 88.2633 85.9106 83.1976
threshold=0.81174489855766307 -0.0055524802301079026 0.0017121667042374613 0.0050156803335994491 0.0027605945942923431 0.0017918518860824408 -1.0000000180025095e-35 0.013283515814691784 0.002108462387695909 -3.0414999855565835e-05 -0.60785761475563038 0.0023988945176824932 0.013479183427989485 0.035711938515305526 0.0028790041105821733
decision_type=2 2 2 2 2 2 2 2 2 2 2 2 2 2 2
left_child=7 4 5 -4 6 -3 -2 8 9 -1 11 -9 -10 -12 -6
right_child=1 2 3 -5 14 -7 -8 10 12 -11 13 -13 -14 -15 -16
leaf_value=-0.01560948250266841 0.041760212127237947 0.024571734901201726 0.028253285691981805 -0.0049183968997956054 -0.035047853685769105 -0.016319648399417713 0.0045143592034352087 -0.02722209298951429 0.01629415382935475 0.003830450182182366 -0.0068004475159902534 0.0070863419780717767 0 -0.029571068045311861 0.0045085146718518154
leaf_weight=637.17297337406671 343.31211308203638 117.68483328960747 388.09888433737797 1283.591406980544 84.323652831205152 2934.5429089614968 206.56236855035218 124.35100780799985 1771.1999610724906 4461.3202007685595 789.00197254086743 932.53840793829295 569.42916872319074 295.5422975254296 347.63070978526645
leaf_count=7215 47 56 83 360 76 4604 293 47 1639 32600 617 647 581 373 2587
internal_value=-7.70138e-05 -0.00460893 -0.00852909 0.00274934 0.0141952 -0.0147246 0.0278709 0.00261614 0.00484715 0.00138998 -0.00510797 0.00299649 0.0123538 -0.0130574 -0.00308439
internal_weight=15286.3 5705.75 4723.92 1671.69 981.829 3052.23 549.874 9580.56 7439.12 5098.49 2141.43 1056.89 2340.63 1084.54 431.954
internal_count=51825 8106 5103 443 3003 4660 340 43719 42035 39815 1684 694 2220 990 2663
is_linear=0
shrinkage=0.0357863


Tree=147
num_leaves=13
num_cat=0
split_feature=12 16 16 17 18 16 17 6 18 10 18 18
split_gain=142.173 135.855 137.096 155.978 147.519 126.004 109.244 35.9411 26.9917 5.70972 5.48161 1.68079
threshold=12.025071144104006 0.0028549324488267307 0.0010947462287731471 -0.0028661858523264523 46.135801315307624 0.0083471625111997145 0.0044919308274984368 -3.4900000400739368e-06 45.096872329711921 -0.005903377663344144 43.291852951049812 36.344223022460945
decision_type=2 2 2 2 2 2 2 2 2 2 2 2
left_child=7 2 4 -4 -2 6 -3 10 -7 11 -1 -9
right_child=1 5 3 -5 -6 8 -8 9 -10 -11 -12 -13
leaf_value=-0.0031141264496474283 -0.016133476349963163 -0.013257781853907011 -0.0059110935181899121 0.0045504187181528676 0.039604425003698034 0.036856773046002995 0.00087769357527185525 0.038230938039517728 -0.024402572316159468 0.055736110428515527 0.020394603537875197 0.0049558295856004528
leaf_weight=19.189464563503869 851.48530873079994 2059.9164436698024 2323.3799563655539 8461.07474865324 64.970930281713891 96.987016475311535 1049.8658035976805 8.8662291089083034 9.0400890760238166 69.661659451492028 24.610243749911668 8.4684130044810324
leaf_count=37 1727 16992 6238 22009 107 520 3920 21 92 99 26 37
internal_value=-0.000299042 -0.000628474 0.00115783 0.00229142 -0.0121205 -0.00714543 -0.00846763 0.0368402 0.0311037 0.0503021 0.00881802 0.0252165
internal_weight=15047.5 14916.7 11700.9 10784.5 916.456 3215.81 3109.78 130.796 106.027 86.9963 43.7997 17.3346
internal_count=51825 51605 30081 28247 1834 21524 20912 220 612 157 63 58
is_linear=0
shrinkage=0.0357863


Tree=148
num_leaves=16
num_cat=0
split_feature=11 6 18 16 5 6 5 3 4 16 18 4 5 14 17
split_gain=93.8042 120.474 156.229 89.0913 139.822 109.875 101.093 99.5862 83.5062 82.262 50.2191 45.3241 30.9459 28.5013 6.11219
threshold=-0.98296290636062611 4.0000000808504417e-05 39.578218460083015 0.0030615647556260232 0.0028488906100392346 1.2470000001485461e-05 0.0036136448616161947 0.027920559979975227 0.017406773753464225 0.0018937074346467855 26.894014358520511 0.015751234255731109 0.0011439449153840544 0.6078576147556306 0.00030028098262846475
decision_type=2 2 2 2 2 2 2 2 2 2 2 2 2 2 2
left_child=1 10 12 4 7 8 -7 -2 -5 -4 14 -6 -3 -12 -1
right_child=3 2 9 5 11 6 -8 -9 -10 -11 13 -13 -14 -15 -16
leaf_value=0 -0.0011187330231509102 -0.0060103630409166654 0.04939234123203802 -0.0085469732113033371 -0.00030166680655076229 -0.0067702980329687173 0.0071741732578862018 0.037722463027947684 0.023498485534099361 -0.03282087268948769 0.011687276414250231 -0.024715705272585303 0.039359723116399105 -0.024602899220599907 -0.033167408943144065
leaf_weight=10.498838149523221 11202.593360230183 18.256441613567119 19.29659654323774 124.7892516668195 131.81573667288046 1100.9318029184772 1678.5382727820622 85.108337955669413 564.89152979132302 74.390144622597575 145.56443049686675 431.36577982436086 312.73603104176755 33.612684280994756 69.857247803753765
leaf_count=128 27976 32 12 1933 1574 2385 3152 38 10018 137 1117 2447 385 380 111
internal_value=0.000361094 0.0133265 0.0250901 -0.000214309 -0.00169434 0.00482542 0.00163069 -0.000820879 0.017619 -0.0152863 -0.005707 -0.019101 0.0366879 0.00456587 -0.0293081
internal_weight=16004.2 684.212 424.679 15320 11850.9 3469.15 2779.47 11287.7 689.681 93.6867 259.533 563.182 330.992 179.177 80.3561
internal_count=51825 2302 566 49523 32035 17488 5537 28014 11951 149 1736 4021 417 1497 239
is_linear=0
shrinkage=0.0357863


Tree=149
num_leaves=14
num_cat=0
split_feature=9 15 17 19 0 19 12 3 9 2 7 7 0
split_gain=138.583 525.439 259.488 278.056 152.109 236.521 138.259 137.502 146.479 125.853 97.2739 93.3528 0.725273
threshold=0.81174489855766307 -0.12940952181816107 -0.0013973332243040202 0.0032038309145718817 3.1315001251641668e-05 0.0036157396389171485 12.025071144104006 0.0038998605450615291 -0.56174489110708226 28.500000000000004 0.027240242809057239 0.022948397323489193 -6.3645002228440703e-05
decision_type=2 2 2 2 2 2 2 2 2 2 2 2 2
left_child=6 2 11 -4 5 -3 12 8 -8 -6 -9 -2 -1
right_child=1 4 3 -5 9 -7 7 10 -10 -11 -12 -13 -14
leaf_value=-0.02266649914642847 0.022323613138145154 0.023638459778279126 -0.015206354326901874 0.0089803635971194267 -0.023635915684121496 -0.034145829401689393 -0.010134049843469458 0.0016586746868521088 0.0089200873113262323 0.038739264339241408 -0.010392463473900635 -0.035357672103445023 -0.038917458947783784
leaf_weight=23.517089019296691 925.38784125397592 246.50207434100105 1102.4589223185378 1357.3725214174881 1819.6184781208958 143.33371044077182 577.30233964677063 2927.1547730603961 4735.5321718473206 41.713018779962113 1210.4537883018456 36.644201135952017 93.216652948600313
leaf_count=22 1349 659 787 1771 1108 2057 11921 2573 27936 331 1129 44 138
internal_value=-8.02596e-05 -0.00451543 0.00430509 -0.001837 -0.0179478 0.0022485 0.0025438 0.00302741 0.00683907 -0.0222078 -0.00185335 0.020068 -0.0361255
internal_weight=15240.2 5673.03 3421.86 2459.83 2251.17 389.836 9567.18 9450.44 5312.83 1861.33 4137.61 962.032 116.734
internal_count=51825 8106 3951 2558 4155 2716 43719 43559 39857 1439 3702 1393 160
is_linear=0
shrinkage=0.0357863


Tree=150
num_leaves=14
num_cat=0
split_feature=19 7 0 17 7 16 7 8 3 17 8 11 11
split_gain=123.371 215.48 185.184 182.056 198.572 146.665 145.871 122.338 76.8307 60.3595 86.8493 48.1244 25.916
threshold=0.0071274864021688708 0.034468377009034164 6.6065000282833366e-05 0.0021509331418201332 0.0038188534090295438 0.0083471625111997145 0.043197073042392738 28.500000000000004 0.044388988986611373 0.016315632499754432 27.500000000000004 0.98296290636062633 0.78656607866287243
decision_type=2 2 2 2 2 2 2 2 2 2 2 2 2
left_child=1 3 6 4 -1 9 -3 -5 -4 11 -11 -2 -7
right_child=5 2 8 7 -6 12 -8 -9 -10 10 -12 -13 -14
leaf_value=-0.0022328511660577367 -0.024764878775008121 -0.034531362685959292 0.043470876400938677 -0.0092749965235618525 0.0078520690530637909 -0.024111179566086393 0.038378397001122444 0.019209895427860266 -0.0020138085296923054 -0.028651613522786352 0.050428518763165744 0.011791104367541756 0.03693306170678614
leaf_weight=5939.5273191051301 630.85557513148035 103.07922836702701 316.87284397180048 3198.8614190140665 4311.6666112108005 8.8970893930722053 52.842707399129068 204.307458812606 53.214843884110451 33.326651159014702 37.095225096046264 47.595926733697411 78.184713741999957
leaf_count=25740 3031 592 488 8630 9442 455 324 2715 19 120 14 99 156
internal_value=-0.0002951 0.000488663 0.022966 -0.000373149 0.00200342 -0.013657 -0.00946182 -0.00754841 0.0367794 -0.0188146 0.0122103 -0.0221176 0.0300511
internal_weight=15016.3 14180.4 526.01 13654.4 10251.2 835.955 155.922 3403.17 370.088 748.873 70.4219 678.452 87.0818
internal_count=51825 47950 1423 46527 35182 3875 916 11345 507 3264 134 3130 611
is_linear=0
shrinkage=0.0357863


Tree=151
num_leaves=14
num_cat=0
split_feature=11 6 10 13 17 10 16 11 12 7 16 13 12
split_gain=89.2442 113.768 83.2469 78.663 56.3523 55.1613 128.566 94.9005 49.1435 52.3737 42.6087 15.1782 21.6498
threshold=-0.98296290636062611 4.0000000808504417e-05 0.01202233135700226 0.0076155241113156089 -0.0020264148479327555 0.0064719780348241338 0.0030458065448328857 -0.7865660786628722 77.548004150390639 -0.0098884790204465372 0.0035237859701737766 0.066111147403717055 64.694526672363295
decision_type=2 2 2 2 2 2 2 2 2 2 2 2 2
left_child=1 8 5 4 -3 6 -2 -7 9 -1 -5 12 -4
right_child=2 3 11 10 -6 7 -8 -9 -10 -11 -12 -13 -14
leaf_value=0.014865786197452178 -0.0015434431810790468 -0.0049227229988072791 0.035294087988512801 -0.014474712081882423 0.042963721742250674 0.035240290889554271 0.0073206503430728129 -0.012379142242079942 0.073416890060153145 -0.020124355505789115 0.022419997834167649 0 0
leaf_weight=79.174847209186652 11696.306105379968 34.097458863808527 121.02400301156013 76.866551553357567 229.05348053318346 56.826353971055482 2552.8095496378446 817.07084828620975 9.5728611697710999 169.51052952266238 82.18784357302502 23.898044847017445 29.455324415268478
leaf_count=791 31701 127 306 70 314 391 15701 1347 38 907 55 28 49
internal_value=0.000356945 0.0130391 -0.000203535 0.0245079 0.0365461 -0.000490651 4.06822e-05 -0.00921817 -0.00549351 -0.00875905 0.00423788 0.0243743 0.028594
internal_weight=15977.9 680.464 15297.4 422.205 263.151 15123 14249.1 873.897 258.258 248.685 159.054 174.377 150.479
internal_count=51825 2302 49523 566 441 49140 47402 1738 1736 1698 125 383 355
is_linear=0
shrinkage=0.0357863


Tree=152
num_leaves=14
num_cat=0
split_feature=11 7 5 1 10 12 5 13 12 13 4 1 19
split_gain=149.577 145.726 261.33 224.409 156.971 136.648 67.8467 67.0129 58.9399 36.3688 62.9156 20.211 12.876
threshold=0.91597560048103344 0.028725375421345237 0.0024565276689827447 0.0023826623801141982 -0.0012285932316444812 30.773969650268558 0.0010988602298311891 0.012490415479987861 27.783803939819339 0.00023378058540401983 0.014983269385993482 -0.0045606084167957297 0.0024914633249863987
decision_type=2 2 2 2 2 2 2 2 2 2 2 2 2
left_child=1 2 3 -1 -4 -3 8 -7 -2 12 -11 -10 -8
right_child=6 5 4 -5 -6 7 9 -9 11 10 -12 -13 -14
leaf_value=-0.0035527417293862436 0.04879396221467263 0.025549517490027176 -0.0051575891747417347 0.0087501851617687067 0.016928100224690146 0.010294993665661459 -0.02664278049620554 -0.015903498443855194 0.061520186150540411 0.0019102417440405167 -0.019421825468247653 -0.019671056882683724 -0.013882024800081714
leaf_weight=7369.0129933673779 42.511374652421743 127.22165333313706 512.24993398735251 2557.2151036278719 2035.5636840151597 137.04084081967494 292.32753491990553 1189.3166619841595 4.1460039243102065 348.2711353058221 351.35032108508676 37.513917663383047 192.77735793057076
leaf_count=20661 13 33 10949 1483 8923 2239 771 771 4 342 270 274 5092
internal_value=-8.00107e-05 0.000987929 0.00224116 -0.000377588 0.0124657 -0.00972819 -0.0118459 -0.0131544 0.0189152 -0.0140788 -0.0087228 -0.0102343 -0.0216876
internal_weight=15196.5 13927.6 12474 9926.23 2547.81 1453.58 1268.9 1326.36 84.1713 1184.73 699.621 41.6599 485.105
internal_count=51825 45059 42016 22144 19872 3043 6766 3010 291 6475 612 278 5863
is_linear=0
shrinkage=0.0357863


Tree=153
num_leaves=16
num_cat=0
split_feature=16 7 14 7 11 9 1 1 16 9 15 6 11 9 11
split_gain=119.405 243.832 223.749 153.15 252.59 264.543 236.091 181.561 172.226 103.377 73.3977 82.2268 69.949 57.7612 29.4247
threshold=0.0028549324488267307 0.028725375421345237 -0.60785761475563038 0.0082480707205832022 -0.6035533845424651 0.81174489855766307 0.00078963022679090511 0.0039634096901863822 0.0011833118624053898 1.0000000180025095e-35 0.91597560048103344 7.1815000410424559e-05 0.98296290636062633 -1.0000000180025095e-35 -1.0000000180025095e-35
decision_type=2 2 2 2 2 2 2 2 2 2 2 2 2 2 2
left_child=3 10 14 7 5 -5 -6 8 -1 -4 13 -12 -9 -2 -3
right_child=1 2 9 4 6 -7 -8 12 -10 -11 11 -13 -14 -15 -16
leaf_value=-0.0133221590281613 -0.0067155215393892003 -0.00029431029162991433 0.036194065149883693 -0.019847306338072409 0.029990056100725363 0.010957231075546163 0.0057015592821479137 -0.02253514994812212 0.0024763687583805758 0.0075069870563397771 0.028821026332281355 -0.027165683689684413 0.014077916188709228 -0.021312029757431482 -0.026820758998345334
leaf_weight=1023.9540834622885 507.26407374107703 73.666585581081279 201.45848442366457 700.17936620466503 847.91678593438701 726.44026633657882 1314.3579312129823 632.97313559481336 6443.3897163600604 844.26396941624319 96.344471747753971 50.790323257237731 72.756692059656416 1195.303287664402 249.50431962600061
leaf_count=1972 9687 284 1224 1578 5387 297 855 649 19417 893 1878 282 46 7058 318
internal_value=-0.00029711 -0.00640777 0.00501135 0.00137028 0.00753498 -0.00412229 0.0152521 -0.00132987 0.000302492 0.0130874 -0.0148889 0.00911346 -0.018681 -0.0169961 -0.0209476
internal_weight=14980.6 3218.6 1368.89 11762 3588.89 1426.62 2162.27 8173.07 7467.34 1045.72 1849.7 147.135 705.73 1702.57 323.171
internal_count=51825 21624 2719 30201 8117 1875 6242 22084 21389 2117 18905 2160 695 16745 602
is_linear=0
shrinkage=0.0357863


Tree=154
num_leaves=16
num_cat=0
split_feature=17 1 0 6 7 16 16 18 13 17 18 13 16 7 16
split_gain=67.9982 188.245 87.9865 203.799 124.641 121.409 114.178 117.688 77.691 77.437 87.6993 71.4008 111.256 58.4386 56.7814
threshold=0.0041098478250205525 8.8403503468725844e-05 8.2540002040332197e-05 7.8249999205581857e-05 0.0033231379929929976 0.0014112879871390762 0.0011833118624053898 36.228027343750007 0.0023639443097636108 0.0043857800774276265 49.375841140747077 -0.0018548527150414882 0.0028683422133326535 0.013730380684137346 0.0064044266473501929
decision_type=2 2 2 2 2 2 2 2 2 2 2 2 2 2 2
left_child=2 11 3 5 -5 -1 7 -4 -8 13 -11 12 -2 -3 -13
right_child=1 9 6 4 -6 -7 8 -9 -10 10 -12 14 -14 -15 -16
leaf_value=-0.0096680316586056827 -0.012394463873048087 0.0010659613574204873 0.03656486386337842 0.04210113505276708 -0.031354884361713381 0.00082232260378708934 -0.0049330118724997488 0.0037843818417773482 0.005125373357470671 -0.0047330644192386303 0.017289690516045234 0.033747181625314135 0.035317831935410368 0.043838251163703698 -0.033717861401032764
leaf_weight=1830.7133131160908 153.05397474370329 82.126036928571921 250.92546775841498 31.163272170699031 424.16660514131325 6159.6385367249295 1636.2261477565371 327.85920432711004 2457.3696974654558 1722.9176861684427 266.97715614866866 401.69029948886799 104.90876850262794 87.361893685516407 15.801602007206212
leaf_count=4198 73 39 207 253 206 33722 4252 148 1125 1192 222 5504 93 57 534
internal_value=0.000357078 0.00538535 -0.000725275 -0.00290868 -0.0262037 -0.00157418 0.00320941 0.0180931 0.00109131 0.000201527 -0.00175013 0.0218745 0.00679273 0.0234445 0.0310588
internal_weight=15952.9 2834.84 13118.1 8445.68 455.33 7990.35 4672.38 578.785 4093.6 2159.38 1989.89 675.455 257.963 169.488 417.492
internal_count=51825 7714 44111 38379 459 37920 5732 355 5377 1510 1414 6204 166 96 6038
is_linear=0
shrinkage=0.0357863


Tree=155
num_leaves=16
num_cat=0
split_feature=11 2 11 6 18 18 13 0 18 10 10 18 6 2 5
split_gain=143.389 134.596 213.407 300.138 182.808 180.497 207.548 90.3475 149.115 72.7104 53.6166 31.7992 28.5559 12.1301 6.55256
threshold=0.91597560048103344 27.500000000000004 -0.6035533845424651 -4.4275000618654296e-05 31.360544204711918 47.923208236694343 0.0010378331644460561 9.9965000117663308e-05 37.225809097290046 -0.0024914365494623776 -0.0016419225721620021 25.980816841125492 -6.9195000833133222e-05 28.500000000000004 0.0025519982445985083
decision_type=2 2 2 2 2 2 2 2 2 2 2 2 2 2 2
left_child=1 2 3 -1 -4 6 -3 11 13 -7 -10 14 -13 -9 -2
right_child=7 5 4 -5 -6 9 -8 8 10 -11 -12 12 -14 -15 -16
leaf_value=-0.023145846970739251 0.037125132274205629 -0.010137773190977854 0.0090427790261250855 0.017351830808829561 -0.0050696112102899807 0.026398104012286351 0.0038580192855108123 -0.026756653853794211 -0.026038286305314306 0.0019013176850310829 0.027362230885002878 0.00209876653160765 -0.021515072721081101 -0.0030936753412407841 -0.011793917738886021
leaf_weight=261.73742250435862 15.557797970941946 3589.2393936591379 1845.0127380923063 2162.1213986140001 3239.249053738065 343.70376690570799 2174.578654416604 145.70264323627765 26.199417923357032 292.44453097040162 205.73202796905829 67.150539641548789 753.35992998010204 41.14675177747344 2.5014153241016599
leaf_count=1396 222 11641 7236 9271 12748 1049 1049 446 176 669 151 496 4975 154 146
internal_value=-7.84368e-05 0.000964113 0.00421742 0.0129556 4.05829e-05 -0.00284375 -0.00484771 -0.011655 0.00179797 0.0152249 0.0210877 -0.0184401 -0.0195142 -0.0218459 0.0272466
internal_weight=15165.4 13908.1 7508.12 2423.86 5084.26 6399.97 5763.82 1257.35 418.781 636.148 231.931 838.57 820.51 186.849 18.0592
internal_count=51825 45059 30651 10667 19984 14408 12690 6766 927 1718 327 5839 5471 600 368
is_linear=0
shrinkage=0.0357863


Tree=156
num_leaves=12
num_cat=0
split_feature=12 11 7 15 15 2 7 12 13 11 5
split_gain=131.859 134.821 200.065 246.124 173.401 431.397 217.158 170.039 24.3021 17.2192 11.6528
threshold=12.025071144104006 -0.6035533845424651 -0.0026533841155469413 0.91597560048103344 0.12940952181816107 27.500000000000004 -0.0026533841155469413 24.606375694274906 -0.018493271432816979 -0.6035533845424651 0.0019023740896955135
decision_type=2 2 2 2 2 2 2 2 2 2 2
left_child=8 4 3 -3 6 -6 -2 -4 -1 -10 -11
right_child=1 2 7 -5 5 -7 -8 -9 9 10 -12
leaf_value=0.0014360836525183112 0.0097957091673312111 -0.0014924719353671158 -0.015071796895950345 -0.028264888243635145 -0.018799303068474625 0.013417132993890975 -0.020334659833508514 0.0058818166044567292 0.056770693730360006 -0.010758751305261613 0.032801573730181235
leaf_weight=25.42074947906076 382.65518655365304 2324.2167376772886 530.81386967169419 543.93419314326275 882.96744205522123 1339.8614013477184 1492.8983075547244 7300.9288346544199 57.999021543974763 7.4973421576202872 41.549961584675025
leaf_count=36 5121 16151 135 2588 4097 2172 4647 16694 36 30 118
internal_value=-0.000298999 -0.000620915 0.00148888 -0.00658937 -0.00614275 0.000594673 -0.0141575 0.00445447 0.0352377 0.0427407 0.0250004
internal_weight=14930.7 14798.3 10699.9 2868.15 4098.38 2222.83 1875.55 7831.74 132.467 107.046 49.0473
internal_count=51825 51605 35568 18739 16037 6269 9768 16829 220 184 148
is_linear=0
shrinkage=0.0357863


Tree=157
num_leaves=12
num_cat=0
split_feature=10 10 19 16 17 19 4 5 5 4 12
split_gain=73.0716 59.7001 148.616 149.693 116.665 67.6862 40.298 17.9399 33.0745 29.9753 0.057153
threshold=0.01202233135700226 0.0064719780348241338 0.0057102204300463208 0.004680449841544033 0.0041098478250205525 0.010207720566540958 0.021924966946244243 0.0056822735350579032 0.0050332453101873407 0.074467126280069365 49.032218933105476
decision_type=2 2 2 2 2 2 2 2 2 2 2
left_child=1 2 4 -4 -1 6 -3 8 9 -2 -9
right_child=7 5 3 -5 -6 -7 -8 10 -10 -11 -12
leaf_value=-0.0016230693255195397 0.038658576238596899 0.038922450482031641 0.035157676823147764 0.0045353473169105112 0.0077882903065536885 0.043274580895439584 -0.012248005252858419 0.018099478314325533 -0.039718345855491131 -0.016899818175821223 0.035321616730710645
leaf_weight=11972.42551011598 39.675851754179959 19.6934142219568 302.18136192715485 648.61089980302802 1962.9379020736997 30.14778753159942 816.91484342480305 14.960851192474363 13.802930551211722 16.470697676473868 86.992832582831653
leaf_count=37849 86 21 2945 4012 4786 48 1758 6 57 48 209
internal_value=0.000358393 0.000101584 0.000636697 0.0143269 -0.000293359 -0.00902404 -0.0109761 0.0235648 0.0085054 0.0213629 0.0333457
internal_weight=15924.8 15752.9 14886.2 950.792 13935.4 866.756 836.608 171.903 69.9495 56.1465 101.954
internal_count=51825 51419 49592 6957 42635 1827 1779 406 191 134 215
is_linear=0
shrinkage=0.0357863


Tree=158
num_leaves=15
num_cat=0
split_feature=2 13 7 5 7 1 19 5 6 6 19 13 5 2
split_gain=123.222 182.402 155.002 297.364 292.251 269.592 190.081 162.294 149.68 145.97 95.0943 173.62 126.548 67.6403
threshold=27.500000000000004 0.0041723453905433425 -0.0055524802301079026 0.0023984854342415933 0.028725375421345237 0.0030946289189159874 0.0027605945942923431 0.0013251659693196418 -0.00021960499725537372 8.9844998001353829e-05 0.0017918518860824408 0.0074261717963963756 0.0017142209107987585 29.500000000000004
decision_type=2 2 2 2 2 2 2 2 2 2 2 2 2 2
left_child=1 8 6 5 -5 -4 7 -2 -1 -10 11 -3 -12 -8
right_child=2 10 3 4 -6 -7 13 -9 9 -11 12 -13 -14 -15
leaf_value=-0.034631782842095248 -0.022117321348762601 -0.024636965250688338 -0.018042986473094654 0.012938462130566392 -0.022369306125459572 0.0057417248291096509 0.00039364772686899463 0.028026411354223998 0.012136607385258898 -0.0033350430677344307 -0.018195215571005476 0.032401570482176768 -0.0011955255351071212 -0.023679611739842968
leaf_weight=104.23438751219237 95.427551303887981 96.409016412333585 2705.8701035188478 1390.6497523048693 382.10245666969149 783.85266839060932 844.43732938074379 569.392362662643 3460.7466754766619 1001.7850406929838 721.72930510508195 228.5754181019729 2553.9877985539142 180.52672836380259
leaf_count=223 748 69 4831 2558 531 251 2971 1094 28864 3028 534 42 2482 3599
internal_value=-7.85094e-05 0.00289834 -0.00358374 -0.00661665 0.00529648 -0.0126845 0.00582843 0.0207444 0.00765061 0.00865086 -0.00311342 0.0153081 -0.00495816 -0.00379191
internal_weight=15119.7 8167.47 6952.26 5262.47 1772.75 3489.72 1689.78 664.82 4566.77 4462.53 3600.7 324.984 3275.72 1024.96
internal_count=51825 35242 16583 8171 3089 5082 8412 1842 32115 31892 3127 111 3016 6570
is_linear=0
shrinkage=0.0357863


Tree=159
num_leaves=14
num_cat=0
split_feature=12 12 12 11 1 13 8 11 6 18 12 3 10
split_gain=128.772 117.127 134.632 182.083 82.0895 83.1719 89.3379 48.0723 31.8589 31.3328 27.2354 5.43067 4.68712
threshold=73.565792083740249 12.025071144104006 19.916113853454593 0.37940952181816107 -0.0098187760449945909 0.029364751651883129 26.500000000000004 -1.0000000180025095e-35 -3.4900000400739368e-06 46.918510437011726 80.242515563964858 -0.018207542598247525 -0.005903377663344144
decision_type=2 2 2 2 2 2 2 2 2 2 2 2 2
left_child=1 8 7 -4 10 6 -6 -3 11 -7 -2 -1 -10
right_child=4 2 3 -5 5 9 -8 -9 12 -11 -12 -13 -14
leaf_value=0.020636610613631704 -0.0014873919117271372 0.00029123287322841058 -0.0024610619487291361 0.0061563422017154304 0.024608261413256366 -0.0026716342000092349 -0.020754016277024365 -0.03466405177548177 0.02319765637956802 0.029287152889607763 0.033670860975559276 -0.00268631779366933 0.051365652916248145
leaf_weight=22.057979583740234 46.127525137135308 64.5179942073581 8131.4823111731603 5112.2202733360537 58.02423827016537 96.935856345466163 928.25803214687403 188.02258290985006 17.54373092149774 63.08095916264574 62.498878538535791 22.23555592115153 71.854350104600854
leaf_count=17 50 198 31003 18335 1133 41 521 245 58 50 29 46 99
internal_value=-0.000308283 0.000697843 0.00036346 0.000861127 -0.0112805 -0.0141257 -0.0180283 -0.0255124 0.0340326 0.00957797 0.0182267 0.00766605 0.0464675
internal_weight=14884.9 13629.9 13496.2 13243.7 1254.93 1146.3 986.282 252.541 133.692 160.017 108.626 44.2935 89.3981
internal_count=51825 50001 49781 49338 1824 1745 1654 443 220 91 79 63 157
is_linear=0
shrinkage=0.0357863


Tree=160
num_leaves=11
num_cat=0
split_feature=10 10 19 13 15 19 3 15 0 3
split_gain=70.1448 57.0662 141.7 114.751 100.025 64.0418 39.1973 17.9189 11.3524 15.9528
threshold=0.01202233135700226 0.0064719780348241338 0.0057102204300463208 0.041201155632734306 -0.91597560048103321 0.010207720566540958 0.053907833993434913 0.37940952181816107 -5.7355000535608262e-05 0.053907833993434913
decision_type=2 2 2 2 2 2 2 2 2 2
left_child=1 2 3 -1 -4 6 -3 8 -2 -10
right_child=7 5 4 -5 -6 -7 -8 -9 9 -11
leaf_value=-0.000552843093088036 0.030033587126959239 -0.01475220510488548 -0.023911406905834404 0.037435909733567183 0.017577934385148684 0.042137494073090788 0.0041195552042837249 0.037436304945242908 -0.016911340497790084 0.018276044201283557
leaf_weight=13814.990560305752 32.940215826034517 657.80869025768425 80.279654483515628 102.55659524374641 869.76462798681757 30.016284959702716 173.93010171937203 70.52700452152736 27.169056839899142 39.934948030815576
leaf_count=42609 11 1724 509 26 6448 48 55 169 186 40
internal_value=0.000368637 0.000117528 0.000639991 -0.000268858 0.0140129 -0.00883126 -0.0107385 0.0231952 0.0125933 0.0031944
internal_weight=15899.9 15729.3 14867.6 13917.5 950.044 861.755 831.739 170.571 100.044 67.104
internal_count=51825 51419 49592 42635 6957 1827 1779 406 237 226
is_linear=0
shrinkage=0.0357863


Tree=161
num_leaves=16
num_cat=0
split_feature=11 9 15 17 11 6 0 19 0 10 17 6 0 15 17
split_gain=135.049 121.762 524.007 324.708 153.597 294.04 152.432 151.606 87.8007 50.1029 72.6273 25.0598 27.8901 17.2199 16.2106
threshold=0.91597560048103344 0.81174489855766307 -0.12940952181816107 -0.0013973332243040202 -0.6035533845424651 -4.4275000618654296e-05 3.1315001251641668e-05 0.0021812421036884193 9.9965000117663308e-05 -0.0016419225721620021 -0.001473923912271857 -6.9195000833133222e-05 -0.00012108499868190846 0.12940952181816107 -0.0055140189360827199
decision_type=2 2 2 2 2 2 2 2 2 2 2 2 2 2 2
left_child=1 4 3 -3 5 -1 -4 -6 11 14 -11 12 -2 -13 -10
right_child=8 2 6 -5 7 -7 -8 -9 9 10 -12 13 -14 -15 -16
leaf_value=-0.021662213098410134 -0.015295091230897511 0.024868424517807443 0.0016723589040248921 -0.0012501447932972971 -0.010712420866210465 0.014402545675739462 -0.023416437030991104 0.0032289915744419038 0.034689764436674923 0.030042363701943905 -0.0044351060570684006 -0.023940009156515334 0.031125365687469167 -0.011802136359778519 -0.026848434423066708
leaf_weight=325.57740129818103 43.185395140983232 815.26679363028779 384.45250349590856 2402.2562871107671 1278.759643695571 2542.8398407498535 1520.6749918931125 4562.8047878238558 5.1078432231891346 123.79154759328824 206.90011943860188 509.58907297582732 26.61356913351905 243.90005924015384 79.687661195405056
leaf_count=1986 297 1216 2208 2368 2586 11918 1267 21510 125 97 383 3560 238 1744 322
internal_value=-8.07186e-05 0.00092929 -0.00344325 0.00535051 0.00350737 0.0102895 -0.0183242 0.000167517 -0.011404 0.0018854 0.00830236 -0.0181787 0.00160399 -0.0200856 -0.0224775
internal_weight=15071.4 13832.6 5122.65 3217.52 8709.98 2868.42 1905.13 5841.56 1238.78 415.487 330.692 823.288 69.799 753.489 84.7955
internal_count=51825 45059 7059 3584 38000 13904 3475 24096 6766 927 480 5839 535 5304 447
is_linear=0
shrinkage=0.0357863


Tree=162
num_leaves=15
num_cat=0
split_feature=15 19 7 0 17 17 10 5 5 17 7 5 18 6
split_gain=113.618 116.214 187.156 174.855 169.716 89.997 80.7662 45.0864 69.1396 37.4954 33.447 33.1237 9.96838 0.957568
threshold=-0.98296290636062611 0.0071274864021688708 0.034468377009034164 6.6065000282833366e-05 0.0021509331418201332 0.0025874039856716995 0.0035231579095125203 0.0012989495298825207 0.0010061915963888171 -0.0023006109986454244 -0.017854191362857815 0.0015650333371013405 28.941781997680668 -8.3145001553930329e-05
decision_type=2 2 2 2 2 2 2 2 2 2 2 2 2 2
left_child=7 2 4 -4 -2 13 -7 8 -1 -10 11 -9 -12 -3
right_child=1 5 3 -5 -6 6 -8 10 9 -11 12 -13 -14 -15
leaf_value=-0.03053657738452813 0.0025200461477549218 0 -0.0096112363320745159 0.03558674681598531 -0.0068915539033960341 0.067498489792701316 -0.0063232296499427668 -0.027341874312982919 -0.029471914033477604 0.050798041072020378 -0.0057067145390072137 0.061124999793741509 -0.029076843936651376 -0.02820105223086028
leaf_weight=37.444463018701938 9827.3123704477766 4.4594335746859874 154.11635288858542 365.42649205874568 3269.9171704507444 19.713842136846779 460.54041395334019 9.3729398099459935 8.363824683693343 37.274090104763594 32.025151009822139 11.347002327375318 295.27466726451138 311.09840450658578
leaf_count=85 33611 377 880 483 10864 581 753 40 27 132 335 575 1033 2049
internal_value=-0.000312396 0.00022526 0.00100595 0.0220716 0.000166021 -0.0130622 -0.00317501 -0.0184168 0.00471058 0.0348572 -0.0240989 0.0184097 -0.0269615 -0.0279316
internal_weight=14843.7 14412.6 13616.8 519.543 13097.2 795.812 480.254 431.102 83.0824 45.6379 348.02 20.7199 327.3 315.558
internal_count=51825 49598 45838 1363 44475 3760 1334 2227 244 159 1983 615 1368 2426
is_linear=0
shrinkage=0.0357863


Tree=163
num_leaves=15
num_cat=0
split_feature=11 6 18 16 10 12 12 18 11 12 12 18 18 5
split_gain=84.393 104.96 142.438 78.9674 71.0449 52.0476 69.7985 47.3774 41.5289 36.1735 34.4817 17.4081 25.8219 3.11141
threshold=-0.98296290636062611 4.0000000808504417e-05 39.578218460083015 0.0018937074346467855 0.01202233135700226 17.673048019409183 19.916113853454593 26.894014358520511 0.12940952181816109 59.414386749267585 77.548004150390639 47.645442962646491 49.672124862670906 0.0019787832861766223
decision_type=2 2 2 2 2 2 2 2 2 2 2 2 2 2
left_child=1 7 9 -4 5 8 -7 13 -2 -3 -9 -6 -13 -1
right_child=4 2 3 -5 11 6 -8 10 -10 -11 -12 12 -14 -15
leaf_value=-0.0092311143811509844 0.003121823630310324 0.03825052628135539 0.048091572217020102 -0.03240033714414782 0.036979194831148025 -0.024268802061768947 -0.00044430197825342838 0.00069367922379638572 0.034260008917152536 -0.0084450712578563944 0.070068810565845963 -0.033778199659765293 0.019759811122707381 -0.032657366033165242
leaf_weight=16.474333008427941 136.32611954254446 303.68825138376332 19.418421065551627 73.045238789085033 69.938902403953918 159.32713226734268 14640.800029270613 167.45454923227823 97.138977180551024 20.764475645651771 9.8198812463385519 12.645282604173756 86.681981379791253 61.623615923024694
leaf_count=39 256 356 12 137 117 143 48513 1462 228 61 35 24 242 200
internal_value=0.000371821 0.0127807 0.0238711 -0.0148871 -0.000173238 -0.000436483 -0.000704579 -0.00510616 0.0163184 0.0350893 0.00485619 0.022875 0.0123774 -0.0284346
internal_weight=15875.1 672.289 416.916 92.4637 15202.9 15033.6 14800.1 255.372 233.465 324.453 177.274 169.266 99.3273 78.0979
internal_count=51825 2302 566 149 49523 49140 48656 1736 484 417 1497 383 266 239
is_linear=0
shrinkage=0.0357863


Tree=164
num_leaves=15
num_cat=0
split_feature=11 7 5 2 5 5 2 5 14 18 12 18 19 12
split_gain=127.698 129.199 178.637 174.208 141.018 156.701 123.247 62.5013 64.8843 133.012 52.3536 35.8274 22.0986 14.4652
threshold=0.91597560048103344 0.032365528866648681 0.0024565276689827447 27.500000000000004 0.0037484237691387538 0.0054475197102874526 29.500000000000004 0.0010988602298311891 -1.0000000180025095e-35 46.135801315307624 27.783803939819339 28.086290359497074 0.0017562299035489561 65.168674468994155
decision_type=2 2 2 2 2 2 2 2 2 2 2 2 2 2
left_child=1 2 3 -1 11 -6 -4 10 9 -9 -2 -3 -10 -12
right_child=7 4 6 -5 5 -7 -8 8 12 -11 13 -13 -14 -15
leaf_value=0.0039572184683184016 0.04646994458134223 0.023530550874094603 0.011280345896946337 -0.0055773782329233395 0.0099535152974662457 -0.025867365261506473 -0.027338599682327516 0.020224481269510562 0.011225327793030902 -0.018901436142031647 -0.020795538401923844 -0.032452096711395387 -0.021690992367294725 0.032066192607191089
leaf_weight=5392.8915872271373 42.55910742286401 14.141363789124226 2745.0756507668416 4501.9824910196639 468.48115595907666 234.38063950110984 109.26895182223188 187.31680200438149 24.912786483765331 272.78680459479818 32.930487016309215 329.40039997804507 655.81729112198434 7.6645041259740259
leaf_count=13581 13 73 17445 8741 827 619 2971 1965 8 356 243 802 4146 35
internal_value=-8.05349e-05 0.000898585 0.00189451 -0.000375185 -0.011182 -0.00191204 0.00978224 -0.0111619 -0.0133738 -0.00285071 0.0185086 -0.029984 -0.0204039 -0.00943029
internal_weight=15019.6 13795.6 12749.2 9894.87 1046.4 702.862 2854.34 1223.99 1140.83 460.104 83.1541 343.542 680.73 40.595
internal_count=51825 45059 42738 22322 2321 1446 20416 6766 6475 2321 291 875 4154 278
is_linear=0
shrinkage=0.0357863


Tree=165
num_leaves=15
num_cat=0
split_feature=15 11 4 1 0 17 3 5 4 5 18 3 0 5
split_gain=109.73 121.475 166.695 156.038 150.572 143.75 138.745 116.071 63.241 73.8629 24.1268 35.9667 6.01365 3.40518
threshold=-0.98296290636062611 -0.6035533845424651 0.0058055766858160504 0.0023826623801141982 -4.1549999878043302e-05 -0.0029178690165281291 -0.0041525682900100938 0.0010988602298311891 0.0068852144759148368 0.0010061915963888171 29.5614128112793 0.0021894216770306234 -5.1035000069532537e-05 0.0011844175169244411
decision_type=2 2 2 2 2 2 2 2 2 2 2 2 2 2
left_child=8 2 7 5 -4 -3 -5 -2 9 -1 11 -10 -12 -11
right_child=1 3 4 6 -6 -7 -8 -9 10 13 12 -13 -14 -15
leaf_value=-0.029069584519352105 -0.023014655998912305 -0.0020338316910648133 0.014125338823758705 -0.025653559665581162 -0.010594897185902152 0.0089094519798606393 -0.0015798511187355955 0.018443950690060783 -0.019627717247562116 0.053369690716879185 0 0.057007334222609021 -0.028070327374146876 0.015402882347150504
leaf_weight=28.546523914351177 101.92857818725088 2272.0160202771667 349.25281812382264 342.9876003970212 3116.8994040837606 4705.9683431564827 2960.5939428650399 538.54266732676206 26.201640104165961 29.6722785573109 6.1181026686873556 11.088415000633175 315.97960812867103 8.4600498163673965
leaf_count=75 322 8769 2108 490 13258 22446 1817 388 437 61 201 35 1271 147
internal_value=-0.000306577 0.000219582 -0.004979 0.00230143 -0.00808787 0.00533832 -0.00409628 0.0117583 -0.0182059 0.0132625 -0.0242005 0.00166734 -0.0273691 0.0464209
internal_weight=14814.3 14388.2 4106.62 10281.6 3466.15 6977.98 3303.58 640.471 426.067 66.6789 359.388 37.2901 322.098 38.1323
internal_count=51825 49598 16076 33522 15366 31215 2307 710 2227 283 1944 472 1472 208
is_linear=0
shrinkage=0.0357863


Tree=166
num_leaves=16
num_cat=0
split_feature=11 0 18 5 4 0 15 18 0 12 7 18 12 12 17
split_gain=80.9787 99.9667 136.302 66.8148 66.3766 112.55 131.644 104.996 87.6463 118.782 105.637 45.5895 34.9355 31.9483 5.94628
threshold=-0.98296290636062611 3.9859998651081703e-05 39.578218460083015 0.0012692815507762136 0.018712573684751991 5.7930001275963157e-05 0.78656607866287243 28.262851715087894 8.4784998762188493e-05 49.202266693115241 0.0035930264275521044 26.894014358520511 59.414386749267585 77.548004150390639 0.00030028098262846475
decision_type=2 2 2 2 2 2 2 2 2 2 2 2 2 2 2
left_child=1 11 12 -4 8 7 -7 -6 10 -10 -2 14 -3 -13 -1
right_child=4 2 3 -5 5 6 -8 -9 9 -11 -12 13 -14 -15 -16
leaf_value=0 -0.00044913442510596731 0.037557811675713829 0.046166804762850663 -0.030101396889665299 -0.015254250238449089 0.0026373766515940937 -0.017720908897471469 0.013358716531359147 0.0082152828862768288 -0.0051538739495985151 -0.0093535270554849503 0.00073964817177074138 -0.0083354399349970139 0.066774790297313022 -0.03193946149460087
leaf_weight=10.42250170305695 4328.4499420059001 301.71474874733821 17.910031776598785 73.913359165312201 181.0934197206202 2188.1843799030621 499.18676183609023 1611.9721815835869 2140.0142727815546 1408.0527087236151 2831.8236054526933 167.27467421662999 20.73694688119366 10.064843600660167 66.694446574017206
leaf_count=128 16468 356 8 141 1942 3189 828 14985 1059 2416 8636 1462 61 35 111
internal_value=0.000370508 0.0125592 0.0234266 -0.0146121 -0.000162454 0.00349079 -0.00112344 0.0104376 -0.00169623 0.00289394 -0.00397857 -0.00491393 0.0344325 0.00480672 -0.0279918
internal_weight=15857.5 668.732 414.275 91.8234 15188.8 4480.44 2687.37 1793.07 10708.3 3548.07 7160.27 254.456 322.452 177.34 77.1169
internal_count=51825 2302 566 149 49523 20944 4017 16927 28579 3475 25104 1736 417 1497 239
is_linear=0
shrinkage=0.0357863


Tree=167
num_leaves=10
num_cat=0
split_feature=12 9 7 19 19 17 12 18 1
split_gain=117.145 124.639 299.474 227.971 148.865 99.8995 170.04 100.458 1.45764
threshold=12.025071144104006 0.81174489855766307 -0.0055524802301079026 0.0030315392650663857 0.0027605945942923431 -0.0039978681597858659 44.254549026489265 48.758049011230476 0.0052528271917253741
decision_type=2 2 2 2 2 2 2 2 2
left_child=8 5 4 -4 -3 6 -2 -7 -1
right_child=1 2 3 -5 -6 7 -8 -9 -10
leaf_value=-0.036022518054124576 0.0218725603263373 0.026614710957725673 -0.016534674047503358 -0.00044756269939838142 -0.0019388161712259797 0.0028384733077211725 -0.014240318082058107 -0.0097511356659843642 -0.016517140083341837
leaf_weight=113.04127876304119 739.02728941352609 537.7064018363219 2099.793775071138 2453.8672850882467 407.66434754390389 7498.5995524722348 213.74548423369458 908.91108087561406 17.087841878645122
leaf_count=206 1724 339 1106 3997 2604 32026 6599 3210 14
internal_value=-8.52343e-05 0.000207087 -0.00406491 -0.00787801 0.0142427 0.00272281 0.0137121 0.00147078 -0.033893
internal_weight=14989.4 14859.3 5499.03 4553.66 945.371 9360.28 952.773 8407.51 130.129
internal_count=51825 51605 8046 5103 2943 43559 8323 35236 220
is_linear=0
shrinkage=0.0357863


Tree=168
num_leaves=15
num_cat=0
split_feature=15 5 5 15 17 5 1 8 5 5 17 2 1 10
split_gain=104.693 97.2486 142.393 277.242 139.461 334.72 160.311 120.301 42.9479 63.3951 34.0575 25.2378 16.1037 10.337
threshold=-0.98296290636062611 0.0017572190263308587 0.001863727637100965 0.78656607866287243 -0.0030902141006663437 0.0014055446954444053 0.0030170704703778033 27.500000000000004 0.0012989495298825207 0.0010061915963888171 -0.0023006109986454244 28.500000000000004 0.00025114486925303941 -0.002600111067295074
decision_type=2 2 2 2 2 2 2 2 2 2 2 2 2 2
left_child=8 4 7 -4 5 -2 -6 -3 9 -1 -11 13 -13 -10
right_child=1 2 3 -5 6 -7 -8 -9 11 10 -12 12 -14 -15
leaf_value=-0.029962759031507854 -0.023356043813711119 -0.026404907471180513 -0.0047407203282919183 0.012900352578723843 0.0090131253454873647 0.010835609325535876 -0.0063388670472785853 0.00073155840669772085 0.0011925334679844608 -0.028765355307332666 0.047911246095455259 -0.0086174018430365488 0.047514022604469151 -0.02810225391757017
leaf_weight=36.257515071658744 744.43058067085826 549.71958757250968 5123.9396106806571 1467.1892091940554 4334.4054440925283 720.13680146080765 1085.7817934251998 331.39946209979144 12.426633911982661 8.2428752625180532 37.979478423909157 21.365944830925233 8.9170098323374969 294.43470876738388
leaf_count=85 615 1366 28975 6669 9524 1114 570 765 421 27 132 418 21 1123
internal_value=-0.000308641 0.000202482 -0.00262048 -0.000805296 0.00327447 -0.00650559 0.00592745 -0.0161351 -0.0179293 0.00465549 0.0330227 -0.0236206 0.00607169 -0.0267334
internal_weight=14776.6 14357 7472.25 6591.13 6884.75 1464.57 5420.19 881.119 419.624 82.4799 46.2224 337.144 30.283 306.861
internal_count=51825 49598 37775 35644 11823 1729 10094 2131 2227 244 159 1983 439 1544
is_linear=0
shrinkage=0.0357863


Tree=169
num_leaves=15
num_cat=0
split_feature=11 6 5 5 10 10 19 19 4 12 7 5 5 12
split_gain=75.9165 94.7822 88.9954 71.5248 65.5942 48.4939 146.464 66.528 47.3362 40.096 48.3352 17.2807 32.1026 0.225766
threshold=-0.98296290636062611 4.0000000808504417e-05 0.0029662576271221046 0.0034334086813032631 0.01202233135700226 0.0055987492669373759 0.0057887723669409761 0.0086268982850015181 0.01844345219433308 77.548004150390639 -0.0098884790204465372 0.0056822735350579032 0.0050332453101873407 49.032218933105476
decision_type=2 2 2 2 2 2 2 2 2 2 2 2 2 2
left_child=1 9 8 -4 5 6 -2 -7 -3 10 -1 12 -6 -13
right_child=4 2 3 -5 11 7 -8 -9 -10 -11 -12 13 -14 -15
leaf_value=0.014659280155937872 -0.00069112360571069436 0.037301652376352239 -0.037296453396253121 0.024084463415531256 0.020229827250645153 -0.011043013537435441 0.015564677012140213 0.013657593857785246 -0.0035325896389715216 0.063759951578704246 -0.019132643163143979 0.016394349670887719 -0.040084498703141708 0.034043762196271185
leaf_weight=79.076174787855877 13113.337788448145 276.19822328258192 49.393622899911314 47.053362001983352 55.381177289075424 976.80684653357832 750.3431566819545 161.05200918327489 39.025725038997734 10.290295040308306 164.59467206492187 14.506640076637295 13.812753984762791 83.452880708889495
leaf_count=791 40753 231 73 197 119 2250 5877 260 65 38 907 6 56 202
internal_value=0.000373204 0.0122029 0.0228333 -0.00677057 -0.000142223 -0.000394307 0.000184658 -0.00749759 0.0320686 -0.00480852 -0.00793646 0.0221452 0.00737634 0.0320037
internal_weight=15834.3 665.632 411.671 96.447 15168.7 15001.5 13863.7 1137.86 315.224 253.961 243.671 167.153 69.1939 97.9595
internal_count=51825 2302 566 270 49523 49140 46630 2510 296 1736 1698 383 175 208
is_linear=0
shrinkage=0.0357863


Tree=170
num_leaves=9
num_cat=0
split_feature=12 7 5 2 6 12 6 6
split_gain=113.166 113.815 203.167 162.27 127.702 125.98 91.7149 0.966065
threshold=12.025071144104006 0.028725375421345237 0.0024565276689827447 27.500000000000004 1.2470000001485461e-05 27.328312873840336 5.8155001170234761e-05 -1.2115000117773887e-05
decision_type=2 2 2 2 2 2 2 2
left_child=7 2 3 -2 -4 -3 -7 -1
right_child=1 5 4 -5 -6 6 -8 -9
leaf_value=-0.023004374940830623 0.0031446790722319188 0.030462061504724646 -0.0063510977675810248 -0.0057700828977726567 0.013454686027918232 0.0080755428181313888 -0.015827322248379232 -0.036894337643040273
leaf_weight=35.644060821361208 5602.8178796563134 96.166359206238667 505.64215366317285 4898.274035774115 2287.1719957953269 245.0751136576198 1191.7059349728054 93.155281139128775
leaf_count=54 15661 25 15793 10047 6653 2190 1236 166
internal_value=-8.64386e-05 0.000199955 0.00126836 -0.00100831 0.00984876 -0.00902878 -0.0117111 -0.0334873
internal_weight=14955.7 14826.9 13293.9 10501.1 2792.81 1532.95 1436.78 128.799
internal_count=51825 51605 48154 25708 22446 3451 3426 220
is_linear=0
shrinkage=0.0357863


Tree=171
num_leaves=15
num_cat=0
split_feature=12 15 16 5 11 15 7 7 3 2 12 7 5 5
split_gain=121.138 115.271 114.438 143.994 110.128 77.804 82.0017 78.9227 51.0478 47.0706 45.3639 36.1685 42.9091 21.4519
threshold=73.565792083740249 -0.98296290636062611 0.0010947462287731471 0.0017572190263308587 0.12940952181816109 -0.7865660786628722 -0.0026533841155469413 0.032365528866648681 -0.00092073195264674712 26.500000000000004 78.153022766113295 -0.018094858154654499 0.0011844175169244411 0.0016495430027134719
decision_type=2 2 2 2 2 2 2 2 2 2 2 2 2 2
left_child=1 11 4 -4 -3 7 10 8 -2 -8 -7 13 -13 -1
right_child=5 2 3 -5 -6 6 9 -9 -10 -11 -12 12 -14 -15
leaf_value=0 0.010983400587192245 -0.0231417667698911 0.0062483493101339422 -0.0015168325825877509 0.0025300705307625868 -0.015169854382985253 0.013225198831235347 0.037849661883034146 -0.023432049690135934 -0.024263832935433455 0.017469982208807484 0.0038240303847909859 -0.026543635812267093 0.067193555675445216
leaf_weight=14.93783982759968 112.9664204583878 465.90337910502802 5782.4657548720916 6473.6701963891246 389.203249094049 96.90114889972736 43.797813209062383 71.130102767012431 105.92682747733102 677.19424458724006 123.07328052339662 69.790192019952428 312.34547795637849 8.9993624253809461
leaf_count=58 85 773 9710 36453 904 114 924 81 204 327 89 158 1396 549
internal_value=-0.000305158 0.00066968 0.00125527 0.00214223 -0.0113918 -0.0110551 -0.0160642 0.00500346 -0.00541534 -0.0219087 0.00283712 -0.0180993 -0.020851 0.0234807
internal_weight=14748.3 13517.3 13111.2 12256.1 855.107 1230.99 940.966 290.023 218.893 720.992 219.974 406.073 382.136 23.9372
internal_count=51825 50001 47840 46163 1677 1824 1454 370 289 1251 203 2161 1554 607
is_linear=0
shrinkage=0.0357863


Tree=172
num_leaves=12
num_cat=0
split_feature=10 10 17 4 16 17 4 18 18 18 17
split_gain=59.2672 52.3935 87.5276 176.74 97.1359 41.0815 38.4111 17.2742 24.964 13.9881 12.8408
threshold=0.01202233135700226 0.0064719780348241338 0.0041098478250205525 0.0095867589116096514 0.0060053167399019012 -0.0015994142158888278 0.027143073268234733 47.645442962646491 49.672124862670906 39.044847488403327 0.0043857800774276265
decision_type=2 2 2 2 2 2 2 2 2 2 2
left_child=1 2 4 -4 -1 9 -7 -2 -9 -3 -10
right_child=7 5 3 -5 -6 6 -8 8 10 -11 -12
leaf_value=-0.000909117647783482 0.035887773867875131 0.00067770861890821717 0.04701590137773104 0.0046584823939042766 0.022091371047891398 0.024202613043714179 -0.012252518636990171 -0.034086494506399695 -0.015884128861366233 0.041957823993719064 0.024062164697221899
leaf_weight=12467.397853998005 68.117814033227134 23.116857298921712 135.38151620115218 1954.4645097297655 239.55381719744219 37.91184091145567 765.06043870955909 12.705619588967521 10.197872374874093 24.965229962459222 74.600887020471006
leaf_count=42316 122 28 238 5760 1278 50 1694 25 48 55 211
internal_value=0.000369837 0.000140833 0.000640975 0.00742943 -0.000471084 -0.00848894 -0.0104613 0.0216665 0.0111544 0.0232801 0.0185965
internal_weight=15813.5 15647.9 14796.8 2089.85 12707 851.054 802.972 165.622 97.5044 48.0821 84.7988
internal_count=51825 51419 49592 5998 43594 1827 1744 406 284 83 259
is_linear=0
shrinkage=0.0357863


Tree=173
num_leaves=15
num_cat=0
split_feature=7 3 3 2 15 18 7 13 0 1 13 1 13 7
split_gain=101.395 176.748 134.133 116.924 335.978 168.43 103.576 103.292 123.449 145.16 45.5063 27.0508 26.1829 16.7094
threshold=0.028725375421345237 0.02157677244395018 0.033467561006546027 27.500000000000004 1.0000000180025095e-35 46.615468978881843 0.017656184732913974 0.060250224545598037 5.8155001170234761e-05 0.018962689675390724 -0.0020048053702339526 0.015028391033411028 0.066111147403717055 0.023354521021246914
decision_type=2 2 2 2 2 2 2 2 2 2 2 2 2 2
left_child=1 3 13 5 -5 -1 -4 8 9 -2 -10 12 -9 -3
right_child=7 2 6 4 -6 -7 -8 11 10 -11 -12 -13 -14 -15
leaf_value=0.0052798939380398063 0.040702200756531685 0.037968401242654159 0.030559946141634108 0.0028186331211587311 -0.014603912113601696 -0.012562884101697961 -0.01929057226937532 0.0025980986632341274 0.014589919348822861 -0.018466260176190307 -0.020185934112378803 -0.0095388270012391699 0.027905710727651502 0.023056415750301588
leaf_weight=5890.7089023312992 107.56004142078291 209.61173500253062 79.206065291306004 3810.6220799895086 2253.6790260075963 764.12800210411751 162.43882377306363 102.82846755338323 48.786846367358521 103.42639074827821 978.06641023661996 63.840534565824782 119.20424681731674 237.91299083302511
leaf_count=28504 2076 169 13 8433 7418 3662 74 32 8 81 1148 55 51 101
internal_value=-8.65141e-05 0.000903801 0.018555 -4.82178e-05 -0.00364689 0.0032227 -0.00271827 -0.00883776 -0.0133354 0.0114326 -0.018479 0.0104409 0.0164381 0.0301667
internal_weight=14932 13408.3 689.17 12719.1 6064.3 6654.84 241.645 1523.71 1237.84 210.986 1026.85 285.873 222.033 447.525
internal_count=51825 48374 357 48017 15851 32166 87 3451 3313 2157 1156 138 83 270
is_linear=0
shrinkage=0.0357863


Tree=174
num_leaves=14
num_cat=0
split_feature=19 7 0 5 17 7 2 17 10 7 10 19 0
split_gain=102.207 177.642 160.711 153.858 138.442 178.536 114.182 83.6272 78.3273 65.5797 52.785 12.8554 1.63744
threshold=0.0071274864021688708 0.034468377009034164 6.6065000282833366e-05 0.0036416009534150366 0.0021509331418201332 0.0038188534090295438 28.500000000000004 0.0025874039856716995 0.0035231579095125203 0.031393300741910941 0.0073832657653838405 0.0082144732587039488 -0.00013197999942349267
decision_type=2 2 2 2 2 2 2 2 2 2 2 2 2
left_child=1 4 3 -3 5 -1 -6 12 11 -10 -4 -9 -2
right_child=7 2 10 -5 6 -7 -8 8 9 -11 -12 -13 -14
leaf_value=-0.0023716185546615426 0 0.043751083638674464 0.04141934171283649 -0.033847648901591657 -0.0084927107110836838 0.0072530973269432884 0.019240861331027693 0 -0.031722976526849564 0.00042357624761859788 0.0078767206941340231 0.074838857759039867 -0.02795456530178881
leaf_weight=5858.8193478955682 3.3945357459569996 47.059410658831069 280.97621674877411 105.42643168558956 3087.155707894844 4258.923358134517 201.46186883219207 1.7564835878546201 103.62696586599168 361.52691082672396 81.98085429026537 18.277852688267288 298.57200846129297
leaf_count=25740 214 425 418 491 8646 9442 2699 209 264 532 89 403 2253
internal_value=-0.000311498 0.000393934 0.0210119 -0.00953095 -0.000394615 0.00167424 -0.00677666 -0.0128589 -0.00352404 -0.00661813 0.0339978 0.065488 -0.0276718
internal_weight=14709 13921.8 515.443 152.486 13406.4 10117.7 3288.62 787.155 485.188 465.154 362.957 20.0343 301.967
internal_count=51825 47950 1423 916 46527 35182 11345 3875 1408 796 507 612 2467
is_linear=0
shrinkage=0.0357863


Tree=175
num_leaves=16
num_cat=0
split_feature=11 6 5 5 16 15 5 13 4 4 4 4 17 17 17
split_gain=71.523 89.5897 86.2266 68.3618 62.5165 141.628 123.918 79.534 66.7762 47.2244 45.7351 44.7539 28.9966 32.614 28.6759
threshold=-0.98296290636062611 4.0000000808504417e-05 0.0029662576271221046 0.0034334086813032631 0.0030615647556260232 -0.91597560048103321 0.0028488906100392346 0.044549332931637771 0.033115796744823463 0.012721695471554996 0.01844345219433308 0.015751234255731109 0.00025986760738305753 0.0042935865931212911 -0.0065619687084108582
decision_type=2 2 2 2 2 2 2 2 2 2 2 2 2 2 2
left_child=1 12 10 -4 6 9 7 -2 -7 -6 -3 -8 14 -14 -1
right_child=4 2 3 -5 5 8 11 -9 -10 -11 -12 -13 13 -15 -16
leaf_value=-0.02755322944076519 -0.00080733857499914097 0.036500221262934916 -0.036887830027445341 0.023461858865661416 0.035323235139685327 0.010926448103168809 0 0.036353528916544628 0.00026945833745808202 -0.023097444217950246 -0.0036069780217779998 -0.023790307267905889 -0.022075831143433845 0.010953572609937212 0.026790187771930866
leaf_weight=15.087541870783431 11108.660281775272 275.02659247619329 49.174535838551463 46.146989157434149 18.180922785391658 1785.5109138527819 128.53401830598369 74.196485042572021 1321.1131164466065 280.52667487925305 39.085181058339685 414.52526515109247 130.4670619967699 51.631131884384615 55.624376260361778
leaf_count=141 27998 231 73 197 82 9333 1574 16 6524 1549 65 2447 570 238 787
internal_value=0.000371738 0.011884 0.0222509 -0.0070844 -0.00012842 0.00413594 -0.00137161 -0.000555742 0.00641254 -0.0193531 0.0313314 -0.0180689 -0.00468416 -0.0124032 0.0144009
internal_weight=15793.5 662.243 409.433 95.3215 15131.2 3405.33 11725.9 11182.9 3106.62 298.708 314.112 543.059 252.81 182.098 70.7119
internal_count=51825 2302 566 270 49523 17488 32035 28014 15857 1631 296 4021 1736 808 928
is_linear=0
shrinkage=0.0357863


Tree=176
num_leaves=9
num_cat=0
split_feature=12 9 6 12 6 6 5 1
split_gain=108.596 111.518 144.817 392.504 367.61 97.7951 98.216 1.98612
threshold=12.025071144104006 0.81174489855766307 3.2199999623117044e-05 37.510326385498054 7.4114999733865275e-05 -0.00021960499725537372 0.0082653881981968897 0.006108649307861925
decision_type=2 2 2 2 2 2 2 2
left_child=7 5 3 -3 -4 -2 -7 -1
right_child=1 2 4 -5 -6 6 -8 -9
leaf_value=-0.035249436894500878 -0.034283734450019365 0.032911835560200595 -0.026042143136833302 -0.0044140478077966333 -0.00021398720277657801 0.0033990692169291632 -0.027199891094168115 -0.014232536456248362
leaf_weight=110.9546133829117 91.044813787852036 451.5484241953925 1056.3311455191501 1788.8063133471826 2139.6131467033579 9106.6734102259743 135.97811716591241 16.143774525728077
leaf_count=208 247 378 1206 5159 1303 42735 577 12
internal_value=-8.27828e-05 0.000196893 -0.0038735 0.00308417 -0.00876835 0.00257365 0.00294281 -0.0330219
internal_weight=14897.1 14770 5436.3 2240.35 3195.94 9333.7 9242.65 127.098
internal_count=51825 51605 8046 5537 2509 43559 43312 220
is_linear=0
shrinkage=0.0357863


Tree=177
num_leaves=13
num_cat=0
split_feature=19 7 6 7 4 7 5 7 4 10 3 3
split_gain=98.1284 169.457 132.448 161.273 103.756 165.077 162.964 70.5932 78.1313 63.1665 62.7534 2.09336
threshold=0.0071274864021688708 0.034468377009034164 6.6000000515487059e-05 0.043197073042392738 0.012823847122490408 0.021655095741152767 0.0014055446954444053 0.030533625744283203 0.029195801354944709 0.0039057938847690825 0.044388988986611373 -0.035510655492544167
decision_type=2 2 2 2 2 2 2 2 2 2 2 2
left_child=1 4 3 -3 5 -1 -6 11 -9 -10 -4 -2
right_child=7 2 10 -5 6 -7 -8 8 9 -11 -12 -13
leaf_value=0.0029207124095594643 0 -0.033927657953595487 0.040064614652084017 0.035594433967518192 -0.021829165924622775 -0.028577339872101683 -0.0020415391390758886 -0.028261912440794196 0.065603824142743863 0 -0.0026305672502034004 -0.027974346104746969
leaf_weight=8062.4608241064925 2.6682493090629569 101.49945708792042 288.61872668648135 73.472654586518544 606.33257864975076 218.61134208161457 4495.0885796144694 134.27673739332209 19.818805781842286 358.35864394814382 49.167781785130501 263.79285386732454
leaf_count=17964 4 595 485 326 625 784 27154 143 49 705 17 2974
internal_value=-0.000305687 0.000383272 0.0205746 -0.00441413 -0.0003862 0.0020824 -0.00440443 -0.0126679 -0.00476667 0.00342802 0.0336842 -0.0276526
internal_weight=14674.2 13895.3 512.759 174.972 13382.5 8281.07 5101.42 778.915 512.454 378.177 337.787 266.461
internal_count=51825 47950 1423 921 46527 18748 27779 3875 897 754 502 2978
is_linear=0
shrinkage=0.0357863


Tree=178
num_leaves=16
num_cat=0
split_feature=5 17 10 13 5 10 6 5 15 15 17 16 16 12 6
split_gain=59.1414 111.494 164.86 198.686 130.855 122.875 119.818 90.986 191.42 127.117 93.5693 80.0818 93.4489 59.7833 25.9837
threshold=0.0017469235463067891 -0.0029794813599437471 -0.0014375234022736547 0.00082054728409275423 0.0012989495298825207 -0.0019597087521106 7.8580000263173147e-05 0.0018423555302433672 0.91597560048103344 0.37940952181816107 0.002311504329554737 0.0014422455569729211 0.0016537621850147846 59.167562484741218 4.0000000808504417e-05
decision_type=2 2 2 2 2 2 2 2 2 2 2 2 2 2 2
left_child=1 2 3 -1 -4 14 -7 8 9 -2 -10 13 -13 -9 -3
right_child=7 5 4 -5 -6 6 -8 11 10 -11 -12 12 -14 -15 -16
leaf_value=-0.0059559720004695154 0.021714841314369026 -0.0061433524848718626 0.059513162008149774 0.03699207213066065 0.0098944543571480269 -0.0073770518814063255 0.0044330303539533589 -0.026299367271546688 0.0053300219354638148 -0.0095782722346865485 0.058555818473479099 0.022600661147032769 0.00099722596130948082 0.012310823462641554 -0.029149292937728305
leaf_weight=924.35398499557982 290.23895876842334 87.907356910317503 120.2516386938307 162.10050538666837 164.52510353631763 3021.9631884106266 1723.8108048389486 223.77367772750944 62.669992130405717 386.7204344111467 147.61095896027496 265.54530950322987 7823.3779954339125 64.442351971088158 299.41797886522363
leaf_count=1517 1402 432 78 73 219 8394 1399 350 199 404 35 746 36391 49 137
internal_value=0.000368633 -0.0022427 0.00680583 0.000400652 0.0310448 -0.0046708 -0.00307546 0.00220804 0.0131109 0.00375569 0.0429603 0.0010466 0.00171338 -0.017472 -0.0240728
internal_weight=15768.7 6504.33 1371.23 1086.45 284.777 5133.1 4745.77 9264.38 887.24 676.959 210.281 8377.14 8088.92 288.216 387.325
internal_count=51825 12249 1887 1590 297 10362 9793 39576 2040 1806 234 37536 37137 399 569
is_linear=0
shrinkage=0.0357863


Tree=179
num_leaves=14
num_cat=0
split_feature=11 12 9 15 4 0 4 19 4 12 0 9 1
split_gain=113.537 111.024 108.479 470.33 193.034 84.9517 46.2584 72.1986 49.8522 25.227 50.2354 16.0006 1.60201
threshold=0.91597560048103344 12.025071144104006 0.81174489855766307 -0.12940952181816107 0.011813072953373195 9.9965000117663308e-05 0.011289483401924373 0.0041205098386853942 0.074467126280069365 54.415548324584968 4.2114999814657501e-05 -1.0000000180025095e-35 0.0052528271917253741
decision_type=2 2 2 2 2 2 2 2 2 2 2 2 2
left_child=1 12 4 -4 -3 9 7 -7 -8 11 -11 -2 -1
right_child=5 2 3 -5 -6 6 8 -9 -10 10 -12 -13 -14
leaf_value=-0.034825979142256991 -0.00026465788997315069 -0.0024890039285402777 0.0052109096587633864 -0.017664185982758585 0.0083380673750405448 0.00097361507131745731 -0.020639885584358569 0.045798227394304912 0.051574557834385353 -0.017141920838922721 0.020594473198978131 -0.023660674295959364 -0.015087238569048086
leaf_weight=108.84459772354239 45.690713814402613 3741.1469008928279 3185.1775639708285 1800.8925290436327 4815.3174720369234 202.34705485493851 130.75847499051815 60.625683993112034 13.136559486389158 177.56932490856502 59.520421470812835 503.67385389925136 16.862575449980795
leaf_count=185 2845 12388 3582 3424 25466 248 657 20 2 533 110 2351 14
internal_value=-8.55337e-05 0.000834889 0.00114964 -0.00304001 0.0035976 -0.0106749 0.00247985 0.0115218 -0.013655 -0.0175515 -0.00743166 -0.0218168 -0.0326251
internal_weight=14861.6 13668.2 13542.5 4986.07 8556.46 1193.32 406.868 262.973 143.895 786.454 237.09 549.365 125.707
internal_count=51825 45059 44860 7006 37854 6766 927 268 659 5839 643 5196 199
is_linear=0
shrinkage=0.0357863


Tree=180
num_leaves=16
num_cat=0
split_feature=16 4 19 6 19 0 2 1 3 9 2 19 6 3 9
split_gain=93.8339 131.246 116.847 122.3 241.241 185.592 94.3262 93.713 76.2805 107.266 47.7346 42.6798 35.5042 12.8855 0.705203
threshold=0.0028549324488267307 0.033471323549747474 0.0017918518860824408 4.0000000808504417e-05 0.0021407720632851128 4.6639999709441333e-05 27.500000000000004 -0.0036098209675401445 0.018099192529916767 1.0000000180025095e-35 28.500000000000004 0.0071274864021688708 -8.8439999672118561e-05 0.076301593333482756 0.81174489855766307
decision_type=2 2 2 2 2 2 2 2 2 2 2 2 2 2 2
left_child=2 11 6 4 -4 -5 7 -1 10 -10 -3 12 -2 -13 -8
right_child=1 8 3 5 -6 -7 14 -9 9 -11 -12 13 -14 -15 -16
leaf_value=0.051861563848059136 0.014903364599731362 -0.028023064696645887 0.016384011457002967 0.021100319329184398 -0.0065111756750143154 0.0029970290046352349 -0.012150889168083179 -0.0085387598726373703 0.031483848713584874 0.0016331842759828073 0.0045942633519329692 -0.027297786750099619 -0.010800820244196783 0 -0.039191347376807191
leaf_weight=34.060910963919014 70.423925986719723 145.69727415345071 711.93229912025254 835.13787422106088 3405.4102675778786 5617.8378845655743 7.460917147848078 819.02884158988809 190.42705954577832 835.040214014909 90.529188408674628 259.62402464741899 1460.1227168684059 28.693784425202466 130.25452834543302
leaf_count=44 763 6076 1721 674 19687 6070 811 1136 310 163 1073 861 12368 10 58
internal_value=-0.000309563 -0.00586249 0.00116522 0.00227107 -0.00253872 0.00534865 -0.0105758 -0.00606097 0.00297082 0.00723125 -0.0152863 -0.0120207 -0.00958143 -0.0247745 -0.0381341
internal_weight=14641.7 3080.56 11561.1 10570.3 4117.34 6452.98 990.805 853.09 1261.69 1025.47 236.226 1818.86 1530.55 288.318 137.715
internal_count=51825 21624 30201 28152 21408 6744 2049 1180 7622 473 7149 14002 13131 871 869
is_linear=0
shrinkage=0.0357863


Tree=181
num_leaves=15
num_cat=0
split_feature=17 12 17 12 17 19 18 13 17 13 13 10 15 10
split_gain=56.8848 87.6953 133.073 87.4292 125.014 85.6823 151.139 137.466 133.006 114.96 83.6261 55.3955 39.7781 36.8543
threshold=0.0041098478250205525 72.227329254150405 0.0057175075635313996 63.406349182128913 0.0043857800774276265 0.0064775405917316684 43.480630874633796 0.041201155632734306 -0.0028125632088631387 0.023057126440107826 0.029364751651883129 0.01063039666041732 0.78656607866287243 0.0028373898239806299
decision_type=2 2 2 2 2 2 2 2 2 2 2 2 2 2
left_child=5 3 13 4 -2 7 8 9 -7 -1 -4 -8 -5 -3
right_child=1 2 10 12 -6 6 11 -9 -10 -11 -12 -13 -14 -15
leaf_value=-0.0011333099812289717 0.03813807020177723 0.0080550708994931077 0.010424097034378464 -0.0066683601688080239 0.00084584875718443902 -0.0064263456461526331 -0.022132531370703885 0.031038120062170306 0.031454601064696747 -0.019680709515646738 -0.02008372953004876 0.025521470459095252 -0.030391867444888469 0.039927642448394571
leaf_weight=11557.831147551975 129.38274438545682 63.789864584282782 682.84401162945267 335.34598548241672 1076.9568281710026 164.07922742081684 186.76715186170156 165.08968212641776 408.92775748218077 445.05724354612539 137.46044219820578 36.499392821060951 129.00183762322047 234.0042446312375
leaf_count=39959 495 111 749 476 5503 1605 811 48 1409 206 77 73 103 200
internal_value=0.000366674 0.0050055 0.0127633 -0.00015289 0.00489223 -0.000626884 0.0107379 -0.0013752 0.0205098 -0.00182571 0.00524337 -0.0140905 -0.0133802 0.0332889
internal_weight=15753 2788.79 1118.1 1670.69 1206.34 12964.3 796.274 12168 573.007 12002.9 820.304 223.267 464.348 297.794
internal_count=51825 7714 1137 6577 5998 44111 3898 40213 3014 40165 826 884 579 311
is_linear=0
shrinkage=0.0357863


Tree=182
num_leaves=16
num_cat=0
split_feature=11 9 15 17 4 11 4 18 4 4 18 13 10 13 8
split_gain=109.441 91.3961 458.303 299.862 163.701 192.197 165.023 148.209 43.7589 77.8812 84.4161 51.5149 33.0543 22.5008 19.3146
threshold=0.91597560048103344 0.81174489855766307 -0.12940952181816107 -0.0013973332243040202 0.011813072953373195 -0.6035533845424651 0.018712573684751991 26.178859710693363 0.011289483401924373 0.010942882858216764 39.177423477172859 0.0027300100773572926 0.0096976556815207022 0.054182557389140136 29.500000000000004
decision_type=2 2 2 2 2 2 2 2 2 2 2 2 2 2 2
left_child=1 4 3 -3 5 -1 -6 -4 9 10 -2 -11 14 -14 -10
right_child=8 2 7 -5 6 -7 -8 -9 12 11 -12 -13 13 -15 -16
leaf_value=0.0093262150366782634 0.003359365036765542 0.023971123837401537 0.0067254167296835823 -0.0012651198022658858 0.01363913029947051 -0.0080757930571252745 0.00047344149390743319 -0.021838705026240302 -0.022265036893454836 -0.023762584896976351 -0.024478362155174946 0.051146158329055239 0.030075145741963273 -0.011814775753369366 0.025403880175320762
leaf_weight=1186.6271241665186 328.43842472491315 805.957376826364 271.14953299093509 2380.1214859614361 2559.3037485596074 2570.3905891839681 2345.9394814253251 1525.2908873178237 475.83260643815152 14.290965198109005 238.89413866049085 49.252842119552952 28.051425255744448 37.538602828979492 10.039380899941191
leaf_count=3864 1608 1216 434 2368 9593 8532 16011 3041 3450 118 636 16 54 14 870
internal_value=-8.01025e-05 0.000821131 -0.00303503 0.00510117 0.00304566 -0.00256457 0.00735405 -0.0174961 -0.0105281 -0.00397665 -0.00826412 0.0334168 -0.0179212 0.00524856 -0.0211643
internal_weight=14827.1 13644.8 4982.52 3186.08 8662.26 3757.02 4905.24 1796.44 1182.34 630.876 567.333 63.5438 551.462 65.59 485.872
internal_count=51825 45059 7059 3584 38000 12396 25604 3475 6766 2378 2244 134 4388 68 4320
is_linear=0
shrinkage=0.0357863


Tree=183
num_leaves=14
num_cat=0
split_feature=19 16 19 19 0 0 2 11 19 16 18 14 10
split_gain=89.8827 125.245 95.5822 117.701 192.869 170.585 90.7778 109.249 60.2309 99.1932 21.1667 6.46204 1.14243
threshold=0.0071274864021688708 0.0083471625111997145 0.0017918518860824408 0.0019840473541989927 8.9844998001353829e-05 3.9859998651081703e-05 27.500000000000004 0.12940952181816109 0.0082144732587039488 0.0052718291990458974 45.096872329711921 0.87837970256805431 -0.00031410547671839589
decision_type=2 2 2 2 2 2 2 2 2 2 2 2 2
left_child=2 8 6 4 -4 -5 7 -1 11 -10 -3 -2 -8
right_child=1 10 3 5 -6 -7 12 -9 9 -11 -12 -13 -14
leaf_value=-0.01554892793685907 -0.028074972932919651 0.035181548678979477 0.024811321461090455 -0.0053463051696105782 -0.00726332390170912 0.0035161468226586677 -0.038381195743491303 0.01117023655031105 0.066690380519681625 -0.01132163850408033 -0.02228344684314492 0 -0.0034006471015295926
leaf_weight=547.31829781536692 357.70110429483526 74.966517581624757 641.49618793429272 4475.7644362868614 380.12251574746097 7345.7955033544076 131.63065667577493 303.00473609555877 22.392538476529978 285.29728790989014 7.9758520355274092 13.983562724304361 4.7857903191089965
leaf_count=623 1201 519 1079 34336 145 10341 331 557 234 1411 92 418 538
internal_value=-0.000316119 -0.0122809 0.00033935 0.00116791 0.0128222 0.000155991 -0.0103881 -0.00596191 -0.0174009 -0.00546025 0.0289784 -0.0271346 -0.0375649
internal_weight=14592.2 762.317 13829.9 12843.2 1021.62 11821.6 986.739 850.323 679.374 307.69 82.9424 371.685 136.416
internal_count=51825 3875 47950 45901 1224 44677 2049 1180 3264 1645 611 1619 869
is_linear=0
shrinkage=0.0357863


Tree=184
num_leaves=13
num_cat=0
split_feature=10 13 7 7 10 7 13 15 2 4 15 7
split_gain=55.4172 48.5555 129.396 151.291 91.9987 72.562 51.7182 19.9456 13.3068 9.79284 4.23782 2.13503
threshold=0.01202233135700226 -0.0085306139662861807 0.0068292755167931327 -0.00027782371034845704 -0.002020717714913189 -0.021357937715947625 -0.0082085067406296713 -0.6035533845424651 26.500000000000004 0.060725543648004539 0.37940952181816107 0.043197073042392738
decision_type=2 2 2 2 2 2 2 2 2 2 2 2
left_child=1 2 3 -1 5 -3 -6 11 -4 -9 -11 -2
right_child=7 4 8 -5 6 -7 -8 9 -10 10 -12 -13
leaf_value=0.0020203690806545665 0 0.018116028456780953 0.00021090704279484254 0.025596956931901692 -0.02315705585027325 -0.011379928198449902 0.00063948379155395925 0 -0.032370929943152389 0.019559087426356706 0.035325670681294982 -0.034439107093233799
leaf_weight=1474.3027084144778 3.6347672460833262 114.50474191552439 14.600897763184546 459.128370091752 118.03426938566918 1363.7893171326332 11890.066103030002 15.00066194066653 120.99638263095403 69.971557771011547 67.054163214710044 7.2026641815241703
leaf_count=2561 57 7027 237 275 59 8368 32863 29 29 116 166 38
internal_value=0.000368773 0.000147716 0.0052552 0.00764813 -0.000631704 -0.00905726 0.000400891 0.0211372 -0.0284498 0.0246649 0.0276852 -0.0231634
internal_weight=15718.3 15555.4 2069.03 1933.43 13486.4 1478.29 12008.1 162.864 135.597 152.026 137.026 10.8374
internal_count=51825 51419 3102 2836 48317 15395 32922 406 266 311 282 95
is_linear=0
shrinkage=0.0357863


Tree=185
num_leaves=9
num_cat=0
split_feature=12 7 13 19 12 0 2 1
split_gain=101.886 103.135 140.266 141.161 114.004 107.494 101.425 1.97303
threshold=12.025071144104006 0.028725375421345237 0.019660132005810741 0.0057102204300463208 31.482220649719242 5.8155001170234761e-05 27.500000000000004 0.006108649307861925
decision_type=2 2 2 2 2 2 2 2
left_child=7 2 6 -4 -3 -6 -2 -1
right_child=1 4 3 -5 5 -7 -8 -9
leaf_value=-0.034574988675230248 0.0033424338037382701 0.02122074935134171 0.027079935967986173 -0.0033715455599060934 0.010519877643633609 -0.016473861940486625 -0.0031562846704996641 -0.013628726837171217
leaf_weight=108.37280929497683 6476.4618752673459 145.91315651158584 511.90420944414564 309.98698322872133 224.2249629873404 1129.2673567270031 5854.3808653902734 16.037928521167487
leaf_count=208 32006 40 262 177 2177 1234 15709 12
internal_value=-7.63094e-05 0.000193722 0.00121119 0.0155267 -0.00869407 -0.0119605 0.00025246 -0.0323262
internal_weight=14776.6 14652.1 13152.7 821.891 1499.41 1353.49 12330.8 124.411
internal_count=51825 51605 48154 439 3451 3411 47715 220
is_linear=0
shrinkage=0.0357863


end of trees

feature_importances:
Column_7=235
Column_12=189
Column_5=180
Column_11=170
Column_16=166
Column_10=158
Column_15=151
Column_0=149
Column_18=148
Column_4=143
Column_6=134
Column_19=125
Column_13=121
Column_3=114
Column_17=105
Column_9=86
Column_1=70
Column_2=59
Column_14=45
Column_8=38

parameters:
[boosting: gbdt]
[objective: multiclass]
[metric: multi_logloss]
[tree_learner: serial]
[device_type: cpu]
[data_sample_strategy: bagging]
[data: ]
[valid: ]
[num_iterations: 62]
[learning_rate: 0.0357863]
[num_leaves: 31]
[num_threads: 1]
[seed: 0]
[deterministic: 0]
[force_col_wise: 0]
[force_row_wise: 0]
[histogram_pool_size: -1]
[max_depth: 4]
[min_data_in_leaf: 28]
[min_sum_hessian_in_leaf: 0.001]
[bagging_fraction: 0.702922]
[pos_bagging_fraction: 1]
[neg_bagging_fraction: 1]
[bagging_freq: 0]
[bagging_seed: 3]
[bagging_by_query: 0]
[feature_fraction: 0.568728]
[feature_fraction_bynode: 1]
[feature_fraction_seed: 2]
[extra_trees: 0]
[extra_seed: 6]
[early_stopping_round: 0]
[early_stopping_min_delta: 0]
[first_metric_only: 0]
[max_delta_step: 0]
[lambda_l1: 1.56521]
[lambda_l2: 0.00967545]
[linear_lambda: 0]
[min_gain_to_split: 0]
[drop_rate: 0.1]
[max_drop: 50]
[skip_drop: 0.5]
[xgboost_dart_mode: 0]
[uniform_drop: 0]
[drop_seed: 4]
[top_rate: 0.2]
[other_rate: 0.1]
[min_data_per_group: 100]
[max_cat_threshold: 32]
[cat_l2: 10]
[cat_smooth: 10]
[max_cat_to_onehot: 4]
[top_k: 20]
[monotone_constraints: ]
[monotone_constraints_method: basic]
[monotone_penalty: 0]
[feature_contri: ]
[forcedsplits_filename: ]
[refit_decay_rate: 0.9]
[cegb_tradeoff: 1]
[cegb_penalty_split: 0]
[cegb_penalty_feature_lazy: ]
[cegb_penalty_feature_coupled: ]
[path_smooth: 0]
[interaction_constraints: ]
[verbosity: -1]
[saved_feature_importance_type: 0]
[use_quantized_grad: 0]
[num_grad_quant_bins: 4]
[quant_train_renew_leaf: 0]
[stochastic_rounding: 1]
[linear_tree: 0]
[max_bin: 255]
[max_bin_by_feature: ]
[min_data_in_bin: 3]
[bin_construct_sample_cnt: 200000]
[data_random_seed: 1]
[is_enable_sparse: 1]
[enable_bundle: 1]
[use_missing: 1]
[zero_as_missing: 0]
[feature_pre_filter: 1]
[pre_partition: 0]
[two_round: 0]
[header: 0]
[label_column: ]
[weight_column: ]
[group_column: ]
[ignore_column: ]
[categorical_feature: ]
[forcedbins_filename: ]
[precise_float_parser: 0]
[parser_config_file: ]
[objective_seed: 5]
[num_class: 3]
[is_unbalance: 0]
[scale_pos_weight: 1]
[sigmoid: 1]
[boost_from_average: 1]
[reg_sqrt: 0]
[alpha: 0.9]
[fair_c: 1]
[poisson_max_delta_step: 0.7]
[tweedie_variance_power: 1.5]
[lambdarank_truncation_level: 30]
[lambdarank_norm: 1]
[label_gain: ]
[lambdarank_position_bias_regularization: 0]
[eval_at: ]
[multi_error_top_k: 1]
[auc_mu_weights: ]
[num_machines: 1]
[local_listen_port: 12400]
[time_out: 120]
[machine_list_filename: ]
[machines: ]
[gpu_platform_id: -1]
[gpu_device_id: -1]
[gpu_use_dp: 0]
[num_gpu: 1]

end of parameters

pandas_categorical:null
