tree
version=v4
num_class=3
num_tree_per_iteration=3
label_index=0
max_feature_idx=21
objective=multiclass num_class:3
feature_names=Column_0 Column_1 Column_2 Column_3 Column_4 Column_5 Column_6 Column_7 Column_8 Column_9 Column_10 Column_11 Column_12 Column_13 Column_14 Column_15 Column_16 Column_17 Column_18 Column_19 Column_20 Column_21
feature_infos=[48334.28515625:392824608] [-0.00043782999273389578:9.9999997473787516e-05] [8:50] [-0.11833396553993225:0.096344068646430969] [-0.11166158318519592:0.093988202512264252] [14.140063285827637:89.547714233398438] [-0.0066857896745204926:0.005377492867410183] [0.14087951183319092:81865.515625] [0.14180494844913483:81726.9296875] [0.14260438084602356:81667.453125] [0.14468227326869965:81152.875] [0.14372259378433228:82629.09375] [0.13871309161186218:81629.8984375] [0.14154499769210815:81834.640625] [0:100] [0:0.016577815636992455] [-0.035409819334745407:0.03766830638051033] [-0.043738327920436859:0.043675459921360016] [-0.052934471517801285:0.048615038394927979] [-0.13665266335010529:0.0863308385014534] [-0.0155622698366642:0.011829300783574581] [-0.50317054986953735:1.5042840242385864]
tree_sizes=982 994 990 1019 1015 1024 1010 1011 1010 912 1021 1017 1023 1009 1024 913 1019 1023 1023 1008 1024 1023 1022 1021 1020 1010 1018 1020 1022 909 918 1024 1011 1020 1015 1019 1020 1028 1022 1018 1020 1021 1026 1022 1028 923 1014 1015 1028 914 1021 1025 921 1019 1029 914 1021 1016 1029 1025 1025 1029 917 1020 1033 1014 1027 1028 1021 1019 1026 1032 1014 1025 1022 1016 1014 1019 1031 905 1043 1026 1021 1020 1032 1024 1022 1027 803 1033 1020 1026 1018 1019 916 1021 1032 1017 1023 1019 1018 1022 1026 919 1031 1027 904 1035 1003 915 1027 1020 1022 1030 1030 1015 1029 1024 920 1019 1026 1024 1025 1017 918 1029 1019 914 915 1027 1019 1039 1023 1026 1025 1021 1023 1037 1031 1026 1026 1020 1029 1025 1024 1020 1036 1024 918 1029 1028 1022 1022 1021 1019 1032 1020 1028 1013 1020 1020 1034 1041 1015 1029 1042 1028 1035 920 925 1022 1022 1023 1033 1017 807 1026 1019 1019 1035 1024 1019 913 1020 918 1029 1037 919 1017 1022 1036 1020 923 1028 921 1026 919 1040 1034 1015 1022 1021 1023 1030 909 912 908 1026 1017 1026 1031 913 916 1044 924 1030 1030 918 1034

Tree=0
num_leaves=8
num_cat=0
split_feature=20 1 15 11 1 5 4
split_gain=435.066 323.124 282.629 137.223 175.627 116.314 100.048
threshold=-0.0014165191096253691 -4.4604999857256182e-05 0.0074128981214016685 6.8153707981109628 5.4494999858434319e-05 72.676731109619155 -0.010688713286072014
decision_type=2 2 2 2 2 2 2
left_child=3 5 -3 4 -1 -2 -5
right_child=1 2 -4 6 -6 -7 -8
leaf_value=-1.0759943897129829 -1.1187608691488207 -1.090995525795784 -0.98694590180409481 -1.0952006162315271 -1.1228564941360304 -1.027065424686127 -1.1344319037485453
leaf_weight=435.91864179659876 1667.9413100064073 9929.9562904967297 82.054845035128892 236.34846230627159 582.3943162513998 44.269742637450008 1421.1164066075673
leaf_count=2153 5494 29927 906 315 1324 38 3043
internal_value=-1.09861 -1.09398 -1.09014 -1.11893 -1.1028 -1.11639 -1.12884
internal_weight=14400 11724.2 10012 2675.78 1018.31 1712.21 1657.46
internal_count=43200 36365 30833 6835 3477 5532 3358
is_linear=0
shrinkage=1


Tree=1
num_leaves=8
num_cat=0
split_feature=20 6 19 3 16 16 4
split_gain=167.15 205.017 300.67 162.659 115.804 227.117 96.7669
threshold=-0.0010708814952522514 0.00047222984721884137 0.015738314948976043 -1.0000000180025095e-35 -0.0072073712944984427 -0.0043756857048720113 -0.0010324451141059396
decision_type=2 2 2 2 2 2 2
left_child=4 2 -2 -3 6 -6 -1
right_child=1 3 -4 -5 5 -7 -8
leaf_value=-1.136551101199377 -1.1088413648379452 -1.1052263251392767 -1.0581480267219199 -1.0763831211191932 -1.0532754041789658 -1.0917903641439757 -1.0727718836475135
leaf_weight=259.93207913809306 7775.5252747708128 1034.8333057627963 382.69117490805002 1483.0155409605857 576.04406674874781 2784.1962963684496 103.76227648001827
leaf_count=482 21873 4762 2948 4572 1427 6765 371
internal_value=-1.09861 -1.10217 -1.10646 -1.08824 -1.08843 -1.08519 -1.11835
internal_weight=14400 10676.1 8158.22 2517.85 3723.93 3360.24 363.694
internal_count=43200 34155 24821 9334 9045 8192 853
is_linear=0
shrinkage=1


Tree=2
num_leaves=8
num_cat=0
split_feature=20 2 16 17 15 18 14
split_gain=274.832 299.472 235.575 193.537 149.606 115.256 103.419
threshold=-0.0022563064703717823 26.500000000000004 -0.0026278890436515208 -0.0051293380092829457 0.0025773502420634036 -0.0037423009052872653 20.57629489898682
decision_type=2 2 2 2 2 2 2
left_child=3 4 -3 6 -2 -5 -1
right_child=1 2 -4 5 -6 -7 -8
leaf_value=-1.1206937037194376 -1.057165387288576 -1.1221916578095985 -1.1003414956892836 -1.0267313336676045 -1.0959489163953489 -1.1047154271878818 -1.0762046971935169
leaf_weight=226.74135386772014 677.11429416834267 1813.3514528207616 10137.497889458764 322.58062177243107 571.98371458398128 72.327785626686364 578.40290283886645
leaf_count=665 4479 1708 13811 832 19782 211 1712
internal_value=-1.09861 -1.10094 -1.10366 -1.07303 -1.07493 -1.04101 -1.08873
internal_weight=14400 13199.9 11950.8 1200.05 1249.1 394.908 805.144
internal_count=43200 39780 15519 3420 24261 1043 2377
is_linear=0
shrinkage=1


Tree=3
num_leaves=8
num_cat=0
split_feature=20 1 14 18 10 5 15
split_gain=393.562 301.359 286.889 169.543 127.251 107.483 36.5373
threshold=-0.0014165191096253691 -4.4604999857256182e-05 77.207714080810561 -0.018373769707977768 6.6202499866485605 72.676731109619155 0.0053769254591315993
decision_type=2 2 2 2 2 2 2
left_child=3 5 -3 6 -5 -2 -1
right_child=1 2 -4 4 -6 -7 -8
leaf_value=0.07857293133738881 -0.019644813649313038 0.0057964804275915001 0.047309581245618661 -0.0046413595640933504 -0.031031073076791087 0.067605150362574376 0.005652921668197892
leaf_weight=62.76332314088787 1658.6674612014535 9496.2352018386282 548.96584337672903 857.61286978473186 1696.2721722276499 45.215202090880211 32.519774892423165
leaf_count=24 5494 28913 1920 3105 3395 38 311
internal_value=-9.48112e-07 0.00438235 0.00806515 -0.0194409 -0.0221692 -0.0173295 0.0536856
internal_weight=14398.3 11749.1 10045.2 2649.17 2553.89 1703.88 95.2831
internal_count=43200 36365 30833 6835 6500 5532 335
is_linear=0
shrinkage=0.0558338


Tree=4
num_leaves=8
num_cat=0
split_feature=21 18 18 20 16 18 4
split_gain=272.296 325.998 260.967 245.387 210.119 174.821 119.632
threshold=0.187980592250824 0.010436180979013445 -0.003135894774459302 -0.0042922918219119302 -0.0034580925712361927 0.01643273048102856 0.0013544967514462771
decision_type=2 2 2 2 2 2 2
left_child=2 4 3 -1 -2 -3 -4
right_child=1 5 6 -5 -6 -7 -8
leaf_value=-0.042820992844513982 -0.048897750420441817 0.052150400249541567 -0.025458735284456257 0.027341491667187016 -0.0049270524331793894 -0.05466468006205083 0.018523785728975572
leaf_weight=166.20251189590272 350.55455832086591 432.70655640046925 632.16818619570336 2389.6525153947532 10096.079859634241 53.69359224761547 277.3795467249081
leaf_count=494 885 1521 1860 5241 31979 507 713
internal_value=6.2901e-07 -0.00432218 0.0136387 0.022779 -0.00640256 0.0403591 -0.0120456
internal_weight=14398.4 10933 3465.4 2555.86 10446.6 486.4 909.548
internal_count=43200 34892 8308 5735 32864 2028 2573
is_linear=0
shrinkage=0.0558338


Tree=5
num_leaves=8
num_cat=0
split_feature=6 1 16 1 13 19 5
split_gain=482.424 355.913 435.54 370.159 242.712 131.797 24.5354
threshold=0.00047222984721884137 3.0100000003585595e-05 -0.0015153971035033462 4.4874999730382121e-05 0.16359750181436541 -0.020956131629645821 62.127372741699226
decision_type=2 2 2 2 2 2 2
left_child=1 2 -1 -3 6 -6 -2
right_child=4 3 -4 -5 5 -7 -8
leaf_value=-0.0090639707059604717 0.10882666946613198 -0.032384382013275349 0.027784944235884613 0.0024996748909150985 0.041435836306868493 -0.026509392312901128 0.031634346408350639
leaf_weight=1432.030215335998 45.03633321077622 1131.2979505540861 3313.9619258728681 5861.0367581804603 92.276831016786673 2504.8006579409171 17.953382617169709
leaf_count=5887 361 2556 11900 13055 1028 8298 115
internal_value=3.18924e-07 0.00486549 0.0166664 -0.00314426 -0.0214687 -0.0240952 0.0868253
internal_weight=14398.4 11738.3 4745.99 6992.33 2660.07 2597.08 62.9897
internal_count=43200 33398 17787 15611 9802 9326 476
is_linear=0
shrinkage=0.0558338


Tree=6
num_leaves=8
num_cat=0
split_feature=20 2 14 21 14 19 12
split_gain=361.818 277.532 326.092 165.65 160.96 112.2 88.529
threshold=-0.0014165191096253691 29.500000000000004 77.207714080810561 -0.053734406828880303 27.714849472045902 0.010104414075613024 6.5532050132751474
decision_type=2 2 2 2 2 2 2
left_child=3 2 -2 6 -3 -5 -1
right_child=1 4 -4 5 -6 -7 -8
leaf_value=0.052776039035592942 -0.0021845231370755573 -0.033890457325250187 0.04011081724004828 -0.026494291097907303 0.0282611067386426 0.047444550641565317 -0.0045870648255147001
leaf_weight=132.01951455881354 9256.3570814542127 140.21750634909108 605.43201444308215 2198.8481255206011 1765.3490317165954 65.897070867821185 229.97196320876955
leaf_count=460 27095 385 1931 5342 6954 489 544
internal_value=-1.08136e-06 0.00418126 0.00041206 -0.0187373 0.0236878 -0.0243429 0.0163335
internal_weight=14394.1 11767.4 9861.79 2626.74 1905.57 2264.75 361.991
internal_count=43200 36365 29026 6835 7339 5831 1004
is_linear=0
shrinkage=0.0558338


Tree=7
num_leaves=8
num_cat=0
split_feature=18 18 12 14 6 4 18
split_gain=240.809 200.012 212.793 187.352 175.979 166.339 1.86191
threshold=0.010436180979013445 -0.003135894774459302 73.33658599853517 77.735183715820327 0.00096164451679214846 -0.0040465937927365294 0.012209609150886537
decision_type=2 2 2 2 2 2 2
left_child=1 2 -1 5 -3 -2 -5
right_child=3 4 -4 6 -6 -7 -8
leaf_value=0.00011683450559144236 -0.01879034481536632 -0.007954435790154514 0.026668674042883735 -0.029617226475288489 0.021492674932255432 0.068984570698211914 -0.054324367742178886
leaf_weight=2943.436321085233 83.689918432544687 8894.8983980956436 1383.0708707998169 11.565751563739083 681.10449260743189 343.77966903122149 53.454689687828861
leaf_count=7060 406 28289 3200 148 2623 1108 366
internal_value=6.88657e-07 -0.0013585 0.00860476 0.0383693 -0.00585998 0.0518 -0.0499295
internal_weight=14395 13902.5 4326.51 492.49 9576 427.47 65.0204
internal_count=43200 41172 10260 2028 30912 1514 514
is_linear=0
shrinkage=0.0558338


Tree=8
num_leaves=8
num_cat=0
split_feature=6 1 1 5 13 7 5
split_gain=449.564 295.07 296.677 280.081 177.87 113.861 37.0306
threshold=0.00063117596437223266 3.0100000003585595e-05 4.4874999730382121e-05 42.708520889282234 0.16359750181436541 73.516017913818374 62.358232498168952
decision_type=2 2 2 2 2 2 2
left_child=1 3 -3 -1 6 -6 -2
right_child=4 2 -4 -5 5 -7 -8
leaf_value=-0.0088460609147983545 0.1024797482909667 -0.029375503231375149 0.0014638933340027705 0.021352320442566589 -0.016681888887413083 -0.044998718633128057 -0.0095510833573746942
leaf_weight=1265.7220142589745 39.803027794487889 1154.5543324655673 6165.3062631432194 3930.9766722632335 1073.1627908106941 753.47208575770514 11.96187948414058
leaf_count=4222 308 2700 13814 15028 4786 2234 108
internal_value=3.9252e-07 0.00382282 -0.00340037 0.0139971 -0.02547 -0.0283624 0.0765916
internal_weight=14395 12516.6 7319.86 5196.7 1878.4 1826.63 51.7649
internal_count=43200 35764 16514 19250 7436 7020 416
is_linear=0
shrinkage=0.0558338


Tree=9
num_leaves=7
num_cat=0
split_feature=20 1 2 14 11 14
split_gain=334.99 263.405 262.248 122.415 111.611 84.502
threshold=-0.0014165191096253691 -4.4604999857256182e-05 26.500000000000004 10.278031349182131 6.8153707981109628 71.666667938232436
decision_type=2 2 2 2 2 2
left_child=3 5 -3 -1 -5 -2
right_child=1 2 -4 4 -6 -7
leaf_value=0.055895274199923441 -0.021505400228668932 -0.018391998595342081 0.010555023001789048 -0.0053396384548551777 -0.029382946648695993 0.01430759989412682
leaf_weight=67.857178343276246 1446.8551643326327 1094.2635325567608 9001.8437142645016 980.90673327774471 1557.6525234178246 239.37035293515055
leaf_count=155 4667 18120 12713 3411 3269 865
internal_value=-1.01626e-06 0.00400588 0.00741761 -0.0181142 -0.0200925 -0.0164215
internal_weight=14388.7 11782.3 10096.1 2606.42 2538.56 1686.23
internal_count=43200 36365 30833 6835 6680 5532
is_linear=0
shrinkage=0.0558338


Tree=10
num_leaves=8
num_cat=0
split_feature=17 8 16 14 20 20 14
split_gain=136.152 228.767 191.596 171.064 189.149 188.976 162.128
threshold=-0.0056863790377974502 46.313884735107429 -0.0030385737773030992 22.190263748168949 0.0011397211928851905 -0.00037590380816254759 50.056127548217781
decision_type=2 2 2 2 2 2 2
left_child=1 2 -1 5 -5 -2 -3
right_child=3 6 -4 4 -6 -7 -8
leaf_value=-0.013217707222861816 0.040402892253473495 0.021202528286665735 0.10819631133955304 -0.0069684818705465831 0.009903025864371898 -0.03694659768581534 0.078469612775770067
leaf_weight=695.05056274825586 530.23606881225237 539.06064091484757 43.025773972341085 9604.7360155876759 2641.1600259645493 120.92136864846657 215.81424885084334
leaf_count=2219 1043 1160 136 27716 10638 212 76
internal_value=9.06926e-07 0.0159634 -0.00613994 -0.0018469 -0.00332968 0.0260389 0.0375748
internal_weight=14390 1492.95 738.076 12897.1 12245.9 651.157 754.875
internal_count=43200 3591 2355 39609 38354 1255 1236
is_linear=0
shrinkage=0.0558338


Tree=11
num_leaves=8
num_cat=0
split_feature=13 17 19 4 5 15 15
split_gain=282.284 233.894 219.208 75.6144 95.899 43.236 38.1253
threshold=0.16359750181436541 0.0069839442148804673 0.01893058326095343 -3.5466309782350429e-05 49.242052078247077 0.0061639221385121354 0.0031912249978631739
decision_type=2 2 2 2 2 2 2
left_child=3 2 -2 4 -1 -5 -3
right_child=1 6 -4 5 -6 -7 -8
leaf_value=0.088938139534744262 0.0014484862825329061 0.029872657742419224 -0.049549677773521608 0.10482301669150886 -0.053868991427639359 0.018420763126886581 -0.042220724329104724
leaf_weight=28.180401923674435 13437.48427159084 24.040390753268184 267.98994504934672 110.93005553199555 30.551951573253451 21.564426900132162 468.66893183247976
leaf_count=332 36609 118 2698 454 381 204 2404
internal_value=1.09217e-07 -0.000907454 0.000451294 0.0673847 0.0146514 0.0907604 -0.0387031
internal_weight=14389.4 14198.2 13705.5 191.227 58.7324 132.494 492.709
internal_count=43200 41829 39307 1371 713 658 2522
is_linear=0
shrinkage=0.0558338


Tree=12
num_leaves=8
num_cat=0
split_feature=14 2 6 15 1 17 17
split_gain=294.814 301.189 375.234 194.598 185.817 112.529 46.7229
threshold=77.207714080810561 29.500000000000004 -0.00039974578248802567 0.0040257382206618795 6.1464997997973128e-05 0.0058546671643853196 0.014578551054000856
decision_type=2 2 2 2 2 2 2
left_child=1 4 -3 5 -1 -2 -5
right_child=3 2 -4 6 -6 -7 -8
leaf_value=-0.011319951661845172 0.0047933571131952993 -0.016211238900897134 0.029798307849581956 0.092659531223078684 0.0036610787670913738 0.073326933161176749 0.012478895218949128
leaf_weight=7019.3924701237875 422.38930444730573 804.28525266051338 1765.7585095614372 171.80115915630478 4082.0188785136243 90.731653041237507 26.097678975192878
leaf_count=22062 1146 2138 5776 760 10844 350 124
internal_value=-9.74255e-07 -0.00182398 0.0153998 0.0350517 -0.00581139 0.0169117 0.0820858
internal_weight=14382.5 13671.5 2570.04 711.02 11101.4 513.121 197.899
internal_count=43200 40820 7914 2380 32906 1496 884
is_linear=0
shrinkage=0.0558338


Tree=13
num_leaves=8
num_cat=0
split_feature=5 20 5 14 14 14 15
split_gain=290.72 177.736 176.278 217.148 157.478 149.852 82.9857
threshold=39.995128631591804 -0.0028049218235537405 58.29968452453614 77.207714080810561 15.324484825134279 12.642339229583742 0.0031165342079475526
decision_type=2 2 2 2 2 2 2
left_child=1 6 5 -4 -3 -2 -1
right_child=2 4 3 -5 -6 -7 -8
leaf_value=0.079352246626262959 0.079840736237319784 -0.036973232050523851 0.017164971237813138 -0.023773194485584185 0.029003264440198382 -0.007720817115166697 -0.019484799771140093
leaf_weight=28.197621570982335 61.331546949644689 120.13352664399531 2099.310347113118 500.14871826654598 1842.7860067749009 9297.7575700202869 435.37464589709322
leaf_count=29 51 256 6396 1759 3288 29874 1547
internal_value=9.99779e-07 0.0176219 -0.00357444 0.00928827 0.0249654 -0.00714701 -0.0134729
internal_weight=14385 2426.49 11958.5 2599.46 1962.92 9359.09 463.572
internal_count=43200 5120 38080 8155 3544 29925 1576
is_linear=0
shrinkage=0.0558338


Tree=14
num_leaves=8
num_cat=0
split_feature=6 1 1 5 11 15 3
split_gain=402.543 295.836 325.434 291.142 198.332 123.157 18.2217
threshold=0.00047222984721884137 3.0100000003585595e-05 4.4874999730382121e-05 42.708520889282234 0.16562546044588092 0.0041623872239142665 0.0001968092183233239
decision_type=2 2 2 2 2 2 2
left_child=1 3 -3 -1 6 -6 -2
right_child=4 2 -4 -5 5 -7 -8
leaf_value=-0.0081151615596741604 0.083942609122040809 -0.03072480007198208 0.0022880445169094561 0.023216384847021019 -0.01440835427567176 -0.041012484867341367 0.033569494984847438
leaf_weight=1249.9403754454961 49.916510508146317 1106.3080156990181 5870.2233947164477 3551.6799818206382 1725.1162180021822 791.24547292785724 40.59024122008735
leaf_count=4200 294 2556 13055 13587 4610 4679 219
internal_value=-2.57981e-08 0.00439406 -0.00294699 0.0150603 -0.0198531 -0.0227738 0.0613514
internal_weight=14385 11778.2 6976.53 4801.62 2606.87 2516.36 90.5068
internal_count=43200 33398 15611 17787 9802 9289 513
is_linear=0
shrinkage=0.0558338


Tree=15
num_leaves=7
num_cat=0
split_feature=6 2 1 4 6 14
split_gain=270.152 289.415 319.271 173.549 159.393 146.164
threshold=-0.00076846813317388285 29.500000000000004 3.9120001019909985e-05 0.023747968487441543 -0.00039974578248802567 10.278031349182131
decision_type=2 2 2 2 2 2
left_child=3 2 -2 5 -3 -1
right_child=1 4 -4 -5 -6 -7
leaf_value=0.062828174992162616 -0.011730532769873601 -0.013689317987793643 0.0082252922230106589 0.10789730283736768 0.027765981586515373 -0.023340382299553486
leaf_weight=63.327681430006805 4595.0828035828872 341.70334553718544 5479.7005586245632 33.261281712788559 1879.5169409811663 1982.4499086290862
leaf_count=147 16715 1181 12761 117 6216 6063
internal_value=-1.75695e-06 0.0031456 -0.000876508 -0.0186161 0.0213887 -0.020673
internal_weight=14375 12296 10074.8 2079.04 2221.22 2045.78
internal_count=43200 36873 29476 6327 7397 6210
is_linear=0
shrinkage=0.0558338


Tree=16
num_leaves=8
num_cat=0
split_feature=18 21 19 16 14 4 21
split_gain=201.603 244.464 270.398 204.106 159.63 146.524 2.00763
threshold=0.010436180979013445 0.187980592250824 -0.0012093844125047324 -0.0032324648927897211 77.735183715820327 -0.0040465937927365294 1.0535795092582705
decision_type=2 2 2 2 2 2 2
left_child=1 2 -1 -3 5 -2 -6
right_child=4 3 -4 -5 6 -7 -8
leaf_value=0.020423624820679238 -0.019521592032056105 -0.044520887595622581 -0.015274282684948031 -0.0039974401202729614 -0.030724082659972604 0.062376981163625937 -0.053950360783153184
leaf_weight=2634.6084997249354 84.259192156355596 403.16137006050303 883.22340802201961 9954.4095418213383 15.32411759351587 355.10658486494367 47.759835443885741
leaf_count=5377 406 1045 2931 31819 299 1108 215
internal_value=2.40064e-06 -0.00125572 0.0114609 -0.00557479 0.034746 0.0466709 -0.0483083
internal_weight=14377.9 13875.4 3517.83 10357.6 502.45 439.366 63.084
internal_count=43200 41172 8308 32864 2028 1514 514
is_linear=0
shrinkage=0.0558338


Tree=17
num_leaves=8
num_cat=0
split_feature=6 19 21 11 19 10 19
split_gain=369.321 283.065 213.339 183.113 124.014 43.3414 36.7441
threshold=0.00047222984721884137 0.016111430712044243 0.044983813539147384 0.16562546044588092 -0.020956131629645821 6.5718319416046151 0.0022021018667146568
decision_type=2 2 2 2 2 2 2
left_child=1 2 -1 6 -5 -3 -2
right_child=3 5 -4 4 -6 -7 -8
leaf_value=-0.015242084659638553 0.022117287680849928 -0.054114907318463003 0.0085614403932345803 0.041823895261458834 -0.024415992267046282 -0.01269076849271337 0.092783159932885204
leaf_weight=1328.5594430941328 44.786396276090322 281.5958029970929 10074.384274326841 91.470600251680935 2398.5855899144217 109.30192656701416 47.021549651828941
leaf_count=3631 359 1310 26595 1038 8251 1862 154
internal_value=-6.44116e-07 0.00418656 0.00578809 -0.0191276 -0.0219827 -0.042532 0.0583104
internal_weight=14375.7 11793.8 11402.9 2581.86 2490.06 390.898 91.8079
internal_count=43200 33398 30226 9802 9289 3172 513
is_linear=0
shrinkage=0.0558338


Tree=18
num_leaves=8
num_cat=0
split_feature=20 4 2 4 21 10 5
split_gain=287.555 227.87 230.337 207.315 155.86 83.8577 77.0939
threshold=-0.0014165191096253691 -0.00073182734195142974 28.500000000000004 0.014243479818105699 -0.053734406828880303 1.1319686174392702 34.143869400024421
decision_type=2 2 2 2 2 2 2
left_child=4 2 -2 -3 6 -6 -1
right_child=1 3 -4 -5 5 -7 -8
leaf_value=0.0071746759879456248 -0.013350422280206702 -0.0035536210917074119 0.021070905791453046 0.046234464447105203 -0.0013136422261339827 -0.028082010280865901 0.08405443523348459
leaf_weight=311.76495560658208 746.65223912728379 7565.5987686778062 3218.1025110410383 270.02474863772113 461.19873034263128 1746.0527190774933 46.761009846755826
leaf_count=751 11171 20060 4136 998 1873 3958 253
internal_value=-2.21676e-06 0.00368119 0.0145886 -0.00183787 -0.0169427 -0.0224888 0.0172018
internal_weight=14366.2 11800.4 3964.75 7835.62 2565.78 2207.25 358.526
internal_count=43200 36365 15307 21058 6835 5831 1004
is_linear=0
shrinkage=0.0558338


Tree=19
num_leaves=8
num_cat=0
split_feature=5 10 5 5 4 7 2
split_gain=237.933 153.267 154.985 152.955 151.887 143.511 105.8
threshold=39.995128631591804 46.611503601074226 37.899953842163093 58.29968452453614 0.0031222753459587698 0.81940418481826793 29.500000000000004
decision_type=2 2 2 2 2 2 2
left_child=1 2 -1 5 -5 -2 -3
right_child=3 6 -4 4 -6 -7 -8
leaf_value=-0.018621941989564808 0.0059475436717670018 0.035969891080935026 0.027579805280741394 0.0020527814052568472 0.036043710017406416 -0.010438220336006984 0.0020935099572655337
leaf_weight=608.87020571358312 2174.3435164579314 1096.7444363861966 360.27127286839959 2098.7942102280185 509.25624222901297 7130.9164270042747 389.45714889466944
leaf_count=1871 3728 1828 898 5990 2165 26197 523
internal_value=1.72272e-06 0.0158279 -0.00144678 -0.00326007 0.00868996 -0.00660939 0.0270926
internal_weight=14368.7 2455.34 969.141 11913.3 2608.05 9305.26 1486.2
internal_count=43200 5120 2769 38080 8155 29925 2351
is_linear=0
shrinkage=0.0558338


Tree=20
num_leaves=8
num_cat=0
split_feature=6 20 17 7 11 17 14
split_gain=347.859 177.826 322.043 147.788 173.615 145.421 41.9237
threshold=0.00063117596437223266 -0.0022563064703717823 -0.0031583564123138781 73.516017913818374 47.752510070800788 -0.0051293380092829457 47.236631393432624
decision_type=2 2 2 2 2 2 2
left_child=1 5 -3 4 -2 -1 -5
right_child=3 2 -4 6 -6 -7 -8
leaf_value=0.0098069108537892895 -0.013816757988039269 -0.018956542398263693 0.005532670272782844 0.0063861646553255037 0.11754592370527364 0.050655208776948235 -0.046237227315918859
leaf_weight=804.46943252445408 1058.2848200637627 2041.4655970930216 9300.2668842589719 50.778603740617882 32.322431426690855 410.23749927318249 668.74041419936361
leaf_count=2359 4689 5009 27437 169 513 959 2065
internal_value=4.93566e-07 0.0032992 0.00112471 -0.0228819 -0.00992355 0.0236024 -0.0425234
internal_weight=14366.6 12556.4 11341.7 1810.13 1090.61 1214.71 719.519
internal_count=43200 35764 32446 7436 5202 3318 2234
is_linear=0
shrinkage=0.0558338


Tree=21
num_leaves=8
num_cat=0
split_feature=20 2 16 6 6 16 16
split_gain=263.801 193.001 171.203 155.659 118.503 115.776 11.7558
threshold=-0.001093875558581203 29.500000000000004 -0.0034580925712361927 -0.00047464422823395575 0.00071504319203086208 -0.0084242229349911196 0.0003974779683630914
decision_type=2 2 2 2 2 2 2
left_child=4 2 -2 -3 5 -1 -6
right_child=1 3 -4 -5 6 -7 -8
leaf_value=0.022688000255296013 0.030386918640029216 -0.022598798618263836 -0.00098197765324211381 0.027461524099364257 0.043083898999628986 -0.017205438199784023 0.10359006843946522
leaf_weight=243.88377581849772 579.39653604977138 221.36169031262398 8490.6347811167216 1545.8606527000811 16.44612965864178 3234.1862810933762 25.580677583075271
leaf_count=574 1486 966 25887 5986 85 8022 194
internal_value=-2.52448e-06 0.00431084 0.00102188 0.021191 -0.013282 -0.0144081 0.0799125
internal_weight=14357.4 10837.3 9070.03 1767.22 3520.1 3478.07 42.0268
internal_count=43200 34325 27373 6952 8875 8596 279
is_linear=0
shrinkage=0.0558338


Tree=22
num_leaves=8
num_cat=0
split_feature=18 18 18 0 13 4 20
split_gain=173.706 133.049 132.036 163.688 119.685 77.4572 0.0969449
threshold=0.010436180979013445 0.01643273048102856 -0.0068641097750514737 783943.06250000012 0.16359750181436541 -0.0040465937927365294 0.0048058705870062121
decision_type=2 2 2 2 2 2 2
left_child=2 5 3 -1 -4 -2 -3
right_child=1 6 4 -5 -6 -7 -8
leaf_value=0.043640760797426285 -0.012231104427862387 -0.055042404585259656 -0.053401965762731866 0.003482398115942201 -0.0026037907772832962 0.051434439045683032 -0.050165440005398486
leaf_weight=419.95638320764942 70.414950832736736 29.067373402479017 146.35290630652526 1283.3872221116414 12001.045891370817 386.89385813299822 22.577632572369499
leaf_count=650 356 180 989 3454 36079 1165 327
internal_value=2.68781e-06 0.032038 -0.00117447 0.0133834 -0.00321581 0.0416314 -0.0529104
internal_weight=14359.7 508.954 13850.7 1703.34 12147.4 457.309 51.645
internal_count=43200 2028 41172 4104 37068 1521 507
is_linear=0
shrinkage=0.0558338


Tree=23
num_leaves=8
num_cat=0
split_feature=20 2 1 0 5 19 5
split_gain=214.727 230.445 207.809 116.768 109.669 133.428 44.6073
threshold=-0.0022563064703717823 26.500000000000004 -4.6970000767032609e-05 326105328.00000006 35.84314155578614 -0.012911851052194832 25.822429656982425
decision_type=2 2 2 2 2 2 2
left_child=4 3 -3 -2 6 -6 -1
right_child=1 2 -4 -5 5 -7 -8
leaf_value=-0.034303656238954539 0.026139004381845601 0.015090612296284073 -0.0072994380846965971 -0.029711135780891084 0.080803568908593013 0.023331623066966223 0.0092526107720443829
leaf_weight=92.898778693819054 1146.6421627125992 1476.0120932505433 10380.175641731348 129.92257390424766 157.6091626201104 626.53252380973584 347.42613731614131
leaf_count=140 23424 1666 13853 837 1015 1106 1159
internal_value=-1.63721e-07 -0.00208514 -0.00451203 0.0204548 0.0223618 0.0348832 6.32052e-05
internal_weight=14357.2 13132.8 11856.2 1276.56 1224.47 784.142 440.325
internal_count=43200 39780 15519 24261 3420 2121 1299
is_linear=0
shrinkage=0.0558338


Tree=24
num_leaves=8
num_cat=0
split_feature=14 2 6 15 19 17 17
split_gain=246.1 233.635 290.793 160.259 127.973 98.2832 41.8179
threshold=77.207714080810561 29.500000000000004 -0.00039974578248802567 0.0040257382206618795 0.021819981746375564 0.0058546671643853196 0.014578551054000856
decision_type=2 2 2 2 2 2 2
left_child=1 4 -3 5 -1 -2 -5
right_child=3 2 -4 6 -6 -7 -8
leaf_value=-0.0058796818565959672 0.0038086779397978588 -0.014894215922718626 0.025684401393753945 0.08326273260563706 0.051908204922120324 0.067074283459977443 0.0082875136077006344
leaf_weight=10900.943828787829 425.13768888378797 790.86589755117961 1811.6428992450412 178.35175757734498 120.78821754152341 93.358603866337603 26.657361294365614
leaf_count=31441 1146 2138 5776 760 1465 350 124
internal_value=-8.39103e-06 -0.00169349 0.0133531 0.0317235 -0.00524638 0.0152001 0.0735137
internal_weight=14347.7 13624.2 2602.51 723.505 11021.7 518.496 205.009
internal_count=43200 40820 7914 2380 32906 1496 884
is_linear=0
shrinkage=0.0558338


Tree=25
num_leaves=8
num_cat=0
split_feature=5 18 14 4 14 5 14
split_gain=204.647 194.846 141.816 138.534 123.598 107.013 76.1211
threshold=39.995128631591804 0.010436180979013445 77.735183715820327 -0.00018389261094853279 12.642339229583742 37.899953842163093 16.386037826538089
decision_type=2 2 2 2 2 2 2
left_child=3 4 -3 5 -2 -1 -5
right_child=1 2 -4 6 -6 -7 -8
leaf_value=-0.0096901510040570196 0.073417584933624866 0.041642118665405965 -0.0480602026895725 -0.016659197118525572 -0.0049849444715122154 0.025997577967500154 0.032051088721491539
leaf_weight=849.02952934363634 63.031949620441083 449.14194430528494 62.600903734567169 109.68415072147786 11304.80303340554 378.79747696188656 1134.337418126451
leaf_count=1902 51 1514 514 291 36001 860 2067
internal_value=8.25986e-06 -0.00303307 0.0306689 0.0146247 -0.00455022 0.00131989 0.0277564
internal_weight=14351.4 11879.6 511.743 2471.85 11367.8 1227.83 1244.02
internal_count=43200 38080 2028 5120 36052 2762 2358
is_linear=0
shrinkage=0.0558338


Tree=26
num_leaves=8
num_cat=0
split_feature=6 18 16 11 7 20 14
split_gain=316.539 174.625 194.638 122.552 72.7893 22.4113 11.7464
threshold=0.0008502013806719334 0.010436180979013445 -0.0013204865972511468 0.16562546044588092 73.516017913818374 0.0026146265445277099 76.220146179199233
decision_type=2 2 2 2 2 2 2
left_child=1 2 -1 5 -5 -2 -3
right_child=3 6 -4 4 -6 -7 -8
leaf_value=-0.0058818010023064934 0.092607728167007866 -0.052418417192204858 0.0083423775359095214 -0.019168970645366587 -0.048536810192981908 0.0088601477421657495 -0.016433899003700927
leaf_weight=4682.202811479714 28.206958988339537 186.42803629397363 8341.8714334063297 580.8391089437979 480.95127161952121 15.399750284487181 33.33595313380269
leaf_count=12460 175 640 24930 3351 1399 145 100
internal_value=1.29003e-07 0.00239592 0.00322873 -0.028704 -0.0324715 0.0630322 -0.0469599
internal_weight=14349.2 13243.8 13024.1 1105.4 1061.79 43.6067 219.764
internal_count=43200 38130 37390 5070 4750 320 740
is_linear=0
shrinkage=0.0558338


Tree=27
num_leaves=8
num_cat=0
split_feature=14 6 16 16 11 17 19
split_gain=221.109 183.051 277.322 179.44 150.33 145.581 36.8482
threshold=77.207714080810561 -0.00076846813317388285 -0.0032324648927897211 0.0033592901891097431 45.752744674682624 0.0021769709419459109 0.0050232249777764091
decision_type=2 2 2 2 2 2 2
left_child=1 4 -3 5 -1 -2 -5
right_child=3 2 -4 6 -6 -7 -8
leaf_value=0.00030292139723217141 0.04603140221993407 0.032923859227019542 -0.001244314551598006 0.08441265011620129 -0.030341758430456812 -0.018147313296015984 0.043385792667007941
leaf_weight=880.50527817539364 187.94490222436383 795.136226207851 10780.134346206676 148.55379430845085 1151.8652944490143 266.30791197694145 126.24013370861218
leaf_count=3940 460 1911 32583 360 2386 944 616
internal_value=-5.74583e-06 -0.0016107 0.00110279 0.0299507 -0.0170652 0.00840632 0.0655649
internal_weight=14336.7 13607.6 11575.3 729.047 2032.37 454.253 274.794
internal_count=43200 40820 34494 2380 6326 1404 976
is_linear=0
shrinkage=0.0558338


Tree=28
num_leaves=8
num_cat=0
split_feature=5 6 19 20 3 21 21
split_gain=183.632 175.205 214.37 155.319 155.277 141.999 46.8911
threshold=39.995128631591804 0.00041769137897063052 0.015314254909753801 -0.0042922918219119302 -0.0025818924186751242 0.1925977095961571 -0.23010259866714475
decision_type=2 2 2 2 2 2 2
left_child=3 2 -2 6 -3 -5 -1
right_child=1 4 -4 5 -6 -7 -8
leaf_value=0.027064746903948354 -0.0089057990205169291 0.048112956737811879 0.030307286522785307 0.021446297036193745 0.0046397400097305426 -0.029073652847913248 -0.055297507356060031
leaf_weight=26.043225328531946 8361.0277321673493 282.39551282645834 458.43538256084867 2144.5911197582441 2753.6772666303482 188.70341550907733 124.87491214865503
leaf_count=36 23981 1353 3302 4212 9444 378 494
internal_value=7.13767e-06 -0.00288511 -0.0068675 0.0138099 0.00868333 0.0173605 -0.0410846
internal_weight=14339.7 11855.5 8819.46 2484.21 3036.07 2333.29 150.918
internal_count=43200 38080 27283 5120 10797 4590 530
is_linear=0
shrinkage=0.0558338


Tree=29
num_leaves=7
num_cat=0
split_feature=13 18 16 14 14 15
split_gain=229.837 186.971 157.805 63.7856 45.0833 37.8243
threshold=0.16359750181436541 0.010436180979013445 -0.0026278890436515208 20.57629489898682 83.51605606079103 0.0056826460640877494
decision_type=2 2 2 2 2 2
left_child=3 2 -2 -1 -3 -5
right_child=1 4 -4 5 -6 -7
leaf_value=-0.053492763501191504 -0.012297172475385464 -0.0432999680737352 0.0031146453921719153 0.029447999852750428 0.030833697580690732 0.085019773325433881
leaf_weight=14.379795431926224 2541.2538594844664 376.71372294980699 11195.557186396554 54.167153916183167 27.435244759803595 129.38086221807245
leaf_count=61 6681 1652 33270 716 226 594
internal_value=-1.39322e-06 -0.000837695 0.000263522 0.0597482 -0.0382675 0.0686199
internal_weight=14338.9 14141 13736.8 197.928 404.149 183.548
internal_count=43200 41829 39951 1371 1878 1310
is_linear=0
shrinkage=0.0558338


Tree=30
num_leaves=7
num_cat=0
split_feature=6 4 6 2 4 11
split_gain=207.418 224.14 160.986 155.568 144.904 103.559
threshold=-0.00076846813317388285 -0.00028282696439418936 -0.0007119028887245803 28.500000000000004 0.023747968487441543 45.752744674682624
decision_type=2 2 2 2 2 2
left_child=4 3 -3 -2 5 -1
right_child=1 2 -4 -5 -6 -7
leaf_value=-0.0037858062448579439 -0.0085080560388109735 0.062112495828549379 -0.0042777904014520635 0.017122976514418825 0.09606757563473739 -0.029580659539177937
leaf_weight=846.43141068362888 913.34056976256079 115.6327015584302 7430.5493133944001 3850.0000804291954 34.978242685921032 1136.8845814069684
leaf_count=3878 12490 328 19545 4510 117 2332
internal_value=5.21128e-06 0.00272542 -0.00326047 0.0122084 -0.0165853 -0.018572
internal_weight=14327.8 12309.5 7546.18 4763.34 2018.29 1983.32
internal_count=43200 36873 19873 17000 6327 6210
is_linear=0
shrinkage=0.0558338


Tree=31
num_leaves=8
num_cat=0
split_feature=3 3 14 3 14 4 6
split_gain=110.685 195.766 180.219 159.698 157.133 144.692 62.7749
threshold=-0.0025818924186751242 -0.00016895325097721067 45.031501770019538 -0.0030301511287689205 47.400175094604499 0.011880886740982534 -0.00044125903514213855
decision_type=2 2 2 2 2 2 2
left_child=3 2 -2 4 -1 -3 -5
right_child=1 5 -4 6 -6 -7 -8
leaf_value=-0.013867954377574267 0.0011939795021307803 0.0043695224947560589 -0.022262067652222009 0.012127083258631875 0.02617075659076698 -0.036890670198522352 0.068910278262824531
leaf_weight=631.89076073694719 1857.7248521275028 8418.0497171857496 2267.5423191010909 87.023418987416477 591.68510926420618 273.56732349273079 200.5972715516576
leaf_count=1846 5850 22317 9054 279 1894 1389 571
internal_value=2.02747e-06 -0.00168304 -0.0116991 0.0142936 0.00549358 0.00307086 0.0517298
internal_weight=14328.1 12816.9 4125.27 1511.2 1223.58 8691.62 287.621
internal_count=43200 38610 14904 4590 3740 23706 850
is_linear=0
shrinkage=0.0558338


Tree=32
num_leaves=8
num_cat=0
split_feature=6 19 9 9 7 10 20
split_gain=289.678 248.752 242.088 151.173 114.29 40.0538 20.8782
threshold=0.00047222984721884137 0.016111430712044243 0.163470134139061 0.163470134139061 73.516017913818374 6.5718319416046151 0.0026146265445277099
decision_type=2 2 2 2 2 2 2
left_child=1 2 -1 6 -5 -3 -2
right_child=3 5 -4 4 -6 -7 -8
leaf_value=0.055721323566369767 0.082362969473124964 -0.052481108543777903 0.0038167420525537961 -0.009531517512062819 -0.034138992658370768 -0.01231503459509359 0.0079584336914536556
leaf_weight=287.34236331134889 51.814358045602106 269.11770296970144 11157.323625302673 1449.8555440532168 990.28180694800858 108.64033840362526 15.20733041650014
leaf_count=814 265 1310 29412 6169 3202 1862 166
internal_value=-7.23799e-06 0.00364851 0.00511992 -0.0172458 -0.019518 -0.0409297 0.0654805
internal_weight=14329.6 11822.4 11444.7 2507.16 2440.14 377.758 67.0217
internal_count=43200 33398 30226 9802 9371 3172 431
is_linear=0
shrinkage=0.0558338


Tree=33
num_leaves=8
num_cat=0
split_feature=14 16 4 15 14 14 19
split_gain=200.516 162.673 135.249 147.364 130.26 125.069 32.6992
threshold=77.207714080810561 0.0033592901891097431 -0.00018389261094853279 0.0067797226365655669 84.569900512695327 10.278031349182131 0.0093327062204480189
decision_type=2 2 2 2 2 2 2
left_child=2 4 5 -4 -2 -1 -3
right_child=1 6 3 -5 -6 -7 -8
leaf_value=0.094504196925081357 0.025266691806079569 0.074324523325046576 -0.0069497472946087316 0.093076902911062645 -0.043445787801438679 0.0041553259238366743 0.03205189228682391
leaf_weight=48.162283944186129 340.43999185695577 197.57381866913391 7718.2153743323097 46.189754834320411 115.07998842593122 5773.0436254781589 80.200218388625046
leaf_count=104 1093 472 19571 1284 311 19861 504
internal_value=3.99271e-06 0.0284432 -0.00153103 -0.0063547 0.00790756 0.00490284 0.0621194
internal_weight=14318.9 733.294 13585.6 7764.41 455.52 5821.21 277.774
internal_count=43200 2380 40820 20855 1404 19965 976
is_linear=0
shrinkage=0.0558338


Tree=34
num_leaves=8
num_cat=0
split_feature=18 21 16 18 14 21 21
split_gain=134.686 157.062 195.235 155.336 122.608 36.766 2.3434
threshold=0.010436180979013445 0.187980592250824 -0.0032324648927897211 -0.003135894774459302 77.735183715820327 0.6972884237766267 1.0535795092582705
decision_type=2 2 2 2 2 2 2
left_child=1 3 -3 -1 5 -2 -6
right_child=4 2 -4 -5 6 -7 -8
leaf_value=0.015813811220579149 0.085008626537287579 -0.043157125751071938 -0.0030199059723864173 -0.011032078703610174 -0.026858333199388459 0.032581646959451531 -0.05274127408127488
leaf_weight=2666.1467395366894 46.431864579945966 392.86784721982804 9848.435304385941 898.29348465971952 14.266026313135837 409.14174307794843 46.281526366785798
leaf_count=5735 174 1045 31819 2573 299 1340 215
internal_value=6.29353e-07 -0.00104627 -0.00455961 0.00904824 0.0280041 0.037925 -0.0466428
internal_weight=14321.9 13805.7 10241.3 3564.44 516.121 455.574 60.5476
internal_count=43200 41172 32864 8308 2028 1514 514
is_linear=0
shrinkage=0.0558338


Tree=35
num_leaves=8
num_cat=0
split_feature=6 19 9 9 19 16 10
split_gain=270.875 201.271 278.62 104.555 151.541 53.3797 51.8755
threshold=0.0008502013806719334 0.016111430712044243 0.163470134139061 45.309373855590827 -0.0058417059481143943 0.0065693177748471507 6.5718319416046151
decision_type=2 2 2 2 2 2 2
left_child=1 2 -1 4 -2 -5 -3
right_child=3 6 -4 5 -6 -7 -8
leaf_value=0.054861444342170919 0.051989930256240678 -0.051082034472548624 0.0020746611035675402 -0.046908033756989466 -0.024410528469491165 0.014797561634281692 -0.008244521852970298
leaf_weight=319.66439388748404 105.11934818010309 266.5334853115869 12533.135393461995 564.59194375156153 351.77991853910532 47.370869022474949 131.65845960079287
leaf_count=948 1172 1506 33503 1502 2063 333 2173
internal_value=-4.62195e-06 0.00217634 0.00338753 -0.0270427 -0.00683299 -0.0421315 -0.0369182
internal_weight=14319.9 13251 12852.8 1068.86 456.899 611.963 398.192
internal_count=43200 38130 34451 5070 3235 1835 3679
is_linear=0
shrinkage=0.0558338


Tree=36
num_leaves=8
num_cat=0
split_feature=2 5 16 13 21 15 21
split_gain=178.378 104.344 332.727 144.422 96.012 158.667 66.535
threshold=29.500000000000004 41.181585311889656 -0.0032324648927897211 73.882751464843764 0.4768757969141007 0.0038862618384882812 -0.019312015734612938
decision_type=2 2 2 2 2 2 2
left_child=1 3 -3 -1 6 -6 -2
right_child=4 2 -4 -5 5 -7 -8
leaf_value=-0.0027728467418721972 0.026444976601023646 0.047238446556240425 -0.0027757615841106252 -0.032503178670765645 0.014669804996388095 0.066536364764475192 -0.0017236027359785612
leaf_weight=1340.3072918889357 329.72297511994952 434.67768238655117 9006.0329984034706 821.59735023478061 881.85840246082023 232.30281129479647 1261.625575840483
leaf_count=3285 470 1427 28250 1880 3489 1028 3371
internal_value=3.64528e-06 -0.00300674 -0.000472962 -0.0140714 0.0129137 0.025484 0.00411285
internal_weight=14308.1 11602.6 9440.71 2161.9 2705.51 1114.16 1591.35
internal_count=43200 34842 29677 5165 8358 4517 3841
is_linear=0
shrinkage=0.0558338


Tree=37
num_leaves=8
num_cat=0
split_feature=5 18 19 20 2 15 20
split_gain=149.987 160.641 171.333 150.503 175.392 106.543 98.5944
threshold=39.995128631591804 0.0035127813462167983 -0.0063218509312719098 -0.0013859082828275857 29.500000000000004 0.0066215451806783685 -0.0042922918219119302
decision_type=2 2 2 2 2 2 2
left_child=3 5 -3 6 -5 -2 -1
right_child=1 2 -4 4 -6 -7 -8
leaf_value=-0.040599498775910361 -0.007333102291309854 -0.039596513280356578 0.012551841789702534 0.043959743226207625 -0.020580989427468707 0.031772254830406493 0.0069239652231873434
leaf_weight=149.61499527319802 8674.0569869092797 211.82089818464965 2698.8974788411774 683.93587953490123 162.43650870025203 222.77093738954136 1505.5964787964544
leaf_count=530 25547 997 9819 1147 317 1717 3126
internal_value=2.22922e-06 -0.00262892 0.00875686 0.0124213 0.031573 -0.00635393 0.00262831
internal_weight=14309.1 11807.5 2910.72 2501.58 846.372 8896.83 1655.21
internal_count=43200 38080 10816 5120 1464 27264 3656
is_linear=0
shrinkage=0.0558338


Tree=38
num_leaves=8
num_cat=0
split_feature=6 1 1 16 7 8 2
split_gain=257.569 256.825 308.341 307.28 143.597 213.493 81.4385
threshold=0.00040845986222848302 3.0100000003585595e-05 4.7229999836417853e-05 -0.0015153971035033462 45.292104721069343 45.109157562255866 27.500000000000004
decision_type=2 2 2 2 2 2 2
left_child=1 3 -3 -1 5 -2 -6
right_child=4 2 -4 -5 6 -7 -8
leaf_value=-0.0080342123487428582 -0.0067563879299162681 -0.029819741220890185 0.00217888402097218 0.023383342131138761 0.034395263705457493 0.09585087651216799 -0.029412418422946059
leaf_weight=1387.551539637338 1326.0424247467906 1125.7297941174857 5652.9116451600157 3228.6299650470105 65.145977937123462 66.37977032236472 1455.9977032563875
leaf_count=5846 6313 2837 12339 11193 3036 20 1616
internal_value=-5.8745e-06 0.0037821 -0.00313513 0.0139397 -0.0148205 -0.00186488 -0.0266797
internal_weight=14308.4 11394.8 6778.64 4616.18 2913.57 1392.42 1521.14
internal_count=43200 32215 15176 17039 10985 6333 4652
is_linear=0
shrinkage=0.0558338


Tree=39
num_leaves=8
num_cat=0
split_feature=14 2 1 16 1 17 2
split_gain=178.677 193.107 156.206 145.899 141.556 127.58 61.7968
threshold=77.207714080810561 29.500000000000004 6.1464997997973128e-05 0.0033592901891097431 1.7274999663641214e-05 0.0021769709419459109 28.500000000000004
decision_type=2 2 2 2 2 2 2
left_child=1 2 -1 5 -3 -2 -5
right_child=3 4 -4 6 -6 -7 -8
leaf_value=-0.0098254812149896741 0.042034075163402906 0.027776524349664305 0.0039891415527418279 -0.0099066720646610196 0.0013693079537640954 -0.017773813153505364 0.068538418488800157
leaf_weight=6888.6201575974364 191.5396148899959 1070.9819834828445 4052.7856691983861 35.905472779100336 1546.7609690129871 265.04768121382614 244.39372698964385
leaf_count=22062 460 5511 10844 766 2403 944 210
internal_value=5.89088e-06 -0.00144926 -0.00470843 0.0267815 0.0121731 0.00731576 0.0584898
internal_weight=14296 13559.1 10941.4 736.886 2617.74 456.587 280.299
internal_count=43200 40820 32906 2380 7914 1404 976
is_linear=0
shrinkage=0.0558338


Tree=40
num_leaves=8
num_cat=0
split_feature=18 19 4 19 4 6 15
split_gain=117.197 108.76 101.626 94.6232 90.8648 86.6266 61.589
threshold=0.010436180979013445 0.021043834276497368 0.011880886740982534 -0.01424565678462386 -0.0041429542470723382 0.00096164451679214846 0.0064828153699636468
decision_type=2 2 2 2 2 2 2
left_child=2 4 5 -4 -2 -1 -3
right_child=1 6 3 -5 -6 -7 -8
leaf_value=-0.0012145579499932603 -0.013438584900730646 -0.045926492918225141 0.022837032440466292 -0.04438120749101232 0.057925050517913183 0.019207331922966871 0.021607529004936735
leaf_weight=12715.777859318177 69.357517046365047 80.89759663884179 83.846232167273342 294.92344287313324 280.82906083654234 682.26321335287139 87.770802869621818
leaf_count=36712 312 455 343 1282 919 2835 342
internal_value=1.59877e-07 0.0260499 -0.000980913 -0.0295015 0.0437909 -0.000174622 -0.0107835
internal_weight=14295.7 518.855 13776.8 378.77 350.187 13398 168.668
internal_count=43200 2028 41172 1625 1231 39547 797
is_linear=0
shrinkage=0.0558338


Tree=41
num_leaves=8
num_cat=0
split_feature=18 1 1 15 14 3 3
split_gain=145.263 181.917 248.43 124.839 39.9787 61.8212 17.1683
threshold=0.010436180979013445 -4.6970000767032609e-05 -4.8404999688500532e-05 0.0014927877928130331 83.51605606079103 0.0020088731544092302 0.0012965803034603598
decision_type=2 2 2 2 2 2 2
left_child=1 2 -1 -3 6 -6 -2
right_child=4 3 -4 -5 5 -7 -8
leaf_value=0.011234793749964346 -0.044205568248552096 0.026681986948116548 0.083079159193600233 -0.0023761455626934765 -0.043119752319321671 0.12697457885511629 -0.01718131263930724
leaf_weight=1319.4680469518182 286.35623838185631 479.45104600826926 169.29315313768961 11913.400229589073 14.870994747478983 12.06589582807195 98.491186719514076
leaf_count=5973 1235 1085 167 33947 190 53 550
internal_value=-6.05181e-06 0.000963391 0.0194045 -0.00125195 -0.0326868 0.033071 -0.0372894
internal_weight=14293.4 13881.6 1488.76 12392.9 411.784 26.9369 384.847
internal_count=43200 41172 6140 35032 2028 243 1785
is_linear=0
shrinkage=0.0558338


Tree=42
num_leaves=8
num_cat=0
split_feature=20 3 3 21 15 3 14
split_gain=216.766 217.777 147.641 132.862 116.75 76.8269 75.7649
threshold=-0.0014165191096253691 -0.00016895325097721067 -0.002350824535824358 -0.053734406828880303 0.0074128981214016685 0.0022022068733349447 10.278031349182131
decision_type=2 2 2 2 2 2 2
left_child=3 2 -2 5 -3 -1 -5
right_child=1 4 -4 6 -6 -7 -8
leaf_value=0.0068303446056361249 -0.0050942394851845579 -0.003245898495360256 0.018829486154890464 0.064178151609651957 0.081220474188225228 0.085730227191690614 -0.021574535899103416
leaf_weight=314.89493428055556 1061.0014052704796 7363.3960684485864 3321.973901286105 32.619118494064878 51.369022845600739 43.827614735298368 2096.402828147021
leaf_count=847 3959 19544 12247 73 615 157 5758
internal_value=1.33112e-05 0.00317158 0.0130382 -0.0149643 -0.00266072 0.0164701 -0.0202607
internal_weight=14285.5 11797.7 4382.98 2487.74 7414.77 358.723 2129.02
internal_count=43200 36365 16206 6835 20159 1004 5831
is_linear=0
shrinkage=0.0558338


Tree=43
num_leaves=8
num_cat=0
split_feature=5 6 15 20 14 11 20
split_gain=134.019 144.723 172.064 136.168 122.884 99.7066 91.6086
threshold=39.995128631591804 0.00041769137897063052 0.0063557249959558257 -0.0013859082828275857 77.207714080810561 46.597677230834968 -0.0042922918219119302
decision_type=2 2 2 2 2 2 2
left_child=3 2 -2 6 -3 -5 -1
right_child=1 4 -4 5 -6 -7 -8
leaf_value=-0.039646796686973185 -0.0077047041774712102 0.012484496282846397 0.033215532604381946 0.0037010150471745908 -0.020123924566361268 0.04377364831372503 0.006482855357985812
leaf_weight=147.30974005276039 8406.124451339907 2620.4169428805271 333.02852735211854 296.79930510037377 417.7013511197747 556.48478306608365 1508.645773825649
leaf_count=530 25478 8996 1805 554 1801 910 3126
internal_value=1.12975e-07 -0.00249601 -0.00614533 0.0117158 0.00800127 0.0298351 0.00237927
internal_weight=14286.5 11777.3 8739.15 2509.24 3038.12 853.284 1655.96
internal_count=43200 38080 27283 5120 10797 1464 3656
is_linear=0
shrinkage=0.0558338


Tree=44
num_leaves=8
num_cat=0
split_feature=6 19 16 5 20 14 19
split_gain=229.826 213.322 207.792 136.022 217.898 39.5892 39.5657
threshold=0.00047222984721884137 0.016111430712044243 -0.0013204865972511468 51.682603836059577 0.0019471157575026157 24.229468345642093 -0.019486179575324055
decision_type=2 2 2 2 2 2 2
left_child=1 2 -1 6 -5 -3 -2
right_child=3 5 -4 4 -6 -7 -8
leaf_value=-0.0048301051219129115 0.011587291957861446 0.029954843710739046 0.010556955891644052 0.0061486398472443363 -0.033470958678570251 -0.043976909421512472 -0.043643096675566602
leaf_weight=4497.4962934101359 43.781761447000008 24.198959291593155 6985.4055125191271 1185.2806601169059 681.58128284256441 337.33048003416411 528.95257841218631
leaf_count=11443 544 129 18783 4311 3873 3043 1074
internal_value=-1.34255e-05 0.00320078 0.00453032 -0.0156186 -0.00831626 -0.0390283 -0.0394211
internal_weight=14284 11844.4 11482.9 2439.6 1866.86 361.529 572.734
internal_count=43200 33398 30226 9802 8184 3172 1618
is_linear=0
shrinkage=0.0558338


Tree=45
num_leaves=7
num_cat=0
split_feature=6 4 2 6 4 17
split_gain=182.662 188.327 162.306 129.018 128.145 139.545
threshold=-0.00076846813317388285 -0.00073182734195142974 27.500000000000004 -0.0007119028887245803 0.023747968487441543 -0.0044691136572509995
decision_type=2 2 2 2 2 2
left_child=4 2 -2 -3 5 -1
right_child=1 3 -4 -5 -6 -7
leaf_value=-0.0074061713890135866 -0.013310496338782044 0.05319849816714569 0.017001674212400293 -0.0032695756758385512 0.088857887512833869 -0.039468820930871049
leaf_weight=1328.7342930587354 653.49234186254716 128.15438400336188 3499.9597643504699 8006.461343733351 35.885682860705629 620.90351231145132
leaf_count=3555 10304 357 4905 21307 117 2655
internal_value=2.01996e-05 0.00255913 0.0122324 -0.00237997 -0.0156928 -0.0176172
internal_weight=14273.6 12288.1 4153.45 8134.62 1985.52 1949.64
internal_count=43200 36873 15209 21664 6327 6210
is_linear=0
shrinkage=0.0558338


Tree=46
num_leaves=8
num_cat=0
split_feature=18 21 16 18 14 0 21
split_gain=100.431 122.736 185.8 133.78 99.8154 40.2158 2.27485
threshold=0.010436180979013445 0.187980592250824 -0.0032324648927897211 -0.003135894774459302 77.735183715820327 783943.06250000012 1.0535795092582705
decision_type=2 2 2 2 2 2 2
left_child=1 3 -3 -1 5 -2 -6
right_child=4 2 -4 -5 6 -7 -8
leaf_value=0.014208173140024013 0.086465200269320142 -0.04211930718635945 -0.0025483531486659577 -0.010729696538103356 -0.025141471375672759 0.027704207371698274 -0.051171329440935595
leaf_weight=2684.5021059664264 39.728130506931905 384.42979535520499 9789.010267747497 893.9047864125755 13.715010755097223 421.86725096317122 44.190252395143901
leaf_count=5735 97 1045 31819 2573 299 1417 215
internal_value=-4.95532e-06 -0.000915312 -0.00404364 0.00797856 0.0240933 0.0327616 -0.0450061
internal_weight=14271.3 13751.8 10173.4 3578.41 519.501 461.595 57.9053
internal_count=43200 41172 32864 8308 2028 1514 514
is_linear=0
shrinkage=0.0558338


Tree=47
num_leaves=8
num_cat=0
split_feature=6 19 9 7 4 19 14
split_gain=216.53 174.094 126.25 103.926 85.4456 9.11143 8.64497
threshold=0.0008502013806719334 0.01835262589156628 0.163470134139061 73.516017913818374 -0.0031194556504487987 -0.0051417860668152562 71.944637298583999
decision_type=2 2 2 2 2 2 2
left_child=1 2 -1 4 -2 -5 -3
right_child=3 6 -4 5 -6 -7 -8
leaf_value=0.034035870510006894 -0.038661729180054352 -0.046302106198131791 0.00181245619331813 -0.0164776087685236 0.0061335166329548321 -0.04771672446877593 0.0084845340191310632
leaf_weight=390.78788079759579 203.46426188618636 240.66649609789451 12607.899390498442 31.367435573897524 381.92239477899886 403.73315264540258 9.3265405226462956
leaf_count=963 1049 2750 34167 478 2622 921 250
internal_value=-1.52497e-05 0.00189361 0.00278121 -0.0247974 -0.00943608 -0.0454646 -0.0442582
internal_weight=14269.2 13248.7 12998.7 1020.49 585.387 435.101 249.993
internal_count=43200 38130 35130 5070 3671 1399 3000
is_linear=0
shrinkage=0.0558338


Tree=48
num_leaves=8
num_cat=0
split_feature=20 3 3 9 18 6 3
split_gain=193.346 196.274 137.707 110.844 107.913 102.427 30.5189
threshold=-0.0014165191096253691 -0.00016895325097721067 -0.002350824535824358 64133.169921875007 -0.018373769707977768 0.00031492050038650637 -0.0086977449245750887
decision_type=2 2 2 2 2 2 2
left_child=4 2 -2 -3 6 -6 -1
right_child=1 3 -4 -5 5 -7 -8
leaf_value=0.093407508885780449 -0.0052063553744765255 -0.0047529815544924189 0.017886395240542172 0.018791382721013647 -0.019782791954031119 0.02645413067593886 0.023864372572329779
leaf_weight=26.790735743802188 1060.5393872531681 6713.5810387996871 3341.0179046070157 687.15217497457888 2198.2862691412756 160.24674808582358 74.037837372504228
leaf_count=29 3959 18808 12247 1351 6060 440 306
internal_value=1.82662e-05 0.00298588 0.0123223 -0.00256691 -0.0142231 -0.0166413 0.0423424
internal_weight=14261.7 11802.3 4401.56 7400.73 2459.36 2358.53 100.829
internal_count=43200 36365 16206 20159 6835 6500 335
is_linear=0
shrinkage=0.0558338


Tree=49
num_leaves=7
num_cat=0
split_feature=5 20 2 14 17 20
split_gain=111.121 128.825 155.477 100.148 110.378 84.787
threshold=39.995128631591804 -0.0013859082828275857 29.500000000000004 12.642339229583742 -0.0023150013294070955 -0.0042922918219119302
decision_type=2 2 2 2 2 2
left_child=1 5 -3 -2 -5 -1
right_child=3 2 -4 4 -6 -7
leaf_value=-0.039109955352618825 0.067161124209105819 0.039666711413968624 -0.02093730811793473 -0.016048661154946603 -0.00046774905075386698 0.0054668545559483726
leaf_weight=145.80822620386721 64.373655148105172 696.45146906114178 162.81554454565094 1650.911019864252 10020.527529238316 1516.2062649642119
leaf_count=530 51 1147 317 5541 32488 3126
internal_value=-3.87529e-06 0.0106308 0.0281833 -0.0022886 -0.00267165 0.00155614
internal_weight=14257.1 2521.28 859.267 11735.8 11671.4 1662.01
internal_count=43200 5120 1464 38080 38029 3656
is_linear=0
shrinkage=0.0558338


Tree=50
num_leaves=8
num_cat=0
split_feature=6 19 9 9 19 16 0
split_gain=201.747 164.405 238.321 101.494 126.868 54.7746 40.085
threshold=0.0008502013806719334 0.016111430712044243 0.163470134139061 45.309373855590827 -0.0058417059481143943 0.0065693177748471507 5017395.2500000009
decision_type=2 2 2 2 2 2 2
left_child=1 2 -1 4 -2 -5 -3
right_child=3 6 -4 5 -6 -7 -8
leaf_value=0.049946916690269759 0.048933704795043415 -0.0046307247042550346 0.0016531498497214816 -0.044720796454131316 -0.021022789037503101 0.019708457165987636 -0.045634282536456211
leaf_weight=326.84483531647311 107.03956500714787 101.88156978961837 12547.767851343375 524.2547243850488 329.85348947526234 44.636961213346922 274.78775409964561
leaf_count=948 1172 1139 33503 1502 2063 333 2540
internal_value=-1.43968e-05 0.00181542 0.00287917 -0.0241224 -0.00388332 -0.0396655 -0.0345436
internal_weight=14257.1 13251.3 12874.6 1005.78 436.893 568.892 376.669
internal_count=43200 38130 34451 5070 3235 1835 3679
is_linear=0
shrinkage=0.0558338


Tree=51
num_leaves=8
num_cat=0
split_feature=2 1 4 1 1 21 19
split_gain=140.623 164.185 219.733 170.041 124.314 114.797 85.8701
threshold=29.500000000000004 3.9120001019909985e-05 0.020599319599568847 4.4874999730382121e-05 1.7274999663641214e-05 0.68632104992866527 0.0099005782976746576
decision_type=2 2 2 2 2 2 2
left_child=1 2 -1 -3 6 -6 -2
right_child=4 3 -4 -5 5 -7 -8
leaf_value=-0.011788846657457563 0.021201557601193126 0.028863578295709114 0.087279520191798049 -3.0829740824978503e-05 -0.0057719242005268836 0.032632771771551779 0.079460174563619229
leaf_weight=4872.8389397485689 1043.2198798060492 711.9633764506334 70.808382281142258 5867.5755017896663 1299.363937899479 298.34753420949346 85.321356147527922
leaf_count=19048 3489 1119 407 14268 1806 726 2337
internal_value=1.66673e-05 -0.00268121 -0.0103699 0.0030958 0.0114199 0.00139955 0.0256061
internal_weight=14249.4 11523.2 4943.65 6579.54 2726.25 1597.71 1128.54
internal_count=43200 34842 19455 15387 8358 2532 5826
is_linear=0
shrinkage=0.0558338


Tree=52
num_leaves=7
num_cat=0
split_feature=5 18 19 18 16 15
split_gain=100.198 124.073 149.552 98.287 96.1707 93.3694
threshold=39.995128631591804 0.0035127813462167983 -0.0063218509312719098 -0.0024596859002485867 -0.0015808804309926925 0.0066215451806783685
decision_type=2 2 2 2 2 2
left_child=3 5 -3 4 -1 -2
right_child=1 2 -4 -5 -6 -7
leaf_value=0.011150891461535467 -0.0064168095219031811 -0.038043154131398346 0.011297011036756857 0.066316157364795514 -0.030240398910574146 0.030026284651359144
leaf_weight=2243.0923717588348 8580.1966228346755 206.08512354571303 2707.1973412194884 93.302372394400663 189.79938742388276 224.9084649209326
leaf_count=4638 25547 997 9819 153 329 1717
internal_value=-7.08242e-06 -0.00218129 0.0078067 0.0100785 0.0079218 -0.00548594
internal_weight=14244.6 11718.4 2913.28 2526.19 2432.89 8805.11
internal_count=43200 38080 10816 5120 4967 27264
is_linear=0
shrinkage=0.0558338


Tree=53
num_leaves=8
num_cat=0
split_feature=20 2 1 14 14 4 1
split_gain=187.656 180.628 189.398 112.496 98.0185 86.3172 60.1694
threshold=-0.0022563064703717823 26.500000000000004 3.0395000067073855e-05 21.148587226867679 34.003385543823249 -0.012273198459297417 4.0799999624141499e-05
decision_type=2 2 2 2 2 2 2
left_child=3 4 -3 6 -2 -5 -1
right_child=1 2 -4 5 -6 -7 -8
leaf_value=-0.037079589743944666 0.051454727024530619 0.0040509467423535213 -0.01029766370426124 -0.0012754614598856433 0.010795211328039062 0.038935104624048811 0.015192181057130723
leaf_weight=135.78766267368763 223.35154274421643 5007.6954152533617 6711.1838447782484 214.68275718704797 1071.742767204081 740.31506175765855 138.84341167733993
leaf_count=447 3314 9471 6048 215 20947 2372 386
internal_value=-9.59137e-06 -0.00197952 -0.00416624 0.0208395 0.0178073 0.0298958 -0.0106529
internal_weight=14243.6 13014 11718.9 1229.63 1295.09 954.998 274.631
internal_count=43200 39780 15519 3420 24261 2587 833
is_linear=0
shrinkage=0.0558338


Tree=54
num_leaves=8
num_cat=0
split_feature=6 4 19 15 11 15 4
split_gain=157.132 168.833 130.959 129.557 126.122 231.873 133.94
threshold=-0.00076846813317388285 -0.00028282696439418936 -0.01424565678462386 0.0074128981214016685 45.752744674682624 0.0030074947280809288 -0.010688713286072014
decision_type=2 2 2 2 2 2 2
left_child=4 2 -2 -3 5 -1 -6
right_child=1 3 -4 -5 6 -7 -8
leaf_value=0.081930282222856157 -0.0097808846867206527 -0.0035799115597849682 0.014708018990619317 0.075685190540910635 0.010707577124457756 -0.0091485292359744907 -0.037490965878174271
leaf_weight=98.269905953265493 821.17069185468608 7418.8188776328416 3981.1648585529028 64.843921319834408 227.39189279156062 769.25992246433782 857.63103931207888
leaf_count=186 2237 19240 14763 633 305 3755 2081
internal_value=1.17545e-05 0.00235002 0.0105206 -0.0028931 -0.0147012 0.00116847 -0.0273898
internal_weight=14238.6 12286 4802.34 7483.66 1952.55 867.53 1085.02
internal_count=43200 36873 17000 19873 6327 3941 2386
is_linear=0
shrinkage=0.0558338


Tree=55
num_leaves=7
num_cat=0
split_feature=13 11 6 6 20 0
split_gain=97.2782 106.116 168.631 107.49 29.7944 3.28312
threshold=0.16359750181436541 0.16720387339591983 -0.0002539766719564795 0.00047222984721884137 0.0026146265445277099 313627760.00000006
decision_type=2 2 2 2 2 2
left_child=4 2 -2 -3 5 -1
right_child=1 3 -4 -5 -6 -7
leaf_value=-0.051661763372875619 0.039242768303790476 -0.0032270940786608866 -0.0096185838770967928 0.0095597320705706462 0.031971275110031047 -0.022503607396032771
leaf_weight=142.43048811233527 531.07877408327727 10616.346976944005 376.14579096230341 2539.7376953011917 15.502583524597126 13.149610385284943
leaf_count=537 202 32094 310 9223 218 616
internal_value=5.88619e-06 0.000514976 0.0189843 -0.00075864 -0.0418423 -0.0491973
internal_weight=14234.4 14063.3 907.225 13156.1 171.083 155.58
internal_count=43200 41829 512 41317 1371 1153
is_linear=0
shrinkage=0.0558338


Tree=56
num_leaves=8
num_cat=0
split_feature=20 2 1 15 17 7 4
split_gain=175.918 164.432 172.701 97.7989 97.5216 85.4547 80.541
threshold=-0.0022563064703717823 26.500000000000004 3.0395000067073855e-05 0.0026236179983243351 -0.0051293380092829457 62886.091796875007 -0.012273198459297417
decision_type=2 2 2 2 2 2 2
left_child=4 3 -3 -2 6 -6 -1
right_child=1 2 -4 -5 5 -7 -8
leaf_value=-0.020149376459502429 0.030130221743529282 0.0038062355588033719 -0.0099026025049059833 -0.00079391819572888092 0.02984551479230561 0.094289401551049784 0.019499207162048681
leaf_weight=219.3476209762149 744.67936208510798 5014.8342967729959 6681.7246694904252 557.47719555163133 347.79606372286014 78.651656644827085 587.53430879431346
leaf_count=272 4720 9471 6048 19541 1016 27 2105
internal_value=-1.7647e-05 -0.00192973 -0.00402501 0.016891 0.0201348 0.0417312 0.0087209
internal_weight=14232 12998.7 11696.6 1302.16 1233.33 426.448 806.882
internal_count=43200 39780 15519 24261 3420 1043 2377
is_linear=0
shrinkage=0.0558338


Tree=57
num_leaves=8
num_cat=0
split_feature=14 2 1 1 2 14 1
split_gain=148.58 158.548 133.084 122.331 112.088 98.7258 16.3098
threshold=77.207714080810561 29.500000000000004 6.1464997997973128e-05 1.7274999663641214e-05 27.500000000000004 81.650329589843764 7.3639999754959731e-05
decision_type=2 2 2 2 2 2 2
left_child=1 2 -1 -3 6 -6 -2
right_child=4 3 -4 -5 5 -7 -8
leaf_value=-0.0090680685130054128 -0.035136441799998634 0.025368009093940862 0.0037158221069439269 0.00090074973991859813 0.056909492309335258 0.012636318159102992 0.037438821312151448
leaf_weight=6810.4738778558021 97.959164521060046 1083.0179656446048 4047.1847855639226 1546.9252796024198 295.86904272415683 334.57032347379862 10.708281037741953
leaf_count=22062 1198 5511 10844 2403 378 395 409
internal_value=1.2135e-05 -0.00132357 -0.00430288 0.0109764 0.0243868 0.033414 -0.0279847
internal_weight=14226.7 13487.6 10857.7 2629.94 739.107 630.439 108.667
internal_count=43200 40820 32906 7914 2380 773 1607
is_linear=0
shrinkage=0.0558338


Tree=58
num_leaves=8
num_cat=0
split_feature=5 6 13 10 6 15 18
split_gain=96.1957 116.754 154.067 108.558 155.842 93.8425 80.4954
threshold=39.995128631591804 0.00041769137897063052 0.81922501325607311 46.611503601074226 -0.00011386967889848164 0.0055619911290705213 -0.0042694327421486369
decision_type=2 2 2 2 2 2 2
left_child=3 2 -2 4 -1 -3 -5
right_child=1 5 -4 6 -6 -7 -8
leaf_value=-0.012846908116934015 0.0083796352097470893 0.010336756984309445 -0.0094481419685581783 0.011624275113097835 0.054940933180171535 -0.024181009775454034 0.040796554204400801
leaf_weight=865.9584687640122 1950.7445301221824 2774.5508440611088 6706.0035763367987 1142.3858404282671 120.42734373388953 269.36995962561878 397.45443084822364
leaf_count=2602 3066 8164 24217 1784 167 2633 567
internal_value=9.78111e-06 -0.00212351 -0.00543076 0.00989052 -0.00457072 0.00728213 0.0191541
internal_weight=14226.9 11700.7 8656.75 2526.23 986.386 3043.92 1539.84
internal_count=43200 38080 27283 5120 2769 10797 2351
is_linear=0
shrinkage=0.0558338


Tree=59
num_leaves=8
num_cat=0
split_feature=20 16 19 11 14 19 1
split_gain=158.406 198.687 137.703 130.806 99.2017 91.301 44.6627
threshold=-0.0022563064703717823 -0.0026278890436515208 -0.017688550055027005 0.16501271724700931 20.57629489898682 0.0084653543308377283 4.0799999624141499e-05
decision_type=2 2 2 2 2 2 2
left_child=4 3 -3 -2 6 -6 -1
right_child=1 2 -4 -5 5 -7 -8
leaf_value=-0.035406859514471589 0.039619283004894763 0.025492950784806602 -0.00065543597535689009 -0.02314026121126499 0.030427527119594008 -0.057133288646481567 0.011670064749336654
leaf_weight=127.85932184689993 110.41564206657608 667.5973947321163 10542.554955214226 1659.9106129295585 950.07016064302923 38.633187428745941 123.51046746383959
leaf_count=418 202 2651 32282 4645 2460 183 359
internal_value=-2.19258e-05 -0.00184332 0.000901777 -0.0192259 0.0190435 0.0270061 -0.0122756
internal_weight=14220.6 12980.5 11210.2 1770.33 1240.07 988.703 251.37
internal_count=43200 39780 34933 4847 3420 2643 777
is_linear=0
shrinkage=0.0558338


Tree=60
num_leaves=8
num_cat=0
split_feature=20 3 3 14 17 0 14
split_gain=165.617 172.677 126.505 103.308 138.714 98.2243 78.9981
threshold=-0.0014165191096253691 -0.00016895325097721067 -0.002350824535824358 33.461753845214851 -0.0011111976928077636 19683713.000000004 57.27295112609864
decision_type=2 2 2 2 2 2 2
left_child=3 2 -2 4 -1 -3 -5
right_child=1 5 -4 6 -6 -7 -8
leaf_value=-0.0056921597501623927 -0.0053549158109398448 0.0014087216593431753 0.01677592413105599 -0.027761600756510345 0.087842244734575164 -0.013140974528014779 0.04223485147043303
leaf_weight=1147.1299823179986 1059.0987844625229 5402.5231094674255 3358.8504172754369 1166.4728733394668 51.653507075186099 1975.3240823148099 52.527696184233037
leaf_count=3573 3959 15685 12247 2874 155 4474 233
internal_value=1.21336e-05 0.00274076 0.0114706 -0.0133002 -0.00166192 -0.00248677 -0.0247454
internal_weight=14213.6 11795.8 4417.95 2417.78 1198.78 7377.85 1219
internal_count=43200 36365 16206 6835 3728 20159 3107
is_linear=0
shrinkage=0.0558338


Tree=61
num_leaves=8
num_cat=0
split_feature=5 0 15 19 4 4 21
split_gain=88.5184 108.927 137.382 104.578 103.783 99.446 70.7132
threshold=39.995128631591804 5958628.0000000009 0.0055619911290705213 -0.0044502066448330871 -0.00018389261094853279 -0.0023129138862714167 0.1925977095961571
decision_type=2 2 2 2 2 2 2
left_child=4 2 -2 -3 5 -1 -6
right_child=1 3 -4 -5 6 -7 -8
leaf_value=0.0082707552296495263 -0.0049440106616514753 -0.0057256023793579684 -0.048313089087750123 0.011453498552732724 0.024689666085865068 -0.026242970473320786 -0.02176474163371989
leaf_weight=875.45209392176037 6834.1698619638046 1831.1051122504919 235.54870802927962 2784.5616887717329 1170.7651098465049 370.35265888571564 111.91544028592284
leaf_count=1906 18321 6427 1962 11370 2130 856 228
internal_value=1.63209e-05 -0.00203327 -0.00638898 0.00463829 0.00948848 -0.00198948 0.0206365
internal_weight=14213.9 11685.4 7069.72 4615.67 2528.49 1245.8 1282.68
internal_count=43200 38080 20283 17797 5120 2762 2358
is_linear=0
shrinkage=0.0558338


Tree=62
num_leaves=7
num_cat=0
split_feature=13 20 16 11 14 15
split_gain=160.677 155.638 201.212 106.977 43.1082 38.7573
threshold=0.16359750181436541 -0.0024762863758951421 -0.0026278890436515208 6.7193591594696054 20.57629489898682 0.0056826460640877494
decision_type=2 2 2 2 2 2
left_child=4 3 -3 -2 -1 -6
right_child=1 2 -4 -5 5 -7
leaf_value=-0.050035155139120879 -0.0097200573679938548 -0.019499414787393633 0.0004511040575098444 0.031903083284613755 0.017322794938580584 0.072302880438352535
leaf_weight=12.783839452957777 263.22408105232194 1834.2574664171188 11190.318745492938 716.36101686150664 57.004697069934565 133.75804438830511
leaf_count=61 1328 4898 34188 1415 716 594
internal_value=-2.84666e-05 -0.000744306 -0.00235854 0.0207185 0.0492218 0.0558735
internal_weight=14207.7 14004.2 13024.6 979.585 203.547 190.763
internal_count=43200 41829 39086 2743 1371 1310
is_linear=0
shrinkage=0.0558338


Tree=63
num_leaves=8
num_cat=0
split_feature=20 4 1 7 0 14 7
split_gain=152.381 163.674 212.197 132.125 115.093 102.579 42.5674
threshold=-0.001093875558581203 -0.0040465937927365294 3.9120001019909985e-05 1.1082590222358706 726954.75000000012 10.278031349182131 64048.167968750007
decision_type=2 2 2 2 2 2 2
left_child=4 2 -2 -3 6 -6 -1
right_child=1 3 -4 -5 5 -7 -8
leaf_value=-0.041785462977308223 -0.0035817122602679096 -0.010071298713381195 0.039455434430180639 0.0046672801099902931 0.06804796970664384 -0.007144688666344213 -0.0084712594215679091
leaf_weight=432.98796151577568 633.70679930420397 2635.8715892009695 818.36091573816134 6756.29538205278 57.767891790139856 2702.4150111080098 165.18142156628704
leaf_count=1187 3592 5920 2437 22376 132 7221 335
internal_value=9.65176e-06 0.00322807 0.0206733 0.000530961 -0.0103827 -0.00557098 -0.0325859
internal_weight=14202.6 10844.2 1452.07 9392.17 3358.35 2760.18 598.169
internal_count=43200 34325 6029 28296 8875 7353 1522
is_linear=0
shrinkage=0.0558338


Tree=64
num_leaves=8
num_cat=0
split_feature=3 3 3 20 6 17 17
split_gain=88.5141 151.127 145.536 133.961 96.2336 89.3172 57.1213
threshold=-0.0025818924186751242 -0.00016895325097721067 -0.0030301511287689205 0.0012643876834772529 0.00047222984721884137 -0.0059983264654874793 -0.0012235555914230643
decision_type=2 2 2 2 2 2 2
left_child=2 5 3 -1 -3 -2 -4
right_child=1 4 6 -5 -6 -7 -8
leaf_value=-0.0047352161187084576 0.014332514034559148 -0.00028129986374116994 0.070370753075385192 0.042016594867851184 0.014463270886606299 -0.01321833870328093 0.020593590852235413
leaf_weight=985.37555399168969 408.1110264035774 6932.2621368325008 161.78335660780667 237.0205845393773 1722.8839631732089 3626.0938629740126 129.30905729997099
leaf_count=2671 1028 18449 337 1069 5257 13876 513
internal_value=1.60109e-05 -0.00150624 0.0127788 0.00432988 0.00265374 -0.0104312 0.0482587
internal_weight=14202.8 12689.4 1513.49 1222.4 8655.15 4034.2 291.092
internal_count=43200 38610 4590 3740 23706 14904 850
is_linear=0
shrinkage=0.0558338


Tree=65
num_leaves=8
num_cat=0
split_feature=6 19 9 7 10 2 10
split_gain=179.968 172.819 161.569 128.868 190.061 71.3089 35.854
threshold=0.00040845986222848302 0.016111430712044243 0.163470134139061 45.292104721069343 45.354261398315437 27.500000000000004 6.5718319416046151
decision_type=2 2 2 2 2 2 2
left_child=1 2 -1 4 -2 -5 -3
right_child=3 6 -4 5 -6 -7 -8
leaf_value=0.044579333098206581 -0.0051191815215611445 -0.049063456581419362 0.0031563103811467689 0.032491321183838927 0.090634767635100866 -0.026955439722654125 -0.0095205939214188431
leaf_weight=301.77832855771703 1289.1366318000014 227.24280864484615 10754.913425991581 65.897849501744076 68.031298637434247 1384.8411283514647 104.2862749997031
leaf_count=786 6312 1259 28378 3036 21 1616 1792
internal_value=-2.56746e-05 0.0030959 0.0042869 -0.012686 -0.000319285 -0.0242552 -0.0366248
internal_weight=14196.1 11388.2 11056.7 2807.91 1357.17 1450.74 331.529
internal_count=43200 32215 29164 10985 6333 4652 3051
is_linear=0
shrinkage=0.0558338


Tree=66
num_leaves=8
num_cat=0
split_feature=20 16 6 13 16 6 12
split_gain=143.054 180.515 134.2 125.459 89.6549 96.1017 48.1259
threshold=-0.0014165191096253691 -0.0032324648927897211 0.00022878780146129432 6.3952500820159921 -0.0084242229349911196 0.00031492050038650637 6.5532050132751474
decision_type=2 2 2 2 2 2 2
left_child=4 2 -2 -3 6 -6 -1
right_child=1 3 -4 -5 5 -7 -8
leaf_value=0.045428588076497828 0.017407888324421118 -0.0083176410275983773 0.078047965144479481 0.0045780928169712265 -0.019439855262757776 0.025406660240592439 -0.0046669410027162673
leaf_weight=117.60416425129054 827.56086661682718 3448.2051860588563 131.90352214653933 7396.5931051131392 1984.9056588701294 161.04532080845297 121.59276382989398
leaf_count=294 2214 11082 160 22909 5818 459 264
internal_value=1.14675e-05 0.00253148 0.0257445 0.000477773 -0.0124602 -0.0160743 0.0199632
internal_weight=14189.4 11804.3 959.464 10844.8 2385.15 2145.95 239.197
internal_count=43200 36365 2374 33991 6835 6277 558
is_linear=0
shrinkage=0.0558338


Tree=67
num_leaves=8
num_cat=0
split_feature=3 3 3 6 21 17 17
split_gain=83.1486 139.756 132.664 119.54 94.58 82.9116 51.3774
threshold=-0.0025818924186751242 -0.00016895325097721067 -0.0030301511287689205 0.0010116032790392639 0.094637837260961546 -0.0059983264654874793 -0.0012235555914230643
decision_type=2 2 2 2 2 2 2
left_child=2 5 3 -1 -3 -2 -4
right_child=1 4 6 -5 -6 -7 -8
leaf_value=-0.0014112550461580734 0.013738047378109266 0.018020360603215685 0.066767885861345258 0.057983278802058127 0.00033189667588049457 -0.012775202186589106 0.019793136835189292
leaf_weight=1105.0617817692196 409.43786909793744 1076.0624857299281 164.3507256581598 116.80225337421189 7583.7996016923844 3606.23580248709 129.99343824082089
leaf_count=3205 1028 2508 337 535 21198 13876 513
internal_value=1.56387e-05 -0.00146246 0.0123726 0.00426648 0.00252984 -0.0100719 0.0460221
internal_weight=14191.7 12675.5 1516.21 1221.86 8659.86 4015.67 294.344
internal_count=43200 38610 4590 3740 23706 14904 850
is_linear=0
shrinkage=0.0558338


Tree=68
num_leaves=8
num_cat=0
split_feature=13 18 15 4 18 14 15
split_gain=143.409 120.646 109.94 51.5706 67.5336 45.4252 23.5695
threshold=0.16359750181436541 0.010436180979013445 0.0062925061210989961 -3.5466309782350429e-05 -0.0013806828646920619 83.51605606079103 0.0061639221385121354
decision_type=2 2 2 2 2 2 2
left_child=3 2 -2 4 -1 -3 -5
right_child=1 5 -4 6 -6 -7 -8
leaf_value=0.06094059988115931 0.0010126827002172262 -0.038836382896469741 -0.028167579322405729 0.074347657189656441 -0.056922187852501312 0.038377735710073725 0.011517085177071222
leaf_weight=30.984604358819293 13214.351612339375 322.68632479007772 415.14991329038457 121.35336898765189 29.664822639301551 25.639054318255717 21.984193595533526
leaf_count=316 36888 1652 3063 454 397 226 204
internal_value=-2.71232e-05 -0.00070539 0.000123862 0.0464499 0.0032916 -0.0331529 0.0647111
internal_weight=14181.8 13977.8 13629.5 203.987 60.6494 348.325 143.338
internal_count=43200 41829 39951 1371 713 1878 658
is_linear=0
shrinkage=0.0558338


Tree=69
num_leaves=8
num_cat=0
split_feature=14 20 3 15 14 5 20
split_gain=132.254 106.78 138.342 98.9472 97.7716 60.4 49.6903
threshold=77.207714080810561 -0.0014165191096253691 0.00016175848577404397 0.0040257382206618795 33.461753845214851 72.676731109619155 0.0033451237250119452
decision_type=2 2 2 2 2 2 2
left_child=1 4 -3 5 -1 -2 -5
right_child=3 2 -4 6 -6 -7 -8
leaf_value=-0.00063995590586597402 0.0048340349855263724 0.0059276994470566762 -0.006937166893957885 0.070127562231516907 -0.023333438620567717 0.077790671212072254 0.0058200423542942624
leaf_weight=1180.6751650578065 490.84469899273967 6871.2636956059459 4197.6438452417706 162.47697289830174 1186.7028823277503 38.122943942449012 48.680840364651857
leaf_count=3728 1398 19667 14324 400 3101 98 484
internal_value=1.2796e-05 -0.00125291 0.00104898 0.0229904 -0.0120156 0.0100921 0.0553019
internal_weight=14176.4 13436.3 11068.9 740.125 2367.38 528.968 211.158
internal_count=43200 40820 33991 2380 6829 1496 884
is_linear=0
shrinkage=0.0558338


Tree=70
num_leaves=8
num_cat=0
split_feature=4 14 6 19 19 19 18
split_gain=85.6611 100.478 100.705 82.1035 79.7346 189.04 26.0516
threshold=0.011880886740982534 23.22190093994141 0.00049381362623535107 -0.0059906255919486276 -0.01424565678462386 -0.015497073065489529 -0.0057295765727758399
decision_type=2 2 2 2 2 2 2
left_child=1 3 -3 -1 5 -2 -6
right_child=4 2 -4 -5 6 -7 -8
leaf_value=0.032319884686686326 -0.051993351729334801 -0.0031278969974514407 0.0094761189867477533 0.0023100971838386766 0.011726186613886101 0.11697068042349307 -0.043933138430223451
leaf_weight=543.51435889661866 46.707947663566408 10195.308842925584 2451.3386658352647 595.69135117870223 28.913815614610769 36.989966351870528 280.87734635657165
leaf_count=1132 331 30076 8836 1308 139 24 1354
internal_value=1.26375e-05 0.000745817 -0.000684822 0.0166277 -0.0256742 0.0226796 -0.0387383
internal_weight=14179.3 13785.9 12646.6 1139.21 393.489 83.6979 309.791
internal_count=43200 41352 38912 2440 1848 355 1493
is_linear=0
shrinkage=0.0558338


Tree=71
num_leaves=8
num_cat=0
split_feature=6 1 6 1 7 20 11
split_gain=166.772 124.108 248.809 246.933 97.5663 84.0592 2.37919
threshold=0.0008502013806719334 3.0100000003585595e-05 -0.00012493599933804941 4.4874999730382121e-05 73.516017913818374 0.0015972395194694402 63827.626953125007
decision_type=2 2 2 2 2 2 2
left_child=1 2 -1 -3 5 -2 -6
right_child=4 3 -4 -5 6 -7 -8
leaf_value=0.02205877487561415 0.01906000487373925 -0.027040355869361776 -0.0017610191522952803 0.0011790108691405302 -0.045770571252904228 -0.025032642530539294 -0.035391337649657684
leaf_weight=2290.0059490089798 224.25232103763818 1139.1067649109973 3391.8847089604296 6385.8482219836596 312.91228972478075 337.8534754360399 88.269845417906481
leaf_count=9337 1311 2847 11381 14565 1282 2360 117
internal_value=-2.54475e-05 0.00161043 0.00783921 -0.00309276 -0.0224536 -0.00744186 -0.0434869
internal_weight=14170.1 13206.8 5681.89 7524.95 963.288 562.106 401.182
internal_count=43200 38130 20718 17412 5070 3671 1399
is_linear=0
shrinkage=0.0558338


Tree=72
num_leaves=8
num_cat=0
split_feature=14 2 6 1 2 14 5
split_gain=120.989 147.318 209.994 126.853 98.4974 84.8463 19.2067
threshold=77.207714080810561 29.500000000000004 -0.00047464422823395575 6.1464997997973128e-05 27.500000000000004 81.650329589843764 69.219818115234389
decision_type=2 2 2 2 2 2 2
left_child=1 3 -3 -1 6 -6 -2
right_child=4 2 -4 -5 5 -7 -8
leaf_value=-0.0087546819303483629 -0.040014058757776437 -0.015740636795505414 0.020101600314102786 0.003759159409956895 0.052137330234823961 0.011152758915132394 0.016386331225772141
leaf_weight=6766.1824685983884 83.599783879962274 691.80805388093017 1934.5499114096344 4029.0442588481583 296.96661863489578 335.21012643296422 24.292222521188478
leaf_count=22062 1349 1779 6135 10844 378 395 258
internal_value=1.28906e-05 -0.00119896 0.0106604 -0.00408421 0.0219905 0.0304054 -0.0273153
internal_weight=14161.7 13421.6 2626.36 10795.2 740.069 632.177 107.892
internal_count=43200 40820 7914 32906 2380 773 1607
is_linear=0
shrinkage=0.0558338


Tree=73
num_leaves=8
num_cat=0
split_feature=18 18 3 3 3 19 18
split_gain=76.5429 90.2299 77.1115 161.77 127.098 59.1653 0.401566
threshold=0.010436180979013445 0.01643273048102856 -0.0025818924186751242 -0.00015792047634022308 -0.0030301511287689205 0.0035443335073068742 0.018657904118299488
decision_type=2 2 2 2 2 2 2
left_child=2 5 4 -4 -1 -2 -3
right_child=1 6 3 -5 -6 -7 -8
leaf_value=0.0030337133006773306 0.066510745409517055 -0.058513483618794389 -0.01168338916346847 0.0021443302695421901 0.043901633800753938 0.018191338984947705 -0.047950807565248346
leaf_weight=1174.3373872137772 100.3545279003211 17.890338489585794 3862.6464078350564 8315.4036188724585 297.28325036038314 371.22101121880291 30.096305732545339
leaf_count=3437 278 169 14474 22459 802 1243 338
internal_value=1.79041e-05 0.0210517 -0.00078273 -0.00224156 0.0112895 0.028474 -0.0518888
internal_weight=14169.2 519.562 13649.7 12178.1 1471.62 471.576 47.9866
internal_count=43200 2028 41172 36933 4239 1521 507
is_linear=0
shrinkage=0.0558338


Tree=74
num_leaves=8
num_cat=0
split_feature=6 16 6 6 8 2 6
split_gain=152.772 112.828 118.749 113.59 87.2436 92.937 29.7024
threshold=0.00091450955369509767 -0.0033058950211852785 -0.0010767318890430031 -0.000136943141114898 0.16431876271963122 26.500000000000004 0.0013462037895806136
decision_type=2 2 2 2 2 2 2
left_child=1 2 -1 -3 6 -6 -2
right_child=4 3 -4 -5 5 -7 -8
leaf_value=0.004309837472676002 0.074770439965769472 0.010158773761102653 -0.023818130141385591 -0.0011479869489623045 0.071245278032814288 -0.033224440066679205 0.0033950952200542434
leaf_weight=846.97829030102639 32.005812637679654 4694.8779442794785 1045.3956953236911 6755.3379311566641 27.575565829528273 711.12995214265368 42.06201934599828
leaf_count=2385 105 13793 2696 19763 3003 1251 204
internal_value=-3.0818e-05 0.00140079 -0.0112288 0.00348807 -0.0235322 -0.0293246 0.0342374
internal_weight=14155.4 13342.6 1892.37 11450.2 812.773 738.706 74.0678
internal_count=43200 38637 5081 33556 4563 4254 309
is_linear=0
shrinkage=0.0558338


Tree=75
num_leaves=8
num_cat=0
split_feature=20 15 0 0 14 9 4
split_gain=118.473 154.881 195.683 110.976 96.5493 34.4145 2.72942
threshold=-0.001093875558581203 0.0074128981214016685 202037896.00000003 726954.75000000012 10.278031349182131 64040.738281250007 -0.0077549363486468783
decision_type=2 2 2 2 2 2 2
left_child=3 2 -2 5 -5 -1 -3
right_child=1 6 -4 4 -6 -7 -8
leaf_value=-0.044264783837777266 0.0051777160481795521 0.090890836519746471 -0.016958948613369971 0.066722259339065296 -0.0060708017520528746 -0.017051771251304096 0.069463677743029709
leaf_weight=306.35422791118788 9315.8185932358865 26.041007409094036 1436.8793290219746 58.040765087851469 2661.3263223937984 274.83963681220769 64.276168672520853
leaf_count=1143 29412 284 3700 132 7221 379 929
internal_value=1.18407e-05 0.00283117 0.0022196 -0.00925024 -0.00451714 -0.0313961 0.0756417
internal_weight=14143.6 10843 10752.7 3300.56 2719.37 581.194 90.3172
internal_count=43200 34325 33112 8875 7353 1522 1213
is_linear=0
shrinkage=0.0558338


Tree=76
num_leaves=8
num_cat=0
split_feature=19 19 14 19 14 14 3
split_gain=76.2215 134.092 119.523 116.35 69.4186 142.493 60.7765
threshold=-0.022229011170566079 -0.014529170002788304 24.673051834106449 -0.016487592831254002 40.313875198364265 37.987976074218757 0.001951884070876986
decision_type=2 2 2 2 2 2 2
left_child=4 3 -3 -2 5 -1 -6
right_child=1 2 -4 -5 6 -7 -8
leaf_value=-0.024292349083481234 0.0035077855545289261 0.014959880516317308 -0.0033019472171100755 0.032577472827121673 -0.054650785656381741 0.091064436984552327 0.0179173974913754
leaf_weight=141.0163261066906 1088.5925177033769 1247.879613482286 10674.49463950346 708.62196292665612 207.61044391906597 43.733569841619101 43.519867723072082
leaf_count=1090 2052 2333 34540 1026 1597 180 382
internal_value=2.23107e-05 0.000752586 -0.00139054 0.0149696 -0.0229635 0.00301465 -0.042075
internal_weight=14155.5 13719.6 11922.4 1797.21 435.88 184.75 251.13
internal_count=43200 39951 36873 3078 3249 1270 1979
is_linear=0
shrinkage=0.0558338


Tree=77
num_leaves=8
num_cat=0
split_feature=6 19 7 1 5 19 5
split_gain=140.861 144.203 94.8478 89.827 86.367 9.69138 9.44289
threshold=0.0008502013806719334 0.01835262589156628 73.516017913818374 3.0100000003585595e-05 56.820428848266609 -0.0051417860668152562 61.30748367309571
decision_type=2 2 2 2 2 2 2
left_child=1 3 4 -1 -2 -4 -3
right_child=2 6 5 -5 -6 -7 -8
leaf_value=0.0075008901491975272 -0.04450718347332297 -0.046652714255158323 -0.011159705728504169 -0.0018647683696066057 0.0066361567186337444 -0.044971835984699352 -0.013337205609524424
leaf_weight=5664.6762129196222 137.33229124089246 200.76600821540211 28.567548229637282 7314.9602662132811 410.97549529014077 352.55534699498662 30.558971120096828
leaf_count=18798 1190 2471 478 16332 2481 921 529
internal_value=-3.41777e-05 0.00144392 -0.0210439 0.00222267 -0.0061735 -0.0424374 -0.0422516
internal_weight=14140.4 13211 929.431 12979.6 548.308 381.123 231.325
internal_count=43200 38130 5070 35130 3671 1399 3000
is_linear=0
shrinkage=0.0558338


Tree=78
num_leaves=8
num_cat=0
split_feature=6 16 4 17 21 15 4
split_gain=111.15 213.54 122.214 120.864 163.081 100.876 87.5294
threshold=-0.00076846813317388285 -0.003164590103551745 -0.00073182734195142974 -0.0044691136572509995 0.20145905017852786 0.0038223688025027518 0.038943663239479072
decision_type=2 2 2 2 2 2 2
left_child=3 5 -3 4 -1 -2 -5
right_child=1 2 -4 6 -6 -7 -8
leaf_value=-0.010377282151938463 0.0066943311652247458 0.0080921430419782746 -0.0041410538871501862 -0.037185187909933887 0.050338864923808534 0.046077582103096024 0.079273306312611397
leaf_weight=1115.7125656118828 353.15173441447791 3830.1418090090574 7592.6633690430026 584.54122933527401 157.35775842389558 476.06620866453682 20.836118348903483
leaf_count=3278 753 14284 20565 2675 359 1271 15
internal_value=7.86543e-06 0.00194682 -3.91824e-05 -0.0126388 -0.00287247 0.0293048 -0.0331769
internal_weight=14130.5 12252 11422.8 1878.45 1273.07 829.218 605.377
internal_count=43200 36873 34849 6327 3637 2024 2690
is_linear=0
shrinkage=0.0558338


Tree=79
num_leaves=7
num_cat=0
split_feature=13 8 15 6 19 0
split_gain=82.8267 98.7652 86.1197 15.267 27.9605 3.17543
threshold=0.16359750181436541 0.16354702413082126 0.008490953594446184 0.0013038662145845594 -0.0041735470294952384 313627760.00000006
decision_type=2 2 2 2 2 2
left_child=3 -2 -3 5 -5 -1
right_child=1 2 -4 4 -6 -7
leaf_value=-0.049434553268175724 0.060075280269265993 0.00046876294388349524 -0.053606273747867826 0.070450486212157035 -0.053756620722439835 -0.019635732728270478
leaf_weight=125.88706328794834 86.153006591923258 13807.526437970329 92.427385005134056 10.330539710893317 12.470133418938234 12.231196187391104
leaf_count=558 23 40809 997 123 91 599
internal_value=2.03247e-05 0.000478577 0.000109192 -0.0398082 0.0025192 -0.0467957
internal_weight=14147 13986.1 13900 160.919 22.8007 138.118
internal_count=43200 41829 41806 1371 214 1157
is_linear=0
shrinkage=0.0558338


Tree=80
num_leaves=8
num_cat=0
split_feature=6 1 1 16 16 19 3
split_gain=134.066 143.341 221.913 194.305 104.975 229.359 30.6292
threshold=0.00063117596437223266 3.0100000003585595e-05 4.4874999730382121e-05 -0.0015153971035033462 0.001762650616001338 -0.0051417860668152562 -0.00030401645926758642
decision_type=2 2 2 2 2 2 2
left_child=1 3 -3 -1 6 -6 -2
right_child=4 2 -4 -5 5 -7 -8
leaf_value=-0.0087555953050312309 -0.016536547560172241 -0.026337432113752158 0.000911013673868078 0.015288216900263295 0.039120300011825627 -0.020580071612318656 -0.045849270787986313
leaf_weight=1432.2876538695455 164.56388212531709 1098.8383242479294 6127.0324195936719 3903.0525368442895 268.80621461329224 790.76152522576467 342.22189051753054
leaf_count=5977 941 2700 13814 13273 1541 3754 1200
internal_value=-2.82199e-05 0.00189245 -0.00323266 0.00883359 -0.0154308 -0.00543443 -0.0363308
internal_weight=14127.6 12561.2 7225.87 5335.34 1566.35 1059.57 506.786
internal_count=43200 35764 16514 19250 7436 5295 2141
is_linear=0
shrinkage=0.0558338


Tree=81
num_leaves=8
num_cat=0
split_feature=14 16 17 4 14 17 17
split_gain=106.618 117.377 108.131 91.4235 101.71 95.6264 28.0455
threshold=77.207714080810561 0.0033592901891097431 0.0021769709419459109 -0.00018389261094853279 25.043513298034672 0.0041960175149142751 0.014578551054000856
decision_type=2 2 2 2 2 2 2
left_child=3 2 -2 4 -1 -5 -3
right_child=1 6 -4 5 -6 -7 -8
leaf_value=-0.016021783984767588 0.035007697956933988 0.05513114493024307 -0.01975874898008851 -0.0032196707796027157 0.0068684026641437747 -0.025391120313493585 -0.0045868419641509868
leaf_weight=686.55273229549766 194.52026576205844 250.98182708263408 266.17301494429609 6924.0018454843503 5103.3031147629836 664.64754680965416 27.169801151313436
leaf_count=1744 460 842 944 18334 18221 2521 134
internal_value=1.02953e-05 0.0206576 0.0033655 -0.00112998 0.00415412 -0.00516154 0.0492979
internal_weight=14117.4 738.845 460.693 13378.5 5789.86 7588.65 278.152
internal_count=43200 2380 1404 40820 19965 20855 976
is_linear=0
shrinkage=0.0558338


Tree=82
num_leaves=8
num_cat=0
split_feature=19 19 19 14 14 14 14
split_gain=70.8667 125.466 107.181 106.339 64.9867 129.25 21.7227
threshold=-0.022229011170566079 -0.014529170002788304 -0.016487592831254002 24.673051834106449 40.313875198364265 37.987976074218757 58.525211334228523
decision_type=2 2 2 2 2 2 2
left_child=4 2 -2 -3 5 -1 -6
right_child=1 3 -4 -5 6 -7 -8
leaf_value=-0.023655093212354053 0.0034175407912239272 0.014025803946331378 0.031243265254103429 -0.0031686807846737835 -0.053256059546281286 0.085284581694224051 -0.018585298362748689
leaf_weight=139.92821020241209 1089.0672496744901 1253.2100440883423 714.75976492729023 10649.570981392779 159.58072594681499 44.827534573163547 87.074565307918704
leaf_count=1090 2052 2333 1026 34540 1268 180 711
internal_value=1.99238e-05 0.000721225 0.0144434 -0.00135832 -0.0222615 0.00277709 -0.0410165
internal_weight=14138 13706.6 1803.83 11902.8 431.411 184.756 246.655
internal_count=43200 39951 3078 36873 3249 1270 1979
is_linear=0
shrinkage=0.0558338


Tree=83
num_leaves=8
num_cat=0
split_feature=6 21 9 16 9 9 5
split_gain=127.861 140.078 178.44 120.771 233.779 166.854 46.2175
threshold=0.00040845986222848302 0.61855995655059826 45.309373855590827 -0.0013204865972511468 0.81722229719161998 0.163470134139061 43.924287796020515
decision_type=2 2 2 2 2 2 2
left_child=3 6 -3 5 -5 -1 -2
right_child=1 2 -4 4 -6 -7 -8
leaf_value=0.046946418317011129 0.0063485322468257981 0.012338942456212955 -0.019731798341960254 -0.014463659704724924 0.012018523023379978 -0.0068789271794999331 -0.042522052778174987
leaf_weight=187.42594451206605 69.133400550921976 1025.2033773296241 1144.7461381226101 1272.3264100284596 5671.0937458833414 4266.1932860109755 473.53701627942706
leaf_count=443 184 5416 4165 1995 18088 11689 1220
internal_value=-3.02648e-05 -0.0109248 -0.00457982 0.00256275 0.00716587 -0.00461374 -0.0362962
internal_weight=14109.7 2712.62 2169.95 11397 6943.42 4453.62 542.67
internal_count=43200 10985 9581 32215 20083 12132 1404
is_linear=0
shrinkage=0.0558338


Tree=84
num_leaves=8
num_cat=0
split_feature=2 20 5 20 16 19 19
split_gain=108.662 120.207 119.668 118.739 129.933 114.595 82.6119
threshold=29.500000000000004 -8.4721232269657762e-05 54.561487197875984 -0.0014165191096253691 -0.0032324648927897211 -0.0085785775445401651 -0.0018298462964594362
decision_type=2 2 2 2 2 2 2
left_child=3 5 -3 6 -5 -2 -1
right_child=1 2 -4 4 -6 -7 -8
leaf_value=-0.021904354740676035 0.030905482558316388 0.044255061648633194 0.0040628890260124275 0.021164494057911341 -0.0020198180680474466 -0.0052229300068024368 0.012355519000014283
leaf_weight=1360.3220840912957 336.9783231318022 515.84616354108982 418.1196308583086 823.01355760041042 8931.4948132097452 1457.3510988354681 261.61153319811342
leaf_count=4306 695 2056 2757 2006 27020 2850 1510
internal_value=1.02414e-05 0.0100174 0.0262618 -0.00238967 -6.36966e-05 0.00156205 -0.0163784
internal_weight=14104.7 2728.3 933.966 11376.4 9754.51 1794.33 1621.93
internal_count=43200 8358 4813 34842 29026 3545 5816
is_linear=0
shrinkage=0.0558338


Tree=85
num_leaves=8
num_cat=0
split_feature=4 15 16 15 11 21 15
split_gain=81.9204 77.7381 167.767 135.863 73.7838 85.7384 11.9148
threshold=0.011880886740982534 0.0063557249959558257 -0.0032324648927897211 0.0058899545110762128 6.6140809059143075 0.76484534144401561 0.0033798653166741137
decision_type=2 2 2 2 2 2 2
left_child=1 3 -3 -1 5 -2 -6
right_child=4 2 -4 -5 6 -7 -8
leaf_value=0.00078660558938869964 -0.021918295678248621 -0.0044798809455158552 0.059865705974714294 -0.035996431859875576 -0.01735702770790119 0.067414976217688161 -0.052233214369677504
leaf_weight=12895.211735941701 121.88575687930965 308.67804830244251 213.81543427474998 320.82792949541908 36.597856476549055 46.182302287809065 184.38385519079688
leaf_count=36373 553 1119 2606 1254 328 225 742
internal_value=1.32942e-05 0.000728765 0.0218517 -0.000106327 -0.0252521 0.002629 -0.0464572
internal_weight=14127.6 13738.5 522.493 13216 389.05 168.068 220.982
internal_count=43200 41352 3725 37627 1848 778 1070
is_linear=0
shrinkage=0.0558338


Tree=86
num_leaves=8
num_cat=0
split_feature=6 20 16 21 21 18 0
split_gain=124.65 105.378 168.231 148.425 96.5431 155.162 37.9222
threshold=0.00091450955369509767 -0.0024762863758951421 -0.0026278890436515208 0.0077678416855633267 1.010914206504822 0.005143592134118081 308907664.00000006
decision_type=2 2 2 2 2 2 2
left_child=1 3 -3 -1 6 -6 -2
right_child=4 2 -4 -5 5 -7 -8
leaf_value=-0.015511161880603445 -0.040391295022587918 -0.015904843212151812 0.0025374773472314079 0.032444301336675342 0.09204257787633191 -0.015816018214782172 0.012320210670466682
leaf_weight=281.30429990484834 471.93289438851707 1806.5492773560291 10527.652573144991 706.5502923708392 52.320277238075619 202.52206373633726 46.763877780636335
leaf_count=761 3207 5062 30717 2097 134 939 283
internal_value=-2.35725e-05 0.00124162 -0.000163708 0.0187884 -0.021813 0.00632784 -0.035639
internal_weight=14095.6 13322.1 12334.2 987.855 773.539 254.842 518.697
internal_count=43200 38637 35779 2858 4563 1073 3490
is_linear=0
shrinkage=0.0558338


Tree=87
num_leaves=8
num_cat=0
split_feature=6 7 12 1 3 21 5
split_gain=103.595 113.232 120.355 103.337 99.7567 74.3799 68.5183
threshold=-0.00076846813317388285 73.516017913818374 1.0736511349678042 -4.4604999857256182e-05 0.0001968092183233239 0.56856125593185436 30.623941421508793
decision_type=2 2 2 2 2 2 2
left_child=1 2 -1 5 -5 -2 -3
right_child=3 6 -4 4 -6 -7 -8
leaf_value=-0.023541583753708229 -0.025618985823928922 0.021353390855146103 0.013330216068012648 0.0079472523489328515 -0.003265259384818405 -0.0010247724783738594 -0.035636919649680909
leaf_weight=460.14109896997672 668.16037656685455 73.319502475742297 689.53120075487607 6761.0544199295664 3900.7320906438827 899.27677580566399 638.33364290674751
leaf_count=1685 2719 183 2850 18139 12852 3163 1609
internal_value=9.38805e-06 -0.0122619 -0.00142723 0.00187712 0.00384503 -0.0115087 -0.0297654
internal_weight=14090.5 1861.33 1149.67 12229.2 10661.8 1567.44 711.653
internal_count=43200 6327 4535 36873 30991 5882 1792
is_linear=0
shrinkage=0.0558338


Tree=88
num_leaves=6
num_cat=0
split_feature=13 8 20 6 10
split_gain=77.1321 87.6405 78.7712 39.411 3.17613
threshold=0.16359750181436541 0.16354702413082126 -0.0042922918219119302 0.0013886906672269108 0.16215986758470538
decision_type=2 2 2 2 2
left_child=3 -2 -3 4 -1
right_child=1 2 -4 -5 -6
leaf_value=-0.049049420750342868 0.056297900668910175 -0.039614957458273044 0.00054980987937028249 0.064377748383378133 -0.018732169255676522
leaf_weight=133.77479434777376 87.064548525120699 153.92749031315725 13721.830878297105 10.708283395040608 11.71587895428439
leaf_count=688 23 639 41167 184 499
internal_value=1.81637e-05 0.000454644 0.000104251 -0.0389994 -0.0466081
internal_weight=14119 13962.8 13875.8 156.199 145.491
internal_count=43200 41829 41806 1371 1187
is_linear=0
shrinkage=0.0558338


Tree=89
num_leaves=8
num_cat=0
split_feature=20 16 19 11 21 19 19
split_gain=112.479 143.573 116.766 108.344 97.0018 117.321 75.1735
threshold=-0.0022563064703717823 -0.0026278890436515208 -0.017688550055027005 1.0763038396835329 0.0077678416855633267 -0.012911851052194832 -0.0080810836516320688
decision_type=2 2 2 2 2 2 2
left_child=4 3 -3 -2 6 -6 -1
right_child=1 2 -4 -5 5 -7 -8
leaf_value=-0.022541088287643139 0.005985863123813889 0.023260571316578327 -0.0007279414134634788 -0.025465222329682659 0.062445590538136746 0.014547181413203164 0.052300669200559577
leaf_weight=266.15050090387984 473.31719011584346 673.28524184797061 10458.573312383605 1225.5770032410696 204.05392795517162 728.70736280302845 49.641533111936894
leaf_count=649 1205 2651 32282 3642 1189 1351 231
internal_value=-2.76106e-05 -0.00158437 0.000722949 -0.0167029 0.0159704 0.0250256 -0.0107762
internal_weight=14079.3 12830.8 11131.9 1698.89 1248.55 932.761 315.792
internal_count=43200 39780 34933 4847 3420 2540 880
is_linear=0
shrinkage=0.0558338


Tree=90
num_leaves=8
num_cat=0
split_feature=2 19 14 16 6 21 6
split_gain=105.789 140.774 127.356 111.814 103.61 57.6331 7.35596
threshold=26.500000000000004 0.023588980548083786 77.207714080810561 0.0033592901891097431 -0.00076846813317388285 0.41988652944564825 9.5153816801030202e-05
decision_type=2 2 2 2 2 2 2
left_child=1 5 4 -4 -2 -1 -3
right_child=2 6 3 -5 -6 -7 -8
leaf_value=-0.034316764600296763 -0.012164305186968108 0.098741472945891959 0.0075171919019437318 0.054873042660958174 0.0023499540521634086 -0.0091493927364663125 0.028970642338877958
leaf_weight=468.65717277850285 1798.562692724905 33.385385254681687 412.67309446030617 249.35192428270761 10393.053285288157 718.57141650625181 5.4845979982085913
leaf_count=10785 1951 637 634 292 13602 14666 633
internal_value=9.08393e-06 -0.015661 0.00150384 0.0253538 0.000208744 -0.0190842 0.0888967
internal_weight=14079.7 1226.1 12853.6 662.025 12191.6 1187.23 38.87
internal_count=43200 26721 16479 926 15553 25451 1270
is_linear=0
shrinkage=0.0558338


Tree=91
num_leaves=8
num_cat=0
split_feature=4 3 3 19 19 19 18
split_gain=75.7945 75.9597 124.973 104.002 72.4847 159.758 25.7766
threshold=0.011880886740982534 0.00023233876709127801 -0.0025818924186751242 -0.022229011170566079 -0.01424565678462386 -0.015497073065489529 -0.0057295765727758399
decision_type=2 2 2 2 2 2 2
left_child=1 2 -1 -3 5 -2 -6
right_child=4 3 -4 -5 6 -7 -8
leaf_value=0.0124658205735769 -0.050395185888980967 -0.036478137368277368 -0.0052373912300179614 0.0080320498799649701 0.013285944120735103 0.10381558315071004 -0.042598147282979233
leaf_weight=1489.7137515978311 45.023771912553798 169.74527359104286 7509.2599621523013 4558.0446376996642 28.425163088020895 39.154970884003546 271.3976157691194
leaf_count=4479 331 1227 20880 14766 139 24 1354
internal_value=1.93155e-05 0.000703736 -0.00230676 0.00643397 -0.0244464 0.0213345 -0.0373
internal_weight=14110.8 13726.8 8998.97 4727.79 384.002 84.1787 299.823
internal_count=43200 41352 25359 15993 1848 355 1493
is_linear=0
shrinkage=0.0558338


Tree=92
num_leaves=8
num_cat=0
split_feature=6 19 16 21 18 11 5
split_gain=116.888 135.487 97.3817 92.4109 140.449 28.0557 7.7821
threshold=0.00091450955369509767 0.01835262589156628 -0.0033058950211852785 1.010914206504822 0.005143592134118081 0.1642696559429169 61.30748367309571
decision_type=2 2 2 2 2 2 2
left_child=1 2 -1 5 -5 -2 -3
right_child=3 6 -4 4 -6 -7 -8
leaf_value=-0.0099455932911577897 0.026394560682692018 -0.045772536585330106 0.003886924562539498 0.086351397152952772 -0.01532106687932943 -0.037886504482742597 -0.016653564841518274
leaf_weight=1847.6481052075633 22.132625143277039 194.39514250777032 11229.954585107114 53.713081449428216 200.30259597115486 484.90466651052412 33.549234980775481
leaf_count=4900 201 2491 30683 134 939 3289 563
internal_value=-2.84685e-05 0.00118878 0.00193262 -0.0213097 0.00617816 -0.0350806 -0.0414868
internal_weight=14066.6 13305.5 13077.6 761.053 254.016 507.037 227.944
internal_count=43200 38637 35583 4563 1073 3490 3054
is_linear=0
shrinkage=0.0558338


Tree=93
num_leaves=8
num_cat=0
split_feature=2 15 6 16 13 19 5
split_gain=98.338 134.473 117.873 162.038 99.5611 45.1817 39.6812
threshold=26.500000000000004 0.0032651865622028713 -0.00076846813317388285 -0.003164590103551745 46.318500518798835 0.023588980548083786 45.673299789428718
decision_type=2 2 2 2 2 2 2
left_child=1 6 4 -4 -2 -3 -1
right_child=2 5 3 -5 -6 -7 -8
leaf_value=-0.041724570631863828 0.0016742253342019494 0.0152175385244426 0.027464041140896647 0.0016854813299481146 -0.0246704494938805 0.083557678657249473 -0.016411498797768896
leaf_weight=254.94493620122853 871.50527111567931 127.47190845749769 821.12240556859797 10235.528082919976 918.51462281835416 39.504367655523723 795.32192436937453
leaf_count=2238 1105 16532 723 13805 846 1206 6745
internal_value=1.08695e-05 -0.0151565 0.00144801 0.00359993 -0.011844 0.0313859 -0.0225561
internal_weight=14063.9 1217.24 12846.7 11056.7 1790.02 166.976 1050.27
internal_count=43200 26721 16479 14528 1951 17738 8983
is_linear=0
shrinkage=0.0558338


Tree=94
num_leaves=7
num_cat=0
split_feature=13 8 4 19 19 16
split_gain=73.0956 79.2504 71.8171 14.0143 30.4722 0.253577
threshold=0.16359750181436541 0.16354702413082126 0.011880886740982534 -0.0036439980613067742 -0.0064736483618617049 0.005750905256718398
decision_type=2 2 2 2 2 2
left_child=3 -2 -3 4 -1 -5
right_child=1 2 -4 5 -6 -7
leaf_value=-0.037746648350558451 0.053347161535590833 0.00078135224307896898 -0.023850441325537257 -0.047712640438420467 0.072625426413945607 -0.054617046383959054
leaf_weight=32.589865810414736 87.711896723243626 13480.531167399155 379.38796106518384 89.340010783764768 10.250670246471314 20.362628554459846
leaf_count=752 23 40001 1805 419 110 90
internal_value=2.15004e-05 0.000441914 0.000107105 -0.0384186 -0.0113374 -0.0489942
internal_weight=14100.2 13947.6 13859.9 152.543 42.8405 109.703
internal_count=43200 41829 41806 1371 862 509
is_linear=0
shrinkage=0.0558338


Tree=95
num_leaves=8
num_cat=0
split_feature=13 6 19 2 4 18 15
split_gain=113.382 134.657 120.504 78.6605 47.0603 58.0878 19.2562
threshold=0.16359750181436541 0.00091450955369509767 0.01835262589156628 26.500000000000004 -3.5466309782350429e-05 -0.0013806828646920619 0.0061639221385121354
decision_type=2 2 2 2 2 2 2
left_child=4 2 -2 -3 5 -1 -6
right_child=1 3 -4 -5 6 -7 -8
leaf_value=0.053426988314752233 0.0013291954241288493 0.066908600577489263 -0.040664031991300371 -0.028205204032433265 0.06772360631923352 -0.056461601768687843 0.010693098594889152
leaf_weight=30.857144286773092 12927.170089505325 28.23573643203656 216.59762087855779 677.4129213497157 120.36901835861272 29.173865612720704 21.799017645781447
leaf_count=316 34613 3008 2952 1256 454 397 204
internal_value=-3.24538e-05 -0.000638464 0.000637184 -0.0243993 0.0414756 2.33388e-05 0.058979
internal_weight=14051.6 13849.4 13143.8 705.649 202.199 60.031 142.168
internal_count=43200 41829 37565 4264 1371 713 658
is_linear=0
shrinkage=0.0558338


Tree=96
num_leaves=8
num_cat=0
split_feature=2 6 4 20 3 11 3
split_gain=97.7071 172.75 112.299 128.461 96.4832 74.3946 70.8518
threshold=29.500000000000004 -0.00047464422823395575 -0.00028282696439418936 0.00034901680191978818 -0.0049447512719780198 65129.576171875007 -0.0059872984420508138
decision_type=2 2 2 2 2 2 2
left_child=2 6 4 -4 -1 -3 -2
right_child=1 5 3 -5 -6 -7 -8
leaf_value=-0.02035917886317402 0.032972612656123432 0.021725001170574937 -0.013934423740057799 0.0018564958017345669 0.006770087054649934 -0.0097076760597729021 -0.021696140692454371
leaf_weight=451.14299185028904 84.384274691343421 1779.7241661101757 3678.1038474157008 2850.8146325833736 4340.5675391495679 270.39541657269183 595.04042585194145
leaf_count=1356 102 5813 10209 8080 15197 765 1678
internal_value=1.09091e-05 0.00949312 -0.00227537 -0.00703941 0.00421585 0.0175793 -0.0149063
internal_weight=14050.2 2729.54 11320.6 6528.92 4791.71 2050.12 679.425
internal_count=43200 8358 34842 18289 16553 6578 1780
is_linear=0
shrinkage=0.0558338


Tree=97
num_leaves=8
num_cat=0
split_feature=18 18 5 18 14 14 14
split_gain=65.5155 81.7028 67.2735 87.7592 84.5237 54.2469 0.462566
threshold=0.010436180979013445 0.01643273048102856 39.995128631591804 -0.0024596859002485867 12.642339229583742 73.738059997558608 71.058704376220717
decision_type=2 2 2 2 2 2 2
left_child=2 5 3 -1 -4 -2 -3
right_child=1 6 4 -5 -6 -7 -8
leaf_value=0.0054266392663917633 0.037583187965349811 -0.058335817170139088 0.060732394062453461 0.059902915538699024 -0.0029764527035486391 -0.006191311772814307 -0.046790301386412519
leaf_weight=2440.1120465618815 350.78690547193401 17.141656547802107 65.305469555911259 95.807151772290126 10975.428626057757 117.91917392347119 29.324758676484556
leaf_count=4967 1010 223 51 153 36001 511 284
internal_value=2.55878e-05 0.0195692 -0.000716005 0.00748476 -0.00259962 0.0265702 -0.0510495
internal_weight=14091.8 515.172 13576.7 2535.92 11040.7 468.706 46.4664
internal_count=43200 2028 41172 5120 36052 1521 507
is_linear=0
shrinkage=0.0558338


Tree=98
num_leaves=8
num_cat=0
split_feature=13 18 1 14 4 18 15
split_gain=102.849 95.5382 125.853 48.7879 44.2357 54.2811 17.5229
threshold=0.16359750181436541 0.010436180979013445 -4.6970000767032609e-05 83.51605606079103 -3.5466309782350429e-05 -0.0013806828646920619 0.0061639221385121354
decision_type=2 2 2 2 2 2 2
left_child=4 2 -2 -3 5 -1 -6
right_child=1 3 -4 -5 6 -7 -8
leaf_value=0.050975752712216008 0.015302860629661529 -0.037005383113997113 -0.0018081355825162826 0.045714536889277874 0.065105087439665768 -0.055698125861577144 0.010555020047995863
leaf_weight=30.704740166878899 1508.3439068102107 295.55911805172309 12007.058586041587 24.034807909504707 119.26884872811982 28.836113520589699 21.69684064404484
leaf_count=316 5857 1652 34094 226 454 397 204
internal_value=-3.66108e-05 -0.000611995 0.000101483 -0.0307845 0.039665 -0.000687263 0.056709
internal_weight=14035.5 13835 13515.4 319.594 200.507 59.5409 140.966
internal_count=43200 41829 39951 1878 1371 713 658
is_linear=0
shrinkage=0.0558338


Tree=99
num_leaves=8
num_cat=0
split_feature=20 15 0 14 19 14 4
split_gain=88.4451 129.874 147.925 93.5792 86.6302 69.5045 2.35509
threshold=-0.0014165191096253691 0.0074128981214016685 199455592.00000003 33.461753845214851 -0.016879837960004803 57.27295112609864 -0.0077549363486468783
decision_type=2 2 2 2 2 2 2
left_child=3 2 -2 4 -1 -5 -3
right_child=1 6 -4 5 -6 -7 -8
leaf_value=0.03646938082410147 0.0041189987554961409 0.083096432097853848 -0.013374605795520233 -0.024428372878412045 -0.005471040228368358 0.041357232901718111 0.063254097072404106
leaf_weight=182.68348798525324 9885.6222148777451 26.616602231216241 1777.8750013913777 1084.6543078877994 962.12774308853875 52.489168375679128 62.281007252318084
leaf_count=1019 30793 291 4304 2874 2709 233 977
internal_value=1.17387e-05 0.00196486 0.00145244 -0.0100471 0.00122161 -0.0213918 0.069195
internal_weight=14034.3 11752.4 11663.5 2281.95 1144.81 1137.14 88.8976
internal_count=43200 36365 35097 6835 3728 3107 1268
is_linear=0
shrinkage=0.0558338


Tree=100
num_leaves=8
num_cat=0
split_feature=4 3 14 3 13 0 0
split_gain=66.8673 70.4514 123.361 112.821 69.3253 58.4698 10.9026
threshold=0.011880886740982534 0.00023233876709127801 28.017940521240238 -0.0025818924186751242 6.5325748920440683 206362688.00000003 740878.28125000012
decision_type=2 2 2 2 2 2 2
left_child=1 3 -3 -1 5 -2 -6
right_child=4 2 -4 -5 6 -7 -8
leaf_value=0.011759439432591647 0.026587200881323613 0.029107300600780133 0.0026281220767543486 -0.0050442413359216461 -0.0094125996190924082 -0.04509594056834839 -0.048981535142843813
leaf_weight=1494.460969946249 112.47470909192239 633.36858314357551 4092.3570131140282 7479.9180250495428 24.564473696560782 51.813564874636569 186.65778619708092
leaf_count=4479 527 1591 14402 20880 324 249 748
internal_value=2.23209e-05 0.000659438 0.00617701 -0.002246 -0.0232222 0.00397963 -0.0443798
internal_weight=14075.6 13700.1 4725.73 8974.38 375.511 164.288 211.222
internal_count=43200 41352 15993 25359 1848 776 1072
is_linear=0
shrinkage=0.0558338


Tree=101
num_leaves=8
num_cat=0
split_feature=13 19 7 16 4 18 0
split_gain=96.0376 88.2522 105.717 92.9382 41.2258 51.0037 15.761
threshold=0.16359750181436541 -0.017688550055027005 45.101165771484382 -0.0032324648927897211 -3.5466309782350429e-05 -0.0013806828646920619 308907664.00000006
decision_type=2 2 2 2 2 2 2
left_child=4 2 -2 -3 5 -1 -6
right_child=1 3 -4 -5 6 -7 -8
leaf_value=0.049370268877444633 0.024969004717279565 -0.014745508779316805 -0.016001691341885348 -0.00010983575345895298 0.066028556063230104 -0.05459543621687199 0.023083644180824012
leaf_weight=30.567200830949744 798.80721096793332 1537.8920980939984 260.3132736279631 11224.990015309455 103.94133784654524 28.356191791238516 35.82296803308175
leaf_count=316 2720 3634 1670 33805 244 397 414
internal_value=-3.41584e-05 -0.000588188 0.0148991 -0.00187339 0.0385077 -0.000662008 0.0550214
internal_weight=14020.7 13822 1059.12 12762.9 198.688 58.9234 139.764
internal_count=43200 41829 4390 37439 1371 713 658
is_linear=0
shrinkage=0.0558338


Tree=102
num_leaves=8
num_cat=0
split_feature=2 19 4 19 4 17 4
split_gain=90.2634 114.942 94.7721 129.089 91.866 39.6855 6.26115
threshold=26.500000000000004 0.023588980548083786 -0.00018389261094853279 -0.01424565678462386 0.014243479818105699 9.6313593530794619e-05 0.0023567790631204848
decision_type=2 2 2 2 2 2 2
left_child=1 5 3 -2 -4 -1 -3
right_child=2 6 4 -5 -6 -7 -8
leaf_value=-0.028822850915825152 -0.0098170422185959068 0.089570754734747016 -0.0042327770214793167 0.011162221545357441 0.02563014141780464 -0.0081747790711618838 0.036682101862769462
leaf_weight=543.55876740772055 1151.3926255073111 31.547366396273283 6883.7509822640131 4440.7862718671377 336.84686012778639 622.50603495944779 8.9596548385513213
leaf_count=12841 728 852 7997 7296 458 12610 418
internal_value=1.14441e-05 -0.0145879 0.00138626 0.00684273 -0.00283965 -0.0177998 0.0778724
internal_weight=14019.3 1206.57 12812.8 5592.18 7220.6 1166.06 40.507
internal_count=43200 26721 16479 8024 8455 25451 1270
is_linear=0
shrinkage=0.0558338


Tree=103
num_leaves=7
num_cat=0
split_feature=3 3 14 3 15 16
split_gain=64.1811 72.424 124.851 90.1502 44.8045 42.6708
threshold=0.0052203396335244187 0.00023233876709127801 28.017940521240238 -0.0025818924186751242 0.0020412071608006959 0.00224806577898562
decision_type=2 2 2 2 2 2
left_child=1 3 -3 -1 -2 -6
right_child=4 2 -4 -5 5 -7
leaf_value=0.010122040081695802 0.055849065546867888 0.030344354670043209 0.0028132441455869898 -0.0047550333913923912 -0.041983532666413317 0.00068278762077277099
leaf_weight=1525.5400580097639 20.949914535715777 588.70004966823126 4019.889829806044 7573.6577979213698 228.0633977770633 107.52388063121799
leaf_count=4590 43 1524 14077 21339 1087 540
internal_value=1.91818e-05 0.000627471 0.00633006 -0.00226079 -0.0233677 -0.028313
internal_weight=14064.3 13707.8 4608.59 9099.2 356.537 335.587
internal_count=43200 41530 15601 25929 1670 1627
is_linear=0
shrinkage=0.0558338


Tree=104
num_leaves=8
num_cat=0
split_feature=6 5 19 19 16 3 15
split_gain=106.102 140.394 143.508 139.59 124.546 41.9419 40.1247
threshold=0.00047222984721884137 51.682603836059577 -0.0051417860668152562 0.016111430712044243 -0.0013204865972511468 -0.00046834023669362063 0.0034072244307026271
decision_type=2 2 2 2 2 2 2
left_child=3 5 -3 4 -1 -2 -5
right_child=1 2 -4 6 -6 -7 -8
leaf_value=-0.0042830820740923517 -0.011029473804365746 0.02275072886724978 -0.01351287420493363 0.0026184307047054517 0.0076767387998349732 -0.046027689649339849 -0.045243608081190469
leaf_weight=4406.7305179776777 147.99513537465214 472.60282220874728 1214.2771293636151 70.264540634392574 7068.2278360938799 382.98446136716166 244.99011400286884
leaf_count=11443 601 2400 5784 949 18783 1017 2223
internal_value=-3.07121e-05 -0.0112345 -0.00335312 0.00207683 0.00308381 -0.036273 -0.034576
internal_weight=14008.1 2217.86 1686.88 11790.2 11475 530.98 315.255
internal_count=43200 9802 8184 33398 30226 1618 3172
is_linear=0
shrinkage=0.0558338


Tree=105
num_leaves=8
num_cat=0
split_feature=2 1 4 1 1 21 1
split_gain=87.54 116.765 158.908 139.458 106.621 84.8836 72.3547
threshold=29.500000000000004 3.375499909452629e-05 0.020599319599568847 4.4874999730382121e-05 1.7274999663641214e-05 0.68632104992866527 -2.7149999368702989e-06
decision_type=2 2 2 2 2 2 2
left_child=1 2 -1 -3 6 -6 -2
right_child=4 3 -4 -5 5 -7 -8
leaf_value=-0.010159756067978769 0.010458293424421353 0.024520148916237688 0.073069825587533027 -0.00037534763779773801 -0.0065929153227265377 0.026139569639517579 0.039180288923689584
leaf_weight=4630.4262228946773 676.89810389280717 798.41049132637181 72.634734401209244 5776.0700840001573 1289.6570478230797 305.48081830144315 458.70769470930497
leaf_count=18238 1380 1937 399 14268 1806 726 4446
internal_value=1.47451e-05 -0.00215716 -0.00887435 0.00264798 0.00898438 -0.0003244 0.02206
internal_weight=14008.3 11277.5 4703.06 6574.48 2730.74 1595.14 1135.61
internal_count=43200 34842 18637 16205 8358 2532 5826
is_linear=0
shrinkage=0.0558338


Tree=106
num_leaves=7
num_cat=0
split_feature=13 11 21 8 20 19
split_gain=62.2857 74.6576 129.534 83.8172 37.3097 1.9593
threshold=0.16359750181436541 0.16720387339591983 0.66810965538024913 0.16354702413082126 0.0037107424577698116 -0.021621240302920338
decision_type=2 2 2 2 2 2
left_child=4 2 -2 -3 5 -1
right_child=1 3 -4 -5 -6 -7
leaf_value=-0.021747125012198547 0.02907863583668217 0.074387124210944885 -0.01743142609067342 -0.00095962222211058853 0.07008619891868835 -0.046472930009636128
leaf_weight=10.885081560110093 654.1318645923933 46.189656019221729 261.22173788234579 12950.433213564382 9.5035264978029925 121.59234871238651
leaf_count=302 357 4 155 41313 103 966
internal_value=1.81288e-05 0.000393631 0.0158057 -0.000691842 -0.0367754 -0.0444413
internal_weight=14054 13912 915.354 12996.6 141.981 132.477
internal_count=43200 41829 512 41317 1371 1268
is_linear=0
shrinkage=0.0558338


Tree=107
num_leaves=8
num_cat=0
split_feature=6 1 1 16 5 17 5
split_gain=99.3973 142.787 252.076 175.824 118.836 156.351 33.7533
threshold=0.00040845986222848302 3.0100000003585595e-05 4.7229999836417853e-05 -0.0015153971035033462 51.682603836059577 0.00075721202301792811 43.924287796020515
decision_type=2 2 2 2 2 2 2
left_child=1 3 -3 -1 6 -6 -2
right_child=4 2 -4 -5 5 -7 -8
leaf_value=-0.0072463533611926267 0.0070952777555465226 -0.027703150740155572 0.0017571768087491476 0.016609585973229986 0.12000984579499968 -0.0048796542096330095 -0.034254811182837373
leaf_weight=1355.3014785212586 68.513536544639237 1080.2516441273292 5594.4664924556937 3328.3430130843813 31.764086467835114 1929.1512063243622 604.62655914079255
leaf_count=5846 185 2837 12339 11193 41 8994 1765
internal_value=-3.29703e-05 0.0022332 -0.00301075 0.00970642 -0.00980497 -0.00285662 -0.0300461
internal_weight=13992.4 11358.4 6674.72 4683.64 2634.06 1960.92 673.14
internal_count=43200 32215 15176 17039 10985 9035 1950
is_linear=0
shrinkage=0.0558338


Tree=108
num_leaves=8
num_cat=0
split_feature=14 3 1 14 5 14 19
split_gain=84.347 78.8817 73.7795 70.9543 57.5339 44.2796 34.9433
threshold=77.207714080810561 -0.0099590611644089205 5.3474999731406576e-05 76.757690429687514 72.676731109619155 83.51605606079103 -0.016487592831254002
decision_type=2 2 2 2 2 2 2
left_child=1 6 4 -3 -2 -4 -1
right_child=2 3 5 -5 -6 -7 -8
leaf_value=0.086596075817067686 -0.0019564499191223527 -0.0010659971308355949 0.058693903529695612 -0.042435432470051319 0.070226862810833998 0.01421013864278914 0.023961535152669924
leaf_weight=35.924801810892987 405.67848596895129 12973.268079806981 170.10579960045916 130.5456321009915 37.614338623414767 118.25162672655628 122.281088555398
leaf_count=93 1506 40192 460 165 118 296 370
internal_value=1.316e-05 -0.00100499 0.0184684 -0.00147814 0.00416846 0.0404517 0.0381844
internal_weight=13993.7 13262 731.65 13103.8 443.293 288.357 158.206
internal_count=43200 40820 2380 40357 1624 756 463
is_linear=0
shrinkage=0.0558338


Tree=109
num_leaves=7
num_cat=0
split_feature=13 11 6 6 20 15
split_gain=59.3079 69.4332 137.21 79.8321 35.2361 3.33121
threshold=0.16359750181436541 0.16720387339591983 -0.0002539766719564795 0.00047222984721884137 0.0037107424577698116 0.005240384256467224
decision_type=2 2 2 2 2 2
left_child=4 2 -2 -3 5 -1
right_child=1 3 -4 -5 -6 -7
leaf_value=-0.015508413773712475 0.033051156339444505 -0.0028151135934632102 -0.010881978320581324 0.0082398054237277692 0.06776128610208014 -0.046758101299617549
leaf_weight=11.692648864577917 545.96072264699296 10458.881671057461 373.03279097708537 2528.74604528907 9.4495337544514069 117.47813362587986
leaf_count=615 202 32094 310 9223 103 653
internal_value=2.45391e-05 0.000386775 0.0152181 -0.000662674 -0.0363156 -0.0439294
internal_weight=14045.2 13906.6 918.994 12987.6 138.62 129.171
internal_count=43200 41829 512 41317 1371 1268
is_linear=0
shrinkage=0.0558338


Tree=110
num_leaves=8
num_cat=0
split_feature=20 17 9 10 3 15 20
split_gain=106.79 106.129 136.326 96.2528 139.573 120.733 90.9909
threshold=-0.0024762863758951421 -0.004172742133960127 0.163470134139061 6.6202499866485605 -0.0076882727444171897 0.0090778074227273482 0.00037695543142035609
decision_type=2 2 2 2 2 2 2
left_child=3 2 -2 5 -5 -1 -3
right_child=1 6 -4 4 -6 -7 -8
leaf_value=-0.022784486756785457 0.053922477843299628 0.0042861200795622622 -0.022116974025249998 -0.044852816083146611 0.037011388519924804 0.096962407099409134 -0.0057066918605794947
leaf_weight=248.66090837440913 78.628196201265837 7002.939192426189 1127.1875707884205 72.324947580940716 634.51090528693442 29.345193249248041 4779.3054924427634
leaf_count=1323 150 18542 3289 86 1341 157 18312
internal_value=-3.78457e-05 -0.00138194 -0.0171586 0.017688 0.0286349 -0.0101445 0.000232673
internal_weight=13972.9 12988.1 1205.82 984.842 706.836 278.006 11782.2
internal_count=43200 40293 3439 2907 1427 1480 36854
is_linear=0
shrinkage=0.0558338


Tree=111
num_leaves=8
num_cat=0
split_feature=20 15 0 21 0 12 6
split_gain=83.9853 116.362 132.091 97.5116 89.8701 47.9017 1.8405
threshold=-0.0014165191096253691 0.0074128981214016685 201015208.00000003 -0.053734406828880303 20474064.000000004 6.5532050132751474 -0.0011625795741565523
decision_type=2 2 2 2 2 2 2
left_child=3 2 -2 5 -5 -1 -3
right_child=1 6 -4 4 -6 -7 -8
leaf_value=0.042991568637585596 0.0038680025076797396 0.078281330701240465 -0.013141402475821311 -0.01957161857111403 0.015569512076616871 0.00064173468528900223 0.060716938133149677
leaf_weight=137.49819967750366 9970.162259265986 26.846468374078114 1660.2837444536581 1655.2852972519854 262.90376925208125 211.07764954220713 60.531296593404903
leaf_count=460 30944 117 4153 4173 1658 544 1151
internal_value=1.90495e-05 0.00192212 0.00143985 -0.00981867 -0.0147552 0.0173469 0.0661135
internal_weight=13984.6 11717.8 11630.4 2266.76 1918.19 348.576 87.3778
internal_count=43200 36365 35097 6835 5831 1004 1268
is_linear=0
shrinkage=0.0558338


Tree=112
num_leaves=8
num_cat=0
split_feature=19 19 19 0 14 14 14
split_gain=59.3371 113.487 103.964 96.1176 60.4831 116.909 21.3974
threshold=-0.022229011170566079 -0.014529170002788304 -0.012486678548157213 170709000.00000003 40.313875198364265 37.987976074218757 58.525211334228523
decision_type=2 2 2 2 2 2 2
left_child=4 3 -3 -2 5 -1 -6
right_child=1 2 -4 -5 6 -7 -8
leaf_value=-0.02225078678222606 0.017072987697877798 -0.021017116311209529 6.4809349343155772e-05 -0.035403275936935159 -0.051706376433021291 0.081076339410285442 -0.016754671830073509
leaf_weight=136.66358392555588 1690.6858451198227 780.84923166094632 11027.62750077147 116.29523427861523 152.62609640495964 45.501516525415298 85.019894062794492
leaf_count=1090 2289 1368 35505 789 1268 180 711
internal_value=2.73113e-05 0.000664783 -0.00132926 0.0136957 -0.0206474 0.00355845 -0.0392021
internal_weight=14035.3 13615.5 11808.5 1806.98 419.811 182.165 237.646
internal_count=43200 39951 36873 3078 3249 1270 1979
is_linear=0
shrinkage=0.0558338


Tree=113
num_leaves=8
num_cat=0
split_feature=6 19 7 17 16 19 5
split_gain=92.1227 108.529 85.8552 81.5644 71.8577 10.6365 9.65108
threshold=0.0008502013806719334 0.01835262589156628 73.516017913818374 0.002914466662332416 -0.0013204865972511468 -0.0051417860668152562 61.30748367309571
decision_type=2 2 2 2 2 2 2
left_child=1 4 3 -2 -1 -4 -3
right_child=2 6 5 -5 -6 -7 -8
leaf_value=-0.0039703975987425144 -0.043795555562048935 -0.044162073517744801 -0.0055194629468598815 0.0088023613798033223 0.0047793638708097793 -0.042913684034749017 -0.0089218100539860644
leaf_weight=4481.7428101104761 120.16717329308688 175.85747652141836 25.700177179472576 390.83989998695938 8429.1965701598201 306.67098593706316 28.09735483743097
leaf_count=11853 721 2471 478 2950 23277 921 529
internal_value=-4.65474e-05 0.00110371 -0.0179335 -0.00356644 0.00174208 -0.0400222 -0.0393073
internal_weight=13958.3 13114.9 843.378 511.007 12910.9 332.371 203.955
internal_count=43200 38130 5070 3671 35130 1399 3000
is_linear=0
shrinkage=0.0558338


Tree=114
num_leaves=8
num_cat=0
split_feature=2 4 8 19 20 18 16
split_gain=80.6466 98.7517 113.251 100.073 95.1013 179.086 103.705
threshold=29.500000000000004 -0.00028282696439418936 64134.738281250007 -0.01424565678462386 -8.4721232269657762e-05 0.0018055611290037634 0.0036047938046976928
decision_type=2 2 2 2 2 2 2
left_child=1 3 -3 -1 6 -6 -2
right_child=4 2 -4 -5 5 -7 -8
leaf_value=-0.011517260397522449 -0.0011386338052214731 -0.0084523345685708681 0.022419442822970911 0.0082211654564506333 0.046305090061204784 -0.0024201327027336445 0.083040330220162217
leaf_weight=1017.3194745193127 1741.4493721574568 6067.1350358461204 394.52591462944929 3761.036155404769 491.32229694725163 451.01151508093574 46.850572228431702
leaf_count=2891 3502 17430 859 13662 2172 2641 43
internal_value=2.38925e-05 -0.00206699 -0.00656741 0.00401882 0.00863054 0.0229847 0.00106672
internal_weight=13970.7 11240 6461.66 4778.36 2730.63 942.334 1788.3
internal_count=43200 34842 18289 16553 8358 4813 3545
is_linear=0
shrinkage=0.0558338


Tree=115
num_leaves=8
num_cat=0
split_feature=4 8 21 6 14 0 0
split_gain=57.012 67.8532 76.2417 66.0801 138.281 105.031 10.615
threshold=0.011880886740982534 6.5329678058624276 0.76484534144401561 0.00049381362623535107 64.789299011230483 139917.54687500003 740878.28125000012
decision_type=2 2 2 2 2 2 2
left_child=3 2 -2 4 -1 -5 -3
right_child=1 6 -4 5 -6 -7 -8
leaf_value=0.00098870639954571639 -0.018809136913844237 -0.0084984406920227164 0.066501256721213417 0.032249916788597788 -0.018677097788720988 0.0031960645484725918 -0.047768657848308201
leaf_weight=9941.3570358447196 115.08657770892177 24.360746920783868 45.596025659956439 482.30667041746688 1255.3959073834758 1981.3359035204815 180.07674237533965
leaf_count=28506 552 324 221 1095 3998 7753 751
internal_value=2.33303e-05 -0.0217505 0.00539893 0.000605309 -0.00121625 0.00888393 -0.0430892
internal_weight=14025.5 365.12 160.683 13660.4 11196.8 2463.64 204.437
internal_count=43200 1848 773 41352 32504 8848 1075
is_linear=0
shrinkage=0.0558338


Tree=116
num_leaves=8
num_cat=0
split_feature=6 1 21 1 4 17 0
split_gain=90.525 232.547 264.152 213.537 101.821 62.3375 58.7747
threshold=-0.000136943141114898 3.0395000067073855e-05 0.32220023870468145 4.4874999730382121e-05 -0.0029908214928582306 -0.0020266765495762225 203225336.00000003
decision_type=2 2 2 2 2 2 2
left_child=1 2 -1 -3 6 -6 -2
right_child=4 3 -4 -5 5 -7 -8
leaf_value=0.0034074184844014063 -0.023396628035785596 -0.030886578265067795 0.042242957816273949 0.0028109329103369997 -0.019798751481064983 0.0001900196481103138 0.022310516959638878
leaf_weight=1338.8109637269422 1041.6067522620401 711.1949903185191 922.01136606573618 3336.4793931012182 529.5340195447543 5967.5810730601015 95.767012344217164
leaf_count=6052 4781 1415 3187 7794 1278 18020 673
internal_value=-4.74082e-05 0.00490174 0.0192454 -0.00310987 -0.00413697 -0.00143912 -0.0195481
internal_weight=13943 6308.5 2260.82 4047.67 7634.49 6497.12 1137.37
internal_count=43200 18448 9239 9209 24752 19298 5454
is_linear=0
shrinkage=0.0558338


Tree=117
num_leaves=8
num_cat=0
split_feature=6 16 7 16 14 2 4
split_gain=82.9592 147.144 104.379 111.542 95.7342 95.1148 59.707
threshold=-0.00076846813317388285 -0.003164590103551745 73.516017913818374 -0.0019100954523310063 25.475717544555668 29.500000000000004 -0.012959436513483523
decision_type=2 2 2 2 2 2 2
left_child=2 4 3 -1 -2 -3 -4
right_child=1 5 6 -5 -6 -7 -8
leaf_value=0.0076486497638737312 -0.020020852639555737 -0.0024662226610953322 0.0042819421852585398 -0.037686152615536601 0.032226551126686175 0.010600729490452468 -0.036731143223076183
leaf_weight=919.2138909920094 129.14589060635763 9165.039365249806 138.98159175205353 207.35205422892852 712.45614102382433 2142.541343942301 542.93826183220756
leaf_count=3369 251 27754 190 1166 1773 7095 1602
internal_value=2.52677e-05 0.00168603 -0.0111315 -0.000695526 0.0242091 9.68142e-06 -0.0283723
internal_weight=13957.7 12149.2 1808.49 1126.57 841.602 11307.6 681.92
internal_count=43200 36873 6327 4535 2024 34849 1792
is_linear=0
shrinkage=0.0558338


Tree=118
num_leaves=7
num_cat=0
split_feature=3 3 14 3 15 15
split_gain=58.1749 65.5622 113.27 87.2851 41.5322 40.042
threshold=0.0052203396335244187 0.00023233876709127801 28.017940521240238 1.0000000180025095e-35 0.0020412071608006959 0.0043811961077153691
decision_type=2 2 2 2 2 2
left_child=1 3 -3 -1 -2 -6
right_child=4 2 -4 -5 5 -7
leaf_value=-0.00010689703459555226 0.053478655181685028 0.028825985553696434 0.0026628699578708642 -0.016815621557260928 -0.044327911358831899 -0.0049781018035178768
leaf_weight=7950.372960502079 21.096463237219382 591.98238276564462 4011.58956858275 1110.8253906735763 186.70670846224124 141.87621477380748
leaf_count=22401 43 1524 14077 3528 800 827
internal_value=2.59264e-05 0.00060138 0.00602724 -0.00215524 -0.0224617 -0.0273374
internal_weight=14014.4 13664.8 4603.57 9061.2 349.679 328.583
internal_count=43200 41530 15601 25929 1670 1627
is_linear=0
shrinkage=0.0558338


Tree=119
num_leaves=8
num_cat=0
split_feature=19 0 1 14 21 0 19
split_gain=76.628 101.367 117.444 75.1752 95.5192 84.3049 2.99106
threshold=-0.017688550055027005 313627760.00000006 5.3879999541095465e-05 39.46484565734864 0.39941702783107763 138316.21093750003 -0.022229011170566079
decision_type=2 2 2 2 2 2 2
left_child=1 2 -1 5 -5 -2 -3
right_child=3 6 -4 4 -6 -7 -8
leaf_value=0.036274707432035681 0.021216243799450051 -0.04060569159242064 -0.0018397606339991279 -0.013718160885747992 -0.00059647111531434174 0.0010503913874179646 -0.064860827035178231
leaf_weight=542.1939434631397 796.09882498408206 28.91595551784944 470.92625782921857 2394.8501883376321 6224.3623568204202 3433.8734231695116 35.07432699185604
leaf_count=3531 1776 426 718 6650 21314 8672 113
internal_value=-5.14151e-05 0.0142533 0.018558 -0.00125054 -0.00424234 0.00484569 -0.0539004
internal_weight=13926.3 1077.11 1013.12 12849.2 8619.21 4229.97 63.9903
internal_count=43200 4788 4249 38412 27964 10448 539
is_linear=0
shrinkage=0.0558338


Tree=120
num_leaves=8
num_cat=0
split_feature=14 16 14 17 20 4 17
split_gain=76.2482 100.563 99.059 76.5045 90.6588 69.8207 26.7088
threshold=77.207714080810561 0.0033592901891097431 84.569900512695327 0.0041960175149142751 0.00033646273368503904 0.0017762928036972883 0.014578551054000856
decision_type=2 2 2 2 2 2 2
left_child=3 2 -2 4 -1 -5 -3
right_child=1 6 -4 5 -6 -7 -8
leaf_value=-0.00285388788832319 0.016489332901170675 0.050304853979246694 -0.04373033785993103 -0.0049437578891231926 0.0076573560884025853 -0.03458766141843831 -0.0083513316411216749
leaf_weight=8438.8713855406295 345.0907375130646 244.78087940143246 113.05221630440337 728.52926164604719 3670.5974301505212 375.27946482045195 26.855341560759598
leaf_count=23648 1093 842 311 2955 12410 1807 134
internal_value=1.99139e-05 0.0175887 0.00162941 -0.000950425 0.000332259 -0.0150223 0.0445058
internal_weight=13943.1 729.779 458.143 13213.3 12109.5 1103.81 271.636
internal_count=43200 2380 1404 40820 36058 4762 976
is_linear=0
shrinkage=0.0558338


Tree=121
num_leaves=8
num_cat=0
split_feature=18 19 14 20 18 21 19
split_gain=54.6669 77.9679 91.6023 63.2612 62.3819 45.5076 44.9755
threshold=0.010436180979013445 0.021819981746375564 73.738059997558608 0.0023952001938596372 0.0035127813462167983 0.70484220981597911 0.0078180516138672846
decision_type=2 2 2 2 2 2 2
left_child=3 2 -2 4 -1 -3 -5
right_child=1 5 -4 6 -6 -7 -8
leaf_value=-0.0015885764864582096 0.045160759459780569 0.065206993286181944 -0.022100393065915838 -0.029267690706295202 0.0091537972638139255 -0.031800502555623701 0.021041671768389107
leaf_weight=11077.872897302603 297.44928596671821 17.365407197364092 80.123474521188484 366.795181579249 1987.5586627919474 114.31657888670004 65.249648904948515
leaf_count=32003 770 120 506 1588 6638 632 943
internal_value=2.80345e-05 0.0179857 0.0308875 -0.000649501 4.55906e-05 -0.0190077 -0.0216697
internal_weight=14006.7 509.255 377.573 13497.5 13065.4 131.682 432.045
internal_count=43200 2028 1276 41172 38641 752 2531
is_linear=0
shrinkage=0.0558338


Tree=122
num_leaves=8
num_cat=0
split_feature=20 21 19 2 0 21 19
split_gain=97.3172 114.214 124.393 96.5888 102.685 101.316 55.4171
threshold=-0.0024762863758951421 0.0077678416855633267 -0.0019597951322793956 26.500000000000004 326105328.00000006 0.34993304312229162 -0.029159815981984135
decision_type=2 2 2 2 2 2 2
left_child=1 6 -3 4 -2 -5 -1
right_child=3 2 -4 5 -6 -7 -8
leaf_value=0.035481643739076106 0.018144806099373408 0.041391717804098345 -0.014362518262185911 -0.010026936301872746 -0.033388012089571463 0.00088702218514067352 -0.026615185121706981
leaf_weight=56.473463216371584 1192.6583305853767 548.05828354493917 161.51136023273762 4098.5044948949817 134.09332753060312 7510.8177176416193 216.78338644687332
leaf_count=199 23761 1657 489 4986 857 10689 562
internal_value=-4.81598e-05 0.0168895 0.028701 -0.00133501 0.0129364 -0.00296599 -0.0137818
internal_weight=13918.9 982.826 709.57 12936.1 1326.75 11609.3 273.257
internal_count=43200 2907 2146 40293 24618 15675 761
is_linear=0
shrinkage=0.0558338


Tree=123
num_leaves=8
num_cat=0
split_feature=2 15 19 11 2 21 18
split_gain=76.7418 117.124 79.3219 102.448 98.6439 39.3144 37.3169
threshold=26.500000000000004 0.0032651865622028713 -0.01424565678462386 0.16501271724700931 28.500000000000004 0.4768757969141007 -0.0043307568412274114
decision_type=2 2 2 2 2 2 2
left_child=1 5 4 -4 -2 -1 -3
right_child=2 6 3 -5 -6 -7 -8
leaf_value=-0.033602041403361198 0.034319235958032372 -0.039595959055475645 -0.024058640267024554 0.004424432108831684 -0.011496043379995161 -0.011373188753367645 0.039696340247284322
leaf_weight=426.55286901749616 157.61080976427229 21.17768949852524 409.6346409153175 10096.944444095228 2078.5884229243416 592.654405492558 146.49212616260382
leaf_count=3913 708 4411 69 14914 788 5070 13327
internal_value=1.68536e-05 -0.0135623 0.00128163 0.00331392 -0.00826691 -0.0206763 0.0296813
internal_weight=13929.7 1186.88 12742.8 10506.6 2236.2 1019.21 167.67
internal_count=43200 26721 16479 14983 1496 8983 17738
is_linear=0
shrinkage=0.0558338


Tree=124
num_leaves=7
num_cat=0
split_feature=13 15 14 15 6 0
split_gain=56.7914 64.9539 234.147 147.669 28.9299 3.44149
threshold=0.16359750181436541 0.0063557249959558257 49.527158737182624 0.0058899545110762128 0.0013886906672269108 313627760.00000006
decision_type=2 2 2 2 2 2
left_child=4 3 -3 -2 5 -1
right_child=1 2 -4 -5 -6 -7
leaf_value=-0.046494313509424505 0.00052141195974608854 0.066770094663730323 -0.010392928797390007 -0.038951259924310186 0.053223254425092466 -0.014201355895792049
leaf_weight=112.93687911532336 13043.111573883591 201.59366511340056 312.82955168219007 302.30158900704919 10.438524002633697 11.318976791936477
leaf_count=570 36981 1871 1723 1254 184 617
internal_value=2.70766e-05 0.000377711 0.0198459 -0.000372727 -0.0360527 -0.0435526
internal_weight=13994.5 13859.8 514.423 13345.4 134.694 124.256
internal_count=43200 41829 3594 38235 1371 1187
is_linear=0
shrinkage=0.0558338


Tree=125
num_leaves=8
num_cat=0
split_feature=20 18 20 21 21 14 15
split_gain=92.8952 146.831 85.2644 78.8539 130.875 62.0672 61.4479
threshold=-0.0016183216939680276 -0.0050133327022194854 0.00037695543142035609 0.044983813539147384 0.076748393476009383 36.406173706054695 0.0024655405431985859
decision_type=2 2 2 2 2 2 2
left_child=3 6 -3 5 -5 -1 -2
right_child=1 2 -4 4 -6 -7 -8
leaf_value=-0.016287008794251139 0.038070101798306957 0.0042531755494740527 -0.0057718470040204872 0.068683223353603051 0.01185292287110412 0.026512662314832115 -0.026839314166924876
leaf_weight=479.21864037809166 47.963668591580131 5918.5697003905789 4781.4432327564082 137.66682292345126 1533.437046872936 135.49157708719247 873.08280811302677
leaf_count=1415 110 16771 18385 339 3760 300 2120
internal_value=-4.41284e-05 -0.00206797 -0.000226639 0.0102451 0.0165346 -0.0068533 -0.0234591
internal_weight=13906.9 11621.1 10700 2285.81 1671.1 614.71 921.046
internal_count=43200 37386 35156 5814 4099 1715 2230
is_linear=0
shrinkage=0.0558338


Tree=126
num_leaves=8
num_cat=0
split_feature=6 16 13 15 14 4 18
split_gain=74.428 132.674 94.6061 169.305 91.6081 89.498 88.0483
threshold=-0.00076846813317388285 -0.003164590103551745 46.318500518798835 0.0030074947280809288 62.987997055053718 -0.011645063292235134 -0.0088133523240685446
decision_type=2 2 2 2 2 2 2
left_child=2 4 3 -1 -2 -4 -3
right_child=1 6 5 -5 -6 -7 -8
leaf_value=0.068972065680849404 0.012560271278888339 0.09399454574890137 0.010584275729850578 -0.0065945384584243745 0.055553738390092672 -0.0324241955525029 -0.0002762930571837723
leaf_weight=104.84555708506377 640.54732790765729 30.970912210021197 191.32087242185435 780.39216990063744 203.60760825360967 712.76961634266434 11256.162401462707
leaf_count=187 1818 355 266 3841 206 2033 34494
internal_value=1.12646e-05 0.0015792 -0.010619 0.0023554 0.0229302 -0.0233229 -1.7622e-05
internal_weight=13920.6 12131.3 1789.33 885.238 844.155 904.09 11287.1
internal_count=43200 36873 6327 4028 2024 2299 34849
is_linear=0
shrinkage=0.0558338


Tree=127
num_leaves=7
num_cat=0
split_feature=13 15 15 16 5 9
split_gain=54.4383 60.3377 137.68 134.162 29.2256 3.66085
threshold=0.16359750181436541 0.0063557249959558257 0.0058899545110762128 -0.0032324648927897211 65.579254150390639 0.163470134139061
decision_type=2 2 2 2 2 2
left_child=4 2 -2 -3 5 -1
right_child=1 3 -4 -5 -6 -7
leaf_value=-0.045693557598296353 0.00051225389073433119 -0.0047000426260051789 -0.037855657454943875 0.053276766827815278 0.05949560456159958 -0.0086844596480583729
leaf_weight=113.28654230437093 13043.681924824901 302.43891531381593 298.22693744166645 211.39986171245113 9.3401775948523049 8.9936894804772702
leaf_count=1227 36981 1069 1254 2525 64 80
internal_value=3.82098e-05 0.000377701 -0.00034537 0.0191524 -0.0357002 -0.0429715
internal_weight=13987.4 13855.7 13341.9 513.839 131.62 122.28
internal_count=43200 41829 38235 3594 1371 1307
is_linear=0
shrinkage=0.0558338


Tree=128
num_leaves=7
num_cat=0
split_feature=20 16 14 11 9 19
split_gain=88.7336 116.914 110.802 117.893 105.486 103.679
threshold=-0.0028049218235537405 -0.0033058950211852785 48.989624023437507 6.6301479339599618 0.163470134139061 -0.016487592831254002
decision_type=2 2 2 2 2 2
left_child=2 4 3 -1 -2 -3
right_child=1 5 -4 -5 -6 -7
leaf_value=-0.036541744245951788 0.036590910424970501 0.017542090466821508 0.083532195934171966 0.025639947941485455 -0.020834370587614996 -0.00084880675659283061
leaf_weight=122.41278129866947 108.15301136807307 1048.0341694599101 76.3640268272095 425.24158210010427 1278.9099925557618 10835.161983778571
leaf_count=1039 183 3338 106 1078 3594 33862
internal_value=-4.97518e-05 -0.00101732 0.0205264 0.011741 -0.0163568 0.000773172
internal_weight=13894.3 13270.3 624.018 547.654 1387.06 11883.2
internal_count=43200 40977 2223 2117 3777 37200
is_linear=0
shrinkage=0.0558338


Tree=129
num_leaves=8
num_cat=0
split_feature=1 4 19 9 6 7 0
split_gain=74.3519 90.222 108.088 106.466 76.6965 79.3605 73.5662
threshold=-4.4604999857256182e-05 -0.00018389261094853279 -0.01424565678462386 0.163470134139061 0.00021405097504612061 566.77401733398449 326105328.00000006
decision_type=2 2 2 2 2 2 2
left_child=4 2 -2 -3 6 -6 -1
right_child=1 3 -4 -5 5 -7 -8
leaf_value=-0.025678811794260879 -0.0096100473219353204 -0.035104709788982801 0.010619245699244545 -0.0012730902886509646 -0.0054172837363310918 0.046880680611078696 0.050495743072325579
leaf_weight=854.00943521826321 1011.4245470414626 303.39277593428596 4429.1948340675135 6556.2557219458504 604.11214646618635 106.38319184636941 41.441118526939135
leaf_count=3462 2115 562 15720 18100 2603 414 224
internal_value=1.40205e-05 0.00148921 0.00685857 -0.00276942 -0.0112847 0.00241334 -0.0221535
internal_weight=13906.2 12300.3 5440.62 6859.65 1605.95 710.495 895.451
internal_count=43200 36497 17835 18662 6703 3017 3686
is_linear=0
shrinkage=0.0558338


Tree=130
num_leaves=8
num_cat=0
split_feature=3 3 2 3 16 3 6
split_gain=53.3922 60.6134 63.0093 61.9101 25.4314 92.0541 27.5233
threshold=0.0052203396335244187 0.0026767526287585501 28.500000000000004 0.0013701902935281398 0.00224806577898562 0.010650482028722765 -0.00059924824745394279
decision_type=2 2 2 2 2 2 2
left_child=1 3 -3 -1 6 -6 -2
right_child=4 2 -4 -5 5 -7 -8
leaf_value=0.00095119627991748716 -0.00798960277413081 -0.032072716653937121 0.023958138406553864 -0.012799579111908167 -0.052386688785373808 0.051999040403139137 -0.046906724815300817
leaf_weight=11893.507476217614 92.647942603279603 70.566874043385496 551.89708282801189 1116.5293389792187 51.354292246070443 54.060473220854234 145.8121321208846
leaf_count=35169 428 1880 625 3856 377 165 700
internal_value=3.73581e-05 0.000585447 0.0176061 -0.000228904 -0.021691 0.00114606 -0.0317864
internal_weight=13976.4 13632.5 622.464 13010 343.875 105.415 238.46
internal_count=43200 41530 2505 39025 1670 542 1128
is_linear=0
shrinkage=0.0558338


Tree=131
num_leaves=8
num_cat=0
split_feature=20 17 6 6 21 20 17
split_gain=82.9011 161.333 123.578 75.8004 87.2367 72.3762 0.0821574
threshold=-0.0016183216939680276 -0.003735945792868733 -0.00085016875527799119 0.00043480265594553208 0.044983813539147384 -0.0014752245042473076 -0.00086305572767741967
decision_type=2 2 2 2 2 2 2
left_child=3 5 -3 4 -1 -2 -5
right_child=1 2 -4 6 -6 -7 -8
leaf_value=-0.0066329622257833383 0.051592660284384105 0.040459876149137215 -0.0010747151876807353 -0.054169035962307793 0.018144970064065645 -0.030208538172175194 -0.049992280157979206
leaf_weight=610.65305312891246 35.319340647272043 228.1248008574421 10588.563575776574 33.899383321421695 1613.0213920124054 744.03366723631996 25.901008559606495
leaf_count=1715 279 1449 33383 161 3805 2275 133
internal_value=-5.16661e-05 -0.00196651 -0.000198747 0.00967238 0.0113406 -0.0265014 -0.05236
internal_weight=13879.5 11596 10816.7 2283.47 2223.67 779.353 59.8004
internal_count=43200 37386 34832 5814 5520 2554 294
is_linear=0
shrinkage=0.0558338


Tree=132
num_leaves=8
num_cat=0
split_feature=2 15 14 16 17 21 16
split_gain=72.483 108.407 92.9256 95.0689 79.2375 37.111 35.3549
threshold=26.500000000000004 0.0032651865622028713 77.207714080810561 0.0033592901891097431 0.0041960175149142751 0.4768757969141007 -0.0021965656196698542
decision_type=2 2 2 2 2 2 2
left_child=1 5 4 -4 -2 -1 -3
right_child=2 6 3 -5 -6 -7 -8
leaf_value=-0.032857847814985325 0.0014970913222060933 -0.013958181158529776 0.0054283081965536498 0.049601800865889355 -0.014790173696643387 -0.011143530218226186 0.043603043382138926
leaf_weight=419.59964075915389 11046.942281697702 45.497938685182547 410.52864494231744 241.07266033100041 1016.88516819908 590.87465747113481 123.71813822007088
leaf_count=3913 14012 4775 634 292 1541 5070 12963
internal_value=5.20583e-06 -0.0132341 0.0012335 0.0217712 0.000124204 -0.0201604 0.0281263
internal_weight=13895.1 1179.69 12715.4 651.601 12063.8 1010.47 169.216
internal_count=43200 26721 16479 926 15553 8983 17738
is_linear=0
shrinkage=0.0558338


Tree=133
num_leaves=8
num_cat=0
split_feature=19 19 18 19 14 14 14
split_gain=53.31 97.6686 95.3548 95.3484 56.6069 108.594 20.6334
threshold=-0.022229011170566079 -0.014529170002788304 -1.0000000180025095e-35 -0.012486678548157213 40.313875198364265 37.987976074218757 58.525211334228523
decision_type=2 2 2 2 2 2 2
left_child=4 2 -2 -3 5 -1 -6
right_child=1 3 -4 -5 6 -7 -8
leaf_value=-0.021612295105279868 0.0082682880358906606 -0.020196565746836898 0.04962326748900632 0.00012111293190656617 -0.05061881094666399 0.077638950424481823 -0.015930009512409325
leaf_weight=135.03770793278881 1620.7604087659479 770.61646168433981 194.69169797622772 10972.190833210996 147.35842891381509 46.097224308140284 83.883827443336287
leaf_count=1090 2485 1368 593 35505 1268 180 711
internal_value=4.95544e-05 0.000651059 0.0127033 -0.00121223 -0.0197269 0.00364626 -0.0380353
internal_weight=13970.6 13558.3 1815.45 11742.8 412.377 181.135 231.242
internal_count=43200 39951 3078 36873 3249 1270 1979
is_linear=0
shrinkage=0.0558338


Tree=134
num_leaves=8
num_cat=0
split_feature=20 21 16 8 8 20 14
split_gain=79.0371 126.486 104.835 118.236 102.271 90.856 42.667
threshold=-0.0028049218235537405 0.0077678416855633267 -0.0026278890436515208 1.0690042972564699 0.16354702413082126 0.00037695543142035609 20.57629489898682
decision_type=2 2 2 2 2 2 2
left_child=1 6 3 -2 -3 -4 -1
right_child=2 4 5 -5 -6 -7 -8
leaf_value=-0.037628072761114531 0.010387938004712736 -0.05176654982486871 0.0050933118383574734 -0.021269408079822645 0.048095317019155988 -0.0051459744949236856 0.0098669701741535727
leaf_weight=112.85669583685575 496.65097333637982 35.16487463477938 6879.3221680126053 1417.4575211216145 351.93101804219737 4448.4324902112867 123.47828251686707
leaf_count=251 1383 104 17991 4109 1512 17494 356
internal_value=-5.51481e-05 0.0193729 -0.000969825 -0.0130553 0.0390236 0.00107232 -0.0128133
internal_weight=13865.3 623.431 13241.9 1914.11 387.096 11327.8 236.335
internal_count=43200 2223 40977 5492 1616 35485 607
is_linear=0
shrinkage=0.0558338


Tree=135
num_leaves=8
num_cat=0
split_feature=6 15 8 2 17 17 4
split_gain=69.7661 105.01 112.174 111.079 99.8137 103.454 67.4207
threshold=-0.00076846813317388285 0.0028873051051050429 570.16519165039074 29.500000000000004 -0.0044691136572509995 -0.0059983264654874793 0.038943663239479072
decision_type=2 2 2 2 2 2 2
left_child=4 2 -2 -3 5 -1 -6
right_child=1 3 -4 -5 6 -7 -8
leaf_value=-0.010858463474570574 -0.011554570081254266 0.0026352500247841591 0.0057634613916745818 0.020949391577428943 -0.033929818301449859 0.026579613380697614 0.068656761189021087
leaf_weight=914.9027816520545 2984.0348302573366 5962.6463523451857 1913.7414695116495 1248.6033153534026 530.24660139916057 307.41211074975013 20.75293310449581
leaf_count=2580 6172 20180 6688 3833 2675 1057 15
internal_value=6.56912e-06 0.00152127 -0.00478778 0.00580628 -0.0103365 -0.00144279 -0.030066
internal_weight=13882.3 12109 4897.78 7211.25 1773.31 1222.31 551
internal_count=43200 36873 12860 24013 6327 3637 2690
is_linear=0
shrinkage=0.0558338


Tree=136
num_leaves=8
num_cat=0
split_feature=3 14 3 14 14 6 21
split_gain=51.7971 134.35 101.384 128.466 76.0746 72.1903 59.9522
threshold=-0.0025818924186751242 38.197095870971687 -0.00016895325097721067 45.031501770019538 23.815743446350101 0.00047222984721884137 0.12628726661205295
decision_type=2 2 2 2 2 2 2
left_child=1 4 3 -2 -1 -4 -3
right_child=2 6 5 -5 -6 -7 -8
leaf_value=0.0076261699858746054 0.0023792774847074538 -0.020331729317907749 -0.00030289835852038521 -0.01798195930391977 -0.036375158144882326 0.012530616250444616 0.025619606499686864
leaf_weight=246.06853239560354 1789.072343247929 97.81683297849986 6846.3210207054399 2099.7316554482177 243.90284426080785 1707.126089688918 930.49926736440648
leaf_count=432 5850 257 18449 9054 961 5257 2940
internal_value=4.81219e-05 0.00978391 -0.00113991 -0.00861463 -0.0142773 0.00225846 0.0212486
internal_weight=13960.5 1518.29 12442.3 3888.8 489.971 8553.45 1028.32
internal_count=43200 4590 38610 14904 1393 23706 3197
is_linear=0
shrinkage=0.0558338


Tree=137
num_leaves=8
num_cat=0
split_feature=6 1 1 6 17 20 0
split_gain=79.1367 98.884 176.337 166.764 98.6967 185.993 25.5678
threshold=0.00063117596437223266 3.0100000003585595e-05 4.4874999730382121e-05 -0.00012493599933804941 0.0019200132228434088 0.00047954650653991854 1331824.3750000002
decision_type=2 2 2 2 2 2 2
left_child=1 3 -3 -1 6 -6 -2
right_child=4 2 -4 -5 5 -7 -8
leaf_value=0.018541666073100795 -0.020461124945843019 -0.02404300848929989 0.00074027275361177567 -0.0014442950179956403 0.048780721092374725 -0.014055413561396947 -0.048860209430294788
leaf_weight=2282.5422615013254 180.06810884177435 1050.4885767754195 6046.4499867034147 3028.1860833224941 176.84157488697235 865.84698720426957 219.05120200190913
leaf_count=9337 412 2700 13814 9913 702 5403 919
internal_value=-5.50926e-05 0.00138363 -0.00292815 0.00714564 -0.0124362 -0.00339831 -0.0360476
internal_weight=13849.5 12407.7 7096.94 5310.73 1441.81 1042.69 399.119
internal_count=43200 35764 16514 19250 7436 6105 1331
is_linear=0
shrinkage=0.0558338


Tree=138
num_leaves=8
num_cat=0
split_feature=1 21 21 1 14 15 7
split_gain=68.0993 76.2388 81.1746 68.3082 127.286 122.642 61.1415
threshold=-4.4604999857256182e-05 0.56856125593185436 0.16526906192302707 1.4924999959475828e-05 55.923299789428718 0.0038689713692292575 566.77401733398449
decision_type=2 2 2 2 2 2 2
left_child=1 2 -1 5 -5 -2 -3
right_child=3 6 -4 4 -6 -7 -8
leaf_value=0.013873248831879478 0.019389836469023237 -0.0057927737979179585 -0.033676055965668639 -0.0049700133309161197 0.0086330153862621689 -0.0068754008033653042 0.036621804673527707
leaf_weight=139.0028037380788 1528.9945536551613 756.40902854606975 574.55416786240346 6729.2681165477079 3147.3396585356477 869.29614545197819 123.20744373968296
leaf_count=1051 7724 2686 2487 14685 8298 5790 479
internal_value=7.69749e-06 -0.0108525 -0.0244133 0.00141726 -0.00063519 0.00986961 0.000148215
internal_weight=13868.1 1593.17 713.557 12274.9 9876.61 2398.29 879.616
internal_count=43200 6703 3538 36497 22983 13514 3165
is_linear=0
shrinkage=0.0558338


Tree=139
num_leaves=8
num_cat=0
split_feature=14 18 19 6 15 15 9
split_gain=50.9178 101.949 96.4075 81.6062 48.5671 71.0566 0.579816
threshold=78.885280609130874 0.0035127813462167983 -0.0063218509312719098 0.00079554796684533368 0.0038223688025027518 0.003743981360457838 0.83024445176124584
decision_type=2 2 2 2 2 2 2
left_child=1 3 -3 -1 5 -2 -6
right_child=4 2 -4 -5 6 -7 -8
leaf_value=-0.00080937969097189281 -0.01570332585992093 -0.039610836522332146 0.013110098963978712 -0.028944143859295873 -0.04114563744141983 0.068129351938473068 -0.048879490631988418
leaf_weight=10623.721788406314 285.22568055175577 113.17526832242174 2424.6299203232597 331.41472276811328 45.434831237538134 35.434697209043861 90.245344370096717
leaf_count=29975 1028 839 8613 1903 143 45 654
internal_value=5.50272e-05 0.000675392 0.010759 -0.00166051 -0.0182877 -0.00643936 -0.0462897
internal_weight=13949.3 13492.9 2537.81 10955.1 456.341 320.66 135.68
internal_count=43200 41330 9452 31878 1870 1073 797
is_linear=0
shrinkage=0.0558338


Tree=140
num_leaves=8
num_cat=0
split_feature=20 18 5 21 20 15 15
split_gain=74.536 131.902 77.1271 92.2648 69.1553 56.9178 26.6316
threshold=-0.0016183216939680276 -0.0050133327022194854 48.43291091918946 0.29369872808456426 0.00037695543142035609 0.0024655405431985859 0.0044665129389613875
decision_type=2 2 2 2 2 2 2
left_child=2 5 3 -1 -3 -2 -4
right_child=1 4 6 -5 -6 -7 -8
leaf_value=0.0063907599775972646 0.03649545971832556 0.0038760018023119244 0.00048491430695224517 0.03792716649379884 -0.0051767685699431803 -0.02574288655809797 -0.060172634031866505
leaf_weight=1835.8385432893811 48.407677364248002 5917.357267003189 34.689818861480504 343.2835978220578 4736.0759348124311 852.41889397339969 64.554166565338605
leaf_count=4530 110 16771 53 988 18385 2120 243
internal_value=-6.32085e-05 -0.0018832 0.00916648 0.0113588 -0.000148486 -0.0223984 -0.0389703
internal_weight=13832.6 11554.3 2278.37 2179.12 10653.4 900.827 99.244
internal_count=43200 37386 5814 5518 35156 2230 296
is_linear=0
shrinkage=0.0558338


Tree=141
num_leaves=8
num_cat=0
split_feature=4 9 14 14 7 15 6
split_gain=67.977 94.0642 92.537 143.146 88.1312 86.8928 33.1986
threshold=-0.00018389261094853279 0.163470134139061 25.043513298034672 10.278031349182131 570.19216918945324 0.00534349074587226 -0.00011386967889848164
decision_type=2 2 2 2 2 2 2
left_child=2 6 3 -1 -4 -3 -2
right_child=1 5 4 -5 -6 -7 -8
leaf_value=0.074727437414665129 -0.044523440873694899 -0.0034756504584534469 0.003244904674910354 -0.022627213667869048 0.020954370200520159 0.026781444890343124 -0.00067278493594539763
leaf_weight=50.977629614680382 228.22188373492276 7178.66373408052 4301.2876360289829 616.21644537325733 1100.0620398609744 308.60539861002235 70.432557795930791
leaf_count=104 309 17984 13468 1640 5881 3432 382
internal_value=-1.42152e-06 -0.00345421 0.0044285 -0.0151887 0.00685169 -0.00222853 -0.034182
internal_weight=13854.5 7785.92 6068.54 667.194 5401.35 7487.27 298.654
internal_count=43200 22107 21093 1744 19349 21416 691
is_linear=0
shrinkage=0.0558338


Tree=142
num_leaves=8
num_cat=0
split_feature=3 3 3 19 21 3 21
split_gain=50.5568 56.7669 82.7417 67.1849 20.9911 62.252 28.6594
threshold=0.0052203396335244187 0.00023233876709127801 1.0000000180025095e-35 -0.022229011170566079 0.76484534144401561 0.010650482028722765 0.30192029476165777
decision_type=2 2 2 2 2 2 2
left_child=1 2 -1 -3 6 -6 -2
right_child=4 3 -4 -5 5 -7 -8
leaf_value=1.402672949795657e-05 -0.0086117377386386671 -0.031588653917742217 -0.016318484895005005 0.0068678412280391557 -0.051848954647598852 0.034495497433198782 -0.04824075688265949
leaf_weight=7906.7588023894896 101.8187548847219 146.27852667854131 1101.704796007587 4447.6084159317325 44.108482965026028 63.510401070384845 128.92537724311723
leaf_count=22401 541 1177 3528 14424 371 157 601
internal_value=6.20505e-05 0.000592359 -0.00198338 0.00564331 -0.0212566 -0.000893486 -0.030754
internal_weight=13940.7 13602.4 9008.46 4593.89 338.363 107.619 230.744
internal_count=43200 41530 25929 15601 1670 528 1142
is_linear=0
shrinkage=0.0558338


Tree=143
num_leaves=8
num_cat=0
split_feature=6 19 19 1 20 5 14
split_gain=71.9185 99.3486 70.1519 69.0101 38.3403 31.3437 9.48007
threshold=0.00091450955369509767 0.01835262589156628 0.0081248786300420778 6.1464997997973128e-05 0.0010774520924314859 66.434349060058608 71.944637298583999
decision_type=2 2 2 2 2 2 2
left_child=1 3 4 -1 -2 -4 -3
right_child=2 6 5 -5 -6 -7 -8
leaf_value=0.0044021027789662593 -0.0010919795623023168 -0.04085020741182941 -0.0044210060680625564 -0.0041854572880021977 -0.03423674951839533 0.055114264911335982 0.021895409847889846
leaf_weight=8502.2655022288054 146.5691017893509 190.38136976109632 60.254863645985523 4440.9392950308229 422.18053007739644 50.816632878991555 7.8146427538399044
leaf_count=24721 964 2787 885 10862 2074 640 267
internal_value=-6.1162e-05 0.000854891 -0.0177691 0.00145563 -0.0256952 0.0228171 -0.0383762
internal_weight=13821.2 13141.4 679.821 12943.2 568.75 111.071 198.196
internal_count=43200 38637 4563 35583 3038 1525 3054
is_linear=0
shrinkage=0.0558338


Tree=144
num_leaves=8
num_cat=0
split_feature=2 19 6 16 7 18 6
split_gain=65.5815 92.0385 79.6319 104.504 96.9565 34.8888 6.23976
threshold=26.500000000000004 0.023588980548083786 -0.00076846813317388285 -0.003164590103551745 73.516017913818374 -0.0027011937927454706 9.5153816801030202e-05
decision_type=2 2 2 2 2 2 2
left_child=1 5 4 -4 -2 -1 -3
right_child=2 6 3 -5 -6 -7 -8
leaf_value=-0.039808601491326104 0.00044484776212212214 0.078012047312091812 0.021990320273071153 0.0013558509299341126 -0.026921108560907448 -0.011666947786325408 0.016264023793068932
leaf_weight=160.09806547255812 1052.3137869147959 35.419422972224922 827.59266675977779 10139.777234400412 654.69880209334951 965.90159834179258 5.9602066944069767
leaf_count=7175 1259 637 723 13805 692 18276 633
internal_value=5.51337e-07 -0.0126628 0.00116692 0.00291292 -0.010051 -0.0156682 0.069118
internal_weight=13841.8 1167.38 12674.4 10967.4 1707.01 1126 41.3796
internal_count=43200 26721 16479 14528 1951 25451 1270
is_linear=0
shrinkage=0.0558338


Tree=145
num_leaves=8
num_cat=0
split_feature=14 18 6 6 21 21 1
split_gain=46.9322 90.9005 80.6365 76.3567 53.2163 95.8309 52.5382
threshold=78.885280609130874 0.0035127813462167983 0.00063117596437223266 0.00079554796684533368 0.89552155137062084 0.75290721654891979 -4.8404999688500532e-05
decision_type=2 2 2 2 2 2 2
left_child=1 3 -3 -1 5 -2 -6
right_child=4 2 -4 -5 6 -7 -8
leaf_value=-0.00074007211893866722 -0.046520298224324901 0.0027596757438619504 0.02352152127202314 -0.028101615419135452 0.019755105589128377 0.03051076736971425 -0.048696058366042037
leaf_weight=10611.52390641676 79.515139228342406 1635.9152070394675 906.21535987702464 327.7718752007986 42.793156576991123 137.2458054763043 190.83725897651277
leaf_count=29975 326 6127 3325 1903 139 582 823
internal_value=5.79045e-05 0.000650224 0.0101608 -0.0015599 -0.0176718 0.0022532 -0.0361581
internal_weight=13931.8 13481.4 2542.13 10939.3 450.391 216.761 233.63
internal_count=43200 41330 9452 31878 1870 908 962
is_linear=0
shrinkage=0.0558338


Tree=146
num_leaves=8
num_cat=0
split_feature=20 21 19 16 19 16 19
split_gain=68.5118 116.553 111.403 100.492 95.5458 79.0738 44.6851
threshold=-0.0028049218235537405 0.0077678416855633267 0.00057765218662098061 -0.0033058950211852785 -0.016487592831254002 -0.0038060419028624888 -0.029159815981984135
decision_type=2 2 2 2 2 2 2
left_child=1 6 -3 5 -5 -2 -1
right_child=3 2 -4 4 -6 -7 -8
leaf_value=0.030778011483279116 -0.0078585669857954895 0.054802147001289381 -0.013436931373640453 0.016839716860314782 -0.00082669965534700558 -0.039711367918941705 -0.026426219439622121
leaf_weight=55.768116058869992 1037.7724245535051 284.98664292151147 101.01664485535889 1046.9981902634354 10785.340386638158 317.22550267727956 179.87268817751144
leaf_count=181 2872 1343 273 3338 33862 905 426
internal_value=-5.89721e-05 0.0180547 0.0369441 -0.000912841 0.000736534 -0.0153158 -0.0128879
internal_weight=13809 621.644 386.003 13187.3 11832.3 1355 235.641
internal_count=43200 2223 1616 40977 37200 3777 607
is_linear=0
shrinkage=0.0558338


Tree=147
num_leaves=8
num_cat=0
split_feature=20 0 4 20 14 9 6
split_gain=63.1832 93.2727 91.7532 101.93 78.2883 77.8563 44.4175
threshold=-0.001093875558581203 726954.75000000012 -0.0040465937927365294 0.00093794139684177946 34.722629547119148 0.163470134139061 -0.00056624563876539458
decision_type=2 2 2 2 2 2 2
left_child=1 6 3 -2 -3 -4 -1
right_child=2 4 5 -5 -6 -7 -8
leaf_value=-0.015287614614582975 0.028051293092809352 0.0076379555903968097 -0.02552747269415246 -0.001682731222127721 -0.011759493219079046 0.001014094890879785 -0.048363649829173648
leaf_weight=321.1196231371552 821.61642845609072 1225.5484011927158 358.45574069871509 638.88623864038004 1377.9179494020016 8872.6000750231906 208.90619352129653
leaf_count=845 3346 3922 768 2683 3431 27528 677
internal_value=-2.60638e-06 -0.00697482 0.00204082 0.0150444 -0.00262839 -1.6554e-05 -0.0283243
internal_weight=13825.1 3133.49 10691.6 1460.5 2603.47 9231.06 530.026
internal_count=43200 8875 34325 6029 7353 28296 1522
is_linear=0
shrinkage=0.0558338


Tree=148
num_leaves=7
num_cat=0
split_feature=13 15 14 15 20 0
split_gain=53.113 56.51 196.274 121.267 26.6057 5.35027
threshold=0.16359750181436541 0.0063557249959558257 49.527158737182624 0.0058899545110762128 0.0037107424577698116 323772256.00000006
decision_type=2 2 2 2 2 2
left_child=4 3 -3 -2 5 -1
right_child=1 2 -4 -5 -6 -7
leaf_value=-0.046048187941608851 0.00048706760366131027 0.061507524517259646 -0.0095026649148676479 -0.036235206538219072 0.057996558197336477 -0.0011308988692388807
leaf_weight=110.14070169702619 12998.232582445577 201.24125925035491 305.63175018823517 286.51411629443282 8.7874118504022061 8.9377591872180755
leaf_count=796 36981 1871 1723 1254 103 472
internal_value=6.10948e-05 0.000393185 0.0186902 -0.000304927 -0.0357582 -0.0426768
internal_weight=13919.5 13791.6 506.873 13284.7 127.866 119.078
internal_count=43200 41829 3594 38235 1371 1268
is_linear=0
shrinkage=0.0558338


Tree=149
num_leaves=8
num_cat=0
split_feature=6 5 18 20 12 18 3
split_gain=65.6108 119.807 161.162 67.183 233.04 80.9768 26.6635
threshold=0.00063117596437223266 53.533273696899421 0.0037878383882343773 0.0020214437972754244 6.1963641643524179 0.0024699709611013536 -0.00054383513634093095
decision_type=2 2 2 2 2 2 2
left_child=3 6 -3 5 -5 -1 -2
right_child=1 2 -4 4 -6 -7 -8
leaf_value=0.0026150726472524617 -0.014938796076179688 0.030059765754653644 -0.016900048393710294 -0.031683927603263926 0.051053055053771466 -0.0092552184888676468 -0.048490652951874096
leaf_weight=9721.8085713511555 102.84627786728555 335.13779873899011 711.50770490353671 163.45018098661291 302.6093072977323 2196.3039955430304 261.78181310408769
leaf_count=26489 582 1743 4142 893 1312 7070 969
internal_value=-5.90321e-05 -0.0114653 -0.00186343 0.00124081 0.0220366 0.000427581 -0.0390271
internal_weight=13795.4 1411.27 1046.65 12384.2 466.059 11918.1 364.628
internal_count=43200 7436 5885 35764 2205 33559 1551
is_linear=0
shrinkage=0.0558338


Tree=150
num_leaves=8
num_cat=0
split_feature=1 1 11 16 2 18 1
split_gain=62.8752 75.9469 72.4386 102.629 75.6699 54.2671 47.3226
threshold=-4.4604999857256182e-05 -9.5874998805811615e-05 0.16501271724700931 0.0016532369772903623 26.500000000000004 0.0058747546281665572 -0.0001135099992097821
decision_type=2 2 2 2 2 2 2
left_child=1 6 3 -2 -4 -3 -1
right_child=2 5 4 -5 -6 -7 -8
leaf_value=-0.0058744675277500533 -0.039305319048898529 -0.0255526405281555 -0.011955282495876763 0.024085429592182895 0.0035605516698319932 0.0070771680339684079 0.02839626593392083
leaf_weight=352.32473286234091 291.39075520229818 838.70063999576382 1078.1250429392821 109.55161196718581 10751.553330915807 196.02982821537898 195.19782378450594
leaf_count=1659 684 3705 20930 357 14526 524 815
internal_value=5.1052e-07 -0.0104727 0.00135541 -0.0219847 0.00214648 -0.0193709 0.00634343
internal_weight=13812.9 1582.25 12230.6 400.942 11829.7 1034.73 547.523
internal_count=43200 6703 36497 1041 35456 4229 2474
is_linear=0
shrinkage=0.0558338


Tree=151
num_leaves=8
num_cat=0
split_feature=13 15 14 15 0 18 11
split_gain=51.1649 51.8671 180.624 114.601 10.6793 15.7863 0.183724
threshold=0.16359750181436541 0.0063557249959558257 49.527158737182624 0.0058899545110762128 308907664.00000006 0.011221639811992647 0.16501271724700931
decision_type=2 2 2 2 2 2 2
left_child=4 3 -3 -2 6 -6 -1
right_child=1 2 -4 -5 5 -7 -8
leaf_value=-0.044700958102870073 0.00047568649871177117 0.059084155108144951 -0.0091529947342117203 -0.035451193005242909 -0.030518910156480096 0.055964149967600567 -0.051007017207280597
leaf_weight=70.369180581725374 12995.431020065223 200.55199290934246 304.58680526849827 282.81036699656215 27.8479210431708 8.6153956625751231 18.109936251333536
leaf_count=466 36981 1871 1723 1254 763 114 28
internal_value=5.61039e-05 0.000378525 0.0179388 -0.000289512 -0.0355127 -0.0100851 -0.0459917
internal_weight=13908.3 13783.4 505.139 13278.2 124.942 36.4633 88.4791
internal_count=43200 41829 3594 38235 1371 877 494
is_linear=0
shrinkage=0.0558338


Tree=152
num_leaves=8
num_cat=0
split_feature=13 6 19 2 15 1 15
split_gain=67.4591 83.9502 88.1224 70.7962 28.2645 42.9581 22.3045
threshold=0.16359750181436541 0.00096164451679214846 0.01835262589156628 26.500000000000004 0.0056826460640877494 6.3594998209737255e-05 0.0061639221385121354
decision_type=2 2 2 2 2 2 2
left_child=4 2 -2 -3 5 -1 -6
right_child=1 3 -4 -5 6 -7 -8
leaf_value=0.040822120713749639 0.00095519901935152375 0.064017783036045398 -0.037610053567360913 -0.026046846574040435 0.058471165036620219 -0.057985009880465274 -0.00026477070381434074
leaf_weight=33.352805826063062 12838.602768148305 28.650814973640877 187.40538601764092 540.25420924569983 106.57181973004535 23.299644210151953 24.855544485326504
leaf_count=512 34913 2822 2980 1114 126 239 494
internal_value=-5.71257e-05 -0.000516565 0.00040036 -0.0215111 0.0331524 0.000185376 0.047363
internal_weight=13783 13594.9 13026 568.905 188.08 56.6525 131.427
internal_count=43200 41829 37893 3936 1371 751 620
is_linear=0
shrinkage=0.0558338


Tree=153
num_leaves=8
num_cat=0
split_feature=20 1 14 14 0 14 7
split_gain=58.8192 102.191 216.287 88.6877 88.4404 74.174 41.4007
threshold=-0.001093875558581203 8.1745001807576059e-05 53.035751342773445 51.601020812988288 726954.75000000012 10.278031349182131 64048.167968750007
decision_type=2 2 2 2 2 2 2
left_child=4 3 -3 -2 6 -6 -1
right_child=1 2 -4 -5 5 -7 -8
leaf_value=-0.037689445801151911 0.0051216497581569676 -0.002584035946110137 0.026884684078717778 -0.007053997023003385 0.05988214518938776 -0.0039488341958707849 -0.0030207308038339804
leaf_weight=372.15412505959046 3399.2810704413414 1759.6060804548756 1389.5921082591135 4131.9014493143513 58.049608628843998 2539.3791050946647 150.92990907479145
leaf_count=1187 11872 3621 3667 15165 132 7221 335
internal_value=3.02248e-06 0.00197328 0.0104191 -0.00155839 -0.00674045 -0.00252228 -0.0276862
internal_weight=13800.9 10680.4 3149.2 7531.18 3120.51 2597.43 523.084
internal_count=43200 34325 7288 27037 8875 7353 1522
is_linear=0
shrinkage=0.0558338


Tree=154
num_leaves=8
num_cat=0
split_feature=3 14 0 3 14 0 3
split_gain=50.1972 124.071 92.7211 91.5717 115.575 71.6012 57.1064
threshold=-0.0025818924186751242 38.197095870971687 199455592.00000003 -0.00016895325097721067 45.031501770019538 764992.09375000012 0.0052203396335244187
decision_type=2 2 2 2 2 2 2
left_child=1 5 -3 4 -2 -1 -5
right_child=3 2 -4 6 -6 -7 -8
leaf_value=0.027097069745490705 0.0021622939892191467 0.026985316277611349 -0.023820572995463998 0.003034045728850712 -0.017227591330826356 -0.024908836990249334 -0.020589835939610744
leaf_weight=105.45002693362312 1783.884968843784 899.02887709596973 127.91376527754767 8200.0207738367826 2070.694989917507 379.69247951190687 331.9009355823473
leaf_count=345 5850 2716 481 22036 9054 1048 1670
internal_value=6.06491e-05 0.00966433 0.020657 -0.00111172 -0.00825403 -0.0136049 0.00211505
internal_weight=13898.6 1512.09 1026.94 12386.5 3854.58 485.143 8531.92
internal_count=43200 4590 3197 38610 14904 1393 23706
is_linear=0
shrinkage=0.0558338


Tree=155
num_leaves=8
num_cat=0
split_feature=13 6 19 19 15 1 15
split_gain=61.2623 78.9284 84.5806 57.6875 26.8092 39.5585 21.1483
threshold=0.16359750181436541 0.00096164451679214846 0.016111430712044243 0.0081248786300420778 0.0056826460640877494 6.3594998209737255e-05 0.0061639221385121354
decision_type=2 2 2 2 2 2 2
left_child=4 2 -2 -3 5 -1 -6
right_child=1 3 -4 -5 6 -7 -8
leaf_value=0.038933387099658344 0.0010890428981652725 -0.028990635517316548 -0.028356211772526937 0.019261297126751696 0.056887399698538552 -0.056703058020721397 -0.00061081602490489176
leaf_weight=32.705689870257295 12708.95292616368 467.61611844784113 311.56825428945922 92.523902653253913 104.17962995480008 22.940181563243151 24.662369380274271
leaf_count=512 34224 2571 3669 1365 126 239 494
internal_value=-6.42673e-05 -0.000498404 0.000384447 -0.0210204 0.0318937 -0.000493033 0.0458813
internal_weight=13765.1 13580.7 13020.5 560.14 184.488 55.6459 128.842
internal_count=43200 41829 37893 3936 1371 751 620
is_linear=0
shrinkage=0.0558338


Tree=156
num_leaves=8
num_cat=0
split_feature=3 6 7 15 21 16 21
split_gain=60.6752 66.6171 87.385 85.5742 48.0717 29.5761 8.62566
threshold=-0.0099590611644089205 -0.00076846813317388285 73.516017913818374 0.0028873051051050429 0.21450035274028781 -0.0067934442777186623 0.38750900328159338
decision_type=2 2 2 2 2 2 2
left_child=4 2 -2 -3 5 -1 -6
right_child=1 3 -4 -5 6 -7 -8
leaf_value=0.037921441508510678 -0.0012268630443578181 -0.004645721087273443 -0.02790758008336619 0.0049640335373850033 0.079823362358372771 -0.029371840922521323 0.042026393966721184
leaf_weight=40.397462248773977 1056.0160856574234 4872.0956874225794 600.17074122450185 7096.3344039956883 48.332119197408034 41.05042471584693 30.827829171789062
leaf_count=65 4442 12815 1722 23711 64 120 261
internal_value=1.95594e-06 -0.000400221 -0.0108954 0.0010521 0.0341193 0.00400506 0.0651038
internal_weight=13785.2 13624.6 1656.19 11968.4 160.608 81.4479 79.1599
internal_count=43200 42690 6164 36526 510 185 325
is_linear=0
shrinkage=0.0558338


Tree=157
num_leaves=8
num_cat=0
split_feature=3 18 3 3 4 6 8
split_gain=46.2359 115.556 91.4128 85.0577 76.0198 71.183 0.522631
threshold=-0.0025818924186751242 -0.012950813397765158 -0.0030301511287689205 -0.00016895325097721067 0.011880886740982534 0.00081252551171928655 46.880527496337898
decision_type=2 2 2 2 2 2 2
left_child=1 6 -3 5 -5 -2 -1
right_child=3 2 -4 4 -6 -7 -8
leaf_value=-0.050224891497944332 -0.0058732004627062425 0.005829799376078664 0.040719103225581296 0.0029115617727625714 -0.029615314533095096 -0.035500792671134977 -0.059121748685669002
leaf_weight=50.70739032087014 3567.0724609872359 1132.5031158873148 295.1135634416853 8303.2110794379823 230.20419050729288 272.08326640460291 34.648605895903835
leaf_count=170 13180 3513 815 22317 1389 1724 92
internal_value=5.56121e-05 0.00926901 0.013042 -0.00107104 0.00203409 -0.00797293 -0.0538364
internal_weight=13885.5 1512.97 1427.62 12372.6 8533.42 3839.16 85.356
internal_count=43200 4590 4328 38610 23706 14904 262
is_linear=0
shrinkage=0.0558338


Tree=158
num_leaves=8
num_cat=0
split_feature=19 0 7 2 0 7 19
split_gain=57.6595 90.7875 106.089 69.4293 93.5016 56.4145 2.93465
threshold=-0.017688550055027005 313627760.00000006 45.101165771484382 26.500000000000004 326105328.00000006 0.16353454440832141 -0.022229011170566079
decision_type=2 2 2 2 2 2 2
left_child=1 2 -1 4 -2 -5 -3
right_child=3 6 -4 5 -6 -7 -8
leaf_value=0.02683043804395888 0.015727647946620956 -0.039385302390663596 -0.015083251637744339 0.02497638659484766 -0.033364116723811441 -0.0031012387346750167 -0.063655617828902125
leaf_weight=758.68076826367303 1217.4686804193036 28.169405958010685 250.38772357286143 227.65775013901293 134.28790949871723 11098.408104326913 34.616895463917302
leaf_count=2579 22111 426 1670 54 660 15587 113
internal_value=-5.81227e-05 0.0123767 0.0164301 -0.00110944 0.0108507 -0.00253687 -0.0527666
internal_weight=13749.7 1071.85 1009.07 12677.8 1351.76 11326.1 62.7863
internal_count=43200 4788 4249 38412 22771 15641 539
is_linear=0
shrinkage=0.0558338


Tree=159
num_leaves=8
num_cat=0
split_feature=4 14 19 14 15 10 5
split_gain=58.0155 84.5733 153.368 121.657 77.6202 87.4305 1.854
threshold=-0.00018389261094853279 25.043513298034672 -0.015162225812673567 10.278031349182131 0.0074128981214016685 0.16514111310243609 28.045249938964847
decision_type=2 2 2 2 2 2 2
left_child=1 3 -3 -1 5 -2 -6
right_child=4 2 -4 -5 6 -7 -8
leaf_value=0.068015037644784657 -0.031068144979859585 -0.015422326972704034 0.010463395092924597 -0.021804786125584546 0.082980361807399192 -0.0024184553493911132 0.054738775306040245
leaf_weight=50.967077495450098 347.84730813773967 846.52366076287672 4541.5497748180196 605.43659038766248 8.3528366217631937 7316.815519224223 54.709882139044716
leaf_count=104 680 2597 16752 1640 13 20547 867
internal_value=-6.15083e-06 0.0040913 0.00639647 -0.0148306 -0.0032111 -0.00371867 0.0584795
internal_weight=13772.2 6044.48 5388.07 656.404 7727.73 7664.66 63.0627
internal_count=43200 21093 19349 1744 22107 21227 880
is_linear=0
shrinkage=0.0558338


Tree=160
num_leaves=8
num_cat=0
split_feature=3 14 0 3 14 4 14
split_gain=43.2968 111.635 84.3821 78.5847 106.257 71.1123 71.0224
threshold=-0.0025818924186751242 38.197095870971687 199455592.00000003 -0.00016895325097721067 45.031501770019538 0.011880886740982534 23.815743446350101
decision_type=2 2 2 2 2 2 2
left_child=1 6 -3 4 -2 -5 -1
right_child=3 2 -4 5 -6 -7 -8
leaf_value=0.00808831172905306 0.0022904459439377937 0.025294994377516478 -0.023295978387707954 0.0027874986631750403 -0.016362494212548907 -0.028893715808756444 -0.03483491999247075
leaf_weight=241.66964449153076 1780.4650131659882 905.59368692231385 127.04191617939921 8309.8364228420523 2046.1478031669967 226.90014416047416 239.03435156430149
leaf_count=432 5850 2716 481 22317 9054 1389 961
internal_value=5.62832e-05 0.00897048 0.019317 -0.00103486 -0.00768356 0.00194544 -0.0132556
internal_weight=13876.7 1513.34 1032.64 12363.3 3826.61 8536.74 480.704
internal_count=43200 4590 3197 38610 14904 23706 1393
is_linear=0
shrinkage=0.0558338


Tree=161
num_leaves=8
num_cat=0
split_feature=6 1 21 1 4 1 2
split_gain=58.2867 191.771 243.86 183.982 81.5512 61.1975 53.5424
threshold=-0.000136943141114898 3.0395000067073855e-05 0.41188557446002966 4.4874999730382121e-05 -0.0029908214928582306 6.5499997958795586e-07 27.500000000000004
decision_type=2 2 2 2 2 2 2
left_child=1 2 -1 -3 6 -6 -2
right_child=4 3 -4 -5 5 -7 -8
leaf_value=0.005185298289579603 0.011032546621704935 -0.029655806213058494 0.045627609084367707 0.0020592182107053172 -0.0096895000352015381 0.0024483029821408576 -0.022851981250229827
leaf_weight=1596.1914282333939 172.73726252055462 689.15729285936368 655.74452725228934 3303.8681046901384 1801.9523954573688 4602.2279631191068 917.74665138576052
leaf_count=7183 3861 1415 2056 7794 8567 10731 1593
internal_value=-5.06792e-05 0.0039332 0.0169618 -0.00341449 -0.00337026 -0.000966926 -0.0174845
internal_weight=13739.6 6244.96 2251.94 3993.03 7494.66 6404.18 1090.48
internal_count=43200 18448 9239 9209 24752 19298 5454
is_linear=0
shrinkage=0.0558338


Tree=162
num_leaves=8
num_cat=0
split_feature=2 15 6 17 16 16 17
split_gain=56.2365 93.0759 66.1773 94.4091 92.4533 31.8982 28.7495
threshold=26.500000000000004 0.0032651865622028713 -0.00076846813317388285 -0.0044691136572509995 -0.003164590103551745 -0.0021965656196698542 9.6313593530794619e-05
decision_type=2 2 2 2 2 2 2
left_child=1 6 3 -2 -4 -3 -1
right_child=2 5 4 -5 -6 -7 -8
leaf_value=-0.029272745693391423 -0.00068881747195175078 -0.014021712470248389 0.020626428659053987 -0.029787513515483484 0.0011841768117632635 0.04085329751981194 -0.010003526029097355
leaf_weight=429.02769196668191 1177.0312407659717 44.893097104760741 824.66669244486911 493.24323291597057 10109.877890129545 124.88853892636619 551.86367045626184
leaf_count=4158 1114 4775 723 837 13805 12963 4825
internal_value=-9.32051e-06 -0.0118251 0.00106932 -0.00928186 0.00265048 0.0263434 -0.0184316
internal_weight=13755.5 1150.67 12604.8 1670.27 10934.5 169.782 980.891
internal_count=43200 26721 16479 1951 14528 17738 8983
is_linear=0
shrinkage=0.0558338


Tree=163
num_leaves=8
num_cat=0
split_feature=13 18 14 11 0 18 11
split_gain=44.8958 48.7718 58.2621 52.6412 10.9358 14.2537 0.145873
threshold=0.16359750181436541 0.010436180979013445 73.738059997558608 0.16720387339591983 308907664.00000006 0.011221639811992647 0.16501271724700931
decision_type=2 2 2 2 2 2 2
left_child=4 3 -3 -2 6 -6 -1
right_child=1 2 -4 -5 5 -7 -8
leaf_value=-0.044141122979395098 0.013716359506842498 0.030838934917359173 -0.012469087323310608 -0.0011589103984283344 -0.028504785148124979 0.054990973049642219 -0.049907106517549767
leaf_weight=65.56331858232808 788.45062707198304 329.09983842187825 137.21233607244181 12490.402656167627 25.720932656535936 8.4734447624342817 17.284655106802475
leaf_count=466 489 1179 699 39462 763 114 28
internal_value=5.43721e-05 0.000347583 0.0180956 -0.00027567 -0.0343796 -0.00781434 -0.0453441
internal_weight=13862.2 13745.2 466.312 13278.9 117.042 34.1944 82.848
internal_count=43200 41829 1878 39951 1371 877 494
is_linear=0
shrinkage=0.0558338


Tree=164
num_leaves=8
num_cat=0
split_feature=20 17 6 15 5 21 15
split_gain=60.165 140.984 100.458 100.392 69.8394 87.7192 23.9719
threshold=-0.0016183216939680276 -0.003735945792868733 -0.00085016875527799119 0.0024655405431985859 48.43291091918946 0.29369872808456426 0.0044665129389613875
decision_type=2 2 2 2 2 2 2
left_child=4 3 -3 -2 5 -1 -6
right_child=1 2 -4 -5 6 -7 -8
leaf_value=0.0054886045298607354 0.043558718976381458 0.036577841293091211 -0.00084945827520006097 -0.031148231372415326 -0.00079354124274077652 0.036306884187095427 -0.058511077838308202
leaf_weight=1830.9206305804862 61.035679448157111 228.4410179421684 10473.662785377239 689.9563304641639 34.881558258318329 341.64568493357842 62.856059286536983
leaf_count=4530 179 1449 33383 2375 53 988 243
internal_value=-4.55798e-05 -0.00169154 -5.05564e-05 -0.0250765 0.00825785 0.0103349 -0.0379123
internal_weight=13723.4 11453.1 10702.1 750.992 2270.3 2172.57 97.7376
internal_count=43200 37386 34832 2554 5814 5518 296
is_linear=0
shrinkage=0.0558338


Tree=165
num_leaves=8
num_cat=0
split_feature=1 1 19 4 19 19 21
split_gain=57.1976 69.9283 78.2657 67.8951 95.0401 69.5116 58.5559
threshold=-4.4604999857256182e-05 -9.5874998805811615e-05 -0.011606785003095864 -0.00018389261094853279 -0.01424565678462386 -0.019954692572355267 0.61492291092872631
decision_type=2 2 2 2 2 2 2
left_child=1 2 -1 4 -2 -5 -3
right_child=3 6 -4 5 -6 -7 -8
leaf_value=0.045236263006780297 -0.0095882543983713021 -0.030627980580359395 -0.0053071425472130916 0.030274560397918909 0.009477429154703107 -0.0034229040982920928 -0.0037178548054694338
leaf_weight=123.12813280634271 1000.1819004759373 567.75978464021546 425.75460906736464 196.5429144190739 4404.0075607635135 6570.494231531573 453.36413541811407
leaf_count=1191 2115 2398 1283 1243 15720 17419 1831
internal_value=-1.1339e-05 -0.0100411 0.00603101 0.00128243 0.00594884 -0.00244419 -0.0186803
internal_weight=13741.2 1570.01 548.883 12171.2 5404.19 6767.04 1021.12
internal_count=43200 6703 2474 36497 17835 18662 4229
is_linear=0
shrinkage=0.0558338


Tree=166
num_leaves=8
num_cat=0
split_feature=6 0 3 3 3 5 1
split_gain=44.4872 71.7689 103.334 78.6801 70.2287 69.0024 0.880008
threshold=0.00041769137897063052 139917.54687500003 -1.0854633273993384e-05 -0.0025818924186751242 0.0079082180745899695 39.995128631591804 1.8804999854182828e-05
decision_type=2 2 2 2 2 2 2
left_child=4 2 -2 -3 5 -1 -6
right_child=1 3 -4 -5 6 -7 -8
leaf_value=0.0069898207870647752 -0.030187661218606131 0.029593301974449836 0.035388022671076699 -0.0016371383315196475 -0.0390720226870108 -0.0036122347988737798 -0.052440995466092551
leaf_weight=2487.0677225013133 89.814359779473023 284.89543304964809 451.49493955480494 2144.0691677445438 19.333668264152607 8301.3329278383335 74.480449131788532
leaf_count=4965 730 1187 687 8212 270 26882 267
internal_value=6.66772e-05 0.00612303 0.0245077 0.00202591 -0.00158639 -0.00116813 -0.0496859
internal_weight=13852.5 2970.27 541.309 2428.96 10882.2 10788.4 93.8141
internal_count=43200 10816 1417 9399 32384 31847 537
is_linear=0
shrinkage=0.0558338


Tree=167
num_leaves=8
num_cat=0
split_feature=1 1 14 19 5 6 3
split_gain=57.3936 174.593 217.58 94.8857 205.418 108.199 24.0424
threshold=6.1464997997973128e-05 6.3594998209737255e-05 50.823694229125984 -0.0043064923956990233 48.163085937500007 -0.00085016875527799119 -0.00055985679500736285
decision_type=2 2 2 2 2 2 2
left_child=3 6 -3 4 -1 -5 -2
right_child=1 2 -4 5 -6 -7 -8
leaf_value=-0.0017574817519826014 -0.018647425355441852 0.0076503748872362816 -0.018266105832575711 0.026836244803588021 0.024256896337380152 -0.004710294871825815 -0.050009329804080828
leaf_weight=2260.2116600225891 105.43397582501262 2751.372997060188 1595.4508782606008 365.10473695238124 1627.6933655195317 4728.3243301655266 274.84608220762124
leaf_count=6469 100 6832 5623 1539 5702 16706 229
internal_value=-5.60118e-05 -0.00503576 -0.00186197 0.00256496 0.00913358 -0.00244899 -0.0413141
internal_weight=13708.4 4727.1 4346.82 8981.33 3887.91 5093.43 380.28
internal_count=43200 12784 12455 30416 12171 18245 329
is_linear=0
shrinkage=0.0558338


Tree=168
num_leaves=7
num_cat=0
split_feature=3 4 3 19 3 0
split_gain=54.7382 67.0675 62.6012 88.8046 85.7351 12.197
threshold=-0.0099590611644089205 -0.021230007521808144 -0.002350824535824358 -0.00084486635751090933 -0.00016895325097721067 4985795.0000000009
decision_type=2 2 2 2 2 2
left_child=1 -1 3 -2 -4 -3
right_child=2 5 4 -5 -6 -7
leaf_value=-0.022534813989073348 -0.023478110734044152 0.073436003174525089 0.0075750603083248489 0.0058274678142983842 -0.0023909353088935026 0.036470285468248827
leaf_weight=48.295236008562838 810.25888670304334 59.674979866376724 3999.2171080594417 535.32194061299856 8226.2477202782702 52.137026185871115
leaf_count=123 2309 167 14394 2281 23706 220
internal_value=-6.00613e-06 0.0324496 -0.000388908 -0.0118193 0.00086916 0.0561992
internal_weight=13731.2 160.107 13571 1345.58 12225.5 111.812
internal_count=43200 510 42690 4590 38100 387
is_linear=0
shrinkage=0.0558338


Tree=169
num_leaves=7
num_cat=0
split_feature=20 3 19 3 10 16
split_gain=42.0815 52.6469 101.953 79.7601 15.1757 0.15261
threshold=-0.0046457608696073285 -0.0025818924186751242 -0.002720396150834858 -0.00098788877949118593 0.18453993648290637 -0.010638857260346411
decision_type=2 2 2 2 2 2
left_child=4 2 -2 -3 -1 -6
right_child=1 3 -4 -5 5 -7
leaf_value=0.012309774173453657 0.022272582175685968 -0.013221898867124422 -0.0077679143357663565 0.00075402683026820334 -0.046941598260066018 -0.052624259323957118
leaf_weight=14.394444880707338 883.48821687484178 1442.222861203858 585.66344921981636 10847.224141957178 21.636672613066125 46.175531340439946
leaf_count=92 1948 6214 2504 32021 105 316
internal_value=7.00777e-05 0.000308051 0.0102972 -0.000886112 -0.0397586 -0.0508111
internal_weight=13840.8 13758.6 1469.15 12289.4 82.2066 67.8122
internal_count=43200 42687 4452 38235 513 421
is_linear=0
shrinkage=0.0558338


Tree=170
num_leaves=8
num_cat=0
split_feature=20 21 18 21 9 5 19
split_gain=57.2791 82.4461 99.2475 77.1698 123.363 99.5448 44.6426
threshold=-0.0024762863758951421 0.0077678416855633267 -0.0037423009052872653 0.33344261348247534 0.163470134139061 45.356771469116218 -0.029159815981984135
decision_type=2 2 2 2 2 2 2
left_child=1 6 -3 4 -2 -5 -1
right_child=3 2 -4 5 -6 -7 -8
leaf_value=0.03053098366349832 0.03756300826468055 0.028149225481789018 -0.062136187856811499 0.028923270764863878 -0.0091668166119669523 0.00066876553964174772 -0.025228010857840582
leaf_weight=56.824074954428852 184.0083098951136 665.3614673395308 40.252041863078944 408.50958564164648 4104.4039762533475 8024.4090151445635 210.88180566492656
leaf_count=199 322 1987 159 906 11377 27688 562
internal_value=-6.48036e-05 0.0129896 0.0229989 -0.00106361 -0.00716172 0.00203748 -0.0133924
internal_weight=13694.7 973.319 705.614 12721.3 4288.41 8432.92 267.706
internal_count=43200 2907 2146 40293 11699 28594 761
is_linear=0
shrinkage=0.0558338


Tree=171
num_leaves=8
num_cat=0
split_feature=2 15 14 16 14 1 16
split_gain=54.3794 86.293 71.874 81.4815 68.0154 39.7519 29.344
threshold=26.500000000000004 0.0032651865622028713 77.207714080810561 0.0033592901891097431 76.757690429687514 1.6054999832704201e-05 -0.0021965656196698542
decision_type=2 2 2 2 2 2 2
left_child=1 5 4 -4 -2 -1 -3
right_child=2 6 3 -5 -6 -7 -8
leaf_value=-0.034917206295659739 0.00050615409720157001 -0.013912151074253169 0.0043134846439741746 0.045864281685048212 -0.041153332956723743 -0.010524506515225312 0.038705279918967543
leaf_weight=301.66300421554092 11815.552287822609 44.758834578506296 407.5843459225016 230.23772965376338 123.44908748398666 672.74881323402712 126.20838140187762
leaf_count=3380 15477 4775 634 292 76 5603 12963
internal_value=-9.72103e-06 -0.0116567 0.00105098 0.0193123 7.53956e-05 -0.0180761 0.0249302
internal_weight=13722.2 1145.38 12576.8 637.822 11939 974.412 170.967
internal_count=43200 26721 16479 926 15553 8983 17738
is_linear=0
shrinkage=0.0558338


Tree=172
num_leaves=8
num_cat=0
split_feature=14 20 21 15 21 21 1
split_gain=42.0909 57.4143 106.166 57.7701 49.4621 87.382 49.5085
threshold=78.885280609130874 0.0017936789081431927 0.91679927706718456 0.0063557249959558257 0.89552155137062084 0.75290721654891979 -4.8404999688500532e-05
decision_type=2 2 2 2 2 2 2
left_child=1 3 -3 -1 5 -2 -6
right_child=4 2 -4 -5 6 -7 -8
leaf_value=-0.0012148091609094696 -0.045601002095171636 -0.00042057417839558569 0.034096127463053877 0.020808561373414268 0.01855869615915225 0.028746650280894626 -0.047969148999186584
leaf_weight=11814.946275261773 76.594318505525621 753.23050655976886 440.10545478836639 383.35188635902159 43.138083597261357 138.20012763493474 181.96564311074877
leaf_count=33158 326 4142 1366 2664 139 582 823
internal_value=6.25427e-05 0.000620776 0.0123093 -0.000522688 -0.0169315 0.00223475 -0.03522
internal_weight=13831.5 13391.6 1193.34 12198.3 439.898 214.794 225.104
internal_count=43200 41330 5508 35822 1870 908 962
is_linear=0
shrinkage=0.0558338


Tree=173
num_leaves=8
num_cat=0
split_feature=6 18 7 19 20 6 17
split_gain=54.1595 132.852 149.565 106.15 126.552 31.7532 29.3709
threshold=0.0004447495448403061 -0.0006661528896074741 73.516017913818374 0.016111430712044243 0.0020214437972754244 -0.00085016875527799119 -0.0029650679789483543
decision_type=2 2 2 2 2 2 2
left_child=3 6 -3 4 -1 -5 -2
right_child=1 2 -4 5 -6 -7 -8
leaf_value=0.0012884042815128206 0.013855501331592924 0.014084892711222435 -0.020319999884440096 0.017856523042614383 0.035433540864892622 -0.039161968937113843 -0.033952975125943252
leaf_weight=10813.858344341139 43.171853395932544 978.01613864235912 659.51980768323335 34.680567750754648 349.30995160177372 249.44272765053748 555.59675115982338
leaf_count=28583 169 5396 2834 554 1184 2570 1910
internal_value=-5.34705e-05 -0.00800078 0.000228276 0.00149909 0.00235685 -0.0322022 -0.0305059
internal_weight=13683.6 2236.3 1637.54 11447.3 11163.2 284.123 598.769
internal_count=43200 10309 8230 32891 29767 3124 2079
is_linear=0
shrinkage=0.0558338


Tree=174
num_leaves=8
num_cat=0
split_feature=20 21 18 3 3 0 21
split_gain=52.6537 108.715 71.1509 70.242 82.914 43.5402 22.6501
threshold=-0.0025466124061495061 -0.053734406828880303 -0.0035923225805163379 -0.0099590611644089205 -0.002350824535824358 1265728.0625000002 0.21450035274028781
decision_type=2 2 2 2 2 2 2
left_child=1 5 -3 6 -5 -1 -2
right_child=3 2 -4 4 -6 -7 -8
leaf_value=-0.022876944411826184 0.002844536503500898 -0.03393417014684396 0.057912520615967827 -0.013670169889005133 0.001827319891276103 0.038873271104234594 0.061228611115072516
leaf_weight=48.973545923838685 28.111437515496704 466.03682207069778 27.865614638221871 1184.808635598376 11742.100231991055 130.32005277934365 78.72504220674719
leaf_count=124 108 2127 121 4124 35916 364 316
internal_value=-6.929e-06 -0.0152336 -0.0287522 0.000779532 0.000406906 0.0220064 0.0458663
internal_weight=13706.9 673.196 493.902 13033.7 12926.9 179.294 106.836
internal_count=43200 2736 2248 40464 40040 488 424
is_linear=0
shrinkage=0.0558338


Tree=175
num_leaves=6
num_cat=0
split_feature=13 8 20 20 0
split_gain=41.3318 44.6884 60.6464 22.2425 5.71342
threshold=0.16359750181436541 0.16354702413082126 -0.0042922918219119302 0.0037107424577698116 323772256.00000006
decision_type=2 2 2 2 2
left_child=3 -2 -3 4 -1
right_child=1 2 -4 -5 -6
leaf_value=-0.044618311032944481 0.040650489429904291 -0.036321039126237006 0.00046943032715573703 0.054409439249391532 0.0033493457296319101
leaf_weight=95.381795455998656 85.202618027204153 141.14065212767855 13480.356612765212 8.2717028362042679 8.4246640850079739
leaf_count=796 23 639 41167 103 472
internal_value=6.42418e-05 0.000340362 8.82218e-05 -0.0337041 -0.0407254
internal_weight=13818.8 13706.7 13621.5 112.078 103.806
internal_count=43200 41829 41806 1371 1268
is_linear=0
shrinkage=0.0558338


Tree=176
num_leaves=8
num_cat=0
split_feature=18 1 1 1 14 3 3
split_gain=53.283 64.4942 195.59 124.632 43.6198 48.6603 19.1325
threshold=0.010436180979013445 -4.6970000767032609e-05 -4.8404999688500532e-05 -2.6980000257026401e-05 83.51605606079103 0.0020088731544092302 -0.004692747723311185
decision_type=2 2 2 2 2 2 2
left_child=1 2 -1 -3 6 -6 -2
right_child=4 3 -4 -5 5 -7 -8
leaf_value=0.0040225585265493656 0.032716509491352831 -0.022933098987502506 0.066445394876739977 0.00056154752106569029 -0.034337683485254254 0.12825517525950486 -0.033086654598091791
leaf_weight=1347.3784509745635 14.544413316510882 751.52672334408271 177.03891248903733 11096.574752672201 11.003515813604013 11.991169005799618 260.1789051296488
leaf_count=5973 150 2515 167 32517 190 53 1635
internal_value=-5.79921e-05 0.000462123 0.0112721 -0.000928721 -0.0234199 0.0504506 -0.0296029
internal_weight=13670.2 13372.5 1524.42 11848.1 297.718 22.9947 274.723
internal_count=43200 41172 6140 35032 2028 243 1785
is_linear=0
shrinkage=0.0558338


Tree=177
num_leaves=8
num_cat=0
split_feature=19 9 19 15 15 20 11
split_gain=50.2825 100.79 59.2551 58.884 70.099 55.4103 52.688
threshold=0.019424347206950191 0.163470134139061 0.012740202248096468 0.0062925061210989961 0.0070591242983937272 -0.0025466124061495061 6.8153707981109628
decision_type=2 2 2 2 2 2 2
left_child=1 2 -1 6 -5 -3 -2
right_child=3 5 -4 4 -6 -7 -8
leaf_value=-0.0028278500291551221 0.0592574328051826 -0.015684257826497853 -0.049879488834016689 -0.038681619848290986 0.052913891540303203 0.0010768319072951018 0.0038530448605506419
leaf_weight=142.47577472889691 138.50019284940925 647.05559634888596 201.3682952963353 84.102045146552072 37.733222433865947 12359.452671884319 87.194416398346391
leaf_count=1139 1075 2529 87 320 338 36065 1647
internal_value=-3.16028e-09 -0.000545797 -0.0303831 0.0209667 -0.0103139 0.000242991 0.0378526
internal_weight=13697.9 13350.4 343.844 347.53 121.835 13006.5 225.695
internal_count=43200 39820 1226 3380 658 38594 2722
is_linear=0
shrinkage=0.0558338


Tree=178
num_leaves=8
num_cat=0
split_feature=19 19 4 19 12 6 11
split_gain=40.7081 120.321 96.5367 80.3189 52.0058 86.0629 44.7481
threshold=-0.019954692572355267 -0.014529170002788304 -0.010688713286072014 -0.012486678548157213 44.857782363891609 -0.00045678130118176336 0.16720387339591983
decision_type=2 2 2 2 2 2 2
left_child=4 2 -2 -3 6 -6 -1
right_child=1 3 -4 -5 5 -7 -8
leaf_value=0.032924797181947199 0.051411558478025636 -0.0189018299438443 0.0099051126444862705 -3.7042622074361683e-05 0.053292924222668285 -0.028584403284572225 -0.029003691226128923
leaf_weight=39.858796538023284 199.8759233425119 752.33074667531582 1386.0252773411937 10855.737675322172 82.126795673253795 78.05865100833536 416.00842094407915
leaf_count=389 143 1368 2251 35505 466 894 2184
internal_value=5.60605e-05 0.000711091 0.0151363 -0.00125969 -0.0139727 0.013394 -0.023589
internal_weight=13810 13194 1585.9 11608.1 616.053 160.185 455.867
internal_count=43200 39267 2394 36873 3933 1360 2573
is_linear=0
shrinkage=0.0558338


Tree=179
num_leaves=8
num_cat=0
split_feature=6 21 10 10 4 15 21
split_gain=51.1869 114.657 314.857 90.4337 74.955 91.5279 52.2732
threshold=-0.000136943141114898 0.35339796543121343 0.81862670183181774 0.16514111310243609 -0.0029908214928582306 0.0032651865622028713 0.31411735713481909
decision_type=2 2 2 2 2 2 2
left_child=1 3 -3 -1 5 -2 -6
right_child=4 2 -4 -5 6 -7 -8
leaf_value=0.027261533358276437 0.0020455562519457629 -0.024481266392825621 0.030352761433313835 -0.0031739444410950222 -0.017282410715908181 -0.030906347027304434 0.00067918423847842179
leaf_weight=328.20341105814714 458.88022441453279 441.41594797813968 1253.3077314881316 4186.3958835044114 553.08161738720446 614.89413139877604 5823.2004667612227
leaf_count=465 1743 683 4730 12570 1232 3711 18066
internal_value=-5.66757e-05 0.00368718 0.0160704 -0.000961339 -0.00317703 -0.0168243 -0.000878813
internal_weight=13659.4 6209.32 1694.72 4514.6 7450.06 1073.77 6376.28
internal_count=43200 18448 5413 13035 24752 5454 19298
is_linear=0
shrinkage=0.0558338


Tree=180
num_leaves=8
num_cat=0
split_feature=4 14 19 14 5 16 12
split_gain=50.2473 77.06 133.632 114.418 69.0288 155.799 122.113
threshold=-0.00018389261094853279 25.043513298034672 -0.015162225812673567 10.278031349182131 37.649417877197273 -0.0041178131941705933 6.5532050132751474
decision_type=2 2 2 2 2 2 2
left_child=1 3 -3 -1 6 -6 -2
right_child=4 2 -4 -5 5 -7 -8
leaf_value=0.066012070005978196 0.027338934293509067 -0.014532998333951662 0.0098023774512616974 -0.021240577457007168 0.051283965044841638 -0.0028521715615180388 -0.037509296629750652
leaf_weight=50.851203968959226 117.22257921876906 832.75035098753233 4530.269240666873 595.81060231621564 169.74554655642714 6993.632046225257 397.44196736620609
leaf_count=104 557 2597 16752 1640 719 19942 889
internal_value=4.50332e-06 0.00382824 0.00602367 -0.0143793 -0.00298837 -0.00156935 -0.0227391
internal_weight=13687.7 6009.68 5363.02 646.662 7678.04 7163.38 514.665
internal_count=43200 21093 19349 1744 22107 20661 1446
is_linear=0
shrinkage=0.0558338


Tree=181
num_leaves=8
num_cat=0
split_feature=6 14 2 8 8 14 6
split_gain=39.7012 111.783 74.0271 60.5727 62.2879 60.5455 55.2064
threshold=0.00041769137897063052 64.789299011230483 28.500000000000004 63513.638671875007 64134.738281250007 77.207714080810561 0.00017174296226585287
decision_type=2 2 2 2 2 2 2
left_child=1 6 -3 5 -5 -2 -1
right_child=3 2 -4 4 -6 -7 -8
leaf_value=0.0021483304604791101 0.0065142046074477059 0.0068991432218352723 -0.026415946460702045 0.054205259602513538 -0.0014069552013595251 -0.018487546787556208 -0.0097962636783464601
leaf_weight=8309.5088968396631 2353.9432084563846 275.85481478403449 844.32768373193107 153.95188236495497 106.02450235104524 346.38206740308442 1411.103899199612
leaf_count=24925 8671 2647 1025 72 360 1713 3787
internal_value=5.46055e-05 -0.00151027 -0.0182118 0.00578527 0.0315253 0.00330712 0.00041438
internal_weight=13801.1 10840.8 1120.18 2960.3 259.976 2700.33 9720.61
internal_count=43200 32384 3672 10816 432 10384 28712
is_linear=0
shrinkage=0.0558338


Tree=182
num_leaves=7
num_cat=0
split_feature=19 7 12 21 16 16
split_gain=50.5417 67.8743 120.195 67.1426 61.7656 71.7932
threshold=-0.017688550055027005 45.101165771484382 44.629695892333991 0.26815968751907354 -0.012895138468593357 -0.0049185738898813716
decision_type=2 2 2 2 2 2
left_child=1 2 -1 -3 -2 -6
right_child=4 3 -4 -5 5 -7
leaf_value=0.012260381912254672 0.068848690665983384 -0.036601119478667038 0.084024700413631678 0.023805246052404958 -0.019510349362298327 -0.00028983339116900255
leaf_weight=740.32861737371604 39.287345952747273 154.28568928494121 80.68431568145752 91.311312338381072 638.32182882883717 11900.295915581049
leaf_count=3112 39 662 6 1008 1526 36847
internal_value=-5.97497e-05 0.0116095 0.019313 -0.0141424 -0.00104931 -0.00126832
internal_weight=13644.5 1066.61 821.013 245.597 12577.9 12538.6
internal_count=43200 4788 3118 1670 38412 38373
is_linear=0
shrinkage=0.0558338


Tree=183
num_leaves=8
num_cat=0
split_feature=2 19 14 20 19 20 17
split_gain=52.726 72.7508 63.5137 78.8442 57.8104 35.7796 4.98624
threshold=26.500000000000004 0.023588980548083786 77.207714080810561 0.0014765372034162285 -0.012066115625202654 0.00046445890620816504 0.0080006299540400522
decision_type=2 2 2 2 2 2 2
left_child=1 5 3 -2 -4 -1 -3
right_child=2 6 4 -5 -6 -7 -8
leaf_value=-0.021426549050902442 0.0017928986922788361 0.069235405494025584 -0.022845433915159762 -0.012330920446433387 0.025240917996672 -0.00010969811752376275 0.013442624481971999
leaf_weight=727.03685780309888 10505.091863513248 35.369120258813822 91.072771587410784 1395.8597193020087 540.46560338164647 370.57467003054671 5.8144945846111247
leaf_count=15559 13184 941 51 2369 875 9892 329
internal_value=6.72921e-06 -0.011496 0.00105195 0.000136319 0.0183065 -0.0142296 0.0613583
internal_weight=13671.3 1138.8 12532.5 11901 631.538 1097.61 41.1836
internal_count=43200 26721 16479 15553 926 25451 1270
is_linear=0
shrinkage=0.0558338


Tree=184
num_leaves=7
num_cat=0
split_feature=16 15 15 14 1 15
split_gain=39.8043 55.3937 109.71 101.334 33.3709 13.5876
threshold=-0.010638857260346411 0.0063557249959558257 0.0058899545110762128 49.527158737182624 3.3405000067432418e-05 0.0046998793259263047
decision_type=2 2 2 2 2 2
left_child=4 2 -2 -3 5 -1
right_child=1 3 -4 -5 -6 -7
leaf_value=0.04592942849787518 0.00049341703754114555 0.049223086605725629 -0.03325670959073404 -0.0037601700440064285 -0.044647360712623874 -0.015263347818310187
leaf_weight=20.445783599637227 12866.891185220265 200.44988379171684 307.42740951111955 256.56660053520261 110.17613642897379 25.321317836559867
leaf_count=15 37719 1892 1323 1924 98 229
internal_value=4.78882e-05 0.000368764 -0.000294154 0.0194786 -0.0280006 0.0120736
internal_weight=13787.3 13631.3 13174.3 457.016 155.943 45.7671
internal_count=43200 42858 39042 3816 342 244
is_linear=0
shrinkage=0.0558338


Tree=185
num_leaves=8
num_cat=0
split_feature=1 1 5 1 18 1 12
split_gain=49.5925 164.946 101.166 89.6551 256.933 205.364 28.0836
threshold=6.1464997997973128e-05 6.3594998209737255e-05 47.179647445678718 4.7229999836417853e-05 0.0045325662940740594 3.9120001019909985e-05 73.33658599853517
decision_type=2 2 2 2 2 2 2
left_child=3 6 -3 5 -5 -1 -2
right_child=1 2 -4 4 -6 -7 -8
leaf_value=0.0028958279104928887 -0.022708647322751175 0.0069726887846308892 -0.010123058143376457 0.022604561292043059 -0.033232075442670372 -0.027262206216233948 -0.053612712682768231
leaf_weight=6299.1886267773389 161.1478022550418 2145.8482344023405 2170.6122394469148 1544.8172986513287 308.15361785998584 792.45549871928597 212.6082965896849
leaf_count=25883 102 4597 7858 2316 527 1690 227
internal_value=-5.51708e-05 -0.0047053 -0.00162422 0.00238318 0.0133188 -0.00047418 -0.0402882
internal_weight=13634.8 4690.22 4316.46 8944.62 1852.97 7091.64 373.756
internal_count=43200 12784 12455 30416 2843 27573 329
is_linear=0
shrinkage=0.0558338


Tree=186
num_leaves=8
num_cat=0
split_feature=1 1 19 1 14 17 16
split_gain=48.8443 63.5851 72.7455 59.9013 94.5423 73.8315 49.4848
threshold=-4.4604999857256182e-05 -9.5874998805811615e-05 -0.011606785003095864 1.4924999959475828e-05 25.043513298034672 0.0041960175149142751 0.0034382364246994261
decision_type=2 2 2 2 2 2 2
left_child=1 2 -1 5 -5 -2 -3
right_child=3 6 -4 4 -6 -7 -8
leaf_value=0.043429470263003513 0.012575739670585324 -0.023123757271120784 -0.0050768692317928335 -0.017423889146807616 0.0010737441659604782 -0.01898734692689704 0.010625833799485517
leaf_weight=124.77876542837072 2121.4586738245657 840.82683337948527 423.5465032520903 955.15649079365721 8772.1755261736762 259.27008132091532 161.43764882243011
leaf_count=1191 11537 3705 1283 1971 21012 1977 524
internal_value=5.39673e-06 -0.00932476 0.0059614 0.00120024 -0.000742595 0.0091384 -0.0176876
internal_weight=13658.7 1550.59 548.325 12108.1 9727.33 2380.73 1002.26
internal_count=43200 6703 2474 36497 22983 13514 4229
is_linear=0
shrinkage=0.0558338


Tree=187
num_leaves=7
num_cat=0
split_feature=13 18 20 6 20 18
split_gain=39.6029 42.1811 51.9735 47.0787 21.1519 4.08667
threshold=0.16359750181436541 0.010436180979013445 0.0023952001938596372 0.0016947847325354817 0.0037107424577698116 -0.0072194566018879405
decision_type=2 2 2 2 2 2
left_child=4 2 -2 -3 5 -1
right_child=1 3 -4 -5 -6 -7
leaf_value=0.0025579720228827846 0.00035591174233769087 0.027022178769107584 -0.020079870648986982 -0.014859040617675715 0.053409367189089132 -0.043364081682720594
leaf_weight=6.4537469554283993 12808.424558284836 348.37988048427439 400.08425278528011 110.11992126640064 8.0883664609739139 94.498604611064621
leaf_count=218 37552 1390 2399 488 103 1050
internal_value=4.74297e-05 0.000314826 -0.000263086 0.0169634 -0.0334677 -0.0404283
internal_weight=13776 13667 13208.5 458.5 109.041 100.952
internal_count=43200 41829 39951 1878 1371 1268
is_linear=0
shrinkage=0.0558338


Tree=188
num_leaves=8
num_cat=0
split_feature=18 4 15 18 14 8 13
split_gain=48.1608 59.3868 84.756 70.0643 41.3368 40.4677 17.0329
threshold=0.010436180979013445 -0.012273198459297417 0.0038223688025027518 -0.010146446526050566 83.51605606079103 0.16431876271963122 0.16359750181436541
decision_type=2 2 2 2 2 2 2
left_child=1 3 -3 -1 6 -6 -2
right_child=4 2 -4 -5 5 -7 -8
leaf_value=0.014051435909419813 0.016337626617070486 -0.0014408961122501557 0.0089579034917862399 -0.027980394131172658 0.11733574197411975 -0.031157967823280969 -0.033183346068867345
leaf_weight=170.47440281589309 23.770686181905205 9409.1708222729631 3300.5140509326266 449.94990309318371 12.464977935675225 10.57484036908323 242.9604987926038
leaf_count=233 133 23647 15994 1298 18 225 1652
internal_value=-5.33856e-05 0.000436132 0.00125952 -0.0164313 -0.0225723 0.04918 -0.0287701
internal_weight=13619.9 13330.1 12709.7 620.424 289.771 23.0398 266.731
internal_count=43200 41172 39641 1531 2028 243 1785
is_linear=0
shrinkage=0.0558338


Tree=189
num_leaves=8
num_cat=0
split_feature=2 15 19 4 2 20 16
split_gain=48.8678 75.584 59.1539 117.943 85.5048 34.2508 26.3612
threshold=26.500000000000004 0.0032651865622028713 -0.01424565678462386 0.014243479818105699 28.500000000000004 -0.00068455265136435617 -0.0021965656196698542
decision_type=2 2 2 2 2 2 2
left_child=1 5 4 -4 -2 -1 -3
right_child=2 6 3 -5 -6 -7 -8
leaf_value=-0.040676147784897219 0.031918048435380528 -0.014130709203244309 0.0018434504354844516 0.040855741345953378 -0.010457435163315213 -0.012460334851466385 0.035999557201423997
leaf_weight=161.19274824395757 160.2162643177694 44.043026989530262 10092.237785993861 247.5055855204937 2019.8228456676602 798.41402167859746 126.98270358149901
leaf_count=1743 708 4775 14546 437 788 7240 12963
internal_value=1.11311e-05 -0.0111055 0.00101505 0.0027773 -0.00734316 -0.0172 0.0230899
internal_weight=13650.4 1130.63 12519.8 10339.7 2180.04 959.607 171.026
internal_count=43200 26721 16479 14983 1496 8983 17738
is_linear=0
shrinkage=0.0558338


Tree=190
num_leaves=8
num_cat=0
split_feature=19 19 16 12 19 19 6
split_gain=38.2941 129.669 171.909 90.4542 78.673 171.301 107.955
threshold=-0.014529170002788304 -0.016487592831254002 -0.0011625328916124997 6.3742611408233651 -0.0043064923956990233 -0.0018298462964594362 -0.00081676887930370856
decision_type=2 2 2 2 2 2 2
left_child=1 3 -3 -1 6 -6 -2
right_child=4 2 -4 -5 5 -7 -8
leaf_value=-0.016169902433589751 0.010531333288955513 -0.008713184023904556 0.047161215145639604 0.011558306546797192 0.019009247223497967 -0.0020596194325043491 -0.012593554897052937
leaf_weight=758.56111987577049 794.20603494005172 276.07061676663136 453.87962336991143 710.07096463235564 1489.6347452608616 6252.5042699651676 3031.4795479991699
leaf_count=2623 1301 505 521 2678 3249 24048 8275
internal_value=4.12177e-05 0.00679593 0.0260293 -0.00276355 -0.00124258 0.00199416 -0.00779287
internal_weight=13766.4 2198.58 729.95 1468.63 11567.8 7742.14 3825.69
internal_count=43200 6327 1026 5301 36873 27297 9576
is_linear=0
shrinkage=0.0558338


Tree=191
num_leaves=8
num_cat=0
split_feature=2 0 5 18 16 18 14
split_gain=47.1247 83.8158 61.3945 74.5841 54.4167 47.2266 20.3874
threshold=26.500000000000004 326105328.00000006 63.834903717041023 0.0050486146938055762 0.0041160378605127343 0.0042239634785801181 49.361846923828132
decision_type=2 2 2 2 2 2 2
left_child=1 4 3 -2 -1 -4 -3
right_child=2 6 5 -5 -6 -7 -8
leaf_value=0.01210553885061464 -0.0014400434428862977 -0.0071545539884898526 0.023584146528197753 0.017186935679469429 0.074366174298851909 -0.0262475528901959 -0.051308708963662276
leaf_weight=1174.1589279177767 11018.751680772595 57.321065996908999 68.099912712880382 713.51835795422812 45.456434905132255 458.21191714662689 75.588625587362515
leaf_count=23371 13746 495 203 1467 2382 1063 473
internal_value=-5.28512e-05 0.00983774 -0.00114411 -0.000307211 0.0144261 -0.0197998 -0.032266
internal_weight=13611.1 1352.53 12258.6 11732.3 1219.62 526.312 132.91
internal_count=43200 26721 16479 15213 25753 1266 968
is_linear=0
shrinkage=0.0558338


Tree=192
num_leaves=7
num_cat=0
split_feature=1 5 1 4 14 8
split_gain=46.5688 62.1063 63.0977 59.9844 78.284 68.1177
threshold=-4.5910001063020893e-05 74.849029541015639 -9.5874998805811615e-05 -0.00018389261094853279 25.043513298034672 0.16431876271963122
decision_type=2 2 2 2 2 2
left_child=1 2 -1 4 -2 -5
right_child=3 -3 -4 5 -6 -7
leaf_value=0.0047771801227337969 -0.013269482300158853 0.084120941875088714 -0.018943850113644731 -0.027349847501551307 0.0079818765197340984 -0.0010786673697092907
leaf_weight=543.94652284366987 609.51053094970212 21.951902348805334 978.28497019765257 323.21821474509034 4763.9021837724158 6398.8713573929363
leaf_count=2469 1524 15 4069 607 16389 18127
internal_value=7.87619e-06 -0.00912284 -0.0104675 0.00117356 0.00557132 -0.00234186
internal_weight=13639.7 1544.18 1522.23 12095.5 5373.41 6722.09
internal_count=43200 6553 6538 36647 17913 18734
is_linear=0
shrinkage=0.0558338


Tree=193
num_leaves=8
num_cat=0
split_feature=6 3 3 3 5 5 4
split_gain=37.9138 65.9726 62.0222 215.994 68.1926 57.7638 0.808461
threshold=0.00041769137897063052 0.0079082180745899695 -0.00051260055624879886 -0.0025818924186751242 46.487447738647468 39.995128631591804 0.015524921473115684
decision_type=2 2 2 2 2 2 2
left_child=1 5 3 -2 -4 -1 -3
right_child=2 6 4 -5 -6 -7 -8
leaf_value=0.0063847800259849135 0.029677410598865049 -0.051392444678724357 0.042359147422910103 -0.030507626896442139 0.0074545110162932112 -0.0033375387485660738 -0.037641046901224974
leaf_weight=2478.0329322673897 299.06894302936206 74.388149298347116 191.46687188988994 491.21195405475174 1967.6641004498968 8239.2630838355653 16.237107543835236
leaf_count=4965 1357 316 311 2674 6474 26882 221
internal_value=4.04797e-05 -0.0014907 0.00565137 -0.00773158 0.0105498 -0.00108956 -0.0489286
internal_weight=13757.3 10807.9 2949.41 790.281 2159.13 10717.3 90.6253
internal_count=43200 32384 10816 4031 6785 31847 537
is_linear=0
shrinkage=0.0558338


Tree=194
num_leaves=7
num_cat=0
split_feature=20 18 1 19 12 13
split_gain=50.8333 108.914 104.159 103.189 56.6058 123.746
threshold=-0.0016183216939680276 -0.0050133327022194854 3.0100000003585595e-05 -0.018522717989981171 63825.697265625007 64054.281250000007
decision_type=2 2 2 2 2 2
left_child=4 3 -3 -2 5 -1
right_child=1 2 -4 -5 -6 -7
leaf_value=0.007259851766667315 0.014600122636185743 0.0061085675649369744 -0.0050703067610418607 -0.031175155356554341 -0.030268948672916327 0.084366542570523603
leaf_weight=2070.609079725265 199.5681313689762 4755.8681681677426 5727.5585352349171 665.34961832273473 116.62774220644997 66.983403469576842
leaf_count=5636 871 19317 15839 1359 157 21
internal_value=-4.88379e-05 -0.00157006 1.05531e-06 -0.0206131 0.0076094 0.00967606
internal_weight=13602.6 11348.3 10483.4 864.918 2254.22 2137.59
internal_count=43200 37386 35156 2230 5814 5657
is_linear=0
shrinkage=0.0558338


Tree=195
num_leaves=8
num_cat=0
split_feature=3 3 20 3 20 16 1
split_gain=46.804 52.8133 88.1206 70.766 28.774 16.9643 9.27365
threshold=-0.0099590611644089205 -0.002350824535824358 -0.0025466124061495061 -0.0032620992278680201 -0.0008342344663105904 -0.0067934442777186623 3.9120001019909985e-05
decision_type=2 2 2 2 2 2 2
left_child=4 3 -3 -2 5 -1 -6
right_child=1 2 -4 -5 6 -7 -8
leaf_value=0.034133414844730724 -0.001787446146060581 -0.023303147051046851 0.0017454876385155083 -0.029165839393377222 0.033507077297060726 -0.016003664252811668 0.07333384547768898
leaf_weight=40.240326941235743 880.10902919750379 454.86236674593238 11691.371500248495 442.17042419870404 32.774013759941219 44.08865063391017 41.060626997435541
leaf_count=59 2890 2184 35916 1700 192 133 126
internal_value=8.45813e-06 -0.000346141 0.000807445 -0.0109428 0.0302045 0.00792088 0.0556554
internal_weight=13626.7 13468.5 12146.2 1322.28 158.164 84.329 73.8346
internal_count=43200 42690 38100 4590 510 192 318
is_linear=0
shrinkage=0.0558338


Tree=196
num_leaves=7
num_cat=0
split_feature=17 17 21 21 1 1
split_gain=38.1662 54.7565 86.6119 60.044 46.5705 15.6248
threshold=-0.012606507632881401 -0.0072465008124709121 -0.053734406828880303 -0.13606888055801389 3.3405000067432418e-05 2.7549999686016239e-05
decision_type=2 2 2 2 2 2
left_child=4 2 -2 -3 5 -1
right_child=1 3 -4 -5 -6 -7
leaf_value=-0.0015658599589312152 -0.016820718656467313 0.034937421024690947 0.026332165139587031 -0.00088913666768435432 -0.044841005961269061 0.064755412231107701
leaf_weight=39.327541490751415 196.38333436084383 147.53071299604017 554.10173975911141 12667.446543795246 122.43733415552956 15.414425714153721
leaf_count=319 568 389 1142 40588 177 17
internal_value=4.54799e-05 0.000381752 0.0150401 -0.000476688 -0.0257007 0.0171091
internal_weight=13742.6 13565.5 750.485 12815 177.179 54.742
internal_count=43200 42687 1710 40977 513 336
is_linear=0
shrinkage=0.0558338


Tree=197
num_leaves=8
num_cat=0
split_feature=20 17 6 20 6 21 17
split_gain=47.9398 118.908 87.9895 83.476 63.8526 68.1807 0.105246
threshold=-0.0016183216939680276 -0.003735945792868733 -0.00079921944416128088 -0.0015081320307217536 0.00043480265594553208 0.044983813539147384 -0.00086305572767741967
decision_type=2 2 2 2 2 2 2
left_child=4 3 -3 -2 5 -1 -6
right_child=1 2 -4 -5 6 -7 -8
leaf_value=-0.0071227413447879345 0.072225775122185573 0.029747953799736531 -0.00091164737261998545 -0.027260704673325756 -0.053055176051132157 0.01492827712140412 -0.04819088634528531
leaf_weight=601.91505680321188 27.329124107138114 300.30402019435132 10310.317977297491 692.99769511742875 32.985789251753701 1596.5521868276642 23.92589412889329
leaf_count=1715 217 1716 33116 2337 161 3805 133
internal_value=-5.44865e-05 -0.00153418 -4.3913e-05 -0.0234862 0.00737943 0.00889096 -0.0510102
internal_weight=13586.3 11330.9 10610.6 720.327 2255.38 2198.47 56.9117
internal_count=43200 37386 34832 2554 5814 5520 294
is_linear=0
shrinkage=0.0558338


Tree=198
num_leaves=8
num_cat=0
split_feature=16 14 1 1 3 1 14
split_gain=44.2132 107.959 213.34 163.041 56.7998 65.499 39.7013
threshold=-0.00074406433850526799 54.949655532836921 5.3019999540993019e-05 5.2370000048540539e-05 -0.0042361947707831851 5.991999933030457e-05 78.272602081298842
decision_type=2 2 2 2 2 2 2
left_child=1 3 -3 -1 6 -6 -2
right_child=4 2 -4 -5 5 -7 -8
leaf_value=0.010466534442346144 -0.03637802578336307 -0.0050224964084751951 0.045633319125640934 -0.011412439167196555 -0.0054674689245849135 0.0050134573657361955 0.014348804023754061
leaf_weight=2230.8043003775956 242.15266053452973 521.68291615735677 515.09673992462024 2026.1677527666698 5094.6477690240827 2926.5405069662584 60.018892927450963
leaf_count=8399 1082 1956 993 4679 18325 7620 146
internal_value=-1.46003e-06 0.00398785 0.0201445 5.29188e-05 -0.00253871 -0.00164349 -0.0263024
internal_weight=13617.1 5293.75 1036.78 4256.97 8323.36 8021.19 302.172
internal_count=43200 16027 2949 13078 27173 25945 1228
is_linear=0
shrinkage=0.0558338


Tree=199
num_leaves=8
num_cat=0
split_feature=5 8 5 11 11 5 5
split_gain=38.0976 107.192 114.672 63.3545 55.7185 102.082 73.1596
threshold=58.173393249511726 46.313884735107429 59.851068496704109 6.5307166576385507 6.4395527839660653 41.016914367675788 56.053771972656257
decision_type=2 2 2 2 2 2 2
left_child=4 3 -3 -2 6 -6 -1
right_child=1 2 -4 -5 5 -7 -8
leaf_value=0.0065507561181115661 -0.00079936855091693952 0.042837700924508053 0.0069046336852303476 -0.036237498729454302 0.005571358617622757 -0.0082798029168383181 -0.028067286154460795
leaf_weight=3269.2834235111463 877.38089905618131 372.90468842791097 1074.977116254398 191.60877745389166 2406.1957806267574 5339.4280787319531 202.07247239520666
leaf_count=11362 2792 1043 3102 1388 3828 18631 1054
internal_value=5.04555e-05 0.00625854 0.0161593 -0.0071514 -0.00134252 -0.00397691 0.00453559
internal_weight=13733.9 2516.87 1447.88 1068.99 11217 7745.62 3471.36
internal_count=43200 8325 4145 4180 34875 22459 12416
is_linear=0
shrinkage=0.0558338


Tree=200
num_leaves=8
num_cat=0
split_feature=6 7 5 18 18 3 11
split_gain=45.5939 80.0424 75.1416 66.2726 76.1406 18.4629 3.33955
threshold=0.0008502013806719334 73.516017913818374 56.820428848266609 0.010436180979013445 0.0049590549897402534 -0.001884236291516572 63827.626953125007
decision_type=2 2 2 2 2 2 2
left_child=3 2 -2 4 -1 -5 -3
right_child=1 6 -4 5 -6 -7 -8
leaf_value=1.4054441405863798e-05 -0.039637767305841398 -0.040645078456291957 0.013444994778888501 0.010881908609804153 0.01761913212818211 -0.045507917304051217 -0.026011263793918479
leaf_weight=11878.197862460414 109.25097751812109 213.38795066679174 347.72540736972144 21.269559117341117 818.61394171838037 121.48754626362134 62.957937764308923
leaf_count=33395 1190 1282 2481 142 3995 598 117
internal_value=-4.95891e-05 -0.0135903 0.000754309 0.000723779 0.00114912 -0.0371063 -0.0373112
internal_weight=13572.9 733.322 456.976 12839.6 12696.8 142.757 276.346
internal_count=43200 5070 3671 38130 37390 740 1399
is_linear=0
shrinkage=0.0558338


Tree=201
num_leaves=8
num_cat=0
split_feature=19 19 2 8 15 15 11
split_gain=45.2744 82.7357 77.8815 53.2117 52.1584 62.9096 48.8129
threshold=0.019424347206950191 0.014053731691092254 26.500000000000004 0.17342659085989001 0.0062925061210989961 0.0070591242983937272 0.16501271724700931
decision_type=2 2 2 2 2 2 2
left_child=1 2 -1 -3 6 -6 -2
right_child=4 3 -4 -5 5 -7 -8
leaf_value=-0.015235817376958252 0.10214146077942124 -0.049383512201053519 0.0014095797774837607 -0.0049072456283244586 -0.037269864160699787 0.051672511568011212 0.025553375701315571
leaf_weight=945.43009106491081 29.890324496746928 173.44577393914477 11979.698383552655 162.35307047164935 81.533431837190193 35.622268501925589 196.40085414365828
leaf_count=23272 66 132 14182 2234 320 338 2656
internal_value=-4.72535e-07 -0.000518827 0.000192024 -0.02788 0.0200139 -0.0102261 0.0356697
internal_weight=13604.4 13260.9 12925.1 335.799 343.447 117.156 226.291
internal_count=43200 39820 37454 2366 3380 658 2722
is_linear=0
shrinkage=0.0558338


Tree=202
num_leaves=8
num_cat=0
split_feature=19 14 14 19 4 19 3
split_gain=37.0741 132.378 111.666 95.7988 85.9184 74.9505 71.8508
threshold=-0.019954692572355267 40.313875198364265 37.987976074218757 -0.014529170002788304 -0.010688713286072014 -0.0043064923956990233 0.001951884070876986
decision_type=2 2 2 2 2 2 2
left_child=1 2 -1 4 -2 -5 -3
right_child=3 6 -4 5 -6 -7 -8
leaf_value=-0.010200820294904813 0.047542395884129368 -0.046246101822905984 0.065411681985035761 -0.0075227117205024533 0.008564042229061852 0.0020562117647919213 0.032970746205634519
leaf_weight=177.86847754135243 201.83993514005169 297.25715253948061 92.578379143081406 3800.1188149847821 1392.8080016211802 7718.806966151471 40.564478413597044
leaf_count=1331 143 1944 226 9576 2251 27297 432
internal_value=4.66471e-05 -0.0134287 0.0156826 0.000671695 0.0134977 -0.0011039 -0.036734
internal_weight=13721.8 608.268 270.447 13113.6 1594.65 11518.9 337.822
internal_count=43200 3933 1557 39267 2394 36873 2376
is_linear=0
shrinkage=0.0558338


Tree=203
num_leaves=8
num_cat=0
split_feature=20 18 6 1 1 11 6
split_gain=46.9307 118.008 132.744 112.175 159.417 159.318 95.1954
threshold=0.00037695543142035609 0.00038216711254790431 0.0004447495448403061 8.8700003288977331e-06 7.8899997788539639e-06 1927.390319824219 0.00055457476992160093
decision_type=2 2 2 2 2 2 2
left_child=1 2 -1 4 -2 -5 -3
right_child=3 6 -4 5 -6 -7 -8
leaf_value=0.0015467628567850857 0.0030384106099614195 0.011642638467464357 -0.025883804271966637 -0.016558286141915894 0.071805712843015013 0.013992143646456713 0.058268860256095227
leaf_weight=6745.945745097637 1243.3563038902989 1457.344772219622 598.78802862627163 2579.6214907322751 114.79372948122227 670.44258400835361 150.61296983961211
leaf_count=17473 8365 4987 1784 8346 50 1754 441
internal_value=-4.67268e-05 0.00230979 -0.000689546 -0.0046249 0.00885077 -0.0102562 0.01601
internal_weight=13560.9 8952.69 7344.73 4608.21 1358.15 3250.06 1607.96
internal_count=43200 24685 19257 18515 8415 10100 5428
is_linear=0
shrinkage=0.0558338


Tree=204
num_leaves=7
num_cat=0
split_feature=3 4 14 4 2 0
split_gain=43.7863 53.5499 47.1321 248.142 66.4213 11.0814
threshold=-0.0099590611644089205 -0.021230007521808144 25.043513298034672 0.0063881725072860726 29.500000000000004 4985795.0000000009
decision_type=2 2 2 2 2 2
left_child=1 -1 3 -2 -4 -3
right_child=2 5 4 -5 -6 -7
leaf_value=-0.021073105081830374 -0.020986254283740208 0.066714194102313606 -0.0012964000482722027 0.053020570008716045 0.0092047542697540289 0.031342288434501618
leaf_weight=46.444884448920419 1036.6388546869027 59.590783135711966 9919.2325734392853 163.51597846490881 2316.1529704183522 51.448038377720884
leaf_count=123 2798 167 31831 363 7698 220
internal_value=-1.16365e-06 0.0292685 -0.000344246 -0.0109031 0.000691464 0.0503252
internal_weight=13593 157.484 13435.5 1200.15 12235.4 111.039
internal_count=43200 510 42690 3161 39529 387
is_linear=0
shrinkage=0.0558338


Tree=205
num_leaves=7
num_cat=0
split_feature=20 14 19 14 10 14
split_gain=37.6607 41.245 90.1679 54.5587 14.9634 0.140591
threshold=-0.0046457608696073285 23.22190093994141 -0.0059906255919486276 37.987976074218757 0.18453993648290637 15.324484825134279
decision_type=2 2 2 2 2 2
left_child=4 2 -2 -3 -1 -6
right_child=1 3 -4 -5 5 -7
leaf_value=0.013417355248787562 0.028270626311413801 -0.0075891063748412231 -0.0036066269551231168 0.0013146537175703879 -0.047687492715668765 -0.053003550451604334
leaf_weight=14.237852811807114 497.3026924265281 2749.4900215994021 623.35870622062851 9765.0579111547868 38.89332135100873 25.796115825462216
leaf_count=92 1041 8269 1326 32051 76 345
internal_value=5.4787e-05 0.000277395 0.0105392 -0.000641534 -0.0384021 -0.0498074
internal_weight=13714.1 13635.2 1120.66 12514.5 78.9273 64.6894
internal_count=43200 42687 2367 40320 513 421
is_linear=0
shrinkage=0.0558338


Tree=206
num_leaves=7
num_cat=0
split_feature=13 6 18 21 14 3
split_gain=43.5883 56.3295 59.4844 54.6538 23.0212 11.9427
threshold=0.16359750181436541 0.00096164451679214846 0.010436180979013445 1.010914206504822 21.710942268371586 0.0012587020755745473
decision_type=2 2 2 2 2 2
left_child=4 2 -2 -3 -1 -6
right_child=1 3 -4 -5 5 -7
leaf_value=-0.049611601783721232 0.00070904243664336047 -0.031684207949077503 -0.035984110119943818 0.0066696804794136441 0.022527592294119558 0.054849982248349596
leaf_weight=11.154557993937543 12722.68473484935 337.85293691339211 139.23699329517876 176.24349485637867 106.45070816855215 53.569543302746041
leaf_count=69 37128 2997 765 939 972 330
internal_value=-5.42946e-05 -0.000412568 0.00031182 -0.0185357 0.027942 0.0333481
internal_weight=13547.2 13376 12861.9 514.096 171.175 160.02
internal_count=43200 41829 37893 3936 1371 1302
is_linear=0
shrinkage=0.0558338


Tree=207
num_leaves=8
num_cat=0
split_feature=4 9 19 19 8 15 19
split_gain=43.0077 65.135 79.0478 64.0533 65.2932 38.0624 36.6919
threshold=-0.00018389261094853279 0.163470134139061 0.0030492413789033894 0.020054265856742862 570.16519165039074 0.0062925061210989961 0.019424347206950191
decision_type=2 2 2 2 2 2 2
left_child=3 6 -3 4 -1 -5 -2
right_child=1 2 -4 5 -6 -7 -8
leaf_value=-0.00024429509531441544 -0.039715831616007009 -0.0051621201507560024 0.0081765865337669955 0.058879800004235504 0.014550284796068588 -0.014325758620546273 0.01426829083830454
leaf_weight=4682.2684023865941 217.28979925469628 5492.4292378782975 1852.0517166999553 99.614766343535024 1160.4133887323251 28.469088466347699 47.901859886964871
leaf_count=13489 623 12728 8688 1143 6128 333 68
internal_value=3.1266e-06 -0.00278008 -0.00179851 0.00355029 0.00269405 0.0426085 -0.0299646
internal_weight=13580.4 7609.67 7344.48 5970.77 5842.68 128.084 265.192
internal_count=43200 22107 21416 21093 19617 1476 691
is_linear=0
shrinkage=0.0558338


Tree=208
num_leaves=8
num_cat=0
split_feature=20 5 18 14 1 21 1
split_gain=35.9374 39.2587 73.3595 63.9558 14.432 26.8499 0.12344
threshold=-0.0046457608696073285 39.995128631591804 -0.0024596859002485867 12.642339229583742 9.2800000857096182e-06 -0.16199534386396405 4.1754999983822934e-05
decision_type=2 2 2 2 2 2 2
left_child=4 2 -2 -3 5 -1 -6
right_child=1 3 -4 -5 6 -7 -8
leaf_value=0.10341095257930895 0.0047228644661726155 0.053831768547901095 0.054211403239217235 -0.0014537911039350804 -0.05146061677906498 -0.051535305203629325 -0.046470843266425671
leaf_weight=5.9526202104797532 2320.8562822028957 65.614640867685011 97.291729267879873 11142.815951689372 36.257055499238113 8.414850201428246 26.942287372291908
leaf_count=29 4563 51 153 37920 62 256 166
internal_value=4.61393e-05 0.000261859 0.00671399 -0.00113015 -0.0378504 0.0126609 -0.0493335
internal_weight=13704.1 13626.6 2418.15 11208.4 77.5668 14.3675 63.1993
internal_count=43200 42687 4716 37971 513 285 228
is_linear=0
shrinkage=0.0558338


Tree=209
num_leaves=8
num_cat=0
split_feature=20 4 6 4 5 13 6
split_gain=44.7182 94.2705 68.1116 57.2983 90.1543 47.3364 2.12614
threshold=-0.0028049218235537405 0.0028417004505172376 -0.0017427435377612708 -0.012273198459297417 36.50392150878907 0.16359750181436541 -0.00094307694234885265
decision_type=2 2 2 2 2 2 2
left_child=1 2 -1 4 -2 -5 -3
right_child=3 6 -4 5 -6 -7 -8
leaf_value=-0.00025584802955626811 0.046717779100934734 -0.049418078069920969 0.038988110421476631 0.029781145141867634 -0.029751182760196424 -0.00044081940566220956 -0.074767854282848878
leaf_weight=248.7364855547707 54.771394203385739 39.693653763857768 309.32118511356867 163.71243881223745 392.41280581485478 12311.314871089133 13.935338151200126
leaf_count=512 83 386 1095 1190 1357 38347 230
internal_value=-4.9857e-05 0.0147015 0.0214964 -0.000748128 -0.0203852 -4.42101e-05 -0.0560052
internal_weight=13533.9 611.687 558.058 12922.2 447.184 12475 53.629
internal_count=43200 2223 1607 40977 1440 39537 616
is_linear=0
shrinkage=0.0558338


Tree=210
num_leaves=8
num_cat=0
split_feature=1 21 21 10 1 15 1
split_gain=41.2918 64.3561 71.9542 59.1142 56.5143 104.204 83.9916
threshold=-4.5910001063020893e-05 0.56856125593185436 0.16526906192302707 64194.673828125007 1.4924999959475828e-05 0.0038689713692292575 2.8794999707315586e-05
decision_type=2 2 2 2 2 2 2
left_child=1 2 -1 -3 5 -2 -6
right_child=4 3 -4 -5 6 -7 -8
leaf_value=0.01452911306448277 0.017539287161330554 -0.0014347365274038413 -0.030844919788630746 0.075185792411442562 -0.01186806685962569 -0.0068782271988902608 0.0016477324612308279
leaf_weight=136.85121672445098 1525.1629906846201 827.97384687426245 534.43296571020005 32.627277494556097 1750.3441209924276 847.67187088950504 7913.9676970028559
leaf_count=1029 7801 3069 2430 25 3346 5863 19637
internal_value=-3.26766e-06 -0.00863709 -0.0215948 0.00147012 0.0010955 0.00881637 -0.000800171
internal_weight=13569 1531.89 671.284 860.601 12037.1 2372.83 9664.31
internal_count=43200 6553 3459 3094 36647 13664 22983
is_linear=0
shrinkage=0.0558338


Tree=211
num_leaves=7
num_cat=0
split_feature=16 15 15 14 14 4
split_gain=37.002 46.1833 100.74 91.455 27.4735 9.12167
threshold=-0.010638857260346411 0.0063557249959558257 0.0058899545110762128 49.527158737182624 14.112326622009279 0.0021294568432495002
decision_type=2 2 2 2 2 2
left_child=4 2 -2 -3 -1 -6
right_child=1 3 -4 -5 5 -7
leaf_value=0.0063057379689877039 0.00050263916003934683 0.046473099536477762 -0.032354081116239691 -0.004246236722974671 -0.055826255877909278 -0.020038466302434624
leaf_weight=50.352487742991741 12795.949047506832 197.00625519878216 297.66861723886905 253.36295848162351 68.180986462435214 32.923535022437591
leaf_count=50 37719 1892 1323 1924 212 80
internal_value=5.34547e-05 0.000360352 -0.000244321 0.0179401 -0.0273907 -0.0441724
internal_weight=13695.4 13544 13093.6 450.369 151.457 101.105
internal_count=43200 42858 39042 3816 342 292
is_linear=0
shrinkage=0.0558338


Tree=212
num_leaves=7
num_cat=0
split_feature=20 14 14 2 20 14
split_gain=42.9031 59.6467 82.4196 53.5679 66.2918 62.1004
threshold=-0.0016183216939680276 56.711645126342781 54.001140594482429 26.500000000000004 -0.000778759509557858 37.343074798583991
decision_type=2 2 2 2 2 2
left_child=1 2 -1 5 -5 -2
right_child=3 -3 -4 4 -6 -7
leaf_value=0.0065822580965312089 0.033022181689788287 -0.055636922251883145 0.075667084313855021 -0.011883086506523312 -0.0005477030109574747 0.0029245133806762636
leaf_weight=2145.0576430127553 271.11945922449684 46.422241488658983 55.220212122239445 2014.2989273452367 7980.6742845054214 1009.2413371049466
leaf_count=5541 3674 178 95 2247 12444 19021
internal_value=-5.08612e-05 0.00699465 0.00831608 -0.00145474 -0.00283214 0.00929777
internal_weight=13522 2246.7 2200.28 11275.3 9994.97 1280.36
internal_count=43200 5814 5636 37386 14691 22695
is_linear=0
shrinkage=0.0558338


Tree=213
num_leaves=8
num_cat=0
split_feature=16 6 19 19 19 1 18
split_gain=42.7231 102.735 88.3932 98.1376 87.4679 58.4468 0.52082
threshold=-0.00074406433850526799 -0.00066074045025743533 -0.00096243806183338154 0.0046146488748490819 -0.0014613943058066068 5.9390000387793414e-05 0.001501677790656686
decision_type=2 2 2 2 2 2 2
left_child=2 6 4 -4 -1 -3 -2
right_child=1 5 3 -5 -6 -7 -8
leaf_value=0.00071958635869397473 -0.043965951247163029 -0.0052034074644712299 0.025835889900821907 -0.0027788409958759267 -0.048857864740112354 0.0046367365305722526 -0.050735281070393025
leaf_weight=3567.4698230552949 113.97544795847145 5167.2314571234483 981.93494665082005 603.13879173510134 114.49700071626285 2959.411667121979 51.415840666708647
leaf_count=9340 528 18495 2559 3885 243 7508 642
internal_value=-8.75249e-06 -0.0025066 0.00392368 0.0149477 -0.000822109 -0.00162 -0.0460704
internal_weight=13559.1 8292.03 5267.04 1585.07 3681.97 8126.64 165.391
internal_count=43200 27173 16027 6444 9583 26003 1170
is_linear=0
shrinkage=0.0558338


Tree=214
num_leaves=7
num_cat=0
split_feature=3 15 15 1 15 15
split_gain=36.0148 47.325 79.8701 71.2573 40.5455 38.4016
threshold=0.0052203396335244187 0.0019810252124443655 0.0020016628550365572 2.2594999791181184e-05 0.0017480908427387478 0.0043811961077153691
decision_type=2 2 2 2 2 2
left_child=1 3 -3 -1 -2 -6
right_child=4 2 -4 -5 5 -7
leaf_value=0.0045683184685155033 0.059778406642924532 0.067894610211971837 0.0014558318600641344 -0.018269939317898425 -0.040897749507432107 -9.9416593544731575e-06
leaf_weight=766.00605503960412 19.288205019020097 56.683115649742831 11593.243002719528 959.18654617931008 171.08082141309302 123.15436596170451
leaf_count=2062 25 170 37540 1758 818 827
internal_value=6.25587e-05 0.000501033 0.00177909 -0.00812948 -0.018643 -0.0237838
internal_weight=13688.6 13375.1 11649.9 1725.19 313.523 294.235
internal_count=43200 41530 37710 3820 1670 1645
is_linear=0
shrinkage=0.0558338


Tree=215
num_leaves=8
num_cat=0
split_feature=20 14 19 18 19 14 0
split_gain=42.212 183.465 208.673 106.217 139.946 78.9826 49.1218
threshold=0.00037695543142035609 47.553928375244148 -0.0043064923956990233 0.00038216711254790431 -0.014853395987302063 60.965436935424812 201015208.00000003
decision_type=2 2 2 2 2 2 2
left_child=3 6 -3 5 -5 -1 -2
right_child=1 2 -4 4 -6 -7 -8
leaf_value=0.00087639514008551532 -0.033784127904862855 0.024252531605464672 -0.0065108140675288091 -0.05702494172606852 0.018901363613233101 -0.022328869147615234 -0.003789240749992831
leaf_weight=6826.5811590473086 705.74160288515645 918.396247776162 2732.5583667174342 79.608428350243912 1532.8295877374514 490.07462161862077 224.30117374543238
leaf_count=17763 2917 3700 11473 124 5304 1494 425
internal_value=-5.46013e-05 -0.00441182 0.00122769 0.00218083 0.0151528 -0.000677909 -0.0265502
internal_weight=13510.1 4581 3650.95 8929.09 1612.44 7316.66 930.043
internal_count=43200 18515 15173 24685 5428 19257 3342
is_linear=0
shrinkage=0.0558338


Tree=216
num_leaves=8
num_cat=0
split_feature=4 19 14 15 20 6 2
split_gain=39.5841 60.1482 62.3743 59.807 61.6183 35.4215 1.65514
threshold=-0.00018389261094853279 0.020054265856742862 25.043513298034672 0.0076046809554100045 0.0020214437972754244 -0.00050027869292534877 29.500000000000004
decision_type=2 2 2 2 2 2 2
left_child=1 2 -1 4 -2 -3 -5
right_child=3 5 -4 6 -6 -7 -8
leaf_value=-0.014327335929495656 -0.0016393171829316164 -0.0023805601819138944 0.0045375790267822421 0.050646808672283675 -0.020417142781875702 0.061108171993727416 0.077487678983701264
leaf_weight=610.17546378716634 6940.4502235846367 39.810300770661627 5225.3817269786796 47.843948443542807 591.1729107561041 87.841224415914155 8.4229645729066984
leaf_count=1685 18723 431 17932 786 2588 1045 10
internal_value=-9.62291e-06 0.00339439 0.00256503 -0.00268478 -0.00311323 0.0413081 0.0546648
internal_weight=13551.1 5963.21 5835.56 7587.89 7531.62 127.652 56.2669
internal_count=43200 21093 19617 22107 21311 1476 796
is_linear=0
shrinkage=0.0558338


Tree=217
num_leaves=7
num_cat=0
split_feature=19 15 16 15 7 9
split_gain=34.789 39.6937 144.228 93.8543 0.16337 0.119074
threshold=0.025721173733472828 0.0063557249959558257 -0.003164590103551745 0.0058899545110762128 1930.7907714843752 45.057960510253913
decision_type=2 2 2 2 2 2
left_child=1 3 -3 -1 5 -2
right_child=4 2 -4 -5 -6 -7
leaf_value=0.00037629811271346514 -0.046751599137408402 -0.0075715368630270424 0.056511080606356491 -0.03154022433756689 -0.058112226939755214 -0.03609143751126296
leaf_weight=12871.694064821457 41.871470629552562 295.28706327411817 174.00487480640516 293.77717969847436 3.7057659571697092 3.5430886636742178
leaf_count=36362 1054 1153 2444 1227 4 956
internal_value=6.39028e-05 0.000232877 0.0161891 -0.000335894 -0.0468398 -0.0459199
internal_weight=13683.9 13634.8 469.292 13165.5 49.1203 45.4146
internal_count=43200 41186 3597 37589 2014 2010
is_linear=0
shrinkage=0.0558338


Tree=218
num_leaves=8
num_cat=0
split_feature=6 18 18 19 20 15 0
split_gain=40.3836 92.0782 138.934 75.5123 76.4753 52.6947 33.0573
threshold=0.00063117596437223266 0.00038216711254790431 0.0037878383882343773 0.016111430712044243 0.0016582197858951988 0.0034072244307026271 1331824.3750000002
decision_type=2 2 2 2 2 2 2
left_child=3 6 -3 4 -1 -5 -2
right_child=1 2 -4 5 -6 -7 -8
leaf_value=0.00057152863555346638 -0.014201952085674752 0.03128825098523548 -0.014725618401439537 0.012942170507991685 0.020784211165351528 -0.042486699342864469 -0.048000437002553076
leaf_weight=11297.790633995604 161.0375933540513 299.32754959817169 646.12798009969697 72.520613063001633 615.3176728840499 203.50817736634201 205.12057150047224
leaf_count=29994 522 1538 4166 1015 2362 2393 1210
internal_value=-5.51108e-05 -0.00936413 -0.000157806 0.000946588 0.00161552 -0.027924 -0.0331358
internal_weight=13500.8 1311.61 945.456 12189.1 11913.1 276.029 366.158
internal_count=43200 7436 5704 35764 32356 3408 1732
is_linear=0
shrinkage=0.0558338


end of trees

feature_importances:
Column_14=150
Column_19=141
Column_6=119
Column_20=101
Column_1=100
Column_15=96
Column_3=89
Column_16=81
Column_18=81
Column_4=79
Column_21=74
Column_5=63
Column_2=58
Column_0=46
Column_17=46
Column_13=35
Column_11=33
Column_7=29
Column_9=24
Column_8=21
Column_10=17
Column_12=12

parameters:
[boosting: gbdt]
[objective: multiclass]
[metric: multi_logloss]
[tree_learner: serial]
[device_type: cpu]
[data_sample_strategy: bagging]
[data: ]
[valid: ]
[num_iterations: 73]
[learning_rate: 0.0558338]
[num_leaves: 31]
[num_threads: 1]
[seed: 0]
[deterministic: 0]
[force_col_wise: 0]
[force_row_wise: 0]
[histogram_pool_size: -1]
[max_depth: 3]
[min_data_in_leaf: 92]
[min_sum_hessian_in_leaf: 0.001]
[bagging_fraction: 0.889462]
[pos_bagging_fraction: 1]
[neg_bagging_fraction: 1]
[bagging_freq: 0]
[bagging_seed: 3]
[bagging_by_query: 0]
[feature_fraction: 0.572364]
[feature_fraction_bynode: 1]
[feature_fraction_seed: 2]
[extra_trees: 0]
[extra_seed: 6]
[early_stopping_round: 0]
[early_stopping_min_delta: 0]
[first_metric_only: 0]
[max_delta_step: 0]
[lambda_l1: 5.56123e-07]
[lambda_l2: 7.76998e-06]
[linear_lambda: 0]
[min_gain_to_split: 0]
[drop_rate: 0.1]
[max_drop: 50]
[skip_drop: 0.5]
[xgboost_dart_mode: 0]
[uniform_drop: 0]
[drop_seed: 4]
[top_rate: 0.2]
[other_rate: 0.1]
[min_data_per_group: 100]
[max_cat_threshold: 32]
[cat_l2: 10]
[cat_smooth: 10]
[max_cat_to_onehot: 4]
[top_k: 20]
[monotone_constraints: ]
[monotone_constraints_method: basic]
[monotone_penalty: 0]
[feature_contri: ]
[forcedsplits_filename: ]
[refit_decay_rate: 0.9]
[cegb_tradeoff: 1]
[cegb_penalty_split: 0]
[cegb_penalty_feature_lazy: ]
[cegb_penalty_feature_coupled: ]
[path_smooth: 0]
[interaction_constraints: ]
[verbosity: -1]
[saved_feature_importance_type: 0]
[use_quantized_grad: 0]
[num_grad_quant_bins: 4]
[quant_train_renew_leaf: 0]
[stochastic_rounding: 1]
[linear_tree: 0]
[max_bin: 255]
[max_bin_by_feature: ]
[min_data_in_bin: 3]
[bin_construct_sample_cnt: 200000]
[data_random_seed: 1]
[is_enable_sparse: 1]
[enable_bundle: 1]
[use_missing: 1]
[zero_as_missing: 0]
[feature_pre_filter: 1]
[pre_partition: 0]
[two_round: 0]
[header: 0]
[label_column: ]
[weight_column: ]
[group_column: ]
[ignore_column: ]
[categorical_feature: ]
[forcedbins_filename: ]
[precise_float_parser: 0]
[parser_config_file: ]
[objective_seed: 5]
[num_class: 3]
[is_unbalance: 0]
[scale_pos_weight: 1]
[sigmoid: 1]
[boost_from_average: 1]
[reg_sqrt: 0]
[alpha: 0.9]
[fair_c: 1]
[poisson_max_delta_step: 0.7]
[tweedie_variance_power: 1.5]
[lambdarank_truncation_level: 30]
[lambdarank_norm: 1]
[label_gain: ]
[lambdarank_position_bias_regularization: 0]
[eval_at: ]
[multi_error_top_k: 1]
[auc_mu_weights: ]
[num_machines: 1]
[local_listen_port: 12400]
[time_out: 120]
[machine_list_filename: ]
[machines: ]
[gpu_platform_id: -1]
[gpu_device_id: -1]
[gpu_use_dp: 0]
[num_gpu: 1]

end of parameters

pandas_categorical:null
