tree
version=v4
num_class=3
num_tree_per_iteration=3
label_index=0
max_feature_idx=33
objective=multiclass num_class:3
feature_names=Column_0 Column_1 Column_2 Column_3 Column_4 Column_5 Column_6 Column_7 Column_8 Column_9 Column_10 Column_11 Column_12 Column_13 Column_14 Column_15 Column_16 Column_17 Column_18 Column_19 Column_20 Column_21 Column_22 Column_23 Column_24 Column_25 Column_26 Column_27 Column_28 Column_29 Column_30 Column_31 Column_32 Column_33
feature_infos=[42561.52734375:406310272] [-0.00032804001239128411:9.9999997473787516e-05] [5:79] [-0.10434558242559433:0.18051035702228546] [-0.24295872449874878:0.18965260684490204] [9.4044122695922852:90.427116394042969] [-0.010163630358874798:0.015455800108611584] [0.14307104051113129:124705.2421875] [0.14369271695613861:124535.140625] [0.14471201598644257:123975.796875] [0.14840638637542725:121107.6015625] [0.14557681977748871:126049.6328125] [0.13971482217311859:123776.1875] [0.14303000271320343:124769.9609375] [0:98.153656005859375] [0:0.039883282035589218] [-0.081822969019412994:0.11955969035625458] [-0.10097409039735794:0.14534389972686768] [-0.11553481221199036:0.16078661382198334] [-0.17433743178844452:0.18316374719142914] [-0.022916197776794434:0.03892921656370163] [-0.56833761930465698:1.5220135450363159] [0.0021437173709273338:0.22562487423419952] [-0.076595388352870941:0.10895024985074997] [0.00033922118018381298:0.039153359830379486] [0.086417034268379211:17.222129821777344] [0.00046470170491375029:0.3059249222278595] [-0.076595388352870941:0.10895024985074997] [-37.717723846435547:32.803195953369141] [-0.0062476946040987968:0.0077165002003312111] [0:27.999662399291992] [0:59.852073669433594] [0:67.840286254882812] [-4.4742031097412109:3.9764704704284668]
tree_sizes=1396 1713 1491 1556 1798 1560 1896 1808 1673 1901 1792 1867 1548 1788 1880 1889 1776 1888 1889 1765 1654 1552 1790 1774 1666 1904 1674 1668 1813 1777 1334 1889 1556 1578 1787 1753 1767 1801 1887 1759 1667 1564 1457 1906 1794 1884 1797 1560 1776 1792 1773 1770 1906 1774 1803 1885 1783 1340 1772 1787 1674 1906 1770 1452 1791 1557 1898 1901 1774 1559 1893 1782 1783 1895 1448 1778 1892 1667 1678 1774 1560 1554 1778 1785 1559 1794 1683 1684 1790 1904 1894 1783 1781 1566 1898 1673 1564 1904 1905 1337 1792 1457 1899 1886 1576 1897 1907 1687 1576 1903 1875 1894 1899 1785 1893 1792 1872 1903 1893 1780 1891 1694 1765 1780 1672 1448 1771 1709 1885 1776 1792 1781 1684 1691 1779 1905 1466 1779 1570 1127 1794 1788 1782 1683 1581 1795 1572 1894 1787 1680 1560 1786 1803 1569 1578 1569 1908 1794 1893 1785 1805 1677

Tree=0
num_leaves=12
num_cat=0
split_feature=10 22 8 9 21 30 21 30 20 16 21
split_gain=382.546 132.535 200.35 103.172 108.547 144.654 133.798 76.3753 129.273 87.017 38.4729
threshold=54.096012115478523 0.047013795003294952 53.967767715454109 53.772626876831062 0.30924534797668463 24.859890937805179 0.83666539192199718 15.705149173736574 -0.00080566509859636415 0.010175253264606001 1.1447433829307558
decision_type=2 2 2 2 2 2 2 2 2 2 2
left_child=1 7 10 -2 5 -5 -6 8 -1 -9 -3
right_child=3 2 -4 4 6 -7 -8 9 -10 -11 -12
leaf_value=-1.1133660532441929 -1.1039562144928849 -1.1128628722666793 -1.0675486176797249 -1.1012239712684915 -1.0941776886194468 -1.0890771513597599 -1.1004332029570834 -1.1147529731823913 -1.0829996887013507 -1.0916003612506335 -1.0640795287143419
leaf_weight=135.48861499367689 943.50524997711182 107.33398616623271 78.03789758682251 3392.5125068041125 6160.8205139742058 460.91197550954803 1837.1912514376136 972.73658683959934 101.48734704786403 72.171675727238608 7.1357228868187681
leaf_count=1469 141 3862 12 6939 13378 896 4732 8361 2385 542 91
internal_value=-1.09861 -1.10843 -1.09269 -1.09748 -1.09697 -1.09977 -1.09561 -1.11079 -1.10036 -1.11315 -1.10982
internal_weight=14269.3 1474.39 192.508 12794.9 11851.4 3853.42 7998.01 1281.88 236.976 1044.91 114.47
internal_count=42808 16722 3965 26086 25945 7835 18110 12757 3854 8903 3953
is_linear=0
shrinkage=1


Tree=1
num_leaves=15
num_cat=0
split_feature=33 24 15 16 0 21 31 14 2 24 15 30 22 15
split_gain=274.782 181.475 318.354 244.979 181.28 138.536 165.531 129.885 122.014 120.701 120.201 106.024 26.3559 0.005792
threshold=0.59063541889190685 0.001832783571444452 0.0057060017716139564 0.0034437314607203011 924819.34375000012 0.08270664140582086 17.510307312011722 33.423566818237312 14.500000000000002 0.0055405232124030599 0.0057060017716139564 23.836061477661136 0.022187461145222191 0.0054365515243262061
decision_type=2 2 2 2 2 2 2 2 2 2 2 2 2 2
left_child=4 12 3 -3 7 6 -6 11 -4 -7 -9 -1 13 -2
right_child=1 2 8 -5 5 9 -8 10 -10 -11 -12 -13 -14 -15
leaf_value=-1.0889918378051018 -1.1189395973469594 -1.070456965295659 -1.0919320969333861 -1.0933221659644976 -1.099210858166751 -1.1063505992573963 -1.0751930752917631 -1.106157612346865 -1.0997865287590478 -1.0992066116399299 -1.0969441479332072 -1.1077089803680777 -1.093619427019652 -1.1184908490488099
leaf_weight=998.37966496701551 118.35069114202474 393.98652187099458 1508.1240512143272 381.96402111522059 1022.7780953682206 3365.2320605682057 134.37163265459526 799.69837742928576 1790.3925424874992 1380.3660158700436 2193.9077911200197 143.22882713747617 19.527806049047683 19.025229956868145
leaf_count=2283 695 947 2501 901 2584 8931 462 3768 6700 6771 5470 690 38 67
internal_value=-1.09861 -1.09426 -1.09344 -1.08171 -1.10045 -1.10273 -1.09642 -1.09718 -1.0962 -1.10427 -1.09941 -1.09134 -1.11573 -1.11888
internal_weight=14269.3 4231.37 4074.47 775.951 10038 5902.75 1157.15 4135.21 3298.52 4745.6 2993.61 1141.61 156.904 137.376
internal_count=42808 11849 11049 1848 30959 18748 3046 12211 9201 15702 9238 2973 800 762
is_linear=0
shrinkage=1


Tree=2
num_leaves=13
num_cat=0
split_feature=11 0 12 20 8 31 11 8 5 21 20 21
split_gain=413.516 424.585 358.847 355.634 306.966 283.34 148.6 132.351 111.751 96.5556 76.4561 58.4809
threshold=56.219516754150398 967193.28125000012 59.256948471069343 1.0000000180025095e-35 53.624652862548835 14.808109283447267 56.651367187500007 68.162464141845717 49.604595184326179 0.42375253140926367 0.0022442848421633248 0.37818846106529241
decision_type=2 2 2 2 2 2 2 2 2 2 2 2
left_child=1 3 6 -1 5 -3 -2 -4 -8 -9 -5 -6
right_child=2 4 7 10 11 -7 8 9 -10 -11 -12 -13
leaf_value=-1.083362112574259 -1.102728427347623 -1.1126673425717888 -1.0772257554034237 -1.0999202340888408 -1.1008667795789109 -1.0864009417798952 -1.1059260158493502 -1.0950240797348734 -1.1167240717947311 -1.1013145731405451 -1.0917083215735148 -1.1077119542195335
leaf_weight=1685.6573896408072 1637.1021199226379 211.24139999397016 122.86932135158349 1038.0750298500061 888.12023258209229 870.18328676499709 773.51740384101868 1751.2754632916135 814.29246282577515 2385.8070144109402 856.37474679946899 1234.8174576759338
leaf_count=188 169 2857 157 107 137 13840 100 10171 94 14710 100 178
internal_value=-1.09861 -1.09497 -1.10191 -1.09016 -1.10035 -1.09153 -1.10703 -1.09803 -1.11146 -1.09865 -1.09621 -1.10485
internal_weight=14269.3 6784.47 7484.86 3580.11 3204.36 1081.42 3224.91 4259.95 1587.81 4137.08 1894.45 2122.94
internal_count=42808 17407 25401 395 17012 16697 363 25038 194 24881 207 315
is_linear=0
shrinkage=1


Tree=3
num_leaves=13
num_cat=0
split_feature=10 2 30 8 9 19 15 15 8 32 8 30
split_gain=370.388 266.89 249.152 292.167 236.626 187.641 151.706 145.483 92.4154 74.8253 34.862 3.48407
threshold=54.096012115478523 32.500000000000007 12.633187770843508 68.162464141845717 55.934913635253913 0.017241157591342929 0.0068208714947104463 0.0036043744767084722 56.039657592773445 21.231600761413578 52.308687210083015 26.584631919860843
decision_type=2 2 2 2 2 2 2 2 2 2 2 2
left_child=6 2 3 -2 -3 -4 10 -6 9 -8 11 -1
right_child=1 4 5 -5 7 -7 8 -9 -10 -11 -12 -13
leaf_value=-0.0018674521688619927 0.027273114233353032 -0.013719780635285487 0.00057954319568201222 0.0012894733977077673 0.027991738670664307 0.0090749023136536128 -0.0019685707673493171 -0.0016795750028432549 0.039598334984846821 -0.014422973230801295 -0.02020531194409219 0.030107970559654432
leaf_weight=39.976761973843878 353.00246715545984 840.53551483154297 8474.2884470350109 363.5954191430086 71.744071378915351 1232.6226925174178 649.47519409836332 1465.3609059403072 18.935736656188965 288.28592968152032 469.72548198699951 1.4619180615139544
leaf_count=2900 40 67 12738 1224 1088 2050 7705 8879 3 6005 44 65
internal_value=2.26564e-08 0.00110995 0.00251293 0.0140893 -0.00504067 0.00165832 -0.00967957 -0.000294658 -0.00489879 -0.00579732 -0.0186273 -0.000738839
internal_weight=14269 12801.1 10423.5 716.598 2377.64 9706.91 1467.86 1537.1 956.697 937.761 511.164 41.4387
internal_count=42808 26086 16052 1264 10034 14788 16722 9967 13713 13710 3009 2965
is_linear=0
shrinkage=0.0203443


Tree=4
num_leaves=15
num_cat=0
split_feature=5 24 15 29 15 21 15 17 26 22 29 17 22 33
split_gain=446.968 142.575 217.35 199.46 116.886 95.3185 165.119 140.714 149.14 101.704 97.761 55.1434 30.6127 0.384831
threshold=57.534437179565437 0.001832783571444452 0.0058227383997291335 1.5926851119729694e-05 0.0096312365494668501 0.33799915015697485 0.0062331403605639943 -0.00092635920736938704 0.0040210736915469178 0.019046991132199768 4.4244767195777974e-05 0.0042432490736246118 0.021889944560825828 0.7535725235939027
decision_type=2 2 2 2 2 2 2 2 2 2 2 2 2 2
left_child=5 12 3 -3 -4 7 10 9 -9 -1 -7 -8 13 -2
right_child=1 2 4 -5 -6 6 11 8 -10 -11 -12 -13 -14 -15
leaf_value=-0.0048732632337864885 -0.016694412348576326 0.024904954024990118 0.0011201667892803279 0.0052849275284637285 0.01145172643100982 -0.0043802919841200456 -0.0028761259389359448 0.040054542406910094 -0.0033380436743782153 0.0016422718330290852 -0.013813848993574487 0.0021487469638434083 0.010176466791754222 -0.020200245310287301
leaf_weight=1428.9552591487191 15.42047233831765 482.75673266670685 1541.7574554756118 385.88857298383289 641.94080197801463 989.38764920862195 3210.2180564906466 74.173678157118744 58.747345695375984 3239.5869042477534 841.3104034611024 1258.1950592663898 16.611748445493092 84.068365179533913
leaf_count=3293 167 603 3816 1127 3180 3068 9749 147 136 11162 2104 3741 27 488
internal_value=4.9349e-08 0.00673966 0.00758134 0.0161889 0.00415734 -0.00192364 -0.00356955 0.000235653 0.0208761 -0.000352009 -0.00871556 -0.00146124 -0.0153883 -0.0196571
internal_weight=14269 3168.44 3052.34 868.645 2183.7 11100.6 6299.11 4801.46 132.921 4668.54 1830.7 4468.41 116.101 99.4888
internal_count=42808 9408 8726 1730 6996 33400 18662 14738 283 14455 5172 13490 682 655
is_linear=0
shrinkage=0.0203443


Tree=5
num_leaves=13
num_cat=0
split_feature=11 0 12 20 9 7 11 12 17 19 19 27
split_gain=398.969 412.294 350.473 341.299 276.398 217.801 209.179 125.631 96.7104 93.7127 86.4625 42.5638
threshold=56.219516754150398 967193.28125000012 59.256948471069343 1.0000000180025095e-35 53.772626876831062 56.046705245971687 54.677249908447273 66.299892425537124 0.00049394756206311296 0.003816039534285665 0.014014498330652716 -0.00090635233209468413
decision_type=2 2 2 2 2 2 2 2 2 2 2 2
left_child=1 3 5 -1 6 -2 -3 -4 -9 -5 -7 -6
right_child=2 4 7 9 11 10 -8 8 -10 -11 -12 -13
leaf_value=0.014934135239873721 -0.0026412427686393872 0.0085673773630167947 0.022198468004734795 -0.0024795880870077994 -0.0033988272576682054 -0.0084859759896385566 -0.02027799686531017 0.0029882332835894586 -0.0032286169695418822 0.0065886389596025293 -0.017623187522278826 -0.0093658110556816207
leaf_weight=1695.1501908302303 1496.6284985542316 1109.2724021099143 108.46048045765838 881.85811185836792 972.00520372390747 820.81959629058838 114.82301092147827 2168.213274984797 1982.737577775566 1014.0464792251587 897.13908243179321 1007.8212733268738
leaf_count=188 169 16691 169 96 149 107 17 12650 12219 111 87 155
internal_value=-7.35278e-08 0.00356771 -0.00324373 0.00830122 -0.00173774 -0.00831488 0.0058616 0.000583481 1.86957e-05 0.00237065 -0.0132576 -0.0064363
internal_weight=14269 6794.98 7474 3591.05 3203.92 3214.59 1224.1 4259.41 4150.95 1895.9 1717.96 1979.83
internal_count=42808 17407 25401 395 17012 363 16708 25038 24869 207 194 304
is_linear=0
shrinkage=0.0203443


Tree=6
num_leaves=16
num_cat=0
split_feature=19 31 24 31 31 7 2 18 13 30 30 19 18 31 24
split_gain=205.591 552.332 248.312 217.492 192.796 180.701 188.488 162.811 295.971 221.827 151.275 125.174 101.775 100.662 99.6818
threshold=0.0056767934001982221 21.879747390747074 0.00354987510945648 30.747159957885746 14.383943080902101 56.046705245971687 14.500000000000002 0.00010182358164456674 53.564498901367195 25.484138488769535 12.633187770843508 0.020784962922334674 -0.0057583376765251151 38.075838088989265 0.0018653338775038721
decision_type=2 2 2 2 2 2 2 2 2 2 2 2 2 2 2
left_child=2 4 5 11 12 6 -1 9 -9 -4 -6 -3 -2 -5 -7
right_child=1 3 7 13 10 14 -8 8 -10 -11 -12 -13 -14 -15 -16
leaf_value=-0.0045722198514668777 0.0080052971166084935 -0.0083967454539578008 -0.0035261009225304764 0.015870164546685009 0.023921644725203171 0.024786959681502081 -0.016340778297624724 -0.01126082378293739 0.0082862531371015249 0.012439008767252721 0.0067355283718649227 0.0024392988406138818 0.037270168707466557 -0.012788722510618893 -0.00064799471246250147
leaf_weight=1408.8724293345913 70.583361005087397 1596.4758512887656 3459.1504134995675 317.83000643597262 241.38877138322232 68.598027284378645 938.51107144306616 385.69736951039249 1899.756491196762 402.08081104427674 1740.2070582436425 609.73795504223835 162.25843750085238 60.35897277637531 906.77611020980464
leaf_count=571 544 3178 10773 1245 842 1677 2591 2729 3185 1004 5852 3184 678 306 4449
internal_value=1.17551e-08 0.00343049 -0.00173845 -0.00295842 0.0108868 -0.00621922 -0.00927744 0.000683742 0.00498744 -0.0018636 0.00882907 -0.00540195 0.0283989 0.0112961 0.00114082
internal_weight=14268.3 4798.84 9469.44 2584.4 2214.44 3322.76 2347.38 6146.69 2285.45 3861.23 1981.6 2206.21 232.842 378.189 975.374
internal_count=42808 15829 26979 7913 7916 9288 3162 17691 5914 11777 6694 6362 1222 1551 6126
is_linear=0
shrinkage=0.0203443


Tree=7
num_leaves=15
num_cat=0
split_feature=5 24 15 16 12 19 24 9 19 18 15 15 29 4
split_gain=431.202 139.216 206.829 221.068 140.783 120.428 174.334 145.912 107.463 272.671 173.221 87.1968 28.7705 0.269301
threshold=57.534437179565437 0.001832783571444452 0.0058227383997291335 0.0033741046208888297 53.174276351928718 0.0083452071994543093 0.0051719187758862981 55.934913635253913 -0.0031893322011455889 -0.00096000288613140572 0.0065571859013289222 0.008698116987943651 -0.00010143238614546134 0.003430183976888657
decision_type=2 2 2 2 2 2 2 2 2 2 2 2 2 2
left_child=5 12 3 -3 -4 8 7 -7 10 -10 -1 -8 -2 -14
right_child=1 2 4 -5 -6 6 11 -9 9 -11 -12 -13 13 -15
leaf_value=-0.0084619746509685921 0.009710606445599769 0.026660721347322995 0.011020390339892721 0.0061653972648691791 0.00024627060651992037 -0.016089443539156121 0.016032318976482968 -0.0037306625110548981 0.0082446852009260239 -0.0042198372698565101 -0.00042232736238284645 -0.0014815444718480806 -0.017829842592901844 -0.020128911718994825
leaf_weight=1471.1700038377285 16.345017132924724 411.01430446371432 780.63330178697333 463.42378755012624 1406.1835370555414 768.07377503834482 158.64625642419736 814.88159958816073 1539.6045108783753 1375.2503993084258 4508.3424947427511 455.40238926880471 30.803883075806723 68.524597115632787
leaf_count=4833 59 717 3135 1013 3861 1375 567 3535 2738 3044 14048 3260 384 239
internal_value=1.75194e-07 0.00660844 0.00743629 0.0157989 0.00409234 -0.00189264 -0.00615801 -0.00972734 -0.000839048 0.00236382 -0.00240037 0.00304332 -0.0153003 -0.0194161
internal_weight=14268.3 3176.93 3061.25 874.438 2186.82 11091.4 2197 1582.96 8894.37 2914.85 5979.51 614.049 115.673 99.3285
internal_count=42808 9408 8726 1730 6996 33400 8737 4910 24663 5782 18881 3827 682 623
is_linear=0
shrinkage=0.0203443


Tree=8
num_leaves=14
num_cat=0
split_feature=10 18 19 17 18 5 12 30 17 12 19 7 7
split_gain=420.836 462.114 489.207 348.844 255.259 234.811 228.16 219.424 170.301 154.084 220.79 79.265 59.9613
threshold=54.266805648803718 -0.0037126305978745218 0.0033426332520321016 0.011746645439416172 -0.0054634704720228902 53.722019195556648 51.357583999633796 20.91253757476807 0.0048252823762595662 54.233993530273445 0.013497618492692711 81.787750244140639 43.097715377807624
decision_type=2 2 2 2 2 2 2 2 2 2 2 2 2
left_child=3 2 4 5 -2 7 12 -1 -7 -3 -11 -4 -5
right_child=1 9 11 6 -6 8 -8 -9 -10 10 -12 -13 -14
leaf_value=0.01037793234972738 0.0036533132885911163 -0.011198714911653121 -0.019193902648024504 -0.0034480055352634721 0.017544441143118355 0.031047064457222637 -0.018089529537018055 -0.0063595348297571424 0.012273599020472427 -0.00062282697850787785 -0.0089492493146175085 -0.00034448930188683938 0.040066876702596975
leaf_weight=918.92063681214108 3101.5309788516543 1312.7937841415514 403.78668475603087 19.684420668407256 664.88641140989785 271.93893572684954 316.0419340133667 500.89247280697168 755.96585831384039 3833.9268905878221 2008.6938150810197 119.71486376385923 39.214661121368408
leaf_count=7481 5908 183 133 1984 1067 957 45 3746 2671 10987 6384 1256 6
internal_value=-1.88483e-07 -0.00173533 0.00354422 0.00703545 0.00610552 0.00983463 -0.0112383 0.00447315 0.0172403 -0.0049006 -0.00348546 -0.0148834 0.0255236
internal_weight=14268 11445.3 4289.92 2822.66 3766.42 2447.72 374.941 1419.81 1027.9 7155.41 5842.62 523.502 58.8991
internal_count=42808 25918 8364 16890 6975 14855 2035 11227 3628 17554 17371 1389 1990
is_linear=0
shrinkage=0.0203443


Tree=9
num_leaves=16
num_cat=0
split_feature=8 14 24 12 8 24 7 20 5 14 30 29 29 12 24
split_gain=218.796 169.987 154.151 240.77 213.203 213.187 187.509 139.515 134.193 133.076 123.641 115.084 112.726 97.8556 0.379787
threshold=53.967767715454109 25.156195640563968 0.0042720274068415174 59.256948471069343 56.039657592773445 0.0065759462304413327 75.441631317138686 -0.00028962994110770518 57.287231445312507 14.327303886413576 11.903794288635256 -0.00034776930988300586 0.00026222797168884432 53.174276351928718 0.0031019152374938135
decision_type=2 2 2 2 2 2 2 2 2 2 2 2 2 2 2
left_child=1 9 4 5 8 -4 -6 -5 -2 14 13 -11 -12 -3 -1
right_child=2 10 3 7 6 -7 -8 -9 -10 11 12 -13 -14 -15 -16
leaf_value=-0.020135970426835022 -0.001350701158742034 -0.0090813927087860253 0.014622586101383082 -0.0048278569940925133 0.008528871200920031 0.00088181781410805464 -0.002058453569661293 0.0045116384793406333 -0.0095809621519102293 -0.0096462662378352295 -0.010551275298560831 0.020052320110450671 -0.00058077902223024522 0.039607819731596362 -0.017038179368373804
leaf_weight=30.47280567003407 2876.1423153877249 29.094251839323078 1242.0608575344086 1255.9788768399901 1495.0291717248488 749.24048280715942 1289.5933459928024 1399.8397909788266 1146.941086769104 69.853990985309565 1722.5409138272285 238.00532779810248 645.09833586654076 41.38716983795166 35.82301963056738
leaf_count=32 314 1080 181 5558 449 137 12797 6337 122 317 10461 1003 3824 4 192
internal_value=-1.72707e-07 -0.00508482 0.00124816 0.00410464 -0.000701747 0.00945254 0.00362574 9.48343e-05 -0.00369707 0.00768319 -0.00704421 0.0133136 -0.00783468 0.0195089 -0.0184624
internal_weight=14267.1 2812.28 11454.8 4647.12 6807.71 1991.3 2784.62 2655.82 4023.08 374.155 2438.12 307.859 2367.64 70.4814 66.2958
internal_count=42808 16913 25895 12213 13682 318 13246 11895 436 1544 15369 1320 14285 1084 224
is_linear=0
shrinkage=0.0203443


Tree=10
num_leaves=15
num_cat=0
split_feature=33 0 24 3 19 33 19 0 24 16 0 19 28 25
split_gain=253.073 190.245 157.779 120.521 104.642 264.541 184.317 102.448 107.345 170.986 85.7997 26.711 28.9677 20.8704
threshold=1.0776714682579043 924819.34375000012 0.0034447174984961752 0.0036729056155309085 -0.0031893322011455889 -1.1477617621421812 -0.013099357951432465 782450.31250000012 0.0017348722903989258 0.0038946593413129453 982244.59375000012 -0.015526707749813793 3.7647767066955571 0.59559571743011486
decision_type=2 2 2 2 2 2 2 2 2 2 2 2 2 2
left_child=1 4 10 -4 6 -6 -1 11 -9 -10 -3 13 -13 -2
right_child=7 2 3 -5 5 -7 -8 8 9 -11 -12 12 -14 -15
leaf_value=0.0031259176721223649 0.02811302203204958 -0.011183848417130887 -0.0025972228640439685 0.0060471402380204205 0.024044647371310506 0.0025231571232273674 -0.009693684670601407 -0.020079022914692983 0.02180609209442055 0.0059826468923988999 -0.0027249797403795344 -0.013434264370918853 0.0036708937491625663 -0.001184932675356747
leaf_weight=1253.1972270758981 15.106032953798282 1281.4766744077201 4424.1330444027999 786.17429879823067 259.16470801376772 2690.4641553153842 737.30352610130035 53.223005740234385 356.37640337601829 1366.2445304702501 810.0304946805004 147.44625152391035 56.746724755104253 30.142305400364059
leaf_count=4483 102 209 13395 4085 864 6946 2327 98 600 3112 4829 1052 502 204
internal_value=5.17941e-07 -0.00110157 -0.00318764 -0.00129289 0.00198177 0.00441412 -0.00162259 0.00666213 0.00837701 0.00925622 -0.00790778 -0.00554655 -0.00868051 0.00859563
internal_weight=14267.2 12241.9 7301.81 5210.31 4940.13 2949.63 1990.5 2025.29 1775.84 1722.62 2091.51 249.441 204.193 45.2483
internal_count=42808 37138 22518 17480 14620 7810 6810 5670 3810 3712 5038 1860 1554 306
is_linear=0
shrinkage=0.0203443


Tree=11
num_leaves=16
num_cat=0
split_feature=7 2 7 24 9 14 14 22 14 24 33 2 28 9 2
split_gain=309.198 336.462 434.49 514.77 253.159 241.707 229.362 189.781 136.592 135.195 147.829 69.1022 52.5338 26.9304 26.5226
threshold=53.925441741943366 14.500000000000002 55.453603744506843 0.0034638950601220135 59.94032287597657 27.61085414886475 59.211545944213874 0.011978058610111477 14.327303886413576 0.0021485440665856008 0.48623080551624304 13.500000000000002 -1.1287689208984373 52.799509048461921 10.500000000000002
decision_type=2 2 2 2 2 2 2 2 2 2 2 2 2 2 2
left_child=5 6 3 -3 -4 8 7 -2 12 13 -11 -10 -1 -7 -8
right_child=1 2 4 -5 -6 9 14 -9 11 10 -12 -13 -14 -15 -16
leaf_value=0.0004676727488474937 0.01892986407826034 0.017733824427326277 -0.0074384194406605982 -0.0023891347235144695 0.001009105553977038 0.018145707270378016 -0.012124205091463388 -0.0052218706276177243 -0.014908112031531664 0.011687645890972877 0.00046133998394782421 0.012559417741782574 0.036386531325313609 0.039363579855676518 -0.019046345288912882
leaf_weight=31.968209372426472 144.44068402680318 1159.3708643913278 2290.9557077884674 963.36116552352905 4089.1399609865139 39.655644465682144 437.84411144845251 1988.9112374989325 347.87711966594304 1407.306661807037 741.16923989930274 42.544096637732423 35.64713934288001 65.929336547851562 480.59961164560866
leaf_count=105 178 112 220 104 21007 737 687 2820 282 9086 5012 1552 119 7 780
internal_value=-3.43745e-07 -0.00145137 0.000628466 0.0086014 -0.00202422 0.0061816 -0.00724616 -0.00358664 -0.00729149 0.00891941 0.00781487 -0.0119149 0.0194046 0.0313948 -0.0157464
internal_weight=14266.7 11554.6 8502.83 2122.73 6380.1 2712.1 3051.8 2133.35 458.037 2254.06 2148.48 390.421 67.6153 105.585 918.444
internal_count=42808 25908 21443 216 21227 16900 4465 2998 2058 14842 14098 1834 224 744 1467
is_linear=0
shrinkage=0.0203443


Tree=12
num_leaves=13
num_cat=0
split_feature=10 0 10 2 0 14 30 15 8 5 0 30
split_gain=346.281 511.517 263.342 279.416 238.979 180.043 147.634 147.211 85.4962 69.4015 34.8179 3.39243
threshold=54.096012115478523 948339.90625000012 54.534118652343757 10.500000000000002 1037631.1562500001 53.909084320068366 16.042955398559574 0.0068208714947104463 56.039657592773445 49.798423767089851 3551944.0000000005 26.584631919860843
decision_type=2 2 2 2 2 2 2 2 2 2 2 2
left_child=7 2 -2 -4 5 -3 -6 10 9 -9 -1 -12
right_child=1 4 3 -5 6 -7 -8 8 -10 -11 11 -13
leaf_value=-0.019893909636103269 -0.013155848941061695 0.015188163681483307 0.013123371907292068 -0.0022631623505054168 0.0094824345450339916 0.0033910305303857611 -0.00056397125540043921 -0.012315429743442718 0.037574280922130783 -0.0010026550257488628 -0.0013606122986831717 0.0302339745685626
leaf_weight=462.49860244611244 834.34938621520814 1445.5736452788146 531.20308330269108 6075.3372225153171 828.81159993843266 850.45508970320361 2246.0616000538585 377.0576134760588 19.395728588104248 554.56940582006473 39.042145997585315 1.4591441402815579
leaf_count=131 104 509 1494 15438 2134 417 5990 6941 3 6769 2813 65
internal_value=-2.59686e-07 0.00106754 -0.00238612 -0.00102599 0.00585227 0.0108185 0.00214396 -0.00940895 -0.00470114 -0.0055813 -0.01831 -0.000221788
internal_weight=14265.8 12811.8 7440.89 6606.54 5370.9 2296.03 3074.87 1454.02 951.023 931.627 503 40.5013
internal_count=42808 26086 17036 16932 9050 926 8124 16722 13713 13710 3009 2878
is_linear=0
shrinkage=0.0203443


Tree=13
num_leaves=15
num_cat=0
split_feature=5 30 5 24 15 16 28 3 15 21 6 3 28 15
split_gain=404.791 134.656 212.199 134.28 196.348 207.315 124.064 112.637 98.6295 181.66 98.1994 69.6363 26.5965 0.186662
threshold=57.534437179565437 23.888156890869144 39.186372756958015 0.001832783571444452 0.0058227383997291335 0.0033741046208888297 -9.1788015365600568 0.0089722839184105414 0.0076169255189597615 -0.031973388046026223 -0.0014170235372148452 0.0035093235783278946 -0.80346259474754322 0.0049257157370448121
decision_type=2 2 2 2 2 2 2 2 2 2 2 2 2 2
left_child=1 2 6 12 5 -5 -1 -6 9 -3 -4 -10 -2 -14
right_child=3 8 10 4 7 -7 -8 -9 11 -11 -12 -13 13 -15
leaf_value=-0.011278983374147705 0.0080619192037314057 0.018742307470492468 0.0035003019531324813 0.025730602703650882 0.0052156081082588325 0.00596936294959826 0.0091072655838785634 -0.01264747150327423 -0.0055494741076636978 -0.017470648412754718 -0.0030122744657609915 0.01251615403445152 -0.019746065686646257 -0.017501250493356622
leaf_weight=139.17509770273432 17.299762388151308 63.7868258514319 1098.2617417438651 416.35166445310091 2036.9237665782694 465.29509363029644 1100.8097314012564 157.39044486543889 480.01338113954409 566.79599382619108 7518.0530756031949 108.22130119722283 78.476449356787555 19.318149227052729
leaf_count=368 144 129 4098 717 5997 1013 3453 999 1623 1284 21785 660 474 64
internal_value=8.97839e-07 -0.00183859 -0.00104974 0.00638518 0.00719246 0.0153015 0.00681911 0.00393434 -0.00821786 -0.0138075 -0.00218216 -0.00222579 -0.0151895 -0.0193029
internal_weight=14266.2 11075.1 9856.3 3191.06 3075.96 881.647 1239.98 2194.31 1218.82 630.583 8616.31 588.235 115.094 97.7946
internal_count=42808 33400 29704 9408 8726 1730 3821 6996 3696 1413 25883 2283 682 538
is_linear=0
shrinkage=0.0203443


Tree=14
num_leaves=16
num_cat=0
split_feature=8 2 8 19 30 14 22 14 5 22 4 14 13 4 30
split_gain=352.464 310.781 384.954 361.852 337.458 233.4 189.173 184.196 158.923 194.094 128.801 121.327 93.5007 59.2569 34.5042
threshold=53.967767715454109 14.500000000000002 55.551496505737312 0.0033426332520321016 18.202574729919437 59.211545944213874 0.011978058610111477 27.61085414886475 60.026123046875007 0.023339482955634597 0.016636437736451629 14.327303886413576 53.984251022338874 -0.0055835938546806565 22.327964782714847
decision_type=2 2 2 2 2 2 2 2 2 2 2 2 2 2 2
left_child=7 5 4 -4 -3 6 -2 11 9 -9 -10 13 -13 -1 -7
right_child=1 2 3 -5 -6 14 -8 8 10 -11 -12 12 -14 -15 -16
leaf_value=0.037794360906302789 0.018594023192209749 0.016373199639550053 0.0023987701578391551 -0.0074351482908735804 0.00036807481662033838 -0.020104262353983254 -0.005425612871559792 0.003965280562397532 -0.0061018942414212893 0.016678363048245552 0.034644687267880087 -0.014657174361396406 0.018209460380745206 -0.00010417004079671571 -0.011303449329346718
leaf_weight=34.001246905386388 145.25659627466166 1009.398039340972 3325.4959548429683 2898.5504248048214 1185.7375812530518 486.66683998775119 2064.9123487641637 906.25295058529878 390.43635034928366 1100.8071723118273 34.985747766682607 310.97752841424574 40.48945140838623 34.300964423534701 296.8673599697741
leaf_count=65 178 94 10793 10421 128 1034 2833 4185 1871 8415 390 1821 7 159 414
internal_value=-6.36653e-07 -0.00159931 0.000402591 -0.0021809 0.00772779 -0.00722925 -0.00384699 0.00639622 0.00854391 0.010938 -0.00275093 -0.00604917 -0.0108708 0.0187616 -0.0167698
internal_weight=14265.1 11412.9 8419.18 6224.05 2195.14 2993.7 2210.17 2852.25 2432.48 2007.06 425.422 419.769 351.467 68.3022 783.534
internal_count=42808 25895 21436 21214 222 4459 3011 16913 14861 12600 2261 2052 1828 224 1448
is_linear=0
shrinkage=0.0203443


Tree=15
num_leaves=16
num_cat=0
split_feature=9 14 30 24 14 24 9 21 21 15 12 29 30 20 21
split_gain=194.614 154.839 133.667 127.61 278.208 161.918 179.438 157.944 110.993 99.711 93.2182 89.5921 12.4012 2.04477 1.35473
threshold=53.772626876831062 21.3209342956543 11.903794288635256 0.001616371679119766 33.675407409667976 0.0037342658033594493 55.934913635253913 0.39872559905052191 0.36203326284885412 0.0082188849337399023 53.174276351928718 0.00072191594517789792 21.273101806640629 -0.0083569679409265501 -0.0097065875306725485
decision_type=2 2 2 2 2 2 2 2 2 2 2 2 2 2 2
left_child=1 9 10 4 12 6 -5 -7 -6 13 -3 -4 -2 -1 -11
right_child=3 2 11 5 8 7 -8 -9 -10 14 -12 -13 -14 -15 -16
leaf_value=0.038336546956664767 -0.0054315598867276573 -0.0089335123465361325 -0.011089661683935338 -0.0048575088883276354 -0.017697087300889647 -0.00092441244950981522 0.0027371482968036537 0.0052941412348450493 0.037838751197631776 -0.0196030900996913 0.038495079706893337 0.0067319292256383112 -0.020169719641415829 0.030545810676337128 -0.0064572543067180138
leaf_weight=33.186431267361968 51.188375159739834 29.017381359840329 1310.8887349108809 3478.2336325645456 16.675759440277034 2959.3927349644832 2044.4551532047926 3942.5984270351951 139.43419930430599 16.659157545111043 41.942124366760254 128.1652621933963 43.900648249643567 24.124620662155692 4.0361611516466835
leaf_count=11 165 1104 13570 369 264 6118 9289 8497 1307 174 4 1238 42 253 403
internal_value=-5.51229e-07 -0.00671442 -0.00815831 0.000840552 0.0151965 0.000550306 -0.00204602 0.00262779 0.0319062 0.0212355 0.0190999 -0.00950242 -0.0122361 0.0350575 -0.0170404
internal_weight=14263.9 1588.02 1510.01 12675.9 251.199 12424.7 5522.69 6901.99 156.11 78.0064 70.9595 1439.05 95.089 57.3111 20.6953
internal_count=42808 16757 15916 26051 1778 24273 9658 14615 1571 841 1108 14808 207 264 577
is_linear=0
shrinkage=0.0203443


Tree=16
num_leaves=15
num_cat=0
split_feature=5 30 5 10 10 12 28 32 30 4 22 10 30 3
split_gain=389.206 131.269 206.577 122.716 255.452 160.634 120.531 76.4259 71.0826 64.4628 85.8397 43.6266 25.8871 15.7124
threshold=57.534437179565437 23.888156890869144 39.186372756958015 69.752571105957045 55.264539718627937 53.174276351928718 -9.1788015365600568 20.58811187744141 12.923468112945558 -0.015158649068325756 0.023046806454658512 55.901088714599616 22.280502319335941 0.00053231942001730214
decision_type=2 2 2 2 2 2 2 2 2 2 2 2 2 2
left_child=1 2 6 4 5 -2 -1 12 -4 10 -3 -11 -5 -9
right_child=3 9 8 7 -6 -7 -8 13 -10 11 -12 -13 -14 -15
leaf_value=-0.011155507526809572 0.011012023893957251 0.033617530684175043 -0.0068967067540794376 -0.00023988508554662459 0.019089344475898502 -0.0013554063870131145 0.0089732964625308231 0.012823493993615738 -0.0014271884561785856 -0.013288209229816715 -0.0033428592416881002 -0.0046357165865029493 -0.0091589709878549617 0.036395507955418176
leaf_weight=138.58587460524654 811.19971341273231 31.474834326279336 1132.4291098098329 547.20008531387089 678.97672653234531 936.47765922546387 1103.7129901080177 23.885355801171904 7475.6399521824624 650.08294952176209 149.72604560761255 383.47002107336004 178.66724468237987 22.956956838338492
leaf_count=368 3415 87 3506 3526 86 99 3453 143 22377 1269 486 1854 2014 125
internal_value=1.34557e-06 -0.00180566 -0.0010275 0.00625094 0.0084993 0.00438503 0.00672779 -0.000809911 -0.00214673 -0.00811566 0.00307709 -0.010078 -0.00243529 0.0243764
internal_weight=14264.5 11065.1 9850.37 3199.36 2426.65 1747.68 1242.3 772.71 8608.07 1214.75 181.201 1033.55 725.867 46.8423
internal_count=42808 33400 29704 9408 3600 3514 3821 5808 25883 3696 573 3123 5540 268
is_linear=0
shrinkage=0.0203443


Tree=17
num_leaves=16
num_cat=0
split_feature=10 18 14 2 7 15 18 21 10 31 12 2 12 2 18
split_gain=389.226 439.147 207.299 203.76 224.29 185.356 171.502 285.608 194.952 173.671 166.208 164.442 155.122 149.982 78.5342
threshold=54.266805648803718 -0.0037126305978745218 40.169677734375007 32.500000000000007 56.046705245971687 0.0079734111204743403 0.0096276816911995428 0.63028970360755932 54.096012115478523 23.953048706054691 59.256948471069343 22.500000000000004 51.357583999633796 7.5000000000000009 0.014829321298748257
decision_type=2 2 2 2 2 2 2 2 2 2 2 2 2 2 2
left_child=6 2 13 10 -5 -4 7 8 -1 -9 -3 12 -8 -2 -13
right_child=1 3 5 4 -6 -7 11 9 -10 -11 -12 14 -14 -15 -16
leaf_value=0.011715674959558442 0.031533369707120444 -0.0092912895092792588 0.016172119186567972 0.010814782579855324 -0.0042905245794771585 0.0019795224134080886 0.026842629406527825 0.033703361901176454 -0.0039906582594299899 0.012842243230151115 -0.0017284932571355566 0.033869002661218929 -0.0074649201357100004 -0.00057314335841680754 -0.012989471918734981
leaf_weight=682.89653058525209 61.590165162765061 3559.906479597098 807.1963405167786 642.80897998809814 1108.3846398662545 721.11427214918638 59.566678103231084 252.87664633066993 627.77396821975708 476.26033874317613 1816.4602770061492 73.129978815733736 647.44414377212524 2706.9219296643564 18.560209662146534
leaf_count=10102 60 444 1486 50 7336 1991 1090 2050 73 1060 9724 865 94 4827 1556
internal_value=-7.92892e-07 -0.001676 0.00346122 -0.00477296 0.00125415 0.00947553 0.00674157 0.00987075 0.00419277 0.0200773 -0.00673613 -0.00125005 -0.00457443 0.000141112 0.0243835
internal_weight=14262.9 11424.4 4296.82 7127.56 1751.19 1528.31 2838.51 2039.81 1310.67 729.137 5376.37 798.701 707.011 2768.51 91.6902
internal_count=42808 25918 8364 17554 7386 3477 16890 13285 10175 3110 10168 3605 1184 4887 2421
is_linear=0
shrinkage=0.0203443


Tree=18
num_leaves=16
num_cat=0
split_feature=11 32 33 32 19 33 30 30 2 33 24 11 29 28 16
split_gain=229.764 299.549 307.908 281.478 347.138 346.515 217.588 206.48 184.23 125.756 288.67 213.025 110.802 142.382 95.9679
threshold=55.313636779785163 21.052432060241703 0.26177334785461431 20.871663093566898 0.0056767934001982221 0.15018788725137713 15.649772167205812 24.859890937805179 8.5000000000000018 0.5178126096725465 0.0017348722903989258 72.194808959960952 0.00057199041475541901 2.8429700136184697 0.0027448099572211508
decision_type=2 2 2 2 2 2 2 2 2 2 2 2 2 2 2
left_child=1 12 8 9 7 -6 -4 -5 -3 11 -11 -2 14 -14 -1
right_child=3 2 6 4 5 -7 -8 -9 -10 10 -12 -13 13 -15 -16
leaf_value=-0.0059131459382504746 0.011942895468957132 -0.018617123877144426 0.038146974372263422 -0.006838351930284192 0.015064934060448421 -0.015364383198165665 0.0055294179614200738 0.0079274372132399004 0.0014117304338816014 0.037968729543765886 0.00048751010532205975 7.5238394413772693e-05 0.029154672790601962 -0.0053040578557613672 -0.014406647820741225
leaf_weight=1134.6007445014789 1803.4337511073686 226.21186452386678 149.27554430136297 3131.6169274179802 756.63054306288052 194.75931771835064 195.52610983979571 448.04801151638958 1190.0038602936761 87.846399213299719 2669.4506976185639 958.87628269217748 68.983635349517726 176.89525440930333 1069.7503547848059
leaf_count=4905 240 195 279 7329 2759 292 699 933 6305 630 6445 7111 343 916 3427
internal_value=-9.29292e-07 -0.00399015 0.00241004 0.00167056 -0.00208715 0.00883572 0.0196507 -0.00499019 -0.00178746 0.00475527 0.00168166 0.0078233 -0.00859008 0.00436358 -0.010035
internal_weight=14261.9 4211.25 1761.02 10050.7 4531.05 951.39 344.802 3579.66 1416.22 5519.61 2757.3 2762.31 2450.23 245.879 2204.35
internal_count=42808 17069 7478 25739 11313 3051 978 8262 6500 14426 7075 7351 9591 1259 8332
is_linear=0
shrinkage=0.0203443


Tree=19
num_leaves=15
num_cat=0
split_feature=5 30 5 2 2 2 6 8 30 14 21 7 10 21
split_gain=376.964 128.002 200.492 124.245 179.953 221.492 136.617 168.683 102.2 96.2223 92.9678 181.443 97.2321 70.3573
threshold=57.534437179565437 23.888156890869144 39.186372756958015 14.500000000000002 38.500000000000007 39.500000000000007 -0.00040476922004017973 53.624652862548835 15.87533760070801 82.527881622314467 -0.020153075456619259 53.925441741943366 55.901088714599616 1.0107998847961428
decision_type=2 2 2 2 2 2 2 2 2 2 2 2 2 2
left_child=1 2 8 6 13 -6 -2 -8 -1 -4 11 -3 -12 -5
right_child=3 10 9 4 5 -7 7 -9 -10 -11 12 -13 -14 -15
leaf_value=0.020243195393718334 -0.016006417460331483 0.03795569609123297 -0.0022699753357089381 -0.0032218549006206645 0.027259701668644373 0.00089594668605265891 0.0025760006998501177 0.019157712756843179 0.0041252792936094743 0.027929407269842259 -0.015077746287854112 -0.0085044031447292778 -0.0023456770773140406 0.0065880714462717652
leaf_weight=192.62717690859472 70.638998867092141 51.323576322972627 8556.986947628111 1084.8721927264232 249.19177346115538 280.21319801358419 397.09087815420639 704.28721952664273 1052.4397225002335 43.892240888701053 649.96322886015162 108.00425682016188 401.68482752695775 419.64630200106149
leaf_count=647 45 174 25757 3102 91 3343 628 952 3174 126 1309 275 1938 1247
internal_value=1.97405e-06 -0.00177897 -0.0010113 0.00614425 0.00310402 0.0133055 0.0114203 0.0131794 0.00661894 -0.00211586 -0.00802057 0.00646145 -0.0102147 -0.000485616
internal_weight=14262.9 11056.9 9845.95 3205.94 2033.92 529.405 1172.02 1101.38 1245.07 8600.88 1210.98 159.328 1051.65 1504.52
internal_count=42808 33400 29704 9408 7783 3434 1625 1580 3821 25883 3696 449 3247 4349
is_linear=0
shrinkage=0.0203443


Tree=20
num_leaves=14
num_cat=0
split_feature=7 0 22 32 9 9 33 9 0 0 0 19 0
split_gain=278.675 262.072 250.028 243.017 323.824 238.723 227.376 162.999 148.816 112.433 70.2189 32.3019 0.117361
threshold=53.925441741943366 967193.28125000012 0.011131525970995428 17.713982582092289 54.86023139953614 59.94032287597657 -1.1078864336013792 78.307247161865249 911094.25000000012 948339.90625000012 967193.28125000012 -0.060046968981623643 1059458.3750000002
decision_type=2 2 2 2 2 2 2 2 2 2 2 2 2
left_child=6 3 12 4 -2 -4 10 -5 -8 -10 -1 -12 -3
right_child=1 2 5 7 -6 -7 8 -9 9 -11 11 -13 -14
leaf_value=0.010627297920022165 0.0077905042093906907 0.037655468188135539 -0.010167505040167767 0.0060254597034112038 -0.0082364432781918875 0.00014644213579455466 -0.020384037988992316 -0.0020849403206070183 0.01567287887843977 0.0059232741451116936 0.0062965902833469157 -0.017995659775141861 0.039630781882526112
leaf_weight=51.530145645142625 706.3850660324099 23.797551810740686 2414.3900327682504 3379.0691493749619 1996.7025751026574 1509.5435602812331 74.655124664304822 1472.5819862350982 693.53159236907936 1664.6541986938375 25.253337494735234 220.15475746544129 28.152904517918444
leaf_count=6 85 44 380 461 5694 8070 8 10875 79 14642 148 2017 299
internal_value=-1.04343e-06 -0.00138482 -0.00561268 0.000840207 -0.00404819 -0.00619971 0.00584402 0.00356377 0.00789532 0.0087906 -0.0109624 -0.0154958 0.0387264
internal_weight=14260.4 11530.6 3975.88 7554.74 2703.09 3923.93 2729.78 4851.65 2432.84 2358.19 296.938 245.408 51.9505
internal_count=42808 25908 8793 17115 5779 8450 16900 11336 14729 14721 2171 2165 343
is_linear=0
shrinkage=0.0203443


Tree=21
num_leaves=13
num_cat=0
split_feature=10 0 10 32 0 32 8 15 8 32 0 30
split_gain=320.664 484.726 245.99 242.324 297.717 202.292 198.06 143.337 80.1679 73.9515 34.4559 3.30592
threshold=54.096012115478523 948339.90625000012 54.534118652343757 16.151859283447269 1020724.5625000001 14.017372608184816 54.87335395812989 0.0068208714947104463 56.039657592773445 21.231600761413578 3551944.0000000005 26.584631919860843
decision_type=2 2 2 2 2 2 2 2 2 2 2 2
left_child=7 2 -2 6 -5 -4 -3 10 9 -9 -1 -12
right_child=1 3 5 4 -6 -7 -8 8 -10 -11 11 -13
leaf_value=-0.019588104961551306 -0.01283216487020278 -0.0095227490361076833 0.011088039194113332 0.01491963607387984 0.0037525639632433388 -0.0020863320061469985 0.0074310854565678812 -0.0015056512233828725 0.036129029823028576 -0.013989976596500787 -0.0010680716411308004 0.030099891341440369
leaf_weight=453.85833912918997 823.67939805984406 688.7815475463882 523.94683840718153 1581.6554205566649 2633.2020039575723 6083.1430276569236 486.73936141170941 641.08816624074075 19.715781688690186 283.10940157650998 38.728186409057855 1.4616523250965077
leaf_count=131 104 102 2028 566 6358 14904 2024 7705 3 6005 2813 65
internal_value=-1.11102e-06 0.00102061 -0.00234855 0.00566508 0.00794309 -0.00104159 -0.00250278 -0.00911099 -0.00446401 -0.00533 -0.0179893 6.49375e-05
internal_weight=14259.1 12821.1 7430.77 5390.38 4214.86 6607.09 1175.52 1437.96 943.913 924.198 494.048 40.1898
internal_count=42808 26086 17036 9050 6924 16932 2126 16722 13713 13710 3009 2878
is_linear=0
shrinkage=0.0203443


Tree=22
num_leaves=15
num_cat=0
split_feature=5 0 21 15 29 10 10 15 15 21 21 32 5 6
split_gain=363.005 122.217 121.043 166.124 116.182 115.26 237.953 172.213 110.123 120.82 80.8361 74.0102 25.0048 20.7178
threshold=57.534437179565437 924819.34375000012 0.39005465805530554 0.0057060017716139564 9.4731534773018225e-05 69.752571105957045 55.264539718627937 0.010315740946680309 0.0062331403605639943 -0.081440910696983324 0.08270664140582086 20.351373672485355 58.021224975585945 0.0014112442149780693
decision_type=2 2 2 2 2 2 2 2 2 2 2 2 2 2
left_child=1 2 4 -4 -1 6 7 -2 9 -3 -10 12 -7 -13
right_child=5 8 3 -5 -6 11 -8 -9 10 -11 -12 13 -14 -15
leaf_value=0.0015659730309739003 0.0020232763361618675 0.016128541992614473 -0.011584945469387114 0.00093423326754224359 0.012438782544494355 0.011973732033491355 0.018341365105934478 0.022765887517923803 0.0033914851551152311 -0.0096920840407894622 -0.0032536697304920686 0.034263412147605532 -0.0034928762983007316 0.0081910019399274118
leaf_weight=1558.9418710280718 1568.5177713068178 79.182334298819796 596.45242129843268 1658.6987124261093 550.37248123275526 46.223130272436151 686.69675374067788 185.22734215177957 921.57117246614052 1421.7509431336086 4260.2325761593374 28.709473313422958 675.53671545405371 22.50568424165721
leaf_count=4665 2052 114 2764 3895 1565 341 86 1462 2685 2632 15080 194 5170 103
internal_value=2.51495e-06 -0.00174809 0.000899764 -0.00237689 0.00440297 0.00602081 0.00818926 0.00421409 -0.00347739 -0.00832989 -0.00207184 -0.000825391 -0.00250233 0.0228067
internal_weight=14260.6 11047.2 4364.47 2255.15 2109.31 3213.42 2440.44 1753.75 6682.74 1500.93 5181.8 772.975 721.76 51.2152
internal_count=42808 33400 12889 6659 6230 9408 3600 3514 20511 2746 17765 5808 5511 297
is_linear=0
shrinkage=0.0203443


Tree=23
num_leaves=15
num_cat=0
split_feature=10 17 33 20 0 19 9 25 19 11 14 14 9 0
split_gain=370.054 316.207 314.06 288.947 246.393 229.116 213.327 205.8 160.947 133.858 95.7288 79.1972 56.5143 54.9737
threshold=54.266805648803718 0.011746645439416172 -1.2131476402282713 0.002330009476281703 948339.90625000012 -0.0045776367187499991 52.799509048461921 0.35646218061447149 0.029077368788421157 76.44535064697267 56.844734191894538 14.327303886413576 78.307247161865249 1378895.8750000002
decision_type=2 2 2 2 2 2 2 2 2 2 2 2 2 2
left_child=1 2 11 4 7 -6 13 -2 -4 10 -5 -1 -11 -3
right_child=3 6 8 9 5 -7 -8 -9 -10 12 -12 -13 -14 -15
leaf_value=0.030384970803868528 0.016977305031522005 0.037761836517960286 0.012422559959531483 -0.0033178736987666264 3.730582261009725e-05 -0.010599282141554563 -0.017746614858257282 0.0018374275066491248 -0.0168254361108435 0.0079888282026324819 -0.013906100922224432 -0.018170614452481023 -0.0039738629725305863 -0.0036469973292620997
leaf_weight=14.976944449269523 403.39924074353621 40.305437564849697 2187.135340520771 496.19502568449207 2250.9581996128059 1335.4609172267769 310.73653173446655 4715.7415944709646 80.745843455760678 207.29883456482469 1228.2390706607853 193.89372422437049 772.73566385563061 19.78101712195182
leaf_count=122 1676 6 11728 119 3229 3006 45 11607 1351 121 299 1654 5861 1984
internal_value=-1.40283e-06 0.00655942 0.00918264 -0.00163877 0.000165703 -0.00392339 -0.0109612 0.00303049 0.0113812 -0.00744731 -0.0108594 -0.0146889 -0.00144347 0.0241293
internal_weight=14257.6 2847.57 2476.75 11410 8705.56 3586.42 370.823 5119.14 2267.88 2704.47 1724.43 208.871 980.034 60.0865
internal_count=42808 16890 14855 25918 19518 6235 2035 13283 13079 6400 418 1776 5982 1990
is_linear=0
shrinkage=0.0203443


Tree=24
num_leaves=14
num_cat=0
split_feature=10 22 7 24 5 31 24 20 21 7 21 7 6
split_gain=309.159 123.416 154.902 116.309 285 123.151 107.96 138.79 86.1844 76.7372 34.5347 6.99322 2.98374
threshold=54.096012115478523 0.047013795003294952 54.37275695800782 0.001616371679119766 52.633832931518562 20.551077842712406 0.0037342658033594493 -0.0033697235630825158 0.088950525969266905 43.097715377807624 1.1447433829307558 6.5223233699798593 -0.00018233794253319499
decision_type=2 2 2 2 2 2 2 2 2 2 2 2 2
left_child=1 9 10 4 5 -2 7 -5 -8 11 -3 -1 -6
right_child=3 2 -4 6 12 -7 8 -9 -10 -11 -12 -13 -14
leaf_value=-0.0051649741449105915 -0.016857605823872922 -0.013075722156320323 0.027015950938559578 -0.012323751372093348 0.030277859017792397 0.037406328910179053 -0.0032337945884615103 -0.0004620258674343601 0.0032697917616139115 -0.013323743004062428 0.032760219160700529 0.0040394106748716692 0.037342910856620573
leaf_weight=47.600651489309939 101.78553606161029 99.659292893878231 83.607654094696045 444.45562650919965 33.211752413669828 20.857137753209372 977.75353593788986 5014.8254413923078 6135.2908371009898 1071.1514000892639 7.3016902023278325 121.0260741324164 97.498093352402989
leaf_count=8889 840 3862 12 630 108 107 1960 9025 12693 136 91 3732 723
internal_value=-1.27481e-06 -0.00897256 0.00626981 0.000999221 0.0146468 -0.00762906 0.000724199 -0.00142773 0.00237581 -0.0113155 -0.00994652 0.00144103 0.0355479
internal_weight=14256 1430.35 190.569 12825.7 253.353 122.643 12572.3 5459.28 7113.04 1239.78 106.961 168.627 130.71
internal_count=42808 16722 3965 26086 1778 947 24308 9655 14653 12757 3953 12621 831
is_linear=0
shrinkage=0.0203443


Tree=25
num_leaves=16
num_cat=0
split_feature=17 0 15 33 29 14 26 26 24 26 25 33 0 14 24
split_gain=313.596 181.082 150.372 134.947 127.682 114.729 152.242 126.458 110.99 109.11 144.815 102.18 100.044 77.0246 57.0557
threshold=0.0048252823762595662 924819.34375000012 0.0058227383997291335 1.557894825935364 1.2443427294783762e-05 33.423566818237312 0.0039375994820147761 0.0022619424853473906 0.0034447174984961752 0.0055181167554110297 0.37915921211242681 0.31755790114402777 996271.53125000012 59.400960922241218 0.0029210071079432969
decision_type=2 2 2 2 2 2 2 2 2 2 2 2 2 2 2
left_child=1 5 3 4 -2 6 -1 -7 12 13 -11 -10 -3 -4 -5
right_child=2 8 9 14 -6 7 -8 -9 11 10 -12 -13 -14 -15 -16
leaf_value=0.017120041932250109 0.024702216900686046 -0.011563835369941928 -0.012904110739138469 0.0079606048514046825 0.0067760003358830166 0.040608670974911248 0.0015203358141341076 -0.0010992146113967928 -0.00052867447594985887 0.024296788726147271 0.0036950858357187818 -0.0082044199335169123 -0.0017987600766874441 0.00088808024889690804 -0.019822547122501484
leaf_weight=392.20456547004483 358.26403974419509 1252.2347867637875 259.06297067679884 57.790589467393531 304.00182305863814 30.385548180707247 762.03592713566309 3074.8182714032123 3196.4742251135676 150.49986019573907 2290.2741546146904 925.69911303384742 664.76755959147317 474.63462171766309 65.003847751983201
leaf_count=733 307 224 584 280 728 1193 2250 8705 11610 385 8088 1992 4520 1053 156
internal_value=3.18061e-06 -0.00186763 0.0048691 0.0128415 0.0164735 0.00134458 0.00682105 -0.00069108 -0.00413321 0.00289748 0.00496541 -0.00225239 -0.00817757 -0.00398181 -0.00674682
internal_weight=14258.2 10298.6 3959.53 785.06 662.266 4259.44 1154.24 3105.2 6039.18 3174.47 2440.77 4122.17 1917 733.698 122.794
internal_count=42808 31227 11581 1471 1035 12881 2983 9898 18346 10110 8473 13602 4744 1637 436
is_linear=0
shrinkage=0.0203443


Tree=26
num_leaves=14
num_cat=0
split_feature=11 24 11 32 0 7 33 33 32 20 21 11 24
split_gain=323.408 434.831 263.105 325.031 258.692 283.192 216.372 179.989 158.522 132.024 96.4945 118.462 93.8959
threshold=56.219516754150398 0.0028989413985982542 61.272962570190437 18.483899116516117 967193.28125000012 53.925441741943366 -0.60613426566123951 1.4396719336509707 15.893622398376467 0.00061761416145600389 0.45751358568668371 78.910079956054702 0.0036659570178017025
decision_type=2 2 2 2 2 2 2 2 2 2 2 2 2
left_child=1 7 3 -2 9 -6 -5 8 -1 -3 11 -4 -12
right_child=2 4 10 6 5 -7 -8 -9 -10 -11 12 -13 -14
leaf_value=0.029700578364342235 -0.015849236321728584 0.0092367003199309607 0.010506620456230518 -0.0086987530679738662 0.0022201285321036416 -0.011123829248139639 0.0052091923394748454 -0.013559495414196505 0.011653643250994425 0.0002739490960962823 0.004289833905456451 2.4214828026180756e-05 -0.0049417943827597174
leaf_weight=244.9800340986335 1187.3974702358246 1404.5581498146057 671.94017508110505 994.80538558959961 1403.5418006108275 1239.6652240753174 866.02322840690613 98.846904302457688 1133.8311159754546 1319.0632548332214 617.50876568629178 1328.298423444963 1743.6352005793203
leaf_count=428 127 158 589 109 14551 200 102 137 1783 150 6353 10473 7648
internal_value=-1.90495e-06 0.00318652 -0.00294716 -0.00753278 0.000495838 -0.00403819 -0.00222603 0.012959 0.0148601 0.004896 0.000257792 0.00354558 -0.00252744
internal_weight=14254.1 6844.49 7409.61 3048.23 5366.83 2643.21 1860.83 1477.66 1378.81 2723.62 4361.38 2000.24 2361.14
internal_count=42808 17407 25401 338 15059 14751 211 2348 2211 308 25063 11062 14001
is_linear=0
shrinkage=0.0203443


Tree=27
num_leaves=14
num_cat=0
split_feature=10 2 30 7 7 24 15 15 22 7 21 7 30
split_gain=300.152 242.199 219.254 250.908 191.31 170.607 140.63 134.921 76.2251 136.101 98.8539 33.7917 3.2206
threshold=54.096012115478523 32.500000000000007 12.633187770843508 67.941825866699233 56.046705245971687 0.0018653338775038721 0.0068208714947104463 0.0061592981219291696 0.051380783319473274 54.37275695800782 1.0657605528831484 43.097715377807624 26.584631919860843
decision_type=2 2 2 2 2 2 2 2 2 2 2 2 2
left_child=6 2 3 -2 -3 -6 11 -4 10 -10 -8 12 -1
right_child=1 4 7 -5 5 -7 8 -9 9 -11 -12 -13 -14
leaf_value=-0.0010796086842409787 0.025014766921926383 -0.012516652369201851 0.0057031158136595936 0.0011454147531792472 0.024441189034407288 -0.002390342260471994 -0.0084645947694538901 0.00013887887382837023 -0.0099333410009842787 0.037297686233627864 0.016076435532115112 -0.019354482239447784 0.029566804384181689
leaf_weight=39.128781181913389 364.30623435974042 865.01148033141953 2390.8991448849338 364.78780476902909 105.49930668292427 1395.218537923949 761.67676478100316 7343.5403712001753 53.377792630874183 47.922540664672852 74.587390993833537 445.95578002929688 1.4726601354596969
leaf_count=2900 40 69 4550 1224 1201 8764 10214 10238 3047 7 445 44 65
internal_value=-1.27308e-06 0.000982347 0.00231149 0.0130722 -0.00489641 -0.000504091 -0.00886227 0.00150553 -0.00425676 0.0124102 -0.00627572 -0.0177368 3.14471e-05
internal_weight=14253.4 12829.3 10463.5 729.094 2365.73 1500.72 1424.12 9734.44 937.564 101.3 836.264 486.557 40.6014
internal_count=42808 26086 16052 1264 10034 9965 16722 14788 13713 3054 10659 3009 2965
is_linear=0
shrinkage=0.0203443


Tree=28
num_leaves=15
num_cat=0
split_feature=20 20 6 6 18 0 24 29 18 6 11 11 6 10
split_gain=138.106 124.318 152.099 125.72 114.713 151.737 100.161 94.0158 146.545 123.987 82.124 63.8466 0.575986 0.0758967
threshold=0.00088983555906452249 -6.2017345044296221e-05 0.00082724247477017354 0.00075634417589753877 -0.00021591583936242384 924819.34375000012 0.0017348722903989258 -0.00028371861844789231 0.010011487640440466 -0.0008930947515182196 55.313636779785163 56.651367187500007 -0.00045132033119443799 55.901088714599616
decision_type=2 2 2 2 2 2 2 2 2 2 2 2 2 2
left_child=1 2 3 -1 5 -3 12 8 -8 -9 -4 -6 -2 -14
right_child=6 4 10 -5 11 -7 7 9 -10 -11 -12 -13 13 -15
leaf_value=3.3998392516924273e-05 -0.014693753736985768 0.0094038244867454147 -0.018618917399078977 0.031203529299708686 -0.016257907601830757 -0.013019484297378781 -0.0052636536992249419 -0.0092867874762873007 0.010656624127625868 0.0048821247983388801 -0.0020334080956915328 -0.0054605018065810411 -0.019915161047970094 -0.018175982816754123
leaf_weight=6129.1687419189593 11.201149976284567 313.40952953862666 281.56206878792705 54.030955888030803 512.44842378206636 207.66748328481299 1136.5119595055985 271.65475790107394 303.13630306120012 4329.5607794051766 220.21123524540621 406.458164479679 65.871232319407568 12.738972197511769
leaf_count=18301 53 926 857 201 868 1029 3229 795 1269 11493 998 2049 88 652
internal_value=3.6237e-06 -0.00173578 -0.000567811 0.000306372 -0.00715793 0.000467306 0.00230885 0.00262592 -0.00191142 0.00404559 -0.0113401 -0.0114819 -0.0190178 -0.0196336
internal_weight=14255.6 8124.96 6684.97 6183.2 1439.98 521.077 6130.68 6040.86 1439.65 4601.22 501.773 918.907 89.8114 78.6102
internal_count=42808 25229 20357 18502 4872 1955 17579 16786 4498 12288 1855 2917 793 740
is_linear=0
shrinkage=0.0203443


Tree=29
num_leaves=15
num_cat=0
split_feature=9 0 0 9 24 5 31 29 5 24 15 9 14 16
split_gain=249.799 286.514 268.903 232.237 316.514 194.016 146.5 188.9 157.277 115.799 80.2392 23.244 3.20951 0.022467
threshold=53.772626876831062 967193.28125000012 982244.59375000012 55.432725906372077 0.0032846599351614718 60.883602142333991 12.653009891510012 -5.2361827329150394e-05 60.026123046875007 0.0029426375404000287 0.0064503194298595199 9.3320183753967303 18.19272613525391 -0.010616267099976538
decision_type=2 2 2 2 2 2 2 2 2 2 2 2 2 2
left_child=6 3 -3 4 -2 -5 11 8 -8 -4 -9 12 -1 -13
right_child=1 2 9 5 -6 -7 7 10 -10 -11 -12 13 -14 -15
leaf_value=0.032685084038442822 0.013840472266429052 -0.018268649752155773 0.0056391738567332927 0.00019184122350427547 0.00039248956956941647 -0.011440561790260409 0.021484239460993253 0.018109013636993535 -0.0042257884688929178 -0.0046425620271028627 0.00014034815187790001 -0.019433477182214942 0.0063643363443720343 -0.020116750183986506
leaf_weight=2.887179363566073 1204.8347978591901 564.86346063017845 525.42129137749998 4511.7390665782741 1816.5354619026184 683.3346016875812 563.28038325857642 119.52424490351109 119.34413501721417 3306.3675689656457 737.7311092055819 38.547533155186102 5.7175909129597944 50.229186649667099
leaf_count=189 117 156 1264 14562 211 2299 6360 1360 487 7442 7363 107 783 108
internal_value=-2.35013e-06 -0.000972803 -0.00516447 0.00127017 0.00575516 -0.00133822 0.00747379 0.00900418 0.0169893 -0.00323271 0.00264569 -0.0167258 0.0151984 -0.0198203
internal_weight=14250.4 12613.1 4396.65 8216.44 3021.37 5195.07 1637.26 1539.88 682.625 3831.79 857.255 97.3815 8.60477 88.7767
internal_count=42808 26051 8862 17189 328 16861 16757 15570 6847 8706 8723 1187 972 215
is_linear=0
shrinkage=0.0203443


Tree=30
num_leaves=11
num_cat=0
split_feature=10 11 29 27 11 5 5 5 10 4
split_gain=291.746 123.983 112.726 138.016 118.462 86.0374 341.969 132.267 34.9777 6.08175
threshold=54.096012115478523 55.313636779785163 0.00060449319425970327 0.0061712018214166173 44.107772827148445 26.620110511779789 30.804540634155277 41.819997787475593 55.901088714599616 -0.006719504250213503
decision_type=2 2 2 2 2 2 2 2 2 2
left_child=1 2 4 -4 -1 9 8 -8 -7 -2
right_child=5 -3 3 -5 -6 6 7 -9 -10 -11
leaf_value=0.0014206316588810716 -0.02026407669626119 0.0062536477826277397 0.03038664553503586 -0.0098923654639575236 -0.016547479548138101 0.03323934772230544 -0.003850066204505489 0.0016691652779521075 0.015022647677058755 -0.011334832779806681
leaf_weight=183.15292313832583 62.32175141484224 196.18633794784546 56.699698588442402 92.89481880869414 888.95954179763794 137.19652366638132 2175.6727485450665 10329.140268506344 63.972651566291972 64.019544819122146
leaf_count=14847 69 30 602 1131 112 17 4053 21458 361 128
internal_value=-1.51448e-06 -0.00875874 -0.0111695 0.00537414 -0.0134779 0.000966104 0.00113222 0.00070889 0.0274465 -0.0157396
internal_weight=14250.2 1417.89 1221.71 149.595 1072.11 12832.3 12706 12504.8 201.169 126.341
internal_count=42808 16722 16692 1733 14959 26086 25889 25511 378 197
is_linear=0
shrinkage=0.0203443


Tree=31
num_leaves=16
num_cat=0
split_feature=5 0 14 26 13 14 14 17 6 5 14 33 13 26 4
split_gain=330.435 114.537 139.565 133.871 100.92 125.056 192.808 125.809 91.4831 82.2241 79.6303 35.7607 46.7935 30.4981 24.3744
threshold=57.534437179565437 924819.34375000012 42.029806137084968 0.0039375994820147761 74.055500030517592 54.890140533447273 67.162284851074233 0.0078832977451384085 0.0016133273020386698 26.620110511779789 82.527881622314467 0.76507878303527843 83.584499359130874 0.0060423607937991628 -0.0096086650155484659
decision_type=2 2 2 2 2 2 2 2 2 2 2 2 2 2 2
left_child=1 2 3 -1 5 7 -7 -2 -4 14 -11 12 -6 -13 -3
right_child=4 9 8 -5 11 6 -8 -9 -10 10 -12 13 -14 -15 -16
leaf_value=0.013120362536305946 -0.012579374872637775 0.02473006305546659 -0.0038987262486161298 0.0015027775526303641 0.021957201835548359 0.017515092266398722 0.0048614265649851848 0.012421128980710397 0.0088075913262160837 -0.0038205764890407684 0.023521567365837406 -0.01017700928685848 -0.0016386996666110673 -9.0584168971284974e-05 0.0049378462242875339
leaf_weight=574.96009235859037 227.79603312112815 50.719586793493498 2090.3137630365859 1435.4886148821961 59.705617310119436 790.55315957883136 1348.6848069992286 131.34843281640295 264.16198790628323 6510.4063980616183 44.386306731726108 177.58045173411546 83.338743510427349 411.81394898171715 52.32508974903417
leaf_count=1443 186 76 6951 3980 61 1236 1834 456 515 20226 88 1789 1437 2409 121
internal_value=4.22436e-06 -0.00167279 0.000888445 0.00482525 0.00572577 0.00767262 0.00953759 -0.00343598 -0.00247312 -0.00335195 -0.00363542 -0.000914974 0.0082099 -0.00312959 0.01468
internal_weight=14253.6 11022.8 4364.92 2010.45 3230.82 2498.38 2139.24 359.144 2354.48 6657.84 6554.79 732.439 143.044 589.394 103.045
internal_count=42808 33400 12889 5423 9408 3712 3070 642 7466 20511 20314 5696 1498 4198 197
is_linear=0
shrinkage=0.0203443


Tree=32
num_leaves=13
num_cat=0
split_feature=11 24 12 9 11 7 24 31 30 12 19 18
split_gain=301.401 408.706 299.338 201.522 199.88 197.034 171.621 146.023 164.093 121.299 85.6201 85.5473
threshold=56.219516754150398 0.0028989413985982542 59.256948471069343 53.772626876831062 54.677249908447273 56.046705245971687 0.0044894309248775252 12.859992504119875 11.115437507629396 66.299892425537124 0.013825050089508297 0.0034692138433456425
decision_type=2 2 2 2 2 2 2 2 2 2 2 2
left_child=1 7 5 4 -3 -2 -5 -1 -9 -4 -7 -11
right_child=2 3 9 6 -6 10 -8 8 -10 11 -12 -13
leaf_value=0.037005783251483973 -0.0022179274331663181 0.0092160186020368903 0.021845356576933244 0.0014618823794677808 -0.019426301818672342 -0.0075275878198284608 -0.007246054467934547 0.035936897006196636 0.0089027299170153836 0.0023014763606949134 -0.016784792525105771 -0.0037899694709939975
leaf_weight=94.268531358190558 1478.6718249320975 1313.6608713240812 109.04495955116818 2416.9019079208374 109.22612571716309 780.91898941993713 1529.6098325252533 100.1168798699357 1294.509017723534 2649.5365495423539 879.009202003479 1491.3322612085167
leaf_count=158 169 14520 169 281 17 105 241 249 1941 15526 89 9343
internal_value=-2.70994e-06 0.00306863 -0.00285364 0.00045339 0.00701731 -0.0076187 -0.00191318 0.0124999 0.0108435 0.000665394 -0.0124297 0.000107639
internal_weight=14246.8 6858.29 7388.51 5369.4 1422.89 3138.6 3946.51 1488.89 1394.63 4249.91 1659.93 4140.87
internal_count=42808 17407 25401 15059 14537 363 522 2348 2190 25038 194 24869
is_linear=0
shrinkage=0.0203443


Tree=33
num_leaves=13
num_cat=0
split_feature=10 7 18 18 21 16 31 3 31 29 18 29
split_gain=283.036 88.8352 86.5338 176.214 156.814 138.72 118.584 110.467 77.8115 72.906 108.493 76.0875
threshold=54.096012115478523 56.046705245971687 0.00010182358164456674 0.00060848231078125547 0.64560043811798107 0.0025014493148773913 21.879747390747074 0.010289845988154413 16.753705978393558 -0.00048476993106305594 0.0039164558984339246 0.00064080959418788563
decision_type=2 2 2 2 2 2 2 2 2 2 2 2
left_child=1 9 4 5 7 -4 -5 -2 -6 10 -1 -11
right_child=2 -3 3 6 8 -7 -8 -9 -10 11 -12 -13
leaf_value=-0.008612221293664471 -0.00035384481449586786 0.033683186894789267 0.026940302243348344 0.0054930040096607541 0.015263276572856681 -0.0098015563130248919 -0.00032490035622309256 0.015488758392138898 -0.015281308779667959 -0.012837903936370484 0.028671467936616249 0.0017208078534280984
leaf_weight=91.226913758507209 5867.1707199552311 20.223136901855469 201.59571701470057 2376.3658111090813 37.85786058805212 53.90158742684045 3719.8635746413252 188.00258791211127 391.36525716778027 1077.5514787251705 50.01302319510566 172.33840858292706
leaf_count=1905 10469 3 454 5040 216 94 8089 825 899 12683 533 1598
internal_value=-1.8798e-06 -0.00864946 0.000948934 0.00263669 -0.000704284 0.0191889 0.00194297 0.000138037 -0.0125872 -0.00926487 0.00458977 -0.0108305
internal_weight=14247.5 1411.35 12836.1 6351.73 6484.4 255.497 6096.23 6055.17 429.223 1391.13 141.24 1249.89
internal_count=42808 16722 26086 13677 12409 548 13129 11294 1115 16719 2438 14281
is_linear=0
shrinkage=0.0203443


Tree=34
num_leaves=15
num_cat=0
split_feature=31 0 0 24 0 33 23 21 24 0 24 3 0 23
split_gain=207.409 214.872 180.619 146.909 147.679 121.795 166.535 108.26 99.9758 112.908 96.174 66.3364 22.5036 28.9
threshold=25.995017051696781 924819.34375000012 766394.12500000012 0.0034447174984961752 982244.59375000012 0.82437735795974743 0.00093964111874811362 0.08270664140582086 0.001616371679119766 911094.25000000012 0.0026299548335373406 -0.0027544480981305237 732639.25000000012 -0.0042813566979020825
decision_type=2 2 2 2 2 2 2 2 2 2 2 2 2 2
left_child=1 8 12 4 -3 10 -7 -5 11 -10 -4 -1 13 -2
right_child=2 3 5 7 -6 6 -8 -9 9 -11 -12 -13 -14 -15
leaf_value=0.027539341194881595 0.018253285315888601 -0.012110285243761272 -0.019487006834541579 0.0054652840129517863 -0.0014005382653294611 0.021266583607966016 0.0059737275928201184 -0.0026430730073028169 0.00118152014780342 0.0087721263871766309 0.0040674458256369419 -0.015838583847102457 -0.014262732624990952 -0.0069355698693050931
leaf_weight=15.922893890304122 22.339004477720124 1277.4469587057833 85.776719821348536 813.26956276262172 914.32810215568543 481.63351489556192 759.46534554059338 4207.4739835739629 3753.7660473665151 1034.6202420890354 438.62543352919255 174.47389362650591 151.00731468202176 120.78242435444685
leaf_count=193 142 201 62 2532 5044 1032 1898 14293 12537 153 1378 1304 162 1877
internal_value=4.75246e-06 -0.00100405 0.00597602 -0.00324807 -0.00764258 0.00843506 0.0119084 -0.00132966 0.00224675 0.00282162 0.00021459 -0.0122108 -0.00878429 -0.00300383
internal_weight=14250.9 12191.3 2059.63 7212.52 2191.78 1765.5 1241.1 5020.74 4978.78 4788.39 524.402 190.397 294.129 143.121
internal_count=42808 36257 6551 22070 5245 4370 2930 16825 14187 12690 1440 1497 2181 2019
is_linear=0
shrinkage=0.0203443


Tree=35
num_leaves=15
num_cat=0
split_feature=8 14 32 0 7 9 30 14 31 32 0 7 0 15
split_gain=288.185 249.559 272.775 242.687 383.208 241.909 168.479 164.484 169.703 215.327 191.182 120.585 113.903 42.5268
threshold=53.967767715454109 59.975877761840827 10.40871047973633 935305.25000000012 56.046705245971687 59.94032287597657 14.392919540405275 27.61085414886475 20.959753990173343 22.127140045166019 1069453.3750000002 55.453603744506843 948339.90625000012 0.0097831315360963362
decision_type=2 2 2 2 2 2 2 2 2 2 2 2 2 2
left_child=7 3 11 4 -2 -4 -5 12 10 -10 -9 -3 -1 -14
right_child=1 2 5 6 -6 -7 -8 8 9 -11 -12 -13 13 -15
leaf_value=0.011693194423866373 0.010430207197942453 0.037943104028598011 -0.012064753343581537 -0.012734466559107567 -0.0016522791579705385 0.00011991113990263452 -0.0014129539071797139 0.018614697760119002 0.0072114164505026274 -0.0123236403447546 -0.0028875259864113143 0.0027605222288672598 -0.015661065531401317 0.0050923368121720772
leaf_weight=110.2748746871938 1934.6217579841605 76.320998191835884 1914.464018821714 656.72949664236512 2478.1086729595136 1041.1440837171849 3170.3067692731393 808.66739082336494 1148.065440199819 293.17432102277166 217.08910614324805 85.48269519424673 259.90146215768584 48.489846190818753
leaf_count=11 184 7 232 1113 11496 7241 5233 97 5935 884 7945 389 1046 995
internal_value=-2.8732e-06 -0.00146158 -0.00636451 0.000393375 0.0036449 -0.00777257 -0.00335576 0.0057382 0.00773914 0.00323762 0.014064 0.0193559 -0.00605231 -0.0123978
internal_weight=14242.8 11357.2 3117.41 8239.77 4412.73 2955.61 3827.04 2885.66 2467 1441.24 1025.76 161.804 418.666 308.391
internal_count=42808 25895 7869 18026 11680 7473 6346 16913 14861 6819 8042 396 2052 2041
is_linear=0
shrinkage=0.0203443


Tree=36
num_leaves=15
num_cat=0
split_feature=0 9 9 20 5 7 19 0 30 5 30 32 32 5
split_gain=298.673 320.498 251.949 228.227 193.388 158.63 264.852 136.09 126.691 116.193 102.455 98.9934 74.961 85.4947
threshold=948339.90625000012 54.383430480957038 59.94032287597657 0.005082065938040615 56.913030624389656 56.046705245971687 -0.0054055019281804553 766394.12500000012 17.897993087768558 63.152738571166999 15.649772167205812 16.151859283447269 11.218673229217531 62.031101226806648
decision_type=2 2 2 2 2 2 2 2 2 2 2 2 2 2
left_child=3 4 8 5 11 6 -1 -7 -3 -6 -4 -2 -5 -14
right_child=1 2 10 12 9 7 -8 -9 -10 -11 -12 -13 13 -15
leaf_value=0.0020255505148415545 -0.0080902268961950581 0.017556836058365038 0.0080096242905056125 -0.010307423982006781 -0.016257579369093382 -0.0042609528468517364 -0.0096784773208867698 0.0038974092361091436 0.0076333423238744771 1.7073534886452988e-05 -0.0030865972724054272 0.0036276015507969391 0.0051180078180286474 0.025964306137809864
leaf_weight=1122.530077457428 370.94884698942451 828.82528758049011 515.32111632494684 50.798900356586898 521.471487719582 1744.7349866107138 2787.1728491783142 1643.3698261829054 1489.3031108379364 278.55676483997263 1038.4053750901478 1525.7408472262302 152.42243765905613 174.8263176480001
leaf_count=126 1366 114 2028 155 2394 13590 286 2086 229 1312 6445 11851 343 483
internal_value=-2.27876e-06 0.00318226 0.00693268 -0.00272744 -0.00220244 -0.00352588 -0.00631808 -0.000303806 0.0111814 -0.010591 0.000593649 0.00133585 0.0126855 0.0162548
internal_weight=14244.4 6568.57 3871.85 7675.86 2696.72 7297.81 3909.7 3388.1 2318.13 800.028 1553.73 1896.69 378.048 327.249
internal_count=42808 25739 8816 17069 16923 16088 412 15676 343 3706 8473 13217 981 826
is_linear=0
shrinkage=0.0203443


Tree=37
num_leaves=15
num_cat=0
split_feature=5 24 15 16 2 19 11 5 19 16 15 24 22 16
split_gain=312.197 127.973 173.588 177.227 166.83 116.453 281.713 159.803 100.596 236.442 156.123 66.5661 27.6386 0.36288
threshold=57.534437179565437 0.001832783571444452 0.0058227383997291335 0.0033741046208888297 20.500000000000004 0.0083452071994543093 56.651367187500007 48.006956100463874 -0.0031893322011455889 -0.0010697674006223676 0.0065571859013289222 0.0049597322940826425 0.021889944560825828 0.00097937544342130444
decision_type=2 2 2 2 2 2 2 2 2 2 2 2 2 2
left_child=5 12 3 -3 -4 8 11 -8 10 -10 -1 -7 13 -2
right_child=1 2 4 -5 -6 6 7 -9 9 -11 -12 -13 -14 -15
leaf_value=-0.0079265843773356024 -0.016536395674758578 0.023326077964043915 0.0077814149008957169 0.0052590240202799766 -0.0036204327834213727 -0.016649012253953162 -0.0089883470463986755 0.0054955549562321782 0.0087962023317362404 -0.0028525337173932403 -0.00023587666807325193 0.005777933586683587 0.0084347727349522398 -0.020062594646066551
leaf_weight=1444.2626736973489 14.183487982304809 429.30506248715642 1346.1563352713551 471.56599370232993 877.284240908833 781.04097902336196 510.23766393865367 825.16789293000852 1337.1057226957212 1565.6880220921219 4485.6013556719809 58.907176541402919 17.127001712792733 84.708694239768306
leaf_count=4833 93 717 2274 1013 4722 1274 2133 3438 2586 3196 14048 1892 27 562
internal_value=5.45676e-06 0.005556 0.00633511 0.0138688 0.00328267 -0.00162841 -0.00584485 -3.8502e-05 -0.000589954 0.00251318 -0.00210901 -0.0150761 -0.0154247 -0.0195571
internal_weight=14248.3 3240.33 3124.31 900.871 2223.44 11008 2175.35 1335.41 8832.66 2902.79 5929.86 839.948 116.019 98.8922
internal_count=42808 9408 8726 1730 6996 33400 8737 5571 24663 5782 18881 3166 682 655
is_linear=0
shrinkage=0.0203443


Tree=38
num_leaves=16
num_cat=0
split_feature=9 32 26 19 32 32 5 12 5 4 29 21 13 19 32
split_gain=227.323 193.886 247.94 231.914 192.976 161.733 166.383 144.621 142.393 106.071 104.702 81.0429 67.4422 56.7505 4.91859
threshold=53.772626876831062 19.527277946472172 0.0057348008267581472 -0.0059045040979981414 10.40871047973633 14.017372608184816 33.507356643676765 74.775482177734389 49.704465866088874 0.012561924755573274 0.00017848191055236387 0.68149027228355419 54.835750579833991 -0.011926797218620775 36.158533096313484
decision_type=2 2 2 2 2 2 2 2 2 2 2 2 2 2 2
left_child=5 4 3 -3 12 9 14 -6 -4 11 -8 -1 -2 -11 -7
right_child=1 2 8 -5 7 6 10 -9 -10 13 -12 -13 -14 -15 -16
leaf_value=0.022193506526434703 0.026773971523509788 -0.00098075456982695745 0.00033372692847775102 0.010943672117702176 -0.0064094012025068953 -0.01836760125046252 0.016180686124590254 0.0011738235005949941 -0.0084240285358073708 0.034016732613236775 0.0035061650632135549 -0.014906581083837295 0.0028601381591585378 -0.015136475288567059 -0.0038897166594121031
leaf_weight=27.143975598168453 108.63475894928717 1147.1222745986777 3151.1567309431325 1640.3796730713295 4036.8465733663184 78.456241311876568 845.95058235160889 1402.5495696267503 1016.2079698043858 37.059370074846868 396.06616639766332 238.41454467224222 88.641686148635813 13.178613098503602 11.088915263598606
leaf_count=182 10 2514 6360 3022 766 648 9551 10888 2033 46 4523 1266 458 377 164
internal_value=-3.1792e-06 -0.000932964 0.00133975 0.00603648 -0.00373718 0.00710359 0.010208 -0.00445406 -0.00180184 -0.00598595 0.0121389 -0.0111143 0.0160289 0.0211222 -0.016575
internal_weight=14238.9 12591.5 6954.87 2787.5 5636.67 1647.36 1331.56 5439.4 4167.36 315.797 1242.02 265.559 197.276 50.238 89.5452
internal_count=42808 26051 13929 5536 12122 16757 14886 11654 8393 1871 14074 1448 468 423 812
is_linear=0
shrinkage=0.0203443


Tree=39
num_leaves=15
num_cat=0
split_feature=0 12 12 8 31 11 33 2 14 0 4 8 9 4
split_gain=290.224 330.182 201.701 193.846 179.094 168.34 296.723 206.064 156.218 164.478 143.043 114.865 112.527 37.1361
threshold=948339.90625000012 53.174276351928718 59.256948471069343 54.87335395812989 32.327220916748054 56.219516754150398 0.012039103079587223 38.500000000000007 21.3209342956543 1078676.2500000002 -0.014809332322329281 76.607795715332045 68.35730361938478 0.014434465207159521
decision_type=2 2 2 2 2 2 2 2 2 2 2 2 2 2
left_child=4 8 3 -3 5 6 -1 -7 10 -10 -2 -6 -4 -13
right_child=1 2 12 -5 11 7 -8 -9 9 -11 -12 13 -14 -15
leaf_value=-0.014492701975252971 -0.019076388857486956 0.003728642175278509 -0.01461007375637724 0.014248739784060722 0.038918420328629563 0.0011450347318552477 -0.0014389452369252789 -0.011005986853264319 -0.0085576575863714407 0.0054838045126961218 0.024100559526057785 -0.0079800488931633176 0.0023432478196758403 0.025011871086866155
leaf_weight=1236.9518442153922 40.911242179628971 1342.3457407951355 183.71275640055705 1576.1781625747681 68.757495880126982 3887.5566238181327 1726.9435772895813 678.46084122905268 1462.544868946075 451.98250979201862 141.93191919494188 48.308326869028875 1373.9142372045324 19.953661918088031
leaf_count=135 119 176 170 225 6 12059 191 4108 225 15783 737 359 8304 211
internal_value=-2.53308e-06 0.00313407 0.00625517 0.00941013 -0.00269182 -0.00311126 -0.00688681 -0.000660471 -0.00352687 -0.00524273 0.0144396 0.0203585 0.000343691 0.0016635
internal_weight=14240.5 6573.52 4476.15 2918.52 7666.93 7529.91 2963.9 4566.02 2097.37 1914.53 182.843 137.019 1557.63 68.262
internal_count=42808 25739 8875 401 17069 16493 326 16167 16864 16008 856 576 8474 570
is_linear=0
shrinkage=0.0203443


Tree=40
num_leaves=14
num_cat=0
split_feature=33 30 33 28 22 21 15 22 33 21 6 30 10
split_gain=188.101 152.7 147.827 136.174 95.6039 93.5523 98.1677 77.831 83.4425 81.1532 134.89 92.8168 7.60003
threshold=1.0776714682579043 23.888156890869144 -1.1477617621421812 -9.1788015365600568 0.017458925023674968 0.90390616655349743 0.0080453949049115198 0.014319624751806261 1.1475518345832827 0.86803248524665844 -6.898879291838965e-05 21.725191116333011 72.300178527832045
decision_type=2 2 2 2 2 2 2 2 2 2 2 2 2
left_child=1 2 3 -1 -4 6 -3 8 -2 10 -9 -11 -10
right_child=7 5 4 -5 -6 -7 -8 9 12 11 -12 -13 -14
leaf_value=-0.013629800770633891 -0.02068957467758125 -0.012868500968252303 -0.0039607634806627275 0.010315678967155293 0.00041601291320435957 0.026204531111274267 -0.001591979703564668 -0.010898920439823082 0.035529179064819706 0.0066519772475338856 0.014515216579656137 -0.0042957530249247344 0.019670720051585346
leaf_weight=111.33112909353906 14.59199433091281 779.52800616285333 2941.6202707163675 839.45594808123576 6936.5669115178544 33.450263577680971 541.48231946254157 102.10941327238561 62.034273807206496 735.8503439412699 563.26430349071416 567.89521811589077 15.675642223437938
leaf_count=332 81 1871 7986 3464 21006 148 2331 159 94 1914 1550 1452 420
internal_value=6.22941e-06 -0.000955401 -0.000149894 0.00751179 -0.000887343 -0.00739544 -0.00824627 0.00568968 0.0239483 0.0048338 0.0106151 0.00188327 0.0323305
internal_weight=14244.9 12183.4 10829 950.787 9878.19 1354.46 1321.01 2061.42 92.3019 1969.12 665.374 1303.75 77.7099
internal_count=42808 37138 32788 3796 28992 4350 4202 5670 595 5075 1709 3366 514
is_linear=0
shrinkage=0.0203443


Tree=41
num_leaves=13
num_cat=0
split_feature=11 0 12 13 31 31 11 8 15 28 23 14
split_gain=279.976 328.635 287.879 248.123 198.211 161.339 132.254 119.015 75.0819 60.0446 56.1782 45.8495
threshold=56.219516754150398 967193.28125000012 59.256948471069343 53.564498901367195 19.009111404418949 14.306185245513918 56.651367187500007 68.162464141845717 0.0068208714947104463 0.71680146455764782 0.00074901190237142156 37.538373947143562
decision_type=2 2 2 2 2 2 2 2 2 2 2 2
left_child=1 4 6 5 -1 -3 -2 -4 -9 -6 -5 -8
right_child=2 3 7 10 9 -7 11 8 -10 -11 -12 -13
leaf_value=0.013335779987273777 -0.0033727353053067508 -0.013858088524141202 0.020234618844819866 -0.0031650233655601654 0.0068410418768107325 0.0095072481549264062 -0.0081944583199002469 0.0054154803321299367 -0.0013227565685930149 0.00030656694348366043 -0.0099178253400850104 -0.015266344148170361
leaf_weight=1341.1436638832097 1600.4304451942435 141.53109025990852 125.11879373130159 1330.4275209903717 1144.3367128372192 900.90185838854768 753.63702630996704 866.62798976213526 3255.5347127788991 1184.4597573280334 826.78876376152039 764.26685404777527
leaf_count=147 169 2368 157 197 120 14321 95 10762 14119 128 126 99
internal_value=-3.69812e-06 0.00295065 -0.00275909 -0.0018149 0.00710551 0.00633492 -0.00745304 0.000687183 9.38597e-05 0.00351752 -0.00575316 -0.0117552
internal_weight=14235.2 6869.59 7365.62 3199.65 3669.94 1042.43 3118.33 4247.28 4122.16 2328.8 2157.22 1517.9
internal_count=42808 17407 25401 17012 395 16689 363 25038 24881 248 323 194
is_linear=0
shrinkage=0.0203443


Tree=42
num_leaves=12
num_cat=0
split_feature=0 10 10 2 19 0 3 20 6 11 7
split_gain=279.952 338.008 319.292 260.765 199.619 197.811 168.33 164.235 140.804 96.3505 79.3059
threshold=948339.90625000012 54.096012115478523 54.534118652343757 10.500000000000002 -0.01398644410073757 1037631.1562500001 0.0068650676403194675 0.00088983555906452249 -0.00091169009101577092 55.313636779785163 43.097715377807624
decision_type=2 2 2 2 2 2 2 2 2 2 2
left_child=2 9 -1 4 -4 7 -5 -3 -7 10 -2
right_child=1 5 3 6 -6 8 -8 -9 -10 -11 -12
leaf_value=-0.012980610190752525 0.0016597265609934095 0.013521776864891909 0.0028685889345118746 -0.0032348298398294905 0.028432396691967836 -0.0047406135012618743 0.0087378614648536343 0.0021592265089829142 0.0046842943386823819 0.0059391579587929145 -0.012758638346332212
leaf_weight=1065.5301847457886 200.47761464372968 1543.7574170678877 331.1589796859264 5522.0745069570967 204.49934328093218 943.75919469692963 532.93994016839315 799.01554925739902 2152.1812989995833 197.22886180877697 743.25740337371826
leaf_count=137 16562 527 992 13619 502 2485 1819 399 5639 30 97
internal_value=-3.14421e-06 0.00307435 -0.00264792 -0.000977409 0.0126282 0.00518635 -0.00218103 0.00964653 0.00181122 -0.00699303 -0.00969572
internal_weight=14235.9 6579.68 7656.2 6590.67 535.658 5438.71 6055.01 2342.77 3095.94 1140.96 943.735
internal_count=42808 25739 17069 16932 1494 9050 15438 926 8124 16689 16659
is_linear=0
shrinkage=0.0203443


Tree=43
num_leaves=16
num_cat=0
split_feature=17 0 6 15 33 26 15 26 16 3 21 30 30 6 7
split_gain=267.154 162.693 165.273 131.906 126.841 103.108 98.2416 88.9931 166.433 83.5447 81.9221 65.6653 57.9223 50.9919 41.329
threshold=0.0048252823762595662 924819.34375000012 0.00061411250499077152 0.0058227383997291335 1.557894825935364 0.0055181167554110297 0.0048418249934911737 0.0035583385033532981 0.001888134691398591 -0.0021743502002209421 0.08270664140582086 19.102249145507816 23.677980422973636 0.0011937156086787584 59.781051635742195
decision_type=2 2 2 2 2 2 2 2 2 2 2 2 2 2 2
left_child=1 7 10 4 6 11 -2 8 -1 -9 -3 -5 -7 -6 -4
right_child=3 2 14 5 13 12 -8 9 -10 -11 -12 -13 -14 -15 -16
leaf_value=0.011474259561800614 -0.0089733780964255244 0.0022481764476341426 -0.014685223627053974 0.0044809590499667014 0.010027391963470295 0.00596223253409261 0.017850681235952393 0.0049110310214065455 -0.011538502654774055 -0.0021656105614945528 -0.0039046980596100529 -0.0083917373804727902 -0.0026844343973712603 -0.017049987875982688 -0.0038393979629735022
leaf_weight=696.01734002000626 62.277718237922159 1153.913478005521 651.64541510597724 247.20976157886957 45.624734392363621 2077.4955089636214 610.19241082711915 962.68849792487481 159.96807506664413 2441.9549174474801 4001.4401873732977 487.35568344089165 379.173848207432 77.989732163823874 187.19735788872708
leaf_count=3400 418 2993 2044 742 235 6947 617 3095 417 5969 12275 895 1526 201 1034
internal_value=7.67427e-06 -0.00172978 -0.00389018 0.00447616 0.0118847 0.00262801 0.0153665 0.00130965 0.00717357 -0.000164631 -0.00252751 -0.00405955 0.00462766 -0.00705585 -0.0122649
internal_weight=14242.1 10254.8 5994.2 3987.32 796.085 3191.23 672.47 4260.63 855.985 3404.64 5155.35 734.565 2456.67 123.614 838.843
internal_count=42808 31227 18346 11581 1471 10110 1035 12881 3817 9064 15268 1637 8473 436 3078
is_linear=0
shrinkage=0.0203443


Tree=44
num_leaves=15
num_cat=0
split_feature=8 2 8 24 19 14 33 19 17 24 28 24 19 33
split_gain=265.146 276.496 302.513 444.291 311.941 213.219 194.07 171.262 161.32 141.94 132.055 65.5418 33.0551 16.8704
threshold=53.967767715454109 14.500000000000002 55.551496505737312 0.0034638950601220135 0.0033426332520321016 59.211545944213874 -1.1078864336013792 0.0075364846270531425 -0.0060092881321907035 0.0021485440665856008 -1.6192188858985899 0.0027779797092080121 0.0096277953125536459 -1.3515228629112241
decision_type=2 2 2 2 2 2 2 2 2 2 2 2 2 2
left_child=6 5 3 -3 -4 7 11 -2 10 -10 -8 -1 -7 -13
right_child=1 2 4 -5 -6 12 8 -9 9 -11 -12 13 -14 -15
leaf_value=0.032218034696382278 -0.0068951888149926862 0.014707663928172103 0.0023780914192143635 -0.0036768055616133821 -0.0068066440477568303 -0.018815236296839389 0.0065397559950465031 0.0061383797552532586 0.027311197784330381 0.0037092041967264305 0.029176361407670326 -0.017734327550826001 -0.0094485802740935272 -0.0054710649693757701
leaf_weight=13.227788122594857 1628.4022969615812 1281.2274880409241 3325.8884251473378 945.61883735656738 2835.1066487114072 535.72983808710694 201.46975678069452 561.03670670181145 111.00316371541658 2112.8353588578871 226.67904800119709 167.76923170198603 219.98385873685186 64.204604851561839
leaf_count=112 2700 118 10793 104 10421 1125 1367 311 751 11193 1438 1168 323 884
internal_value=-4.53369e-06 -0.00140863 0.00047434 0.00690078 -0.00184845 -0.00677137 0.0054879 -0.00355537 0.00708897 0.00488731 0.0185245 -0.0118285 -0.0160887 -0.0143403
internal_weight=14230.2 11333 8387.84 2226.85 6161 2945.15 2897.19 2189.44 2651.99 2223.84 428.149 245.202 755.714 231.974
internal_count=42808 25895 21436 222 21214 4459 16913 3011 14749 11944 2805 2164 1448 2052
is_linear=0
shrinkage=0.0203443


Tree=45
num_leaves=16
num_cat=0
split_feature=2 2 29 31 12 21 13 2 6 13 4 5 4 26 30
split_gain=148.171 235.842 185.815 143.256 137.052 135.163 280.466 208.178 114.562 105.544 99.1183 82.9827 79.1068 62.4325 22.3277
threshold=32.500000000000007 25.500000000000004 -0.00022956200700718907 22.631031990051273 55.576982498168952 0.78073960542678844 56.053251266479499 18.500000000000004 0.00097684096544981024 55.505748748779304 0.0154307265765965 38.766994476318366 -0.013580148573964832 0.0025900145992636685 17.386466979980472
decision_type=2 2 2 2 2 2 2 2 2 2 2 2 2 2 2
left_child=1 5 12 -4 8 7 -7 -1 10 -10 -2 14 -3 -13 -6
right_child=4 2 3 -5 11 6 -8 -9 9 -11 -12 13 -14 -15 -16
leaf_value=0.0028552912476564759 -0.016558530597327776 0.01726025975879316 0.013027466508118197 -0.00093961050730629074 0.0030547044689658649 -0.0090009212660200604 0.0073932174343063544 -0.0050655808619124087 0.027036253400508997 -0.019188068844067908 0.013862854153190286 0.019751449804079797 -0.0073616769459138812 -0.00034486566418118897 -0.015272591583364647
leaf_weight=5504.8158160405455 640.38120318356653 61.83114558035993 1371.5594452212774 390.4650576296483 32.06498070928248 1687.091043389747 580.52456040124616 1829.8398669634389 56.037264945496304 32.18751049041748 47.624430848224392 67.271784216773312 426.82879918546234 1308.7774542226678 193.71263767133567
leaf_count=8467 4056 311 3882 1767 142 1722 2438 6529 1664 3 406 1011 1591 7992 827
internal_value=-3.37096e-06 0.000926461 0.00685395 0.00993235 -0.00463795 -0.000462886 -0.0048039 0.0008792 -0.0116539 0.0101717 -0.0144527 -0.00123806 -0.00424617 0.00063758 -0.0126696
internal_weight=14231 11853 2250.68 1762.02 2378.06 9602.27 2267.62 7334.66 776.23 88.2248 688.006 1601.83 488.66 1376.05 225.778
internal_count=42808 26707 7551 5649 16101 19156 4160 14996 6129 1667 4462 9972 1902 9003 969
is_linear=0
shrinkage=0.0203443


Tree=46
num_leaves=15
num_cat=0
split_feature=31 0 0 26 20 0 30 26 19 22 22 26 19 30
split_gain=189.875 195.88 172.547 125.615 163.418 110.855 134.103 85.5676 90.453 78.9228 64.0184 29.9892 20.4127 0.00282834
threshold=25.995017051696781 924819.34375000012 766394.12500000012 0.0035583385033532981 -0.0039298778865486375 967193.28125000012 22.030303955078129 0.0029725901549682025 0.03383362106978894 0.045100945979356773 0.0089934300631284731 0.0052908756770193585 0.01888025272637606 20.91253757476807
decision_type=2 2 2 2 2 2 2 2 2 2 2 2 2 2
left_child=1 3 11 4 -1 6 -3 -4 -9 -7 -5 13 -13 -2
right_child=2 5 7 10 -6 9 -8 8 -10 -11 -12 12 -14 -15
leaf_value=0.035533330611269349 -0.020357721814202787 -0.0031380108312862357 -0.014013010627510753 -0.019046619432862465 0.0061662669799207089 -0.00011723819575069795 -0.013433169341813518 0.010439469452295992 -0.0062360460867233831 -0.0066355328748359992 0.00093625304605642371 -0.0010231125692799926 -0.014534635074428471 -0.020011529064500936
leaf_weight=86.613085535637197 28.738110158120698 1465.4379405230281 69.609751954912099 67.473415209700306 829.84345193904585 3946.1637841129027 814.86791868507885 1558.1693221229107 147.36442119421736 954.84493956505003 4004.3950757415996 155.88184149488816 65.821611013604382 43.224274305721302
leaf_count=88 352 260 61 323 3769 16727 131 3242 1067 4952 10007 807 536 486
internal_value=8.49635e-06 -0.000960153 0.00570652 0.00213673 0.00894173 -0.00311133 -0.006817 0.00809625 0.00899863 -0.00138718 0.000605119 -0.00873875 -0.00503465 -0.0201501
internal_weight=14238.4 12169.6 2068.81 4988.33 916.457 7181.31 2280.31 1775.14 1705.53 4901.01 4071.87 293.666 221.703 71.9624
internal_count=42808 36257 6551 14187 3857 22070 391 4370 4309 21679 10330 2181 1343 838
is_linear=0
shrinkage=0.0203443


Tree=47
num_leaves=13
num_cat=0
split_feature=11 24 12 2 11 15 2 30 21 12 21 4
split_gain=259.863 371.352 274.007 189.25 190.49 164.273 270.349 132.227 113.939 112.307 82.2292 68.3335
threshold=56.219516754150398 0.0028989413985982542 59.256948471069343 10.500000000000002 55.313636779785163 0.0056673574727028617 31.500000000000004 18.799551010131839 0.45751358568668371 66.299892425537124 0.42375253140926367 -0.0020736936712637539
decision_type=2 2 2 2 2 2 2 2 2 2 2 2
left_child=1 3 7 -1 -5 11 -7 -2 -9 -4 -11 -3
right_child=2 5 9 4 -6 6 -8 8 -10 10 -12 -13
leaf_value=0.00012031386925571393 -0.01185375115715215 -0.0036063765895859969 0.020923768744759277 0.024996190620728012 0.0079624826977269195 0.00028885106303940558 0.022458382018679605 0.001314528443607713 -0.0093398768344819475 0.0034598651425672552 -0.0023365471740861869 -0.020218356104736355
leaf_weight=417.31411332194784 1414.279810190199 201.85819311863753 110.5731031955529 528.35293677507252 559.47651481628418 4726.1833526073287 239.1889370402514 935.90100908279419 747.02418804168701 1773.0558745692765 2362.9348638909164 208.20483645230314
leaf_count=134 152 152 169 2161 53 9425 5282 118 93 10174 14695 200
internal_value=-5.13071e-06 0.00283571 -0.00266679 0.0117676 0.0162357 0.000334745 0.00135679 -0.00726828 -0.00341478 0.000689271 0.000148309 -0.012041
internal_weight=14224.3 6880.58 7343.77 1505.14 1087.83 5375.44 4965.37 3097.21 1682.93 4246.56 4135.99 410.063
internal_count=42808 17407 25401 2348 2214 15059 14707 363 211 25038 24869 352
is_linear=0
shrinkage=0.0203443


Tree=48
num_leaves=15
num_cat=0
split_feature=0 21 20 8 4 8 5 4 31 8 6 32 32 5
split_gain=267.845 301.388 215.699 166.281 135.088 161.104 132.199 119.764 109.972 108.196 98.5277 90.6308 72.6266 79.8331
threshold=948339.90625000012 0.78073960542678844 0.005082065938040615 54.87335395812989 -0.011761255562305449 56.039657592773445 63.152738571166999 -0.011495652142912148 22.495809555053714 54.87335395812989 -0.0025912913260981436 12.927010536193849 11.218673229217531 62.031101226806648
decision_type=2 2 2 2 2 2 2 2 2 2 2 2 2 2
left_child=2 7 4 6 8 -6 -3 10 -1 -9 -2 -5 -4 -14
right_child=1 3 12 11 5 -7 -8 9 -10 -11 -12 -13 13 -15
leaf_value=0.00033395629769178133 -0.01789057457648207 -0.016987273156164138 -0.010304414048160569 -0.0087345051715605644 -0.0071916533191159629 -0.0007099406268671766 -0.00018378243889333672 0.0030747303110989005 0.018096062204522069 0.0092148079660755479 0.001626787378401781 0.010265305937881535 0.0050515546195895678 0.025135376830290389
leaf_weight=621.57916678780157 152.05064577659539 549.95110439775794 50.785164824595597 154.90828863286981 3633.4351677894601 2818.1608398449916 299.22037685982809 2340.7670334708114 187.87964911349763 2411.5991415836575 361.748533845917 315.63993945933578 152.61262639540578 176.84783246007126
leaf_count=2045 792 2426 155 505 390 12919 1294 11123 734 5179 2840 1580 343 483
internal_value=-3.73039e-06 0.00300305 -0.00259522 -0.00569067 -0.00337742 -0.00436034 -0.0110663 0.00518174 0.00445666 0.00619053 -0.00414902 0.00401037 0.0123414 0.0158322
internal_weight=14227.2 6585.89 7641.3 1319.72 7261.05 6451.6 849.171 5266.17 809.459 4752.37 513.799 470.548 380.246 329.46
internal_count=42808 25739 17069 5805 16088 13309 3720 19934 2779 16302 3632 2085 981 826
is_linear=0
shrinkage=0.0203443


Tree=49
num_leaves=15
num_cat=0
split_feature=17 0 6 14 16 30 0 14 30 11 16 14 2 23
split_gain=252.582 150.799 162.279 102.817 93.8458 90.1257 69.079 85.2773 108.125 97.1377 69.1042 63.2752 49.9573 36.182
threshold=0.0048252823762595662 924819.34375000012 0.00061411250499077152 33.423566818237312 0.0047603221610188493 23.836061477661136 782450.31250000012 50.27513504028321 18.409063339233402 56.219516754150398 0.0017773572471924128 20.160759925842289 24.500000000000004 -0.0052362503483891478
decision_type=2 2 2 2 2 2 2 2 2 2 2 2 2 2
left_child=1 3 11 5 -5 -1 10 9 -9 -8 -2 -3 -4 -12
right_child=6 2 12 4 -6 -7 7 8 -10 -11 13 -13 -14 -15
leaf_value=0.0085036044884738218 0.021270034569736446 0.0045416766621915513 -0.014248087170667185 -0.001139770220190158 0.027577157905765412 -0.0088030972600712278 -0.011840456419096633 0.012497317278011675 0.0040959006937231765 0.0077732832809024044 0.020877419098738879 -0.0031530350235986983 -0.00053799543115856706 -0.0050885672386948005
leaf_weight=1021.7271716806393 48.664982668115726 488.80998236926007 702.5276805167673 3055.7333743749846 47.837868811881435 141.82590482462786 233.74105436148494 918.12724012456874 2049.0410656163508 189.02386731166706 23.174228357818379 4650.4049885659851 130.42970280080181 534.27133256832951
leaf_count=2289 179 1062 1327 9776 122 694 794 2564 4405 464 58 14206 1751 3117
internal_value=8.59251e-06 -0.00168434 -0.00377128 0.00123648 -0.000697126 0.00639407 0.00434651 0.00547756 0.00669555 -0.00307084 -0.00197935 -0.00242116 -0.0121013 -0.00400906
internal_weight=14235.3 10239.3 5972.17 4267.12 3103.57 1163.55 3996.04 3389.93 2967.17 422.765 606.111 5139.21 832.957 557.446
internal_count=42808 31227 18346 12881 9898 2983 11581 8227 6969 1258 3354 15268 3078 3175
is_linear=0
shrinkage=0.0203443


Tree=50
num_leaves=15
num_cat=0
split_feature=10 17 32 24 0 32 10 22 22 24 0 16 13 13
split_gain=306.882 282.641 272.069 318.962 291.773 222.839 221.464 195.619 173.24 148.477 128.155 113.745 89.5171 89.273
threshold=54.266805648803718 0.011746645439416172 19.527277946472172 0.0034858892904594545 948339.90625000012 30.421202659606937 77.062896728515639 0.010727338027209045 0.017878093756735328 0.0038757583824917678 1050011.6250000002 -0.0067565683275461188 78.050750732421889 53.564498901367195
decision_type=2 2 2 2 2 2 2 2 2 2 2 2 2 2
left_child=1 5 6 4 -4 8 9 -5 -1 -2 -3 -7 -8 -12
right_child=2 10 3 7 -6 11 12 -9 -10 -11 13 -13 -14 -15
leaf_value=0.022772890350878039 -0.011645659775501277 -0.018312424369554988 0.010669593574178515 0.037126800915917531 -0.006265066431903739 -0.017969047703313989 0.010672007996202612 -0.0027888640367072274 0.0076963540457073631 -0.0028040938032816648 0.021283498708055803 0.028598325246471629 -0.0013543258216861997 -0.01916568625869438
leaf_weight=377.09923575609741 1988.3896355724353 262.77686071395851 1923.5823445632359 51.459268197367237 539.1107210120681 175.53021943661085 330.34987068403711 4072.1858989499024 1929.709512155541 1300.1378803345544 70.764201070834361 24.77359438785291 1140.7927087849123 33.168042659759521
leaf_count=2448 357 38 3765 23 977 785 161 9119 11467 404 1991 155 11112 6
internal_value=-4.86803e-06 0.00593359 -0.00150902 0.00116909 0.0069624 0.00837368 -0.00521493 -0.00229075 0.010161 -0.0081501 -0.0107487 -0.0122095 0.00134621 0.00837468
internal_weight=14219.8 2873.82 11346 6586.34 2462.69 2507.11 4759.67 4123.65 2306.81 3288.53 366.709 200.304 1471.14 103.932
internal_count=42808 16890 25918 13884 4742 14855 12034 9142 13915 761 2035 940 11273 1997
is_linear=0
shrinkage=0.0203443


Tree=51
num_leaves=15
num_cat=0
split_feature=0 12 20 12 8 14 0 15 4 4 4 4 8 0
split_gain=258.148 296.898 209.537 184.908 177.985 146.523 157.789 142.788 185.624 169.789 135.22 76.5047 56.7575 55.2722
threshold=948339.90625000012 53.174276351928718 0.005082065938040615 59.256948471069343 54.87335395812989 21.3209342956543 1078676.2500000002 0.0054365515243262061 0.011088034603744747 -0.011761255562305449 -0.014809332322329281 -0.0073093124665319911 94.602378845214858 760285.28125000012
decision_type=2 2 2 2 2 2 2 2 2 2 2 2 2 2
left_child=2 5 7 4 -3 10 -7 8 -1 -9 -2 -5 -4 -14
right_child=1 3 12 11 -6 6 -8 9 -10 -11 -12 -13 13 -15
leaf_value=-0.0006877417369169995 -0.01893086280322908 0.0034469512457194341 0.016330514602986027 -0.008309975391032641 0.013486387650679338 -0.0083516345691365765 0.005410486545336205 0.0038731928807805645 0.020284206292193446 -0.0065127980245531739 0.023177800661361887 0.0026000764867598115 0.015885889543600869 -0.017230188901090342
leaf_weight=1718.2521554787515 40.448074938506551 1349.4397854804993 296.97586835920811 340.08580393862894 1594.5448684692383 1449.564598083497 452.44485168476717 759.60683771921686 194.44807144115043 4576.6811516188445 143.69063862392684 1221.5745149814188 37.443709976351222 47.09878754617295
leaf_count=5310 119 176 129 2584 225 225 15783 2189 710 7879 737 5890 687 165
internal_value=-3.98013e-06 0.00294497 -0.0025515 0.00588289 0.0088846 -0.00340031 -0.00507793 -0.00332493 0.00144429 -0.00503437 0.0139281 0.000224159 0.0121438 -0.00256288
internal_weight=14222.3 6591.79 7630.51 4505.64 2943.98 2086.15 1902.01 7248.99 1912.7 5336.29 184.139 1561.66 381.518 84.5425
internal_count=42808 25739 17069 8875 401 16864 16008 16088 6020 10068 856 8474 981 852
is_linear=0
shrinkage=0.0203443


Tree=52
num_leaves=16
num_cat=0
split_feature=5 30 5 18 15 15 18 12 15 21 6 7 15 23 6
split_gain=270.535 119.413 173.815 103.478 95.4043 127.599 134.38 107.312 89.8633 167.636 89.2807 48.3756 2.57715 13.5992 0.0289731
threshold=57.534437179565437 23.888156890869144 39.186372756958015 -0.0041708569042384616 0.0045990676153451213 0.0058227383997291335 0.01449424307793379 53.174276351928718 0.0076169255189597615 -0.031973388046026223 -0.0014170235372148452 54.37275695800782 0.0041210937779396781 0.0032391749555245046 0.00067614665022119891
decision_type=2 2 2 2 2 2 2 2 2 2 2 2 2 2 2
left_child=1 2 3 -1 12 6 -6 -7 9 -3 -4 -10 13 -2 -14
right_child=4 8 10 -5 5 7 -8 -9 11 -11 -12 -13 14 -15 -16
leaf_value=0.0051391925014478458 0.037968724096761081 0.017950447392054373 0.0036052395951817473 0.035788270592251877 0.01446498414364223 0.0089225506764981991 -0.010711512673669977 -0.00035138217092090554 0.0076510365337517988 -0.016726864629231567 -0.0026174365474058671 -0.0054884460234393383 -0.019869431919689238 -0.018859146297726288 -0.020897352323282433
leaf_weight=1204.7497951012617 2.0493757574093445 64.526082640394407 1094.9273529156389 47.386889917824419 858.25627970103869 809.99914191471771 97.738817718243354 1424.8682784144116 159.80541318619271 545.25886354415388 7430.8324814255238 422.81074078817778 38.891411146835495 11.648452166706964 17.778390211397948
leaf_count=3710 763 129 4098 111 1014 3150 162 3881 1073 1284 21785 1210 149 119 170
internal_value=9.35532e-06 -0.00152001 -0.000778782 0.00629912 0.00515392 0.00567066 0.011891 0.00300983 -0.00759818 -0.0130574 -0.00181828 -0.00188439 -0.0182777 -0.0103553 -0.0201923
internal_weight=14231.5 10970.3 9777.9 1252.14 3261.23 3190.86 955.995 2234.87 1192.4 609.785 8525.76 582.616 70.3676 13.6978 56.6698
internal_count=42808 33400 29704 3821 9408 8207 1176 7031 3696 1413 25883 2283 1201 882 319
is_linear=0
shrinkage=0.0203443


Tree=53
num_leaves=15
num_cat=0
split_feature=10 18 17 5 14 30 22 7 30 15 11 22 7 22
split_gain=296.494 359.832 273.644 198.905 185.07 179.831 157.505 150.034 150.03 145.804 137.648 166.771 144.763 75.9768
threshold=54.266805648803718 -0.0037126305978745218 0.011746645439416172 53.722019195556648 40.169677734375007 20.91253757476807 0.073315750807523741 53.476491928100593 27.038242340087894 0.0079734111204743403 76.44535064697267 0.011978058610111477 78.066074371337905 0.050052732229232795
decision_type=2 2 2 2 2 2 2 2 2 2 2 2 2 2
left_child=2 4 3 5 6 -1 -2 13 -5 -6 11 -3 -12 -4
right_child=1 10 7 8 9 -7 -8 -9 -10 -11 12 -13 -14 -15
leaf_value=0.0085152046417934571 -0.0011063844834963074 0.0051236502230475808 -0.014112765846167398 0.016535510430801998 0.014599471664786626 -0.0065602574543558705 0.021443156536105616 -0.017206580053329531 -0.020608423788381666 0.002073908890956802 0.01024606832615132 -0.0074581980579908266 -0.0027552531412076463 0.029775816537887464
leaf_weight=948.47646232563557 2638.2504245080072 483.97533369403391 24.381768736385254 1017.4951043593418 827.01847199490828 500.21862047276477 134.75392458434908 291.07532405853271 47.090395797810629 719.11190010679559 449.1003693434061 4401.4735145779614 1682.0820695743512 49.404267715993285
leaf_count=7481 4600 84 1109 3575 1486 3746 287 43 53 1991 305 977 16188 883
internal_value=-5.38286e-06 -0.00148594 0.0058259 0.00821605 0.00313397 0.0033098 -1.05832e-05 -0.0106382 0.0148925 0.00877379 -0.00432977 -0.00621178 -1.54969e-05 0.015273
internal_weight=14213.9 11335.8 2878.14 2513.28 4319.13 1448.7 2773 364.861 1064.59 1546.13 7016.63 4885.45 2131.18 73.786
internal_count=42808 25918 16890 14855 8364 11227 4887 2035 3628 3477 17554 1061 16493 1992
is_linear=0
shrinkage=0.0203443


Tree=54
num_leaves=15
num_cat=0
split_feature=10 19 33 19 32 12 9 20 20 16 29 8 8 13
split_gain=242.375 130.564 363.374 230.653 197.123 179.49 159.504 149.837 82.3399 169.979 104.681 102.988 54.6621 6.17418
threshold=54.096012115478523 0.0056767934001982221 0.23363018035888675 -0.0056417889427393666 30.713985443115238 80.668933868408217 55.934913635253913 0.00020052593026775869 -0.00091421892284415651 4.6276254579424865e-05 0.00055990184773691009 53.967767715454109 52.308687210083015 6.5130751132965097
decision_type=2 2 2 2 2 2 2 2 2 2 2 2 2 2
left_child=8 3 5 7 -5 -3 -4 -2 12 11 -11 -10 13 -1
right_child=1 2 6 4 -6 -7 -8 -9 9 10 -12 -13 -14 -15
leaf_value=-0.0088096780162738864 -0.00069531482212112177 0.014767026746515574 -0.004526560954871319 -0.0059841699063663918 0.025053805386376849 0.00058681323795626422 0.006642885938702825 0.0062836136049545018 -0.0044054841701333079 -0.012629917798944398 0.0085640275587607288 0.025092586445048914 -0.018259943387210584 0.0033325185487061157
leaf_weight=24.385182818111502 3421.8264829413338 1289.8530638344737 1790.975410461426 2951.6290167744778 87.192555940443981 517.76457129421942 751.08943230855834 2027.8937089272868 87.568221916911398 594.37549719494791 115.14035758914099 111.18761825561523 386.08952856063843 59.932901237742044
leaf_count=4923 6799 351 200 4818 180 5510 4302 3926 3270 5308 1074 15 55 2077
internal_value=-4.45896e-06 0.000866031 0.00373213 -0.000602609 -0.00509359 0.0107053 -0.00122638 0.00190161 -0.00811045 -0.00453237 -0.00919053 0.0120962 -0.015019 -0.000178802
internal_weight=14216.9 12838.2 4349.68 8488.54 3038.82 1807.62 2542.06 5449.72 1378.68 908.272 709.516 198.756 470.408 84.3181
internal_count=42808 26086 10363 15723 4998 5861 4502 10725 16722 9667 6382 3285 7055 7000
is_linear=0
shrinkage=0.0203443


Tree=55
num_leaves=16
num_cat=0
split_feature=17 0 21 10 21 26 17 32 28 28 32 8 21 26 9
split_gain=237.216 143.09 124.103 176.692 87.2484 143.405 83.2658 81.7143 76.2292 71.4173 82.8138 19.3851 11.3573 10.1912 9.47885
threshold=0.0048252823762595662 924819.34375000012 0.08270664140582086 54.861875534057624 0.35070732235908514 0.0037260603858157997 0.0033514609094709162 28.440315246582035 10.284658432006838 8.8573145866394061 25.022279739379886 53.624652862548835 0.90950429439544689 0.020272368565201763 59.94032287597657
decision_type=2 2 2 2 2 2 2 2 2 2 2 2 2 2 2
left_child=1 4 3 -3 5 -1 -6 -4 9 10 -2 12 -10 -13 -11
right_child=8 2 7 -5 6 -7 -8 -9 11 14 -12 13 -14 -15 -16
leaf_value=0.014807267638535154 0.0047870252596987281 0.010557851339342159 -0.0044581150205565646 -0.0053868074235146526 -0.0034352135992762873 0.0014287162377295713 0.0056284413887071937 -0.015902938618196291 0.014438586946932071 0.035059037816695379 -0.019863181398208338 -0.020056879687603016 -0.0072679572221496097 -0.0060264155012557845 0.01731761426450687
leaf_weight=429.7913995733436 3754.5599866898433 557.10793358777335 4527.7886731904846 594.74662540459906 1844.270794869956 1451.7550870831653 543.03819913292432 273.8236326789347 16.071623506789816 32.510080686273007 57.269168243657987 66.106432185665369 26.305643546292334 31.71102043572337 20.224912370032023
leaf_count=1173 10696 2066 14369 980 6079 4413 1216 931 75 108 61 169 170 151 151
internal_value=1.03145e-05 -0.00163395 -0.00367214 0.00232499 0.00120857 0.00448472 -0.00137351 -0.00511079 0.00420737 0.00474198 0.00441667 -0.0105293 0.000963757 -0.0155086 0.0282553
internal_weight=14227.1 10222.3 5953.47 1151.85 4268.86 1881.55 2387.31 4801.61 4004.76 3864.56 3811.83 140.195 42.3773 97.8175 52.735
internal_count=42808 31227 18346 3046 12881 5586 7295 15300 11581 11016 10757 565 245 320 259
is_linear=0
shrinkage=0.0203443


Tree=56
num_leaves=15
num_cat=0
split_feature=10 18 24 25 24 24 7 32 10 24 8 30 9 21
split_gain=287.958 349.739 286.321 297.743 195.092 194.69 208.478 145.228 133.145 162.103 157.212 102.133 143.832 80.5363
threshold=54.266805648803718 -0.0037126305978745218 0.0027496205875650053 0.94425964355468761 0.0059375241398811349 0.0034638950601220135 53.925441741943366 30.421202659606937 77.062896728515639 0.0042720274068415174 78.107711791992202 15.584008216857912 54.08226394653321 0.31347510218620306
decision_type=2 2 2 2 2 2 2 2 2 2 2 2 2 2
left_child=5 2 3 -2 -4 11 7 -7 9 -3 -10 13 -13 -1
right_child=1 8 4 -5 -6 6 -8 -9 10 -11 -12 12 -14 -15
leaf_value=0.027802085962072311 0.024884330613752396 -0.0038425603817525984 -0.0025714986669807989 -0.0028598090918742843 0.007422459946787586 0.012610037450745867 -0.0034956211343628628 -0.012188952052853785 0.01044475184476914 -0.012149308035168026 -0.0029471520730232331 0.0062035944125696605 0.024224500974721962 -0.016873647093388407
leaf_weight=21.918847032092913 449.88373864645507 3529.9674964134756 2406.8931707835814 248.54611677740297 1217.3312290043659 800.38759251074805 1129.7917461395264 111.33437088286871 463.64132404530937 1342.0003364228332 1668.4122282773387 321.75275951193908 426.04748725891113 70.149297171876356
leaf_count=426 803 648 4075 540 2946 12155 152 847 207 531 16168 2334 40 936
internal_value=-5.86508e-06 -0.00146666 0.00308387 0.0150112 0.00078534 0.00573651 0.00234458 0.0095817 -0.00427511 -0.00613069 -3.49071e-05 0.0139814 0.0164708 -0.00623736
internal_weight=14208.1 11326.7 4322.65 698.43 3624.22 2881.38 2041.51 911.722 7004.02 4871.97 2132.05 839.868 747.8 92.0681
internal_count=42808 25918 8364 1343 7021 16890 13154 13002 17554 1179 16375 3736 2374 1362
is_linear=0
shrinkage=0.0203443


Tree=57
num_leaves=11
num_cat=0
split_feature=8 32 18 8 28 33 12 13 19 25
split_gain=148.963 111.715 217.692 235.282 124.949 105.641 96.6225 108.667 122.955 67.473
threshold=53.967767715454109 18.102351188659672 0.00010182358164456674 53.624652862548835 11.884997367858888 -1.1701905727386472 52.681442260742195 53.984251022338874 0.0056767934001982221 1.1169839501380923
decision_type=2 2 2 2 2 2 2 2 2 2
left_child=1 4 5 -4 9 -3 -2 -8 -9 -1
right_child=6 2 3 -5 -6 -7 7 8 -10 -11
leaf_value=-0.01405148100449639 0.018500838431860671 0.0083073438882749883 -0.0069585137767645966 0.029184288731370508 0.038206259402941284 -0.0069643009758165323 0.02061304115150691 -0.001135993248115515 0.0032030518809326933 -0.0026497863402448018
leaf_weight=705.75976776605216 129.2536940574646 223.56841046043223 126.13961858042217 182.26024484634399 22.202689646704584 1161.3002571349182 113.55537128448668 6713.2444644152465 4524.8812015835456 308.82966808774381
leaf_count=4002 24 1685 2996 19 97 6215 13 15475 10383 1899
internal_value=-5.39835e-06 -0.00427683 -0.00105652 0.0144013 -0.00953616 -0.00449888 0.00101031 0.000811153 0.000611063 -0.010581
internal_weight=14211 2730.06 1693.27 308.4 1036.79 1384.87 11480.9 11351.7 11238.1 1014.59
internal_count=42808 16913 10915 3015 5998 7900 25895 25871 25858 5901
is_linear=0
shrinkage=0.0203443


Tree=58
num_leaves=15
num_cat=0
split_feature=5 30 5 9 26 10 10 17 21 9 10 5 10 30
split_gain=253.477 115.257 166.748 135.625 95.6351 87.9923 206.445 104.178 82.5357 177.557 89.185 48.139 38.9501 26.234
threshold=57.534437179565437 23.888156890869144 39.186372756958015 54.08226394653321 0.0021825159201398496 69.752571105957045 55.264539718627937 0.0052144422661513099 -0.020153075456619259 54.86023139953614 55.901088714599616 58.021224975585945 83.085590362548842 19.99692535400391
decision_type=2 2 2 2 2 2 2 2 2 2 2 2 2 2
left_child=1 2 3 -1 -4 6 7 -2 9 -3 -10 12 -7 -13
right_child=5 8 4 -5 -6 11 -8 -9 10 -11 -12 13 -14 -15
leaf_value=-0.0075192194375892198 -0.016631960809456565 0.030669950041385598 0.018013801164849262 0.0094432531114084072 -0.0020009291742536148 0.031386477930699604 0.016152817184147007 0.0043820292636241034 -0.014360920347290097 -0.012569160517579427 -0.0020530695999072326 0.00076448197228982722 -0.0009952154088448662 -0.0071612189313463113
leaf_weight=241.60924118917319 103.65455817867451 69.233987581878139 99.985213147998365 1013.4057738691135 8412.1941777201719 32.851409435915372 706.63011360205928 1683.7560816304335 627.5345760900866 90.934534420114048 398.37350627820729 420.7796112536538 28.896495224003701 293.36029512998152
leaf_count=1709 177 176 1135 2112 24748 24 86 3337 1309 273 1938 2470 372 2942
internal_value=1.15389e-05 -0.00147238 -0.000745141 0.0061777 -0.00176583 0.00498223 0.00684366 0.00316338 -0.00746111 0.00612112 -0.00958164 -0.00100116 0.0162323 -0.00249127
internal_weight=14223.2 10953.3 9767.19 1255.02 8512.18 3269.93 2494.04 1787.41 1186.08 160.169 1025.91 775.888 61.7479 714.14
internal_count=42808 33400 29704 3821 25883 9408 3600 3514 3696 449 3247 5808 396 5412
is_linear=0
shrinkage=0.0203443


Tree=59
num_leaves=15
num_cat=0
split_feature=10 18 19 17 33 18 12 2 0 33 19 2 16 10
split_gain=277.596 338.896 413.691 262.824 261.876 219.456 188.46 183.349 193.421 165.068 134.925 85.7559 63.9315 48.0409
threshold=54.266805648803718 -0.0037126305978745218 0.0033426332520321016 0.011746645439416172 -1.2131476402282713 -0.0054634704720228902 51.357583999633796 32.500000000000007 812132.37500000012 0.58007979393005382 0.029077368788421157 43.500000000000007 -0.0067565683275461188 32.622514724731452
decision_type=2 2 2 2 2 2 2 2 2 2 2 2 2 2
left_child=3 2 5 4 12 -2 13 8 -3 -9 -6 -4 -1 -5
right_child=1 7 11 6 10 -7 -8 9 -10 -11 -12 -13 -14 -15
leaf_value=-0.017714402093852031 0.0030500878935610957 0.00111500973205401 -0.017713736808171884 -0.0041616091215372067 0.010811636472469908 0.01577468495658094 -0.01720457987268879 0.0069951967954412194 -0.0082142909178217829 -0.0056791573079139415 -0.01633715876677478 0.0057667079833371021 0.023093333366155818 0.034142232294720777
leaf_weight=185.37315462233713 3135.5384809524394 1188.5660136486717 432.27321553019499 20.025096323425259 2241.3251547629588 683.21630594351791 301.14084482192993 985.40535727001679 4067.5903134847445 748.25137777012515 78.416843754742786 75.642161284980489 17.379006007247852 41.921154975891113
leaf_count=1213 5908 6826 630 1984 11728 1067 45 5049 3342 2337 1351 759 563 6
internal_value=-6.15272e-06 -0.00144242 0.00303241 0.00562651 0.00795595 0.00532666 -0.0105568 -0.00421233 -0.00610467 0.0015249 0.00989389 -0.0142168 -0.0142164 0.0217596
internal_weight=14202.1 11316.5 4326.67 2885.58 2522.49 3818.75 363.087 6989.81 5256.16 1733.66 2319.74 507.915 202.752 61.9463
internal_count=42808 25918 8364 16890 14855 6975 2035 17554 10168 7386 13079 1389 1776 1990
is_linear=0
shrinkage=0.0203443


Tree=60
num_leaves=14
num_cat=0
split_feature=10 2 30 7 9 9 20 16 19 30 20 7 7
split_gain=229.503 206.971 195.449 215.285 177.158 125.666 80.9889 164.529 100.191 96.7181 79.3922 53.9626 4.41856
threshold=54.096012115478523 32.500000000000007 12.633187770843508 67.941825866699233 55.934913635253913 53.772626876831062 -0.00091421892284415651 4.6276254579424865e-05 0.0043121830094605693 15.584008216857912 -0.0020414312602952118 43.097715377807624 6.5223233699798593
decision_type=2 2 2 2 2 2 2 2 2 2 2 2 2
left_child=6 2 3 -2 -3 -4 11 8 -8 -9 -6 12 -1
right_child=1 4 5 -5 10 -7 7 9 -10 -11 -12 -13 -14
leaf_value=-0.006579861672214065 0.023017130964682168 -0.01243215141012189 -0.0061915766244416146 0.0010492221459765031 -0.0085511460961526214 0.0020060779107354391 0.0011660149798196759 0.015612297078746024 0.031264116483841628 -0.011314188594657347 0.00206101535767879 -0.018079335627819989 0.0032723574385733287
leaf_weight=28.514669915717946 373.18044376373587 795.54351425171012 847.59063386916932 365.4598445132458 390.28810095467702 8911.3956091157852 127.73939885102551 60.404201641711211 71.342455775918538 642.28250925651423 1156.0435113957737 381.13828897476196 55.534955095616169
leaf_count=4954 40 67 134 1224 2157 14654 2188 1559 1097 4823 7810 55 2046
internal_value=-5.91889e-06 0.000837799 0.0020578 0.012148 -0.00463095 0.00129409 -0.00793078 -0.00437405 0.011952 -0.00899951 -0.000617439 -0.0148254 -6.98447e-05
internal_weight=14206.5 12839.5 10497.6 738.64 2341.88 9758.99 1366.96 901.769 199.082 702.687 1546.33 465.188 84.0496
internal_count=42808 26086 16052 1264 10034 14788 16722 9667 3285 6382 9967 7055 7000
is_linear=0
shrinkage=0.0203443


Tree=61
num_leaves=16
num_cat=0
split_feature=17 0 6 22 15 29 28 26 26 15 32 28 4 22 2
split_gain=223.342 138.167 157.051 121.123 115.997 114.446 226.606 97.8434 82.7873 120.891 98.9243 75.4477 65.3614 55.7517 49.1314
threshold=0.0048252823762595662 924819.34375000012 0.00061411250499077152 0.012507713865488769 0.0058227383997291335 1.2443427294783762e-05 4.5613691806793222 0.0055181167554110297 0.0026477031642571096 0.0036043744767084722 24.756708145141605 10.284658432006838 0.0044296327978372583 0.027805344201624397 24.500000000000004
decision_type=2 2 2 2 2 2 2 2 2 2 2 2 2 2 2
left_child=1 8 3 -3 5 12 -7 13 9 -1 -10 -9 -2 -6 -4
right_child=4 2 14 -5 7 6 -8 11 10 -11 -12 -13 -14 -15 -16
leaf_value=-0.019522071590205962 0.023941784767581034 -0.015561457314871898 -0.013988222610621284 -0.0015277373977789939 0.002411738258555225 -0.0078679250870667562 0.023874451011924005 0.0051497540485854372 -0.0014348772702417461 0.0188132747140855 0.0057664352631622935 -0.0103098957913148 0.0057405058792267391 -0.0089349388861435352 -0.00034930664947083222
leaf_weight=40.668735447719484 284.59517013443985 268.66162460789019 693.60981541787703 4845.7073732894705 309.09283239424855 262.56935716598753 144.20918195972837 2333.3197647836068 2938.4725335667958 209.10092970676254 1079.5998594983762 138.40681340092851 114.52275403447464 426.58063310764368 129.77300672985268
leaf_count=993 218 1186 1327 14082 665 678 409 7993 7346 1056 3486 480 166 972 1751
internal_value=1.32744e-05 -0.00158565 -0.00359252 -0.00226494 0.00407925 0.0109793 0.00338518 0.00234552 0.00120647 0.0125712 0.000500009 0.00428407 0.0187192 -0.00416761 -0.0118386
internal_weight=14218.9 10205.6 5937.75 5114.37 4013.3 805.896 406.779 3207.4 4267.84 249.77 4018.07 2471.73 399.118 735.673 823.383
internal_count=42808 31227 18346 15268 11581 1471 1087 10110 12881 2049 10832 8473 384 1637 3078
is_linear=0
shrinkage=0.0203443


Tree=62
num_leaves=15
num_cat=0
split_feature=10 17 5 19 5 2 5 12 30 30 30 7 15 7
split_gain=268.951 254.015 218.874 212.692 226.369 212.021 189.388 183.549 166.634 144.223 133.162 166.986 153.798 46.1614
threshold=54.266805648803718 0.011746645439416172 54.216623306274421 0.0033426332520321016 44.730855941772468 10.500000000000002 53.722019195556648 51.357583999633796 20.91253757476807 27.038242340087894 13.637108325958254 75.441631317138686 0.0065221188124269256 43.097715377807624
decision_type=2 2 2 2 2 2 2 2 2 2 2 2 2 2
left_child=1 6 3 5 -5 -2 8 13 -1 -8 12 -12 -4 -3
right_child=2 7 10 4 -6 -7 9 -9 -10 -11 11 -13 -14 -15
leaf_value=0.0080002214982956513 -0.0047429175200616042 -0.0041083726283176851 0.012027671408355116 -0.015176177833553146 -0.00050666939179128741 0.0045072238692408645 0.015890510481134774 -0.017059621899209582 -0.0065102302968097544 -0.020559814372577666 -0.010666947361838925 -0.00034960629057730801 -0.011475808753636411 0.033413395196436657
leaf_weight=955.99487879007074 1325.9421090208225 19.997737439163302 334.3760599037106 646.98690024753682 1331.2264421955908 4527.3469863364098 1026.3209302478569 298.57352876663208 498.29200052934607 46.984502060998693 2004.167936812144 960.4337834579851 175.82390474102101 42.217952728271484
leaf_count=7481 1496 1984 554 1676 3996 9649 3575 45 3746 53 460 7645 442 6
internal_value=-7.37166e-06 0.00553315 -0.00142279 0.000462694 -0.00530443 0.00241179 0.00781254 -0.0104356 0.00302839 0.0142949 -0.0056723 -0.00732447 0.00392791 0.0213526
internal_weight=14194.7 2888.38 11306.3 7831.5 1978.21 5853.29 2527.59 360.789 1454.29 1073.31 3474.8 2964.6 510.2 62.2157
internal_count=42808 16890 25918 16817 5672 11145 14855 2035 11227 3628 9101 8105 996 1990
is_linear=0
shrinkage=0.0203443


Tree=63
num_leaves=12
num_cat=0
split_feature=0 10 10 2 29 2 9 30 31 11 29
split_gain=243.833 292.367 277.217 239.617 260.079 184.296 213.356 210.018 164.074 87.3899 77.7432
threshold=948339.90625000012 54.534118652343757 54.096012115478523 10.500000000000002 -0.00021979679149808359 8.5000000000000018 59.94032287597657 22.730895042419437 32.327220916748054 55.313636779785163 0.00060449319425970327
decision_type=2 2 2 2 2 2 2 2 2 2 2
left_child=1 -1 9 4 -3 7 -7 -4 -5 10 -2
right_child=2 3 5 8 -6 6 -8 -9 -10 -11 -12
leaf_value=-0.012506747495182878 -0.011492034830148474 -0.010821514269966201 -0.010683965992263926 -0.0025757041737606234 0.020776806669344627 0.0096193790857096173 0.00033844484938853496 0.0094404815650090054 0.019929880604851347 0.0059002936922811734 0.0053306245717466873
leaf_weight=1040.5574402809134 782.28981962938951 148.76472019982594 600.46645641504108 5890.926968773646 391.6196846262539 2982.8386049270639 1562.1029031340431 334.02822494615305 137.19714237092285 196.67536163330078 133.03374855040465
leaf_count=137 14928 464 262 14920 1030 419 8254 115 518 30 1731
internal_value=-6.11806e-06 -0.00248732 0.00285815 -0.000900081 0.0120779 0.00473767 0.00642951 -0.00349061 -0.00206348 -0.0064033 -0.00904699
internal_weight=14200.5 7609.07 6591.44 6568.51 540.384 5479.44 4544.94 934.495 6028.12 1112 915.324
internal_count=42808 17069 25739 16932 1494 9050 8673 377 15438 16689 16659
is_linear=0
shrinkage=0.0203443


Tree=64
num_leaves=15
num_cat=0
split_feature=5 24 24 16 12 5 6 10 5 24 24 10 29 9
split_gain=237.733 121.887 112.587 165.124 121.694 88.8331 165.12 148.184 141.086 101.09 53.4109 32.2646 26.0708 0.186054
threshold=57.534437179565437 0.001832783571444452 0.003804262494668365 0.0035081940004602079 53.174276351928718 51.481073379516609 0.0012156090815551581 54.266805648803718 50.652799606323249 0.0054234236013144263 0.0049311071634292611 96.913566589355483 -0.00010143238614546134 55.934913635253913
decision_type=2 2 2 2 2 2 2 2 2 2 2 2 2 2
left_child=5 12 3 -3 -4 6 8 10 -1 -9 -7 -8 -2 -14
right_child=1 2 4 -5 -6 7 11 9 -10 -11 -12 -13 13 -15
leaf_value=-0.00026014420942214837 0.0077778967270012165 0.018164492153470178 0.009002176655389901 0.0041441212587991685 -0.0021866862263640735 -0.018286301940823039 -0.017545690569340636 -0.0046422741561788173 0.011852485290197274 0.0037891057372648799 -0.0055561018209132973 -0.00015805075763094701 -0.020313938046033948 -0.01852830978386007
leaf_weight=6736.2890329543752 16.890408511304514 579.11670220327903 646.68285677696372 869.99867163284978 1064.7857204241759 362.23959190413399 261.31671661022796 2057.3500649901807 423.00433161053661 824.42162270871813 218.81688873642696 53.15849487531392 57.192676272848345 42.630579838223795
leaf_count=21099 59 1119 2615 1759 3233 1759 731 4319 1291 1710 1956 535 83 540
internal_value=1.39759e-05 0.00482032 0.00557428 0.00974716 0.00204104 -0.00142631 -0.000178245 -0.00411998 0.000455523 -0.0022302 -0.0134923 -0.0146066 -0.0155964 -0.0195516
internal_weight=14213.9 3277.3 3160.58 1449.12 1711.47 10936.6 7473.77 3462.83 7159.29 2881.77 581.056 314.475 116.714 99.8233
internal_count=42808 9408 8726 2878 5848 33400 23656 9744 22390 6029 3715 1266 682 623
is_linear=0
shrinkage=0.0203443


Tree=65
num_leaves=13
num_cat=0
split_feature=10 18 19 24 24 7 5 7 32 0 19 7
split_gain=258.197 323.341 393.962 424.079 182.577 194.297 163.693 128.194 177.116 97.3297 93.9607 74.6036
threshold=54.266805648803718 -0.0037126305978745218 0.0033426332520321016 0.0027496205875650053 0.0034638950601220135 53.925441741943366 34.293077468872077 54.876924514770515 18.483899116516117 948339.90625000012 0.016805780120193962 81.787750244140639
decision_type=2 2 2 2 2 2 2 2 2 2 2 2
left_child=4 2 3 -2 9 6 -6 -3 -9 -1 -11 -4
right_child=1 7 11 -5 5 -7 -8 8 -10 10 -12 -13
leaf_value=0.02356711239512695 0.02104437664189843 -0.010282519542658072 -0.01832534085092305 0.002298833728521145 -0.016121641572359 -0.0035242934079359974 0.012011844512815412 -0.0063129708548160419 0.00079909492675934567 0.011190662174935443 -0.018162823463127493 0.00015958543921244686
leaf_weight=265.49907398224127 590.62254999565084 1160.864768743515 383.95568228209243 3237.739866804854 95.550688206792302 1128.6341485977173 821.86133681847241 2999.4649807189408 2804.2288917000587 531.62563374475326 49.322018466104737 118.17964171013261
leaf_count=25 1172 162 133 5803 816 152 12186 9511 7881 3333 378 1256
internal_value=-7.87659e-06 -0.00139674 0.0029685 0.00519082 0.00541555 0.00212798 0.00908165 -0.004111 -0.00287656 0.0133623 0.00869853 -0.0139748
internal_weight=14187.5 11295.1 4330.5 3828.36 2892.49 2046.05 917.412 6964.56 5803.69 846.447 580.948 502.135
internal_count=42808 25918 8364 6975 16890 13154 13002 17554 17392 3736 3711 1389
is_linear=0
shrinkage=0.0203443


Tree=66
num_leaves=16
num_cat=0
split_feature=0 9 9 32 7 15 0 18 32 15 26 22 15 15 4
split_gain=236.726 245.933 205.419 165.099 159.398 172.512 232.749 175.105 134.927 116.763 112.521 103.231 95.5326 92.388 88.6872
threshold=948339.90625000012 54.383430480957038 59.94032287597657 16.890583038330082 56.046705245971687 0.0064503194298595199 911094.25000000012 0.00010182358164456674 14.017372608184816 0.011099109891802074 0.0051359550561755904 0.015500763431191446 0.00387254694942385 0.0091451103799045103 -0.0073093124665319911
decision_type=2 2 2 2 2 2 2 2 2 2 2 2 2 2 2
left_child=4 3 9 10 5 6 -1 -7 11 -3 -2 -6 -10 -5 -4
right_child=1 2 14 13 8 7 -8 -9 12 -11 -12 -13 -14 -15 -16
leaf_value=-0.0085571117022217435 -0.017893745363273161 0.012570164523550404 -0.0089490124906403332 0.0067530268209851901 0.03076555898956183 -0.016942031533690002 0.0044627333767086139 -0.0036766297599066309 0.015680113221266747 0.0023800018747877909 -0.0037384446005553906 0.0061823439237162318 -0.0015489041692875142 -0.0032589697841366159 0.0028576998346089288
leaf_weight=1075.7080516815172 329.8061179872044 1730.1053671836853 335.25391058399623 866.3560919663729 89.855753813377078 824.92216157913208 1204.7104640007019 822.51484727859497 139.16318755759403 636.67980647087097 787.18695043394212 331.6657839514321 3110.7072167696874 681.58000885295462 1227.3108039762253
leaf_count=89 893 215 2583 5229 670 101 129 103 1910 128 3722 1346 12721 7079 5890
internal_value=-6.66992e-06 0.00281381 0.00604938 -0.00195693 -0.00245415 -0.0053028 -0.00167892 -0.010319 0.000593471 0.00982896 -0.00791799 0.0114228 -0.000811131 0.00234458 0.000324513
internal_weight=14193.5 6594.28 3929.35 2664.93 7599.25 3927.86 2280.42 1647.44 3671.39 2366.79 1116.99 421.522 3249.87 1547.94 1562.56
internal_count=42808 25739 8816 16923 17069 422 218 204 16647 343 4615 2016 14631 12308 8473
is_linear=0
shrinkage=0.0203443


Tree=67
num_leaves=16
num_cat=0
split_feature=17 0 6 22 15 18 14 28 14 6 15 15 20 2 23
split_gain=208.168 131.918 151.72 118.175 108.841 123.733 96.2916 100.772 94.6898 93.4525 86.2583 98.7079 60.6855 48.1315 15.9591
threshold=0.0048252823762595662 924819.34375000012 0.00061411250499077152 0.012507713865488769 0.0058227383997291335 0.01449424307793379 33.423566818237312 -5.981064796447753 53.36071968078614 0.0016133273020386698 0.0062683848664164552 0.0066242984030395755 0.0021599251776933674 24.500000000000004 0.0030508324271067981
decision_type=2 2 2 2 2 2 2 2 2 2 2 2 2 2 2
left_child=1 6 3 -3 5 8 7 -1 -2 -8 12 -12 -6 -4 -7
right_child=4 2 13 -5 10 14 9 -9 -10 -11 11 -13 -14 -15 -16
leaf_value=-0.013200047071328581 -0.012674732273588667 -0.015392430199195593 -0.013788741128062963 -0.0014689968778242857 -0.020081389398558715 -0.019185672339224111 -0.0015091312776485215 0.0080166118262783199 0.015653235707633689 0.014386762636410757 0.017534725426212098 0.002390222602964683 -0.0015631171935557471 -0.00026511291279725788 -0.002757965306477257
leaf_weight=101.47117783445242 52.748067512628836 266.18607848979809 686.53157833271382 4837.0386151442617 107.72527527848646 48.164547368642246 2938.5694308553989 1066.4186566113597 658.73814014043489 161.4886594800123 190.78472542158761 2684.9395844024839 228.83411406460905 129.47099565370024 49.773384133333963
leaf_count=304 154 1186 1327 14082 126 95 9636 2679 1127 262 373 9284 327 1751 95
internal_value=1.53416e-05 -0.00153187 -0.00349769 -0.00219525 0.0039345 0.0106019 0.00119454 0.0061732 0.013553 -0.000681073 0.00225446 0.00339497 -0.00749048 -0.011643 -0.0108371
internal_weight=14208.9 10187.2 5919.23 5103.22 4021.71 809.424 4267.95 1167.89 711.486 3100.06 3212.28 2875.72 336.559 816.003 97.9379
internal_count=42808 31227 18346 15268 11581 1471 12881 2983 1281 9898 10110 9657 453 3078 190
is_linear=0
shrinkage=0.0203443


Tree=68
num_leaves=15
num_cat=0
split_feature=10 17 32 12 32 9 17 5 9 31 16 12 32 10
split_gain=248.059 243.149 236.899 202.589 190.764 177.368 164.616 203.913 137.246 133.854 105.337 76.9099 67.0853 44.2576
threshold=54.266805648803718 0.011746645439416172 19.527277946472172 74.775482177734389 30.421202659606937 52.799509048461921 0.0044433469884097585 55.761287689208991 55.432725906372077 15.648900508880617 -0.0067565683275461188 77.165615081787124 19.851618766784672 32.622514724731452
decision_type=2 2 2 2 2 2 2 2 2 2 2 2 2 2
left_child=1 4 3 8 9 13 7 -4 -2 -1 -6 -5 -8 -3
right_child=2 5 6 11 10 -7 12 -9 -10 -11 -12 -13 -14 -15
leaf_value=0.022959076980263109 -0.0036773342235703094 -0.0041914705966630359 0.0015705137908001599 0.010342769366616218 -0.017508865505515149 -0.016944544628966128 0.0087264866427537845 0.030355467046194975 -0.012035019105410574 0.0074213087329687852 0.0271294986585634 -0.0010040467416250972 -0.012715870050932871 0.032474557658927587
leaf_weight=257.88348411455763 1702.8970708846996 20.036265933594223 5957.9147305930273 316.95880806946002 170.5058123554725 296.29868364334106 69.708121243883909 103.63128663901625 1556.6249027393364 2083.4752219081415 25.10094908958601 1124.0335864051951 451.75536962971495 42.576950550079346
leaf_count=3032 241 1984 12647 198 785 45 118 151 469 10883 155 11126 968 6
internal_value=-8.69546e-06 0.00530289 -0.0013719 -0.00486043 0.00752021 -0.0103701 0.00111904 0.00206264 -0.00766866 0.00913269 -0.0117806 0.00149177 -0.00984946 0.0207411
internal_weight=14179.4 2895.88 11283.5 4700.51 2536.97 358.912 6583.01 6061.55 3259.52 2341.36 195.607 1440.99 521.463 62.6132
internal_count=42808 16890 25918 12034 14855 2035 13884 12798 710 13915 940 11324 1086 1990
is_linear=0
shrinkage=0.0203443


Tree=69
num_leaves=13
num_cat=0
split_feature=0 10 21 2 32 29 10 21 12 32 32 21
split_gain=228.462 281.251 260.651 232.63 262.906 248.646 124.461 149.891 114.356 100.167 93.7677 60.2643
threshold=948339.90625000012 54.534118652343757 0.78073960542678844 10.500000000000002 18.43991851806641 -0.00021979679149808359 54.096012115478523 0.72714367508888256 53.174276351928718 17.4832878112793 21.465625762939457 1.0932331681251528
decision_type=2 2 2 2 2 2 2 2 2 2 2 2
left_child=1 -1 6 5 -5 -3 10 -8 11 -10 -2 -4
right_child=2 3 8 4 -6 -7 7 -9 9 -11 -12 -13
leaf_value=-0.012299919467291202 0.0037771994704429031 -0.010609928826809049 -0.013543036971835331 0.003354137835343992 -0.0053822364648435103 0.020343135613332911 0.0049943293596598397 0.020327819906568203 -0.0037495741827426373 0.015250727915740236 -0.011855093270412623 0.0037544633158489867
leaf_weight=1029.5718269348145 333.29089544540733 147.66054975558927 589.99388324769734 2320.9919948515849 3695.985965442715 394.08781569827806 4379.962288122586 280.78096411205661 461.04579764791458 152.93303415722517 303.3774992042259 97.079632792064217
leaf_count=137 6317 464 3134 6092 9346 1030 6380 524 1608 493 6713 570
internal_value=-6.92696e-06 -0.00241439 0.00276167 -0.000862577 -0.00201226 0.0119064 0.00476553 0.00591808 -0.00539732 0.000983084 -0.00367168 -0.011099
internal_weight=14186.8 7588.3 6598.46 6558.73 6016.98 541.748 5297.41 4660.74 1301.05 613.979 636.668 687.074
internal_count=42808 17069 25739 16932 15438 1494 19934 6904 5805 2101 13030 3704
is_linear=0
shrinkage=0.0203443


Tree=70
num_leaves=16
num_cat=0
split_feature=17 0 21 31 15 18 14 32 14 3 15 15 3 32 27
split_gain=199.714 126.647 116.939 155.97 105.256 119.672 93.3168 105.686 92.1372 85.7564 83.6438 95.2493 82.7953 80.7412 15.673
threshold=0.0048252823762595662 924819.34375000012 0.08270664140582086 17.510307312011722 0.0058227383997291335 0.01449424307793379 33.423566818237312 18.869550704956058 53.36071968078614 -0.0019435633439570663 0.0062683848664164552 0.0066242984030395755 0.002573173376731575 28.440315246582035 0.0030508324271067981
decision_type=2 2 2 2 2 2 2 2 2 2 2 2 2 2 2
left_child=1 6 3 -3 5 8 7 -1 -2 -8 12 -12 -6 -4 -7
right_child=4 2 13 -5 10 14 9 -9 -10 -11 11 -13 -14 -15 -16
leaf_value=0.020435611276524154 -0.012612390486883543 -0.0003445679672662236 -0.0041877002754032626 0.022911230548204032 -0.012647390320377006 -0.019041457699449531 0.0045340455409077062 0.0034619747205522212 0.015352101517475904 -0.0028761435255751327 0.017169973846372956 0.0023309877708806086 0.012084398226495093 -0.015639857317038871 -0.0027322492444671232
leaf_weight=179.29978455457467 52.648208012683085 1013.9556624827582 4487.2141317003316 135.28805693279185 264.62744860160961 47.857418002961083 918.62916506607053 991.0430537816419 661.01995879938033 2181.1509139842869 191.81289643694936 2687.9652614895963 71.070981436844647 270.14692695031226 49.737274741303338
leaf_count=227 154 2584 14369 462 315 95 3161 2756 1127 6737 373 9284 138 931 95
internal_value=1.61099e-05 -0.00150137 -0.00343107 0.00239307 0.00385122 0.0103996 0.00116786 0.0060624 0.0132891 -0.000680105 0.00219907 0.00331937 -0.00741134 -0.00483802 -0.01073
internal_weight=14203.5 10176.7 5906.6 1149.24 4026.74 811.263 4270.12 1170.34 713.668 3099.78 3215.48 2879.78 335.698 4757.36 97.5947
internal_count=42808 31227 18346 3046 11581 1471 12881 2983 1281 9898 10110 9657 453 15300 190
is_linear=0
shrinkage=0.0203443


Tree=71
num_leaves=15
num_cat=0
split_feature=8 14 24 9 9 33 16 22 24 22 8 9 24 33
split_gain=217.231 209.673 180.189 276.951 170.544 167.986 186.267 167.224 156.331 155.107 122.443 67.8213 56.6151 15.6945
threshold=53.967767715454109 59.975877761840827 0.0044052521698176869 55.934913635253913 59.94032287597657 -1.1078864336013792 -0.0025140468496829267 0.016857307404279712 0.0026299548335373406 0.071381159126758589 54.87335395812989 68.35730361938478 0.0027779797092080121 -1.3515228629112241
decision_type=2 2 2 2 2 2 2 2 2 2 2 2 2 2
left_child=5 2 3 -2 10 12 7 -7 -8 -4 -3 -6 -1 -14
right_child=1 4 9 -5 11 6 8 -9 -10 -11 -12 -13 13 -15
leaf_value=0.029027254892127256 0.0070244502959731676 -0.0033813220327489372 -0.0045470154677288233 -0.0025796098806970462 0.021939770965150325 -0.011133360220727393 0.016601919376944173 0.020450842312567333 0.0011016368683239841 0.014267292668988237 -0.013708761657832719 -0.00060248942181259689 -0.017178661248762377 -0.0052546715225091842
leaf_weight=13.531299769560176 2819.1437449455252 810.55575966835136 2975.5390726584678 2222.4326597742083 58.366625787920611 79.873805386061008 318.38560490478699 528.14272780886415 1747.2726481958096 193.13173804610096 1148.3273181915283 1031.3894556184 162.00881629879169 63.639206102065572
leaf_count=112 304 112 7948 9336 66 376 1325 3719 9329 438 131 7560 1168 884
internal_value=-9.21013e-06 -0.00129038 0.000401395 0.00279077 -0.00584647 0.0049428 0.00640407 0.0163017 0.00349075 -0.00340027 -0.00943544 0.00060484 -0.011392 -0.0138159
internal_weight=14171.7 11258.9 8210.25 5041.58 3048.64 2912.85 2673.67 608.017 2065.66 3168.67 1958.88 1089.76 239.179 225.648
internal_count=42808 25895 18026 9640 7869 16913 14749 4095 10654 8386 243 7626 2164 2052
is_linear=0
shrinkage=0.0203443


Tree=72
num_leaves=15
num_cat=0
split_feature=10 15 24 5 24 15 11 28 33 11 24 10 31 33
split_gain=204.755 133.045 101.607 247.069 80.0496 177.135 124.604 74.6512 74.1974 190.925 52.0907 33.1465 2.84952 0.993947
threshold=54.096012115478523 0.0068208714947104463 0.001616371679119766 46.195577621459968 0.0037342658033594493 0.0065920280758291492 56.651367187500007 4.8263008594512948 0.031806936487555511 55.313636779785163 0.0038515659980475907 32.622514724731452 17.465813636779789 -0.97225773334503163
decision_type=2 2 2 2 2 2 2 2 2 2 2 2 2 2
left_child=1 11 3 13 6 -6 -4 -5 10 -10 -3 12 -1 -2
right_child=2 8 4 7 5 -7 -8 -9 9 -11 -12 -13 -14 -15
leaf_value=-0.0073410755635657755 -0.015542194359619775 0.0065448317612783417 -0.0035896095700705807 0.029519257633942041 0.010367340419283846 0.00072225649758723585 0.0028923251610927059 -0.020388605556493883 -0.0026989795598343913 0.034892478128717229 -0.013830577692207385 -0.01835771388340553 0.004730520027578353 -0.020434894958858401
leaf_weight=11.411488240130565 28.458489339294204 63.05705774889833 3538.2797303199818 171.44899691301003 901.60002064196397 6260.1378977326722 1879.474387318593 13.371659054196526 475.95965378051687 63.365278244018555 294.31431647294465 407.3282732963562 27.82990514608467 43.60223066048394
leaf_count=1066 106 1228 384 1256 1674 12979 9271 125 6693 9 5783 44 1899 291
internal_value=-7.22732e-06 -0.00756456 0.00078361 0.0134499 0.000524954 0.00193649 -0.00134096 0.0259083 -0.00304613 0.0017176 -0.0102353 -0.0166374 0.00121951 -0.018503
internal_weight=14179.6 1343.27 12836.4 256.881 12579.5 7161.74 5417.75 184.821 896.696 539.325 357.371 446.57 39.2414 72.0607
internal_count=42808 16722 26086 1778 24308 14653 9655 1381 13713 6702 7011 3009 2965 397
is_linear=0
shrinkage=0.0203443


Tree=73
num_leaves=16
num_cat=0
split_feature=5 19 11 32 2 2 2 32 17 5 19 18 2 17 22
split_gain=214.319 111.677 268.036 173.531 98.6159 144.233 154.176 117.176 90.0443 89.437 87.2651 242.162 74.1331 50.3911 10.0738
threshold=57.534437179565437 0.0083452071994543093 56.651367187500007 18.869550704956058 14.500000000000002 35.500000000000007 39.500000000000007 18.047274589538578 0.0050300834700465211 63.642076492309577 -0.0031893322011455889 0.0020370454294607048 8.5000000000000018 0.0056679844856262216 0.033195096999406822
decision_type=2 2 2 2 2 2 2 2 2 2 2 2 2 2 2
left_child=1 10 13 -4 7 8 -7 9 -6 -2 12 -12 -1 -3 -9
right_child=4 2 3 -5 5 6 -8 14 -10 -11 11 -13 -14 -15 -16
leaf_value=0.0037504399947373831 0.014604255630314263 -0.015636286361691912 0.0090991282651659445 -0.0058975985723079844 -0.020046422418082899 0.021419679877657777 0.00013253776751602112 -0.021088112267647292 -7.4668687561528529e-05 0.0022864942846892002 0.0058396111366372759 -0.0079831101375973396 -0.0027112614423369973 0.010982854083776646 -0.0049802020846526013
leaf_weight=861.35208181998496 785.7682982132369 790.83972843834681 534.55618736592555 793.2604089129743 100.05453106736809 278.70412959402648 284.64762281382508 49.07292888611827 1412.3712554502488 353.84064117147727 2207.0863016808435 688.12402793970432 5004.0593075284742 30.571156884169341 23.899643215824845
leaf_count=1004 813 2741 1966 3605 584 330 3343 118 3526 496 3971 1811 17877 425 198
internal_value=1.6968e-05 -0.00135529 -0.00551098 0.00013981 0.00456976 0.00187701 0.0106639 0.00917935 -0.00139591 0.0107797 -0.000335785 0.00255426 -0.00176234 -0.0146456 -0.0158128
internal_weight=14198.2 10909.8 2149.23 1327.82 3288.36 2075.78 563.352 1212.58 1512.43 1139.61 8760.62 2895.21 5865.41 821.411 72.9726
internal_count=42808 33400 8737 5571 9408 7783 3673 1625 4110 1309 24663 5782 18881 3166 316
is_linear=0
shrinkage=0.0203443


Tree=74
num_leaves=12
num_cat=0
split_feature=10 20 2 2 0 2 2 11 7 8 13
split_gain=233.913 200.382 216.199 304.574 116.345 169.06 154.501 126.822 108.345 105.426 70.9428
threshold=54.266805648803718 0.002330009476281703 6.5000000000000009 10.500000000000002 967193.28125000012 11.500000000000002 10.500000000000002 55.313636779785163 77.180961608886733 78.107711791992202 56.053251266479499
decision_type=2 2 2 2 2 2 2 2 2 2 2
left_child=4 2 -2 -4 -1 6 -6 -7 10 -10 -3
right_child=1 8 3 -5 5 7 -8 -9 9 -11 -12
leaf_value=0.0096073630437107458 0.027279137005037847 -0.006043408897044922 -0.0087886481792081271 0.0014888117060795109 0.0032573843106639029 0.00086418861999418078 0.025111780527419084 -0.015590340615596776 0.017412680663355669 -0.0032635016112630196 -0.014572618763696418
leaf_weight=1317.9410986900316 119.87031083500369 1066.1412634849551 1433.7731148371367 7120.5088253976355 519.23575563523968 594.97075055160906 180.40742571997691 287.57499694824219 117.98790216582972 756.5111975975243 649.54047585503918
leaf_count=154 137 150 1510 17871 1462 14727 510 37 65 5861 324
internal_value=-9.77182e-06 -0.00133633 0.000146427 -0.000233779 0.00514269 0.00142366 0.00889271 -0.00449745 -0.00630189 -0.000473834 -0.0092725
internal_weight=14164.5 11264.3 8674.15 8554.28 2900.13 1582.19 699.643 882.546 2590.18 874.499 1715.68
internal_count=42808 25918 19518 19381 16890 16736 1972 14764 6400 5926 474
is_linear=0
shrinkage=0.0203443


Tree=75
num_leaves=15
num_cat=0
split_feature=0 9 9 24 20 24 16 32 24 19 26 9 32 32
split_gain=220.614 225.304 198.62 219.191 193.33 228.456 358.986 158.56 155.287 115.415 111.267 86.7377 71.2717 78.6253
threshold=948339.90625000012 54.383430480957038 59.94032287597657 0.0067835859954357156 0.005082065938040615 0.0020834923489019279 -0.0013821033644489942 16.890583038330082 0.0045893702190369376 -0.044771080836653702 0.0063158527482301005 68.35730361938478 11.218673229217531 12.158815860748293
decision_type=2 2 2 2 2 2 2 2 2 2 2 2 2 2
left_child=4 7 3 -3 5 6 -1 10 -7 -9 -2 -4 -6 -14
right_child=1 2 11 -5 12 8 -8 9 -10 -11 -12 -13 13 -15
leaf_value=-0.012251373853432826 -0.014572520844710701 0.013197753275264075 -0.013069614008274 -0.00081837115665845533 -0.010646430346703309 -0.0065983203092599653 0.015139859156079719 -0.011413208319307019 0.00039101994632833052 0.0045837273080870872 -0.0016549208026791547 0.0019016334549741595 0.035773998243894004 0.010387796226901847
leaf_weight=290.95909646990867 522.43888537881583 1750.5365653038025 181.08638430164365 627.27742481231689 51.281233423542517 4403.2657035856791 620.07232439518475 217.1803108915924 1876.3125130239268 1328.7885040960798 585.06112602198925 1386.6335579051297 62.058956981101744 271.03476127467803
leaf_count=594 1474 231 169 112 155 7770 2644 1962 5080 10346 3141 8304 77 749
internal_value=-8.26808e-06 0.00271109 0.00579387 0.00950023 -0.00237726 -0.00312871 0.00639181 -0.0018728 -0.00450993 0.00233644 -0.00774854 0.000172299 0.0116802 0.0151176
internal_weight=14174 6599 3945.53 2377.81 7574.98 7190.61 911.031 2653.47 6279.58 1545.97 1107.5 1567.72 384.375 333.094
internal_count=42808 25739 8816 343 17069 16088 3238 16923 12850 12308 4615 8473 981 826
is_linear=0
shrinkage=0.0203443


Tree=76
num_leaves=16
num_cat=0
split_feature=17 15 25 11 6 30 30 14 8 8 15 15 3 17 19
split_gain=188.616 99.5178 119.076 125.026 98.8229 86.0405 86.468 83.8557 90.5285 88.5016 81.1486 91.3045 80.2541 73.944 38.1601
threshold=0.0048252823762595662 0.0058227383997291335 0.60843947529792797 56.651367187500007 0.00025572454615030443 11.47592353820801 23.888156890869144 75.901260375976577 78.107711791992202 59.790216445922859 0.0062683848664164552 0.0066242984030395755 0.002573173376731575 0.0061096660792827615 -0.018931804224848744
decision_type=2 2 2 2 2 2 2 2 2 2 2 2 2 2 2
left_child=4 2 13 -4 5 14 -7 8 -6 -9 12 -12 -3 -2 -1
right_child=1 10 3 -5 7 6 -8 9 -10 -11 11 -13 -14 -15 -16
leaf_value=0.00012700686591727526 0.010271616356992481 -0.012528922246058411 0.021051102500065585 0.0018376402179061705 -0.0075267392876456791 0.00099704037119612877 -0.0056778474838843152 0.034041172831550538 0.0027656254139874592 -0.014024571112419372 0.016754575512695533 0.0022659352962929279 0.011785918978028245 -0.015099086161310629 -0.013985243880143322
leaf_weight=112.97469968442908 85.295214784585212 263.50380615124112 407.06214060167821 213.80666618813535 1949.6458223275276 6412.5665020075912 918.28500993864327 44.81257848091316 432.09387159900962 24.535284099305883 192.92898185641207 2690.938808405263 71.408883295028602 107.43630170418321 266.08304343388374
leaf_count=286 119 315 198 1049 3314 18666 3113 106 4457 279 373 9284 138 105 1006
internal_value=1.83796e-05 0.00374125 0.0100983 0.0144347 -0.00145904 -0.000327781 0.00016092 -0.00501739 -0.0056595 0.0170352 0.0021344 0.00323522 -0.00734453 -0.00387092 -0.00977916
internal_weight=14193.4 4032.38 813.6 620.869 10161 7709.91 7330.85 2451.09 2381.74 69.3479 3218.78 2883.87 334.913 192.732 379.058
internal_count=42808 11581 1471 1247 31227 23071 21779 8156 7771 385 10110 9657 453 224 1292
is_linear=0
shrinkage=0.0203443


Tree=77
num_leaves=14
num_cat=0
split_feature=10 17 20 2 2 5 30 30 0 10 14 2 24
split_gain=225.303 234.522 194.509 209.264 297.155 181.516 149.7 137.607 116.316 105.85 87.7195 66.9743 53.7188
threshold=54.266805648803718 0.011746645439416172 0.002330009476281703 6.5000000000000009 10.500000000000002 53.722019195556648 20.91253757476807 27.038242340087894 1050011.6250000002 77.062896728515639 56.844734191894538 8.5000000000000018 0.0036659570178017025
decision_type=2 2 2 2 2 2 2 2 2 2 2 2 2
left_child=1 5 3 -2 -5 6 -1 -7 -3 10 -4 -10 -11
right_child=2 8 9 4 -6 7 -8 -9 11 12 -12 -13 -14
leaf_value=0.0071997683461373953 0.026740450538876942 -0.017800967427539373 -0.002074481511489618 -0.0086957743682701677 0.0014685141976947932 0.015066442439197998 -0.0065460222668455503 -0.020551136682057162 -0.01828239730113726 0.0076547267486488926 -0.012464646792685472 0.017981453159490075 -0.0035826008219826118
leaf_weight=966.44202388912754 120.75051265200455 253.89544820785545 477.11463880755036 1429.3340587946495 7123.3669839857557 1036.1691751807962 496.32793328018988 46.927771116470467 29.372490065401166 231.75297344075625 1139.6141321746009 74.649254887075244 732.81229557638744
leaf_count=7481 137 38 122 1510 17871 3575 3746 53 119 1749 336 1878 4193
internal_value=-1.01461e-05 0.00504232 -0.00131371 0.000145331 -0.000230147 0.00721017 0.00253571 0.0135232 -0.0103775 -0.00621628 -0.00939841 0.00774146 -0.000882622
internal_weight=14158.5 2903.78 11254.7 8673.45 8552.7 2545.87 1462.77 1083.1 357.917 2581.29 1616.73 104.022 964.565
internal_count=42808 16890 25918 19518 19381 14855 11227 3628 2035 6400 458 1997 5942
is_linear=0
shrinkage=0.0203443


Tree=78
num_leaves=14
num_cat=0
split_feature=10 2 30 10 9 15 20 15 15 21 8 8 20
split_gain=195.017 190.231 182.385 192.835 161.364 130.743 159.454 127.474 111.299 100.544 45.0468 32.657 3.30474
threshold=54.096012115478523 32.500000000000007 12.633187770843508 69.752571105957045 55.934913635253913 0.0068208714947104463 -0.0010225267615169285 0.0061592981219291696 0.0036043744767084722 0.74964332580566417 52.308687210083015 52.308687210083015 -0.00045768238487653429
decision_type=2 2 2 2 2 2 2 2 2 2 2 2 2
left_child=5 2 3 -2 -3 11 10 -4 -6 -8 -7 12 -1
right_child=1 4 7 -5 8 6 9 -9 -10 -11 -12 -13 -14
leaf_value=-0.0048557046423925929 0.021825443491816678 -0.0120427296294557 0.0052528789619338302 0.0010943234235224813 0.023305415130952405 0.0013223088047180614 0.013452504165248371 -0.00014188535841164112 -0.0019371728724010989 -0.0039964929279957618 -0.017515994020451491 -0.01822132457482686 0.0069598456172620801
leaf_weight=19.02506315909768 378.09168100357545 780.53361892700241 2405.5144533093398 364.97126482788974 76.031857788005027 64.961026266708132 247.02805038613701 7358.1341517303017 1471.2249259013304 305.96657504605707 274.65871667861938 401.00395631790161 20.198572285677461
leaf_count=1329 40 67 4550 1224 1088 5772 4612 10238 8879 3284 45 44 1636
internal_value=-8.31558e-06 0.000760876 0.0019267 0.0116429 -0.00450119 -0.0074152 -0.0029404 0.00118724 -0.000696743 0.0037981 -0.0139126 -0.0164883 0.00122826
internal_weight=14167.3 12834.5 10506.7 743.063 2327.79 1332.84 892.614 9763.65 1547.26 552.995 339.62 440.228 39.2236
internal_count=42808 26086 16052 1264 10034 16722 13713 14788 9967 7896 5817 3009 2965
is_linear=0
shrinkage=0.0203443


Tree=79
num_leaves=15
num_cat=0
split_feature=5 24 30 5 9 24 32 26 13 21 9 24 26 9
split_gain=201.732 114.557 108.614 155.96 128.336 100.232 166.93 91.9196 87.9859 78.9324 169.162 72.3434 23.8861 0.29232
threshold=57.534437179565437 0.001832783571444452 23.888156890869144 39.186372756958015 54.08226394653321 0.003804262494668365 10.690970897674562 0.0021825159201398496 54.835750579833991 -0.020153075456619259 54.86023139953614 0.0036445221630856399 0.0056588784791529187 55.934913635253913
decision_type=2 2 2 2 2 2 2 2 2 2 2 2 2 2
left_child=2 12 3 4 -1 6 -3 -5 -7 10 -4 -11 13 -2
right_child=1 5 9 7 -6 8 -8 -9 -10 11 -12 -13 -14 -15
leaf_value=-0.0073055367006103567 -0.020403269066030329 -0.01734996822311561 0.029869473482536851 0.01775855266288346 0.0092365527886843161 0.0064238634204371609 0.010866405373429155 -0.0018342110730415779 -0.0027860753256876572 -0.018072668170669475 -0.01231495801923665 -0.0059054725795071221 0.0059046399899726669 -0.018143025591916839
leaf_weight=239.91617860619158 56.001234994642751 92.661352482834445 69.876103288235115 100.29483764914949 1016.7559058693666 859.68801065553578 1367.1426808896338 8366.1471828404156 857.61383945068917 279.36122256518752 90.046195421248697 732.85549665849339 18.270972301348905 41.54969544262277
leaf_count=1709 76 235 176 1135 2112 2641 2643 24748 3207 918 273 2329 64 542
internal_value=1.89416e-05 0.00443155 -0.0013147 -0.000609431 0.00607842 0.00515607 0.00907535 -0.00160211 0.00182444 -0.00716505 0.00611688 -0.00926351 -0.0154424 -0.0194408
internal_weight=14188.2 3292.93 10895.3 9723.11 1256.67 3177.11 1459.8 8466.44 1717.3 1172.14 159.922 1012.22 115.822 97.5509
internal_count=42808 9408 33400 29704 3821 8726 2878 25883 5848 3696 449 3247 682 618
is_linear=0
shrinkage=0.0203443


Tree=80
num_leaves=13
num_cat=0
split_feature=10 20 2 2 24 11 13 11 26 9 10 13
split_gain=219.854 188.44 201.658 289.794 169.94 191.292 137.113 143.201 111.703 104.46 105.131 70.6528
threshold=54.266805648803718 0.002330009476281703 6.5000000000000009 10.500000000000002 0.0034638950601220135 54.677249908447273 54.835750579833991 54.164119720458991 0.0098109384998679178 76.679546356201186 78.201084136962905 56.053251266479499
decision_type=2 2 2 2 2 2 2 2 2 2 2 2
left_child=4 2 -2 -4 6 8 7 -1 -6 11 -11 -3
right_child=1 9 3 -5 5 -7 -8 -9 -10 10 -12 -13
leaf_value=0.0035302451247507072 0.026137024221469404 -0.0058404425985112097 -0.0086102237432180463 0.0014394109935650194 0.014578058851750147 -0.0034038579773585432 -0.019875759138232064 0.021295954932733317 -0.00095917613737269271 0.021937877958764809 -0.0026441580552669895 -0.014395261154580638
leaf_weight=299.79715157123292 121.71571951396436 1057.721215486526 1425.0890080036806 7126.9690236898368 554.65159152913475 1204.4695839881897 50.583579063415527 502.63804769515991 292.5157144833679 79.19385480922972 793.64207142142311 642.17169464700669
leaf_count=3680 137 150 1510 17871 6918 163 7 49 6073 35 5872 343
internal_value=-1.06645e-05 -0.00129937 0.000134842 -0.000235227 0.00497905 0.00180601 0.0126107 0.0146586 0.00921323 -0.00613472 -0.000413763 -0.00907223
internal_weight=14151.2 11246.5 8673.77 8552.06 2904.66 2051.64 853.019 802.435 847.167 2572.73 872.836 1699.89
internal_count=42808 25918 19518 19381 16890 13154 3736 3729 12991 6400 5907 493
is_linear=0
shrinkage=0.0203443


Tree=81
num_leaves=13
num_cat=0
split_feature=10 2 30 8 9 8 22 8 20 8 21 12
split_gain=188.198 184.637 176.826 186.008 157.763 124.403 105.23 130.226 72.6946 66.4395 31.1748 7.31558
threshold=54.096012115478523 32.500000000000007 12.633187770843508 68.162464141845717 55.934913635253913 54.87335395812989 0.048258414492011077 53.967767715454109 -0.0020414312602952118 52.308687210083015 1.1447433829307558 6.4186604022979745
decision_type=2 2 2 2 2 2 2 2 2 2 2 2
left_child=6 2 3 -2 -3 -4 9 10 -6 11 -8 -1
right_child=1 4 5 -5 8 -7 7 -9 -10 -11 -12 -13
leaf_value=-0.0048661198576153428 0.021413546675758784 -0.011930414853691477 -0.0017658299343731329 0.001077281779134644 -0.0083274318864235003 0.0029629303483315215 -0.011302349630571664 0.02882106044226904 0.0018569419384920109 -0.011440576840012916 0.032444573747949852 0.0049571426180088207
leaf_weight=42.029533977042774 379.81197595595938 776.18156433105469 3717.5898752212552 365.10824118903668 386.82767925576968 6049.8048170952943 85.493595270375877 70.529814720153809 1159.8605244220801 996.35621023178101 7.3190792410837124 123.7951478525647
leaf_count=9026 40 67 519 1224 2157 14269 3605 10 7810 139 83 3859
internal_value=-8.93006e-06 0.000744774 0.00189178 0.0114461 -0.00444608 0.0011631 -0.00730714 0.0079828 -0.000690162 -0.00945614 -0.00785228 0.00246723
internal_weight=14160.7 12835.2 10512.3 744.92 2322.87 9767.39 1325.52 163.342 1546.69 1162.18 92.8127 165.825
internal_count=42808 26086 16052 1264 10034 14788 16722 3698 9967 13024 3688 12885
is_linear=0
shrinkage=0.0203443


Tree=82
num_leaves=15
num_cat=0
split_feature=33 30 33 28 25 15 13 2 33 30 20 22 25 33
split_gain=125.673 132.451 122.548 126.203 109.765 70.7791 109.977 68.1422 100.363 108.489 107.93 69.9527 90.885 50.9795
threshold=1.0776714682579043 23.888156890869144 -1.1477617621421812 -9.1788015365600568 2.4976891279220585 0.0080453949049115198 53.984251022338874 10.500000000000002 1.246134400367737 21.574601173400882 0.0032735377317294483 0.051776167005300529 1.2470935583114626 0.71597310900688182
decision_type=2 2 2 2 2 2 2 2 2 2 2 2 2 2
left_child=1 2 3 -1 -4 13 -7 11 10 -10 -9 12 -2 -3
right_child=7 5 4 -5 -6 6 -8 8 9 -11 -12 -13 -14 -15
leaf_value=-0.013514908222261562 -0.00043665332107965549 -0.012539328884201541 -0.00035456170955030445 0.0095684881479197667 -0.013769745305983022 0.018526345715848925 -0.0054551254504843841 0.00070086912381794137 0.0053110297100514656 -0.0074801568257899936 0.01976729143612202 0.025978444086341007 0.01959733298696989 0.0043322855596141284
leaf_weight=110.81461375420736 243.80364254105956 700.76487320337731 9546.5716441287695 849.66451173380551 259.29664756388956 96.279489838608868 444.79659257782174 246.49082222152313 569.5294798533746 529.68865219079566 245.0487379326116 104.4868276892347 152.24851655557285 82.892214102564708
leaf_count=332 295 1668 27944 3464 1048 1151 1262 675 2008 1695 670 170 157 269
internal_value=1.95518e-05 -0.00077691 -2.99976e-05 0.00690523 -0.000709302 -0.00684719 -0.0011878 0.0046244 0.00256442 -0.000852737 0.0102062 0.0111712 0.00726466 -0.0107547
internal_weight=14182.4 12091.1 10766.3 960.479 9805.87 1324.73 541.076 2091.3 1590.76 1099.22 491.54 500.539 396.052 783.657
internal_count=42808 37138 32788 3796 28992 4350 2413 5670 5048 3703 1345 622 452 1937
is_linear=0
shrinkage=0.0203443


Tree=83
num_leaves=15
num_cat=0
split_feature=10 17 17 19 2 2 9 17 15 10 2 12 19 0
split_gain=213.01 224.866 167.073 233.003 232.998 207.182 166.875 164.696 145.637 123.386 122.559 73.3311 56.4693 41.5904
threshold=54.266805648803718 0.011746645439416172 0.0036061122082173829 0.0033426332520321016 35.500000000000007 10.500000000000002 52.799509048461921 0.0022829801309853797 0.011623378843069078 54.096012115478523 19.500000000000004 51.357583999633796 -0.022604825906455513 1378895.8750000002
decision_type=2 2 2 2 2 2 2 2 2 2 2 2 2 2
left_child=1 7 3 5 -5 -2 13 9 -9 -1 11 -4 -12 -3
right_child=2 6 10 4 -6 -7 -8 8 -10 -11 12 -13 -14 -15
leaf_value=0.0080065535203588892 -0.004598534016743188 0.030998416853309532 0.011510111397548501 -0.0084772614448333124 0.0078196170496870731 0.0046466162077507507 -0.016743610726891803 0.014180616303384127 -0.018408710112183427 -0.0042564700125562044 -0.011730219927535269 -0.01116343367805589 -0.00083068489304899125 -0.0044172710352910803
leaf_weight=714.77368474609671 1302.3952075466732 43.066078186035156 62.054175853728566 1806.278762199782 454.45957533958267 4367.9320461133111 292.24714803695679 1129.3925094530209 59.757875033046503 646.96721220016479 220.74231702809016 1214.5470770620825 1809.0772295071258 20.142143237720575
leaf_count=10290 1447 6 12 2957 3485 9924 45 3467 1023 75 396 2173 5524 1984
internal_value=-1.06628e-05 0.00489865 -0.00128036 0.000321316 -0.00520121 0.00252313 -0.0102608 0.00701107 0.0125429 0.00218034 -0.00512228 -0.0100613 -0.00201602 0.0197124
internal_weight=14143.8 2906.35 11237.5 7931.07 2260.74 5670.33 355.455 2550.89 1189.15 1361.74 3306.42 1276.6 2029.82 63.2082
internal_count=42808 16890 25918 17813 6442 11371 2035 14855 4490 10365 8105 2185 5920 1990
is_linear=0
shrinkage=0.0203443


Tree=84
num_leaves=13
num_cat=0
split_feature=0 10 21 8 31 5 15 30 11 15 8 10
split_gain=214.722 261.594 234.877 135.05 131.774 126.609 108.185 107.401 138.258 126.334 103.553 71.6751
threshold=948339.90625000012 54.534118652343757 0.78073960542678844 54.87335395812989 32.327220916748054 63.152738571166999 0.0036043744767084722 17.653228759765629 55.313636779785163 0.011155596002936365 76.607795715332045 54.266805648803718
decision_type=2 2 2 2 2 2 2 2 2 2 2 2
left_child=1 -1 7 5 6 -4 -3 8 -2 -9 -6 -5
right_child=2 4 3 11 10 -7 -8 9 -10 -11 -12 -13
leaf_value=-0.011979362560543392 9.6381832785286204e-05 0.022757320400911784 -0.016241687863808935 0.038621253655306054 0.035882333779886338 0.00051764792087473995 -0.001580319365474776 0.0046404141972418633 0.011656705178310385 -0.0044929814617854277 0.00093173925507637387 0.0016957320724290813
leaf_weight=1011.4251942634573 609.79061807362177 76.509359431092889 516.83459781236797 22.855916976928711 71.106719017028809 291.95862643955934 6332.2266446952362 2414.4139258312125 1437.8580612850201 846.61273530341532 69.266379378948841 452.62280183279563
leaf_count=137 5468 1702 2426 2 6 1294 14654 7446 2654 4366 570 2083
internal_value=-9.83727e-06 -0.00234983 0.00267357 -0.0051335 -0.000862669 -0.0101919 -0.00128977 0.00456226 0.00821405 0.00226924 0.0186363 0.00347076
internal_weight=14153.5 7560.53 6592.95 1284.27 6549.11 808.793 6408.74 5308.68 2047.65 3261.03 140.373 475.479
internal_count=42808 17069 25739 5805 16932 3720 16356 19934 8122 11812 576 2085
is_linear=0
shrinkage=0.0203443


Tree=85
num_leaves=15
num_cat=0
split_feature=5 24 19 24 9 30 30 24 32 12 32 24 29 9
split_gain=190.788 111.685 107.401 151.843 134.929 105.751 124.39 97.9694 159.696 112.326 80.9767 72.4012 24.5118 0.252297
threshold=57.534437179565437 0.001832783571444452 0.0083452071994543093 0.0051719187758862981 55.934913635253913 23.888156890869144 20.91253757476807 0.003804262494668365 10.690970897674562 53.174276351928718 20.811236381530765 0.0028989413985982542 -0.00010143238614546134 55.934913635253913
decision_type=2 2 2 2 2 2 2 2 2 2 2 2 2 2
left_child=2 12 5 4 -4 6 -1 8 -3 -9 -5 -7 -2 -14
right_child=1 7 3 10 -6 11 -8 9 -10 -11 -12 -13 13 -15
leaf_value=-0.00099731974065864117 0.0071544421806591678 -0.017121610446450334 -0.015106347756744725 0.0094159841064295341 -0.002999158159854738 -0.018666856111106744 0.0048789369202577983 0.0083855887761039114 0.010630782948020921 -0.0023326802713022963 -0.0056249124331909928 -0.0040210887555387582 -0.020151663091894079 -0.018056197883889319
leaf_weight=5671.1897810473038 17.054386837283161 91.550340672672064 730.96464936687698 358.72539465472443 795.72294155953068 165.96301362079748 2022.7824759319465 651.65428172443808 1370.4967419156155 1067.8070089988687 252.37698923465126 883.01091451385992 56.749024268256129 41.519042663569216
leaf_count=16321 59 235 1375 1792 3535 462 5399 2615 2643 3233 2035 2481 83 540
internal_value=2.10226e-05 0.00430848 -0.00127806 -0.00536562 -0.00879599 -0.000278585 0.000547574 0.00502139 0.00889297 0.0017294 0.00320426 -0.00633828 -0.0153591 -0.0192665
internal_weight=14177.6 3296.83 10880.7 2137.79 1526.69 8742.95 7693.97 3181.51 1462.05 1719.46 611.102 1048.97 115.322 98.2681
internal_count=42808 9408 33400 8737 4910 24663 21720 8726 2878 5848 3827 2943 682 623
is_linear=0
shrinkage=0.0203443


Tree=86
num_leaves=14
num_cat=0
split_feature=10 20 2 2 33 19 20 11 24 8 24 24 12
split_gain=204.706 180.349 194.643 278.097 178.686 145.687 166.308 101.421 98.3181 88.3443 59.9519 51.4815 16.8574
threshold=54.266805648803718 0.002330009476281703 6.5000000000000009 10.500000000000002 -1.2131476402282713 0.017241157591342929 -0.0027814827626571055 76.44535064697267 0.0034638950601220135 56.039657592773445 0.0027779797092080121 0.0036659570178017025 8.8787374496459979
decision_type=2 2 2 2 2 2 2 2 2 2 2 2 2
left_child=4 2 -2 -4 10 8 -7 9 -6 -3 -1 -9 -12
right_child=1 7 3 -5 5 6 -8 11 -10 -11 12 -13 -14
leaf_value=0.027441368739815463 0.025601663279297221 -0.0056979521533636456 -0.008452008199154596 0.0014151949728814373 0.014211268605400841 0.030771636881066208 -0.0098598812128937313 0.0075610381292723862 0.0052312142105471983 -0.015785216786626591 0.0040868659783846574 -0.0034384825172254648 -0.018731025668186487
leaf_weight=13.532654135962416 122.5447669557434 1051.4828171730042 1417.2889383078309 7127.5472695378921 745.4756067176379 47.211383636426774 356.75696144460761 232.15936221415336 1561.8815411733501 545.93325973402875 14.550165976050577 729.50173170557218 169.39048180781538
leaf_count=86 137 149 1510 17871 3193 256 2748 1758 8898 269 1193 4224 516
internal_value=-1.1234e-05 -0.00125745 0.000143675 -0.000221426 0.00479851 0.00615931 -0.00511126 -0.00600295 0.00813256 -0.00914539 -0.0138854 -0.000783011 -0.016926
internal_weight=14135.3 11226.5 8667.38 8544.84 2908.8 2711.33 403.968 2559.08 2307.36 1597.42 197.473 961.661 183.941
internal_count=42808 25918 19518 19381 16890 15095 3004 6400 12091 418 1795 5982 1709
is_linear=0
shrinkage=0.0203443


Tree=87
num_leaves=14
num_cat=0
split_feature=10 2 9 2 29 2 15 20 15 6 7 7 20
split_gain=176.143 178.636 152.508 136.754 179.492 135.15 128.154 157.06 103.846 96.0694 44.1976 32.243 3.31588
threshold=54.096012115478523 32.500000000000007 55.934913635253913 25.500000000000004 -0.00022956200700718907 19.500000000000004 0.0068208714947104463 -0.0010225267615169285 0.0036043744767084722 -0.0017874452751129863 43.097715377807624 43.097715377807624 -0.00045768238487653429
decision_type=2 2 2 2 2 2 2 2 2 2 2 2 2
left_child=6 3 -3 5 -5 -2 11 10 -4 -9 -8 12 -1
right_child=1 2 8 4 -6 -7 7 9 -10 -11 -12 -13 -14
leaf_value=-0.0047079601762486708 0.0021968661681302593 -0.011791260025004925 0.022338507349654639 -0.0047930348009073212 0.0093901384962954432 -0.0036963068127110828 0.0014281741373718306 0.032447845716863551 -0.0019192515193586608 0.0014719059977855436 -0.017286354328213197 -0.017995005073677676 0.0071581678308086918
leaf_weight=18.93083320916854 6135.5916559449333 770.71430397033691 76.861698687109765 469.76941871333747 1726.8596563800684 2183.9949317732471 64.765636702404208 45.158085661247469 1469.9212495589541 503.38823106903385 269.82844066619873 390.08107614517212 20.089564292397668
leaf_count=1329 6624 67 1088 1046 3474 4908 5772 503 8879 7393 45 44 1636
internal_value=-1.07534e-05 0.000715169 -0.00439779 0.00184193 0.00635693 0.000649832 -0.00711029 -0.00267858 -0.000713837 0.00402199 -0.0136638 -0.0162312 0.00140073
internal_weight=14146 12833.7 2317.5 10516.2 2196.63 8319.59 1312.24 883.14 1546.78 548.546 334.594 429.101 39.0204
internal_count=42808 26086 10034 16052 4520 11532 16722 13713 9967 7896 5817 3009 2965
is_linear=0
shrinkage=0.0203443


Tree=88
num_leaves=15
num_cat=0
split_feature=5 24 30 5 24 24 16 2 26 24 4 26 23 31
split_gain=183.479 109.345 102.166 146.995 113.125 95.5755 146.059 116.024 89.8086 63.6743 45.7789 29.147 23.2246 0.203144
threshold=57.534437179565437 0.001832783571444452 23.888156890869144 39.186372756958015 0.0066509624011814603 0.003804262494668365 0.0035081940004602079 7.5000000000000009 0.0021825159201398496 0.0034447174984961752 0.0025032969424501066 0.0030690488638356332 -1.0000000180025095e-35 24.43283843994141
decision_type=2 2 2 2 2 2 2 2 2 2 2 2 2 2
left_child=2 12 3 4 -1 6 -3 -7 -5 11 -11 -4 -2 -14
right_child=1 5 9 8 -6 7 -8 -9 -10 10 -12 -13 13 -15
leaf_value=0.0089795323371363988 0.0059781836425244102 0.016598810003337863 0.0012832352045605926 0.017571710069073657 -0.006191568331158151 0.021442231315085932 0.0034893463936266078 0.00026419937533692296 -0.0017679626487414179 -0.0011487290835893351 -0.0109527336071675 -0.018350100658769655 -0.018413451454651241 -0.020308896259046073
leaf_weight=1005.4379206924499 17.950602854837939 587.3269808617689 36.21466544271982 100.57894095061602 255.02573759826703 114.71661603084294 877.03838451823628 1606.0597951891405 8348.5195609184666 602.63479843925529 292.95937420784549 230.341970323385 56.011923623145492 40.906846108428851
leaf_count=2642 186 1119 213 1135 1179 142 1759 5706 24748 1651 1168 664 228 268
internal_value=2.21579e-05 0.00422378 -0.00125321 -0.000570896 0.00590999 0.00492706 0.0087473 0.00167606 -0.00153774 -0.00695376 -0.00435576 -0.0156826 -0.0152768 -0.0192137
internal_weight=14171.7 3300.01 10871.7 9709.56 1260.46 3185.14 1464.37 1720.78 8449.1 1162.15 895.594 266.557 114.869 96.9188
internal_count=42808 9408 33400 29704 3821 8726 2878 5848 25883 3696 2819 877 682 496
is_linear=0
shrinkage=0.0203443


Tree=89
num_leaves=16
num_cat=0
split_feature=18 19 24 13 24 24 12 33 24 7 18 19 27 31 21
split_gain=159.223 305.942 368.692 197.635 247.16 190.222 164.731 124.035 98.0178 85.3919 83.1622 141.002 81.1078 59.096 56.8666
threshold=-0.0037126305978745218 0.0033426332520321016 0.0026299548335373406 53.564498901367195 0.0042720274068415174 0.0038757583824917678 79.927867889404311 -1.0475125908851621 0.00828333478420973 75.441631317138686 0.0012299273512326183 -0.016181516461074349 -0.0041891930159181348 18.568079948425297 -0.081440910696983324
decision_type=2 2 2 2 2 2 2 2 2 2 2 2 2 2 2
left_child=1 2 6 10 5 -5 -1 -4 13 -6 12 -12 -2 -3 -10
right_child=3 8 7 4 9 -7 -8 -9 14 -11 11 -13 -14 -15 -16
leaf_value=0.026515339291881272 -0.01762416255086869 -0.016593189448780441 -0.0026934578585502116 -0.001548809170697787 -0.010069893867934195 0.00929157039884939 -0.0038860772374743895 0.0050827556257767364 0.040496974069476166 -0.003119768109788543 -0.014387341842060726 0.0085295811066103452 0.022666966216640057 0.0083124067744576383 -0.0016122720846272398
leaf_weight=413.67321487599747 23.144430423628222 445.40367015450238 1248.3540684816949 4449.7351787027319 1784.735090504927 788.73213864015815 89.778076103291369 2653.6621610259381 20.886675393547776 1240.0692900815848 138.84530116833059 556.52430831130016 194.08817785809143 43.261117933392029 36.414015012451713
leaf_count=605 407 1551 3135 9196 541 1100 940 8166 41 6877 1158 6191 2244 305 351
internal_value=-1.14584e-05 0.00292872 0.00470899 -0.00159803 -0.00259027 8.33732e-05 0.021094 0.00259494 -0.0114364 -0.00722058 0.00738632 0.0039537 0.0183742 -0.0143883 0.0137366
internal_weight=14127.3 4951.43 4405.47 9175.87 8263.27 5238.47 503.451 3902.02 545.965 3024.8 912.602 695.37 217.233 488.665 57.3007
internal_count=42808 15094 12846 27714 17714 10296 1545 11301 2248 7418 10000 7349 2651 1856 392
is_linear=0
shrinkage=0.0203443


Tree=90
num_leaves=16
num_cat=0
split_feature=0 12 24 6 24 14 12 19 14 0 12 12 32 28 19
split_gain=208.187 212.344 176.487 311.845 191.876 171.099 156.658 140.806 134.458 131.043 106.234 100.829 77.1401 58.5393 48.2224
threshold=948339.90625000012 53.174276351928718 0.0020834923489019279 -0.00071315688546746958 0.0033064121380448346 51.586397171020515 59.256948471069343 0.020784962922334674 63.980031967163093 1078676.2500000002 51.357583999633796 55.576982498168952 17.987280845642093 1.1812798380851748 -0.054629128426313393
decision_type=2 2 2 2 2 2 2 2 2 2 2 2 2 2 2
left_child=2 9 3 13 7 -6 11 -4 -5 12 -11 -3 -2 -1 -8
right_child=1 6 4 8 5 -7 14 -9 -10 10 -12 -13 -14 -15 -16
leaf_value=-0.020258279360605827 -0.010560793138637604 0.0056365228567598199 -0.0089506876145505204 0.017025317491558143 -0.0044530440767536024 0.0037430145468180351 -0.020049488055897263 0.023783792857149245 -0.0091420801694240862 -0.0019942608939849948 0.016934788733695555 0.014248431778875368 -0.0014231408261358648 0.00088298769400096228 0.0005099609439694117
leaf_weight=167.70107262944708 732.15422606468292 2233.6430630683899 2278.2174930016349 571.78285439812714 2448.1575278139858 1851.4639559869033 48.727886621303242 55.717254211251657 94.739904666373491 283.18410325248624 216.55325102806091 752.19365191459656 800.42972707748413 80.099114630626616 1524.4805862663948
leaf_count=226 119 299 3751 2115 5233 4254 455 587 806 16580 42 102 123 97 8019
internal_value=-1.10869e-05 0.0026306 -0.00231801 0.00606135 -0.00347297 -0.000923727 0.00506861 -0.00816922 0.0133058 -0.0028385 0.0062083 0.00780605 -0.00578844 -0.0134245 -0.000126825
internal_weight=14139.2 6591.37 7547.88 914.323 6633.56 4299.62 4559.05 2333.93 666.523 2032.32 499.737 2985.84 1532.58 247.8 1573.21
internal_count=42808 25739 17069 3244 13825 9487 8875 4338 2921 16864 16622 401 242 323 8474
is_linear=0
shrinkage=0.0203443


Tree=91
num_leaves=15
num_cat=0
split_feature=5 24 30 5 24 10 10 6 21 7 10 5 27 14
split_gain=177.413 106.515 99.972 142.771 109.606 93.9179 313.945 85.7762 76.2968 151.125 84.8504 45.8491 22.8468 0.201831
threshold=57.534437179565437 0.001832783571444452 23.888156890869144 39.186372756958015 0.0066509624011814603 69.752571105957045 55.264539718627937 -0.0014170235372148452 -0.020153075456619259 53.925441741943366 55.901088714599616 58.021224975585945 -1.0000000180025095e-35 68.418415069580092
decision_type=2 2 2 2 2 2 2 2 2 2 2 2 2 2
left_child=2 12 3 4 -1 6 -3 -5 9 -4 -10 -7 -2 -14
right_child=1 5 8 7 -6 11 -8 -9 10 -11 -12 -13 13 -15
leaf_value=0.008834650145620921 0.0058990701046926662 0.0025337071458698124 0.034007359672702582 0.003818731872131938 -0.0061080527490900488 0.015401895612340446 0.019382430474300612 -0.0023008863436836148 -0.01374048978184543 -0.0079138238944811406 -0.0016053969133869761 -0.0027627330369899466 -0.01833685799689079 -0.020256548945808136
leaf_weight=1008.0793295795518 17.975838110940188 1796.0851593212947 53.636994073980262 1088.2762757876189 254.45324333107806 62.540646189905146 614.275702476883 7354.1756119529055 606.07731255412421 105.79621794780819 393.20693745440315 715.37537110579888 58.654409768694862 37.563476980193713
leaf_count=2642 186 3427 174 4098 1179 354 77 21785 1309 275 1938 4868 268 228
internal_value=2.31249e-05 0.00415245 -0.00123215 -0.000557801 0.00582305 0.00484393 0.00682758 -0.00151203 -0.00688026 0.00618929 -0.00896549 -0.00130236 -0.0151532 -0.0190865
internal_weight=14166.2 3302.47 10863.7 9704.98 1262.53 3188.28 2410.36 8442.45 1158.72 159.433 999.284 777.916 114.194 96.2179
internal_count=42808 9408 33400 29704 3821 8726 3504 25883 3696 449 3247 5222 682 496
is_linear=0
shrinkage=0.0203443


Tree=92
num_leaves=15
num_cat=0
split_feature=10 32 24 30 8 8 24 11 2 26 30 11 19 24
split_gain=194.891 205.094 281.798 259.976 186.597 169.247 156.993 179.173 156.688 104.286 91.1866 122.367 71.0735 68.2254
threshold=54.266805648803718 19.527277946472172 0.0034858892904594545 23.677980422973636 75.630264282226577 53.967767715454109 0.0034638950601220135 54.677249908447273 6.5000000000000009 0.0098109384998679178 15.584008216857912 54.164119720458991 -0.00246609013993293 0.0045393756590783605
decision_type=2 2 2 2 2 2 2 2 2 2 2 2 2 2
left_child=6 4 3 -3 5 -2 10 9 -4 -8 12 -12 -1 -6
right_child=1 2 8 -5 13 -7 7 -9 -10 -11 11 -13 -14 -15
leaf_value=0.018321785668491977 0.0036219815258523658 0.0042755979138435467 0.02629752835127817 0.026015840374981194 0.0058318260963343815 -0.0093078271675653152 0.01392385391623808 -0.0034334563541872816 -0.0027432008877022987 -0.0010686950119649663 0.0035312507974404302 0.020446871479339244 -0.019567756233639176 -0.0029529705201789339
leaf_weight=30.577463468397184 496.87470388412521 2217.9144808032047 78.394481010524032 253.70589365243677 742.04431261318473 2673.7308337827262 558.28385159219602 1201.7634253501892 4025.0143514640886 292.70315545066001 278.10232681146567 486.89434337615967 62.114230373254657 721.85691202863086
leaf_count=802 79 4230 108 512 7085 614 6918 163 9034 6073 2328 46 560 4256
internal_value=-1.20969e-05 -0.00122999 0.00108037 0.00650719 -0.00450772 -0.00728155 0.00467859 0.00162436 -0.00218838 0.00876703 0.0119884 0.0142975 -0.00706838 0.00149998
internal_weight=14120 11209.5 6575.03 2471.62 4634.51 3170.61 2910.44 2052.75 4103.41 850.987 857.688 764.997 92.6917 1463.9
internal_count=42808 25918 13884 4742 12034 693 16890 13154 9142 12991 3736 2374 1362 11341
is_linear=0
shrinkage=0.0203443


Tree=93
num_leaves=13
num_cat=0
split_feature=0 10 32 10 0 32 0 18 5 22 15 10
split_gain=202.034 252.282 205.138 172.891 205.378 151.362 137.635 122.952 149.135 96.275 84.3267 56.8908
threshold=948339.90625000012 54.534118652343757 16.151859283447269 54.096012115478523 1020724.5625000001 14.017372608184816 935305.25000000012 0.0047196436207741508 56.913030624389656 0.051380783319473274 0.0046453305985778579 55.901088714599616
decision_type=2 2 2 2 2 2 2 2 2 2 2 2
left_child=1 -1 7 9 -5 10 -7 11 -9 -4 -3 -2
right_child=2 5 3 4 -6 6 -8 8 -10 -11 -12 -13
leaf_value=-0.011797937381701535 -0.017763431027966712 0.028756960926000545 -0.0075493255075867963 0.011727898506964424 0.0026186028114913848 -0.0027613961700927881 0.0076796592391554196 0.011567133434180549 -0.0048901734652820258 0.017368074413806171 0.0061420793151022203 0.0057892014411554723
leaf_weight=1000.9391531944284 301.4805164383564 80.267521959282305 610.35835119351054 1654.6358575820936 2689.5430866511711 5422.4918937665798 578.27663078904152 303.85689974087813 911.72446028177364 71.720403055066299 455.62094119948114 49.401555514477764
leaf_count=137 899 708 10557 566 6358 14804 100 769 3758 2398 1320 434
internal_value=-1.14556e-05 -0.00228653 0.00258968 0.0045931 0.00608821 -0.000830073 -0.00175522 -0.00383861 -0.000776349 -0.00492923 0.00952947 -0.0144473
internal_weight=14130.3 7537.6 6592.72 5026.26 4344.18 6536.66 6000.77 1566.46 1215.58 682.079 535.888 350.882
internal_count=42808 17069 25739 19879 6924 16932 14904 5860 4527 12955 2028 1333
is_linear=0
shrinkage=0.0203443


Tree=94
num_leaves=16
num_cat=0
split_feature=31 0 0 26 20 0 30 31 19 4 32 26 26 29 30
split_gain=131.363 142.752 141.652 106.441 146.015 103.854 123.845 81.617 170.766 119.976 64.2051 60.5883 29.4472 20.9887 0.0101538
threshold=25.995017051696781 924819.34375000012 766394.12500000012 0.0035583385033532981 -0.0039298778865486375 967193.28125000012 22.030303955078129 30.747159957885746 0.014856413472443821 0.0036757753696292643 11.818999767303469 0.0062756931874901065 0.0052908756770193585 0.00026835122844204312 21.318972587585453
decision_type=2 2 2 2 2 2 2 2 2 2 2 2 2 2 2
left_child=1 3 12 4 -1 6 -3 8 -4 -9 -7 -5 14 -14 -2
right_child=2 5 7 11 -6 10 -8 9 -10 -11 -12 -13 13 -15 -16
leaf_value=0.032806016338982356 -0.020156003046493783 -0.002750481722794366 0.0044079610058868285 -0.002095531338322762 0.0054274905716598229 0.014227508493101842 -0.012787161821393334 0.0081567480918227405 0.019815151981422804 -0.013925121696617498 -0.0013402908393863502 0.0028660346755242155 -0.010517248734208265 0.0021044234836505339 -0.019618215642519789
leaf_weight=89.237609056395399 32.749954237866341 1444.53566673398 950.51397386025724 2005.8537931557639 835.35452699416044 112.2550609274922 785.57420760393165 245.31746046520897 433.55393330463698 174.11996621473605 4721.7669779004909 2069.879251989511 119.93773056921169 99.988586026414154 38.010476066836482
leaf_count=88 379 260 1766 4683 3769 408 131 670 1284 650 21271 5647 666 677 459
internal_value=2.40738e-05 -0.000792362 0.0047275 0.00183797 0.00806997 -0.00265424 -0.00628599 0.00685173 0.00923422 -0.00100999 -0.000978773 0.000424217 -0.0084518 -0.00477876 -0.0198674
internal_weight=14158.6 12064.5 2094.19 5000.33 924.592 7064.13 2230.11 1803.51 1384.07 419.437 4834.02 4075.73 290.687 219.926 70.7604
internal_count=42808 36257 6551 14187 3857 22070 391 4370 3050 1320 21679 10330 2181 1343 838
is_linear=0
shrinkage=0.0203443


Tree=95
num_leaves=14
num_cat=0
split_feature=11 9 32 17 2 9 6 18 9 11 18 11 11
split_gain=181.611 207.694 248.385 191.402 180.454 235.818 228.716 132.251 130.31 102.532 166.221 76.9653 41.0557
threshold=56.219516754150398 59.94032287597657 18.483899116516117 0.010945313610136511 14.500000000000002 53.772626876831062 -0.0010560846421867607 0.00028980585921090102 52.799509048461921 78.910079956054702 0.0025656900834292178 82.30987930297853 44.107772827148445
decision_type=2 2 2 2 2 2 2 2 2 2 2 2 2
left_child=3 2 -2 4 5 -1 -6 -4 12 10 -3 -11 -5
right_child=1 9 7 8 6 -7 -8 -9 -10 11 -12 -13 -14
leaf_value=0.0081420474492232327 -0.014210392342719487 0.0099453629838563897 -0.0063055532087777115 -0.0039699551776475276 -0.0067426682575534684 -0.0026492149817075802 0.010560882371843265 0.0046231966887139882 -0.011932296201749655 -0.0092579048998844109 -0.0038990212612224199 -0.00018420978541102984 0.029977460972461463
leaf_weight=1217.5661230870664 1072.6496300697336 969.73661414080414 1159.182923078537 22.346311076506936 375.55228359368607 2689.6280603408813 1999.2823474157169 757.95866465568542 535.44768118858337 468.16757166801744 569.87986292391781 2229.3402966341973 43.341865062713623
leaf_count=2769 127 785 144 2186 3974 386 7999 93 87 338 541 23373 6
internal_value=-1.26831e-05 -0.0022652 -0.00637097 0.00235233 0.00340177 0.00071357 0.00782452 -0.00198477 -0.00861462 0.000631897 0.00482093 -0.00175901 0.0184286
internal_weight=14110.1 7226.92 2989.79 6883.16 6282.03 3907.19 2374.83 1917.14 601.136 4237.12 1539.62 2697.51 65.6882
internal_count=42808 25401 364 17407 15128 3155 11973 237 2279 25037 1326 23711 2192
is_linear=0
shrinkage=0.0203443


Tree=96
num_leaves=13
num_cat=0
split_feature=0 10 10 0 31 4 24 16 24 22 11 16
split_gain=196.511 246.37 197.914 147.104 162.737 143.469 129.015 352.034 178.486 84.8354 93.4487 60.6593
threshold=948339.90625000012 54.534118652343757 54.096012115478523 1037631.1562500001 15.901275634765627 -0.0091947969049215299 0.0020834923489019279 -0.0013821033644489942 0.0033064121380448346 0.051380783319473274 55.313636779785163 0.015071681700646879
decision_type=2 2 2 2 2 2 2 2 2 2 2 2
left_child=1 -1 9 4 -4 -5 7 -3 -8 11 -11 -2
right_child=2 6 3 5 -6 -7 8 -9 -10 10 -12 -13
leaf_value=-0.011688384928622807 -0.0087840567034709691 -0.012166495923249825 0.017695135273435456 -0.010848690468051335 0.0050264674359572622 0.0027686071471832753 -0.0067821127095500167 0.015083447716404151 0.00075792506090293754 -0.0076908149542084065 0.031883041788823827 0.010470214045738158
leaf_weight=994.95851135253906 891.68765931349151 289.05780662188033 542.10573229193847 362.14186170124049 1858.2651711851374 2767.0908984698949 2033.4650484743893 610.93184727277196 3599.5497303092584 48.477590703248097 50.34418773651123 73.28723327946102
leaf_count=137 13302 594 237 2084 689 6040 4304 2648 9386 3077 7 303
internal_value=-1.14661e-05 -0.00225749 0.00255291 0.00409892 0.0078876 0.00119269 -0.00082119 0.00633131 -0.00196395 -0.00548318 0.0124696 -0.00732172
internal_weight=14121.4 7527.96 6593.4 5529.6 2400.37 3129.23 6533 899.99 5633.01 1063.8 98.8218 964.975
internal_count=42808 17069 25739 9050 926 8124 16932 3242 13690 16689 3084 13605
is_linear=0
shrinkage=0.0203443


Tree=97
num_leaves=16
num_cat=0
split_feature=5 19 13 26 6 19 33 15 15 33 3 15 15 23 6
split_gain=166.525 103.091 148.439 177.18 100.221 203.558 85.4103 79.0629 94.6204 107.71 91.7835 78.3 2.98258 13.4257 0.189102
threshold=57.534437179565437 0.0083452071994543093 56.053251266479499 0.0044664745219051847 -0.00091169009101577092 -0.0031893322011455889 -1.5599237084388731 0.0045990676153451213 0.0058227383997291335 1.557894825935364 0.0089722839184105414 0.0093337357975542563 0.0041210937779396781 0.0032391749555245046 0.00095731983310543012
decision_type=2 2 2 2 2 2 2 2 2 2 2 2 2 2 2
left_child=1 4 11 -4 5 -1 -6 12 9 -9 -10 -3 13 -2 -14
right_child=7 2 3 -5 6 -7 -8 8 10 -11 -12 -13 14 -15 -16
leaf_value=-0.00069017287647832077 0.039234977436430306 -0.016228073206252809 0.011692407241310101 -0.0053694426747767122 -0.0200556735250207 0.011191688111336084 -0.0013908658769986855 0.012358664076540441 0.0033150266005594936 -0.007903492885839046 -0.012780025468274005 -0.0015694223589212111 -0.018989220377068117 -0.017875934330500561 -0.02155232042011274
leaf_weight=1947.4468960386441 2.0184530805579142 566.78889072228981 334.7058499834061 1018.4035185323653 103.2768176511272 860.43944952683319 5810.4704019139499 851.08614340978966 2104.6648436070795 124.46452436067739 157.62735358348846 205.50982091476953 36.747396458242221 10.918827159850887 17.925699149453898
leaf_count=6715 763 1131 1612 3955 143 1678 16127 919 6026 257 1005 2039 220 119 99
internal_value=2.50478e-05 -0.00119317 -0.00521085 -0.001149 -0.000214088 0.00295086 -0.00171683 0.00402272 0.00447739 0.00977352 0.00219358 -0.0123274 -0.0177511 -0.00896382 -0.01983
internal_weight=14152.5 10847 2125.41 1353.11 8721.63 2807.89 5913.75 3305.45 3237.84 975.551 2262.29 772.299 67.6104 12.9373 54.6731
internal_count=42808 33400 8737 5567 24663 8393 16270 9408 8207 1176 7031 3170 1201 882 319
is_linear=0
shrinkage=0.0203443


Tree=98
num_leaves=16
num_cat=0
split_feature=10 17 33 20 2 19 22 15 10 15 22 2 23 24 29
split_gain=183.503 207.645 210.785 164.122 181.227 209.143 142.677 102.239 93.7651 95.6892 79.9243 101.41 70.2963 56.3318 35.4327
threshold=54.266805648803718 0.011746645439416172 -1.2131476402282713 0.002330009476281703 32.500000000000007 -0.0022170561132952567 0.017878093756735328 0.0036043744767084722 77.062896728515639 0.0057060017716139564 0.050052732229232795 10.500000000000002 -0.001809564826544374 0.0027779797092080121 0.0012415940873324873
decision_type=2 2 2 2 2 2 2 2 2 2 2 2 2 2 2
left_child=1 2 13 4 5 -2 -4 -6 12 -10 14 -12 -5 -1 -3
right_child=3 10 6 8 7 -7 -8 -9 9 -11 11 -13 -14 -15 -16
leaf_value=0.026270581192993418 0.0013391127465076475 -0.018498198062714705 0.019458332491878262 -0.0018652669459290111 -0.018836639210748012 -0.0060031693611952803 0.0060013681818868823 0.007047405238236412 0.023205833154511923 -0.0024684085441034351 -0.017826710276583675 0.025353999632736175 -0.01148053075194843 -0.016750826942253341 0.0057672925459617795
leaf_weight=13.534882256941016 4419.4345043634512 231.88475240170087 390.56460247560472 435.35038686154257 65.673704057395298 2522.0452808879672 1975.6440654014737 1649.5576628907711 64.401534036467069 896.10043393284889 40.386258237704979 50.857722612848121 1135.6109864782029 181.74506730237343 27.902104595120676
leaf_count=86 7751 1002 2422 144 1038 4301 10657 6428 995 4947 95 797 314 1690 141
internal_value=-1.36553e-05 0.00453507 0.006546 -0.00119779 0.000134677 -0.00132855 0.00822257 0.00605633 -0.00575435 -0.00074693 -0.0101388 0.00624118 -0.00881593 -0.0137689 -0.0158919
internal_weight=14100.7 2912.52 2561.49 11188.2 8656.71 6941.48 2366.21 1715.23 2531.46 960.502 351.031 91.244 1570.96 195.28 259.787
internal_count=42808 16890 14855 25918 19518 12052 13079 7466 6400 5942 2035 892 458 1776 1143
is_linear=0
shrinkage=0.0203443


Tree=99
num_leaves=11
num_cat=0
split_feature=10 2 9 2 25 5 11 7 5 13
split_gain=157.434 165.553 141.62 126.809 188.871 104.033 89.9364 81.9779 74.0132 9.39877
threshold=54.096012115478523 32.500000000000007 55.934913635253913 8.5000000000000018 0.48380599915981298 26.620110511779789 55.313636779785163 43.097715377807624 38.766994476318366 6.5130751132965097
decision_type=2 2 2 2 2 2 2 2 2 2
left_child=6 3 -3 4 -2 -5 7 9 -4 -1
right_child=1 2 8 5 -6 -7 -8 -9 -10 -11
leaf_value=-0.003934021917161531 -0.018087543668731398 -0.011473812660591854 -0.011773088244997345 -0.017217234757811853 0.00012377985118132965 0.0028283670758952923 0.0059630298807002774 -0.01162379039087159 0.0010579190967230701 0.0058976541306173837
leaf_weight=57.188310279265352 308.70304962829857 757.89683914184479 216.34988198739052 108.43299734987886 996.77052123108854 9104.34510872992 194.46808433532715 902.45468664169312 1329.4327440974264 135.81328998645768
leaf_count=11494 272 67 969 146 686 14948 30 130 8998 5068
internal_value=-1.18874e-05 0.000669675 -0.00426997 0.00175154 -0.0041826 0.00259243 -0.00678668 -0.00905006 -0.000737912 0.00298432
internal_weight=14111.9 12821.9 2303.68 10518.3 1305.47 9212.78 1289.92 1095.46 1545.78 193.002
internal_count=42808 26086 10034 16052 958 15094 16722 16692 9967 16562
is_linear=0
shrinkage=0.0203443


Tree=100
num_leaves=15
num_cat=0
split_feature=17 32 4 32 23 15 18 4 15 15 15 18 32 30
split_gain=149.888 106.345 102.192 88.8844 157.333 82.6965 106.646 104.634 79.2461 85.3044 78.9036 50.7089 46.6119 33.5585
threshold=0.0048252823762595662 14.933055877685549 -0.0073093124665319911 15.44504499435425 -0.001809564826544374 0.0058227383997291335 0.01449424307793379 0.0052363441791385421 0.0062683848664164552 0.0066242984030395755 0.0062331403605639943 0.0051856194622814664 13.451158046722414 15.077534675598146
decision_type=2 2 2 2 2 2 2 2 2 2 2 2 2 2
left_child=1 2 12 4 -3 6 7 -2 11 -10 -5 -7 -1 -4
right_child=5 3 13 10 -6 8 -8 -9 9 -11 -12 -13 -14 -15
leaf_value=0.034957421986603503 0.016871978051980808 -0.016292899372325444 0.0082946277847740744 -0.0038236832298017896 0.023466929581064253 0.0078640220714334842 -0.010879594068511163 -3.4851960502703498e-05 0.015966306849122487 0.0020161038581025968 0.0001945391154172699 -0.011578298882164552 -0.006281253237604062 -0.013790500018930965
leaf_weight=28.749220413300037 505.37410671256475 56.996628133626672 30.243873479479134 2965.3799590984127 148.5531480299567 70.262997537427395 97.360211651805457 216.37221282877681 194.49713827328469 2699.5629116475961 6362.0517964630926 264.65417201083312 18.736847697057414 487.03697429892179
leaf_count=143 827 154 377 8116 368 56 190 454 373 9284 20702 397 195 1172
internal_value=2.6461e-05 -0.00129948 -0.00987716 -0.000791309 0.0124419 0.00333397 0.00910728 0.0118035 0.00186942 0.00295364 -0.00108293 -0.00749939 0.0186852 -0.0124992
internal_weight=14145.8 10097.7 564.767 9532.98 205.55 4048.08 819.107 721.746 3228.98 2894.06 9327.43 334.917 47.4861 517.281
internal_count=42808 31227 1887 29340 522 11581 1471 1281 10110 9657 28818 453 338 1549
is_linear=0
shrinkage=0.0203443


Tree=101
num_leaves=12
num_cat=0
split_feature=8 2 6 8 30 19 19 0 0 20 0
split_gain=173.596 230.855 291.478 206.747 286.645 228.403 181.337 104.161 141.009 114.332 68.0652
threshold=53.967767715454109 14.500000000000002 -0.00055090337991714467 55.551496505737312 17.802433013916019 0.0033426332520321016 0.011250103358179333 911094.25000000012 948339.90625000012 -0.0013668323517777024 967193.28125000012
decision_type=2 2 2 2 2 2 2 2 2 2 2
left_child=7 2 6 4 -3 -5 -2 -1 -9 -10 -4
right_child=1 3 10 5 -6 -7 -8 8 9 -11 -12
leaf_value=-0.019818124550873596 -0.0029278313123419107 0.014014803193606677 -0.008339652710924593 0.002159405790365292 -0.00061880126927532349 -0.0057843322659271168 0.015785009894844111 0.012623788339291911 -0.0033631370528850683 0.0062734270586666105 -0.016900343954264332
leaf_weight=71.69800090789704 1030.4623426630076 988.83057594299135 882.32639352961507 3335.8931308673814 1259.9521217346191 2719.2857686448756 270.62459936837536 743.90635824203491 864.03267678201337 1242.1725155535923 681.21259642775965
leaf_count=8 1455 88 2065 10793 134 10421 124 82 6377 10446 815
internal_value=-1.4658e-05 -0.00116965 -0.00614958 0.000548278 0.00581585 -0.001408 0.000964402 0.00440028 0.00500954 0.00232019 -0.0120694
internal_weight=14090.4 11168.6 2864.63 8303.96 2248.78 6055.18 1301.09 2921.81 2850.11 2106.21 1563.54
internal_count=42808 25895 4459 21436 222 21214 1579 16913 16905 16823 2880
is_linear=0
shrinkage=0.0203443


Tree=102
num_leaves=16
num_cat=0
split_feature=0 32 24 24 33 24 15 15 8 31 5 31 0 12 7
split_gain=190.667 194.597 188.568 160.494 220.485 183.214 200.606 164.344 157.947 168.799 143.222 123.211 117.541 111.261 99.5804
threshold=948339.90625000012 16.151859283447269 0.0068274599034339198 0.0020834923489019279 0.37497478723526007 0.0045393756590783605 0.0065571859013289222 0.0050539961084723481 54.87335395812989 23.225682258605961 67.185684204101577 24.108685493469242 894180.37500000012 59.256948471069343 56.046705245971687
decision_type=2 2 2 2 2 2 2 2 2 2 2 2 2 2 2
left_child=3 8 13 4 7 10 -7 -1 11 -10 -5 -2 -6 -3 -4
right_child=1 2 14 5 12 6 -8 -9 9 -11 -12 -13 -14 -15 -16
leaf_value=-0.0068263547145522878 -0.016272819188167517 0.0087072499909778642 -0.008180734561827354 -0.0062947349972042668 -0.019421875862272713 0.024541576133993395 -0.00016280597011231383 0.021192553573609572 0.019760205934385221 -0.0042253983538564823 0.017567455148893338 -0.0022349802974756198 0.022815398953060558 0.00084396419322836733 0.0036433650380017697
leaf_weight=479.48611977145811 451.35667397168527 2837.9980416937346 629.23436658756236 4310.1421848230866 29.978808141495392 145.79352436326326 2034.5767646280151 105.75355508888151 206.23630196663225 295.34638950100862 106.6821394100798 606.55187404884327 301.73726218938828 1009.7679745443816 554.65428566882201
leaf_count=1773 1771 9194 4155 7589 1149 553 5386 295 764 1260 297 2065 27 4561 1969
internal_value=-1.25353e-05 0.00251298 0.00445909 -0.00222783 0.00574732 -0.00333631 0.00148908 -0.00176326 -0.00376609 0.00563675 -0.00571837 -0.00822425 0.0189981 0.0066437 -0.0026411
internal_weight=14105.3 6591.15 5031.65 7514.15 916.956 6597.19 2180.37 585.24 1559.49 501.583 4416.82 1057.91 331.716 3847.77 1183.89
internal_count=42808 25739 19879 17069 3244 13825 5939 2068 5860 2024 7886 3836 1176 13755 6124
is_linear=0
shrinkage=0.0203443


Tree=103
num_leaves=16
num_cat=0
split_feature=5 30 20 30 14 21 10 10 28 30 18 30 26 23 14
split_gain=155.415 95.7713 137.279 137.166 104.875 74.2246 146.629 81.6844 70.106 81.2996 111.623 91.0906 30.8918 15.0075 0.560276
threshold=57.534437179565437 23.888156890869144 -0.0030921540455892678 23.52514743804932 19.595159530639652 -0.020153075456619259 54.861875534057624 55.901088714599616 10.284658432006838 17.496539115905765 0.006770496256649495 11.31696939468384 0.020760561339557174 0.024636833928525451 60.177278518676765
decision_type=2 2 2 2 2 2 2 2 2 2 2 2 2 2 2
left_child=1 2 3 -1 -4 6 -3 -7 9 11 -11 -2 14 -14 -10
right_child=8 5 4 -5 -6 7 -8 -9 12 10 -12 -13 13 -15 -16
leaf_value=0.0030665921126717625 -0.010768967808955719 0.029008486827680556 0.021119646230283184 0.026107532049699612 -0.0019160511540986373 -0.013510612341370005 -0.010516977882764221 -0.0015667806718481338 -0.017708405714419659 0.013714074762332884 0.00064498126477465498 0.011719746168352897 0.019286736594663144 -0.0083881921052240092 -0.021288053756877857
leaf_weight=1743.2116176589404 82.115160799524006 67.292107596495796 82.674235051763389 113.92804091424955 7742.0950219601573 597.80590066343257 91.896781056132838 392.66979953755379 32.79212799201354 312.81403885655754 1999.1459864370668 808.77388037605886 14.738686859033722 18.031316699666672 40.726421804274899
leaf_count=5749 226 175 291 306 23358 1309 274 1938 108 876 5644 2189 121 114 130
internal_value=2.71922e-05 -0.00115168 -0.000492468 0.00448007 -0.00167266 -0.00670318 0.00619104 -0.00877555 0.00388591 0.00442535 0.00241327 0.00964689 -0.0123691 0.00405826 -0.0196917
internal_weight=14140.7 10831.6 9681.91 1857.14 7824.77 1149.66 159.189 990.476 3309.14 3202.85 2311.96 890.889 106.289 32.77 73.5185
internal_count=42808 33400 29704 6055 23649 3696 449 3247 9408 8935 6520 2415 473 235 238
is_linear=0
shrinkage=0.0203443


Tree=104
num_leaves=13
num_cat=0
split_feature=0 0 7 24 24 3 15 24 24 20 32 22
split_gain=142.964 224.352 202.362 244.321 204.572 149.691 142.348 119.465 156.694 149.381 92.2493 85.1506
threshold=967193.28125000012 982244.59375000012 56.046705245971687 0.0032846599351614718 0.0024837641976773743 -8.1490856246091412e-05 0.0068911747075617322 0.0067835859954357156 0.0029426375404000287 -0.00052515417337417592 15.698807716369631 0.029842473566532138
decision_type=2 2 2 2 2 2 2 2 2 2 2 2
left_child=2 -2 3 5 11 -1 -5 8 -3 -9 -6 -4
right_child=1 7 4 6 10 -7 -8 9 -10 -11 -12 -13
leaf_value=0.0041342564973598436 -0.013807332236398365 0.0052930953592149757 -0.013188533373200148 -0.0045478404184784655 -0.0071506270885467668 0.015050696935182403 0.0047276706298203719 0.010771421402076596 -0.005044953722667834 -0.0037756987976028831 0.0021209473407252733 0.016672583914706652
leaf_weight=1030.5341324806213 648.78369851410389 766.88996204540399 698.76702118502089 1283.259551525116 542.40533032764324 1049.2517514228821 1468.3885025978088 680.30598950544402 2907.3101777276352 512.08174299923655 2452.2987876310799 41.893152039631786
leaf_count=97 169 3591 4461 130 2320 96 181 3640 14027 4143 9846 107
internal_value=-1.47479e-05 -0.00256947 0.00163 0.00437934 -0.00192607 0.00964161 0.000401932 -0.00107131 -0.00288716 0.00452401 0.000441658 -0.0114995
internal_weight=14082.2 5515.37 8566.8 4831.43 3735.36 2079.79 2751.65 4866.59 3674.2 1192.39 2994.7 740.66
internal_count=42808 25570 17238 504 16734 193 311 25401 17618 7783 12166 4568
is_linear=0
shrinkage=0.0203443


Tree=105
num_leaves=16
num_cat=0
split_feature=0 21 24 24 21 24 15 4 5 8 5 16 4 32 15
split_gain=183.489 200.563 161.826 154.699 392.234 178.005 192.792 174.204 126.563 120.869 123.622 104.997 102.619 85.0172 57.2584
threshold=948339.90625000012 0.78073960542678844 0.0068274599034339198 0.0020834923489019279 0.4029154926538468 0.0045393756590783605 0.0065571859013289222 -0.011225214693695305 54.314403533935554 54.87335395812989 63.152738571166999 0.005648600636050106 0.0031861092429608111 12.927010536193849 0.0050539961084723481
decision_type=2 2 2 2 2 2 2 2 2 2 2 2 2 2 2
left_child=3 2 11 4 14 7 -7 -5 -4 10 -3 -2 -6 -11 -1
right_child=1 9 8 5 12 6 -8 -9 -10 13 -12 -13 -14 -15 -16
leaf_value=-0.01256179721206931 0.0055463643109399203 -0.015857665821836415 -0.0060514818913810879 0.0072411579447299208 0.010404900689303574 0.02398572423268196 -0.00015248339514383101 -0.0069062176886219564 0.011881339610176714 -0.0090595556680256161 0.00087925256199802512 0.02906684101128559 0.029145552771885946 0.0092410379059283641 0.012454874091392199
leaf_weight=347.55428911416129 4156.6061504429372 498.41034672744979 894.67666287930604 395.81807079029295 340.20998831410964 146.83836967002776 2033.9244227246616 4007.7104309819761 199.14849593205565 156.16094697026807 288.31242941154017 80.068490166439005 187.63555675210898 321.1117565656063 42.497001348839149
leaf_count=857 13833 2426 4926 1244 1529 553 5386 6642 861 505 1294 314 719 1580 139
internal_value=-1.36208e-05 0.00246205 0.00418975 -0.00218976 0.00563462 -0.00328054 0.00147282 -0.00563455 -0.0027865 -0.00482395 -0.00972401 0.00599088 0.0170668 0.00325314 -0.00983612
internal_weight=14096.7 6594.5 5330.5 7502.19 917.897 6584.29 2180.76 4403.53 1093.83 1264 786.723 4236.67 527.846 477.273 390.051
internal_count=42808 25739 19934 17069 3244 13825 5939 7886 5787 5805 3720 14147 2248 2085 996
is_linear=0
shrinkage=0.0203443


Tree=106
num_leaves=16
num_cat=0
split_feature=31 10 15 10 30 30 19 22 10 19 32 26 32 22 16
split_gain=119.737 124.57 115.321 106.188 101.174 184.967 163.852 125.047 131.044 112.367 101.805 44.5034 28.687 21.8694 13.5417
threshold=25.995017051696781 77.062896728515639 0.010315740946680309 55.264539718627937 21.833339691162113 21.273101806640629 0.0078270672820508497 0.031470092013478286 54.534118652343757 0.0075364846270531425 12.293789386749269 0.0060423607937991628 11.818999767303469 0.038430949673056609 0.0085260285995900648
decision_type=2 2 2 2 2 2 2 2 2 2 2 2 2 2 2
left_child=4 2 3 -2 5 10 -7 9 -9 -6 -1 14 -13 -4 -3
right_child=1 11 13 -5 7 6 -8 8 -10 -11 -12 12 -14 -15 -16
leaf_value=0.017836877828144995 0.0026155391094040453 -0.016833110337794301 -0.00074728710627735282 0.018573021143775528 -0.0047664204322923863 0.017298700255442671 -0.0070912259273123914 -0.0089426304257293771 0.0043488355832177637 -0.017181836167251135 -0.00071362912526092774 -0.013599886941949422 0.0019196827193063096 0.022174708444508119 -9.2335455207647621e-05
leaf_weight=124.32033133143887 1143.5331538580847 116.41300185271838 18.691561441112441 203.27896667122855 1307.0181611923124 455.63971607087888 152.04539980189065 434.29240746607547 1047.5737024219757 392.280469864005 8123.5895999033419 58.491423995644027 313.56833493834455 219.64052836423875 24.150684386233635
leaf_count=470 1479 1205 223 112 3115 1070 450 2335 2647 1285 24885 436 1937 1040 119
internal_value=2.78537e-05 0.00451317 0.00733244 0.00502407 -0.000753846 0.000364066 0.0111962 -0.00386585 0.000453474 -0.00763251 -0.000434016 -0.00420459 -0.000520087 0.0203769 -0.013957
internal_weight=14134.5 2097.77 1585.14 1346.81 12036.8 8855.6 607.685 3181.16 1481.87 1699.3 8247.91 512.623 372.06 238.332 140.564
internal_count=42808 6551 2854 1591 36257 26875 1520 9382 4982 4400 25355 3697 2373 1263 1324
is_linear=0
shrinkage=0.0203443


Tree=107
num_leaves=14
num_cat=0
split_feature=10 18 24 25 24 2 24 7 13 9 24 18 18
split_gain=170.265 261.673 238.754 242.29 177.378 166.956 145.104 160.809 122.717 133.856 122.069 72.3246 67.8113
threshold=54.266805648803718 -0.0037126305978745218 0.0027496205875650053 0.94425964355468761 0.0059375241398811349 13.500000000000002 0.0034638950601220135 53.925441741943366 54.835750579833991 54.08226394653321 0.0047584653366357097 -0.0018820728873834012 -0.017671602778136727
decision_type=2 2 2 2 2 2 2 2 2 2 2 2 2
left_child=6 2 3 -2 -4 11 8 12 9 -1 -7 -3 -8
right_child=1 5 4 -5 -6 10 7 -9 -10 -11 -12 -13 -14
leaf_value=0.0040154265060006467 0.022223599042438549 -0.019749807475132466 -0.0025777218441619698 -0.0027753069720490701 0.0069329056183766126 0.00012535596051890935 -0.0092553867947939711 -0.0037512069030841717 -0.019662205968264811 0.020645600485773935 -0.0067756128302108795 -0.007553269176565628 0.0094730229368310288
leaf_weight=359.88274392695848 462.74171360962544 234.93916977880917 2398.0642750388192 245.646267571468 1226.9123247183552 3701.8459616403406 88.440511556070192 1124.1924982070923 49.692065715789795 451.83482885360718 1487.0675201404738 1402.7990299807984 840.11765600971887
leaf_count=3687 803 249 4075 540 2946 10276 1714 152 7 42 5037 1992 11288
internal_value=-1.43291e-05 -0.00115779 0.00275226 0.0135547 0.000641246 -0.00363978 0.00436463 0.00142384 0.0113726 0.0132725 -0.00185236 -0.00930292 0.00768921
internal_weight=14074.2 11160 4333.36 708.388 3624.98 6826.65 2914.16 2052.75 861.41 811.718 5188.91 1637.74 928.558
internal_count=42808 25918 8364 1343 7021 17554 16890 13154 3736 3729 15313 2241 13002
is_linear=0
shrinkage=0.0203443


Tree=108
num_leaves=13
num_cat=0
split_feature=0 10 21 31 7 26 4 7 4 16 16 21
split_gain=177.973 232.424 193.711 120.433 113.054 103.723 103.567 96.3168 93.3722 117.546 71.5153 60.1722
threshold=948339.90625000012 54.534118652343757 0.78073960542678844 32.327220916748054 54.876924514770515 0.0061148654203861961 -0.011225214693695305 76.427375793457045 -0.011495652142912148 0.0012676269980147483 0.0081080128438770788 0.065474469214677825
decision_type=2 2 2 2 2 2 2 2 2 2 2 2
left_child=1 -1 8 6 10 -6 -3 -5 11 -10 -4 -2
right_child=2 3 4 7 5 -7 -8 -9 9 -11 -12 -13
leaf_value=-0.011404004161459889 -0.014017374473616437 0.0053368800946254624 -0.014840956378696403 0.03419508128065462 0.016634915891062127 -0.0033253857244067305 -0.0022157698449945433 0.00067437583979748845 0.0032001894731205171 0.010619957211189789 -0.0017983176974960627 0.00079572674953751795
leaf_weight=978.70861196517853 170.6785495430334 870.37716361719231 457.16292366180062 72.368337631225216 152.13496071888068 369.36080655417373 5500.4168149773241 69.601655618962837 3661.9226075420033 1164.8257734963422 280.93368700208543 338.78026963846031
leaf_count=137 634 2986 1991 6 532 1560 13370 570 12446 3856 1722 2998
internal_value=-1.44267e-05 -0.00216007 0.00242258 -0.000770934 -0.00475351 0.00249755 -0.00118392 0.0177615 0.00411648 0.00499079 -0.00987671 -0.00416691
internal_weight=14087.3 7491.47 6595.8 6512.76 1259.59 521.496 6370.79 141.97 5336.21 4826.75 738.097 509.459
internal_count=42808 17069 25739 16932 5805 2092 16356 576 19934 16302 3713 3632
is_linear=0
shrinkage=0.0203443


Tree=109
num_leaves=16
num_cat=0
split_feature=17 0 24 0 33 30 24 15 33 26 3 10 30 30 24
split_gain=137.322 100.276 87.9055 100.605 90.3662 79.7184 88.5803 78.9265 98.7425 89.8779 82.224 68.097 59.3145 55.9794 49.9588
threshold=0.0048252823762595662 924819.34375000012 0.0034447174984961752 996271.53125000012 0.31755790114402777 11.47592353820801 0.001616371679119766 0.0058227383997291335 1.557894825935364 0.0055181167554110297 0.0037540445337072019 81.333549499511733 19.102249145507816 23.677980422973636 0.0029210071079432969
decision_type=2 2 2 2 2 2 2 2 2 2 2 2 2 2 2
left_child=1 5 3 -3 -4 11 -7 8 10 12 -2 -1 -9 -11 -10
right_child=7 2 4 -5 -6 6 -8 9 14 13 -12 -13 -14 -15 -16
leaf_value=-0.017049423236689943 0.0090384933543640501 -0.010216833515250972 0.00033074551096714942 -0.00015562692772196093 -0.0070318289450692966 -0.011814281784946715 0.0025670814936132849 0.0035579261265847556 0.0056452905338242746 0.0049055403084860196 0.029462429719248444 0.0026640944596283238 -0.0086209579164479196 -0.0035347429317927471 -0.020212104509112632
leaf_weight=177.27902746200715 601.57164391965875 1177.574257209897 3116.6879501994963 632.17756016022713 886.15259744041532 185.9946665885559 3776.9191604002176 250.82196984382949 59.043624119329863 2111.1985423624037 94.386381616529661 122.73340564662823 486.62587051995001 384.46362319787522 64.940387635289269
leaf_count=28 787 224 11610 4520 1992 1373 10755 742 280 6947 248 725 895 1526 156
internal_value=2.87721e-05 -0.00124333 -0.00298145 -0.00670229 -0.00129918 0.00112662 0.0018921 0.00319111 0.00882857 0.0017614 0.0118084 -0.00898466 -0.00447863 0.00360528 -0.00789813
internal_weight=14128.6 10075.5 5812.59 1809.75 4002.84 4262.93 3962.91 4053.05 819.942 3233.11 695.958 300.012 737.448 2495.66 123.984
internal_count=42808 31227 18346 4744 13602 12881 12128 11581 1471 10110 1035 753 1637 8473 436
is_linear=0
shrinkage=0.0203443


Tree=110
num_leaves=16
num_cat=0
split_feature=8 14 32 9 0 7 22 14 16 13 0 14 0 24 16
split_gain=165.834 175.192 225.033 209.007 166.63 270.985 212.418 117.875 137.01 154.541 126.667 95.196 98.0369 94.2923 50.0786
threshold=53.967767715454109 59.975877761840827 10.40871047973633 59.94032287597657 935305.25000000012 56.046705245971687 0.011760419234633447 27.61085414886475 0.0051888630259782085 53.564498901367195 911094.25000000012 14.327303886413576 935305.25000000012 0.0042202509939670571 -0.006463778903707861
decision_type=2 2 2 2 2 2 2 2 2 2 2 2 2 2 2
left_child=7 4 13 -4 5 -2 -6 11 10 -10 -9 14 -13 -3 -1
right_child=1 2 3 -5 6 -7 -8 8 9 -11 -12 12 -14 -15 -16
leaf_value=-0.0013471379453388779 0.0086581710502600627 0.030082676033646623 -0.010922150495336576 0.00060094383251802397 0.018941938119070828 -0.0014584516779008526 -0.0038563597209793706 -0.019879636276479797 0.0043579978261558249 -0.017842773640544395 0.0096056293953745604 0.01920900750556729 -0.014371226160928979 -0.0018899807730279462 0.033000431555715817
leaf_weight=35.372442168650764 1980.4159884452793 100.49667096790407 1785.6037762165063 1025.7383368799144 177.5940956699551 2453.5725798680005 3557.6677865362062 62.346086502077696 424.29256334245656 186.96027755737305 1839.9515002277842 40.935610771179199 297.45500584812771 61.563225349492967 34.904323131898195
leaf_count=146 184 212 232 7241 349 11496 5997 7 3304 27 11523 4 1824 184 78
internal_value=-1.44512e-05 -0.00114575 -0.00537409 -0.00671786 0.000393264 0.00306008 -0.0027724 0.00429926 0.00594682 -0.00243238 0.00863926 -0.00583416 -0.0103089 0.0179368 0.0157119
internal_weight=14064.9 11142.7 2973.4 2811.34 8169.25 4433.99 3735.26 2922.22 2513.55 611.253 1902.3 408.667 338.391 162.06 70.2768
internal_count=42808 25895 7869 7473 18026 11680 6346 16913 14861 3331 11530 2052 1828 396 224
is_linear=0
shrinkage=0.0203443


Tree=111
num_leaves=16
num_cat=0
split_feature=0 21 24 24 21 2 24 31 19 5 8 5 19 2 26
split_gain=171.162 186.726 155.871 149.885 379.524 172.468 172.179 153.201 132.118 121.679 114.89 121.013 106.331 90.8202 81.7489
threshold=948339.90625000012 0.78073960542678844 0.0068274599034339198 0.0020834923489019279 0.4029154926538468 38.500000000000007 0.0033064121380448346 32.327220916748054 0.020784962922334674 54.314403533935554 54.87335395812989 63.152738571166999 -0.0019620740786194797 18.500000000000004 0.0055181167554110297
decision_type=2 2 2 2 2 2 2 2 2 2 2 2 2 2 2
left_child=3 2 12 4 14 -6 8 -8 -5 -4 11 -3 -2 -12 -1
right_child=1 10 9 6 5 -7 7 -9 -10 -11 13 -13 -14 -15 -16
leaf_value=-0.013622678538586371 0.0031330127399502171 -0.015658659778851333 -0.0060274925481629124 -0.0084783534868747394 0.020527637360935762 -0.019215402192645628 -0.0014703139659675984 0.020940242804432265 0.023095443793557408 0.011520067784792858 0.019806385222053205 0.0009680071450028988 0.0096856131735885004 -0.001562191553380336 0.012551533995072889
leaf_weight=329.92093644781636 2522.7904949512422 490.08729820200256 893.72279599677654 2232.0222434451339 479.54405097274628 49.895050709769521 4144.3644471002699 130.2201663483911 56.23414393531084 200.19360994473413 105.68760717550151 287.43965415889738 1726.4539096263179 372.36369046684229 58.081995180179604
leaf_count=888 8359 2426 4926 3751 1471 777 9058 429 587 861 375 1294 5788 1710 108
internal_value=-1.50017e-05 0.0023733 0.00403227 -0.00212185 0.00558045 0.0167822 -0.00319858 -0.000787598 -0.00770241 -0.00281616 -0.00468649 -0.00951201 0.00579532 0.00316193 -0.00970448
internal_weight=14079 6598.74 5343.16 7480.28 917.442 529.439 6562.84 4274.58 2288.26 1093.92 1255.58 777.527 4249.24 478.051 388.003
internal_count=42808 25739 19934 17069 3244 2248 13825 9487 4338 5787 5805 3720 14147 2085 996
is_linear=0
shrinkage=0.0203443


Tree=112
num_leaves=16
num_cat=0
split_feature=5 19 19 6 19 2 2 2 32 5 33 20 26 26 21
split_gain=141.462 99.1473 128.033 94.8483 194.368 86.018 121.004 128.895 100.874 99.6983 84.4553 84.4003 84.3053 75.4587 68.9655
threshold=57.534437179565437 0.0083452071994543093 0.022315979935228828 -0.00091169009101577092 -0.0031893322011455889 14.500000000000002 35.500000000000007 39.500000000000007 15.011425971984865 62.93806457519532 1.0940819978713991 0.002738035400398076 0.0023286273935809736 0.0030259736813604836 0.34197302162647253
decision_type=2 2 2 2 2 2 2 2 2 2 2 2 2 2 2
left_child=1 3 14 4 -1 8 13 -8 9 -2 -10 -4 -5 -7 -3
right_child=5 2 11 12 -6 6 7 -9 10 -11 -12 -13 -14 -15 -16
leaf_value=-0.00062797320686183114 0.020161845326779455 -0.0033501562718293255 -0.0018795452820601294 0.020524670938635955 0.01097340505418952 -0.020622650625641219 0.018979131492578367 -0.00039292076406004971 -0.007507661174373681 0.0039635865537865139 0.0083003118828290576 0.014712630336909279 -0.0018715186392960423 -0.00071165750601185067 -0.012479528448210727
leaf_weight=1943.0930581267899 381.5851183376883 594.09740975848717 543.47650016378179 70.406843355774072 863.25863590985728 83.357601837524044 281.5435385235204 287.13949509373344 237.60680817443222 267.53252328204212 340.1057503435361 165.53810609507332 5820.3132280480859 1434.3285664104376 808.66914328336043
leaf_count=6715 375 1668 3585 1111 1678 347 330 3343 353 410 487 775 15159 3763 2709
internal_value=2.97784e-05 -0.00109755 -0.00505173 -0.000137408 0.00294071 0.00370752 0.00119382 0.00919775 0.00798235 0.0134858 0.00179863 0.0019943 -0.00160383 -0.00180527 -0.00861309
internal_weight=14122.1 10808.9 2111.78 8697.07 2806.35 3313.2 2086.37 568.683 1226.83 649.118 577.713 709.015 5890.72 1517.69 1402.77
internal_count=42808 33400 8737 24663 8393 9408 7783 3673 1625 785 840 4360 16270 4110 4377
is_linear=0
shrinkage=0.0203443


Tree=113
num_leaves=15
num_cat=0
split_feature=8 2 22 8 24 18 14 14 16 13 24 14 26 16
split_gain=160.265 219.179 196.659 184.583 335.88 181.875 153.853 114.798 132.992 150.695 109.044 92.2531 95.9665 48.1415
threshold=53.967767715454109 14.500000000000002 0.010202555451542141 55.551496505737312 0.0034638950601220135 -0.0090675079263746721 59.211545944213874 27.61085414886475 0.0051888630259782085 53.564498901367195 0.006877247244119645 14.327303886413576 0.021327772177755836 -0.006463778903707861
decision_type=2 2 2 2 2 2 2 2 2 2 2 2 2 2
left_child=7 2 -2 4 -3 -5 -4 11 10 -10 -9 13 -13 -1
right_child=1 3 6 5 -6 -7 -8 8 9 -11 -12 12 -14 -15
leaf_value=-0.001403616525321081 0.029991383485400917 0.012141832776434002 -0.0040236222594781205 0.0065218046011986976 -0.0037878865019405216 -0.0029048966301046431 -0.015049609434241598 0.0067785888544184122 0.0042618207311061395 -0.017716353186277411 0.02230025951100818 -0.012974722772389089 0.032603786695127229 0.032205847542705092
leaf_weight=35.361872578676746 61.47372313004189 1316.0771379470807 2083.1226933157659 1019.3650782108807 938.51416254043579 5013.0160763256454 699.74350073243977 1694.8568336765009 424.86033370001155 185.49980449676514 210.61290783883805 316.60649364992281 20.348552013695041 35.193706804089977
leaf_count=146 163 118 2886 3338 104 17876 1410 8616 3304 27 2914 1697 131 78
internal_value=-1.4892e-05 -0.00112821 -0.006001 0.000544275 0.00551079 -0.00131195 -0.00679608 0.00422433 0.00584689 -0.00241772 0.00849422 -0.00579276 -0.0102222 0.0153608
internal_weight=14054.7 11131.3 2844.34 8286.97 2254.59 6032.38 2782.87 2923.34 2515.83 610.36 1905.47 407.511 336.955 70.5556
internal_count=42808 25895 4459 21436 222 21214 4296 16913 14861 3331 11530 2052 1828 224
is_linear=0
shrinkage=0.0203443


Tree=114
num_leaves=16
num_cat=0
split_feature=0 21 5 32 12 15 14 7 5 21 15 2 23 15 23
split_gain=166.418 180.366 129.861 120.921 120.34 183.726 110.698 107.473 95.7537 90.284 148.32 117.942 82.7671 63.4179 2.48129
threshold=948339.90625000012 0.78073960542678844 63.642076492309577 10.40871047973633 77.165615081787124 0.0064503194298595199 79.278095245361342 54.876924514770515 63.152738571166999 0.72714367508888256 0.0065221188124269256 8.5000000000000018 -0.0020477570360526438 0.0050107764545828113 0.00090413462021388124
decision_type=2 2 2 2 2 2 2 2 2 2 2 2 2 2 2
left_child=2 9 4 14 5 -1 -5 8 -3 11 -11 -2 -9 -6 -4
right_child=1 7 3 6 13 -7 -8 12 -10 10 -12 -13 -14 -15 -16
leaf_value=-0.0012596855308603051 -0.0045523043973964917 -0.015309210890765697 -0.019090210458393351 0.0061497258415144796 0.019725552834683316 -0.0091891141403588651 0.030357489737540707 -0.01722927002437926 -3.2808320006208565e-05 -0.0099227519005040642 0.021023408134619493 0.0045089724551965003 0.0057677033941488931 0.00072606251125971379 -0.012102333449277171
leaf_weight=2917.6116354465485 689.95709117430124 459.48374272479998 42.865074978259301 423.19272044064468 75.762127631476005 2065.6820344924927 95.902293928443612 75.772288250375254 269.39583240354125 83.549894904675853 275.38017304890775 4298.8036590646589 446.26877618347305 1807.1488007801815 41.345971712822077
leaf_count=304 639 2421 85 959 4400 416 249 295 1292 209 1200 17886 1797 10531 125
internal_value=-1.61638e-05 0.00233805 -0.00209589 0.00695362 -0.00289104 -0.00454661 0.0106221 -0.0046164 -0.00966304 0.00396482 0.0138199 0.00325577 0.00242974 0.00149055 -0.0156596
internal_weight=14068.1 6598.61 7469.51 603.306 6866.2 4983.29 519.095 1250.92 728.88 5347.69 358.93 4988.76 522.041 1882.91 84.211
internal_count=42808 25739 17069 1418 15651 720 1208 5805 3713 19934 1409 18525 2092 14931 210
is_linear=0
shrinkage=0.0203443


Tree=115
num_leaves=15
num_cat=0
split_feature=5 19 11 26 30 33 11 9 12 19 33 26 19 14
split_gain=136.303 96.0263 248.416 190.705 93.4943 170.036 69.6726 164.438 112.583 71.4706 71.1526 48.2897 40.6281 40.2903
threshold=57.534437179565437 0.0083452071994543093 56.651367187500007 0.0042744819074869165 23.888156890869144 -0.70734658837318409 56.651367187500007 55.432725906372077 53.174276351928718 0.019319314509630207 0.7535725235939027 0.0070647643879055986 0.025701534003019336 71.380878448486342
decision_type=2 2 2 2 2 2 2 2 2 2 2 2 2 2
left_child=1 4 12 -4 5 -1 7 8 -2 10 -8 -6 -3 -11
right_child=6 2 3 -5 11 -7 9 -9 -10 13 -12 -13 -14 -15
leaf_value=0.0059808392194367265 0.0079724699863745526 -0.015436808950894578 0.01504710116808849 -0.0036665277753555083 -0.010417146269609065 -0.0010787415048535711 0.022359789976639777 0.016648854266886403 -0.0023021298225623459 -0.002204495179947303 0.00088571209925758997 -0.001599776673196744 0.00066071314011356501 -0.016513304570355852
leaf_weight=1866.7075394607436 895.44722627160445 719.49203919568902 288.84757524711222 1025.9322551116018 500.75061419581243 5798.6680352429703 70.337663230716203 452.89212703704834 870.49960899353027 186.49869430985234 693.8021460628006 528.30952931591173 71.32282986744724 144.60221837053973
leaf_count=4730 3424 1375 1484 4087 1304 16990 545 41 94 1401 3115 1639 1791 788
internal_value=3.08967e-05 -0.00107659 -0.00497475 0.000444704 -0.000132542 0.000640437 0.00364002 0.00571247 0.00290773 -0.000558534 0.00286239 -0.00589042 -0.013985 -0.00845367
internal_weight=14114.1 10800 2105.59 1314.78 8694.44 7665.38 3314.08 2218.84 1765.95 1095.24 764.14 1029.06 790.815 331.101
internal_count=42808 33400 8737 5571 24663 21720 9408 3559 3518 5849 3660 2943 3166 2189
is_linear=0
shrinkage=0.0203443


Tree=116
num_leaves=16
num_cat=0
split_feature=8 14 32 9 14 31 32 32 14 9 32 14 7 27 4
split_gain=155.602 167.255 216.435 204.421 111.703 145.938 164.086 101.354 96.1937 162.654 149.426 89.6783 71.7316 46.614 39.5752
threshold=53.967767715454109 59.975877761840827 10.40871047973633 59.94032287597657 27.61085414886475 20.959753990173343 22.127140045166019 13.84052896499634 46.548574447631843 55.934913635253913 19.851618766784672 14.327303886413576 55.453603744506843 -0.0044697648845612994 -0.0055835938546806565
decision_type=2 2 2 2 2 2 2 2 2 2 2 2 2 2 2
left_child=4 8 12 -4 11 7 -7 -6 10 -10 -2 14 -3 -13 -1
right_child=1 2 3 -5 5 6 -8 -9 9 -11 -12 13 -14 -15 -16
leaf_value=0.029847699288974686 -0.0070282180251881234 0.031234753421886616 -0.010772166385315567 0.00064721280554086923 0.037875690639383321 0.0049674099189735976 -0.012180931483636009 0.010012501341865458 0.0080908456971464753 -0.0014555962791144856 0.00078909681303384964 0.0054099477793539208 0.0041898840697968892 -0.013827962968241229 -0.00058428783649453354
leaf_weight=36.419276427653188 1375.1084361271251 80.362837314605855 1769.8704290390019 1024.3371858752771 57.123307948183765 1174.0849317834945 287.50127579595664 999.29133073328899 1478.3315060138707 1476.4725392239848 3833.0738193883863 64.544554256885988 82.021816983800221 270.99637850732211 34.3837102412391
leaf_count=65 2475 7 232 7241 280 5935 884 7762 170 6948 8433 470 389 1358 159
internal_value=-1.48579e-05 -0.00111305 -0.00525894 -0.00658589 0.00416091 0.0057582 0.00159423 0.0115192 0.000388569 0.00332062 -0.00127489 -0.00573697 0.0175743 -0.0101273 0.0150689
internal_weight=14043.9 11119.6 2956.59 2794.21 2924.34 2518 1461.59 1056.41 8162.99 2954.8 5208.18 406.344 162.385 335.541 70.803
internal_count=42808 25895 7869 7473 16913 14861 6819 8042 18026 7118 10908 2052 396 1828 224
is_linear=0
shrinkage=0.0203443


Tree=117
num_leaves=16
num_cat=0
split_feature=0 32 24 24 21 24 4 25 30 12 4 7 5 6 4
split_gain=162.302 176.014 169.11 143.926 366.288 168.568 164.522 137.64 127.192 109.479 97.775 92.1236 90.9195 57.1108 5.49339
threshold=948339.90625000012 16.151859283447269 0.0068274599034339198 0.0020834923489019279 0.4029154926538468 0.0045393756590783605 -0.011225214693695305 0.42167623341083532 21.833339691162113 59.256948471069343 0.0031861092429608111 56.046705245971687 49.228027343750007 -0.00071315688546746958 -0.0033802113030105825
decision_type=2 2 2 2 2 2 2 2 2 2 2 2 2 2 2
left_child=3 7 9 4 13 6 -5 14 -9 -3 -6 -4 -7 -1 -2
right_child=1 2 11 5 10 12 -8 8 -10 -11 -12 -13 -14 -15 -16
leaf_value=-0.016111281435657949 -0.010891225117886564 0.008245446049072758 -0.0079653997388631752 0.0070553819358878224 0.0099446263573131077 -0.0028306973473191466 -0.0066841350100214055 -0.0082119736778189165 0.0045924007237166031 0.00047281697290893254 0.028173247403104524 0.0034232029709360197 0.0054905683645571513 -0.00020516776754867197 -0.019028185607421505
leaf_weight=228.12814983553824 41.291444476462942 2853.2092277498605 623.55414535236173 396.7652447376654 341.85757125401904 1045.6947587564721 3970.2534498708324 574.8089520842517 727.45739588461004 1017.5212957453887 189.19370251976909 556.20602352869651 1131.5141786351749 158.2346382521738 204.40589481946691
leaf_count=295 215 9194 4155 1244 1529 2893 6642 3286 2021 4561 719 1969 3046 701 338
internal_value=-1.69485e-05 0.00230743 0.00414697 -0.00207244 0.005474 -0.00313035 -0.00543583 -0.00369437 -0.00105932 0.00620222 0.0164388 -0.00259615 0.00149393 -0.009597 -0.0176608
internal_weight=14060.1 6598.45 5050.49 7461.64 917.414 6544.23 4367.02 1547.96 1302.27 3870.73 531.051 1179.76 2177.21 386.363 245.697
internal_count=42808 25739 19879 17069 3244 13825 7886 5860 5307 13755 2248 6124 5939 996 553
is_linear=0
shrinkage=0.0203443


Tree=118
num_leaves=16
num_cat=0
split_feature=33 30 33 29 25 11 23 29 29 4 22 30 9 11 30
split_gain=91.1635 114.076 104.333 148.698 108.245 76.0031 70.4117 69.4995 63.2152 86.2204 68.4499 54.132 39.137 37.9781 36.5317
threshold=1.0776714682579043 23.888156890869144 -1.1477617621421812 3.8132229747134268e-05 2.4976891279220585 54.164119720458991 0.00074901190237142156 -0.00010870119149331002 -0.00015081137826200572 0.011843995656818153 0.014319624751806261 26.881454467773441 55.934913635253913 54.677249908447273 23.099324226379398
decision_type=2 2 2 2 2 2 2 2 2 2 2 2 2 2 2
left_child=1 2 3 -1 -4 7 -7 -3 9 13 12 -12 -10 -2 -11
right_child=8 5 4 -5 -6 6 -8 -9 10 14 11 -13 -14 -15 -16
leaf_value=0.0023436510258564463 0.0058270377942840042 0.02811870840700912 -0.00024191598776565753 0.022053939028352284 -0.013616518746215483 -0.011481051676376901 -0.0014476360399014283 -0.011962050777288706 0.028078758918240878 0.0099059335652742948 0.00080136276890565238 0.019906142800641881 8.3351121426420929e-05 0.023587590947888259 -0.019175874800383831
leaf_weight=768.0520062836996 70.867895488327719 48.358856030960382 9486.6313708432281 199.58721302509809 257.24889110420554 746.31631075924474 472.94998197535824 28.433502813360306 65.317745196659189 30.920298453171888 1628.0638093166203 63.789644091945092 30.237607585515434 167.90732418667292 42.38141453213921
leaf_count=3009 310 656 27944 787 1048 1765 987 942 110 117 3986 188 484 343 132
internal_value=3.18008e-05 -0.000652054 3.77076e-05 0.00640916 -0.000595022 -0.00635273 -0.00758914 0.0132779 0.00394298 0.0123915 0.00246788 0.0015217 0.0192201 0.0183164 -0.00690822
internal_weight=14107.1 12007.6 10711.5 967.639 9743.88 1296.06 1219.27 76.7924 2099.49 312.077 1787.41 1691.85 95.5554 238.775 73.3017
internal_count=42808 37138 32788 3796 28992 4350 2752 1598 5670 902 4768 4174 594 653 249
is_linear=0
shrinkage=0.0203443


Tree=119
num_leaves=15
num_cat=0
split_feature=10 14 2 7 2 8 24 7 21 25 3 3 15 21
split_gain=156.394 140.759 217.003 315.207 176.592 145.855 134.182 149.292 104.012 86.9134 78.5697 93.7144 75.6447 55.8782
threshold=54.266805648803718 59.975877761840827 31.500000000000004 56.046705245971687 25.500000000000004 59.790216445922859 0.0034638950601220135 53.925441741943366 -0.1281773820519447 0.75660911202430736 -0.0020019841613247986 -0.00120593118481338 0.0058995916042476901 0.85939210653305065
decision_type=2 2 2 2 2 2 2 2 2 2 2 2 2 2
left_child=6 2 4 -4 -2 9 10 8 -8 -3 13 -12 -7 -1
right_child=1 5 3 -5 -6 12 7 -9 -10 -11 11 -13 -14 -15
leaf_value=-0.013739334359578918 0.00029408508382152646 -0.013964175559005048 0.016040818864145146 -0.0010532787037579342 -0.0077037484124503151 0.017415132670415133 -0.016780340321127605 -0.0036608047189237965 0.00928562543647048 -0.004716892705592903 0.029297420884642295 0.010208741898761871 -0.00096717010229793472 0.011901371365769067
leaf_weight=82.550260533511604 5036.4041860441066 748.89813351631301 794.62370300292946 1019.007430408524 1477.9745239857375 102.27595461824069 68.38750375973143 1118.3582980632782 861.95381269492862 959.86288642883301 129.92850630903979 589.1090565234955 984.89094375071033 61.299839748086939
leaf_count=827 7983 110 58 7043 2981 2734 381 152 12621 115 279 2491 4894 139
internal_value=-1.49832e-05 -0.00111367 0.000212329 0.00643631 -0.00152045 -0.00506334 0.00418264 0.00134821 0.00736955 -0.00876971 0.0109122 0.0136581 0.000762137 -0.00281273
internal_weight=14035.5 11123.9 8328.01 1813.63 6514.38 2795.93 2911.59 2048.7 930.341 1708.76 862.888 719.038 1087.17 143.85
internal_count=42808 25918 18065 7101 10964 7853 16890 13154 13002 225 3736 2770 7628 966
is_linear=0
shrinkage=0.0203443


Tree=120
num_leaves=16
num_cat=0
split_feature=2 2 19 4 9 16 2 30 9 4 14 27 30 16 2
split_gain=107.533 168.301 285.211 149.178 112.095 139.246 108.464 206.271 144.945 95.438 78.5669 77.0558 59.9832 59.7025 53.762
threshold=32.500000000000007 25.500000000000004 1.0000000180025095e-35 -0.003707247087731957 55.934913635253913 0.0061529206577688464 19.500000000000004 11.47592353820801 68.35730361938478 0.0154307265765965 41.824663162231452 0.0032391749555245046 16.740228652954105 0.0020499064121395354 43.500000000000007
decision_type=2 2 2 2 2 2 2 2 2 2 2 2 2 2 2
left_child=1 6 10 -4 5 9 7 -1 -8 -2 -3 -7 14 -14 -6
right_child=4 2 3 -5 12 11 8 -9 -10 -11 -12 -13 13 -15 -16
leaf_value=0.027140908697592954 -0.01430934775136372 0.0028945646632151274 0.01865048954711267 0.0056933354484022848 0.012053290169657341 0.048135073170499934 -0.011077205586594372 0.00038200441636891707 -0.0005300152440225887 0.016055705319221653 -0.010740091791721609 -0.014593165266219536 -0.0077821140372065787 0.0028661592751707322 -0.00058894950075102253
leaf_weight=121.30914781184583 678.59347719983714 305.63718636810131 592.48268525325864 969.67337689189947 224.29469347453141 25.228259875305771 824.25538934119049 6960.0466771601668 1559.8546140824456 45.727310320903825 408.9816951214591 11.941206477899621 619.71136965766595 336.13855630012995 367.06744468782153
leaf_count=382 4560 1663 1229 2020 875 410 3259 10692 4823 478 2639 686 4460 2321 2311
internal_value=-1.7852e-05 0.000771317 0.00573749 0.0106076 -0.00403164 -0.0104216 -0.000423219 0.000840409 -0.00417649 -0.0123923 -0.00490862 0.0279822 -0.000886699 -0.00403747 0.00420602
internal_weight=14050.9 11742.2 2276.77 1562.16 2308.7 761.49 9465.47 7081.36 2384.11 724.321 714.619 37.1695 1547.21 955.85 591.362
internal_count=42808 26707 7551 3249 16101 6134 19156 11074 8082 5038 4302 1096 9967 6781 3186
is_linear=0
shrinkage=0.0203443


Tree=121
num_leaves=14
num_cat=0
split_feature=17 6 20 20 24 24 20 25 8 26 28 24 24
split_gain=124.45 129.059 81.9409 86.5252 78.6878 80.958 115.157 98.2309 67.6648 65.815 104.17 82.8201 0.0786331
threshold=0.0043399827554821977 0.00034655936178751295 0.0016486848471686246 0.0011248748633079233 0.001832783571444452 0.003804262494668365 0.0007887281826697291 0.42167623341083532 82.467121124267592 0.0033947213087230925 -2.6753680706024165 0.0034447174984961752 0.001616371679119766
decision_type=2 2 2 2 2 2 2 2 2 2 2 2 2
left_child=1 9 3 -3 12 6 -6 -7 -4 10 -1 -11 -2
right_child=4 2 8 -5 5 7 -8 -9 -10 11 -12 -13 -14
leaf_value=0.028551718318793003 -0.019529458799313646 -0.0050457107240486215 -0.015063806561720766 0.010838398184530052 -0.010243525683187945 0.011313450224284557 0.0087028964742949175 -0.00029753343215361102 0.0038135571529067398 -0.0039382350750414878 0.0030236263117797138 0.00081954212065594176 -0.018128085406147312
leaf_weight=71.638627484015842 34.926620582682908 1184.539163956661 511.18323689629898 161.26283490149308 146.57969792674771 343.8524784618462 1409.9489598568277 2452.8592384014582 92.865573656973709 2278.7002797314217 865.07644678288057 4514.2460155744766 33.120672277602871
leaf_count=396 156 4411 738 611 269 1033 2802 8051 906 5405 3084 14836 110
internal_value=3.25063e-05 -0.00125921 -0.00593646 -0.00314236 0.00286046 0.00319979 0.00691868 0.00113002 -0.0121616 -7.9344e-05 0.004976 -0.000776456 -0.0188477
internal_weight=14100.8 9679.51 1949.85 1345.8 4421.29 4353.24 1556.53 2796.71 604.049 7729.66 936.715 6792.95 68.0473
internal_count=42808 30387 6666 5022 12421 12155 3071 9084 1644 23721 3480 20241 266
is_linear=0
shrinkage=0.0203443


Tree=122
num_leaves=15
num_cat=0
split_feature=10 17 33 9 14 2 9 30 9 30 25 9 14 0
split_gain=152.192 189.809 190.398 147.619 136.903 210.957 298.729 183.656 147.285 114.537 86.8613 71.3681 50.9737 36.7213
threshold=54.266805648803718 0.011746645439416172 -1.2131476402282713 52.799509048461921 59.975877761840827 31.500000000000004 55.432725906372077 18.145738601684574 59.94032287597657 15.335356235504152 0.75660911202430736 68.35730361938478 14.327303886413576 1378895.8750000002
decision_type=2 2 2 2 2 2 2 2 2 2 2 2 2 2
left_child=1 2 12 13 5 7 -7 -2 10 -4 -6 -10 -1 -3
right_child=4 3 9 -5 8 6 -8 -9 11 -11 -12 -13 -14 -15
leaf_value=0.021661582600843235 -0.005314130500898755 0.028413336307561789 -0.0038633498783874395 -0.016336899710289676 -0.013895489577501922 0.025581735225345039 0.0028004844420606674 0.0015609346020325895 0.022983896683276644 0.0093455491655013451 -0.0046546835365208882 -0.0003567001706520687 -0.016662012650276697 -0.0047240736262856159
leaf_weight=15.64773004735906 2901.158535724594 43.642850399017313 312.94807642943761 282.25622987747192 751.30176472663925 282.0429296493528 1533.9268682478344 3608.4533931427623 57.256709816067314 2061.700944012412 957.68712973594666 1022.6343175317099 175.1496431848812 20.26771974042142
leaf_count=122 4764 6 3405 45 112 20 7081 6200 66 9674 115 7560 1654 1984
internal_value=-1.47943e-05 0.00412567 0.00603376 -0.0100151 -0.00109946 0.000207353 0.00633871 -0.00150309 -0.00500066 0.00760478 -0.00871712 0.000880818 -0.0135189 0.0179043
internal_weight=14026.1 2911.61 2565.45 346.167 11114.5 8325.58 1815.97 6509.61 2788.88 2374.65 1708.99 1079.89 190.797 63.9106
internal_count=42808 16890 14855 2035 25918 18065 7101 10964 7853 13079 227 7626 1776 1990
is_linear=0
shrinkage=0.0203443


Tree=123
num_leaves=15
num_cat=0
split_feature=10 2 15 24 2 15 15 13 5 11 24 24 7 31
split_gain=138.524 146.628 128.798 212.539 131.179 122.701 114.401 129.028 75.8275 124.242 74.8125 57.6603 32.0014 3.07254
threshold=54.096012115478523 32.500000000000007 0.0061592981219291696 0.004432087531313301 11.500000000000002 0.0068208714947104463 0.0036043744767084722 74.055500030517592 50.822669982910163 55.313636779785163 0.0019012058037333193 0.0038515659980475907 43.097715377807624 17.465813636779789
decision_type=2 2 2 2 2 2 2 2 2 2 2 2 2 2
left_child=5 2 3 -2 -4 12 10 -8 11 -10 -3 -7 13 -1
right_child=1 6 4 -5 -6 8 7 -9 9 -11 -12 -13 -14 -15
leaf_value=-0.0069600349409544831 0.0041840215734795403 0.029827837909320407 -0.0033472747910243926 0.030525565142713471 0.0022063078466485917 0.0065487081872396 -0.010467598360688708 -0.00054280041879955652 -0.00054477714530323936 0.031285361094020338 -0.020847689103017972 -0.012887515130797743 -0.017568512561385849 0.0056918400778761301
leaf_weight=11.24471939383635 2513.4946001766075 63.113561787784128 2663.1087970816725 133.5125945998052 5193.2351856336063 79.77411205133825 970.33854103088379 1228.6660159828048 419.15793429719855 57.74750280380249 14.90481302805876 303.57494343797839 364.62068319320679 27.06426492752281
leaf_count=1066 4858 753 2644 303 8247 1282 89 8857 6161 8 335 6262 44 1899
internal_value=-1.83791e-05 0.000616847 0.00163146 0.00551267 0.000323776 -0.00644535 -0.00406331 -0.00492225 -0.00210587 0.00330942 0.0201464 -0.00884282 -0.0157101 0.0019776
internal_weight=14043.6 12780.4 10503.4 2647.01 7856.34 1263.18 2277.02 2199 860.254 476.905 78.0184 383.349 402.93 38.309
internal_count=42808 26086 16052 5161 10891 16722 10034 8946 13713 6169 1088 7544 3009 2965
is_linear=0
shrinkage=0.0203443


Tree=124
num_leaves=14
num_cat=0
split_feature=24 30 11 30 24 28 22 7 22 30 30 21 6
split_gain=91.5484 76.8868 82.8533 70.8137 73.312 63.2159 41.7791 6.59413 0.88484 4.71707 1.82738 0.223848 0.0333995
threshold=0.0014123928267508747 11.31696939468384 61.272962570190437 23.778127670288089 0.0023179682902991776 -11.770907878875731 0.023781330324709419 53.925441741943366 0.011333499103784563 11.903794288635256 17.386466979980472 0.39418241381645208 -0.00012383620196487752
decision_type=2 2 2 2 2 2 2 2 2 2 2 2 2
left_child=8 2 7 5 -5 -3 -4 -2 9 -1 -11 -10 -13
right_child=1 3 6 4 -6 -7 -8 -9 11 10 -12 12 -14
leaf_value=-0.018288827532706775 -0.010267811042289184 -0.013922580952289869 0.0022363347695512907 0.010454407164299545 -0.0044360002136765095 0.0012127962410518999 -0.016259941931644536 -0.019454063259576819 -0.020979969839023244 0.040637021912788729 -0.011470193402166321 -0.019537454875906916 -0.018314003872280153
leaf_weight=12.198333865427852 40.390932778547892 115.36170224652415 274.65318755127055 148.89024401528627 1692.3952845112478 11497.992844320293 61.944534821227819 162.53355836868286 47.986514379259717 0.83212879897302139 0.41786479243703967 18.751751827492583 20.518646181051039
leaf_count=177 814 393 843 456 5428 33292 215 15 74 424 439 33 205
internal_value=3.36929e-05 0.000172783 -0.00735778 0.000474755 -0.00323192 0.00106245 -0.0011675 -0.0176257 -0.0192943 -0.0144308 0.0232004 -0.0200436 -0.0188988
internal_weight=14094.9 13994.2 539.522 13454.6 1841.29 11613.4 336.598 202.924 100.705 13.4483 1.24999 87.2569 39.2704
internal_count=42808 41456 1887 39569 5884 33685 1058 829 1352 1040 863 312 238
is_linear=0
shrinkage=0.0203443


Tree=125
num_leaves=12
num_cat=0
split_feature=0 0 7 22 0 7 29 30 30 0 30
split_gain=124.433 210.121 171.826 183.143 179.453 191.235 144.485 116.223 119.883 114.145 81.0832
threshold=967193.28125000012 982244.59375000012 56.046705245971687 0.017304888926446441 812132.37500000012 76.427375793457045 -6.2979263020679341e-05 15.766519546508791 21.123551368713382 924819.34375000012 13.013134002685549
decision_type=2 2 2 2 2 2 2 2 2 2 2
left_child=2 -2 3 -1 5 -4 -5 10 -9 -6 -3
right_child=1 7 4 6 9 -7 -8 8 -10 -11 -12
leaf_value=0.010399734721510005 -0.013435448133694855 0.00077668845552354682 0.02110531736504162 0.0064249912270512282 -0.010718855017388659 3.9978221202997389e-05 -0.001961014000874067 0.0046914863163666758 -0.0025664306773824537 0.0018070521463288062 -0.011263098493380818
leaf_weight=1351.9193668365479 632.89417216181755 355.24617975741853 195.64844894409111 1471.3921518325806 1077.9888671786559 2019.5023122862506 2014.6849718093872 1696.5461806128501 2117.7084355258839 417.81320382654781 664.69495994166186
leaf_count=124 169 2676 76 161 1304 15134 219 10428 8545 220 3752
internal_value=-1.54656e-05 -0.00241252 0.00151746 0.0040435 -0.00177576 0.00190054 0.00157852 -0.000969389 0.00066182 -0.00722006 -0.00706961
internal_weight=14016 5467.09 8548.95 4838 3710.95 2215.15 3486.08 4834.2 3814.25 1495.8 1019.94
internal_count=42808 25570 17238 504 16734 15210 380 25401 18973 1524 6428
is_linear=0
shrinkage=0.0203443


Tree=126
num_leaves=15
num_cat=0
split_feature=0 17 11 30 7 30 5 4 4 22 5 30 7 7
split_gain=156.079 128.658 126.876 165.58 187.637 110.159 109.248 108.654 134.936 118.928 96.436 66.4169 57.793 36.0236
threshold=948339.90625000012 0.012342500966042282 55.313636779785163 17.598062515258793 67.941825866699233 24.754317283630375 56.913030624389656 0.011594722513109447 -0.011761255562305449 0.018578732386231426 63.152738571166999 11.47592353820801 77.180961608886733 81.787750244140639
decision_type=2 2 2 2 2 2 2 2 2 2 2 2 2 2
left_child=1 7 6 4 -4 -5 11 8 -1 -9 -8 -2 -3 -14
right_child=2 12 3 5 -6 -7 10 9 -10 -11 -12 -13 13 -15
leaf_value=0.0041225065684843852 0.022423185142587097 0.02003509201934045 0.016319328382140692 -0.00074490631652655587 0.0022828455529695698 0.010016006951375497 -0.014511903884303025 0.014798324569785236 -0.0047226605425580081 -0.0014112325853326527 0.0021334052936646973 0.00040243866146290449 -0.015806604782913986 0.0068051290697634173
leaf_weight=821.81211418222756 58.6275393019273 139.19732594490046 823.15418648754496 2123.4116067513446 756.38128268098069 483.36760144851723 413.10866845651481 289.68907285331306 5433.4427521854495 530.23984888136283 221.1920315276252 1714.9222336417711 34.340529918670654 193.33814345418892
leaf_count=2771 829 21 121 4654 3202 883 2384 837 10900 1647 1302 12364 12 881
internal_value=-1.9275e-05 -0.00203868 0.00225979 0.00439998 0.00959779 0.00125045 -0.00146117 -0.00264781 -0.00356058 0.00431574 -0.00870735 0.00113038 0.00970823 0.00339453
internal_weight=14036.2 7442.06 6594.17 4186.31 1579.54 2606.78 2407.85 7075.18 6255.25 819.929 634.301 1773.55 366.876 227.679
internal_count=42808 17069 25739 8860 3323 5537 16879 16155 13671 2484 3686 13193 914 893
is_linear=0
shrinkage=0.0203443


Tree=127
num_leaves=14
num_cat=0
split_feature=17 6 18 18 30 26 24 24 20 24 20 24 24
split_gain=119.799 126.777 90.6836 220.973 76.4509 86.055 76.2767 77.8989 110.598 89.3656 67.6774 49.9926 0.0659517
threshold=0.0043399827554821977 0.00025572454615030443 0.00010182358164456674 -0.0032739276066422458 11.47592353820801 0.0033947213087230925 0.001832783571444452 0.003804262494668365 0.0007887281826697291 0.0042720274068415174 -0.00012236427573952821 0.0036223407369107012 0.001616371679119766
decision_type=2 2 2 2 2 2 2 2 2 2 2 2 2
left_child=1 4 3 -3 11 -6 12 8 -8 -9 -4 -1 -2
right_child=6 2 10 -5 5 -7 7 9 -10 -11 -12 -13 -14
leaf_value=-0.01539299877022713 -0.019318916271387918 -0.0087289304388122654 0.0049149108575121886 0.0088899957424830884 0.0065968759589435048 -0.00033195053298089902 -0.010082428967519614 -0.0062599715363455318 0.0085279574923429313 0.0029040871783570709 -0.01235965577319882 -0.00012176972380189627 -0.018025390829835571
leaf_weight=213.78680337043747 34.429121476682397 768.96729460968913 105.99671823691051 477.61952831317444 841.09796031534097 6290.3476882760178 145.81316748660015 547.66697370335487 1412.1680256377033 2249.4319032725516 820.2102015399073 151.67516139833029 32.853772511093936
leaf_count=820 156 3054 459 1602 2872 18670 269 911 2802 8173 2455 455 110
internal_value=3.46255e-05 -0.00123391 -0.00556093 -0.00197837 2.01655e-05 0.000485247 0.00280835 0.00314045 0.00678618 0.00110977 -0.0103827 -0.00905515 -0.0186876
internal_weight=14092.1 9669.7 2172.79 1246.59 7496.91 7131.45 4422.36 4355.08 1557.98 2797.1 926.207 365.462 67.2829
internal_count=42808 30387 7570 4656 22817 21542 12421 12155 3071 9084 2914 1275 266
is_linear=0
shrinkage=0.0203443


Tree=128
num_leaves=16
num_cat=0
split_feature=8 14 24 9 12 10 29 22 6 19 10 24 9 22 8
split_gain=147.959 155.366 150.826 211.088 150.697 145.694 107.325 138.919 181.777 108.04 102.023 99.2303 82.187 59.0584 3.17771
threshold=53.967767715454109 59.975877761840827 0.0044052521698176869 55.934913635253913 59.256948471069343 69.752571105957045 0.00026222797168884432 0.016857307404279712 0.0011449764715507629 -0.05625737085938453 54.861875534057624 0.0035068071447312836 68.35730361938478 0.017878093756735328 53.624652862548835
decision_type=2 2 2 2 2 2 2 2 2 2 2 2 2 2 2
left_child=6 2 3 -2 10 -4 7 8 -1 14 -3 -9 -6 -11 -8
right_child=1 4 5 -5 12 -7 9 11 -10 13 -12 -13 -14 -15 -16
leaf_value=-0.015767430984822799 0.0062060152439831961 -0.0036199271153015858 -0.0083100610118926905 -0.0022079058834842038 0.0254699079373483 0.0005786426805405037 0.024396316444167624 0.015529629388818723 0.028480954171058427 0.010639240162117262 -0.013167681880251268 0.0052884791071530239 -0.00033551039703042169 -0.0068547064077900729 0.036577629655124504
leaf_weight=211.21026358503372 2833.8331403732295 885.42253541946525 1313.6045384429199 2186.1651404967001 53.769693138229172 1821.5979405512026 15.334255817442907 544.8888615576418 46.972244871012947 92.176680103206536 971.438556432724 1391.9489217985201 1021.9505725929033 598.28448947502284 21.058920860290527
leaf_count=1817 304 116 293 9336 65 8093 364 1972 67 310 128 8701 7560 3678 4
internal_value=-1.55161e-05 -0.00108879 0.000355339 0.00254182 -0.00510477 -0.00314559 0.00405728 0.00630099 -0.00771705 -0.00271846 -0.00861496 0.00816962 0.000954349 -0.00451923 0.0314457
internal_weight=14009.7 11087.8 8155.2 5020 2932.58 3135.2 2921.87 2195.02 258.183 726.854 1856.86 1936.84 1075.72 690.461 36.3932
internal_count=42808 25895 18026 9640 7869 8386 16913 12557 1884 4356 244 10673 7625 3988 368
is_linear=0
shrinkage=0.0203443


Tree=129
num_leaves=15
num_cat=0
split_feature=0 32 20 8 20 31 3 20 2 2 18 2 32 32
split_gain=151.248 164.082 162.411 138.99 168.299 124.699 124.131 119.432 119.208 117.87 135.829 102.776 66.5806 76.1062
threshold=948339.90625000012 16.151859283447269 0.005082065938040615 54.87335395812989 0.0034628948196768765 24.108685493469242 0.0068650676403194675 0.0034008821239694957 10.500000000000002 8.5000000000000018 -0.0045114902313798657 18.500000000000004 11.218673229217531 12.158815860748293
decision_type=2 2 2 2 2 2 2 2 2 2 2 2 2 2
left_child=2 3 6 5 -5 -2 8 -8 -1 10 -3 -11 -4 -14
right_child=1 9 12 4 -6 -7 7 -9 -10 11 -12 -13 13 -15
leaf_value=0.004556571019823063 -0.016027400554306331 -0.017337892642942401 -0.010774630436998995 0.018524796037759833 -0.0051711208493946271 -0.0017541171915328548 0.010399981339312872 -0.015843757772727209 -0.0044542659747740113 0.0076406499725833023 0.004707443267392271 0.0014965975273695624 0.034214613416460808 0.009439963559147866
leaf_weight=678.71774221384385 442.70154035361861 220.63092809294588 51.435461039754443 220.02869009665699 284.41583641869909 592.2835727126826 477.57004247836227 84.465490334717686 5804.0906397125991 2604.2686705935052 243.16935980142304 1986.3761911700935 63.125039147773577 274.47185016097529
leaf_count=1220 1771 288 155 859 1165 2065 1561 200 13107 4219 437 14935 77 749
internal_value=-1.95134e-05 0.0022235 -0.00200908 -0.00359164 0.00516452 -0.00785935 -0.00271572 0.0064559 -0.00351087 0.00399462 -0.00577953 0.00498212 0.0107873 0.0140725
internal_weight=14027.8 6593.87 7433.88 1539.43 504.445 1034.99 7044.84 562.036 6482.81 5054.45 463.8 4590.64 389.032 337.597
internal_count=42808 25739 17069 5860 2024 3836 16088 1761 14327 19879 725 19154 981 826
is_linear=0
shrinkage=0.0203443


Tree=130
num_leaves=15
num_cat=0
split_feature=5 24 15 16 3 5 10 5 22 15 24 24 22 22
split_gain=121.312 88.3464 99.7068 121.185 85.5868 81.8701 123.482 96.2061 105.677 91.2345 79.5514 51.8518 24.2507 0.536897
threshold=57.534437179565437 0.001832783571444452 0.0058227383997291335 0.0033741046208888297 0.0089722839184105414 51.481073379516609 54.266805648803718 50.652799606323249 0.03775321692228318 0.006045995745807887 0.0034638950601220135 0.0049311071634292611 0.021889944560825828 0.014462300110608341
decision_type=2 2 2 2 2 2 2 2 2 2 2 2 2 2
left_child=5 12 3 -3 -4 7 11 10 -9 -8 -1 -7 13 -2
right_child=1 2 4 -5 -6 6 9 8 -10 -11 -12 -13 -14 -15
leaf_value=-0.0033081170767984445 -0.014767116216232048 0.017278669849639581 0.002829570418898635 0.0026091683528015382 -0.012730970202924271 -0.017390632749975973 -0.0082605129242816402 0.013532287847066176 -0.011056203045457 0.00017084106016183808 0.001233128002979117 -0.0045406189922136738 0.0077091104573202536 -0.019232902510002821
leaf_weight=2511.8901248249213 13.008431777619462 448.18472739702048 2114.5728626165151 485.64878062278666 157.17420907778751 338.42601820154567 706.50787092604014 391.85721047205612 88.723407869814707 2140.6448581636255 4381.3481835055381 211.01466960987301 17.176380758726623 79.74467674714306
leaf_count=6806 516 717 5997 1013 999 1759 2226 1217 295 3803 15338 1956 27 139
internal_value=3.5568e-05 0.00343842 0.00405342 0.00964968 0.00175298 -0.00101195 -0.0036254 0.000191881 0.00899279 -0.00192135 -0.000421695 -0.0124556 -0.0144948 -0.0186068
internal_weight=14085.9 3315.51 3205.58 933.834 2271.75 10770.4 3396.59 7373.82 480.581 2847.15 6893.24 549.441 109.929 92.7531
internal_count=42808 9408 8726 1730 6996 33400 9744 23656 1512 6029 22144 3715 682 655
is_linear=0
shrinkage=0.0203443


Tree=131
num_leaves=15
num_cat=0
split_feature=10 18 24 30 24 22 12 11 5 24 12 13 5 27
split_gain=146.113 236.712 219.256 174.996 170.787 150.15 145.806 142.859 115.82 86.7046 182.504 134.501 76.9368 55.1912
threshold=54.266805648803718 -0.0037126305978745218 0.0027496205875650053 21.936339378356937 0.0059375241398811349 0.017878093756735328 54.233993530273445 55.313636779785163 51.481073379516609 0.0034638950601220135 54.233993530273445 53.564498901367195 62.461280822753913 -0.0022120651556178923
decision_type=2 2 2 2 2 2 2 2 2 2 2 2 2 2
left_child=5 2 3 -2 -4 8 -3 -8 13 10 -7 -11 -10 -1
right_child=1 6 4 -5 -6 9 7 -9 12 11 -12 -13 -14 -15
leaf_value=0.017059381126024807 0.00641999601100148 -0.0097923961618569411 -0.0025649111214621628 0.028534728451285005 0.0067645532694802293 0.01265938335326188 0.022238658211304455 -0.0024902303224516877 0.026199512333885067 0.0075313279592240474 -0.020206356882939144 -0.0040784228707436794 -0.0057794765607114655 -0.010106003984901312
leaf_weight=48.078128749626046 500.75042267626259 1230.8192064762134 2391.0670534281394 210.29659156740399 1229.8673071942485 561.20333135445162 98.443313598632812 5430.6877373747084 257.98865609848588 626.31819650782791 79.885637283325195 1212.745099067688 35.410910344802517 86.911935185144443
leaf_count=509 961 183 4075 382 2946 2026 9 17362 891 12185 10 168 89 1012
internal_value=-1.62321e-05 -0.0010805 0.0026321 0.0129606 0.000603879 0.00404242 -0.00345965 -0.00204994 0.0151646 0.00212132 0.00856397 -0.000124551 0.0223398 -0.000430602
internal_weight=14000.5 11091.9 4331.98 711.047 3620.93 2908.54 6759.95 5529.13 428.39 2480.15 641.089 1839.06 293.4 134.99
internal_count=42808 25918 8364 1343 7021 16890 17554 17371 2501 14389 2036 12353 980 1521
is_linear=0
shrinkage=0.0203443


Tree=132
num_leaves=14
num_cat=0
split_feature=10 2 15 2 2 15 20 9 15 20 8 8 20
split_gain=132.595 140.441 127.729 178.24 126.052 119.082 156.257 115.424 84.98 84.0912 43.4935 31.5574 3.72324
threshold=54.096012115478523 32.500000000000007 0.0061592981219291696 10.500000000000002 11.500000000000002 0.0068208714947104463 -0.0010225267615169285 55.934913635253913 0.0036043744767084722 0.0007887281826697291 52.308687210083015 52.308687210083015 -0.00045768238487653429
decision_type=2 2 2 2 2 2 2 2 2 2 2 2 2
left_child=5 2 3 -2 -4 11 10 -3 -9 -8 -7 12 -1
right_child=1 7 4 -5 -6 6 9 8 -10 -11 -12 -13 -14
leaf_value=-0.0044811614689895746 0.018374330884907104 -0.010688643745391678 -0.0033144404499723997 0.0032992429003977329 0.0021330350297374383 0.0018165119829938398 0.020741742290494334 0.019844495598360747 -0.0019473112279765673 0.00062893276398207727 -0.016906120219761893 -0.017449183818184971 0.0082102427944549857
leaf_weight=18.772148639861769 378.86031239300155 724.60430812835648 2657.5825337244569 2267.4205914411705 5194.481487759128 63.974369910305086 107.84956452143416 78.006630231415556 1466.0433314837758 425.44549326236489 260.28806304931641 357.31116962432861 19.509018999895659
leaf_count=1329 312 67 2644 4849 8247 5772 1999 1088 8879 5897 45 44 1636
internal_value=-1.97248e-05 0.000600126 0.00159203 0.00545751 0.000289298 -0.00633474 -0.00207522 -0.00398998 -0.000846357 0.00469644 -0.0132122 -0.0155684 0.00198611
internal_weight=14020.1 12767 10498.3 2646.28 7852.06 1253.15 857.557 2268.65 1544.05 533.295 324.262 395.592 38.2812
internal_count=42808 26086 16052 5161 10891 16722 13713 10034 9967 7896 5817 3009 2965
is_linear=0
shrinkage=0.0203443


Tree=133
num_leaves=14
num_cat=0
split_feature=31 0 0 24 0 3 15 27 0 22 29 21 27
split_gain=103.136 129.422 112.31 113.112 127.852 96.0176 86.2188 100.036 84.07 81.8407 26.0342 23.7951 22.5202
threshold=25.995017051696781 766394.12500000012 924819.34375000012 0.0034447174984961752 982244.59375000012 0.0031098087783902888 0.0048418249934911737 0.0068518535699695357 911094.25000000012 0.031276686117053039 0.00026835122844204312 0.993159979581833 -0.0042813566979020825
decision_type=2 2 2 2 2 2 2 2 2 2 2 2 2
left_child=2 10 8 4 -4 -5 -3 -8 9 -1 12 -12 -2
right_child=1 6 3 5 -6 -7 7 -9 -10 -11 11 -13 -14
leaf_value=-0.0016504346506843728 0.0046985188445235393 -0.013736594981268595 -0.010698626168923354 -0.0020391796808528172 -0.00047647560332866857 0.0052689296407296762 0.0094647719497081267 -0.0034279609609564042 0.006554325896131967 0.0048838265282500808 0.0088416056391822581 -0.0096724756349823617 -0.016321199562841178
leaf_weight=2771.5811460003561 24.540300802888595 85.389706216885088 1189.5439620614025 3993.8948773869029 881.85191090120952 914.46588012248185 1421.9798986891628 301.98593479158967 1116.5656326711201 1111.5113392580902 54.523396050696213 60.740810087650949 150.25085483284991
leaf_count=10561 149 129 201 12496 5044 4329 3127 1114 159 3467 278 503 1251
internal_value=3.60718e-05 0.00419551 -0.000692874 -0.00236007 -0.00634678 -0.000677617 0.00621797 0.00720635 0.0016346 0.000219952 -0.00842042 -0.000914574 -0.01337
internal_weight=14078.8 2099.41 11979.4 6979.76 2071.4 4908.36 1809.36 1723.97 4999.66 3883.09 290.055 115.264 174.791
internal_count=42808 6551 36257 22070 5245 16825 4370 4241 14187 14028 2181 781 1400
is_linear=0
shrinkage=0.0203443


Tree=134
num_leaves=15
num_cat=0
split_feature=10 22 5 6 6 6 5 22 2 7 5 5 28 16
split_gain=142.522 144.752 143.042 196.03 173.074 140.651 111.519 110.013 96.9456 95.5139 74.2075 62.0446 53.7038 36.8522
threshold=54.266805648803718 0.017878093756735328 49.704465866088874 0.0012156090815551581 -0.00091169009101577092 -0.0011468773591332135 51.481073379516609 0.073315750807523741 31.500000000000004 53.925441741943366 62.461280822753913 34.293077468872077 -2.2206211090087886 0.0006953681295271964
decision_type=2 2 2 2 2 2 2 2 2 2 2 2 2 2
left_child=1 6 3 7 5 -4 12 -2 -6 11 -8 -3 -1 -5
right_child=2 9 4 13 8 -7 10 -9 -10 -11 -12 -13 -14 -15
leaf_value=0.016562046319281917 -3.2582279731080639e-05 -0.0093967192812642094 -0.0033832963545278255 0.010999050342421159 -0.006157770126957003 0.022059585329001506 0.025719353989415085 0.017982989779036392 -9.685383239549222e-07 -0.0015868332970688096 -0.0057128152298525098 0.0078470790170258198 -0.010117376888475787 0.027721948742807794
leaf_weight=49.100851368628469 5233.2989751253663 94.119747767146919 168.38652531864943 100.71129516566798 3630.0941579644414 193.00113861609509 258.47081509768435 144.15752206032084 1494.2714011364569 1336.5025589466095 35.336507527793742 1047.7229623890305 85.787752974441958 118.9883974132983
leaf_count=604 11157 932 547 291 7739 297 891 351 5359 175 89 13282 917 177
internal_value=-1.65319e-05 0.00399285 -0.00106819 0.00121994 -0.0034028 0.0102046 0.0149082 0.000450371 -0.00436244 0.00210475 0.0219389 0.00642569 -0.000405625 0.0200562
internal_weight=13990 2907.04 11082.9 5597.16 5485.75 361.388 428.696 5377.46 5124.37 2478.35 293.807 1141.84 134.889 219.7
internal_count=42808 16890 25918 11976 13942 844 2501 11508 13098 14389 980 14214 1521 468
is_linear=0
shrinkage=0.0203443


Tree=135
num_leaves=16
num_cat=0
split_feature=0 21 3 17 17 9 19 8 17 2 17 2 4 17 14
split_gain=147.864 157.719 123.833 130.74 182.736 129.859 114.24 101.989 84.9033 84.7196 82.8954 79.7154 49.6121 92.1686 39.6155
threshold=948339.90625000012 0.78073960542678844 0.0068650676403194675 0.0002741852513281629 0.0023524517891928558 55.432725906372077 -0.051781106740236275 54.87335395812989 0.010945313610136511 18.500000000000004 0.0036061122082173829 47.500000000000007 0.011088034603744747 0.0039647868834435948 40.793455123901374
decision_type=2 2 2 2 2 2 2 2 2 2 2 2 2 2 2
left_child=2 6 3 5 -5 -1 10 8 -3 -9 -2 -8 14 -14 -4
right_child=1 7 12 4 -6 -7 11 9 -10 -11 -12 -13 13 -15 -16
leaf_value=-0.011544577276487836 -0.0083882134708285466 -0.015786484420036134 -0.0096225823214855701 0.007999118562155615 -0.0027244363715937694 -0.0029077454649690231 0.0056595591322604229 0.018940424596022933 -0.0021285828611528044 -0.0016072046673315632 0.014442654183355231 -0.0024671002053289945 0.020616691210511833 -0.0018535901868992532 0.0061673488616248509
leaf_weight=1060.9970021247864 464.59572386053901 380.75402969683432 101.0623407609846 877.40498330258106 2626.7301518993509 2245.3980320614137 4248.9903790992239 106.87919188185629 372.87257944733028 372.52331741275702 76.686373531362506 566.14170297391138 202.89141892806481 120.37833773871728 188.29186941020546
leaf_count=129 1776 1697 268 2301 5249 7374 12078 375 2023 1710 271 5809 659 520 569
internal_value=-2.03316e-05 0.00219779 -0.00198933 -0.00277742 -3.93451e-05 -0.00567925 0.00370791 -0.00436232 -0.00902898 0.00297369 -0.0051536 0.00470406 0.00677182 0.0122492 0.000652345
internal_weight=14012.6 6589.44 7423.15 6810.53 3504.14 3306.4 5356.41 1233.03 753.627 479.403 541.282 4815.13 612.624 323.27 289.354
internal_count=42808 25739 17069 15053 7550 7503 19934 5805 3720 2085 2047 17887 2016 1179 837
is_linear=0
shrinkage=0.0203443


Tree=136
num_leaves=12
num_cat=0
split_feature=24 33 30 33 16 20 11 29 22 29 33
split_gain=87.5684 84.744 113.246 122.911 76.1533 156.034 73.9008 70.9392 0.822608 0.34573 0.0945213
threshold=0.0014123928267508747 1.0776714682579043 23.888156890869144 -1.1477617621421812 0.0038946593413129453 0.0033355057239532475 54.164119720458991 -0.00026625476311892266 0.012859747279435398 7.6710781286237775e-05 -0.99025073647499073
decision_type=2 2 2 2 2 2 2 2 2 2 2
left_child=8 2 3 -2 5 -3 -4 -6 9 -1 -10
right_child=1 4 6 -5 7 -7 -8 -9 10 -11 -12
leaf_value=-0.01341974929970202 0.0072343592690048827 -0.010310701362590454 0.013172735383623473 -0.00048063529624987607 0.022593524206468464 0.018272356257233988 -0.0074190422935040724 0.0010823895943557372 -0.020968207180601158 -0.018234945790502433 -0.019480005440526516
leaf_weight=12.443829706608433 937.502472225362 103.56409259605715 76.709478281827614 9675.3237570346064 66.122148009998455 333.91053081573938 1209.5697532838785 1571.5383126354809 31.154042292963389 12.364069036180972 43.019101046659593
leaf_count=896 3713 495 1588 27974 276 572 2672 4166 28 226 202
internal_value=3.64693e-05 0.000171533 -0.000490073 0.00020088 0.00396528 0.0115058 -0.006191 0.00195094 -0.0190317 -0.0158205 -0.0201054
internal_weight=14073.2 13974.2 11899.1 10612.8 2075.14 437.475 1286.28 1637.66 98.981 24.8079 74.1731
internal_count=42808 41456 35947 31687 5509 1067 4260 4442 1352 1122 230
is_linear=0
shrinkage=0.0203443


Tree=137
num_leaves=15
num_cat=0
split_feature=8 2 6 33 8 19 32 33 6 14 15 0 0 15
split_gain=139.266 204.194 269.649 210.314 154.173 201.367 136.147 129.376 155.382 106.056 80.2468 64.0374 39.0865 18.8558
threshold=53.967767715454109 14.500000000000002 -0.00055090337991714467 0.32689119875431066 55.551496505737312 0.0033426332520321016 19.414549827575687 -1.1078864336013792 -0.00051712259300984431 30.006017684936527 0.0054365515243262061 967193.28125000012 967193.28125000012 0.0097831315360963362
decision_type=2 2 2 2 2 2 2 2 2 2 2 2 2 2
left_child=7 2 3 -2 6 -6 -3 12 10 -10 -9 -4 -1 -14
right_child=1 4 11 -5 5 -7 -8 8 9 -11 -12 -13 13 -15
leaf_value=0.0085118282284436606 -0.0026788606811467765 0.00080178008465795999 -0.0079733883782078189 0.019163108853165862 0.0021829330304648708 -0.0053234106629546068 0.010915041485358089 -0.008760083915938013 -0.015353721237254996 0.0038716110558724621 0.017613091551116858 -0.016410774352022907 -0.016764881018573034 0.0032738892896388583
leaf_weight=36.482691287993816 1075.8370537827579 1300.1119852066058 863.81413651976538 219.72762948529498 3329.2420009554753 2661.811651851478 956.13551139831543 53.005498634009086 126.13254874810355 2031.971665537365 481.68544692225043 654.35485697893284 169.38463723330742 21.952266657449428
leaf_count=4 1377 135 2065 202 10793 10421 87 205 352 9548 4644 815 1002 1158
internal_value=-1.63299e-05 -0.00105967 -0.00579208 0.00102552 0.000554882 -0.00115211 0.00508751 0.00393504 0.0051805 0.00274796 0.0149986 -0.01161 -0.010786 -0.0144657
internal_weight=13981.6 11061 2813.73 1295.56 8247.3 5991.05 2256.25 2920.61 2692.8 2158.1 534.691 1518.17 227.82 191.337
internal_count=42808 25895 4459 1579 21436 21214 222 16913 14749 9900 4849 2880 2164 2160
is_linear=0
shrinkage=0.0203443


Tree=138
num_leaves=13
num_cat=0
split_feature=0 10 21 3 22 19 5 10 7 5 5 20
split_gain=143.445 212.506 152.845 125.57 140.915 110.729 109.13 102.852 95.3825 92.0728 89.3039 70.8172
threshold=948339.90625000012 54.534118652343757 0.78073960542678844 0.0068650676403194675 0.017748278565704826 -0.051781106740236275 67.185684204101577 54.096012115478523 54.876924514770515 63.152738571166999 53.622375488281257 0.0034628948196768765
decision_type=2 2 2 2 2 2 2 2 2 2 2 2
left_child=1 -1 5 6 -5 10 -3 -7 9 -4 -2 -10
right_child=2 3 8 4 -6 7 -8 -9 11 -11 -12 -13
leaf_value=-0.0109475451355786 -0.0078196728819500336 -0.0019845456326995797 -0.014904510520930425 0.025256777940963353 0.0023930095396016301 -0.0032323804595874714 0.015200610147815329 0.0057495338246870377 0.0096230584164015576 0.00024742690158775923 0.019969623950180048 -0.0053522512775310855
leaf_weight=949.84998846054077 487.00653223307751 5734.1433999325936 439.6170038759422 151.78854797356854 421.09613378652028 603.13776673729535 157.13265117853643 4216.9485626958285 266.49626171397983 266.68000525010922 53.079670451099389 256.49180313410943
leaf_count=137 1875 14424 2421 481 1530 11564 497 6323 919 1292 172 1173
internal_value=-2.10795e-05 -0.00196227 0.00216301 -0.000641957 0.00845091 0.00364683 -0.00152618 0.00462562 -0.00430703 -0.00918349 -0.0050885 0.0022786
internal_weight=14003.5 7414.01 6589.46 6464.16 572.885 5360.17 5891.28 4820.09 1229.29 706.297 540.086 522.988
internal_count=42808 17069 25739 16932 2011 19934 14921 17887 5805 3713 2047 2092
is_linear=0
shrinkage=0.0203443


Tree=139
num_leaves=9
num_cat=0
split_feature=21 21 29 4 22 21 32 12
split_gain=64.6072 96.7506 120.789 85 71.6554 138.595 78.7211 65.7032
threshold=-0.3087038248777389 -0.066596783697605119 -0.00047355564311146731 0.0001065650249074679 0.017607231624424461 1.0013590455055239 28.930344581604007 54.831932067871101
decision_type=2 2 2 2 2 2 2 2
left_child=-1 2 3 -2 5 -3 -6 -4
right_child=1 4 7 -5 6 -7 -8 -9
leaf_value=-0.01610885641239504 -0.0051491673447056864 -0.0037333545372542293 0.035121294148140685 0.016047982137298477 0.0011881311526549378 0.013280549794017438 -0.0059433668330801243 0.010312840501471635
leaf_weight=101.82350104847319 238.12089294448992 3259.3800225844907 86.183572701176473 116.65633950338639 9275.3248105416442 210.99274405096276 688.17570163840173 90.676973198601814
leaf_count=175 639 9264 159 512 28827 726 2241 265
internal_value=3.77919e-05 0.00015552 0.00866758 0.00182073 -0.000181338 -0.00269893 0.000695559 0.022402
internal_weight=14067.3 13965.5 531.638 354.777 13433.9 3470.37 9963.5 176.861
internal_count=42808 42633 1575 1151 41058 9990 31068 424
is_linear=0
shrinkage=0.0203443


Tree=140
num_leaves=15
num_cat=0
split_feature=10 18 19 24 17 33 9 18 24 30 7 11 24 7
split_gain=135.631 222.734 329.126 320.96 178.647 177.117 142.089 128.863 118.174 105.381 68.6918 52.0492 48.2492 35.674
threshold=54.266805648803718 -0.0037126305978745218 0.0033426332520321016 0.0027496205875650053 0.011746645439416172 -1.2131476402282713 52.799509048461921 -0.0023032004246488209 0.0042720274068415174 15.335356235504152 81.787750244140639 56.219516754150398 0.0027779797092080121 43.097715377807624
decision_type=2 2 2 2 2 2 2 2 2 2 2 2 2 2
left_child=4 2 3 -2 5 12 13 11 -9 -7 -4 -3 -1 -6
right_child=1 7 10 -5 6 9 -8 8 -10 -11 -12 -13 -14 -15
leaf_value=0.023950755412079028 0.018115542330261136 -0.020098362700282105 -0.017647545488991431 0.0019973128951146463 -0.0048462502510741969 -0.0037990367054386498 -0.016185988558646711 -0.00035595416266279172 -0.0062043787374425514 0.0089009810491632261 0.00021414002116220578 -0.0075876549091495743 -0.016185568172297701 0.027779058527953239
leaf_weight=13.348696515573378 607.01020187956146 229.03077268600987 364.74009967278909 3244.1307134246777 20.319959723391094 311.15625438215375 278.54531574249268 3899.1076639006324 2258.1496819901531 2065.5222117411654 117.92315728543571 344.94267302631238 173.72554890117507 43.705743789672852
leaf_count=86 1172 29 133 5803 1984 3405 45 9234 6904 9674 1256 1387 1690 6
internal_value=-1.6922e-05 -0.00104423 0.00255304 0.00453785 0.00389427 0.00573804 -0.00990423 -0.00336028 -0.00250084 0.00723828 -0.0132836 -0.0125798 -0.0133215 0.0174244
internal_weight=13971.4 11065 4333.8 3851.14 2906.32 2563.75 342.571 6731.23 6157.26 2376.68 482.663 573.973 187.074 64.0257
internal_count=42808 25918 8364 6975 16890 14855 2035 17554 16138 13079 1389 1416 1776 1990
is_linear=0
shrinkage=0.0203443


Tree=141
num_leaves=15
num_cat=0
split_feature=11 18 5 31 5 5 29 27 5 15 20 22 31 31
split_gain=85.8766 101.611 88.5247 104.802 87.2855 200.865 79.1772 120.614 118.637 71.948 60.2008 57.7573 55.0526 46.5055
threshold=55.313636779785163 -0.0045114902313798657 39.186372756958015 22.435494422912601 30.804540634155277 26.620110511779789 0.00060449319425970327 0.0061712018214166173 56.913030624389656 0.0089983195066452044 0.005198222817853094 0.039131376892328269 15.836942195892336 24.606132507324222
decision_type=2 2 2 2 2 2 2 2 2 2 2 2 2 2
left_child=6 4 -3 -4 5 -2 8 13 9 -1 -10 -9 -6 -8
right_child=1 2 3 -5 12 -7 7 11 10 -11 -12 -13 -14 -15
leaf_value=0.00011814092566623753 -0.013929866747454436 -0.019806348771321331 0.0046561893571779606 -0.00036233565098132064 -0.00035708492744297222 0.023699157525861447 0.0069599743137486007 0.0061062699249375026 -0.013368965740378821 -0.0078284890927902678 0.0013040309052561956 -0.017548541501545917 -0.006176611227094982 0.036771742006287314
leaf_weight=2296.597548710658 95.010610139445305 74.271417680877676 4048.4383683743908 2997.4360775503901 1342.7585427761273 153.69314684435864 33.231388909803201 132.79377441091628 609.52159584539959 593.406868757148 142.85279567330281 62.986034652404044 1348.4971080315504 62.198049152527489
leaf_count=5731 192 84 10192 7970 3585 366 368 560 1627 6706 1250 588 3350 239
internal_value=-2.20885e-05 0.00097448 0.00228831 0.00252122 -0.00220742 0.00932391 -0.00257081 0.00763714 -0.00338694 -0.00151354 -0.010583 -0.00150382 -0.00327306 0.0263906
internal_weight=13993.7 10060.1 7120.15 7045.87 2939.96 248.704 3933.59 291.209 3642.38 2890 752.374 195.78 2691.26 95.4294
internal_count=42808 25739 18246 18162 7493 558 17069 1755 15314 12437 2877 1148 6935 607
is_linear=0
shrinkage=0.0203443


Tree=142
num_leaves=15
num_cat=0
split_feature=5 24 15 31 3 5 6 5 17 10 11 10 29 8
split_gain=109.408 84.6771 97.2006 108.503 83.2029 81.5289 151.664 131.51 126.831 94.3395 79.923 30.4897 22.0729 0.210704
threshold=57.534437179565437 0.001832783571444452 0.0058227383997291335 24.525560379028324 0.0089722839184105414 51.481073379516609 0.0012156090815551581 50.652799606323249 0.0042432490736246118 54.266805648803718 56.651367187500007 96.913566589355483 -0.00010143238614546134 56.039657592773445
decision_type=2 2 2 2 2 2 2 2 2 2 2 2 2 2
left_child=5 12 3 -3 -4 6 7 -1 10 -10 -7 -8 -2 -14
right_child=1 2 4 -5 -6 8 11 -9 9 -11 -12 -13 13 -15
leaf_value=0.00014804567231405008 0.0069775660519124051 0.019399166178726623 0.0026584787192796369 0.0045865457706661707 -0.012697340111631426 -0.0098370702425044088 -0.016868112830476841 0.011860929123634149 -0.010484082677328244 0.0037254085476304856 -0.0014704533917286029 0.00017176889791207619 -0.019750862863794415 -0.01764246345170287
leaf_weight=6634.7405536793522 16.922126706400817 303.082931684963 2118.219833119234 630.39024535448118 156.85694003258413 1291.2806868639286 248.65929930242561 421.98696809306784 233.88626855541656 1116.7611558218171 745.33559308911163 52.663980615619437 28.855850003045056 63.105106737332655
leaf_count=21099 59 540 5997 1190 999 1935 731 1291 1887 1990 3932 535 80 543
internal_value=3.96229e-05 0.00326917 0.00386794 0.00939598 0.00159975 -0.000957444 0.00024491 0.00084847 -0.00356929 0.00126479 -0.00677517 -0.0138899 -0.0143749 -0.0183043
internal_weight=14062.7 3317.43 3208.55 933.473 2275.08 10745.3 7358.05 7056.73 3387.26 1350.65 2036.62 301.323 108.883 91.961
internal_count=42808 9408 8726 1730 6996 33400 23656 22390 9744 3877 5867 1266 682 623
is_linear=0
shrinkage=0.0203443


Tree=143
num_leaves=14
num_cat=0
split_feature=10 18 24 30 24 18 24 7 24 21 9 23 7
split_gain=130.599 216.159 202.329 164.163 162.833 126.255 118.464 137.465 115.031 91.439 78.5118 83.5268 50.7364
threshold=54.266805648803718 -0.0037126305978745218 0.0027496205875650053 21.936339378356937 0.0059375241398811349 -0.0023032004246488209 0.0034638950601220135 53.925441741943366 0.0042720274068415174 -0.1281773820519447 54.08226394653321 -0.001306870370171964 67.941825866699233
decision_type=2 2 2 2 2 2 2 2 2 2 2 2 2
left_child=6 2 3 -2 -4 12 10 9 -7 -8 11 -1 -3
right_child=1 5 4 -5 -6 8 7 -9 -10 -11 -12 -13 -14
leaf_value=0.020970198531303261 0.0060854792226768964 -0.017189282879317633 -0.002538361921137319 0.02745387192549089 0.0065643315681256026 -0.00034673750668661358 -0.016271669938725707 -0.0036793259326014637 -0.0061229672964306456 0.0086763727374000576 0.015333235397485552 -0.0023945039853543182 -0.0046857106901298231
leaf_weight=81.884789325249812 502.3653995692631 355.17700982097898 2386.5364920257543 211.43764097653036 1233.9066797296477 3897.6949334023398 65.407147744906297 1111.8894033432007 2251.1087210889395 864.26957831094319 502.76679754257202 279.4316410003978 216.01805342155882
leaf_count=1143 961 45 4075 382 2946 9234 381 152 6904 12621 49 2544 1371
internal_value=-1.77712e-05 -0.00102663 0.00251574 0.0124151 0.00056398 -0.00331138 0.00382032 0.00114784 -0.00246145 0.00692114 0.0101345 0.00290056 -0.0124606
internal_weight=13959.9 11054.2 4334.25 713.803 3620.44 6720 2905.65 2041.57 6148.8 929.677 864.083 361.316 571.195
internal_count=42808 25918 8364 1343 7021 17554 16890 13154 16138 13002 3736 3687 1416
is_linear=0
shrinkage=0.0203443


Tree=144
num_leaves=13
num_cat=0
split_feature=0 10 2 19 21 3 19 6 10 7 17 3
split_gain=139.814 204.052 192.424 156.305 146.959 140.251 105.925 136.798 100.099 91.3492 71.0992 48.7276
threshold=948339.90625000012 54.534118652343757 10.500000000000002 -0.01398644410073757 0.78073960542678844 0.0068650676403194675 -0.049117257818579667 -0.00091169009101577092 54.096012115478523 54.876924514770515 0.010945313610136511 -0.00091352610616013397
decision_type=2 2 2 2 2 2 2 2 2 2 2 2
left_child=1 -1 3 -3 6 -4 7 -2 -8 10 -6 -11
right_child=4 2 5 -5 9 -7 8 -9 -10 11 -12 -13
leaf_value=-0.010793341045086861 -0.013422639750962173 0.0021751187669796935 -0.0027083404279114294 0.024431863303451394 -0.015387559688705713 0.0082209882254723546 -0.0031143058396536534 0.0051164568029788658 0.0057905840760925824 -0.0077709440091626968 -0.0024099962940885337 0.0060597953743803659
leaf_weight=940.65813207626252 325.92689068839053 334.09283392601208 5378.8869717657626 214.4148165171124 357.2911289640399 534.23055045760884 598.68796965014553 333.09339787782238 4103.6380060751762 146.3050142617671 341.97136364041614 377.38597187257977
leaf_count=137 1210 992 13619 502 1695 1819 11415 1063 6246 851 2018 1241
internal_value=-2.20329e-05 -0.00194042 -0.000651638 0.0108754 0.00213467 -0.00172091 0.0035863 -0.00405226 0.00465683 -0.00422915 -0.00904097 0.00219582
internal_weight=13986.6 7402.28 6461.63 548.508 6584.3 5913.12 5361.35 659.02 4702.33 1222.95 699.262 523.691
internal_count=42808 17069 16932 1494 25739 15438 19934 2273 17661 5805 3713 2092
is_linear=0
shrinkage=0.0203443


Tree=145
num_leaves=15
num_cat=0
split_feature=5 19 19 29 2 2 2 22 22 17 19 16 14 2
split_gain=105.688 92.5112 120.332 151.502 78.925 105.591 113.038 83.4761 90.6168 79.2194 77.8358 195.1 66.7619 65.3134
threshold=57.534437179565437 0.0083452071994543093 0.022315979935228828 -0.00023461751698050645 14.500000000000002 35.500000000000007 39.500000000000007 0.016264162026345733 0.027284069918096069 0.0052144422661513099 -0.0031893322011455889 -0.0010697674006223676 33.17054748535157 8.5000000000000018
decision_type=2 2 2 2 2 2 2 2 2 2 2 2 2 2
left_child=1 10 12 -4 7 9 -7 -2 -9 -6 13 -12 -3 -1
right_child=4 2 3 -5 5 6 -8 8 -10 -11 11 -13 -14 -15
leaf_value=0.0038082430685913945 -0.012655289707041627 -0.0014560796396877772 0.017563882999303206 -0.0036727405286157019 -0.01740896013239461 0.017448129230540031 -0.00067617820404239977 0.016511311126370137 0.0045265011401232694 -0.0005970291843472264 0.008399148912128309 -0.0022328767433598355 -0.011217636825794377 -0.0022756174363149626
leaf_weight=857.57278036434218 81.048149991543596 414.60207206538621 190.16817705972073 517.11974511336155 126.55966186012915 281.31917863393761 288.47217609896273 400.98262161968319 748.61613029130444 1391.3227837054112 1338.6028932292857 1531.8155101078546 964.84377899682681 4922.99314315626
leaf_count=1004 91 837 1297 3063 653 330 3343 280 1254 3457 2586 3196 3540 17877
internal_value=4.00353e-05 -0.000940644 -0.00478554 0.00203711 0.00321341 0.000804453 0.00827217 0.00729996 0.00870685 -0.00199881 -1.32021e-05 0.0027253 -0.00828375 -0.00137305
internal_weight=14056 10737.7 2086.73 707.288 3318.32 2087.67 569.791 1230.65 1149.6 1517.88 8650.98 2870.42 1379.45 5780.57
internal_count=42808 33400 8737 4360 9408 7783 3673 1625 1534 4110 24663 5782 4377 18881
is_linear=0
shrinkage=0.0203443


Tree=146
num_leaves=13
num_cat=0
split_feature=8 8 11 22 12 33 6 29 22 22 22 18
split_gain=129.086 121.792 145.64 208.266 179.96 121.092 149.831 141.847 106.023 12.9817 79.994 0.14968
threshold=53.967767715454109 54.350898742675788 56.219516754150398 0.018039960414171222 59.256948471069343 -1.1078864336013792 -0.00051712259300984431 -4.3056103095295832e-05 0.016857307404279712 0.023191215470433239 0.026513447985053066 -0.019198702648282048
decision_type=2 2 2 2 2 2 2 2 2 2 2 2
left_child=5 -2 3 -3 -4 9 8 -8 -7 11 -11 -1
right_child=1 2 4 -5 -6 6 7 -9 -10 10 -12 -13
leaf_value=-0.019842901209198845 -0.0072370495183494013 0.010731753556398457 -0.005759065315050522 -0.00073705824838201511 0.00084148879717762062 -0.019311161967411315 0.0085937470579627029 -0.0019422269023671177 0.017010548134913421 0.027503117394640994 -0.013340771167933566 -0.017777451908565153
leaf_weight=25.935971451347086 1167.9609839916229 1063.7080159187317 2875.4022517204285 1707.0345697402954 4216.8461934526422 35.626130065834786 928.03981315465421 1229.6448682952071 501.21645099157467 23.08289328576015 141.55485273297188 34.021342439103393
leaf_count=21 169 105 361 222 25038 395 4234 5666 4454 142 1747 254
internal_value=-1.82473e-05 -0.00102498 -0.000289355 0.00366589 -0.00183456 0.00378605 0.00498234 0.00258938 0.0146001 -0.010566 -0.00761415 -0.0186713
internal_weight=13950.1 11031 9862.99 2770.74 7092.25 2919.12 2694.53 2157.68 536.843 224.595 164.638 59.9573
internal_count=42808 25895 25726 327 25399 16913 14749 9900 4849 2164 1889 275
is_linear=0
shrinkage=0.0203443


Tree=147
num_leaves=16
num_cat=0
split_feature=2 2 29 33 33 21 22 12 16 3 21 14 30 31 22
split_gain=96.2005 150.508 153.918 126.574 207.794 140.079 121.168 74.5271 135.347 92.5918 71.9461 67.561 56.0872 49.61 39.8885
threshold=32.500000000000007 25.500000000000004 -0.00022956200700718907 -1.2131476402282713 -0.79218024015426625 0.088950525969266905 0.01987398695200682 55.576982498168952 0.0060235194396227607 0.0092874541878700274 1.0552455186843874 69.77099990844728 11.31696939468384 12.003676414489748 0.014002211391925814
decision_type=2 2 2 2 2 2 2 2 2 2 2 2 2 2 2
left_child=1 3 11 5 -5 -1 -4 8 9 -2 -10 -3 14 -14 -9
right_child=7 2 6 4 -6 -7 -8 12 10 -11 -12 -13 13 -15 -16
leaf_value=0.0021607727398921537 -0.012662287267350447 -0.0080069541298216987 0.013216160307152894 -0.011821879227812597 -0.00016063023492318598 0.022378031936104659 0.0026242048809411072 -0.0057434021566610807 0.046809770150955582 0.040992395006545168 -0.015071743574693238 0.012619083222344469 -0.013726754654536924 -0.0013701192006982477 0.01707213942390072
leaf_weight=495.71201169814839 642.20765759334517 410.68767440281283 938.67512087191676 686.53811501579003 8028.6949198329512 198.7045773001276 853.45855316470829 45.031745749500686 26.082639254238497 13.593610691616503 11.078893198753379 78.251279420257902 150.13456712455309 1289.7427545205956 107.24404543965628
leaf_count=951 4720 1696 2641 1469 16408 328 3008 280 827 284 298 206 498 8919 275
internal_value=-2.2895e-05 0.00072334 0.00541169 -0.000413199 -0.00107924 0.00794589 0.00817202 -0.00384067 -0.00940976 -0.0115501 0.0283606 -0.00470585 -0.00141678 -0.00265855 0.0103249
internal_weight=13975.8 11690.7 2281.07 9409.65 8715.23 694.417 1792.13 2285.12 692.963 655.801 37.1615 488.939 1592.15 1439.88 152.276
internal_count=42808 26707 7551 19156 17877 1279 5649 16101 6129 5004 1125 1902 9972 9417 555
is_linear=0
shrinkage=0.0203443


Tree=148
num_leaves=15
num_cat=0
split_feature=5 24 15 16 15 5 6 5 17 5 13 13 22 22
split_gain=101.709 82.2505 94.2682 112.815 78.5072 78.0631 147.811 127.678 122.621 93.9767 72.291 24.4173 22.9399 0.545457
threshold=57.534437179565437 0.001832783571444452 0.0058227383997291335 0.0033741046208888297 0.0096312365494668501 51.481073379516609 0.0012156090815551581 50.652799606323249 0.0042432490736246118 55.012693405151374 56.053251266479499 88.11624908447267 0.021889944560825828 0.014604581985622646
decision_type=2 2 2 2 2 2 2 2 2 2 2 2 2 2
left_child=5 12 3 -3 -4 6 7 -1 10 -10 -7 -8 13 -2
right_child=1 2 4 -5 -6 8 11 -9 9 -11 -12 -13 -14 -15
leaf_value=0.00015645189950615275 -0.014552872827697114 0.0165519230069309 -0.00095658149758716491 0.0023949888517945587 0.0072957201096982439 -0.0099786622384666693 -0.016881140477247376 0.011678900307255786 0.0089173717609237705 -0.0024987898980890918 -0.0022149949757481542 -0.0029324246227864698 0.0072166635821477639 -0.019028469321299007
leaf_weight=6630.7862546309079 13.239513116540207 447.79988172865245 1596.5866355412006 485.65995884962291 680.51114006007469 1156.7589259149124 231.9866236599913 423.44847916990147 445.3866996668512 904.61494421734687 869.58514032161088 66.931943935827491 17.243092003262291 77.67096290975762
leaf_count=21099 522 717 3816 1013 3180 1923 702 1291 1465 2412 3944 564 27 133
internal_value=4.12121e-05 0.00315377 0.00374162 0.00918639 0.00150961 -0.000921523 0.000254356 0.000848119 -0.00348241 0.00126756 -0.00664697 -0.0137579 -0.0142963 -0.0183769
internal_weight=14048.2 3318.71 3210.56 933.46 2277.1 10729.5 7353.15 7054.23 3376.35 1350 2026.34 298.919 108.154 90.9105
internal_count=42808 9408 8726 1730 6996 33400 23656 22390 9744 3877 5867 1266 682 655
is_linear=0
shrinkage=0.0203443


Tree=149
num_leaves=14
num_cat=0
split_feature=8 2 22 8 22 19 14 33 16 22 33 14 33
split_gain=125.608 194.331 183.417 138.751 199.86 188.644 138.257 117.998 169.339 140.823 101.006 15.8322 17.938
threshold=53.967767715454109 14.500000000000002 0.010202555451542141 55.551496505737312 0.01987398695200682 0.0033426332520321016 59.211545944213874 -1.1078864336013792 -0.0025140468496829267 0.016857307404279712 -0.28345210850238794 14.327303886413576 -1.3515228629112241
decision_type=2 2 2 2 2 2 2 2 2 2 2 2 2
left_child=7 2 -2 4 -3 -5 -4 11 9 -9 -10 -1 -13
right_child=1 3 6 5 -6 -7 -8 8 10 -11 -12 12 -14
leaf_value=0.0045059298019897026 0.028900338785256868 0.011090535124255826 -0.003832541338059223 0.0021574724030324456 -0.0010172127253535686 -0.0051247582246727796 -0.014485021556942488 -0.011049145765241564 -0.011691131367009616 0.017954938761773852 0.0035816679461810916 -0.016287309970458092 -0.0026589718010417689
leaf_weight=25.79400016595622 62.185842708991004 1095.8659830093393 2064.4884901080732 3328.7194547170025 1163.2154006958008 2640.0041838360125 667.27791011761929 79.466697427861845 198.14033125128685 540.75064203821807 1877.2231193448604 141.67153885953124 55.691791115160896
leaf_count=141 163 95 2886 10793 127 10421 1410 376 1539 3719 9115 1113 910
internal_value=-1.85759e-05 -0.00101235 -0.00564812 0.000561841 0.00485617 -0.0010635 -0.00643459 0.0037341 0.00491107 0.0142387 0.00212352 -0.0104828 -0.0124418
internal_weight=13940.5 11021.8 2793.95 8227.81 2259.08 5968.72 2731.77 2918.74 2695.58 620.217 2075.36 223.157 197.363
internal_count=42808 25895 4459 21436 222 21214 4296 16913 14749 4095 10654 2164 2023
is_linear=0
shrinkage=0.0203443


Tree=150
num_leaves=13
num_cat=0
split_feature=10 2 30 11 7 2 22 8 2 7 30 13
split_gain=114.318 130.427 142.945 146.824 98.6592 89.1252 87.0303 101.962 66.7051 62.1238 23.5728 8.17363
threshold=54.096012115478523 32.500000000000007 12.633187770843508 61.272962570190437 56.046705245971687 8.5000000000000018 0.048258414492011077 53.967767715454109 38.500000000000007 43.097715377807624 22.834549903869632 6.5130751132965097
decision_type=2 2 2 2 2 2 2 2 2 2 2 2
left_child=6 2 3 -2 -3 -4 9 10 -6 11 -8 -1
right_child=1 4 5 -5 8 -7 7 -9 -10 -11 -12 -13
leaf_value=-0.0037179076655049718 0.018801450413425833 -0.0098855536824453086 -0.0042016451438274243 0.0008243432231422633 0.0083208396526964715 0.001593001760600247 0.0082605202197056568 0.026036573472573793 -0.0028738952703903217 -0.010109300681129044 -0.014181066496092437 0.0065170887931362605
leaf_weight=44.899602687385141 386.00403165817613 755.62685871124177 1262.2533134943733 366.64892233865987 268.33575350168849 8472.5685346114769 29.057392167705075 71.812264442443848 1230.6894792956045 907.22444438934326 58.120111517066562 115.0125076523982
leaf_count=9049 40 69 852 1224 1426 13936 2436 10 8539 139 1252 3836
internal_value=-2.32029e-05 0.000547716 0.00150208 0.0100441 -0.00389146 0.000841644 -0.00595632 0.00808586 -0.000869946 -0.00804845 -0.00670074 0.0036432
internal_weight=13968.3 12742.1 10487.5 752.653 2254.65 9734.82 1226.13 158.99 1499.03 1067.14 87.1775 159.912
internal_count=42808 26086 16052 1264 10034 14788 16722 3698 9965 13024 3688 12885
is_linear=0
shrinkage=0.0203443


Tree=151
num_leaves=15
num_cat=0
split_feature=5 2 2 2 22 8 5 6 5 10 20 6 9 10
split_gain=98.7009 75.9708 100.582 107.206 79.7391 112.205 75.9545 144.786 125.636 114.801 90.1489 52.9669 40.8217 29.7981
threshold=57.534437179565437 14.500000000000002 35.500000000000007 39.500000000000007 0.016264162026345733 53.624652862548835 51.481073379516609 0.0012156090815551581 48.006956100463874 54.266805648803718 -0.001290648942813277 0.00070811540354043256 53.772626876831062 96.913566589355483
decision_type=2 2 2 2 2 2 2 2 2 2 2 2 2 2
left_child=6 4 11 -4 -2 -6 7 8 -1 12 -11 -3 -8 -9
right_child=1 2 3 -5 5 -7 9 13 -10 10 -12 -13 -14 -15
leaf_value=-0.00064930230013896624 -0.012466122403579218 -0.0090167554149267852 0.016973148936911236 -0.00067966662182942941 -1.8679951371143688e-05 0.013227602859065515 -0.0050388310901712651 -0.016645465919701292 0.0057920521464807492 0.015162904423461136 -0.0025776544907160398 6.394680296881633e-05 -0.016545468507512637 0.00023725032586759551
leaf_weight=5425.4377463390156 80.454308727234093 343.75764566702856 281.13445320949529 288.51785805336192 412.36773318877738 738.96109721102596 209.03704800884498 244.57084300166014 1629.7526728324247 123.97655875607643 2709.9526689301442 1173.2011444043685 327.61691093444824 52.568516326277063
leaf_count=16897 91 1199 330 3343 636 898 3668 731 5493 261 5768 2911 47 535
internal_value=4.23044e-05 0.00310845 0.000743341 0.0080323 0.00711488 0.00848321 -0.000906567 0.000252752 0.000838651 -0.00343542 -0.00180155 -0.00199381 -0.0120635 -0.0136586
internal_weight=14041.3 3318.39 2086.61 569.652 1231.78 1151.33 10722.9 7352.33 7055.19 3370.58 2833.93 1516.96 536.654 297.139
internal_count=42808 9408 7783 3673 1625 1534 33400 23656 22390 9744 6029 4110 3715 1266
is_linear=0
shrinkage=0.0203443


Tree=152
num_leaves=15
num_cat=0
split_feature=10 22 19 19 11 13 6 6 26 8 21 13 3 27
split_gain=121.902 135.088 108.507 100.47 169.947 145.452 113.607 135.572 115.601 91.4782 96.4626 76.5447 40.2482 25.5415
threshold=54.266805648803718 0.017878093756735328 -0.0019620740786194797 0.012813502456992866 77.652244567871108 56.053251266479499 -0.00048447620065417135 -0.0014695949503220616 0.0062343133613467225 53.967767715454109 0.95345234870910656 78.050750732421889 -0.0017043835832737384 -0.003076077788136899
decision_type=2 2 2 2 2 2 2 2 2 2 2 2 2 2
left_child=1 2 13 6 5 -5 7 -2 -8 10 -3 -6 -4 -1
right_child=3 9 12 4 11 -7 8 -9 -10 -11 -12 -13 -14 -15
leaf_value=0.0097611493601189904 -0.0020266851376829305 0.0077458288282228824 0.0042853474811290542 -0.0026870911450707358 0.033795404774462259 -0.016463740830794424 0.00080470069137459266 0.0060201862450202839 -0.0051425829484125071 -0.0022190138015908663 -0.0088941053701338466 0.0013096085266410262 0.022447915415104169 -0.014508181384640098
leaf_weight=26.397636984676978 1466.1153403328444 1124.3471350510995 61.383408347594127 630.19660305976811 31.372165443471431 638.6325540615104 2937.2010258115856 2119.0568429782907 2507.6197421615439 1184.4490125179291 165.40397268597326 696.72284634671246 284.86088604181907 56.067276041399623
leaf_count=297 3080 12979 278 79 46 232 6903 3664 4958 157 1253 6956 632 1294
internal_value=-1.93745e-05 0.00368988 0.0142331 -0.000995863 -0.00512537 -0.00962123 -8.26457e-05 0.0027295 -0.00193432 0.00186304 0.00561183 0.00270939 0.0192281 -0.00673912
internal_weight=13929.8 2902.91 428.709 11026.9 1996.92 1268.83 9029.99 3585.17 5444.82 2474.2 1289.75 728.095 346.244 82.4649
internal_count=42808 16890 2501 25918 7313 311 18605 6744 11861 14389 14232 7002 910 1591
is_linear=0
shrinkage=0.0203443


Tree=153
num_leaves=13
num_cat=0
split_feature=0 10 32 24 32 9 18 20 10 7 24 10
split_gain=135.033 196.8 146.76 150.735 122.211 116.723 114.896 145.991 108.152 84.1996 70.4925 50.1739
threshold=948339.90625000012 54.534118652343757 16.151859283447269 0.0068274599034339198 14.017372608184816 54.383430480957038 0.0047196436207741508 0.0034628948196768765 69.752571105957045 56.046705245971687 0.0020234464900568132 55.901088714599616
decision_type=2 2 2 2 2 2 2 2 2 2 2 2
left_child=1 -1 6 8 10 -6 11 -8 -4 -5 -3 -2
right_child=2 4 3 9 5 -7 7 -9 -10 -11 -12 -13
leaf_value=-0.010649407883590332 -0.017319704838793845 0.026525086394853611 0.0074944870913321018 -0.0078136012604480103 0.0070758431945146891 -0.0024461487552651837 0.00790147889344665 -0.0065479603663884268 -0.00072170302522311328 0.0030971127672538758 0.0056046450380919455 0.0047291134501536696
leaf_weight=932.12868642806916 283.18982637924745 77.983842596442628 3031.4726820629844 615.38402284935501 592.10921239852905 5322.0588347897174 498.92386611206371 689.17741047696495 848.75735147708065 558.36565820832902 459.2773552533763 50.30250584212655
leaf_count=137 899 449 9249 4155 61 14843 1441 3086 4506 1969 1579 434
internal_value=-2.30992e-05 -0.00191139 0.00209721 0.0037649 -0.000648879 -0.00149283 -0.003442 -0.000480134 0.00569728 -0.00262324 0.0086413 -0.0139939
internal_weight=13959.1 7383.56 6575.57 5053.98 6451.43 5914.17 1521.59 1188.1 3880.23 1173.75 537.261 333.492
internal_count=42808 17069 25739 19879 16932 14904 5860 4527 13755 6124 2028 1333
is_linear=0
shrinkage=0.0203443


Tree=154
num_leaves=13
num_cat=0
split_feature=31 0 0 0 15 22 0 16 15 27 0 27
split_gain=89.7978 123.726 102.408 91.398 132.477 83.6874 80.8638 84.355 80.4822 97.6606 21.3001 27.514
threshold=25.995017051696781 766394.12500000012 924819.34375000012 967193.28125000012 0.0065920280758291492 0.045100945979356773 911094.25000000012 -0.0012299426016397772 0.0048418249934911737 0.0068518535699695357 732639.25000000012 -0.0042813566979020825
decision_type=2 2 2 2 2 2 2 2 2 2 2 2
left_child=2 10 6 4 -4 -5 7 -1 -3 -10 11 -2
right_child=1 8 3 5 -6 -7 -8 -9 9 -11 -12 -13
leaf_value=0.003834802154921069 0.017854280744321691 -0.013511431222257285 -0.010612423771529069 0.00066454150757737482 -0.00055340884477958735 -0.006127399011428801 0.0064055366416176989 -0.002281076153479947 0.0090736689449609064 -0.0036470744009732448 -0.013829418948966894 -0.0066766380592771868
leaf_weight=1567.2837501258277 22.477920791304456 84.327625792694562 1109.9023285061119 3837.8406123334703 1058.8933679014447 933.49540566867972 1116.8590779006504 2308.0085919554958 1424.4316928458229 302.91139961746421 147.72403585912264 119.68301492185239
leaf_count=5864 142 129 174 16727 217 4952 159 8164 3127 1114 162 1877
internal_value=4.31263e-05 0.00392088 -0.000639835 -0.00223833 -0.00570122 -0.000664274 0.0015824 0.000192362 0.00589547 0.00684291 -0.00841951 -0.00279775
internal_weight=14033.8 2101.56 11932.3 6940.13 2168.8 4771.34 4992.15 3875.29 1811.67 1727.34 289.885 142.161
internal_count=42808 6551 36257 22070 391 21679 14187 14028 4370 4241 2181 2019
is_linear=0
shrinkage=0.0203443


Tree=155
num_leaves=13
num_cat=0
split_feature=11 12 16 2 29 7 26 12 7 29 11 19
split_gain=106.569 171.43 156.85 130.684 174.94 128.603 109.805 105.566 76.1615 127.322 62.6294 60.8026
threshold=56.219516754150398 59.256948471069343 0.0058875028043985375 31.500000000000004 8.0308556789532317e-05 56.046705245971687 0.015285663772374393 66.299892425537124 53.925441741943366 3.5206296161049984e-05 78.910079956054702 0.013497618492692711
decision_type=2 2 2 2 2 2 2 2 2 2 2 2
left_child=2 5 3 6 -5 -2 -1 -3 9 -4 -9 -7
right_child=1 7 8 4 -6 11 -8 10 -10 -11 -12 -13
leaf_value=0.0013610250313608968 -0.0012721719657647372 0.020413466636886556 0.026505417199689085 0.00035695742178925958 0.023687639332769548 -0.0054082354657248042 0.014021042573320911 0.0037452941212029892 -0.010954726705982859 -0.0042520536431248281 -0.0015294321683823116 -0.013793618056890569
leaf_weight=5060.5298551409624 1419.2461340427417 110.99946046456535 66.281314892673663 252.90695774061373 280.62194979989613 667.70994281768799 300.39053949650042 1429.2407826638669 535.01750588417053 349.07393210765508 2676.2191694266435 771.39082670211792
leaf_count=8425 169 169 438 3360 1639 100 986 1158 84 2475 23711 94
internal_value=-2.03138e-05 -0.00177125 0.00178945 0.00302605 0.0126283 -0.00561757 0.00207041 0.000836179 -0.00588026 0.000656092 0.000306862 -0.00990301
internal_weight=13919.6 7074.81 6844.82 5894.45 533.529 2858.35 5360.92 4216.46 950.373 415.355 4105.46 1439.1
internal_count=42808 25401 17407 14410 4999 363 9411 25038 2997 2913 24869 194
is_linear=0
shrinkage=0.0203443


Tree=156
num_leaves=16
num_cat=0
split_feature=19 18 18 30 19 19 8 33 19 11 30 11 5 9 18
split_gain=87.8055 281.518 181.084 233.316 178.612 147.125 146.905 124.003 119.485 117.213 78.5387 78.2475 111.576 50.2417 28.4687
threshold=0.0056767934001982221 0.00060848231078125547 1.0000000180025095e-35 16.042955398559574 -0.0038878436898812647 0.0062181153334677228 53.624652862548835 -1.1911696791648863 -0.022604825906455513 55.313636779785163 25.265077590942386 84.355556488037124 38.766994476318366 84.240070343017592 0.0047196436207741508
decision_type=2 2 2 2 2 2 2 2 2 2 2 2 2 2 2
left_child=2 11 4 6 7 14 -4 -1 -5 -7 -6 12 -2 -13 -3
right_child=1 5 3 8 10 9 -8 -9 -10 -11 -12 13 -14 -15 -16
leaf_value=0.0058780635261303192 -0.012039046418096874 0.035821698516013439 -0.014598774455799551 0.0075753947331610397 -0.010552002253990399 -0.009300800638906764 0.013299375591978566 -0.0028527655386794801 -0.0035820205630510702 0.00074239427589934759 0.0069439794497992841 -0.020297613542572927 0.018036344946891995 0.0061997606368296276 0.013344194139145855
leaf_weight=829.73577787099293 55.431302836052851 48.870097560354232 85.48043626411868 518.68525011565589 1428.1570419028185 564.05176693681551 907.44751547555757 3571.0924876894705 1696.924223559136 3265.3345981517186 114.72139090719702 37.963573575095239 646.48586487410773 134.71623114788176 44.618719480504744
leaf_count=2377 238 82 1164 1516 2578 4155 1857 12423 4879 7704 185 18 1230 2282 120
internal_value=-2.36914e-05 0.00220566 -0.00119229 0.0027026 -0.00329483 -0.000121311 0.0108976 -0.00120664 -0.000970004 -0.000736918 -0.00925107 0.012643 0.0156612 0.000374196 0.0250943
internal_weight=13949.7 4797.47 9152.24 3208.54 5943.71 3922.88 992.928 4400.83 2215.61 3829.39 1542.88 874.597 701.917 172.68 93.4888
internal_count=42808 15829 26979 9416 17563 12061 3021 14800 6395 11859 2763 3768 1468 2300 202
is_linear=0
shrinkage=0.0203443


Tree=157
num_leaves=15
num_cat=0
split_feature=17 17 2 4 15 3 17 15 15 20 11 2 23 2
split_gain=91.9346 109.221 100.368 122.672 94.0443 86.7133 129.791 80.0845 120.412 98.2734 78.4412 68.2152 29.4337 1.31679
threshold=0.0043399827554821977 0.001516725402325392 8.5000000000000018 0.0012045801850035789 0.0046453305985778579 0.0031098087783902888 0.0039647868834435948 0.0048418249934911737 0.0056289907079190024 0.0044661900028586396 56.651367187500007 14.500000000000002 0.003459589672274888 23.500000000000004
decision_type=2 2 2 2 2 2 2 2 2 2 2 2 2 2
left_child=1 2 3 -1 -4 10 -7 12 9 -9 -3 -10 13 -2
right_child=7 5 4 -5 -6 6 -8 8 11 -11 -12 -13 -14 -15
leaf_value=0.00023176470728326256 -0.02089273415647357 -0.010988201144536362 0.0070100159042247459 0.019099233217207877 -0.0013875336280859468 -0.003024334233912161 0.027710799880259585 0.015384909108354418 0.0046353172044497704 -0.0071324207281211549 -0.0012492149671093984 -0.00089615163907880429 0.0042467240940588062 -0.015864881047961826
leaf_weight=343.65824054617076 61.724474256281638 981.87780522488583 602.47519828018176 243.82325690225082 6584.2267411753974 246.83444489247671 73.88998383332688 477.92606540975214 1680.4561684638306 96.401302718855618 525.50102485466368 2046.5169405873485 29.118915983570091 33.211679567407586
leaf_count=404 91 1516 2957 275 21030 1041 166 641 2529 71 2998 8399 182 508
internal_value=4.32982e-05 -0.00107479 -2.26292e-05 0.00806239 -0.000683548 -0.0055492 0.0040565 0.00246937 0.00293416 0.0116053 -0.00759302 0.00159793 -0.0136458 -0.0191341
internal_weight=14027.6 9602.29 7774.18 587.481 7186.7 1828.1 320.724 4425.36 4301.3 574.327 1507.38 3726.97 124.055 94.9362
internal_count=42808 30387 24666 679 23987 5721 1207 12421 11640 712 4514 10928 781 599
is_linear=0
shrinkage=0.0203443


Tree=158
num_leaves=16
num_cat=0
split_feature=8 32 25 0 7 7 6 32 25 16 32 0 14 20 32
split_gain=117.962 138.224 190.351 172.923 297.704 141.847 138.461 115.018 102.87 140.974 156.235 82.7143 79.9686 123.276 99.5441
threshold=53.967767715454109 19.527277946472172 0.86780253052711498 924819.34375000012 77.180961608886733 75.441631317138686 -0.0030595400603488083 10.40871047973633 0.81188148260116588 -0.0025872623082250352 20.753156661987308 996271.53125000012 36.432003021240241 0.00026523422275204217 37.60844802856446
decision_type=2 2 2 2 2 2 2 2 2 2 2 2 2 2 2
left_child=8 2 5 4 -3 -2 -5 -4 9 11 -11 -1 14 -14 -10
right_child=1 3 7 6 -6 -7 -8 -9 12 10 -12 -13 13 -15 -16
leaf_value=0.024658313506290722 -0.0095553309372789254 0.010252161304298043 0.018348037334972631 0.011845992189801481 -0.0028292470972797611 0.0007244901049625193 -0.0036527100887799781 -0.00017065300440147188 -0.010731212150054509 0.0090788091390580933 -0.0063635699611067631 0.0051377294820382016 0.011097774249656999 -0.0038154677479063591 0.029865118180151612
leaf_weight=252.44544601440705 2134.9333756042988 1674.4305729866055 149.13447309493495 261.21494415712687 1263.3062082733368 750.99077462912282 2752.5888178720429 2005.8887230904584 380.02940966976269 770.08850234978797 418.54674490612217 139.48801512104862 409.96294358219757 520.91689815846951 26.759447617167325
leaf_count=27 447 243 303 564 8716 6457 4285 4880 2136 4171 1776 2555 2299 3837 112
internal_value=-1.99027e-05 -0.000985182 -0.00346401 0.00111437 0.00462679 -0.00688025 -0.00230939 0.00111089 0.00361613 0.00713008 0.00364116 0.017711 -0.000535891 0.00275236 -0.00806064
internal_weight=13910.7 10992.5 5040.95 5951.54 2937.74 2885.92 3013.8 2155.02 2918.24 1580.57 1188.64 391.933 1337.67 930.88 406.789
internal_count=42808 25895 12087 13808 8959 6904 4849 5183 16913 8529 5947 2582 8384 6136 2248
is_linear=0
shrinkage=0.0203443


Tree=159
num_leaves=15
num_cat=0
split_feature=10 2 30 8 15 15 32 12 19 32 2 8 8 32
split_gain=106.527 123.536 136.893 139.932 117.125 112.255 102.501 156.613 127.064 73.4752 73.3712 53.2879 31.1485 3.61472
threshold=54.096012115478523 32.500000000000007 12.633187770843508 68.162464141845717 0.0068208714947104463 0.0061592981219291696 21.168991088867191 81.772552490234389 0.010264069307595493 21.465625762939457 12.500000000000002 52.308687210083015 52.308687210083015 15.376261711120607
decision_type=2 2 2 2 2 2 2 2 2 2 2 2 2 2
left_child=4 2 3 -2 12 -4 8 -8 -3 10 -6 -11 13 -1
right_child=1 6 5 -5 9 -7 7 -9 -10 11 -12 -13 -14 -15
leaf_value=0.02124364786806086 0.018347356631808264 0.0058160666739456943 0.0046168033045007545 0.00080448982182688815 0.011224801201748414 -0.00044803199424505065 -0.015916071550574951 0.00068068210848492975 -0.0070389280722631849 0.0041096129176145619 -0.0034688347062495901 -0.016690822823403315 -0.01716473598747064 0.00020143253325654247
leaf_weight=3.7503175661733144 386.56534719466953 698.21952163366814 2406.4124840849099 366.73184175726993 234.01567155305895 7322.4151674928553 551.03708386603898 410.72893349440255 584.79938823182761 71.25269609300608 352.55808740699217 179.12434673309326 338.65373849868774 34.142174337533312
leaf_count=623 40 2582 4550 1224 1388 10238 95 3941 3416 5745 6548 32 44 2342
internal_value=-2.50253e-05 0.000524128 0.00145169 0.0098069 -0.00578445 0.000804746 -0.00380714 -0.00882829 -4.32165e-05 -0.00154498 0.00239321 -0.0107713 -0.0152075 0.00228463
internal_weight=13940.4 12726.9 10482.1 753.297 1213.5 9728.83 2244.78 961.766 1283.02 836.951 586.574 250.377 376.546 37.8925
internal_count=42808 26086 16052 1264 16722 14788 10034 4036 5998 13713 7936 5777 3009 2965
is_linear=0
shrinkage=0.0203443


Tree=160
num_leaves=15
num_cat=0
split_feature=5 19 24 26 9 30 33 24 15 16 15 15 23 9
split_gain=90.1346 90.6439 129.899 130.265 83.6651 81.2942 153.961 79.1464 91.2086 106.275 75.7784 73.7413 20.9397 0.513077
threshold=57.534437179565437 0.0083452071994543093 0.004143194993957878 0.0044664745219051847 55.432725906372077 23.888156890869144 -0.70734658837318409 0.001832783571444452 0.0058227383997291335 0.0039807120338082322 0.0076169255189597615 0.0096312365494668501 -1.0000000180025095e-35 55.934913635253913
decision_type=2 2 2 2 2 2 2 2 2 2 2 2 2 2
left_child=1 5 3 -3 -4 6 -1 12 9 -9 -7 -10 -2 -14
right_child=7 2 4 -5 -6 10 -8 8 11 -11 -12 -13 13 -15
leaf_value=0.0058480312653494872 0.0061843588193825792 -0.00051707264478137514 -0.0098713219368026309 -0.014338749715317151 0.0047786322829859867 -0.010992284479157066 -0.00087432963126657989 0.01532580456705619 -0.0010350067863798228 0.0015476602852214198 0.00017524752756207279 0.0069546806733699635 -0.019462439858755492 -0.016322019317308045
leaf_weight=1867.9169536800509 17.417634810302673 457.14681553953255 212.63461225270623 737.58328161537315 668.91813080776353 500.41763312159702 5753.489190127656 497.8866482049558 1596.7598875690999 433.41035559137379 505.5555916020391 682.47569951205946 53.379705732282389 36.322243543210789
leaf_count=4730 186 1572 2279 2088 2798 1105 16990 895 3816 835 1838 3180 68 428
internal_value=4.54403e-05 -0.00086268 -0.00467898 -0.0090501 0.00124497 5.57565e-05 0.000773239 0.00297529 0.00354927 0.00891371 -0.00537998 0.00135735 -0.0142274 -0.0181911
internal_weight=14021.3 10703.7 2076.28 1194.73 881.553 8627.38 7621.41 3317.65 3210.53 931.297 1005.97 2279.24 107.12 89.7019
internal_count=42808 33400 8737 3660 5077 24663 21720 9408 8726 1730 2943 6996 682 496
is_linear=0
shrinkage=0.0203443


Tree=161
num_leaves=14
num_cat=0
split_feature=10 18 19 24 2 24 8 19 13 8 31 5 2
split_gain=114.838 196.203 308.725 299.525 153.308 113.666 121.775 112.004 101.725 94.1685 93.883 89.6736 76.8904
threshold=54.266805648803718 -0.0037126305978745218 0.0033426332520321016 0.0027496205875650053 13.500000000000002 0.0034638950601220135 53.967767715454109 -0.036145398393273347 54.835750579833991 53.967767715454109 21.073233604431156 34.993766784667976 43.500000000000007
decision_type=2 2 2 2 2 2 2 2 2 2 2 2 2
left_child=5 2 3 -2 10 8 11 -6 9 -1 -3 -7 -4
right_child=1 4 12 -5 7 6 -8 -9 -10 -11 -12 -13 -14
leaf_value=0.0034655595530984208 0.017383809049153286 -0.0016924897177905463 -0.016612668173202897 0.0018492989008737455 -0.01397731118262587 -0.014471170080428064 -0.0043864823883080356 -0.00071019730963232171 -0.019155106706164524 0.017436464253555359 -0.012190681845659425 0.0072832050923334005 0.0057566916952839237
leaf_weight=349.20704219606273 610.20369841982574 529.34400916859317 400.40131888717815 3248.967494598684 278.65367911195608 85.052554524054699 945.32066893577576 4801.8836720328381 47.556299686431885 466.37233448028564 1055.7911530684844 1006.4837004300138 75.607350116025373
leaf_count=3685 1172 721 630 5803 445 934 132 14868 7 44 1520 12088 759
internal_value=-2.0736e-05 -0.00097014 0.00239887 0.00430559 -0.00316126 0.00358073 0.000958801 -0.00143787 0.00976803 0.0114546 -0.0086849 0.00558808 -0.0130596
internal_weight=13900.8 11000.9 4335.18 3859.17 6665.67 2899.99 2036.86 5080.54 863.136 815.579 1585.14 1091.54 476.009
internal_count=42808 25918 8364 6975 17554 16890 13154 15313 3736 3729 2241 13022 1389
is_linear=0
shrinkage=0.0203443


end of trees

feature_importances:
Column_24=156
Column_0=120
Column_2=116
Column_15=113
Column_30=112
Column_10=111
Column_5=109
Column_19=90
Column_32=84
Column_8=81
Column_9=78
Column_7=76
Column_22=74
Column_21=72
Column_14=69
Column_11=63
Column_33=63
Column_20=57
Column_12=54
Column_18=53
Column_17=52
Column_6=50
Column_16=46
Column_31=46
Column_26=45
Column_29=42
Column_4=41
Column_13=31
Column_3=27
Column_28=22
Column_23=17
Column_25=17
Column_27=14

parameters:
[boosting: gbdt]
[objective: multiclass]
[metric: multi_logloss]
[tree_learner: serial]
[device_type: cpu]
[data_sample_strategy: bagging]
[data: ]
[valid: ]
[num_iterations: 54]
[learning_rate: 0.0203443]
[num_leaves: 31]
[num_threads: 1]
[seed: 0]
[deterministic: 0]
[force_col_wise: 0]
[force_row_wise: 0]
[histogram_pool_size: -1]
[max_depth: 4]
[min_data_in_leaf: 95]
[min_sum_hessian_in_leaf: 0.001]
[bagging_fraction: 0.836639]
[pos_bagging_fraction: 1]
[neg_bagging_fraction: 1]
[bagging_freq: 0]
[bagging_seed: 3]
[bagging_by_query: 0]
[feature_fraction: 0.469798]
[feature_fraction_bynode: 1]
[feature_fraction_seed: 2]
[extra_trees: 0]
[extra_seed: 6]
[early_stopping_round: 0]
[early_stopping_min_delta: 0]
[first_metric_only: 0]
[max_delta_step: 0]
[lambda_l1: 0.00108262]
[lambda_l2: 2.59907e-05]
[linear_lambda: 0]
[min_gain_to_split: 0]
[drop_rate: 0.1]
[max_drop: 50]
[skip_drop: 0.5]
[xgboost_dart_mode: 0]
[uniform_drop: 0]
[drop_seed: 4]
[top_rate: 0.2]
[other_rate: 0.1]
[min_data_per_group: 100]
[max_cat_threshold: 32]
[cat_l2: 10]
[cat_smooth: 10]
[max_cat_to_onehot: 4]
[top_k: 20]
[monotone_constraints: ]
[monotone_constraints_method: basic]
[monotone_penalty: 0]
[feature_contri: ]
[forcedsplits_filename: ]
[refit_decay_rate: 0.9]
[cegb_tradeoff: 1]
[cegb_penalty_split: 0]
[cegb_penalty_feature_lazy: ]
[cegb_penalty_feature_coupled: ]
[path_smooth: 0]
[interaction_constraints: ]
[verbosity: -1]
[saved_feature_importance_type: 0]
[use_quantized_grad: 0]
[num_grad_quant_bins: 4]
[quant_train_renew_leaf: 0]
[stochastic_rounding: 1]
[linear_tree: 0]
[max_bin: 255]
[max_bin_by_feature: ]
[min_data_in_bin: 3]
[bin_construct_sample_cnt: 200000]
[data_random_seed: 1]
[is_enable_sparse: 1]
[enable_bundle: 1]
[use_missing: 1]
[zero_as_missing: 0]
[feature_pre_filter: 1]
[pre_partition: 0]
[two_round: 0]
[header: 0]
[label_column: ]
[weight_column: ]
[group_column: ]
[ignore_column: ]
[categorical_feature: ]
[forcedbins_filename: ]
[precise_float_parser: 0]
[parser_config_file: ]
[objective_seed: 5]
[num_class: 3]
[is_unbalance: 0]
[scale_pos_weight: 1]
[sigmoid: 1]
[boost_from_average: 1]
[reg_sqrt: 0]
[alpha: 0.9]
[fair_c: 1]
[poisson_max_delta_step: 0.7]
[tweedie_variance_power: 1.5]
[lambdarank_truncation_level: 30]
[lambdarank_norm: 1]
[label_gain: ]
[lambdarank_position_bias_regularization: 0]
[eval_at: ]
[multi_error_top_k: 1]
[auc_mu_weights: ]
[num_machines: 1]
[local_listen_port: 12400]
[time_out: 120]
[machine_list_filename: ]
[machines: ]
[gpu_platform_id: -1]
[gpu_device_id: -1]
[gpu_use_dp: 0]
[num_gpu: 1]

end of parameters

pandas_categorical:null
