tree
version=v4
num_class=1
num_tree_per_iteration=1
label_index=0
max_feature_idx=69
objective=regression
feature_names=Column_0 Column_1 Column_2 Column_3 Column_4 Column_5 Column_6 Column_7 Column_8 Column_9 Column_10 Column_11 Column_12 Column_13 Column_14 Column_15 Column_16 Column_17 Column_18 Column_19 Column_20 Column_21 Column_22 Column_23 Column_24 Column_25 Column_26 Column_27 Column_28 Column_29 Column_30 Column_31 Column_32 Column_33 Column_34 Column_35 Column_36 Column_37 Column_38 Column_39 Column_40 Column_41 Column_42 Column_43 Column_44 Column_45 Column_46 Column_47 Column_48 Column_49 Column_50 Column_51 Column_52 Column_53 Column_54 Column_55 Column_56 Column_57 Column_58 Column_59 Column_60 Column_61 Column_62 Column_63 Column_64 Column_65 Column_66 Column_67 Column_68 Column_69
feature_infos=[10.790002216906686:90.109811040039176] [-0.011968445339256466:0.011821329992667336] [0:100] [0.0016102791322041385:0.029481772594463787] [-0.060814502722910446:0.063297943910118892] [-0.089597444036028873:0.08134087319321992] [-0.13281200948298855:0.095480073127390153] [-0.20120395297889893:0.1623129918537709] [-0.041610475600127428:0.028492116797576461] [-0.52637366434346156:1.5231958689850134] [0.0021477833073391753:0.22173137221799494] [-0.047946346338500145:0.050348889975464051] [0.00043231529645264949:0.026012865512807813] [0.10627069668084081:7.7992885132473777] [0.00066250037390283524:0.11300131056969158] [-0.047946346338500104:0.050348889975464092] [-34.411844222470229:31.730413207079309] [-0.0046229579972817151:0.0048333937676126254] [-0.08714675366507374:0.099201924218051518] [-0.12794933963567234:0.099997923376803799] [20.003156660189529:75.50831097744404] [2.1116202705878329:58.757653393096085] [2.9329747479719721:66.456871094149122] [-0.17978468460877206:0.15775231736406559] [-0.047946346338500145:0.050348889975464051] [-0.049008096925143296:0.050348889975464051] [-0.049008096925143296:0.050348889975464051] [-0.049008096925143296:0.050348889975464051] [18.381783179582612:84.786084927197464] [-0.18433168704383918:0.1273391196774889] [0.00071800671686254305:0.021199520830906166] [-1:1] [-1:1] [-0.97492791218182362:0.97492791218182362] [-0.90096886790241903:1] [-0.049008096925143296:0.050348889975464051] [-0.049008096925143296:0.050348889975464051] [-0.049008096925143296:0.050348889975464051] [-0.049008096925143296:0.050348889975464051] [-0.049008096925143296:0.050348889975464051] [0.10627069668084081:7.7992885132473777] [0.1113375643593858:7.7992885132473777] [0.1113375643593858:7.7992885132473777] [10.790002216906686:90.109811040039176] [-0.011968445339256466:0.011821329992667336] [-0.52637366434346156:1.5231958689850134] [10.790002216906686:90.109811040039176] [-0.011968445339256466:0.011821329992667336] [-0.52637366434346156:1.5231958689850134] [43254.635000000002:78448.758000000002] [-0.00029357:0.00108552] [5:94] [43338.601000000002:78448.758000000002] [-0.00029357:0.00108552] [5:94] [42648.644:78448.758000000002] [-0.00029357:0.00108552] [5:94] [-0.2552888262214088:0.080839156632330988] [-0.00051340000000000001:0.00077364999999999997] [-19725.703878999993:12993.679084000003] [-33821.068071000002:25627.075366999998] [-0.2552888262214088:0.080839156632330988] [-0.00051340000000000001:0.00077364999999999997] [-19725.703878999993:12993.679084000003] [-33821.068071000002:25627.075366999998] [-0.2552888262214088:0.080839156632330988] [-0.00051340000000000001:0.00077364999999999997] [-19725.703878999993:12993.679084000003] [-33821.068071000002:25627.075366999998]
tree_sizes=900 1016 1013 1496 918 1580 920 1015 1016 924 2133 919 1012 928 921 918 2023 1381 1381 921 1017 1849 1500 1685 1590 1590 1845 1827 1846 1579 928 1576 1843 2041 2047 927 1588 2131 922 1578 1487 1584 1007 2032 2041 1590 1965 1582 1492 1495 1779 832 1579 2137 1957 2153 1582 1495 1220 917 2142 1497 1780 1579 1498 1869

Tree=0
num_leaves=8
num_cat=0
split_feature=11 32 14 17 20 12 65
split_gain=0.000685599 0.0010834 0.000436598 0.000736743 0.00108409 0.000423179 0.000354069
threshold=-0.022449281928523131 0.1294095225512602 0.037747654276270096 0.0017269531053026334 45.19702222741423 0.018012708440443729 -14694.944520000001
decision_type=2 2 2 2 2 2 2
left_child=1 -1 3 5 -5 6 -2
right_child=2 -3 -4 4 -6 -7 -8
leaf_value=8.5711952143865467e-05 -2.5311413149382912e-05 -1.4807993361897988e-05 4.9623454741419849e-05 9.0184108140619261e-06 -9.9398952875808463e-05 4.4343612899221967e-05 7.1446444132703444e-06
leaf_weight=34 42 22 30 27 20 38 13767
leaf_count=34 42 22 30 27 20 38 13767
internal_value=7.24714e-06 4.6222e-05 7.09038e-06 6.99855e-06 -3.71166e-05 7.14828e-06 7.04593e-06
internal_weight=13980 56 13924 13894 47 13847 13809
internal_count=13980 56 13924 13894 47 13847 13809
is_linear=0
shrinkage=1


Tree=1
num_leaves=9
num_cat=0
split_feature=11 54 14 17 40 3 11 23
split_gain=0.00067038 0.0013373 0.000426907 0.000720389 0.000894949 0.000608051 0.000819668 0.000564154
threshold=-0.022449281928523131 27.500000000000004 0.037747654276270096 0.0017269531053026334 1.2498361729649701 0.012659800476848412 -0.0075341526259898864 -0.060471582811671636
decision_type=2 2 2 2 2 2 2 2
left_child=1 -1 3 5 -5 7 -7 -2
right_child=2 -3 -4 4 -6 6 -8 -9
leaf_value=0.00010634517730064243 -1.6104891829822848e-05 -5.3342197933105212e-06 4.1903341006695763e-05 -0.00010045760808730018 -1.9508431604241148e-06 3.6555135904622474e-05 4.6073428873386329e-06 -3.0898968543784863e-07
leaf_weight=22 288 34 30 20 27 119 628 12812
leaf_count=22 288 34 30 20 27 119 628 12812
internal_value=-4.621e-13 3.85398e-05 -1.55001e-07 -2.45814e-07 -4.38686e-05 -9.77477e-08 9.69675e-06 -6.56258e-07
internal_weight=13980 56 13924 13894 47 13847 747 13100
internal_count=13980 56 13924 13894 47 13847 747 13100
is_linear=0
shrinkage=0.0111613


Tree=2
num_leaves=9
num_cat=0
split_feature=11 57 14 17 20 3 11 23
split_gain=0.000655499 0.00127324 0.00041743 0.000704398 0.00105532 0.000594553 0.000801474 0.000551631
threshold=-0.022449281928523131 27.500000000000004 0.037747654276270096 0.0017269531053026334 45.19702222741423 0.012659800476848412 -0.0075341526259898864 -0.060471582811671636
decision_type=2 2 2 2 2 2 2 2
left_child=1 -1 3 5 -5 7 -7 -2
right_child=2 -3 -4 4 -6 6 -8 -9
leaf_value=0.00010951187926697217 -1.5925139349045172e-05 -1.5582167607571674e-06 4.1435648598287809e-05 2.1397696038635253e-06 -0.00010482929942099433 3.6147135723958769e-05 4.5559202730376642e-06 -3.0554048405203311e-07
leaf_weight=20 288 36 30 27 20 119 628 12812
leaf_count=20 288 36 30 27 20 119 628 12812
internal_value=9.29331e-14 3.81097e-05 -1.53271e-07 -2.4307e-07 -4.3379e-05 -9.66562e-08 9.58852e-06 -6.48933e-07
internal_weight=13980 56 13924 13894 47 13847 747 13100
internal_count=13980 56 13924 13894 47 13847 747 13100
is_linear=0
shrinkage=0.0111613


Tree=3
num_leaves=14
num_cat=0
split_feature=11 54 3 11 62 62 45 23 12 53 11 5 11
split_gain=0.000640948 0.00128107 0.000377015 0.000757407 0.00115832 0.000793592 0.000702281 0.000566176 0.000918197 0.000583506 0.000530507 0.000335835 0.000281948
threshold=-0.022449281928523131 27.500000000000004 0.012659800476848412 -0.0075341526259898864 0.0026160622778064195 -0.027086087368394293 -0.15295374842851692 -0.060471582811671636 0.0090723015847013391 3.7495000000000013e-05 -0.015486762944133646 0.038582581525052569 -0.0026138954043721237
decision_type=2 2 2 2 2 2 2 2 2 2 2 2 2
left_child=1 -1 7 4 10 -5 -7 8 9 -2 -4 12 -9
right_child=2 -3 3 5 -6 6 -8 11 -10 -11 -12 -13 -14
leaf_value=0.00010404862824124285 6.4953571546221905e-06 -5.2572923947322123e-06 3.2118019707006877e-06 -6.4963751927666312e-05 -2.0276086035451394e-05 6.9861703060692876e-05 2.6781701338486953e-06 2.8926575684818081e-06 -7.3446592240111527e-05 -2.7157112014751679e-05 6.8392309637111e-05 3.9066257808269628e-05 -1.1872470636574263e-06
leaf_weight=22 138 34 20 21 37 20 628 2664 31 120 70 27 10148
leaf_count=22 138 34 20 21 37 20 628 2664 31 120 70 27 10148
internal_value=-1.76483e-13 3.76843e-05 -1.5156e-07 7.307e-06 3.22951e-05 2.56336e-06 4.75174e-06 -6.03801e-07 -1.60531e-05 -9.15695e-06 5.39078e-05 -2.56044e-07 -3.38912e-07
internal_weight=13980 56 13924 796 127 669 648 13128 289 258 90 12839 12812
internal_count=13980 56 13924 796 127 669 648 13128 289 258 90 12839 12812
is_linear=0
shrinkage=0.0111613


Tree=4
num_leaves=8
num_cat=0
split_feature=11 54 14 10 39 3 3
split_gain=0.000626721 0.00125263 0.000406195 0.00069976 0.000849111 0.000660377 0.000404191
threshold=-0.022449281928523131 27.500000000000004 0.037747654276270096 0.13248322271959126 -0.00085238591200426084 0.020256775198101616 0.012659800476848412
decision_type=2 2 2 2 2 2 2
left_child=1 -1 3 5 -5 6 -2
right_child=2 -3 -4 4 -6 -7 -8
leaf_value=0.00010288731401883668 -6.4832791590667279e-07 -5.198612814334909e-06 4.0875578713058131e-05 -9.8373627029295932e-05 -1.6406999968113102e-06 5.4055135149188366e-05 7.992240777315299e-06
leaf_weight=22 13109 34 30 20 26 28 711
leaf_count=22 13109 34 30 20 26 28 711
internal_value=7.30217e-14 3.72637e-05 -1.49868e-07 -2.38451e-07 -4.36985e-05 -9.40861e-08 -2.03795e-07
internal_weight=13980 56 13924 13894 46 13848 13820
internal_count=13980 56 13924 13894 46 13848 13820
is_linear=0
shrinkage=0.0111613


Tree=5
num_leaves=15
num_cat=0
split_feature=11 54 3 2 0 20 25 20 27 23 12 53 5 11
split_gain=0.000612809 0.00122482 0.000359691 0.000795992 0.000886897 0.00138666 0.000728206 0.000696839 0.000580393 0.000553718 0.000897764 0.000570685 0.000328484 0.000275684
threshold=-0.022449281928523131 27.500000000000004 0.012659800476848412 24.674040097241733 30.814142717578445 53.02286103019793 -0.01251084161259408 25.496898941258092 0.00097783887909841404 -0.060471582811671636 0.0090723015847013391 3.7495000000000013e-05 0.038582581525052569 -0.0026138954043721237
decision_type=2 2 2 2 2 2 2 2 2 2 2 2 2 2
left_child=1 -1 9 6 5 -5 -4 -6 -8 10 11 -2 13 -11
right_child=2 -3 3 4 7 -7 8 -9 -10 12 -12 -13 -14 -15
leaf_value=0.00010173895368798813 6.4300974948132932e-06 -5.1405886872455012e-06 9.5369250284880699e-05 8.4986757962967499e-06 3.2012112898017416e-05 -0.00010373255919827827 -2.8970183035297523e-07 1.3812624417861254e-06 6.6270673463419052e-05 2.8675043450204089e-06 -7.2619593388779225e-05 -2.6850628836128459e-05 3.8643531673612894e-05 -1.1668301242604461e-06
leaf_weight=22 138 34 21 32 112 24 51 532 24 2664 31 120 27 10148
leaf_count=22 138 34 21 32 112 24 51 532 24 2664 31 120 27 10148
internal_value=1.77974e-13 3.68478e-05 -1.48196e-07 7.13699e-06 3.00366e-06 -3.96004e-05 3.72758e-05 6.70837e-06 2.10096e-05 -5.89923e-07 -1.58683e-05 -9.04931e-06 -2.46015e-07 -3.27971e-07
internal_weight=13980 56 13924 796 700 56 96 644 75 13128 289 258 12839 12812
internal_count=13980 56 13924 796 700 56 96 644 75 13128 289 258 12839 12812
is_linear=0
shrinkage=0.0111613


Tree=6
num_leaves=8
num_cat=0
split_feature=15 57 14 10 39 3 3
split_gain=0.000599206 0.00116869 0.00039175 0.000683957 0.000830338 0.000643766 0.000387551
threshold=-0.022449281928523152 27.500000000000004 0.037747654276270096 0.13248322271959126 -0.00085238591200426084 0.020256775198101616 0.012659800476848412
decision_type=2 2 2 2 2 2 2
left_child=1 -1 3 5 -5 6 -2
right_child=2 -3 -4 4 -6 -7 -8
leaf_value=0.00010484437385154739 -6.3441650514199974e-07 -1.5678196559575998e-06 4.0142829565170277e-05 -9.7267395591092452e-05 -1.6097929971498761e-06 5.3373060478977368e-05 7.8264282240398267e-06
leaf_weight=20 13109 36 30 20 26 28 711
leaf_count=20 13109 36 30 20 26 28 711
internal_value=-1.05764e-13 3.64365e-05 -1.46542e-07 -2.33535e-07 -4.32001e-05 -9.08095e-08 -1.9913e-07
internal_weight=13980 56 13924 13894 46 13848 13820
internal_count=13980 56 13924 13894 46 13848 13820
is_linear=0
shrinkage=0.0111613


Tree=7
num_leaves=9
num_cat=0
split_feature=11 54 14 17 20 3 11 23
split_gain=0.000585904 0.00117329 0.000383054 0.000682526 0.00101648 0.00054052 0.000768628 0.000515277
threshold=-0.022449281928523131 27.500000000000004 0.037747654276270096 0.0017269531053026334 45.19702222741423 0.012659800476848412 -0.0075341526259898864 -0.060471582811671636
decision_type=2 2 2 2 2 2 2 2
left_child=1 -1 3 5 -5 7 -7 -2
right_child=2 -3 -4 4 -6 6 -8 -9
leaf_value=9.9541191059943163e-05 -1.5377649478271974e-05 -5.0657161187844659e-06 3.9694783607813284e-05 1.9814070206933429e-06 -0.00010300079943759685 3.5156516417229577e-05 4.2193884138628953e-06 -2.8150440197114911e-07
leaf_weight=22 288 34 30 27 20 119 628 12812
leaf_count=22 288 34 30 27 20 119 628 12812
internal_value=9.25666e-14 3.60299e-05 -1.44906e-07 -2.30928e-07 -4.26919e-05 -8.68055e-08 9.14779e-06 -6.13389e-07
internal_weight=13980 56 13924 13894 47 13847 747 13100
internal_count=13980 56 13924 13894 47 13847 747 13100
is_linear=0
shrinkage=0.0111613


Tree=8
num_leaves=9
num_cat=0
split_feature=11 54 14 17 20 3 11 23
split_gain=0.000572898 0.00114724 0.000374551 0.000667375 0.000993914 0.000528521 0.000751566 0.000503839
threshold=-0.022449281928523131 27.500000000000004 0.037747654276270096 0.0017269531053026334 45.19702222741423 0.012659800476848412 -0.0075341526259898864 -0.060471582811671636
decision_type=2 2 2 2 2 2 2 2
left_child=1 -1 3 5 -5 7 -7 -2
right_child=2 -3 -4 4 -6 6 -8 -9
leaf_value=9.8430182445295895e-05 -1.5206013819509013e-05 -5.0091744502326712e-06 3.925173717752808e-05 1.9592933926277893e-06 -0.00010185117763052979 3.476412426051487e-05 4.1722943150722329e-06 -2.7836267078162317e-07
leaf_weight=22 288 34 30 27 20 119 628 12812
leaf_count=22 288 34 30 27 20 119 628 12812
internal_value=-9.54507e-14 3.56277e-05 -1.43289e-07 -2.28351e-07 -4.22154e-05 -8.58369e-08 9.04569e-06 -6.06543e-07
internal_weight=13980 56 13924 13894 47 13847 747 13100
internal_count=13980 56 13924 13894 47 13847 747 13100
is_linear=0
shrinkage=0.0111613


Tree=9
num_leaves=8
num_cat=0
split_feature=11 54 14 10 39 12 39
split_gain=0.000560181 0.00112178 0.000366237 0.000660863 0.000802534 0.000636853 0.000346531
threshold=-0.022449281928523131 27.500000000000004 0.037747654276270096 0.13248322271959126 -0.00085238591200426084 0.018012708440443729 -0.011803660563296512
decision_type=2 2 2 2 2 2 2
left_child=1 -1 3 5 -5 6 -2
right_child=2 -3 -4 4 -6 -7 -8
leaf_value=9.7331571838253582e-05 1.1521378664868047e-05 -4.9532666954583775e-06 3.8813638257152902e-05 -9.5615093099381867e-05 -1.5726983357067001e-06 4.8160460571735325e-05 -4.7076449199572159e-07
leaf_weight=22 307 34 30 20 26 34 13507
leaf_count=22 307 34 30 20 26 34 13507
internal_value=2.54504e-13 3.52301e-05 -1.41689e-07 -2.25802e-07 -4.24607e-05 -8.55067e-08 -2.04253e-07
internal_weight=13980 56 13924 13894 46 13848 13814
internal_count=13980 56 13924 13894 46 13848 13814
is_linear=0
shrinkage=0.0111613


Tree=10
num_leaves=21
num_cat=0
split_feature=6 56 2 13 3 25 31 46 25 11 30 23 69 14 22 30 13 23 17 38
split_gain=0.000548263 0.00105608 0.00117871 0.00170903 0.0010544 0.00111211 0.00100031 0.000506551 0.000446043 0.000319918 0.00070783 0.00113065 0.00103643 0.000844421 0.000689231 0.000642054 0.000596463 0.000614507 0.000572847 0.000501872
threshold=-0.043409583391767086 -5.3749999999999994e-06 26.018675005048951 1.5202563168557066 0.01182564211081664 -0.010931435043058544 0.12940952255126045 31.85465617662808 -0.0087425197785531688 -0.0026138954043721237 0.011332091359827387 0.016334379327564767 1794.4304264999976 0.030803579257804133 26.395088507875965 0.014031090236242034 3.0089586754741409 -0.074494747954461635 0.0017269531053026334 -0.002475149447067448
decision_type=2 2 2 2 2 2 2 2 2 2 2 2 2 2 2 2 2 2 2 2
left_child=1 6 4 7 8 -6 -1 -4 -3 15 13 14 -13 18 -12 16 17 -2 -11 -18
right_child=9 2 3 -5 5 -7 -8 -9 -10 10 11 12 -14 -15 -16 -17 19 -19 -20 -21
leaf_value=9.1791895623392293e-05 -3.6993742650703469e-05 -5.6673185226018603e-05 3.0736756592941291e-05 -0.00011234923255905031 0.00011219239260830363 2.1853163488865179e-05 3.8727375256316086e-06 -4.0867384743216643e-05 8.7489161147122294e-06 -8.5089370585836107e-07 1.895819185765889e-05 -0.0001161322869373777 -2.0577229145302281e-05 6.8248015595252128e-05 -3.2197035684639553e-05 5.8151241553014827e-05 -6.3464811626038134e-05 4.1373782621665594e-06 -5.6613745162018253e-05 -9.2858932249116178e-06
leaf_weight=38 46 20 32 23 24 58 28 20 37 10503 71 26 31 22 61 26 28 2774 23 89
leaf_count=38 46 20 32 23 24 58 28 20 37 10503 71 26 31 22 61 26 28 2774 23 89
internal_value=1.88589e-13 1.5461e-05 3.4231e-06 -3.22374e-05 2.26644e-05 4.82939e-05 5.44929e-05 3.1967e-06 -1.42062e-05 -3.1599e-07 -1.21197e-06 -2.26207e-05 -6.41637e-05 -8.28365e-07 -4.68172e-06 2.93076e-06 2.44192e-06 3.46645e-06 -9.72739e-07 -2.22518e-05
internal_weight=13980 280 214 75 139 82 66 52 57 13700 10737 189 57 10548 132 2963 2937 2820 10526 117
internal_count=13980 280 214 75 139 82 66 52 57 13700 10737 189 57 10548 132 2963 2937 2820 10526 117
is_linear=0
shrinkage=0.0111613


Tree=11
num_leaves=8
num_cat=0
split_feature=11 54 14 10 39 12 3
split_gain=0.000545166 0.00108631 0.000353149 0.000648501 0.000785383 0.000624136 0.000341314
threshold=-0.022449281928523131 27.500000000000004 0.037747654276270096 0.13248322271959126 -0.00085238591200426084 0.018012708440443729 0.012659800476848412
decision_type=2 2 2 2 2 2 2
left_child=1 -1 3 5 -5 6 -2
right_child=2 -3 -4 4 -6 -7 -8
leaf_value=9.5866568030351264e-05 -6.08113105852126e-07 -4.7882709547835968e-06 3.8113137269977129e-05 -9.4643757353173185e-05 -1.611660157719348e-06 4.767846878517262e-05 7.3586363783884177e-06
leaf_weight=22 13108 34 30 20 26 34 706
leaf_count=22 13108 34 30 20 26 34 706
internal_value=-1.62985e-13 3.47547e-05 -1.39778e-07 -2.22374e-07 -4.20604e-05 -8.3397e-08 -2.00952e-07
internal_weight=13980 56 13924 13894 46 13848 13814
internal_count=13980 56 13924 13894 46 13848 13814
is_linear=0
shrinkage=0.0111613


Tree=12
num_leaves=9
num_cat=0
split_feature=11 54 14 17 20 3 11 60
split_gain=0.000533064 0.0010622 0.000345309 0.000640884 0.000962064 0.00050342 0.000728804 0.000444171
threshold=-0.022449281928523131 27.500000000000004 0.037747654276270096 0.0017269531053026334 45.19702222741423 0.012659800476848412 -0.0075341526259898864 -7223.785334999995
decision_type=2 2 2 2 2 2 2 2
left_child=1 -1 3 5 -5 7 -7 -2
right_child=2 -3 -4 4 -6 6 -8 -9
leaf_value=9.4796573339327042e-05 -5.3146948575354037e-05 -4.7348284993411697e-06 3.7687744591669341e-05 2.0959723050177319e-06 -0.00010003766122089845 3.4157788685549091e-05 4.0327775316759336e-06 -5.0806066278168338e-07
leaf_weight=22 20 34 30 27 20 119 628 13080
leaf_count=22 20 34 30 27 20 119 628 13080
internal_value=-3.48472e-14 3.43668e-05 -1.38218e-07 -2.19892e-07 -4.13651e-05 -8.02348e-08 8.83181e-06 -5.88425e-07
internal_weight=13980 56 13924 13894 47 13847 747 13100
internal_count=13980 56 13924 13894 47 13847 747 13100
is_linear=0
shrinkage=0.0111613


Tree=13
num_leaves=8
num_cat=0
split_feature=3 4 23 5 61 47 26
split_gain=0.000525807 0.000577739 0.000426012 0.00110488 0.000340332 0.000621227 0.000509712
threshold=0.020256775198101616 0.010802843622801152 -0.10249925761456434 -0.042939531481332775 -4523.0706850000024 -0.0052885088373177654 0.0082118475120911433
decision_type=2 2 2 2 2 2 2
left_child=2 -2 -1 -4 6 -6 -5
right_child=1 -3 3 4 5 -7 -8
leaf_value=-4.215030272538192e-05 6.6271254226988775e-05 -6.6703886620577815e-06 6.8775490513595905e-05 7.6919215448758924e-06 -5.0605796565509511e-05 -5.8082712306908468e-07 -2.4300986916720447e-05
leaf_weight=30 31 24 29 1033 31 12736 66
leaf_count=30 31 24 29 1033 31 12736 66
internal_value=-3.15973e-13 3.44422e-05 -1.36038e-07 -4.53267e-08 -1.89262e-07 -7.02295e-07 5.7706e-06
internal_weight=13980 55 13925 13895 13866 12767 1099
internal_count=13980 55 13925 13895 13866 12767 1099
is_linear=0
shrinkage=0.0111613


Tree=14
num_leaves=8
num_cat=0
split_feature=11 54 14 10 39 12 39
split_gain=0.000517207 0.00103551 0.000335373 0.000635171 0.000765999 0.000604237 0.00033643
threshold=-0.022449281928523131 27.500000000000004 0.037747654276270096 0.13248322271959126 -0.00085238591200426084 0.018012708440443729 -0.011803660563296512
decision_type=2 2 2 2 2 2 2
left_child=1 -1 3 5 -5 6 -2
right_child=2 -3 -4 4 -6 -7 -8
leaf_value=9.351776301493233e-05 1.1358707239726058e-05 -4.7556635499907243e-06 3.7141630784256488e-05 -9.3552827633666558e-05 -1.6759458634445902e-06 4.69151939933119e-05 -4.5735925474659115e-07
leaf_weight=22 307 34 30 20 26 34 13507
leaf_count=22 307 34 30 20 26 34 13507
internal_value=3.05332e-13 3.38518e-05 -1.36146e-07 -2.16636e-07 -4.16224e-05 -7.90953e-08 -1.94761e-07
internal_weight=13980 56 13924 13894 46 13848 13814
internal_count=13980 56 13924 13894 46 13848 13814
is_linear=0
shrinkage=0.0111613


Tree=15
num_leaves=8
num_cat=0
split_feature=3 31 23 5 64 61 61
split_gain=0.00051415 0.00088052 0.000419143 0.00107314 0.000339204 0.000905719 0.000328577
threshold=0.020256775198101616 0.12940952255126045 -0.10249925761456434 -0.042939531481332775 4173.1602520000024 601.13912099999766 -4523.0706850000024
decision_type=2 2 2 2 2 2 2
left_child=2 -2 -1 -4 6 -6 -5
right_child=1 -3 3 4 5 -7 -8
leaf_value=-4.1808681466389358e-05 7.4825580900469196e-05 -1.4862552350531344e-05 6.7780421714050851e-05 5.4707256456895684e-06 8.3460529624637119e-05 6.1546188830594714e-06 -9.1215920988146386e-07
leaf_weight=30 30 25 29 1092 21 187 12566
leaf_count=30 30 25 29 1092 21 187 12566
internal_value=2.21306e-15 3.40582e-05 -1.34521e-07 -4.45443e-08 -1.86397e-07 1.39595e-05 -4.01828e-07
internal_weight=13980 55 13925 13895 13866 208 13658
internal_count=13980 55 13925 13895 13866 208 13658
is_linear=0
shrinkage=0.0111613


Tree=16
num_leaves=20
num_cat=0
split_feature=6 53 14 2 13 30 62 46 69 10 16 65 64 61 22 41 23 1 19
split_gain=0.000505957 0.00101582 0.00134011 0.000898299 0.00141017 0.00108946 0.000611948 0.000434687 0.000346846 0.000336404 0.00082452 0.000929241 0.000342517 0.000730416 0.000335845 0.000311896 0.000473727 0.000384691 0.000278121
threshold=-0.043409583391767086 8.2500000000000004e-07 0.027746594247636182 24.674040097241733 1.5202563168557066 0.0091226539081010177 -0.0035925361450299671 31.85465617662808 -6651.2744060000014 0.11090165401708434 -0.5190218332073292 4280.134226000001 4173.1602520000024 601.13912099999766 14.436620958633988 2.2017487061356271 -0.058691976677677053 -0.0046646827937355069 0.021987966847988542
decision_type=2 2 2 2 2 2 2 2 2 2 2 2 2 2 2 2 2 2 2
left_child=1 2 6 5 7 8 -1 -5 -3 12 14 -12 15 -14 -11 17 -17 -2 -15
right_child=9 3 -4 4 -6 -7 -8 -9 -10 10 11 -13 13 18 -16 16 -18 -19 -20
leaf_value=-2.2973114071611977e-05 2.8492082721139743e-05 3.3015087579991627e-05 0.00012771796671688968 3.2803873347915956e-05 -9.5407613309358774e-05 8.1252961426373383e-05 5.07294885349712e-05 -3.4371887161394782e-05 -1.2245068098201063e-05 -1.5089624063055029e-05 -0.00010182967904530741 -9.3228478098244299e-06 7.8430299959859299e-05 -1.0210025784430892e-05 4.5908296344671887e-05 -5.7081788502664886e-05 -5.6737734660199026e-06 -7.4775220401030406e-08 1.8582080875602523e-05
leaf_weight=23 59 31 20 30 26 28 36 20 66 23 24 31 20 69 22 23 767 12556 106
leaf_count=23 59 31 20 30 26 28 36 20 66 23 24 31 20 69 22 23 767 12556 106
internal_value=8.28735e-14 1.48525e-05 4.87625e-05 1.52466e-06 -2.87358e-05 1.9923e-05 2.1998e-05 5.93357e-06 2.21952e-06 -3.03554e-07 -2.07e-05 -4.96895e-05 -1.53581e-07 1.45324e-05 1.47316e-05 -3.67214e-07 -7.17046e-06 5.88312e-08 7.22976e-06
internal_weight=13980 280 79 201 76 125 59 50 97 13700 100 55 13600 195 45 13405 790 12615 175
internal_count=13980 280 79 201 76 125 59 50 97 13700 100 55 13600 195 45 13405 790 12615 175
is_linear=0
shrinkage=0.0111613


Tree=17
num_leaves=13
num_cat=0
split_feature=11 54 6 60 26 26 14 10 65 44 2 11
split_gain=0.000496085 0.000995012 0.000325718 0.00073088 0.000905481 0.000984567 0.000698328 0.000433556 0.000997746 0.000681717 0.000383506 0.000365818
threshold=-0.022449281928523131 27.500000000000004 -0.043409583391767086 -238.04580399999577 0.00190269688797462 -0.00095494354635822221 0.016331137966261216 0.11090165401708434 4280.134226000001 0.0069869870608550389 77.891706339181681 -0.018135466152839449
decision_type=2 2 2 2 2 2 2 2 2 2 2 2
left_child=1 -1 3 4 5 -2 -5 9 -9 11 -10 -4
right_child=2 -3 7 6 -6 -7 -8 8 10 -11 -12 -13
leaf_value=9.1640809745220566e-05 3.3632890902242261e-07 -4.6915312009301773e-06 -3.3591158143448719e-05 1.3857303081124362e-05 -5.6491048409835363e-05 7.3823559931441695e-05 9.3502166819016785e-05 -7.6113944994031982e-05 2.3794412961205924e-05 5.9235767789743097e-05 -3.0100453916571963e-05 -2.0136361985537894e-07
leaf_weight=22 143 34 41 32 28 27 24 31 38 24 29 13507
leaf_count=22 143 34 41 32 28 27 24 31 38 24 29 13507
internal_value=-1.41896e-13 3.31533e-05 -1.33337e-07 1.239e-05 2.32112e-06 1.20078e-05 4.79908e-05 -3.66032e-07 -2.37577e-05 -1.97126e-07 4.66784e-07 -3.0241e-07
internal_weight=13980 56 13924 254 198 170 56 13670 98 13572 67 13548
internal_count=13980 56 13924 254 198 170 56 13670 98 13572 67 13548
is_linear=0
shrinkage=0.0111613


Tree=18
num_leaves=13
num_cat=0
split_feature=11 32 6 42 47 38 52 10 65 44 2 11
split_gain=0.000485072 0.000978635 0.000318488 0.000630993 0.000666147 0.00111147 0.000821585 0.000423932 0.000975598 0.000666584 0.000374993 0.000357698
threshold=-0.022449281928523131 0.1294095225512602 -0.043409583391767086 2.754986118698683 -0.0014601143109260835 0.0025169397704603029 53609.203000000009 0.11090165401708434 4280.134226000001 0.0069869870608550389 77.891706339181681 -0.018135466152839449
decision_type=2 2 2 2 2 2 2 2 2 2 2 2
left_child=1 -1 3 4 5 -2 -6 9 -9 11 -10 -4
right_child=2 -3 7 -5 6 -7 -8 8 10 -11 -12 -13
leaf_value=7.0315401548142766e-05 4.6131578456587571e-05 -2.5220898541492241e-05 -3.321623699459096e-05 -3.1752865932290672e-05 4.8305348254111542e-05 -3.0506489394733826e-05 -3.7970573248948118e-05 -7.5264416367669092e-05 2.3528836553889944e-05 5.8574619850866027e-05 -2.9764494108598023e-05 -1.9911587669579137e-07
leaf_weight=34 126 22 41 35 20 29 44 31 38 24 29 13507
leaf_count=34 126 22 41 35 20 29 44 31 38 24 29 13507
internal_value=1.1287e-13 3.27833e-05 -1.31849e-07 1.22517e-05 1.92844e-05 3.17928e-05 -1.10093e-05 -3.61946e-07 -2.34926e-05 -1.94926e-07 4.61574e-07 -2.99035e-07
internal_weight=13980 56 13924 254 219 155 64 13670 98 13572 67 13548
internal_count=13980 56 13924 254 219 155 64 13670 98 13572 67 13548
is_linear=0
shrinkage=0.0111613


Tree=19
num_leaves=8
num_cat=0
split_feature=3 31 23 5 64 61 4
split_gain=0.000475766 0.000851417 0.000409041 0.00102916 0.000324276 0.000866983 0.000397983
threshold=0.020256775198101616 0.12940952255126045 -0.10249925761456434 -0.042939531481332775 4173.1602520000024 601.13912099999766 0.0062828794157983045
decision_type=2 2 2 2 2 2 2
left_child=2 -2 -1 -4 6 -6 -5
right_child=1 -3 3 4 5 -7 -8
leaf_value=-4.1298294532349312e-05 7.2850236610155468e-05 -1.5343260836618098e-05 6.638014609441853e-05 3.1301543305818061e-07 8.1650240945789056e-05 6.0155237631359532e-06 -5.5530350837196912e-06
leaf_weight=30 30 25 29 12021 21 187 1637
leaf_count=30 30 25 29 12021 21 187 1637
internal_value=-6.64901e-14 3.27623e-05 -1.29402e-07 -4.05166e-08 -1.79432e-07 1.36517e-05 -3.90069e-07
internal_weight=13980 55 13925 13895 13866 208 13658
internal_count=13980 55 13925 13895 13866 208 13658
is_linear=0
shrinkage=0.0111613


Tree=20
num_leaves=9
num_cat=0
split_feature=11 32 14 17 20 3 11 23
split_gain=0.000470564 0.000955639 0.000316276 0.000628696 0.000940527 0.000474973 0.00069676 0.000496506
threshold=-0.022449281928523131 0.1294095225512602 0.037747654276270096 0.0017269531053026334 45.19702222741423 0.012659800476848412 -0.0075341526259898864 -0.060471582811671636
decision_type=2 2 2 2 2 2 2 2
left_child=1 -1 3 5 -5 7 -7 -2
right_child=2 -3 -4 4 -6 6 -8 -9
leaf_value=6.937780618793646e-05 -1.5056167326712047e-05 -2.5029324051711328e-05 3.6071004199984518e-05 2.0117242217316923e-06 -9.8972228443033221e-05 3.3349840639798435e-05 3.894539803791378e-06 -2.3754513247364013e-07
leaf_weight=34 288 22 30 27 20 119 628 12812
leaf_count=34 288 22 30 27 20 119 628 12812
internal_value=-1.46676e-16 3.22893e-05 -1.29862e-07 -2.08027e-07 -4.09602e-05 -6.97048e-08 8.58688e-06 -5.63329e-07
internal_weight=13980 56 13924 13894 47 13847 747 13100
internal_count=13980 56 13924 13894 47 13847 747 13100
is_linear=0
shrinkage=0.0111613


Tree=21
num_leaves=18
num_cat=0
split_feature=6 56 2 23 3 62 25 13 25 10 17 44 65 32 7 48 29
split_gain=0.000465821 0.000982062 0.00112283 0.00137558 0.00110876 0.00109528 0.001066 0.000738178 0.00043009 0.000315793 0.00101889 0.000640909 0.000640695 0.000373912 0.000346814 0.000594351 0.000320467
threshold=-0.043409583391767086 -5.3749999999999994e-06 24.674040097241733 -0.10249925761456434 0.01182564211081664 0.0018370053955327761 -0.010931435043058544 1.3665325800769843 -0.0087425197785531688 0.11090165401708434 -0.00069928602350863745 0.0069869870608550389 4280.134226000001 0.60355339059327384 -0.076973452256017968 0.23322469869036669 0.082273580168757202
decision_type=2 2 2 2 2 2 2 2 2 2 2 2 2 2 2 2 2
left_child=1 5 4 -4 8 -1 -6 -5 -3 11 13 14 -12 -11 15 -2 -16
right_child=9 2 3 7 6 -7 -8 -9 -10 10 12 -13 -14 -15 16 -17 -18
leaf_value=1.2860962133108685e-05 -4.1362743174356766e-05 -5.6012982285431487e-05 -0.00011028256249313135 2.2745579347958655e-05 0.00011426388304780925 0.00010485894187117833 2.3008606788163708e-05 -5.9640086917937554e-05 8.2285678283478418e-06 5.1895449006076925e-05 -0.00010422605599530751 5.7480737472565151e-05 -2.3199056831186576e-05 -1.0407567887110714e-05 3.1503977766301236e-08 -3.1438123585906459e-07 -4.4679663571556464e-05
leaf_weight=38 69 20 20 42 23 28 52 20 37 21 20 24 31 28 13366 121 20
leaf_count=38 69 20 20 42 23 28 52 20 37 21 20 24 31 28 13366 121 20
internal_value=2.41523e-14 1.42512e-05 2.64288e-06 -2.97944e-05 2.27933e-05 5.18904e-05 5.09936e-05 -3.83044e-06 -1.43123e-05 -2.91266e-07 -2.0053e-05 -1.45959e-07 -5.49744e-05 1.62937e-05 -2.47833e-07 -1.52214e-05 -3.52989e-08
internal_weight=13980 280 214 82 132 66 75 62 57 13700 100 13600 51 49 13576 190 13386
internal_count=13980 280 214 82 132 66 75 62 57 13700 100 13600 51 49 13576 190 13386
is_linear=0
shrinkage=0.0111613


Tree=22
num_leaves=14
num_cat=0
split_feature=3 4 11 30 3 62 32 13 19 13 14 60 7
split_gain=0.000458048 0.000568006 0.000324574 0.000692345 0.000612414 0.000933649 0.00105952 0.000641052 0.000515919 0.000490297 0.000309362 0.000303674 0.000250438
threshold=0.020256775198101616 0.010802843622801152 -0.0026138954043721237 0.014031090236242034 0.014797405783389311 0.0059681319885128712 1.0000000180025095e-35 1.5943117428463986 -0.025976133708143053 0.87374155522883679 0.030803579257804133 -12.341373999995438 -0.1028680924239843
decision_type=2 2 2 2 2 2 2 2 2 2 2 2 2
left_child=2 -2 4 10 7 6 -6 9 -9 -1 12 -5 -4
right_child=1 -3 3 11 5 -7 -8 8 -10 -11 -12 -13 -14
leaf_value=-9.0561575794118992e-07 6.3706263116105892e-05 -8.6183358954912186e-06 -3.947755380703505e-05 -7.6281149155949565e-05 8.9754966942231574e-05 -3.2906233499205756e-05 1.5141716613229331e-05 -2.3814948323718685e-05 -1.8552139794725318e-06 9.6705998879222473e-06 3.2749239036866081e-05 -1.6257250856510152e-05 -8.9592532231248202e-07
leaf_weight=969 31 24 21 21 37 26 66 172 592 1251 34 21 10715
leaf_count=969 31 24 21 21 37 26 66 172 592 1251 34 21 10715
internal_value=-4.51539e-14 3.21464e-05 -1.2697e-07 -1.04132e-06 3.04871e-06 2.68583e-05 4.19445e-05 2.01941e-06 -6.79903e-06 5.05422e-06 -8.64939e-07 -4.62692e-05 -9.71392e-07
internal_weight=13980 55 13925 10812 3113 129 103 2984 764 2220 10770 42 10736
internal_count=13980 55 13925 10812 3113 129 103 2984 764 2220 10770 42 10736
is_linear=0
shrinkage=0.0111613


Tree=23
num_leaves=16
num_cat=0
split_feature=11 54 11 3 64 62 13 19 23 62 41 30 23 11 47
split_gain=0.000456076 0.000950144 0.000303298 0.000708631 0.000861087 0.000795794 0.000643406 0.00063974 0.000498786 0.00100701 0.00104743 0.000772668 0.00101664 0.000489881 0.000392442
threshold=-0.022449281928523131 27.500000000000004 -0.0026138954043721237 0.013977526977597117 3426.1757835000044 0.0068219892745378105 1.6620401200172534 -0.025976133708143053 -0.077568188136900237 -0.0052564687086331654 1.161698985285871 0.011332091359827387 0.016334379327564767 0.021059125453813058 -0.00287356357297922
decision_type=2 2 2 2 2 2 2 2 2 2 2 2 2 2 2
left_child=1 -1 3 6 5 -5 14 -8 9 -4 -11 13 -13 -10 -2
right_child=2 -3 8 4 -6 -7 7 -9 11 10 -12 12 -14 -15 -16
leaf_value=8.8941937283094075e-05 2.3505250841791328e-05 -5.1933977209422804e-06 -2.9804907273262819e-05 2.5839003252135267e-05 8.5059607136127722e-05 -4.0622072348497099e-05 -2.9683496096412645e-05 -2.4724089047466773e-06 -9.7245814068019815e-07 9.4287279676672325e-05 6.5252993550594349e-06 -6.3867593203850199e-06 -6.3055280900752988e-05 4.2098286413600203e-05 3.3044296420629382e-06
leaf_weight=22 127 34 30 133 25 27 136 516 10530 32 36 128 57 33 2114
leaf_count=22 127 34 30 133 25 27 136 516 10530 32 36 128 57 33 2114
internal_value=6.76454e-14 3.17883e-05 -1.27847e-07 2.96436e-06 2.41421e-05 1.46237e-05 1.6101e-06 -8.14834e-06 -1.00539e-06 2.40608e-05 4.78251e-05 -1.23394e-06 -2.38468e-05 -8.379e-07 4.44923e-06
internal_weight=13980 56 13924 3078 185 160 2893 652 10846 98 68 10748 185 10563 2241
internal_count=13980 56 13924 3078 185 160 2893 652 10846 98 68 10748 185 10563 2241
is_linear=0
shrinkage=0.0111613


Tree=24
num_leaves=15
num_cat=0
split_feature=11 32 4 44 19 16 1 1 56 3 64 23 20 33
split_gain=0.000445952 0.000928239 0.000303696 0.000866811 0.000678073 0.000513104 0.000638861 0.000531344 0.000425973 0.000418759 0.000976186 0.000511605 0.00037611 0.000179575
threshold=-0.022449281928523131 -0.60355339059327384 0.0062828794157983045 0.0048247539031067736 0.007312235393656775 10.807711311192412 0.0027741292668953511 -0.00013830267854295355 4.9430000000000006e-05 0.012659800476848412 2869.8799855000048 -0.060471582811671636 25.579726515585325 0.6078576107927941
decision_type=2 2 2 2 2 2 2 2 2 2 2 2 2 2
left_child=1 -1 3 9 8 7 -7 -6 12 11 -11 -2 -4 -10
right_child=2 -3 4 -5 5 6 -8 -9 13 10 -12 -13 -14 -15
leaf_value=9.2399432439803293e-05 -1.4825977522673298e-05 -2.4363985336031355e-06 2.1115005963850084e-05 6.2540611643858453e-05 -4.7044314178687493e-05 8.0251772644775059e-06 7.8297213664372002e-05 -3.0659417635146768e-06 -7.9602171772947579e-05 6.4492621046813956e-06 7.4109493005882109e-05 2.9050181194722076e-07 -2.9340695620988946e-05 -3.4505848256144914e-05
leaf_weight=20 286 36 26 28 35 83 20 1543 22 518 28 11250 63 22
leaf_count=20 286 36 26 28 35 83 20 1543 22 518 28 11250 63 22
internal_value=-3.18952e-14 3.14335e-05 -1.2642e-07 5.11547e-07 -4.3854e-06 -2.46595e-06 2.16702e-05 -4.04138e-06 -2.86455e-05 3.67795e-07 9.91902e-06 -8.42653e-08 -1.46008e-05 -5.7054e-05
internal_weight=13980 56 13924 12110 1814 1681 103 1578 133 12082 546 11536 89 44
internal_count=13980 56 13924 12110 1814 1681 103 1578 133 12082 546 11536 89 44
is_linear=0
shrinkage=0.0111613


Tree=25
num_leaves=15
num_cat=0
split_feature=11 54 4 44 19 13 68 44 56 3 64 23 20 33
split_gain=0.000436053 0.000927246 0.000296954 0.000847569 0.000663021 0.000441174 0.00094401 0.000502512 0.000416517 0.000409464 0.000954517 0.000500249 0.000367761 0.000175589
threshold=-0.022449281928523131 27.500000000000004 0.0062828794157983045 0.0048247539031067736 0.007312235393656775 2.6594208981601648 225.08507000000461 -6.0235760993624712e-05 4.9430000000000006e-05 0.012659800476848412 2869.8799855000048 -0.060471582811671636 25.579726515585325 0.6078576107927941
decision_type=2 2 2 2 2 2 2 2 2 2 2 2 2 2
left_child=1 -1 3 9 8 7 -7 -6 12 11 -11 -2 -4 -10
right_child=2 -3 4 -5 5 6 -8 -9 13 10 -12 -13 -14 -15
leaf_value=8.7543403600044971e-05 -1.4660500548210377e-05 -5.4506929155026141e-06 2.0879335462510615e-05 6.1842577796766441e-05 -2.8064175766631509e-05 5.1952210390999679e-05 -8.1117734865284356e-06 -2.4311815229531054e-06 -7.8713707776491865e-05 6.3772798943265236e-06 7.3282333591067551e-05 2.872596341763919e-07 -2.9013214788897614e-05 -3.4120717302899212e-05
leaf_weight=22 286 34 26 28 102 56 78 1445 22 518 28 11250 63 22
leaf_count=22 286 34 26 28 102 56 78 1445 22 518 28 11250 63 22
internal_value=1.86806e-13 3.10827e-05 -1.25009e-07 5.05838e-07 -4.33645e-06 -2.43843e-06 1.69896e-05 -4.12127e-06 -2.83258e-05 3.6369e-07 9.80831e-06 -8.33246e-08 -1.44379e-05 -5.64172e-05
internal_weight=13980 56 13924 12110 1814 1681 134 1547 133 12082 546 11536 89 44
internal_count=13980 56 13924 12110 1814 1681 134 1547 133 12082 546 11536 89 44
is_linear=0
shrinkage=0.0111613


Tree=26
num_leaves=18
num_cat=0
split_feature=6 53 14 2 13 30 62 50 69 10 17 43 44 32 64 0 41
split_gain=0.000437682 0.000944959 0.00123245 0.000857417 0.00133893 0.00101185 0.000585527 0.000371965 0.000329181 0.000309428 0.000983456 0.000643995 0.000619359 0.000365169 0.000267634 0.000602881 0.00030749
threshold=-0.043409583391767086 8.2500000000000004e-07 0.027746594247636182 24.674040097241733 1.5202563168557066 0.0091226539081010177 -0.0035925361450299671 5.0420000000000009e-05 -6651.2744060000014 0.11090165401708434 -0.00069928602350863745 67.036714307943029 0.0069869870608550389 0.60355339059327384 4173.1602520000024 44.704574776423023 2.2017487061356271
decision_type=2 2 2 2 2 2 2 2 2 2 2 2 2 2 2 2 2
left_child=1 2 6 5 7 8 -1 -5 -3 12 13 -12 14 -11 16 -16 -2
right_child=9 3 -4 4 -6 -7 -8 -9 -10 10 11 -13 -14 -15 15 -17 -18
leaf_value=-2.3136554119927359e-05 -2.4502490178957134e-09 3.1874223976804565e-05 0.00012223771953635427 -2.0727532084662009e-05 -9.3570313765812404e-05 7.8039244389250891e-05 4.8957408042830623e-05 4.0952151554574199e-05 -1.2218335082560474e-05 5.1048239329703513e-05 -8.8697540682803252e-05 -8.6162794191879354e-06 5.6511115488272559e-05 -1.0522061812662148e-05 6.9299549389123443e-05 5.9106376446357638e-06 -7.185104287455542e-06
leaf_weight=23 12596 31 20 29 26 28 36 21 66 21 29 22 24 28 21 170 789
leaf_count=23 12596 31 20 29 26 28 36 21 66 21 29 22 24 28 21 170 789
internal_value=1.54343e-13 1.38141e-05 4.652e-05 9.59494e-07 -2.86044e-05 1.89343e-05 2.0853e-05 5.17794e-06 1.8731e-06 -2.82331e-07 -1.98439e-05 -5.41527e-05 -1.38496e-07 1.58652e-05 -2.38643e-07 1.28801e-05 -4.25843e-07
internal_weight=13980 280 79 201 76 125 59 50 97 13700 100 51 13600 49 13576 191 13385
internal_count=13980 280 79 201 76 125 59 50 97 13700 100 51 13600 49 13576 191 13385
is_linear=0
shrinkage=0.0111613


Tree=27
num_leaves=18
num_cat=0
split_feature=6 56 2 23 62 3 25 46 54 10 16 65 44 45 64 0 41
split_gain=0.000427966 0.000929224 0.00108507 0.0013477 0.0010479 0.00104285 0.0010204 0.000864167 0.000418179 0.00030256 0.000749255 0.000842363 0.000605611 0.000330404 0.000261693 0.000589499 0.000300665
threshold=-0.043409583391767086 -5.3749999999999994e-06 24.674040097241733 -0.10249925761456434 0.0018370053955327761 0.01182564211081664 -0.010931435043058544 31.85465617662808 33.500000000000007 0.11090165401708434 -0.5190218332073292 4280.134226000001 0.0069869870608550389 0.83084856651171302 4173.1602520000024 44.704574776423023 2.2017487061356271
decision_type=2 2 2 2 2 2 2 2 2 2 2 2 2 2 2 2 2
left_child=1 4 5 -4 -1 8 -7 -5 -3 12 13 -12 14 -11 16 -16 -2
right_child=9 2 3 7 -6 6 -8 -9 -10 10 11 -13 -14 -15 15 -17 -18
leaf_value=1.209652476011111e-05 -2.4230601714615829e-09 -3.6898708152885186e-05 -0.00010918741723959999 3.6526729163778208e-05 0.0001020827609350595 0.0001114283372268758 2.2146310005516592e-05 -4.6855557322105842e-05 2.577312123805265e-05 4.5076453158984302e-05 -9.6900153440946605e-05 -8.8237863598688257e-06 5.5880377354420396e-05 -1.5425396490006739e-05 6.8526075014069718e-05 5.8446670390856152e-06 -7.104909295183369e-06
leaf_weight=38 12596 36 20 32 28 23 52 30 21 22 24 31 24 23 21 170 789
leaf_count=38 12596 36 20 32 28 23 52 30 21 22 24 31 24 23 21 170 789
internal_value=-2.57744e-15 1.36599e-05 2.36814e-06 -2.9519e-05 5.02725e-05 2.21768e-05 4.95261e-05 -3.81954e-06 -1.38091e-05 -2.7918e-07 -1.96224e-05 -4.72571e-05 -1.3695e-07 1.41533e-05 -2.35979e-07 1.27363e-05 -4.2109e-07
internal_weight=13980 280 214 82 66 132 75 62 57 13700 100 55 13600 45 13576 191 13385
internal_count=13980 280 214 82 66 132 75 62 57 13700 100 55 13600 45 13576 191 13385
is_linear=0
shrinkage=0.0111613


Tree=28
num_leaves=18
num_cat=0
split_feature=6 56 2 56 62 3 25 42 25 10 17 43 44 32 64 61 60
split_gain=0.000418466 0.000908597 0.00106098 0.00111445 0.00102464 0.0010197 0.000997745 0.000690267 0.00041715 0.000295843 0.000950676 0.000620168 0.000592167 0.000354988 0.000255884 0.000704291 0.000296263
threshold=-0.043409583391767086 -5.3749999999999994e-06 24.674040097241733 2.5130000000000002e-05 0.0018370053955327761 0.01182564211081664 -0.010931435043058544 1.3395704775762669 -0.0087425197785531688 0.11090165401708434 -0.00069928602350863745 67.036714307943029 0.0069869870608550389 0.60355339059327384 4173.1602520000024 601.13912099999766 2849.0340355000044
decision_type=2 2 2 2 2 2 2 2 2 2 2 2 2 2 2 2 2
left_child=1 4 5 -4 -1 8 -7 -5 -3 12 13 -12 14 -11 16 -16 -2
right_child=9 2 3 7 -6 6 -8 -9 -10 10 11 -13 -14 -15 15 -17 -18
leaf_value=1.1961512135501639e-05 -1.3797340045726156e-07 -5.4723514041628847e-05 -8.0623222857166562e-05 3.7588440148367975e-05 0.00010094338554982001 0.00011018465044528406 2.1899128639425682e-05 -4.706266070651112e-05 8.5442584432334497e-06 5.0394634411009714e-05 -8.7035317048438877e-05 -8.4495220294629462e-06 5.5256680838113122e-05 -1.0311270076132241e-05 7.5263808207082315e-05 5.2644062030025992e-06 -1.031998195125732e-05
leaf_weight=38 13019 20 32 30 28 23 52 20 37 21 29 22 24 28 20 171 366
leaf_count=38 13019 20 32 30 28 23 52 20 37 21 29 22 24 28 20 171 366
internal_value=-2.14721e-13 1.35074e-05 2.34171e-06 -2.91896e-05 4.97114e-05 2.19293e-05 4.89734e-05 3.728e-06 -1.3655e-05 -2.76064e-07 -1.94034e-05 -5.31356e-05 -1.35422e-07 1.57055e-05 -2.33346e-07 1.25942e-05 -4.16391e-07
internal_weight=13980 280 214 82 66 132 75 50 57 13700 100 51 13600 49 13576 191 13385
internal_count=13980 280 214 82 66 132 75 50 57 13700 100 51 13600 49 13576 191 13385
is_linear=0
shrinkage=0.0111613


Tree=29
num_leaves=15
num_cat=0
split_feature=15 32 16 15 21 27 16 10 2 62 26 61 26 49
split_gain=0.000413064 0.000901489 0.000300162 0.000521933 0.000639756 0.000647881 0.000593137 0.000482481 0.000733779 0.000439 0.00033261 0.000267751 0.000224319 0.000196999
threshold=-0.022449281928523152 -0.60355339059327384 -12.684549433616935 -0.005944993867911791 11.211565610158976 0.0043287637777303942 -3.4658184168082538 0.10303304957720201 19.284659809018326 -0.0013853884902718658 0.0025607871953075016 -860.8041240000008 -0.0058839664456360454 57180.408500000012
decision_type=2 2 2 2 2 2 2 2 2 2 2 2 2 2
left_child=1 -1 9 4 5 -4 -6 12 -9 11 13 -2 -5 -11
right_child=2 -3 3 7 6 -7 -8 8 -10 10 -12 -13 -14 -15
leaf_value=9.0333265982353402e-05 -7.0743590467015543e-05 -3.126099250031793e-06 3.7158637108975402e-07 4.7465104967810332e-06 1.1181169259146009e-05 -5.0572177917138693e-05 5.3124958791228481e-05 4.3936868701338674e-05 -2.8150652253428534e-05 -3.4594399940857078e-05 3.9674552944969522e-05 -2.1053238557870272e-05 -7.4977999098789786e-07 5.3838953699139823e-06
leaf_weight=20 22 36 279 1005 630 35 45 20 146 28 20 35 11625 34
leaf_count=20 22 36 279 1005 630 35 45 20 146 28 20 35 11625 34
internal_value=1.90153e-13 3.02522e-05 -1.21669e-07 4.28871e-08 7.85481e-06 -5.30686e-06 1.39774e-05 -5.60895e-07 -1.94654e-05 -1.64412e-05 9.63452e-08 -4.0232e-05 -3.12427e-07 -1.26708e-05
internal_weight=13980 56 13924 13785 989 314 675 12796 166 139 82 57 12630 62
internal_count=13980 56 13924 13785 989 314 675 12796 166 139 82 57 12630 62
is_linear=0
shrinkage=0.0111613


Tree=30
num_leaves=8
num_cat=0
split_feature=3 31 23 5 61 26 5
split_gain=0.000410962 0.000791553 0.000396709 0.000941998 0.000314373 0.000496385 0.000470125
threshold=0.020256775198101616 0.12940952255126045 -0.10249925761456434 -0.042939531481332775 -4523.0706850000024 0.0082118475120911433 -0.032361674227019736
decision_type=2 2 2 2 2 2 2
left_child=2 -2 -1 -4 5 -5 -6
right_child=1 -3 3 4 6 -7 -8
leaf_value=-4.0663818753197368e-05 6.9102341504058854e-05 -1.5934172134508209e-05 6.3513091379055689e-05 7.4584594434210154e-06 -4.1508641044791017e-05 -2.4113453044349432e-05 -5.4641673066088495e-07
leaf_weight=30 30 25 29 1033 35 66 12732
leaf_count=30 30 25 29 1033 35 66 12732
internal_value=1.06004e-13 3.04494e-05 -1.20267e-07 -3.27312e-08 -1.65634e-07 5.56242e-06 -6.58712e-07
internal_weight=13980 55 13925 13895 13866 1099 12767
internal_count=13980 55 13925 13895 13866 1099 12767
is_linear=0
shrinkage=0.0111613


Tree=31
num_leaves=15
num_cat=0
split_feature=11 57 4 44 19 13 68 47 56 11 21 7 20 40
split_gain=0.000402428 0.000867063 0.000286688 0.000813194 0.000646443 0.00043236 0.000922266 0.000546619 0.00040585 0.00038427 0.00124493 0.000454075 0.000359393 0.000175153
threshold=-0.022449281928523131 27.500000000000004 0.0062828794157983045 0.0048247539031067736 0.007312235393656775 2.6594208981601648 225.08507000000461 -0.00096606290022379921 4.9430000000000006e-05 0.0080811826044044927 7.9090910004581252 -0.1028680924239843 25.579726515585325 1.0601812134272091
decision_type=2 2 2 2 2 2 2 2 2 2 2 2 2 2
left_child=1 -1 3 9 8 7 -7 -6 12 11 -11 -2 -4 -10
right_child=2 -3 4 -5 5 6 -8 -9 13 10 -12 -13 -14 -15
leaf_value=8.878288406578029e-05 -2.867277720424507e-05 -2.874580317529961e-06 2.0676371180585335e-05 6.0579768276056486e-05 -3.8283837564867369e-05 5.1406620836278073e-05 -7.9615818084212958e-06 -2.7641175998298614e-06 -3.5346447974340237e-05 8.7443616760665214e-05 5.3204669889414469e-06 2.522035282469463e-07 -2.8645263078716314e-05 -8.0069219591181646e-05
leaf_weight=20 68 36 26 28 56 56 78 1491 24 26 199 11789 63 20
leaf_count=20 68 36 26 28 56 56 78 1491 24 26 199 11789 63 20
internal_value=-8.07372e-15 2.98602e-05 -1.20093e-07 4.99754e-07 -4.2581e-06 -2.38395e-06 1.6849e-05 -4.0499e-06 -2.79456e-05 3.60519e-07 1.48103e-05 8.63185e-08 -1.42367e-05 -5.5675e-05
internal_weight=13980 56 13924 12110 1814 1681 134 1547 133 12082 225 11857 89 44
internal_count=13980 56 13924 12110 1814 1681 134 1547 133 12082 225 11857 89 44
is_linear=0
shrinkage=0.0111613


Tree=32
num_leaves=18
num_cat=0
split_feature=6 53 14 2 41 46 30 52 38 10 17 43 3 43 50 23 22
split_gain=0.000403793 0.000885288 0.00117065 0.000798328 0.00101273 0.00119154 0.000951198 0.000561614 0.000458535 0.000284033 0.000923846 0.000604732 0.000291292 0.000641717 0.000326548 0.000287992 0.000209535
threshold=-0.043409583391767086 8.2500000000000004e-07 0.027746594247636182 24.674040097241733 1.5180888070118421 31.85465617662808 0.0091226539081010177 56801.528000000006 0.00010206409208946 0.11090165401708434 -0.00069928602350863745 67.036714307943029 0.017963788642167803 46.940234347996302 0.00053380500000000015 -0.074494747954461635 15.193541427087995
decision_type=2 2 2 2 2 2 2 2 2 2 2 2 2 2 2 2 2
left_child=1 2 7 6 5 -5 8 -1 -3 12 16 -12 14 -14 15 -2 -11
right_child=9 3 -4 4 -6 -7 -8 -9 -10 10 11 -13 13 -15 -16 -17 -18
leaf_value=-9.6184811092974681e-06 -1.8641524863564852e-05 1.4771837437052095e-05 0.00011871967867461594 5.9318091363767406e-05 -7.9569264076405976e-05 -5.3102971956289386e-05 7.5477081982673033e-05 6.0068282299112399e-05 -4.3177044993326857e-05 -5.2369335617393563e-06 -8.5740804159165868e-05 -8.1391732205797371e-06 -1.1336602351468918e-05 7.5108797790473901e-05 -3.5292653204765045e-05 3.580108848662748e-09 4.1166289630826021e-05
leaf_weight=34 104 75 20 24 29 23 28 25 22 27 29 22 23 20 33 13420 22
leaf_count=34 104 75 20 24 29 23 28 25 22 27 29 22 23 20 33 13420 22
internal_value=-2.70841e-14 1.32685e-05 4.4925e-05 8.26409e-07 -2.77006e-05 4.30353e-06 1.81708e-05 1.99098e-05 1.62879e-06 -2.71181e-07 -1.90128e-05 -5.22656e-05 -1.33375e-07 2.88706e-05 -2.25369e-07 -1.39801e-07 1.55972e-05
internal_weight=13980 280 79 201 76 47 125 59 97 13700 100 51 13600 43 13557 13524 49
internal_count=13980 280 79 201 76 47 125 59 97 13700 100 51 13600 43 13557 13524 49
is_linear=0
shrinkage=0.0111613


Tree=33
num_leaves=20
num_cat=0
split_feature=6 53 14 2 13 30 52 38 34 11 10 8 30 13 23 38 50 65 5
split_gain=0.00039483 0.000865636 0.00114466 0.000780607 0.00126892 0.000930084 0.000549147 0.000448357 0.000399102 0.000278583 0.000760675 0.000888469 0.000561705 0.000578015 0.0005801 0.000478538 0.000425041 0.000298661 0.000267294
threshold=-0.043409583391767086 8.2500000000000004e-07 0.027746594247636182 24.674040097241733 1.5202563168557066 0.0091226539081010177 56801.528000000006 0.00010206409208946 -0.56174490092936669 -0.0026138954043721237 0.11090165401708434 0.013264539208439065 0.014031090236242034 3.0089586754741409 -0.074494747954461635 -0.002475149447067448 0.00053380500000000015 6609.5879914999978 0.038582581525052569
decision_type=2 2 2 2 2 2 2 2 2 2 2 2 2 2 2 2 2 2 2
left_child=1 2 6 5 8 7 -1 -3 -5 12 16 -12 13 14 -2 -15 18 -13 -11
right_child=9 3 -4 4 -6 -7 -8 -9 -10 10 11 17 -14 15 -16 -17 -18 -19 -20
leaf_value=-9.511125663095746e-06 -3.5998259704324245e-05 1.4606964601221176e-05 0.00011739461439348752 -2.7325338543327297e-05 -9.0635878777565977e-05 7.4634659318330513e-05 5.93978419279418e-05 -4.2695133533569995e-05 3.5792130577237728e-05 -8.7154399920812953e-07 -0.00010115027076006739 -4.1863352672822019e-05 5.4411371880722449e-05 -6.2247968112008124e-05 3.9648027450202685e-06 -9.343583872004168e-06 -4.9882644905343809e-05 1.6354590690223232e-05 3.0943054690647544e-05
leaf_weight=34 46 75 20 24 26 28 25 22 26 10618 20 21 26 28 2774 89 22 23 33
leaf_count=34 46 75 20 24 26 28 25 22 26 10618 20 21 26 28 2774 89 22 23 33
internal_value=-7.03284e-14 1.31204e-05 4.44235e-05 8.17186e-07 -2.73914e-05 1.7968e-05 1.96876e-05 1.61061e-06 5.49575e-06 -2.68154e-07 -1.10425e-06 -3.94684e-05 2.7616e-06 2.30437e-06 3.31292e-06 -2.20045e-05 -8.74201e-07 -1.14312e-05 -7.72973e-07
internal_weight=13980 280 79 201 76 125 59 97 50 13700 10737 64 2963 2937 2820 117 10673 44 10651
internal_count=13980 280 79 201 76 125 59 97 50 13700 10737 64 2963 2937 2820 117 10673 44 10651
is_linear=0
shrinkage=0.0111613


Tree=34
num_leaves=20
num_cat=0
split_feature=6 56 2 7 62 3 25 39 54 11 10 8 30 22 7 50 3 65 5
split_gain=0.000386065 0.000847942 0.00099428 0.00116733 0.000976723 0.000965121 0.000957246 0.000870437 0.000405517 0.000272399 0.000743789 0.000868747 0.000549236 0.000433403 0.00109359 0.000415606 0.000316039 0.000292031 0.000261361
threshold=-0.043409583391767086 -5.3749999999999994e-06 24.674040097241733 -0.1028680924239843 0.0018370053955327761 0.01182564211081664 -0.010931435043058544 0.00060245312298834463 33.500000000000007 -0.0026138954043721237 0.11090165401708434 0.013264539208439065 0.014031090236242034 36.004022894503059 -0.065460805810020381 0.00053380500000000015 0.0061342864258882501 6609.5879914999978 0.038582581525052569
decision_type=2 2 2 2 2 2 2 2 2 2 2 2 2 2 2 2 2 2 2
left_child=1 4 5 -4 -1 8 -7 -5 -3 12 15 -12 13 16 -15 18 -2 -13 -11
right_child=9 2 3 7 -6 6 -8 -9 -10 10 11 17 -14 14 -16 -17 -18 -19 -20
leaf_value=1.1092022993855521e-05 -2.553878789628777e-06 -3.6206884133233156e-05 -7.8372985863397524e-05 -3.6615015169155165e-05 9.7968368811743306e-05 0.00010741572688056662 2.0940512076273338e-05 5.8775689506589952e-05 2.55088553311455e-05 -8.6181623734621707e-07 -0.00010002130310121203 -4.1396103520920787e-05 5.3804070059449312e-05 -8.8176675217929235e-05 -4.60315608555903e-06 -4.9325889881274598e-05 6.0898310849755306e-06 1.6172052031488181e-05 3.0597689164611065e-05
leaf_weight=38 727 36 34 26 28 23 52 22 21 10618 20 21 26 21 274 22 1915 23 33
leaf_count=38 727 36 34 26 28 23 52 22 21 10618 20 21 26 21 274 22 1915 23 33
internal_value=5.54449e-14 1.2974e-05 2.18738e-06 -2.83367e-05 4.79487e-05 2.11493e-05 4.74596e-05 7.10572e-06 -1.34695e-05 -2.65161e-07 -1.09192e-06 -3.90279e-05 2.73078e-06 2.27865e-06 -1.05525e-05 -8.64444e-07 3.71134e-06 -1.13037e-05 -7.64345e-07
internal_weight=13980 280 214 82 66 132 75 48 57 13700 10737 64 2963 2937 295 10673 2642 44 10651
internal_count=13980 280 214 82 66 132 75 48 57 13700 10737 64 2963 2937 295 10673 2642 44 10651
is_linear=0
shrinkage=0.0111613


Tree=35
num_leaves=8
num_cat=0
split_feature=3 31 23 5 61 47 26
split_gain=0.000379621 0.000756962 0.000376166 0.00089554 0.000304673 0.000578823 0.00048104
threshold=0.020256775198101616 0.12940952255126045 -0.10249925761456434 -0.042939531481332775 -4523.0706850000024 -0.0052885088373177654 0.0082118475120911433
decision_type=2 2 2 2 2 2 2
left_child=2 -2 -1 -4 6 -6 -5
right_child=1 -3 3 4 5 -7 -8
leaf_value=-3.959543591793737e-05 6.7064226294213965e-05 -1.6093475103890691e-05 6.1928670078200237e-05 7.3455654613906817e-06 -4.8815589957478689e-05 -5.2809887614530397e-07 -2.3734516555192179e-05
leaf_weight=30 30 25 29 1033 31 12736 66
leaf_count=30 30 25 29 1033 31 12736 66
internal_value=-9.15834e-14 2.92653e-05 -1.1559e-07 -3.03511e-08 -1.59935e-07 -6.45347e-07 5.47906e-06
internal_weight=13980 55 13925 13895 13866 12767 1099
internal_count=13980 55 13925 13895 13866 12767 1099
is_linear=0
shrinkage=0.0111613


Tree=36
num_leaves=15
num_cat=0
split_feature=15 32 16 15 38 14 29 10 2 62 66 26 64 52
split_gain=0.000374752 0.000876001 0.000293179 0.000499125 0.000634111 0.000598138 0.000593427 0.000463834 0.00069994 0.000430065 0.000340612 0.000324451 0.000305939 0.00019377
threshold=-0.022449281928523152 -0.60355339059327384 -12.684549433616935 -0.005944993867911791 -0.00015532283246716402 0.017520340029687845 -0.050266163284604086 0.10303304957720201 19.284659809018326 -0.0013853884902718658 0.00067919574972907803 0.0025607871953075016 4173.1602520000024 57180.525000000001
decision_type=2 2 2 2 2 2 2 2 2 2 2 2 2 2
left_child=1 -1 9 4 5 -4 -6 12 -9 10 -2 13 -5 -11
right_child=2 -3 3 7 6 -7 -8 8 -10 11 -12 -13 -14 -15
leaf_value=8.8040721583324699e-05 -6.7558773365389773e-05 -4.0879423009420446e-06 5.6557263997758759e-06 -5.0298833534927173e-07 5.7323655485792042e-05 -2.2998050611961432e-05 1.3292904780899158e-05 4.2843792364366621e-05 -2.7561912636814644e-05 -3.4228849029078723e-05 -1.2982466660306808e-05 3.9213682108464559e-05 1.4571781405157353e-05 5.4204289471791973e-06
leaf_weight=20 28 36 417 12460 42 116 414 20 146 28 29 20 170 34
leaf_count=20 28 36 417 12460 42 116 414 20 146 28 29 20 170 34
internal_value=-2.35682e-13 2.88152e-05 -1.1589e-07 4.6741e-08 7.68607e-06 -5.80368e-07 1.73484e-05 -5.43701e-07 -1.90793e-05 -1.62444e-05 -3.97919e-05 1.23908e-07 -3.00082e-07 -1.24857e-05
internal_weight=13980 56 13924 13785 989 533 456 12796 166 139 57 82 12630 62
internal_count=13980 56 13924 13785 989 533 456 12796 166 139 57 82 12630 62
is_linear=0
shrinkage=0.0111613


Tree=37
num_leaves=21
num_cat=0
split_feature=6 53 14 2 13 30 62 38 46 11 30 23 69 14 22 30 13 23 40 17
split_gain=0.000371573 0.000827608 0.00110357 0.000745784 0.00122997 0.00089422 0.000532765 0.00043763 0.000389605 0.000262567 0.000643 0.0010406 0.00104419 0.00078596 0.000637446 0.000535708 0.000559833 0.000561244 0.000532389 0.000531883
threshold=-0.043409583391767086 8.2500000000000004e-07 0.027746594247636182 24.674040097241733 1.5202563168557066 0.0091226539081010177 -0.0035925361450299671 0.00010206409208946 31.85465617662808 -0.0026138954043721237 0.011332091359827387 0.016334379327564767 1794.4304264999976 0.030803579257804133 26.395088507875965 0.014031090236242034 3.0089586754741409 -0.074494747954461635 1.5387693197638252 0.0017269531053026334
decision_type=2 2 2 2 2 2 2 2 2 2 2 2 2 2 2 2 2 2 2 2
left_child=1 2 6 5 8 7 -1 -3 -5 15 13 14 -13 19 -12 16 17 -2 -18 -11
right_child=9 3 -4 4 -6 -7 -8 -9 -10 10 11 12 -14 -15 -16 -17 18 -19 -20 -21
leaf_value=-2.2912761556533039e-05 -3.5439715438732892e-05 1.4263107119679823e-05 0.00011498526300823194 3.0943226661093193e-05 -8.9140282261871527e-05 7.302546031607207e-05 4.5856382584285578e-05 -4.2349372380592254e-05 -3.2653731527588288e-05 -7.2810632699153331e-07 1.8467608639107048e-05 -0.0001134938042456964 -1.7581386546813513e-05 6.5936112139000736e-05 -3.0728331290674237e-05 5.312161457548122e-05 -5.4722003200377032e-05 3.8684754782300411e-06 -4.528582503911193e-06 -5.4460225858814836e-05
leaf_weight=23 46 75 20 30 26 28 36 22 20 10503 71 26 31 22 61 26 40 2774 77 23
leaf_count=23 46 75 20 30 26 28 36 22 20 10503 71 26 31 22 61 26 40 2774 77 23
internal_value=-1.61575e-14 1.27281e-05 4.3336e-05 6.98182e-07 -2.6874e-05 1.74621e-05 1.90481e-05 1.42316e-06 5.50444e-06 -2.60137e-07 -1.07184e-06 -2.14767e-05 -6.13309e-05 -7.06228e-07 -4.26688e-06 2.68124e-06 2.23471e-06 3.22728e-06 -2.16887e-05 -8.45515e-07
internal_weight=13980 280 79 201 76 125 59 97 50 13700 10737 189 57 10548 132 2963 2937 2820 117 10526
internal_count=13980 280 79 201 76 125 59 97 50 13700 10737 189 57 10548 132 2963 2937 2820 117 10526
is_linear=0
shrinkage=0.0111613


Tree=38
num_leaves=8
num_cat=0
split_feature=3 31 23 6 14 23 14
split_gain=0.000363344 0.000739325 0.000365593 0.000685409 0.000338637 0.000900582 0.000340817
threshold=0.020256775198101616 0.12940952255126045 -0.10249925761456434 -0.063201209745805828 0.023652868841147808 -0.077568188136900237 0.02256509503755072
decision_type=2 2 2 2 2 2 2
left_child=2 -2 -1 -4 6 -6 -5
right_child=1 -3 3 4 5 -7 -8
leaf_value=-3.9034168544370537e-05 6.5987017746962947e-05 -1.6196216296382669e-05 6.5263249907780235e-05 -2.4610391375309468e-07 7.9496708768498833e-05 5.9643436433928859e-06 -2.973503592349793e-05
leaf_weight=30 30 25 20 13591 23 212 49
leaf_count=30 30 25 20 13591 23 212 49
internal_value=-3.45577e-13 2.8631e-05 -1.13085e-07 -2.90525e-08 -1.23168e-07 1.31611e-05 -3.52039e-07
internal_weight=13980 55 13925 13895 13875 235 13640
internal_count=13980 55 13925 13895 13875 235 13640
is_linear=0
shrinkage=0.0111613


Tree=39
num_leaves=15
num_cat=0
split_feature=11 32 16 11 38 13 29 10 2 62 26 64 29 49
split_gain=0.00035838 0.000855767 0.00028445 0.000483391 0.000620658 0.000588686 0.000578427 0.00045593 0.000679587 0.000418908 0.000316408 0.000299023 0.000273727 0.000188991
threshold=-0.022449281928523131 -0.60355339059327384 -12.684549433616935 -0.0059449938679118066 -0.00015532283246716402 3.1723263414534024 -0.050266163284604086 0.10303304957720201 19.284659809018326 -0.0013853884902718658 0.0025607871953075016 4173.1602520000024 -0.0037201636888342655 57180.408500000012
decision_type=2 2 2 2 2 2 2 2 2 2 2 2 2 2
left_child=1 -1 9 4 5 -4 -6 11 -9 12 13 -5 -2 -11
right_child=2 -3 3 7 6 -7 -8 8 -10 10 -12 -13 -14 -15
leaf_value=8.6716291265415826e-05 -6.2443684763864669e-05 -4.3421827841065787e-06 2.1485574392724172e-06 -4.9326493563691781e-07 5.6590877211665711e-05 -5.0428416057151627e-05 1.3120186271432404e-05 4.2104967191861996e-05 -2.7269554728796616e-05 -3.3771042630529978e-05 3.8756914351626375e-05 1.4410134144332892e-05 -1.3458052258015834e-05 5.3862693704662256e-06
leaf_weight=20 30 36 505 12460 42 28 414 20 146 28 20 170 27 34
leaf_count=20 30 36 505 12460 42 28 414 20 146 28 20 170 27 34
internal_value=-1.84578e-13 2.81787e-05 -1.1333e-07 4.68615e-08 7.56481e-06 -6.1346e-07 1.71241e-05 -5.34199e-07 -1.89112e-05 -1.6e-05 1.54662e-07 -2.92665e-07 -3.924e-05 -1.22977e-05
internal_weight=13980 56 13924 13785 989 533 456 12796 166 139 82 12630 57 62
internal_count=13980 56 13924 13785 989 533 456 12796 166 139 82 12630 57 62
is_linear=0
shrinkage=0.0111613


Tree=40
num_leaves=14
num_cat=0
split_feature=3 31 44 27 11 30 20 19 58 64 47 40 11
split_gain=0.0003571 0.000722335 0.00028872 0.000864443 0.000706136 0.000945493 0.000560015 0.000496136 0.00063847 0.000592537 0.000404717 0.00036755 0.000331181
threshold=0.020256775198101616 0.12940952255126045 -0.0032437877544175607 0.004739937872231371 -0.0078940998016574487 0.011332091359827387 29.973613471801901 -0.031903439555636508 0.014018632259111376 -3125.6128759999947 -0.0036571553157636501 1.7485264736448618 -0.0059449938679118066
decision_type=2 2 2 2 2 2 2 2 2 2 2 2 2
left_child=2 -2 3 4 11 -6 -5 8 9 -4 -9 -1 -12
right_child=1 -3 7 6 5 -7 -8 10 -10 -11 12 -13 -14
leaf_value=6.5455385793768841e-05 6.5308194760364715e-05 -1.5925248185443524e-05 3.0792247928422888e-05 9.693848349769636e-05 2.803356595199956e-06 -6.4259389721947892e-05 2.2901789833783913e-05 -4.7978058453576906e-05 -6.1203143322908246e-05 -1.8093994848642158e-05 6.2486135800098293e-06 4.4617414621071986e-06 -5.6398000428031667e-07
leaf_weight=32 30 25 38 20 405 28 35 22 34 165 959 20 12167
leaf_count=32 30 25 38 20 405 28 35 22 34 165 959 20 12167
internal_value=-1.10212e-13 2.83839e-05 -1.12109e-07 7.88933e-06 3.13382e-06 -1.53326e-06 4.98242e-05 -4.34916e-07 -1.64401e-05 -8.94288e-06 -1.46413e-07 4.19963e-05 -6.62444e-08
internal_weight=13980 55 13925 540 485 433 55 13385 237 203 13148 52 13126
internal_count=13980 55 13925 540 485 433 55 13385 237 203 13148 52 13126
is_linear=0
shrinkage=0.0111613


Tree=41
num_leaves=15
num_cat=0
split_feature=3 31 44 27 24 30 20 19 58 64 40 24 61 30
split_gain=0.000349173 0.000706301 0.000282311 0.000845254 0.000690461 0.000924505 0.000547584 0.000485122 0.000624297 0.000579384 0.000359391 0.000330614 0.000521541 0.000449547
threshold=0.020256775198101616 0.12940952255126045 -0.0032437877544175607 0.004739937872231371 -0.0078940998016574487 0.011332091359827387 29.973613471801901 -0.031903439555636508 0.014018632259111376 -3125.6128759999947 1.7485264736448618 -0.0059449938679118066 -3928.5152495000011 0.01302555694868617
decision_type=2 2 2 2 2 2 2 2 2 2 2 2 2 2
left_child=2 -2 3 4 10 -6 -5 8 9 -4 -1 12 -9 -13
right_child=1 -3 7 6 5 -7 -8 11 -10 -11 -12 13 -14 -15
leaf_value=6.4724818842255366e-05 6.4579271039444109e-05 -1.5747502970967383e-05 3.0448567356065625e-05 9.5856525114412346e-05 2.7720675898495827e-06 -6.3542170548836293e-05 2.2646176716811834e-05 2.4418519618989793e-05 -6.0520036697433432e-05 -1.7892042088544209e-05 4.4119418079680331e-06 -4.9613513621804257e-07 2.4556160127193464e-06 -3.2192435120380664e-05
leaf_weight=32 30 25 38 20 405 28 35 162 34 165 20 12131 799 56
leaf_count=32 30 25 38 20 405 28 35 162 34 165 20 12131 799 56
internal_value=-5.91104e-15 2.80671e-05 -1.10857e-07 7.80127e-06 3.09884e-06 -1.51615e-06 4.92681e-05 -4.30062e-07 -1.62566e-05 -8.84306e-06 4.15276e-05 -1.44779e-07 6.158e-06 -6.41782e-07
internal_weight=13980 55 13925 540 485 433 55 13385 237 203 52 13148 961 12187
internal_count=13980 55 13925 540 485 433 55 13385 237 203 52 13148 961 12187
is_linear=0
shrinkage=0.0111613


Tree=42
num_leaves=9
num_cat=0
split_feature=11 32 17 40 3 11 32 13
split_gain=0.000346281 0.000838849 0.000261049 0.00123125 0.000524158 0.000329343 0.000737029 0.00029917
threshold=-0.022449281928523131 0.1294095225512602 0.0017269531053026334 1.2498361729649701 0.020256775198101616 0.017217139854359912 -0.70710678118654757 1.6978652306635984
decision_type=2 2 2 2 2 2 2 2
left_child=1 -1 4 -4 5 7 -7 -2
right_child=2 -3 3 -5 -6 6 -8 -9
leaf_value=6.2447327142243464e-05 3.4247642760165919e-07 -2.6003078114593632e-05 -8.6669313856664487e-05 2.0391409938040065e-05 4.084519432545321e-05 7.5789785828306373e-05 -1.3171194954453445e-06 -4.7999148318189442e-06
leaf_weight=34 12166 22 23 32 39 23 47 1594
leaf_count=34 12166 22 23 32 39 23 47 1594
internal_value=-4.89006e-14 2.7699e-05 -1.11401e-07 -2.43794e-05 -1.51614e-08 -1.30386e-07 2.4018e-05 -2.53234e-07
internal_weight=13980 56 13924 55 13869 13830 70 13760
internal_count=13980 56 13924 55 13869 13830 70 13760
is_linear=0
shrinkage=0.0111613


Tree=43
num_leaves=20
num_cat=0
split_feature=6 56 2 7 62 42 65 42 60 10 17 43 64 0 41 1 66 56 4
split_gain=0.000350548 0.000806143 0.000946513 0.00111871 0.00092488 0.000813192 0.000740426 0.000740026 0.000462336 0.000256116 0.000869956 0.00056132 0.000284846 0.000532976 0.000286489 0.000357199 0.000251401 0.000237297 0.000198361
threshold=-0.043409583391767086 -5.3749999999999994e-06 24.674040097241733 -0.1028680924239843 0.0018370053955327761 1.2928990493457653 -7543.3658080000023 1.6846887763727969 -1193.7310769999972 0.11090165401708434 -0.00069928602350863745 67.036714307943029 4173.1602520000024 44.704574776423023 2.2017487061356271 -0.0046646827937355069 -0.0085368923393336332 -4.1514999999999991e-05 0.0067201329554020814
decision_type=2 2 2 2 2 2 2 2 2 2 2 2 2 2 2 2 2 2 2
left_child=1 4 6 -4 -1 -5 7 -3 -8 12 18 -12 14 -14 15 -2 -15 -16 -11
right_child=9 2 3 5 -6 -7 8 -9 -10 10 11 -13 13 16 17 -17 -18 -19 -20
leaf_value=1.0599364679782211e-05 2.749012563904268e-05 0.00010155377990240495 -7.6919710394284115e-05 5.27001014110944e-05 9.5138676573938526e-05 -3.9179837078273917e-05 -1.5713603544728531e-05 8.7226443342281765e-06 3.8563137527552128e-05 3.4185116554307376e-05 -8.2569102581245719e-05 -7.8047012179110225e-06 6.6385723027230354e-05 -3.0367533219927009e-05 2.7721689352106367e-05 -3.705096136974699e-08 1.1695229533537302e-05 -7.9196783087924741e-06 -1.1505447586994127e-05
leaf_weight=38 59 23 34 24 28 24 60 20 29 29 29 22 21 20 24 12556 154 766 20
leaf_count=38 59 23 34 24 28 24 60 20 29 29 29 22 21 20 24 12556 154 766 20
internal_value=-7.23732e-14 1.23628e-05 1.84542e-06 -2.79364e-05 4.64645e-05 6.76013e-06 2.03462e-05 5.83765e-05 1.97208e-06 -2.5267e-07 -1.80495e-05 -5.03178e-05 -1.21811e-07 1.32708e-05 -3.16632e-07 9.16929e-08 6.86043e-06 -6.8369e-06 1.55359e-05
internal_weight=13980 280 214 82 66 48 132 43 89 13700 100 51 13600 195 13405 12615 174 790 49
internal_count=13980 280 214 82 66 48 132 43 89 13700 100 51 13600 195 13405 12615 174 790 49
is_linear=0
shrinkage=0.0111613


Tree=44
num_leaves=20
num_cat=0
split_feature=6 53 14 2 7 42 3 35 52 35 10 11 44 17 17 7 44 5 68
split_gain=0.000342767 0.000789048 0.00104855 0.000709656 0.00104286 0.000638651 0.00062959 0.0008005 0.000520505 0.000374026 0.000250454 0.000675686 0.000431257 0.000408602 0.000637629 0.000380511 0.000693324 0.000352697 0.000206758
threshold=-0.043409583391767086 8.2500000000000004e-07 0.027746594247636182 26.018675005048951 -0.1028680924239843 1.2560733202070271 0.01182564211081664 -0.010931435043058544 56801.528000000006 -0.0087425197785531688 0.10303304957720201 -0.0070548102130894566 0.0069869870608550389 -0.00067406644130547607 -0.00031614058368429563 -0.076973452256017968 -0.00013959542209548788 0.038582581525052569 -187.36171149999515
decision_type=2 2 2 2 2 2 2 2 2 2 2 2 2 2 2 2 2 2 2
left_child=1 2 8 6 -5 -6 9 -8 -1 -3 12 -12 15 18 -15 16 -2 -17 -13
right_child=10 3 -4 4 5 -7 7 -9 -10 -11 11 13 -14 14 -16 17 -18 -19 -20
leaf_value=-9.9906733029193008e-06 -4.6506232079626436e-05 -4.9740681499424657e-05 0.00011195143843868657 -8.4174905601618256e-05 4.2223400680038558e-05 -4.2395564292803995e-05 9.5483826792394321e-05 1.427197348292155e-05 5.7097188627067944e-05 1.0169106887347764e-05 4.19548687943081e-05 -2.3476750999775294e-05 5.1695272762944303e-05 -8.8522474933559755e-05 -1.9179785532956991e-05 -3.6939603608958788e-08 -6.0547199881328517e-07 3.8929316855865675e-05 2.4962641690459482e-05
leaf_weight=34 62 21 20 26 25 20 21 54 25 34 22 21 20 24 53 13325 121 29 23
leaf_count=34 62 21 20 26 25 20 21 54 25 34 22 21 20 24 53 13325 121 29 23
internal_value=-6.96739e-14 1.22248e-05 4.21111e-05 4.7845e-07 -2.78996e-05 4.61497e-06 1.59772e-05 3.70113e-05 1.84364e-05 -1.27055e-05 -2.4985e-07 -1.49436e-05 -9.48597e-08 -2.52888e-05 -4.07931e-05 -1.71376e-07 -1.61565e-05 4.76808e-08 1.84384e-06
internal_weight=13980 280 79 201 71 45 130 75 59 55 13700 143 13557 121 77 13537 183 13354 44
internal_count=13980 280 79 201 71 45 130 75 59 55 13700 143 13557 121 77 13537 183 13354 44
is_linear=0
shrinkage=0.0111613


Tree=45
num_leaves=15
num_cat=0
split_feature=6 56 62 58 41 66 48 48 10 44 39 7 56 10
split_gain=0.000335158 0.000772528 0.000899884 0.000512105 0.00075581 0.000726194 0.000904134 0.000709603 0.000248032 0.000295673 0.000459092 0.000384487 0.000541499 0.000275172
threshold=-0.043409583391767086 -5.3749999999999994e-06 0.0018370053955327761 0.0088065407279797076 1.357612527940361 -0.0052913354594464326 0.20680592769252162 1.0000000180025095e-35 0.13248322271959126 0.0069869870608550389 0.0057814338353225922 -0.076973452256017968 8.0985000000000012e-05 0.094300630982797271
decision_type=2 2 2 2 2 2 2 2 2 2 2 2 2 2
left_child=1 2 -1 5 -5 7 -7 -3 9 11 -11 12 -2 -13
right_child=8 3 -4 4 -6 6 -8 -9 -10 10 -12 13 -14 -15
leaf_value=1.0094359242430602e-05 -9.2134747026912211e-06 -2.343142342475119e-05 9.3483415178450768e-05 8.4120690456737792e-05 -5.1584857842008247e-06 -6.9030311222314694e-06 -8.3826805208118572e-05 6.2397115923362468e-05 -3.6868889710078703e-05 6.8145243528521275e-05 -4.9719999976690746e-06 1.2224684741808868e-07 -6.8041327021232869e-05 -1.4602823525015474e-05
leaf_weight=38 171 20 28 21 27 92 24 30 23 20 23 13281 22 160
leaf_count=38 171 20 28 21 27 92 24 30 23 20 23 13281 22 160
internal_value=-6.18158e-14 1.20884e-05 4.54715e-05 1.79261e-06 3.39012e-05 -7.49179e-06 -2.28183e-05 2.80657e-05 -2.47061e-07 -1.85476e-07 2.9036e-05 -2.77637e-07 -1.59192e-05 -5.30386e-08
internal_weight=13980 280 66 214 48 166 116 50 13700 13677 43 13634 193 13441
internal_count=13980 280 66 214 48 166 116 50 13700 13677 43 13634 193 13441
is_linear=0
shrinkage=0.0111613


Tree=46
num_leaves=19
num_cat=0
split_feature=6 10 27 14 3 47 65 47 15 10 8 30 13 14 3 50 65 5
split_gain=0.000327718 0.000640708 0.000853675 0.00117413 0.00144023 0.000709602 0.000593323 0.000883336 0.000247309 0.000671529 0.000828231 0.000512264 0.000542691 0.000480621 0.000454056 0.000405374 0.000280671 0.000246451
threshold=-0.043409583391767086 0.074016413076356549 0.0024688836092433557 0.030803579257804133 0.017963788642167803 -0.0026367771450200549 -6384.4863110000015 -0.00098156304877834439 -0.0026138954043721124 0.11090165401708434 0.013264539208439065 0.014031090236242034 3.0089586754741409 0.023652868841147808 0.0089130116400514495 0.00053380500000000015 6609.5879914999978 0.038582581525052569
decision_type=2 2 2 2 2 2 2 2 2 2 2 2 2 2 2 2 2 2
left_child=1 6 3 4 -3 -4 -1 -8 11 15 -11 12 13 -2 -14 17 -12 -10
right_child=8 2 5 -5 -6 -7 7 -9 9 10 16 -13 14 -15 -16 -17 -18 -19
leaf_value=3.6887031932887007e-05 2.5255940899888543e-06 1.3301344712637512e-05 1.5127321803625992e-05 8.9321548618244185e-05 -8.9663927323015589e-05 0.00010163432277639446 1.5763970367117616e-05 -6.9746890249774445e-05 -8.117144672026923e-07 -9.6632347271254754e-05 -3.9509493213300087e-05 5.1934672090687297e-05 -1.0504468629540331e-05 3.7103149674115638e-05 -6.5831131170346395e-05 -4.867707754077762e-05 1.6927839237221549e-05 2.9737286505719235e-05
leaf_weight=21 2769 110 21 20 20 27 27 34 10618 20 21 26 94 51 23 22 23 33
leaf_count=21 2769 110 21 20 20 27 27 34 10618 20 21 26 94 51 23 22 23 33
internal_value=1.45175e-13 1.19534e-05 2.28187e-05 9.70867e-06 -2.53947e-06 6.37875e-05 -1.42822e-05 -3.18978e-05 -2.44304e-07 -1.03207e-06 -3.70782e-05 2.61033e-06 2.17368e-06 3.15093e-06 -2.13807e-05 -8.15923e-07 -1.00082e-05 -7.17064e-07
internal_weight=13980 280 198 150 130 48 82 61 13700 10737 64 2963 2937 2820 117 10673 44 10651
internal_count=13980 280 198 150 130 48 82 61 13700 10737 64 2963 2937 2820 117 10673 44 10651
is_linear=0
shrinkage=0.0111613


Tree=47
num_leaves=15
num_cat=0
split_feature=11 32 16 11 21 29 0 10 13 62 66 26 64 49
split_gain=0.000321418 0.000823218 0.000280437 0.000449095 0.000609945 0.000842284 0.000626821 0.000429432 0.000652639 0.000408648 0.000331123 0.000309834 0.000283379 0.000184118
threshold=-0.022449281928523131 -0.60355339059327384 -12.684549433616935 -0.0059449938679118066 11.211565610158976 -0.050266163284604086 33.123861140690344 0.10303304957720201 1.082983877012508 -0.0013853884902718658 0.00067919574972907803 0.0025607871953075016 4173.1602520000024 57180.408500000012
decision_type=2 2 2 2 2 2 2 2 2 2 2 2 2 2
left_child=1 -1 9 4 6 -6 -4 12 -9 10 -2 13 -5 -11
right_child=2 -3 3 7 5 -7 -8 8 -10 11 -12 -13 -14 -15
leaf_value=8.4099601793216614e-05 -6.6212500799095453e-05 -5.2103864619859176e-06 1.0630182860336336e-06 -4.6920954344515953e-07 8.2854240121414089e-05 1.1042192395858734e-05 -4.3139486526977737e-05 -2.8311973172671568e-05 3.0787942705801647e-05 -3.3442889656401116e-05 -1.2401812117247341e-05 3.8273159619707118e-05 1.4039103781012588e-05 5.2062475657307945e-06
leaf_weight=20 28 36 267 12460 21 654 47 138 28 28 29 20 170 34
leaf_count=20 28 36 267 12460 21 654 47 138 28 28 29 20 170 34
internal_value=-2.63725e-15 2.6686e-05 -1.07327e-07 5.17308e-08 7.29808e-06 1.32763e-05 -5.55328e-06 -5.08338e-07 -1.83433e-05 -1.58815e-05 -3.88351e-05 7.40817e-08 -2.73927e-07 -1.22482e-05
internal_weight=13980 56 13924 13785 989 675 314 12796 166 139 57 82 12630 62
internal_count=13980 56 13924 13785 989 675 314 12796 166 139 57 82 12630 62
is_linear=0
shrinkage=0.0111613


Tree=48
num_leaves=14
num_cat=0
split_feature=3 31 4 30 19 64 19 56 2 52 13 15 39
split_gain=0.000318875 0.000671011 0.000279489 0.000677263 0.000621594 0.000487523 0.00104075 0.000408451 0.000373665 0.000314934 0.000311786 0.000620264 0.000477375
threshold=0.020256775198101616 0.12940952255126045 0.0062828794157983045 0.01302555694868617 0.007312235393656775 3658.1134295000038 -0.013896537336649138 4.9430000000000006e-05 36.598154360983315 60878.76200000001 1.6978652306635984 -0.0061316706614004592 -0.012655673470207849
decision_type=2 2 2 2 2 2 2 2 2 2 2 2 2
left_child=2 -2 5 4 7 10 -7 -4 -6 -8 11 -1 -12
right_child=1 -3 3 -5 8 6 9 -9 -10 -11 12 -13 -14
leaf_value=1.1662619115159443e-05 6.2410125941756556e-05 -1.5884217499220209e-05 -1.2777543483221971e-05 -6.7239219497651633e-05 4.6329262838349335e-05 9.7090669671525177e-05 4.5234833256614682e-05 -5.4670789518463482e-05 -2.21211248518856e-06 -6.0155742922190342e-06 4.7864405946481834e-05 2.4874868393946011e-07 -5.7930425854846876e-06
leaf_weight=630 30 25 85 21 20 20 20 44 1616 59 21 10131 1258
leaf_count=630 30 25 85 21 20 20 20 44 1616 59 21 10131 1258
internal_value=-4.54695e-14 2.68218e-05 -1.05939e-07 -4.22834e-06 -3.47864e-06 5.00586e-07 2.51676e-05 -2.70667e-05 -1.6187e-06 6.95921e-06 2.9776e-07 9.16971e-07 -4.91204e-06
internal_weight=13980 55 13925 1786 1765 12139 99 129 1636 79 12040 10761 1279
internal_count=13980 55 13925 1786 1765 12139 99 129 1636 79 12040 10761 1279
is_linear=0
shrinkage=0.0111613


Tree=49
num_leaves=14
num_cat=0
split_feature=11 32 4 44 47 39 62 11 21 7 39 11 57
split_gain=0.000312841 0.000805124 0.000271146 0.000758792 0.000583413 0.00115291 0.000402646 0.000371919 0.00112756 0.000436648 0.000315283 0.000509789 0.00033526
threshold=-0.022449281928523131 -0.60355339059327384 0.0062828794157983045 0.0048247539031067736 -0.0013310539700103446 -0.0035724497190370292 -0.001784261765648387 0.0080811826044044927 7.9090910004581252 -0.1028680924239843 0.0034665373930488079 0.021059125453813058 13.500000000000002
decision_type=2 2 2 2 2 2 2 2 2 2 2 2 2
left_child=1 -1 3 7 5 -4 -7 9 -9 -2 11 -6 -12
right_child=2 -3 4 -5 10 6 -8 8 -10 -11 12 -13 -14
leaf_value=8.3106651470769475e-05 -2.8109134746780131e-05 -5.2163545037102536e-06 -8.8332217186262986e-05 5.8532509370934715e-05 -6.0352683727247141e-07 -2.9295267028512542e-05 3.2039557803589433e-05 8.3702769105428547e-05 5.5466656013018807e-06 2.5534159687896416e-07 1.156774954674539e-05 4.6785246689230275e-05 -1.310066044342554e-05
leaf_weight=20 68 36 30 28 1138 30 24 26 199 11789 80 29 483
leaf_count=20 68 36 30 28 1138 30 24 26 199 11789 80 29 483
internal_value=-1.18207e-13 2.63276e-05 -1.05885e-07 4.96926e-07 -4.13016e-06 -3.28557e-05 -2.03534e-06 3.62428e-07 1.4578e-05 9.26711e-08 -2.7354e-06 5.74086e-07 -9.59538e-06
internal_weight=13980 56 13924 12110 1814 84 54 12082 225 11857 1730 1167 563
internal_count=13980 56 13924 12110 1814 84 54 12082 225 11857 1730 1167 563
is_linear=0
shrinkage=0.0111613


Tree=50
num_leaves=17
num_cat=0
split_feature=6 53 14 66 66 41 48 49 22 47 21 27 11 30 30 26
split_gain=0.000315307 0.000750586 0.0009982 0.000670116 0.00117107 0.000766571 0.000766538 0.000505255 0.000235398 0.000426313 0.000335855 0.000378559 0.000324844 0.000582841 0.000367734 0.000305494
threshold=-0.043409583391767086 8.2500000000000004e-07 0.027746594247636182 -0.0052913354594464326 -0.0008782324479862379 1.4933411593709465 1.0000000180025095e-35 52004.269500000002 37.966387575717199 -0.0052885088373177654 13.384822351615144 0.004871006192286976 -0.0026138954043721237 0.01302555694868617 0.01302555694868617 -0.0057118153978176758
decision_type=2 2 2 2 2 2 2 2 2 2 2 2 2 2 2 2
left_child=1 2 7 6 -5 -6 -3 -1 9 -2 11 15 13 -11 -14 -10
right_child=8 3 -4 4 5 -7 -8 -9 10 12 -12 -13 14 -15 -16 -17
leaf_value=-2.3088723122248231e-05 -3.7305239807361485e-05 -1.3647008568500479e-05 0.00010901664611022988 -6.9804217898608727e-05 3.0121882759524081e-05 -2.9611691577234859e-05 6.8837793911379039e-05 4.3881355323630364e-05 8.0209752564019332e-06 2.922366335884887e-06 -4.4352789700371384e-05 4.1694912938782776e-05 -5.8014905986821538e-07 4.5840582154840015e-05 -2.4601693218286363e-05 -1.4237278770764307e-05
leaf_weight=23 38 25 20 34 64 46 32 36 106 2710 30 20 10397 40 80 279
leaf_count=23 38 25 20 34 64 46 32 36 106 2710 30 20 10397 40 80 279
internal_value=2.45154e-13 1.17249e-05 4.08737e-05 2.68425e-07 -1.25533e-05 5.14239e-06 3.26602e-05 1.77744e-05 -2.39633e-07 2.53066e-08 -8.31877e-06 -5.64958e-06 1.32554e-07 3.54663e-06 -7.63572e-07 -8.10903e-06
internal_weight=13980 280 79 201 144 110 57 59 13700 13265 435 405 13227 2750 10477 385
internal_count=13980 280 79 201 144 110 57 59 13700 13265 435 405 13227 2750 10477 385
is_linear=0
shrinkage=0.0111613


Tree=51
num_leaves=7
num_cat=0
split_feature=3 31 23 18 60 61
split_gain=0.000307274 0.000655185 0.000345237 0.000417016 0.000391664 0.000392351
threshold=0.020256775198101616 0.12940952255126045 -0.10249925761456434 -0.046869657839658345 -7223.785334999995 -4523.0706850000024
decision_type=2 2 2 2 2 2
left_child=2 -2 -1 -4 -5 -6
right_child=1 -3 3 4 5 -7
leaf_value=-3.7925976955717219e-05 6.1495492355973422e-05 -1.5870011822942997e-05 3.7398305391437301e-05 -3.6889001779192664e-05 6.4851069432501105e-06 -5.6954242194080378e-07
leaf_weight=30 30 25 37 36 1064 12758
leaf_count=30 30 25 37 36 1064 12758
internal_value=-2.11991e-15 2.63294e-05 -1.03994e-07 -2.23343e-08 -1.22245e-07 -2.64845e-08
internal_weight=13980 55 13925 13895 13858 13822
internal_count=13980 55 13925 13895 13858 13822
is_linear=0
shrinkage=0.0111613


Tree=52
num_leaves=15
num_cat=0
split_feature=6 53 14 66 66 51 68 52 10 44 39 7 56 10
split_gain=0.000306311 0.000730736 0.000972794 0.000655193 0.00114337 0.000613713 0.000517048 0.000495384 0.000235034 0.000281481 0.000449031 0.000376349 0.0005272 0.00026423
threshold=-0.043409583391767086 8.2500000000000004e-07 0.027746594247636182 -0.0052913354594464326 -0.0008782324479862379 29.500000000000004 -625.53651399999546 56801.528000000006 0.13248322271959126 0.0069869870608550389 0.0057814338353225922 -0.076973452256017968 8.0985000000000012e-05 0.094300630982797271
decision_type=2 2 2 2 2 2 2 2 2 2 2 2 2 2
left_child=1 2 7 5 -5 -3 -6 -1 9 11 -11 12 -2 -13
right_child=8 3 -4 4 6 -7 -8 -9 -10 10 -12 13 -14 -15
leaf_value=-1.0218830862210746e-05 -9.1246956646918773e-06 5.3554562892768933e-06 0.00010758740424180743 -6.8995524852482438e-05 -8.4032098347187491e-06 8.2094938848258959e-05 4.855422205743104e-05 5.5230038114536021e-05 -3.5885523218731151e-05 6.7013693451466351e-05 -5.2979876976420718e-06 1.2781152903787952e-07 -6.717062732688122e-05 -1.4301521408716171e-05
leaf_weight=34 171 37 20 34 84 20 26 25 23 20 23 13281 22 160
leaf_count=34 171 37 20 34 84 20 26 25 23 20 23 13281 22 160
internal_value=-2.85907e-14 1.15564e-05 4.03172e-05 2.52453e-07 -1.24257e-05 3.22816e-05 5.05946e-06 1.75137e-05 -2.3619e-07 -1.7624e-07 2.83354e-05 -2.66162e-07 -1.57413e-05 -4.39535e-08
internal_weight=13980 280 79 201 144 57 110 59 13700 13677 43 13634 193 13441
internal_count=13980 280 79 201 144 57 110 59 13700 13677 43 13634 193 13441
is_linear=0
shrinkage=0.0111613


Tree=53
num_leaves=21
num_cat=0
split_feature=6 53 14 2 13 30 49 38 46 4 19 43 1 1 23 43 32 5 3 26
split_gain=0.000299512 0.000714515 0.0009512 0.000693573 0.00116792 0.00081111 0.000487495 0.000411314 0.000366867 0.000234621 0.000564321 0.000473122 0.000453435 0.000425397 0.000410083 0.000669886 0.000399487 0.000349433 0.000319784 0.000259997
threshold=-0.043409583391767086 8.2500000000000004e-07 0.027746594247636182 24.674040097241733 1.5202563168557066 0.0091226539081010177 52004.269500000002 0.00010206409208946 31.85465617662808 0.0062828794157983045 0.007312235393656775 43.410145693529664 0.0039487702021139973 -0.00013830267854295355 -0.074494747954461635 31.938394158144082 -0.70710678118654757 0.0071217171795675558 0.011962533524830057 0.0027705122027786859
decision_type=2 2 2 2 2 2 2 2 2 2 2 2 2 2 2 2 2 2 2 2
left_child=1 2 6 5 8 7 -1 -3 -5 12 16 -12 14 -13 15 -2 17 -11 -16 -18
right_child=9 3 -4 4 -6 -7 -8 -9 -10 10 11 13 -14 -15 18 -17 19 -19 -20 -21
leaf_value=-2.2820234629469924e-05 2.9512203035694402e-05 1.358858609961928e-05 0.00010638658751010817 2.9896644300623236e-05 -8.7015442639293863e-05 6.9334451770837303e-05 4.2962305267142618e-05 -4.1295378858166576e-05 -3.1816572610058404e-05 -2.2657054196891932e-05 3.9613746173469667e-05 -3.9491954993462468e-05 4.5198258164205491e-05 -2.1844361153172037e-06 4.1666922820018459e-08 -3.791924012232529e-05 5.779902442904292e-06 -8.8634698725249296e-05 9.2975119822879175e-06 -3.1755223048531695e-05
leaf_weight=23 24 75 20 30 26 28 36 22 20 20 33 39 28 1604 11277 78 45 20 485 47
leaf_count=23 24 75 20 30 26 28 36 22 20 20 33 39 28 1604 11277 78 45 20 485 47
internal_value=-1.80694e-13 1.14274e-05 3.98672e-05 2.49635e-07 -2.63399e-05 1.64161e-05 1.73183e-05 1.14068e-06 5.21136e-06 -2.33554e-07 -3.97954e-06 -2.22958e-06 3.35967e-07 -3.07001e-06 2.30088e-07 -2.2053e-05 -2.61987e-05 -5.56459e-05 4.23327e-07 -1.33957e-05
internal_weight=13980 280 79 201 76 125 59 97 50 13700 1808 1676 11892 1643 11864 102 132 40 11762 92
internal_count=13980 280 79 201 76 125 59 97 50 13700 1808 1676 11892 1643 11864 102 132 40 11762 92
is_linear=0
shrinkage=0.0111613


Tree=54
num_leaves=19
num_cat=0
split_feature=44 42 23 62 39 19 23 58 64 6 6 3 27 22 16 11 47 11
split_gain=0.000296706 0.000747252 0.00112058 0.00115446 0.000630262 0.00050328 0.000726749 0.000599645 0.000527246 0.000748991 0.000520182 0.000474767 0.000456976 0.000637378 0.000461379 0.000443089 0.000387253 0.000292215
threshold=-0.0032437877544175607 2.6751253803793804 -0.071312325547136776 0.0023671567924866692 -0.0048331645329828801 -0.031903439555636508 -0.090245643628962521 0.014018632259111376 -3125.6128759999947 -0.033719870476773987 -0.036464990866482909 0.015674730715311908 0.004739937872231371 29.11986279117102 -3.9070334414520391 0.0012281258871158498 -0.0036571553157636501 -0.0059449938679118066
decision_type=2 2 2 2 2 2 2 2 2 2 2 2 2 2 2 2 2 2
left_child=1 2 3 11 -3 7 -7 8 10 -10 -2 -1 14 -14 -4 -6 -8 -18
right_child=5 4 12 -5 15 6 16 -9 9 -11 -12 -13 13 -15 -16 -17 17 -19
leaf_value=5.5026728314452406e-05 6.7467193068239398e-05 -7.5111847760705243e-05 5.0363925149799453e-05 0.00011001761173544755 2.4053797325676875e-05 5.0041007345235915e-05 -4.6964107770631699e-05 -5.9755543465117946e-05 -3.724503612689454e-05 1.0980155947404738e-05 -1.3032180736813267e-05 -2.1878377697101821e-05 8.2745143373301642e-05 3.7291437638533367e-07 -1.2698338124521144e-06 -4.1892399179392677e-05 5.8544075134989802e-06 -5.634193608030189e-07
leaf_weight=20 20 22 23 28 30 36 22 34 100 67 20 20 22 25 344 22 953 12172
leaf_count=20 20 22 23 28 30 36 22 34 100 67 20 20 22 25 344 22 953 12172
internal_value=-1.082e-13 7.98965e-06 1.30596e-05 5.50509e-05 -2.50335e-05 -3.30918e-07 -3.87184e-08 -1.63146e-05 -9.17939e-06 -1.78972e-05 2.72175e-05 1.65742e-05 6.16247e-06 3.89301e-05 1.96607e-06 -3.84652e-06 -1.7585e-07 -9.7424e-08
internal_weight=13980 556 482 68 74 13424 13183 241 207 167 40 40 414 47 367 52 13147 13125
internal_count=13980 556 482 68 74 13424 13183 241 207 167 40 40 414 47 367 52 13147 13125
is_linear=0
shrinkage=0.0111613


Tree=55
num_leaves=21
num_cat=0
split_feature=11 3 66 11 13 7 10 60 28 45 23 30 44 23 23 65 62 50 7 42
split_gain=0.000292568 0.000969102 0.000635041 0.00100322 0.000579373 0.000777471 0.000480606 0.000678836 0.000837165 0.000623867 0.000519678 0.000691485 0.000431998 0.000842085 0.000650579 0.000424639 0.000321769 0.000307138 0.000287043 0.000284153
threshold=-0.0026138954043721237 0.016331554242791802 0.00037802710929146782 -0.0086099424053820966 3.0089586754741409 -0.054403975864058589 0.10303304957720201 -772.84119299999611 41.636492407142661 0.75575595089996761 -0.077568188136900237 0.009450070677088673 -0.0025742291574645903 -0.074494747954461635 -0.071312325547136776 -2356.2145005000025 -0.001233801185351435 0.00053380500000000015 -0.076973452256017968 1.1680645890499257
decision_type=2 2 2 2 2 2 2 2 2 2 2 2 2 2 2 2 2 2 2 2
left_child=1 4 3 -3 12 -6 10 -8 -9 -10 11 19 14 -14 -1 -7 -4 18 -12 -2
right_child=6 2 16 -5 5 15 7 8 9 -11 17 -13 13 -15 -16 -17 -18 -19 -20 -21
leaf_value=7.4292851553617726e-05 -2.829995761841746e-05 0.00011341681533137753 3.7688250026534933e-05 1.5368180157879506e-05 -8.3046728152860521e-05 3.6182588610838049e-05 -6.4124762595543121e-05 3.3319742384561341e-05 -7.7183928619447447e-05 -3.7190776305081309e-06 -1.9831593864079383e-05 7.5388452564364257e-05 -3.2003554659973446e-05 2.9107802356679546e-06 1.1476975472085484e-05 -1.93310738553445e-05 -2.4865568629951478e-05 -4.4499288685717877e-05 -5.4328398054394557e-07 2.9828567337254182e-05
leaf_weight=23 20 26 20 26 21 21 35 39 24 36 97 26 89 2601 192 94 21 20 10527 22
leaf_count=23 20 26 20 26 21 21 35 39 24 36 97 26 89 2601 192 94 21 20 10527 22
internal_value=-1.13845e-13 3.00372e-06 3.84946e-05 6.43925e-05 1.91834e-06 -2.05976e-05 -8.67939e-07 -2.18746e-05 -6.93769e-06 -3.3105e-05 -6.0516e-07 3.01519e-05 2.97244e-06 1.75562e-06 1.81968e-05 -9.1938e-06 5.64849e-06 -8.01654e-07 -7.19391e-07 2.14832e-06
internal_weight=13980 3134 93 52 3041 136 10846 134 99 60 10712 68 2905 2690 215 115 41 10644 10624 42
internal_count=13980 3134 93 52 3041 136 10846 134 99 60 10712 68 2905 2690 215 115 41 10644 10624 42
is_linear=0
shrinkage=0.0111613


Tree=56
num_leaves=15
num_cat=0
split_feature=11 32 16 11 38 13 68 10 13 62 66 26 64 49
split_gain=0.000287235 0.000780749 0.000275476 0.000411988 0.00060219 0.000550119 0.000544215 0.000415607 0.000625503 0.000399778 0.000322922 0.000302221 0.000276252 0.000180483
threshold=-0.022449281928523131 -0.60355339059327384 -12.684549433616935 -0.0059449938679118066 -0.00015532283246716402 3.1723263414534024 -2231.3562369999963 0.10303304957720201 1.082983877012508 -0.0013853884902718658 0.00067919574972907803 0.0025607871953075016 4173.1602520000024 57180.408500000012
decision_type=2 2 2 2 2 2 2 2 2 2 2 2 2 2
left_child=1 -1 9 4 5 -4 -6 12 -9 10 -2 13 -5 -11
right_child=2 -3 3 7 6 -7 -8 8 -10 11 -12 -13 -14 -15
leaf_value=8.1140105822733117e-05 -6.547484017437349e-05 -5.8356584446514915e-06 1.6110460081664161e-06 -4.4245118561807349e-07 7.3343265068654708e-05 -4.9214491928718097e-05 1.3801172935136491e-05 -2.778499644875308e-05 3.0073193792945021e-05 -3.3108403020398896e-05 -1.2334701532812447e-05 3.7772855390639821e-05 1.3882264474217114e-05 5.1573176102581391e-06
leaf_weight=20 28 36 505 12460 20 28 436 138 28 28 29 20 170 34
leaf_count=20 28 36 505 12460 20 28 436 138 28 28 29 20 170 34
internal_value=-4.07435e-14 2.52271e-05 -1.01459e-07 5.61851e-08 6.99671e-06 -1.05896e-06 1.64127e-05 -4.80247e-07 -1.80258e-05 -1.57355e-05 -3.84386e-05 4.59832e-08 -2.4964e-07 -1.2124e-05
internal_weight=13980 56 13924 13785 989 533 456 12796 166 139 57 82 12630 62
internal_count=13980 56 13924 13785 989 533 456 12796 166 139 57 82 12630 62
is_linear=0
shrinkage=0.0111613


Tree=57
num_leaves=14
num_cat=0
split_feature=44 27 14 30 20 11 19 23 58 10 10 47 11
split_gain=0.00028563 0.000634512 0.00110412 0.00110833 0.000631145 0.000592091 0.00049293 0.000707622 0.00058509 0.000549828 0.000665129 0.000379727 0.000278397
threshold=-0.0032437877544175607 0.004739937872231371 0.030803579257804133 0.011332091359827387 29.973613471801901 -0.0078940998016574487 -0.031903439555636508 -0.090245643628962521 0.014018632259111376 0.046151813428661266 0.083711477662538211 -0.0036571553157636501 -0.0059449938679118066
decision_type=2 2 2 2 2 2 2 2 2 2 2 2 2
left_child=1 2 3 5 -3 -1 8 -8 9 -2 -11 -9 -13
right_child=6 4 -4 -5 -6 -7 7 11 -10 10 -12 12 -14
leaf_value=4.8054126786169316e-05 -4.8740220240842048e-05 9.3633450704520501e-05 8.3018625706420891e-05 -5.7502707318421877e-05 1.5811732494493539e-05 1.4008634137937941e-06 4.9380818355476894e-05 -4.6502213690460315e-05 -5.9053659948685637e-05 1.1414921710450554e-05 -4.0584689762705269e-05 5.7162530494670981e-06 -5.4800233895579875e-07
leaf_weight=37 36 20 21 38 37 403 36 22 34 131 40 953 12172
leaf_count=37 36 20 21 38 37 403 36 22 34 131 40 953 12172
internal_value=1.61487e-13 7.8391e-06 3.8093e-06 3.29389e-07 4.31176e-05 5.32398e-06 -3.24683e-07 -3.55029e-08 -1.61432e-05 -9.09508e-06 -7.4873e-07 -1.70818e-07 -9.31577e-08
internal_weight=13980 556 499 478 57 440 13424 13183 241 207 171 13147 13125
internal_count=13980 556 499 478 57 440 13424 13183 241 207 171 13147 13125
is_linear=0
shrinkage=0.0111613


Tree=58
num_leaves=11
num_cat=0
split_feature=26 6 16 14 13 65 3 17 58 17
split_gain=0.000283243 0.00061572 0.000440153 0.00057933 0.000520927 0.000408193 0.000406782 0.000299978 0.000594767 0.000306983
threshold=-0.0057118153978176758 -0.063201209745805828 -9.4783273578085083 0.027746594247636182 1.8616986739454455 -14694.944520000001 0.020256775198101616 -0.0012707360617436089 -0.0028851012500597513 -0.00094519375302509463
decision_type=2 2 2 2 2 2 2 2 2 2
left_child=1 -1 -3 4 -4 -2 7 8 -7 -9
right_child=5 2 3 -5 -6 6 -8 9 -10 -11
leaf_value=5.3333960036642244e-05 -3.8036195206461062e-05 -4.6914046360517501e-05 6.1434311934921976e-06 6.2739402928705439e-05 -1.7500866797830735e-05 -4.839683221619334e-05 4.1354698945713485e-05 1.5127326201926713e-05 3.4056109389684997e-06 -5.294435782542602e-07
leaf_weight=32 36 21 1084 21 130 48 29 158 65 12356
leaf_count=32 36 21 1084 21 130 48 29 158 65 12356
internal_value=-9.77986e-14 4.9871e-06 3.75533e-06 4.61692e-06 3.6115e-06 -5.06097e-07 -3.99343e-07 -4.95238e-07 -1.8599e-05 -3.31763e-07
internal_weight=13980 1288 1256 1235 1214 12692 12656 12627 113 12514
internal_count=13980 1288 1256 1235 1214 12692 12656 12627 113 12514
is_linear=0
shrinkage=0.0111613


Tree=59
num_leaves=8
num_cat=0
split_feature=11 32 17 40 3 23 5
split_gain=0.000279727 0.000763581 0.00025656 0.00116199 0.000450952 0.000340014 0.000405442
threshold=-0.022449281928523131 -0.60355339059327384 0.0017269531053026334 1.2498361729649701 0.020256775198101616 -0.10249925761456434 -0.042939531481332775
decision_type=2 2 2 2 2 2 2
left_child=1 -1 4 -4 5 -2 -7
right_child=2 -3 3 -5 -6 6 -8
leaf_value=8.019007935511825e-05 -4.2989901379239963e-05 -5.8240865751768901e-06 -8.4671337139925843e-05 1.9334858107578207e-05 3.7895000732551093e-05 5.017670402283933e-05 -1.1301078266200962e-07
leaf_weight=20 23 36 23 32 39 20 13787
leaf_count=20 23 36 23 32 39 20 13787
internal_value=6.38314e-14 2.48953e-05 -1.00125e-07 -2.41586e-05 -4.71615e-09 -1.11592e-07 -4.01641e-08
internal_weight=13980 56 13924 55 13869 13830 13807
internal_count=13980 56 13924 55 13869 13830 13807
is_linear=0
shrinkage=0.0111613


Tree=60
num_leaves=21
num_cat=0
split_feature=11 3 32 47 13 39 32 56 1 23 6 10 60 21 65 23 30 21 50 5
split_gain=0.000277702 0.000933614 0.000634346 0.000624001 0.000561229 0.000780753 0.000677013 0.00047722 0.000471426 0.000811176 0.000690627 0.000464661 0.000661175 0.000956235 0.000766187 0.000501878 0.000667692 0.000572192 0.000300762 0.000266544
threshold=-0.0026138954043721237 0.016331554242791802 -0.12940952255126037 -0.0040557002009407178 3.0089586754741409 -8.8243405014287721e-05 -0.12940952255126037 4.072000000000001e-05 -0.0038430526674340334 -0.074494747954461635 -0.046117169005159712 0.10303304957720201 -772.84119299999611 15.675137577183714 4280.134226000001 -0.077568188136900237 0.009450070677088673 9.6468554997575655 0.00053380500000000015 0.038582581525052569
decision_type=2 2 2 2 2 2 2 2 2 2 2 2 2 2 2 2 2 2 2 2
left_child=1 4 -3 -4 8 7 -7 -6 10 -10 -1 15 -13 -14 -15 16 17 -2 19 -17
right_child=11 2 3 -5 5 6 -8 -9 9 -11 -12 12 13 14 -16 18 -18 -19 -20 -21
leaf_value=7.5272847232026282e-05 4.5328206463076728e-05 8.4555077480762792e-05 -1.602021167884187e-05 5.2172167517417589e-05 3.8913055765234286e-05 -1.6649332968022592e-05 -8.9826080682200819e-05 -1.9371685591616855e-05 -3.106435919929549e-05 3.1771947831844652e-06 7.8036315983115436e-06 -6.319778884844567e-05 3.9128405308084345e-05 -9.005425500681234e-05 -6.4356066501723009e-06 -7.8979151713946395e-07 7.4089983342377836e-05 -3.7158476274450297e-05 -4.402200011694145e-05 3.3692283174886428e-05
leaf_weight=27 20 26 32 35 30 36 28 42 89 2726 63 35 36 20 43 10596 26 22 20 28
leaf_count=27 20 26 32 35 30 36 28 42 89 2726 63 35 36 20 43 10596 26 22 20 28
internal_value=3.12305e-14 2.92642e-06 3.77614e-05 1.96027e-05 1.86109e-06 -2.02995e-05 -4.86642e-05 4.91362e-06 2.89855e-06 2.0946e-06 2.80444e-05 -8.45601e-07 -2.15009e-05 -6.75953e-06 -3.29812e-05 -5.87217e-07 2.96385e-05 2.1209e-06 -7.80316e-07 -6.98913e-07
internal_weight=13980 3134 93 67 3041 136 64 72 2905 2815 90 10846 134 99 63 10712 68 42 10644 10624
internal_count=13980 3134 93 67 3041 136 64 72 2905 2815 90 10846 134 99 63 10712 68 42 10644 10624
is_linear=0
shrinkage=0.0111613


Tree=61
num_leaves=14
num_cat=0
split_feature=26 6 60 60 14 47 1 16 16 3 22 11 56
split_gain=0.000275042 0.00059134 0.000437275 0.00063021 0.000815503 0.000507589 0.000400917 0.000392786 0.000412055 0.000311301 0.000297844 0.000452863 0.000357374
threshold=-0.0057118153978176758 -0.063201209745805828 821.56921750000322 1756.2398875000047 0.011113372837944368 -0.00054792684902606485 -0.0061645093776604579 -9.4783273578085083 -5.5569434287854227 0.020256775198101616 37.966387575717199 -0.022449281928523131 3.5605000000000009e-05
decision_type=2 2 2 2 2 2 2 2 2 2 2 2 2
left_child=1 -1 7 4 -4 -5 -2 -3 -9 10 11 -8 -12
right_child=6 2 3 5 -6 -7 9 8 -10 -11 12 -13 -14
leaf_value=5.2294411892857459e-05 -4.8103887617470528e-05 -4.6493054399372204e-05 1.6870678981302032e-05 2.6320996177006904e-05 8.9154974490412783e-05 -3.9715911479747807e-05 5.039430224171737e-05 2.9716581399832827e-05 5.2523633028111704e-07 3.3311296850211885e-05 8.4463085436111094e-07 -2.9047581834021228e-07 -2.042196047882457e-05
leaf_weight=32 22 21 59 29 29 29 22 64 1025 34 192 12220 202
leaf_count=32 22 21 59 29 29 29 22 64 1025 34 192 12220 202
internal_value=-6.54872e-14 4.91437e-06 3.70723e-06 2.18658e-05 4.06916e-05 -6.69746e-06 -4.98716e-07 1.31881e-06 2.2408e-06 -4.16055e-07 -5.06806e-07 -1.99391e-07 -1.00585e-05
internal_weight=13980 1288 1256 146 88 58 12692 1110 1089 12670 12636 12242 394
internal_count=13980 1288 1256 146 88 58 12692 1110 1089 12670 12636 12242 394
is_linear=0
shrinkage=0.0111613


Tree=62
num_leaves=17
num_cat=0
split_feature=44 42 23 13 53 39 17 27 19 23 58 10 10 11 47 11
split_gain=0.000272673 0.000721885 0.00103963 0.00098856 0.000882644 0.000608473 0.000488072 0.000623693 0.000481795 0.000679512 0.000570408 0.000526533 0.000649491 0.000427828 0.000372257 0.0002689
threshold=-0.0032437877544175607 2.6751253803793804 -0.071312325547136776 1.1156041430353725 1.2970000000000001e-05 -0.0048331645329828801 0.00098442399659478771 0.004739937872231371 -0.031903439555636508 -0.090245643628962521 0.014018632259111376 0.046151813428661266 0.083711477662538211 0.0012281258871158498 -0.0036571553157636501 -0.0059449938679118066
decision_type=2 2 2 2 2 2 2 2 2 2 2 2 2 2 2 2
left_child=1 2 3 -1 -5 -3 7 -4 10 -10 11 -2 -13 -7 -11 -16
right_child=8 5 6 4 -6 13 -8 -9 9 14 -12 12 -14 -15 15 -17
leaf_value=6.4736390683626343e-07 -4.7793116513671569e-05 -7.4003639429187933e-05 4.6950985596085514e-06 0.00014068811656600384 3.7084527173016564e-05 2.343462873939463e-05 -3.3879738842924984e-05 5.0791781536110759e-05 4.8393500935457146e-05 -4.6037386277055433e-05 -5.8324702475016768e-05 1.1190499697463935e-05 -4.0194190557081868e-05 -4.1365970682835192e-05 5.622414004992727e-06 -5.3406491793656592e-07
leaf_weight=27 36 22 338 20 21 30 35 41 36 22 34 131 40 22 953 12172
leaf_count=27 36 22 338 20 21 30 35 41 36 22 34 131 40 22 953 12172
internal_value=5.89727e-14 7.65924e-06 1.26424e-05 5.30885e-05 8.76229e-05 -2.47985e-05 5.99907e-06 9.68181e-06 -3.17233e-07 -3.13384e-08 -1.5956e-05 -8.99693e-06 -8.29311e-07 -3.98101e-06 -1.63939e-07 -8.70459e-08
internal_weight=13980 556 482 68 41 74 414 379 13424 13183 241 207 171 52 13147 13125
internal_count=13980 556 482 68 41 74 414 379 13424 13183 241 207 171 52 13147 13125
is_linear=0
shrinkage=0.0111613


Tree=63
num_leaves=15
num_cat=0
split_feature=4 44 22 7 21 29 2 66 64 61 12 13 12 17
split_gain=0.000271466 0.00062603 0.00062172 0.000664018 0.000474357 0.000684414 0.000517869 0.00046823 0.000412285 0.000922359 0.000320692 0.000971546 0.000606306 0.000115956
threshold=0.0062828794157983045 0.0048247539031067736 27.118922797619671 -0.070249668681355112 34.451348583280968 0.06791698075394649 77.891706339181681 -0.0012957508099004642 3889.5821575000055 -249.7929545000014 0.014690405463395817 1.3233641164699883 0.013361261237555063 -0.00023669993250304745
decision_type=2 2 2 2 2 2 2 2 2 2 2 2 2 2
left_child=1 8 3 -2 5 -5 -6 -4 10 -10 12 -12 -1 -11
right_child=2 -3 7 4 6 -7 -8 -9 9 13 11 -13 -14 -15
leaf_value=2.7826845644696703e-07 4.7406717710858633e-05 5.1523750129597484e-05 -8.1730120932718312e-05 -7.1896409324099288e-06 1.2801447271571663e-05 -7.1535475563222806e-05 -7.120827306981786e-06 -1.0443797780633974e-05 8.5381193768989042e-05 2.3606958087429394e-05 -8.5709429970500689e-07 7.8890282027595856e-05 -4.6244263550744013e-05 -9.5953508394164706e-06
leaf_weight=11923 32 30 22 1061 352 21 302 24 23 20 71 26 35 38
leaf_count=11923 32 30 22 1061 352 21 302 24 23 20 71 26 35 38
internal_value=1.24898e-13 6.0057e-07 -4.02786e-06 -2.97388e-06 -3.90255e-06 -8.4385e-06 3.60186e-06 -4.45373e-05 4.74689e-07 2.55714e-05 3.06059e-07 2.05185e-05 1.42101e-07 1.85372e-06
internal_weight=13980 12166 1814 1768 1736 1082 654 46 12136 81 12055 97 11958 58
internal_count=13980 12166 1814 1768 1736 1082 654 46 12136 81 12055 97 11958 58
is_linear=0
shrinkage=0.0111613


Tree=64
num_leaves=14
num_cat=0
split_feature=26 6 60 60 14 47 1 6 13 3 22 11 56
split_gain=0.000265975 0.000570375 0.000428034 0.000615522 0.000797388 0.000495556 0.000392283 0.000387058 0.000397061 0.000296219 0.000290035 0.000437858 0.000350283
threshold=-0.0057118153978176758 -0.063201209745805828 821.56921750000322 1756.2398875000047 0.011113372837944368 -0.00054792684902606485 -0.0061645093776604579 0.02793877158312286 1.8616986739454455 0.020256775198101616 37.966387575717199 -0.022449281928523131 2.5130000000000002e-05
decision_type=2 2 2 2 2 2 2 2 2 2 2 2 2
left_child=1 -1 7 4 -4 -5 -2 8 -3 10 11 -8 -12
right_child=6 2 3 5 -6 -7 9 -9 -10 -11 12 -13 -14
leaf_value=5.1365239285004029e-05 -4.7580212509455408e-05 5.0370062585781744e-06 1.6663062220648911e-05 2.6009099018348979e-05 8.8140013819818723e-05 -3.924038326741387e-05 4.955459826219275e-05 -3.7599919409732494e-05 -1.4991120455473567e-05 3.2491529705244475e-05 2.2831800446425567e-06 -2.8339060291923087e-07 -1.8996415450649993e-05
leaf_weight=32 22 937 59 29 29 29 22 31 142 34 168 12220 226
leaf_count=32 22 937 59 29 29 29 22 31 142 34 168 12220 226
internal_value=-4.09072e-14 4.83269e-06 3.64714e-06 2.16128e-05 4.0218e-05 -6.61564e-06 -4.90427e-07 1.28409e-06 2.40124e-06 -4.08661e-07 -4.97186e-07 -1.93827e-07 -9.92288e-06
internal_weight=13980 1288 1256 146 88 58 12692 1110 1079 12670 12636 12242 394
internal_count=13980 1288 1256 146 88 58 12692 1110 1079 12670 12636 12242 394
is_linear=0
shrinkage=0.0111613


Tree=65
num_leaves=18
num_cat=0
split_feature=11 3 32 47 13 7 1 23 6 65 30 66 33 14 7 7 23
split_gain=0.000266244 0.000891003 0.000620248 0.000601781 0.00054406 0.000761023 0.000457427 0.000793329 0.000662704 0.000417641 0.000383558 0.00179785 0.000933078 0.000468618 0.000393739 0.000350305 0.000536766
threshold=-0.0026138954043721237 0.016331554242791802 -0.12940952255126037 -0.0040557002009407178 3.0089586754741409 -0.054403975864058589 -0.0038430526674340334 -0.074494747954461635 -0.046117169005159712 -2356.2145005000025 0.01302555694868617 0.0011007696532464586 -1.0000000180025095e-35 0.030803579257804133 -0.055582418097093959 -0.1028680924239843 -0.077568188136900237
decision_type=2 2 2 2 2 2 2 2 2 2 2 2 2 2 2 2 2
left_child=1 4 -3 -4 6 -6 8 -8 -1 -7 13 12 -12 15 -13 -2 -17
right_child=10 2 3 -5 5 9 7 -9 -10 -11 11 14 -14 -15 -16 16 -18
leaf_value=7.3879687863836002e-05 -4.5242647311638032e-05 8.316694584591576e-05 -1.604253844706536e-05 5.0924694858080182e-05 -8.1779317291285684e-05 3.6289187824552777e-05 -3.0737949793146863e-05 3.1248402006422761e-06 7.788474621115832e-06 -1.8765161710214813e-05 -8.6897379415824803e-06 6.8252135598640223e-05 -9.5937958801523067e-05 4.0751568504509022e-05 6.8550326437791944e-07 3.47722588050788e-05 -8.3586381324025627e-07
leaf_weight=27 22 26 32 35 21 21 89 2726 63 94 26 21 37 34 22 53 10631
leaf_count=27 22 26 32 35 21 21 89 2726 63 94 26 21 37 34 22 53 10631
internal_value=2.11347e-13 2.86541e-06 3.68962e-05 1.89403e-05 1.82468e-06 -1.99942e-05 2.84615e-06 2.05422e-06 2.76158e-05 -8.71176e-06 -8.27972e-07 -2.19553e-05 -5.99308e-05 -6.19453e-07 3.36832e-05 -7.50838e-07 -6.59223e-07
internal_weight=13980 3134 93 67 3041 136 2905 2815 90 115 10846 106 63 10740 43 10706 10684
internal_count=13980 3134 93 67 3041 136 2905 2815 90 115 10846 106 63 10740 43 10706 10684
is_linear=0
shrinkage=0.0111613


end of trees

feature_importances:
Column_11=67
Column_3=48
Column_23=42
Column_14=35
Column_10=34
Column_13=29
Column_6=28
Column_30=25
Column_17=22
Column_44=22
Column_62=22
Column_2=21
Column_32=21
Column_64=19
Column_56=18
Column_7=17
Column_47=17
Column_26=16
Column_39=16
Column_5=15
Column_54=15
Column_65=15
Column_19=14
Column_20=14
Column_16=13
Column_53=12
Column_60=12
Column_61=12
Column_66=12
Column_4=11
Column_1=10
Column_22=10
Column_31=10
Column_38=10
Column_25=9
Column_27=9
Column_12=8
Column_21=8
Column_41=8
Column_42=8
Column_15=7
Column_40=7
Column_43=7
Column_50=7
Column_52=7
Column_58=7
Column_29=6
Column_46=6
Column_49=6
Column_0=5
Column_68=5
Column_48=4
Column_57=4
Column_69=4
Column_8=3
Column_33=3
Column_45=3
Column_24=2
Column_35=2
Column_18=1
Column_28=1
Column_34=1
Column_51=1

parameters:
[boosting: gbdt]
[objective: regression]
[metric: l2]
[tree_learner: serial]
[device_type: cpu]
[data_sample_strategy: bagging]
[data: ]
[valid: ]
[num_iterations: 66]
[learning_rate: 0.0111613]
[num_leaves: 31]
[num_threads: 8]
[seed: 0]
[deterministic: 0]
[force_col_wise: 0]
[force_row_wise: 0]
[histogram_pool_size: -1]
[max_depth: 5]
[min_data_in_leaf: 20]
[min_sum_hessian_in_leaf: 0.001]
[bagging_fraction: 0.703206]
[pos_bagging_fraction: 1]
[neg_bagging_fraction: 1]
[bagging_freq: 0]
[bagging_seed: 3]
[bagging_by_query: 0]
[feature_fraction: 0.806785]
[feature_fraction_bynode: 1]
[feature_fraction_seed: 2]
[extra_trees: 0]
[extra_seed: 6]
[early_stopping_round: 0]
[early_stopping_min_delta: 0]
[first_metric_only: 0]
[max_delta_step: 0]
[lambda_l1: 0]
[lambda_l2: 0]
[linear_lambda: 0]
[min_gain_to_split: 0]
[drop_rate: 0.1]
[max_drop: 50]
[skip_drop: 0.5]
[xgboost_dart_mode: 0]
[uniform_drop: 0]
[drop_seed: 4]
[top_rate: 0.2]
[other_rate: 0.1]
[min_data_per_group: 100]
[max_cat_threshold: 32]
[cat_l2: 10]
[cat_smooth: 10]
[max_cat_to_onehot: 4]
[top_k: 20]
[monotone_constraints: ]
[monotone_constraints_method: basic]
[monotone_penalty: 0]
[feature_contri: ]
[forcedsplits_filename: ]
[refit_decay_rate: 0.9]
[cegb_tradeoff: 1]
[cegb_penalty_split: 0]
[cegb_penalty_feature_lazy: ]
[cegb_penalty_feature_coupled: ]
[path_smooth: 0]
[interaction_constraints: ]
[verbosity: 1]
[saved_feature_importance_type: 0]
[use_quantized_grad: 0]
[num_grad_quant_bins: 4]
[quant_train_renew_leaf: 0]
[stochastic_rounding: 1]
[linear_tree: 0]
[max_bin: 255]
[max_bin_by_feature: ]
[min_data_in_bin: 3]
[bin_construct_sample_cnt: 200000]
[data_random_seed: 1]
[is_enable_sparse: 1]
[enable_bundle: 1]
[use_missing: 1]
[zero_as_missing: 0]
[feature_pre_filter: 1]
[pre_partition: 0]
[two_round: 0]
[header: 0]
[label_column: ]
[weight_column: ]
[group_column: ]
[ignore_column: ]
[categorical_feature: ]
[forcedbins_filename: ]
[precise_float_parser: 0]
[parser_config_file: ]
[objective_seed: 5]
[num_class: 1]
[is_unbalance: 0]
[scale_pos_weight: 1]
[sigmoid: 1]
[boost_from_average: 1]
[reg_sqrt: 0]
[alpha: 0.9]
[fair_c: 1]
[poisson_max_delta_step: 0.7]
[tweedie_variance_power: 1.5]
[lambdarank_truncation_level: 30]
[lambdarank_norm: 1]
[label_gain: ]
[lambdarank_position_bias_regularization: 0]
[eval_at: ]
[multi_error_top_k: 1]
[auc_mu_weights: ]
[num_machines: 1]
[local_listen_port: 12400]
[time_out: 120]
[machine_list_filename: ]
[machines: ]
[gpu_platform_id: -1]
[gpu_device_id: -1]
[gpu_use_dp: 0]
[num_gpu: 1]

end of parameters

pandas_categorical:null
