tree
version=v4
num_class=3
num_tree_per_iteration=3
label_index=0
max_feature_idx=65
objective=multiclass num_class:3
feature_names=Column_0 Column_1 Column_2 Column_3 Column_4 Column_5 Column_6 Column_7 Column_8 Column_9 Column_10 Column_11 Column_12 Column_13 Column_14 Column_15 Column_16 Column_17 Column_18 Column_19 Column_20 Column_21 Column_22 Column_23 Column_24 Column_25 Column_26 Column_27 Column_28 Column_29 Column_30 Column_31 Column_32 Column_33 Column_34 Column_35 Column_36 Column_37 Column_38 Column_39 Column_40 Column_41 Column_42 Column_43 Column_44 Column_45 Column_46 Column_47 Column_48 Column_49 Column_50 Column_51 Column_52 Column_53 Column_54 Column_55 Column_56 Column_57 Column_58 Column_59 Column_60 Column_61 Column_62 Column_63 Column_64 Column_65
feature_infos=[17.664898911348629:79.605612722551768] [-0.0026705372199488319:0.0032920708896630605] [4.5331720152283594:89.989843262133306] [0.00049850169582883481:0.015133610262989722] [-0.015292866779937686:0.029466858719682687] [-0.02054829820818771:0.034355151894589486] [-0.022728068950464975:0.036789334496612147] [-0.079291653976105492:0.036750292818270802] [-0.0053370502263596631:0.0078981656556182944] [-0.50801714897000916:1.498419599639973] [0.00098456779830198289:0.080247719934682216] [-0.014747983664087694:0.035289861203910977] [0.00017734364798186212:0.01136058376974348] [0.10305132224678094:12.542189541748133] [9.1496208486352442e-05:0.041756851206781916] [-0.014747983664087709:0.035289861203910915] [-26.835111080440583:25.840590866300545] [-0.0012397399247860417:0.0022076371780068832] [-0.027145831643276219:0.038436381036276668] [-0.031756217448477564:0.035338194486996821] [6.3903492481809154:19.999542847404406] [8.614704468769526:57.90232786170877] [9.0638634830790252:47.546343729769625] [-0.051774025669784507:0.057356137969940546] [-0.014747983664087694:0.035289861203910977] [-0.014747983664087694:0.015933497090040216] [-0.014747983664087694:0.01413337295909245] [-0.015090699236851579:0.01413337295909245] [26.552216468370872:73.013108502504821] [-0.02784824355566895:0.098314755926734998] [0.00026409617465233536:0.013628346861669029] [-0.014747983664087694:0.015933497090040216] [-0.014747983664087694:0.01413337295909245] [-0.015090699236851579:0.01413337295909245] [-0.016023350011913351:0.01413337295909245] [-0.016023350011913351:0.01413337295909245] [0.10305132224678094:12.542189541748133] [0.10305132224678094:7.1294039050733735] [0.10305132224678094:7.0908401991406587] [21.577244430420379:77.872277680773337] [-0.0022186573575385341:0.0032920708896630605] [-0.50801714897000916:1.498419599639973] [24.041096337208671:76.483928101454666] [-0.0019923172461094353:0.0032920708896630605] [-0.50801714897000916:1.4074918137745847] [42497.779999999999:61744.023000000001] [-0.00016191999999999999:0.0001] [5:61] [42497.779999999999:61744.023000000001] [-0.00016191999999999999:0.0001] [5:61] [42497.779999999999:61744.023000000001] [-0.00016191999999999999:0.0001] [5:61] [-0.028736071893000426:0.040730339218789213] [-0.00010768:0.00013187999999999999] [-3235.2153859999999:1721.5920160000005] [-3725.9474110000001:3073.7230559999998] [-0.028736071893000426:0.040730339218789213] [-0.00010768:0.00013187999999999999] [-3235.2153859999999:2091.8999749999998] [-3725.9474110000001:3073.7230559999998] [-0.025313933797602051:0.040730339218789213] [-0.00014303999999999999:0.00013187999999999999] [-1135.3105719999996:2091.8999749999998] [-3407.0950990000006:3073.7230559999998]
tree_sizes=970 971 972 1016 1024 1022 1012 1022 1023 1014 1026 1026 1014 1029 1023 1017 1019 1022 1016 1032 1021 1015 1014 1024 1012 1019 1024 1011 1031 1027 1017 1026 1016 1017 1023 1019 1013 1021 1023 1007 1023 1015 1016 1028 1011 1011 1020 1025 1014 1032 1019 1006 1020 1020 1012 1019 1020 1008 1027 1026 1012 1025 1022 1004 1018 1010 1008 1020 1023 1008 1026 1021 1010 1018 1022 1007 1026 1021 1006 1030 1022 1004 1027 1022 1014 1023 1020 1011 1023 1013 1019 1028 1022 1008 1027 1021 1023 1018 1021 1010 1019 1016 1010 1028 1024 1021 1022 1021 1015 1019 1024 1007 1030 1025 1032 1020 1022 1014 1021 1020 1018 1026 1017 1017 1019 1023 1009 1017 1021 1021 1021 1017 1028 1027 1029 1010 1022 1018 1022 1030 1021 1014 1023 1026 1019 1028 1021 1020 1024 1026 914 1030 1017 1024 1023 1018 1017 1013 1023 1026 1026 1032 1011 1022 1021 1012 1033 1028 917 1033 1038 1021 1023 1028 1017 917 1027 1019 1030 1024 1009 1022 1030 1015 1022 1024 1022 1020 1021 1015 1022 1031 1024 1027 1023 1026 1025 1023 1011 1019 1028 1013 1021 1027 1020 1025 1028 1018 1027 1018 1020 1018 1027 913 1031 1022 1018 1023 1024 1015 1028 1019 1019 1018 1019 918 1029 1028 1017 1026 1019 1014 1026 1020 913 1024 1033 694 1027 1013 922 1027 1024 694 1024 1028 699 1025 1027 921 1020 1029 917 1031 1028 1015 1027 1026 701 1025 1018 690 917 1028 919 1028 1023 695 1024 1029 692 920 1034 700 1028 1029 699 1023 1028 1014 1025 1023 690 1030 1025 906 1029 1020 700 925 1034 797 1027 1022 696 1022 1021 702 1027 1036 804 1024 1021 925 922 1021 699 1027 1028 688 1028 1014 913 1026 1021 695 1024 1034 686 920 1023 695 1032 1021 1027 918 1017 797 1030 1025 584 1036 1030 1023 909 1010 804 1028 1036 692 1019 1026 687 1032 1032 804 1029 1014 702 917 1034 690 1028 1031 924 917 1033 697 1030 1022 692 1024 1012 915 1026 1019 799 1035 1030 1022 1023 1013 698 1029 1025 693 915 1030 804 1029 1029 700 1029 1018 925 1027 918 913 1026 1025 688 914 1032 912 916 1030 686 1027 1016 697 1029 911 1021 916 1030 911 1025 914 593 1019 1032 800 911 804 909 1025 918 795 916 803 592 918 913 1029 1029 805 1019 1027 1038 792 1026 1025

Tree=0
num_leaves=8
num_cat=0
split_feature=51 37 57 10 22 8 42
split_gain=29.6762 22.9112 16.8598 14.9575 13.3203 11.2651 7.36503
threshold=54828.661000000007 0.63231061996470472 425.05097700000016 0.0050484148987256375 24.592616113879902 -0.00086282663125347703 43.494217558802909
decision_type=2 2 2 2 2 2 2
left_child=1 2 -1 -3 5 -2 -6
right_child=4 3 -4 -5 6 -7 -8
leaf_value=-1.1000869400267992 -1.1027928326389846 -1.1001105638738993 -1.1058238607479296 -1.0976515440454497 -1.0958360656786261 -1.0948749702572074 -1.0852923276415603
leaf_weight=548.38995012640953 22.297456830739975 352.18294027447701 60.919472962617874 1066.5474108159542 10.476076215505598 139.90955969691277 21.943839222192764
leaf_count=1608 62 1026 161 3249 33 448 81
internal_value=-1.09861 -1.09898 -1.10066 -1.09826 -1.09475 -1.09596 -1.0887
internal_weight=2222.67 2028.04 609.309 1418.73 194.627 162.207 32.4199
internal_count=6668 6044 1769 4275 624 510 114
is_linear=0
shrinkage=1


Tree=1
num_leaves=8
num_cat=0
split_feature=36 7 13 10 0 56 54
split_gain=79.5793 27.2121 21.0753 20.9858 20.6762 14.6782 11.4384
threshold=0.65556881127166389 0.00044179829381840735 0.64837212640260822 0.005659148949516986 42.49362816139746 108.05601300000019 0.0013330546713977711
decision_type=2 2 2 2 2 2 2
left_child=2 4 3 -1 -2 -3 -4
right_child=1 5 6 -5 -6 -7 -8
leaf_value=-1.0983987361520722 -1.1018587155026547 -1.1004821375010791 -1.0970337238276511 -1.0927451686341187 -1.0978863746896148 -1.103800643207113 -1.1034471310776206
leaf_weight=92.521242529153824 177.17795388400555 463.93597692251205 284.70653001964092 292.25139425694942 672.82695586979389 206.00669218599796 33.239915609359741
leaf_count=273 544 1399 842 850 2028 631 101
internal_value=-1.09861 -1.09994 -1.09573 -1.0941 -1.09871 -1.1015 -1.0977
internal_weight=2222.67 1519.95 702.719 384.773 850.005 669.943 317.946
internal_count=6668 4602 2066 1123 2572 2030 943
is_linear=0
shrinkage=1


Tree=2
num_leaves=8
num_cat=0
split_feature=21 3 36 48 10 43 17
split_gain=40.2766 28.3297 23.2698 20.2754 18.859 10.8218 4.90763
threshold=29.233308698724425 0.0019720161663027663 0.44134895202810559 54815.039000000012 0.0058124485400900252 -0.00027574878149098605 3.6289598283456215e-05
decision_type=2 2 2 2 2 2 2
left_child=1 3 -3 -1 6 -6 -2
right_child=4 2 -4 -5 5 -7 -8
leaf_value=-1.0967567981702271 -1.0794336636597954 -1.1038121985231024 -1.0992854083738404 -1.1075964096931654 -1.082954003705197 -1.0965584168202389 -1.0882772006327233
leaf_weight=616.17554683983326 10.097783237695696 133.50686967372894 1356.1791397184134 19.040241718292236 6.9785687476396552 60.631730586290359 20.056780755519867
leaf_count=1805 25 393 4117 67 18 185 58
internal_value=-1.09861 -1.09891 -1.09969 -1.09708 -1.09212 -1.09515 -1.08532
internal_weight=2222.67 2124.9 1489.69 635.216 97.7649 67.6103 30.1546
internal_count=6668 6382 4510 1872 286 203 83
is_linear=0
shrinkage=1


Tree=3
num_leaves=8
num_cat=0
split_feature=51 37 57 30 22 10 11
split_gain=29.1738 22.5297 16.7011 14.8203 13.0164 11.1023 5.67117
threshold=54828.661000000007 0.63231061996470472 425.05097700000016 0.00076832673421953852 24.592616113879902 0.0063910525304908226 -0.0021714894055344098
decision_type=2 2 2 2 2 2 2
left_child=1 2 -1 -3 5 -2 -6
right_child=4 3 -4 -5 6 -7 -8
leaf_value=-0.001461735344456734 0.0091405713671653208 -0.002367896573405181 -0.0071781999769123693 0.00075861109889191264 0.017373003966646376 0.0015026265976646456 0.0073335337923956662
leaf_weight=548.02009135484695 23.881842479109764 186.88986580073833 60.76771804690361 1232.0732415318489 7.9781192392110816 138.48325997591019 24.566737979650497
leaf_count=1608 83 536 161 3739 31 427 83
internal_value=5.67303e-09 -0.000367469 -0.00203234 0.000346823 0.00382303 0.00262607 0.00979463
internal_weight=2222.66 2027.75 608.788 1418.96 194.91 162.365 32.5449
internal_count=6668 6044 1769 4275 624 510 114
is_linear=0
shrinkage=0.0103456


Tree=4
num_leaves=8
num_cat=0
split_feature=36 7 13 1 13 56 54
split_gain=78.1596 26.8597 20.6394 20.5682 20.2436 14.5094 11.2924
threshold=0.65556881127166389 0.00044179829381840735 0.64837212640260822 0.00035996205556293475 1.3752819022496729 108.05601300000019 0.0013330546713977711
decision_type=2 2 2 2 2 2 2
left_child=2 4 3 -1 -2 -3 -4
right_child=1 5 6 -5 -6 -7 -8
leaf_value=0.0055105087472110455 0.00069043278976705432 -0.0018561189880806673 0.001565317072637692 -0.00097726524499032442 -0.0033265315542166858 -0.0051581035950729864 -0.0048111030857550131
leaf_weight=323.09048545360565 682.7474944293499 463.59655809402466 284.87541146576405 62.404195785522461 167.15267360210419 205.60293555259705 33.189962118864059
leaf_count=935 2060 1399 842 188 512 631 101
internal_value=-5.16976e-09 -0.00132029 0.00285071 0.00446026 -9.95969e-05 -0.00287061 0.000899941
internal_weight=2222.66 1519.1 703.56 385.495 849.9 669.199 318.065
internal_count=6668 4602 2066 1123 2572 2030 943
is_linear=0
shrinkage=0.0103456


Tree=5
num_leaves=8
num_cat=0
split_feature=21 30 6 48 19 34 34
split_gain=39.5282 34.3808 24.1902 21.7888 18.8568 11.3968 6.98944
threshold=29.233308698724425 0.0020189523533601654 0.0022163236345799091 47232.369500000008 0.0040149562044663476 -0.00051314010321573667 -0.0010587308972613838
decision_type=2 2 2 2 2 2 2
left_child=1 3 -3 -1 5 -2 -6
right_child=4 2 -4 -5 6 -7 -8
leaf_value=0.0045434832404566469 0.00061177697559603264 -0.00090630488257265334 -0.0050856570345274056 0.00021066580211233517 0.010581319235366189 0.014126489612240561 0.00073220570956306649
leaf_weight=137.54120875895023 8.2592862844467145 491.90169318020344 212.16288022696972 1283.0420562177896 9.282661706209181 34.895024195313454 45.575350239872932
leaf_count=411 25 1481 650 3840 26 94 141
internal_value=-4.10884e-10 -0.000296327 -0.00216571 0.00063017 0.00642358 0.0115399 0.0023988
internal_weight=2222.66 2124.65 704.065 1420.58 98.0123 43.1543 54.858
internal_count=6668 6382 2131 4251 286 119 167
is_linear=0
shrinkage=0.0103456


Tree=6
num_leaves=8
num_cat=0
split_feature=51 37 57 30 3 47 3
split_gain=28.7156 22.1404 16.5617 14.5619 11.5565 10.6254 9.70276
threshold=54828.661000000007 0.63231061996470472 425.05097700000016 0.00076832673421953852 0.0020504004923216101 11.500000000000002 0.0015678292484795563
decision_type=2 2 2 2 2 2 2
left_child=1 2 -1 -3 6 -6 -2
right_child=4 3 -4 -5 5 -7 -8
leaf_value=-0.0014482376983651392 0.0050779889346128509 -0.0023496139318607222 -0.0071470400569134344 0.00075080489450505769 0.0084994609374315459 0.001724126018203876 0.019058432638542459
leaf_weight=547.63312074542046 12.819796144962313 186.70194512605667 60.6246168166399 1232.5189572572708 29.951211869716644 143.32292392849922 9.0743101537227613
leaf_count=1608 42 536 161 3739 103 443 36
internal_value=1.40051e-08 -0.00036483 -0.00201623 0.000342937 0.00379015 0.00289527 0.0108724
internal_weight=2222.65 2027.48 608.258 1419.22 195.168 173.274 21.8941
internal_count=6668 6044 1769 4275 624 546 78
is_linear=0
shrinkage=0.0103456


Tree=7
num_leaves=8
num_cat=0
split_feature=36 7 0 13 10 56 54
split_gain=76.8332 26.5123 20.2982 20.2276 20.5426 14.3481 11.1531
threshold=0.65556881127166389 0.00044179829381840735 42.49362816139746 0.64837212640260822 0.005659148949516986 108.05601300000019 0.0013330546713977711
decision_type=2 2 2 2 2 2 2
left_child=3 2 -2 4 -1 -3 -5
right_child=1 5 -4 6 -6 -7 -8
leaf_value=0.0001702536671206646 -0.0032164062109293354 -0.0018427865617201594 0.00072208125592444522 0.0015530680856659991 0.0057566477164790698 -0.005128897345401724 -0.0047879308554978255
leaf_weight=92.712283715605736 176.87161114811897 463.26644504070282 672.9454341083765 285.03140752017498 293.46296073496342 205.2104560136795 33.140941813588142
leaf_count=273 544 1399 2028 842 850 631 101
internal_value=-1.35304e-08 -0.00131014 -9.76324e-05 0.00282409 0.00441548 -0.00285156 0.000892587
internal_weight=2222.64 1518.29 849.817 704.348 386.175 668.477 318.172
internal_count=6668 4602 2572 2066 1123 2030 943
is_linear=0
shrinkage=0.0103456


Tree=8
num_leaves=8
num_cat=0
split_feature=21 30 6 20 19 34 34
split_gain=38.7537 33.8947 23.9542 23.0141 18.4695 11.1329 6.86153
threshold=29.233308698724425 0.0020189523533601654 0.0022163236345799091 10.562561282636231 0.0040149562044663476 -0.00051314010321573667 -0.0010587308972613838
decision_type=2 2 2 2 2 2 2
left_child=1 3 -3 -1 5 -2 -6
right_child=4 2 -4 -5 6 -7 -8
leaf_value=-0.00358613381747606 0.00059892514276080626 -0.00089802777677113355 -0.0050596521252311037 0.0010373125273774888 0.010457013824244172 0.013946547623464084 0.00071505289934568038
leaf_weight=126.4942320138216 8.2641945630311948 491.69422191381454 211.80651685595512 1294.3828592598438 9.3193188011646253 35.073237389326096 45.611528426408768
leaf_count=390 25 1481 650 3861 26 94 141
internal_value=-4.22678e-10 -0.000293812 -0.00215099 0.000625708 0.00635166 0.0114012 0.00236783
internal_weight=2222.65 2124.38 703.501 1420.88 98.2683 43.3374 54.9308
internal_count=6668 6382 2131 4251 286 119 167
is_linear=0
shrinkage=0.0103456


Tree=9
num_leaves=8
num_cat=0
split_feature=51 37 57 30 22 10 42
split_gain=28.2919 21.754 16.4088 14.3058 12.6987 10.837 7.16915
threshold=54828.661000000007 0.63231061996470472 425.05097700000016 0.00076832673421953852 24.592616113879902 0.0063910525304908226 43.494217558802909
decision_type=2 2 2 2 2 2 2
left_child=1 2 -1 -3 5 -2 -6
right_child=4 3 -4 -5 6 -7 -8
leaf_value=-0.0014351673409854766 0.0089964716806604592 -0.0023314739571578601 -0.0071142303704241211 0.00074282336710106448 0.0026202367923056427 0.0014665748475974265 0.012983253593856716
leaf_weight=547.25703330338001 23.996143892407417 186.51471668481827 60.472328126430511 1232.9727906137705 10.545201033353804 138.70647060871124 22.160317942500114
leaf_count=1608 83 536 161 3739 33 427 81
internal_value=2.48813e-08 -0.000362365 -0.00200026 0.000338874 0.00375956 0.00257712 0.00964192
internal_weight=2222.63 2027.22 607.729 1419.49 195.408 162.703 32.7055
internal_count=6668 6044 1769 4275 624 510 114
is_linear=0
shrinkage=0.0103456


Tree=10
num_leaves=8
num_cat=0
split_feature=36 7 40 46 0 13 56
split_gain=75.5438 26.1758 20.1385 21.7072 20.0128 17.2966 14.191
threshold=0.65556881127166389 0.00044179829381840735 -0.00013237950013021804 1.5185000000000003e-05 42.49362816139746 0.58615803966702906 108.05601300000019
decision_type=2 2 2 2 2 2 2
left_child=2 4 5 -4 -2 -1 -3
right_child=1 6 3 -5 -6 -7 -8
leaf_value=0.0079883587602270073 -0.0031948190829605909 -0.0018297393163754464 -0.00084066031742244848 0.0037095052848869084 0.00071773860846311983 0.0025987628709762908 -0.0051003025433499685
leaf_weight=119.47352358698845 176.65082147717476 462.94238890707493 220.24610449373722 228.7895545810461 673.08037611842155 136.6038494259119 204.82331630587578
leaf_count=342 544 1399 652 666 2028 406 631
internal_value=-2.43551e-08 -0.00130017 0.00279805 0.00147771 -9.56439e-05 0.00511329 -0.00283292
internal_weight=2222.61 1517.5 705.113 449.036 849.731 256.077 667.766
internal_count=6668 4602 2066 1318 2572 748 2030
is_linear=0
shrinkage=0.0103456


Tree=11
num_leaves=8
num_cat=0
split_feature=21 30 6 20 19 34 34
split_gain=38.0283 33.3608 23.7076 22.7149 18.0996 10.8796 6.73911
threshold=29.233308698724425 0.0020189523533601654 0.0022163236345799091 10.562561282636231 0.0040149562044663476 -0.00051314010321573667 -0.0010587308972613838
decision_type=2 2 2 2 2 2 2
left_child=1 3 -3 -1 5 -2 -6
right_child=4 2 -4 -5 6 -7 -8
leaf_value=-0.0035666729844721743 0.00058900302634740294 -0.00088885532151349543 -0.0050319126873466409 0.0010289318167177584 0.010339345859149343 0.013775486854406197 0.00070007964379577975
leaf_weight=126.35007074475288 8.2679740190505964 491.46359765529633 211.42376230657101 1294.8773359805346 9.353898733854292 35.242086350917816 45.642960652709007
leaf_count=390 25 1481 650 3861 26 94 141
internal_value=-5.30677e-10 -0.000291423 -0.00213506 0.000620373 0.00628396 0.0112697 0.00233953
internal_weight=2222.62 2124.11 702.887 1421.23 98.5069 43.5101 54.9969
internal_count=6668 6382 2131 4251 286 119 167
is_linear=0
shrinkage=0.0103456


Tree=12
num_leaves=8
num_cat=0
split_feature=51 37 10 61 22 8 42
split_gain=27.8752 21.3863 14.049 13.6404 12.4404 11.0258 7.01904
threshold=54828.661000000007 0.63231061996470472 0.0050484148987256375 629.52508900000009 24.592616113879902 -0.00086282663125347703 43.494217558802909
decision_type=2 2 2 2 2 2 2
left_child=1 3 -3 -1 5 -2 -6
right_child=4 2 -4 -5 6 -7 -8
leaf_value=-0.0016200945112485852 -0.0041965808907289664 -0.0014591816417767692 0.00092536013562004998 -0.0085765780628054757 0.0025936006957822054 0.0036311824239239768 0.012836712929518244
leaf_weight=575.3784718811512 22.318834021687508 351.45705156028271 1068.2767866104841 31.838470190763474 10.556937053799627 140.51275452971458 22.254148975014687
leaf_count=1687 62 1026 3249 82 33 448 81
internal_value=3.76582e-08 -0.000359916 0.000335064 -0.00198485 0.00372933 0.00255825 0.009541
internal_weight=2222.59 2026.95 1419.73 607.217 195.643 162.832 32.8111
internal_count=6668 6044 4275 1769 624 510 114
is_linear=0
shrinkage=0.0103456


Tree=13
num_leaves=8
num_cat=0
split_feature=36 7 40 49 29 56 50
split_gain=74.2712 25.8795 19.7969 21.7286 17.7444 13.2385 9.30253
threshold=0.65556881127166389 0.0038059716505419732 -0.00013237950013021804 1.3165000000000002e-05 0.0085814459464383947 123.03860100000016 11.500000000000002
decision_type=2 2 2 2 2 2 2
left_child=2 4 6 -4 -2 -3 -1
right_child=1 5 3 -5 -6 -7 -8
leaf_value=0.0007288889987358293 -0.00068073303100614274 -0.0021565428955382555 -0.00094104573275499779 0.0036159870282275724 0.0057193884058885395 -0.0059257590193324021 0.0059601322562687726
leaf_weight=43.893533021211624 996.93570838868618 327.77621413767338 212.28555515408516 237.04096162319183 48.627636045217514 143.35662883520126 212.65246321260929
leaf_count=134 3010 1004 631 687 148 440 614
internal_value=-4.05322e-08 -0.00129023 0.00277217 0.001463 -0.000383073 -0.00330344 0.0050651
internal_weight=2222.57 1516.7 705.873 449.327 1045.56 471.133 256.546
internal_count=6668 4602 2066 1318 3158 1444 748
is_linear=0
shrinkage=0.0103456


Tree=14
num_leaves=8
num_cat=0
split_feature=30 28 20 6 20 1 1
split_gain=37.2172 27.8602 22.2625 15.8221 15.4703 14.1435 10.8012
threshold=0.0020189523533601654 56.762725192695051 10.32724018559122 0.0022163236345799091 14.436984895361052 0.00039289945419890732 0.00028655538485923982
decision_type=2 2 2 2 2 2 2
left_child=1 2 -1 6 -3 -5 -2
right_child=3 4 -4 5 -6 -7 -8
leaf_value=-0.0039421102574830457 -0.0016291297900844273 -0.0018034588173643337 0.00091594917558365579 -0.0063639261763238355 0.0077493010954261306 -0.0012717939134443662 0.0021875942381437289
leaf_weight=109.6873974353075 393.43999134004116 22.643074780702591 1269.3483289331198 132.10144178569317 91.337845250964165 104.6150816231966 99.413569107651711
leaf_count=339 1195 74 3784 409 261 315 291
internal_value=2.89994e-09 0.000935842 0.000529543 -0.00191513 0.00585158 -0.0041135 -0.000859258
internal_weight=2222.59 1493.02 1379.04 729.57 113.981 236.717 492.854
internal_count=6668 4458 4123 2210 335 724 1486
is_linear=0
shrinkage=0.0103456


Tree=15
num_leaves=8
num_cat=0
split_feature=48 37 57 30 22 8 42
split_gain=25.3845 21.2329 16.2254 13.5502 11.5633 11.2464 6.24612
threshold=54815.039000000012 0.63231061996470472 425.05097700000016 0.00076832673421953852 24.592616113879902 -0.00086282663125347703 43.494217558802909
decision_type=2 2 2 2 2 2 2
left_child=1 2 -1 -3 5 -2 -6
right_child=4 3 -4 -5 6 -7 -8
leaf_value=-0.001402749423207373 -0.0044507365624868083 -0.0022546002027129431 -0.0070611241945185716 0.00074042639851303082 0.0025720090462908155 0.0034951082026180962 0.012215821918609085
leaf_weight=546.11308573186398 22.041092693805695 186.06169846653938 60.222185105085373 1233.8442550748587 10.566430911421774 141.22633205354214 22.48435740172863
leaf_count=1607 61 536 161 3740 33 449 81
internal_value=5.58127e-08 -0.000344095 -0.00196475 0.000347964 0.00355211 0.00242242 0.00913267
internal_weight=2222.56 2026.24 606.335 1419.91 196.318 163.267 33.0508
internal_count=6668 6044 1768 4276 624 510 114
is_linear=0
shrinkage=0.0103456


Tree=16
num_leaves=8
num_cat=0
split_feature=13 13 3 38 10 36 21
split_gain=73.2144 31.0884 19.984 16.775 17.6211 11.8418 6.06226
threshold=0.59674034826330924 1.3752819022496729 0.0045622370455886676 0.6606860586696478 0.0056178357222305625 0.63754641383071975 29.519266192018861
decision_type=2 2 2 2 2 2 2
left_child=3 2 -2 4 -1 -5 -3
right_child=1 6 -4 5 -6 -7 -8
leaf_value=0.00053678525332437647 -0.00077883970951448409 -0.0032330250107220205 0.0033135215144475057 0.0036862157055965912 0.006489704130632875 -0.00084014258205940512 -0.0070302726014182344
leaf_weight=70.484480798244476 1195.9928654134274 295.00575831532478 142.98589968681335 120.32336872816086 217.30286471545696 127.32935310900211 53.099632099270821
leaf_count=206 3611 906 425 350 621 389 160
internal_value=-6.13518e-08 -0.0010579 -0.000341828 0.00333301 0.00503172 0.00135901 -0.00381225
internal_weight=2222.52 1687.08 1338.98 535.44 287.787 247.653 348.105
internal_count=6668 5102 4036 1566 827 739 1066
is_linear=0
shrinkage=0.0103456


Tree=17
num_leaves=8
num_cat=0
split_feature=21 30 28 20 19 34 34
split_gain=36.9419 32.3796 23.0525 22.1069 17.7144 10.5871 6.6376
threshold=29.233308698724425 0.0020189523533601654 52.111365113415857 10.562561282636231 0.0040149562044663476 -0.00051314010321573667 -0.0010587308972613838
decision_type=2 2 2 2 2 2 2
left_child=1 3 -3 -1 5 -2 -6
right_child=4 2 -4 -5 6 -7 -8
leaf_value=-0.0035264506679450187 0.00056382458280076369 -0.00087979918666716156 -0.0049731040909405753 0.0010119827260160086 0.010202405416575151 0.013558305587720906 0.00065463000429514455
leaf_weight=126.05014680325985 8.2775048613548261 491.51183989644051 210.25305627286434 1295.8731805086136 9.3939262777566892 35.45529268682003 45.737820699810982
leaf_count=390 25 1485 646 3861 26 94 141
internal_value=5.55483e-09 -0.000287778 -0.00210618 0.000609661 0.00618182 0.0110988 0.00228148
internal_weight=2222.55 2123.69 701.765 1421.92 98.8645 43.7328 55.1317
internal_count=6668 6382 2131 4251 286 119 167
is_linear=0
shrinkage=0.0103456


Tree=18
num_leaves=8
num_cat=0
split_feature=51 37 57 10 22 8 42
split_gain=27.1006 20.6801 16.0301 13.675 11.9695 10.7158 6.73852
threshold=54828.661000000007 0.63231061996470472 425.05097700000016 0.0050484148987256375 24.592616113879902 -0.00086282663125347703 43.494217558802909
decision_type=2 2 2 2 2 2 2
left_child=1 2 -1 -3 5 -2 -6
right_child=4 3 -4 -5 6 -7 -8
leaf_value=-0.0013970385734219247 -0.0041484976664256604 -0.0014437312897483908 -0.007027907584431687 0.00090937587417286498 0.0025475176912749631 0.0035770260728807905 0.012564863915897614
leaf_weight=546.15438948571682 22.253667071461678 351.16724614799023 60.063983470201492 1069.053307980299 10.577181473374365 140.81971478462219 22.427216023206711
leaf_count=1608 62 1026 161 3249 33 448 81
internal_value=8.74013e-08 -0.000355275 -0.00195494 0.000327541 0.00367271 0.00252277 0.00935453
internal_weight=2222.52 2026.44 606.218 1420.22 196.078 163.073 33.0044
internal_count=6668 6044 1769 4275 624 510 114
is_linear=0
shrinkage=0.0103456


Tree=19
num_leaves=8
num_cat=0
split_feature=36 7 40 49 29 56 50
split_gain=72.1497 25.5455 19.3754 21.3252 17.3689 13.0518 9.11957
threshold=0.65556881127166389 0.0038059716505419732 -0.00013237950013021804 1.3165000000000002e-05 0.0085814459464383947 123.03860100000016 11.500000000000002
decision_type=2 2 2 2 2 2 2
left_child=2 4 6 -4 -2 -3 -1
right_child=1 5 3 -5 -6 -7 -8
leaf_value=0.00070195066911533065 -0.00066727845535312108 -0.0021369935330437418 -0.00094848052908264166 0.0035634102005807993 0.0056579289077200671 -0.0058840516705681908 0.0058775876027836833
leaf_weight=43.946280792355537 996.24798895418644 327.42059335112572 212.35942767560482 237.53798815608025 48.739337921142578 142.9283555150032 213.2922360599041
leaf_count=134 3010 1004 631 687 148 440 614
internal_value=-8.37799e-08 -0.00127345 0.00272864 0.00143372 -0.000372264 -0.00327564 0.00499339
internal_weight=2222.47 1515.34 707.136 449.897 1044.99 470.349 257.239
internal_count=6668 4602 2066 1318 3158 1444 748
is_linear=0
shrinkage=0.0103456


Tree=20
num_leaves=8
num_cat=0
split_feature=21 30 6 20 19 34 34
split_gain=36.1714 31.7963 23.0151 21.8333 17.3467 10.3385 6.52151
threshold=29.233308698724425 0.0020189523533601654 0.0022163236345799091 10.562561282636231 0.0040149562044663476 -0.00051314010321573667 -0.0010587308972613838
decision_type=2 2 2 2 2 2 2
left_child=1 3 -3 -1 5 -2 -6
right_child=4 2 -4 -5 6 -7 -8
leaf_value=-0.0035091489588056912 0.00055033624722963922 -0.00086129831308317314 -0.00495186075149144 0.0010031481435829319 0.01008406530708608 0.01338226921141788 0.00063523261017943303
leaf_weight=125.92056825757027 8.2826150804758054 490.76619955897331 210.30484394729137 1296.392772808671 9.4284047335386258 35.627263993024826 45.778256714344025
leaf_count=390 25 1481 650 3861 26 94 141
internal_value=-3.63468e-09 -0.000285156 -0.00208837 0.000603664 0.00610885 0.0109618 0.00224894
internal_weight=2222.5 2123.38 701.071 1422.31 99.1165 43.9099 55.2067
internal_count=6668 6382 2131 4251 286 119 167
is_linear=0
shrinkage=0.0103456


Tree=21
num_leaves=8
num_cat=0
split_feature=51 36 30 22 8 28 42
split_gain=26.7038 17.761 14.5793 11.7501 10.5589 9.87426 6.59964
threshold=54828.661000000007 0.65909197381001816 0.00076832673421953852 24.592616113879902 -0.00086282663125347703 55.785773227995136 43.494217558802909
decision_type=2 2 2 2 2 2 2
left_child=1 5 -3 4 -2 -1 -5
right_child=3 2 -4 6 -6 -7 -8
leaf_value=-0.0021293198422004164 -0.0041246560891265429 -0.0024312907726276698 0.00072059073980949926 0.0025273269977339084 0.0035483597517624835 0.0028144379451610071 0.012432165629480135
leaf_weight=597.58033166825771 22.221116095781326 180.70546877384186 1201.2624889910221 10.586029991507528 140.98152749240398 46.615021541714668 22.511138051748276
leaf_count=1740 62 519 3638 33 448 147 81
internal_value=1.08792e-07 -0.000352871 0.000308452 0.00364348 0.00250363 -0.00177158 0.00926413
internal_weight=2222.46 2026.16 1381.97 196.3 163.203 644.195 33.0972
internal_count=6668 6044 4157 624 510 1887 114
is_linear=0
shrinkage=0.0103456


Tree=22
num_leaves=8
num_cat=0
split_feature=13 13 3 38 10 46 21
split_gain=71.3287 30.4818 19.5584 16.2925 17.214 11.562 5.90306
threshold=0.59674034826330924 1.3752819022496729 0.0045622370455886676 0.6606860586696478 0.0056178357222305625 9.4780000000000024e-05 29.519266192018861
decision_type=2 2 2 2 2 2 2
left_child=3 2 -2 4 -1 -5 -3
right_child=1 6 -4 5 -6 -7 -8
leaf_value=0.0005146987693653419 -0.00076982672867748948 -0.0032054061977108803 0.0032760618880690829 0.00185434834185341 0.006393793312382893 -0.0083695924860136082 -0.0069616132838927211
leaf_weight=70.554899126291275 1195.416912779212 294.52434939146042 143.20528356730938 235.38502125442028 218.0429662168026 12.465909808874128 52.810416877269745
leaf_count=206 3611 906 425 702 621 37 160
internal_value=-1.0933e-07 -0.0010456 -0.000336999 0.00328566 0.0049565 0.00134013 -0.00377652
internal_weight=2222.41 1685.96 1338.62 536.449 288.598 247.851 347.335
internal_count=6668 5102 4036 1566 827 739 1066
is_linear=0
shrinkage=0.0103456


Tree=23
num_leaves=8
num_cat=0
split_feature=21 30 6 20 10 46 17
split_gain=35.5243 31.3097 22.7722 21.5484 16.7394 8.74197 4.52288
threshold=29.233308698724425 0.0020189523533601654 0.0022163236345799091 10.562561282636231 0.0058124485400900252 -1.5139999999999999e-05 3.6289598283456215e-05
decision_type=2 2 2 2 2 2 2
left_child=1 3 -3 -1 6 -6 -2
right_child=4 2 -4 -5 5 -7 -8
leaf_value=-0.0034898552468751406 0.017909702589897866 -0.00085310021907433525 -0.0049248709722609189 0.00099519293191182071 0.0091065000638322971 0.00087498774165606385 0.0095421202692532701
leaf_weight=125.77545426785946 10.417041391134264 490.55674375593662 209.92278617620468 1296.8573916405439 19.205886170268059 49.142883509397507 20.560287162661552
leaf_count=390 25 1481 650 3861 54 149 58
internal_value=5.17263e-10 -0.000282911 -0.00207335 0.000598668 0.00604728 0.00318803 0.012356
internal_weight=2222.44 2123.11 700.48 1422.63 99.3261 68.3488 30.9773
internal_count=6668 6382 2131 4251 286 203 83
is_linear=0
shrinkage=0.0103456


Tree=24
num_leaves=8
num_cat=0
split_feature=51 37 61 10 22 10 42
split_gain=26.3274 20.1795 13.3623 13.2987 11.5198 10.5173 6.46706
threshold=54828.661000000007 0.63231061996470472 629.52508900000009 0.0050484148987256375 24.592616113879902 0.0063910525304908226 43.494217558802909
decision_type=2 2 2 2 2 2 2
left_child=1 2 -1 -3 5 -2 -6
right_child=4 3 -4 -5 6 -7 -8
leaf_value=-0.0015715693772930886 0.0087870433706807877 -0.0014244242273186304 -0.008484460852732429 0.00089682635747459721 0.0025036079260686056 0.0013924555209345361 0.012299386359319106
leaf_weight=573.87188218533993 24.161284297704697 350.80257426202297 31.574598088860512 1069.6541377753019 10.596397206187246 139.15692830085754 22.59466752409935
leaf_count=1687 83 1026 82 3249 33 427 81
internal_value=1.50861e-07 -0.000350545 -0.00193208 0.00032356 0.00361564 0.00248641 0.00917204
internal_weight=2222.41 2025.9 605.446 1420.46 196.509 163.318 33.1911
internal_count=6668 6044 1769 4275 624 510 114
is_linear=0
shrinkage=0.0103456


Tree=25
num_leaves=8
num_cat=0
split_feature=13 13 3 38 7 46 53
split_gain=70.1075 30.0414 19.2264 15.9886 17.2056 11.4112 5.95911
threshold=0.59674034826330924 1.3752819022496729 0.0045622370455886676 0.6606860586696478 -0.014903538913021539 9.4780000000000024e-05 7.5000000000000009
decision_type=2 2 2 2 2 2 2
left_child=3 2 -2 4 -1 -5 -3
right_child=1 6 -4 5 -6 -7 -8
leaf_value=-0.00408646172071338 -0.00076392104576927409 0.0058230364703146026 0.003245272359337878 0.0018371564778736083 0.0056159977433865816 -0.0083339388720498064 -0.0039432772429579431
leaf_weight=21.102626278996468 1195.0505351573229 6.8212217092514029 143.38687674701214 235.55967617034912 268.02005498111248 12.429133206605909 339.96785047650337
leaf_count=63 3611 19 425 702 764 37 1047
internal_value=-1.44332e-07 -0.00103752 -0.000334416 0.00325471 0.00490783 0.00132738 -0.00375118
internal_weight=2222.34 1685.23 1338.44 537.111 289.123 247.989 346.789
internal_count=6668 5102 4036 1566 827 739 1066
is_linear=0
shrinkage=0.0103456


Tree=26
num_leaves=8
num_cat=0
split_feature=21 30 6 20 19 34 34
split_gain=34.8057 30.7226 22.498 21.2821 16.753 9.9914 6.40634
threshold=29.233308698724425 0.0020189523533601654 0.0022163236345799091 10.562561282636231 0.0040149562044663476 -0.00051314010321573667 -0.0010587308972613838
decision_type=2 2 2 2 2 2 2
left_child=1 3 -3 -1 5 -2 -6
right_child=4 2 -4 -5 6 -7 -8
leaf_value=-0.0034731002739639485 0.00049848301129933156 -0.00084272648989773124 -0.0048932631906431984 0.0009861008267832603 0.0099315148929072401 0.013091809076074485 0.00058638610678850777
leaf_weight=125.6493908315897 8.3021516948938352 490.29366838932037 209.47495687007904 1297.3916783928871 9.4725900590419752 35.907958447933197 45.879629790782928
leaf_count=390 25 1481 650 3861 26 94 141
internal_value=-6.53372e-09 -0.000280399 -0.00205525 0.000592369 0.00597836 0.0107269 0.00218565
internal_weight=2222.37 2122.81 699.769 1423.04 99.5623 44.2101 55.3522
internal_count=6668 6382 2131 4251 286 119 167
is_linear=0
shrinkage=0.0103456


Tree=27
num_leaves=8
num_cat=0
split_feature=51 37 57 30 3 47 3
split_gain=25.9268 19.8414 15.8222 13.1801 10.8692 10.3806 9.38312
threshold=54828.661000000007 0.63231061996470472 425.05097700000016 0.00076832673421953852 0.0020504004923216101 11.500000000000002 0.0015678292484795563
decision_type=2 2 2 2 2 2 2
left_child=1 2 -1 -3 6 -6 -2
right_child=4 3 -4 -5 5 -7 -8
leaf_value=-0.0013631187331672593 0.0047340357442094234 -0.00224996122421786 -0.0069697628105034335 0.00070645695528490755 0.00823216563709726 0.0015637031444591879 0.018379407319938826
leaf_weight=545.16238753497601 12.984538838267328 185.66247074306011 59.78096629679203 1235.0109418183565 30.217394083738327 144.30502614378929 9.2263588607311231
leaf_count=1608 42 536 161 3739 103 443 36
internal_value=1.87903e-07 -0.000348058 -0.00191717 0.000320094 0.00358581 0.0027183 0.0104023
internal_weight=2222.35 2025.62 604.943 1420.67 196.733 174.522 22.2109
internal_count=6668 6044 1769 4275 624 546 78
is_linear=0
shrinkage=0.0103456


Tree=28
num_leaves=8
num_cat=0
split_feature=36 7 13 40 49 13 56
split_gain=69.3742 25.2258 22.4007 18.9493 20.8745 15.8583 12.8521
threshold=0.65556881127166389 0.0038059716505419732 1.3752819022496729 -0.00013237950013021804 1.3165000000000002e-05 0.58615803966702906 123.03860100000016
decision_type=2 2 2 2 2 2 2
left_child=3 2 -2 5 -5 -1 -3
right_child=1 6 -4 4 -6 -7 -8
leaf_value=0.0076383715528196266 0.00040998438139787949 -0.0021132314953428667 -0.0033553759464630402 -0.00096606099900270991 0.0034940696685561517 0.0024989283866998632 -0.0058367937005324817
leaf_weight=120.88948844373226 831.81038704514503 326.97838851809502 212.26011823117733 212.53305615484715 238.18341042101383 137.17681071162224 142.43039222061634
leaf_count=342 2504 1004 654 631 687 406 440
internal_value=-1.78955e-07 -0.00125109 -0.000355515 0.00267092 0.00139092 0.00490647 -0.00324305
internal_weight=2222.26 1513.48 1044.07 708.783 450.716 258.066 469.409
internal_count=6668 4602 3158 2066 1318 748 1444
is_linear=0
shrinkage=0.0103456


Tree=29
num_leaves=8
num_cat=0
split_feature=21 30 6 48 19 34 43
split_gain=34.1609 30.1935 22.2474 21.0941 16.4124 9.77434 6.32623
threshold=29.233308698724425 0.0020189523533601654 0.0022163236345799091 47232.369500000008 0.0040149562044663476 -0.00051314010321573667 -3.8109716468607523e-05
decision_type=2 2 2 2 2 2 2
left_child=1 3 -3 -1 5 -2 -6
right_child=4 2 -4 -5 6 -7 -8
leaf_value=0.0044278393566396833 0.00048784356457473219 -0.00083335413942636966 -0.0048643429196317594 0.00017372618277895351 0.011248214520078598 0.012936356334711888 0.00081663823674289499
leaf_weight=138.16610936820507 8.3061446845531446 490.05482438206673 209.0623033195734 1285.2393391877413 7.1434042602777472 36.057057589292526 48.262988433241844
leaf_count=411 25 1481 650 3840 19 94 148
internal_value=-8.95486e-09 -0.000278104 -0.00203877 0.000586661 0.00591626 0.0106056 0.00216155
internal_weight=2222.29 2122.52 699.117 1423.41 99.7696 44.3632 55.4064
internal_count=6668 6382 2131 4251 286 119 167
is_linear=0
shrinkage=0.0103456


Tree=30
num_leaves=8
num_cat=0
split_feature=51 37 57 30 22 4 42
split_gain=25.5267 19.5054 15.6862 12.9534 11.2455 10.3714 6.32538
threshold=54828.661000000007 0.63231061996470472 425.05097700000016 0.00076832673421953852 24.592616113879902 -0.0025227224820817402 43.494217558802909
decision_type=2 2 2 2 2 2 2
left_child=1 2 -1 -3 5 -2 -6
right_child=4 3 -4 -5 6 -7 -8
leaf_value=-0.0013508158601299221 -0.0060506724146943284 -0.0022326973701181307 -0.0069397155905745172 0.00069937705590774018 0.0024433527896582387 0.0032390645366152972 0.012115318298599962
leaf_weight=544.80134253203869 14.073474526405333 185.48038618266582 59.63365775346756 1235.4037727117538 10.622470468282698 149.55714389681816 22.709385067224503
leaf_count=1608 38 536 161 3739 33 472 81
internal_value=2.16756e-07 -0.000345563 -0.00190222 0.000316628 0.00355579 0.00244008 0.00903298
internal_weight=2222.28 2025.32 604.435 1420.88 196.962 163.631 33.3319
internal_count=6668 6044 1769 4275 624 510 114
is_linear=0
shrinkage=0.0103456


Tree=31
num_leaves=8
num_cat=0
split_feature=36 7 13 40 49 13 3
split_gain=68.208 24.9202 22.0865 18.6421 20.5544 15.5276 12.385
threshold=0.65556881127166389 0.0038059716505419732 1.3752819022496729 -0.00013237950013021804 1.3165000000000002e-05 0.58615803966702906 0.0055976025287232537
decision_type=2 2 2 2 2 2 2
left_child=3 2 -2 5 -5 -1 -3
right_child=1 6 -4 4 -6 -7 -8
leaf_value=0.0075601532536041264 0.00040802282871813504 -0.0034931535655013239 -0.0033328423210643816 -0.00096305561163540301 0.0034616063034156068 0.0024790552936956286 0.0072397650865795443
leaf_weight=121.20290197432041 831.88197982311249 457.02949891984463 211.96931825578213 212.49873903393745 238.48849725723267 137.29033701121807 11.80456882715225
leaf_count=342 2504 1409 654 631 687 406 35
internal_value=-2.14818e-07 -0.00124153 -0.000351615 0.0026464 0.00137677 0.00486149 -0.00322291
internal_weight=2222.17 1512.69 1043.85 709.48 450.987 258.493 468.834
internal_count=6668 4602 3158 2066 1318 748 1444
is_linear=0
shrinkage=0.0103456


Tree=32
num_leaves=8
num_cat=0
split_feature=30 28 48 23 37 9 21
split_gain=33.6276 25.8943 20.1631 14.6996 16.8928 8.07637 7.97382
threshold=0.0020189523533601654 56.762725192695051 47232.369500000008 -0.023008223134063251 0.44060965559684745 0.38495920240343934 28.394583607676537
decision_type=2 2 2 2 2 2 2
left_child=1 2 -1 5 -5 -2 -3
right_child=3 6 -4 4 -6 -7 -8
leaf_value=0.0043262257589037328 0.0097730117927762993 0.0028818733457469849 8.6130284612324231e-05 -0.0067031138019668984 -0.001572577689692417 -0.00062357404298105589 0.0083308076573492817
leaf_weight=132.80802938342094 17.438591614365578 57.544661015272141 1248.4375550895929 77.30290213227272 616.46951006352901 14.771824300289152 57.434230268001556
leaf_count=394 50 174 3729 234 1881 45 161
internal_value=-1.9634e-09 0.000886495 0.000493819 -0.00182704 -0.00214424 0.0050051 0.00560372
internal_weight=2222.21 1496.22 1381.25 725.983 693.772 32.2104 114.979
internal_count=6668 4458 4123 2210 2115 95 335
is_linear=0
shrinkage=0.0103456


Tree=33
num_leaves=8
num_cat=0
split_feature=51 37 57 10 22 8 42
split_gain=25.1382 19.2031 15.5419 12.7717 11.0289 10.3135 6.1872
threshold=54828.661000000007 0.63231061996470472 425.05097700000016 0.0050484148987256375 24.592616113879902 -0.00086282663125347703 43.494217558802909
decision_type=2 2 2 2 2 2 2
left_child=1 2 -1 -3 5 -2 -6
right_child=4 3 -4 -5 6 -7 -8
leaf_value=-0.0013399022686698067 -0.0041301991166135411 -0.0014008908608156706 -0.0069094769953448208 0.00087473158661785456 0.0024247648211485071 0.0034500860090910866 0.011982514742162496
leaf_weight=544.48067018389702 22.228058591485023 350.35154709219933 59.484626948833466 1070.7114090919495 10.630553200840948 141.53021717071533 22.791688829660416
leaf_count=1608 62 1026 161 3249 33 448 81
internal_value=2.63574e-07 -0.000343095 -0.00188845 0.000313695 0.00352653 0.00242116 0.0089425
internal_weight=2222.21 2025.03 603.965 1421.06 197.181 163.758 33.4222
internal_count=6668 6044 1769 4275 624 510 114
is_linear=0
shrinkage=0.0103456


Tree=34
num_leaves=8
num_cat=0
split_feature=36 7 0 43 49 64 50
split_gain=67.0236 24.6324 19.1304 18.0257 22.1338 13.7991 8.91442
threshold=0.65556881127166389 0.00044179829381840735 42.49362816139746 -0.00013225101407433421 1.3165000000000002e-05 -361.33783349999982 11.500000000000002
decision_type=2 2 2 2 2 2 2
left_child=3 2 -2 6 -5 -3 -1
right_child=1 5 -4 4 -6 -7 -8
leaf_value=0.00065533704837133166 -0.0031036298240837406 0.006290894884418541 0.00073016903766422278 -0.0010633960140148597 0.0035376407010825209 -0.0029717685531670578 0.0056674913804826412
leaf_weight=46.126216173171997 175.69717161357403 17.685811519622803 672.63713456690311 212.09810215234756 236.90129272639751 645.85354435443878 215.06373172998428
leaf_count=138 544 51 2028 629 682 1979 617
internal_value=-2.702e-07 -0.00123174 -6.3843e-05 0.00262131 0.00136421 -0.00272488 0.00478234
internal_weight=2222.06 1511.87 848.334 710.189 448.999 663.539 261.19
internal_count=6668 4602 2572 2066 1311 2030 755
is_linear=0
shrinkage=0.0103456


Tree=35
num_leaves=8
num_cat=0
split_feature=30 28 20 6 20 51 29
split_gain=33.1021 25.4124 20.8458 14.8439 14.7559 14.1671 9.93639
threshold=0.0020189523533601654 56.762725192695051 10.32724018559122 -0.0046407690924876168 14.436984895361052 53237.419500000011 -0.011782231417252818
decision_type=2 2 2 2 2 2 2
left_child=1 2 -1 6 -3 -5 -2
right_child=3 4 -4 5 -6 -7 -8
leaf_value=-0.0038507667660762209 -0.0033911928624140242 -0.0019143843553009966 0.00086188165492276023 -0.0016447090019950047 0.0073844806384972149 -0.0055047136380088381 0.0033644766879827558
leaf_weight=109.07417571544647 31.922689393162727 22.762236669659615 1272.4149499982595 477.91203127801418 92.44574861228466 129.30540263652802 86.297536015510559
leaf_count=339 100 74 3784 1446 261 407 257
internal_value=6.60685e-09 0.000879096 0.000489799 -0.0018137 0.00554726 -0.00246669 0.00154026
internal_weight=2222.13 1496.7 1381.49 725.438 115.208 607.217 118.22
internal_count=6668 4458 4123 2210 335 1853 357
is_linear=0
shrinkage=0.0103456


Tree=36
num_leaves=8
num_cat=0
split_feature=51 37 57 30 22 10 42
split_gain=24.7008 18.8893 15.3931 12.6067 10.8274 10.2347 6.06603
threshold=54828.661000000007 0.63231061996470472 425.05097700000016 0.00076832673421953852 24.592616113879902 0.0063910525304908226 43.494217558802909
decision_type=2 2 2 2 2 2 2
left_child=1 2 -1 -3 5 -2 -6
right_child=4 3 -4 -5 6 -7 -8
leaf_value=-0.0013282481097657223 0.0085924174531968878 -0.0022063614159129061 -0.0068778750511843956 0.0006880002849444332 0.0023989124801635916 0.00131900038291044 0.011854016209952547
leaf_weight=544.13765779137611 24.313071563839912 185.20258976519108 59.327528715133667 1236.0325711071491 10.641740083694456 139.60073727369308 22.870752543210983
leaf_count=1608 83 536 161 3739 33 427 81
internal_value=2.92571e-07 -0.000340312 -0.00187384 0.000310833 0.00349336 0.00239785 0.00885159
internal_weight=2222.13 2024.7 603.465 1421.24 197.426 163.914 33.5125
internal_count=6668 6044 1769 4275 624 510 114
is_linear=0
shrinkage=0.0103456


Tree=37
num_leaves=8
num_cat=0
split_feature=13 13 7 38 7 46 53
split_gain=66.6006 28.7146 17.7501 15.2248 16.7698 11.1688 5.87458
threshold=0.59674034826330924 1.3752819022496729 0.0040891535934913801 0.6606860586696478 -0.014903538913021539 9.4780000000000024e-05 7.5000000000000009
decision_type=2 2 2 2 2 2 2
left_child=3 2 -2 4 -1 -5 -3
right_child=1 6 -4 5 -6 -7 -8
leaf_value=-0.0041044868462961027 0.00044970592230171585 0.0058329977968110281 -0.0021545097361273893 0.0017867928269272471 0.00546849854324373 -0.0082924892947465936 -0.0038662457878439701
leaf_weight=21.121500104665756 938.55083459615707 6.8183870911598197 399.31661732494831 236.04644767940044 269.42604649066925 12.384284183382986 338.29533945024014
leaf_count=63 2813 19 1223 702 764 37 1047
internal_value=-3.09811e-07 -0.00101393 -0.000327581 0.00316475 0.00477259 0.00128434 -0.00367462
internal_weight=2221.96 1682.98 1337.87 538.978 290.548 248.431 345.114
internal_count=6668 5102 4036 1566 827 739 1066
is_linear=0
shrinkage=0.0103456


Tree=38
num_leaves=8
num_cat=0
split_feature=21 30 6 20 19 34 34
split_gain=32.746 28.8746 21.9827 20.6643 16.0169 9.48452 6.31196
threshold=29.233308698724425 0.0020189523533601654 0.0022163236345799091 10.562561282636231 0.0040149562044663476 -0.00051314010321573667 -0.0010587308972613838
decision_type=2 2 2 2 2 2 2
left_child=1 3 -3 -1 5 -2 -6
right_child=4 2 -4 -5 6 -7 -8
leaf_value=-0.0034391806792333727 0.00043580706571328949 -0.00079907831532467202 -0.0048122179754573119 0.00095874667351744441 0.0097391159825499403 0.012679192039194672 0.00048861780725967805
leaf_weight=125.38924288749695 8.325348496437071 489.17054425179958 208.30237074196339 1298.961354598403 9.5273310691118223 36.299716800451279 46.077919140458107
leaf_count=390 25 1481 650 3861 26 94 141
internal_value=1.72044e-08 -0.000272946 -0.00199761 0.000571586 0.00577851 0.010395 0.00207359
internal_weight=2222.05 2121.82 697.473 1424.35 100.23 44.6251 55.6053
internal_count=6668 6382 2131 4251 286 119 167
is_linear=0
shrinkage=0.0103456


Tree=39
num_leaves=8
num_cat=0
split_feature=51 37 61 13 22 4 42
split_gain=24.3076 18.5687 12.9723 12.5227 10.6229 10.1547 5.94557
threshold=54828.661000000007 0.63231061996470472 629.52508900000009 4.0858495607185183 24.592616113879902 -0.0025227224820817402 43.494217558802909
decision_type=2 2 2 2 2 2 2
left_child=1 2 -1 -3 5 -2 -6
right_child=4 3 -4 -5 6 -7 -8
leaf_value=-0.0015046765454870185 -0.0060310536590103018 0.00021855039296609784 -0.0083562838814549758 0.010902445419738385 0.0023753937793348097 0.0031657836512872998 0.011728118396413176
leaf_weight=571.76846185326576 14.05413770675659 1409.5889791846275 31.189906597137451 11.840951174497603 10.651905342936514 149.99278534948826 22.94758665561676
leaf_count=1687 38 4233 82 42 33 472 81
internal_value=3.24555e-07 -0.000337779 -0.0018591 0.000307551 0.00346335 0.00237788 0.00876306
internal_weight=2222.03 2024.39 602.958 1421.43 197.646 164.047 33.5995
internal_count=6668 6044 1769 4275 624 510 114
is_linear=0
shrinkage=0.0103456


Tree=40
num_leaves=8
num_cat=0
split_feature=13 13 3 38 10 46 7
split_gain=65.4667 28.3041 18.6512 14.9264 16.6147 11.0297 5.86014
threshold=0.59674034826330924 1.3752819022496729 0.0045622370455886676 0.6606860586696478 0.0056178357222305625 9.4780000000000024e-05 0.0096315944828794259
decision_type=2 2 2 2 2 2 2
left_child=3 2 -2 4 -1 -5 -3
right_child=1 6 -4 5 -6 -7 -8
leaf_value=0.00037384406338930858 -0.000748784862222426 -0.0031462989291031439 0.003196754013203048 0.0017715567171690903 0.0061294507058064556 -0.0082584879611807879 -0.0072627462468598898
leaf_weight=71.00321914255619 1194.0105116069317 302.39968346059322 143.66527736186981 236.19927276670933 220.04602175951004 12.348194047808645 42.177625298500061
leaf_count=206 3611 932 425 702 621 37 134
internal_value=-3.56128e-07 -0.00100613 -0.000325037 0.00313525 0.00472534 0.00127325 -0.00365017
internal_weight=2221.85 1682.25 1337.68 539.597 291.049 248.547 344.577
internal_count=6668 5102 4036 1566 827 739 1066
is_linear=0
shrinkage=0.0103456


Tree=41
num_leaves=8
num_cat=0
split_feature=30 28 20 6 20 51 23
split_gain=32.1053 24.6743 20.2964 14.6671 14.4391 13.6239 10.3551
threshold=0.0020189523533601654 56.762725192695051 10.32724018559122 0.0022163236345799091 14.436984895361052 43775.162000000004 -0.023008223134063251
decision_type=2 2 2 2 2 2 2
left_child=1 2 -1 6 -3 -5 -2
right_child=3 4 -4 5 -6 -7 -8
leaf_value=-0.0038082873798735649 0.0050847669829274826 -0.0019248545616596326 0.00084739677721333974 0.012948579696309227 0.0072687746535105586 -0.0042905193128669247 -0.0011576178192830649
leaf_weight=108.7859790623188 30.315616592764854 22.771341398358345 1273.2239709198475 5.0142100453376761 92.792988747358322 228.75110948085785 460.29086586833
leaf_count=339 89 74 3784 13 261 711 1397
internal_value=3.15966e-08 0.00086493 0.000480921 -0.00178807 0.00545722 -0.00392074 -0.000771888
internal_weight=2221.95 1497.57 1382.01 724.372 115.564 233.765 490.606
internal_count=6668 4458 4123 2210 335 724 1486
is_linear=0
shrinkage=0.0103456


Tree=42
num_leaves=8
num_cat=0
split_feature=51 37 57 10 3 47 3
split_gain=23.9675 18.2558 15.1731 12.4057 10.4473 10.1908 9.10605
threshold=54828.661000000007 0.63231061996470472 425.05097700000016 0.0050484148987256375 0.0020504004923216101 11.500000000000002 0.0015678292484795563
decision_type=2 2 2 2 2 2 2
left_child=1 2 -1 -3 6 -6 -2
right_child=4 3 -4 -5 5 -7 -8
leaf_value=-0.0013035461073113131 0.0045189285074819152 -0.0013867674774781043 -0.0068249933483172653 0.00085645054070572111 0.0080324368875294792 0.0014454375720060039 0.017894945319126006
leaf_weight=543.40822200477123 13.084410756826403 350.07541652023792 59.059532895684242 1071.5771075487137 30.411302372813225 145.00644609332085 9.333024248480795
leaf_count=1608 42 1026 161 3249 103 443 36
internal_value=3.85744e-07 -0.000335533 -0.00184481 0.000304068 0.00343729 0.00258739 0.0100877
internal_weight=2221.96 2024.12 602.468 1421.65 197.835 175.418 22.4174
internal_count=6668 6044 1769 4275 624 546 78
is_linear=0
shrinkage=0.0103456


Tree=43
num_leaves=8
num_cat=0
split_feature=36 7 13 40 49 13 56
split_gain=64.5619 24.1334 21.031 17.9623 19.7924 14.6118 12.6472
threshold=0.65556881127166389 0.0038059716505419732 1.3752819022496729 -0.00013237950013021804 1.3165000000000002e-05 0.58615803966702906 123.03860100000016
decision_type=2 2 2 2 2 2 2
left_child=3 2 -2 5 -5 -1 -3
right_child=1 6 -4 4 -6 -7 -8
leaf_value=0.0073428687855971045 0.00040396136881809492 -0.0020433052855157647 -0.0032535067152717765 -0.00097446294808063304 0.0033630116127698765 0.0024256337627645589 -0.0057479235494469049
leaf_weight=122.06115677952766 831.99904647469521 325.68175433576107 210.93442299962044 212.59612455964088 239.39239074289799 137.59069585800171 141.47947524487972
leaf_count=342 2504 1004 654 631 687 406 440
internal_value=-4.16569e-07 -0.00121109 -0.000335766 0.00256862 0.00132285 0.0047372 -0.00316525
internal_weight=2221.74 1510.09 1042.93 711.64 451.989 259.652 467.161
internal_count=6668 4602 3158 2066 1318 748 1444
is_linear=0
shrinkage=0.0103456


Tree=44
num_leaves=8
num_cat=0
split_feature=21 30 6 48 40 57 23
split_gain=31.8177 27.9757 21.5595 20.257 15.486 7.28735 6.61193
threshold=29.233308698724425 0.0020189523533601654 0.0022163236345799091 47232.369500000008 0.0002935138344123519 301.7754514999998 0.0042788123967905109
decision_type=2 2 2 2 2 2 2
left_child=1 3 -3 -1 5 -2 -6
right_child=4 2 -4 -5 6 -7 -8
leaf_value=0.004316469744103906 0.011591347711420357 -0.0007827118365630047 -0.004762419382593538 0.00015587893744763579 -0.0045130845688544476 0.0035637241889113721 0.003985104843527076
leaf_weight=138.7625378370285 40.404524832963943 488.74469892680645 207.57595233619213 1286.2423836141825 15.172427475452421 17.279741153120995 27.669897198677063
leaf_count=411 107 1481 650 3840 50 49 80
internal_value=3.08362e-08 -0.000269477 -0.00196908 0.000561024 0.00568721 0.00918661 0.000975507
internal_weight=2221.85 2121.33 696.321 1425 100.527 57.6843 42.8423
internal_count=6668 6382 2131 4251 286 156 130
is_linear=0
shrinkage=0.0103456


Tree=45
num_leaves=8
num_cat=0
split_feature=51 37 57 13 22 8 42
split_gain=23.6034 17.9433 15.0419 12.2658 10.3823 10.0727 5.82182
threshold=54828.661000000007 0.63231061996470472 425.05097700000016 4.0858495607185183 24.592616113879902 -0.00086282663125347703 43.494217558802909
decision_type=2 2 2 2 2 2 2
left_child=1 2 -1 -3 5 -2 -6
right_child=4 3 -4 -5 6 -7 -8
leaf_value=-0.0012916510296142466 -0.0041384335707281162 0.00021245308890194232 -0.0067956569526122215 0.010763570664394047 0.0023219053253973514 0.0033494152984931249 0.011563751708737295
leaf_weight=543.05467031896114 22.238124623894691 1409.9565452039242 58.909792304039001 11.892137870192526 10.674645885825155 142.08565540611744 23.046394139528275
leaf_count=1608 62 4233 161 42 33 448 81
internal_value=4.25225e-07 -0.000333142 -0.00183029 0.000300701 0.00340913 0.00233608 0.00863818
internal_weight=2221.86 2023.81 601.964 1421.85 198.045 164.324 33.721
internal_count=6668 6044 1769 4275 624 510 114
is_linear=0
shrinkage=0.0103456


Tree=46
num_leaves=8
num_cat=0
split_feature=13 13 3 38 7 46 7
split_gain=63.5831 27.5446 18.2968 14.4971 16.4343 10.8609 5.79675
threshold=0.59674034826330924 1.3752819022496729 0.0045622370455886676 0.6606860586696478 -0.014903538913021539 9.4780000000000024e-05 0.0096315944828794259
decision_type=2 2 2 2 2 2 2
left_child=3 2 -2 4 -1 -5 -3
right_child=1 6 -4 5 -6 -7 -8
leaf_value=-0.0041323128493568279 -0.00074186932148987827 -0.0031044677774795322 0.0031637763780561876 0.0017441148043775185 0.00533636355886108 -0.0082233456179777228 -0.0072078024341762472
leaf_weight=21.152694910764694 1193.540623664856 301.61664223670959 143.85538733005524 236.46401455998421 270.67765125632286 12.30978739261627 41.977354258298874
leaf_count=63 3611 932 425 702 764 37 134
internal_value=-4.64066e-07 -0.000993015 -0.000321763 0.00308584 0.00465005 0.00125091 -0.00360578
internal_weight=2221.59 1680.99 1337.4 540.604 291.83 248.774 343.594
internal_count=6668 5102 4036 1566 827 739 1066
is_linear=0
shrinkage=0.0103456


Tree=47
num_leaves=8
num_cat=0
split_feature=21 30 6 20 19 34 34
split_gain=31.2162 27.5476 21.3473 20.1133 15.4565 9.19416 6.17566
threshold=29.233308698724425 0.0020189523533601654 0.0022163236345799091 10.562561282636231 0.0040149562044663476 -0.00051314010321573667 -0.0010587308972613838
decision_type=2 2 2 2 2 2 2
left_child=1 3 -3 -1 5 -2 -6
right_child=4 2 -4 -5 6 -7 -8
leaf_value=-0.0034050412920885449 0.00035228686368335383 -0.0007745217714291169 -0.0047373375760466456 0.00093783088879494277 0.0095498730294408581 0.012380204374088712 0.00042300283044542929
leaf_weight=125.12675818800926 8.3561186641454679 488.53102903068066 207.20594581961632 1300.151774674654 9.5803223848342878 36.576715886592865 46.207893326878548
leaf_count=390 25 1481 650 3861 26 94 141
internal_value=3.87921e-08 -0.000267194 -0.00195474 0.000556565 0.0056275 0.0101434 0.00199033
internal_weight=2221.74 2121.02 695.737 1425.28 100.721 44.9328 55.7882
internal_count=6668 6382 2131 4251 286 119 167
is_linear=0
shrinkage=0.0103456


Tree=48
num_leaves=8
num_cat=0
split_feature=51 37 57 30 3 47 3
split_gain=23.2479 17.6417 14.907 12.2014 10.2246 10.0112 8.8819
threshold=54828.661000000007 0.63231061996470472 425.05097700000016 0.00076832673421953852 0.0020504004923216101 11.500000000000002 0.0015678292484795563
decision_type=2 2 2 2 2 2 2
left_child=1 2 -1 -3 6 -6 -2
right_child=4 3 -4 -5 5 -7 -8
leaf_value=-0.0012801803095195939 0.0044475396778189801 -0.0021811398335570475 -0.0067660034117072391 0.00066798975978416442 0.0079276525934129007 0.0014088128851200399 0.017626977913273629
leaf_weight=542.71300947666168 13.117053598165514 184.92726056277752 58.757603585720062 1237.1179407984018 30.513070687651634 145.21970789134502 9.3916050195693952
leaf_count=1608 42 536 161 3739 103 443 36
internal_value=4.83355e-07 -0.000330758 -0.00181609 0.00029748 0.00338158 0.0025407 0.00994658
internal_weight=2221.76 2023.52 601.471 1422.05 198.241 175.733 22.5087
internal_count=6668 6044 1769 4275 624 546 78
is_linear=0
shrinkage=0.0103456


Tree=49
num_leaves=8
num_cat=0
split_feature=36 7 40 49 29 56 53
split_gain=62.8469 23.8202 17.639 19.4312 16.4804 12.4835 8.60767
threshold=0.65556881127166389 0.0038059716505419732 -0.00013237950013021804 1.3165000000000002e-05 0.0085814459464383947 123.03860100000016 11.500000000000002
decision_type=2 2 2 2 2 2 2
left_child=2 4 6 -4 -2 -3 -1
right_child=1 5 3 -5 -6 -7 -8
leaf_value=0.00052297083920757386 -0.00061570177445424083 -0.0020252691544798756 -0.00097971399504445818 0.0033159944830368753 0.0055330822450611657 -0.0057102045211627041 0.0055300019802725147
leaf_weight=44.286221459507942 993.45608279109001 325.33571726083755 212.63775062561035 239.81606607139111 48.954614371061325 141.06525430083275 215.90677636861801
leaf_count=134 3010 1004 631 687 148 440 614
internal_value=-5.29713e-07 -0.00119644 0.00253145 0.00129716 -0.000326937 -0.0031398 0.00467778
internal_weight=2221.46 1508.81 712.647 452.454 1042.41 466.401 260.193
internal_count=6668 4602 2066 1318 3158 1444 748
is_linear=0
shrinkage=0.0103456


Tree=50
num_leaves=8
num_cat=0
split_feature=3 20 36 45 8 3 1
split_gain=30.732 25.4591 22.1476 20.7142 14.8351 12.997 12.3082
threshold=0.0019720161663027663 11.113686637952206 0.44134895202810559 54896.785000000011 -0.0013432928900933281 0.0010118772488121851 0.00048383642965165271
decision_type=2 2 2 2 2 2 2
left_child=1 5 6 -3 -4 -1 -2
right_child=2 3 4 -5 -6 -7 -8
leaf_value=0.0053435049912032686 -0.0060507806502607189 0.0029689137334122451 0.0025070634410941364 -0.0093114475583661316 -0.0008047680120421613 -0.0049916908599479202 0.0033521464942564663
leaf_weight=15.719941809773443 115.73403464257717 564.8620637357235 163.66846384108067 15.094278693199156 1253.5083384364843 75.918896600604057 17.101645916700363
leaf_count=46 348 1630 482 54 3827 232 49
internal_value=4.62966e-08 0.0018486 -0.000800903 0.0026493 -0.000422288 -0.00321877 -0.00484022
internal_weight=2221.61 671.595 1550.01 579.956 1417.18 91.6388 132.836
internal_count=6668 1962 4706 1684 4309 278 397
is_linear=0
shrinkage=0.0103456


Tree=51
num_leaves=8
num_cat=0
split_feature=51 37 61 2 22 8 42
split_gain=22.8693 17.3769 12.6467 12.138 10.1518 9.89491 5.69704
threshold=54828.661000000007 0.63231061996470472 629.52508900000009 77.296524839218193 24.592616113879902 -0.00086282663125347703 43.494217558802909
decision_type=2 2 2 2 2 2 2
left_child=1 2 -1 -3 5 -2 -6
right_child=4 3 -4 -5 6 -7 -8
leaf_value=-0.001453932275148547 -0.0041291911425289356 0.00014764499125843029 -0.0082530798904111181 0.0064917798992776407 0.0022688006737070117 0.0032930983397857095 0.011398469906929436
leaf_weight=570.15339776873589 22.224817201495171 1389.1345507800579 30.866003125905991 33.046510562300682 10.696830064058302 142.39329269528389 23.144162774085999
leaf_count=1687 62 4165 82 110 33 448 81
internal_value=5.16295e-07 -0.00032823 -0.00180311 0.00029506 0.00335193 0.00229103 0.00851266
internal_weight=2221.66 2023.2 601.019 1422.18 198.459 164.618 33.841
internal_count=6668 6044 1769 4275 624 510 114
is_linear=0
shrinkage=0.0103456


Tree=52
num_leaves=8
num_cat=0
split_feature=13 13 7 38 7 46 53
split_gain=61.9356 27.0256 17.1741 14.0616 16.1115 10.7007 5.77334
threshold=0.59674034826330924 1.3752819022496729 0.0040891535934913801 0.6606860586696478 -0.014903538913021539 9.4780000000000024e-05 7.5000000000000009
decision_type=2 2 2 2 2 2 2
left_child=3 2 -2 4 -1 -5 -3
right_child=1 6 -4 5 -6 -7 -8
leaf_value=-0.0041200462660912606 0.00044706667572606877 0.0058565248946971515 -0.0021165830222035207 0.0017231974622255459 0.0052575817026162004 -0.0081860780850759596 -0.0037638343422593794
leaf_weight=21.136437267065048 938.59445828199387 6.8119971156120291 398.40264236927032 236.66129402816296 271.41271834075451 12.268583610653875 336.03858612477779
leaf_count=63 2813 19 1223 702 764 37 1047
internal_value=-5.68536e-07 -0.000981361 -0.000316858 0.00304218 0.00458006 0.00123482 -0.00357269
internal_weight=2221.33 1679.85 1337 541.479 292.549 248.93 342.851
internal_count=6668 5102 4036 1566 827 739 1066
is_linear=0
shrinkage=0.0103456


Tree=53
num_leaves=8
num_cat=0
split_feature=21 30 6 48 19 34 34
split_gain=30.5283 26.9122 21.0525 19.8558 15.1407 8.98408 6.07974
threshold=29.233308698724425 0.0020189523533601654 0.0022163236345799091 47232.369500000008 0.0040149562044663476 -0.00051314010321573667 -0.0010587308972613838
decision_type=2 2 2 2 2 2 2
left_child=1 3 -3 -1 5 -2 -6
right_child=4 2 -4 -5 6 -7 -8
leaf_value=0.0042630880789847284 0.00033995118597897502 -0.00076231937762288599 -0.0047016385594842083 0.00014776132793908458 0.009447223782210884 0.012222785632434273 0.00040333760495827995
leaf_weight=139.045923858881 8.3605305701494199 488.20472826063633 206.67184454202652 1286.662181019783 9.6089755445718747 36.720201879739761 46.245947197079659
leaf_count=411 25 1481 650 3840 26 94 141
internal_value=5.21692e-08 -0.00026454 -0.00193396 0.000549119 0.00555895 0.010019 0.0019592
internal_weight=2221.52 2120.58 694.877 1425.71 100.936 45.0807 55.8549
internal_count=6668 6382 2131 4251 286 119 167
is_linear=0
shrinkage=0.0103456


Tree=54
num_leaves=8
num_cat=0
split_feature=51 37 57 13 22 4 15
split_gain=22.4942 17.0818 14.7125 12.0132 9.96289 9.90244 5.24989
threshold=54828.661000000007 0.63231061996470472 425.05097700000016 4.0858495607185183 24.592616113879902 -0.0025227224820817402 -0.0021714894055343908
decision_type=2 2 2 2 2 2 2
left_child=1 2 -1 -3 5 -2 -6
right_child=4 3 -4 -5 6 -7 -8
leaf_value=-0.0012567855051960014 -0.0060341992661576771 0.00020455174180140454 -0.0067176497445340828 0.010624436790434032 0.0155531795262751 0.0030457919715561129 0.0061032618214314129
leaf_weight=542.01720449328423 14.054358735680578 1410.4184534996748 58.505044206976891 11.942867442965506 8.3455338776111585 150.69266259670258 25.575323179364204
leaf_count=1608 38 4233 161 42 31 472 83
internal_value=5.57363e-07 -0.000325687 -0.0017888 0.000292042 0.00332245 0.00227119 0.00842822
internal_weight=2221.55 2022.88 600.522 1422.36 198.668 164.747 33.9209
internal_count=6668 6044 1769 4275 624 510 114
is_linear=0
shrinkage=0.0103456


Tree=55
num_leaves=8
num_cat=0
split_feature=36 10 40 49 28 50 3
split_gain=61.1134 22.9296 17.3074 19.0601 17.2783 8.40214 8.24211
threshold=0.65556881127166389 0.025551849775305158 -0.00013237950013021804 1.3165000000000002e-05 55.56513403152784 11.500000000000002 0.0063389166785934791
decision_type=2 2 2 2 2 2 2
left_child=2 4 5 -4 -2 -1 -3
right_child=1 6 3 -5 -6 -7 -8
leaf_value=0.00051201645177127145 -0.0009346572600312154 -0.0019105030639160164 -0.00098464337765185586 0.0032678503272036089 -0.0042811307372506904 0.0054570391210379491 0.01077241145657244
leaf_weight=44.303983509540558 1287.9007781893015 7.2034803926944759 212.676144734025 240.2474058419466 189.42412023246288 216.44534845650196 22.978121072053909
leaf_count=134 3928 22 631 687 590 614 62
internal_value=-6.34899e-07 -0.00118137 0.00249346 0.00127104 -0.00136375 0.00461683 0.00774536
internal_weight=2221.18 1507.51 713.673 452.924 1477.32 260.749 30.1816
internal_count=6668 4602 2066 1318 4518 748 84
is_linear=0
shrinkage=0.0103456


Tree=56
num_leaves=8
num_cat=0
split_feature=3 20 51 36 8 3 1
split_gain=30.0461 25.0524 23.2711 21.7244 14.6153 12.8113 12.139
threshold=0.0019720161663027663 11.113686637952206 54828.661000000007 0.44134895202810559 -0.0013432928900933281 0.0010118772488121851 0.00048383642965165271
decision_type=2 2 2 2 2 2 2
left_child=1 5 -3 6 -5 -1 -2
right_child=3 2 -4 4 -6 -7 -8
leaf_value=0.0052854400529887997 -0.0060057830476320326 0.0029975794329731992 -0.0087366262315093611 0.0024883452493770948 -0.00079779829571473987 -0.0049675836162814341 0.0033310022130502771
leaf_weight=15.755138039588926 115.33503396809101 561.92622801661491 18.6910779774189 163.79716496169567 1252.971426025033 75.796054720878601 17.11576110124588
leaf_count=46 348 1616 68 482 3827 232 49
internal_value=7.74359e-08 0.00182673 0.00261984 -0.000792463 -0.000417877 -0.00320313 -0.00479925
internal_weight=2221.39 672.168 580.617 1549.22 1416.77 91.5512 132.451
internal_count=6668 1962 1684 4706 4309 278 397
is_linear=0
shrinkage=0.0103456


Tree=57
num_leaves=8
num_cat=0
split_feature=51 37 57 2 22 4 42
split_gain=22.1103 16.8279 14.5785 11.9149 9.7813 9.75873 5.57155
threshold=54828.661000000007 0.63231061996470472 425.05097700000016 77.296524839218193 24.592616113879902 -0.0025227224820817402 43.494217558802909
decision_type=2 2 2 2 2 2 2
left_child=1 2 -1 -3 5 -2 -6
right_child=4 3 -4 -5 6 -7 -8
leaf_value=-0.0012467203841797405 -0.0060042100581017242 0.00014364977937146605 -0.0066890617341244796 0.006421447154909124 0.0021789327870449411 0.0030176160836508301 0.011189017769546497
leaf_weight=541.71769432723522 14.025822713971136 1389.3613107651472 58.356114357709885 33.130313694477081 10.734839364886282 150.8579815030098 23.26677930355072
leaf_count=1608 38 4165 161 110 33 472 81
internal_value=6.06922e-07 -0.000323051 -0.00177598 0.000289862 0.00329205 0.00225018 0.00834439
internal_weight=2221.45 2022.57 600.074 1422.49 198.885 164.884 34.0016
internal_count=6668 6044 1769 4275 624 510 114
is_linear=0
shrinkage=0.0103456


Tree=58
num_leaves=8
num_cat=0
split_feature=13 13 3 1 10 20 7
split_gain=60.3117 26.4668 17.8115 13.766 20.0049 7.53062 5.72422
threshold=0.59674034826330924 1.3752819022496729 0.0045622370455886676 0.00038539102780425858 0.005659148949516986 14.996193498168134 0.0096315944828794259
decision_type=2 2 2 2 2 2 2
left_child=3 2 -2 4 -1 -5 -3
right_child=1 6 -4 5 -6 -7 -8
leaf_value=0.00052615334571947921 -0.00072766599848780086 -0.0030390200661674334 0.0031233212847853282 0.0039081296082195613 0.0051663958726113615 -0.0029207200787470969 -0.0071300406981433632
leaf_weight=145.49273879826069 1192.5578988045454 300.37120525538921 144.08071717619896 24.610275566577911 314.17606271803379 58.062507227063179 41.687906041741371
leaf_count=425 3611 932 425 71 892 178 134
internal_value=-6.92842e-07 -0.000969706 -0.000312555 0.00299867 0.00369768 -0.000887888 -0.00353761
internal_weight=2221.04 1678.7 1336.64 542.342 459.669 82.6728 342.059
internal_count=6668 5102 4036 1566 1317 249 1066
is_linear=0
shrinkage=0.0103456


Tree=59
num_leaves=8
num_cat=0
split_feature=21 3 36 20 19 34 43
split_gain=29.8521 23.4115 20.7359 20.6314 14.8225 8.78142 6.01245
threshold=29.233308698724425 0.0019720161663027663 0.44134895202810559 11.113686637952206 0.0040149562044663476 -0.00051314010321573667 -3.8109716468607523e-05
decision_type=2 2 2 2 2 2 2
left_child=1 3 -3 -1 5 -2 -6
right_child=4 2 -4 -5 6 -7 -8
leaf_value=-0.0031628916535651379 0.00032568280947883795 -0.0049086325259045374 -0.00059490706963334096 0.0021518281478645797 0.010715218927961723 0.012066690070671996 0.00061950986039416246
leaf_weight=91.192432522773743 8.3655761629343015 130.82585775852203 1350.3453122526407 547.78144747018814 7.2551320791244498 36.860513150691986 48.663521438837051
leaf_count=277 25 393 4117 1595 19 94 148
internal_value=8.57578e-08 -0.000261872 -0.000975921 0.00139333 0.00549111 0.00989493 0.00192937
internal_weight=2221.29 2120.15 1481.17 638.974 101.145 45.2261 55.9187
internal_count=6668 6382 4510 1872 286 119 167
is_linear=0
shrinkage=0.0103456


Tree=60
num_leaves=8
num_cat=0
split_feature=51 37 57 30 3 37 3
split_gain=21.7974 16.5823 14.4422 11.8057 9.79301 9.74592 8.65354
threshold=54828.661000000007 0.63231061996470472 425.05097700000016 0.00076832673421953852 0.0020504004923216101 0.48943820472426597 0.0015678292484795563
decision_type=2 2 2 2 2 2 2
left_child=1 2 -1 -3 6 -6 -2
right_child=4 3 -4 -5 5 -7 -8
leaf_value=-0.0012373669900798197 0.004251201709159505 -0.0021530942135575644 -0.006660596395720096 0.0006513377786872966 0.0090686768914717605 0.0015513819928410096 0.017205687145368902
leaf_weight=541.43835198879242 13.205988705158235 184.62284207344055 58.207235127687454 1238.0161106288433 20.94708140194416 155.42301753163338 9.4817346036434156
leaf_count=1608 42 536 161 3739 72 474 36
internal_value=7.05569e-07 -0.000320824 -0.0017638 0.000287393 0.00326721 0.00244419 0.00966519
internal_weight=2221.34 2022.28 599.646 1422.64 199.058 176.37 22.6877
internal_count=6668 6044 1769 4275 624 546 78
is_linear=0
shrinkage=0.0103456


Tree=61
num_leaves=8
num_cat=0
split_feature=36 7 13 23 3 56 1
split_gain=59.4075 23.3198 19.758 16.7538 16.7538 12.284 6.53528
threshold=0.65556881127166389 0.0038059716505419732 1.3752819022496729 -0.016066372202797937 0.0044876047200125306 123.03860100000016 -0.00019720826786223685
decision_type=2 2 2 2 2 2 2
left_child=3 2 -2 6 -5 -3 -1
right_child=1 5 -4 4 -6 -7 -8
leaf_value=0.002748796271613303 0.00040920204917923615 -0.0019867690646979126 -0.0031456190095889877 0.0023302380172311862 0.0079045476909055164 -0.0056494978368873483 -0.0062101304272890161
leaf_weight=12.01669432222843 831.71253165602684 324.60122317075729 209.50294005870819 607.17274656891823 63.770182505249977 140.39161218702793 31.718457162380219
leaf_count=35 2504 1004 654 1756 181 440 94
internal_value=-7.83733e-07 -0.00116632 -0.000306063 0.00245563 0.00286005 -0.00309263 -0.00374857
internal_weight=2220.89 1506.21 1041.22 714.678 670.943 464.993 43.7352
internal_count=6668 4602 3158 2066 1937 1444 129
is_linear=0
shrinkage=0.0103456


Tree=62
num_leaves=8
num_cat=0
split_feature=30 20 1 21 23 37 9
split_gain=29.3659 22.1462 21.0923 19.0848 14.1587 16.2651 7.79672
threshold=0.0020189523533601654 10.562561282636231 -2.3270132555518885e-05 29.233308698724425 -0.023008223134063251 0.44060965559684745 0.38495920240343934
decision_type=2 2 2 2 2 2 2
left_child=1 2 -1 -3 6 -6 -2
right_child=4 3 -4 -5 5 -7 -8
leaf_value=-0.0084324824179845079 0.0096532901074192802 0.00091341422471636821 0.00021217147501565399 0.0063236156151083968 -0.0065352318510884374 -0.0014681909256746711 -0.0005621499554650033
leaf_weight=51.380264833569527 17.506426364183426 1301.4717297554016 73.316557943820953 73.741362288594246 76.241319164633751 612.78027091920376 14.721193090081213
leaf_count=170 50 3861 220 207 234 1881 45
internal_value=7.80166e-08 0.000824974 -0.00334978 0.00120352 -0.00171538 -0.00202887 0.004987
internal_weight=2221.16 1499.91 124.697 1375.21 721.249 689.022 32.2276
internal_count=6668 4458 390 4068 2210 2115 95
is_linear=0
shrinkage=0.0103456


Tree=63
num_leaves=8
num_cat=0
split_feature=51 37 57 13 3 47 3
split_gain=21.4889 16.3261 14.307 11.7542 9.63446 9.81099 8.47352
threshold=54828.661000000007 0.63231061996470472 425.05097700000016 4.0858495607185183 0.0020504004923216101 11.500000000000002 0.0015678292484795563
decision_type=2 2 2 2 2 2 2
left_child=1 2 -1 -3 6 -6 -2
right_child=4 3 -4 -5 5 -7 -8
leaf_value=-0.0012275215696455528 0.004221044147042702 0.00019794799673500822 -0.006631823702864424 0.0104829511709221 0.0077426861346971054 0.0013068362945737558 0.017021902838099491
leaf_weight=541.14387941360474 13.219655603170397 1410.7969063073397 58.055294468998909 11.994337245821951 30.688033476471901 145.8076573163271 9.5210152566432935
leaf_count=1608 42 4233 161 42 103 443 36
internal_value=7.8484e-07 -0.000318635 -0.00175113 0.000284652 0.00324249 0.00242586 0.00958048
internal_weight=2221.23 2021.99 599.199 1422.79 199.236 176.496 22.7407
internal_count=6668 6044 1769 4275 624 546 78
is_linear=0
shrinkage=0.0103456


Tree=64
num_leaves=8
num_cat=0
split_feature=13 13 3 1 10 20 53
split_gain=58.6841 25.7451 17.4542 13.5213 19.5326 7.4341 5.69134
threshold=0.59674034826330924 1.3752819022496729 0.0045622370455886676 0.00038539102780425858 0.005659148949516986 14.996193498168134 7.5000000000000009
decision_type=2 2 2 2 2 2 2
left_child=3 2 -2 4 -1 -5 -3
right_child=1 6 -4 5 -6 -7 -8
leaf_value=0.00051230120472232465 -0.0007217178784035466 0.0058692875099830635 0.0030881701505884067 0.0038626590567106679 0.0050947873420684447 -0.0029184671194024689 -0.0036855434986526629
leaf_weight=145.57490336894989 1192.133499071002 6.8083038926124564 144.28021532297134 24.652156814932823 314.94342927634716 58.049511581659317 334.28164260089397
leaf_count=425 3611 19 425 71 892 178 1047
internal_value=-8.63037e-07 -0.000957895 -0.0003104 0.00295452 0.00364621 -0.000897113 -0.00349482
internal_weight=2220.72 1677.5 1336.41 543.22 460.518 82.7017 341.09
internal_count=6668 5102 4036 1566 1317 249 1066
is_linear=0
shrinkage=0.0103456


Tree=65
num_leaves=8
num_cat=0
split_feature=30 28 20 6 20 51 39
split_gain=28.9181 22.7371 18.9997 14.0421 13.8174 13.5393 11.1644
threshold=0.0020189523533601654 56.762725192695051 10.32724018559122 -0.0046407690924876168 14.436984895361052 53237.419500000011 48.056730336105829
decision_type=2 2 2 2 2 2 2
left_child=1 2 -1 6 -3 -5 -2
right_child=3 4 -4 5 -6 -7 -8
leaf_value=-0.003714897992111207 0.00012946597032024765 -0.002005959544312594 0.00080169062792087771 -0.001538467181705775 0.0069674247111899514 -0.0053335890875868619 0.0086372927983149033
leaf_weight=108.13812759518623 98.251289919018745 22.847110033035278 1275.6588835716248 474.98017419874668 93.655443295836449 127.65558654069901 19.84282623231411
leaf_count=339 301 74 3784 1446 261 407 56
internal_value=7.79707e-08 0.000818282 0.000448738 -0.00170313 0.00520767 -0.00234238 0.001559
internal_weight=2221.03 1500.3 1383.8 720.73 116.503 602.636 118.094
internal_count=6668 4458 4123 2210 335 1853 357
is_linear=0
shrinkage=0.0103456


Tree=66
num_leaves=8
num_cat=0
split_feature=48 37 57 2 22 44 11
split_gain=19.3789 16.2178 14.1962 11.6678 9.03079 9.67009 5.20969
threshold=54815.039000000012 0.63231061996470472 425.05097700000016 77.296524839218193 24.592616113879902 0.80165724898440083 -0.0021714894055344098
decision_type=2 2 2 2 2 2 2
left_child=1 2 -1 -3 5 -2 -6
right_child=4 3 -4 -5 6 -7 -8
leaf_value=-0.0012105350781745506 0.0010937782420254632 0.00015311853929576638 -0.0066010669973215683 0.0063586978285503897 0.01513084113640265 0.008452660084282422 0.0056553686794013677
leaf_weight=540.44073432683945 143.54422263801098 1389.7186977267265 57.891856878995895 33.204076617956161 8.1477366089820844 22.048362389206886 26.119987681508064
leaf_count=1607 435 4166 161 110 30 75 84
internal_value=8.68493e-07 -0.000303002 -0.0017321 0.000297926 0.00307401 0.0020736 0.00790832
internal_weight=2221.12 2021.26 598.333 1422.92 199.86 165.593 34.2677
internal_count=6668 6044 1768 4276 624 510 114
is_linear=0
shrinkage=0.0103456


Tree=67
num_leaves=8
num_cat=0
split_feature=36 10 13 40 49 13 12
split_gain=57.8619 22.2658 20.252 16.7052 18.5724 13.0899 10.1516
threshold=0.65556881127166389 0.025551849775305158 0.7330949610572921 -0.00013237950013021804 1.3165000000000002e-05 0.58615803966702906 0.0051670968868071281
decision_type=2 2 2 2 2 2 2
left_child=3 2 -2 5 -5 -1 -3
right_child=1 6 -4 4 -6 -7 -8
leaf_value=0.0069487099620245208 0.00061191452508071716 0.0035732423438430837 -0.0020886990768059382 -0.0010062628780526436 0.0031875931789988664 0.0023145857209901219 0.016473760245671602
leaf_weight=123.57584416866302 412.70847937464714 20.78057169914246 1061.9588544219732 212.8697584271431 240.94765296578407 138.20232002437115 9.5197354555129987
leaf_count=342 1247 59 3271 631 687 406 25
internal_value=-9.35048e-07 -0.00115251 -0.00133289 0.00242094 0.0012204 0.00450219 0.00762632
internal_weight=2220.56 1504.97 1474.67 715.596 453.817 261.778 30.3003
internal_count=6668 4602 4518 2066 1318 748 84
is_linear=0
shrinkage=0.0103456


Tree=68
num_leaves=8
num_cat=0
split_feature=3 21 13 23 7 12 14
split_gain=28.6373 22.2901 20.143 22.4794 18.3254 11.7336 6.305
threshold=0.0019720161663027663 28.596193817655951 0.58913964201959068 -0.022067869655723379 0.00060947664036581372 0.00093149266132793894 0.0016125063410076708
decision_type=2 2 2 2 2 2 2
left_child=1 4 3 -2 -1 -4 -3
right_child=2 6 5 -5 -6 -7 -8
leaf_value=-8.3884724032479328e-05 0.010922212559529966 0.013861901319681867 -0.0046864597827801476 -0.0033702949433709532 0.0035225559674151169 0.0001149955328244941 0.0054798827046811573
leaf_weight=388.19594343006611 12.183609515428541 18.118131220340729 57.249793842434883 354.02393859624863 246.60067771375179 1124.0833558738232 20.442401215434074
leaf_count=1144 32 45 177 1070 715 3427 58
internal_value=6.63146e-08 0.00178104 -0.00077486 -0.00289479 0.00131712 -0.000117693 0.00941828
internal_weight=2220.9 673.357 1547.54 366.208 634.797 1181.33 38.5605
internal_count=6668 1962 4706 1102 1859 3604 103
is_linear=0
shrinkage=0.0103456


Tree=69
num_leaves=8
num_cat=0
split_feature=51 37 57 30 3 47 3
split_gain=20.8476 15.804 14.025 11.5601 9.46984 9.63751 8.29079
threshold=54828.661000000007 0.63231061996470472 425.05097700000016 0.00076832673421953852 0.0020504004923216101 11.500000000000002 0.0015678292484795563
decision_type=2 2 2 2 2 2 2
left_child=1 2 -1 -3 6 -6 -2
right_child=4 3 -4 -5 5 -7 -8
leaf_value=-0.0012071857923631286 0.0041632344085089758 -0.0021372371370084859 -0.0065716618360330331 0.00063892701006298686 0.0076417146983836694 0.0012720674943780073 0.016802399032621398
leaf_weight=540.53529109060764 13.245416611433031 184.44681105017662 57.734644591808319 1238.6819735914469 30.784809768199921 146.00790420174599 9.5671356320381147
leaf_count=1608 42 536 161 3739 103 443 36
internal_value=9.71164e-07 -0.000314 -0.00172487 0.000279118 0.00319067 0.00238121 0.00946385
internal_weight=2221 2021.4 598.27 1423.13 199.605 176.793 22.8126
internal_count=6668 6044 1769 4275 624 546 78
is_linear=0
shrinkage=0.0103456


Tree=70
num_leaves=8
num_cat=0
split_feature=36 7 13 40 49 13 60
split_gain=56.8427 23.0179 19.0832 16.4058 18.2693 12.7835 11.7482
threshold=0.65556881127166389 0.0038059716505419732 1.3752819022496729 -0.00013237950013021804 1.3165000000000002e-05 0.58615803966702906 117.09792700000014
decision_type=2 2 2 2 2 2 2
left_child=3 2 -2 5 -5 -1 -3
right_child=1 6 -4 4 -6 -7 -8
leaf_value=0.0068724050882062061 0.00041350645378919834 -0.002009816243981475 -0.0030855385732865815 -0.0010014202601289961 0.003157261318095322 0.0022964698412963769 -0.0056413109277464934
leaf_weight=123.86577370762825 831.49401833117008 329.87397408485413 208.69932016730309 212.8134406208992 241.22052095830441 138.30386631190777 134.11329008638859
leaf_count=342 2504 1023 654 631 687 406 421
internal_value=-1.05186e-06 -0.00114327 -0.000288525 0.00239785 0.00120802 0.00445844 -0.00305948
internal_weight=2220.38 1504.18 1040.19 716.204 454.034 262.17 463.987
internal_count=6668 4602 3158 2066 1318 748 1444
is_linear=0
shrinkage=0.0103456


Tree=71
num_leaves=8
num_cat=0
split_feature=21 30 6 48 19 34 34
split_gain=28.2881 25.1159 20.6693 19.4006 14.2802 8.49617 6.0052
threshold=29.233308698724425 0.0020189523533601654 0.0022163236345799091 47232.369500000008 0.0040149562044663476 -0.00051314010321573667 -0.0010587308972613838
decision_type=2 2 2 2 2 2 2
left_child=1 3 -3 -1 5 -2 -6
right_child=4 2 -4 -5 6 -7 -8
leaf_value=0.0041950358832159203 0.00023925438122680134 -0.0007111933276446261 -0.004624085844998637 0.00013194865553660368 0.0092611281062121003 0.011762970416921998 0.00029557250103139977
leaf_weight=139.40125645697117 8.3966133743524534 486.82734930515289 205.47839225828648 1287.4352972656488 9.658966511487959 37.124647259712219 46.452108711004257
leaf_count=411 25 1481 650 3840 26 94 141
internal_value=8.0372e-08 -0.000255627 -0.00187255 0.00052891 0.00533185 0.00963737 0.0018389
internal_weight=2220.77 2119.14 692.306 1426.84 101.632 45.5213 56.1111
internal_count=6668 6382 2131 4251 286 119 167
is_linear=0
shrinkage=0.0103456


Tree=72
num_leaves=8
num_cat=0
split_feature=51 37 57 2 22 4 42
split_gain=20.5338 15.5335 13.9064 11.5431 9.32613 9.56006 5.4246
threshold=54828.661000000007 0.63231061996470472 425.05097700000016 77.296524839218193 24.592616113879902 -0.0025227224820817402 43.494217558802909
decision_type=2 2 2 2 2 2 2
left_child=1 2 -1 -3 5 -2 -6
right_child=4 3 -4 -5 6 -7 -8
leaf_value=-0.0011960528027335179 -0.0060190938730186388 0.00013190435101985751 -0.0065441895997954812 0.0062977263165487586 0.0020136505198380642 0.0029052109390080654 0.010874600373245925
leaf_weight=540.19795088469982 14.038187965750692 1390.0155229121447 57.585537031292915 33.275765538215637 10.802054077386854 151.50181059539318 23.443020701408386
leaf_count=1608 38 4165 161 110 33 472 81
internal_value=1.02996e-06 -0.000311738 -0.00171125 0.000276058 0.00316506 0.00214841 0.00807956
internal_weight=2220.86 2021.07 597.783 1423.29 199.785 165.54 34.2451
internal_count=6668 6044 1769 4275 624 510 114
is_linear=0
shrinkage=0.0103456


Tree=73
num_leaves=8
num_cat=0
split_feature=13 13 3 38 7 46 7
split_gain=56.0531 24.9214 17.02 13.1511 15.405 10.4018 5.68236
threshold=0.59674034826330924 1.3752819022496729 0.0045622370455886676 0.6606860586696478 -0.014903538913021539 9.4780000000000024e-05 0.0096315944828794259
decision_type=2 2 2 2 2 2 2
left_child=3 2 -2 4 -1 -5 -3
right_child=1 6 -4 5 -6 -7 -8
leaf_value=-0.0041428379172794164 -0.00070862819929784634 -0.0029420140738613959 0.0030513363828821114 0.0016154296764289452 0.0050204131581670069 -0.0081637163435349849 -0.0070353526235643954
leaf_weight=21.155757486820221 1191.2310540825129 298.50804069638252 144.48590995371342 237.67811180651188 273.55440330505371 12.241457387804983 41.32333616912365
leaf_count=63 3611 932 425 702 764 37 134
internal_value=-1.1153e-06 -0.000938322 -0.000301909 0.00288219 0.00436263 0.00113643 -0.00343976
internal_weight=2220.18 1675.55 1335.72 544.63 294.71 249.92 339.831
internal_count=6668 5102 4036 1566 827 739 1066
is_linear=0
shrinkage=0.0103456


Tree=74
num_leaves=8
num_cat=0
split_feature=3 21 36 7 8 1 14
split_gain=27.9774 21.5131 20.6338 17.9652 14.4595 11.8045 6.12526
threshold=0.0019720161663027663 28.596193817655951 0.44134895202810559 0.00060947664036581372 -0.0013432928900933281 0.00048383642965165271 0.0016125063410076708
decision_type=2 2 2 2 2 2 2
left_child=1 3 5 -1 -4 -2 -3
right_child=2 6 4 -5 -6 -7 -8
leaf_value=-8.4872313589777243e-05 -0.0058886483983641956 0.013610269710621155 0.0024883164099395428 0.0034843085599789202 -0.00078064269081824637 0.0033246238514422276 0.0053671396102546506
leaf_weight=388.20157663524151 114.26258988678455 18.220225155353546 163.77818760275841 246.96981024742126 1251.5500330328941 17.11376528441906 20.508489847183228
leaf_count=1144 348 45 482 715 3827 49 58
internal_value=8.49977e-08 0.00175935 -0.000766427 0.00130291 -0.000402367 -0.00468848 0.00924518
internal_weight=2220.6 673.9 1546.7 635.171 1415.33 131.376 38.7287
internal_count=6668 1962 4706 1859 4309 397 103
is_linear=0
shrinkage=0.0103456


Tree=75
num_leaves=8
num_cat=0
split_feature=51 37 57 13 3 37 3
split_gain=20.2221 15.2893 13.7787 11.4793 9.28094 9.50657 8.10587
threshold=54828.661000000007 0.63231061996470472 425.05097700000016 4.0858495607185183 0.0020504004923216101 0.48943820472426597 0.0015678292484795563
decision_type=2 2 2 2 2 2 2
left_child=1 2 -1 -3 6 -6 -2
right_child=4 3 -4 -5 5 -7 -8
leaf_value=-0.001186101849848393 0.0040991820895854864 0.00018768360404523442 -0.0065161421030914502 0.010328249391655366 0.0088595549402841825 0.0014570679887432663 0.01657334999705052
leaf_weight=539.89927633106709 13.273298740386965 1411.3911753892899 57.433648958802223 12.050295829772947 21.077754408121109 155.99299676716328 9.6140786409378034
leaf_count=1608 42 4233 161 42 72 474 36
internal_value=1.13079e-06 -0.00030942 -0.00169859 0.00027353 0.00313955 0.00233823 0.00933908
internal_weight=2220.73 2020.77 597.333 1423.44 199.958 177.071 22.8874
internal_count=6668 6044 1769 4275 624 546 78
is_linear=0
shrinkage=0.0103456


Tree=76
num_leaves=8
num_cat=0
split_feature=36 7 13 23 30 60 48
split_gain=55.2748 22.6921 18.5694 16.1718 15.8207 11.6414 6.60083
threshold=0.65556881127166389 0.0038059716505419732 1.3752819022496729 -0.016066372202797937 0.0026548764391633992 117.09792700000014 54531.802500000013
decision_type=2 2 2 2 2 2 2
left_child=3 2 -2 6 -5 -3 -1
right_child=1 5 -4 4 -6 -7 -8
leaf_value=-0.0064156432490918153 0.00041138319499682189 -0.0019884123350279244 -0.0030439406197876892 0.0019623175851895976 0.0059187825457267841 -0.0056075129205083165 0.0022986979149340276
leaf_weight=30.265316754579544 831.54199548065662 329.44398958981037 208.13778367638588 538.01635558903217 135.39778919517994 133.75230817496777 13.432546913623808
leaf_count=88 2504 1023 654 1563 374 421 41
internal_value=-1.22074e-06 -0.00112888 -0.000280352 0.00236205 0.00275781 -0.00303346 -0.00373689
internal_weight=2219.99 1502.88 1039.68 717.112 673.414 463.196 43.6979
internal_count=6668 4602 3158 2066 1937 1444 129
is_linear=0
shrinkage=0.0103456


Tree=77
num_leaves=8
num_cat=0
split_feature=3 20 51 36 8 3 1
split_gain=27.5489 23.7929 22.2566 20.3458 14.2602 12.6435 11.6635
threshold=0.0019720161663027663 11.113686637952206 54828.661000000007 0.44134895202810559 -0.0013432928900933281 0.0010118772488121851 0.00048383642965165271
decision_type=2 2 2 2 2 2 2
left_child=1 5 -3 6 -5 -1 -2
right_child=3 2 -4 4 -6 -7 -8
leaf_value=0.0052614602892372703 -0.005856251583284712 0.0028804995691076637 -0.0086464781820986009 0.0024697201700150944 -0.00077555740192692009 -0.0049232859325614945 0.0032993197379138895
leaf_weight=15.768809184432028 113.9696531444788 564.42256353795528 18.516568556427956 163.90729893743992 1251.1947121620178 75.559703603386879 17.131173193454742
leaf_count=46 348 1616 68 482 3827 232 49
internal_value=8.95669e-08 0.00174512 0.00251435 -0.000760885 -0.000399666 -0.00316478 -0.00465988
internal_weight=2220.47 674.268 582.939 1546.2 1415.1 91.3285 131.101
internal_count=6668 1962 1684 4706 4309 278 397
is_linear=0
shrinkage=0.0103456


Tree=78
num_leaves=8
num_cat=0
split_feature=51 37 57 2 22 4 42
split_gain=19.8866 15.0472 13.6512 11.3406 9.11961 9.39352 5.30563
threshold=54828.661000000007 0.63231061996470472 425.05097700000016 77.296524839218193 24.592616113879902 -0.0025227224820817402 43.494217558802909
decision_type=2 2 2 2 2 2 2
left_child=1 2 -1 -3 5 -2 -6
right_child=4 3 -4 -5 6 -7 -8
leaf_value=-0.0011760307876186908 -0.0059967127512360217 0.00012812157701896037 -0.006487925903629118 0.0062328014299375713 0.0019679175593532387 0.0028550043029478534 0.010721337963503755
leaf_weight=539.59710554778576 14.016752123832701 1390.2225593328476 57.279886662960052 33.351965397596359 10.819763571023939 151.7877251803875 23.52657562494278
leaf_count=1608 38 4165 161 110 33 472 81
internal_value=1.17633e-06 -0.000306969 -0.00168579 0.000271144 0.0031118 0.0021067 0.00796384
internal_weight=2220.6 2020.45 596.877 1423.57 200.151 165.804 34.3463
internal_count=6668 6044 1769 4275 624 510 114
is_linear=0
shrinkage=0.0103456


Tree=79
num_leaves=8
num_cat=0
split_feature=13 13 3 1 10 52 7
split_gain=54.5479 24.2768 16.7431 12.9806 18.6427 7.23751 5.65164
threshold=0.59674034826330924 1.3752819022496729 0.0045622370455886676 0.00038539102780425858 0.005659148949516986 3.9820000000000008e-05 0.0096315944828794259
decision_type=2 2 2 2 2 2 2
left_child=3 2 -2 4 -1 -5 -3
right_child=1 6 -4 5 -6 -7 -8
leaf_value=0.00045573987142499616 -0.00070304198814082758 -0.0029030107738789949 0.0030245709066848117 -0.0022592998713061078 0.0049251932966652362 0.0061147337556984073 -0.0069929882314850441
leaf_weight=145.90843436121941 1190.8236368149519 297.75834283232689 144.63456207513809 69.688863202929497 316.69959037005901 13.12766359746456 41.160303935408592
leaf_count=425 3611 932 425 209 892 40 134
internal_value=-1.28102e-06 -0.000926895 -0.000299329 0.00284022 0.00351551 -0.00093189 -0.00339972
internal_weight=2219.8 1674.38 1335.46 545.425 462.608 82.8165 338.919
internal_count=6668 5102 4036 1566 1317 249 1066
is_linear=0
shrinkage=0.0103456


Tree=80
num_leaves=8
num_cat=0
split_feature=21 30 28 48 19 12 54
split_gain=27.3827 24.4012 20.3395 19.0323 13.844 5.90427 5.22804
threshold=29.233308698724425 0.0020189523533601654 52.174537348051182 47232.369500000008 0.0040149562044663476 0.0029287181988471422 -0.00037963091570708535
decision_type=2 2 2 2 2 2 2
left_child=1 3 -3 -1 6 -6 -2
right_child=4 2 -4 -5 5 -7 -8
leaf_value=0.0041485514717506822 0.0044573083774115587 -0.00070382460403343712 -0.0046015383232653447 0.00012738862424884181 0.00041202517561570747 0.0099053631495056912 0.011910650804128247
leaf_weight=139.6433127373457 14.986880764365194 488.41323268413544 202.79367078840733 1287.5889081954956 47.979646191000938 8.2121855318546277 30.720002844929695
leaf_count=411 41 1491 640 3840 144 23 78
internal_value=1.04232e-07 -0.000251873 -0.00184738 0.000520827 0.00523863 0.00179943 0.00946677
internal_weight=2220.34 2118.44 691.207 1427.23 101.899 56.1918 45.7069
internal_count=6668 6382 2131 4251 286 167 119
is_linear=0
shrinkage=0.0103456


Tree=81
num_leaves=8
num_cat=0
split_feature=48 37 57 13 60 44 22
split_gain=17.9299 14.9504 13.5556 11.2096 8.7333 11.1127 3.94364
threshold=54815.039000000012 0.63231061996470472 425.05097700000016 4.0858495607185183 313.68114750000024 0.80165724898440083 17.641623168299478
decision_type=2 2 2 2 2 2 2
left_child=1 2 -1 -3 5 -2 -6
right_child=4 3 -4 -5 6 -7 -8
leaf_value=-0.0011594915703399601 0.0027391265808630466 0.00019914570751821005 -0.0064595915372890108 0.010201033070752966 0.0015128675736382515 0.011201914614571954 -0.008878077042798662
leaf_weight=538.90560403466225 166.32881827652454 1411.6169253438711 57.12414413690567 12.096148535609244 6.8731056302785865 18.449703812599182 9.0658616721630079
leaf_count=1607 515 4234 161 42 21 65 23
internal_value=1.27626e-06 -0.000291792 -0.00166746 0.000284124 0.00295031 0.00358412 -0.00439736
internal_weight=2220.46 2019.74 596.03 1423.71 200.717 184.779 15.939
internal_count=6668 6044 1768 4276 624 580 44
is_linear=0
shrinkage=0.0103456


Tree=82
num_leaves=8
num_cat=0
split_feature=36 7 13 40 49 13 56
split_gain=53.7973 22.4238 18.0614 15.928 17.8112 12.0163 11.9397
threshold=0.65556881127166389 0.0038059716505419732 1.3752819022496729 -0.00013237950013021804 1.3165000000000002e-05 0.58615803966702906 123.03860100000016
decision_type=2 2 2 2 2 2 2
left_child=3 2 -2 5 -5 -1 -3
right_child=1 6 -4 4 -6 -7 -8
leaf_value=0.0066860041221665015 0.00040975877301543999 -0.0019194362019305672 -0.0030017000793618092 -0.0010252819049449424 0.0030771694954213435 0.0022575194012952634 -0.0055435452051685258
leaf_weight=124.55292220413685 831.57448014616966 323.29249520599842 207.56690689921379 213.02040848135948 241.89738908410072 138.50852927565575 139.18795853853226
leaf_count=342 2504 1004 654 631 687 406 440
internal_value=-1.37069e-06 -0.00111509 -0.000271675 0.00232792 0.00115615 0.00435429 -0.00301015
internal_weight=2219.6 1501.62 1039.14 717.979 454.918 263.061 462.48
internal_count=6668 4602 3158 2066 1318 748 1444
is_linear=0
shrinkage=0.0103456


Tree=83
num_leaves=8
num_cat=0
split_feature=3 20 51 36 8 3 1
split_gain=26.9479 23.4248 21.7996 19.9557 14.0703 12.4795 11.4918
threshold=0.0019720161663027663 11.113686637952206 54828.661000000007 0.44134895202810559 -0.0013432928900933281 0.0010118772488121851 0.00048383642965165271
decision_type=2 2 2 2 2 2 2
left_child=1 5 -3 6 -5 -1 -2
right_child=3 2 -4 4 -6 -7 -8
leaf_value=0.0052111483641371125 -0.005812694904144578 0.0028481690344872544 -0.0085917375568963245 0.0024533943834635879 -0.00076934130551031864 -0.0049006082358154764 0.0032735904245788519
leaf_weight=15.799152970314024 113.56313435733318 565.11410130560398 18.409396097064018 164.01524449884892 1250.6773236244917 75.443226054310799 17.147591158747673
leaf_count=46 348 1616 68 482 3827 232 49
internal_value=9.39173e-08 0.00172502 0.00248726 -0.000753057 -0.000395707 -0.0031497 -0.00462069
internal_weight=2220.17 674.766 583.523 1545.4 1414.69 91.2424 130.711
internal_count=6668 1962 1684 4706 4309 278 397
is_linear=0
shrinkage=0.0103456


Tree=84
num_leaves=8
num_cat=0
split_feature=51 14 2 36 22 8 42
split_gain=19.2872 14.4529 10.7342 10.4552 8.937 9.36731 5.20176
threshold=54828.661000000007 0.0012898016687153343 75.577748363362659 0.63754641383071975 24.592616113879902 -0.00086282663125347703 43.494217558802909
decision_type=2 2 2 2 2 2 2
left_child=1 2 -1 -3 5 -2 -6
right_child=4 3 -4 -5 6 -7 -8
leaf_value=-0.0020528073411088541 -0.0041747139973834189 -0.0012102801141823931 0.0064464846189388712 0.00073848595998493225 0.0019245076490094068 0.0030344186835718993 0.010582733723610446
leaf_weight=505.35567304491997 22.281008556485176 403.17004339396954 16.421244934201241 1094.8847343474627 10.837144196033476 143.77371540665627 23.601188093423843
leaf_count=1476 62 1203 55 3310 33 448 81
internal_value=1.32587e-06 -0.000302466 -0.00178532 0.000214016 0.00306182 0.00206711 0.00785814
internal_weight=2220.32 2019.83 521.777 1498.05 200.493 166.055 34.4383
internal_count=6668 6044 1531 4513 624 510 114
is_linear=0
shrinkage=0.0103456


Tree=85
num_leaves=8
num_cat=0
split_feature=13 13 3 1 10 20 53
split_gain=52.9577 23.6354 16.4577 12.6696 18.1475 7.29143 5.61337
threshold=0.59674034826330924 1.3752819022496729 0.0045622370455886676 0.00038539102780425858 0.005659148949516986 14.996193498168134 7.5000000000000009
decision_type=2 2 2 2 2 2 2
left_child=3 2 -2 4 -1 -5 -3
right_child=1 6 -4 5 -6 -7 -8
leaf_value=0.00044235209144858164 -0.00069653442598257935 0.0059569411309204987 0.0029975368911639836 0.0037723376358283437 0.0048495881037001207 -0.0029353666062925336 -0.0035494293797560836
leaf_weight=145.98151418566704 1190.355841204524 6.7844629585742942 144.78500466048717 24.731644049286842 317.47600100934505 58.076041862368584 331.18592654168606
leaf_count=425 3611 19 425 71 892 178 1047
internal_value=-1.44506e-06 -0.000914603 -0.000295943 0.00279539 0.00346138 -0.000932019 -0.0033586
internal_weight=2219.38 1673.11 1335.14 546.265 463.458 82.8077 337.97
internal_count=6668 5102 4036 1566 1317 249 1066
is_linear=0
shrinkage=0.0103456


Tree=86
num_leaves=8
num_cat=0
split_feature=21 3 20 36 40 38 23
split_gain=26.787 21.0472 19.3633 19.0863 13.5822 6.6339 6.33214
threshold=29.233308698724425 0.0019720161663027663 11.113686637952206 0.44134895202810559 0.0002935138344123519 0.62873945949127819 0.0042788123967905109
decision_type=2 2 2 2 2 2 2
left_child=1 2 -1 -3 5 -2 -6
right_child=4 3 -4 -5 6 -7 -8
leaf_value=-0.0031079413327162837 0.00070452419912539152 -0.004729401691641575 0.0020469950107133944 -0.00056486267924658548 -0.0045969552579450314 0.0099731749867416116 0.0036938295578417559
leaf_weight=90.875472113490105 9.9442721307277662 129.06695984303951 550.10510343313217 1347.8934740871191 15.232100978493689 48.948236107826233 27.956554710865021
leaf_count=277 28 393 1595 4117 50 128 80
internal_value=1.18609e-07 -0.000249373 0.00131615 -0.000928789 0.00517648 0.00840812 0.000769773
internal_weight=2220.02 2117.94 640.981 1476.96 102.081 58.8925 43.1887
internal_count=6668 6382 1872 4510 286 156 130
is_linear=0
shrinkage=0.0103456


Tree=87
num_leaves=8
num_cat=0
split_feature=48 37 57 2 60 44 8
split_gain=17.3751 14.6247 13.4507 11.0192 8.58107 10.8675 3.90671
threshold=54815.039000000012 0.63231061996470472 425.05097700000016 77.296524839218193 313.68114750000024 0.80165724898440083 0.00087830547844836026
decision_type=2 2 2 2 2 2 2
left_child=1 2 -1 -3 5 -2 -6
right_child=4 3 -4 -5 6 -7 -8
leaf_value=-0.0011431474328852857 0.0026927687001240979 0.00014085281375230896 -0.0064298697572008458 0.0061498873644779458 -0.0088530077594274805 0.01104461797354961 0.0014912644870360987
leaf_weight=538.4026720225811 166.59211067855358 1390.3347101807594 56.958472698926926 33.448725059628487 9.0474612116813642 18.530356988310814 6.8787955641746512
leaf_count=1607 515 4166 161 110 23 65 21
internal_value=1.46152e-06 -0.000287335 -0.00164893 0.000282022 0.00290186 0.00352877 -0.00438516
internal_weight=2220.19 2019.14 595.361 1423.78 201.049 185.122 15.9263
internal_count=6668 6044 1768 4276 624 580 44
is_linear=0
shrinkage=0.0103456


Tree=88
num_leaves=8
num_cat=0
split_feature=36 7 13 23 3 56 48
split_gain=52.2375 22.1647 17.5351 15.7957 15.5176 11.7914 6.54552
threshold=0.65556881127166389 0.0038059716505419732 1.3752819022496729 -0.016066372202797937 0.0044876047200125306 123.03860100000016 54531.802500000013
decision_type=2 2 2 2 2 2 2
left_child=3 2 -2 6 -5 -3 -1
right_child=1 5 -4 4 -6 -7 -8
leaf_value=-0.0064071369584896834 0.00040880749397405536 -0.0019024070861902857 -0.0029565607900695267 0.0021717370848657078 0.0075063398014391146 -0.0055081490236263322 0.0022684411120223423
leaf_weight=30.24437204003334 831.58455793559551 322.95930667221546 206.95410822331905 610.66410441696644 64.529684126377106 138.78507293760777 13.446416184306143
leaf_count=88 2504 1004 654 1756 181 440 41
internal_value=-1.55786e-06 -0.0011003 -0.000261824 0.00229148 0.00268158 -0.00298617 -0.00373711
internal_weight=2219.17 1500.28 1038.54 718.885 675.194 461.744 43.6908
internal_count=6668 4602 3158 2066 1937 1444 129
is_linear=0
shrinkage=0.0103456


Tree=89
num_leaves=8
num_cat=0
split_feature=30 28 48 23 37 20 9
split_gain=26.404 21.2001 18.2607 13.6439 15.5661 13.2751 7.59154
threshold=0.0020189523533601654 56.762725192695051 47232.369500000008 -0.023008223134063251 0.44060965559684745 14.436984895361052 0.38495920240343934
decision_type=2 2 2 2 2 2 2
left_child=1 2 -1 6 -5 -3 -2
right_child=3 5 -4 4 -6 -7 -8
leaf_value=0.0040489309161291977 0.0095294770638684259 -0.0020629999401469935 3.327224726997279e-05 -0.0063826685303019545 -0.0013946020542491974 0.0067197902241747228 -0.00054525987764477595
leaf_weight=134.20893414318562 17.576181545853615 22.890075862407684 1250.8710918426514 75.21811905503273 610.06567278504372 94.322553724050522 14.70105294883251
leaf_count=394 50 74 3729 234 1881 261 45
internal_value=9.56401e-08 0.000779893 0.000422374 -0.0016325 -0.0019421 0.00500463 0.00494082
internal_weight=2219.85 1502.29 1385.08 717.561 685.284 117.213 32.2772
internal_count=6668 4458 4123 2210 2115 335 95
is_linear=0
shrinkage=0.0103456


Tree=90
num_leaves=8
num_cat=0
split_feature=51 37 57 30 1 43 8
split_gain=18.7676 14.2601 13.2864 11.0064 8.9249 15.0579 4.26096
threshold=54828.661000000007 0.63231061996470472 425.05097700000016 0.00076832673421953852 0.00078513075785379804 0.00014108383200542963 0.0016361881951787451
decision_type=2 2 2 2 2 2 2
left_child=1 2 -1 -3 5 -2 -6
right_child=4 3 -4 -5 6 -7 -8
leaf_value=-0.0011410197847366841 0.0018457390294156705 -0.0020973990921071958 -0.0064018102395476005 0.0006141455231535491 -0.007038322529805934 0.0084377110088065411 0.0025303618544211554
leaf_weight=538.52755466103554 127.42857173085213 184.00043350458145 56.802567213773727 1239.9465165734291 12.946244865655901 52.31645593047142 8.095843240618704
leaf_count=1608 389 536 161 3739 34 176 25
internal_value=1.56392e-06 -0.000298386 -0.00164297 0.000263764 0.0030181 0.00376439 -0.00335682
internal_weight=2220.06 2019.28 595.33 1423.95 200.787 179.745 21.0421
internal_count=6668 6044 1769 4275 624 565 59
is_linear=0
shrinkage=0.0103456


Tree=91
num_leaves=8
num_cat=0
split_feature=13 13 3 1 10 20 7
split_gain=51.4813 22.9821 16.1472 12.447 17.7302 7.20559 5.60193
threshold=0.59674034826330924 1.3752819022496729 0.0045622370455886676 0.00038539102780425858 0.005659148949516986 14.996193498168134 0.0096315944828794259
decision_type=2 2 2 2 2 2 2
left_child=3 2 -2 4 -1 -5 -3
right_child=1 6 -4 5 -6 -7 -8
leaf_value=0.00042828687123569584 -0.00069077316178844787 -0.0028219305059584898 0.0029664302444641121 0.0037307053354121047 0.0047822269649294147 -0.0029340648235611781 -0.0069096985065038342
leaf_weight=146.06409256160259 1189.9266867339611 296.17794951796532 144.95610983669758 24.768879175186157 318.16648307442665 58.065198421478271 40.828698739409447
leaf_count=425 3611 932 425 71 892 178 134
internal_value=-1.68314e-06 -0.000903095 -0.000293634 0.00275313 0.00341232 -0.000941179 -0.00331717
internal_weight=2218.95 1671.89 1334.88 547.065 464.231 82.8341 337.007
internal_count=6668 5102 4036 1566 1317 249 1066
is_linear=0
shrinkage=0.0103456


Tree=92
num_leaves=8
num_cat=0
split_feature=3 20 51 36 8 3 1
split_gain=25.9197 22.7297 21.3296 19.2464 13.8936 12.3208 11.3199
threshold=0.0019720161663027663 11.113686637952206 54828.661000000007 0.44134895202810559 -0.0013432928900933281 0.0010118772488121851 0.00048383642965165271
decision_type=2 2 2 2 2 2 2
left_child=1 5 -3 6 -5 -1 -2
right_child=3 2 -4 4 -6 -7 -8
leaf_value=0.0051827176026302589 -0.0057383362296221851 0.0027945477119208821 -0.0085473015760225007 0.0024411533647314253 -0.00076074129983699258 -0.004862373001653519 0.0032862598565891864
leaf_weight=15.816187337040899 112.86643062531948 566.2628638446331 18.321352705359459 164.09020712971687 1249.9652752131224 75.245663419365883 17.135086417198181
leaf_count=46 348 1616 68 482 3827 232 49
internal_value=1.18388e-07 0.00169016 0.00243908 -0.000739407 -0.000389186 -0.00311768 -0.00454883
internal_weight=2219.7 675.646 584.584 1544.06 1414.06 91.0619 130.002
internal_count=6668 1962 1684 4706 4309 278 397
is_linear=0
shrinkage=0.0103456


Tree=93
num_leaves=8
num_cat=0
split_feature=48 37 57 13 60 44 22
split_gain=16.8405 14.1909 13.1981 10.9183 8.39748 10.5723 3.86144
threshold=54815.039000000012 0.63231061996470472 425.05097700000016 4.0858495607185183 313.68114750000024 0.80165724898440083 17.641623168299478
decision_type=2 2 2 2 2 2 2
left_child=1 2 -1 -3 5 -2 -6
right_child=4 3 -4 -5 6 -7 -8
leaf_value=-0.0011252090831733608 0.0026479495452866623 0.00019347871547841398 -0.0063750466364486747 0.010041532577713374 0.0014757780103948838 0.010866924970649937 -0.0088135179893620939
leaf_weight=537.85843470692635 166.85810543596745 1411.8692040890455 56.653413653373718 12.153166800737379 6.882476106286048 18.620652928948402 9.0202872455120069
leaf_count=1607 515 4234 161 42 21 65 23
internal_value=1.65292e-06 -0.000282962 -0.00162549 0.000277526 0.00285447 0.00347307 -0.00436047
internal_weight=2219.92 2018.53 594.512 1424.02 201.382 185.479 15.9028
internal_count=6668 6044 1768 4276 624 580 44
is_linear=0
shrinkage=0.0103456


Tree=94
num_leaves=8
num_cat=0
split_feature=36 7 13 7 3 56 1
split_gain=50.8089 21.865 17.0815 15.4058 18.2325 11.6396 8.41669
threshold=0.65556881127166389 0.0038059716505419732 1.3752819022496729 -0.015315066187425784 0.0044876047200125306 123.03860100000016 -0.00032819810900807706
decision_type=2 2 2 2 2 2 2
left_child=3 2 -2 6 -5 -3 -1
right_child=1 5 -4 4 -6 -7 -8
leaf_value=0.0055202873010264542 0.00040730843335947179 -0.0018849108036362919 -0.0029176346141877928 0.0022009146799015439 0.0085128715545945283 -0.0054717560959522743 -0.0046429354058344155
leaf_weight=10.641968116164206 831.61097966134548 322.61269034445286 206.42633377015591 607.47371688485146 53.277487754821777 138.36469104886055 48.329865768551826
leaf_count=30 2504 1004 654 1746 146 440 144
internal_value=-1.73609e-06 -0.00108655 -0.000253897 0.00225767 0.00270986 -0.00296152 -0.0028089
internal_weight=2218.74 1499.01 1038.04 719.723 660.751 460.977 58.9718
internal_count=6668 4602 3158 2066 1892 1444 174
is_linear=0
shrinkage=0.0103456


Tree=95
num_leaves=8
num_cat=0
split_feature=21 30 6 48 19 34 34
split_gain=25.9288 23.0148 19.9956 18.3971 13.3463 8.0972 5.90758
threshold=29.233308698724425 0.0020189523533601654 0.0022163236345799091 47232.369500000008 0.0040149562044663476 -0.00051314010321573667 -0.0010587308972613838
decision_type=2 2 2 2 2 2 2
left_child=1 3 -3 -1 5 -2 -6
right_child=4 2 -4 -5 6 -7 -8
leaf_value=0.0040641161631072191 7.5966439586566526e-05 -0.0006565245792275674 -0.0045180515291880375 0.0001162693883699448 0.0090525521860397168 0.011284111494986974 0.00018402739937432286
leaf_weight=140.08063520491123 8.45337265729904 485.28838461637497 203.80154968798161 1288.0259823203087 9.7129701375961286 37.517775058746338 46.656951725482941
leaf_count=411 25 1481 650 3840 26 94 141
internal_value=8.22546e-08 -0.000245763 -0.00179859 0.000503507 0.00508603 0.00922311 0.00171214
internal_weight=2219.54 2117.2 689.09 1428.11 102.341 45.9711 56.3699
internal_count=6668 6382 2131 4251 286 119 167
is_linear=0
shrinkage=0.0103456


Tree=96
num_leaves=8
num_cat=0
split_feature=51 14 50 36 1 43 8
split_gain=18.1792 13.9624 10.5819 9.85566 8.76029 14.6817 4.18903
threshold=54828.661000000007 0.0012898016687153343 47.500000000000007 0.63754641383071975 0.00078513075785379804 0.00014108383200542963 0.0016361881951787451
decision_type=2 2 2 2 2 2 2
left_child=1 2 -1 -3 5 -2 -6
right_child=4 3 -4 -5 6 -7 -8
leaf_value=-0.0022496697487498214 0.0018105795571188423 -0.0011714681915275774 0.002625901825073594 0.00072202052494419681 -0.0070087108904038171 0.0083098391083859854 0.0024765838873125235
leaf_weight=467.7339928150177 127.59164702892303 402.24382817745209 53.050253182649612 1095.5980149507523 12.920698195695879 52.512854993343353 8.1122128963470441
leaf_count=1363 389 1203 168 3310 34 176 25
internal_value=1.71527e-06 -0.000293821 -0.00175301 0.000213526 0.00296773 0.00370556 -0.00335031
internal_weight=2219.76 2018.63 520.784 1497.84 201.137 180.105 21.0329
internal_count=6668 6044 1531 4513 624 565 59
is_linear=0
shrinkage=0.0103456


Tree=97
num_leaves=8
num_cat=0
split_feature=13 13 3 38 21 46 7
split_gain=50.1149 22.3778 15.8302 12.2096 14.7711 10.109 5.55872
threshold=0.59674034826330924 1.3752819022496729 0.0045622370455886676 0.6606860586696478 18.330716884478925 9.4780000000000024e-05 0.0096315944828794259
decision_type=2 2 2 2 2 2 2
left_child=3 2 -2 4 -1 -5 -3
right_child=1 6 -4 5 -6 -7 -8
leaf_value=9.4545144867771422e-05 -0.00068491865966907595 -0.0027846424576356047 0.0029343506107342215 0.0015034220672618618 0.005452096925289667 -0.0081450433980139632 -0.0068651139033735547
leaf_weight=73.059451669454575 1189.4921021312475 295.4447305649519 145.12989941239357 238.69268974661827 223.81808403134346 12.217560529708861 40.649305835366249
leaf_count=217 3611 932 425 702 610 37 134
internal_value=-1.84123e-06 -0.0008922 -0.000291351 0.00271369 0.00413364 0.00103361 -0.00327816
internal_weight=2218.5 1670.72 1334.62 547.788 296.878 250.91 336.094
internal_count=6668 5102 4036 1566 827 739 1066
is_linear=0
shrinkage=0.0103456


Tree=98
num_leaves=8
num_cat=0
split_feature=21 30 6 48 19 34 12
split_gain=25.479 22.6905 19.7786 18.0926 13.1366 7.95301 5.81065
threshold=29.233308698724425 0.0020189523533601654 0.0022163236345799091 47232.369500000008 0.0040149562044663476 -0.00051314010321573667 0.0029287181988471422
decision_type=2 2 2 2 2 2 2
left_child=1 3 -3 -1 5 -2 -6
right_child=4 2 -4 -5 6 -7 -8
leaf_value=0.0040283639318606998 7.1513235108637302e-05 -0.00065098846296605928 -0.0044941383570364212 0.00011568484932298657 0.00031616063844218037 0.011176316533844249 0.0097085953824728715
leaf_weight=140.26782159507275 8.4547773450613004 485.13620902597904 203.43181322515011 1288.04059047997 48.152220860123634 37.604229748249054 8.259094297885893
leaf_count=411 25 1481 650 3840 144 94 23
internal_value=1.24933e-07 -0.000243761 -0.00178642 0.000499932 0.00503843 0.00913787 0.00169129
internal_weight=2219.35 2116.88 688.568 1428.31 102.47 46.059 56.4113
internal_count=6668 6382 2131 4251 286 119 167
is_linear=0
shrinkage=0.0103456


Tree=99
num_leaves=8
num_cat=0
split_feature=51 37 57 2 3 47 3
split_gain=17.9082 13.6992 13.0548 10.8918 8.73768 9.41419 7.90021
threshold=54828.661000000007 0.63231061996470472 425.05097700000016 77.296524839218193 0.0020504004923216101 11.500000000000002 0.0015678292484795563
decision_type=2 2 2 2 2 2 2
left_child=1 2 -1 -3 6 -6 -2
right_child=4 3 -4 -5 5 -7 -8
leaf_value=-0.0011142572410503559 0.0037785486761159519 0.00011841280385168284 -0.0063431977341337374 0.0060863424166680809 0.0073436668624977074 0.0010749891286741186 0.01602689626121772
leaf_weight=537.70424979925156 13.411726683378221 1390.6340157687664 56.471262842416763 33.520435646176338 31.054482504725456 147.10977558791637 9.7221330106258375
leaf_count=1608 42 4165 161 110 103 443 36
internal_value=1.81298e-06 -0.000291659 -0.00161122 0.00025888 0.00294433 0.00216764 0.00892598
internal_weight=2219.63 2018.33 594.176 1424.15 201.298 178.164 23.1339
internal_count=6668 6044 1769 4275 624 546 78
is_linear=0
shrinkage=0.0103456


Tree=100
num_leaves=8
num_cat=0
split_feature=36 7 13 23 3 56 48
split_gain=49.3974 21.5779 16.6013 15.3499 14.6685 11.4905 6.47962
threshold=0.65556881127166389 0.0038059716505419732 1.3752819022496729 -0.016066372202797937 0.0044876047200125306 123.03860100000016 54531.802500000013
decision_type=2 2 2 2 2 2 2
left_child=3 2 -2 6 -5 -3 -1
right_child=1 5 -4 4 -6 -7 -8
leaf_value=-0.006383610632778162 0.00040536634329121907 -0.00186777815799772 -0.0028761426198282447 0.0021111158983165793 0.00728208929156375 -0.0054359770893787698 0.0022486936399814614
leaf_weight=30.193007409572601 831.64570297300816 322.26688994467258 205.85335272550583 611.97421199083328 64.947249412536621 137.94020031392574 13.454317629337309
leaf_count=88 2504 1004 654 1756 181 440 41
internal_value=-1.93432e-06 -0.00107278 -0.000245728 0.00222382 0.00260725 -0.00293729 -0.0037227
internal_weight=2218.27 1497.71 1037.5 720.569 676.921 460.207 43.6473
internal_count=6668 4602 3158 2066 1937 1444 129
is_linear=0
shrinkage=0.0103456


Tree=101
num_leaves=8
num_cat=0
split_feature=3 20 51 36 8 3 1
split_gain=25.0018 22.3321 20.897 18.8167 13.6952 12.1327 11.1483
threshold=0.0019720161663027663 11.113686637952206 54828.661000000007 0.44134895202810559 -0.0013432928900933281 0.0010118772488121851 0.00048383642965165271
decision_type=2 2 2 2 2 2 2
left_child=1 5 -3 6 -5 -1 -2
right_child=3 2 -4 4 -6 -7 -8
leaf_value=0.0051141746000556796 -0.0056869122636505134 0.0027501778283884606 -0.0085024114218784017 0.002428060913597728 -0.000750340007894594 -0.0048443529091725815 0.0032695956452898482
leaf_weight=15.857343673706053 112.36695872247219 567.16762971878052 18.231964752078056 164.1699403077364 1249.0653793513775 75.149491384625435 17.144035816192627
leaf_count=46 348 1616 68 482 3827 232 49
internal_value=1.20163e-07 0.00165853 0.00239972 -0.000727 -0.000381118 -0.00310914 -0.00450129
internal_weight=2219.15 676.406 585.4 1542.75 1413.24 91.0068 129.511
internal_count=6668 1962 1684 4706 4309 278 397
is_linear=0
shrinkage=0.0103456


Tree=102
num_leaves=8
num_cat=0
split_feature=51 14 2 36 22 4 42
split_gain=17.6165 13.6432 10.5233 9.52672 8.66925 9.0932 5.05287
threshold=54828.661000000007 0.0012898016687153343 75.577748363362659 0.63754641383071975 24.592616113879902 -0.0025227224820817402 43.494217558802909
decision_type=2 2 2 2 2 2 2
left_child=1 2 -1 -3 5 -2 -6
right_child=4 3 -4 -5 6 -7 -8
leaf_value=-0.0019986616468533436 -0.0060262476275423464 -0.0011508710326855196 0.0064131497117030671 0.00071146549333063025 0.0017937772016647954 0.0026734097548396325 0.010305485412553566
leaf_weight=503.73411865532398 14.041351094841955 401.75806625187397 16.437429070472717 1096.0744825899601 10.88803595304489 152.79139326512814 23.742930173873901
leaf_count=1476 38 1203 55 3310 33 472 81
internal_value=1.86511e-06 -0.000289361 -0.00173285 0.000211938 0.00291899 0.00194121 0.00762939
internal_weight=2219.47 2018 520.172 1497.83 201.464 166.833 34.631
internal_count=6668 6044 1531 4513 624 510 114
is_linear=0
shrinkage=0.0103456


Tree=103
num_leaves=8
num_cat=0
split_feature=13 13 7 1 10 20 7
split_gain=48.7671 21.7766 15.6646 12.1566 17.1285 7.09806 5.51658
threshold=0.59674034826330924 1.3752819022496729 0.0040891535934913801 0.00038539102780425858 0.005659148949516986 14.996193498168134 0.0096315944828794259
decision_type=2 2 2 2 2 2 2
left_child=3 2 -2 4 -1 -5 -3
right_child=1 6 -4 5 -6 -7 -8
leaf_value=0.00039255388283592472 0.00043874987095840923 -0.0027469809308159018 -0.0020153992897774444 0.0036544941115609947 0.0046675225344058871 -0.002953338170568854 -0.0068205440069676708
leaf_weight=146.26993046700954 938.61059758067131 294.70249378681183 395.74978888034821 24.83666980266571 319.29513704776764 58.105729147791862 40.468609556555748
leaf_count=425 2813 932 1223 71 892 178 134
internal_value=-2.0031e-06 -0.000881288 -0.000289111 0.00267434 0.00332442 -0.000974657 -0.00323882
internal_weight=2218.04 1669.53 1334.36 548.507 465.565 82.9424 335.171
internal_count=6668 5102 4036 1566 1317 249 1066
is_linear=0
shrinkage=0.0103456


Tree=104
num_leaves=8
num_cat=0
split_feature=21 30 6 20 19 34 65
split_gain=24.9379 22.1312 19.4863 17.9075 12.8813 7.78953 5.80589
threshold=29.233308698724425 0.0020189523533601654 0.0022163236345799091 10.562561282636231 0.0040149562044663476 -0.00051314010321573667 537.5579684999999
decision_type=2 2 2 2 2 2 2
left_child=1 3 -3 -1 5 -2 -6
right_child=4 2 -4 -5 6 -7 -8
leaf_value=-0.0032644764379067309 6.1409924136987076e-05 -0.00063971627477535159 -0.0044584603021662738 0.00084969705860889124 0.00021697417022804307 0.011047108440442993 0.0092592771654800808
leaf_weight=123.99802003800869 8.4579495489597303 484.81455226242542 202.86939746141434 1304.6741642802954 47.410909608006477 37.704861789941788 9.0511441975831968
leaf_count=390 25 1481 650 3861 143 94 24
internal_value=1.36714e-07 -0.000241377 -0.00176626 0.000492618 0.00498069 0.00903431 0.0016665
internal_weight=2218.98 2116.36 687.684 1428.67 102.625 46.1628 56.4621
internal_count=6668 6382 2131 4251 286 119 167
is_linear=0
shrinkage=0.0103456


Tree=105
num_leaves=8
num_cat=0
split_feature=51 14 47 36 1 43 8
split_gain=17.357 13.4018 10.4772 9.35635 8.56631 14.3912 4.13004
threshold=54828.661000000007 0.0012898016687153343 47.500000000000007 0.63754641383071975 0.00078513075785379804 0.00014108383200542963 0.0016361881951787451
decision_type=2 2 2 2 2 2 2
left_child=1 2 -1 -3 5 -2 -6
right_child=4 3 -4 -5 6 -7 -8
leaf_value=-0.0022137164296744229 0.0017488587486920962 -0.0011416717788718571 0.0026396545260266133 0.00070421776730855885 -0.0069904526337379383 0.0081728144172232373 0.0024244096273240241
leaf_weight=466.73017562925816 127.85760368406773 401.5457171946764 53.01450589299202 1096.4115541130304 12.904935613274576 52.714618802070618 8.1280182301998121
leaf_count=1363 389 1203 168 3310 34 176 25
internal_value=1.95412e-06 -0.000287252 -0.00171867 0.000209405 0.00289638 0.00362421 -0.00335215
internal_weight=2219.31 2017.7 519.745 1497.96 201.605 180.572 21.033
internal_count=6668 6044 1531 4513 624 565 59
is_linear=0
shrinkage=0.0103456


Tree=106
num_leaves=8
num_cat=0
split_feature=13 13 3 1 10 20 53
split_gain=47.9334 21.4524 15.4818 11.9642 16.8561 7.00375 5.54351
threshold=0.59674034826330924 1.3752819022496729 0.0045622370455886676 0.00038539102780425858 0.005659148949516986 14.996193498168134 7.5000000000000009
decision_type=2 2 2 2 2 2 2
left_child=3 2 -2 4 -1 -5 -3
right_child=1 6 -4 5 -6 -7 -8
leaf_value=0.00038544020978628228 -0.00067660107605464932 0.0060593770889715032 0.0029007598716330914 0.0036232633455108021 0.0046249277646690842 -0.002938631462715701 -0.0034076687117187256
leaf_weight=146.31341315805912 1188.8664138913155 6.756604626774787 145.30859243869781 24.865574657917023 319.73630917072296 58.059568658471107 327.88991811871529
leaf_count=425 3611 19 425 71 892 178 1047
internal_value=-2.09717e-06 -0.000874439 -0.000286981 0.00264972 0.00329397 -0.00097101 -0.00321653
internal_weight=2217.8 1668.82 1334.18 548.975 466.05 82.9251 334.647
internal_count=6668 5102 4036 1566 1317 249 1066
is_linear=0
shrinkage=0.0103456


Tree=107
num_leaves=8
num_cat=0
split_feature=21 30 28 48 40 38 23
split_gain=24.4979 21.7611 19.3261 17.7487 12.7429 6.38928 6.15202
threshold=29.233308698724425 0.0020189523533601654 52.174537348051182 47232.369500000008 0.0002935138344123519 0.62873945949127819 0.0042788123967905109
decision_type=2 2 2 2 2 2 2
left_child=1 3 -3 -1 5 -2 -6
right_child=4 2 -4 -5 6 -7 -8
leaf_value=0.0039794704640528956 0.00050666543226232869 -0.00063855860074249536 -0.004455238224946317 0.00010732000459822741 -0.0046229214433353991 0.0095728002464147612 0.0035391235683733153
leaf_weight=140.51865914463997 10.005170583724974 486.57559570670128 200.51682388782501 1288.4074562489986 15.24604783952236 49.396165445446968 28.103607133030891
leaf_count=411 28 1491 640 3840 50 128 80
internal_value=1.41634e-07 -0.00023941 -0.00175239 0.000488102 0.00493338 0.00804576 0.000668537
internal_weight=2218.77 2116.02 687.092 1428.93 102.751 59.4013 43.3497
internal_count=6668 6382 2131 4251 286 156 130
is_linear=0
shrinkage=0.0103456


Tree=108
num_leaves=8
num_cat=0
split_feature=51 7 23 20 22 4 42
split_gain=17.1094 13.3074 13.974 13.1552 8.49788 8.95883 4.94949
threshold=54828.661000000007 0.0078373476951247873 -0.00067618087926546433 11.529213649619598 24.592616113879902 -0.0025227224820817402 43.494217558802909
decision_type=2 2 2 2 2 2 2
left_child=1 2 -1 -3 5 -2 -6
right_child=4 3 -4 -5 6 -7 -8
leaf_value=0.00021867713354222249 -0.0060076656245901189 0.0090355442141404393 -0.0016855809193011522 0.000994708819864703 0.0017592043482953757 0.0026320863982479984 0.010176134713203394
leaf_weight=875.84610286355019 14.023097857832907 23.274027019739151 779.59435510635376 338.70064105093479 10.901688575744627 153.01666921377182 23.808219432830811
leaf_count=2646 38 81 2285 1032 33 472 81
internal_value=2.08237e-06 -0.000285187 -0.000678093 0.00151171 0.00287466 0.00190677 0.00753255
internal_weight=2219.16 2017.42 1655.44 361.975 201.75 167.04 34.7099
internal_count=6668 6044 4931 1113 624 510 114
is_linear=0
shrinkage=0.0103456


Tree=109
num_leaves=8
num_cat=0
split_feature=36 7 0 23 3 64 48
split_gain=47.5165 21.1614 16.7917 15.05 14.2159 13.3992 6.43907
threshold=0.65556881127166389 0.00044179829381840735 42.49362816139746 -0.016066372202797937 0.0044876047200125306 -361.33783349999982 54531.802500000013
decision_type=2 2 2 2 2 2 2
left_child=3 2 -2 6 -5 -3 -1
right_child=1 5 -4 4 -6 -7 -8
leaf_value=-0.0063679175466823147 -0.0028476736360737208 0.0064597632756900995 0.00076849986944710683 0.0020685355040027313 0.0071503677207323283 -0.0027004328942378366 0.0022382225324292398
leaf_weight=30.158176526427269 172.84787641465664 17.564772546291351 670.91778934001923 612.85311317443848 65.184679016470909 634.5689675360918 13.457228541374205
leaf_count=88 544 51 2028 1756 181 1979 41
internal_value=-2.20171e-06 -0.00105406 2.77161e-05 0.00217816 0.00255709 -0.00245371 -0.00371255
internal_weight=2217.55 1495.9 843.766 721.653 678.038 652.134 43.6154
internal_count=6668 4602 2572 2066 1937 2030 129
is_linear=0
shrinkage=0.0103456


Tree=110
num_leaves=8
num_cat=0
split_feature=21 30 28 20 19 34 34
split_gain=24.0847 21.3431 19.1079 17.6821 12.5205 7.62617 5.76142
threshold=29.233308698724425 0.0020189523533601654 52.174537348051182 10.562561282636231 0.0040149562044663476 -0.00051314010321573667 -0.0010587308972613838
decision_type=2 2 2 2 2 2 2
left_child=1 3 -3 -1 5 -2 -6
right_child=4 2 -4 -5 6 -7 -8
leaf_value=-0.003252482465774502 6.8453843445647276e-06 -0.00062978498208619566 -0.0044279313533631837 0.00083706845341516354 0.0088498806242074089 0.01086323712916961 0.00011337882126636677
leaf_weight=123.9020112156868 8.4767206162214261 486.3380031734705 200.09988787770271 1305.3546399325132 9.7655558884143812 37.844112306833267 46.786162257194519
leaf_count=390 25 1491 640 3861 26 94 141
internal_value=1.17774e-07 -0.000237574 -0.00173696 0.000482546 0.00488854 0.00887652 0.00162203
internal_weight=2218.57 2115.69 686.438 1429.26 102.873 46.3208 56.5517
internal_count=6668 6382 2131 4251 286 119 167
is_linear=0
shrinkage=0.0103456


Tree=111
num_leaves=8
num_cat=0
split_feature=51 37 2 60 44 65 22
split_gain=16.8783 13.246 10.6901 8.46943 8.77911 8.40453 3.7767
threshold=54828.661000000007 0.63231061996470472 77.296524839218193 313.68114750000024 0.80165724898440083 167.12207300000003 17.641623168299478
decision_type=2 2 2 2 2 2 2
left_child=1 5 -3 4 -2 -1 -5
right_child=3 2 -4 6 -6 -7 -8
leaf_value=-0.00076259987953610951 0.0027321142772046454 0.0001184615820820913 0.0060249111372905825 0.0013658433299398351 0.010282536523265879 -0.0034325649333586039 -0.0088012688755625193
leaf_weight=411.01600974798203 167.67470601201057 1390.4583298414946 33.589857995510101 6.9096181839704505 18.27933757007122 182.09247504174709 9.0093084871768934
leaf_count=1238 517 4165 110 21 63 531 23
internal_value=2.17001e-06 -0.000283267 0.00025778 0.00285431 0.00347432 -0.00158232 -0.00438823
internal_weight=2219.03 2017.16 1424.05 201.873 185.954 593.108 15.9189
internal_count=6668 6044 4275 624 580 1769 44
is_linear=0
shrinkage=0.0103456


Tree=112
num_leaves=8
num_cat=0
split_feature=36 7 13 43 49 60 13
split_gain=46.7965 20.9508 15.7812 15.0626 18.8429 11.2614 10.5748
threshold=0.65556881127166389 0.0038059716505419732 1.3752819022496729 -0.00013225101407433421 1.3165000000000002e-05 117.09792700000014 0.58615803966702906
decision_type=2 2 2 2 2 2 2
left_child=3 2 -2 6 -5 -3 -1
right_child=1 5 -4 4 -6 -7 -8
leaf_value=0.0063258006764966785 0.00040141432695117214 -0.0018578747823369767 -0.0028042549138675003 -0.001223717065145365 0.0029951459283677527 -0.0054395036181413524 0.0021979313639108591
leaf_weight=123.77111168205738 831.72039794921875 326.77154467999935 204.85118897259235 213.48260720074177 241.48417313396931 131.88185799121857 143.36722761392593
leaf_count=334 2504 1023 654 629 682 421 421
internal_value=-2.23791e-06 -0.00104671 -0.000232102 0.00216049 0.00101554 -0.00288774 0.00411046
internal_weight=2217.33 1495.22 1036.57 722.105 454.967 458.653 267.138
internal_count=6668 4602 3158 2066 1311 1444 755
is_linear=0
shrinkage=0.0103456


Tree=113
num_leaves=8
num_cat=0
split_feature=3 20 51 36 8 3 1
split_gain=23.8785 21.5935 20.3247 18.3061 13.4753 11.9662 10.9384
threshold=0.0019720161663027663 11.113686637952206 54828.661000000007 0.44134895202810559 -0.0013432928900933281 0.0010118772488121851 0.00048383642965165271
decision_type=2 2 2 2 2 2 2
left_child=1 5 -3 6 -5 -1 -2
right_child=3 2 -4 4 -6 -7 -8
leaf_value=0.0050838616088165782 -0.0056244685582523416 0.0026897425675955038 -0.0084437740480424166 0.0024148151465098072 -0.00073749547314763155 -0.0048040643652415334 0.0032482356951311756
leaf_weight=15.874843388795851 111.74710747599602 568.39035832881927 18.10904586315155 164.24529777467251 1247.8954821228981 74.932901903986931 17.154581010341644
leaf_count=46 348 1616 68 482 3827 232 49
internal_value=6.62055e-08 0.00161911 0.00234598 -0.000711526 -0.000370852 -0.00307548 -0.00444367
internal_weight=2218.35 677.307 586.499 1541.04 1412.14 90.8077 128.902
internal_count=6668 1962 1684 4706 4309 278 397
is_linear=0
shrinkage=0.0103456


Tree=114
num_leaves=8
num_cat=0
split_feature=14 49 60 3 8 23 46
split_gain=13.3408 11.6421 13.3402 11.4826 10.0721 9.86864 5.07423
threshold=0.0012095762763855774 8.8050000000000012e-06 165.44581850000017 0.007443159997044568 -0.00095895873930340592 -0.00034580132656758517 8.5550000000000003e-06
decision_type=2 2 2 2 2 2 2
left_child=1 2 -1 4 -2 -3 -5
right_child=3 5 -4 6 -6 -7 -8
leaf_value=-0.00013410332919411506 -0.0011976345116306718 -0.00053536770008470714 0.01317631296723018 -0.0098584733741589135 0.00089371896014864489 -0.0044420996730290636 -0.0010915183278472065
leaf_weight=180.2812253087759 298.40663495659828 116.88944771885872 8.436376750469206 16.308567598462108 1416.4298224747181 169.64959655702114 12.46866963803768
leaf_count=545 875 352 31 41 4311 476 37
internal_value=2.21983e-06 -0.00153432 0.000460922 0.000421034 0.000529793 -0.00284841 -0.00605991
internal_weight=2218.87 475.257 188.718 1743.61 1714.84 286.539 28.7772
internal_count=6668 1404 576 5264 5186 828 78
is_linear=0
shrinkage=0.0103456


Tree=115
num_leaves=8
num_cat=0
split_feature=13 13 7 7 38 38 53
split_gain=46.1625 20.757 15.1673 11.7173 15.9429 5.73052 5.47151
threshold=0.59674034826330924 1.3752819022496729 0.0040891535934913801 -0.015970832905369877 0.96580299509234491 0.79771173090257352 7.5000000000000009
decision_type=2 2 2 2 2 2 2
left_child=3 2 -2 5 -5 -1 -3
right_child=1 6 -4 4 -6 -7 -8
leaf_value=-0.0051394134887757879 0.00043316911984601686 0.0060444882748641234 -0.0019834320535193585 0.0039006234716447799 -0.00092482897550329808 0.0025731405281555035 -0.00335881539117558
leaf_weight=29.473638385534286 938.75556237995625 6.7601162046194068 394.92274612188339 415.58375827968121 88.972923383116722 15.859762355685232 326.7290934920311
leaf_count=88 2813 19 1223 1165 268 45 1047
internal_value=-2.31865e-06 -0.000859676 -0.000282424 0.00259703 0.00304971 -0.0024412 -0.0031682
internal_weight=2217.06 1667.17 1333.68 549.89 504.557 45.3334 333.489
internal_count=6668 5102 4036 1566 1433 133 1066
is_linear=0
shrinkage=0.0103456


Tree=116
num_leaves=8
num_cat=0
split_feature=21 20 1 10 40 38 23
split_gain=23.6021 18.4095 19.2309 18.7893 12.3147 6.24519 6.05248
threshold=29.233308698724425 10.232273573236487 2.4757595945228567e-05 0.017488679176038888 0.0002935138344123519 0.62873945949127819 0.0042788123967905109
decision_type=2 2 2 2 2 2 2
left_child=1 2 -1 -3 5 -2 -6
right_child=4 3 -4 -5 6 -7 -8
leaf_value=-0.007576922563883667 0.00044017826181527443 0.00028745850991319726 0.00051112953181205048 -0.0036303506328768565 -0.0046105372875445139 0.0093933916787603579 0.0034850712305481441
leaf_weight=71.959065079689026 10.024416476488112 1846.2611892074347 55.913866817951202 141.02819691598415 15.23193323612213 49.589879423379898 28.154389977455139
leaf_count=238 28 5534 167 443 50 128 80
internal_value=9.69273e-08 -0.000235399 -0.00404033 9.43078e-06 0.00483611 0.00788787 0.000642891
internal_weight=2218.16 2115.16 127.873 1987.29 103.001 59.6143 43.3863
internal_count=6668 6382 405 5977 286 156 130
is_linear=0
shrinkage=0.0103456


Tree=117
num_leaves=8
num_cat=0
split_feature=51 37 57 2 1 43 0
split_gain=16.5375 12.9678 12.9684 10.5044 8.40998 14.0051 3.66005
threshold=54828.661000000007 0.63231061996470472 425.05097700000016 77.296524839218193 0.00078513075785379804 0.00014108383200542963 56.922192235771632
decision_type=2 2 2 2 2 2 2
left_child=1 2 -1 -3 5 -2 -6
right_child=4 3 -4 -5 6 -7 -8
leaf_value=-0.0010712086689350286 0.0016936037827438948 0.00011643083546959292 -0.0062952679893655168 0.0059655514011294807 -0.0069107368744656473 0.0080196067025770732 0.0018857543379017798
leaf_weight=536.34549555182457 128.09342180192471 1390.5179155170918 56.189196422696114 33.658175721764565 12.564784511923792 52.93845608830452 8.4792270213365537
leaf_count=1608 389 4165 161 110 33 176 26
internal_value=2.28398e-06 -0.000280444 -0.0015666 0.000254666 0.0028239 0.00354349 -0.00336638
internal_weight=2218.79 2016.71 592.535 1424.18 202.076 181.032 21.044
internal_count=6668 6044 1769 4275 624 565 59
is_linear=0
shrinkage=0.0103456


Tree=118
num_leaves=8
num_cat=0
split_feature=36 10 7 43 46 13 3
split_gain=45.5881 20.5686 18.5053 14.7958 18.0859 10.2082 7.6426
threshold=0.65556881127166389 0.025551849775305158 0.0038059716505419732 -0.00013225101407433421 1.5750000000000003e-05 0.58615803966702906 0.0063389166785934791
decision_type=2 2 2 2 2 2 2
left_child=3 2 -2 5 -5 -1 -3
right_child=1 6 -4 4 -6 -7 -8
leaf_value=0.006234349491347194 -0.00042857081375456213 -0.0019435176758355582 -0.002942316703038639 -0.0011051382625691733 0.00301964540271631 0.0021819708634659802 0.010243368047830969
leaf_weight=124.08437281847 1008.7275734394789 7.2087945938110378 454.76190918684006 223.36725969612598 231.89773385226727 143.45402543246746 23.340111762285233
leaf_count=334 3083 22 1435 654 657 421 62
internal_value=-2.39023e-06 -0.00103431 -0.00120969 0.00213059 0.000995897 0.00406147 0.00736756
internal_weight=2216.84 1494.04 1463.49 722.803 455.265 267.538 30.5489
internal_count=6668 4602 4518 2066 1311 755 84
is_linear=0
shrinkage=0.0103456


Tree=119
num_leaves=8
num_cat=0
split_feature=3 20 45 13 23 3 8
split_gain=23.4286 21.1299 17.5972 17.2875 17.6447 11.8046 11.1599
threshold=0.0019720161663027663 11.113686637952206 54896.785000000011 0.49500398357071279 -0.022067869655723379 0.0010118772488121851 -0.0013432928900933281
decision_type=2 2 2 2 2 2 2
left_child=1 5 -3 4 -2 -1 -5
right_child=3 2 -4 6 -6 -7 -8
leaf_value=0.0050503087324628836 0.012035660052636571 0.0026058463141389108 -0.008944620760262683 0.0023031784060374223 -0.0041869365531069687 -0.0047678821911226292 -0.00062930502435225646
leaf_weight=15.89439398050308 7.4592209458351126 572.53666177392006 14.474416792392729 157.31652568280697 189.06080289185047 74.73899818956852 1186.5267235636711
leaf_count=46 19 1630 54 461 583 232 3643
internal_value=1.04191e-07 0.0016032 0.00232104 -0.000705138 -0.00357118 -0.00304606 -0.000286015
internal_weight=2218.01 677.644 587.011 1540.36 196.52 90.6334 1343.84
internal_count=6668 1962 1684 4706 602 278 4104
is_linear=0
shrinkage=0.0103456


Tree=120
num_leaves=8
num_cat=0
split_feature=51 7 23 20 3 46 3
split_gain=16.2655 12.8656 13.7694 12.8845 8.3278 9.40435 7.70952
threshold=54828.661000000007 0.0078373476951247873 -0.00067618087926546433 11.529213649619598 0.0020504004923216101 -3.6154999999999995e-05 0.0015678292484795563
decision_type=2 2 2 2 2 2 2
left_child=1 2 -1 -3 6 -6 -2
right_child=4 3 -4 -5 5 -7 -8
leaf_value=0.00022523789977832312 0.0035477616225700207 0.0089189950581791168 -0.0016658500255555442 0.00097537622545284218 -0.00287243771546481 0.0031865114524635609 0.015601393296245507
leaf_weight=875.46968215703964 13.506329566240312 23.36097426712513 778.61383058130741 338.93855924904346 33.805966690182686 145.12206333875656 9.8006343841552717
leaf_count=2646 42 81 2285 1032 94 452 36
internal_value=2.35844e-06 -0.000278179 -0.000664939 0.00148758 0.00279946 0.00204176 0.00861634
internal_weight=2218.62 2016.38 1654.08 362.3 202.235 178.928 23.307
internal_count=6668 6044 4931 1113 624 546 78
is_linear=0
shrinkage=0.0103456


Tree=121
num_leaves=8
num_cat=0
split_feature=13 13 3 7 7 1 7
split_gain=44.8494 20.393 14.9756 11.5096 14.8289 8.34773 5.43658
threshold=0.59674034826330924 1.3752819022496729 0.0045622370455886676 -0.015970832905369877 -0.00066500373378919331 -0.00019720826786223685 0.0096315944828794259
decision_type=2 2 2 2 2 2 2
left_child=3 2 -2 5 -5 -1 -3
right_child=1 6 -4 4 -6 -7 -8
leaf_value=0.004662188501293363 -0.00066044374531944996 -0.0026504706967879136 0.0028556613338225371 0.0048403654144210731 0.0012935318435232663 -0.0052142395107857018 -0.0067152828766374713
leaf_weight=12.74273459613323 1187.6434743106365 292.77031609416008 145.5388368666172 243.85905964672565 261.41259551048279 32.576102763414383 40.03317403793335
leaf_count=36 3611 932 425 685 748 97 134
internal_value=-2.48735e-06 -0.000848492 -0.000276603 0.00255737 0.00300534 -0.00243719 -0.00313943
internal_weight=2216.58 1665.99 1333.18 550.59 505.272 45.3188 332.803
internal_count=6668 5102 4036 1566 1433 133 1066
is_linear=0
shrinkage=0.0103456


Tree=122
num_leaves=8
num_cat=0
split_feature=30 28 48 23 37 20 9
split_gain=23.0648 19.4369 16.9866 13.1613 14.8563 12.6625 7.35348
threshold=0.0020189523533601654 56.762725192695051 47232.369500000008 -0.023008223134063251 0.44060965559684745 14.436984895361052 0.38495920240343934
decision_type=2 2 2 2 2 2 2
left_child=1 2 -1 6 -5 -3 -2
right_child=3 5 -4 4 -6 -7 -8
leaf_value=0.0038686120795653591 0.0094214215576426969 -0.0021421386160133723 7.2184934334421383e-06 -0.0062139388483198783 -0.00130487368718075 0.0064219880313181469 -0.00049552912376097519
leaf_weight=135.09598568081856 17.636045768857002 22.937291175127029 1251.7725065052509 74.035011321306229 606.63118934631348 95.060235589742661 14.651662662625311
leaf_count=394 50 74 3729 234 1881 261 45
internal_value=1.26655e-07 0.000726318 0.00038336 -0.00153268 -0.00183883 0.00475723 0.00492126
internal_weight=2217.82 1504.87 1386.87 712.954 680.666 117.998 32.2877
internal_count=6668 4458 4123 2210 2115 335 95
is_linear=0
shrinkage=0.0103456


Tree=123
num_leaves=8
num_cat=0
split_feature=51 14 50 30 22 8 11
split_gain=16.0228 12.6708 10.3414 9.05654 8.26416 8.7957 4.89532
threshold=54828.661000000007 0.0012898016687153343 47.500000000000007 0.0030522938850640158 24.592616113879902 -0.00086282663125347703 -0.0021714894055344098
decision_type=2 2 2 2 2 2 2
left_child=1 2 -1 -3 5 -2 -6
right_child=4 3 -4 -5 6 -7 -8
leaf_value=-0.0021634357344541386 -0.0042201501291446912 0.00054502433705340555 0.00266160453481695 -0.001704521103204024 0.014136363118566336 0.0027538471267193314 0.0051421098328971911
leaf_weight=465.29104505479336 22.33352155983448 1272.3789659291506 52.954669624567032 225.5004144012928 8.5990304648876172 145.19810755550861 26.244369924068451
leaf_count=1363 62 3850 168 663 31 448 83
internal_value=2.49602e-06 -0.000276062 -0.00167041 0.000206363 0.00277758 0.00182415 0.00736181
internal_weight=2218.5 2016.13 518.246 1497.88 202.375 167.532 34.8434
internal_count=6668 6044 1531 4513 624 510 114
is_linear=0
shrinkage=0.0103456


Tree=124
num_leaves=8
num_cat=0
split_feature=36 7 0 40 46 64 13
split_gain=44.4472 20.264 16.287 14.5196 16.4813 13.179 9.89185
threshold=0.65556881127166389 0.00044179829381840735 42.49362816139746 -0.00013237950013021804 1.5750000000000003e-05 -361.33783349999982 0.58615803966702906
decision_type=2 2 2 2 2 2 2
left_child=3 2 -2 6 -5 -3 -1
right_child=1 5 -4 4 -6 -7 -8
leaf_value=0.006119045096090214 -0.0028015244333543525 0.0064408762192780227 0.00076420403231947597 -0.0010191375227496173 0.0029080952401792089 -0.0026413595148073806 0.002122513137285024
leaf_weight=126.54154059290886 172.32067313790321 17.576042264699936 670.9275154620409 224.09591506421566 233.6027746796608 632.07785776257515 139.20825356245041
leaf_count=342 544 51 2028 657 661 1979 406
internal_value=-2.5427e-06 -0.00102242 3.55351e-05 0.00210207 0.000985265 -0.00239564 0.00402553
internal_weight=2216.35 1492.9 843.248 723.448 457.699 649.654 265.75
internal_count=6668 4602 2572 2066 1318 2030 748
is_linear=0
shrinkage=0.0103456


Tree=125
num_leaves=8
num_cat=0
split_feature=3 20 51 36 8 3 1
split_gain=22.9241 20.7795 19.6649 17.6906 13.0931 11.6413 10.7493
threshold=0.0019720161663027663 11.113686637952206 54828.661000000007 0.44134895202810559 -0.0013432928900933281 0.0010118772488121851 0.00048383642965165271
decision_type=2 2 2 2 2 2 2
left_child=1 5 -3 6 -5 -1 -2
right_child=3 2 -4 4 -6 -7 -8
leaf_value=0.0050014683491330552 -0.0055546439489929681 0.0026319188973049561 -0.0083669072821534584 0.0023798865674840288 -0.00072566395342457527 -0.0047427216894978478 0.0032455268990681635
leaf_weight=15.92350724339485 111.06121760606766 569.58344368636608 17.946723639965057 164.47078391909599 1246.8914435058832 74.606166824698448 17.150507897138596
leaf_count=46 348 1616 68 482 3827 232 49
internal_value=4.42082e-08 0.00158503 0.00229595 -0.000698015 -0.000363764 -0.00302879 -0.00437747
internal_weight=2217.63 678.06 587.53 1539.57 1411.36 90.5297 128.212
internal_count=6668 1962 1684 4706 4309 278 397
is_linear=0
shrinkage=0.0103456


Tree=126
num_leaves=8
num_cat=0
split_feature=51 37 61 13 60 49 8
split_gain=15.7579 12.704 11.6364 10.5963 8.25669 8.59234 3.7119
threshold=54828.661000000007 0.63231061996470472 629.52508900000009 4.0858495607185183 313.68114750000024 3.5685000000000008e-05 0.00087830547844836026
decision_type=2 2 2 2 2 2 2
left_child=1 2 -1 -3 5 -2 -6
right_child=4 3 -4 -5 6 -7 -8
leaf_value=-0.0012151774491893689 0.0016131569148703389 0.000172637176593441 -0.0078750231912295514 0.0098485816356070951 -0.0087823143274868617 0.0061791336948576921 0.001293892981424635
leaf_weight=562.27156573534012 115.05859299004078 1411.7782450020313 29.556625574827194 12.218690052628515 8.9933280348777753 71.539681896567345 6.9270817935466757
leaf_count=1687 348 4233 82 42 23 232 21
internal_value=2.56265e-06 -0.000273812 -0.00154778 0.000255662 0.00275353 0.0033637 -0.00439809
internal_weight=2218.34 2015.83 591.828 1424 202.519 186.598 15.9204
internal_count=6668 6044 1769 4275 624 580 44
is_linear=0
shrinkage=0.0103456


Tree=127
num_leaves=8
num_cat=0
split_feature=36 10 7 23 3 12 48
split_gain=43.7025 20.1025 18.0697 14.4555 13.7861 9.74098 6.35372
threshold=0.65556881127166389 0.025551849775305158 0.0038059716505419732 -0.016066372202797937 0.0044876047200125306 0.0051670968868071281 54531.802500000013
decision_type=2 2 2 2 2 2 2
left_child=3 2 -2 6 -5 -3 -1
right_child=1 5 -4 4 -6 -7 -8
leaf_value=-0.0063379046023864264 -0.00041670317734016581 0.0033184395856475559 -0.0029032241029353541 0.001972531646857313 0.0069652216385148007 0.015871664099532001 0.0022121937610842038
leaf_weight=30.090670719742775 1007.997020021081 20.964813023805622 453.5640874505043 614.83027961850166 65.50166529417038 9.6668771803379041 13.465285733342169
leaf_count=88 3083 59 1435 1756 181 25 41
internal_value=-2.59559e-06 -0.0010145 -0.00118834 0.00208331 0.00245322 0.00728004 -0.00369465
internal_weight=2216.08 1492.19 1461.56 723.888 680.332 30.6317 43.556
internal_count=6668 4602 4518 2066 1937 84 129
is_linear=0
shrinkage=0.0103456


Tree=128
num_leaves=8
num_cat=0
split_feature=21 20 3 1 10 43 17
split_gain=22.8207 17.8982 21.3813 19.0458 11.4808 8.88921 3.75426
threshold=29.233308698724425 10.232273573236487 0.0019720161663027663 2.4757595945228567e-05 0.0058124485400900252 -0.00027574878149098605 3.6289598283456215e-05
decision_type=2 2 2 2 2 2 2
left_child=1 3 -3 -1 6 -6 -2
right_child=4 2 -4 -5 5 -7 -8
leaf_value=-0.0075227087441659939 0.01468116419612296 0.0016677724105788755 -0.00068528619573989056 0.00053875150891631867 0.013077587136065954 0.0011229289486591125 0.0072953719724592782
leaf_weight=71.592332229018211 11.128971904516218 586.38142777979374 1400.410501524806 55.829471156001091 7.4460114240646353 62.856592491269112 21.786813467741013
leaf_count=238 25 1694 4283 167 18 185 58
internal_value=3.03293e-08 -0.000231869 9.19512e-06 -0.0039906 0.00475001 0.00238909 0.00979254
internal_weight=2217.43 2114.21 1986.79 127.422 103.218 70.3026 32.9158
internal_count=6668 6382 5977 405 286 203 83
is_linear=0
shrinkage=0.0103456


Tree=129
num_leaves=8
num_cat=0
split_feature=51 7 20 37 60 46 8
split_gain=15.5437 12.5421 12.6558 11.0549 8.12296 8.61558 3.67472
threshold=54828.661000000007 0.0078373476951247873 11.529213649619598 0.63954672396437551 313.68114750000024 -2.5029999999999996e-05 0.00087830547844836026
decision_type=2 2 2 2 2 2 2
left_child=1 3 -3 -1 5 -2 -6
right_child=4 2 -4 -5 6 -7 -8
leaf_value=-0.00194381323144758 -0.00098100250529766756 0.0088242069852645637 0.00096255873925421901 -9.9129539303575165e-05 -0.0087404268493897694 0.0044812914521591921 0.0012923106441465363
leaf_weight=497.37100574374199 39.08714072406292 23.431269139051437 339.0967842489481 1155.6348876357079 8.9637282788753492 147.66947971284389 6.9272691309452048
leaf_count=1477 112 81 1032 3454 23 468 21
internal_value=2.62369e-06 -0.000271983 0.00147068 -0.000654174 0.00273386 0.00333806 -0.00436691
internal_weight=2218.18 2015.53 362.528 1653.01 202.648 186.757 15.891
internal_count=6668 6044 1113 4931 624 580 44
is_linear=0
shrinkage=0.0103456


Tree=130
num_leaves=8
num_cat=0
split_feature=13 13 3 1 10 20 53
split_gain=43.2483 19.8919 14.5783 11.309 16.0953 6.86846 5.38753
threshold=0.59674034826330924 1.3752819022496729 0.0045622370455886676 0.00038539102780425858 0.005659148949516986 14.996193498168134 7.5000000000000009
decision_type=2 2 2 2 2 2 2
left_child=3 2 -2 4 -1 -5 -3
right_child=1 6 -4 5 -6 -7 -8
leaf_value=0.00029397894519176776 -0.00064937170239430736 0.0060398125674840791 0.0028178323014118331 0.003530378482460351 0.0044280736008641868 -0.0029602855109808353 -0.0032910291734001141
leaf_weight=146.82045845687389 1186.8151705861092 6.7608424276113501 145.73469530045986 24.942794233560562 321.5691906362772 58.089297145605087 325.10491237044334
leaf_count=425 3611 19 425 71 892 178 1047
internal_value=-2.67755e-06 -0.000834602 -0.00027018 0.00250841 0.00313221 -0.00101049 -0.00310094
internal_weight=2215.84 1664.42 1332.55 551.422 468.39 83.0321 331.866
internal_count=6668 5102 4036 1566 1317 249 1066
is_linear=0
shrinkage=0.0103456


Tree=131
num_leaves=8
num_cat=0
split_feature=21 30 28 48 19 34 12
split_gain=22.463 19.9696 18.708 17.0739 11.89 7.3542 5.68875
threshold=29.233308698724425 0.0020189523533601654 52.174537348051182 47232.369500000008 0.0040149562044663476 -0.00051314010321573667 0.0029287181988471422
decision_type=2 2 2 2 2 2 2
left_child=1 3 -3 -1 5 -2 -6
right_child=4 2 -4 -5 6 -7 -8
leaf_value=0.0038833186292805814 -0.00010905132345561713 -0.0005883701463638497 -0.0043558171391750713 9.1404388486280249e-05 0.00017102555348838793 0.010526598019155458 0.0094304870460644296
leaf_weight=140.99933114647865 8.5146954506635648 485.10929310321808 198.92254853248596 1288.8895327448845 48.402565687894821 38.076336413621902 8.322784945368765
leaf_count=411 25 1491 640 3840 144 94 23
internal_value=5.1035e-08 -0.000230159 -0.00168398 0.00046532 0.00471031 0.00858289 0.00152958
internal_weight=2217.24 2113.92 684.032 1429.89 103.316 46.591 56.7254
internal_count=6668 6382 2131 4251 286 119 167
is_linear=0
shrinkage=0.0103456


Tree=132
num_leaves=8
num_cat=0
split_feature=51 7 23 20 1 43 8
split_gain=15.3213 12.3614 13.5522 12.4486 8.07911 13.6955 3.98142
threshold=54828.661000000007 0.0078373476951247873 -0.00067618087926546433 11.529213649619598 0.00078513075785379804 0.00014108383200542963 0.0016361881951787451
decision_type=2 2 2 2 2 2 2
left_child=1 2 -1 -3 5 -2 -6
right_child=4 3 -4 -5 6 -7 -8
leaf_value=0.00023356344927370095 0.0015886611080488378 0.0087421139246809422 -0.0016434652504700002 0.00095511187683723967 -0.0069449521020634565 0.0078298796415916649 0.0022913780006581751
leaf_weight=875.01194466650486 128.54490603506565 23.495169311761856 777.53917540609837 339.19902458786964 12.861203312873842 53.208707645535469 8.1673484444618207
leaf_count=2646 389 81 2285 1032 34 176 25
internal_value=2.75414e-06 -0.000270001 -0.000649594 0.00145955 0.00271339 0.00341579 -0.00335762
internal_weight=2218.03 2015.25 1652.55 362.694 202.782 181.754 21.0286
internal_count=6668 6044 4931 1113 624 565 59
is_linear=0
shrinkage=0.0103456


Tree=133
num_leaves=8
num_cat=0
split_feature=38 13 13 7 2 1 7
split_gain=42.7076 20.4544 18.6292 16.4363 12.512 10.8274 8.85343
threshold=0.6606860586696478 0.90256536826815692 0.65536903324338869 -0.014903538913021539 55.943270789699753 -8.5071509506829752e-05 -0.0015341274826622395
decision_type=2 2 2 2 2 2 2
left_child=2 5 3 -1 -3 -2 -4
right_child=1 4 6 -5 -6 -7 -8
leaf_value=-0.0044686426035625082 0.0016556768059640269 -0.0012771234919624174 0.0021271767883319849 0.0043532310153402629 -0.0041415295315150678 -0.00087855383531688881 -0.00094406198704197783
leaf_weight=24.287882417440414 306.90659488737583 464.86741544306278 187.54187086224556 326.15335391461849 251.53523322939873 437.91694429516792 216.35903716087341
leaf_count=73 903 1448 563 901 793 1328 659
internal_value=-2.73689e-06 -0.00103477 0.0019964 0.00374182 -0.00228284 0.000165683 0.000481995
internal_weight=2215.57 1461.23 754.342 350.441 716.403 744.824 403.901
internal_count=6668 4472 2196 974 2241 2231 1222
is_linear=0
shrinkage=0.0103456


Tree=134
num_leaves=8
num_cat=0
split_feature=3 20 48 37 6 5 52
split_gain=21.9748 20.2288 19.2389 16.7043 11.9427 11.5759 10.0896
threshold=0.0019720161663027663 11.113686637952206 54815.039000000012 0.44060965559684745 -0.0058210845394626723 -0.00014033362931842316 2.4260000000000005e-05
decision_type=2 2 2 2 2 2 2
left_child=1 5 -3 6 -5 -1 -2
right_child=3 2 -4 4 -6 -7 -8
leaf_value=-0.0086902289353481023 -0.0015574570784667148 0.0025807444456301537 -0.0083404042748911611 0.0030780705017524734 -0.00061613996807081701 -0.00059475252879117831 -0.0072435211028368893
leaf_weight=26.926506727933884 72.780516237020493 570.65618634223938 17.803310707211494 100.92006294429302 1302.7191585600376 63.462930843234062 61.732813030481339
leaf_count=86 220 1617 67 300 3991 192 195
internal_value=-2.03013e-08 0.0015504 0.00225033 -0.000684284 -0.00035053 -0.00300635 -0.00416699
internal_weight=2217 678.849 588.459 1538.15 1403.64 90.3894 134.513
internal_count=6668 1962 1684 4706 4291 278 415
is_linear=0
shrinkage=0.0103456


Tree=135
num_leaves=8
num_cat=0
split_feature=51 37 57 13 22 4 42
split_gain=15.0476 12.2773 12.8563 10.4233 8.02452 8.74085 4.82346
threshold=54828.661000000007 0.63231061996470472 425.05097700000016 4.0858495607185183 24.592616113879902 -0.0025227224820817402 43.494217558802909
decision_type=2 2 2 2 2 2 2
left_child=1 2 -1 -3 5 -2 -6
right_child=4 3 -4 -5 6 -7 -8
leaf_value=-0.001028139730709906 -0.0060574080375961174 0.00017010185801562543 -0.0062431578915082614 0.0097542778557200491 0.001521136460965256 0.0024626738419142482 0.0097972152024072886
leaf_weight=534.98256157338619 14.065709576010702 1411.8358598798513 55.881184905767441 12.250695765018461 10.991961181163786 153.90317085385323 23.983369439840317
leaf_count=1608 38 4233 161 42 33 472 81
internal_value=2.81473e-06 -0.000267629 -0.00152135 0.00025255 0.00268794 0.0017492 0.00719623
internal_weight=2217.89 2014.95 590.864 1424.09 202.944 167.969 34.9753
internal_count=6668 6044 1769 4275 624 510 114
is_linear=0
shrinkage=0.0103456


Tree=136
num_leaves=8
num_cat=0
split_feature=38 10 13 13 7 37 7
split_gain=42.0458 20.3817 18.932 18.2926 16.1745 11.2096 8.73335
threshold=0.6606860586696478 0.025551849775305158 0.90256536826815692 0.65536903324338869 -0.014903538913021539 0.75863323219895362 -0.0015341274826622395
decision_type=2 2 2 2 2 2 2
left_child=3 2 -2 4 -1 -3 -5
right_child=1 5 -4 6 -6 -7 -8
leaf_value=-0.0044433968236144584 -3.6436517780445867e-05 -0.00047363199673916789 -0.0024195100226008987 0.0021121046166653785 0.0043136066729400346 0.011842802297957105 -0.00093795706207289197
leaf_weight=24.251808986067772 722.38451257348061 13.044560611248015 705.05903981626034 187.66105018556118 326.56161448359489 20.090549901127815 216.28587059676647
leaf_count=73 2171 37 2212 563 901 52 659
internal_value=-2.74344e-06 -0.00102731 -0.00121351 0.00197995 0.00370823 0.00699409 0.000479006
internal_weight=2215.34 1460.58 1427.44 754.76 350.813 33.1351 403.947
internal_count=6668 4472 4383 2196 974 89 1222
is_linear=0
shrinkage=0.0103456


Tree=137
num_leaves=8
num_cat=0
split_feature=21 30 6 48 40 57 38
split_gain=21.9579 19.4298 18.4643 16.8074 11.6495 6.03694 5.64833
threshold=29.233308698724425 0.0020189523533601654 0.0022163236345799091 47232.369500000008 0.0002935138344123519 301.7754514999998 1.1866138967359112
decision_type=2 2 2 2 2 2 2
left_child=1 3 -3 -1 5 -2 -6
right_child=4 2 -4 -5 6 -7 -8
leaf_value=0.0038464673029206908 0.0097461770929391511 -0.0005674366261745233 -0.0043033262006837367 8.652055780642577e-05 -0.0019714784902450893 0.0025652964957094617 0.0060319329826790209
leaf_weight=141.18491424620152 42.127587407827377 482.74136352539062 200.3718114644289 1289.0672103613615 29.639510855078697 17.835943281650543 13.847554609179495
leaf_count=411 107 1481 650 3840 90 49 40
internal_value=-7.45001e-08 -0.000227881 -0.00166325 0.000457677 0.00465373 0.00761025 0.000577042
internal_weight=2216.82 2113.37 683.113 1430.25 103.451 59.9635 43.4871
internal_count=6668 6382 2131 4251 286 156 130
is_linear=0
shrinkage=0.0103456


Tree=138
num_leaves=8
num_cat=0
split_feature=51 14 2 30 60 49 8
split_gain=14.8117 12.1427 10.3369 8.82345 7.95112 8.34478 3.61933
threshold=54828.661000000007 0.0012898016687153343 75.577748363362659 0.0030522938850640158 313.68114750000024 3.5685000000000008e-05 0.00087830547844836026
decision_type=2 2 2 2 2 2 2
left_child=1 2 -1 -3 5 -2 -6
right_child=4 3 -4 -5 6 -7 -8
leaf_value=-0.0018972819821508747 0.0015383428086960798 0.00054046277199522558 0.0064475502438810905 -0.0016813910611242356 -0.0087128500155412066 0.0060300187481487095 0.0012446130162981611
leaf_weight=500.64033971726894 115.34905850887299 1272.4244226813316 16.408738538622856 225.15371173620224 8.9424205720424634 71.843293279409409 6.9384883344173423
leaf_count=1476 348 3850 55 663 23 232 21
internal_value=2.90906e-06 -0.000265525 -0.00163246 0.000206418 0.00266596 0.00326222 -0.00436236
internal_weight=2217.7 2014.63 517.049 1497.58 203.073 187.192 15.8809
internal_count=6668 6044 1531 4513 624 580 44
is_linear=0
shrinkage=0.0103456


Tree=139
num_leaves=8
num_cat=0
split_feature=36 7 29 43 46 60 13
split_gain=41.7544 19.6976 14.789 14.1275 17.3518 11.1497 9.22723
threshold=0.65556881127166389 0.0038059716505419732 0.0085814459464383947 -0.00013225101407433421 1.5750000000000003e-05 117.09792700000014 0.58615803966702906
decision_type=2 2 2 2 2 2 2
left_child=3 2 -2 6 -5 -3 -1
right_child=1 5 -4 4 -6 -7 -8
leaf_value=0.0059719450283521958 -0.00048093817919255845 -0.0017594194209641768 0.005328441247740138 -0.0011332302245545785 0.0029025418473666875 -0.0053377264129375506 0.0021280375098022132
leaf_weight=124.9449568092823 985.39406038820744 324.74370819330215 49.246321707963943 223.54788322746754 232.74239505827427 130.71789363026619 143.73039411008358
leaf_count=334 3010 1023 148 654 657 421 421
internal_value=-2.87252e-06 -0.000993626 -0.000204426 0.00203353 0.000925317 -0.0027864 0.00391561
internal_weight=2215.07 1490.1 1034.64 724.966 456.29 455.462 268.675
internal_count=6668 4602 3158 2066 1311 1444 755
is_linear=0
shrinkage=0.0103456


Tree=140
num_leaves=8
num_cat=0
split_feature=21 30 6 48 40 38 23
split_gain=21.5995 19.1379 18.251 16.5271 11.4665 6.00459 5.9067
threshold=29.233308698724425 0.0020189523533601654 0.0022163236345799091 47232.369500000008 0.0002935138344123519 0.62873945949127819 0.0042788123967905109
decision_type=2 2 2 2 2 2 2
left_child=1 3 -3 -1 5 -2 -6
right_child=4 2 -4 -5 6 -7 -8
leaf_value=0.0038121260312760953 0.00025790899574563243 -0.00056240475731692983 -0.004279310416300048 8.5768028522981295e-05 -0.004623931007994765 0.0090125535925284633 0.0033674486158678939
leaf_weight=141.36134967207909 10.076113522052763 482.59705902636051 199.99155183136463 1289.0857691913843 15.236053660511969 49.97221103310585 28.263866454362869
leaf_count=411 28 1481 650 3840 50 128 80
internal_value=-3.99622e-08 -0.000226116 -0.00165142 0.000454019 0.00461333 0.00754352 0.00056843
internal_weight=2216.58 2113.04 682.589 1430.45 103.548 60.0483 43.4999
internal_count=6668 6382 2131 4251 286 156 130
is_linear=0
shrinkage=0.0103456


Tree=141
num_leaves=8
num_cat=0
split_feature=51 7 23 20 3 37 3
split_gain=14.6003 12.0596 13.3756 12.2775 7.91655 9.01548 7.56979
threshold=54828.661000000007 0.0078373476951247873 -0.00067618087926546433 11.529213649619598 0.0020504004923216101 0.48225488681027689 0.0015678292484795563
decision_type=2 2 2 2 2 2 2
left_child=1 2 -1 -3 6 -6 -2
right_child=4 3 -4 -5 5 -7 -8
leaf_value=0.00023850856248455759 0.0032921884287621778 0.0086675759783157724 -0.0016269085026865929 0.00094275091766970922 0.008366273748272042 0.0010766382455081841 0.015192522457435288
leaf_weight=874.72466729581356 13.606779366731645 23.549844086170197 776.72882655262947 339.34007239341736 20.496564283967018 159.22362045943737 9.8717982172965986
leaf_count=2646 42 81 2285 1032 69 477 36
internal_value=3.01033e-06 -0.000263612 -0.000638854 0.00144406 0.00264608 0.001908 0.0082958
internal_weight=2217.54 2014.34 1651.45 362.89 203.199 179.72 23.4786
internal_count=6668 6044 4931 1113 624 546 78
is_linear=0
shrinkage=0.0103456


Tree=142
num_leaves=8
num_cat=0
split_feature=38 10 28 13 1 37 14
split_gain=41.0786 19.9084 19.7852 17.7601 13.9713 10.9986 7.59473
threshold=0.6606860586696478 0.025551849775305158 55.56513403152784 0.65536903324338869 0.00035996205556293475 0.75863323219895362 0.0014592671623180065
decision_type=2 2 2 2 2 2 2
left_child=3 2 -2 4 -1 -3 -5
right_child=1 5 -4 6 -6 -7 -8
leaf_value=0.0045547383649875203 -0.00075941145441057783 -0.00049964530690005209 -0.0045633985440156439 0.0028269379664592744 -0.0010825780523735615 0.011686062008455804 -0.00037990641689382264
leaf_weight=295.37411811947823 1260.6838282197714 13.057716622948645 165.56383638083935 107.82627595961094 55.971938818693161 20.179122149944305 296.12598411738873
leaf_count=814 3849 37 534 312 160 52 910
internal_value=-2.95532e-06 -0.00101654 -0.00120099 0.00195562 0.00365667 0.00689868 0.000476091
internal_weight=2214.78 1459.48 1426.25 755.298 351.346 33.2368 403.952
internal_count=6668 4472 4383 2196 974 89 1222
is_linear=0
shrinkage=0.0103456


Tree=143
num_leaves=8
num_cat=0
split_feature=3 7 7 36 21 8 1
split_gain=21.2533 17.6047 20.7499 16.9441 14.2597 12.783 10.5156
threshold=0.0019720161663027663 0.00060947664036581372 0.0075471890114747761 0.44134895202810559 28.394583607676537 -0.0013432928900933281 0.00048383642965165271
decision_type=2 2 2 2 2 2 2
left_child=1 4 -3 6 -1 -5 -2
right_child=3 2 -4 5 -6 -7 -8
leaf_value=-0.00025413530097742046 -0.0054621281627238519 0.0052200322396542915 -0.0012964566982252834 0.0023626533870562739 0.0093872753865702745 -0.00070541552264268524 0.0032489108715172787
leaf_weight=388.07893323898315 110.12688939273357 203.850764721632 70.348987936973572 164.56144554913044 17.144226014614105 1245.0956566780806 17.140837624669075
leaf_count=1139 348 567 213 482 43 3827 49
internal_value=-5.87071e-08 0.00152367 0.00354815 -0.000673648 0.000153775 -0.000347253 -0.0042889
internal_weight=2216.35 679.423 274.2 1536.92 405.223 1409.66 127.268
internal_count=6668 1962 780 4706 1182 4309 397
is_linear=0
shrinkage=0.0103456


Tree=144
num_leaves=8
num_cat=0
split_feature=51 37 57 2 46 23 51
split_gain=14.3796 11.9497 12.7847 10.2975 7.90209 11.9584 8.38592
threshold=54828.661000000007 0.63231061996470472 425.05097700000016 77.296524839218193 -2.5029999999999996e-05 0.012708571312180396 57114.714500000009
decision_type=2 2 2 2 2 2 2
left_child=1 2 -1 -3 5 -2 -6
right_child=4 3 -4 -5 6 -7 -8
leaf_value=-0.0010078103380422464 -0.0046879949321056496 0.00011434816539141496 -0.0062155453733706905 0.0058997544259789224 0.0057982897157636193 0.0079786142118984504 0.0010662283631379145
leaf_weight=534.33172811567783 30.743899986147881 1390.3056510984898 55.716573491692543 33.727964580059052 88.634967640042305 10.772911339998243 73.175477355718613
leaf_count=1608 82 4165 161 110 286 36 220
internal_value=3.12542e-06 -0.000261582 -0.00149956 0.000251374 0.00262522 -0.00140122 0.00365831
internal_weight=2217.41 2014.08 590.048 1424.03 203.327 41.5168 161.81
internal_count=6668 6044 1769 4275 624 118 506
is_linear=0
shrinkage=0.0103456


Tree=145
num_leaves=8
num_cat=0
split_feature=36 7 29 23 30 56 48
split_gain=40.7347 19.367 14.5014 13.9855 12.8038 11.0509 6.32083
threshold=0.65556881127166389 0.0038059716505419732 0.0085814459464383947 -0.016066372202797937 0.0026548764391633992 123.03860100000016 54531.802500000013
decision_type=2 2 2 2 2 2 2
left_child=3 2 -2 6 -5 -3 -1
right_child=1 5 -4 4 -6 -7 -8
leaf_value=-0.0063192772500535229 -0.00047429978228653483 -0.0017108800765458093 0.0052732347366836255 0.0016549533517268133 0.0051803581361283485 -0.0052368648751549562 0.0022110223238820705
leaf_weight=30.046771183609962 984.98437458276749 319.14651766419411 49.33890026807785 543.71341145038605 138.31434105336666 135.54242406785488 13.463315621018408
leaf_count=88 3010 1004 148 1563 374 440 41
internal_value=-2.98439e-06 -0.000982424 -0.000200133 0.00200711 0.0023699 -0.00276197 -0.00367975
internal_weight=2214.55 1489.01 1034.32 725.538 682.028 454.689 43.5101
internal_count=6668 4602 3158 2066 1937 1444 129
is_linear=0
shrinkage=0.0103456


Tree=146
num_leaves=8
num_cat=0
split_feature=21 30 28 20 19 4 25
split_gain=21.0478 18.714 18.0157 16.319 11.3536 5.51325 3.69949
threshold=29.233308698724425 0.0020189523533601654 52.174537348051182 10.562561282636231 0.0087114515769775042 0.00081221070842185672 0.0014079926482597485
decision_type=2 2 2 2 2 2 2
left_child=1 3 -3 -1 5 -2 -6
right_child=4 2 -4 -5 6 -7 -8
leaf_value=-0.0031528911660117006 0.013364734685325851 -0.00056007654159709026 -0.0042674385030111797 0.00078766313925614445 0.0030482465421932973 0.0052101906342326663 -0.0062615785448798126
leaf_weight=123.07142762839794 10.07560735940933 484.27679926156998 197.51110918819904 1307.600030452013 7.4900341033935574 74.413517653942108 11.712393552064894
leaf_count=390 23 1491 640 3861 22 204 37
internal_value=-1.44949e-07 -0.000223522 -0.00163408 0.000448683 0.00455061 0.00618265 -0.00263022
internal_weight=2216.15 2112.46 681.788 1430.67 103.692 84.4891 19.2024
internal_count=6668 6382 2131 4251 286 227 59
is_linear=0
shrinkage=0.0103456


Tree=147
num_leaves=8
num_cat=0
split_feature=48 7 23 20 2 43 17
split_gain=12.8114 11.965 13.1297 11.9988 7.82975 11.685 6.10608
threshold=54815.039000000012 0.0078373476951247873 -0.00067618087926546433 11.529213649619598 32.42868860189072 -0.0001278551097271019 -8.1901224881357934e-05
decision_type=2 2 2 2 2 2 2
left_child=1 2 -1 -3 6 -6 -2
right_child=4 3 -4 -5 5 -7 -8
leaf_value=0.00024813250220781323 0.0022239279294727853 0.008584810084198112 -0.0016006835945459289 0.00095749338047055113 -0.0016177143485523735 0.0038002999983381253 0.013171355989363705
leaf_weight=874.55359472334385 9.8363247811794299 23.61149337887764 775.87631931900978 339.34241157770157 68.175608947873116 113.59282974898815 12.237780347466467
leaf_count=2646 30 81 2285 1032 196 354 44
internal_value=3.22592e-06 -0.000247002 -0.000621006 0.00145368 0.00247476 0.00176817 0.00829313
internal_weight=2217.23 2013.38 1650.43 362.954 203.843 181.768 22.0741
internal_count=6668 6044 4931 1113 624 550 74
is_linear=0
shrinkage=0.0103456


Tree=148
num_leaves=8
num_cat=0
split_feature=38 13 13 7 2 8 7
split_gain=40.1535 19.5493 17.2835 15.715 12.2696 11.6612 8.51134
threshold=0.6606860586696478 0.90256536826815692 0.65536903324338869 -0.014903538913021539 55.943270789699753 0.0026156600638601595 -0.0015341274826622395
decision_type=2 2 2 2 2 2 2
left_child=2 5 3 -1 -3 -2 -4
right_child=1 4 6 -5 -6 -7 -8
leaf_value=-0.0044312470596076809 -2.1319900408793143e-05 -0.0012328177956723171 0.0020827555002995504 0.0042031893849380497 -0.0040754127995016728 0.0090772398721957418 -0.00092796339949700489
leaf_weight=24.229754507541656 729.18464855849743 463.62336185574532 187.87051802873611 327.60663257539272 250.24548245966434 15.395202860236166 216.10866324603558
leaf_count=73 2188 1448 563 901 793 43 659
internal_value=-3.09125e-06 -0.00100601 0.00193218 0.00360857 -0.00222928 0.000166805 0.000472171
internal_weight=2214.26 1458.45 755.816 351.836 713.869 744.58 403.979
internal_count=6668 4472 2196 974 2241 2231 1222
is_linear=0
shrinkage=0.0103456


Tree=149
num_leaves=8
num_cat=0
split_feature=3 20 48 36 8 3 1
split_gain=20.7852 19.6342 18.6296 16.6136 12.6115 11.4593 10.3586
threshold=0.0019720161663027663 11.113686637952206 54815.039000000012 0.44134895202810559 -0.0013432928900933281 0.0010118772488121851 0.00048383642965165271
decision_type=2 2 2 2 2 2 2
left_child=1 5 -3 6 -5 -1 -2
right_child=3 2 -4 4 -6 -7 -8
leaf_value=0.0049731128596693158 -0.0054214334964096129 0.0025172267914645875 -0.0082730801092746626 0.0023467878878720302 -0.0006998496572651864 -0.0046940593539839788 0.0032230482539930623
leaf_weight=15.938483372330664 109.71729658544064 571.86299799382687 17.654519900679588 164.66585548222065 1244.5835583209991 74.330018639564514 17.156707748770714
leaf_count=46 348 1617 67 482 3827 232 49
internal_value=-1.38865e-07 0.00150607 0.00219409 -0.000666687 -0.000343861 -0.00298715 -0.00425247
internal_weight=2215.91 679.786 589.518 1536.12 1409.25 90.2685 126.874
internal_count=6668 1962 1684 4706 4309 278 397
is_linear=0
shrinkage=0.0103456


Tree=150
num_leaves=7
num_cat=0
split_feature=51 37 57 13 43 43
split_gain=13.9432 11.6986 12.6856 10.2468 7.82459 9.8631
threshold=54828.661000000007 0.63231061996470472 425.05097700000016 4.0858495607185183 0.0012137292499973292 0.00014108383200542963
decision_type=2 2 2 2 2 2
left_child=1 2 -1 -3 5 -2
right_child=4 3 -4 -5 -6 -7
leaf_value=-0.00099372564864472213 0.001466029581245242 0.00016789993265080763 -0.0061882401511093579 0.0096583937591977389 -0.0055612131245724779 0.0064825673882530493
leaf_weight=533.88176415860653 129.70383422076702 1411.7705169469118 55.555410712957382 12.282540157437323 11.887864127755163 62.001186519861221
leaf_count=1608 391 4233 161 42 32 201
internal_value=3.29674e-06 -0.000257591 -0.00148332 0.000249756 0.00258342 0.00308848
internal_weight=2217.08 2013.49 589.437 1424.05 203.593 191.705
internal_count=6668 6044 1769 4275 624 592
is_linear=0
shrinkage=0.0103456


Tree=151
num_leaves=8
num_cat=0
split_feature=36 7 13 43 46 56 13
split_gain=39.6432 19.1082 14.2372 13.7884 16.963 10.9199 8.80172
threshold=0.65556881127166389 0.0038059716505419732 1.3752819022496729 -0.00013225101407433421 1.5750000000000003e-05 123.03860100000016 0.58615803966702906
decision_type=2 2 2 2 2 2 2
left_child=3 2 -2 6 -5 -3 -1
right_child=1 5 -4 4 -6 -7 -8
leaf_value=0.0058396138439440713 0.00040616657326818424 -0.0016948955128860735 -0.0026519081179166523 -0.0011514448292270401 0.002836326925235522 -0.0052040467418952392 0.0020898648039186151
leaf_weight=125.35448148846626 831.19667932391167 318.82107636332512 202.67806363105774 223.67618837952614 233.20739325881004 135.14640480279922 143.92840710282326
leaf_count=334 2504 1004 654 654 657 440 421
internal_value=-3.09015e-06 -0.000970235 -0.00019333 0.00197849 0.000884036 -0.00273957 0.00383542
internal_weight=2214.01 1487.84 1033.87 726.166 456.884 453.967 269.283
internal_count=6668 4602 3158 2066 1311 1444 755
is_linear=0
shrinkage=0.0103456


Tree=152
num_leaves=8
num_cat=0
split_feature=21 20 3 1 40 38 38
split_gain=20.6115 17.2972 19.4399 18.8231 11.04 5.84833 5.51747
threshold=29.233308698724425 10.232273573236487 0.0019720161663027663 2.4757595945228567e-05 0.0002935138344123519 0.62873945949127819 1.1866138967359112
decision_type=2 2 2 2 2 2 2
left_child=1 3 -3 -1 5 -2 -6
right_child=4 2 -4 -5 6 -7 -8
leaf_value=-0.0074533637898402377 0.00018445902638596223 0.0015932809856458951 -0.00064899796661077103 0.00057742347028083519 -0.001988979214699752 0.0088148348992573167 0.0059106781371689983
leaf_weight=71.11366893351078 10.095460832118986 588.02518878877163 1397.0314123630524 55.710488751530647 29.653194919228554 50.159542679786682 13.898657396435736
leaf_count=238 28 1694 4283 167 90 128 40
internal_value=-2.10998e-07 -0.000221437 1.52231e-05 -0.00392565 0.00450048 0.00736885 0.00053203
internal_weight=2215.69 2111.88 1985.06 126.824 103.807 60.255 43.5519
internal_count=6668 6382 5977 405 286 156 130
is_linear=0
shrinkage=0.0103456


Tree=153
num_leaves=8
num_cat=0
split_feature=51 14 18 30 60 46 22
split_gain=13.7422 11.6232 10.3601 8.65015 7.80243 8.33599 3.56274
threshold=54828.661000000007 0.0012898016687153343 -0.0036374305710026862 0.0030522938850640158 313.68114750000024 -2.5029999999999996e-05 17.641623168299478
decision_type=2 2 2 2 2 2 2
left_child=1 2 -1 -3 5 -2 -6
right_child=4 3 -4 -5 6 -7 -8
leaf_value=0.01217272445991379 -0.0010889129036235671 0.00053624072071074033 -0.0017511582048888288 -0.0016648029513635101 0.0011558450516259897 0.0042729466393837505 -0.0087151391526373856
leaf_weight=5.7843496203422538 39.227150082588196 1272.4292639046907 510.07181400060654 224.88460616767406 6.9602045118808737 148.58922889828682 8.9409922361373884
leaf_count=21 112 3850 1510 663 21 468 23
internal_value=3.3635e-06 -0.000255749 -0.00159503 0.000205662 0.00256395 0.00315307 -0.00439445
internal_weight=2216.89 2013.17 515.856 1497.31 203.718 187.816 15.9012
internal_count=6668 6044 1531 4513 624 580 44
is_linear=0
shrinkage=0.0103456


Tree=154
num_leaves=8
num_cat=0
split_feature=38 10 13 13 10 37 36
split_gain=39.2102 19.3596 17.9313 16.7694 13.6648 10.8092 7.95741
threshold=0.6606860586696478 0.025551849775305158 0.90256536826815692 0.65536903324338869 0.0056178357222305625 0.75863323219895362 0.5298584520767794
decision_type=2 2 2 2 2 2 2
left_child=3 2 -2 4 -1 -3 -5
right_child=1 5 -4 6 -6 -7 -8
leaf_value=-6.8663311621756478e-05 -3.2843477856267472e-05 -0.00053598639771708205 -0.0023549361455514057 0.0035791412946123567 0.004702303380428729 0.011529468904842008 -0.00020853849069364127
leaf_weight=84.537993296980858 722.01582387089729 13.074858933687208 701.99425886571407 72.308675944805145 267.8072427213192 20.264960199594498 331.67635549604893
leaf_count=240 2171 37 2212 207 734 52 1015
internal_value=-3.20144e-06 -0.000995114 -0.00117757 0.00190808 0.00355761 0.00679777 0.000469413
internal_weight=2213.68 1457.35 1424.01 756.33 352.345 33.3398 403.985
internal_count=6668 4472 4383 2196 974 89 1222
is_linear=0
shrinkage=0.0103456


Tree=155
num_leaves=8
num_cat=0
split_feature=21 20 3 1 19 38 25
split_gain=20.2552 17.0733 19.1585 18.6305 11.0674 5.6671 3.64344
threshold=29.233308698724425 10.232273573236487 0.0019720161663027663 2.4757595945228567e-05 0.0087114515769775042 0.62873945949127819 0.0014079926482597485
decision_type=2 2 2 2 2 2 2
left_child=1 3 -3 -1 5 -2 -6
right_child=4 2 -4 -5 6 -7 -8
leaf_value=-0.0074211357328166049 0.0002477943942334629 0.001581406336709645 -0.00064430794348640391 0.00057342284932020149 0.0029939214009422296 0.007297465276273926 -0.0062423626878098338
leaf_weight=70.89629240334034 14.786120206117628 588.30052419006824 1396.6383510679007 55.720896497368813 7.5039164274930981 69.91681407392025 11.696334004402159
leaf_count=238 42 1694 4283 167 22 185 37
internal_value=-1.66811e-07 -0.000219602 1.53541e-05 -0.00390294 0.00445927 0.00606684 -0.0026326
internal_weight=2215.46 2111.56 1984.94 126.617 103.903 84.7029 19.2003
internal_count=6668 6382 5977 405 286 227 59
is_linear=0
shrinkage=0.0103456


Tree=156
num_leaves=8
num_cat=0
split_feature=51 2 30 14 22 4 15
split_gain=13.5429 11.6523 13.0142 12.0622 7.76654 8.58776 4.80744
threshold=54828.661000000007 76.608783599083282 0.0020336728594474592 0.0012898016687153343 24.592616113879902 -0.0025227224820817402 -0.0021714894055343908
decision_type=2 2 2 2 2 2 2
left_child=1 3 -3 -1 5 -2 -6
right_child=4 2 -4 -5 6 -7 -8
leaf_value=-0.0017626135196293097 -0.0061042563360190413 0.0073383789832821228 -0.0048377056018075338 9.426800991974207e-05 0.013653270757365617 0.002327993622179122 0.0047785043443148312
leaf_weight=504.07984797656536 14.106906265020369 40.781842440366745 12.207921221852301 1455.8246206343174 8.6742654442787153 154.59504075348377 26.465639352798462
leaf_count=1493 38 137 34 4380 31 472 83
internal_value=3.44488e-06 -0.000253886 0.00453322 -0.000383315 0.00254453 0.00162289 0.00696924
internal_weight=2216.74 2012.89 52.9898 1959.9 203.842 168.702 35.1399
internal_count=6668 6044 171 5873 624 510 114
is_linear=0
shrinkage=0.0103456


Tree=157
num_leaves=8
num_cat=0
split_feature=38 10 28 13 7 37 7
split_gain=38.6132 19.0386 19.0961 16.4803 15.4327 10.6005 8.35554
threshold=0.6606860586696478 0.025551849775305158 55.56513403152784 0.65536903324338869 -0.014903538913021539 0.75863323219895362 -0.0015341274826622395
decision_type=2 2 2 2 2 2 2
left_child=3 2 -2 4 -1 -3 -5
right_child=1 5 -4 6 -6 -7 -8
leaf_value=-0.0044396938889659432 -0.00073617224335807056 -0.00053594731781165964 -0.0044847552482580816 0.002060814095493759 0.0041147155728535906 0.011404380215485311 -0.0009218978033648064
leaf_weight=24.23813970386982 1258.837678834796 13.07487143576145 164.45560069382191 188.0274768024683 328.44140480458736 20.335040956735611 216.00221756100655
leaf_count=73 3849 37 534 563 901 52 659
internal_value=-3.24053e-06 -0.000988097 -0.00116931 0.00189266 0.00352681 0.00673157 0.000466198
internal_weight=2213.41 1456.7 1423.29 756.709 352.68 33.4099 404.03
internal_count=6668 4472 4383 2196 974 89 1222
is_linear=0
shrinkage=0.0103456


Tree=158
num_leaves=8
num_cat=0
split_feature=30 20 1 61 23 37 27
split_gain=20.0079 17.6646 20.4223 17.5752 12.8051 14.0089 9.49642
threshold=0.0020189523533601654 10.562561282636231 -2.3270132555518885e-05 770.8783870000002 -0.023008223134063251 0.44060965559684745 0.0019997761297179122
decision_type=2 2 2 2 2 2 2
left_child=1 2 -1 -3 6 -6 -2
right_child=4 3 -4 -5 5 -7 -8
leaf_value=-0.0081734067056201259 0.0019843899430033694 0.00089966673291404524 0.00041835935780107521 0.013653424584694384 -0.0060286940886026489 -0.0012212618641347474 0.01561758805179757
leaf_weight=50.055429190397263 25.274655997753143 1372.7503399848938 72.499099150300026 11.663077205419539 72.694070130586624 603.32910011708736 6.9785767346620551
leaf_count=170 77 4039 220 29 234 1881 18
internal_value=-2.09353e-07 0.000673847 -0.00309081 0.00100711 -0.00143437 -0.00173821 0.00493418
internal_weight=2215.24 1506.97 122.555 1384.41 708.276 676.023 32.2532
internal_count=6668 4458 390 4068 2210 2115 95
is_linear=0
shrinkage=0.0103456


Tree=159
num_leaves=8
num_cat=0
split_feature=51 7 23 20 46 23 51
split_gain=13.3493 11.4893 12.9767 11.8681 7.68805 11.7266 8.16897
threshold=54828.661000000007 0.0078373476951247873 -0.00067618087926546433 11.529213649619598 -2.5029999999999996e-05 0.012708571312180396 57114.714500000009
decision_type=2 2 2 2 2 2 2
left_child=1 2 -1 -3 5 -2 -6
right_child=4 3 -4 -5 6 -7 -8
leaf_value=0.00024519660234438584 -0.0047025796645098787 0.0084957964989419137 -0.0015934487115202096 0.00091983630382005933 0.0056491290026942963 0.0078214445534254967 0.00098654793537965584
leaf_weight=874.27700461447239 30.755673453211784 23.674916207790375 775.08676086366177 339.59781405329704 88.996827617287636 10.816139757633207 73.38014118373394
leaf_count=2646 82 81 2285 1032 286 36 220
internal_value=3.57976e-06 -0.000251998 -0.000618839 0.00141357 0.0025257 -0.00144408 0.00354205
internal_weight=2216.59 2012.64 1649.36 363.273 203.949 41.5718 162.377
internal_count=6668 6044 4931 1113 624 118 506
is_linear=0
shrinkage=0.0103456


Tree=160
num_leaves=8
num_cat=0
split_feature=36 7 29 7 3 12 1
split_gain=38.216 18.7766 14.0854 13.5274 15.5938 10.9362 8.01227
threshold=0.65556881127166389 0.0038059716505419732 0.0085814459464383947 -0.015315066187425784 0.0044876047200125306 0.0041822343796624551 -0.00032819810900807706
decision_type=2 2 2 2 2 2 2
left_child=3 2 -2 6 -5 -3 -1
right_child=1 5 -4 4 -6 -7 -8
leaf_value=0.0052745172836909512 -0.00045494879104680645 -0.0029757976822118192 0.0052040411110950268 0.0018888971991760349 0.0076675050113506052 0.0070229199921390869 -0.00461218665288733
leaf_weight=10.726514309644697 983.75550371408463 440.96982102096081 49.442782357335091 613.62737639248371 54.41516700387001 12.0275881588459 48.182985633611679
leaf_count=30 3010 1410 148 1746 146 34 144
internal_value=-3.32939e-06 -0.00095413 -0.000184143 0.00194051 0.00235959 -0.00271032 -0.00281197
internal_weight=2213.15 1486.2 1033.2 726.952 668.043 452.997 58.9095
internal_count=6668 4602 3158 2066 1892 1444 174
is_linear=0
shrinkage=0.0103456


Tree=161
num_leaves=8
num_cat=0
split_feature=13 30 7 23 1 10 54
split_gain=19.8184 18.6099 18.4762 17.0494 16.2838 12.8205 5.19842
threshold=0.72175853474568974 0.00066958292878394076 0.0027913063254697561 -0.022067869655723379 -1.0113569065964232e-05 0.017174366978276765 7.1026140120999961e-05
decision_type=2 2 2 2 2 2 2
left_child=3 4 -3 6 -2 -5 -1
right_child=1 2 -4 5 -6 -7 -8
leaf_value=0.0031410699760159471 0.00044868126828536439 -0.00056765257793583187 0.002033727642747926 -0.0010814581043011393 0.0080440261849988575 -0.0057481074149156883 0.014444725693155845
leaf_weight=8.5937469899654406 55.030592545866966 796.49727015197277 461.57343737781048 748.73769825696945 66.987560108304024 68.799753963947296 8.8277901113033277
leaf_count=25 161 2424 1372 2265 177 221 23
internal_value=-2.55727e-07 0.000760909 0.000386768 -0.00125837 0.0046185 -0.00147418 0.00886883
internal_weight=2215.05 1380.09 1258.07 834.959 122.018 817.537 17.4215
internal_count=6668 4134 3796 2534 338 2486 48
is_linear=0
shrinkage=0.0103456


Tree=162
num_leaves=8
num_cat=0
split_feature=51 2 30 14 60 44 8
split_gain=13.1391 11.4785 12.8255 11.8207 7.66054 8.33194 3.53162
threshold=54828.661000000007 76.608783599083282 0.0020336728594474592 0.0012898016687153343 313.68114750000024 0.80165724898440083 0.00087830547844836026
decision_type=2 2 2 2 2 2 2
left_child=1 3 -3 -1 5 -2 -6
right_child=4 2 -4 -5 6 -7 -8
leaf_value=-0.0017448516313422874 0.0023676723218296848 0.0072760769334597264 -0.0048149316327038292 9.4091757686432927e-05 -0.00869908358594286 0.0096704005391390294 0.0011296017916633317
leaf_weight=503.53716307878494 169.63418935239315 40.869119390845299 12.190835550427435 1455.7753393352032 8.9290851950645429 18.550753444433212 6.9651527702808371
leaf_count=1493 517 137 34 4380 23 63 21
internal_value=3.7321e-06 -0.00024993 0.0044981 -0.000378511 0.00250503 0.00308756 -0.00439197
internal_weight=2216.45 2012.37 53.06 1959.31 204.079 188.185 15.8942
internal_count=6668 6044 171 5873 624 580 44
is_linear=0
shrinkage=0.0103456


Tree=163
num_leaves=8
num_cat=0
split_feature=38 10 13 13 7 38 7
split_gain=37.8096 18.6739 17.471 16.0193 15.0307 9.44283 8.17824
threshold=0.6606860586696478 0.025551849775305158 0.90256536826815692 0.65536903324338869 -0.014903538913021539 0.79771173090257352 -0.0015341274826622395
decision_type=2 2 2 2 2 2 2
left_child=3 2 -2 4 -1 -3 -5
right_child=1 5 -4 6 -6 -7 -8
leaf_value=-0.0043932273844696987 -2.8883200384535399e-05 -0.0019442092303423987 -0.0023224136192093875 0.0020412632748040642 0.0040598799304046697 0.010166796850225718 -0.00090956864811547104
leaf_weight=24.168472364544868 721.78979183733463 9.7012945115566236 700.47544391453266 188.17149214446545 328.9607480764389 23.783155336976051 215.83278761804104
leaf_count=73 2171 27 2212 563 901 62 659
internal_value=-3.41084e-06 -0.000978674 -0.00115846 0.00187174 0.00348134 0.00665793 0.000464829
internal_weight=2212.88 1455.75 1422.27 757.134 353.129 33.4844 404.004
internal_count=6668 4472 4383 2196 974 89 1222
is_linear=0
shrinkage=0.0103456


Tree=164
num_leaves=8
num_cat=0
split_feature=21 30 6 47 19 38 25
split_gain=19.6195 17.497 17.7652 16.3337 10.8584 5.5318 3.57889
threshold=29.233308698724425 0.0020189523533601654 0.0022577872714008023 17.500000000000004 0.0087114515769775042 0.62873945949127819 0.0014079926482597485
decision_type=2 2 2 2 2 2 2
left_child=1 3 -3 -1 5 -2 -6
right_child=4 2 -4 -5 6 -7 -8
leaf_value=0.0022239094044541048 0.00022571885749457016 -0.0005224069523784735 -0.0042205629077918042 -0.00024935466803376814 0.0029258569889690921 0.0071878239700365861 -0.0062238877657438234
leaf_weight=394.57060551643372 14.793856054544447 484.51119574904442 194.98260848224163 1036.7157802730799 7.521289303898814 70.078414976596832 11.682728573679922
leaf_count=1165 42 1491 640 3086 22 185 37
internal_value=-3.26988e-07 -0.00021654 -0.0015836 0.000432464 0.00438471 0.00597428 -0.00264037
internal_weight=2214.86 2110.78 679.494 1431.29 104.076 84.8723 19.204
internal_count=6668 6382 2131 4251 286 227 59
is_linear=0
shrinkage=0.0103456


Tree=165
num_leaves=8
num_cat=0
split_feature=51 2 30 14 22 4 42
split_gain=12.9382 11.3103 12.6411 11.6251 7.60722 8.45978 4.71875
threshold=54828.661000000007 76.608783599083282 0.0020336728594474592 0.0012898016687153343 24.592616113879902 -0.0025227224820817402 43.494217558802909
decision_type=2 2 2 2 2 2 2
left_child=1 3 -3 -1 5 -2 -6
right_child=4 2 -4 -5 6 -7 -8
leaf_value=-0.0017313966688522768 -0.0060984224939020669 0.0072131646665988475 -0.0047938487780866366 9.2801780634700986e-05 0.001270558828045449 0.0022719462306117176 0.0094250710095422734
leaf_weight=503.13317006826401 14.100180730223654 40.956945315003395 12.174626618623732 1455.8251969516277 11.082827866077421 154.88067600131035 24.136726558208466
leaf_count=1493 38 137 34 4380 33 472 81
internal_value=3.83948e-06 -0.000247978 0.00446186 -0.00037572 0.00248512 0.0015735 0.00685902
internal_weight=2216.29 2012.09 53.1316 1958.96 204.2 168.981 35.2196
internal_count=6668 6044 171 5873 624 510 114
is_linear=0
shrinkage=0.0103456


Tree=166
num_leaves=8
num_cat=0
split_feature=36 7 29 40 49 60 13
split_gain=37.2454 18.4309 13.769 13.4156 15.3485 10.8624 8.38713
threshold=0.65556881127166389 0.0038059716505419732 0.0085814459464383947 -0.00013237950013021804 1.3165000000000002e-05 117.09792700000014 0.58615803966702906
decision_type=2 2 2 2 2 2 2
left_child=3 2 -2 6 -5 -3 -1
right_child=1 5 -4 4 -6 -7 -8
leaf_value=0.0056692357476177619 -0.00044850656718033849 -0.0016700453348815485 0.0051410614103837848 -0.0011814519680263865 0.0026078200776683061 -0.0052184291028968986 0.0020035057860805397
leaf_weight=127.94837990403175 983.34420277178288 322.86500833928585 49.546148285269737 214.23330597579479 245.54215440154076 129.32403887808323 139.79441471397877
leaf_count=342 3010 1023 148 631 687 421 406
internal_value=-3.4856e-06 -0.000942969 -0.000180384 0.00191428 0.000842201 -0.00268487 0.00375528
internal_weight=2212.6 1485.08 1032.89 727.518 459.775 452.189 267.743
internal_count=6668 4602 3158 2066 1318 1444 748
is_linear=0
shrinkage=0.0103456


Tree=167
num_leaves=8
num_cat=0
split_feature=21 30 28 47 19 34 12
split_gain=19.3107 17.2017 17.555 16.0921 10.7612 7.02193 5.6072
threshold=29.233308698724425 0.0020189523533601654 52.174537348051182 17.500000000000004 0.0040149562044663476 -0.00051314010321573667 0.0029287181988471422
decision_type=2 2 2 2 2 2 2
left_child=1 3 -3 -1 5 -2 -6
right_child=4 2 -4 -5 6 -7 -8
leaf_value=0.0022055426631893494 -0.0004301419821926686 -0.00051107634295962301 -0.0041816903992443104 -0.00024871499647872801 -1.6013954829073684e-05 0.0099027459211597762 0.0091432663744102499
leaf_weight=394.86517688632011 8.6169688254594785 482.85051789879799 196.09111504256725 1036.6564193367958 48.711593762040138 38.446540206670761 8.3852853924036008
leaf_count=1165 25 1491 640 3086 144 94 23
internal_value=-3.59963e-07 -0.000214979 -0.00157122 0.000428258 0.00434818 0.00801087 0.00132912
internal_weight=2214.62 2110.46 678.942 1431.52 104.16 47.0635 57.0969
internal_count=6668 6382 2131 4251 286 119 167
is_linear=0
shrinkage=0.0103456


Tree=168
num_leaves=7
num_cat=0
split_feature=51 7 23 20 43 43
split_gain=12.76 11.2046 12.7764 11.6973 7.60596 9.65661
threshold=54828.661000000007 0.0078373476951247873 -0.00067618087926546433 11.529213649619598 0.0012137292499973292 0.00014108383200542963
decision_type=2 2 2 2 2 2
left_child=1 2 -1 -3 5 -2
right_child=4 3 -4 -5 -6 -7
leaf_value=0.00024847632275147059 0.0013603134357470703 0.0084202521490642571 -0.0015765366866225185 0.00090744772560212269 -0.0055649464373870357 0.0063141176093059496
leaf_weight=874.0704343765974 130.13623976707458 23.731040149927139 774.26495768129826 339.74420587718487 11.88363480567932 62.270689204335213
leaf_count=2646 391 81 2285 1032 32 201
internal_value=3.93885e-06 -0.000246221 -0.000608779 0.00139795 0.00246746 0.00296357
internal_weight=2216.1 2011.81 1648.34 363.475 204.291 192.407
internal_count=6668 6044 4931 1113 624 592
is_linear=0
shrinkage=0.0103456


Tree=169
num_leaves=8
num_cat=0
split_feature=13 13 7 52 46 1 53
split_gain=36.8229 18.0801 13.4885 10.4546 21.2925 17.6921 5.28781
threshold=0.59674034826330924 1.3752819022496729 0.0040891535934913801 2.2060000000000006e-05 3.2300000000000006e-05 -0.00015786384591569532 7.5000000000000009
decision_type=2 2 2 2 2 2 2
left_child=3 2 -2 5 -5 -1 -3
right_child=1 6 -4 4 -6 -7 -8
leaf_value=0.0046244004071675912 0.00043423873893717868 0.0061198740209720886 -0.0018520967114029428 0.0097139854633796971 0.0023154459571220411 -0.00072203612042136278 -0.0031407885832206183
leaf_weight=97.934989884495735 938.08453726768494 6.7377834022045127 391.42365130782127 52.623644858598709 199.36497937142849 204.74217973649502 321.36871862411499
leaf_count=267 2813 19 1223 138 568 593 1047
internal_value=-3.55069e-06 -0.000775644 -0.000238887 0.00230384 0.00386051 0.00100787 -0.00295062
internal_weight=2212.28 1657.61 1329.51 554.666 251.989 302.677 328.107
internal_count=6668 5102 4036 1566 706 860 1066
is_linear=0
shrinkage=0.0103456


Tree=170
num_leaves=8
num_cat=0
split_feature=13 30 29 7 46 46 21
split_gain=19.1316 18.1404 22.3141 18.0165 14.7116 16.9478 15.5149
threshold=0.72175853474568974 0.00066958292878394076 -0.00078277621671757325 0.0027913063254697561 2.2060000000000006e-05 8.5550000000000003e-06 14.680737001827557
decision_type=2 2 2 2 2 2 2
left_child=4 2 -2 -3 5 -1 -6
right_child=1 3 -4 -5 6 -7 -8
leaf_value=-0.0011062185828100205 -0.0030601835459232655 -0.00056564508703330074 0.0071188553297446677 0.0020024595672598617 0.0070140371860432796 0.0035539844865858398 -0.0032606050174158368
leaf_weight=360.39589270949364 30.82332019507885 796.30303697288036 91.407496511936188 462.04191656410694 16.47426375746727 108.72295787930489 348.19765873253345
leaf_count=1101 95 2424 243 1372 45 314 1074
internal_value=-3.94596e-07 0.000746925 0.00455198 0.000377317 -0.00123779 -2.61702e-05 -0.00279644
internal_weight=2214.37 1380.58 122.231 1258.34 833.791 469.119 364.672
internal_count=6668 4134 338 3796 2534 1415 1119
is_linear=0
shrinkage=0.0103456


Tree=171
num_leaves=8
num_cat=0
split_feature=51 37 57 13 46 23 51
split_gain=12.5724 11.1719 12.6283 9.99772 7.60141 11.5184 7.97392
threshold=54828.661000000007 0.63231061996470472 425.05097700000016 4.0858495607185183 -2.5029999999999996e-05 0.012708571312180396 57114.714500000009
decision_type=2 2 2 2 2 2 2
left_child=1 2 -1 -3 5 -2 -6
right_child=4 3 -4 -5 6 -7 -8
leaf_value=-0.00095542443696395294 -0.0047274930273387625 0.00017015475532930921 -0.0061490594686488811 0.0095289000893643682 0.0055357693687446375 0.0076653195419112896 0.00093439983800568149
leaf_weight=532.62399280071259 30.781618610024452 1411.2961815446615 55.312690228223801 12.324124976992605 89.260346069931984 10.859052449464796 73.504451632499695
leaf_count=1608 82 4233 161 42 286 36 220
internal_value=4.10502e-06 -0.000244303 -0.00144404 0.000251172 0.00244869 -0.0014957 0.00345779
internal_weight=2215.96 2011.56 587.937 1423.62 204.405 41.6407 162.765
internal_count=6668 6044 1769 4275 624 118 506
is_linear=0
shrinkage=0.0103456


Tree=172
num_leaves=8
num_cat=0
split_feature=38 10 40 13 7 36 37
split_gain=36.7665 18.4096 16.6126 15.5355 15.026 11.6113 10.3476
threshold=0.67270114475410747 0.025551849775305158 -9.1174012301476926e-05 0.65536903324338869 -0.014903538913021539 0.55555750923338199 0.75863323219895362
decision_type=2 2 2 2 2 2 2
left_child=3 2 -2 4 -1 -5 -3
right_child=1 6 -4 5 -6 -7 -8
leaf_value=-0.0042796558212671544 0.00011590082988903169 -0.00060687438288338719 -0.0021711219357141284 0.0037933858121859073 0.0039316331806570027 -0.00041959175548607618 0.011166262356265578
leaf_weight=25.661681026220322 598.14104846119881 13.108942925930021 787.53085361421108 88.138516440987587 338.35200574994087 340.59492380917072 20.464149340987206
leaf_count=77 1821 37 2458 253 926 1044 52
internal_value=-3.64491e-06 -0.0010005 -0.0011839 0.001781 0.00335277 0.000446507 0.00656933
internal_weight=2211.99 1419.24 1385.67 792.747 364.014 428.733 33.5731
internal_count=6668 4368 4279 2300 1003 1297 89
is_linear=0
shrinkage=0.0103456


Tree=173
num_leaves=8
num_cat=0
split_feature=3 20 48 13 5 12 22
split_gain=18.9532 18.7437 17.9048 15.3855 11.2925 11.066 7.80996
threshold=0.0019720161663027663 11.113686637952206 54815.039000000012 0.40491707355780443 -0.00014033362931842316 0.00093149266132793894 20.263266591502983
decision_type=2 2 2 2 2 2 2
left_child=1 4 -3 6 -1 -5 -2
right_child=3 2 -4 5 -6 -7 -8
leaf_value=-0.0086066998534351097 -0.0081915191131965263 0.0024195349961075403 -0.0082040149910389097 -0.0041602003920223739 -0.00058416467947459971 -0.00016881251129554985 -0.0019496067157139269
leaf_weight=26.686557397246361 40.524237796664238 573.70736362040043 17.498186245560646 78.618364959955215 63.379963174462318 1368.1602051109076 45.59402322769165
leaf_count=86 133 1617 67 241 192 4193 139
internal_value=-4.67019e-07 0.00143532 0.0021051 -0.000638579 -0.00296123 -0.000385706 -0.00488683
internal_weight=2214.17 681.272 591.206 1532.9 90.0665 1446.78 86.1183
internal_count=6668 1962 1684 4706 278 4434 272
is_linear=0
shrinkage=0.0103456


Tree=174
num_leaves=8
num_cat=0
split_feature=51 2 3 14 60 44 8
split_gain=12.3492 11.1354 11.5353 11.3287 7.53517 8.13042 3.48281
threshold=54828.661000000007 76.608783599083282 0.0029351894457043258 0.0012898016687153343 313.68114750000024 0.80165724898440083 0.00087830547844836026
decision_type=2 2 2 2 2 2 2
left_child=1 3 -3 -1 5 -2 -6
right_child=4 2 -4 -5 6 -7 -8
leaf_value=-0.0017084918482069974 0.0022917129163936029 0.0075977383453957048 -0.0028953485532375975 9.3292171261173876e-05 -0.0086948113791873276 0.0094916983248028112 0.0010611740476099186
leaf_weight=502.41370674967766 170.00923307240009 37.125406265258789 16.065876007080078 1455.6281187385321 8.9231863617897016 18.625738635659218 6.9802995026111594
leaf_count=1493 517 125 46 4380 23 63 21
internal_value=4.15473e-06 -0.000242149 0.00442841 -0.000369027 0.00242607 0.00300264 -0.00441275
internal_weight=2215.77 2011.23 53.1913 1958.04 204.538 188.635 15.9035
internal_count=6668 6044 171 5873 624 580 44
is_linear=0
shrinkage=0.0103456


Tree=175
num_leaves=7
num_cat=0
split_feature=38 10 28 23 7 37
split_gain=36.1501 18.133 16.3845 11.476 12.3813 10.1709
threshold=0.67270114475410747 0.025551849775305158 55.56513403152784 -0.023895847382645271 -0.00024732531436993938 0.75863323219895362
decision_type=2 2 2 2 2 2
left_child=3 2 -2 -1 -5 -3
right_child=1 5 -4 4 -6 -7
leaf_value=-0.0082583583514434719 -0.00076837363636195048 -0.00060549560436920231 -0.0042891519861817185 0.0031623568203144022 0.00055438994956533085 0.011060474828122779
leaf_weight=12.039829179644583 1225.0168322175741 13.108019083738325 159.94347719848156 408.90633633732796 372.17515777051449 20.522197231650352
leaf_count=37 3756 37 523 1176 1087 52
internal_value=-3.72356e-06 -0.000992707 -0.00117497 0.00176519 0.00191969 0.00651344
internal_weight=2211.71 1418.59 1384.96 793.121 781.081 33.6302
internal_count=6668 4368 4279 2300 2263 89
is_linear=0
shrinkage=0.0103456


Tree=176
num_leaves=8
num_cat=0
split_feature=3 20 51 36 6 5 1
split_gain=18.6658 18.4899 17.6319 15.5751 12.4968 11.1873 10.114
threshold=0.0019720161663027663 11.113686637952206 54828.661000000007 0.44134895202810559 -0.0058210845394626723 -0.00014033362931842316 0.00048383642965165271
decision_type=2 2 2 2 2 2 2
left_child=1 5 -3 6 -5 -1 -2
right_child=3 2 -4 4 -6 -7 -8
leaf_value=-0.0085758201125651131 -0.0052929706472889058 0.0024001739934094882 -0.0081512493038312685 0.0031433606158164074 -0.00059672812914435605 -0.00058172535643135324 0.0032657631479140609
leaf_weight=26.6027921885252 108.39111407101154 574.07143566012383 17.46659517288208 103.18833324313164 1303.7588519155979 63.370577022433281 17.110922962427139
leaf_count=86 348 1616 68 307 4002 192 49
internal_value=-4.38343e-07 0.00142403 0.00208862 -0.000633928 -0.000322423 -0.00294537 -0.00412607
internal_weight=2213.96 681.511 591.538 1532.45 1406.95 89.9734 125.502
internal_count=6668 1962 1684 4706 4309 278 397
is_linear=0
shrinkage=0.0103456


Tree=177
num_leaves=8
num_cat=0
split_feature=51 2 30 14 46 23 51
split_gain=12.1508 10.9636 12.289 11.127 7.50891 11.3203 7.78605
threshold=54828.661000000007 76.608783599083282 0.0020336728594474592 0.0012898016687153343 -2.5029999999999996e-05 0.012708571312180396 57114.714500000009
decision_type=2 2 2 2 2 2 2
left_child=1 3 -3 -1 5 -2 -6
right_child=4 2 -4 -5 6 -7 -8
leaf_value=-0.0016943648087061767 -0.0047220434392863785 0.0070910668614989989 -0.0047542768475844939 9.1853378158617948e-05 0.0054582518205507566 0.0075516889929147357 0.0009143164794412342
leaf_weight=501.99059216678143 30.770995855331421 41.123803347349167 12.142013773322104 1455.7117006331682 89.440717399120331 10.889289975166319 73.553706809878349
leaf_count=1493 82 137 34 4380 286 36 220
internal_value=4.24886e-06 -0.000240162 0.00439091 -0.000366166 0.00240587 -0.0015139 0.00340773
internal_weight=2215.62 2010.97 53.2658 1957.7 204.655 41.6603 162.994
internal_count=6668 6044 171 5873 624 118 506
is_linear=0
shrinkage=0.0103456


Tree=178
num_leaves=8
num_cat=0
split_feature=36 7 29 43 49 12 48
split_gain=35.6841 17.9259 13.4475 13.1213 16.519 10.7475 8.25027
threshold=0.65556881127166389 0.0038059716505419732 0.0085814459464383947 -0.00013225101407433421 1.3165000000000002e-05 0.0041822343796624551 45010.89650000001
decision_type=2 2 2 2 2 2 2
left_child=3 2 -2 6 -5 -3 -1
right_child=1 5 -4 4 -6 -7 -8
leaf_value=-0.0037994786534152956 -0.00043835134846212078 -0.0029100262200802674 0.0050809096385159421 -0.0012945810890862459 0.0026439352890856331 0.0070009305914799083 0.0041153435012450971
leaf_weight=14.9192798435688 982.62991815805435 438.87405227124691 49.635993450880051 213.86125612258911 244.05505135655403 12.031963810324667 255.4865038394928
leaf_count=43 3010 1410 148 629 682 34 712
internal_value=-3.75626e-06 -0.000924668 -0.00017296 0.00187161 0.000804525 -0.00264556 0.00367865
internal_weight=2211.49 1483.17 1032.27 728.322 457.916 450.906 270.406
internal_count=6668 4602 3158 2066 1311 1444 755
is_linear=0
shrinkage=0.0103456


Tree=179
num_leaves=8
num_cat=0
split_feature=21 30 28 48 19 46 25
split_gain=18.6757 16.5498 17.3214 15.901 10.5811 5.41376 3.52895
threshold=29.233308698724425 0.0020189523533601654 52.174537348051182 47232.369500000008 0.0087114515769775042 -5.8999999999999996e-07 0.0014079926482597485
decision_type=2 2 2 2 2 2 2
left_child=1 3 -3 -1 5 -2 -6
right_child=4 2 -4 -5 6 -7 -8
leaf_value=0.0037062209639362824 0.0092641915763756102 -0.00049090491950146923 -0.0041422012200525438 5.7061463060453881e-05 0.0028571774914444141 0.0038506889033049036 -0.0062223899031911261
leaf_weight=141.86197140812874 31.248572632670403 482.23059879243374 195.41013632714748 1289.9290074110031 7.5394538193941143 53.837450116872787 11.679128274321554
leaf_count=411 81 1491 640 3840 22 146 37
internal_value=-5.00026e-07 -0.000211801 -0.00154382 0.00041862 0.00427281 0.00583884 -0.00266047
internal_weight=2213.74 2109.43 677.641 1431.79 104.305 85.086 19.2186
internal_count=6668 6382 2131 4251 286 227 59
is_linear=0
shrinkage=0.0103456


Tree=180
num_leaves=8
num_cat=0
split_feature=51 37 57 13 60 44 22
split_gain=11.9807 10.9089 12.5659 9.80048 7.41756 7.998 3.42167
threshold=54828.661000000007 0.63231061996470472 425.05097700000016 4.0858495607185183 313.68114750000024 0.80165724898440083 17.641623168299478
decision_type=2 2 2 2 2 2 2
left_child=1 2 -1 -3 5 -2 -6
right_child=4 3 -4 -5 6 -7 -8
leaf_value=-0.00093754784279347666 0.0022544709360077988 0.00017067835304138064 -0.0061247799407624015 0.0094234420064033351 0.0010140528274561571 0.0093878005044635612 -0.0086577605466490893
leaf_weight=532.04318235814571 170.19860512018204 1411.1271990537643 55.16744239628315 12.359641596674917 6.9930014908313742 18.668602719902992 8.8948047161102277
leaf_count=1608 517 4233 161 42 21 63 23
internal_value=4.36117e-06 -0.000238417 -0.00142488 0.000251017 0.00238845 0.00295957 -0.00440072
internal_weight=2215.45 2010.7 587.211 1423.49 204.755 188.867 15.8878
internal_count=6668 6044 1769 4275 624 580 44
is_linear=0
shrinkage=0.0103456


Tree=181
num_leaves=8
num_cat=0
split_feature=38 13 13 7 30 8 7
split_gain=35.3903 17.7377 14.8101 14.39 10.9697 10.8594 7.85362
threshold=0.6606860586696478 0.90256536826815692 0.65536903324338869 -0.014903538913021539 0.0038409650956868473 0.0026156600638601595 -0.0015341274826622395
decision_type=2 2 2 2 2 2 2
left_child=2 5 3 -1 -3 -2 -4
right_child=1 4 6 -5 -6 -7 -8
leaf_value=-0.0043635514349224542 -1.6425943716600863e-05 -0.0023940502325767656 0.0019962113027835477 0.0039146622964795676 0.003945862838111336 0.0087253082115177905 -0.00089496179669185799
leaf_weight=24.116335496306419 728.5865044593811 678.10938628017902 188.48922273516655 330.26412507891655 30.525622203946114 15.534197777509688 215.57679437100887
leaf_count=73 2188 2152 563 901 89 43 659
internal_value=-3.81426e-06 -0.000949509 0.0018076 0.00335131 -0.00212095 0.000166066 0.000453716
internal_weight=2211.2 1452.76 758.446 354.38 708.635 744.121 404.066
internal_count=6668 4472 2196 974 2241 2231 1222
is_linear=0
shrinkage=0.0103456


Tree=182
num_leaves=8
num_cat=0
split_feature=20 10 23 1 13 46 12
split_gain=18.427 19.9336 27.0401 18.3034 13.3312 11.8972 11.0877
threshold=10.232273573236487 0.00524494014626967 -0.0092045581397817138 0.00013664593275728432 0.72175853474568974 4.8800000000000007e-05 0.00067464252570347851
decision_type=2 2 2 2 2 2 2
left_child=3 2 -2 6 -3 -5 -1
right_child=1 4 -4 5 -6 -7 -8
leaf_value=-0.00087223158257083782 -0.0047425773971226546 -0.0015603664617371024 0.0028385954537821943 0.0099440166416968883 0.00040041385519971493 -0.0042233900883725606 -0.0082317259851271557
leaf_weight=32.398411184549332 56.599295660853386 599.12871630489826 456.48639740049839 14.877331316471102 975.24980197846889 11.061115443706511 67.688212484121323
leaf_count=102 176 1838 1283 42 2966 35 226
internal_value=-5.54717e-07 0.00023138 0.0020023 -0.00384229 -0.00034576 0.00390251 -0.00584943
internal_weight=2213.49 2087.46 513.086 126.025 1574.38 25.9384 100.087
internal_count=6668 6263 1459 405 4804 77 328
is_linear=0
shrinkage=0.0103456


Tree=183
num_leaves=8
num_cat=0
split_feature=48 7 23 20 2 43 23
split_gain=10.5612 11.091 12.5234 11.4236 7.62238 11.2271 5.8006
threshold=54815.039000000012 0.0078373476951247873 -0.00067618087926546433 11.529213649619598 32.42868860189072 -0.0001278551097271019 -0.0054958756737344397
decision_type=2 2 2 2 2 2 2
left_child=1 2 -1 -3 6 -6 -2
right_child=4 3 -4 -5 5 -7 -8
leaf_value=0.00026389965270185849 0.0036931402001866634 0.0083435305380281377 -0.0015439798582073604 0.00092660825860981335 -0.0017659724116831459 0.003528013129996344 0.014499618606836177
leaf_weight=873.55026054382324 13.47505831718445 23.782829433679581 773.02299410104752 339.64474637806416 68.564633622765541 114.44054801762104 8.7807516902685148
leaf_count=2646 42 81 2285 1032 196 354 32
internal_value=4.46692e-06 -0.000223807 -0.000584852 0.00141197 0.00223982 0.00154457 0.0079567
internal_weight=2215.26 2010 1646.57 363.428 205.261 183.005 22.2558
internal_count=6668 6044 4931 1113 624 550 74
is_linear=0
shrinkage=0.0103456


Tree=184
num_leaves=8
num_cat=0
split_feature=38 10 40 13 7 37 7
split_gain=34.8295 17.594 16.2969 14.739 14.5049 9.9675 9.85623
threshold=0.67270114475410747 0.025551849775305158 -9.1174012301476926e-05 0.65536903324338869 -0.014903538913021539 0.75863323219895362 -0.00066500373378919331
decision_type=2 2 2 2 2 2 2
left_child=3 2 -2 4 -1 -3 -5
right_child=1 5 -4 6 -6 -7 -8
leaf_value=-0.004248346002046894 0.00013169998739511414 -0.00064089799390422539 -0.0021352749832231409 0.0019299344730189557 0.0038256569320956053 0.010893586803552902 -0.0012096688231661361
leaf_weight=25.612448617815971 597.54910153150558 13.125333070755003 785.687260851264 224.10221362113953 339.34939840435982 20.610103026032448 204.85220088064671
leaf_count=77 1821 37 2458 668 926 52 629
internal_value=-3.94959e-06 -0.000975923 -0.00115596 0.00173082 0.00325904 0.0064059 0.00043058
internal_weight=2210.89 1416.97 1383.24 793.916 364.962 33.7354 428.954
internal_count=6668 4368 4279 2300 1003 89 1297
is_linear=0
shrinkage=0.0103456


Tree=185
num_leaves=8
num_cat=0
split_feature=21 3 7 36 19 38 25
split_gain=18.3086 14.1651 15.4126 14.9426 10.4004 5.33619 3.49234
threshold=29.233308698724425 0.0019720161663027663 0.00060947664036581372 0.44134895202810559 0.0087114515769775042 0.62873945949127819 0.0014079926482597485
decision_type=2 2 2 2 2 2 2
left_child=1 2 -1 -3 5 -2 -6
right_child=4 3 -4 -5 6 -7 -8
leaf_value=-0.00021986719870563436 0.0001380408978425184 -0.0042152380457242114 0.0030497894884436373 -0.00045601885458482634 0.0028357707525448516 0.006967240951002541 -0.0061972599268392556
leaf_weight=392.74885115027428 14.826510131359099 123.62812760472298 254.16557019948959 1338.334572955966 7.5449014157056835 70.371230185031891 11.661607116460798
leaf_count=1149 42 393 723 4117 22 185 37
internal_value=-5.25604e-07 -0.000209888 0.00106474 -0.00077391 0.00422843 0.00577879 -0.00264881
internal_weight=2213.28 2108.88 646.914 1461.96 104.404 85.1977 19.2065
internal_count=6668 6382 1872 4510 286 227 59
is_linear=0
shrinkage=0.0103456


Tree=186
num_leaves=8
num_cat=0
split_feature=48 7 23 12 2 46 17
split_gain=10.3979 10.937 12.3228 10.1574 7.50685 11.0015 5.85654
threshold=54815.039000000012 0.0078373476951247873 -0.00067618087926546433 0.0024047092006084726 32.42868860189072 -2.5029999999999996e-05 -8.1901224881357934e-05
decision_type=2 2 2 2 2 2 2
left_child=1 2 -1 -3 6 -6 -2
right_child=4 3 -4 -5 5 -7 -8
leaf_value=0.00026107153071205805 0.0019628711492023533 0.0023641823194230356 -0.0015325254786708981 -0.001705818456887607 -0.0033949753661932252 0.00283728722185776 0.012634313816374476
leaf_weight=873.65816959738731 9.9096116125583666 277.62126070261002 772.51460798084736 85.949965745210648 38.349352955818176 144.72428327798843 12.382186412811278
leaf_count=2646 30 865 2285 248 105 445 44
internal_value=4.62377e-06 -0.000221958 -0.000580626 0.00140201 0.002222 0.00153178 0.00789042
internal_weight=2215.11 2009.74 1646.17 363.571 205.365 183.074 22.2918
internal_count=6668 6044 4931 1113 624 550 74
is_linear=0
shrinkage=0.0103456


Tree=187
num_leaves=8
num_cat=0
split_feature=36 7 13 23 3 60 48
split_gain=34.4502 17.5795 13.1368 12.9936 12.606 10.7329 6.2058
threshold=0.65556881127166389 0.0038059716505419732 1.3752819022496729 -0.016066372202797937 0.0044876047200125306 117.09792700000014 54531.802500000013
decision_type=2 2 2 2 2 2 2
left_child=3 2 -2 6 -5 -3 -1
right_child=1 5 -4 4 -6 -7 -8
leaf_value=-0.0062762231318641212 0.00040854309206998383 -0.0016064183401520871 -0.0025389410468997053 0.0017259969919181293 0.0064744995412722925 -0.0051443846809868677 0.0021786543490272692
leaf_weight=29.935105323791504 830.68707247078419 321.50410136580467 201.00867405533791 619.32137396931648 66.23797695338726 128.438561424613 13.47403012216091
leaf_count=88 2504 1023 654 1756 181 421 41
internal_value=-4.02818e-06 -0.000909929 -0.000165725 0.00183723 0.00218479 -0.00261635 -0.00365186
internal_weight=2210.61 1481.64 1031.7 728.968 685.559 449.943 43.4091
internal_count=6668 4602 3158 2066 1937 1444 129
is_linear=0
shrinkage=0.0103456


Tree=188
num_leaves=8
num_cat=0
split_feature=20 3 1 48 36 53 12
split_gain=18.1795 21.0626 18.0922 16.3779 15.0544 11.7952 10.9824
threshold=10.232273573236487 0.0019720161663027663 0.00013664593275728432 54815.039000000012 0.44134895202810559 21.500000000000004 0.00067464252570347851
decision_type=2 2 2 2 2 2 2
left_child=2 3 6 -2 -3 -4 -1
right_child=1 4 5 -5 -6 -7 -8
leaf_value=-0.00086953517425868599 0.0021003164467027278 -0.0039575021537981694 0.010840202585821032 -0.0081115197192727535 -0.00013599074299904044 -0.0031038181680470133 -0.0081987369536435824
leaf_weight=32.391673982143402 608.32229691743851 120.22215187549591 12.993380859494211 17.28760401904583 1341.393795311451 12.978595167398451 67.447391822934151
leaf_count=102 1717 382 36 67 4097 41 226
internal_value=-6.04338e-07 0.000229608 -0.00381987 0.00181813 -0.000450321 0.00387216 -0.00582086
internal_weight=2213.04 2087.23 125.811 625.61 1461.62 25.972 99.8391
internal_count=6668 6263 405 1784 4479 77 328
is_linear=0
shrinkage=0.0103456


Tree=189
num_leaves=8
num_cat=0
split_feature=51 2 30 14 22 8 11
split_gain=11.4452 10.84 12.111 10.7456 7.36391 8.32649 4.68368
threshold=54828.661000000007 76.608783599083282 0.0020336728594474592 0.0012898016687153343 24.592616113879902 -0.00086282663125347703 -0.0021714894055344098
decision_type=2 2 2 2 2 2 2
left_child=1 3 -3 -1 5 -2 -6
right_child=4 2 -4 -5 6 -7 -8
leaf_value=-0.001665000029048519 -0.0044145788572990128 0.0070453913765710198 -0.0047226861019109443 9.1574838807880767e-05 0.013200270436261674 0.0023351680528924737 0.0044708019320404543
leaf_weight=501.06353969871998 22.560447230935097 41.181968808174133 12.113372787833212 1455.5145804435015 8.7369464039802534 147.15435717999935 26.628207921981812
leaf_count=1493 62 137 34 4380 31 448 83
internal_value=4.68087e-06 -0.000232874 0.00437065 -0.00035827 0.00233282 0.00143791 0.00662741
internal_weight=2214.95 2009.87 53.2953 1956.58 205.08 169.715 35.3652
internal_count=6668 6044 171 5873 624 510 114
is_linear=0
shrinkage=0.0103456


Tree=190
num_leaves=8
num_cat=0
split_feature=38 10 40 13 7 37 7
split_gain=34.0601 17.3132 16.0217 14.344 14.2403 9.81411 9.67769
threshold=0.67270114475410747 0.025551849775305158 -9.1174012301476926e-05 0.65536903324338869 -0.014903538913021539 0.75863323219895362 -0.0015341274826622395
decision_type=2 2 2 2 2 2 2
left_child=3 2 -2 4 -1 -3 -5
right_child=1 5 -4 6 -6 -7 -8
leaf_value=-0.0042272611739998219 0.00013174603767755427 -0.00064458768272162388 -0.0021166821635427119 0.0020855085906773515 0.0037774323463076907 0.01079497524072613 -0.0010289063905177431
leaf_weight=25.577845916152 597.47502191364765 13.126247704029081 784.71758736670017 200.6073514521122 339.78845877945423 20.661904394626617 228.34916095435619
leaf_count=77 1821 37 2458 598 926 52 699
internal_value=-4.01615e-06 -0.000965902 -0.00114476 0.00171067 0.00321706 0.00635086 0.000427592
internal_weight=2210.3 1415.98 1382.19 794.323 365.366 33.7882 428.957
internal_count=6668 4368 4279 2300 1003 89 1297
is_linear=0
shrinkage=0.0103456


Tree=191
num_leaves=8
num_cat=0
split_feature=20 10 23 40 7 13 62
split_gain=17.9517 19.2113 26.4536 17.1226 13.4936 12.829 2.34912
threshold=10.232273573236487 0.00524494014626967 -0.0092045581397817138 -2.2478524524619865e-05 -0.0039709117581731559 0.72175853474568974 0.00018901968839790675
decision_type=2 2 2 2 2 2 2
left_child=3 2 -2 6 -5 -3 -1
right_child=1 5 -4 4 -6 -7 -8
leaf_value=-0.0098770876606735138 -0.0047143066565888021 -0.0015322935037243625 0.0027902531008677841 0.0062999281606047029 -0.0034857896195423597 0.000392223348308926 -0.0056056814313570017
leaf_weight=32.070981964468956 56.485611885786057 598.0089865475893 457.21192555129528 22.159831538796425 47.219635471701622 975.4797248840332 24.164393320679665
leaf_count=111 176 1838 1283 65 149 2966 80
internal_value=-6.73817e-07 0.000227927 0.00196506 -0.00379906 -0.000360227 -0.000339195 -0.00804166
internal_weight=2212.8 2087.19 513.698 125.615 69.3795 1573.49 56.2354
internal_count=6668 6263 1459 405 214 4804 191
is_linear=0
shrinkage=0.0103456


Tree=192
num_leaves=8
num_cat=0
split_feature=51 2 30 7 46 23 1
split_gain=11.2715 10.6755 11.9164 10.6903 7.32012 11.0656 7.59515
threshold=54828.661000000007 76.608783599083282 0.0020336728594474592 0.0078373476951247873 -2.5029999999999996e-05 0.012708571312180396 0.00078513075785379804
decision_type=2 2 2 2 2 2 2
left_child=1 3 -3 -1 5 -2 -6
right_child=4 2 -4 -5 6 -7 -8
leaf_value=-0.00071584554911756706 -0.004730491164284519 0.0069807857250791493 -0.0046969157701926946 0.0012678956577550364 0.0040134948414857754 0.0073884635030546843 -0.0036832554435412635
leaf_weight=1600.9551432281733 30.771574422717094 41.271219283342361 12.093533158302305 355.28615169227123 148.35395453870296 10.928014069795607 15.121286183595656
leaf_count=4788 82 137 34 1085 464 36 42
internal_value=4.80013e-06 -0.000231024 0.00433438 -0.000355565 0.00231461 -0.00155453 0.00330155
internal_weight=2214.78 2009.61 53.3648 1956.24 205.175 41.6996 163.475
internal_count=6668 6044 171 5873 624 118 506
is_linear=0
shrinkage=0.0103456


Tree=193
num_leaves=8
num_cat=0
split_feature=36 7 29 23 3 60 48
split_gain=33.6253 17.3125 13.05 12.7516 12.3815 10.6153 6.14706
threshold=0.65556881127166389 0.0038059716505419732 0.0085814459464383947 -0.016066372202797937 0.0044876047200125306 117.09792700000014 54531.802500000013
decision_type=2 2 2 2 2 2 2
left_child=3 2 -2 6 -5 -3 -1
right_child=1 5 -4 4 -6 -7 -8
leaf_value=-0.0062451071051219942 -0.00042340642373676695 -0.0015905258361891344 0.0050083843522016475 0.0017031303844253305 0.0064056663938256925 -0.0051130678913904959 0.0021718774669527269
leaf_weight=29.868168279528618 981.61066810786724 321.16796924173832 49.739988341927528 619.72861765325069 66.342326819896698 128.08323273062706 13.477340713143347
leaf_count=88 3010 1023 148 1756 181 421 41
internal_value=-4.09084e-06 -0.000899788 -0.000161442 0.00181403 0.00215786 -0.00259482 -0.00362803
internal_weight=2210.02 1480.6 1031.35 729.416 686.071 449.251 43.3455
internal_count=6668 4602 3158 2066 1937 1444 129
is_linear=0
shrinkage=0.0103456


Tree=194
num_leaves=8
num_cat=0
split_feature=21 30 28 47 19 34 65
split_gain=17.8234 15.6656 17.14 15.8356 10.236 6.81254 5.60001
threshold=29.233308698724425 0.0020189523533601654 52.174537348051182 17.500000000000004 0.0040149562044663476 -0.00051314010321573667 537.5579684999999
decision_type=2 2 2 2 2 2 2
left_child=1 3 -3 -1 5 -2 -6
right_child=4 2 -4 -5 6 -7 -8
leaf_value=0.0021669160684255452 -0.00056141394555736437 -0.00045804772925518196 -0.0040965227011435772 -0.00026656675050749701 -0.00018628608312071856 0.0095942313243985271 0.0086239419174240061
leaf_weight=395.34665928781033 8.655391573905943 481.25438833236694 194.61371073126793 1036.8457973897457 48.077192261815071 38.593077689409256 9.199575722217558
leaf_count=1165 25 1491 640 3086 143 94 24
internal_value=-7.18796e-07 -0.000207481 -0.00150573 0.000405179 0.00416925 0.00773383 0.00122878
internal_weight=2212.59 2108.06 675.868 1432.19 104.525 47.2485 57.2768
internal_count=6668 6382 2131 4251 286 119 167
is_linear=0
shrinkage=0.0103456


Tree=195
num_leaves=8
num_cat=0
split_feature=14 3 47 18 8 65 46
split_gain=10.0834 10.7815 10.7138 10.9426 9.78682 8.0578 4.97527
threshold=0.0012095762763855774 0.007443159997044568 48.500000000000007 -0.0024884279076721745 -0.00095895873930340592 -29.502088999999632 8.5550000000000003e-06
decision_type=2 2 2 2 2 2 2
left_child=2 4 3 -1 -2 -4 -3
right_child=1 6 5 -5 -6 -7 -8
leaf_value=0.0075772318358795724 -0.0012309534811979735 -0.0097395068134166207 -0.0021728753466605921 -0.0021163306593481829 0.00083008653348822317 0.0072719373304267728 -0.0010209813624376353
leaf_weight=12.849806830286978 298.49579848349094 16.092942416667942 15.541172027587889 415.42648281157017 1418.2132374495268 25.583946526050568 12.40632553398609
leaf_count=44 875 41 46 1226 4311 88 37
internal_value=4.90529e-06 0.000366948 -0.00134115 -0.00182549 0.00047172 0.00370274 -0.00594415
internal_weight=2214.61 1745.21 469.401 428.276 1716.71 41.1251 28.4993
internal_count=6668 5264 1404 1270 5186 134 78
is_linear=0
shrinkage=0.0103456


Tree=196
num_leaves=8
num_cat=0
split_feature=38 10 43 13 10 36 37
split_gain=33.3416 16.939 15.7709 13.953 14.0493 11.1207 9.65196
threshold=0.67270114475410747 0.025551849775305158 -6.7114233444903146e-05 0.65536903324338869 0.0056178357222305625 0.50003885077578669 0.75863323219895362
decision_type=2 2 2 2 2 2 2
left_child=3 2 -2 4 -1 -5 -3
right_child=1 6 -4 5 -6 -7 -8
leaf_value=-0.00041411869651528652 7.3430838030491782e-05 -0.00066564297164628365 -0.0021461523053189742 0.0045896564013612256 0.0043212254444513713 -0.0002407225757973728 0.010669685404791306
leaf_weight=88.449029013514519 629.97528952360153 13.135516762733458 751.18720702826977 59.177787810564041 277.31218838691711 369.7520777285099 20.726627498865128
leaf_count=249 1923 37 2356 170 754 1127 52
internal_value=-4.16406e-06 -0.00095652 -0.00113376 0.0016916 0.00317612 0.000425706 0.00627258
internal_weight=2209.72 1415.02 1381.16 794.691 365.761 428.93 33.8621
internal_count=6668 4368 4279 2300 1003 1297 89
is_linear=0
shrinkage=0.0103456


Tree=197
num_leaves=8
num_cat=0
split_feature=20 10 23 1 13 46 13
split_gain=17.7465 18.7604 26.0676 17.7881 12.5214 8.38308 2.32315
threshold=10.232273573236487 0.00524494014626967 -0.0092045581397817138 2.4757595945228567e-05 0.72175853474568974 2.9515000000000001e-05 1.3113191930663179
decision_type=2 2 2 2 2 2 2
left_child=3 2 -2 6 -3 -5 -1
right_child=1 4 -4 5 -6 -7 -8
leaf_value=-0.0079444045989073963 -0.0046936979607652661 -0.0015140939381072614 0.0027601026954915467 0.0045586640136763036 0.00038790582091051168 -0.0034704179356004733 -0.002044435149174443
leaf_weight=61.67433799803257 56.407693475484848 597.27445909380913 457.65172326564789 28.090927079319954 975.56128172576427 27.58679835498333 8.07888115942478
leaf_count=210 176 1838 1283 80 2966 87 28
internal_value=-7.51211e-07 0.000226414 0.0019422 -0.00378027 -0.000334367 0.000580472 -0.00726106
internal_weight=2212.33 2086.9 514.059 125.431 1572.84 55.6777 69.7532
internal_count=6668 6263 1459 405 4804 167 238
is_linear=0
shrinkage=0.0103456


Tree=198
num_leaves=8
num_cat=0
split_feature=51 2 30 7 22 4 42
split_gain=11.1015 10.5215 11.7213 10.4834 7.24799 8.26 4.62194
threshold=54828.661000000007 76.608783599083282 0.0020336728594474592 0.0078373476951247873 24.592616113879902 -0.0025227224820817402 43.494217558802909
decision_type=2 2 2 2 2 2 2
left_child=1 3 -3 -1 5 -2 -6
right_child=4 2 -4 -5 6 -7 -8
leaf_value=-0.00070979979529170911 -0.0061588262064700911 0.006918612440321408 -0.0046690661057972897 0.0012543062028669476 0.0010441812738793735 0.0020968611896444254 0.0090896757964793965
leaf_weight=1600.3489209711552 14.150211215019224 41.354879960417747 12.070185154676436 355.46625036001205 11.158743947744368 155.71017162501812 24.253004282712936
leaf_count=4788 38 137 34 1085 33 472 81
internal_value=5.03754e-06 -0.000229093 0.00430064 -0.000352827 0.00229674 0.00140912 0.00655443
internal_weight=2214.51 2009.24 53.4251 1955.82 205.272 169.86 35.4117
internal_count=6668 6044 171 5873 624 510 114
is_linear=0
shrinkage=0.0103456


Tree=199
num_leaves=8
num_cat=0
split_feature=13 38 30 47 28 22 29
split_gain=32.9572 17.9057 15.9123 13.2282 11.4183 11.1266 8.2652
threshold=0.90256536826815692 0.96101002452300177 0.0030522938850640158 19.000000000000004 55.785773227995136 24.941057721069367 0.010218158721823968
decision_type=2 2 2 2 2 2 2
left_child=1 3 4 -1 -2 -3 -4
right_child=2 5 6 -5 -6 -7 -8
leaf_value=0.00030195913297557074 -0.0014337737699304297 -0.0018559074540074377 0.0010622852540165162 0.0027604514866446258 -0.0048035518176510923 0.0035425608941856198 0.0089052899877252786
leaf_weight=394.7794136852026 700.33971264958382 274.60105699300766 70.412227094173431 576.06369329988956 127.16778682172298 48.007637858390808 18.072757661342621
leaf_count=1149 2198 844 214 1651 422 138 52
internal_value=-4.25708e-06 0.00105906 -0.00150574 0.00176074 -0.00195163 -0.00105256 0.00266419
internal_weight=2209.44 1293.45 915.992 970.843 827.507 322.609 88.485
internal_count=6668 3782 2886 2800 2620 982 266
is_linear=0
shrinkage=0.0103456


Tree=200
num_leaves=8
num_cat=0
split_feature=21 30 6 47 19 49 25
split_gain=17.482 15.2615 16.9743 15.6207 10.1591 5.35583 3.43035
threshold=29.233308698724425 0.0020189523533601654 0.0022163236345799091 17.500000000000004 0.0087114515769775042 -1.5139999999999999e-05 0.0014079926482597485
decision_type=2 2 2 2 2 2 2
left_child=1 3 -3 -1 5 -2 -6
right_child=4 2 -4 -5 6 -7 -8
leaf_value=0.0021476041791782061 0.010636268597792377 -0.00043836599572927699 -0.0040518814384178769 -0.00026867819741237687 0.002757168508094147 0.0043087977638139978 -0.0061890604702151807
leaf_weight=395.63507527112961 18.195906728506088 478.93698884546757 196.11183804273605 1036.8411859571934 7.5649975687265423 67.181532964110374 11.655305847525595
leaf_count=1165 47 1481 650 3086 22 180 37
internal_value=-7.91057e-07 -0.000205682 -0.00148815 0.000398674 0.00412753 0.00565733 -0.00266788
internal_weight=2212.12 2107.53 675.049 1432.48 104.598 85.3774 19.2203
internal_count=6668 6382 2131 4251 286 227 59
is_linear=0
shrinkage=0.0103456


Tree=201
num_leaves=8
num_cat=0
split_feature=51 2 30 14 60 44 8
split_gain=10.9392 10.3563 11.5481 10.3444 7.2301 7.83651 3.40316
threshold=54828.661000000007 76.608783599083282 0.0020336728594474592 0.0012898016687153343 313.68114750000024 0.80165724898440083 0.00087830547844836026
decision_type=2 2 2 2 2 2 2
left_child=1 3 -3 -1 5 -2 -6
right_child=4 2 -4 -5 6 -7 -8
leaf_value=-0.001633835687695721 0.0021445891648365144 0.0068561407698957662 -0.0046490001701933459 9.0900309781914368e-05 -0.0086679993252262444 0.009191469635437103 0.00097531811427230329
leaf_weight=500.09045869112015 170.71712522208691 41.440392389893532 12.053769841790198 1455.3988781571388 8.8970727026462537 18.745156168937683 6.9975553750991812
leaf_count=1493 517 137 34 4380 23 63 21
internal_value=5.1629e-06 -0.000227322 0.0042637 -0.000350178 0.00227954 0.0028418 -0.00442256
internal_weight=2214.34 2008.98 53.4942 1955.49 205.357 189.462 15.8946
internal_count=6668 6044 171 5873 624 580 44
is_linear=0
shrinkage=0.0103456


Tree=202
num_leaves=8
num_cat=0
split_feature=13 13 3 1 10 20 53
split_gain=32.5852 16.8454 12.6589 10.0048 14.2898 6.60339 5.17297
threshold=0.59674034826330924 1.3752819022496729 0.0045622370455886676 0.00038539102780425858 0.005659148949516986 14.996193498168134 7.5000000000000009
decision_type=2 2 2 2 2 2 2
left_child=3 2 -2 4 -1 -5 -3
right_child=1 6 -4 5 -6 -7 -8
leaf_value=7.5980913394393487e-05 -0.00057226640179987439 0.0061306703525093051 0.0026527848288364986 0.0032879753103450403 0.0039541435610067118 -0.0030576618126668337 -0.0030328584658500376
leaf_weight=147.90919603407383 1180.6714798361063 6.7330214977264395 146.42381742596626 25.12673656642437 325.45211605727673 58.2248565107584 318.63275037705898
leaf_count=425 3611 19 425 71 892 178 1047
internal_value=-4.3505e-06 -0.000733644 -0.000216433 0.00216037 0.00274235 -0.00114474 -0.00284323
internal_weight=2209.17 1652.46 1327.1 556.713 473.361 83.3516 325.366
internal_count=6668 5102 4036 1566 1317 249 1066
is_linear=0
shrinkage=0.0103456


Tree=203
num_leaves=8
num_cat=0
split_feature=20 3 1 48 36 46 12
split_gain=17.5655 19.9235 17.6816 15.889 14.4517 11.5102 10.8673
threshold=10.232273573236487 0.0019720161663027663 0.00013664593275728432 54815.039000000012 0.44134895202810559 4.8800000000000007e-05 0.00067464252570347851
decision_type=2 2 2 2 2 2 2
left_child=2 3 6 -2 -3 -4 -1
right_child=1 4 5 -5 -6 -7 -8
leaf_value=-0.00082541889443265095 0.0020445738923475024 -0.0038849203405353517 0.0097330515809109595 -0.0080528130757696464 -0.00012991184728775699 -0.004190613617751489 -0.0081319791677112972
leaf_weight=32.300369322299957 609.43856632709503 119.47888089716434 14.983073309063913 17.149236768484116 1340.5538609325886 11.034673273563383 66.942112758755684
leaf_count=102 1717 382 42 67 4097 35 226
internal_value=-8.23466e-07 0.000225064 -0.00376372 0.00176822 -0.000437196 0.00382773 -0.00575392
internal_weight=2211.88 2086.62 125.26 626.588 1460.03 26.0177 99.2425
internal_count=6668 6263 405 1784 4479 77 328
is_linear=0
shrinkage=0.0103456


Tree=204
num_leaves=8
num_cat=0
split_feature=51 37 57 13 46 23 51
split_gain=10.7642 10.4264 12.5136 9.54127 7.22984 10.8752 7.49875
threshold=54828.661000000007 0.63231061996470472 425.05097700000016 4.0858495607185183 -2.5029999999999996e-05 0.012708571312180396 57114.714500000009
decision_type=2 2 2 2 2 2 2
left_child=1 2 -1 -3 5 -2 -6
right_child=4 3 -4 -5 6 -7 -8
leaf_value=-0.00090071787773934083 -0.0047350805398543453 0.00017335801525729304 -0.0060877906627464767 0.0092875490870571401 0.005247167716702951 0.0072668351324549603 0.00079752646197584084
leaf_weight=530.80487155914307 30.771456807851791 1410.5634682178497 54.931012779474258 12.401834055781363 89.891482070088387 10.958418816328047 73.832231074571609
leaf_count=1608 82 4233 161 42 286 36 220
internal_value=5.27864e-06 -0.000225419 -0.00138717 0.000252793 0.00226079 -0.00158333 0.00324057
internal_weight=2214.15 2008.7 585.736 1422.97 205.454 41.7299 163.724
internal_count=6668 6044 1769 4275 624 118 506
is_linear=0
shrinkage=0.0103456


Tree=205
num_leaves=8
num_cat=0
split_feature=38 13 13 7 2 8 18
split_gain=32.3688 16.6418 13.0876 13.5866 11.5349 10.3048 7.58175
threshold=0.6606860586696478 0.90256536826815692 0.65536903324338869 -0.014903538913021539 55.943270789699753 0.0026156600638601595 -0.00089891798377261789
decision_type=2 2 2 2 2 2 2
left_child=2 5 3 -1 -3 -2 -4
right_child=1 4 6 -5 -6 -7 -8
leaf_value=-0.0043352231728455296 -1.0163587636320654e-05 -0.0010820051563044408 -0.001348024038887786 0.0037146868751415621 -0.0038586328055716145 0.0084817505485426953 0.0015673610291674996
leaf_weight=24.067583426833153 728.05360752344131 459.2765371799469 154.80314126610756 332.04115857183933 245.86318346858025 15.622989028692244 249.12318801879883
leaf_count=73 2188 1448 475 901 793 43 747
internal_value=-4.36718e-06 -0.000911451 0.00172476 0.00317063 -0.00205014 0.000168233 0.000450051
internal_weight=2208.85 1448.82 760.035 356.109 705.14 743.677 403.926
internal_count=6668 4472 2196 974 2241 2231 1222
is_linear=0
shrinkage=0.0103456


Tree=206
num_leaves=8
num_cat=0
split_feature=20 3 1 51 7 36 62
split_gain=17.3583 19.5345 17.5001 15.6712 14.4481 14.2415 2.57958
threshold=10.232273573236487 0.0019720161663027663 2.4757595945228567e-05 54828.661000000007 -0.0039709117581731559 0.44134895202810559 -0.00020939497699223872
decision_type=2 2 2 2 2 2 2
left_child=2 3 6 -2 -4 -3 -1
right_child=1 5 4 -5 -6 -7 -8
leaf_value=-0.0097894868899388449 0.0020249558891159234 -0.0038590931205738136 0.0074422653563243771 -0.0080083994647483295 -0.0034689238680419903 -0.00012780958868561541 -0.0056679353757745745
leaf_weight=25.98087477684021 609.83277133107185 119.22344170510769 20.639754578471184 17.129890441894531 35.042338147759438 1340.3629583865404 43.40999510884285
leaf_count=91 1716 382 58 68 109 4097 147
internal_value=-9.22987e-07 0.000223477 -0.00374451 0.00175082 0.000575541 -0.000432592 -0.0072111
internal_weight=2211.62 2086.55 125.073 626.963 55.6821 1459.59 69.3909
internal_count=6668 6263 405 1784 167 4479 238
is_linear=0
shrinkage=0.0103456


Tree=207
num_leaves=8
num_cat=0
split_feature=51 37 57 13 46 2 1
split_gain=10.5629 10.2463 12.3998 9.37879 7.11911 7.42402 7.39258
threshold=54828.661000000007 0.63231061996470472 425.05097700000016 4.0858495607185183 -2.5029999999999996e-05 39.724305566971204 0.00078513075785379804
decision_type=2 2 2 2 2 2 2
left_child=1 2 -1 -3 5 -2 -6
right_child=4 3 -4 -5 6 -7 -8
leaf_value=-0.00089166813979822581 0.0087607204396132499 0.00017176930615908637 -0.0060617593200586236 0.0091970967216426728 0.0039108045591160628 -0.0034198215225574586 -0.0036827219453446844
leaf_weight=530.51937973499298 6.3104681372642508 1410.6375197470188 54.777994096279144 12.432135835289953 148.7446390837431 35.400309264659882 15.1167606562376
leaf_count=1608 21 4233 161 42 464 97 42
internal_value=5.33322e-06 -0.000223293 -0.00137554 0.000250616 0.00223893 -0.00157701 0.00321028
internal_weight=2213.94 2008.37 585.297 1423.07 205.572 41.7108 163.861
internal_count=6668 6044 1769 4275 624 118 506
is_linear=0
shrinkage=0.0103456


Tree=208
num_leaves=8
num_cat=0
split_feature=38 10 40 13 7 36 37
split_gain=31.8299 16.3561 15.4214 13.0164 13.7052 10.9055 9.49391
threshold=0.67270114475410747 0.025551849775305158 -9.1174012301476926e-05 0.65536903324338869 -0.014903538913021539 0.50003885077578669 0.75863323219895362
decision_type=2 2 2 2 2 2 2
left_child=3 2 -2 4 -1 -5 -3
right_child=1 6 -4 5 -6 -7 -8
leaf_value=-0.0042237957578370672 0.0001411277799131649 -0.00072142584019838595 -0.0020669082499436778 0.0045471814684722471 0.0036294861080846514 -0.00023360720716680407 0.010505012218863994
leaf_weight=25.567260161042213 596.98444387316704 13.162246420979498 782.06424678862095 59.258314862847328 341.12579427659512 369.54713396728039 20.809670075774193
leaf_count=77 1821 37 2458 170 926 1127 52
internal_value=-4.4572e-06 -0.000936358 -0.00111106 0.00165085 0.00308192 0.000427069 0.00615539
internal_weight=2208.52 1413.02 1379.05 795.499 366.693 428.805 33.9719
internal_count=6668 4368 4279 2300 1003 1297 89
is_linear=0
shrinkage=0.0103456


Tree=209
num_leaves=8
num_cat=0
split_feature=20 3 1 48 36 8 12
split_gain=17.1369 19.2536 17.3499 15.4395 14.0413 11.342 10.7672
threshold=10.232273573236487 0.0019720161663027663 0.00013664593275728432 54815.039000000012 0.44134895202810559 0.00047671477328836703 0.00067464252570347851
decision_type=2 2 2 2 2 2 2
left_child=2 3 6 -2 -3 -4 -1
right_child=1 4 5 -5 -6 -7 -8
leaf_value=-0.00079756903747993965 0.00200866842019715 -0.003835547236363002 0.008702541919677358 -0.0079880117518496916 -0.000127259426918952 -0.005685948870965787 -0.0080814012616127699
leaf_weight=32.244985401630402 610.22873443365097 118.99109224975109 17.155721813440326 16.996776834130287 1340.2820510268211 8.9086463749408704 66.561174839735031
leaf_count=102 1717 382 50 67 4097 27 226
internal_value=-8.8797e-07 0.000221911 -0.0037237 0.00173777 -0.000429638 0.00378464 -0.00570435
internal_weight=2211.37 2086.5 124.871 627.226 1459.27 26.0644 98.8062
internal_count=6668 6263 405 1784 4479 77 328
is_linear=0
shrinkage=0.0103456


Tree=210
num_leaves=8
num_cat=0
split_feature=51 2 30 7 60 46 8
split_gain=10.3676 10.1932 11.3332 10.2976 7.05484 7.50853 3.37818
threshold=54828.661000000007 76.608783599083282 0.0020336728594474592 0.0078373476951247873 313.68114750000024 -3.6154999999999995e-05 0.00087830547844836026
decision_type=2 2 2 2 2 2 2
left_child=1 3 -3 -1 5 -2 -6
right_child=4 2 -4 -5 6 -7 -8
leaf_value=-0.00069727663616389417 -0.0015853596685378023 0.006793421398636236 -0.0046136907602486272 0.0012494886399961108 -0.0086444749287840818 0.0037434157905075023 0.0009679393105252145
leaf_weight=1599.0245214700699 34.613997727632523 41.519965767860413 12.021179988980291 355.47118130326271 8.8780315667390806 155.19774524867535 6.9975188672542563
leaf_count=4788 98 137 34 1085 23 482 21
internal_value=5.38309e-06 -0.000221213 0.00423227 -0.000343211 0.00221755 0.00277166 -0.00440758
internal_weight=2213.72 2008.04 53.5411 1954.5 205.687 189.812 15.8756
internal_count=6668 6044 171 5873 624 580 44
is_linear=0
shrinkage=0.0103456


Tree=211
num_leaves=8
num_cat=0
split_feature=36 7 6 43 49 60 48
split_gain=31.4571 17.0085 12.571 12.4775 15.9378 10.4422 8.12049
threshold=0.65556881127166389 0.0038059716505419732 0.0053042780929084552 -0.00013225101407433421 1.3165000000000002e-05 117.09792700000014 45010.89650000001
decision_type=2 2 2 2 2 2 2
left_child=3 2 -2 6 -5 -3 -1
right_child=1 5 -4 4 -6 -7 -8
leaf_value=-0.003899205523898751 -0.00034765993827375817 -0.0015596437129530608 0.0061741529847533878 -0.001349482946869783 0.0025149346436443968 -0.0050609284303262721 0.0039416397155486163
leaf_weight=14.961874574422835 997.172542065382 320.43585646152496 32.66982789337635 214.16232691705227 244.79783621430397 127.42470097541809 256.56824932992458
leaf_count=43 3062 1023 96 629 682 421 712
internal_value=-4.53727e-06 -0.00087272 -0.000140768 0.0017517 0.0007117 -0.00255582 0.00350959
internal_weight=2208.19 1477.7 1029.84 730.49 458.96 447.861 271.53
internal_count=6668 4602 3158 2066 1311 1444 755
is_linear=0
shrinkage=0.0103456


Tree=212
num_leaves=8
num_cat=0
split_feature=21 20 1 30 19 46 25
split_gain=16.9653 15.1723 17.2142 15.8763 9.94255 5.31108 3.39743
threshold=29.233308698724425 10.232273573236487 2.4757595945228567e-05 0.0020189523533601654 0.0087114515769775042 -5.8999999999999996e-07 0.0014079926482597485
decision_type=2 2 2 2 2 2 2
left_child=1 2 -1 -3 5 -2 -6
right_child=4 3 -4 -5 6 -7 -8
leaf_value=-0.0071569077809517587 0.0089550351851962924 0.00066494081472043493 0.00057599111168345001 -0.0013067043966781991 0.0027330318401289555 0.0036079865497006805 -0.0061699793372371643
leaf_weight=68.995951369404793 31.446880310773849 1330.7754576653242 55.674459129571915 650.94372990727425 7.5711168497800854 54.065573647618294 11.642120644450186
leaf_count=238 81 3923 167 2054 22 146 37
internal_value=-8.58184e-07 -0.000202922 -0.0037036 1.73061e-05 0.00406334 0.00557434 -0.00266168
internal_weight=2211.12 2106.39 124.67 1981.72 104.726 85.5125 19.2132
internal_count=6668 6382 405 5977 286 227 59
is_linear=0
shrinkage=0.0103456


Tree=213
num_leaves=7
num_cat=0
split_feature=51 2 30 7 43 43
split_gain=10.2223 10.0573 11.1589 10.1084 7.01973 9.52355
threshold=54828.661000000007 76.608783599083282 0.0020336728594474592 0.0078373476951247873 0.0012137292499973292 0.00014108383200542963
decision_type=2 2 2 2 2 2
left_child=1 3 -3 -1 5 -2
right_child=4 2 -4 -5 -6 -7
leaf_value=-0.00069182128632593086 0.0010882617687513212 0.0067372629155194041 -0.0045871707343906037 0.0012366222706843813 -0.0055304775880339 0.0059888605821777552
leaf_weight=1598.5237732231617 131.18728736042976 41.596336975693703 12.000061288475989 355.65269760787487 11.844078436493872 62.743709415197372
leaf_count=4788 391 137 34 1085 32 201
internal_value=5.4846e-06 -0.000219589 0.00420176 -0.000340852 0.00220156 0.00267378
internal_weight=2213.55 2007.77 53.5964 1954.18 205.775 193.931
internal_count=6668 6044 171 5873 624 592
is_linear=0
shrinkage=0.0103456


Tree=214
num_leaves=8
num_cat=0
split_feature=37 13 30 43 49 7 29
split_gain=31.204 17.0555 16.8242 13.0737 14.6623 11.0431 7.47921
threshold=0.67622085396660425 0.85651756045005145 0.0030522938850640158 -0.0001508581761822585 2.2060000000000006e-05 0.000165448069931351 -0.011782231417252818
decision_type=2 2 2 2 2 2 2
left_child=3 6 -3 5 -5 -1 -2
right_child=1 2 -4 4 -6 -7 -8
leaf_value=0.0056396694271871259 0.010659240247271377 -0.0024749515498967436 0.0024703711159156003 -0.00083208734841706442 0.0026594754889522842 0.0014819273935140142 0.00021354156712214634
leaf_weight=130.39857766032219 7.4242645949125281 697.64564093947411 82.318644508719444 298.80110609531403 226.16558586061001 143.74719524383545 621.38233986496925
leaf_count=365 21 2231 249 870 647 418 1867
internal_value=-4.60739e-06 -0.00093092 -0.00195301 0.00162841 0.000672144 0.00345957 0.000336873
internal_weight=2207.88 1408.77 779.964 799.112 524.967 274.146 628.807
internal_count=6668 4368 2480 2300 1517 783 1888
is_linear=0
shrinkage=0.0103456


Tree=215
num_leaves=8
num_cat=0
split_feature=21 20 1 30 40 23 57
split_gain=16.7132 14.9775 17.0406 15.6336 9.86235 5.68582 5.44321
threshold=29.233308698724425 10.232273573236487 2.4757595945228567e-05 0.0020189523533601654 0.0002935138344123519 0.0042788123967905109 301.7754514999998
decision_type=2 2 2 2 2 2 2
left_child=1 2 -1 -3 6 -6 -2
right_child=4 3 -4 -5 5 -7 -8
leaf_value=-0.0071271641131819578 0.0087379221371627486 0.0006595366076317668 0.00057162575082987709 -0.0012973141729318903 -0.0047868767200773031 0.0030223697442178133 0.0019708787340035699
leaf_weight=68.778959944844246 42.794146776199341 1331.0539294481277 55.685651257634163 650.54879762232304 15.339916706085203 28.554678127169609 18.104969054460526
leaf_count=238 107 3923 167 2054 50 80 49
internal_value=-8.90078e-07 -0.000201539 -0.00368271 1.71137e-05 0.00403161 0.000293259 0.00672612
internal_weight=2210.86 2106.07 124.465 1981.6 104.794 43.8946 60.8991
internal_count=6668 6382 405 5977 286 130 156
is_linear=0
shrinkage=0.0103456


Tree=216
num_leaves=8
num_cat=0
split_feature=51 37 57 13 22 8 11
split_gain=10.0788 9.94755 12.3123 9.20536 6.9961 8.17725 4.58186
threshold=54828.661000000007 0.63231061996470472 425.05097700000016 4.0858495607185183 24.592616113879902 -0.00086282663125347703 -0.0021714894055344098
decision_type=2 2 2 2 2 2 2
left_child=1 2 -1 -3 5 -2 -6
right_child=4 3 -4 -5 6 -7 -8
leaf_value=-0.00087232322430225487 -0.0044765858199622812 0.00017054427135646178 -0.0060321388735654711 0.0091015137782943928 0.012846765587452917 0.0022019288878121911 0.0042331271618412779
leaf_weight=529.88891550898552 22.628926351666451 1410.5631828606129 54.597723424434662 12.461710289120672 8.7797653973102552 147.71437571942806 26.742108523845673
leaf_count=1608 62 4233 161 42 31 448 83
internal_value=5.58377e-06 -0.000217977 -0.00135431 0.000248755 0.00218566 0.00131473 0.00636212
internal_weight=2213.38 2007.51 584.487 1423.02 205.865 170.343 35.5219
internal_count=6668 6044 1769 4275 624 510 114
is_linear=0
shrinkage=0.0103456


Tree=217
num_leaves=8
num_cat=0
split_feature=38 3 28 13 7 45 36
split_gain=30.9236 15.4148 15.6209 12.5559 13.476 11.1497 10.6189
threshold=0.67270114475410747 0.0045622370455886676 55.56513403152784 0.65536903324338869 -0.014903538913021539 50715.913500000002 0.50003885077578669
decision_type=2 2 2 2 2 2 2
left_child=3 2 -2 4 -1 -3 -5
right_child=1 5 -4 6 -6 -7 -8
leaf_value=-0.0042167008790511603 -0.00087665535236833986 -0.00033885295326495168 -0.0044405525610126716 0.0044843712260998351 0.0035723760009212782 0.0053033489568410494 -0.00022917027186659223
leaf_weight=25.55255189538002 1110.8207803070545 83.525623470544815 149.33103610575199 59.379742786288261 341.59040085971355 68.011148199439049 369.38800656795502
leaf_count=77 3425 247 497 170 926 199 1127
internal_value=-4.69533e-06 -0.000924096 -0.00129899 0.00162602 0.00303027 0.00219342 0.000423605
internal_weight=2207.6 1411.69 1260.15 795.911 367.143 151.537 428.768
internal_count=6668 4368 3922 2300 1003 446 1297
is_linear=0
shrinkage=0.0103456


Tree=218
num_leaves=8
num_cat=0
split_feature=20 3 1 48 36 46 12
split_gain=16.4952 18.6313 16.9294 15.1412 13.7095 11.2318 10.6933
threshold=10.232273573236487 0.0019720161663027663 0.00013664593275728432 54815.039000000012 0.44134895202810559 4.8800000000000007e-05 0.00067464252570347851
decision_type=2 2 2 2 2 2 2
left_child=2 3 6 -2 -3 -4 -1
right_child=1 4 5 -5 -6 -7 -8
leaf_value=-0.00073639727872719027 0.001974633199278061 -0.0037959025209465249 0.0095455101119903529 -0.0079504812655524174 -0.00012583522433663437 -0.0041907366757707168 -0.0080139399234867327
leaf_weight=32.122948467731476 610.90279094874859 118.581184476614 15.077268093824388 16.906741172075272 1339.9381527304649 11.034013241529463 66.031948983669281
leaf_count=102 1717 382 42 67 4097 35 226
internal_value=-9.01832e-07 0.000217204 -0.00366272 0.00170735 -0.000424221 0.0037409 -0.00563223
internal_weight=2210.6 2086.33 124.266 627.81 1458.52 26.1113 98.1549
internal_count=6668 6263 405 1784 4479 77 328
is_linear=0
shrinkage=0.0103456


Tree=219
num_leaves=8
num_cat=0
split_feature=51 2 30 7 2 46 23
split_gain=9.91911 9.89643 10.9866 9.96055 6.94021 10.4989 6.06428
threshold=54828.661000000007 76.608783599083282 0.0020336728594474592 0.0078373476951247873 32.42868860189072 -2.5029999999999996e-05 -0.0054958756737344397
decision_type=2 2 2 2 2 2 2
left_child=1 3 -3 -1 6 -6 -2
right_child=4 2 -4 -5 5 -7 -8
leaf_value=-0.00068512929308504119 0.0031477727208057932 0.0066773458448206695 -0.0045644498716059367 0.0012290578699507095 -0.0033435492945151678 0.0027671827515845346 0.014099782421063477
leaf_weight=1597.8162591010332 13.309842780232431 41.67331238090992 11.979615420103071 355.73511749505997 37.935161143541336 145.57903833687305 9.1187454611062986
leaf_count=4788 41 137 34 1085 104 446 33
internal_value=5.67947e-06 -0.000216174 0.00416728 -0.000336562 0.00216795 0.001504 0.00760051
internal_weight=2213.15 2007.2 53.6529 1953.55 205.943 183.514 22.4286
internal_count=6668 6044 171 5873 624 550 74
is_linear=0
shrinkage=0.0103456


Tree=220
num_leaves=8
num_cat=0
split_feature=38 10 43 13 10 36 37
split_gain=30.4104 15.7766 15.0502 12.3142 13.6497 10.4682 9.29995
threshold=0.67270114475410747 0.025551849775305158 -6.7114233444903146e-05 0.65536903324338869 0.0056178357222305625 0.55555750923338199 0.75863323219895362
decision_type=2 2 2 2 2 2 2
left_child=3 2 -2 4 -1 -5 -3
right_child=1 6 -4 5 -6 -7 -8
leaf_value=-0.00053051662342796808 9.0163529722970997e-05 -0.00076756159398132739 -0.0020811281878943236 0.0035847142586189441 0.0041274700182232713 -0.00040505085603688299 0.010328704442318036
leaf_weight=88.794837787747383 629.11277462542057 13.184590980410574 747.8447303622961 88.760003879666328 278.61517535150051 340.03382916748524 20.898307457566261
leaf_count=249 1923 37 2356 253 754 1044 52
internal_value=-4.7971e-06 -0.000916987 -0.0010891 0.00161179 0.00300174 0.000420828 0.00603624
internal_weight=2207.24 1411.04 1376.96 796.204 367.41 428.794 34.0829
internal_count=6668 4368 4279 2300 1003 1297 89
is_linear=0
shrinkage=0.0103456


Tree=221
num_leaves=8
num_cat=0
split_feature=21 20 1 30 40 23 57
split_gain=16.3724 14.5989 16.7759 15.2081 9.69677 5.60982 5.33931
threshold=29.233308698724425 10.232273573236487 -2.3270132555518885e-05 0.0020189523533601654 0.0002935138344123519 0.0042788123967905109 301.7754514999998
decision_type=2 2 2 2 2 2 2
left_child=1 2 -1 -3 6 -6 -2
right_child=4 3 -4 -5 5 -7 -8
leaf_value=-0.007853230463776846 0.0086498359812546 0.00064916200713180958 -0.00020525973148744314 -0.0012814405054148376 -0.004768463177069384 0.0029896889474310719 0.0019498574270538384
leaf_weight=55.75553634762764 42.842670261859894 1331.5304388850927 68.305414974689484 649.86621102690697 15.323764771223066 28.583959698677063 18.113007873296738
leaf_count=195 107 3923 210 2054 50 80 49
internal_value=-8.96317e-07 -0.000199609 -0.00364241 1.59555e-05 0.00398887 0.000282099 0.00665893
internal_weight=2210.32 2105.46 124.061 1981.4 104.863 43.9077 60.9557
internal_count=6668 6382 405 5977 286 130 156
is_linear=0
shrinkage=0.0103456


Tree=222
num_leaves=8
num_cat=0
split_feature=51 2 30 14 60 49 8
split_gain=9.7767 9.75282 10.8218 9.88876 6.92404 7.31862 3.33417
threshold=54828.661000000007 76.608783599083282 0.0020336728594474592 0.0012898016687153343 313.68114750000024 3.5685000000000008e-05 0.00087830547844836026
decision_type=2 2 2 2 2 2 2
left_child=1 3 -3 -1 5 -2 -6
right_child=4 2 -4 -5 6 -7 -8
leaf_value=-0.0015912736078165244 0.0010933444858805305 0.0066202768824962666 -0.0045413485984739993 9.6920561661564507e-05 -0.0086295135753643015 0.0052639880665261698 0.00092004883399627831
leaf_weight=498.70489266514778 116.90763951838017 41.749033808708191 11.961042970418928 1454.5220504552126 8.8629400134086591 73.250129044055939 7.006995975971221
leaf_count=1493 348 137 34 4380 23 232 21
internal_value=5.80222e-06 -0.000214522 0.00413462 -0.000334115 0.002152 0.00269991 -0.00441313
internal_weight=2212.96 2006.94 53.7101 1953.23 206.028 190.158 15.8699
internal_count=6668 6044 171 5873 624 580 44
is_linear=0
shrinkage=0.0103456


Tree=223
num_leaves=8
num_cat=0
split_feature=13 38 30 47 2 22 29
split_gain=30.1804 16.6734 15.0092 12.9347 11.5406 10.8866 8.01322
threshold=0.90256536826815692 0.96101002452300177 0.0030522938850640158 19.000000000000004 55.339977308391376 24.941057721069367 0.010218158721823968
decision_type=2 2 2 2 2 2 2
left_child=1 3 4 -1 -2 -3 -4
right_child=2 5 6 -5 -6 -7 -8
leaf_value=0.00024438514723546179 -0.00096290749332065954 -0.0018261454960547363 0.0010198022147689756 0.0026733505165860124 -0.003514228766156236 0.0035123297655515668 0.0087268453171547144
leaf_weight=395.31454637646675 526.92127497494221 274.0218069255352 70.517552718520164 577.37555132806301 296.56710933148861 48.056261315941811 18.15718275308609
leaf_count=1149 1656 844 214 1651 964 138 52
internal_value=-4.84394e-06 0.00101062 -0.00144625 0.00168619 -0.00188173 -0.00102961 0.00259791
internal_weight=2206.93 1294.77 912.163 972.69 823.488 322.078 88.6747
internal_count=6668 3782 2886 2800 2620 982 266
is_linear=0
shrinkage=0.0103456


Tree=224
num_leaves=8
num_cat=0
split_feature=21 20 1 10 40 23 38
split_gain=16.1214 14.4389 16.6533 14.9749 9.55653 5.53527 5.29073
threshold=29.233308698724425 10.232273573236487 0.00013664593275728432 0.017488679176038888 0.0002935138344123519 0.0042788123967905109 0.62873945949127819
decision_type=2 2 2 2 2 2 2
left_child=1 2 -1 -3 6 -6 -2
right_child=4 3 -4 -5 5 -7 -8
leaf_value=-0.0055864984509195574 -0.00019823478970565177 0.00026140889067460154 0.0037094158599493992 -0.003280728043349208 -0.0047449853006505125 0.0029634656507571467 0.0079705590627029282
leaf_weight=97.73925307393074 10.187633395195006 1843.9869802445173 26.144172444939613 137.25486376881599 15.304338738322256 28.608617767691612 50.813216328620911
leaf_count=328 28 5534 77 443 50 80 128
internal_value=-9.72777e-07 -0.000198231 -0.0036247 1.60196e-05 0.00395708 0.000276952 0.0066063
internal_weight=2210.04 2105.13 123.883 1981.24 104.914 43.913 61.0008
internal_count=6668 6382 405 5977 286 130 156
is_linear=0
shrinkage=0.0103456


Tree=225
num_leaves=7
num_cat=0
split_feature=51 7 23 20 43 43
split_gain=9.63108 9.71121 12.1252 11.2291 6.85287 9.40095
threshold=54828.661000000007 0.0078373476951247873 -0.00067618087926546433 11.529213649619598 0.0012137292499973292 0.00014108383200542963
decision_type=2 2 2 2 2 2
left_child=1 2 -1 -3 5 -2
right_child=4 3 -4 -5 -6 -7
leaf_value=0.00028354540239501451 0.0010266623267432848 0.008170801288109434 -0.001497839649498031 0.00083386358429955721 -0.0055106322649350961 0.0058905919773956511
leaf_weight=872.0227130651474 131.40435335040092 23.893284380435944 770.15767240524292 340.59791412949562 11.825924724340437 62.885742262005806
leaf_count=2646 391 81 2285 1032 32 201
internal_value=5.91952e-06 -0.000212828 -0.000551897 0.00131482 0.00213556 0.00260097
internal_weight=2212.79 2006.67 1642.18 364.491 206.116 194.29
internal_count=6668 6044 4931 1113 624 592
is_linear=0
shrinkage=0.0103456


Tree=226
num_leaves=8
num_cat=0
split_feature=37 13 30 43 49 7 29
split_gain=29.9064 16.4365 16.1712 12.7266 14.3742 10.8458 7.3173
threshold=0.67622085396660425 0.85651756045005145 0.0030522938850640158 -0.0001508581761822585 2.2060000000000006e-05 0.000165448069931351 -0.011782231417252818
decision_type=2 2 2 2 2 2 2
left_child=3 6 -3 5 -5 -1 -2
right_child=1 2 -4 4 -6 -7 -8
leaf_value=0.0055546723238061989 0.010521392154879397 -0.0024320094957684226 0.0024125236565755116 -0.00084101481047616964 0.002615089977841972 0.0014378143270172704 0.00020861801064309972
leaf_weight=130.69972734153271 7.452323004603385 695.53793527185917 82.495733559131622 298.79992128908634 226.39201994240284 143.9065312743187 621.37469616532326
leaf_count=365 21 2231 249 870 647 418 1867
internal_value=-4.91595e-06 -0.000913021 -0.00191834 0.00159246 0.000648792 0.00339725 0.000330836
internal_weight=2206.66 1406.86 778.034 799.798 525.192 274.606 628.827
internal_count=6668 4368 2480 2300 1517 783 1888
is_linear=0
shrinkage=0.0103456


Tree=227
num_leaves=8
num_cat=0
split_feature=20 3 1 51 37 7 62
split_gain=15.9117 18.0254 16.5535 14.8317 13.448 12.7973 2.18231
threshold=10.232273573236487 0.0019720161663027663 -2.3270132555518885e-05 54828.661000000007 0.44060965559684745 -0.0039709117581731559 0.00018901968839790675
decision_type=2 2 2 2 2 2 2
left_child=2 3 6 -2 -3 -4 -1
right_child=1 4 5 -5 -6 -7 -8
leaf_value=-0.0096465043428986819 0.0019414563925263739 -0.003660089511420217 0.0062789799226241434 -0.0078956372439900578 -0.00011400828570165547 -0.0032947158614197408 -0.0055168951286655313
leaf_weight=30.725845947861671 611.48653048276901 125.22257642447948 22.09769868850708 16.85710297524929 1332.5260653048754 46.164442181587219 24.712832942605019
leaf_count=111 1716 398 63 68 4081 147 84
internal_value=-1.01856e-06 0.000212758 -0.00360614 0.00167755 -0.000418621 -0.000195536 -0.00780565
internal_weight=2209.79 2086.09 123.701 628.344 1457.75 68.2621 55.4387
internal_count=6668 6263 405 1784 4479 210 195
is_linear=0
shrinkage=0.0103456


Tree=228
num_leaves=8
num_cat=0
split_feature=51 2 3 7 2 46 23
split_gain=9.47367 9.60916 10.1069 9.68034 6.83673 10.2917 5.94792
threshold=54828.661000000007 76.608783599083282 0.0029351894457043258 0.0078373476951247873 32.42868860189072 -2.5029999999999996e-05 -0.0054958756737344397
decision_type=2 2 2 2 2 2 2
left_child=1 3 -3 -1 6 -6 -2
right_child=4 2 -4 -5 5 -7 -8
leaf_value=-0.00067377822784385423 0.0030952585322827236 0.0070165625558277411 -0.0028042989804619891 0.0012129499226466896 -0.0033422061631343757 0.0027075402091762202 0.013928740569070001
leaf_weight=1596.6969686299562 13.330433622002603 37.816363126039505 15.944929167628286 355.94821405410767 37.926105305552483 145.80612300336361 9.145840108394621
leaf_count=4788 41 125 46 1085 104 446 33
internal_value=5.97686e-06 -0.000211047 0.00410382 -0.000329846 0.00211762 0.00145875 0.00750352
internal_weight=2212.61 2006.41 53.7613 1952.65 206.209 183.732 22.4763
internal_count=6668 6044 171 5873 624 550 74
is_linear=0
shrinkage=0.0103456


Tree=229
num_leaves=8
num_cat=0
split_feature=38 10 28 23 7 37 14
split_gain=29.4802 15.2146 16.5615 11.4459 10.2957 9.12529 3.2235
threshold=0.6606860586696478 0.025551849775305158 55.56513403152784 -0.021428548596486571 -0.00024732531436993938 0.75863323219895362 0.0028970086463658475
decision_type=2 2 2 2 2 2 2
left_child=3 2 -2 6 -5 -3 -1
right_child=1 5 -4 4 -6 -7 -8
leaf_value=-0.00084465898905221391 -0.00063746425613796134 -0.00079114053731503108 -0.0041730178834093632 0.0030228593696445803 0.00058257200872731927 0.010190674814778197 -0.0093352319399961133
leaf_weight=7.8104734420776394 1250.7135277837515 13.195386812090872 159.94167150557041 385.50472968816757 355.88053025305271 20.967330515384674 12.359135240316389
leaf_count=23 3849 37 534 1097 1035 52 41
internal_value=-4.90069e-06 -0.000873115 -0.00103833 0.00164227 0.00185147 0.00594894 -0.00604734
internal_weight=2206.37 1444.82 1410.66 761.555 741.385 34.1627 20.1696
internal_count=6668 4472 4383 2196 2132 89 64
is_linear=0
shrinkage=0.0103456


Tree=230
num_leaves=8
num_cat=0
split_feature=21 20 1 30 19 46 53
split_gain=15.7912 14.2329 16.4034 15.0319 9.66382 5.87618 5.72123
threshold=29.921341836059678 10.232273573236487 -2.3270132555518885e-05 0.0020189523533601654 0.0040149562044663476 3.0475000000000006e-05 32.500000000000007
decision_type=2 2 2 2 2 2 2
left_child=1 2 -1 -3 5 -2 -6
right_child=4 3 -4 -5 6 -7 -8
leaf_value=-0.0077766576004441581 0.011213755058865675 0.00065770442966263777 -0.00019336856610080617 -0.0012551033641967828 0.0029378010628285278 0.0024243886137257655 -0.006453975620650183
leaf_weight=55.242275908589363 24.88285705447197 1347.3220840394497 68.249927490949631 652.77974572777748 40.58724008500576 12.100390449166296 8.3748845607042295
leaf_count=195 59 3964 210 2065 116 33 26
internal_value=-1.09152e-06 -0.000177041 -0.00358563 3.34151e-05 0.00434639 0.008338 0.00133135
internal_weight=2209.54 2123.59 123.492 2000.1 85.9454 36.9832 48.9621
internal_count=6668 6434 405 6029 234 92 142
is_linear=0
shrinkage=0.0103456


Tree=231
num_leaves=8
num_cat=0
split_feature=51 37 61 13 2 46 23
split_gain=9.33563 9.57542 11.33 9.00436 6.72369 10.1508 5.85111
threshold=54828.661000000007 0.63231061996470472 629.52508900000009 4.0858495607185183 32.42868860189072 -2.5029999999999996e-05 -0.0054958756737344397
decision_type=2 2 2 2 2 2 2
left_child=1 2 -1 -3 6 -6 -2
right_child=4 3 -4 -5 5 -7 -8
leaf_value=-0.00099760774612649606 0.0030668236551310239 0.00017078386732393539 -0.0076625070804868661 0.0089924669932821936 -0.0033225388696173342 0.0026872983232147886 0.013802747256654672
leaf_weight=554.66299325227737 13.342383280396463 1410.2822802215815 28.712879970669746 12.493810698390005 37.893864542245865 145.89063504338264 9.1661628484725934
leaf_count=1687 41 4233 82 42 104 446 33
internal_value=6.07458e-06 -0.000209428 -0.00132564 0.00024825 0.00210179 0.00144815 0.00743882
internal_weight=2212.45 2006.15 583.376 1422.78 206.293 183.784 22.5085
internal_count=6668 6044 1769 4275 624 550 74
is_linear=0
shrinkage=0.0103456


Tree=232
num_leaves=8
num_cat=0
split_feature=36 7 23 6 3 12 48
split_gain=29.4133 16.4304 12.2463 12.227 11.7627 10.2514 6.09609
threshold=0.65556881127166389 0.0038059716505419732 -0.016066372202797937 0.0053042780929084552 0.0044876047200125306 0.0041822343796624551 54531.802500000013
decision_type=2 2 2 2 2 2 2
left_child=2 3 6 -2 -4 -3 -1
right_child=1 5 4 -5 -6 -7 -8
leaf_value=-0.0062504461271438725 -0.00033158039669804545 -0.0027660494652443496 0.0015840886519132914 0.0060963615767368412 0.0061565606309940358 0.0069036346336201612 0.0021283211987489364
leaf_weight=29.855642765760422 995.85250051319599 433.99370324611664 621.46328787505627 32.713545143604279 66.678017064929008 12.060811847448347 13.495063886046408
leaf_count=88 3062 1410 1756 96 181 34 41
internal_value=-4.93413e-06 -0.00084629 0.00169116 -0.00012714 0.00202714 -0.00250459 -0.00364214
internal_weight=2206.11 1474.62 731.492 1028.57 688.141 446.055 43.3507
internal_count=6668 4602 2066 3158 1937 1444 129
is_linear=0
shrinkage=0.0103456


Tree=233
num_leaves=8
num_cat=0
split_feature=21 20 1 10 19 49 25
split_gain=15.5327 13.901 16.2736 14.5443 9.52247 5.18602 3.72634
threshold=29.233308698724425 10.232273573236487 0.00013664593275728432 0.017488679176038888 0.0087114515769775042 -1.5139999999999999e-05 0.0011992717458966242
decision_type=2 2 2 2 2 2 2
left_child=1 2 -1 -3 5 -2 -6
right_child=4 3 -4 -5 6 -7 -8
leaf_value=-0.0055172659879242159 0.010234518935557099 0.00025628819185800195 0.0036729462647521133 -0.0032395240252188428 0.00309941905459993 0.004030287075137493 -0.0062739505215679654
leaf_weight=97.107755243778229 18.340908601880074 1844.1115829348564 26.183351010084152 136.83506794273853 7.3405996114015606 67.457935452461243 11.896092206239699
leaf_count=328 47 5534 77 443 21 180 38
internal_value=-1.15623e-06 -0.000194966 -0.00356554 1.48129e-05 0.00388156 0.00535654 -0.00269713
internal_weight=2209.27 2104.24 123.291 1980.95 105.036 85.7988 19.2367
internal_count=6668 6382 405 5977 286 227 59
is_linear=0
shrinkage=0.0103456


Tree=234
num_leaves=7
num_cat=0
split_feature=3 14 47 7 46 56
split_gain=9.28081 10.2721 10.8135 7.81143 4.88828 0.0583046
threshold=0.007443159997044568 0.0012095762763855774 48.500000000000007 -0.023054609778890452 8.5550000000000003e-06 65.33580450000035
decision_type=2 2 2 2 2 2
left_child=1 2 -1 -3 5 -2
right_child=4 3 -4 -5 -6 -7
leaf_value=-0.0017650702556261863 -0.010251613163278453 0.0037434043559585709 0.003801932409460999 0.00030469171061508408 -0.00099969656867190081 -0.0089982746521348154
leaf_weight=426.34653271734715 8.4622395336627978 73.885558038949966 40.9306770414114 1642.7534434050322 12.38223986327648 7.4878829419612876
leaf_count=1270 21 233 134 4953 37 20
internal_value=6.18956e-06 8.25128e-05 -0.00127743 0.000452697 -0.00587696 -0.00966323
internal_weight=2212.25 2183.92 467.277 1716.64 28.3324 15.9501
internal_count=6668 6590 1404 5186 78 41
is_linear=0
shrinkage=0.0103456


Tree=235
num_leaves=8
num_cat=0
split_feature=13 13 7 1 10 20 53
split_gain=29.0555 15.6784 12.0084 9.58923 13.6155 6.46801 5.00492
threshold=0.59674034826330924 1.3752819022496729 0.0040891535934913801 0.00038539102780425858 0.005659148949516986 14.996193498168134 7.5000000000000009
decision_type=2 2 2 2 2 2 2
left_child=3 2 -2 4 -1 -5 -3
right_child=1 6 -4 5 -6 -7 -8
leaf_value=2.0246787516074306e-06 0.00043557685755921425 0.0060769117761870573 -0.0017290036342692452 0.0031793882741050499 0.0037829687037001999 -0.003093805863445286 -0.0029294845432209903
leaf_weight=148.18381743133068 936.92380033433437 6.7450261116027823 387.88180167973042 25.201948463916779 326.6623300909996 58.256071224808693 315.93897323310375
leaf_count=425 2813 19 1223 71 892 178 1047
internal_value=-5.05438e-06 -0.000696269 -0.000198178 0.00203464 0.00260306 -0.00119948 -0.00274122
internal_weight=2205.79 1647.49 1324.81 558.304 474.846 83.458 322.684
internal_count=6668 5102 4036 1566 1317 249 1066
is_linear=0
shrinkage=0.0103456


Tree=236
num_leaves=8
num_cat=0
split_feature=13 23 30 29 7 10 54
split_gain=15.3728 16.3485 15.964 21.0855 16.4946 11.7539 4.98739
threshold=0.72175853474568974 -0.022067869655723379 0.00066958292878394076 -0.00078277621671757325 0.0027913063254697561 0.017174366978276765 7.1026140120999961e-05
decision_type=2 2 2 2 2 2 2
left_child=1 6 3 -2 -4 -3 -1
right_child=2 5 4 -5 -6 -7 -8
leaf_value=0.0031626313360558936 -0.0031708082090508788 -0.00095635985862406773 -0.00058530356312406031 0.0067001590744781691 0.0018693638079811054 -0.0054794374398903977 0.014226829545422698
leaf_weight=8.5726996809244174 30.930357873439789 741.80720655620098 795.84386882185936 92.224527299404144 463.73288814723492 67.05152690410614 8.8749980032443982
leaf_count=25 95 2265 2424 243 1372 221 23
internal_value=-1.15159e-06 -0.00111758 0.000666015 0.00422106 0.000318421 -0.00133131 0.00879058
internal_weight=2209.04 826.306 1382.73 123.155 1259.58 808.859 17.4477
internal_count=6668 2534 4134 338 3796 2486 48
is_linear=0
shrinkage=0.0103456


Tree=237
num_leaves=5
num_cat=0
split_feature=20 51 7 60
split_gain=9.22044 9.51325 9.94466 6.80797
threshold=7.8455147169272719 54828.661000000007 0.0078373476951247873 313.68114750000024
decision_type=2 2 2 2
left_child=-1 2 -2 -3
right_child=1 3 -4 -5
leaf_value=0.011360776479781995 -0.00059625032989984116 0.0026239652602396443 0.0012931020026930781 -0.0044279509460950026
leaf_weight=7.6284887939691535 1633.3348678946495 190.53036625683308 364.77209007740021 15.873433500528334
leaf_count=27 4904 580 1113 44
internal_value=6.3897e-06 -3.2901e-05 -0.000251332 0.00208164
internal_weight=2212.14 2204.51 1998.11 206.404
internal_count=6668 6641 6017 624
is_linear=0
shrinkage=0.0103456


Tree=238
num_leaves=8
num_cat=0
split_feature=38 10 43 13 10 36 38
split_gain=28.7095 14.9085 14.6341 11.502 13.3921 10.1892 8.61451
threshold=0.67270114475410747 0.025551849775305158 -6.7114233444903146e-05 0.65536903324338869 0.0056178357222305625 0.50003885077578669 0.79771173090257352
decision_type=2 2 2 2 2 2 2
left_child=3 2 -2 4 -1 -5 -3
right_child=1 6 -4 5 -6 -7 -8
leaf_value=-0.00059089070074298876 0.00010169872365037846 -0.0023216819102214563 -0.0020413769742791766 0.0043823032829824271 0.0040181963171596075 -0.00022858627363692334 0.0091436769249776256
leaf_weight=88.96351832151413 628.46939569711685 9.8424558043479902 745.6852990090847 59.573172986507416 279.3207103908062 369.20334984362125 24.407998934388161
leaf_count=249 1923 27 2356 170 754 1127 62
internal_value=-5.21968e-06 -0.000893196 -0.00106124 0.00156383 0.00290482 0.00041204 0.00584891
internal_weight=2205.47 1408.41 1374.15 797.061 368.284 428.777 34.2505
internal_count=6668 4368 4279 2300 1003 1297 89
is_linear=0
shrinkage=0.0103456


Tree=239
num_leaves=8
num_cat=0
split_feature=21 29 65 37 57 3 40
split_gain=15.1924 13.1205 17.2648 11.219 9.23271 9.00421 3.83118
threshold=29.921341836059678 0.0059879661690827044 664.4582079999999 0.79979875698597913 301.7754514999998 0.0026982600742289542 0.0002935138344123519
decision_type=2 2 2 2 2 2 2
left_child=1 3 -3 -1 6 -6 -2
right_child=4 2 -4 -5 5 -7 -8
leaf_value=-0.00071104448974861913 0.0087715558812855778 -0.003792084591340531 0.0050000030581026141 0.00087347338100351437 -0.0070643087270693726 0.0041606432023894501 0.0028085594944564844
leaf_weight=940.28515723347664 36.746381014585495 181.57025572657585 27.52972286939621 973.36369597911835 12.308554559946058 20.203695759177208 16.806997433304787
leaf_count=2832 91 593 79 2930 39 55 49
internal_value=-1.18754e-06 -0.000173953 -0.00263453 9.49091e-05 0.00425995 -8.89222e-05 0.00690015
internal_weight=2208.81 2122.75 209.1 1913.65 86.0656 32.5123 53.5534
internal_count=6668 6434 672 5762 234 94 140
is_linear=0
shrinkage=0.0103456


Tree=240
num_leaves=7
num_cat=0
split_feature=3 14 49 8 46 56
split_gain=9.13328 10.0877 11.4216 9.67965 4.85798 0.0566675
threshold=0.007443159997044568 0.0012095762763855774 8.8050000000000012e-06 -0.00095895873930340592 8.5550000000000003e-06 65.33580450000035
decision_type=2 2 2 2 2 2
left_child=1 2 -1 -3 5 -2
right_child=4 3 -4 -5 -6 -7
leaf_value=0.00072271693483906205 -0.010205726706707751 -0.0012446369796653104 -0.0025824829421486608 0.00080521376854237128 -0.00097592492214459189 -0.0089675638910654658
leaf_weight=185.97163178026676 8.4201017320156115 298.44504740834236 280.97480392456055 1418.3514488786459 12.364839866757391 7.4629205316305152
leaf_count=576 21 875 828 4311 37 20
internal_value=6.54973e-06 8.21583e-05 -0.00126611 0.000448871 -0.00583848 -0.00962395
internal_weight=2211.99 2183.74 466.946 1716.8 28.2479 15.883
internal_count=6668 6590 1404 5186 78 41
is_linear=0
shrinkage=0.0103456


Tree=241
num_leaves=8
num_cat=0
split_feature=37 13 30 43 46 7 64
split_gain=28.4867 15.8001 15.6921 12.3836 14.9515 10.5312 7.17322
threshold=0.67622085396660425 0.85651756045005145 0.0030522938850640158 -0.0001508581761822585 2.2060000000000006e-05 0.000165448069931351 -306.03998549999966
decision_type=2 2 2 2 2 2 2
left_child=3 6 -3 5 -5 -1 -2
right_child=1 2 -4 4 -6 -7 -8
leaf_value=0.0054527900795771781 0.0057150201642645702 -0.0023883727128029418 0.0023830644910195677 -0.00090990578600165528 0.002610266074226241 0.001399624545451566 9.9353426901173749e-05
leaf_weight=131.0557986497879 25.369542196393013 693.34890937805176 82.556799307465553 296.8854758888483 228.56784163415432 144.00252063572407 603.37631016969681
leaf_count=365 73 2231 249 865 652 418 1815
internal_value=-5.28224e-06 -0.000892963 -0.00188069 0.00155233 0.00062134 0.00333082 0.000325942
internal_weight=2205.16 1404.65 775.906 800.512 525.453 275.058 628.746
internal_count=6668 4368 2480 2300 1517 783 1888
is_linear=0
shrinkage=0.0103456


Tree=242
num_leaves=8
num_cat=0
split_feature=21 30 6 7 19 46 53
split_gain=14.9546 13.3034 16.3374 14.6541 9.32511 5.74511 5.63303
threshold=29.921341836059678 0.0020189523533601654 0.0015714221006630782 0.00071551402313452261 0.0040149562044663476 3.0475000000000006e-05 32.500000000000007
decision_type=2 2 2 2 2 2 2
left_child=1 3 -3 -1 5 -2 -6
right_child=4 2 -4 -5 6 -7 -8
leaf_value=-0.00048583788683452371 0.010982004721798911 -0.00022493896003326745 -0.0036326877606504644 0.0016279265075762265 0.0028569845211922564 0.0022979227153492143 -0.0064604208807814787
leaf_weight=851.24104039371014 24.937975496053696 446.68597136437893 227.15070508420467 597.4089640378952 40.68161016702652 12.115139096975325 8.3745576143264753
leaf_count=2545 59 1390 752 1747 116 33 26
internal_value=-1.28577e-06 -0.000172756 -0.00137369 0.000385858 0.00422524 0.0081426 0.00126638
internal_weight=2208.6 2122.49 673.837 1448.65 86.1093 37.0531 49.0562
internal_count=6668 6434 2142 4292 234 92 142
is_linear=0
shrinkage=0.0103456


Tree=243
num_leaves=5
num_cat=0
split_feature=20 51 7 22
split_gain=9.04152 9.37464 9.79231 6.76087
threshold=7.8455147169272719 54828.661000000007 0.0078373476951247873 24.592616113879902
decision_type=2 2 2 2
left_child=-1 2 -2 -3
right_child=1 3 -4 -5
leaf_value=0.011229192122844775 -0.00059163183680063542 0.0012115229925441047 0.001282963857725592 0.006166214488855448
leaf_weight=7.6571844965219489 1632.8275385051966 170.85959868133068 364.90647873282433 35.622737973928452
leaf_count=27 4904 510 1113 114
internal_value=6.67798e-06 -3.23077e-05 -0.000249218 0.00206632
internal_weight=2211.87 2204.22 1997.73 206.482
internal_count=6668 6641 6017 624
is_linear=0
shrinkage=0.0103456


Tree=244
num_leaves=8
num_cat=0
split_feature=36 10 38 23 3 12 54
split_gain=28.1387 14.2829 12.2979 12.0305 11.4158 8.53157 5.70371
threshold=0.65556881127166389 0.025551849775305158 0.6606860586696478 -0.016066372202797937 0.0044876047200125306 0.0051670968868071281 0.00017139213934835865
decision_type=2 2 2 2 2 2 2
left_child=3 2 -2 6 -5 -3 -1
right_child=1 5 -4 4 -6 -7 -8
leaf_value=-0.00058620245430605986 0.0006938674946388412 0.0023642391085827701 -0.0015261765684059362 0.0015482102179583766 0.0060479641819681509 0.013871353887249627 -0.0082568367006567514
leaf_weight=26.09465853869915 354.06900624930859 21.620072633028034 1086.9069463461637 622.00113996863365 66.828712567687035 10.126172989606856 17.223903357982635
leaf_count=78 1070 59 3448 1756 181 25 51
internal_value=-5.39792e-06 -0.000829455 -0.000980679 0.0016522 0.00198477 0.00603469 -0.00363613
internal_weight=2204.87 1472.72 1440.98 732.148 688.83 31.7462 43.3186
internal_count=6668 4602 4518 2066 1937 84 129
is_linear=0
shrinkage=0.0103456


Tree=245
num_leaves=8
num_cat=0
split_feature=20 3 1 48 12 7 62
split_gain=15.289 17.0405 16.1738 14.474 13.2564 12.5956 2.18655
threshold=10.232273573236487 0.0019720161663027663 -2.3270132555518885e-05 54815.039000000012 0.00093149266132793894 -0.0039709117581731559 0.00018901968839790675
decision_type=2 2 2 2 2 2 2
left_child=2 3 6 -2 -3 -4 -1
right_child=1 4 5 -5 -6 -7 -8
leaf_value=-0.0095792570432724575 0.00188979514270477 -0.0045994801900562116 0.0062342254913944359 -0.0078706157916025865 -0.00017449819628525387 -0.0032624093913976248 -0.0054253565210840181
leaf_weight=30.384773388504982 612.43152448534966 76.480050459504128 22.132461935281754 16.705339401960373 1379.6528999656439 46.052145346999168 24.49917770922184
leaf_count=111 1717 231 63 67 4248 147 84
internal_value=-1.29923e-06 0.000207826 -0.00354471 0.00163063 -0.00040691 -0.000179838 -0.00772503
internal_weight=2208.34 2085.27 123.069 629.137 1456.13 68.1846 54.884
internal_count=6668 6263 405 1784 4479 210 195
is_linear=0
shrinkage=0.0103456


Tree=246
num_leaves=5
num_cat=0
split_feature=27 43 2 18
split_gain=8.92645 9.76112 10.1513 4.16312
threshold=0.0071812076660537913 0.0011244386500148292 76.608783599083282 0.0068742278395566023
decision_type=2 2 2 2
left_child=1 2 -1 -3
right_child=-2 3 -4 -5
leaf_value=-4.7612551056879731e-05 0.011423503834041913 -0.0066821311903755409 0.0044434562525300725 0.0006396558263412201
leaf_weight=2104.9013879597187 7.3057646155357352 33.104604944586754 55.283393695950508 11.09847943484783
leaf_count=6343 26 89 176 34
internal_value=6.68128e-06 -3.11563e-05 6.73228e-05 -0.00484378
internal_weight=2211.69 2204.39 2160.18 44.2031
internal_count=6668 6642 6519 123
is_linear=0
shrinkage=0.0103456


Tree=247
num_leaves=8
num_cat=0
split_feature=37 13 30 6 7 28 7
split_gain=27.8499 15.4883 15.3865 12.2692 20.8926 16.593 7.14696
threshold=0.67622085396660425 0.85651756045005145 0.0030522938850640158 0.0014547425484106038 -0.00049356045600129617 55.785773227995136 0.019745261134706874
decision_type=2 2 2 2 2 2 2
left_child=3 6 -3 4 -1 -5 -2
right_child=1 2 -4 5 -6 -7 -8
leaf_value=0.0022340190711061312 0.00050140375120922502 -0.0023662234088124073 0.0023570286001527909 0.005046803723099411 -0.0019200732365597585 -0.001028882064843469 -0.0064884241161373606
leaf_weight=345.64010705053806 612.68920964002609 692.28625333309174 82.630737110972404 182.63301552832127 207.30628664791584 65.318433359265327 16.067387074232101
leaf_count=984 1833 2231 249 506 613 197 55
internal_value=-5.33298e-06 -0.000883673 -0.00186257 0.00153407 0.0006766 0.00344627 0.000322784
internal_weight=2204.57 1403.67 774.917 800.898 552.946 247.951 628.757
internal_count=6668 4368 2480 2300 1597 703 1888
is_linear=0
shrinkage=0.0103456


Tree=248
num_leaves=8
num_cat=0
split_feature=20 3 1 51 12 7 62
split_gain=15.0866 16.7646 16.0345 14.2758 13.0899 12.3987 2.17837
threshold=10.232273573236487 0.0019720161663027663 -2.3270132555518885e-05 54828.661000000007 0.00093149266132793894 -0.0039709117581731559 0.00018901968839790675
decision_type=2 2 2 2 2 2 2
left_child=2 3 6 -2 -3 -4 -1
right_child=1 4 5 -5 -6 -7 -8
leaf_value=-0.0095529587385074863 0.0018740761600764531 -0.0045737539468236861 0.0061759618878514241 -0.0078262462163484203 -0.00017295466111110793 -0.0032411613643490334 -0.0053999659569450974
leaf_weight=30.250860571861267 612.72949220240116 76.34482005238533 22.182829663157463 16.680397436022758 1379.483276873827 45.985473603010178 24.439988777041435
leaf_count=111 1716 231 63 68 4248 147 84
internal_value=-1.3677e-06 0.000206205 -0.00352441 0.001617 -0.000403736 -0.00017671 -0.00769709
internal_weight=2208.1 2085.24 122.859 629.41 1455.83 68.1683 54.6908
internal_count=6668 6263 405 1784 4479 210 195
is_linear=0
shrinkage=0.0103456


Tree=249
num_leaves=7
num_cat=0
split_feature=3 14 49 8 46 56
split_gain=8.95637 9.82422 11.296 9.5642 4.82674 0.0563959
threshold=0.007443159997044568 0.0012095762763855774 8.8050000000000012e-06 -0.00095895873930340592 8.5550000000000003e-06 65.33580450000035
decision_type=2 2 2 2 2 2
left_child=1 2 -1 -3 5 -2
right_child=4 3 -4 -5 -6 -7
leaf_value=0.00072769999596012476 -0.010160770522018577 -0.0012406061076397376 -0.0025606371118910608 0.00079722096803057786 -0.0009443897921045727 -0.0089223806563147705
leaf_weight=185.90935005247593 8.3771354556083697 298.34720820188522 280.53350172936916 1418.6621809452772 12.341395407915114 7.4240471571683875
leaf_count=576 21 875 828 4311 37 20
internal_value=6.68486e-06 8.14296e-05 -0.00125001 0.000443129 -0.00579241 -0.00957892
internal_weight=2211.59 2183.45 466.443 1717.01 28.1426 15.8012
internal_count=6668 6590 1404 5186 78 41
is_linear=0
shrinkage=0.0103456


Tree=250
num_leaves=8
num_cat=0
split_feature=13 13 3 1 3 20 53
split_gain=27.4701 15.0896 11.2163 9.40071 8.81744 6.36727 4.92303
threshold=0.59674034826330924 1.3752819022496729 0.0045622370455886676 0.00038539102780425858 0.0027109262112055498 14.996193498168134 7.5000000000000009
decision_type=2 2 2 2 2 2 2
left_child=3 2 -2 4 -1 -5 -3
right_child=1 6 -4 5 -6 -7 -8
leaf_value=0.0013205293193582393 -0.00052706943174455386 0.0060518977367596269 0.0025033661654401658 0.0031136030161179268 0.0041679319455168078 -0.003106048073571302 -0.0028771048578884978
leaf_weight=272.2469816505909 1176.7594490647316 6.7508856803178778 147.05985410511494 25.252690404653549 203.34262847900391 58.264459654688835 314.62023395299911
leaf_count=761 3611 19 425 71 556 178 1047
internal_value=-5.32869e-06 -0.000678602 -0.000190426 0.0019758 0.00253796 -0.00122544 -0.00268954
internal_weight=2204.3 1645.19 1323.82 559.107 475.59 83.5172 321.371
internal_count=6668 5102 4036 1566 1317 249 1066
is_linear=0
shrinkage=0.0103456


Tree=251
num_leaves=8
num_cat=0
split_feature=20 3 1 65 37 7 62
split_gain=14.8985 16.5009 15.8933 14.292 12.821 12.2143 2.17073
threshold=10.232273573236487 0.0019720161663027663 -2.3270132555518885e-05 -144.76427400000048 0.44060965559684745 -0.0039709117581731559 0.00018901968839790675
decision_type=2 2 2 2 2 2 2
left_child=2 3 6 -2 -3 -4 -1
right_child=1 4 5 -5 -6 -7 -8
leaf_value=-0.0095275826673874488 0.0061345083869592185 -0.0035773471470510725 0.0061195127183776106 0.0010677564251323653 -0.0001037996273774115 -0.0032223796333312672 -0.0053751252754970624
leaf_weight=30.119677796959877 66.639117106795311 124.35845296084881 22.231528669595718 563.03387574851513 1331.1878031045198 45.926014542579651 24.382062390446663
leaf_count=111 179 398 63 1605 4081 147 84
internal_value=-1.37607e-06 0.000204742 -0.0035054 0.00160398 -0.000400571 -0.000175255 -0.00766993
internal_weight=2207.88 2085.22 122.659 629.673 1455.55 68.1575 54.5017
internal_count=6668 6263 405 1784 4479 210 195
is_linear=0
shrinkage=0.0103456


Tree=252
num_leaves=7
num_cat=0
split_feature=3 14 47 8 46 56
split_gain=8.84545 9.65696 10.7374 9.42914 4.78543 0.055824
threshold=0.007443159997044568 0.0012095762763855774 48.500000000000007 -0.00095895873930340592 8.5550000000000003e-06 65.33580450000035
decision_type=2 2 2 2 2 2
left_child=1 2 -1 -3 5 -2
right_child=4 3 -4 -5 -6 -7
leaf_value=-0.0017263711337687027 -0.010124490458977734 -0.0012327269477008052 0.0038245703924764249 0.00079096130009810063 -0.00093882560777071148 -0.0088900105604555763
leaf_weight=425.26696690917015 8.3433516919612902 298.22338297963142 40.883299559354782 1419.0309877246618 12.337753504514692 7.3965433984994879
leaf_count=1270 21 875 134 4311 37 20
internal_value=6.85174e-06 8.10491e-05 -0.00123953 0.000439522 -0.00576297 -0.00954438
internal_weight=2211.48 2183.4 466.15 1717.25 28.0776 15.7399
internal_count=6668 6590 1404 5186 78 41
is_linear=0
shrinkage=0.0103456


Tree=253
num_leaves=8
num_cat=0
split_feature=38 10 43 13 10 7 37
split_gain=27.3733 14.1265 14.3245 10.8682 13.0897 8.95803 8.90649
threshold=0.67270114475410747 0.025551849775305158 -6.7114233444903146e-05 0.65536903324338869 0.0056178357222305625 -0.0015341274826622395 0.75863323219895362
decision_type=2 2 2 2 2 2 2
left_child=3 2 -2 4 -1 -5 -3
right_child=1 6 -4 5 -6 -7 -8
leaf_value=-0.00062756985311003077 0.0001127514575270265 -0.00096676013648916003 -0.0020092035937957706 0.0019961339251650142 0.0039262837180033565 -0.0010003802636533454 0.0098464290887934555
leaf_weight=89.053508192300797 627.86861798167229 13.275604590773581 743.9731567054987 201.12164004147053 279.90553048253059 227.64294917881489 21.128546580672264
leaf_count=249 1923 37 2356 598 754 699 52
internal_value=-5.42502e-06 -0.000873812 -0.00103802 0.00152539 0.00282715 0.000405202 0.00567392
internal_weight=2203.97 1406.25 1371.84 797.724 368.959 428.765 34.4042
internal_count=6668 4368 4279 2300 1003 1297 89
is_linear=0
shrinkage=0.0103456


Tree=254
num_leaves=8
num_cat=0
split_feature=20 3 1 48 12 8 12
split_gain=14.7125 16.1999 15.7734 14.1112 12.9119 10.9748 10.6217
threshold=10.232273573236487 0.0019720161663027663 0.00013664593275728432 54815.039000000012 0.00093149266132793894 0.00047671477328836703 0.00067464252570347851
decision_type=2 2 2 2 2 2 2
left_child=2 3 6 -2 -3 -4 -1
right_child=1 4 5 -5 -6 -7 -8
leaf_value=-0.00051936243419187591 0.0018437428803916086 -0.0045430245582032654 0.0084261611262132687 -0.007825259066747239 -0.00016773171034579242 -0.0057029099182283743 -0.0078332626252748446
leaf_weight=31.685802713036537 613.42099107801914 76.180070236325264 17.317299932241443 16.592252433300018 1378.9962217062712 8.9125206023454648 64.544389024376869
leaf_count=102 1717 231 50 67 4248 27 226
internal_value=-1.44766e-06 0.000203225 -0.00348651 0.0015891 -0.000396783 0.0036253 -0.00542501
internal_weight=2207.65 2085.19 122.46 630.013 1455.18 26.2298 96.2302
internal_count=6668 6263 405 1784 4479 77 328
is_linear=0
shrinkage=0.0103456


Tree=255
num_leaves=8
num_cat=0
split_feature=51 2 30 7 60 44 8
split_gain=8.85263 9.33931 10.4486 9.1541 6.68429 7.6936 3.28707
threshold=54828.661000000007 76.608783599083282 0.0020336728594474592 0.0078373476951247873 313.68114750000024 0.80165724898440083 0.00087830547844836026
decision_type=2 2 2 2 2 2 2
left_child=1 3 -3 -1 5 -2 -6
right_child=4 2 -4 -5 6 -7 -8
leaf_value=-0.00065552584930925976 0.0018943886701781982 0.0064767355710956412 -0.0045021863025411597 0.0011785792451108267 -0.0086055650557780843 0.0088555223139762732 0.00088054722618300112
leaf_weight=1594.6188917309046 171.83741699159145 41.927994623780251 11.914390563964842 356.34796366095543 8.8385372757911664 18.858519300818443 7.0110797435045233
leaf_count=4788 517 137 34 1085 23 63 21
internal_value=6.88628e-06 -0.000203218 0.00404729 -0.000320523 0.00204624 0.0025828 -0.00440938
internal_weight=2211.35 2004.81 53.8424 1950.97 206.546 190.696 15.8496
internal_count=6668 6044 171 5873 624 580 44
is_linear=0
shrinkage=0.0103456


Tree=256
num_leaves=8
num_cat=0
split_feature=37 13 30 6 7 28 29
split_gain=27.0424 15.0481 14.9902 12.017 20.5401 16.2322 7.09114
threshold=0.67622085396660425 0.85651756045005145 0.0030522938850640158 0.0014547425484106038 -0.00049356045600129617 55.785773227995136 -0.011782231417252818
decision_type=2 2 2 2 2 2 2
left_child=3 6 -3 4 -1 -5 -2
right_child=1 2 -4 5 -6 -7 -8
leaf_value=0.0022048993718026275 0.01032365615637096 -0.0023362756711899795 0.0023239224014827684 0.0049825524191620535 -0.0019141832648837311 -0.0010270705875409915 0.00019633307786124209
leaf_weight=345.93560065329075 7.4893627166748038 690.84757377207279 82.724099680781364 182.91884449124336 207.17156054079533 65.271504551172256 621.31223422288895
leaf_count=984 21 2231 249 506 613 197 1867
internal_value=-5.40512e-06 -0.000871711 -0.00183792 0.00151074 0.000662058 0.00340208 0.000316955
internal_weight=2203.67 1402.37 773.572 801.298 553.107 248.19 628.802
internal_count=6668 4368 2480 2300 1597 703 1888
is_linear=0
shrinkage=0.0103456


Tree=257
num_leaves=8
num_cat=0
split_feature=21 20 1 10 19 49 25
split_gain=14.5705 13.0471 15.6748 13.8033 9.2011 5.11595 3.65818
threshold=29.233308698724425 10.232273573236487 -2.3270132555518885e-05 0.017488679176038888 0.0087114515769775042 -1.5139999999999999e-05 0.0011992717458966242
decision_type=2 2 2 2 2 2 2
left_child=1 2 -1 -3 5 -2 -6
right_child=4 3 -4 -5 6 -7 -8
leaf_value=-0.0076227865828472812 0.010038733295827331 0.00024762310436147984 -0.00016581929273553264 -0.0031673330800388528 0.0030216656388923871 0.0038858785444825916 -0.0062602945298277273
leaf_weight=54.167076215147972 18.403263911604881 1843.8902310281992 68.106267243623734 136.03174129128456 7.3583138436079052 67.571151703596115 11.885161206126211
leaf_count=195 47 5534 210 443 21 180 38
internal_value=-1.50262e-06 -0.000189547 -0.00346925 1.29965e-05 0.00375553 0.00520293 -0.00271106
internal_weight=2207.41 2102.2 122.273 1979.92 105.218 85.9744 19.2435
internal_count=6668 6382 405 5977 286 227 59
is_linear=0
shrinkage=0.0103456


Tree=258
num_leaves=5
num_cat=0
split_feature=27 43 51 18
split_gain=8.80134 9.54249 10.6404 4.13144
threshold=0.0071812076660537913 0.0011244386500148292 54828.661000000007 0.0068742278395566023
decision_type=2 2 2 2
left_child=1 2 -1 -3
right_child=-2 3 -4 -5
leaf_value=-0.00016034831133050144 0.011327826107137871 -0.0066338733230098231 0.0023899954685197822 0.0006677596664055092
leaf_weight=1967.5946874171495 7.3259961456060401 32.973176077008247 192.19987185299397 11.081773862242697
leaf_count=5936 26 89 583 34
internal_value=7.01167e-06 -3.06208e-05 6.66065e-05 -0.00479719
internal_weight=2211.18 2203.85 2159.79 44.0549
internal_count=6668 6642 6519 123
is_linear=0
shrinkage=0.0103456


Tree=259
num_leaves=8
num_cat=0
split_feature=36 7 7 3 6 60 1
split_gain=26.8022 15.7645 12.077 13.169 11.7473 10.2149 7.5513
threshold=0.65556881127166389 0.0038059716505419732 -0.015315066187425784 0.0044876047200125306 0.0053042780929084552 117.09792700000014 -0.00032819810900807706
decision_type=2 2 2 2 2 2 2
left_child=2 4 6 -4 -2 -3 -1
right_child=1 5 3 -5 -6 -7 -8
leaf_value=0.0049210560832441512 -0.00030769132298182419 -0.001452976305232894 0.0015713952504586009 0.0068411274154766459 0.0059869390289442864 -0.0049355580439747557 -0.0046357463295863197
leaf_weight=10.843022882938383 993.9918897151947 317.9860862493515 618.52463588118553 55.293794065713882 32.779425457119942 125.81244716048241 48.128808125853539
leaf_count=30 3062 1023 1746 146 96 421 144
internal_value=-5.49633e-06 -0.000810961 0.00161092 0.00200383 -0.000106737 -0.00244025 -0.00287856
internal_weight=2203.36 1470.57 732.79 673.818 1026.77 443.799 58.9718
internal_count=6668 4602 2066 1892 3158 1444 174
is_linear=0
shrinkage=0.0103456


Tree=260
num_leaves=8
num_cat=0
split_feature=21 30 6 47 19 46 9
split_gain=14.3767 12.5179 16.0403 14.6452 9.03546 5.65365 5.0089
threshold=29.921341836059678 0.0020189523533601654 0.0022163236345799091 17.500000000000004 0.0040149562044663476 3.0475000000000006e-05 1.0138752002064442
decision_type=2 2 2 2 2 2 2
left_child=1 3 -3 -1 5 -2 -6
right_child=4 2 -4 -5 6 -7 -8
leaf_value=0.0020557047202691865 0.010808396636343223 -0.00030791497392447807 -0.0038195423143247602 -0.00027089654605078046 0.0062402823870172739 0.0021983491906805651 -0.00094967891068633149
leaf_weight=400.0161456912756 24.969889849424362 475.14408051967621 196.9231792986393 1048.877832621336 14.878971949219702 12.126970142126082 34.226002886891365
leaf_count=1176 59 1482 660 3116 38 33 104
internal_value=-1.53755e-06 -0.000169868 -0.00133686 0.00037144 0.00414016 0.00799377 0.0012289
internal_weight=2207.16 2120.96 672.067 1448.89 86.2018 37.0969 49.105
internal_count=6668 6434 2142 4292 234 92 142
is_linear=0
shrinkage=0.0103456


Tree=261
num_leaves=5
num_cat=0
split_feature=20 51 2 22
split_gain=8.7416 8.93348 9.40284 6.61425
threshold=7.8455147169272719 54828.661000000007 76.608783599083282 24.592616113879902
decision_type=2 2 2 2
left_child=-1 2 -2 -3
right_child=1 3 -4 -5
leaf_value=0.011008112368042302 -0.00036158363060992334 0.001170904609620066 0.0040195620131463616 0.0060686081372284375
leaf_weight=7.7041142284870139 1942.7292030751705 171.03795789182186 53.886508986353874 35.667186141014099
leaf_count=27 5846 510 171 114
internal_value=7.08637e-06 -3.13797e-05 -0.000243341 0.00201601
internal_weight=2211.02 2203.32 1996.62 206.705
internal_count=6668 6641 6017 624
is_linear=0
shrinkage=0.0103456


Tree=262
num_leaves=7
num_cat=0
split_feature=38 10 43 23 7 37
split_gain=26.6385 13.6443 14.0927 10.691 11.0763 8.766
threshold=0.67270114475410747 0.025551849775305158 -6.7114233444903146e-05 -0.023895847382645271 -0.00024732531436993938 0.75863323219895362
decision_type=2 2 2 2 2 2
left_child=3 2 -2 -1 -5 -3
right_child=1 5 -4 4 -6 -7
leaf_value=-0.0082028426864032018 0.00011671234842622895 -0.0010209932380940332 -0.0019889369866558653 0.0028191840682514017 0.00035991048624020366 0.0096939654879681283
leaf_weight=11.962490051984785 627.61382754147053 13.299215868115423 742.88804371654987 412.89330039918423 373.18403594195843 21.197710275650024
leaf_count=37 1923 37 2356 1176 1087 52
internal_value=-5.53196e-06 -0.000862916 -0.00102467 0.00150395 0.00165166 0.00556315
internal_weight=2203.04 1405 1370.5 798.04 786.077 34.4969
internal_count=6668 4368 4279 2300 2263 89
is_linear=0
shrinkage=0.0103456


Tree=263
num_leaves=8
num_cat=0
split_feature=20 3 1 65 12 7 65
split_gain=14.375 15.7291 15.5336 14.0761 12.7551 12.0029 1.56197
threshold=10.232273573236487 0.0019720161663027663 -2.3270132555518885e-05 -144.76427400000048 0.00093149266132793894 -0.0039709117581731559 -167.25302200000002
decision_type=2 2 2 2 2 2 2
left_child=2 3 6 -2 -3 -4 -1
right_child=1 4 5 -5 -6 -7 -8
leaf_value=-0.0044470897931837613 0.0060557411136262793 -0.0045163309855395239 0.0060632776948263863 0.0010331611817803142 -0.00016360567255981523 -0.0031944948583918697 -0.0085801498039625931
leaf_weight=12.841724425554274 66.801782771945 76.031920164823532 22.275238290429115 563.62507259845734 1378.3559988588095 45.828680589795113 41.140521213412285
leaf_count=45 179 231 63 1605 4248 147 150
internal_value=-1.57732e-06 0.000200477 -0.00345198 0.00156537 -0.000391156 -0.000166489 -0.00759694
internal_weight=2206.9 2084.81 122.086 630.427 1454.39 68.1039 53.9822
internal_count=6668 6263 405 1784 4479 210 195
is_linear=0
shrinkage=0.0103456


Tree=264
num_leaves=7
num_cat=0
split_feature=3 29 30 14 46 56
split_gain=8.67947 9.53321 11.9014 9.8778 4.73582 0.0558379
threshold=0.007443159997044568 0.0025016297286858395 0.0012319790905203178 0.001107733836289982 8.5550000000000003e-06 65.33580450000035
decision_type=2 2 2 2 2 2
left_child=1 3 -3 -1 5 -2
right_child=4 2 -4 -5 -6 -7
leaf_value=-0.0019198430526368637 -0.010078457681261945 0.0040599489262510991 0.00044898167748066986 8.3059458461556701e-05 -0.00092190476193461564 -0.0088402253647256041
leaf_weight=333.52209849655628 8.2972805202007311 123.33100058138371 469.96310018002987 1256.0965894907713 12.321825370192526 7.3517505824565879
leaf_count=995 21 399 1423 3773 37 20
internal_value=7.13223e-06 8.05085e-05 0.00119961 -0.000337175 -0.00571933 -0.00949675
internal_weight=2210.88 2182.91 593.294 1589.62 27.9709 15.649
internal_count=6668 6590 1822 4768 78 41
is_linear=0
shrinkage=0.0103456


Tree=265
num_leaves=8
num_cat=0
split_feature=37 30 28 43 46 29 7
split_gain=26.3416 13.0126 16.3627 11.9372 14.4189 11.4715 10.1043
threshold=0.67622085396660425 0.0029866902309356974 55.785773227995136 -0.0001508581761822585 2.2060000000000006e-05 0.010665376682060248 0.000165448069931351
decision_type=2 2 2 2 2 2 2
left_child=3 2 -2 6 -5 -3 -1
right_child=1 5 -4 4 -6 -7 -8
leaf_value=0.005306947177661378 -0.0008169549898197503 0.00058548062644072643 -0.0046169763202724605 -0.00092837939185588748 0.0025265643062309102 0.0076635299203154494 0.0013418133694554826
leaf_weight=131.55951353907585 1087.2494655102491 148.02857205271721 136.50959244370461 296.90954189002514 229.01423110067844 29.370601370930672 144.16297459602356
leaf_count=365 3373 442 468 865 652 85 418
internal_value=-5.51634e-06 -0.000861248 -0.00124085 0.00149018 0.000576081 0.00175734 0.00323376
internal_weight=2202.8 1401.16 1223.76 801.646 525.924 177.399 275.722
internal_count=6668 4368 3841 2300 1517 527 783
is_linear=0
shrinkage=0.0103456


Tree=266
num_leaves=8
num_cat=0
split_feature=21 30 6 47 19 46 53
split_gain=14.1296 12.2564 15.8601 14.4237 8.88888 5.56592 5.55136
threshold=29.921341836059678 0.0020189523533601654 0.0022163236345799091 17.500000000000004 0.0040149562044663476 3.0475000000000006e-05 32.500000000000007
decision_type=2 2 2 2 2 2 2
left_child=1 3 -3 -1 5 -2 -6
right_child=4 2 -4 -5 6 -7 -8
leaf_value=0.0020375861953409458 0.010715845374219761 -0.00030124227284944948 -0.0037958621420712663 -0.00027085152251478861 0.0027925220155021542 0.0021744796072515368 -0.0064572815746276142
leaf_weight=400.27493037283421 24.986437231302261 474.92580460011959 196.51891389489174 1048.7421739250422 40.750425457954407 12.129898697137831 8.3712327331304532
leaf_count=1176 59 1482 660 3116 116 33 26
internal_value=-1.63915e-06 -0.000168588 -0.00132405 0.000366829 0.00410339 0.00792446 0.00121619
internal_weight=2206.7 2120.46 671.445 1449.02 86.238 37.1163 49.1217
internal_count=6668 6434 2142 4292 234 92 142
is_linear=0
shrinkage=0.0103456


Tree=267
num_leaves=5
num_cat=0
split_feature=27 3 2 10
split_gain=8.65279 10.8009 9.08713 2.78671
threshold=0.0071812076660537913 0.007443159997044568 76.608783599083282 0.030630780050583509
decision_type=2 2 2 2
left_child=1 2 -1 -3
right_child=-2 3 -4 -5
leaf_value=-5.8953466781976132e-05 0.011213597622451676 -0.002096393023271516 0.0041568315814466536 -0.0090946351736792101
leaf_weight=2120.7320162057877 7.3501782566308966 9.4780434668064135 56.174326598644257 17.037990614771843
leaf_count=6391 26 28 178 45
internal_value=7.27376e-06 -3.01083e-05 4.98334e-05 -0.00659314
internal_weight=2210.77 2203.42 2176.91 26.516
internal_count=6668 6642 6569 73
is_linear=0
shrinkage=0.0103456


Tree=268
num_leaves=8
num_cat=0
split_feature=36 7 7 6 28 60 1
split_gain=26.0733 15.5003 11.887 11.4674 11.0467 10.0821 7.42625
threshold=0.65556881127166389 0.0038059716505419732 -0.015315066187425784 0.0053042780929084552 55.785773227995136 117.09792700000014 -0.00032819810900807706
decision_type=2 2 2 2 2 2 2
left_child=2 3 6 -2 -4 -3 -1
right_child=1 5 4 -5 -6 -7 -8
leaf_value=0.0048560691565018724 -0.00030145210276949876 -0.001437447175219999 0.0023583314871942775 0.0059124753463056928 -0.002625232423457221 -0.0049019728905012744 -0.00461489445141877
leaf_weight=10.864745020866392 993.49339170753956 317.62548694014549 622.68340100347996 32.837513655424118 51.547547519207001 125.39718750119209 48.053783074021339
leaf_count=30 3062 1023 1736 96 156 421 144
internal_value=-5.64665e-06 -0.000800762 0.0015879 -0.000102637 0.00197732 -0.00241808 -0.00286842
internal_weight=2202.5 1469.35 733.149 1026.33 674.231 443.023 58.9185
internal_count=6668 4602 2066 3158 1892 1444 174
is_linear=0
shrinkage=0.0103456


Tree=269
num_leaves=8
num_cat=0
split_feature=20 1 3 65 12 46 12
split_gain=14.1886 15.4067 15.3803 13.8645 12.5985 10.799 10.5394
threshold=10.232273573236487 0.00013664593275728432 0.0019720161663027663 -144.76427400000048 0.00093149266132793894 4.8800000000000007e-05 0.00067464252570347851
decision_type=2 2 2 2 2 2 2
left_child=1 6 3 -2 -4 -3 -1
right_child=2 5 4 -5 -6 -7 -8
leaf_value=-0.00046988125627910325 0.0060003728984630404 0.0092332179760799011 -0.0044901812319882483 0.001019664467279778 -0.00016037948020882647 -0.0042056815636762074 -0.0077732050701722821
leaf_weight=31.580602660775185 66.91811116039753 15.227204173803331 75.889003098011017 563.84389571845531 1377.9237287193537 11.039820089936255 64.026359617710114
leaf_count=102 179 42 231 1605 4248 35 226
internal_value=-1.65147e-06 -0.00343275 0.000198947 0.00154807 -0.000386395 0.00358496 -0.00536079
internal_weight=2206.45 121.874 2084.57 630.762 1453.81 26.267 95.607
internal_count=6668 405 6263 1784 4479 77 328
is_linear=0
shrinkage=0.0103456


Tree=270
num_leaves=5
num_cat=0
split_feature=20 51 7 60
split_gain=8.54062 8.80935 9.2736 6.58287
threshold=7.8455147169272719 54828.661000000007 0.0078373476951247873 313.68114750000024
decision_type=2 2 2 2
left_child=-1 2 -2 -3
right_child=1 3 -4 -5
leaf_value=0.010858845633312887 -0.0005751389754758829 0.0025335766562725138 0.0012485115208790904 -0.004407225303122317
leaf_weight=7.7356224507093421 1630.8592305630445 190.93064744770527 365.30889753997326 15.838753536343573
leaf_count=27 4904 580 1113 44
internal_value=7.26207e-06 -3.08433e-05 -0.000241402 0.0020019
internal_weight=2210.67 2202.94 1996.17 206.769
internal_count=6668 6641 6017 624
is_linear=0
shrinkage=0.0103456


Tree=271
num_leaves=7
num_cat=0
split_feature=38 10 43 23 7 37
split_gain=25.9387 13.2046 13.7993 10.5316 10.8156 8.59731
threshold=0.67270114475410747 0.025551849775305158 -6.7114233444903146e-05 -0.023895847382645271 -0.00024732531436993938 0.75863323219895362
decision_type=2 2 2 2 2 2
left_child=3 2 -2 -1 -5 -3
right_child=1 5 -4 4 -6 -7
leaf_value=-0.0081673290868674118 0.00011733329362980997 -0.0010573760223659089 -0.0019671413427121533 0.0027821565990611276 0.0003525853919620122 0.0095439480217507401
leaf_weight=11.92284646630287 627.47021600604057 13.314832121133803 741.75372053682804 413.33656620979309 373.16397760808468 21.262286812067032
leaf_count=37 1923 37 2356 1176 1087 52
internal_value=-5.6772e-06 -0.000852445 -0.0010119 0.00148312 0.00162942 0.00546163
internal_weight=2202.22 1403.8 1369.22 798.423 786.501 34.5771
internal_count=6668 4368 4279 2300 2263 89
is_linear=0
shrinkage=0.0103456


Tree=272
num_leaves=8
num_cat=0
split_feature=13 23 7 54 10 51 58
split_gain=13.8937 13.4028 12.6268 13.6019 12.1137 11.4223 5.35296
threshold=0.76002061418300804 -0.022067869655723379 0.00071551402313452261 -1.2896832859876637e-05 0.017488679176038888 54742.625000000007 0.00011013519255997918
decision_type=2 2 2 2 2 2 2
left_child=1 6 5 -4 -3 -2 -1
right_child=2 4 3 -5 -6 -7 -8
leaf_value=0.0024675562089317964 0.00025168901134043476 -0.00081597058397385447 0.00022101282773633095 0.0034554564546755775 -0.0053338876541428569 -0.0038847940452473311 0.013127905381791951
leaf_weight=11.042404338717462 651.12330470979214 828.96490316092968 273.72357881069183 283.07539093494415 68.791689470410347 80.257292151451111 9.2771935760974866
leaf_count=33 1931 2534 813 822 229 282 24
internal_value=-1.60979e-06 -0.000974102 0.000691479 0.0018654 -0.00116216 -0.000202224 0.00733469
internal_weight=2206.26 918.076 1288.18 556.799 897.757 731.381 20.3196
internal_count=6668 2820 3848 1635 2763 2213 57
is_linear=0
shrinkage=0.0103456


Tree=273
num_leaves=5
num_cat=0
split_feature=27 3 29 10
split_gain=8.50102 10.659 9.02273 2.76587
threshold=0.0071812076660537913 0.007443159997044568 0.0025016297286858395 0.030630780050583509
decision_type=2 2 2 2
left_child=1 2 -1 -3
right_child=-2 3 -4 -5
leaf_value=-0.00035657211353028163 0.011096117987082965 -0.0020798029453544843 0.0011418923745042729 -0.0090594714106092648
leaf_weight=1586.7050905227661 7.3751821219921103 9.4678317755460757 590.01961949467659 16.96677066385746
leaf_count=4759 26 28 1810 45
internal_value=7.41848e-06 -2.97015e-05 4.95993e-05 -0.00655963
internal_weight=2210.53 2203.16 2176.72 26.4346
internal_count=6668 6642 6569 73
is_linear=0
shrinkage=0.0103456


Tree=274
num_leaves=8
num_cat=0
split_feature=13 30 47 7 30 28 29
split_gain=25.7328 13.1796 13.1263 30.3545 24.0625 10.0739 7.50495
threshold=0.90256536826815692 0.0030522938850640158 19.000000000000004 -0.00066500373378919331 0.0025646875746282434 55.785773227995136 0.010218158721823968
decision_type=2 2 2 2 2 2 2
left_child=2 5 4 -4 -1 -2 -3
right_child=1 6 3 -5 -6 -7 -8
leaf_value=-0.0020531645914743488 -0.001272202188289671 0.00090551358004099585 0.003897126244652359 -0.00021581618914129857 0.0024985643430238398 -0.00448290581263902 0.0083329913694250787
leaf_weight=327.81989994645119 692.92395915091038 70.798390835523605 375.13248658180237 393.53853976726532 200.23969928920269 123.19065763056278 18.330518364906311
leaf_count=988 2198 214 1061 1162 571 422 52
internal_value=-5.76042e-06 -0.00134432 0.000928682 0.00179141 -0.000327153 -0.00175685 0.00243307
internal_weight=2201.97 905.244 1296.73 768.671 528.06 816.115 89.1289
internal_count=6668 2886 3782 2223 1559 2620 266
is_linear=0
shrinkage=0.0103456


Tree=275
num_leaves=8
num_cat=0
split_feature=20 1 3 48 12 7 62
split_gain=13.9787 15.3134 15.1136 13.7466 12.4281 11.7591 2.1902
threshold=10.232273573236487 -2.3270132555518885e-05 0.0019720161663027663 54815.039000000012 0.00093149266132793894 -0.0039709117581731559 0.00018901968839790675
decision_type=2 2 2 2 2 2 2
left_child=1 6 3 -2 -4 -3 -1
right_child=2 5 4 -5 -6 -7 -8
leaf_value=-0.0094303533541238455 0.0017843553535793633 0.0060026860238494408 -0.0044633045864319581 -0.0077864987402336784 -0.00015890323629608397 -0.0031582700816945156 -0.0052254395600688794
leaf_weight=29.58378042280674 614.53868889808655 22.322200134396553 75.742005944252014 16.493440240621567 1377.6374254822731 45.701781734824181 24.025184825062752
leaf_count=111 1717 63 231 67 4248 147 84
internal_value=-1.68379e-06 -0.00341086 0.000197254 0.0015342 -0.000383225 -0.000152085 -0.0075459
internal_weight=2206.04 121.633 2084.41 631.032 1453.38 68.024 53.609
internal_count=6668 405 6263 1784 4479 210 195
is_linear=0
shrinkage=0.0103456


Tree=276
num_leaves=5
num_cat=0
split_feature=33 3 2 46
split_gain=8.37095 10.5125 8.93881 2.71529
threshold=0.0071812076660537913 0.007443159997044568 76.608783599083282 8.5550000000000003e-06
decision_type=2 2 2 2
left_child=1 2 -1 -3
right_child=-2 3 -4 -5
leaf_value=-5.8763085925316307e-05 0.010994880262418742 -0.0093911995563962514 0.0041199980466176574 -0.0026774221055615032
leaf_weight=2120.4388715773821 7.3967773020267478 15.100447237491609 56.242961779236794 11.251918524503706
leaf_count=6391 26 40 178 33
internal_value=7.46759e-06 -2.94231e-05 4.92113e-05 -0.00652455
internal_weight=2210.43 2203.03 2176.68 26.3524
internal_count=6668 6642 6569 73
is_linear=0
shrinkage=0.0103456


Tree=277
num_leaves=8
num_cat=0
split_feature=37 13 30 6 7 28 7
split_gain=25.4821 14.3535 14.2078 11.8961 19.8 15.5845 7.02683
threshold=0.67622085396660425 0.85651756045005145 0.0030522938850640158 0.0014547425484106038 -0.00049356045600129617 55.785773227995136 0.019745261134706874
decision_type=2 2 2 2 2 2 2
left_child=3 6 -3 4 -1 -5 -2
right_child=1 2 -4 5 -6 -7 -8
leaf_value=0.0021324383268475429 0.00048880243827723871 -0.0022818294179021018 0.0022516987381525 0.0048901760334604197 -0.0019111001861681146 -0.0010017091603580946 -0.0064543957196617607
leaf_weight=346.66604036092758 612.60523207485676 688.07229639589787 82.90373820066452 183.28437602519989 207.01759640872478 65.123688876628876 16.008765786886215
leaf_count=984 1833 2231 249 506 613 197 55
internal_value=-5.72421e-06 -0.000848301 -0.00179434 0.00146451 0.000620594 0.00334553 0.000311982
internal_weight=2201.68 1399.59 770.976 802.092 553.684 248.408 628.614
internal_count=6668 4368 2480 2300 1597 703 1888
is_linear=0
shrinkage=0.0103456


Tree=278
num_leaves=8
num_cat=0
split_feature=20 1 3 65 36 7 65
split_gain=13.8125 15.1783 14.8844 13.6232 12.3541 11.5812 1.56765
threshold=10.232273573236487 -2.3270132555518885e-05 0.0019720161663027663 -144.76427400000048 0.44134895202810559 -0.0039709117581731559 -167.25302200000002
decision_type=2 2 2 2 2 2 2
left_child=1 6 3 -2 -4 -3 -1
right_child=2 5 4 -5 -6 -7 -8
leaf_value=-0.0043507552527696954 0.0059306469268692093 0.005946081738766003 -0.0036099687456800831 0.00099828769931165919 -9.8621335584500499e-05 -0.0031405507756583615 -0.0085112561513784168
leaf_weight=12.723664954304693 67.059487879276276 22.370588883757591 116.60186573863029 564.19332082569599 1336.5029754638672 45.644908785820007 40.700213953852654
leaf_count=45 179 63 382 1605 4097 147 150
internal_value=-1.76975e-06 -0.00339347 0.000195838 0.00152226 -0.000380383 -0.000151918 -0.00752037
internal_weight=2205.8 121.439 2084.36 631.253 1453.1 68.0155 53.4239
internal_count=6668 405 6263 1784 4479 210 195
is_linear=0
shrinkage=0.0103456


Tree=279
num_leaves=8
num_cat=0
split_feature=51 13 7 51 46 23 51
split_gain=8.30793 8.76398 8.57117 6.79049 6.56142 10.3728 7.05157
threshold=54828.661000000007 4.0858495607185183 0.0078373476951247873 51022.723000000005 -2.5029999999999996e-05 0.012708571312180396 57114.714500000009
decision_type=2 2 2 2 2 2 2
left_child=1 2 -1 -3 5 -2 -6
right_child=4 3 -4 -5 6 -7 -8
leaf_value=-0.00057800706772509556 -0.0047654347070921425 0.013998245105942976 0.001180709001535339 0.00036435584793756209 0.0048453774833762025 0.0069321560591098794 0.00054804476040475763
leaf_weight=1624.9687520414591 30.7676872164011 8.2147943526506406 362.8169404566288 7.4613846540451041 90.674661561846733 11.019560962915419 74.407312512397766
leaf_count=4888 82 30 1104 22 286 36 220
internal_value=7.57738e-06 -0.000196236 -0.000257001 0.00750893 0.00198144 -0.00168071 0.00290844
internal_weight=2210.33 2003.46 1987.79 15.6762 206.869 41.7872 165.082
internal_count=6668 6044 5992 52 624 118 506
is_linear=0
shrinkage=0.0103456


Tree=280
num_leaves=8
num_cat=0
split_feature=38 13 23 13 2 1 14
split_gain=25.2233 13.599 10.8677 10.6652 10.5928 8.81997 3.24217
threshold=0.6606860586696478 0.90256536826815692 -0.021428548596486571 0.65536903324338869 55.943270789699753 -8.5071509506829752e-05 0.0028970086463658475
decision_type=2 2 2 2 2 2 2
left_child=2 5 6 -4 -3 -2 -1
right_child=1 4 3 -5 -6 -7 -8
leaf_value=-0.00076762765089252803 0.0014992795394476546 -0.00092384907548656537 0.0030282159416541382 0.00054616784943495571 -0.0036085973080823 -0.00078899538154969984 -0.0093021495433369163
leaf_weight=7.775195091962817 308.14062927663326 454.4908921122551 350.59790988266468 392.99995759129524 240.54848776757717 434.51153270900249 12.302553460001944
leaf_count=23 903 1448 948 1184 793 1328 41
internal_value=-5.8331e-06 -0.000812944 0.00151363 0.00171643 -0.00185302 0.000160454 -0.00599712
internal_weight=2201.37 1437.69 763.676 743.598 695.039 742.652 20.0777
internal_count=6668 4472 2196 2132 2241 2231 64
is_linear=0
shrinkage=0.0103456


Tree=281
num_leaves=8
num_cat=0
split_feature=21 20 1 29 57 3 19
split_gain=13.7123 12.3727 15.046 13.5859 8.73915 8.84789 7.71746
threshold=29.921341836059678 10.232273573236487 -2.3270132555518885e-05 0.0067045699615427843 301.7754514999998 0.0026982600742289542 0.0073221292847429629
decision_type=2 2 2 2 2 2 2
left_child=1 2 -1 -3 6 -6 -2
right_child=4 3 -4 -5 5 -7 -8
leaf_value=-0.0074944719544928276 0.0083537336003601699 0.00028729339888048522 -0.00015071387625844614 -0.0027821012241526426 -0.0071016033084560009 0.0040157786384430339 -0.0021889271664149905
leaf_weight=53.237569108605385 44.802948355674744 1829.4491974711418 68.002996414899826 168.5682331174612 12.317114934325216 20.273964151740074 8.9095751792192441
leaf_count=195 113 5481 210 548 39 55 27
internal_value=-1.77175e-06 -0.000166389 -0.00337541 2.83355e-05 0.00404055 -0.000185803 0.00660497
internal_weight=2205.56 2119.26 121.241 1998.02 86.3036 32.5911 53.7125
internal_count=6668 6434 405 6029 234 94 140
is_linear=0
shrinkage=0.0103456


Tree=282
num_leaves=5
num_cat=0
split_feature=20 51 7 2
split_gain=8.32144 8.50154 8.95884 6.52119
threshold=7.8455147169272719 54828.661000000007 0.0078373476951247873 32.42868860189072
decision_type=2 2 2 2
left_child=-1 2 -2 -3
right_child=1 3 -4 -5
leaf_value=0.010695582160382341 -0.000565371788369471 0.0072097051529207536 0.0012265621749678751 0.0013227218841349816
leaf_weight=7.7695619612932196 1629.8167313784361 22.610164135694504 365.61112360656261 184.33231796324253
leaf_count=27 4904 74 1113 550
internal_value=7.65805e-06 -3.0047e-05 -0.000237046 0.00196592
internal_weight=2210.14 2202.37 1995.43 206.942
internal_count=6668 6641 6017 624
is_linear=0
shrinkage=0.0103456


Tree=283
num_leaves=8
num_cat=0
split_feature=36 7 7 3 6 60 1
split_gain=24.8735 15.0064 11.7268 12.6748 11.2375 9.9334 7.29374
threshold=0.65556881127166389 0.0038059716505419732 -0.015315066187425784 0.0044876047200125306 0.0051132424042683597 117.09792700000014 -0.00019720826786223685
decision_type=2 2 2 2 2 2 2
left_child=2 4 6 -4 -2 -3 -1
right_child=1 5 3 -5 -6 -7 -8
leaf_value=0.0028490051683751488 -0.00030243613978379251 -0.0014044455277704739 0.0015115695593453358 0.0066744180600992681 0.0056124234097453757 -0.0048507530977152631 -0.0051912683155145882
leaf_weight=16.956224784255028 990.02117438614368 316.87649719417095 619.39385701715946 55.451593160629272 35.615802824497223 124.76155923306942 41.957763239741325
leaf_count=47 3054 1023 1746 146 104 421 127
internal_value=-5.85731e-06 -0.000783596 0.00154936 0.0019358 -9.70394e-05 -0.00237802 -0.00287717
internal_weight=2201.03 1467.28 733.759 674.845 1025.64 441.638 58.914
internal_count=6668 4602 2066 1892 3158 1444 174
is_linear=0
shrinkage=0.0103456


Tree=284
num_leaves=8
num_cat=0
split_feature=21 30 6 48 19 46 25
split_gain=13.5055 11.3103 16.102 14.9229 8.79628 4.98115 3.58965
threshold=29.233308698724425 0.0020189523533601654 0.0022577872714008023 47232.369500000008 0.0087114515769775042 -5.8999999999999996e-07 0.0011992717458966242
decision_type=2 2 2 2 2 2 2
left_child=1 3 -3 -1 5 -2 -6
right_child=4 2 -4 -5 6 -7 -8
leaf_value=0.003509051051533681 0.0082781008835260336 -0.00028579938442836977 -0.0038555626359606668 -1.6610177174811675e-05 0.0029567216078788716 0.0031225802960675913 -0.0062353232368407546
leaf_weight=142.6956132799387 31.779901668429375 477.31358021497726 188.713652536273 1291.1626347452402 7.3720498532056835 54.384155318140984 11.866742908954619
leaf_count=411 81 1491 640 3840 21 146 38
internal_value=-1.82889e-06 -0.000183216 -0.00129726 0.000334259 0.00361186 0.00502409 -0.00271305
internal_weight=2205.29 2099.89 666.027 1433.86 105.403 86.1641 19.2388
internal_count=6668 6382 2131 4251 286 227 59
is_linear=0
shrinkage=0.0103456


Tree=285
num_leaves=7
num_cat=0
split_feature=3 7 2 48 49 56
split_gain=8.24324 9.11291 8.92404 7.73716 4.44854 0.0602346
threshold=0.007443159997044568 -0.023054609778890452 76.608783599083282 49313.402500000004 8.2850000000000011e-06 63.808925999999964
decision_type=2 2 2 2 2 2
left_child=1 3 -3 -1 5 -2
right_child=4 2 -4 -5 -6 -7
leaf_value=0.012909133508106673 -0.010019963150851994 -0.00015881114044892812 0.0040259941707111637 0.0024316102697847608 -0.0010641119381855377 -0.008711694406806015
leaf_weight=8.5028096437454206 7.8337035179138201 2050.8683134019375 56.031395390629768 66.869399562478065 12.602724522352217 7.2554324716329575
leaf_count=31 20 6176 177 206 38 20
internal_value=7.75321e-06 7.89295e-05 -4.75194e-05 0.00361359 -0.00560133 -0.0093909
internal_weight=2209.96 2182.27 2106.9 75.3722 27.6919 15.0891
internal_count=6668 6590 6353 237 78 40
is_linear=0
shrinkage=0.0103456


Tree=286
num_leaves=8
num_cat=0
split_feature=37 13 30 6 7 28 7
split_gain=24.6975 13.9147 13.9536 11.6506 19.4817 15.2566 6.92697
threshold=0.67622085396660425 0.85651756045005145 0.0030522938850640158 0.0014547425484106038 -0.00049356045600129617 55.785773227995136 0.019745261134706874
decision_type=2 2 2 2 2 2 2
left_child=3 6 -3 4 -1 -5 -2
right_child=1 2 -4 5 -6 -7 -8
leaf_value=0.0021040126744457125 0.00048097636373706812 -0.0022531266579991567 0.0022395717558295427 0.0048274840382694726 -0.0019069819156685411 -0.0010024772481035372 -0.0064223027042896348
leaf_weight=346.94603297114372 612.70623089373112 686.63363938033581 82.928836420178413 183.53726300597191 206.90234307944775 65.080214440822601 15.963080927729605
leaf_count=984 1833 2231 249 506 613 197 55
internal_value=-5.89286e-06 -0.000836178 -0.00176899 0.00144081 0.000605617 0.00330138 0.000305689
internal_weight=2200.7 1398.23 769.562 802.466 553.848 248.617 628.669
internal_count=6668 4368 2480 2300 1597 703 1888
is_linear=0
shrinkage=0.0103456


Tree=287
num_leaves=8
num_cat=0
split_feature=20 1 3 48 36 46 3
split_gain=13.4589 14.9375 14.4788 13.4825 12.0404 10.5585 9.00046
threshold=10.232273573236487 0.00013664593275728432 0.0019720161663027663 54815.039000000012 0.44134895202810559 4.8800000000000007e-05 0.0010282348814358525
decision_type=2 2 2 2 2 2 2
left_child=1 6 3 -2 -4 -3 -1
right_child=2 5 4 -5 -6 -7 -8
leaf_value=0.0040173317496347612 0.0017473935307274343 0.0091052199073948757 -0.0035702248129207683 -0.0077541482532578953 -9.8016195166743123e-05 -0.0041800838132849544 -0.0063661221009713755
leaf_weight=9.9882522970437986 615.21220295131207 15.288074627518656 116.18638710677624 16.410807892680168 1336.1666407287121 11.016928553581236 84.734492138028145
leaf_count=30 1717 42 382 67 4097 35 298
internal_value=-1.8893e-06 -0.00335588 0.000192895 0.00150052 -0.000375788 0.00354114 -0.00527122
internal_weight=2205 121.028 2083.98 631.623 1452.35 26.305 94.7227
internal_count=6668 405 6263 1784 4479 77 328
is_linear=0
shrinkage=0.0103456


Tree=288
num_leaves=5
num_cat=0
split_feature=27 3 29 10
split_gain=8.21947 10.2811 8.83123 2.76026
threshold=0.0071812076660537913 0.007443159997044568 0.0025016297286858395 0.030630780050583509
decision_type=2 2 2 2
left_child=1 2 -1 -3
right_child=-2 3 -4 -5
leaf_value=-0.00035326376031812528 0.010877364939701321 -0.0019821870856433885 0.0011291427975000544 -0.0089803773803081386
leaf_weight=1586.0037286579609 7.4211915433406821 9.4095010459423083 590.1943216919899 16.808095008134842
leaf_count=4759 26 28 1810 45
internal_value=7.81262e-06 -2.88131e-05 4.87713e-05 -0.00646873
internal_weight=2209.84 2202.42 2176.2 26.2176
internal_count=6668 6642 6569 73
is_linear=0
shrinkage=0.0103456


Tree=289
num_leaves=7
num_cat=0
split_feature=38 10 43 23 7 38
split_gain=24.5162 12.5586 13.4578 10.2717 10.2654 8.18365
threshold=0.67270114475410747 0.025551849775305158 -6.7114233444903146e-05 -0.023895847382645271 -0.00024732531436993938 0.79771173090257352
decision_type=2 2 2 2 2 2
left_child=3 2 -2 -1 -5 -3
right_child=1 5 -4 4 -6 -7
leaf_value=-0.0081147221334563549 0.00012867796559081683 -0.0026116268904590482 -0.001931696083328199 0.0027052505681770733 0.00033923367092180253 0.0085015341366658382
leaf_weight=11.863476708531378 626.81092403829098 9.9412499666213971 739.76877346634865 414.20906592905521 373.02895393967628 24.747957736253738
leaf_count=37 1923 27 2356 1176 1087 62
internal_value=-5.95556e-06 -0.000830618 -0.000986662 0.00144014 0.00158412 0.00531672
internal_weight=2200.37 1401.27 1366.58 799.101 787.238 34.6892
internal_count=6668 4368 4279 2300 2263 89
is_linear=0
shrinkage=0.0103456


Tree=290
num_leaves=8
num_cat=0
split_feature=20 1 3 65 12 7 62
split_gain=13.2956 14.8465 14.2413 13.4124 12.2124 11.3358 2.20574
threshold=10.232273573236487 -2.3270132555518885e-05 0.0019720161663027663 -144.76427400000048 0.00093149266132793894 -0.0039709117581731559 0.00018901968839790675
decision_type=2 2 2 2 2 2 2
left_child=1 6 3 -2 -4 -3 -1
right_child=2 5 4 -5 -6 -7 -8
leaf_value=-0.0093547595594992879 0.0058571685850823006 0.0058831933543493338 -0.0044235561533926115 0.00096805918129390606 -0.00015039183204064728 -0.003104332266586535 -0.0051071222081285322
leaf_weight=29.152634784579277 67.204326346516609 22.418779879808426 75.510623961687088 564.66046676039696 1376.5209149569273 45.516721531748772 23.740980714559555
leaf_count=111 179 63 231 1605 4248 147 84
internal_value=-1.88693e-06 -0.00333834 0.000191568 0.00148806 -0.000372611 -0.00013844 -0.00744823
internal_weight=2204.73 120.829 2083.9 631.865 1452.03 67.9355 52.8936
internal_count=6668 405 6263 1784 4479 210 195
is_linear=0
shrinkage=0.0103456


Tree=291
num_leaves=6
num_cat=0
split_feature=13 51 7 51 60
split_gain=8.15617 8.46756 8.25402 6.65028 6.47773
threshold=4.0858495607185183 54828.661000000007 0.0078373476951247873 51022.723000000005 313.68114750000024
decision_type=2 2 2 2 2
left_child=1 2 -1 -2 -3
right_child=3 4 -4 -5 -6
leaf_value=-0.00056810138709096551 0.013841560589130964 0.0024723357176074071 0.0011572872267588267 0.00036030354214001525 -0.0044129602423438876
leaf_weight=1623.8841753900051 8.2438327074050886 191.21018955111504 363.11937952041626 7.4610167592763892 15.836097463965414
leaf_count=4888 30 580 1104 22 44
internal_value=7.85156e-06 -4.53252e-05 -0.000252791 0.00743692 0.00194571
internal_weight=2209.75 2194.05 1987 15.7048 207.046
internal_count=6668 6616 5992 52 624
is_linear=0
shrinkage=0.0103456


Tree=292
num_leaves=8
num_cat=0
split_feature=13 13 7 1 10 52 56
split_gain=24.3401 13.9196 10.8342 9.02191 12.2759 7.33568 5.04558
threshold=0.59674034826330924 1.3752819022496729 0.0040891535934913801 0.00045274485655978717 0.005659148949516986 3.9820000000000008e-05 -439.34682549999985
decision_type=2 2 2 2 2 2 2
left_child=3 2 -2 4 -1 -5 -3
right_child=1 6 -4 5 -6 -7 -8
leaf_value=-0.00010789404155546539 0.00042676493701430333 -0.0074508436283805077 -0.0016348431338695237 -0.0033184115744529594 0.0034235278121279669 0.0057476278755430998 -0.0022351396034617863
leaf_weight=152.26674477756023 936.11677122116089 21.272496685385704 385.06396679580212 54.594420596957207 341.99805596470833 11.57846526801586 297.2463665753603
leaf_count=435 2813 72 1223 166 931 34 994
internal_value=-5.95845e-06 -0.000642131 -0.0001741 0.00185532 0.00233561 -0.0017321 -0.00258347
internal_weight=2200.14 1639.7 1321.18 560.438 494.265 66.1729 318.519
internal_count=6668 5102 4036 1566 1366 200 1066
is_linear=0
shrinkage=0.0103456


Tree=293
num_leaves=8
num_cat=0
split_feature=21 20 1 29 57 3 19
split_gain=13.2576 11.9098 14.7081 13.1646 8.53122 8.74677 7.50519
threshold=29.921341836059678 10.232273573236487 -2.3270132555518885e-05 0.0067045699615427843 301.7754514999998 0.0026982600742289542 0.0073221292847429629
decision_type=2 2 2 2 2 2 2
left_child=1 2 -1 -3 6 -6 -2
right_child=4 3 -4 -5 5 -7 -8
leaf_value=-0.0074221425064524378 0.0082250868698189507 0.00028126472371822292 -0.00013884685525035763 -0.002744363447869672 -0.0070860890255417912 0.0039684555983143591 -0.0021736804503089463
leaf_weight=52.700213894248009 44.862863466143608 1829.4739875644445 67.928780093789101 168.0578648597002 12.306273505091665 20.294886827468872 8.9028910994529706
leaf_count=195 113 5481 210 548 39 55 27
internal_value=-1.92361e-06 -0.000163928 -0.00332076 2.67103e-05 0.00397125 -0.00020441 0.00650319
internal_weight=2204.53 2118.16 120.629 1997.53 86.3669 32.6012 53.7658
internal_count=6668 6434 405 6029 234 94 140
is_linear=0
shrinkage=0.0103456


Tree=294
num_leaves=5
num_cat=0
split_feature=20 51 2 17
split_gain=8.11667 8.21345 8.79643 6.48203
threshold=7.8455147169272719 54828.661000000007 76.608783599083282 3.9224797152544382e-05
decision_type=2 2 2 2
left_child=-1 2 -2 -3
right_child=1 3 -4 -5
leaf_value=0.010542211215702847 -0.00034774804404251805 0.0032612963027303745 0.0038808703170362417 -0.00058745708540683102
leaf_weight=7.8009214252233496 1940.5281258970499 135.55750058591366 54.121598646044731 71.56196953356266
leaf_count=27 5846 417 171 207
internal_value=7.9276e-06 -2.93956e-05 -0.000233011 0.00193151
internal_weight=2209.57 2201.77 1994.65 207.119
internal_count=6668 6641 6017 624
is_linear=0
shrinkage=0.0103456


Tree=295
num_leaves=8
num_cat=0
split_feature=38 13 23 2 13 8 14
split_gain=24.0235 12.9995 10.5811 10.403 10.1634 8.80776 3.21887
threshold=0.6606860586696478 0.90256536826815692 -0.021428548596486571 55.943270789699753 0.65536903324338869 0.0026156600638601595 0.0028970086463658475
decision_type=2 2 2 2 2 2 2
left_child=2 5 6 -3 -4 -2 -1
right_child=1 3 4 -5 -6 -7 -8
leaf_value=-0.00073725357716558084 -1.0011003855805521e-05 -0.00089283232892467892 0.0029544729993765564 -0.0035582651500427587 0.00053267182596057519 0.007792155805815236 -0.0092538364215211128
leaf_weight=7.7611984759569195 726.70684093236923 453.53747121989727 351.15009808540344 239.47932535409927 393.0957248210907 15.823563188314436 12.242357134819029
leaf_count=23 2188 1448 948 793 1184 43 41
internal_value=-5.9985e-06 -0.000794846 0.00147575 -0.0018139 0.00167533 0.000156256 -0.00594948
internal_weight=2199.8 1435.55 764.249 693.017 744.246 742.53 20.0036
internal_count=6668 4472 2196 2241 2132 2231 64
is_linear=0
shrinkage=0.0103456


Tree=296
num_leaves=8
num_cat=0
split_feature=21 20 1 10 19 38 25
split_gain=13.0639 11.6406 14.5961 12.7284 8.56622 4.76453 3.53832
threshold=29.233308698724425 10.232273573236487 0.00013664593275728432 0.017488679176038888 0.0087114515769775042 0.57102037057022614 0.0011992717458966242
decision_type=2 2 2 2 2 2 2
left_child=1 2 -1 -3 5 -2 -6
right_child=4 3 -4 -5 6 -7 -8
leaf_value=-0.0052086272053066141 -0.0010235801473603265 0.00023399699792391135 0.0035043175842399254 -0.0030592465230815094 0.0029285471743393161 0.0059337692207035893 -0.0061991779451570925
leaf_weight=94.100106671452522 12.285187572240828 1843.5474897474051 26.338883027434349 134.79984149336815 7.3778226822614696 73.963793143630028 11.840712770819662
leaf_count=328 35 5534 77 443 21 192 38
internal_value=-1.96035e-06 -0.000180501 -0.00330319 9.60328e-06 0.00355098 0.00494277 -0.00269513
internal_weight=2204.25 2098.79 120.439 1978.35 105.468 86.249 19.2185
internal_count=6668 6382 405 5977 286 227 59
is_linear=0
shrinkage=0.0103456


Tree=297
num_leaves=5
num_cat=0
split_feature=27 3 29 46
split_gain=8.0677 10.1763 8.66314 2.65715
threshold=0.0071812076660537913 0.007443159997044568 0.0025016297286858395 8.5550000000000003e-06
decision_type=2 2 2 2
left_child=1 2 -1 -3
right_child=-2 3 -4 -5
leaf_value=-0.00034954650439199882 0.010758831805560099 -0.0093024327665985427 0.0011186022189554814 -0.0026399624155588617
leaf_weight=1585.4442092627287 7.4459134936332694 14.929756343364717 590.36219595372677 11.22373792529106
leaf_count=4759 26 40 1810 33
internal_value=8.05194e-06 -2.83018e-05 4.88067e-05 -0.00644324
internal_weight=2209.41 2201.96 2175.81 26.1535
internal_count=6668 6642 6569 73
is_linear=0
shrinkage=0.0103456


Tree=298
num_leaves=8
num_cat=0
split_feature=36 7 7 3 6 60 1
split_gain=23.7208 14.5754 11.4995 12.3189 10.9804 9.80485 7.19069
threshold=0.65556881127166389 0.0038059716505419732 -0.015315066187425784 0.0044876047200125306 0.0053042780929084552 117.09792700000014 -0.00032819810900807706
decision_type=2 2 2 2 2 2 2
left_child=2 4 6 -4 -2 -3 -1
right_child=1 5 3 -5 -6 -7 -8
leaf_value=0.0047072142409505099 -0.00028529950378522364 -0.0013733360343614249 0.0014756271922960369 0.0065612830998284322 0.0057893398383208521 -0.0048041919848260915 -0.004598211206591039
leaf_weight=10.910078048706053 991.95878350734711 316.15496480464935 619.85100086033344 55.547348439693451 32.905045002698898 124.1727020740509 47.95992623269558
leaf_count=30 3062 1023 1746 146 96 421 144
internal_value=-6.04071e-06 -0.000766619 0.00151165 0.00189389 -9.02626e-05 -0.00234084 -0.00287368
internal_weight=2199.46 1465.19 734.268 675.398 1024.86 440.328 58.87
internal_count=6668 4602 2066 1892 3158 1444 174
is_linear=0
shrinkage=0.0103456


Tree=299
num_leaves=8
num_cat=0
split_feature=20 1 10 23 6 46 62
split_gain=12.7948 14.5321 13.8838 24.3147 11.4346 7.01348 2.21451
threshold=10.232273573236487 -2.3270132555518885e-05 0.00524494014626967 -0.0092045581397817138 -0.0039357044143526468 2.9515000000000001e-05 0.00018901968839790675
decision_type=2 2 2 2 2 2 2
left_child=1 6 3 -2 -4 -3 -1
right_child=2 5 4 -5 -6 -7 -8
leaf_value=-0.0092999830268784018 -0.0047564527431962151 0.0032171869950581755 0.0018242966351722232 0.0024384966257387504 -0.00066678792587880555 -0.0034346972015463846 -0.0050233198547990797
leaf_weight=28.832965135574341 56.413917660713196 33.776535347104073 231.43684722483158 461.7599096596241 1334.1325363814831 34.08561098575592 23.539246886968613
leaf_count=111 176 98 693 1283 4111 112 84
internal_value=-2.04346e-06 -0.00328358 0.000187305 0.00165518 -0.000298533 -0.000123903 -0.00737779
internal_weight=2203.98 120.234 2083.74 518.174 1565.57 67.8621 52.3722
internal_count=6668 405 6263 1459 4804 210 195
is_linear=0
shrinkage=0.0103456


Tree=300
num_leaves=6
num_cat=0
split_feature=13 51 7 51 46
split_gain=8.00487 8.19903 8.08368 6.51367 6.44626
threshold=4.0858495607185183 54828.661000000007 0.0078373476951247873 51022.723000000005 -2.5029999999999996e-05
decision_type=2 2 2 2 2
left_child=1 2 -1 -2 -3
right_child=3 4 -4 -5 -6
leaf_value=-0.00056122137170430447 0.013682572870235834 -0.0017152491786643579 0.0011461204066784848 0.0003522100985484006 0.0028311202056368369
leaf_weight=1623.101060718298 8.2728421837091428 41.820738613605499 363.23674483597279 7.4622705429792395 165.39789535105228
leaf_count=4888 30 118 1104 22 506
internal_value=8.03173e-06 -4.47117e-05 -0.000249004 0.00736074 0.00191357
internal_weight=2209.29 2193.56 1986.34 15.7351 207.219
internal_count=6668 6616 5992 52 624
is_linear=0
shrinkage=0.0103456


Tree=301
num_leaves=8
num_cat=0
split_feature=37 13 30 6 7 28 64
split_gain=23.6887 13.3141 13.6422 11.4459 19.0786 14.8937 6.82595
threshold=0.67622085396660425 0.85651756045005145 0.0030522938850640158 0.0014547425484106038 -0.00049356045600129617 55.785773227995136 -306.03998549999966
decision_type=2 2 2 2 2 2 2
left_child=3 6 -3 4 -1 -5 -2
right_child=1 2 -4 5 -6 -7 -8
leaf_value=0.002063554333959629 0.0055391312893562882 -0.0022145058482605103 0.002228598308227049 0.0047589293849441775 -0.0019058211073259708 -0.0010025545750796856 7.4401490191725421e-05
leaf_weight=347.29323419928551 25.498871237039566 684.65668113529682 82.923302292823792 183.78258723020554 206.76399752497673 65.010244101285934 603.21905519068241
leaf_count=984 73 2231 249 506 613 197 1815
internal_value=-6.00969e-06 -0.000820206 -0.00173451 0.00141002 0.000582256 0.00325344 0.000296034
internal_weight=2199.15 1396.3 767.58 802.85 554.057 248.793 628.718
internal_count=6668 4368 2480 2300 1597 703 1888
is_linear=0
shrinkage=0.0103456


Tree=302
num_leaves=8
num_cat=0
split_feature=21 20 1 29 57 3 19
split_gain=12.8534 11.458 14.4046 12.8277 8.34669 8.64253 7.30617
threshold=29.921341836059678 10.232273573236487 -2.3270132555518885e-05 0.0067045699615427843 301.7754514999998 0.0026982600742289542 0.0073221292847429629
decision_type=2 2 2 2 2 2 2
left_child=1 2 -1 -3 6 -6 -2
right_child=4 3 -4 -5 5 -7 -8
leaf_value=-0.0073527322352253018 0.0081088955604107938 0.0002758877372709666 -0.00012317599372430697 -0.0027139996746103471 -0.0070680908864775719 0.0039221148790764193 -0.0021544991618032841
leaf_weight=52.183918371796608 44.90781857073307 1829.6480592042208 67.853005200624466 167.66102696955204 12.292913034558294 20.314354747533798 8.8939992934465391
leaf_count=195 113 5481 210 548 39 55 27
internal_value=-2.05479e-06 -0.000161668 -0.0032661 2.49063e-05 0.00390906 -0.000221184 0.00641225
internal_weight=2203.76 2117.35 120.037 1997.31 86.4091 32.6073 53.8018
internal_count=6668 6434 405 6029 234 94 140
is_linear=0
shrinkage=0.0103456


Tree=303
num_leaves=7
num_cat=0
split_feature=3 29 30 14 46 54
split_gain=7.94177 8.80322 11.845 9.34383 4.57982 0.0572168
threshold=0.007443159997044568 0.0025016297286858395 0.0012319790905203178 0.001107733836289982 8.5550000000000003e-06 0.0011006244212756757
decision_type=2 2 2 2 2 2
left_child=1 3 -3 -1 5 -2
right_child=4 2 -4 -5 -6 -7
leaf_value=-0.0018670430875458613 -0.0099001100883721292 0.0040030807820165054 0.00040356438612259936 8.4070035708893429e-05 -0.00080085995789002751 -0.0086314071989762823
leaf_weight=332.24202647805214 8.0225131213665026 123.53782698512077 470.58381694555283 1255.2652626633644 12.228863433003424 7.2366808056831351
leaf_count=995 21 399 1423 3773 37 20
internal_value=8.14021e-06 7.77689e-05 0.00115202 -0.000324269 -0.00551804 -0.00929843
internal_weight=2209.12 2181.63 594.122 1587.51 27.4881 15.2592
internal_count=6668 6590 1822 4768 78 41
is_linear=0
shrinkage=0.0103456


Tree=304
num_leaves=7
num_cat=0
split_feature=38 10 43 23 7 37
split_gain=23.4008 12.0699 13.1851 10.0189 9.95646 8.44249
threshold=0.67270114475410747 0.025551849775305158 -6.7114233444903146e-05 -0.023895847382645271 -0.00024732531436993938 0.75863323219895362
decision_type=2 2 2 2 2 2
left_child=3 2 -2 -1 -5 -3
right_child=1 5 -4 4 -6 -7
leaf_value=-0.008057051410996054 0.00013787841763592172 -0.0012364598873087528 -0.0019030062794305955 0.0026504004619458689 0.00032105314364521445 0.0092410054572480051
leaf_weight=11.798750102519987 626.2734245210886 13.384832128882406 738.15231330692768 414.8043017834425 373.02779860794544 21.378953129053116
leaf_count=37 1923 37 2356 1176 1087 52
internal_value=-6.02576e-06 -0.00081286 -0.000966237 0.00140577 0.00154749 0.00520695
internal_weight=2198.82 1399.19 1364.43 799.631 787.832 34.7638
internal_count=6668 4368 4279 2300 2263 89
is_linear=0
shrinkage=0.0103456


Tree=305
num_leaves=8
num_cat=0
split_feature=21 20 1 10 19 49 25
split_gain=12.6716 11.1997 14.3036 12.4356 8.3484 4.89934 3.49426
threshold=29.233308698724425 10.232273573236487 0.00013664593275728432 0.017488679176038888 0.0087114515769775042 -1.5139999999999999e-05 0.0011992717458966242
decision_type=2 2 2 2 2 2 2
left_child=1 2 -1 -3 5 -2 -6
right_child=4 3 -4 -5 6 -7 -8
leaf_value=-0.0051468298989332615 0.0095826802101713973 0.00022950098411338681 0.0034819307019375162 -0.003029393769753756 0.0029099124585900056 0.0035798984498964384 -0.006163413123388444
leaf_weight=93.488832980394363 18.531694665551186 1843.653633788228 26.359429612755775 134.46614868938923 7.3810573667287853 67.779667273163795 11.814718082547186
leaf_count=328 47 5534 77 443 21 180 38
internal_value=-2.14803e-06 -0.000178087 -0.00324902 7.97192e-06 0.00349632 0.00486874 -0.00267459
internal_weight=2203.48 2097.97 119.848 1978.12 105.507 86.3114 19.1958
internal_count=6668 6382 405 5977 286 227 59
is_linear=0
shrinkage=0.0103456


Tree=306
num_leaves=5
num_cat=0
split_feature=27 43 51 13
split_gain=7.93498 9.17715 9.42578 2.24699
threshold=0.0071812076660537913 0.0011244386500148292 54828.661000000007 0.59215396646398022
decision_type=2 2 2 2
left_child=1 2 -1 -3
right_child=-2 3 -4 -5
leaf_value=-0.0001469704346093666 0.010655023523632142 -0.0011958612219555014 0.0022497897471257708 -0.0062788396156748874
leaf_weight=1964.9261361509562 7.4671218544244757 13.431473493576048 192.86118316650391 30.324106693267822
leaf_count=5936 26 40 583 83
internal_value=8.24398e-06 -2.78674e-05 6.72499e-05 -0.00471854
internal_weight=2209.01 2201.54 2157.79 43.7556
internal_count=6668 6642 6519 123
is_linear=0
shrinkage=0.0103456


Tree=307
num_leaves=8
num_cat=0
split_feature=37 28 3 43 46 29 7
split_gain=23.2259 11.9796 14.9252 11.4196 13.783 10.2339 9.36503
threshold=0.67622085396660425 55.785773227995136 0.0051467290520659809 -0.0001508581761822585 2.2060000000000006e-05 0.010665376682060248 0.000165448069931351
decision_type=2 2 2 2 2 2 2
left_child=3 5 -3 6 -5 -2 -1
right_child=1 2 -4 4 -6 -7 -8
leaf_value=0.0050862681772275223 -0.00061207434737391359 -0.0044889685795461822 0.0073469998570022069 -0.0009700019831165791 0.0024053437163618087 0.0059777642801142339 0.0012749721531209446
leaf_weight=132.26185677945614 1215.7535215616226 141.51915349066257 12.402605235576628 297.02177578210831 229.56368240714073 25.758020237088203 144.27885688841343
leaf_count=365 3769 492 34 865 652 73 418
internal_value=-6.1725e-06 -0.000812872 -0.00353526 0.00139547 0.000501472 -0.000475353 0.00309781
internal_weight=2198.56 1395.43 153.922 803.126 526.585 1241.51 276.541
internal_count=6668 4368 526 2300 1517 3842 783
is_linear=0
shrinkage=0.0103456


Tree=308
num_leaves=8
num_cat=0
split_feature=13 23 30 29 7 10 54
split_gain=12.4794 15.3807 14.2537 19.997 15.2185 10.9098 4.75913
threshold=0.72175853474568974 -0.022067869655723379 0.00066958292878394076 -0.00078277621671757325 0.0027913063254697561 0.017174366978276765 7.1026140120999961e-05
decision_type=2 2 2 2 2 2 2
left_child=1 6 3 -2 -4 -3 -1
right_child=2 5 4 -5 -6 -7 -8
leaf_value=0.003066130237426795 -0.0032487401761667695 -0.00086338352779874938 -0.0006015411947709416 0.00635077930863977 0.0017547028041962679 -0.0052660771274814699 0.013841057315184924
leaf_weight=8.5971879810094851 30.983156979084015 736.33501669764519 794.9983886629343 92.772474274039268 464.99247668683529 65.608574420213699 8.9601694792509061
leaf_count=25 95 2265 2424 243 1372 221 23
internal_value=-2.10617e-06 -0.00101386 0.00059709 0.00394747 0.000268017 -0.00122358 0.00856497
internal_weight=2203.25 819.501 1383.75 123.756 1259.99 801.944 17.5574
internal_count=6668 2534 4134 338 3796 2486 48
is_linear=0
shrinkage=0.0103456


Tree=309
num_leaves=5
num_cat=0
split_feature=20 13 51 51
split_gain=7.89255 7.94746 8.29928 6.37571
threshold=7.8455147169272719 4.0858495607185183 54828.661000000007 51022.723000000005
decision_type=2 2 2 2
left_child=-1 2 -2 -3
right_child=1 3 -4 -5
leaf_value=0.01037372817618464 -0.00028764592786695769 0.013529525520112188 0.0018879207458303109 0.00035131962804617079
leaf_weight=7.8348113447427741 1977.9371228665113 8.3009976595640165 207.35107642412186 7.4614568054676047
leaf_count=27 5965 30 624 22
internal_value=8.4762e-06 -2.84197e-05 -8.12173e-05 0.00729137
internal_weight=2208.89 2201.05 2185.29 15.7625
internal_count=6668 6641 6589 52
is_linear=0
shrinkage=0.0103456


Tree=310
num_leaves=8
num_cat=0
split_feature=13 13 7 23 7 56 35
split_gain=23.0066 13.317 10.3867 8.72277 10.9407 5.041 4.62128
threshold=0.59674034826330924 1.3752819022496729 0.0040891535934913801 -0.018957692230913311 -0.00066500373378919331 -439.34682549999985 -0.00036514580079932685
decision_type=2 2 2 2 2 2 2
left_child=3 2 -2 6 -5 -3 -1
right_child=1 5 -4 4 -6 -7 -8
leaf_value=-0.0092267402598468981 0.00041922011144827968 -0.00740732592682046 -0.001601206739727186 0.0035361850689774343 0.00058267631293706251 -0.0021808677205723305 -0.00011797396790069803
leaf_weight=11.020876720547678 936.05594375729561 21.164975956082344 384.07857848703861 271.24393483996391 265.77503879368305 295.91173739731312 12.986087948083876
leaf_count=32 2813 72 1223 749 748 994 37
internal_value=-6.31651e-06 -0.000625879 -0.000168601 0.00180172 0.00207447 -0.00252974 -0.00429954
internal_weight=2198.24 1637.21 1320.13 561.026 537.019 317.077 24.007
internal_count=6668 5102 4036 1566 1497 1066 69
is_linear=0
shrinkage=0.0103456


Tree=311
num_leaves=8
num_cat=0
split_feature=21 20 1 29 57 3 19
split_gain=12.3739 11.1761 14.2049 12.5119 8.16444 8.52981 7.12427
threshold=29.921341836059678 10.232273573236487 -2.3270132555518885e-05 0.0067045699615427843 301.7754514999998 0.0026982600742289542 0.0073221292847429629
decision_type=2 2 2 2 2 2 2
left_child=1 2 -1 -3 6 -6 -2
right_child=4 3 -4 -5 5 -7 -8
leaf_value=-0.007307191968078215 0.0079819390813433682 0.00027268466504825858 -0.0001131906754696353 -0.002683531193522071 -0.0070568954774469193 0.0038605327942267268 -0.0021527969040980254
leaf_weight=51.838322684168816 44.954187616705894 1829.636347681284 67.800005778670311 167.24511758983135 12.285141855478285 20.344259917736053 8.8923687040805799
leaf_count=195 113 5481 210 548 39 55 27
internal_value=-2.196e-06 -0.000158922 -0.00323029 2.50923e-05 0.0038337 -0.000249937 0.00630826
internal_weight=2203 2116.52 119.638 1996.88 86.476 32.6294 53.8466
internal_count=6668 6434 405 6029 234 94 140
is_linear=0
shrinkage=0.0103456


Tree=312
num_leaves=7
num_cat=0
split_feature=3 7 8 29 49 51
split_gain=7.82911 8.75167 18.3895 8.62108 4.32692 0.0603069
threshold=0.007443159997044568 -0.023054609778890452 0.0006980247404185792 0.0025016297286858395 8.2850000000000011e-06 48580.304500000006
decision_type=2 2 2 2 2 2
left_child=1 2 -1 -3 5 -2
right_child=4 3 -4 -5 -6 -7
leaf_value=0.0012437514343516692 -0.0085906021893657116 -0.00045016322538973011 0.014896337822308522 0.0010391641105894083 -0.0010176080636512591 -0.0099098985403864529
leaf_weight=62.865404590964317 7.2219896316528338 1535.1237504482269 12.691633746027945 570.63959909975529 12.56006199121475 7.62276890873909
leaf_count=190 20 4605 47 1748 38 20
internal_value=8.51913e-06 7.75584e-05 0.00353703 -4.65713e-05 -0.00548675 -0.00926806
internal_weight=2208.73 2181.32 75.557 2105.76 27.4048 14.8448
internal_count=6668 6590 237 6353 78 40
is_linear=0
shrinkage=0.0103456


Tree=313
num_leaves=8
num_cat=0
split_feature=37 13 30 6 7 28 29
split_gain=22.7388 12.8586 13.2697 11.3464 18.5336 14.5372 6.85363
threshold=0.67622085396660425 0.85651756045005145 0.0030522938850640158 0.0014547425484106038 -0.00049356045600129617 55.785773227995136 -0.011782231417252818
decision_type=2 2 2 2 2 2 2
left_child=3 6 -3 4 -1 -5 -2
right_child=1 2 -4 5 -6 -7 -8
leaf_value=0.0020141651706773967 0.010104293445842051 -0.0021797991759609299 0.0022016252168904201 0.0046998662872782329 -0.0018978577421657958 -0.00099348515365862066 0.00017254009424410186
leaf_weight=347.7889254540205 7.5268678963184348 682.87978474795818 82.975134059786797 184.02651067078114 206.6295972764492 64.941696688532829 621.15940701961517
leaf_count=984 21 2231 249 506 613 197 1867
internal_value=-6.3241e-06 -0.000805019 -0.0017051 0.00138007 0.00055617 0.00321479 0.000291447
internal_weight=2197.93 1394.54 765.855 803.387 554.419 248.968 628.686
internal_count=6668 4368 2480 2300 1597 703 1888
is_linear=0
shrinkage=0.0103456


Tree=314
num_leaves=8
num_cat=0
split_feature=21 20 1 29 19 12 46
split_gain=12.1792 11.0157 14.086 12.3399 8.05092 5.49756 5.37936
threshold=29.921341836059678 10.232273573236487 -2.3270132555518885e-05 0.0067045699615427843 0.0040149562044663476 0.0029006145660247381 3.0475000000000006e-05
decision_type=2 2 2 2 2 2 2
left_child=1 2 -1 -3 6 -6 -2
right_child=4 3 -4 -5 5 -7 -8
leaf_value=-0.0072807439923676838 0.01017835275497537 0.00027051415942182553 -0.00010862244404123749 -0.0026669095243309158 -0.00041721737243471995 0.0091320882834567095 0.0017896388558609549
leaf_weight=51.638697117567062 25.037852913141251 1829.76399718225 67.780303105711937 167.04583495855331 41.668548226356506 7.6350231915712348 12.15338948369026
leaf_count=195 59 5481 210 548 121 21 33
internal_value=-2.23202e-06 -0.000157757 -0.00320996 2.478e-05 0.00380292 0.00106156 0.00743708
internal_weight=2202.72 2116.23 119.419 1996.81 86.4948 49.3036 37.1912
internal_count=6668 6434 405 6029 234 142 92
is_linear=0
shrinkage=0.0103456


Tree=315
num_leaves=5
num_cat=0
split_feature=27 3 2 10
split_gain=7.78623 9.80549 8.47701 2.74985
threshold=0.0071812076660537913 0.007443159997044568 76.608783599083282 0.030630780050583509
decision_type=2 2 2 2
left_child=1 2 -1 -3
right_child=-2 3 -4 -5
leaf_value=-5.7232744980540199e-05 0.010538406484205618 -0.0018599776374716294 0.0040055568086740179 -0.0088798044446522315
leaf_weight=2118.7582878023386 7.4907848089933387 9.3326693028211611 56.431806325912476 16.58980318903923
leaf_count=6391 26 28 178 45
internal_value=8.62383e-06 -2.72109e-05 4.81698e-05 -0.00635251
internal_weight=2208.6 2201.11 2175.19 25.9225
internal_count=6668 6642 6569 73
is_linear=0
shrinkage=0.0103456


Tree=316
num_leaves=8
num_cat=0
split_feature=13 13 7 6 7 28 56
split_gain=22.4516 13.0153 10.2309 8.62179 16.9766 10.9068 5.00831
threshold=0.59674034826330924 1.3752819022496729 0.0040891535934913801 0.0021902130809926539 -0.00049356045600129617 55.785773227995136 -439.34682549999985
decision_type=2 2 2 2 2 2 2
left_child=3 2 -2 4 -1 -5 -3
right_child=1 6 -4 5 -6 -7 -8
leaf_value=0.0026888487752798743 0.00041612962478136689 -0.0073745441692471807 -0.0015896651997688736 0.0057492032013860914 -0.0015445664878305948 -0.0012176173463040848 -0.0021555594442653541
leaf_weight=264.58990451693535 936.08292399346828 21.085534140467644 383.761917963624 100.79980406165123 164.37294933199883 31.588731974363327 295.32221373915672
leaf_count=732 2813 72 1223 273 468 93 994
internal_value=-6.3656e-06 -0.000618854 -0.000167081 0.00177894 0.00106666 0.00408688 -0.00250335
internal_weight=2197.6 1636.25 1319.84 561.351 428.963 132.389 316.408
internal_count=6668 5102 4036 1566 1200 366 1066
is_linear=0
shrinkage=0.0103456


Tree=317
num_leaves=8
num_cat=0
split_feature=13 23 30 29 7 10 54
split_gain=12.0224 15.1176 13.941 19.5931 14.8321 10.7556 4.66012
threshold=0.72175853474568974 -0.022067869655723379 0.00066958292878394076 -0.00078277621671757325 0.0027913063254697561 0.017174366978276765 7.1026140120999961e-05
decision_type=2 2 2 2 2 2 2
left_child=1 6 3 -2 -4 -3 -1
right_child=2 5 4 -5 -6 -7 -8
leaf_value=0.0030458020639838783 -0.0032314806910187345 -0.00084729378740807521 -0.00059894483646013717 0.0062725454586728853 0.0017266980528095816 -0.0052269519969083671 0.013696309450390239
leaf_weight=8.6034760922193545 30.951638385653496 735.53127782046795 794.72299867868423 92.904631435871124 465.40094199776649 65.348416596651077 8.9937737435102445
leaf_count=25 95 2265 2424 243 1372 221 23
internal_value=-2.29633e-06 -0.000996238 0.000585515 0.00389749 0.000259984 -0.00120466 0.00848917
internal_weight=2202.46 818.477 1383.98 123.856 1260.12 800.88 17.5972
internal_count=6668 2534 4134 338 3796 2486 48
is_linear=0
shrinkage=0.0103456


Tree=318
num_leaves=5
num_cat=0
split_feature=20 13 51 51
split_gain=7.73337 7.77884 8.14413 6.25514
threshold=7.8455147169272719 4.0858495607185183 54828.661000000007 51022.723000000005
decision_type=2 2 2 2
left_child=-1 2 -2 -3
right_child=1 3 -4 -5
leaf_value=0.010253238044648262 -0.00028463899068710839 0.013370818836632025 0.0018700734648599846 0.0003301314901577114
leaf_weight=7.8588891178369513 1977.4044910222292 8.3285391032695753 207.44679461419582 7.46600617468357
leaf_count=27 5965 30 624 22
internal_value=8.82839e-06 -2.77562e-05 -8.00538e-05 0.00720655
internal_weight=2208.5 2200.65 2184.85 15.7945
internal_count=6668 6641 6589 52
is_linear=0
shrinkage=0.0103456


Tree=319
num_leaves=7
num_cat=0
split_feature=38 10 43 23 7 37
split_gain=22.4977 11.5234 12.9153 9.8133 9.4266 8.32687
threshold=0.67270114475410747 0.025551849775305158 -6.7114233444903146e-05 -0.023895847382645271 -0.00024732531436993938 0.75863323219895362
decision_type=2 2 2 2 2 2
left_child=3 2 -2 -1 -5 -3
right_child=1 5 -4 4 -6 -7
leaf_value=-0.008011133915463025 0.00014389565445897741 -0.0013168179721925819 -0.001877356104002297 0.0025884883708152109 0.0003224059933602427 0.0090760505469594816
leaf_weight=11.742253288626669 625.82195197045803 13.415185585618017 736.62733232975006 415.46711578965187 372.76581288874149 21.436328142881393
leaf_count=37 1923 37 2356 1176 1087 52
internal_value=-6.56356e-06 -0.000798659 -0.000948922 0.00137697 0.00151683 0.00507559
internal_weight=2197.28 1397.3 1362.45 799.975 788.233 34.8515
internal_count=6668 4368 4279 2300 2263 89
is_linear=0
shrinkage=0.0103456


Tree=320
num_leaves=8
num_cat=0
split_feature=20 1 10 23 6 8 12
split_gain=11.9841 14.015 13.1886 23.7721 11.1885 10.568 10.4738
threshold=10.232273573236487 0.00013664593275728432 0.00524494014626967 -0.0092045581397817138 -0.0039357044143526468 0.00047671477328836703 0.00067464252570347851
decision_type=2 2 2 2 2 2 2
left_child=1 6 3 -2 -4 -3 -1
right_child=2 5 4 -5 -6 -7 -8
leaf_value=-0.00016818151429652162 -0.004735479177981638 0.0081361404909411905 0.0018053786617055125 0.0023830220374808516 -0.00065842565298279926 -0.005712523779183268 -0.0075400352447278374
leaf_weight=30.939261168241501 56.32915073633194 17.475320726633075 231.548369795084 462.33906911313534 1332.7854118198156 8.9023425728082639 61.897598192095757
leaf_count=102 176 50 693 1283 4111 27 226
internal_value=-2.30477e-06 -0.00319245 0.000180274 0.00160993 -0.00029374 0.00346228 -0.00508326
internal_weight=2202.22 119.215 2083 518.668 1564.33 26.3777 92.8369
internal_count=6668 405 6263 1459 4804 77 328
is_linear=0
shrinkage=0.0103456


Tree=321
num_leaves=5
num_cat=0
split_feature=27 3 2 10
split_gain=7.65595 9.66054 8.34019 2.72224
threshold=0.0071812076660537913 0.007443159997044568 76.608783599083282 0.030630780050583509
decision_type=2 2 2 2
left_child=1 2 -1 -3
right_child=-2 3 -4 -5
leaf_value=-5.669091526621588e-05 0.010435455605641452 -0.0018481787704224743 0.0039710269196723243 -0.008840893401615502
leaf_weight=2118.5220250040293 7.5118179619312277 9.3251707106828707 56.493890166282654 16.505386084318161
leaf_count=6391 26 28 178 45
internal_value=8.81655e-06 -2.67711e-05 4.79251e-05 -0.00631643
internal_weight=2208.36 2200.85 2175.02 25.8306
internal_count=6668 6642 6569 73
is_linear=0
shrinkage=0.0103456


Tree=322
num_leaves=8
num_cat=0
split_feature=36 40 49 30 28 49 29
split_gain=22.2457 13.3274 14.4131 11.7098 10.6009 8.41816 8.13443
threshold=0.67475389361081217 -0.00013237950013021804 1.2715000000000001e-05 0.0029866902309356974 52.93892619896252 3.2700000000000009e-05 0.010218158721823968
decision_type=2 2 2 2 2 2 2
left_child=1 5 -3 4 -2 -1 -5
right_child=3 2 -4 6 -6 -7 -8
leaf_value=0.0045207019883028608 -0.00055295192292479799 -0.0015519470705700827 0.0019902232269683536 0.00061375446542315617 -0.0027051050227767412 0.0008875711965181637 0.0062099987533843779
leaf_weight=180.74875131249428 896.41206347942352 228.1698215007782 266.62394607067108 143.83544100821018 337.08616876602173 109.68246035277843 34.460698783397675
leaf_count=488 2806 671 748 429 1112 315 99
internal_value=-6.48597e-06 0.00138941 0.000356782 -0.000782866 -0.00114108 0.00314864 0.00169538
internal_weight=2197.02 785.225 494.794 1411.79 1233.5 290.431 178.296
internal_count=6668 2222 1419 4446 3918 803 528
is_linear=0
shrinkage=0.0103456


Tree=323
num_leaves=8
num_cat=0
split_feature=21 20 1 10 19 49 25
split_gain=11.9038 10.6132 13.8901 11.905 8.11354 4.81262 3.42961
threshold=29.233308698724425 10.232273573236487 -2.3270132555518885e-05 0.017488679176038888 0.0087114515769775042 -1.5139999999999999e-05 0.0011992717458966242
decision_type=2 2 2 2 2 2 2
left_child=1 2 -1 -3 5 -2 -6
right_child=4 3 -4 -5 6 -7 -8
leaf_value=-0.007235222239628576 0.0094044377695693855 0.00022373756846870115 -9.7723363445105269e-05 -0.0029723980370911676 0.0028274656705555416 0.0034609817073713934 -0.0061558267332939088
leaf_weight=51.285131990909576 18.576273664832115 1843.5918731540442 67.714692577719688 133.78906409442425 7.3990972787141827 67.8175950050354 11.807616174221037
leaf_count=195 47 5534 210 443 21 180 38
internal_value=-2.37073e-06 -0.000173094 -0.00317376 7.48789e-06 0.00338682 0.00473893 -0.00269515
internal_weight=2201.98 2096.38 119 1977.38 105.601 86.3939 19.2067
internal_count=6668 6382 405 5977 286 227 59
is_linear=0
shrinkage=0.0103456


Tree=324
num_leaves=8
num_cat=0
split_feature=14 50 18 8 52 7 65
split_gain=7.58577 10.9115 10.7906 8.88534 10.3274 10.2659 7.90679
threshold=0.0012095762763855774 48.500000000000007 -0.0024884279076721745 -0.00095895873930340592 4.0585000000000005e-05 0.026665112101491254 -31.460850500000145
decision_type=2 2 2 2 2 2 2
left_child=1 2 -1 4 -2 -5 -3
right_child=3 6 -4 5 -6 -7 -8
leaf_value=0.0077024201682843914 -0.0023579106032388972 -0.0021134291948791887 -0.0019505992154925159 0.00058260116592558846 0.0021574954048236851 0.010643016633414701 0.0073878081152524457
leaf_weight=12.780722782015799 230.25966547429562 14.678995504975317 410.27116659283638 1432.4631924927235 70.909287691116333 10.939166352152823 25.942806765437126
leaf_count=44 665 44 1226 4342 219 38 90
internal_value=8.98476e-06 -0.00116719 -0.00165897 0.000321589 -0.00129477 0.000658846 0.00395446
internal_weight=2208.25 463.674 423.052 1744.57 301.169 1443.4 40.6218
internal_count=6668 1404 1270 5264 884 4380 134
is_linear=0
shrinkage=0.0103456


Tree=325
num_leaves=7
num_cat=0
split_feature=38 3 28 45 23 7
split_gain=22.066 11.7444 12.7373 10.2421 9.70409 9.26975
threshold=0.67270114475410747 0.0045622370455886676 55.56513403152784 50715.913500000002 -0.023895847382645271 -0.00024732531436993938
decision_type=2 2 2 2 2 2
left_child=4 2 -2 -3 -1 -6
right_child=1 3 -4 -5 5 -7
leaf_value=-0.007985088051226984 -0.00074578637233431433 -0.00050749805597085013 -0.0040235936823292962 0.0048814409599478433 0.0025641877857700804 0.0003173728369615759
leaf_weight=11.711259871721266 1100.5307892262936 83.865075841546059 143.4262080937624 68.646840751171112 415.74326699972153 372.75431880354881
leaf_count=37 3425 247 497 199 1176 1087
internal_value=-6.59407e-06 -0.000791507 -0.00112371 0.00191811 0.00136318 0.00150203
internal_weight=2196.68 1396.47 1243.96 152.512 800.209 788.498
internal_count=6668 4368 3922 446 2300 2263
is_linear=0
shrinkage=0.0103456


Tree=326
num_leaves=8
num_cat=0
split_feature=21 29 6 20 57 3 19
split_gain=11.7223 10.6667 12.1501 11.8035 7.88169 8.40633 6.91344
threshold=29.921341836059678 0.0059879661690827044 -0.0049086751574775036 10.232273573236487 301.7754514999998 0.0026982600742289542 0.0073221292847429629
decision_type=2 2 2 2 2 2 2
left_child=1 3 -3 -1 6 -6 -2
right_child=4 2 -4 -5 5 -7 -8
leaf_value=-0.0031137196950657858 0.0078076508639948351 0.01150532588399319 -0.0028525163941311507 0.00029242023828697429 -0.0070456126344768414 0.0037929733996942489 -0.002172854394394047
leaf_weight=115.92998132109642 44.992832362651825 6.5152050107717505 198.67208369076252 1794.0590255111456 12.273223116993902 20.372345611453056 8.8975691348314268
leaf_count=394 113 17 655 5368 39 55 27
internal_value=-2.43244e-06 -0.000155122 -0.00239662 8.56789e-05 0.00372972 -0.000281833 0.00615982
internal_weight=2201.71 2115.18 205.187 1909.99 86.536 32.6456 53.8904
internal_count=6668 6434 672 5762 234 94 140
is_linear=0
shrinkage=0.0103456


Tree=327
num_leaves=6
num_cat=0
split_feature=13 51 37 22 51
split_gain=7.56558 7.76333 7.38819 6.44949 6.12528
threshold=4.0858495607185183 54828.661000000007 0.63231061996470472 24.592616113879902 51022.723000000005
decision_type=2 2 2 2 2
left_child=1 2 -1 -3 -2
right_child=4 3 -4 -5 -6
leaf_value=-0.0012289702842099093 0.013223306867961413 0.001029548305222165 0.00016202670394592798 0.005859428964478431 0.00032792016105543439
leaf_weight=575.64564996957779 8.3543709516525251 171.72600674629211 1409.1881341636181 35.752242118120193 7.4655491411685935
leaf_count=1759 30 510 4233 114 22
internal_value=9.09509e-06 -4.23468e-05 -0.000241393 0.00186182 0.00713787
internal_weight=2208.13 2192.31 1984.83 207.478 15.8199
internal_count=6668 6616 5992 624 52
is_linear=0
shrinkage=0.0103456


Tree=328
num_leaves=8
num_cat=0
split_feature=37 13 30 43 46 50 7
split_gain=21.8868 12.3449 12.7927 11.0551 13.3922 8.90774 6.73942
threshold=0.67622085396660425 0.85651756045005145 0.0030522938850640158 -0.0001508581761822585 2.2060000000000006e-05 11.500000000000002 0.019745261134706874
decision_type=2 2 2 2 2 2 2
left_child=3 6 -3 5 -5 -1 -2
right_child=1 2 -4 4 -6 -7 -8
leaf_value=-0.00088739223435094249 0.00045502003056274503 -0.0021423418302714968 0.002157944507437923 -0.00097837796106779902 0.0023479862628131582 0.0039057422434951661 -0.0063707083581805556
leaf_weight=50.826704755425453 612.81889070570469 680.9275054037571 83.076211452484131 296.90329414606094 229.82463699579239 226.14161719381809 15.88370059430599
leaf_count=149 1833 2231 249 865 652 634 55
internal_value=-6.62997e-06 -0.000791158 -0.00167474 0.00135286 0.000472998 0.00302615 0.000282573
internal_weight=2196.4 1392.71 764.004 803.696 526.728 276.968 628.703
internal_count=6668 4368 2480 2300 1517 783 1888
is_linear=0
shrinkage=0.0103456


Tree=329
num_leaves=8
num_cat=0
split_feature=13 46 47 52 48 21 23
split_gain=11.6202 12.5866 20.7557 14.6105 11.4936 9.43102 4.98034
threshold=0.76002061418300804 2.2940000000000004e-05 13.500000000000002 9.5330000000000011e-05 56176.848500000007 26.538971040604846 -0.018492973073630955
decision_type=2 2 2 2 2 2 2
left_child=1 2 -1 -3 5 -2 -6
right_child=4 3 -4 -5 6 -7 -8
leaf_value=0.0037876465957770726 0.00047217669895272663 -0.0028904465688225538 -0.0010131766954365644 0.0047866940118253872 0.0029978138957320794 0.0030204050452244907 -0.0049288021814642676
leaf_weight=126.9275730997324 1043.0354268550873 356.18934361636639 400.5944851487875 28.668116435408592 10.090819537639616 182.6779565513134 53.277236387133598
leaf_count=378 3114 1134 1228 80 35 513 186
internal_value=-2.50792e-06 -0.00089594 0.000141954 -0.00231857 0.000629841 0.00085196 -0.00366656
internal_weight=2201.46 912.38 527.522 384.857 1289.08 1225.71 63.3681
internal_count=6668 2820 1606 1214 3848 3627 221
is_linear=0
shrinkage=0.0103456


Tree=330
num_leaves=4
num_cat=0
split_feature=20 27 3
split_gain=7.5463 7.58618 9.42062
threshold=7.8455147169272719 0.0071812076660537913 0.007443159997044568
decision_type=2 2 2
left_child=-1 2 -2
right_child=1 -3 -4
leaf_value=0.0101110502338119 1.1375727394180088e-05 0.010338124890061936 -0.0062836673881435084
leaf_weight=7.8867643624544135 2166.7759692519903 7.53188632428646 25.746993601322174
leaf_count=27 6542 26 73
internal_value=9.27206e-06 -2.69408e-05 -6.25475e-05
internal_weight=2207.94 2200.05 2192.52
internal_count=6668 6641 6615
is_linear=0
shrinkage=0.0103456


Tree=331
num_leaves=8
num_cat=0
split_feature=36 7 7 62 9 12 1
split_gain=21.5476 13.6918 11.3032 11.2755 9.85846 9.37419 6.97509
threshold=0.65556881127166389 0.0038059716505419732 -0.015315066187425784 -0.00041247257829629674 0.052381176847913206 0.0041822343796624551 -0.00032819810900807706
decision_type=2 2 2 2 2 2 2
left_child=2 4 6 -4 -2 -3 -1
right_child=1 5 3 -5 -6 -7 -8
leaf_value=0.0045358894833419953 -0.0029112556581221793 -0.0025206397477912285 0.0034524637530106918 0.00072565222314087375 0.00028523063378980631 0.0067165203573426053 -0.0046126216468121671
leaf_weight=10.959963902831076 116.54557844996452 425.53069669008255 270.48235628008842 405.83760134875774 906.66722498834133 12.093194440007208 47.922762602567673
leaf_count=30 374 1410 753 1139 2784 34 144
internal_value=-6.86646e-06 -0.000733874 0.00143769 0.00181619 -7.88543e-05 -0.00226538 -0.00290979
internal_weight=2196.04 1460.84 735.203 676.32 1023.21 437.624 58.8827
internal_count=6668 4602 2066 1892 3158 1444 174
is_linear=0
shrinkage=0.0103456


Tree=332
num_leaves=8
num_cat=0
split_feature=20 40 3 65 13 7 62
split_gain=11.488 13.7612 12.8593 13.3105 11.331 11.1668 2.48159
threshold=10.232273573236487 -2.2478524524619865e-05 0.0019720161663027663 -144.76427400000048 0.40491707355780443 -0.0039709117581731559 0.00018901968839790675
decision_type=2 2 2 2 2 2 2
left_child=1 6 3 -2 -4 -3 -1
right_child=2 5 4 -5 -6 -7 -8
leaf_value=-0.0092353539820575117 0.0057523165275772409 0.0058742943680091886 -0.0041798364375196396 0.00088827355880785066 -0.00014221879655563447 -0.003038284264790081 -0.0046101808008062843
leaf_weight=28.563235402107239 67.390722304582596 22.453947678208351 78.661653995513916 565.63994161784649 1370.9339523464441 45.610378906130791 21.963497459888458
leaf_count=111 179 65 261 1605 4218 149 80
internal_value=-2.45007e-06 -0.0031345 0.000175898 0.00140609 -0.000361318 -9.80866e-05 -0.00722483
internal_weight=2201.22 118.591 2082.63 633.031 1449.6 68.0643 50.5267
internal_count=6668 405 6263 1784 4479 214 191
is_linear=0
shrinkage=0.0103456


Tree=333
num_leaves=8
num_cat=0
split_feature=14 49 60 53 8 52 7
split_gain=7.42955 11.1787 12.507 9.96683 8.77775 10.1614 10.0553
threshold=0.0012095762763855774 8.8050000000000012e-06 165.44581850000017 20.500000000000004 -0.00095895873930340592 4.0585000000000005e-05 0.026665112101491254
decision_type=2 2 2 2 2 2 2
left_child=1 2 -1 -3 5 -2 -6
right_child=4 3 -4 -5 6 -7 -8
leaf_value=0.00022827704381025762 -0.0023441340832821909 -0.0057725673088217608 0.013122457999883807 -0.0013064374098217862 0.00057813970559057 0.0021338680697812963 0.010518528065324086
leaf_weight=176.47720469534397 230.05587011575699 72.21490541100502 8.4364577084779722 206.17338824272156 1432.5351285785437 70.969182267785072 10.975287452340124
leaf_count=545 665 202 31 626 4342 219 38
internal_value=9.32184e-06 -0.00115524 0.000816558 -0.00246497 0.000318598 -0.00128841 0.000653718
internal_weight=2207.84 463.302 184.914 278.388 1744.54 301.025 1443.51
internal_count=6668 1404 576 828 5264 884 4380
is_linear=0
shrinkage=0.0103456


Tree=334
num_leaves=7
num_cat=0
split_feature=38 8 28 65 23 7
split_gain=21.4082 11.6404 16.7883 12.799 9.52136 8.93087
threshold=0.67270114475410747 0.0024519831822789055 55.56513403152784 463.44137600000033 -0.025499075822113856 -0.00024732531436993938
decision_type=2 2 2 2 2 2
left_child=4 2 -2 -3 -1 -6
right_child=1 3 -4 -5 5 -7
leaf_value=-0.008746335188895343 -0.00053608913993061073 0.01122437035115049 -0.0043171009897587593 -0.0020594059408321724 0.0025064414194180596 0.0003037489269246017
leaf_weight=9.8901118189096433 1223.5537715256214 17.798078373074535 140.08162991702557 13.769282519817351 417.85541546344757 372.7765516191721
leaf_count=31 3791 48 489 40 1182 1087
internal_value=-6.92545e-06 -0.000780721 -0.0009245 0.00543016 0.0013417 0.00146789
internal_weight=2195.72 1395.2 1363.64 31.5674 800.522 790.632
internal_count=6668 4368 4280 88 2300 2269
is_linear=0
shrinkage=0.0103456


Tree=335
num_leaves=8
num_cat=0
split_feature=21 29 65 20 57 57 19
split_gain=11.3865 10.4655 16.0788 11.5337 7.76413 8.76134 6.80393
threshold=29.921341836059678 0.0067045699615427843 664.4582079999999 10.232273573236487 301.7754514999998 854.06047749999982 0.0073221292847429629
decision_type=2 2 2 2 2 2 2
left_child=1 3 -3 -1 6 -6 -2
right_child=4 2 -4 -5 5 -7 -8
leaf_value=-0.0031014948460480296 0.0077204424006488163 -0.0039598435888210425 0.0050275799618144388 0.0002618044789068941 -0.0031547081160309383 0.0097707789211091117 -0.0021792224825774066
leaf_weight=116.05330681800842 45.015644460916519 143.54953190684319 25.019136637449265 1829.7794757187366 25.463168993592262 7.2000904828310004 8.89985743165016
leaf_count=396 113 484 73 5481 76 18 27
internal_value=-2.44196e-06 -0.000153018 -0.00262592 6.12107e-05 0.00367489 -0.000305492 0.0060863
internal_weight=2200.98 2114.4 168.569 1945.83 86.5788 32.6633 53.9155
internal_count=6668 6434 557 5877 234 94 140
is_linear=0
shrinkage=0.0103456


Tree=336
num_leaves=6
num_cat=0
split_feature=13 51 7 17 51
split_gain=7.44517 7.62157 7.76504 6.38151 6.007
threshold=4.0858495607185183 54828.661000000007 0.0078373476951247873 3.9224797152544382e-05 51022.723000000005
decision_type=2 2 2 2 2
left_child=1 2 -1 -3 -2
right_child=4 3 -4 -5 -6
leaf_value=-0.00054537918894927433 0.013089930316048763 0.0031624423722517157 0.0011279472939414216 -0.00065254503405262913 0.00032748793183136419
leaf_weight=1620.9554280787706 8.3772183507680875 135.85993444919586 363.35912911593914 71.696063235402107 7.4646911770105353
leaf_count=4888 30 417 1104 207 22
internal_value=9.41277e-06 -4.16635e-05 -0.000238967 0.00184463 0.00707628
internal_weight=2207.71 2191.87 1984.31 207.556 15.8419
internal_count=6668 6616 5992 624 52
is_linear=0
shrinkage=0.0103456


Tree=337
num_leaves=8
num_cat=0
split_feature=37 13 8 6 7 28 29
split_gain=21.1881 12.0118 12.5761 11.1871 17.8636 13.9506 6.7092
threshold=0.67622085396660425 0.85651756045005145 0.002297267106653456 0.0014547425484106038 -0.00049356045600129617 55.785773227995136 -0.011782231417252818
decision_type=2 2 2 2 2 2 2
left_child=3 6 -3 4 -1 -5 -2
right_child=1 2 -4 5 -6 -7 -8
leaf_value=0.0019412716465439402 0.0099718157515810753 -0.0018734913421315962 0.0063268071620099084 0.0046024961574260715 -0.0018988685216424679 -0.00097853748132935986 0.00016132945276092826
leaf_weight=348.43303076922894 7.5518295317888251 742.13516172766685 20.571937322616577 184.35231040418148 206.49191565811634 64.783723950386047 621.12661775946617
leaf_count=984 21 2421 59 506 613 197 1867
internal_value=-6.98172e-06 -0.000779595 -0.00165231 0.00132999 0.000512325 0.00315124 0.000279175
internal_weight=2195.45 1391.39 762.707 804.061 554.925 249.136 628.678
internal_count=6668 4368 2480 2300 1597 703 1888
is_linear=0
shrinkage=0.0103456


Tree=338
num_leaves=8
num_cat=0
split_feature=13 46 47 52 7 54 51
split_gain=11.2649 12.3708 20.4427 14.3451 11.2557 13.1664 10.3443
threshold=0.76002061418300804 2.2940000000000004e-05 13.500000000000002 9.5330000000000011e-05 0.00071551402313452261 -1.2896832859876637e-05 54742.625000000007
decision_type=2 2 2 2 2 2 2
left_child=1 2 -1 -3 6 -6 -2
right_child=4 3 -4 -5 5 -7 -8
leaf_value=0.0037616611598269138 0.00020401448131040741 -0.0028631525271478725 -0.0010016584567393585 0.0047387735411134699 0.00010924047232042843 0.0032859951534974668 -0.0037539719795059447
leaf_weight=127.0421601831913 651.24896769225597 355.43495637178421 400.27109831571579 28.715128436684608 274.51643933355808 284.21824467182159 79.278601944446564
leaf_count=378 1931 1134 1228 80 813 822 282
internal_value=-2.47769e-06 -0.000882795 0.000145937 -0.00229491 0.000619876 0.0017252 -0.000225516
internal_weight=2200.73 911.463 527.313 384.15 1289.26 558.735 730.528
internal_count=6668 2820 1606 1214 3848 1635 2213
is_linear=0
shrinkage=0.0103456


Tree=339
num_leaves=5
num_cat=0
split_feature=27 3 2 10
split_gain=7.41291 9.39329 8.18714 2.71027
threshold=0.0071812076660537913 0.007443159997044568 76.608783599083282 0.030630780050583509
decision_type=2 2 2 2
left_child=1 2 -1 -3
right_child=-2 3 -4 -5
leaf_value=-5.5827794154874917e-05 0.010242572990996571 -0.001784273263125608 0.0039327574578248599 -0.0087808842341420366
leaf_weight=2117.785548850894 7.5511165410280219 9.2874645441770571 56.552796110510826 16.371980503201485
leaf_count=6391 26 28 178 45
internal_value=9.59805e-06 -2.55249e-05 4.79121e-05 -0.00624845
internal_weight=2207.55 2200 2174.34 25.6594
internal_count=6668 6642 6569 73
is_linear=0
shrinkage=0.0103456


Tree=340
num_leaves=8
num_cat=0
split_feature=38 3 36 23 45 13 14
split_gain=20.9195 11.6007 14.9628 9.87027 9.773 8.95961 3.22689
threshold=0.6606860586696478 0.0045622370455886676 0.45930583736015024 -0.021428548596486571 50715.913500000002 0.65536903324338869 0.0028970086463658475
decision_type=2 2 2 2 2 2 2
left_child=3 2 -2 6 -3 -5 -1
right_child=1 4 -4 5 -6 -7 -8
leaf_value=-0.00059649165152841552 0.0037345013388139082 -0.00042258242635737515 -0.0013356786421572396 0.002762010350603241 0.0047642124657880638 0.0004908475418563239 -0.0091640391143917085
leaf_weight=7.6947302967309978 65.690688982605934 86.63109302520752 1206.552733823657 352.51258234679699 70.542228236794472 393.3730835467577 12.111195519566534
leaf_count=23 184 254 3830 948 204 1184 41
internal_value=-7.11722e-06 -0.000746301 -0.00107389 0.00137281 0.00190534 0.00156422 -0.00583549
internal_weight=2195.11 1429.42 1272.24 765.692 157.173 745.886 19.8059
internal_count=6668 4472 4014 2196 458 2132 64
is_linear=0
shrinkage=0.0103456


Tree=341
num_leaves=8
num_cat=0
split_feature=21 30 28 47 40 23 38
split_gain=11.1598 9.90916 15.4101 14.721 7.91302 5.23511 4.62644
threshold=29.233308698724425 0.0020189523533601654 52.174537348051182 17.500000000000004 0.0002935138344123519 0.0042788123967905109 0.62873945949127819
decision_type=2 2 2 2 2 2 2
left_child=1 3 -3 -1 6 -6 -2
right_child=4 2 -4 -5 5 -7 -8
leaf_value=0.0020097516584046686 -0.00066094030426865318 -0.00022057226934701462 -0.0037214508270609127 -0.00033343628064968014 -0.0049294297445302707 0.0025404457598943199 0.0069526062792353155
leaf_weight=396.87492397427559 10.255006879568098 473.65176837146282 187.98591090738773 1036.2801465243101 15.392590045928953 28.887453004717827 51.156450390815735
leaf_count=1165 28 1491 640 3086 50 80 128
internal_value=-2.52904e-06 -0.000168021 -0.00121525 0.000315449 0.00327749 -5.62259e-05 0.00568123
internal_weight=2200.48 2094.79 661.638 1433.16 105.692 44.28 61.4115
internal_count=6668 6382 2131 4251 286 130 156
is_linear=0
shrinkage=0.0103456


Tree=342
num_leaves=5
num_cat=0
split_feature=20 51 2 2
split_gain=7.37995 7.3753 8.20967 6.36054
threshold=7.8455147169272719 54828.661000000007 76.608783599083282 32.42868860189072
decision_type=2 2 2 2
left_child=-1 2 -2 -3
right_child=1 3 -4 -5
leaf_value=0.00998400858782977 -0.00033073573548099297 0.0069967769584442056 0.0037472609596804918 0.0011949077396614957
leaf_weight=7.9113116264343253 1937.5721110403538 22.707771897315979 54.319253742694855 184.91721306741238
leaf_count=27 5846 74 171 550
internal_value=9.76291e-06 -2.61129e-05 -0.000219528 0.00182945
internal_weight=2207.43 2199.52 1991.89 207.625
internal_count=6668 6641 6017 624
is_linear=0
shrinkage=0.0103456


Tree=343
num_leaves=8
num_cat=0
split_feature=36 23 7 6 7 12 1
split_gain=20.6689 12.2514 11.2807 10.7387 10.094 9.08054 5.40097
threshold=0.67475389361081217 -0.016066372202797937 0.0038059716505419732 0.0051132424042683597 -0.00049356045600129617 0.0041822343796624551 -0.00019720826786223685
decision_type=2 2 2 2 2 2 2
left_child=1 6 3 -2 -3 -4 -1
right_child=2 4 5 -5 -6 -7 -8
leaf_value=0.001627765113005586 -0.00036277726109175385 0.0028883791091535434 -0.002441420853042762 0.0054190541129668108 0.00047102964747812697 0.006645294713726442 -0.0061179325949882197
leaf_weight=13.680135279893873 953.60267935693264 363.80086052417755 407.3639602214098 35.668410271406174 375.93462321162224 12.121215820312498 32.587800845503807
leaf_count=40 2954 1008 1354 104 1075 34 99
internal_value=-7.23765e-06 0.00133685 -0.00075716 -0.000154312 0.00165988 -0.00217886 -0.00382775
internal_weight=2194.76 786.003 1408.76 989.271 739.735 419.485 46.2679
internal_count=6668 2222 4446 3058 2083 1388 139
is_linear=0
shrinkage=0.0103456


Tree=344
num_leaves=8
num_cat=0
split_feature=20 40 10 23 7 8 23
split_gain=11.1716 13.6669 12.5433 23.277 11.0082 9.72399 1.83233
threshold=10.232273573236487 -2.2478524524619865e-05 0.00524494014626967 -0.0092045581397817138 -0.0039709117581731559 -0.0013432928900933281 0.0064547657820177582
decision_type=2 2 2 2 2 2 2
left_child=1 6 3 -2 -3 -4 -1
right_child=2 4 5 -5 -6 -7 -8
leaf_value=-0.0080192340869585516 -0.0047179774558080978 0.0058525871031379637 0.0020201807693854524 0.0023300825071182873 -0.002998744335469726 -0.0005780209600806035 -0.0024921767604526458
leaf_weight=42.685238763689995 56.248376339673996 22.470162123441696 173.41670651733875 462.86673980951309 45.473304450511932 1389.4810853600502 7.5564024001359931
leaf_count=162 176 65 513 1283 149 4291 29
internal_value=-2.57523e-06 -0.00309674 0.000173065 0.00156639 -7.14452e-05 -0.000289729 -0.00718796
internal_weight=2200.2 118.185 2082.01 519.115 67.9435 1562.9 50.2416
internal_count=6668 405 6263 1459 214 4804 191
is_linear=0
shrinkage=0.0103456


Tree=345
num_leaves=6
num_cat=0
split_feature=13 51 7 46 51
split_gain=7.33372 7.39038 7.63532 6.33762 5.89162
threshold=4.0858495607185183 54828.661000000007 0.0078373476951247873 -2.5029999999999996e-05 51022.723000000005
decision_type=2 2 2 2 2
left_child=1 2 -1 -3 -2
right_child=4 3 -4 -5 -6
leaf_value=-0.00053939472587607377 0.012963126184870465 -0.0017796366805248728 0.0011197972977546266 0.0027241051633770841 0.00033025808350075806
leaf_weight=1620.2577736675739 8.3981563150882703 41.891193076968193 363.44713680446148 165.80802965164185 7.4624310731887809
leaf_count=4888 30 118 1104 506 22
internal_value=9.73464e-06 -4.09984e-05 -0.000235404 0.00181574 0.00701934
internal_weight=2207.26 2191.4 1983.7 207.699 15.8606
internal_count=6668 6616 5992 624 52
is_linear=0
shrinkage=0.0103456


Tree=346
num_leaves=8
num_cat=0
split_feature=37 13 30 6 28 44 29
split_gain=20.5545 11.7068 12.2928 10.9728 13.6684 9.35869 6.60332
threshold=0.67622085396660425 0.85651756045005145 0.0030522938850640158 0.0014547425484106038 55.785773227995136 0.24650796781103379 -0.011782231417252818
decision_type=2 2 2 2 2 2 2
left_child=3 6 -3 5 -5 -1 -2
right_child=1 2 -4 4 -6 -7 -8
leaf_value=0.003670497136863151 0.0098809649418948702 -0.0020915300195793688 0.0021232782173705735 0.0045468629955702083 -0.00097790427107453969 -6.9818797844675121e-05 0.00015911503123283233
leaf_weight=84.449524700641632 7.5690236687660208 678.36768873035908 83.142213061451912 184.56370870769024 64.742623299360275 470.56666611135006 621.05491058528423
leaf_count=243 21 2231 249 506 197 1354 1867
internal_value=-7.15109e-06 -0.000768763 -0.00163135 0.00130917 0.00311213 0.000499296 0.000276172
internal_weight=2194.46 1390.13 761.51 804.323 249.306 555.016 628.624
internal_count=6668 4368 2480 2300 703 1597 1888
is_linear=0
shrinkage=0.0103456


Tree=347
num_leaves=8
num_cat=0
split_feature=13 29 65 21 29 21 2
split_gain=11.0028 10.3907 17.4104 14.149 6.34852 9.29288 7.24679
threshold=1.6917745130511428 0.0067045699615427843 664.4582079999999 27.787588430722987 0.00077128356011657584 17.536500341590195 48.768630354131062
decision_type=2 2 2 2 2 2 2
left_child=1 3 -3 -1 5 -2 -6
right_child=4 2 -4 -5 6 -7 -8
leaf_value=-0.00019945901536279028 0.0032135769164650498 -0.0040882677433061645 0.0048731192094917794 0.0043677198684349394 0.010218635199495788 -0.002703820565375434 0.0028670506016031552
leaf_weight=1741.6610807627439 65.059562101960182 145.65815563499928 27.601668640971184 75.759426385164261 17.686797469854355 50.418850049376488 76.105356439948082
leaf_count=5294 194 492 80 204 44 147 213
internal_value=-2.63376e-06 -0.000239856 -0.00266065 -9.07553e-06 0.00225394 0.000629991 0.00425337
internal_weight=2199.95 1990.68 173.26 1817.42 209.271 115.478 93.7922
internal_count=6668 6070 572 5498 598 341 257
is_linear=0
shrinkage=0.0103456


Tree=348
num_leaves=5
num_cat=0
split_feature=27 3 29 46
split_gain=7.2875 9.26172 8.08872 2.60258
threshold=0.0071812076660537913 0.007443159997044568 0.0025016297286858395 8.5550000000000003e-06
decision_type=2 2 2 2
left_child=1 2 -1 -3
right_child=-2 3 -4 -5
leaf_value=-0.00033768814404119542 0.010142637137048133 -0.0090977792105065448 0.0010808370761972224 -0.0024366258896535422
leaf_weight=1583.150790899992 7.5708747059106818 14.504681199789049 590.81325177848339 11.068808495998381
leaf_count=4759 26 40 1810 33
internal_value=9.88593e-06 -2.49913e-05 4.78212e-05 -0.00621468
internal_weight=2207.11 2199.54 2173.96 25.5735
internal_count=6668 6642 6569 73
is_linear=0
shrinkage=0.0103456


Tree=349
num_leaves=7
num_cat=0
split_feature=38 8 28 65 23 7
split_gain=20.3785 11.2115 16.3562 12.4083 9.27958 8.63222
threshold=0.67270114475410747 0.0024519831822789055 55.56513403152784 463.44137600000033 -0.025499075822113856 -0.00024732531436993938
decision_type=2 2 2 2 2 2
left_child=4 2 -2 -3 -1 -6
right_child=1 3 -4 -5 5 -7
leaf_value=-0.0086859403585203034 -0.00052190657968654186 0.011009416416103118 -0.0042636232259473782 -0.0020603815534652264 0.0024516816966093299 0.00028680137764942973
leaf_weight=9.8229043334722501 1222.1983132362366 17.877025991678241 139.29215601086617 13.758292973041533 418.43329544365406 372.75351704657078
leaf_count=31 3791 48 489 40 1182 1087
internal_value=-7.22107e-06 -0.000763244 -0.000904716 0.00532532 0.00130766 0.00143174
internal_weight=2194.14 1393.13 1361.49 31.6353 801.01 791.187
internal_count=6668 4368 4280 88 2300 2269
is_linear=0
shrinkage=0.0103456


Tree=350
num_leaves=8
num_cat=0
split_feature=20 1 3 65 12 12 8
split_gain=11.0141 13.6469 12.2746 13.1087 11.8907 10.4296 10.3895
threshold=10.232273573236487 0.00013664593275728432 0.0019720161663027663 -147.60288349999988 0.00093149266132793894 0.00067464252570347851 0.00047671477328836703
decision_type=2 2 2 2 2 2 2
left_child=1 5 3 -2 -4 -1 -3
right_child=2 6 4 -5 -6 -7 -8
leaf_value=-4.4469945287439298e-05 0.0058163518672418426 0.0081090462655441092 -0.0043621627210731675 0.00087428060817033176 -0.00013462083896147617 -0.0074407096447946458 -0.0056480588601932726
leaf_weight=30.676175519824028 63.888787925243378 17.483980610966686 75.105674460530281 569.60675409436226 1373.1612739861012 60.951568469405174 8.8496143072843534
leaf_count=102 170 50 231 1614 4248 226 27
internal_value=-2.71639e-06 -0.00307806 0.000171545 0.00137269 -0.000353857 -0.00496451 0.00348586
internal_weight=2199.72 117.961 2081.76 633.496 1448.27 91.6277 26.3336
internal_count=6668 405 6263 1784 4479 328 77
is_linear=0
shrinkage=0.0103456


Tree=351
num_leaves=5
num_cat=0
split_feature=13 20 51 51
split_gain=7.23815 7.30937 7.58147 5.78645
threshold=4.0858495607185183 7.8455147169272719 54828.661000000007 51022.723000000005
decision_type=2 2 2 2
left_child=1 -1 -3 -2
right_child=3 2 -4 -5
leaf_value=0.0098725562234557931 0.012849762337413797 -0.00027423556503386589 0.0018033716186022166 0.00033593774938564964
leaf_weight=7.9323893785476676 8.4172910153865796 1975.4380149096251 207.76465137302876 7.4603823721408835
leaf_count=27 30 5965 624 22
internal_value=9.93238e-06 -4.05021e-05 -7.65199e-05 0.00696994
internal_weight=2207.01 2191.14 2183.2 15.8777
internal_count=6668 6616 6589 52
is_linear=0
shrinkage=0.0103456


Tree=352
num_leaves=8
num_cat=0
split_feature=13 13 37 1 10 52 7
split_gain=20.187 11.9966 9.56781 8.50401 11.7121 7.09928 4.78901
threshold=0.59674034826330924 1.3752819022496729 0.40108808151309289 0.00045274485655978717 0.005659148949516986 3.9820000000000008e-05 0.0096315944828794259
decision_type=2 2 2 2 2 2 2
left_child=3 2 -2 4 -1 -5 -3
right_child=1 6 -4 5 -6 -7 -8
leaf_value=-0.00023540043916993471 0.0047370345440197531 -0.0019445635987034001 -0.0003156708727988879 -0.003363828911129017 0.0032083432266087979 0.0055391051987210395 -0.0059346232948701769
leaf_weight=152.72116851806641 41.413902252912521 277.38165302574635 1276.3890876322985 54.565365239977837 343.33912725746632 11.629769846796988 36.423653542995453
leaf_count=435 118 932 3918 166 931 34 134
internal_value=-7.20993e-06 -0.000589778 -0.000156882 0.00168334 0.00214812 -0.00179968 -0.00240769
internal_weight=2193.86 1631.61 1317.8 562.255 496.06 66.1951 313.805
internal_count=6668 5102 4036 1566 1366 200 1066
is_linear=0
shrinkage=0.0103456


Tree=353
num_leaves=8
num_cat=0
split_feature=20 1 10 23 6 7 62
split_gain=10.8742 13.54 12.1878 22.9138 10.7376 10.6976 2.27194
threshold=10.232273573236487 -2.3270132555518885e-05 0.00524494014626967 -0.0092045581397817138 -0.0039357044143526468 -0.0039709117581731559 0.00018901968839790675
decision_type=2 2 2 2 2 2 2
left_child=1 6 3 -2 -4 -3 -1
right_child=2 5 4 -5 -6 -7 -8
leaf_value=-0.0091124562121270968 -0.0046972276588436186 0.0058010973088289883 0.0017687003548248752 0.0022997113381462023 -0.00064418983466994545 -0.0029427608408754326 -0.0046969074965458359
leaf_weight=27.630827724933624 56.168897375464439 22.461624175310135 231.78957875072956 463.26349920034409 1330.5131102800369 44.93713004887104 22.733879879117012
leaf_count=111 176 63 693 1283 4111 147 84
internal_value=-2.77485e-06 -0.00306123 0.000170241 0.0015431 -0.000286204 -2.87418e-05 -0.00711934
internal_weight=2199.5 117.763 2081.74 519.432 1562.3 67.3988 50.3647
internal_count=6668 405 6263 1459 4804 210 195
is_linear=0
shrinkage=0.0103456


Tree=354
num_leaves=7
num_cat=0
split_feature=3 29 30 18 46 54
split_gain=7.19358 8.18654 11.8422 9.07676 4.47172 0.0594258
threshold=0.007443159997044568 0.0025016297286858395 0.0012319790905203178 -0.0024884279076721745 8.5550000000000003e-06 0.0011006244212756757
decision_type=2 2 2 2 2 2
left_child=1 3 -3 -1 5 -2
right_child=4 2 -4 -5 -6 -7
leaf_value=0.001132885796584882 -0.0097289475220380204 0.0039601512056316387 0.00036271390234528705 -0.0007366504536933954 -0.0006337430523522357 -0.008417893183094341
leaf_weight=359.47147661447525 7.8172891736030596 123.65123406052589 471.02146042883396 1225.7628612518311 12.093930870294569 7.0264246612787247
leaf_count=1093 21 399 1423 3675 37 20
internal_value=9.94127e-06 7.56018e-05 0.00111073 -0.00031271 -0.00530359 -0.00910835
internal_weight=2206.84 2179.91 594.673 1585.23 26.9376 14.8437
internal_count=6668 6590 1822 4768 78 41
is_linear=0
shrinkage=0.0103456


Tree=355
num_leaves=7
num_cat=0
split_feature=38 8 28 65 23 7
split_gain=19.9531 11.0537 16.1151 12.2218 9.14201 8.69549
threshold=0.67270114475410747 0.0024519831822789055 55.56513403152784 463.44137600000033 -0.023895847382645271 -0.00024732531436993938
decision_type=2 2 2 2 2 2
left_child=4 2 -2 -3 -1 -6
right_child=1 3 -4 -5 5 -7
leaf_value=-0.0078463353091712887 -0.00051662675984902784 0.010918754748576355 -0.0042353687599071682 -0.0020499946882741459 0.0024537106503206363 0.00027908532211591851
leaf_weight=11.544391691684721 1221.7240301519632 17.912241429090503 138.90669520199299 13.746669963002203 416.91599857807159 372.77720580995083
leaf_count=37 3791 48 489 40 1176 1087
internal_value=-7.13505e-06 -0.00075566 -0.000896273 0.00528757 0.00129356 0.00142717
internal_weight=2193.53 1392.29 1360.63 31.6589 801.238 789.693
internal_count=6668 4368 4280 88 2300 2263
is_linear=0
shrinkage=0.0103456


Tree=356
num_leaves=8
num_cat=0
split_feature=20 1 10 23 6 7 62
split_gain=10.7281 13.4227 11.981 22.5962 10.5741 10.5381 2.26572
threshold=10.232273573236487 -2.3270132555518885e-05 0.00524494014626967 -0.0092045581397817138 -0.0039357044143526468 -0.0039709117581731559 0.00018901968839790675
decision_type=2 2 2 2 2 2 2
left_child=1 6 3 -2 -4 -3 -1
right_child=2 5 4 -5 -6 -7 -8
leaf_value=-0.0090915804905083945 -0.0046727105848469955 0.0057507303651400622 0.0017546409528310313 0.0022800181062016763 -0.0006392829159841694 -0.0029241966967098808 -0.0046741513166627963
leaf_weight=27.494149386882782 56.08399061858654 22.503996908664703 231.92161476612091 463.56324115395546 1330.1086639910936 44.876836821436882 22.677942365407944
leaf_count=111 176 63 693 1283 4111 147 84
internal_value=-2.85916e-06 -0.00304356 0.00016885 0.00152963 -0.000283846 -2.69258e-05 -0.00709489
internal_weight=2199.23 117.553 2081.68 519.647 1562.03 67.3808 50.1721
internal_count=6668 405 6263 1459 4804 210 195
is_linear=0
shrinkage=0.0103456


Tree=357
num_leaves=5
num_cat=0
split_feature=27 3 2 10
split_gain=7.17919 9.05985 7.89223 2.70346
threshold=0.0071812076660537913 0.007443159997044568 76.608783599083282 0.030630780050583509
decision_type=2 2 2 2
left_child=1 2 -1 -3
right_child=-2 3 -4 -5
leaf_value=-5.4871631380496182e-05 0.010056042818003928 -0.0016947459180749901 0.0038569118446323647 -0.0087090184399823151
leaf_weight=2117.0300688296556 7.5875354111194602 9.2318729013204592 56.681200355291367 16.204333811998367
leaf_count=6391 26 28 178 45
internal_value=9.96067e-06 -2.47005e-05 4.71311e-05 -0.00616324
internal_weight=2206.74 2199.15 2173.71 25.4362
internal_count=6668 6642 6569 73
is_linear=0
shrinkage=0.0103456


Tree=358
num_leaves=8
num_cat=0
split_feature=37 13 30 43 46 14 7
split_gain=19.8505 11.3055 12.018 10.7183 12.8525 8.9968 6.61146
threshold=0.67622085396660425 0.85651756045005145 0.0030522938850640158 -0.0001508581761822585 2.2060000000000006e-05 0.0010691554302291648 0.019745261134706874
decision_type=2 2 2 2 2 2 2
left_child=3 6 -3 5 -5 -1 -2
right_child=1 2 -4 4 -6 -7 -8
leaf_value=0.0079028345137430143 0.00044043986271998859 -0.0020614803193038699 0.0021060250144404849 -0.0010030311940820511 0.002253964813624811 0.0022334944690415208 -0.0063328554930563285
leaf_weight=34.166740894317627 612.82499992847443 676.80133132636547 83.162416636943817 296.91229692101479 230.23591487109661 243.31196184456348 15.822758615016935
leaf_count=86 1833 2231 249 865 652 697 55
internal_value=-7.19475e-06 -0.000756411 -0.00160543 0.00128579 0.000419486 0.00293158 0.000269959
internal_weight=2193.24 1388.61 759.964 804.627 527.148 277.479 628.648
internal_count=6668 4368 2480 2300 1517 783 1888
is_linear=0
shrinkage=0.0103456


Tree=359
num_leaves=8
num_cat=0
split_feature=13 29 61 43 29 6 2
split_gain=10.6462 10.1015 14.2633 11.5123 6.26605 7.70321 7.08417
threshold=1.6917745130511428 0.0067045699615427843 736.08025850000035 -7.7427282001802893e-05 0.00077128356011657584 -0.0017929838661019935 48.768630354131062
decision_type=2 2 2 2 2 2 2
left_child=1 3 -3 -1 5 -2 -6
right_child=4 2 -4 -5 6 -7 -8
leaf_value=-0.00094301144356568722 0.0025668002713152348 -0.0036832850482117771 0.005735671284160181 0.0007171508384763804 0.010087429698532959 -0.003029291869409919 0.0028290216321248908
leaf_weight=794.69043371081352 75.019131287932396 153.40814942121506 19.381973966956139 1022.0323139131069 17.745666563510895 40.563665792346001 76.153290912508965
leaf_count=2434 225 518 54 3064 44 116 213
internal_value=-2.81981e-06 -0.000236404 -0.00262675 -9.05523e-06 0.0022156 0.000602857 0.00420077
internal_weight=2198.99 1989.51 172.79 1816.72 209.482 115.583 93.899
internal_count=6668 6070 572 5498 598 341 257
is_linear=0
shrinkage=0.0103456


Tree=360
num_leaves=5
num_cat=0
split_feature=13 20 27 48
split_gain=7.11129 7.15649 7.18438 4.37933
threshold=4.0858495607185183 7.8455147169272719 0.0071812076660537913 51075.622500000005
decision_type=2 2 2 2
left_child=1 -1 -3 -2
right_child=3 2 -4 -5
leaf_value=0.0097554032113947153 0.011765093579943804 -0.00011077001955064613 0.0099613036088766916 0.00083984405903306952
leaf_weight=7.9541184604167929 8.8254610002040845 2175.1770758777857 7.606445997953414 7.0751359313726416
leaf_count=27 31 6563 26 21
internal_value=1.00586e-05 -3.99768e-05 -7.56714e-05 0.00690379
internal_weight=2206.64 2190.74 2182.78 15.9006
internal_count=6668 6616 6589 52
is_linear=0
shrinkage=0.0103456


Tree=361
num_leaves=8
num_cat=0
split_feature=36 38 3 62 44 14 21
split_gain=19.6558 12.111 13.2146 10.7083 10.3211 8.28813 6.4321
threshold=0.4738366797764948 0.6606860586696478 0.0045622370455886676 -0.00048131465257000844 0.39093598596732565 0.0013351052832788432 25.728863894206707
decision_type=2 2 2 2 2 2 2
left_child=3 5 -3 6 -5 -2 -1
right_child=1 2 -4 4 -6 -7 -8
leaf_value=0.0058667433942843133 0.0028674926253721661 -0.0012831219726968874 0.001977618549652854 0.0046363684290130639 -0.00077376538678363479 0.00010149258129846531 -0.0042632312147922267
leaf_weight=97.78322172164917 161.02249014377594 1190.6679454743862 149.75764745473862 55.845908403396606 116.42502531409264 414.21945102512836 7.2030826956033698
leaf_count=261 451 3792 438 147 327 1231 21
internal_value=-7.31465e-06 -0.000379939 -0.000918819 0.00256728 0.000980064 0.000875755 0.00517173
internal_weight=2192.92 1915.67 1340.43 277.257 172.271 575.242 104.986
internal_count=6668 5912 4230 756 474 1682 282
is_linear=0
shrinkage=0.0103456


Tree=362
num_leaves=8
num_cat=0
split_feature=21 29 61 20 57 57 19
split_gain=10.7281 9.72827 12.482 10.7071 7.5204 8.54831 6.56483
threshold=29.921341836059678 0.0059879661690827044 736.08025850000035 10.232273573236487 301.7754514999998 854.06047749999982 0.0073221292847429629
decision_type=2 2 2 2 2 2 2
left_child=1 3 -3 -1 6 -6 -2
right_child=4 2 -4 -5 5 -7 -8
leaf_value=-0.0029867738233252256 0.0075443553475236314 -0.0030894861169719181 0.0060050522871621295 0.00027593702892700199 -0.0031684418016077655 0.0095831203885213771 -0.0021823328606707789
leaf_weight=114.52578161656857 45.021767616271973 185.85893918573856 17.689708888530731 1794.1438926756382 25.456421166658401 7.2235813140869132 8.8940937072038633
leaf_count=394 113 622 50 5368 76 18 27
internal_value=-2.79935e-06 -0.000149119 -0.00229911 8.01648e-05 0.00356619 -0.000349839 0.00593982
internal_weight=2198.81 2112.22 203.549 1908.67 86.5959 32.68 53.9159
internal_count=6668 6434 672 5762 234 94 140
is_linear=0
shrinkage=0.0103456


Tree=363
num_leaves=7
num_cat=0
split_feature=3 7 8 29 46 54
split_gain=7.01 8.41859 17.8603 7.99988 4.44097 0.0601112
threshold=0.007443159997044568 -0.023054609778890452 0.0006980247404185792 0.0025016297286858395 8.5550000000000003e-06 0.0011006244212756757
decision_type=2 2 2 2 2 2
left_child=1 2 -1 -3 5 -2
right_child=4 3 -4 -5 -6 -7
leaf_value=0.0012003824266454545 -0.0096862976842755077 -0.00043662999937453881 0.014617496430662872 0.00099782115185790611 -0.00059421403485845361 -0.008362720927187324
leaf_weight=62.940591633319855 7.7638874948024768 1532.8215402513742 12.77424995601177 571.19403204321861 12.060867011547087 6.9692976623773575
leaf_count=190 21 4605 47 1748 37 20
internal_value=1.01071e-05 7.47588e-05 0.00346405 -4.7208e-05 -0.00524939 -0.0090602
internal_weight=2206.52 2179.73 75.7148 2104.02 26.7941 14.7332
internal_count=6668 6590 237 6353 78 41
is_linear=0
shrinkage=0.0103456


Tree=364
num_leaves=8
num_cat=0
split_feature=13 13 7 1 2 52 56
split_gain=19.4107 11.5637 9.45954 8.32146 8.96443 6.97869 5.02932
threshold=0.59674034826330924 1.3752819022496729 0.0040891535934913801 0.00045274485655978717 60.186300661965269 3.9820000000000008e-05 -439.34682549999985
decision_type=2 2 2 2 2 2 2
left_child=3 2 -2 4 -1 -5 -3
right_child=1 6 -4 5 -6 -7 -8
leaf_value=0.0013895599641708873 0.00040546911617314596 -0.0072777786674962253 -0.0015269227606417269 -0.003350349274716865 0.0047957285841050551 0.0054716477633909924 -0.0020169893241785862
leaf_weight=391.57870380580425 935.4923300743103 20.83855627477169 381.79978811740875 54.509591862559319 104.84206365048885 11.648316383361815 291.91632425785065
leaf_count=1080 2813 72 1223 166 286 34 994
internal_value=-7.33849e-06 -0.000579196 -0.000154609 0.00164959 0.00210893 -0.00179707 -0.00236751
internal_weight=2192.63 1630.05 1317.29 562.579 496.421 66.1579 312.755
internal_count=6668 5102 4036 1566 1366 200 1066
is_linear=0
shrinkage=0.0103456


Tree=365
num_leaves=8
num_cat=0
split_feature=21 30 6 50 57 57 17
split_gain=10.5755 9.65305 14.5664 13.7376 7.40878 8.42753 3.35497
threshold=29.921341836059678 0.0020189523533601654 0.0022577872714008023 17.500000000000004 301.7754514999998 854.06047749999982 3.6289598283456215e-05
decision_type=2 2 2 2 2 2 2
left_child=1 3 -3 -1 6 -6 -2
right_child=4 2 -4 -5 5 -7 -8
leaf_value=0.0019537814547437946 0.0109101035898699 -0.00021382149805206733 -0.003609086517837238 -0.00029810749256178724 -0.0031489594235810802 0.0095061973463226885 0.0045680398921114085
leaf_weight=400.98584799468517 11.292699128389357 474.67710369825363 189.13089133799076 1047.1731865555048 25.437601685523987 7.2338968962430945 42.630306139588356
leaf_count=1177 26 1492 650 3115 76 18 114
internal_value=-2.82505e-06 -0.000148117 -0.00118119 0.000325426 0.00354071 -0.000346942 0.00589621
internal_weight=2198.56 2111.97 663.808 1448.16 86.5945 32.6715 53.923
internal_count=6668 6434 2142 4292 234 94 140
is_linear=0
shrinkage=0.0103456


Tree=366
num_leaves=6
num_cat=0
split_feature=13 51 7 60 51
split_gain=6.98674 7.15126 7.42192 6.35134 5.60554
threshold=4.0858495607185183 54828.661000000007 0.0078373476951247873 313.68114750000024 51022.723000000005
decision_type=2 2 2 2 2
left_child=1 2 -1 -3 -2
right_child=4 3 -4 -5 -6
leaf_value=-0.00053082983955134763 0.012606615666371876 0.0023065184193704329 0.0011048921006615215 -0.0045001839399015581 0.00030637613326814123
leaf_weight=1619.0501480400562 8.4560430794954282 191.95624758303165 363.5727027207613 15.886925518512724 7.4675514400005332
leaf_count=4888 30 580 1104 44 22
internal_value=1.01591e-05 -3.94779e-05 -0.000230872 0.00178623 0.00683828
internal_weight=2206.39 2190.47 1982.62 207.843 15.9236
internal_count=6668 6616 5992 624 52
is_linear=0
shrinkage=0.0103456


Tree=367
num_leaves=8
num_cat=0
split_feature=36 40 49 7 6 12 7
split_gain=19.2821 12.6411 13.6823 10.9163 10.4224 8.87085 8.5672
threshold=0.67475389361081217 -0.00013237950013021804 1.2715000000000001e-05 0.0038059716505419732 0.0051132424042683597 0.0041822343796624551 -0.00091340904324194161
decision_type=2 2 2 2 2 2 2
left_child=1 6 -3 4 -2 -5 -1
right_child=3 2 -4 5 -6 -7 -8
leaf_value=0.0050036999115786992 -0.00034589022379257682 -0.0015770007789951876 0.0018726709835175587 -0.0023955746316604945 0.0053493088697942823 0.006578241791261325 0.0014286243850078638
leaf_weight=128.0192638784647 952.15728941559792 228.10742393136024 267.22385609149933 405.76451952755451 35.681425467133522 12.143146172165869 163.20634274184704
leaf_count=347 2954 671 748 1354 104 34 456
internal_value=-7.39052e-06 0.00128971 0.000284046 -0.000733155 -0.000140176 -0.00213482 0.00300018
internal_weight=2192.3 786.557 495.331 1405.75 987.839 417.908 291.226
internal_count=6668 2222 1419 4446 3058 1388 803
is_linear=0
shrinkage=0.0103456


Tree=368
num_leaves=8
num_cat=0
split_feature=20 1 3 65 12 12 8
split_gain=10.4561 13.3073 11.6705 12.9508 11.687 10.3768 10.2136
threshold=10.232273573236487 0.00013664593275728432 0.0019720161663027663 -147.60288349999988 0.00093149266132793894 0.00067464252570347851 0.00047671477328836703
decision_type=2 2 2 2 2 2 2
left_child=1 5 3 -2 -4 -1 -3
right_child=2 6 4 -5 -6 -7 -8
leaf_value=2.8552697536607183e-05 0.0057494077277084428 0.0080346270044336365 -0.00432623607874498 0.00084143527322187977 -0.00012914972710757151 -0.0073748490240138744 -0.0056154707130655823
leaf_weight=30.516353592276573 64.006056591868401 17.522373542189602 74.885706052184105 570.03783373534679 1372.1901267766953 60.312371522188187 8.8204171955585462
leaf_count=102 170 50 231 1614 4248 226 27
internal_value=-2.82617e-06 -0.00300985 0.000166476 0.00133689 -0.000346348 -0.00488748 0.00346413
internal_weight=2198.29 117.172 2081.12 634.044 1447.08 90.8287 26.3428
internal_count=6668 405 6263 1784 4479 328 77
is_linear=0
shrinkage=0.0103456


Tree=369
num_leaves=8
num_cat=0
split_feature=14 49 60 53 8 52 7
split_gain=6.94755 10.9945 12.1906 9.87766 8.49433 9.96704 9.70856
threshold=0.0012095762763855774 8.8050000000000012e-06 165.44581850000017 20.500000000000004 -0.00095895873930340592 4.0585000000000005e-05 0.026665112101491254
decision_type=2 2 2 2 2 2 2
left_child=1 2 -1 -3 5 -2 -6
right_child=4 3 -4 -5 6 -7 -8
leaf_value=0.0002552280201941779 -0.0023204860944555099 -0.005721503860604514 0.012958041977214509 -0.0012654788269695193 0.00056400742905154586 0.0021149015471002763 0.010304932262554753
leaf_weight=176.16323852539062 229.63376915454865 71.860559642314911 8.4751044958829862 205.52848674356937 1432.5160330832005 70.991617292165756 11.035745337605475
leaf_count=545 665 202 31 626 4342 219 38
internal_value=1.01943e-05 -0.00111781 0.000838301 -0.00241986 0.000309 -0.00127309 0.000638475
internal_weight=2206.2 462.027 184.638 277.389 1744.18 300.625 1443.55
internal_count=6668 1404 576 828 5264 884 4380
is_linear=0
shrinkage=0.0103456


Tree=370
num_leaves=8
num_cat=0
split_feature=36 13 62 43 44 21 53
split_gain=19.079 15.0751 10.5247 10.2396 10.1279 6.30865 4.83022
threshold=0.4738366797764948 1.3752819022496729 -0.00048131465257000844 -6.7114233444903146e-05 0.39093598596732565 25.728863894206707 7.5000000000000009
decision_type=2 2 2 2 2 2 2
left_child=2 3 5 -2 -4 -1 -3
right_child=1 6 4 -5 -6 -7 -8
leaf_value=0.005795448356509734 0.00094534509159037016 0.0062023942615882692 0.0045732732199511216 -0.00071489939108082871 -0.00078363215216373705 -0.0042422473585466951 -0.0026787634878390385
leaf_weight=97.907879322767258 717.12922650575638 6.7017896622419348 55.919370889663696 892.36914920806885 116.42035475373268 7.1940865963697425 298.31683497130871
leaf_count=261 2134 19 147 2734 327 21 1025
internal_value=-7.376e-06 -0.000374806 0.00252812 2.48403e-05 0.000954532 0.00510838 -0.00248363
internal_weight=2191.96 1914.52 277.442 1609.5 172.34 105.102 305.019
internal_count=6668 5912 756 4868 474 282 1044
is_linear=0
shrinkage=0.0103456


Tree=371
num_leaves=8
num_cat=0
split_feature=21 29 65 20 57 57 19
split_gain=10.4171 9.45398 15.3765 10.5057 7.28811 8.29996 6.44421
threshold=29.921341836059678 0.0067045699615427843 664.4582079999999 10.232273573236487 301.7754514999998 854.06047749999982 0.0073221292847429629
decision_type=2 2 2 2 2 2 2
left_child=1 3 -3 -1 6 -6 -2
right_child=4 2 -4 -5 5 -7 -8
leaf_value=-0.0029815862759785677 0.0074392059209809581 -0.0038289386855196506 0.0049623327261702184 0.00024612705489303717 -0.0031275278366616256 0.0094256181948966424 -0.0021952903360936797
leaf_weight=114.69764396548271 45.035814836621284 141.8994117975235 25.05439130961895 1829.7913732677698 25.414788320660591 7.2444334328174582 8.8989047557115537
leaf_count=396 113 484 73 5481 76 18 27
internal_value=-2.87659e-06 -0.000147111 -0.00250965 5.57371e-05 0.00351402 -0.000343002 0.00584957
internal_weight=2198.04 2111.44 166.954 1944.49 86.5939 32.6592 53.9347
internal_count=6668 6434 557 5877 234 94 140
is_linear=0
shrinkage=0.0103456


Tree=372
num_leaves=5
num_cat=0
split_feature=27 43 2 18
split_gain=6.91055 8.77413 8.86652 4.22707
threshold=0.0071812076660537913 0.0011244386500148292 82.462056794266275 0.0068742278395566023
decision_type=2 2 2 2
left_child=1 2 -1 -3
right_child=-2 3 -4 -5
leaf_value=1.5745566481556581e-05 0.0098392661403698019 -0.0065017913351963991 0.0083544339090330551 0.00093888718215261635
leaf_weight=2141.298570021987 7.6296169459819785 32.477774769067764 13.735635727643965 10.91955406963825
leaf_count=6473 26 89 46 34
internal_value=1.02571e-05 -2.38543e-05 6.88942e-05 -0.00462958
internal_weight=2206.06 2198.43 2155.03 43.3973
internal_count=6668 6642 6519 123
is_linear=0
shrinkage=0.0103456


Tree=373
num_leaves=8
num_cat=0
split_feature=37 13 35 43 46 14 64
split_gain=19.0398 10.8452 11.7997 10.302 12.5001 8.76599 6.50715
threshold=0.67622085396660425 0.85651756045005145 -0.0017559125772806381 -0.0001508581761822585 2.2060000000000006e-05 0.0010691554302291648 -306.03998549999966
decision_type=2 2 2 2 2 2 2
left_child=3 6 -3 5 -5 -1 -2
right_child=1 2 -4 4 -6 -7 -8
leaf_value=0.0077700304337800351 0.0053698752411409393 0.0016921217233949418 -0.0020850193216132226 -0.00099544918116071927 0.0022165980468037429 0.002181160573291924 4.5735422026879618e-05
leaf_weight=34.263441428542137 25.613684415817261 102.33747783303261 655.79710771143436 296.68052586913109 230.37175627052784 243.55662135779858 603.03145234286785
leaf_count=86 73 317 2163 865 652 697 1815
internal_value=-7.43033e-06 -0.00074205 -0.00157516 0.00125831 0.00040852 0.00287043 0.000262664
internal_weight=2191.65 1386.78 758.135 804.872 527.052 277.82 628.645
internal_count=6668 4368 2480 2300 1517 783 1888
is_linear=0
shrinkage=0.0103456


Tree=374
num_leaves=8
num_cat=0
split_feature=21 10 23 8 19 49 25
split_gain=10.2694 9.40863 20.1561 14.8082 7.49744 4.67214 3.29207
threshold=29.233308698724425 0.017488679176038888 -0.023008223134063251 -0.0013832307399012642 0.0087114515769775042 -1.5139999999999999e-05 0.0011992717458966242
decision_type=2 2 2 2 2 2 2
left_child=1 3 -3 -1 5 -2 -6
right_child=4 2 -4 -5 6 -7 -8
leaf_value=0.0034315748615065885 0.0090271465623382192 0.0079613054722296791 -0.0043220273247308091 -0.00021796278088361849 0.0026875788090068814 0.0031805703815564771 -0.0061120681269544929
leaf_weight=127.26766663789749 18.650159418582916 16.28858408331871 117.02643033862114 1831.4944752007723 7.4215162098407772 67.858457893133163 11.762492150068281
leaf_count=365 47 46 399 5572 21 180 38
internal_value=-2.88613e-06 -0.00016184 -0.00282124 1.91605e-05 0.00314345 0.00444102 -0.00270784
internal_weight=2197.77 2092.08 133.315 1958.76 105.693 86.5086 19.184
internal_count=6668 6382 445 5937 286 227 59
is_linear=0
shrinkage=0.0103456


Tree=375
num_leaves=5
num_cat=0
split_feature=20 51 2 60
split_gain=6.92905 6.94963 7.82797 6.28158
threshold=7.8455147169272719 54828.661000000007 76.608783599083282 313.68114750000024
decision_type=2 2 2 2
left_child=-1 2 -2 -3
right_child=1 3 -4 -5
leaf_value=0.0096355725784288693 -0.00032141859250404487 0.0022923542553562235 0.0036561873758662916 -0.0044805315803330553
leaf_weight=7.9761426150798789 1935.6692575663328 192.01044598221779 54.446095943450928 15.867928817868231
leaf_count=27 5846 580 171 44
internal_value=1.03442e-05 -2.45841e-05 -0.000212598 0.00177536
internal_weight=2205.97 2197.99 1990.12 207.878
internal_count=6668 6641 6017 624
is_linear=0
shrinkage=0.0103456


Tree=376
num_leaves=7
num_cat=0
split_feature=38 8 28 65 23 7
split_gain=18.8384 10.7037 15.5932 11.9461 8.92132 8.43663
threshold=0.67270114475410747 0.0024519831822789055 55.56513403152784 463.44137600000033 -0.023895847382645271 -0.00024732531436993938
decision_type=2 2 2 2 2 2
left_child=4 2 -2 -3 -1 -6
right_child=1 3 -4 -5 5 -7
leaf_value=-0.0077981832307704724 -0.00050200652861966404 0.010759989581201126 -0.0041718483992035562 -0.0020585390611094967 0.0023972529869098285 0.0002557676572011506
leaf_weight=11.482304662466047 1220.1081577390432 17.964169964194301 137.93300300836563 13.72803784906864 417.40577195584774 372.73328630626202
leaf_count=37 3791 48 489 40 1176 1087
internal_value=-7.5223e-06 -0.000736043 -0.000874744 0.00520742 0.00125548 0.00138705
internal_weight=2191.35 1389.73 1358.04 31.6922 801.621 790.139
internal_count=6668 4368 4280 88 2300 2263
is_linear=0
shrinkage=0.0103456


Tree=377
num_leaves=8
num_cat=0
split_feature=20 1 10 23 7 2 62
split_gain=10.1837 13.2444 11.4691 22.2287 10.3333 9.35495 2.27345
threshold=10.232273573236487 -2.3270132555518885e-05 0.00524494014626967 -0.0092045581397817138 -0.0039709117581731559 35.882031729095594 0.00018901968839790675
decision_type=2 2 2 2 2 2 2
left_child=1 6 3 -2 -3 -4 -1
right_child=2 4 5 -5 -6 -7 -8
leaf_value=-0.0090430793269883434 -0.0046606235048670839 0.0057350792384495176 0.0015733324053417491 0.0022380696927676268 -0.0028615971391477632 -0.00062562539098896916 -0.0045948159819854993
leaf_weight=27.151185810565948 56.028597056865692 22.5082066655159 245.77398550510406 463.94370898604393 44.658879622817039 1315.0087407529354 22.478961810469627
leaf_count=111 176 63 741 1283 147 4063 84
internal_value=-2.88272e-06 -0.00297547 0.000163975 0.00149471 1.92152e-05 -0.000279359 -0.00702833
internal_weight=2197.55 116.797 2080.76 519.972 67.1671 1560.78 49.6301
internal_count=6668 405 6263 1459 210 4804 195
is_linear=0
shrinkage=0.0103456


Tree=378
num_leaves=6
num_cat=0
split_feature=13 51 7 46 51
split_gain=6.86376 6.97221 7.23707 6.28207 5.49193
threshold=4.0858495607185183 54828.661000000007 0.0078373476951247873 -2.5029999999999996e-05 51022.723000000005
decision_type=2 2 2 2 2
left_child=1 2 -1 -3 -2
right_child=4 3 -4 -5 -6
leaf_value=-0.00052436412683828449 0.012473256511999134 -0.0018146950305189232 0.0010906633895691842 0.0026670658448120477 0.000304326841604044
leaf_weight=1618.2035207897425 8.4758422672748548 41.929907858371735 363.72363784909248 166.00881186127663 7.4660768061876288
leaf_count=4888 30 118 1104 506 22
internal_value=1.03509e-05 -3.88889e-05 -0.000227974 0.00176334 0.00677418
internal_weight=2205.81 2189.87 1981.93 207.939 15.9419
internal_count=6668 6616 5992 624 52
is_linear=0
shrinkage=0.0103456


Tree=379
num_leaves=8
num_cat=0
split_feature=37 13 8 43 46 14 7
split_gain=18.6592 10.6424 11.6637 10.1584 12.3138 8.61785 6.49568
threshold=0.67622085396660425 0.85651756045005145 0.002297267106653456 -0.0001508581761822585 2.2060000000000006e-05 0.0010691554302291648 0.019745261134706874
decision_type=2 2 2 2 2 2 2
left_child=3 6 -3 5 -5 -1 -2
right_child=1 2 -4 4 -6 -7 -8
leaf_value=0.0076990949283409788 0.00042862359777606123 -0.0017760328708759979 0.0061066139019169893 -0.00099273658238688669 0.0021949832585711746 0.0021618207683683651 -0.0062964551547791629
leaf_weight=34.32006299495697 612.88892967998981 736.66827028989792 20.65461240708828 296.59157530963421 230.50068388879299 243.67131625115871 15.767971247434614
leaf_count=86 1833 2421 59 865 652 697 55
internal_value=-7.43293e-06 -0.000735076 -0.00156105 0.00124523 0.000401273 0.00284544 0.000259945
internal_weight=2191.06 1385.98 757.323 805.084 527.092 277.991 628.657
internal_count=6668 4368 2480 2300 1517 783 1888
is_linear=0
shrinkage=0.0103456


Tree=380
num_leaves=8
num_cat=0
split_feature=20 1 10 23 7 2 62
split_gain=10.0388 13.1355 11.3035 21.9205 10.1833 9.23064 2.26797
threshold=10.232273573236487 -2.3270132555518885e-05 0.00524494014626967 -0.0092045581397817138 -0.0039709117581731559 35.882031729095594 0.00018901968839790675
decision_type=2 2 2 2 2 2 2
left_child=1 6 3 -2 -3 -4 -1
right_child=2 4 5 -5 -6 -7 -8
leaf_value=-0.0090230532731924683 -0.0046348155300122281 0.0056890539204921715 0.0015621174753252592 0.0022206404061485465 -0.0028421837476628443 -0.00062178188854784063 -0.0045720490796912431
leaf_weight=27.014841690659523 55.937849938869476 22.546690791845322 245.8920089751482 464.19294294714928 44.595315217971802 1314.6873054653406 22.422862946987152
leaf_count=111 176 63 741 1283 147 4063 84
internal_value=-2.97916e-06 -0.00295723 0.000162544 0.00148337 2.26573e-05 -0.000277677 -0.00700427
internal_weight=2197.29 116.58 2080.71 520.131 67.142 1560.58 49.4377
internal_count=6668 405 6263 1459 210 4804 195
is_linear=0
shrinkage=0.0103456


Tree=381
num_leaves=5
num_cat=0
split_feature=27 43 2 18
split_gain=6.78711 8.68621 8.67162 4.19153
threshold=0.0071812076660537913 0.0011244386500148292 82.462056794266275 0.0068742278395566023
decision_type=2 2 2 2
left_child=1 2 -1 -3
right_child=-2 3 -4 -5
leaf_value=1.6032865961072589e-05 0.0097390779658968231 -0.0064773648093553642 0.0082513933941295251 0.00093314123815598123
leaf_weight=2140.8632728904486 7.6484571397304526 32.411831319332123 13.773186177015303 10.922412320971487
leaf_count=6473 26 89 46 34
internal_value=1.02964e-05 -2.35576e-05 6.86762e-05 -0.00460954
internal_weight=2205.62 2197.97 2154.64 43.3342
internal_count=6668 6642 6519 123
is_linear=0
shrinkage=0.0103456


Tree=382
num_leaves=8
num_cat=0
split_feature=36 13 62 43 44 18 53
split_gain=18.4676 14.5426 10.3596 10.0146 9.91259 5.16126 4.74497
threshold=0.4738366797764948 1.3752819022496729 -0.00048131465257000844 -6.7114233444903146e-05 0.39093598596732565 0.0024347204549833861 7.5000000000000009
decision_type=2 2 2 2 2 2 2
left_child=2 3 5 -2 -4 -1 -3
right_child=1 6 4 -5 -6 -7 -8
leaf_value=0.0060254701266131208 0.00093291198385542695 0.0061569264301035501 0.0045018950023531495 -0.00070910402992358065 -0.00079540644955504989 -0.00030913980241218769 -0.0026386472784854205
leaf_weight=88.913677781820297 717.311917796731 6.7130092531442633 55.994839370250702 891.82415674626827 116.41266855597496 16.288747295737267 297.2842735350132
leaf_count=233 2134 19 147 2734 327 49 1025
internal_value=-7.35154e-06 -0.000369187 0.00248622 2.28649e-05 0.000925061 0.00504467 -0.00244442
internal_weight=2190.74 1913.13 277.61 1609.14 172.408 105.202 303.997
internal_count=6668 5912 756 4868 474 282 1044
is_linear=0
shrinkage=0.0103456


Tree=383
num_leaves=8
num_cat=0
split_feature=13 29 65 8 29 6 2
split_gain=9.98976 9.48801 16.6394 12.1273 6.1421 7.59914 6.97115
threshold=1.6917745130511428 0.0067045699615427843 664.4582079999999 0.0020264888639299765 0.00077128356011657584 -0.0017929838661019935 48.768630354131062
decision_type=2 2 2 2 2 2 2
left_child=1 3 -3 -1 5 -2 -6
right_child=4 2 -4 -5 6 -7 -8
leaf_value=-8.2156490491765223e-05 0.0024962869058349798 -0.0039648121519984432 0.004796705108230096 0.0098718174958953766 0.0099369943420368981 -0.0030585745311827012 0.002746863255998766
leaf_weight=1802.3254837244749 75.199832230806351 144.07766798138618 27.653222724795341 13.196347281336783 17.805778414011002 40.58520570397377 76.184828147292137
leaf_count=5459 225 492 80 39 44 116 213
internal_value=-3.00617e-06 -0.000229662 -0.00255398 -9.80479e-06 0.00214416 0.000549186 0.00410898
internal_weight=2197.03 1987.25 171.731 1815.52 209.776 115.785 93.9906
internal_count=6668 6070 572 5498 598 341 257
is_linear=0
shrinkage=0.0103456


Tree=384
num_leaves=7
num_cat=0
split_feature=3 29 30 14 46 54
split_gain=6.86794 7.69248 11.7719 8.27705 4.4126 0.0605077
threshold=0.007443159997044568 0.0025016297286858395 0.0012319790905203178 0.001107733836289982 8.5550000000000003e-06 0.0011006244212756757
decision_type=2 2 2 2 2 2
left_child=1 3 -3 -1 5 -2
right_child=4 2 -4 -5 -6 -7
leaf_value=-0.0017613020323546935 -0.0096517984999821352 0.0039159948144370689 0.00033134636230282413 8.0893047054220125e-05 -0.00056567697668283973 -0.0083196983411357745
leaf_weight=329.67888140678406 7.7180421352386492 123.80477200448513 471.43253053724766 1253.9565642476082 12.032556891441343 6.9236547499895096
leaf_count=995 21 399 1423 3773 37 20
internal_value=1.03813e-05 7.42579e-05 0.00107693 -0.000302612 -0.00520735 -0.00902189
internal_weight=2205.55 2178.87 595.237 1583.64 26.6743 14.6417
internal_count=6668 6590 1822 4768 78 41
is_linear=0
shrinkage=0.0103456


Tree=385
num_leaves=8
num_cat=0
split_feature=38 3 36 45 23 10 14
split_gain=18.3549 10.6506 13.7708 9.39142 9.25711 8.10483 3.18666
threshold=0.6606860586696478 0.0045622370455886676 0.45930583736015024 50715.913500000002 -0.021428548596486571 0.0054267307433467594 0.0028970086463658475
decision_type=2 2 2 2 2 2 2
left_child=4 2 -2 -3 6 -6 -1
right_child=1 3 -4 -5 5 -7 -8
leaf_value=-0.00051905099851280224 0.0035852194250561328 -0.00044726812016839608 -0.0012706468212384577 0.0046338772408715291 -0.00021798577578646634 0.0021562987051364315 -0.0090665181123339589
leaf_weight=7.6552991271019009 65.942256450653076 86.635681807994843 1200.4691239446402 70.709842175245285 216.79390032589436 530.29665221273899 11.965377569198607
leaf_count=23 184 254 3830 204 629 1503 41
internal_value=-7.43278e-06 -0.000702398 -0.0010178 0.00183616 0.00128309 0.00146732 -0.0057316
internal_weight=2190.47 1423.76 1266.41 157.346 766.711 747.091 19.6207
internal_count=6668 4472 4014 458 2196 2132 64
is_linear=0
shrinkage=0.0103456


Tree=386
num_leaves=7
num_cat=0
split_feature=21 30 6 47 11 9
split_gain=10.0141 9.23855 14.2496 13.7326 7.18398 9.19487
threshold=29.921341836059678 0.0020189523533601654 0.0022577872714008023 17.500000000000004 -0.0014703186851862113 1.0138752002064442
decision_type=2 2 2 2 2 2
left_child=1 3 -3 -1 -2 -6
right_child=4 2 -4 -5 5 -7
leaf_value=0.0019469854769945804 -0.011060979473108854 -0.00020020833103201075 -0.0035641542440363405 -0.00030487017035404798 0.0083035556087666003 0.0012676980817101168
leaf_weight=400.81363283097744 3.5060483813285819 474.09460791945457 188.31186699867249 1047.0704608410597 32.942033126950264 50.139482200145721
leaf_count=1176 10 1492 650 3116 81 143
internal_value=-3.01112e-06 -0.000144498 -0.00115653 0.000318505 0.00344527 0.00405743
internal_weight=2196.88 2110.29 662.406 1447.88 86.5876 83.0815
internal_count=6668 6434 2142 4292 234 224
is_linear=0
shrinkage=0.0103456


Tree=387
num_leaves=7
num_cat=0
split_feature=3 7 8 2 46 54
split_gain=6.79111 8.24772 17.4551 7.57915 4.37387 0.0601461
threshold=0.007443159997044568 -0.023054609778890452 0.0006980247404185792 76.608783599083282 8.5550000000000003e-06 0.0011006244212756757
decision_type=2 2 2 2 2 2
left_child=1 2 -1 -3 5 -2
right_child=4 3 -4 -5 -6 -7
leaf_value=0.0011855767753752801 -0.0096238942312005336 -0.00015011496037982717 0.014425066184792076 0.0036880941853641861 -0.00056727147776070637 -0.0082929461089457403
leaf_weight=62.954044431447983 7.6841289699077624 2046.44207239151 12.830746591091154 56.587863728404045 12.03249356150627 6.8950564414262772
leaf_count=190 21 6176 47 177 37 20
internal_value=1.05484e-05 7.39948e-05 0.00342709 -4.68373e-05 -0.00518409 -0.00899444
internal_weight=2205.43 2178.81 75.7848 2103.03 26.6117 14.5792
internal_count=6668 6590 237 6353 78 41
is_linear=0
shrinkage=0.0103456


Tree=388
num_leaves=8
num_cat=0
split_feature=37 6 28 43 28 3 29
split_gain=18.1222 10.7201 13.176 11.1185 10.4418 12.9213 9.04365
threshold=0.67622085396660425 0.001497786071705254 55.785773227995136 -0.0001508581761822585 55.785773227995136 0.0051467290520659809 0.010665376682060248
decision_type=2 2 2 2 2 2 2
left_child=1 3 -3 -1 6 -6 -2
right_child=4 2 -4 -5 5 -7 -8
leaf_value=0.0025062134119849312 -0.00054175897611705398 0.0044568366048524568 -0.00098639325683799869 -0.00059168784034200532 -0.0042195777852731793 0.0067428968343292558 0.0056316778626044808
leaf_weight=185.4990062713623 1208.8132766038179 181.24926936626434 64.548736497759819 374.02926279604435 137.50787872076035 12.559145092964171 25.943362191319466
leaf_count=523 3769 496 197 1084 492 34 73
internal_value=-7.58007e-06 0.00122648 0.0030274 0.000435352 -0.000725234 -0.00330213 -0.000412049
internal_weight=2190.15 805.326 245.798 559.528 1384.82 150.067 1234.76
internal_count=6668 2300 693 1607 4368 526 3842
is_linear=0
shrinkage=0.0103456


Tree=389
num_leaves=8
num_cat=0
split_feature=21 10 23 8 40 23 38
split_gain=9.88887 9.18709 19.7845 14.4754 7.34015 5.11615 4.3954
threshold=29.233308698724425 0.017488679176038888 -0.023008223134063251 -0.0013832307399012642 0.0002935138344123519 0.0042788123967905109 0.62873945949127819
decision_type=2 2 2 2 2 2 2
left_child=1 3 -3 -1 6 -6 -2
right_child=4 2 -4 -5 5 -7 -8
leaf_value=0.0033907805440904081 -0.00078018386952858688 0.0078749133053892754 -0.0042846990438239196 -0.00021515299902125057 -0.0049455475434582695 0.0024386914648716852 0.0066395080161475994
leaf_weight=127.44995085895061 10.259823873639105 16.327438443899155 116.59604281187057 1830.5385146588087 15.384074926376341 28.923843681812286 51.145570233464241
leaf_count=365 28 46 399 5572 50 80 128
internal_value=-3.03297e-06 -0.000159114 -0.00279109 1.95655e-05 0.0030841 -0.000125177 0.0053998
internal_weight=2196.63 2090.91 132.923 1957.99 105.713 44.3079 61.4054
internal_count=6668 6382 445 5937 286 130 156
is_linear=0
shrinkage=0.0103456


Tree=390
num_leaves=5
num_cat=0
split_feature=20 13 51 51
split_gain=6.77321 6.83526 7.14482 5.38699
threshold=7.8455147169272719 4.0858495607185183 54828.661000000007 51022.723000000005
decision_type=2 2 2 2
left_child=-1 2 -2 -3
right_child=1 3 -4 -5
leaf_value=0.0095141738125691551 -0.00026544851074752977 0.012357909707597304 0.0017505812861197984 0.00031004087304614588
leaf_weight=7.997744381427764 1973.3595545738935 8.4928621351718885 207.98394531011581 7.4627617597579947
leaf_count=27 5965 30 624 22
internal_value=1.07138e-05 -2.38769e-05 -7.32267e-05 0.00672288
internal_weight=2205.3 2197.3 2181.34 15.9556
internal_count=6668 6641 6589 52
is_linear=0
shrinkage=0.0103456


Tree=391
num_leaves=7
num_cat=0
split_feature=38 8 28 65 23 7
split_gain=17.9658 10.2772 15.1029 11.6524 8.68525 8.32836
threshold=0.67270114475410747 0.0024519831822789055 55.56513403152784 463.44137600000033 -0.023895847382645271 -0.00024732531436993938
decision_type=2 2 2 2 2 2
left_child=4 2 -2 -3 -1 -6
right_child=1 3 -4 -5 5 -7
leaf_value=-0.0077374111895767992 -0.00049017942042019257 0.010566837325461164 -0.0041122428560956339 -0.0020841026213438397 0.0023574123845690417 0.000230336504568535
leaf_weight=11.408503264188765 1218.9490550905466 18.026389569044117 137.0701327174902 13.726336464285849 417.7683522105217 372.85782918334007
leaf_count=37 3791 48 489 40 1176 1087
internal_value=-7.68644e-06 -0.000720071 -0.000856308 0.00509798 0.00122496 0.00135429
internal_weight=2189.81 1387.77 1356.02 31.7527 802.035 790.626
internal_count=6668 4368 4280 88 2300 2263
is_linear=0
shrinkage=0.0103456


Tree=392
num_leaves=8
num_cat=0
split_feature=20 40 3 65 12 17 62
split_gain=9.92392 13.0023 10.9611 12.791 11.4681 9.52591 2.48751
threshold=10.232273573236487 -2.2478524524619865e-05 0.0019720161663027663 -144.76427400000048 0.00093149266132793894 -3.9881766477786602e-05 0.00018901968839790675
decision_type=2 2 2 2 2 2 2
left_child=1 6 3 -2 -4 -3 -1
right_child=2 5 4 -5 -6 -7 -8
leaf_value=-0.0090725080519377509 0.0055424962331454847 -0.0070898878088323306 -0.0042855340341387289 0.0007869355959088636 -0.00012121254108518084 0.0021269056611649124 -0.0043662656864488225
leaf_weight=27.432960003614426 67.77425192296505 15.609223514795302 74.635169506072998 566.8484268784523 1370.7296492308378 51.938959047198296 21.396269768476486
leaf_count=111 179 56 231 1605 4248 158 80
internal_value=-3.09392e-06 -0.00294306 0.0001614 0.0012948 -0.000336248 -2.93683e-06 -0.0070103
internal_weight=2196.36 116.377 2079.99 634.623 1445.36 67.5482 48.8292
internal_count=6668 405 6263 1784 4479 214 191
is_linear=0
shrinkage=0.0103456


Tree=393
num_leaves=7
num_cat=0
split_feature=3 7 8 29 46 41
split_gain=6.6843 8.10052 17.1444 7.58864 4.70946 1.35829
threshold=0.007443159997044568 -0.023054609778890452 0.0006980247404185792 0.0025016297286858395 1.9145000000000004e-05 0.79615168854964247
decision_type=2 2 2 2 2 2
left_child=1 2 -1 -3 5 -2
right_child=4 3 -4 -5 -6 -7
leaf_value=0.0011712650498586137 -0.0095590507319947352 -0.00042593071074090269 0.014272897867639136 0.0009710451440531465 0.0024105649891359164 -0.0038103967255694927
leaf_weight=62.987215742468834 13.347230970859533 1531.2073871344328 12.875379279255865 571.5521679520607 6.6162949353456488 6.5620366036891928
leaf_count=190 37 4605 47 1748 21 20
internal_value=1.07551e-05 7.36054e-05 0.00339487 -4.6218e-05 -0.00515133 -0.00766431
internal_weight=2205.15 2178.62 75.8626 2102.76 26.5256 19.9093
internal_count=6668 6590 237 6353 78 57
is_linear=0
shrinkage=0.0103456


Tree=394
num_leaves=7
num_cat=0
split_feature=13 13 7 22 6 56
split_gain=17.869 10.5451 9.09641 8.19954 9.61112 5.01287
threshold=0.59674034826330924 1.3752819022496729 0.0040891535934913801 28.353845151788018 0.0017847069455997346 -439.34682549999985
decision_type=2 2 2 2 2 2
left_child=3 2 -2 4 -1 -3
right_child=1 5 -4 -5 -6 -7
leaf_value=0.00055097845904479147 0.00039574423567631371 -0.0071993252304562083 -0.0015008778491939932 0.0097253776390881577 0.0036195201437837104 -0.0019222951291666182
leaf_weight=399.85134041309357 935.2799254655838 20.640517607331276 380.88162466883659 12.92633770406246 150.32321353256702 289.60857534408569
leaf_count=1118 2813 72 1223 34 414 994
internal_value=-7.63422e-06 -0.000557569 -0.000153116 0.00158075 0.00138939 -0.00227337
internal_weight=2189.51 1626.41 1316.16 563.101 550.175 310.249
internal_count=6668 5102 4036 1566 1532 1066
is_linear=0
shrinkage=0.0103456


Tree=395
num_leaves=8
num_cat=0
split_feature=20 1 3 65 12 12 8
split_gain=9.78236 12.9094 10.7938 12.5971 11.3304 10.2851 10.0293
threshold=10.232273573236487 0.00013664593275728432 0.0019720161663027663 -147.60288349999988 0.00093149266132793894 0.00067464252570347851 0.00047671477328836703
decision_type=2 2 2 2 2 2 2
left_child=1 5 3 -2 -4 -1 -3
right_child=2 6 4 -5 -6 -7 -8
leaf_value=0.00011006793422647045 0.0056285958336425215 0.0079581480935975984 -0.0042629146342492603 0.00079554559506106405 -0.00012038186686868949 -0.007292624853812559 -0.0055804172267866353
leaf_weight=30.330402106046677 64.218150019645691 17.56005443632603 74.510761201381683 570.60736751556396 1370.6121403574944 59.48770609498024 8.7871681153774244
leaf_count=102 170 50 231 1614 4248 226 27
internal_value=-3.18806e-06 -0.00292491 0.000159991 0.00128445 -0.000333971 -0.00479283 0.00344285
internal_weight=2196.11 116.165 2079.95 634.826 1445.12 89.8181 26.3472
internal_count=6668 405 6263 1784 4479 328 77
is_linear=0
shrinkage=0.0103456


Tree=396
num_leaves=5
num_cat=0
split_feature=20 13 51 51
split_gain=6.65562 6.71444 7.01582 5.29531
threshold=7.8455147169272719 4.0858495607185183 54828.661000000007 51022.723000000005
decision_type=2 2 2 2
left_child=-1 2 -2 -3
right_child=1 3 -4 -5
leaf_value=0.0094219171108819791 -0.00026306621534050574 0.012237384392031264 0.0017343111668981749 0.00029943880793672784
leaf_weight=8.0137522816658002 1972.9507237225771 8.5107259899377805 208.07353037595749 7.4653405249118796
leaf_count=27 5965 30 624 22
internal_value=1.0765e-05 -2.3563e-05 -7.25129e-05 0.00665899
internal_weight=2205.01 2197 2181.02 15.9761
internal_count=6668 6641 6589 52
is_linear=0
shrinkage=0.0103456


Tree=397
num_leaves=8
num_cat=0
split_feature=36 7 7 3 6 60 51
split_gain=17.6965 12.5175 10.6942 11.242 9.74236 9.46474 6.92103
threshold=0.65556881127166389 0.0038059716505419732 -0.015315066187425784 0.0044876047200125306 0.0053042780929084552 117.09792700000014 53824.16550000001
decision_type=2 2 2 2 2 2 2
left_child=2 4 6 -4 -2 -3 -1
right_child=1 5 3 -5 -6 -7 -8
leaf_value=-0.0070466250167033105 -0.00022888401524322761 -0.0011894684326052667 0.0012664310201909899 0.0061131877313269243 0.0054904469657767966 -0.0045952982995452812 0.00013037052417611325
leaf_weight=25.102168411016464 986.47629098594189 311.74541334807873 622.11556711792946 55.817736566066742 32.942285567522049 121.31926666200161 33.673110783100128
leaf_count=74 3062 1023 1746 146 96 421 100
internal_value=-7.59877e-06 -0.000670046 0.00129847 0.00166549 -4.40651e-05 -0.00214358 -0.00293483
internal_weight=2189.19 1452.48 736.709 677.933 1019.42 433.065 58.7753
internal_count=6668 4602 2066 1892 3158 1444 174
is_linear=0
shrinkage=0.0103456


Tree=398
num_leaves=8
num_cat=0
split_feature=7 3 65 57 51 65 56
split_gain=9.71742 18.024 20.9919 18.1409 16.5673 23.2208 14.2653
threshold=0.00071551402313452261 0.0021644674951576599 99.421313999999811 -194.85107049999996 47311.810500000014 284.97429799999986 88.433515500000127
decision_type=2 2 2 2 2 2 2
left_child=4 3 -3 -2 5 -1 -6
right_child=1 2 -4 -5 6 -7 -8
leaf_value=0.0039775057850649073 0.011360680167298057 -0.0019748913200050228 0.0019461314333792672 0.002016214713330819 -0.00046188281137449574 -0.0098019089570496234 -0.0034381928203908638
leaf_weight=134.44056499004364 23.868486285209656 342.87740990519524 254.69248332083225 325.1996840685606 886.31835599243641 14.50161652266979 213.97146938741207
leaf_count=392 60 1099 774 916 2691 53 683
internal_value=-3.23413e-06 0.00078737 -0.000303698 0.00265517 -0.000602335 0.00263589 -0.00104068
internal_weight=2195.87 946.638 597.57 349.068 1249.23 148.942 1100.29
internal_count=6668 2849 1873 976 3819 445 3374
is_linear=0
shrinkage=0.0103456


Tree=399
num_leaves=5
num_cat=0
split_feature=27 3 2 10
split_gain=6.64261 8.48193 7.33418 2.68058
threshold=0.0071812076660537913 0.007443159997044568 76.608783599083282 0.030630780050583509
decision_type=2 2 2 2
left_child=1 2 -1 -3
right_child=-2 3 -4 -5
leaf_value=-5.2345105107888004e-05 0.0096235501512899786 -0.0015459399290683772 0.0037111248732474688 -0.008579536572401977
leaf_weight=2115.2571018338203 7.6673698723316184 9.1337199807167071 56.914122894406319 15.886819645762442
leaf_count=6391 26 28 178 45
internal_value=1.08205e-05 -2.27243e-05 4.62634e-05 -0.00601193
internal_weight=2204.86 2197.19 2172.17 25.0205
internal_count=6668 6642 6569 73
is_linear=0
shrinkage=0.0103456


Tree=400
num_leaves=8
num_cat=0
split_feature=36 13 62 43 44 18 56
split_gain=17.5272 13.8292 10.1245 9.7953 9.69811 5.06673 4.71107
threshold=0.4738366797764948 1.3752819022496729 -0.00048131465257000844 -6.7114233444903146e-05 0.39093598596732565 0.0024347204549833861 -439.34682549999985
decision_type=2 2 2 2 2 2 2
left_child=2 3 5 -2 -4 -1 -3
right_child=1 6 4 -5 -6 -7 -8
leaf_value=0.005917511991051924 0.00092087244829316332 -0.0071700442894704567 0.0044111228056712432 -0.0007033481276263856 -0.00082535662277387811 -0.00035583517846056326 -0.0020411771670115191
leaf_weight=89.065191030502319 717.37952567636967 20.566650912165642 56.087599739432335 891.01862345635891 116.44991225004196 16.301976472139359 281.99209414422512
leaf_count=233 2134 72 147 2734 327 49 972
internal_value=-7.5842e-06 -0.000360626 0.00242004 2.10885e-05 0.000876891 0.00494693 -0.00238982
internal_weight=2188.86 1910.96 277.905 1608.4 172.538 105.367 302.559
internal_count=6668 5912 756 4868 474 282 1044
is_linear=0
shrinkage=0.0103456


Tree=401
num_leaves=7
num_cat=0
split_feature=21 30 28 47 11 9
split_gain=9.66311 8.85097 13.99 13.5615 7.05235 9.03969
threshold=29.921341836059678 0.0020189523533601654 52.174537348051182 17.500000000000004 -0.0014703186851862113 1.0138752002064442
decision_type=2 2 2 2 2 2
left_child=1 3 -3 -1 -2 -6
right_child=4 2 -4 -5 5 -7
leaf_value=0.0019283135651366691 -0.011012805178730031 -0.00018172640094930742 -0.0035119786332461927 -0.00030915761132614656 0.0081980343968249391 0.0012229958884470591
leaf_weight=400.99777129292488 3.4949469566345206 472.0884957909584 189.0933566391468 1046.8842408061028 32.957796588540077 50.146270394325256
leaf_count=1176 10 1492 650 3116 81 143
internal_value=-3.30511e-06 -0.000142379 -0.00113416 0.000310521 0.00338374 0.00398919
internal_weight=2195.66 2109.06 661.182 1447.88 86.599 83.1041
internal_count=6668 6434 2142 4292 234 224
is_linear=0
shrinkage=0.0103456


Tree=402
num_leaves=8
num_cat=0
split_feature=14 47 28 8 52 7 65
split_gain=6.54591 10.9603 10.6754 8.16933 9.78254 9.43564 7.74737
threshold=0.0012095762763855774 48.500000000000007 45.273838610227948 -0.00095895873930340592 4.0585000000000005e-05 0.026665112101491254 -31.460850500000145
decision_type=2 2 2 2 2 2 2
left_child=1 2 -1 4 -2 -5 -3
right_child=3 6 -4 5 -6 -7 -8
leaf_value=0.0048075020641416433 -0.0022917456423919326 -0.0019798636761114538 -0.002005406162144422 0.00055004299640558688 0.0021032193693216309 0.010132602041239374 0.0074593687328535479
leaf_weight=26.256194218993187 229.1711495667696 14.540528953075407 394.27042353153229 1432.5602392405272 71.001240834593773 11.083316281437872 25.85565397143364
leaf_count=88 665 44 1182 4342 219 38 90
internal_value=1.09014e-05 -0.00108558 -0.00158003 0.000300721 -0.00125218 0.000623611 0.00406174
internal_weight=2204.74 460.923 420.527 1743.82 300.172 1443.64 40.3962
internal_count=6668 1404 1270 5264 884 4380 134
is_linear=0
shrinkage=0.0103456


Tree=403
num_leaves=7
num_cat=0
split_feature=38 40 20 10 23 13
split_gain=17.4059 9.66985 12.6043 11.8241 8.5595 7.436
threshold=0.67270114475410747 -9.1174012301476926e-05 12.496223290934498 0.025551849775305158 -0.023895847382645271 0.65536903324338869
decision_type=2 2 2 2 2 2
left_child=4 2 -2 -3 -1 -6
right_child=1 3 -4 -5 5 -7
leaf_value=-0.0077076738869239422 0.0036434882338057099 -0.0017005411943013845 -0.0003887175639481492 0.0053168712247883129 0.0024112249722596955 0.0003996393887539267
leaf_weight=11.369059696793554 99.493256539106369 760.51137235760689 499.7715894728899 26.598603650927544 367.07616496086121 423.73306982219219
leaf_count=37 305 2458 1537 68 987 1276
internal_value=-7.68198e-06 -0.000709496 0.000280731 -0.0014634 0.00120524 0.00133337
internal_weight=2188.55 1386.37 599.265 787.11 802.178 790.809
internal_count=6668 4368 1842 2526 2300 2263
is_linear=0
shrinkage=0.0103456


Tree=404
num_leaves=8
num_cat=0
split_feature=20 40 10 23 7 6 23
split_gain=9.6474 12.8304 10.7157 21.5133 10.1135 9.8373 1.86452
threshold=10.232273573236487 -2.2478524524619865e-05 0.00524494014626967 -0.0092045581397817138 -0.0039709117581731559 -0.0039357044143526468 0.0064547657820177582
decision_type=2 2 2 2 2 2 2
left_child=1 6 3 -2 -3 -4 -1
right_child=2 4 5 -5 -6 -7 -8
leaf_value=-0.0078249832316072375 -0.0046216059605365626 0.0056534865161902642 0.0016932540811406074 0.0021731180966269846 -0.0028333075682949915 -0.00061444464275327098 -0.0021673862278028832
leaf_weight=41.132699176669121 55.870915681123734 22.600097820162773 232.33926092088223 464.68471319973469 44.86185921728611 1326.5720994472504 7.3485860973596564
leaf_count=162 176 65 693 1283 149 4111 29
internal_value=-3.28974e-06 -0.0029077 0.000158649 0.00144384 9.8115e-06 -0.000270507 -0.00696743
internal_weight=2195.41 115.943 2079.47 520.556 67.462 1558.91 48.4813
internal_count=6668 405 6263 1459 214 4804 191
is_linear=0
shrinkage=0.0103456


Tree=405
num_leaves=7
num_cat=0
split_feature=3 7 8 29 46 41
split_gain=6.5383 7.91485 16.7816 7.40779 4.65045 1.35149
threshold=0.007443159997044568 -0.023054609778890452 0.0006980247404185792 0.0025016297286858395 1.9145000000000004e-05 0.79615168854964247
decision_type=2 2 2 2 2 2
left_child=1 2 -1 -3 5 -2
right_child=4 3 -4 -5 -6 -7
leaf_value=0.0011515217148566166 -0.0095175995474089375 -0.00042092403677571435 0.014091307882749191 0.00095923735860880773 0.0024007395636885739 -0.003768377719300664
leaf_weight=63.029990404844284 13.246465921401983 1530.5189830511808 12.927609786391256 571.72593180835247 6.6174556612968436 6.5354723930358878
leaf_count=190 37 4605 47 1748 21 20
internal_value=1.09408e-05 7.29666e-05 0.00335381 -4.55757e-05 -0.00510678 -0.0076182
internal_weight=2204.6 2178.2 75.9576 2102.24 26.3994 19.7819
internal_count=6668 6590 237 6353 78 57
is_linear=0
shrinkage=0.0103456


Tree=406
num_leaves=8
num_cat=0
split_feature=37 6 28 43 28 3 47
split_gain=17.2751 10.4662 12.806 10.802 10.0751 12.4477 7.56375
threshold=0.67622085396660425 0.001497786071705254 55.785773227995136 -0.0001508581761822585 55.785773227995136 0.0051467290520659809 26.500000000000004
decision_type=2 2 2 2 2 2 2
left_child=1 3 -3 -1 6 -6 -2
right_child=4 2 -4 -5 5 -7 -8
leaf_value=0.0024546138929315959 0.00010300398644368268 0.0043828006170918941 -0.00098571225875698472 -0.00059797239097816336 -0.004156157908038919 0.0065961001658541314 -0.0017012976554548044
leaf_weight=185.69245290756226 888.18556791543961 181.44905818998814 64.449670225381851 373.90812592208385 136.57297821342945 12.586025163531302 345.37362042069435
leaf_count=523 2752 496 197 1084 492 34 1090
internal_value=-7.65651e-06 0.0011967 0.00297572 0.000414968 -0.000709253 -0.00324888 -0.000402167
internal_weight=2188.22 805.499 245.899 559.601 1382.72 149.159 1233.56
internal_count=6668 2300 693 1607 4368 526 3842
is_linear=0
shrinkage=0.0103456


Tree=407
num_leaves=7
num_cat=0
split_feature=7 10 51 65 61 56
split_gain=9.57788 18.393 16.3134 22.8708 15.5406 14.0392
threshold=0.00071551402313452261 0.0022979617292036244 47311.810500000014 284.97429799999986 99.225957999999835 88.433515500000127
decision_type=2 2 2 2 2 2
left_child=2 -2 3 -1 -3 -4
right_child=1 4 5 -5 -6 -7
leaf_value=0.0039399963723341976 0.01313883551408135 -0.00051190100698934307 -0.0004597491110025127 -0.0097695953092204729 0.0021964014693964099 -0.0034146473289522086
leaf_weight=134.62185487151146 12.718728289008139 545.86091929674149 886.00622181594372 14.419049665331839 387.93414789438248 213.58235162496567
leaf_count=392 32 1667 2691 53 1150 683
internal_value=-3.35558e-06 0.000781543 -0.000598342 0.00261365 0.000613231 -0.0010337
internal_weight=2195.14 946.514 1248.63 149.041 933.795 1099.59
internal_count=6668 2849 3819 445 2817 3374
is_linear=0
shrinkage=0.0103456


Tree=408
num_leaves=4
num_cat=0
split_feature=20 27 43
split_gain=6.52386 6.54555 8.32959
threshold=7.8455147169272719 0.0071812076660537913 0.0011244386500148292
decision_type=2 2 2
left_child=-1 2 -2
right_child=1 -3 -4
leaf_value=0.0093179463092320017 3.4010624538396613e-05 0.0095062782158164948 -0.0045579851028213058
leaf_weight=8.0319670736789686 2145.6469750255346 7.6880749464035025 43.129875689744949
leaf_count=27 6492 26 123
internal_value=1.10301e-05 -2.30031e-05 -5.64747e-05
internal_weight=2204.5 2196.46 2188.78
internal_count=6668 6641 6615
is_linear=0
shrinkage=0.0103456


Tree=409
num_leaves=8
num_cat=0
split_feature=38 36 28 3 23 62 14
split_gain=17.0699 10.1167 13.4232 12.5208 8.8603 7.94016 3.1571
threshold=0.6606860586696478 0.45930583736015024 48.669262268193911 0.0045622370455886676 -0.021428548596486571 -0.0033149212078373842 0.0028970086463658475
decision_type=2 2 2 2 2 2 2
left_child=4 2 -2 -3 6 -6 -1
right_child=1 3 -4 -5 5 -7 -8
leaf_value=-0.00045945400871587078 0.009814670398471035 -0.0012354406406890383 0.00012810129350428214 0.0019216869237356356 0.0068571886932783524 0.0012064840263577021 -0.00899190079396338
leaf_weight=7.6274881362915066 22.085819080471992 1197.2437996715307 49.923545897006989 151.45944614708424 27.637254983186722 720.08463609218597 11.856159910559652
leaf_count=23 60 3830 140 442 73 2059 41
internal_value=-7.64888e-06 -0.00067917 0.00309905 -0.000880895 0.00123588 0.00141535 -0.00565161
internal_weight=2187.92 1420.71 72.0094 1348.7 767.206 747.722 19.4836
internal_count=6668 4472 200 4272 2196 2132 64
is_linear=0
shrinkage=0.0103456


Tree=410
num_leaves=8
num_cat=0
split_feature=20 1 10 23 7 6 62
split_gain=9.50377 12.7017 10.4779 21.1953 9.81712 9.63668 2.26892
threshold=10.232273573236487 -2.3270132555518885e-05 0.00524494014626967 -0.0092045581397817138 -0.0039709117581731559 -0.0039357044143526468 0.00018901968839790675
decision_type=2 2 2 2 2 2 2
left_child=1 6 3 -2 -3 -4 -1
right_child=2 4 5 -5 -6 -7 -8
leaf_value=-0.008954506290903828 -0.004597962529382979 0.0055777805221660396 0.0016753724535291188 0.0021505197471193521 -0.0027944460822980463 -0.00060806023006906157 -0.0044690596769210861
leaf_weight=26.508726388216019 55.789143860340118 22.627718269824982 232.50418491661549 464.99973158538342 44.414231449365616 1325.9761309325695 22.161254987120628
leaf_count=111 176 63 693 1283 147 4111 84
internal_value=-3.45369e-06 -0.00288919 0.000157138 0.00142759 3.13128e-05 -0.000267403 -0.00691212
internal_weight=2194.98 115.712 2079.27 520.789 67.0419 1558.48 48.67
internal_count=6668 405 6263 1459 210 4804 195
is_linear=0
shrinkage=0.0103456


Tree=411
num_leaves=6
num_cat=0
split_feature=13 51 7 22 51
split_gain=6.51834 6.60594 7.05387 6.33981 5.21093
threshold=4.0858495607185183 54828.661000000007 0.0078373476951247873 24.592616113879902 51022.723000000005
decision_type=2 2 2 2 2
left_child=1 2 -1 -3 -2
right_child=4 3 -4 -5 -6
leaf_value=-0.00051422995080860898 0.012117443718201048 0.00089314829540012327 0.0010804460662541654 0.0056772979823367254 0.00028231462341032324
leaf_weight=1616.5627653300762 8.5272323042154294 172.34275081753731 363.68361619114876 35.806623548269272 7.4699983894824973
leaf_count=4888 30 510 1104 114 22
internal_value=1.10258e-05 -3.70737e-05 -0.000221359 0.00171614 0.00659096
internal_weight=2204.39 2188.4 1980.25 208.149 15.9972
internal_count=6668 6616 5992 624 52
is_linear=0
shrinkage=0.0103456


Tree=412
num_leaves=7
num_cat=0
split_feature=13 13 37 22 6 56
split_gain=16.9674 10.0643 8.92605 8.01007 9.30626 4.93478
threshold=0.59674034826330924 1.3752819022496729 0.40108808151309289 28.353845151788018 0.0017847069455997346 -439.34682549999985
decision_type=2 2 2 2 2 2
left_child=3 2 -2 4 -1 -3
right_child=1 5 -4 -5 -6 -7
leaf_value=0.00052511673953307188 0.0045677010585359161 -0.0071326785228014349 -0.00030347938956800741 0.0095800936356982367 0.0035435388602781913 -0.001876152623908216
leaf_weight=399.95693348348141 41.577191963791847 20.47187913954258 1273.7132894098759 12.95585313439369 150.45374070107937 288.501853749156
leaf_count=1118 118 72 3918 34 414 994
internal_value=-7.60885e-06 -0.000544201 -0.000149498 0.00153946 0.0013502 -0.00222444
internal_weight=2187.63 1624.26 1315.29 563.367 550.411 308.974
internal_count=6668 5102 4036 1566 1532 1066
is_linear=0
shrinkage=0.0103456


Tree=413
num_leaves=6
num_cat=0
split_feature=29 21 7 57 13
split_gain=9.50855 10.1186 9.76962 7.05986 0.265071
threshold=0.019296751342335331 29.921341836059678 -0.034455415227050749 301.7754514999998 0.68711851973173454
decision_type=2 2 2 2 2
left_child=1 2 -1 -3 -2
right_child=4 3 -4 -5 -6
leaf_value=0.0063800292469797879 -0.0066040389797557952 0.005857699095974887 -0.00016824380682476449 -0.00027999536485141249 -0.0095634262695019207
leaf_weight=24.676492869853973 5.0753767490386954 53.170595616102219 2070.6378993541002 32.209648787975311 8.9555145353078824
leaf_count=71 19 137 6316 92 33
internal_value=-3.49012e-06 5.11321e-05 -9.11249e-05 0.00354226 -0.00849293
internal_weight=2194.73 2180.69 2095.31 85.3802 14.0309
internal_count=6668 6616 6387 229 52
is_linear=0
shrinkage=0.0103456


Tree=414
num_leaves=7
num_cat=0
split_feature=3 7 8 29 46 41
split_gain=6.41571 7.7783 16.4628 7.3251 4.60457 1.347
threshold=0.007443159997044568 -0.023054609778890452 0.0006980247404185792 0.0025016297286858395 1.9145000000000004e-05 0.79615168854964247
decision_type=2 2 2 2 2 2
left_child=1 2 -1 -3 5 -2
right_child=4 3 -4 -5 -6 -7
leaf_value=0.001139755914485369 -0.0094835391982969544 -0.00041853045883820047 0.013938163259868946 0.00095390820230629319 0.0023962197136605367 -0.0037305969738184188
leaf_weight=63.047051385045052 13.164089351892477 1530.1266797780991 12.970420166850088 571.77818234264851 6.6177378445863715 6.510586440563201
leaf_count=190 37 4605 47 1748 21 20
internal_value=1.10644e-05 7.23907e-05 0.00332347 -4.51879e-05 -0.00506888 -0.00757982
internal_weight=2204.21 2177.92 76.0175 2101.9 26.2924 19.6747
internal_count=6668 6590 237 6353 78 57
is_linear=0
shrinkage=0.0103456


Tree=415
num_leaves=8
num_cat=0
split_feature=37 6 28 43 28 3 29
split_gain=16.7845 10.2481 12.5578 10.6226 9.8982 12.207 8.71665
threshold=0.67622085396660425 0.001497786071705254 55.785773227995136 -0.0001508581761822585 55.785773227995136 0.0051467290520659809 0.010665376682060248
decision_type=2 2 2 2 2 2 2
left_child=1 3 -3 -1 6 -6 -2
right_child=4 2 -4 -5 5 -7 -8
leaf_value=0.0024272192860067508 -0.00052321518067287558 0.0043306693976853773 -0.00098583495884292161 -0.00059936734163313526 -0.0041230724081781096 0.0065192803142023097 0.0055330053201777477
leaf_weight=185.80932775139809 1206.9214968234301 181.63753196597099 64.417470067739487 373.84896074235439 136.10583777725697 12.604076385498045 25.984332531690598
leaf_count=523 3769 496 197 1084 492 34 73
internal_value=-7.62514e-06 0.00117912 0.0029388 0.000405474 -0.000699697 -0.00322107 -0.000395576
internal_weight=2187.33 805.713 246.055 559.658 1381.62 148.71 1232.91
internal_count=6668 2300 693 1607 4368 526 3842
is_linear=0
shrinkage=0.0103456


Tree=416
num_leaves=7
num_cat=0
split_feature=7 10 48 65 61 17
split_gain=9.48033 18.0064 16.0274 22.8917 15.3355 10.9641
threshold=0.00071551402313452261 0.0022979617292036244 47232.369500000008 284.97429799999986 99.225957999999835 9.2588600742753112e-05
decision_type=2 2 2 2 2 2
left_child=2 -2 3 -1 -3 -4
right_child=1 4 5 -5 -6 -7
leaf_value=0.0040383411965217251 0.012982696983691755 -0.00050767430112123998 -0.00058301422443533411 -0.0097389866721929869 0.0021827242136086902 -0.0034604489100640901
leaf_weight=128.97040000557899 12.762782514095305 545.603002384305 937.82879488170147 14.343708232045172 388.0494310259819 166.96881672739983
leaf_count=373 32 1667 2864 53 1150 529
internal_value=-3.51314e-06 0.000777367 -0.000595637 0.00265943 0.000610523 -0.00101788
internal_weight=2194.53 946.415 1248.11 143.314 933.652 1104.8
internal_count=6668 2849 3819 426 2817 3393
is_linear=0
shrinkage=0.0103456


Tree=417
num_leaves=6
num_cat=0
split_feature=13 51 7 2 51
split_gain=6.4008 6.47337 6.98333 6.28429 5.12751
threshold=4.0858495607185183 54828.661000000007 0.0078373476951247873 32.42868860189072 51022.723000000005
decision_type=2 2 2 2 2
left_child=1 2 -1 -3 -2
right_child=4 3 -4 -5 -6
leaf_value=-0.00051051283971237588 0.012001943250603662 0.0068261109955046187 0.0010761444882778808 0.0010686363247594441 0.0002689040847209497
leaf_weight=1616.1420052647591 8.5438540130853671 22.784196048974991 363.71880851686001 185.44273500144482 7.4739166647195807
leaf_count=4888 30 74 1104 550 22
internal_value=1.11626e-05 -3.65383e-05 -0.000219029 0.00169862 0.00652729
internal_weight=2204.11 2188.09 1979.86 208.227 16.0178
internal_count=6668 6616 5992 624 52
is_linear=0
shrinkage=0.0103456


Tree=418
num_leaves=7
num_cat=0
split_feature=36 13 43 10 47 53
split_gain=16.6691 13.1741 9.41676 8.40361 10.1315 4.66762
threshold=0.4738366797764948 1.3752819022496729 -6.7114233444903146e-05 0.0024614217791629855 22.500000000000004 7.5000000000000009
decision_type=2 2 2 2 2 2
left_child=3 2 -2 -1 -5 -3
right_child=1 5 -4 4 -6 -7
leaf_value=-0.0059051171519001813 0.00090134661304684162 0.0062015402421058971 -0.00069140883965539211 0.00049697742297586745 0.0045623441648380003 -0.002532200506213219
leaf_weight=12.576001554727553 717.69090484082699 6.69848309457302 889.96606680750847 118.39972984790802 147.16783598065376 294.51476295292377
leaf_count=35 2134 19 2734 327 394 1025
internal_value=-7.61866e-06 -0.000352393 1.96297e-05 0.00235853 0.00274986 -0.00233798
internal_weight=2187.01 1908.87 1607.66 278.144 265.568 301.213
internal_count=6668 5912 4868 756 721 1044
is_linear=0
shrinkage=0.0103456


Tree=419
num_leaves=6
num_cat=0
split_feature=29 21 7 57 13
split_gain=9.37774 9.93096 9.63734 6.9694 0.264738
threshold=0.019296751342335331 29.921341836059678 -0.034455415227050749 301.7754514999998 0.68711851973173454
decision_type=2 2 2 2 2
left_child=1 2 -1 -3 -2
right_child=4 3 -4 -5 -6
leaf_value=0.0063311312719858551 -0.0065655731935614628 0.005809027758641401 -0.00016715714852028315 -0.00028870471003348939 -0.0095315506072123513
leaf_weight=24.718837812542915 5.0464729219675055 53.181532815098763 2070.2934522926807 32.214285984635353 8.9046372324228269
leaf_count=71 19 137 6316 92 33
internal_value=-3.61907e-06 5.04797e-05 -9.04845e-05 0.00350875 -0.00845868
internal_weight=2194.36 2180.41 2095.01 85.3958 13.9511
internal_count=6668 6616 6387 229 52
is_linear=0
shrinkage=0.0103456


Tree=420
num_leaves=4
num_cat=0
split_feature=20 27 43
split_gain=6.40185 6.40745 8.20342
threshold=7.8455147169272719 0.0071812076660537913 0.0011244386500148292
decision_type=2 2 2
left_child=-1 2 -2
right_child=1 -3 -4
leaf_value=0.0092211213608865833 3.3971564715880324e-05 0.0093937997180937906 -0.004528482973315635
leaf_weight=8.0485474765300733 2145.159959346056 7.7073460221290579 43.026588767766953
leaf_count=27 6492 26 123
internal_value=1.11832e-05 -2.25737e-05 -5.57406e-05
internal_weight=2203.94 2195.89 2188.19
internal_count=6668 6641 6615
is_linear=0
shrinkage=0.0103456


Tree=421
num_leaves=7
num_cat=0
split_feature=38 8 40 65 23 7
split_gain=16.5239 9.82314 11.8706 11.3649 8.401 7.94865
threshold=0.67270114475410747 0.0024519831822789055 -8.6133549997248628e-05 463.44137600000033 -0.025499075822113856 -0.00024732531436993938
decision_type=2 2 2 2 2 2
left_child=4 2 -2 -3 -1 -6
right_child=1 3 -4 -5 5 -7
leaf_value=-0.0084650991286649244 0.0002565791218931632 0.010384753582887891 -0.001693731680121967 -0.0021123127175984406 0.0022657062322241654 0.00019037942178689021
leaf_weight=9.5633350014686567 601.8085773140192 18.060475662350658 750.67589311301708 13.694448336958883 420.04691211879253 372.88103720545769
leaf_count=31 1852 48 2428 40 1182 1087
internal_value=-7.62242e-06 -0.00069237 -0.000825911 0.00499534 0.00117352 0.00128977
internal_weight=2186.73 1384.24 1352.48 31.7549 802.491 792.928
internal_count=6668 4368 4280 88 2300 2269
is_linear=0
shrinkage=0.0103456


Tree=422
num_leaves=7
num_cat=0
split_feature=7 10 51 65 61 56
split_gain=9.37158 17.6572 15.8809 22.263 15.1163 13.7393
threshold=0.00071551402313452261 0.0022979617292036244 47311.810500000014 284.97429799999986 99.225957999999835 88.433515500000127
decision_type=2 2 2 2 2 2
left_child=2 -2 3 -1 -3 -4
right_child=1 4 5 -5 -6 -7
leaf_value=0.0038738037265764512 0.012839873961865703 -0.00050341564125777605 -0.00045521162376747432 -0.0097108387327379392 0.0021675411687217859 -0.0033816604656814069
leaf_weight=134.95974014699459 12.80290727317333 545.413549721241 885.46964406967163 14.278285935521124 388.21946270763874 213.01842001080513
leaf_count=392 32 1667 2691 53 1150 683
internal_value=-3.63645e-06 0.000772688 -0.000592501 0.0025741 0.000607211 -0.00102271
internal_weight=2194.16 946.436 1247.73 149.238 933.633 1098.49
internal_count=6668 2849 3819 445 2817 3374
is_linear=0
shrinkage=0.0103456


Tree=423
num_leaves=8
num_cat=0
split_feature=14 49 60 23 8 52 7
split_gain=6.36244 10.8217 11.8468 9.75159 7.94289 9.6023 9.22582
threshold=0.0012095762763855774 8.8050000000000012e-06 165.44581850000017 -0.00034580132656758517 -0.00095895873930340592 4.0585000000000005e-05 0.026665112101491254
decision_type=2 2 2 2 2 2 2
left_child=1 2 -1 -3 5 -2 -6
right_child=4 3 -4 -5 6 -7 -8
leaf_value=0.00029399010649610484 -0.0022670648714723284 -3.0271390643806333e-05 0.012789706646661994 -0.0039840945268288476 0.00054223728267664435 0.0020874462446878834 0.010002509211002816
leaf_weight=175.71329443156719 228.78340831398964 113.01832614839077 8.5141883045434934 163.14367334544659 1432.5548282563686 71.028991863131523 11.119107723236082
leaf_count=545 665 352 31 476 4342 219 38
internal_value=1.12333e-05 -0.0010705 0.000871487 -0.00236601 0.00029688 -0.00123543 0.0006151
internal_weight=2203.88 460.389 184.227 276.162 1743.49 299.812 1443.67
internal_count=6668 1404 576 828 5264 884 4380
is_linear=0
shrinkage=0.0103456


Tree=424
num_leaves=8
num_cat=0
split_feature=13 40 28 1 10 52 29
split_gain=16.4412 9.75803 11.389 7.91736 10.7643 6.81551 3.73497
threshold=0.59674034826330924 0.0011264469738814752 55.785773227995136 0.00045274485655978717 0.005659148949516986 3.9820000000000008e-05 0.0053471415406942677
decision_type=2 2 2 2 2 2 2
left_child=3 2 -2 4 -1 -5 -3
right_child=1 6 -4 5 -6 -7 -8
leaf_value=-0.00032260824432496971 -0.00035170097588473916 0.00060522953256594186 -0.0031818829252277551 -0.0033861656035144307 0.0029757528274528947 0.005323880392362478 0.0075345831194278644
leaf_weight=152.90101587772369 1417.3180358707905 13.566151842474936 170.49193443357944 54.457226768136024 344.52569170296192 11.677369743585585 21.552495062351227
leaf_count=435 4410 35 598 166 931 34 59
internal_value=-7.63503e-06 -0.000536288 -0.000655593 0.00151477 0.00196189 -0.00184823 0.00485781
internal_weight=2186.49 1622.93 1587.81 563.561 497.427 66.1346 35.1186
internal_count=6668 5102 5008 1566 1366 200 94
is_linear=0
shrinkage=0.0103456


Tree=425
num_leaves=6
num_cat=0
split_feature=29 21 7 19 13
split_gain=9.25793 9.75583 9.48591 6.09314 0.263628
threshold=0.019296751342335331 29.921341836059678 -0.034455415227050749 0.0040149562044663476 0.68711851973173454
decision_type=2 2 2 2 2
left_child=1 2 -1 -3 -2
right_child=4 3 -4 -5 -6
leaf_value=0.0062751668439096145 -0.006533676097634708 0.0066322983550641413 -0.00016595004777824089 0.0010569987406144879 -0.0095010970079629567
leaf_weight=24.764863818883896 5.0216445475816718 37.076545745134354 2069.9708186835051 48.32853752374649 8.8548726588487607
leaf_count=71 19 92 6316 137 33
internal_value=-3.67499e-06 4.99407e-05 -8.98004e-05 0.00347738 -0.00842724
internal_weight=2194.02 2180.14 2094.74 85.4051 13.8765
internal_count=6668 6616 6387 229 52
is_linear=0
shrinkage=0.0103456


Tree=426
num_leaves=8
num_cat=0
split_feature=2 30 10 14 47 8 19
split_gain=6.30045 8.85339 8.01719 6.82395 14.4473 6.68084 3.80252
threshold=76.608783599083282 0.0020336728594474592 0.0072856207967800122 0.001107733836289982 48.500000000000007 -0.00095895873930340592 0.0070623139266186028
decision_type=2 2 2 2 2 2 2
left_child=3 2 -2 4 -1 -5 -3
right_child=1 6 -4 5 -6 -7 -8
leaf_value=-0.0019916817287879813 0.0019304119723658046 0.0026064058232164694 0.01093774945511009 -0.0012043086375089853 0.0048815008402874191 0.00048114875138987814 -0.0079452625250782671
leaf_weight=343.87441033124924 25.035213753581047 6.3275950700044623 18.313294857740402 304.09936964511871 36.176603898406029 1461.25524944067 8.656196177005766
leaf_count=1036 76 20 63 898 122 4430 23
internal_value=1.13037e-05 0.00336608 0.00573571 -7.99106e-05 -0.00133743 0.000190812 -0.00348934
internal_weight=2203.74 58.3323 43.3485 2145.41 380.051 1765.35 14.9838
internal_count=6668 182 139 6486 1158 5328 43
is_linear=0
shrinkage=0.0103456


Tree=427
num_leaves=8
num_cat=0
split_feature=36 23 7 6 28 12 48
split_gain=16.3082 11.3523 10.1232 9.69317 9.40477 8.53791 4.59867
threshold=0.67475389361081217 -0.016066372202797937 0.0038059716505419732 0.0051132424042683597 55.785773227995136 0.0041822343796624551 54531.802500000013
decision_type=2 2 2 2 2 2 2
left_child=1 6 3 -2 -3 -4 -1
right_child=2 4 5 -5 -6 -7 -8
leaf_value=-0.0060330315940948847 -0.00030626360692338257 0.0018201722802270517 -0.002293142413108237 0.005187267803969854 -0.0026527272478095187 0.0065106912800427866 0.00099154519566047148
leaf_weight=31.411375910043716 948.78494912385941 687.16618439555168 402.08434484899044 35.670141234993935 54.288386911153793 12.146390229463575 14.616357699036596
leaf_count=95 2954 1916 1354 104 167 34 44
internal_value=-7.6698e-06 0.00118318 -0.000678139 -0.000107214 0.00149267 -0.00203499 -0.00380234
internal_weight=2186.17 787.482 1398.69 984.455 741.455 414.231 46.0277
internal_count=6668 2222 4446 3058 2083 1388 139
is_linear=0
shrinkage=0.0103456


Tree=428
num_leaves=8
num_cat=0
split_feature=20 40 10 23 17 6 62
split_gain=9.33676 12.5651 10.1286 20.8079 9.33676 9.31799 2.49379
threshold=10.232273573236487 -2.2478524524619865e-05 0.00524494014626967 -0.0092045581397817138 -3.9881766477786602e-05 -0.0039357044143526468 0.00018901968839790675
decision_type=2 2 2 2 2 2 2
left_child=1 6 3 -2 -3 -4 -1
right_child=2 4 5 -5 -6 -7 -8
leaf_value=-0.0090009127471048916 -0.0045721677530978014 -0.0070347002355605854 0.0016468992295148518 0.0021194544998124347 0.0021166553906486031 -0.00059775130531106429 -0.0042513158128641253
leaf_weight=26.898023188114166 55.690344661474228 15.493792980909346 232.71558673679829 465.25464257597923 51.917992249131203 1324.7109234035015 21.124368712306023
leaf_count=111 176 56 693 1283 158 4111 80
internal_value=-3.71178e-06 -0.00286756 0.000155348 0.0014041 1.33257e-05 -0.000262349 -0.00691163
internal_weight=2193.81 115.434 2078.37 520.945 67.4118 1557.43 48.0224
internal_count=6668 405 6263 1459 214 4804 191
is_linear=0
shrinkage=0.0103456


Tree=429
num_leaves=6
num_cat=0
split_feature=13 51 7 60 51
split_gain=6.27961 6.38334 6.82274 6.27296 5.03407
threshold=4.0858495607185183 54828.661000000007 0.0078373476951247873 313.68114750000024 51022.723000000005
decision_type=2 2 2 2 2
left_child=1 2 -1 -3 -2
right_child=4 3 -4 -5 -6
leaf_value=-0.000505584900776077 0.011879046749266688 0.0022031990382432392 0.0010625378545544544 -0.0045561762009813673 0.000259245225229276
leaf_weight=1615.4218414872885 8.5596399307250994 192.35691456496716 363.86033651232719 15.9106238335371 7.475934073328971
leaf_count=4888 30 580 1104 44 22
internal_value=1.12589e-05 -3.60259e-05 -0.00021731 0.00168682 0.00646179
internal_weight=2203.59 2187.55 1979.28 208.268 16.0356
internal_count=6668 6616 5992 624 52
is_linear=0
shrinkage=0.0103456


Tree=430
num_leaves=8
num_cat=0
split_feature=37 6 7 28 13 30 29
split_gain=16.181 10.1725 17.1889 12.1648 9.58321 10.8591 6.41557
threshold=0.67622085396660425 0.001497786071705254 -0.00049356045600129617 55.785773227995136 0.85651756045005145 0.0030522938850640158 -0.011782231417252818
decision_type=2 2 2 2 2 2 2
left_child=1 2 -1 -3 6 -6 -2
right_child=4 3 -4 -5 5 -7 -8
leaf_value=0.0017803583076366773 0.0097079794106838709 0.0042781574347147281 -0.0019714656563037522 -0.00095809398490165375 -0.0019139369382453859 0.0020513167058316523 0.0001398510309006025
leaf_weight=351.80355224013329 7.5923745632171622 181.79079282283783 207.96079026162624 64.278312221169472 668.88529717922211 83.104555293917656 620.43684370815754
leaf_count=990 21 496 617 197 2231 249 1867
internal_value=-7.66812e-06 0.00115718 0.0003865 0.00291034 -0.000687857 -0.00147573 0.000255522
internal_weight=2185.85 805.833 559.764 246.069 1380.02 751.99 628.029
internal_count=6668 2300 1607 693 4368 2480 1888
is_linear=0
shrinkage=0.0103456


Tree=431
num_leaves=8
num_cat=0
split_feature=20 1 12 10 23 46 2
split_gain=9.22077 12.5404 10.1727 9.97359 20.5354 9.85202 8.92895
threshold=10.232273573236487 0.00013664593275728432 0.00067464252570347851 0.00524494014626967 -0.0092045581397817138 4.8800000000000007e-05 35.882031729095594
decision_type=2 2 2 2 2 2 2
left_child=1 2 -1 4 -2 -3 -5
right_child=3 5 -4 6 -6 -7 -8
leaf_value=0.00017136686970011189 -0.0045487399200807707 0.0087382600875944589 -0.0072195564697335396 0.0015493456064179531 0.0021030442183517933 -0.0041013155822286962 -0.0005994432414124436
leaf_weight=30.176728680729866 55.609742909669876 15.429122596979143 58.712281927466393 245.76823875308037 465.49096511304379 10.926033839583395 1311.432820379734
leaf_count=102 176 42 226 741 1283 35 4063
internal_value=-3.66919e-06 -0.00285214 -0.00471043 0.000154282 0.00139319 0.00341537 -0.000260307
internal_weight=2193.55 115.244 88.889 2078.3 521.101 26.3552 1557.2
internal_count=6668 405 328 6263 1459 77 4804
is_linear=0
shrinkage=0.0103456


end of trees

feature_importances:
Column_7=221
Column_13=202
Column_3=161
Column_51=138
Column_20=134
Column_30=109
Column_10=104
Column_1=102
Column_23=99
Column_37=97
Column_36=90
Column_21=83
Column_46=79
Column_8=77
Column_38=70
Column_2=68
Column_6=66
Column_29=62
Column_43=59
Column_28=57
Column_57=57
Column_48=53
Column_19=49
Column_14=43
Column_22=43
Column_12=41
Column_40=41
Column_60=38
Column_49=37
Column_65=34
Column_56=32
Column_34=31
Column_47=29
Column_62=23
Column_42=22
Column_53=22
Column_27=20
Column_54=16
Column_44=15
Column_25=14
Column_52=14
Column_4=13
Column_61=12
Column_17=11
Column_18=11
Column_50=9
Column_9=8
Column_0=7
Column_11=7
Column_45=6
Column_64=6
Column_5=3
Column_41=3
Column_15=2
Column_35=2
Column_33=1
Column_39=1
Column_58=1

parameters:
[boosting: gbdt]
[objective: multiclass]
[metric: multi_logloss]
[tree_learner: serial]
[device_type: cpu]
[data_sample_strategy: bagging]
[data: ]
[valid: ]
[num_iterations: 144]
[learning_rate: 0.0103456]
[num_leaves: 31]
[num_threads: 8]
[seed: 0]
[deterministic: 0]
[force_col_wise: 0]
[force_row_wise: 0]
[histogram_pool_size: -1]
[max_depth: 3]
[min_data_in_leaf: 20]
[min_sum_hessian_in_leaf: 0.001]
[bagging_fraction: 0.891235]
[pos_bagging_fraction: 1]
[neg_bagging_fraction: 1]
[bagging_freq: 0]
[bagging_seed: 3]
[bagging_by_query: 0]
[feature_fraction: 0.861089]
[feature_fraction_bynode: 1]
[feature_fraction_seed: 2]
[extra_trees: 0]
[extra_seed: 6]
[early_stopping_round: 0]
[early_stopping_min_delta: 0]
[first_metric_only: 0]
[max_delta_step: 0]
[lambda_l1: 0]
[lambda_l2: 0]
[linear_lambda: 0]
[min_gain_to_split: 0]
[drop_rate: 0.1]
[max_drop: 50]
[skip_drop: 0.5]
[xgboost_dart_mode: 0]
[uniform_drop: 0]
[drop_seed: 4]
[top_rate: 0.2]
[other_rate: 0.1]
[min_data_per_group: 100]
[max_cat_threshold: 32]
[cat_l2: 10]
[cat_smooth: 10]
[max_cat_to_onehot: 4]
[top_k: 20]
[monotone_constraints: ]
[monotone_constraints_method: basic]
[monotone_penalty: 0]
[feature_contri: ]
[forcedsplits_filename: ]
[refit_decay_rate: 0.9]
[cegb_tradeoff: 1]
[cegb_penalty_split: 0]
[cegb_penalty_feature_lazy: ]
[cegb_penalty_feature_coupled: ]
[path_smooth: 0]
[interaction_constraints: ]
[verbosity: 1]
[saved_feature_importance_type: 0]
[use_quantized_grad: 0]
[num_grad_quant_bins: 4]
[quant_train_renew_leaf: 0]
[stochastic_rounding: 1]
[linear_tree: 0]
[max_bin: 255]
[max_bin_by_feature: ]
[min_data_in_bin: 3]
[bin_construct_sample_cnt: 200000]
[data_random_seed: 1]
[is_enable_sparse: 1]
[enable_bundle: 1]
[use_missing: 1]
[zero_as_missing: 0]
[feature_pre_filter: 1]
[pre_partition: 0]
[two_round: 0]
[header: 0]
[label_column: ]
[weight_column: ]
[group_column: ]
[ignore_column: ]
[categorical_feature: ]
[forcedbins_filename: ]
[precise_float_parser: 0]
[parser_config_file: ]
[objective_seed: 5]
[num_class: 3]
[is_unbalance: 0]
[scale_pos_weight: 1]
[sigmoid: 1]
[boost_from_average: 1]
[reg_sqrt: 0]
[alpha: 0.9]
[fair_c: 1]
[poisson_max_delta_step: 0.7]
[tweedie_variance_power: 1.5]
[lambdarank_truncation_level: 30]
[lambdarank_norm: 1]
[label_gain: ]
[lambdarank_position_bias_regularization: 0]
[eval_at: ]
[multi_error_top_k: 1]
[auc_mu_weights: ]
[num_machines: 1]
[local_listen_port: 12400]
[time_out: 120]
[machine_list_filename: ]
[machines: ]
[gpu_platform_id: -1]
[gpu_device_id: -1]
[gpu_use_dp: 0]
[num_gpu: 1]

end of parameters

pandas_categorical:null
