tree
version=v4
num_class=1
num_tree_per_iteration=1
label_index=0
max_feature_idx=69
objective=regression
feature_names=Column_0 Column_1 Column_2 Column_3 Column_4 Column_5 Column_6 Column_7 Column_8 Column_9 Column_10 Column_11 Column_12 Column_13 Column_14 Column_15 Column_16 Column_17 Column_18 Column_19 Column_20 Column_21 Column_22 Column_23 Column_24 Column_25 Column_26 Column_27 Column_28 Column_29 Column_30 Column_31 Column_32 Column_33 Column_34 Column_35 Column_36 Column_37 Column_38 Column_39 Column_40 Column_41 Column_42 Column_43 Column_44 Column_45 Column_46 Column_47 Column_48 Column_49 Column_50 Column_51 Column_52 Column_53 Column_54 Column_55 Column_56 Column_57 Column_58 Column_59 Column_60 Column_61 Column_62 Column_63 Column_64 Column_65 Column_66 Column_67 Column_68 Column_69
feature_infos=[7.3609312445375537:94.407838018480575] [-0.005180562796320301:0.0031301299704987579] [2.1627637444337324:100] [0.00032866332217993603:0.0079079106470281955] [-0.026220428405143381:0.012965343437600918] [-0.037003760143149544:0.018043498068170738] [-0.044317480831028155:0.020053587103513015] [-0.060079790492353347:0.026071068144912335] [-0.011816014579935086:0.0075924937230367195] [-0.5123540200315243:1.5415999016564645] [0.00083185038351230782:0.06937263557095405] [-0.013023984704003122:0.01408945521994176] [0.00012642888357540307:0.0099053272821304494] [0.056949629618590458:12.529627871317718] [3.0588601157889831e-05:0.02205062613598488] [-0.013023984704003098:0.014089455219941763] [-33.155678571495983:33.571857167556132] [-0.0013320505648202743:0.0012964398017650605] [-0.044324163061776778:0.024946025930330684] [-0.047730194223441158:0.029667435129431929] [20.002637193647079:66.498774423572172] [2.8230620502828234:75.612689306176435] [1.7899558060682048:69.303057033900714] [-0.053935582081048206:0.025971309573636914] [-0.013023984704003122:0.01408945521994176] [-0.013023984704003122:0.028720204666407012] [-0.013023984704003122:0.028720204666407012] [-0.013023984704003122:0.028720204666407012] [12.178021431892645:88.040878990117392] [-0.048567819678444812:0.04968217529736596] [0.00020291517182495427:0.0063972095734760323] [-1:1] [-1:1] [-0.97492791218182362:0.97492791218182362] [-0.90096886790241903:1] [-0.013023984704003122:0.028720204666407012] [-0.013023984704003122:0.028720204666407012] [-0.013023984704003122:0.028720204666407012] [-0.013023984704003122:0.028720204666407012] [-0.013023984704003122:0.028720204666407012] [0.056949629618590458:12.529627871317718] [0.056949629618590458:12.529627871317718] [0.056949629618590458:12.529627871317718] [7.3609312445375537:94.407838018480575] [-0.005180562796320301:0.0031301299704987579] [-0.5123540200315243:1.5742830290160839] [7.3609312445375537:94.407838018480575] [-0.005180562796320301:0.0031301299704987579] [-0.5123540200315243:1.5742830290160839] [47336.190999999999:61999.483] [-9.1890000000000003e-05:0.0001] [8:50] [47336.190999999999:61999.483] [-9.1890000000000003e-05:0.0001] [8:50] [47336.190999999999:61999.483] [-9.1890000000000003e-05:0.0001] [8:50] [-0.034193264329099415:0.042541098273548128] [-0.00010602:9.713e-05] [-1928.7318079999998:1713.8767750000004] [-2563.8752370000002:2393.7143229999992] [-0.034193264329099415:0.042541098273548128] [-0.00010602:9.713e-05] [-1928.7318079999998:1713.8767750000004] [-2563.8752370000002:2393.7143229999992] [-0.034193264329099415:0.042541098273548128] [-0.00010602:0.00010374000000000001] [-1928.7318079999998:1713.8767750000004] [-2563.8752370000002:2393.7143229999992]
tree_sizes=1373 1567 1287 1569 1576 1571 1473 1575 1574 1575 1278 1567 1680 1569 1848 1286 1671 1578 1280 1681 1679 1671 1666 2055 1287 1677 1947 1386 1285 1282 1287 1965 1489 1572 1484 1470 1482 1490 1682 1760 1677 1288 1752 1398 1480 1490 1387 1487 1487 1483 1679 1579 1389 1967 1576 1786 1482 1783 1681 1480 1574 1482 1306 1770 1760 1569

Tree=0
num_leaves=13
num_cat=0
split_feature=29 12 65 23 22 49 7 22 30 30 1 12
split_gain=0.00160207 0.000808796 0.00164635 0.000842657 0.000769664 0.000740176 0.000526257 0.000340582 0.000298949 0.00069814 0.000223054 0.000183166
threshold=-0.026175835576021374 0.0034422967304248726 -675.36499700000024 0.0057612004785546631 24.605384005107627 57213.83400000001 0.01833967195827824 13.652605549594357 0.0041395649865722242 0.0035143803893156731 3.7762331152463512e-05 0.0021442876170371643
decision_type=2 2 2 2 2 2 2 2 2 2 2 2
left_child=5 6 -3 4 -4 -1 8 -5 9 -2 -8 -12
right_child=1 2 3 7 -6 -7 10 -9 -10 -11 11 -13
leaf_value=-1.2176745386787522e-05 -2.7614920872802898e-05 -0.0001082889840038776 0.00010177369166505985 -8.9293770145636311e-05 1.0461002461643882e-05 0.00013773086060983719 -3.4078242962978263e-05 1.730352761514428e-05 3.5372675469779786e-05 -0.00011170588595089454 -7.1089368209294716e-05 -0.00014100965028306548
leaf_weight=20 12650 37 70 24 68 32 36 21 28 37 42 21
leaf_count=20 12650 37 70 24 68 32 36 21 28 37 42 21
internal_value=-2.70084e-05 -2.74356e-05 9.31426e-06 3.3092e-05 5.6779e-05 8.00741e-05 -2.80666e-05 -3.95484e-05 -2.77209e-05 -2.78602e-05 -7.24624e-05 -9.43961e-05
internal_weight=13086 13034 220 183 138 52 12814 45 12715 12687 99 63
internal_count=13086 13034 220 183 138 52 12814 45 12715 12687 99 63
is_linear=0
shrinkage=1


Tree=1
num_leaves=15
num_cat=0
split_feature=3 69 20 7 30 12 30 69 33 69 8 1 12 12
split_gain=0.00263884 0.00110825 0.000591155 0.000527042 0.000349696 0.00105776 0.000879866 0.00114889 0.000590528 0.000296169 0.000213273 0.000210542 0.000147159 2.17272e-05
threshold=0.0056787997682678009 -1115.8236540000005 33.299662656018732 0.01833967195827824 0.0035143803893156731 0.0036538737120744174 0.0041395649865722242 -542.91105000000027 1.0000000180025095e-35 -383.6094015000005 -0.0051203739419756191 3.7762331152463512e-05 0.0021442876170371643 0.0014778486346190807
decision_type=2 2 2 2 2 2 2 2 2 2 2 2 2 2
left_child=3 -2 9 4 5 10 7 -6 -7 -3 -1 -5 13 -13
right_child=1 2 -4 11 6 8 -8 -9 -10 -11 -12 12 -14 -15
leaf_value=4.3443710292768684e-05 3.6975130067158908e-06 4.7870807127210201e-05 0.00022984062864373343 -6.933156867316816e-06 -0.00019830581823008096 0.00012105788639677334 4.3307790418993689e-05 -2.6359638595618906e-05 1.6661529343918069e-05 0.00014390456675938821 -7.1566086689753899e-07 -5.6485222546374889e-05 -0.00010323279559271376 -2.8646810472505761e-05
leaf_weight=41 32 20 20 36 20 41 36 53 40 30 12651 22 24 20
leaf_count=41 32 20 20 36 20 41 36 53 40 30 12651 22 24 20
internal_value=-1.11316e-13 9.79381e-05 0.00014102 -7.69384e-07 -4.2283e-07 -1.28615e-07 -3.49e-05 -7.34682e-05 6.95041e-05 0.000105491 -5.73009e-07 -4.45372e-05 -6.50485e-05 -4.32288e-05
internal_weight=13086 102 70 12984 12882 12773 109 73 81 50 12692 102 66 42
internal_count=13086 102 70 12984 12882 12773 109 73 81 50 12692 102 66 42
is_linear=0
shrinkage=0.0193306


Tree=2
num_leaves=12
num_cat=0
split_feature=3 32 19 64 6 12 69 33 30 30 2
split_gain=0.0025378 0.00121638 0.000700998 0.000628451 0.000370993 0.000402161 0.00114861 0.000590832 0.000390525 0.00114759 0.000234108
threshold=0.0056787997682678009 -0.60355339059327384 -0.0038014891522716305 172.77292650000012 0.013393330337375444 0.0036538737120744174 -629.82581799999991 1.0000000180025095e-35 0.0041395649865722242 0.0035143803893156731 82.394556936926591
decision_type=2 2 2 2 2 2 2 2 2 2 2
left_child=4 2 -2 -3 5 8 -7 -8 9 -1 -6
right_child=1 3 -4 -5 10 6 7 -9 -10 -11 -12
leaf_value=-7.5626468262334781e-07 8.8575032171906427e-05 0.00020863668056122817 -6.3647982193084699e-05 7.6042807527378165e-05 -9.3400269328939583e-05 -8.4936754482716769e-05 0.00011253242727288542 1.6620830246587578e-05 7.1234018094059565e-05 -0.00012045444830508085 -1.0552439343245989e-05
leaf_weight=12755 26 34 20 22 26 24 48 48 28 30 25
leaf_count=12755 26 34 20 22 26 24 48 48 28 30 25
internal_value=-4.62228e-14 9.60449e-05 2.23911e-05 0.000156546 -7.54512e-07 -5.49321e-07 3.4674e-05 6.45766e-05 -8.79204e-07 -1.03714e-06 -5.27886e-05
internal_weight=13086 102 46 56 12984 12933 120 96 12813 12785 51
internal_count=13086 102 46 56 12984 12933 120 96 12813 12785 51
is_linear=0
shrinkage=0.0193306


Tree=3
num_leaves=15
num_cat=0
split_feature=3 32 19 64 7 30 12 69 33 52 32 1 12 31
split_gain=0.00244064 0.00116981 0.000674159 0.000604389 0.000504024 0.00032843 0.000991638 0.000832025 0.000552999 0.000306086 0.000246891 0.000200136 0.000138523 2.22182e-05
threshold=0.0056787997682678009 -0.60355339059327384 -0.0038014891522716305 172.77292650000012 0.01833967195827824 0.0035143803893156731 0.0036538737120744174 -512.71547750000002 1.0000000180025095e-35 56273.905000000006 -0.3794095225512602 3.7762331152463512e-05 0.0021442876170371643 -0.25881904510252113
decision_type=2 2 2 2 2 2 2 2 2 2 2 2 2 2
left_child=4 2 -2 -3 5 6 10 -7 -8 -9 -1 -6 13 -13
right_child=1 3 -4 -5 11 7 8 9 -10 -11 -12 12 -14 -15
leaf_value=-3.820059133413906e-06 8.6862824815666121e-05 0.00020460361603575488 -6.2417630142378865e-05 7.457285472160338e-05 -6.8783028469606948e-06 -0.00011665912505133858 0.00011719416821747703 5.4594276551594104e-05 1.6169491299633067e-05 -2.69024044624844e-05 1.6740730155063585e-06 -2.7623681611161128e-05 -0.00010058622415642576 -5.5774907905112708e-05
leaf_weight=5129 26 34 20 22 36 32 41 26 40 51 7563 20 24 22
leaf_count=5129 26 34 20 22 36 32 41 26 40 51 7563 20 24 22
internal_value=3.61767e-13 9.41883e-05 2.19583e-05 0.00015352 -7.39926e-07 -4.01024e-07 -1.15895e-07 -3.38134e-05 6.73054e-05 6.15955e-07 -5.46176e-07 -4.35413e-05 -6.35393e-05 -4.23696e-05
internal_weight=13086 102 46 56 12984 12882 12773 109 81 77 12692 102 66 42
internal_count=13086 102 46 56 12984 12882 12773 109 81 77 12692 102 66 42
is_linear=0
shrinkage=0.0193306


Tree=4
num_leaves=15
num_cat=0
split_feature=3 32 60 19 7 30 12 30 69 33 32 1 12 31
split_gain=0.00234719 0.00112502 0.000707412 0.000648347 0.000484726 0.000315855 0.000953671 0.000808601 0.00106454 0.000531826 0.000237438 0.000192473 0.000133219 2.13675e-05
threshold=0.0056787997682678009 -0.60355339059327384 170.73275200000018 -0.0038014891522716305 0.01833967195827824 0.0035143803893156731 0.0036538737120744174 0.0041395649865722242 -542.91105000000027 1.0000000180025095e-35 -0.3794095225512602 3.7762331152463512e-05 0.0021442876170371643 -0.25881904510252113
decision_type=2 2 2 2 2 2 2 2 2 2 2 2 2 2
left_child=4 3 -3 -2 5 6 10 8 -7 -8 -1 -6 13 -13
right_child=1 2 -4 -5 11 7 9 -9 -10 -11 -12 12 -14 -15
leaf_value=-3.7462156755477093e-06 8.5183718647337698e-05 0.00021684576308966496 7.934856739228184e-05 -6.1211062859447689e-05 -6.7453414940394095e-06 -0.00019030085792468612 0.00011492873862213316 4.1813848097972595e-05 -2.4786769863699621e-05 1.5856925606852329e-05 1.641711584442983e-06 -2.7089699581863665e-05 -9.8641834793311957e-05 -5.4696747630098509e-05
leaf_weight=5129 26 29 27 20 36 20 41 36 53 40 7563 20 24 22
leaf_count=5129 26 29 27 20 36 20 41 36 53 40 7563 20 24 22
internal_value=-1.91059e-13 9.23676e-05 0.000150552 2.15338e-05 -7.25624e-07 -3.93273e-07 -1.13655e-07 -3.31598e-05 -7.01331e-05 6.60044e-05 -5.35619e-07 -4.26996e-05 -6.2311e-05 -4.15505e-05
internal_weight=13086 102 56 46 12984 12882 12773 109 73 81 12692 102 66 42
internal_count=13086 102 56 46 12984 12882 12773 109 73 81 12692 102 66 42
is_linear=0
shrinkage=0.0193306


Tree=5
num_leaves=15
num_cat=0
split_feature=3 32 60 7 7 30 12 20 47 21 32 1 12 12
split_gain=0.00225732 0.00108195 0.000680327 0.000466167 0.000433884 0.000303762 0.000917157 0.000794911 0.000566804 0.00049195 0.000228348 0.000185104 0.000128119 2.10069e-05
threshold=0.0056787997682678009 -0.60355339059327384 170.73275200000018 0.01833967195827824 -0.027676698661836693 0.0035143803893156731 0.0036538737120744174 31.029677750730222 -0.00030372142181749046 17.050618727574307 -0.3794095225512602 3.7762331152463512e-05 0.0021442876170371643 0.0014778486346190807
decision_type=2 2 2 2 2 2 2 2 2 2 2 2 2 2
left_child=3 4 -3 5 -2 6 10 -7 -9 -8 -1 -5 13 -13
right_child=1 2 -4 11 -6 7 9 8 -10 -11 -12 12 -14 -15
leaf_value=-3.6737990584215671e-06 8.5893358873766735e-05 0.00021265400817067792 7.7814717008990603e-05 -6.6149502872691387e-06 -3.3294125674249338e-05 -0.00012578901748062311 0.00011416582747653356 -8.0244034599333299e-05 2.986321717481346e-05 1.8822380587381682e-05 1.609976798300044e-06 -5.3782152119981163e-05 -9.6735030275075444e-05 -2.6409043800599192e-05
leaf_weight=5129 21 29 27 36 25 26 39 25 58 42 7563 22 24 20
leaf_count=5129 21 29 27 36 25 26 39 25 58 42 7563 22 24 20
internal_value=1.16071e-13 9.05821e-05 0.000147642 -7.11597e-07 2.11176e-05 -3.8567e-07 -1.11458e-07 -3.25188e-05 -3.30162e-06 6.47285e-05 -5.25265e-07 -4.18742e-05 -6.11065e-05 -4.07473e-05
internal_weight=13086 102 56 12984 46 12882 12773 109 83 81 12692 102 66 42
internal_count=13086 102 56 12984 46 12882 12773 109 83 81 12692 102 66 42
is_linear=0
shrinkage=0.0193306


Tree=6
num_leaves=14
num_cat=0
split_feature=3 69 20 7 10 55 3 50 20 69 31 1 51
split_gain=0.0021709 0.000990657 0.000549526 0.000448319 0.000284567 0.000661902 0.00058878 0.000800486 0.000562738 0.000303156 0.000266113 0.000178017 0.0001101
threshold=0.0056787997682678009 -1115.8236540000005 33.299662656018732 0.01833967195827824 0.018616363224816516 58868.44400000001 0.0035216543387280694 -2.1744999999999999e-05 37.097382164444866 -436.20767850000033 -0.70710678118654735 3.7762331152463512e-05 31.500000000000004
decision_type=2 2 2 2 2 2 2 2 2 2 2 2 2
left_child=3 -2 10 4 6 8 9 -8 -6 -1 -3 -5 -13
right_child=1 2 -4 11 5 -7 7 -9 -10 -11 -12 12 -14
leaf_value=-1.970925145965548e-05 -2.694371652776368e-07 0.00014771419537089458 0.00021519938473627033 -6.4870795230719568e-06 2.4125778152196461e-05 0.00010890591202488959 -9.1528491864790876e-05 -1.050166690436855e-05 -9.6978348231853515e-06 4.87233117078378e-09 5.7358791387774007e-05 -8.2028899845270936e-05 -3.1724101507765108e-05
leaf_weight=299 32 21 20 36 380 25 61 180 356 11581 29 37 29
leaf_count=299 32 21 20 36 380 25 61 180 356 11581 29 37 29
internal_value=1.67611e-13 8.88311e-05 0.000129563 -6.97841e-07 -3.78215e-07 1.10881e-05 -1.09811e-06 -3.10105e-05 7.76544e-06 -4.913e-07 9.53081e-05 -4.10647e-05 -5.99253e-05
internal_weight=13086 102 70 12984 12882 761 12121 241 736 11880 50 102 66
internal_count=13086 102 70 12984 12882 761 12121 241 736 11880 50 102 66
is_linear=0
shrinkage=0.0193306


Tree=7
num_leaves=15
num_cat=0
split_feature=3 32 60 19 7 30 12 30 22 33 32 1 12 31
split_gain=0.00208778 0.00101121 0.000651186 0.000608901 0.000431154 0.000294401 0.000871576 0.000765143 0.000892631 0.000501696 0.000219236 0.000171201 0.000121634 2.05091e-05
threshold=0.0056787997682678009 -0.60355339059327384 170.73275200000018 -0.0038014891522716305 0.01833967195827824 0.0035143803893156731 0.0036538737120744174 0.0041395649865722242 19.96646083207882 1.0000000180025095e-35 -0.3794095225512602 3.7762331152463512e-05 0.0021442876170371643 -0.25881904510252113
decision_type=2 2 2 2 2 2 2 2 2 2 2 2 2 2
left_child=4 3 -3 -2 5 6 10 8 -7 -8 -1 -6 13 -13
right_child=1 2 -4 -5 11 7 9 -9 -10 -11 -12 12 -14 -15
leaf_value=-3.5894227546724493e-06 8.1641847979658022e-05 0.00020588145696754794 7.3961582483307334e-05 -6.0229701777055611e-05 -6.3616804198982613e-06 -1.1510480184820969e-05 0.0001106254898738316 4.0926057232818685e-05 -0.00014889793344852729 1.4401041318576749e-05 1.5878659041552347e-06 -2.4762299423351908e-05 -9.3482012410039803e-05 -5.1809102241803983e-05
leaf_weight=5129 26 29 27 20 36 43 41 36 30 40 7563 20 24 22
leaf_count=5129 26 29 27 20 36 43 41 36 30 40 7563 20 24 22
internal_value=4.82389e-14 8.71139e-05 0.000142277 1.99586e-05 -6.84351e-07 -3.70904e-07 -1.0095e-07 -3.20051e-05 -6.79711e-05 6.31072e-05 -5.04343e-07 -4.02709e-05 -5.87669e-05 -3.89297e-05
internal_weight=13086 102 56 46 12984 12882 12773 109 73 81 12692 102 66 42
internal_count=13086 102 56 46 12984 12882 12773 109 73 81 12692 102 66 42
is_linear=0
shrinkage=0.0193306


Tree=8
num_leaves=15
num_cat=0
split_feature=3 32 60 19 7 10 55 3 2 20 69 48 56 10
split_gain=0.00200784 0.000972495 0.000626254 0.000585588 0.000414646 0.000271401 0.000625684 0.000563708 0.000776614 0.000534004 0.000290761 0.000148719 7.6436e-05 4.00749e-05
threshold=0.0056787997682678009 -0.60355339059327384 170.73275200000018 -0.0038014891522716305 0.01833967195827824 0.018616363224816516 58868.44400000001 0.0035216543387280694 60.10792558716863 37.097382164444866 -436.20767850000033 0.90128135245943575 1.1155000000000002e-05 0.012328583396973552
decision_type=2 2 2 2 2 2 2 2 2 2 2 2 2 2
left_child=4 3 -3 -2 5 7 9 10 -9 -7 -1 13 -13 -6
right_child=1 2 -4 -5 11 6 -8 8 -10 -11 -12 12 -14 -15
leaf_value=-1.9294003453957974e-05 8.0063664674168483e-05 0.0002019016474921857 7.2531861645347263e-05 -5.9065428252341281e-05 -1.6677828742698722e-06 2.3540872710107876e-05 0.00010593807587242477 -1.7250864882042394e-05 -0.00012236321688518384 -9.4078909671790697e-06 1.2895043427284947e-08 -9.2695313161663315e-05 -4.2196099851814114e-05 -3.4129802275278354e-05
leaf_weight=299 26 29 27 20 27 380 25 211 30 356 11581 21 24 30
leaf_count=299 26 29 27 20 27 380 25 211 30 356 11581 21 24 30
internal_value=-1.23006e-13 8.54299e-05 0.000139527 1.95728e-05 -6.71123e-07 -3.63734e-07 1.08341e-05 -1.06678e-06 -3.03354e-05 7.6037e-06 -4.73028e-07 -3.94925e-05 -6.57624e-05 -1.87531e-05
internal_weight=13086 102 56 46 12984 12882 761 12121 241 736 11880 102 45 57
internal_count=13086 102 56 46 12984 12882 761 12121 241 736 11880 102 45 57
is_linear=0
shrinkage=0.0193306


Tree=9
num_leaves=15
num_cat=0
split_feature=3 32 60 19 7 30 12 30 22 33 50 1 12 12
split_gain=0.00193097 0.00093526 0.000602276 0.000563167 0.00039877 0.000283797 0.000828839 0.000730074 0.00084673 0.000476711 0.000214107 0.000160079 0.000115411 1.96934e-05
threshold=0.0056787997682678009 -0.60355339059327384 170.73275200000018 -0.0038014891522716305 0.01833967195827824 0.0035143803893156731 0.0036538737120744174 0.0041395649865722242 19.96646083207882 1.0000000180025095e-35 2.7705000000000003e-05 3.7762331152463512e-05 0.0021442876170371643 0.0014778486346190807
decision_type=2 2 2 2 2 2 2 2 2 2 2 2 2 2
left_child=4 3 -3 -2 5 6 10 8 -7 -8 -1 -6 13 -13
right_child=1 2 -4 -5 11 7 9 -9 -10 -11 -12 12 -14 -15
leaf_value=1.2094630419693042e-06 7.851598904610904e-05 0.00019799877582839516 7.1129780487045574e-05 -5.7923660270173559e-05 -5.9397562640693542e-06 -1.1558238349485334e-05 0.00010786727108724463 3.9824312233594269e-05 -0.00014536673247943799 1.4069479696566091e-05 -4.205078642539521e-06 -4.9911707103325203e-05 -9.0429659465246027e-05 -2.3408174478378448e-05
leaf_weight=8720 26 29 27 20 36 43 41 36 30 40 3972 22 24 20
leaf_count=8720 26 29 27 20 36 43 41 36 30 40 3972 22 24 20
internal_value=-1.02346e-13 8.37785e-05 0.00013683 1.91944e-05 -6.58149e-07 -3.56703e-07 -9.16556e-08 -3.14159e-05 -6.6548e-05 6.15474e-05 -4.85034e-07 -3.87291e-05 -5.66141e-05 -3.7291e-05
internal_weight=13086 102 56 46 12984 12882 12773 109 73 81 12692 102 66 42
internal_count=13086 102 56 46 12984 12882 12773 109 73 81 12692 102 66 42
is_linear=0
shrinkage=0.0193306


Tree=10
num_leaves=12
num_cat=0
split_feature=3 32 23 6 12 69 33 30 30 43 2
split_gain=0.00185704 0.000908687 0.000594098 0.000315752 0.00031913 0.000984535 0.000488385 0.000354304 0.00098189 0.00022728 0.000221051
threshold=0.0056787997682678009 0.1294095225512602 -0.021608840590716601 0.013393330337375444 0.0036538737120744174 -629.82581799999991 1.0000000180025095e-35 0.0041395649865722242 0.0035143803893156731 37.486839762053833 82.394556936926591
decision_type=2 2 2 2 2 2 2 2 2 2 2
left_child=3 2 9 4 7 -6 -7 8 -1 -2 -5
right_child=1 -3 -4 10 5 6 -8 -9 -10 -11 -12
leaf_value=-6.4061676086224743e-07 0.00013293308802099 0.0001619870287940995 -3.1825992173661312e-05 -8.8112365226129626e-05 -7.9817692015775682e-05 0.00010220610517425824 1.5005357383681776e-05 6.7937680613940448e-05 -0.0001113605034826151 4.1880544849985935e-05 -7.60809260256475e-06
leaf_weight=12755 20 35 26 26 24 48 48 28 30 21 25
leaf_count=12755 20 35 26 26 24 48 48 28 30 21 25
internal_value=-1.24949e-13 8.21591e-05 4.04579e-05 -6.45427e-07 -4.56128e-07 3.0921e-05 5.86057e-05 -7.4999e-07 -9.00421e-07 8.62964e-05 -4.86495e-05
internal_weight=13086 102 67 12984 12933 120 96 12813 12785 41 51
internal_count=13086 102 67 12984 12933 120 96 12813 12785 41 51
is_linear=0
shrinkage=0.0193306


Tree=11
num_leaves=15
num_cat=0
split_feature=3 69 20 7 30 12 20 47 21 69 32 1 12 31
split_gain=0.00178593 0.000886638 0.000502094 0.000381247 0.000266361 0.000776724 0.000710654 0.00048972 0.000451219 0.000243061 0.000210408 0.000152039 0.000108514 1.93779e-05
threshold=0.0056787997682678009 -1115.8236540000005 33.299662656018732 0.01833967195827824 0.0035143803893156731 0.0036538737120744174 31.029677750730222 -0.00030372142181749046 17.050618727574307 -383.6094015000005 -0.3794095225512602 3.7762331152463512e-05 0.0021442876170371643 -0.25881904510252113
decision_type=2 2 2 2 2 2 2 2 2 2 2 2 2 2
left_child=3 -2 9 4 5 10 -6 -8 -7 -3 -1 -5 13 -13
right_child=1 2 -4 11 6 8 7 -9 -10 -11 -12 12 -14 -15
leaf_value=-3.4845656328886217e-06 -3.7221744534805062e-06 3.416283636475753e-05 0.00020096225155517435 -5.9027357952712104e-06 -0.00011861677998413261 0.00010693479241146891 -7.4322128356748283e-05 2.802453948621192e-05 1.5623674194890185e-05 0.00012116122468337569 1.5874182706108522e-06 -2.2780177809109662e-05 -8.8077533561972576e-05 -4.9070549647966406e-05
leaf_weight=5129 32 20 20 36 26 39 25 58 42 30 7563 20 24 22
leaf_count=5129 32 20 20 36 26 39 25 58 42 30 7563 20 24 22
internal_value=4.77251e-13 8.05709e-05 0.000119105 -6.3295e-07 -3.38201e-07 -8.1425e-08 -3.04281e-05 -2.80277e-06 5.95883e-05 8.63619e-05 -4.62235e-07 -3.7858e-05 -5.52881e-05 -3.65513e-05
internal_weight=13086 102 70 12984 12882 12773 109 83 81 50 12692 102 66 42
internal_count=13086 102 70 12984 12882 12773 109 83 81 50 12692 102 66 42
is_linear=0
shrinkage=0.0193306


Tree=12
num_leaves=16
num_cat=0
split_feature=3 32 60 19 7 33 12 8 32 3 56 21 1 12 12
split_gain=0.00171756 0.000859911 0.000568975 0.000525738 0.00036665 0.00026374 0.000921908 0.000518734 0.000387475 0.000597194 0.000421616 0.0003099 0.000146217 0.000104359 1.89961e-05
threshold=0.0056787997682678009 -0.60355339059327384 170.73275200000018 -0.0038014891522716305 0.01833967195827824 1.0000000180025095e-35 0.0036538737120744174 -0.0036229386251800384 -0.3794095225512602 0.0035216543387280694 3.2330000000000004e-05 19.148116272024925 3.7762331152463512e-05 0.0021442876170371643 0.0014778486346190807
decision_type=2 2 2 2 2 2 2 2 2 2 2 2 2 2 2
left_child=4 3 -3 -2 5 6 7 -1 10 -10 -7 -8 -6 14 -14
right_child=1 2 -4 -5 12 8 11 -9 9 -11 -12 -13 13 -15 -16
leaf_value=6.2909684036220519e-05 7.4401855231470842e-05 0.00018933657956883237 6.602490046971285e-05 -5.7425774143228667e-05 -5.7886326096082967e-06 -4.1048772785217581e-06 0.00012424909418917523 1.0391108681871873e-06 2.791087446285934e-06 -3.5858210059492581e-05 -2.1815359757740569e-05 3.6814254693384896e-05 -4.8240044637878164e-05 -8.6374944639884839e-05 -2.2209961388023356e-05
leaf_weight=51 26 29 27 20 36 1711 28 7109 3082 157 711 33 22 24 20
leaf_count=51 26 29 27 20 36 1711 28 7109 3082 157 711 33 22 24 20
internal_value=7.84818e-14 7.90134e-05 0.000129883 1.70855e-05 -6.20715e-07 -3.31664e-07 2.11734e-06 1.47981e-06 -3.45553e-06 9.17688e-07 -9.30395e-06 7.69483e-05 -3.71262e-05 -5.42194e-05 -3.58448e-05
internal_weight=13086 102 56 46 12984 12882 7221 7160 5661 3239 2422 61 102 66 42
internal_count=13086 102 56 46 12984 12882 7221 7160 5661 3239 2422 61 102 66 42
is_linear=0
shrinkage=0.0193306


Tree=13
num_leaves=15
num_cat=0
split_feature=3 69 32 64 7 30 12 69 33 49 8 1 12 12
split_gain=0.00165179 0.000836318 0.000366407 0.000370611 0.000352612 0.000254521 0.000726585 0.000678237 0.00042169 0.000242487 0.000208086 0.000140619 0.000100363 1.82688e-05
threshold=0.0056787997682678009 -1115.8236540000005 -0.3794095225512602 144.65804400000025 0.01833967195827824 0.0035143803893156731 0.0036538737120744174 -512.71547750000002 1.0000000180025095e-35 56272.258500000004 -0.0051203739419756191 3.7762331152463512e-05 0.0021442876170371643 0.0014778486346190807
decision_type=2 2 2 2 2 2 2 2 2 2 2 2 2 2
left_child=4 -2 -3 -4 5 6 10 -7 -8 -9 -1 -6 13 -13
right_child=1 2 3 -5 11 7 8 9 -10 -11 -12 12 -14 -15
leaf_value=4.3035678300978513e-05 -4.3801129900012889e-06 6.0744987148514196e-05 0.00020577074146213104 9.0796075204396343e-05 -5.676735025099593e-06 -0.00010453726790397248 0.00010120237981861976 4.9390480900846596e-05 1.2983429658107643e-05 -2.3146956336990459e-05 -5.8346940889100009e-07 -4.73075378079437e-05 -8.4705269437564636e-05 -2.1780630566522752e-05
leaf_weight=41 32 28 22 20 36 32 41 26 40 51 12651 22 24 20
leaf_count=41 32 28 22 20 36 32 41 26 40 51 12651 22 24 20
internal_value=-1.75388e-13 7.7486e-05 0.000114911 0.000151021 -6.08717e-07 -3.25253e-07 -7.42483e-08 -2.97389e-05 5.76375e-05 1.3462e-06 -4.42563e-07 -3.64085e-05 -5.31713e-05 -3.51519e-05
internal_weight=13086 102 70 42 12984 12882 12773 109 81 77 12692 102 66 42
internal_count=13086 102 70 42 12984 12882 12773 109 81 77 12692 102 66 42
is_linear=0
shrinkage=0.0193306


Tree=14
num_leaves=18
num_cat=0
split_feature=3 69 20 8 30 30 29 60 0 47 3 9 51 20 69 65 29
split_gain=0.00158855 0.000804297 0.000477165 0.000291646 0.000542602 0.00126616 0.000768258 0.00052037 0.000398288 0.00037089 0.000350963 0.000308506 0.000265423 0.000234157 0.000226716 0.000213311 0.000175362
threshold=0.0056787997682678009 -1115.8236540000005 33.299662656018732 0.0024540761233137203 0.002656176438461633 0.0035143803893156731 -0.007974721495561941 -63.377463999999875 33.171426415359683 0.00071402190442921719 0.0032711286212379221 0.62126142687621699 10.500000000000002 35.63079535943114 -383.6094015000005 435.95260299999967 0.0010334304419666875
decision_type=2 2 2 2 2 2 2 2 2 2 2 2 2 2 2 2 2
left_child=3 -2 14 4 9 6 -6 11 -7 10 -1 -5 -9 -13 -3 -14 -11
right_child=1 2 -4 7 5 8 -8 12 -10 16 -12 13 15 -15 -16 -17 -18
leaf_value=-5.8371533693904906e-07 -4.2954421323646455e-06 3.0356014380175706e-05 0.00019248871281529094 9.194584250743166e-05 9.4441511435048729e-05 5.2268733249748901e-06 2.0975205602014362e-05 -8.6704016654086613e-05 -0.00010541823153840776 8.3717591067642987e-08 -2.1728508201219906e-05 -3.8582826663142437e-05 -3.2809453409535873e-05 2.7696893252239283e-05 0.00011437842885932694 -6.4783937310167779e-06 3.2085154642179794e-05
leaf_weight=11498 32 20 20 20 77 20 172 23 31 97 301 28 226 69 30 234 188
leaf_count=11498 32 20 20 20 77 20 172 23 31 97 301 28 226 69 30 234 188
internal_value=-1.97768e-13 7.59882e-05 0.000112689 -5.9695e-07 4.07456e-08 2.5721e-05 4.36937e-05 -1.3759e-05 -6.2028e-05 -5.96798e-07 -1.12313e-06 2.28178e-05 -2.26192e-05 8.5646e-06 8.07695e-05 -1.9415e-05 2.11934e-05
internal_weight=13086 102 70 12984 12384 300 249 600 51 12084 11799 117 483 97 50 460 285
internal_count=13086 102 70 12984 12384 300 249 600 51 12084 11799 117 483 97 50 460 285
is_linear=0
shrinkage=0.0193306


Tree=15
num_leaves=12
num_cat=0
split_feature=3 32 64 23 6 10 30 55 20 8 2
split_gain=0.00152773 0.000782716 0.000481797 0.000347774 0.000281702 0.000337277 0.000549642 0.000529404 0.000543908 0.000363453 0.00020844
threshold=0.0056787997682678009 -0.60355339059327384 172.77292650000012 -0.023216745209616137 0.013393330337375444 0.018616363224816516 0.0035143803893156731 58793.759500000007 37.468712180649433 0.0025568789838115173 82.394556936926591
decision_type=2 2 2 2 2 2 2 2 2 2 2
left_child=4 3 -3 -2 5 6 9 8 -7 -1 -6
right_child=1 2 -4 -5 10 7 -8 -9 -10 -11 -12
leaf_value=-5.5940877169840275e-07 7.603820230530534e-05 0.00016866105930824841 5.2564389589049864e-05 -3.118040719086687e-05 -8.4248000256513788e-05 2.4681504299301357e-05 -0.00010242764471348944 8.25657146288542e-05 -9.4918661612568942e-06 -2.5917552051502333e-05 -6.073783312647404e-06
leaf_weight=11962 20 34 22 26 26 367 20 38 331 215 25
leaf_count=11962 20 34 22 26 26 367 20 38 331 215 25
internal_value=5.18923e-14 7.45193e-05 0.000123052 1.54364e-05 -5.8541e-07 -4.06609e-07 -1.17344e-06 1.23014e-05 8.47608e-06 -1.00714e-06 -4.59273e-05
internal_weight=13086 102 56 46 12984 12933 12197 736 698 12177 51
internal_count=13086 102 56 46 12984 12933 12197 736 698 12177 51
is_linear=0
shrinkage=0.0193306


Tree=16
num_leaves=16
num_cat=0
split_feature=3 69 20 7 33 12 8 30 29 32 28 69 1 1 58
split_gain=0.00146924 0.000762171 0.000455656 0.000324047 0.000249797 0.000831728 0.000488934 0.000391949 0.000553695 0.00045013 0.000277625 0.000216507 0.000135205 6.56968e-05 2.87168e-05
threshold=0.0056787997682678009 -1115.8236540000005 33.299662656018732 0.01833967195827824 1.0000000180025095e-35 0.0036538737120744174 -0.0036229386251800384 0.0035143803893156731 0.0099033480239639777 -0.3794095225512602 53.751801652068465 -383.6094015000005 0.00012549179534933498 0.00064719173019188534 0.00046667304019243355
decision_type=2 2 2 2 2 2 2 2 2 2 2 2 2 2 2
left_child=3 -2 11 4 5 6 -1 9 -9 -6 -7 -3 14 -14 -5
right_child=1 2 -4 12 7 10 -8 8 -10 -11 -12 -13 13 -15 -16
leaf_value=6.1114781974942465e-05 -5.0740420955379819e-06 2.8348432186668174e-05 0.00018678594756463455 -2.4276626215293964e-05 -9.1427896786928416e-06 0.00010196049507933108 1.0476346515013723e-06 -9.8568627337026425e-05 2.3891198047274634e-05 1.928573804449181e-06 1.4112527653639525e-05 0.00011045722798542172 -6.8904392969282728e-05 -2.6929541310241032e-05 7.6915479813106183e-06
leaf_weight=51 32 20 20 21 2403 41 7109 37 22 3199 20 30 38 22 21
leaf_count=51 32 20 20 21 2403 41 7109 37 22 3199 20 30 38 22 21
internal_value=1.69695e-13 7.30788e-05 0.000108806 -5.74094e-07 -3.02354e-07 2.08103e-06 1.47549e-06 -3.34253e-06 -5.29056e-05 -2.82053e-06 7.31579e-05 7.76137e-05 -3.48932e-05 -5.35136e-05 -8.29254e-06
internal_weight=13086 102 70 12984 12882 7221 7160 5661 59 5602 61 50 102 60 42
internal_count=13086 102 70 12984 12882 7221 7160 5661 59 5602 61 50 102 60 42
is_linear=0
shrinkage=0.0193306


Tree=17
num_leaves=15
num_cat=0
split_feature=3 32 4 61 7 33 29 3 30 29 32 69 1 51
split_gain=0.00141298 0.000741143 0.000609148 0.000558084 0.00031164 0.000240233 0.000633959 0.00116757 0.000376943 0.000532495 0.000432896 0.000291759 0.00013034 9.23508e-05
threshold=0.0056787997682678009 0.1294095225512602 -0.0033913784137903353 -418.50955450000009 0.01833967195827824 1.0000000180025095e-35 -0.011343003193983013 0.0036704232312899407 0.0035143803893156731 0.0099033480239639777 -0.3794095225512602 -383.6094015000005 3.7762331152463512e-05 31.500000000000004
decision_type=2 2 2 2 2 2 2 2 2 2 2 2 2 2
left_child=4 2 -2 -4 5 6 7 -1 10 -10 -7 -8 -6 -14
right_child=1 -3 3 -5 12 8 11 -9 9 -11 -12 -13 13 -15
leaf_value=1.4473863132299808e-05 0.00012335676340644665 0.00014376010294159228 -6.1346448281624039e-05 7.3377976593309082e-05 -4.6314278369506395e-06 -8.966054339010776e-06 -2.4584000742703178e-05 0.00013117809170051678 -9.6663240339025258e-05 2.3429368091270516e-05 1.8912930588949827e-06 1.5854451168120273e-06 -7.0600919174349707e-05 -2.452891746145113e-05
leaf_weight=204 20 35 27 20 36 2403 163 38 37 22 3199 6816 37 29
leaf_count=204 20 35 27 20 36 2403 163 38 37 22 3199 6816 37 29
internal_value=1.34827e-13 7.16661e-05 3.40051e-05 -4.01691e-06 -5.62996e-07 -2.9651e-07 2.0408e-06 3.27993e-05 -3.27791e-06 -5.18829e-05 -2.76601e-06 9.74237e-07 -3.42187e-05 -5.03572e-05
internal_weight=13086 102 67 47 12984 12882 7221 242 5661 59 5602 6979 102 66
internal_count=13086 102 67 47 12984 12882 7221 242 5661 59 5602 6979 102 66
is_linear=0
shrinkage=0.0193306


Tree=18
num_leaves=12
num_cat=0
split_feature=29 32 30 65 30 65 12 69 7 20 65
split_gain=0.00115741 0.000539958 0.000382135 0.000454306 0.000397727 0.00120633 0.000572186 0.000429749 0.000347127 0.000318154 0.000271881
threshold=-0.026175835576021374 -0.3794095225512602 0.0041395649865722242 75.171844499999978 0.0035143803893156731 -512.71547750000002 0.0036538737120744174 46.635954999999761 0.01833967195827824 39.920266544512025 -490.08410450000002
decision_type=2 2 2 2 2 2 2 2 2 2 2
left_child=1 -1 4 9 6 -6 8 -7 -2 -4 -8
right_child=2 -3 3 -5 5 7 10 -9 -10 -11 -12
leaf_value=3.1077467760111834e-05 -3.8455239417961645e-07 0.00015575107877536975 -4.2995241331474313e-05 9.8253528265505351e-05 -0.00014391069269466844 8.0575205633735158e-05 -1.2402399950159973e-07 -2.7117796019965433e-05 -3.7867459922504719e-05 6.0443821396457908e-05 7.4554806970108999e-05
leaf_weight=27 12687 25 25 32 29 20 27 45 93 20 56
leaf_count=27 12687 25 25 32 29 20 27 45 93 20 56
internal_value=4.93861e-14 9.10167e-05 -3.63117e-07 4.25728e-05 -6.18274e-07 -4.02362e-05 -3.28755e-07 6.01851e-06 -6.57315e-07 2.97768e-06 5.02617e-05
internal_weight=13086 52 13034 77 12957 94 12863 65 12780 45 83
internal_count=13086 52 13034 77 12957 94 12863 65 12780 45 83
is_linear=0
shrinkage=0.0193306


Tree=19
num_leaves=16
num_cat=0
split_feature=3 69 20 7 33 12 8 56 55 56 28 69 1 44 58
split_gain=0.00133365 0.000683625 0.000427262 0.000289067 0.000230872 0.000764588 0.000455933 0.000308252 0.000513914 0.000372117 0.000256597 0.000202805 0.000123808 9.41211e-05 2.79269e-05
threshold=0.0056787997682678009 -1115.8236540000005 33.299662656018732 0.01833967195827824 1.0000000180025095e-35 0.0036538737120744174 -0.0036229386251800384 3.2330000000000004e-05 51340.186000000009 1.1035000000000002e-05 53.751801652068465 -383.6094015000005 0.00012549179534933498 0.00048749351526875781 0.00046667304019243355
decision_type=2 2 2 2 2 2 2 2 2 2 2 2 2 2 2
left_child=3 -2 11 4 5 6 -1 9 -9 -6 -7 -3 14 -14 -5
right_child=1 2 -4 12 7 10 -8 8 -10 -11 -12 -13 13 -15 -16
leaf_value=5.9011869941480175e-05 -4.3910799426507928e-06 2.5575752855510245e-05 0.00017897272448782486 -2.3268761733569638e-05 -3.9118667590058174e-06 9.783904752106431e-05 1.0072628132509187e-06 -8.0735781129764175e-05 -8.7672791183546152e-06 9.3101822127089163e-06 1.3383504689923698e-05 0.00010504395860131846 -7.3426502143209349e-05 -2.489656933712736e-05 8.2566647963808852e-06
leaf_weight=51 32 20 20 21 3018 41 7109 38 1525 1080 20 30 32 28 21
leaf_count=51 32 20 20 21 3018 41 7109 38 1525 1080 20 30 32 28 21
internal_value=-1.51136e-13 6.96252e-05 0.000103461 -5.46964e-07 -2.9031e-07 2.00101e-06 1.42042e-06 -3.21305e-06 -1.0517e-05 -4.27286e-07 7.01487e-05 7.32567e-05 -3.29608e-05 -5.07792e-05 -7.50605e-06
internal_weight=13086 102 70 12984 12882 7221 7160 5661 1563 4098 61 50 102 60 42
internal_count=13086 102 70 12984 12882 7221 7160 5661 1563 4098 61 50 102 60 42
is_linear=0
shrinkage=0.0193306


Tree=20
num_leaves=16
num_cat=0
split_feature=3 32 4 61 7 10 3 50 22 33 32 69 12 32 8
split_gain=0.00128259 0.000671408 0.000569052 0.000510215 0.000277999 0.000223854 0.000521186 0.000768825 0.000511896 0.000851846 0.000417559 0.000269044 0.000122212 9.49143e-05 3.13227e-05
threshold=0.0056787997682678009 0.1294095225512602 -0.0033913784137903353 -418.50955450000009 0.01833967195827824 0.018616363224816516 0.0035216543387280694 -2.1744999999999999e-05 13.93838451253375 -1.0000000180025095e-35 0.25881904510252057 -436.20767850000033 0.002346407929710343 -0.60355339059327384 0.0026517010171253079
decision_type=2 2 2 2 2 2 2 2 2 2 2 2 2 2 2
left_child=4 2 -2 -4 5 6 11 -8 10 -10 -7 -1 13 -6 -15
right_child=1 -3 3 -5 12 8 7 -9 9 -11 -12 -13 -14 14 -16
leaf_value=-1.8456721465959678e-05 0.00011879471751982862 0.00013689785068004935 -5.9131220526564044e-05 6.9685817082709212e-05 -5.6919796075103232e-05 -5.2077808196223957e-05 -8.837535784348971e-05 -8.9670729810244956e-06 5.3749813024180697e-05 2.5970607718703761e-06 4.2383478178309053e-06 1.1514515417311514e-07 -7.3879751666964188e-05 -2.6885192121567256e-05 1.8414431769992297e-06
leaf_weight=299 20 35 27 20 21 75 61 180 184 359 143 11581 21 23 37
leaf_count=299 20 35 27 20 21 75 61 180 184 359 143 11581 21 23 37
internal_value=6.66138e-14 6.82793e-05 3.24338e-05 -4.31546e-06 -5.3639e-07 -2.84698e-07 -9.23194e-07 -2.90663e-05 9.8851e-06 1.99306e-05 -1.51365e-05 -3.52278e-07 -3.23237e-05 -2.15499e-05 -9.17043e-06
internal_weight=13086 102 67 47 12984 12882 12121 241 761 543 218 11880 102 81 60
internal_count=13086 102 67 47 12984 12882 12121 241 761 543 218 11880 102 81 60
is_linear=0
shrinkage=0.0193306


Tree=21
num_leaves=16
num_cat=0
split_feature=3 21 61 7 33 8 3 17 30 29 32 61 48 30 10
split_gain=0.00123348 0.000649845 0.00103471 0.000267355 0.000219333 0.00059448 0.000440238 0.000427256 0.000355539 0.000503337 0.000413299 0.000136852 0.000118067 7.16247e-05 2.89447e-05
threshold=0.0056787997682678009 12.287081330315264 -490.08410450000002 0.01833967195827824 1.0000000180025095e-35 -0.0036229386251800384 0.0037709890232123151 0.00024286038872162245 0.0035143803893156731 0.0099033480239639777 -0.3794095225512602 376.57892399999997 0.90128135245943575 0.0017088057129174418 0.012328583396973552
decision_type=2 2 2 2 2 2 2 2 2 2 2 2 2 2 2
left_child=3 -2 -3 4 5 6 -1 -7 10 -10 -6 -4 14 -14 -5
right_child=1 2 11 12 8 7 -8 -9 9 -11 -12 -13 13 -15 -16
leaf_value=2.5016155431712063e-05 0.00016000233747077164 -4.1593387510466193e-05 0.00013191630755792684 1.3002701026891632e-06 -8.6888858577153369e-06 7.5648966344976239e-07 0.00012978994409612975 3.5601728793309481e-05 -9.3869840270950007e-05 2.2888466454835547e-05 1.9198612614498003e-06 6.5930599256242421e-05 -3.2293047037000011e-05 -8.1177070009720513e-05 -2.6287967605363554e-05
leaf_weight=47 22 33 24 27 2403 7018 22 134 37 22 3199 23 24 21 30
leaf_count=47 22 33 24 27 2403 7018 22 134 37 22 3199 23 24 21 30
internal_value=9.85315e-14 6.69595e-05 4.13727e-05 -5.26022e-07 -2.79194e-07 1.95414e-06 5.84223e-05 1.40935e-06 -3.12796e-06 -5.03328e-05 -2.6308e-06 9.96254e-05 -3.16989e-05 -5.51056e-05 -1.32199e-05
internal_weight=13086 102 80 12984 12882 7221 69 7152 5661 59 5602 47 102 45 57
internal_count=13086 102 80 12984 12882 7221 69 7152 5661 59 5602 47 102 45 57
is_linear=0
shrinkage=0.0193306


Tree=22
num_leaves=16
num_cat=0
split_feature=3 32 60 19 7 47 51 30 69 12 50 2 12 32 8
split_gain=0.00118626 0.000632409 0.000495653 0.000436146 0.000257119 0.000213971 0.000455188 0.000283408 0.000858948 0.00040789 0.000198858 0.000131999 0.000114657 8.97701e-05 3.05195e-05
threshold=0.0056787997682678009 -0.60355339059327384 170.73275200000018 -0.0038014891522716305 0.01833967195827824 -0.0012389043097767352 12.500000000000002 0.0035143803893156731 -293.48096800000002 0.0036538737120744174 4.0250000000000004e-06 24.785274325307906 0.002346407929710343 -0.60355339059327384 0.0026517010171253079
decision_type=2 2 2 2 2 2 2 2 2 2 2 2 2 2 2
left_child=4 3 -3 -2 5 6 11 9 -9 -7 -8 -1 13 -6 -15
right_child=1 2 -4 -5 12 7 10 8 -10 -11 -12 -13 -14 14 -16
leaf_value=3.5417505242028929e-05 6.4761976186400173e-05 0.00016478038770030112 4.968798433555227e-05 -5.5308920612880321e-05 -5.5048701100982912e-05 -5.2265217171400306e-07 3.1495404982733278e-05 -0.00012610961161896647 1.0401803924663342e-06 4.6605360584643089e-05 -3.1539337998205268e-05 9.7197298652200854e-05 -7.1337146256534456e-05 -2.6097479689151679e-05 2.2584506619614164e-06
leaf_weight=24 26 29 27 20 21 12582 32 27 75 69 45 28 21 23 37
leaf_count=24 26 29 27 20 21 12582 32 27 75 69 45 28 21 23 37
internal_value=-6.53181e-14 6.56651e-05 0.000109289 1.25572e-05 -5.15853e-07 -2.73797e-07 2.44971e-05 -5.24362e-07 -3.26171e-05 -2.65611e-07 -5.34308e-06 6.86835e-05 -3.10861e-05 -2.06506e-05 -8.61132e-06
internal_weight=13086 102 56 46 12984 12882 129 12753 102 12651 77 52 102 81 60
internal_count=13086 102 56 46 12984 12882 129 12753 102 12651 77 52 102 81 60
is_linear=0
shrinkage=0.0193306


Tree=23
num_leaves=20
num_cat=0
split_feature=3 32 23 8 30 61 29 23 9 32 12 47 3 32 31 56 49 50 3
split_gain=0.00114084 0.000615114 0.000508499 0.000252386 0.000461817 0.000992369 0.000972017 0.000848512 0.000350351 0.000322272 0.000341127 0.000318745 0.000315161 0.000308 0.000249216 0.000230315 0.000204525 0.000204172 0.000203054
threshold=0.0056787997682678009 0.1294095225512602 -0.021608840590716601 0.0025568789838115173 0.002656176438461633 -540.99293050000017 -0.0070604436456095923 -0.01339712636510648 0.77850982534288182 0.37940952255126048 0.0017902205299467095 0.00071402190442921719 0.0032711286212379221 0.91597561503675351 1.0000000180025095e-35 1.1155000000000002e-05 57782.106000000007 3.4155000000000008e-05 0.0033845139623501969
decision_type=2 2 2 2 2 2 2 2 2 2 2 2 2 2 2 2 2 2 2
left_child=3 2 16 4 11 7 -7 -6 14 10 -10 12 -1 -13 17 -11 -2 -5 -16
right_child=1 -3 -4 8 5 6 -8 -9 9 15 -12 13 -14 -15 18 -17 -18 -19 -20
leaf_value=-5.1474762585267184e-07 0.00011673436296775875 0.00013007460994162012 -3.6788120001177033e-05 3.4576001363987389e-05 6.35365333148695e-06 0.00011743160374537228 2.2245432879692803e-05 -0.00013139905056830893 -1.6012791056644467e-05 -2.3266517700319232e-05 -6.6631527485960421e-05 1.3188278602600664e-05 -2.0518921737309419e-05 8.287331419037202e-05 -8.3612382790035932e-08 2.6095948913129354e-05 3.0359962380456202e-05 -3.145132511577946e-05 -6.8669480681670428e-05
leaf_weight=11533 20 35 26 105 55 52 175 24 100 88 99 268 302 26 54 59 21 21 23
leaf_count=11533 20 35 26 105 55 52 175 24 100 88 99 268 302 26 54 59 21 21 23
internal_value=-2.32363e-13 6.43958e-05 3.00859e-05 -5.05882e-07 6.04048e-08 2.35139e-05 4.40502e-05 -3.54953e-05 -1.33324e-05 -2.51607e-05 -4.1195e-05 -5.313e-07 -1.0252e-06 1.93509e-05 6.82803e-06 -3.45437e-06 7.24938e-05 2.35714e-05 -2.05703e-05
internal_weight=13086 102 67 12984 12435 306 227 79 549 346 199 12129 11835 294 203 147 41 126 77
internal_count=13086 102 67 12984 12435 306 227 79 549 346 199 12129 11835 294 203 147 41 126 77
is_linear=0
shrinkage=0.0193306


Tree=24
num_leaves=12
num_cat=0
split_feature=3 21 61 6 10 30 55 20 8 22 61
split_gain=0.00109716 0.000606623 0.000959108 0.000244878 0.000290081 0.000475582 0.000474643 0.000488861 0.00031503 0.000131815 0.000128496
threshold=0.0056787997682678009 12.287081330315264 -490.08410450000002 0.013393330337375444 0.018616363224816516 0.0035143803893156731 58793.759500000007 37.468712180649433 0.0025568789838115173 7.5469965997077386 376.57892399999997
decision_type=2 2 2 2 2 2 2 2 2 2 2
left_child=3 -2 -3 4 5 8 7 -6 -1 -5 -4
right_child=1 2 10 9 6 -7 -8 -9 -10 -11 -12
leaf_value=-4.6902365174603338e-07 0.00015304638432818597 -4.1447957093241789e-05 0.00012580357043435225 -5.6263044356479386e-06 2.3197417074127237e-05 -9.5226449613529715e-05 7.7987152759823722e-05 -9.2005546411444324e-06 -2.4077582134018616e-05 -6.8771770019264249e-05 6.1864037080212953e-05
leaf_weight=11962 22 33 24 21 367 20 38 331 215 30 23
leaf_count=11962 22 33 24 21 367 20 38 331 215 30 23
internal_value=8.65256e-14 6.31509e-05 3.84297e-05 -4.96103e-07 -3.29397e-07 -1.04056e-06 1.1456e-05 7.83391e-06 -8.85862e-07 -4.27707e-05 9.4514e-05
internal_weight=13086 102 80 12984 12933 12197 736 698 12177 51 47
internal_count=13086 102 80 12984 12933 12197 736 698 12177 51 47
is_linear=0
shrinkage=0.0193306


Tree=25
num_leaves=16
num_cat=0
split_feature=3 32 60 19 7 33 12 8 32 30 56 28 48 30 1
split_gain=0.00105515 0.000584099 0.00046066 0.000402649 0.000238398 0.000207706 0.000686298 0.000403431 0.000326728 0.000563664 0.000398494 0.000228405 0.000110747 6.7214e-05 2.88839e-05
threshold=0.0056787997682678009 -0.60355339059327384 170.73275200000018 -0.0038014891522716305 0.01833967195827824 1.0000000180025095e-35 0.0036538737120744174 -0.0036229386251800384 -0.3794095225512602 0.0035143803893156731 3.2330000000000004e-05 53.751801652068465 0.90128135245943575 0.0017088057129174418 0.00010201444067620343
decision_type=2 2 2 2 2 2 2 2 2 2 2 2 2 2 2
left_child=4 3 -3 -2 5 6 7 -1 10 -10 -7 -8 14 -14 -6
right_child=1 2 -4 -5 12 8 11 -9 9 -11 -12 -13 13 -15 -16
leaf_value=5.554396193194128e-05 6.1051128564225084e-05 0.00015735144928328182 4.6396159256676044e-05 -5.43168553160619e-05 -1.9089116542332506e-06 -3.3415986136798323e-06 9.2609384407849133e-05 9.8118545949766543e-07 1.8918589161045437e-06 -7.112497924360594e-05 -2.0559600230345181e-05 1.2928251396331975e-05 -3.0493332947911965e-05 -7.7848286022878617e-05 -3.0742177851701626e-05
leaf_weight=51 26 29 27 20 37 1711 41 7109 3199 40 711 20 24 21 20
leaf_count=51 26 29 27 20 37 1711 41 7109 3199 40 711 20 24 21 20
internal_value=-7.10789e-14 6.19302e-05 0.000103855 1.08911e-05 -4.86513e-07 -2.53435e-07 1.91989e-06 1.36983e-06 -3.02567e-06 9.90138e-07 -8.3961e-06 6.64844e-05 -2.99228e-05 -5.25923e-05 -1.20258e-05
internal_weight=13086 102 56 46 12984 12882 7221 7160 5661 3239 2422 61 102 45 57
internal_count=13086 102 56 46 12984 12882 7221 7160 5661 3239 2422 61 102 45 57
is_linear=0
shrinkage=0.0193306


Tree=26
num_leaves=19
num_cat=0
split_feature=3 21 69 8 60 30 30 60 0 47 3 9 32 65 3 21 55 32
split_gain=0.00101475 0.000571872 0.000736532 0.00023319 0.000473791 0.000458128 0.00100783 0.000683134 0.000358445 0.000343297 0.000322209 0.000283075 0.000282871 0.000240599 0.000280139 0.000204274 0.000159056 0.000119754
threshold=0.0056787997682678009 12.287081330315264 -1115.8236540000005 0.0024540761233137203 -63.377463999999875 0.002656176438461633 0.0035143803893156731 -364.47541999999981 33.171426415359683 0.00071402190442921719 0.0032711286212379221 0.62126142687621699 0.91597561503675351 435.95260299999967 0.002256935063467524 29.016596579335637 54175.313500000011 -0.3794095225512602
decision_type=2 2 2 2 2 2 2 2 2 2 2 2 2 2 2 2 2 2
left_child=3 -2 -3 5 11 9 7 -7 -8 10 -1 -5 -11 15 -15 -6 -13 -4
right_child=1 2 17 4 13 6 8 -9 -10 12 -12 16 -14 14 -16 -17 -18 -19
leaf_value=-4.8223820869081849e-07 0.00014801561948783111 -5.0267129861733487e-05 3.9980353957018928e-05 8.8872606064046943e-05 -8.9297542837093753e-05 -6.5776126704185381e-05 9.2045766781314123e-06 4.9441853906149806e-05 -9.5760526640775753e-05 1.4369581758606218e-05 -2.0742340603911312e-05 2.8867421455035682e-05 8.1253978357702039e-05 2.4474775664993403e-05 -2.0720034976981474e-05 -2.8685781504443513e-05 -2.1841876913168446e-05 9.8691730599352563e-05
leaf_weight=11498 22 25 21 20 23 21 20 228 31 259 301 59 26 73 172 215 38 34
leaf_count=11498 22 25 21 20 23 21 20 228 31 259 301 59 26 73 172 215 38 34
internal_value=1.01167e-13 6.07331e-05 3.67304e-05 -4.77108e-07 -1.22464e-05 9.31092e-08 2.36899e-05 3.97247e-05 -5.45977e-05 -4.92709e-07 -9.99086e-07 2.2655e-05 2.04713e-05 -2.07008e-05 -7.25383e-06 -3.45432e-05 9.00192e-06 7.62747e-05
internal_weight=13086 102 80 12984 600 12384 300 249 51 12084 11799 117 285 483 245 238 97 55
internal_count=13086 102 80 12984 600 12384 300 249 51 12084 11799 117 285 483 245 238 97 55
is_linear=0
shrinkage=0.0193306


Tree=27
num_leaves=13
num_cat=0
split_feature=3 32 23 6 10 3 50 55 20 69 49 2
split_gain=0.000975899 0.000546472 0.000469385 0.00022812 0.0002783 0.000462575 0.000757805 0.000450607 0.000462033 0.000249725 0.000196498 0.000185453
threshold=0.0056787997682678009 0.1294095225512602 -0.021608840590716601 0.013393330337375444 0.018616363224816516 0.0035216543387280694 -2.1744999999999999e-05 58793.759500000007 37.468712180649433 -436.20767850000033 57782.106000000007 82.394556936926591
decision_type=2 2 2 2 2 2 2 2 2 2 2 2
left_child=3 2 10 4 5 9 -7 8 -6 -1 -2 -5
right_child=1 -3 -4 11 7 6 -8 -9 -10 -11 -12 -13
leaf_value=-1.7911698585532204e-05 0.00011132817459243789 0.00012146489753717051 -3.7030402474097604e-05 -7.7416332707412109e-05 2.2643421531839331e-05 -8.638644875841813e-05 -7.6044645970834167e-06 7.6061245413397424e-05 -8.853044582497038e-06 -2.0483723085051893e-08 2.6665656196358603e-05 -3.6786465703480365e-06
leaf_weight=299 20 35 26 26 367 61 181 38 331 11656 21 25
leaf_count=299 20 35 26 26 367 61 181 38 331 11656 21 25
internal_value=4.44703e-15 5.95591e-05 2.72202e-05 -4.67885e-07 -3.06985e-07 -1.00355e-06 -2.74627e-05 1.12366e-05 7.70742e-06 -4.67951e-07 6.79644e-05 -4.12704e-05
internal_weight=13086 102 67 12984 12933 12197 242 736 698 11955 41 51
internal_count=13086 102 67 12984 12933 12197 242 736 698 11955 41 51
is_linear=0
shrinkage=0.0193306


Tree=28
num_leaves=12
num_cat=0
split_feature=29 32 3 61 30 69 12 21 7 32 17
split_gain=0.000951807 0.000471977 0.000319821 0.00084914 0.000243379 0.00101922 0.000483546 0.000364534 0.000265901 0.000218013 0.000122686
threshold=-0.026175835576021374 -0.3794095225512602 0.0056787997682678009 -401.43021450000043 0.0035143803893156731 -293.48096800000002 0.0036538737120744174 17.050618727574307 0.01833967195827824 0.25881904510252057 0.00015378516423774429
decision_type=2 2 2 2 2 2 2 2 2 2 2
left_child=1 -1 4 -4 6 -6 8 -8 -2 -7 -5
right_child=2 -3 3 10 5 9 7 -9 -10 -11 -12
leaf_value=2.6498661251920617e-05 -3.6174992104854896e-07 0.00014306004892953778 -3.7565602738387626e-05 0.00013040243091356807 -0.00013493005584680308 -3.1165093683167029e-05 9.4061091318022256e-05 9.5914862781428326e-06 -3.3167471202657597e-05 3.1864513922763061e-05 6.3505112684679739e-05
leaf_weight=27 12684 25 30 21 26 37 35 42 93 46 20
leaf_count=27 12684 25 30 21 26 37 35 42 93 46 20
internal_value=-1.66643e-13 8.25378e-05 -3.2929e-07 4.05857e-05 -5.53387e-07 -2.93167e-05 -3.09478e-07 4.79868e-05 -6.00533e-07 3.76698e-06 9.77696e-05
internal_weight=13086 52 13034 71 12963 109 12854 77 12777 83 41
internal_count=13086 52 13034 71 12963 109 12854 77 12777 83 41
is_linear=0
shrinkage=0.0193306


Tree=29
num_leaves=12
num_cat=0
split_feature=29 32 3 61 30 69 12 21 8 32 61
split_gain=0.000915365 0.000453906 0.000307575 0.000816628 0.000234061 0.000980202 0.000465032 0.000350577 0.000261669 0.000209665 0.000122098
threshold=-0.026175835576021374 -0.3794095225512602 0.0056787997682678009 -401.43021450000043 0.0035143803893156731 -293.48096800000002 0.0036538737120744174 17.050618727574307 0.0024540761233137203 0.25881904510252057 395.58978099999956
decision_type=2 2 2 2 2 2 2 2 2 2 2
left_child=1 -1 4 -4 6 -6 8 -8 -2 -7 -5
right_child=2 -3 3 10 5 9 7 -9 -10 -11 -12
leaf_value=2.5986426585768427e-05 -1.7991599617079789e-08 0.00014029461594965777 -3.683943739362794e-05 0.000128434269476406 -0.00013232178168073075 -3.0562655426709938e-05 9.2242836282675693e-05 9.4060776012631121e-06 -1.3992718724217903e-05 3.124855449689043e-05 6.1697302680926725e-05
leaf_weight=27 12255 25 30 21 26 37 35 42 522 46 20
leaf_count=27 12255 25 30 21 26 37 35 42 522 46 20
internal_value=-9.61685e-14 8.09423e-05 -3.22925e-07 3.98012e-05 -5.42689e-07 -2.875e-05 -3.03496e-07 4.70591e-05 -5.88924e-07 3.69416e-06 9.58797e-05
internal_weight=13086 52 13034 71 12963 109 12854 77 12777 83 41
internal_count=13086 52 13034 71 12963 109 12854 77 12777 83 41
is_linear=0
shrinkage=0.0193306


Tree=30
num_leaves=12
num_cat=0
split_feature=29 32 3 61 30 69 12 21 7 32 17
split_gain=0.000880318 0.000436527 0.000295799 0.000785362 0.000225099 0.000942672 0.000447227 0.000337154 0.000252604 0.000201638 0.000117426
threshold=-0.026175835576021374 -0.3794095225512602 0.0056787997682678009 -401.43021450000043 0.0035143803893156731 -293.48096800000002 0.0036538737120744174 17.050618727574307 0.01833967195827824 0.25881904510252057 0.00015378516423774429
decision_type=2 2 2 2 2 2 2 2 2 2 2
left_child=1 -1 4 -4 6 -6 8 -8 -2 -7 -5
right_child=2 -3 3 10 5 9 7 -9 -10 -11 -12
leaf_value=2.5484095457144473e-05 -3.4480397274402011e-07 0.00013758264219599988 -3.6127310145825737e-05 0.00012595185680783748 -0.00012976392697876241 -2.9971861397163591e-05 9.0459729872484007e-05 9.2242531204431711e-06 -3.2319741463124331e-05 3.0644502345288922e-05 6.0504349655720903e-05
leaf_weight=27 12684 25 30 21 26 37 35 42 93 46 20
leaf_count=27 12684 25 30 21 26 37 35 42 93 46 20
internal_value=-7.03861e-14 7.93776e-05 -3.16682e-07 3.90318e-05 -5.32199e-07 -2.81943e-05 -2.97629e-07 4.61495e-05 -5.7754e-07 3.62275e-06 9.40262e-05
internal_weight=13086 52 13034 71 12963 109 12854 77 12777 83 41
internal_count=13086 52 13034 71 12963 109 12854 77 12777 83 41
is_linear=0
shrinkage=0.0193306


Tree=31
num_leaves=19
num_cat=0
split_feature=3 21 61 8 60 30 61 29 23 47 30 3 65 1 23 56 17 61
split_gain=0.000851322 0.000539277 0.000790517 0.000211344 0.000406012 0.000400723 0.000906355 0.000878867 0.000776479 0.000294138 0.000304186 0.000236693 0.000337057 0.000221573 0.000208788 0.000182871 0.000165407 0.000116272
threshold=0.0056787997682678009 12.287081330315264 -490.08410450000002 0.0025568789838115173 -64.832709499999879 0.002656176438461633 -540.99293050000017 -0.0070604436456095923 -0.01339712636510648 0.00071402190442921719 0.0023486142370437051 0.0021990032634761902 572.0604639999998 -0.00010228149296373321 -0.019092367614557178 9.7750000000000021e-06 -0.00028221306419563672 376.57892399999997
decision_type=2 2 2 2 2 2 2 2 2 2 2 2 2 2 2 2 2 2
left_child=3 -2 -3 5 13 9 8 -8 -7 10 -1 12 -6 -5 -11 -13 -15 -4
right_child=1 2 17 4 11 6 7 -9 -10 14 -12 15 -14 16 -16 -17 -18 -19
leaf_value=-5.5390793723153995e-07 0.00014038650109265757 -4.0199014196436154e-05 0.00011300033932819947 7.346947082125439e-05 -1.7779466373086455e-05 5.5676421734796479e-06 0.00011133121657366302 2.0820823643802416e-05 -0.00012620828553798176 7.0929678155851907e-05 -2.5537197350923966e-05 -4.2012874272505137e-05 5.7306376725626331e-05 5.066192952140676e-05 1.3555422619387167e-05 -1.3518205606779703e-05 -1.0451746937972886e-05 5.2178131324456776e-05
leaf_weight=11650 22 33 24 24 74 55 52 175 24 26 185 174 32 23 268 163 59 23
leaf_count=11650 22 33 24 24 74 55 52 175 24 26 185 174 32 23 268 163 59 23
internal_value=1.30317e-15 5.56279e-05 3.23192e-05 -4.37003e-07 -1.21744e-05 8.11986e-08 2.19284e-05 4.15545e-05 -3.44656e-05 -4.6998e-07 -9.44437e-07 -2.03061e-05 4.88796e-06 2.18098e-05 1.86293e-05 -2.82306e-05 6.68989e-06 8.32363e-05
internal_weight=13086 102 80 12984 549 12435 306 227 79 12129 11835 443 106 106 294 337 82 47
internal_count=13086 102 80 12984 549 12435 306 227 79 12129 11835 443 106 106 294 337 82 47
is_linear=0
shrinkage=0.0193306


Tree=32
num_leaves=14
num_cat=0
split_feature=3 21 61 6 10 3 50 20 23 56 65 2 61
split_gain=0.000818727 0.000518629 0.00076025 0.000214456 0.00026598 0.000443392 0.000737017 0.000425268 0.00101406 0.000323114 0.000200277 0.000176467 0.000111821
threshold=0.0056787997682678009 12.287081330315264 -490.08410450000002 0.013393330337375444 0.018616363224816516 0.0035216543387280694 -2.1744999999999999e-05 37.097382164444866 0.0046175850617328216 3.0055000000000006e-05 -437.5609340000002 82.394556936926591 376.57892399999997
decision_type=2 2 2 2 2 2 2 2 2 2 2 2 2
left_child=3 -2 -3 4 5 10 -7 8 -6 -9 -1 -5 -4
right_child=1 2 12 11 7 6 -8 9 -10 -11 -12 -13 -14
leaf_value=-1.6131691630669293e-05 0.00013767275027831393 -3.9421944224019896e-05 0.00011081598025330437 -7.5249580495536592e-05 4.8939707833156251e-05 -8.4968171365661031e-05 -7.2742603550555326e-06 8.3781795545742746e-06 -1.7997618458157795e-05 -3.0985622783193826e-05 -3.0486806408997639e-08 -3.3203649794863601e-06 5.1169498480291899e-05
leaf_weight=296 22 33 24 26 242 61 181 251 130 113 11659 25 23
leaf_count=296 22 33 24 26 242 61 181 251 130 113 11659 25 23
internal_value=5.60962e-14 5.45525e-05 3.16945e-05 -4.28555e-07 -2.72548e-07 -9.53523e-07 -2.68583e-05 1.10126e-05 2.55476e-05 -3.8419e-06 -4.29145e-07 -3.99902e-05 8.16273e-05
internal_weight=13086 102 80 12984 12933 12197 242 736 372 364 11955 51 47
internal_count=13086 102 80 12984 12933 12197 242 736 372 364 11955 51 47
is_linear=0
shrinkage=0.0193306


Tree=33
num_leaves=15
num_cat=0
split_feature=29 32 65 12 46 28 42 27 7 30 8 50 10 51
split_gain=0.000815388 0.000406797 0.000266927 0.00073482 0.000611959 0.000433358 0.000430793 0.000420964 0.000248367 0.000233661 0.000295807 0.000232347 0.000219498 9.42091e-05
threshold=-0.026175835576021374 -0.3794095225512602 -627.38458500000013 0.0034422967304248726 26.968759929838424 58.623680348577892 1.4907399946399607 -0.0027035799407169599 -0.021607861358477028 0.0041395649865722242 0.0024540761233137203 6.5000000000000013e-06 0.010172220369359379 22.500000000000004
decision_type=2 2 2 2 2 2 2 2 2 2 2 2 2 2
left_child=1 -1 4 9 8 6 -5 -6 11 10 -4 -2 -9 -10
right_child=2 -3 3 5 7 -7 -8 12 13 -11 -12 -13 -14 -15
leaf_value=2.4368277829959845e-05 8.4895541328417075e-07 0.00013258227054449405 8.3323639815299532e-08 7.7122758564297894e-05 -0.0001143852644582773 -1.7807392582885478e-05 2.4982657651617859e-06 2.914443981646374e-05 -4.1195478266507481e-05 5.5360331838620627e-05 -1.4634439754018088e-05 8.5908444199783311e-05 -3.446163324800159e-05 1.1677468472950611e-05
leaf_weight=27 20 25 11974 98 23 39 41 23 20 28 533 30 171 34
leaf_count=27 20 25 11974 98 23 39 41 23 20 28 533 30 171 34
internal_value=-7.60056e-15 7.63942e-05 -3.0478e-07 1.34793e-07 -1.77138e-05 3.91347e-05 5.51112e-05 -3.61911e-05 2.084e-05 -4.19015e-07 -5.43891e-07 5.18846e-05 -2.69207e-05 -7.9051e-06
internal_weight=13086 52 13034 12713 321 178 139 217 104 12535 12507 50 194 54
internal_count=13086 52 13034 12713 321 178 139 217 104 12535 12507 50 194 54
is_linear=0
shrinkage=0.0193306


Tree=34
num_leaves=14
num_cat=0
split_feature=29 32 65 12 30 6 0 42 30 8 62 66 23
split_gain=0.000784169 0.000391222 0.000258486 0.000802911 0.000792503 0.000465157 0.00035514 0.000329775 0.000311937 0.00028593 0.00027295 0.000261804 0.000237389
threshold=-0.026175835576021374 -0.3794095225512602 -542.91105000000027 0.0034422967304248726 0.0035143803893156731 0.010564629156382345 25.039825076097859 1.3918927997738777 0.0041395649865722242 0.0024540761233137203 0.0008658620997231693 0.002796618933597284 -0.020301690108733336
decision_type=2 2 2 2 2 2 2 2 2 2 2 2 2
left_child=1 -1 4 8 6 7 12 -5 9 -4 -6 -8 -2
right_child=2 -3 3 5 10 -7 11 -9 -10 -11 -12 -13 -14
leaf_value=2.3897224876680887e-05 7.7408068031359736e-05 0.00013001938073016643 1.2071691139910083e-07 7.8138457565806943e-05 -4.9900043162256199e-05 -2.9404684881377944e-05 -6.4778669803916345e-06 1.4748530179416066e-05 6.7850607928879867e-05 -1.4351548000741407e-05 -0.0001441189312520311 -5.2204783174743601e-05 6.2780202761580328e-06
leaf_weight=27 27 25 11886 92 27 28 242 46 25 533 20 58 50
leaf_count=27 27 25 11886 92 27 28 242 46 25 533 20 58 50
internal_value=-1.49235e-13 7.49175e-05 -2.98888e-07 2.00283e-07 -1.51445e-05 4.24328e-05 -5.81327e-06 5.70085e-05 -3.63088e-07 -5.00405e-07 -8.99932e-05 -1.53184e-05 3.12197e-05
internal_weight=13086 52 13034 12610 424 166 377 138 12444 12419 47 300 77
internal_count=13086 52 13034 12610 424 166 377 138 12444 12419 47 300 77
is_linear=0
shrinkage=0.0193306


Tree=35
num_leaves=14
num_cat=0
split_feature=3 21 61 6 28 65 12 12 56 34 2 47 61
split_gain=0.000759855 0.000484364 0.00069737 0.0002 0.000192644 0.000342015 0.000556825 0.000520993 0.000221292 0.000247208 0.000169875 0.000131564 0.000106587
threshold=0.0056787997682678009 12.287081330315264 -490.08410450000002 0.013393330337375444 27.990065899107474 -675.36499700000024 0.0034422967304248726 0.0036538737120744174 6.1550000000000004e-06 1.0000000180025095e-35 82.394556936926591 -0.00032185848068835859 376.57892399999997
decision_type=2 2 2 2 2 2 2 2 2 2 2 2 2
left_child=3 -2 -3 4 8 6 -6 -7 11 -10 -5 -1 -4
right_child=1 2 12 10 5 7 -8 -9 9 -11 -12 -13 -14
leaf_value=1.6245048849176136e-05 0.0001328821065754454 -3.7647388699165479e-05 0.00010678523919785094 -7.321229507168161e-05 -1.4506560007964901e-05 -4.6417034457014845e-07 -0.00011948625454269804 4.4056313635720449e-05 8.9069961776110051e-06 7.8657850567574221e-05 -2.6394934643387288e-06 -3.7185227379572958e-05 4.8551357263724135e-05
leaf_weight=51 22 33 24 26 187 12473 21 99 37 39 25 26 23
leaf_count=51 22 33 24 26 187 12473 21 99 37 39 25 26 23
internal_value=-4.94955e-14 5.25546e-05 3.04645e-05 -4.1286e-07 -2.62202e-07 -5.20341e-07 -2.51055e-05 -1.13587e-07 2.13e-05 4.47002e-05 -3.86178e-05 -1.79634e-06 7.82878e-05
internal_weight=13086 102 80 12984 12933 12780 208 12572 153 76 51 77 47
internal_count=13086 102 80 12984 12933 12780 208 12572 153 76 51 77 47
is_linear=0
shrinkage=0.0193306


Tree=36
num_leaves=14
num_cat=0
split_feature=29 32 65 30 12 28 4 30 43 7 22 5 62
split_gain=0.000743657 0.000373893 0.000245289 0.000750824 0.000749348 0.000463897 0.000375755 0.00029793 0.00028846 0.000306618 0.000276061 0.000274153 0.000263383
threshold=-0.026175835576021374 -0.3794095225512602 -542.91105000000027 0.0035143803893156731 0.0034422967304248726 58.623680348577892 5.81071418322976e-05 0.0041395649865722242 26.31467792447155 -0.022786750627270366 23.276320436174785 0.0050864235702529079 0.0008658620997231693
decision_type=2 2 2 2 2 2 2 2 2 2 2 2 2
left_child=1 -1 3 8 7 6 -6 11 9 -2 -10 -4 -5
right_child=2 -3 4 12 5 -7 -8 -9 10 -11 -12 -13 -14
leaf_value=2.3079123388243301e-05 6.3729821335501929e-05 0.00012682433453424708 5.6065631415988262e-08 -4.8222374362761921e-05 2.5388961750777289e-05 -1.7319065054617026e-05 9.1891523723347979e-05 6.6315537385182744e-05 4.841949762337788e-05 -2.5129513974612392e-06 -2.3163822349602424e-05 -1.5778124461340946e-05 -0.0001407753122892866
leaf_weight=27 39 25 11996 27 63 39 64 25 22 79 237 423 20
leaf_count=27 39 25 11996 27 63 39 64 25 22 79 237 423 20
internal_value=7.16196e-14 7.29566e-05 -2.91065e-07 -1.47528e-05 1.95196e-07 4.09947e-05 5.89021e-05 -3.49059e-07 -5.67018e-06 1.93808e-05 -1.70834e-05 -4.83258e-07 -8.76066e-05
internal_weight=13086 52 13034 424 12610 166 127 12444 377 118 259 12419 47
internal_count=13086 52 13034 424 12610 166 127 12444 377 118 259 12419 47
is_linear=0
shrinkage=0.0193306


Tree=37
num_leaves=14
num_cat=0
split_feature=29 44 65 30 12 28 4 0 30 8 62 66 23
split_gain=0.000715185 0.000366432 0.000235897 0.000722077 0.000720657 0.000446136 0.000362202 0.000326585 0.000286523 0.000267014 0.000253298 0.000251441 0.000219509
threshold=-0.026175835576021374 -0.00030052071235743143 -542.91105000000027 0.0035143803893156731 0.0034422967304248726 58.623680348577892 -0.0018293334672707105 25.039825076097859 0.0041395649865722242 0.0024540761233137203 0.0008658620997231693 0.002796618933597284 -0.020301690108733336
decision_type=2 2 2 2 2 2 2 2 2 2 2 2 2
left_child=1 -1 3 7 8 6 -6 12 9 -4 -5 -9 -2
right_child=2 -3 4 10 5 -7 -8 11 -10 -11 -12 -13 -14
leaf_value=0.0001121139510078044 7.4367287533134917e-05 6.6381516939715843e-06 1.2630812170388344e-07 -4.7290208265389021e-05 1.4444113735322309e-05 -1.6984277205778262e-05 8.2364559388108195e-05 -6.0117657355028171e-06 6.503361953937187e-05 -1.3859039950448723e-05 -0.00013805404737055963 -5.082455046494507e-05 5.9683892172890386e-06
leaf_weight=32 27 20 11886 27 46 39 81 242 25 533 20 58 50
leaf_count=32 27 20 11886 27 46 39 81 242 25 533 20 58 50
internal_value=1.11231e-14 7.15463e-05 -2.85439e-07 -1.44676e-05 1.91423e-07 4.02022e-05 5.77635e-05 -5.56057e-06 -3.42312e-07 -4.73917e-07 -8.59131e-05 -1.46756e-05 2.99524e-05
internal_weight=13086 52 13034 424 12610 166 127 377 12444 12419 47 300 77
internal_count=13086 52 13034 424 12610 166 127 377 12444 12419 47 300 77
is_linear=0
shrinkage=0.0193306


Tree=38
num_leaves=16
num_cat=0
split_feature=3 21 61 7 33 17 23 6 32 30 50 61 48 30 31
split_gain=0.000706109 0.000449152 0.000634516 0.000188973 0.000192644 0.000460973 0.000535233 0.000422078 0.000309224 0.000463662 0.00038646 0.000102651 0.000100156 6.05797e-05 2.65034e-05
threshold=0.0056787997682678009 12.287081330315264 -490.08410450000002 0.01833967195827824 1.0000000180025095e-35 0.00024286038872162245 0.0022138683643707639 -0.0092350113360277746 -0.3794095225512602 0.0035143803893156731 3.2330000000000004e-05 376.57892399999997 0.90128135245943575 0.0017088057129174418 -0.25881904510252113
decision_type=2 2 2 2 2 2 2 2 2 2 2 2 2 2 2
left_child=3 -2 -3 4 5 7 -7 -1 10 -10 -6 -4 14 -14 -5
right_child=1 2 11 12 8 6 -8 -9 9 -11 -12 -13 13 -15 -16
leaf_value=3.569833858367734e-05 0.00012801444643591029 -3.5580079263690577e-05 0.00010297345896842806 2.9187267664719625e-06 -3.1271168750291866e-06 7.0530462978322906e-05 -2.2971083131759296e-06 5.4235839856713002e-07 1.8642889475605134e-06 -6.4359474769719617e-05 -2.0111207559336862e-05 4.5824852603005016e-05 -2.7184187423963372e-05 -7.2141387019623569e-05 -2.3480431139116184e-05
leaf_weight=130 22 33 24 30 1715 78 73 6940 3199 40 707 23 24 21 27
leaf_count=130 22 33 24 30 1715 78 73 6940 3199 40 707 23 24 21 27
internal_value=7.96548e-14 5.06619e-05 2.93899e-05 -3.97991e-07 -1.90476e-07 1.90257e-06 3.53224e-05 1.18879e-06 -2.8603e-06 1.04646e-06 -8.0849e-06 7.50071e-05 -2.66059e-05 -4.81642e-05 -9.58614e-06
internal_weight=13086 102 80 12984 12882 7221 151 7070 5661 3239 2422 47 102 45 57
internal_count=13086 102 80 12984 12882 7221 151 7070 5661 3239 2422 47 102 45 57
is_linear=0
shrinkage=0.0193306


Tree=39
num_leaves=17
num_cat=0
split_feature=29 32 65 12 2 42 10 51 23 7 5 51 10 2 50 5
split_gain=0.000678589 0.000352428 0.000227732 0.000596885 0.000524451 0.000371567 0.000360632 0.000442605 0.000338706 0.000305371 0.00020672 0.00042586 0.000344483 0.000199913 0.000149917 0.000106303
threshold=-0.026175835576021374 -0.3794095225512602 -627.38458500000013 0.0034422967304248726 20.776658786951938 1.3918927997738777 0.015465379989452762 22.500000000000004 -0.020301690108733336 -0.01396683254596248 0.0050864235702529079 12.500000000000002 0.018616363224816516 53.786567448337287 3.2330000000000004e-05 -0.0074895255901746274
decision_type=2 2 2 2 2 2 2 2 2 2 2 2 2 2 2 2
left_child=1 -1 4 10 8 9 14 -8 -2 -5 12 -12 -4 -7 -6 -10
right_child=2 -3 3 5 6 13 7 -9 15 -11 11 -13 -14 -15 -16 -17
leaf_value=2.1267176550724495e-05 6.5982308459815056e-05 0.00012199042159577477 -4.3284705679493457e-07 0.0001004721430772351 4.5023081950720419e-05 2.5760006845289608e-05 -6.8912241431921974e-05 1.5837725314764996e-06 2.3634121432455004e-05 3.3784356065540483e-05 -4.3583924249045698e-05 -1.3183320165483787e-06 2.0082234323013621e-05 -4.5395545596854047e-05 -2.5036683264805722e-05 -2.306051635001245e-05
leaf_weight=27 36 25 11786 38 25 36 114 47 29 79 125 310 314 25 21 49
leaf_count=27 36 25 11786 38 25 36 114 47 29 79 125 310 314 25 21 49
internal_value=4.38737e-18 6.96918e-05 -2.7804e-07 1.27978e-07 -1.63581e-05 3.52774e-05 -3.46945e-05 -4.83327e-05 1.69367e-05 5.54436e-05 -3.71152e-07 -1.34636e-05 9.95278e-08 -3.4021e-06 1.30393e-05 -5.69969e-06
internal_weight=13086 52 13034 12713 321 178 207 161 114 117 12535 435 12100 61 46 78
internal_count=13086 52 13034 12713 321 178 207 161 114 117 12535 435 12100 61 46 78
is_linear=0
shrinkage=0.0193306


Tree=40
num_leaves=16
num_cat=0
split_feature=3 21 61 7 33 12 8 32 3 56 28 61 48 44 31
split_gain=0.000666956 0.00042424 0.000595932 0.000179957 0.000184492 0.000491018 0.000349904 0.000297205 0.000452578 0.000371497 0.000182896 9.66366e-05 9.59971e-05 5.83982e-05 2.56401e-05
threshold=0.0056787997682678009 12.287081330315264 -490.08410450000002 0.01833967195827824 1.0000000180025095e-35 0.0036538737120744174 -0.0036229386251800384 -0.3794095225512602 0.0035216543387280694 3.2330000000000004e-05 53.751801652068465 376.57892399999997 0.90128135245943575 0.00050617355120075481 -0.25881904510252113
decision_type=2 2 2 2 2 2 2 2 2 2 2 2 2 2 2
left_child=3 -2 -3 4 5 6 -1 9 -9 -6 -7 -4 14 -14 -5
right_child=1 2 11 12 7 10 -8 8 -10 -11 -12 -13 13 -15 -16
leaf_value=5.1851136496447387e-05 0.00012441403558260204 -3.4400049832492959e-05 9.9906862948058757e-05 3.0002773794480162e-06 -3.0387910621848501e-06 7.9853588978857679e-05 1.0367726507846916e-06 2.6639253215027215e-06 -3.0981859367735231e-05 -1.9663336509357117e-05 8.5511932471462311e-06 4.4457710121658895e-05 -6.6763996016984991e-05 -2.2447477364125324e-05 -2.2965368005209698e-05
leaf_weight=51 22 33 24 30 1711 41 7109 3082 157 711 20 23 25 20 27
leaf_count=51 22 33 24 30 1711 41 7109 3082 157 711 20 23 25 20 27
internal_value=7.8163e-14 4.92372e-05 2.85636e-05 -3.86799e-07 -1.84295e-07 1.86399e-06 1.39872e-06 -2.79702e-06 1.03306e-06 -7.91908e-06 5.64758e-05 7.27722e-05 -2.59618e-05 -4.70678e-05 -9.29924e-06
internal_weight=13086 102 80 12984 12882 7221 7160 5661 3239 2422 61 47 102 45 57
internal_count=13086 102 80 12984 12882 7221 7160 5661 3239 2422 61 47 102 45 57
is_linear=0
shrinkage=0.0193306


Tree=41
num_leaves=12
num_cat=0
split_feature=29 44 30 30 61 30 22 0 3 69 20
split_gain=0.000641685 0.00033819 0.000210602 0.000345745 0.000737945 0.000335707 0.00110042 0.000306631 0.000259277 0.00025314 0.000225875
threshold=-0.026175835576021374 -0.00030052071235743143 0.0041395649865722242 0.0035143803893156731 -401.43021450000043 0.002656176438461633 16.301303317599299 59.656138952858058 0.0035216543387280694 36.119509999999927 38.677527277965773
decision_type=2 2 2 2 2 2 2 2 2 2 2
left_child=1 -1 3 5 -5 8 -7 -6 -2 10 -4
right_child=2 -3 9 4 7 6 -8 -9 -10 -11 -12
leaf_value=0.00010674324704486748 -3.5396231844299296e-07 5.4135347501071361e-06 -4.2847605182164844e-05 -0.00010934781263184568 5.0090098624565813e-05 -3.9872947334683891e-05 3.9074562613775764e-05 -3.7503828592253055e-05 -2.2596270180450968e-05 7.102036134915567e-05 4.5784674058182352e-05
leaf_weight=32 12320 20 22 34 28 89 255 32 199 34 21
leaf_count=32 12320 20 22 34 28 89 255 32 199 34 21
internal_value=-2.35558e-15 6.77703e-05 -2.70374e-07 -4.59796e-07 -3.73981e-05 -1.89859e-07 1.86492e-05 3.37334e-06 -7.07522e-07 3.16042e-05 4.37927e-07
internal_weight=13086 52 13034 12957 94 12863 344 60 12519 77 43
internal_count=13086 52 13034 12957 94 12863 344 60 12519 77 43
is_linear=0
shrinkage=0.0193306


Tree=42
num_leaves=17
num_cat=0
split_feature=3 21 61 19 61 0 60 49 34 61 33 50 8 3 60 61
split_gain=0.000629878 0.000402034 0.000561633 0.000177355 0.000492942 0.00041746 0.000498981 0.000394858 0.000387712 0.000260858 0.000485498 0.000172635 0.00017233 0.000523308 0.000354341 9.22203e-05
threshold=0.0056787997682678009 12.287081330315264 -490.08410450000002 -0.0062358409286983876 62.536664999999921 28.960409318903313 -314.85083449999985 58653.195500000009 -0.22252093395631442 -674.8673500000001 0.87837969732492682 3.381000000000001e-05 0.0025568789838115173 0.0047522103839842964 -64.832709499999879 395.58978099999956
decision_type=2 2 2 2 2 2 2 2 2 2 2 2 2 2 2 2
left_child=3 -2 -3 4 5 7 -7 -1 -6 10 11 -5 13 -11 -14 -4
right_child=1 2 15 9 8 6 -8 -9 -10 12 -12 -13 14 -15 -16 -17
leaf_value=1.5806191686507203e-05 0.00012103198387217118 -3.340109202386314e-05 9.6042230799030495e-05 1.7906156794324758e-05 0.00013369252927903657 -6.9476899512753817e-05 -7.6989312218997156e-07 0.00010450531510758757 2.1399831735544227e-05 -3.6310269587140245e-07 -0.00010029850624357215 -4.25749835067664e-05 2.0814691832159189e-05 9.860264150547125e-05 -1.8834157757031318e-05 4.1776523171584621e-05
leaf_weight=301 22 33 25 45 20 44 386 20 27 11517 28 29 104 20 443 22
leaf_count=301 22 33 25 45 20 44 386 20 27 11517 28 29 104 20 443 22
internal_value=8.54515e-15 4.78491e-05 2.77238e-05 -3.75894e-07 8.4527e-06 4.65194e-06 -7.80038e-06 2.13326e-05 6.9184e-05 -9.54034e-07 -3.17378e-05 -5.79591e-06 -6.94191e-07 -1.9154e-07 -1.12958e-05 7.06413e-05
internal_weight=13086 102 80 12984 798 751 430 321 47 12186 102 74 12084 11537 547 47
internal_count=13086 102 80 12984 798 751 430 321 47 12186 102 74 12084 11537 547 47
is_linear=0
shrinkage=0.0193306


Tree=43
num_leaves=13
num_cat=0
split_feature=3 20 65 6 10 3 50 20 23 56 69 2
split_gain=0.000605762 0.000389969 0.00044605 0.00017685 0.000236423 0.000422157 0.00071579 0.000370912 0.000913999 0.000306461 0.000221005 0.000162646
threshold=0.0056787997682678009 33.738394760065738 -401.01694650000024 0.013393330337375444 0.018616363224816516 0.0035216543387280694 -2.1744999999999999e-05 37.097382164444866 0.0046175850617328216 3.0055000000000006e-05 -436.20767850000033 82.394556936926591
decision_type=2 2 2 2 2 2 2 2 2 2 2 2
left_child=3 2 -2 4 5 10 -7 8 -6 -9 -1 -5
right_child=1 -3 -4 11 7 6 -8 9 -10 -11 -12 -13
leaf_value=-1.6767357464465581e-05 -2.742777347017064e-05 0.00010282692160789218 7.0164929756036702e-05 -7.0144916274506258e-05 4.6195112685938062e-05 -8.3412717866326123e-05 -6.845864968729956e-06 8.4409782494599452e-06 -1.7354001812242122e-05 -2.9895001375671821e-05 6.3634703556607235e-08 -1.0899969641852535e-06
leaf_weight=299 35 32 35 26 242 61 181 251 130 113 11656 25
leaf_count=299 35 32 35 26 242 61 181 251 130 113 11656 25
internal_value=3.87727e-14 4.69241e-05 2.13686e-05 -3.68628e-07 -2.26958e-07 -8.68983e-07 -2.61458e-05 1.04127e-05 2.39871e-05 -3.46003e-06 -3.57316e-07 -3.62945e-05
internal_weight=13086 102 70 12984 12933 12197 242 736 372 364 11955 51
internal_count=13086 102 70 12984 12933 12197 242 736 372 364 11955 51
is_linear=0
shrinkage=0.0193306


Tree=44
num_leaves=14
num_cat=0
split_feature=29 32 69 3 0 28 21 12 28 23 51 8 17
split_gain=0.000589875 0.000325535 0.000198044 0.00056097 0.000317471 0.000410629 0.000402786 0.000313887 0.000420872 0.000252784 0.000221713 0.000188504 0.000107975
threshold=-0.026175835576021374 -0.3794095225512602 -383.6094015000005 0.0056787997682678009 25.039825076097859 41.790390744592656 22.724312213454816 0.0036538737120744174 57.733058315947581 -0.020301690108733336 21.000000000000004 0.0024540761233137203 -4.9967782902921484e-06
decision_type=2 2 2 2 2 2 2 2 2 2 2 2 2
left_child=1 -1 4 7 9 10 -7 11 -9 -2 -6 -4 -11
right_child=2 -3 3 -5 5 6 -8 8 -10 12 -12 -13 -14
leaf_value=1.8436389233614894e-05 7.2406927286124565e-05 0.00011524039114636316 3.916397101514859e-07 7.875356848395942e-05 -3.8770868661342411e-05 2.2644591222373405e-05 -4.9045574404789787e-05 6.3877732420036253e-05 -2.8779303030401733e-05 2.6459979516238026e-05 -1.2427315802707418e-05 -1.1091902315807983e-05 -1.8454982874331887e-05
leaf_weight=27 27 25 11568 34 214 157 36 62 26 40 270 560 40
leaf_count=27 27 25 11568 34 214 157 36 62 26 40 270 560 40
internal_value=-7.38678e-15 6.49768e-05 -2.59229e-07 3.43576e-07 -9.67805e-06 -1.45684e-05 9.27233e-06 1.25342e-07 3.65018e-05 2.12634e-05 -2.40751e-05 -1.38603e-07 4.0025e-06
internal_weight=13086 52 13034 12250 784 677 193 12216 88 107 484 12128 80
internal_count=13086 52 13034 12250 784 677 193 12216 88 107 484 12128 80
is_linear=0
shrinkage=0.0193306


Tree=45
num_leaves=14
num_cat=0
split_feature=29 32 65 30 3 46 1 30 29 3 62 2 41
split_gain=0.00056729 0.000313071 0.000208029 0.000634191 0.000540495 0.000291368 0.000341214 0.000265232 0.00124514 0.000420812 0.00023325 0.000219176 9.63829e-05
threshold=-0.026175835576021374 -0.3794095225512602 -542.91105000000027 0.0035143803893156731 0.0056787997682678009 29.919366038348944 -0.00086048762170563332 0.002656176438461633 -0.0070604436456095923 0.0035216543387280694 0.0008658620997231693 26.969673224519898 0.71680382888043603
decision_type=2 2 2 2 2 2 2 2 2 2 2 2 2
left_child=1 -1 3 5 7 11 -7 9 -9 -4 -5 -2 -6
right_child=2 -3 4 10 12 6 -8 8 -10 -11 -12 -13 -14
leaf_value=1.8080003916634686e-05 2.6181236075868735e-05 0.00011301272940860095 -1.3541226882286814e-07 -4.3466002696263724e-05 9.9189038674971132e-05 -9.0396593271549041e-05 -1.1586017570570132e-05 0.00010184982813309619 1.5891394390989639e-06 -3.3264001725241862e-05 -0.00013056389651261378 -2.7854636649340595e-05 3.9894887071359925e-05
leaf_weight=27 127 25 12046 27 21 23 191 54 324 145 20 36 20
leaf_count=27 127 25 12046 27 21 23 191 54 324 145 20 36 20
internal_value=3.13009e-14 6.37207e-05 -2.54218e-07 -1.35723e-05 1.93591e-07 -5.22494e-06 -2.00563e-05 -3.49817e-08 1.59121e-05 -5.29444e-07 -8.05289e-05 1.42469e-05 7.02651e-05
internal_weight=13086 52 13034 424 12610 377 214 12569 378 12191 47 163 41
internal_count=13086 52 13034 424 12610 377 214 12569 378 12191 47 163 41
is_linear=0
shrinkage=0.0193306


Tree=46
num_leaves=13
num_cat=0
split_feature=3 21 61 6 10 3 50 49 20 69 2 61
split_gain=0.000554395 0.000380876 0.000500606 0.000167192 0.000225955 0.000398325 0.000691989 0.000362556 0.000378993 0.000205606 0.000155972 8.49601e-05
threshold=0.0056787997682678009 13.159151421903685 -490.08410450000002 0.013393330337375444 0.018616363224816516 0.0035216543387280694 -2.1744999999999999e-05 58876.582500000011 42.171921666238013 -436.20767850000033 82.394556936926591 395.58978099999956
decision_type=2 2 2 2 2 2 2 2 2 2 2 2
left_child=3 -2 -3 4 5 9 -7 8 -6 -1 -5 -4
right_child=1 2 11 10 7 6 -8 -9 -10 -11 -12 -13
leaf_value=-1.6173568692056804e-05 0.00010875456531804771 -3.6731536611214805e-05 9.0197110071427969e-05 -6.8432480484320108e-05 1.7303752282394216e-05 -8.1702351519780404e-05 -6.4191987306975534e-06 8.1084834118176505e-05 -1.2944383793543907e-05 6.04803520602946e-08 -8.0919227542666019e-07 3.7061827930199147e-05
leaf_weight=299 26 31 23 26 482 61 181 26 228 11656 25 22
leaf_count=299 26 31 23 26 482 61 181 26 228 11656 25 22
internal_value=-8.98719e-14 4.48905e-05 2.30423e-05 -3.52652e-07 -2.14905e-07 -8.42556e-07 -2.53955e-05 1.01865e-05 7.59027e-06 -3.45541e-07 -3.52838e-05 6.42199e-05
internal_weight=13086 102 76 12984 12933 12197 242 736 710 11955 51 45
internal_count=13086 102 76 12984 12933 12197 242 736 710 11955 51 45
is_linear=0
shrinkage=0.0193306


Tree=47
num_leaves=14
num_cat=0
split_feature=3 20 65 19 61 31 30 51 6 42 10 3 56
split_gain=0.000533168 0.000371523 0.000397326 0.000165861 0.000468346 0.000438507 0.000440998 0.000368261 0.000303763 0.000226662 0.000186177 0.00036174 0.00030503
threshold=0.0056787997682678009 33.738394760065738 -401.01694650000024 -0.0062358409286983876 62.536664999999921 -0.70710678118654735 0.0018949672176671436 19.000000000000004 -0.011323432111721486 0.92912692936834307 0.0096299727006414499 0.0026690663406540157 9.7750000000000021e-06
decision_type=2 2 2 2 2 2 2 2 2 2 2 2 2
left_child=3 2 -2 4 5 9 -7 -6 -5 -1 11 -10 -12
right_child=1 -3 -4 8 7 6 -8 -9 10 -11 12 -13 -14
leaf_value=9.7225046630560682e-07 -2.6975219942499263e-05 9.8587403630872415e-05 6.5133117305654382e-05 -5.5473464330437736e-05 0.00011395861668830311 9.665040549552314e-06 -2.4843345702317978e-05 4.519072402866597e-06 1.9237336179044798e-07 4.9786763924411631e-05 -1.17448417877279e-05 3.9134109178538431e-05 1.0923480912357458e-06
leaf_weight=54 35 32 35 38 27 373 220 20 9289 104 1344 90 1425
leaf_count=54 35 32 35 38 27 373 220 20 9289 104 1344 90 1425
internal_value=-4.02858e-14 4.40228e-05 1.90789e-05 -3.45835e-07 8.19187e-06 4.48715e-06 -3.1374e-06 6.73886e-05 -9.04927e-07 3.31033e-05 -7.34232e-07 5.66055e-07 -5.13849e-06
internal_weight=13086 102 70 12984 798 751 593 47 12186 158 12148 9379 2769
internal_count=13086 102 70 12984 798 751 593 47 12186 158 12148 9379 2769
is_linear=0
shrinkage=0.0193306


Tree=48
num_leaves=14
num_cat=0
split_feature=29 44 65 30 12 28 4 46 22 30 8 62 12
split_gain=0.000524952 0.000300693 0.000196134 0.000612433 0.000552563 0.000361231 0.000318861 0.000275999 0.000267504 0.000249677 0.000227743 0.000221821 0.000219636
threshold=-0.026175835576021374 -0.00030052071235743143 -542.91105000000027 0.0035143803893156731 0.0034422967304248726 58.623680348577892 5.81071418322976e-05 29.919366038348944 23.276320436174785 0.0041395649865722242 0.0024540761233137203 0.0008658620997231693 0.001462506491643624
decision_type=2 2 2 2 2 2 2 2 2 2 2 2 2
left_child=1 -1 3 7 9 6 -6 12 -9 10 -4 -5 -2
right_child=2 -3 4 11 5 -7 -8 8 -10 -11 -12 -13 -14
leaf_value=9.8045758571005571e-05 5.332626177805128e-05 2.4985931177694367e-06 1.5439041366459193e-07 -4.2830787209293087e-05 2.0155578890177814e-05 -1.6232541344120318e-05 8.1416956995656502e-05 4.6111345560408453e-05 -2.6537380904306659e-05 6.0750581563968315e-05 -1.2761638492153082e-05 -0.00012776804192754 1.1818531082004101e-06
leaf_weight=32 40 20 11886 27 63 39 64 21 193 25 533 20 123
leaf_count=32 40 20 11886 27 63 39 64 21 193 25 533 20 123
internal_value=-4.01899e-14 6.12968e-05 -2.44548e-07 -1.31763e-05 1.90271e-07 3.52254e-05 5.10275e-05 -4.97336e-06 -1.94083e-05 -2.7709e-07 -3.99941e-07 -7.89743e-05 1.3978e-05
internal_weight=13086 52 13034 424 12610 166 127 377 214 12444 12419 47 163
internal_count=13086 52 13034 424 12610 166 127 377 214 12444 12419 47 163
is_linear=0
shrinkage=0.0193306


Tree=49
num_leaves=14
num_cat=0
split_feature=29 32 65 30 12 28 4 0 30 66 5 62 23
split_gain=0.000504853 0.000294183 0.000188625 0.000588985 0.000531407 0.0003474 0.000306652 0.000268285 0.000240117 0.000235785 0.000222233 0.000213328 0.000204142
threshold=-0.026175835576021374 -0.3794095225512602 -542.91105000000027 0.0035143803893156731 0.0034422967304248726 58.623680348577892 5.81071418322976e-05 25.039825076097859 0.0041395649865722242 0.002796618933597284 0.0050864235702529079 0.0008658620997231693 -0.020301690108733336
decision_type=2 2 2 2 2 2 2 2 2 2 2 2 2
left_child=1 -1 3 7 8 6 -6 12 10 -9 -4 -5 -2
right_child=2 -3 4 11 5 -7 -8 9 -10 -11 -12 -13 -14
leaf_value=1.5869423288532728e-05 7.0142362118193755e-05 0.00010789386782975396 9.3366453096372146e-08 -4.2002844089455249e-05 1.9765960799748333e-05 -1.5918756879854566e-05 7.9843121653640694e-05 -4.7489510764185729e-06 5.9576238717281728e-05 -4.8144168543924102e-05 -1.4162833878830474e-05 -0.00012529821233360966 4.1810062323888161e-06
leaf_weight=27 27 25 11996 27 63 39 64 242 25 58 423 20 50
leaf_count=27 27 25 11996 27 63 39 64 242 25 58 423 20 50
internal_value=9.52659e-14 6.01119e-05 -2.3982e-07 -1.29216e-05 1.86593e-07 3.45445e-05 5.00411e-05 -4.87723e-06 -2.71733e-07 -1.31387e-05 -3.9221e-07 -7.74477e-05 2.73103e-05
internal_weight=13086 52 13034 424 12610 166 127 377 12444 300 12419 47 77
internal_count=13086 52 13034 424 12610 166 127 377 12444 300 12419 47 77
is_linear=0
shrinkage=0.0193306


Tree=50
num_leaves=16
num_cat=0
split_feature=3 21 65 7 33 29 22 32 30 56 69 48 30 17 29
split_gain=0.000495852 0.000357327 0.000370977 0.000160924 0.000171813 0.000430943 0.000738874 0.000279585 0.000417589 0.00035676 0.000250294 9.00331e-05 5.61123e-05 3.84876e-05 2.64631e-05
threshold=0.0056787997682678009 13.159151421903685 -461.07952150000023 0.01833967195827824 1.0000000180025095e-35 -0.011343003193983013 30.582706111554383 -0.3794095225512602 0.0035143803893156731 3.2330000000000004e-05 -383.6094015000005 0.90128135245943575 0.0017088057129174418 0.00013653861316586334 0.012310534801812214
decision_type=2 2 2 2 2 2 2 2 2 2 2 2 2 2 2
left_child=3 -2 -3 4 5 6 -1 9 -9 -6 -7 14 -13 -4 -5
right_child=1 2 13 11 7 10 -8 8 -10 -11 -12 12 -14 -15 -16
leaf_value=9.1759391806584491e-05 0.00010431247079550156 -2.49319755221331e-05 7.902947530523223e-05 -2.0023510478646714e-05 -2.8487737248590698e-06 -2.2717233921099233e-05 9.523945008649694e-06 1.8275736814538102e-06 -6.1019846497557901e-05 -1.9140225228463362e-05 1.5213827157687616e-06 -2.4766509997765779e-05 -6.803428533334409e-05 4.1560476497277787e-05 6.5199648695347461e-06
leaf_weight=52 26 35 21 32 1711 163 190 3199 40 711 6816 24 21 20 25
leaf_count=52 26 35 21 32 1711 163 190 3199 40 711 6816 24 21 20 25
internal_value=-6.3608e-15 4.24543e-05 2.12922e-05 -3.33513e-07 -1.42017e-07 1.83463e-06 2.71944e-05 -2.66337e-06 1.05144e-06 -7.63128e-06 9.55271e-07 -2.45183e-05 -4.49581e-05 6.07519e-05 -8.38164e-06
internal_weight=13086 102 76 12984 12882 7221 242 5661 3239 2422 6979 102 45 41 57
internal_count=13086 102 76 12984 12882 7221 242 5661 3239 2422 6979 102 45 41 57
is_linear=0
shrinkage=0.0193306


Tree=51
num_leaves=15
num_cat=0
split_feature=29 44 55 30 22 50 20 69 30 28 12 28 30 3
split_gain=0.000477941 0.000282684 0.000184235 0.000488668 0.000356943 0.000377021 0.000275818 0.000239975 0.000490181 0.000458698 0.000375443 0.00035829 0.000317023 0.000230848
threshold=-0.026175835576021374 -0.00030052071235743143 58793.759500000007 0.0028969263509021725 31.407602725087401 -1.9554999999999995e-05 29.552475171032395 -383.6094015000005 0.0035143803893156731 41.790390744592656 0.0036538737120744174 57.733058315947581 0.0041395649865722242 0.0056787997682678009
decision_type=2 2 2 2 2 2 2 2 2 2 2 2 2 2
left_child=1 -1 7 4 5 -4 -6 8 9 -2 12 -12 -9 -10
right_child=2 -3 3 -5 6 -7 -8 10 13 -11 11 -13 -14 -15
leaf_value=9.4119322696830884e-05 -1.5931073435143116e-05 1.4775011721056827e-06 7.8159971553110174e-05 8.219184311017579e-05 0.00010995932096750277 -9.1410113556922021e-06 1.2760397912430011e-05 -4.2020399993131407e-07 -0.00011373399822221973 2.1956125833474487e-05 6.1684346551258516e-05 -1.9290695247063852e-05 6.5893405665357928e-05 -2.8032725963652381e-05
leaf_weight=32 520 20 20 35 20 244 24 11844 24 155 69 29 27 23
leaf_count=32 520 20 20 35 20 244 24 11844 24 155 69 29 27 23
internal_value=-2.45159e-14 5.84879e-05 -2.33341e-07 1.37462e-05 5.96827e-06 -2.5273e-06 5.69417e-05 -6.11166e-07 -1.1434e-05 -7.23105e-06 4.16923e-08 3.77223e-05 -2.69377e-07 -7.17951e-05
internal_weight=13086 52 13034 343 308 264 44 12691 722 675 11969 98 11871 47
internal_count=13086 52 13034 343 308 264 44 12691 722 675 11969 98 11871 47
is_linear=0
shrinkage=0.0193306


Tree=52
num_leaves=13
num_cat=0
split_feature=3 20 65 19 61 31 30 34 6 42 7 10
split_gain=0.000461139 0.000343767 0.000345783 0.000157589 0.000442884 0.000417104 0.000422632 0.00036688 0.000284886 0.000213808 0.000178714 0.000197518
threshold=0.0056787997682678009 33.738394760065738 -401.01694650000024 -0.0062358409286983876 62.536664999999921 -0.70710678118654735 0.0018949672176671436 -0.22252093395631442 -0.011323432111721486 0.92912692936834307 -0.027676698661836693 0.0083402598870135954
decision_type=2 2 2 2 2 2 2 2 2 2 2 2
left_child=3 2 -2 4 5 9 -7 -6 -5 -1 -10 -12
right_child=1 -3 -4 8 7 6 -8 -9 10 -11 11 -13
leaf_value=1.1002692993966564e-06 -2.6016020031101001e-05 9.3428158657585172e-05 5.9910575572316066e-05 -5.3712404670497121e-05 0.00012831711951812193 9.4947212578306694e-06 -2.4287444325309259e-05 1.9082890691129688e-05 5.313165279738527e-05 4.8510437519255954e-05 8.2017231978543794e-07 -4.552625283726627e-06
leaf_weight=54 35 32 35 38 20 373 220 27 23 104 8461 3664
leaf_count=54 35 32 35 38 20 373 220 27 23 104 8461 3664
internal_value=-9.41676e-15 4.09413e-05 1.69473e-05 -3.21627e-07 8.00047e-06 4.39786e-06 -3.03829e-06 6.55655e-05 -8.666e-07 3.2307e-05 -7.01293e-07 -8.0341e-07
internal_weight=13086 102 70 12984 798 751 593 47 12186 158 12148 12125
internal_count=13086 102 70 12984 798 751 593 47 12186 158 12148 12125
is_linear=0
shrinkage=0.0193306


Tree=53
num_leaves=19
num_cat=0
split_feature=3 21 65 10 3 50 44 49 9 20 55 32 33 1 69 23 12 4
split_gain=0.000443483 0.000340884 0.000344147 0.000159762 0.00039783 0.000688732 0.000615986 0.000431529 0.000395872 0.000664266 0.00052241 0.000496691 0.000346264 0.000197862 0.00018502 0.000491979 0.000211947 0.000111814
threshold=0.0056787997682678009 13.159151421903685 -184.48386000000013 0.018616363224816516 0.0035216543387280694 -2.1744999999999999e-05 0.00027881351236615031 56910.808500000006 0.74833271894963371 38.313164173787861 53754.399000000012 0.25881904510252057 -1.0000000180025095e-35 0.00076713778212946393 -436.20767850000033 -0.019092367614557178 0.0015337300229349897 0.0035344861913317875
decision_type=2 2 2 2 2 2 2 2 2 2 2 2 2 2 2 2 2 2
left_child=3 -2 -3 4 14 7 -7 -6 9 10 -5 17 -11 -13 16 -16 -1 -10
right_child=1 2 -4 8 5 6 -8 -9 11 12 -12 13 -14 -15 15 -17 -18 -19
leaf_value=-1.0210665252808254e-07 0.00010056810865293268 -2.0585751555651612e-05 6.1712414546733158e-05 -5.1981600162219195e-06 -1.8894258830199924e-05 -2.4301390388137276e-05 6.4063717656297141e-05 -0.00012285624050233795 -2.6732255730885626e-05 2.6328183494604852e-05 5.5041996185333277e-05 -4.2836853539518647e-05 -1.8951226681608971e-05 2.2011526309164619e-05 5.7703955799882518e-05 -2.473297154494711e-07 -3.2718173233513601e-05 -6.8295991804543884e-05
leaf_weight=159 26 39 37 74 25 145 37 37 51 95 197 21 188 108 55 11606 140 46
leaf_count=159 26 39 37 74 25 145 37 37 51 95 197 21 188 108 55 11606 140 46
internal_value=4.47937e-14 4.01499e-05 1.94805e-05 -3.1541e-07 -8.57502e-07 -2.52925e-05 -6.33706e-06 -8.09361e-05 8.16624e-06 1.6962e-05 3.85927e-05 -1.33951e-05 -3.75142e-06 1.14548e-05 -3.58994e-07 2.6002e-08 -1.53738e-05 -4.64429e-05
internal_weight=13086 102 76 12984 12204 244 182 62 780 554 271 226 283 129 11960 11661 299 97
internal_count=13086 102 76 12984 12204 244 182 62 780 554 271 226 283 129 11960 11661 299 97
is_linear=0
shrinkage=0.0193306


Tree=54
num_leaves=15
num_cat=0
split_feature=29 32 55 30 22 50 20 69 30 28 12 28 30 3
split_gain=0.000443358 0.000275309 0.000172744 0.000455549 0.000341229 0.000361581 0.000258711 0.000225177 0.000473768 0.000439392 0.000349886 0.000337083 0.000297307 0.000218491
threshold=-0.026175835576021374 -0.3794095225512602 58793.759500000007 0.0028969263509021725 31.407602725087401 -1.9554999999999995e-05 29.552475171032395 -383.6094015000005 0.0035143803893156731 41.790390744592656 0.0036538737120744174 57.733058315947581 0.0041395649865722242 0.0056787997682678009
decision_type=2 2 2 2 2 2 2 2 2 2 2 2 2 2
left_child=1 -1 7 4 5 -4 -6 8 9 -2 12 -12 -9 -10
right_child=2 -3 3 -5 6 -7 -8 10 13 -11 11 -13 -14 -15
leaf_value=1.3532262902587436e-05 -1.5457424266460357e-05 0.00010255578908381081 7.6513534140971976e-05 7.9397380652810446e-05 0.00010698809258124082 -8.9812448435377912e-06 1.2851650492011829e-05 -4.0454021577520374e-07 -0.00011121735038955159 2.1623897102316603e-05 5.9659406693414649e-05 -1.888266758358294e-05 6.3813886769593418e-05 -2.7841400272253585e-05
leaf_weight=27 520 25 20 35 20 244 24 11844 24 155 69 29 27 23
leaf_count=27 520 25 20 35 20 244 24 11844 24 155 69 29 27 23
internal_value=-2.30406e-14 5.6332e-05 -2.2474e-07 1.33118e-05 5.80211e-06 -2.50437e-06 5.56409e-05 -5.90594e-07 -1.10744e-05 -6.94245e-06 4.18166e-08 3.64174e-05 -2.58479e-07 -7.04164e-05
internal_weight=13086 52 13034 343 308 264 44 12691 722 675 11969 98 11871 47
internal_count=13086 52 13034 343 308 264 44 12691 722 675 11969 98 11871 47
is_linear=0
shrinkage=0.0193306


Tree=55
num_leaves=17
num_cat=0
split_feature=29 44 10 23 61 33 30 3 2 34 19 2 69 23 49 30
split_gain=0.000426383 0.000261748 0.000168896 0.000340663 0.00123829 0.000471661 0.000426689 0.000297395 0.000607597 0.000496057 0.00021391 0.000298348 0.000175863 0.000464135 0.000202161 0.000135111
threshold=-0.026175835576021374 -0.00030052071235743143 0.018616363224816516 0.0046175850617328216 -363.25120750000002 -1.0000000180025095e-35 0.0021756245070158799 0.0035216543387280694 60.10792558716863 1.0000000180025095e-35 0.0039362994517460068 82.394556936926591 -436.20767850000033 -0.019092367614557178 56328.454500000007 0.0032796227220108624
decision_type=2 2 2 2 2 2 2 2 2 2 2 2 2 2 2 2
left_child=1 -1 7 4 6 -6 -4 12 9 -9 15 -12 14 -14 -2 -5
right_child=2 -3 3 10 5 -7 -8 8 -10 -11 11 -13 13 -15 -16 -17
leaf_value=8.9529727185534569e-05 -2.5060969640126191e-06 3.8451121864045132e-07 1.3716336555223051e-05 3.2005437871754902e-06 8.4825477362051406e-05 2.7287861667210915e-05 -3.2696177172072599e-05 -1.9840680824306152e-05 -0.00010308307041651499 7.6704769771371404e-05 -3.6543152682183037e-05 1.2824903044450627e-05 5.6052477298871092e-05 -2.350388138639361e-07 -3.5231887178847695e-05 5.744195330589256e-05
leaf_weight=32 185 20 161 78 97 118 137 207 30 22 132 70 55 11606 114 22
leaf_count=32 185 20 161 78 97 118 137 207 30 22 132 70 55 11606 114 22
internal_value=1.09125e-13 5.52431e-05 -2.20396e-07 8.29988e-06 1.78889e-05 5.32467e-05 -7.62096e-06 -7.88693e-07 -2.12819e-05 -1.05656e-05 -7.9887e-06 -1.94354e-05 -3.44903e-07 3.04456e-08 -1.49835e-05 1.51337e-05
internal_weight=13086 52 13034 815 513 215 298 12219 259 229 302 202 11960 11661 299 100
internal_count=13086 52 13034 815 513 215 298 12219 259 229 302 202 11960 11661 299 100
is_linear=0
shrinkage=0.0193306


Tree=56
num_leaves=14
num_cat=0
split_feature=29 32 55 10 22 56 69 20 28 47 12 28 19
split_gain=0.000410058 0.000261865 0.000164196 0.000440848 0.000216764 0.000340219 0.000210352 0.000360713 0.000407443 0.000366952 0.000329567 0.00031783 0.000213539
threshold=-0.026175835576021374 -0.3794095225512602 58793.759500000007 0.021360464203924772 31.407602725087401 -2.7314999999999995e-05 -383.6094015000005 25.205276060381149 27.990065899107474 -0.00015229889194987449 0.0036538737120744174 57.733058315947581 -0.0046864679934610068
decision_type=2 2 2 2 2 2 2 2 2 2 2 2 2
left_child=1 -1 6 4 5 -4 7 9 -9 -2 12 -12 -8
right_child=2 -3 3 -5 -6 -7 10 8 -10 -11 11 -13 -14
leaf_value=1.2433541618429608e-05 -2.2573127262129807e-06 9.9256241472387021e-05 6.1296717972166722e-05 8.0149761341816964e-05 4.9738458014939808e-05 -7.7020302637250876e-06 8.6291592494073824e-06 2.9621312223380925e-05 -1.966099446479591e-05 0.00010329333753120466 5.7910498493705535e-05 -1.835559716059088e-05 -1.0097908079440979e-06
leaf_weight=27 32 25 30 33 37 243 932 70 600 20 69 29 10939
leaf_count=27 32 25 30 33 37 243 932 70 600 20 69 29 10939
internal_value=-2.38942e-14 5.41752e-05 -2.16136e-07 1.29813e-05 5.83107e-06 -1.1975e-07 -5.72822e-07 -1.07056e-05 -1.45121e-05 3.83391e-05 3.84148e-08 3.5342e-05 -2.53031e-07
internal_weight=13086 52 13034 343 310 273 12691 722 670 52 11969 98 11871
internal_count=13086 52 13034 343 310 273 12691 722 670 52 11969 98 11871
is_linear=0
shrinkage=0.0193306


Tree=57
num_leaves=17
num_cat=0
split_feature=29 44 10 23 61 33 30 3 2 34 20 19 50 7 23 44
split_gain=0.000394357 0.000248895 0.00016009 0.000325017 0.00117897 0.000449784 0.000409086 0.000289424 0.000582664 0.000478724 0.000204849 0.000270803 0.00024553 0.000160262 0.000164402 8.44556e-05
threshold=-0.026175835576021374 -0.00030052071235743143 0.018616363224816516 0.0046175850617328216 -363.25120750000002 -1.0000000180025095e-35 0.0021756245070158799 0.0035216543387280694 60.10792558716863 1.0000000180025095e-35 39.535721676465378 0.0038465170699983901 9.7750000000000021e-06 0.01833967195827824 0.016228406745030236 0.00015562000392801926
decision_type=2 2 2 2 2 2 2 2 2 2 2 2 2 2 2 2
left_child=1 -1 7 4 6 -6 -4 13 9 -9 11 -5 -12 14 -2 -15
right_child=2 -3 3 10 5 -7 -8 8 -10 -11 12 -13 -14 15 -16 -17
leaf_value=8.656220972438665e-05 -3.6060455277226808e-07 -3.6676943703080592e-07 1.3450602655094833e-05 1.7179271110230138e-05 8.2787741050384826e-05 2.6600354265260359e-05 -3.1994459615665831e-05 -1.959939140977334e-05 -0.00010108714362373579 7.5244248162503364e-05 -2.12390528153099e-05 -3.6957936013106729e-05 3.2524758704140348e-05 -7.2312215895096104e-06 2.3709142072337164e-05 -4.6966798177941111e-05
leaf_weight=32 11773 20 161 48 97 118 137 207 30 22 54 123 77 39 107 41
leaf_count=32 11773 20 161 48 97 118 137 207 30 22 54 123 77 39 107 41
internal_value=6.36776e-15 5.3128e-05 -2.11958e-07 8.08323e-06 1.74494e-05 5.195e-05 -7.44193e-06 -7.65242e-07 -2.09819e-05 -1.04878e-05 -7.8269e-06 -2.17615e-05 1.03626e-05 -3.27439e-07 -1.43815e-07 -2.75957e-05
internal_weight=13086 52 13034 815 513 215 298 12219 259 229 302 171 131 11960 11880 80
internal_count=13086 52 13034 815 513 215 298 12219 259 229 302 171 131 11960 11880 80
is_linear=0
shrinkage=0.0193306


Tree=58
num_leaves=16
num_cat=0
split_feature=3 21 61 7 33 29 22 32 3 50 17 12 61 32 8
split_gain=0.000385378 0.000314435 0.000379878 0.000150252 0.000161091 0.000389197 0.00066641 0.000258627 0.000381482 0.000337994 0.000227734 8.78643e-05 8.46478e-05 7.46656e-05 3.07391e-05
threshold=0.0056787997682678009 13.159151421903685 -490.08410450000002 0.01833967195827824 1.0000000180025095e-35 -0.011343003193983013 30.582706111554383 -0.3794095225512602 0.0035216543387280694 3.2330000000000004e-05 0.00024286038872162245 0.002346407929710343 395.58978099999956 -0.60355339059327384 0.0026517010171253079
decision_type=2 2 2 2 2 2 2 2 2 2 2 2 2 2 2
left_child=3 -2 -3 4 5 6 -1 9 -9 -6 -7 13 -4 -5 -15
right_child=1 2 12 11 7 10 -8 8 -10 -11 -12 -13 -14 14 -16
leaf_value=8.7222414518933406e-05 9.5454270251239028e-05 -3.4493763828816288e-05 7.9375718659198169e-05 -4.5898951718171875e-05 -2.6919802008313429e-06 4.8822581755806204e-07 9.1235655644234108e-06 2.5197739244122292e-06 -2.8370460104217141e-05 -1.8575423717018145e-05 2.6314961230414312e-05 -5.8898907372577456e-05 2.6338176829878449e-05 -2.1097079747460702e-05 7.3607121029329184e-06
leaf_weight=52 26 31 23 21 1715 6849 190 3082 157 707 130 21 22 23 37
leaf_count=52 26 31 23 21 1715 6849 190 3082 157 707 130 21 22 23 37
internal_value=9.34527e-14 3.74273e-05 1.7576e-05 -2.94022e-07 -1.08985e-07 1.80499e-06 2.59051e-05 -2.5504e-06 1.02247e-06 -7.32848e-06 9.69308e-07 -2.36632e-05 5.34463e-05 -1.4528e-05 -3.54811e-06
internal_weight=13086 102 76 12984 12882 7221 242 5661 3239 2422 6979 102 45 81 60
internal_count=13086 102 76 12984 12882 7221 242 5661 3239 2422 6979 102 45 81 60
is_linear=0
shrinkage=0.0193306


Tree=59
num_leaves=14
num_cat=0
split_feature=29 32 55 10 22 56 69 30 28 12 28 30 3
split_gain=0.000372454 0.000245057 0.000156742 0.000411385 0.000208597 0.00032452 0.000198714 0.000435012 0.000417645 0.000308751 0.000296115 0.000275146 0.000202832
threshold=-0.026175835576021374 -0.3794095225512602 58793.759500000007 0.021360464203924772 31.407602725087401 -2.7314999999999995e-05 -383.6094015000005 0.0035143803893156731 41.790390744592656 0.0036538737120744174 57.733058315947581 0.0041395649865722242 0.0056787997682678009
decision_type=2 2 2 2 2 2 2 2 2 2 2 2 2
left_child=1 -1 6 4 5 -4 7 8 -2 11 -11 -8 -9
right_child=2 -3 3 -5 -6 -7 9 12 -10 10 -12 -13 -14
leaf_value=1.1251651284971262e-05 -1.474524853825163e-05 9.5241779674708657e-05 5.9926293328167367e-05 7.7573585135479414e-05 4.8853539149554098e-05 -7.4617099993092886e-06 -3.8299824667372002e-07 -0.00010657776470380854 2.1406791722916151e-05 5.599397508773458e-05 -1.7620734043146851e-05 6.1395754376786886e-05 -2.6244999467473934e-05
leaf_weight=27 520 25 30 33 37 243 11844 24 155 69 29 27 23
leaf_count=27 520 25 30 33 37 243 11844 24 155 69 29 27 23
internal_value=6.64427e-14 5.16315e-05 -2.05987e-07 1.26883e-05 5.78121e-06 -5.64349e-08 -5.54483e-07 -1.0403e-05 -6.44367e-06 3.96054e-08 3.421e-05 -2.42486e-07 -6.7266e-05
internal_weight=13086 52 13034 343 310 273 12691 722 675 11969 98 11871 47
internal_count=13086 52 13034 343 310 273 12691 722 675 11969 98 11871 47
is_linear=0
shrinkage=0.0193306


Tree=60
num_leaves=15
num_cat=0
split_feature=3 20 65 28 65 12 12 21 53 34 30 20 47 55
split_gain=0.000360447 0.000318679 0.000295789 0.000147875 0.00022728 0.000462744 0.000214144 0.000302279 0.000210878 0.00022591 0.000202338 0.000192429 0.000122265 0.000130275
threshold=0.0056787997682678009 33.738394760065738 -401.01694650000024 27.990065899107474 -675.36499700000024 0.0034422967304248726 0.0036538737120744174 17.050618727574307 6.1550000000000004e-06 1.0000000180025095e-35 0.0041395649865722242 38.313164173787861 -0.00032185848068835859 53801.866000000002
decision_type=2 2 2 2 2 2 2 2 2 2 2 2 2 2
left_child=3 2 -2 8 5 11 10 -8 12 -10 -6 -5 13 -1
right_child=1 -3 -4 4 6 -7 7 -9 9 -11 -12 -13 -14 -15
leaf_value=-1.2044507551579294e-05 -2.6641655189053095e-05 8.6731802743169063e-05 5.2830835227754242e-05 1.5353274256152467e-05 -5.2184792808021829e-07 -0.00010659062473186863 6.9862564809308593e-05 3.3597802751753275e-06 6.4028336839930007e-06 7.4051945801891503e-05 5.8153261385085224e-05 -2.5541942159157391e-05 -3.7691543817866853e-05 4.9462050048027261e-05
leaf_weight=31 35 32 35 67 12488 21 39 74 35 39 22 120 26 22
leaf_count=31 35 32 35 67 12488 21 39 74 35 39 22 120 26 22
internal_value=8.18637e-14 3.61965e-05 1.30946e-05 -2.84353e-07 -5.09623e-07 -2.05518e-05 -1.79371e-07 2.63121e-05 1.86074e-05 4.20557e-05 -4.18662e-07 -1.08896e-05 -3.3569e-06 1.34865e-05
internal_weight=13086 102 70 12984 12831 208 12623 113 153 74 12510 187 79 53
internal_count=13086 102 70 12984 12831 208 12623 113 153 74 12510 187 79 53
is_linear=0
shrinkage=0.0193306


Tree=61
num_leaves=14
num_cat=0
split_feature=29 32 55 10 22 56 49 6 2 3 7 60 20
split_gain=0.000351791 0.000239588 0.000149527 0.000389417 0.000201758 0.000310678 0.000196024 0.000801008 0.000779666 0.000304427 0.000241501 0.00027927 0.000120707
threshold=-0.026175835576021374 -0.3794095225512602 58793.759500000007 0.021360464203924772 31.407602725087401 -2.7314999999999995e-05 58082.091000000008 -0.0045956159312944824 21.700596536106023 0.0027057802851454715 -0.024181243680205852 -418.81303349999968 46.277095469409211
decision_type=2 2 2 2 2 2 2 2 2 2 2 2 2
left_child=1 -1 6 4 5 -4 10 8 -8 -9 12 -12 -2
right_child=2 -3 3 -5 -6 -7 7 9 -10 -11 11 -13 -14
leaf_value=1.0252130257681309e-05 6.0949132591744132e-05 9.329972256633038e-05 5.8622195388930271e-05 7.5522883649314148e-05 4.8034092923699119e-05 -7.3130663397590443e-06 2.5372291728087156e-05 -5.985149806550752e-06 -6.3923423318896976e-05 3.3130271007385095e-05 -3.5557949850198507e-05 2.2862276751094586e-08 6.2892664277337613e-06
leaf_weight=27 36 25 30 33 37 243 48 249 153 106 83 11990 26
leaf_count=27 36 25 30 33 37 243 48 249 153 106 83 11990 26
internal_value=-6.55634e-14 5.01789e-05 -2.00192e-07 1.23939e-05 5.67372e-06 -6.74332e-08 -5.40573e-07 -1.17642e-05 -4.25991e-05 5.69438e-06 -2.63289e-08 -2.2175e-07 3.80273e-05
internal_weight=13086 52 13034 343 310 273 12691 556 201 355 12135 12073 62
internal_count=13086 52 13034 343 310 273 12691 556 201 355 12135 12073 62
is_linear=0
shrinkage=0.0193306


Tree=62
num_leaves=12
num_cat=0
split_feature=29 32 6 10 61 6 30 10 61 44 2
split_gain=0.000338322 0.000230415 0.000148456 0.000204408 0.000357334 0.000986192 0.000398587 0.000280653 0.000384043 0.000210376 0.000139059
threshold=-0.026175835576021374 -0.3794095225512602 0.013393330337375444 0.018616363224816516 -385.98008400000026 0.0013965925924935842 0.0021756245070158799 0.016999579469287263 -5.1616230000001329 0.00069078612353023507 82.394556936926591
decision_type=2 2 2 2 2 2 2 2 2 2 2
left_child=1 -1 3 7 6 -6 -5 9 -9 -2 -4
right_child=2 -3 10 4 5 -7 -8 8 -10 -11 -12
leaf_value=1.0053950280619582e-05 -7.6483552072987904e-07 9.1496185617459492e-05 -6.4412202581691405e-05 1.3650608444379173e-05 6.9243951889736902e-05 4.2420152684159179e-06 -3.1425777262841876e-05 -4.5554251685207016e-05 8.4302921785778262e-06 1.3651083459619561e-05 -5.6041410249959663e-07
leaf_weight=27 11618 25 26 159 115 361 136 119 84 391 25
leaf_count=27 11618 25 26 159 115 361 136 119 84 391 25
internal_value=-1.23959e-14 4.92089e-05 -1.96322e-07 -6.7021e-08 9.5862e-06 1.99463e-05 -7.13037e-06 -6.76474e-07 -2.32158e-05 -2.95469e-07 -3.31123e-05
internal_weight=13086 52 13034 12983 771 476 295 12212 203 12009 51
internal_count=13086 52 13034 12983 771 476 295 12212 203 12009 51
is_linear=0
shrinkage=0.0193306


Tree=63
num_leaves=17
num_cat=0
split_feature=3 20 65 8 60 47 30 30 19 32 23 51 62 8 45 32
split_gain=0.000331983 0.00030189 0.000277966 0.000146702 0.000355525 0.000314592 0.000324805 0.000575771 0.000396303 0.000279884 0.000259342 0.000236913 0.000202392 0.00020171 0.00019426 0.000133161
threshold=0.0056787997682678009 33.738394760065738 -401.01694650000024 0.0025568789838115173 -64.832709499999879 0.00071402190442921719 0.0035143803893156731 0.0029976579230920146 -0.012368676467578997 0.91597561503675351 -0.019092367614557178 13.500000000000002 0.0019912731945999078 0.0030157403062101022 0.70429169968816352 0.78656609248549303
decision_type=2 2 2 2 2 2 2 2 2 2 2 2 2 2 2 2
left_child=3 2 -2 5 14 6 7 -1 -8 10 -7 12 -6 -13 -5 -16
right_child=1 -3 -4 4 11 9 8 -9 -10 -11 -12 13 -14 -15 15 -17
leaf_value=-4.9536695517409845e-07 -2.6267676176882343e-05 8.3924037546176717e-05 5.0773262409476591e-05 7.1460918661499299e-05 -2.6029760830545254e-05 7.0755172275115908e-05 5.3655262750467827e-06 5.3591300419090831e-05 -0.00011339267476783044 7.9611927478866082e-05 8.0132940672926649e-06 -2.5453799718534143e-05 -8.5849803569656898e-05 1.0285976668399891e-05 -1.293405485067198e-05 3.6647209809838736e-05
leaf_weight=11987 35 32 35 23 177 27 21 74 21 26 279 102 24 140 48 35
leaf_count=11987 35 32 35 23 177 27 21 74 21 26 279 102 24 140 48 35
internal_value=7.64632e-14 3.47379e-05 1.22528e-05 -2.72895e-07 -1.00519e-05 1.58844e-07 -3.50391e-07 -1.63519e-07 -5.40136e-05 1.87229e-05 1.35493e-05 -1.76612e-05 -3.31725e-05 -4.7779e-06 2.17492e-05 7.97371e-06
internal_weight=13086 102 70 12984 549 12435 12103 12061 42 332 306 443 201 242 106 83
internal_count=13086 102 70 12984 549 12435 12103 12061 42 332 306 443 201 242 106 83
is_linear=0
shrinkage=0.0193306


Tree=64
num_leaves=17
num_cat=0
split_feature=3 17 7 61 2 60 50 47 19 61 10 0 32 3 34 22
split_gain=0.000319272 0.000292972 0.000217383 0.000380818 0.000143641 0.000223317 0.000993531 0.000264819 0.000197509 0.000402084 0.000190597 0.000173788 0.000151848 0.000138089 4.22271e-05 4.19257e-05
threshold=0.0056787997682678009 -5.0715542581891442e-05 -0.027676698661836693 -183.91758050000018 13.19898985996794 -418.81303349999968 -9.4549999999999984e-06 1.2720956367841671e-05 -0.006614191581729544 64.26376399999991 0.0083402598870135954 26.386434627082448 -0.60355339059327384 0.0023712197632039661 1.0000000180025095e-35 47.253162768059006
decision_type=2 2 2 2 2 2 2 2 2 2 2 2 2 2 2 2
left_child=4 -2 -3 -4 11 6 -6 -8 9 -7 -10 13 -13 15 -14 -1
right_child=1 2 3 -5 5 8 7 -9 10 -11 -12 12 14 -15 -16 -17
leaf_value=3.3476123187993127e-05 9.0077939166019529e-05 6.1599024033984117e-05 -6.6266751162549715e-05 3.9889452025800996e-05 -0.00013503458300042172 6.5363584699638284e-06 2.3427603543168772e-05 -5.7309488643096495e-05 8.2853403979370175e-07 7.1072064252137343e-05 -4.4127255850480497e-06 -3.4519078085370715e-05 3.1466582404481467e-05 7.2144299675112937e-05 2.6773787044368833e-06 2.302616187661128e-06
leaf_weight=38 26 25 23 28 25 481 63 20 8400 39 3750 34 32 27 47 28
leaf_count=38 26 25 23 28 25 481 63 20 8400 39 3750 34 32 27 47 28
internal_value=6.12483e-14 3.40664e-05 1.49045e-05 -7.98491e-06 -2.67619e-07 -5.25775e-07 -2.82048e-05 3.97288e-06 -2.89837e-07 1.13765e-05 -7.89139e-07 1.57455e-05 -3.61781e-07 3.53168e-05 1.43388e-05 2.0251e-05
internal_weight=13086 102 76 51 12984 12778 108 83 12670 520 12150 206 113 93 79 66
internal_count=13086 102 76 51 12984 12778 108 83 12670 520 12150 206 113 93 79 66
is_linear=0
shrinkage=0.0193306


Tree=65
num_leaves=15
num_cat=0
split_feature=29 32 66 51 65 46 2 3 7 40 48 50 0 20
split_gain=0.000309401 0.000224333 0.000147362 0.000409875 0.000789036 0.000465628 0.000399028 0.000180693 0.000151495 0.000149537 0.000142712 0.000135801 0.000109311 8.23014e-05
threshold=-0.026175835576021374 -0.3794095225512602 0.002796618933597284 17.500000000000004 -99.867222000000126 51.724587558461472 33.249834966343997 0.0056787997682678009 0.01833967195827824 0.86159007439627822 1.0679564198473022 2.8545000000000002e-05 36.926029465747312 48.488290268401904
decision_type=2 2 2 2 2 2 2 2 2 2 2 2 2 2
left_child=1 -1 7 4 6 -6 -4 8 11 -9 12 -2 -5 -10
right_child=2 -3 3 10 5 -7 -8 9 13 -11 -12 -13 -14 -15
leaf_value=8.4238565592629703e-06 1.6721540764333583e-06 8.8784127801072455e-05 -3.6827614647102175e-05 1.3896722134222996e-05 6.4604370373816923e-05 -2.2003026961365011e-05 -0.00011346855118354614 6.136843252460264e-05 -5.760302190659135e-06 -6.1872580893142022e-07 5.1422436781952895e-05 -2.7682247382223048e-06 -6.9524864289991493e-06 -4.2959199297714643e-05
leaf_weight=27 8486 25 60 129 34 73 44 33 43 26 20 3694 346 46
leaf_count=27 8486 25 60 129 34 73 44 33 43 26 20 3694 346 46
internal_value=-3.64651e-15 4.70586e-05 -1.87743e-07 -8.77674e-06 -3.13362e-05 5.51708e-06 -6.92526e-05 3.04131e-07 1.41842e-07 3.40521e-05 8.39526e-07 3.25458e-07 -1.29028e-06 -2.49867e-05
internal_weight=13086 52 13034 706 211 107 104 12328 12269 59 495 12180 475 89
internal_count=13086 52 13034 706 211 107 104 12328 12269 59 495 12180 475 89
is_linear=0
shrinkage=0.0193306


end of trees

feature_importances:
Column_3=78
Column_30=76
Column_32=63
Column_12=58
Column_69=40
Column_61=39
Column_29=36
Column_7=35
Column_20=32
Column_8=26
Column_65=26
Column_10=25
Column_33=23
Column_21=22
Column_23=22
Column_28=21
Column_2=20
Column_50=20
Column_1=19
Column_19=17
Column_22=17
Column_60=17
Column_6=16
Column_56=16
Column_55=14
Column_47=12
Column_44=11
Column_51=11
Column_0=10
Column_31=10
Column_17=9
Column_49=9
Column_4=7
Column_34=7
Column_48=7
Column_62=7
Column_42=5
Column_5=4
Column_9=4
Column_46=4
Column_64=4
Column_66=4
Column_43=2
Column_58=2
Column_27=1
Column_40=1
Column_41=1
Column_45=1
Column_52=1
Column_53=1

parameters:
[boosting: gbdt]
[objective: regression]
[metric: l2]
[tree_learner: serial]
[device_type: cpu]
[data_sample_strategy: bagging]
[data: ]
[valid: ]
[num_iterations: 66]
[learning_rate: 0.0193306]
[num_leaves: 31]
[num_threads: 8]
[seed: 0]
[deterministic: 0]
[force_col_wise: 0]
[force_row_wise: 0]
[histogram_pool_size: -1]
[max_depth: 5]
[min_data_in_leaf: 20]
[min_sum_hessian_in_leaf: 0.001]
[bagging_fraction: 0.754681]
[pos_bagging_fraction: 1]
[neg_bagging_fraction: 1]
[bagging_freq: 0]
[bagging_seed: 3]
[bagging_by_query: 0]
[feature_fraction: 0.865301]
[feature_fraction_bynode: 1]
[feature_fraction_seed: 2]
[extra_trees: 0]
[extra_seed: 6]
[early_stopping_round: 0]
[early_stopping_min_delta: 0]
[first_metric_only: 0]
[max_delta_step: 0]
[lambda_l1: 0]
[lambda_l2: 0]
[linear_lambda: 0]
[min_gain_to_split: 0]
[drop_rate: 0.1]
[max_drop: 50]
[skip_drop: 0.5]
[xgboost_dart_mode: 0]
[uniform_drop: 0]
[drop_seed: 4]
[top_rate: 0.2]
[other_rate: 0.1]
[min_data_per_group: 100]
[max_cat_threshold: 32]
[cat_l2: 10]
[cat_smooth: 10]
[max_cat_to_onehot: 4]
[top_k: 20]
[monotone_constraints: ]
[monotone_constraints_method: basic]
[monotone_penalty: 0]
[feature_contri: ]
[forcedsplits_filename: ]
[refit_decay_rate: 0.9]
[cegb_tradeoff: 1]
[cegb_penalty_split: 0]
[cegb_penalty_feature_lazy: ]
[cegb_penalty_feature_coupled: ]
[path_smooth: 0]
[interaction_constraints: ]
[verbosity: 1]
[saved_feature_importance_type: 0]
[use_quantized_grad: 0]
[num_grad_quant_bins: 4]
[quant_train_renew_leaf: 0]
[stochastic_rounding: 1]
[linear_tree: 0]
[max_bin: 255]
[max_bin_by_feature: ]
[min_data_in_bin: 3]
[bin_construct_sample_cnt: 200000]
[data_random_seed: 1]
[is_enable_sparse: 1]
[enable_bundle: 1]
[use_missing: 1]
[zero_as_missing: 0]
[feature_pre_filter: 1]
[pre_partition: 0]
[two_round: 0]
[header: 0]
[label_column: ]
[weight_column: ]
[group_column: ]
[ignore_column: ]
[categorical_feature: ]
[forcedbins_filename: ]
[precise_float_parser: 0]
[parser_config_file: ]
[objective_seed: 5]
[num_class: 1]
[is_unbalance: 0]
[scale_pos_weight: 1]
[sigmoid: 1]
[boost_from_average: 1]
[reg_sqrt: 0]
[alpha: 0.9]
[fair_c: 1]
[poisson_max_delta_step: 0.7]
[tweedie_variance_power: 1.5]
[lambdarank_truncation_level: 30]
[lambdarank_norm: 1]
[label_gain: ]
[lambdarank_position_bias_regularization: 0]
[eval_at: ]
[multi_error_top_k: 1]
[auc_mu_weights: ]
[num_machines: 1]
[local_listen_port: 12400]
[time_out: 120]
[machine_list_filename: ]
[machines: ]
[gpu_platform_id: -1]
[gpu_device_id: -1]
[gpu_use_dp: 0]
[num_gpu: 1]

end of parameters

pandas_categorical:null
