tree
version=v4
num_class=3
num_tree_per_iteration=3
label_index=0
max_feature_idx=21
objective=multiclass num_class:3
feature_names=Column_0 Column_1 Column_2 Column_3 Column_4 Column_5 Column_6 Column_7 Column_8 Column_9 Column_10 Column_11 Column_12 Column_13 Column_14 Column_15 Column_16 Column_17 Column_18 Column_19 Column_20 Column_21
feature_infos=[10:94] [-0.11440430581569672:0.28678616881370544] [-0.34483492374420166:0.83098965883255005] [24.000978469848633:76.184799194335938] [1.5399385690689087:74.676727294921875] [1.6961847543716431:82.296157836914062] [-2.0264480113983154:4.8936405181884766] [13.424464225769043:88.058677673339844] [-3.85274338722229:4.1234703063964844] [0.0038301714230328798:0.96093577146530151] [0.0013788883807137609:0.089581228792667389] [0.0014317990280687809:0.27874988317489624] [-0.34179213643074036:0.79244387149810791] [-0.32808613777160645:0.68334227800369263] [-0.19477124512195587:0.28864553570747375] none [3.8745510578155518:94.7462158203125] [-1:1] [-1:1] [-0.97492790222167969:0.97492790222167969] [-0.90096884965896606:1] [0.0028875973075628281:0.11032748967409134]
tree_sizes=3355 3408 3371 3456 3447 3451 3482 3460 3475 3462 3484 3469 3473 3457 3478 3465 3452 3456 3469 3467 3473 3456 3472 3452 3448 3479 3460 3472 3468 3451 3475 3489 3475 3477 3454 3488 3446 3467 3460 3458 3477 3479 3479 3456 3467 3481 3466 3455 3486 3475 3468 3497 3469 3478 3469 3494 3495 3468 3444 3486 3477 3477 3487 3445 3483 3474 3465 3475 3473 3481 3466 3482 3470 3458 3470 3458 3479 3488 3483 3476 3494 3461 3471 3451 3488 3508 3479 3489 3468 3477 3478 3477 3488 3462 3478 3494 3502 3480 3468 3469 3467 3483 3466 3489 3467 3490 3480 3465 3480 3505 3486 3479 3457 3470 3466 3465 3456 3469 3455 3484 3466 3476 3494 3463 3476 3487 3499 3489 3477 3493 3458 3448 3470 3479 3506 3495 3479 3471 3467 3481 3467 3483 3480 3489 3462 3475 3501 3477 3487 3481 3483 3471 3505 3506 3473 3473 3500 3485 3459 3486 3484 3485 3488 3478 3475 3493 3466 3495 3485 3491 3479 3463 3485 3480 3488 3484 3480 3481 3439 3461 3487 3457 3477 3515 3491 3488 3474 3486 3494 3484 3473 3513

Tree=0
num_leaves=31
num_cat=0
split_feature=0 6 21 14 9 7 12 0 12 10 13 13 13 0 21 9 13 21 7 11 20 21 13 7 12 4 9 20 14 16
split_gain=985.363 537.404 635.036 301.559 192.171 152.693 280.645 242.684 181.33 129.635 124.482 151.843 147.245 114.075 118.196 110.979 168.864 110.562 148.877 82.5097 105.556 80.5978 68.1533 62.5636 62.4491 61.4777 55.6612 53.9995 52.865 49.5475
threshold=27.500000000000004 0.06580574065446855 0.017785468138754371 -0.019363716244697567 0.050042951479554183 58.753953933715827 0.092687945812940611 39.500000000000007 0.03647983260452748 0.016469742171466354 0.0049211108125746259 -0.042840937152504914 0.04649366810917855 61.500000000000007 0.0084125441499054449 0.070094142109155669 -0.026806754991412159 0.0272027961909771 51.795066833496101 0.0051573782693594703 -0.56174489110708226 0.0076997429132461557 0.077177833765745177 49.972137451171882 0.017722082324326042 20.037499427795414 0.078578624874353423 1.0000000180025095e-35 0.013875592499971392 30.776043891906742
decision_type=2 2 2 2 2 2 2 2 2 2 2 2 2 2 2 2 2 2 2 2 2 2 2 2 2 2 2 2 2 2
left_child=-1 2 4 9 19 6 7 8 -3 -4 11 -6 -12 14 -7 16 27 29 -19 21 24 -2 -20 -8 -21 -17 -14 -9 -22 -5
right_child=1 5 3 17 10 13 23 15 -10 -11 12 -13 26 -15 -16 25 -18 18 22 20 28 -23 -24 -25 -26 -27 -28 -29 -30 -31
leaf_value=-1.2096278014550779 -1.125365836838518 -1.2032499211918191 -1.1280289316252139 -1.1398000176838572 -1.1725544727828143 -1.2076347653263397 -1.1574964394914253 -1.123641452994615 -1.1640045207653689 -1.2102072834422539 -1.2060416138953538 -1.1144161978281117 -1.1660621920357657 -1.200031411962631 -1.158802208646319 -1.1873533846059887 -1.1738472786152712 -1.2102051705825212 -1.0967988537151743 -1.1125153179709082 -1.2040945369545433 -1.2048664546255725 -1.1629224651453811 -1.098823721806949 -1.179361029249484 -1.1291930360366098 -1.1072835446695874 -1.1673481855381276 -1.1510263160713217 -1.1054096809654963
leaf_weight=901.38114302583926 51.317862800999137 497.17440610505946 38.669603919679503 63.06581416166955 96.710712501440867 92.073032695549045 34.448486004694132 213.92913475825117 225.66395342261239 73.236493793716363 100.54148870589052 152.8209798309108 51.074918282261933 583.35905972834371 225.12368998413876 223.61974375930367 233.21197360349106 35.949509511097858 53.239172145891644 29.791428284243011 345.45414895838985 25.001608809736354 33.4766293548455 78.739870867419086 48.288248273409408 26.835979553477955 36.367639713054814 45.137649331722059 26.655391258387681 445.498068136043
leaf_count=1474 100 718 68 91 191 178 31 832 86 122 237 211 113 2590 892 2523 1794 108 88 67 603 49 397 135 51 566 73 726 34 744
internal_value=-1.17519 -1.16778 -1.1521 -1.12688 -1.17154 -1.17857 -1.17177 -1.17602 -1.191 -1.18181 -1.15376 -1.13695 -1.17607 -1.1905 -1.17298 -1.16144 -1.15143 -1.11714 -1.14808 -1.18632 -1.19224 -1.15141 -1.12232 -1.11668 -1.15386 -1.18112 -1.14161 -1.13126 -1.20029 -1.10967
internal_weight=5087.86 4186.48 1707.16 743.135 964.024 2479.32 1578.76 1465.57 722.838 111.906 437.516 249.532 187.984 900.556 317.197 742.734 492.279 631.229 122.665 526.509 450.189 76.3195 86.7158 113.188 78.0797 250.456 87.4426 259.067 372.11 508.564
internal_count=15892 14418 3347 1618 1729 11071 7411 7245 804 190 825 402 423 3660 1070 6441 3352 1428 593 904 755 149 485 166 118 3089 186 1558 637 835
is_linear=0
shrinkage=1


Tree=1
num_leaves=31
num_cat=0
split_feature=21 3 13 0 1 3 13 16 6 3 11 6 0 6 14 1 21 16 13 21 1 6 21 1 13 3 0 5 14 8
split_gain=935.234 305.349 626.618 239.652 291.721 333.817 205.156 170.485 151.267 126.269 143.245 121.128 111.454 102.661 88.5899 84.7947 79.7539 81.2789 69.2311 59.3165 51.6487 50.538 59.354 47.345 53.6869 54.0211 46.8527 44.5089 53.736 42.0726
threshold=0.028850203379988674 59.554189682006843 -0.093680776655673967 33.500000000000007 -0.030764154158532616 60.516061782836921 -0.11564470082521437 39.978223800659187 0.21259427815675738 33.407627105712898 0.013915319927036764 1.2428945899009707 49.500000000000007 -0.51862940192222584 0.025844213552773002 -0.051355171948671334 0.016266708262264732 64.012359619140639 -0.026806754991412159 0.030246558599174026 0.030079720541834835 -0.74394509196281422 0.027950330637395385 0.0097913662903010863 0.074933271855115904 29.386172294616703 55.500000000000007 28.701048851013187 0.0020200094440951948 0.64863210916519176
decision_type=2 2 2 2 2 2 2 2 2 2 2 2 2 2 2 2 2 2 2 2 2 2 2 2 2 2 2 2 2 2
left_child=3 2 19 4 -1 -6 -3 9 13 21 18 15 27 -4 -13 -10 23 -18 26 -2 -12 -5 -23 24 -14 -26 -11 -9 -29 -22
right_child=1 6 8 7 5 -7 -8 12 11 10 20 14 16 -15 -16 -17 17 -19 -20 -21 29 22 -24 -25 25 -27 -28 28 -30 -31
leaf_value=-0.98947652287852084 -0.93541779995761898 -0.98948279087282975 -0.98947660700607765 -0.93872189499448455 -0.90791318483202688 -0.97996026764106858 -0.92314794488962648 -0.97963367080536701 -0.91266396227738489 -0.94858590066759962 -0.89230007645236598 -0.88743394473852988 -0.96307081817727758 -0.90480483707987325 -0.97191413634673285 -0.98462161524877212 -0.95990192027994492 -0.91582285506503736 -0.91946588994643474 -0.89163522492562008 -0.95670640458233813 -0.96879505306857194 -0.92013708422210938 -0.97229362014986875 -0.98947585948711714 -0.93082633032095197 -0.98793071309078972 -0.96764395618523735 -0.89460863047491102 -0.89087735165862092
leaf_weight=112.65408833195033 43.550160385406343 139.82913688489498 22.553081022004335 121.13532134807974 367.72427261320991 110.18934544590593 109.68011237192695 804.46692446721136 24.11243809287771 104.18149702522351 107.165781084841 40.148280133384105 837.1848245526744 115.83407409169376 27.622952631925727 206.28631023327034 130.23986226410852 95.655860823058902 64.639282197567809 646.71983406253639 38.626751145402523 429.50312693100932 35.804532178448426 605.04420255679725 24.523767212183884 132.93649491678298 64.668074755067209 54.506973146435485 17.55987150295914 19.141656263836921
leaf_count=583 97 36 22 35 669 36 65 1485 62 346 386 213 1903 720 78 372 2164 1016 317 939 242 1416 25 1870 43 268 284 135 56 9
internal_value=-0.950012 -0.923978 -0.91593 -0.958389 -0.936915 -0.924525 -0.960323 -0.961829 -0.949978 -0.948896 -0.933123 -0.964539 -0.966542 -0.918605 -0.921869 -0.97709 -0.961433 -0.941237 -0.95142 -0.894397 -0.907219 -0.959612 -0.965051 -0.964284 -0.959412 -0.939961 -0.963654 -0.977185 -0.94985 -0.934896
internal_weight=5653.89 1376.34 1126.83 4277.55 590.568 477.914 249.509 3686.98 436.557 984.866 398.423 298.17 2702.12 138.387 67.7712 230.399 1825.59 225.896 233.489 690.27 164.934 586.443 465.308 1599.69 994.645 157.46 168.85 876.534 72.0668 57.7684
internal_count=15892 2604 2503 13288 1288 705 101 12000 1467 3060 1584 725 8940 742 291 434 7264 3180 947 1036 637 1476 1441 4084 2214 311 630 1676 191 251
is_linear=0
shrinkage=1


Tree=2
num_leaves=31
num_cat=0
split_feature=2 19 11 19 17 4 12 5 13 7 17 6 12 4 20 8 14 4 8 11 2 9 8 13 2 12 6 11 12 13
split_gain=660.826 603.539 388.245 363.577 379.679 249.784 204.749 153.244 163.903 131.145 127.556 114.988 154.874 96.487 96.4524 105.541 93.6011 189.514 89.7859 82.473 91.12 80.7083 77.4229 73.0884 72.8325 78.1895 69.0873 71.9128 69.0669 112.96
threshold=-0.0068963072262704364 -0.60785761475563038 0.009976847097277643 -0.87837970256805409 -1.0000000180025095e-35 14.929610729217531 -0.24325200915336606 32.273092269897468 -0.049649052321910851 55.820053100585945 -1.0000000180025095e-35 -0.12958523631095883 0.01542750094085932 6.4832763671875009 1.0000000180025095e-35 0.71581575274467479 -0.0074934051372110835 17.234127044677738 -0.013136466033756731 0.0090940212830901163 0.055022215470671661 0.029100779443979267 -0.73135143518447865 -0.06976942345499991 -0.04660611413419246 -0.12189617007970809 0.17150152474641803 0.0061355638317763814 -0.065584637224674211 -0.058386754244565957
decision_type=2 2 2 2 2 2 2 2 2 2 2 2 2 2 2 2 2 2 2 2 2 2 2 2 2 2 2 2 2 2
left_child=1 3 9 10 7 -4 -6 8 -5 -2 13 -7 22 -1 26 21 17 -3 -19 20 -17 -16 -13 -15 -12 -26 -11 -28 29 -18
right_child=2 16 5 4 6 11 -8 -9 -10 14 24 12 -14 23 15 19 28 18 -20 -21 -22 -23 -24 -25 25 -27 27 -29 -30 -31
leaf_value=-1.1502050581723477 -1.1828357320664249 -1.207652687931547 -1.1317363659193196 -1.1107402067509693 -1.1820972939858652 -1.2176504377155795 -1.115631911947655 -1.2237687274666145 -1.2068168475878831 -1.117025061105287 -1.221936996958672 -1.2032359513696571 -1.1983236498812282 -1.2143558903379794 -1.1846239598450385 -1.1694675677618329 -1.2098867126897961 -1.1254891730875756 -1.1961009070157131 -1.132672951575703 -1.2189491258312846 -1.1276567362300955 -1.1188707019976265 -1.1478915614061531 -1.1095854135490322 -1.2155224405724607 -1.128527569587136 -1.1601248422691792 -1.2180677237710795 -1.1213150919428931
leaf_weight=93.721372815547511 248.47958963903511 546.44081610464127 79.168060449155746 45.018764874614135 80.931478977203369 281.07145535880045 249.47105225937048 110.7912682374008 48.766409177031164 107.21286480948038 249.38255175878294 19.264337534630613 318.50856884902169 94.941838318947703 45.971562574821291 110.33533264109428 71.577303511097853 60.517693737514492 39.062131237373251 37.364693696443283 88.354449690348702 114.36768087794189 56.092943428760918 28.318251583998062 16.837419624906033 20.208685011661146 142.25957170030597 285.7047828846371 1332.6398576720021 25.835239672454918
leaf_count=64 1149 1644 493 194 19 566 620 163 111 200 390 176 3369 173 106 381 623 130 59 68 137 169 502 206 6 210 350 773 2665 176
internal_value=-1.18907 -1.19942 -1.1724 -1.17682 -1.15598 -1.19275 -1.13191 -1.19485 -1.1607 -1.1594 -1.19897 -1.19991 -1.18725 -1.17797 -1.15315 -1.16672 -1.21073 -1.19926 -1.15319 -1.18216 -1.19147 -1.14399 -1.14044 -1.19909 -1.21488 -1.16738 -1.14309 -1.14962 -1.21591 -1.1864
internal_weight=5048.62 3114.46 1934.16 1038.39 534.979 754.105 330.403 204.576 93.7852 1180.05 503.41 674.937 393.866 216.981 931.571 396.394 2076.07 646.021 99.5798 236.054 198.69 160.339 75.3573 123.26 286.429 37.0461 535.177 427.964 1430.05 97.4125
internal_count=15892 7453 8439 2156 1107 5106 639 468 305 3333 1049 4613 4047 443 2184 861 5297 1833 189 586 518 275 678 379 606 216 1323 1123 3464 799
is_linear=0
shrinkage=1


Tree=3
num_leaves=31
num_cat=0
split_feature=19 6 1 19 5 21 21 2 16 21 10 8 1 10 5 20 1 8 8 16 16 6 10 21 11 1 11 3 10 1
split_gain=1192.96 740.544 323.463 254.322 226.263 222.3 159.729 158.121 346.048 214.986 149.957 134.003 128.331 213.187 113.149 105.958 103.049 101.094 93.52 86.8288 82.6844 78.1706 66.8406 63.5255 62.8926 57.9917 53.2336 51.2838 46.5642 46.5091
threshold=-0.60785761475563038 0.06580574065446855 -0.025668213143944737 0.6078576147556306 24.897483825683597 0.027950330637395385 0.010201129131019117 0.002213635249063373 45.484216690063484 0.035019053146243102 0.0091680553741753119 0.98756650090217601 -0.033155694603919976 0.015047268010675909 29.834628105163578 -0.56174489110708226 0.080713160336017623 -0.65048983693122853 -2.3561421632766719 78.398670196533217 32.792608261108406 -0.39994655549526209 0.0094656115397810953 0.010315490886569025 0.0053759838920086631 -0.059569360688328736 0.0040341683197766551 42.625802993774421 0.0049344610888510951 0.023126970976591114
decision_type=2 2 2 2 2 2 2 2 2 2 2 2 2 2 2 2 2 2 2 2 2 2 2 2 2 2 2 2 2 2
left_child=11 2 5 6 17 -2 24 8 10 12 15 22 14 26 -10 23 27 -5 -8 -20 -18 -19 -1 -3 -4 -12 -14 -9 -13 -27
right_child=1 7 3 4 -6 -7 18 16 9 -11 25 28 13 -15 -16 -17 20 21 19 -21 -22 -23 -24 -25 -26 29 -28 -29 -30 -31
leaf_value=-0.016457187159430481 0.06714836109811631 -0.0091973572658845173 0.03549827562520963 -0.03392491871874001 -0.03279532336449744 -0.020490885633001027 -0.034777910475222051 -0.0098644104144964741 0.074426047962417446 -0.027776824795916255 0.04255637484655559 -0.031086007767781563 -0.032100562751910318 -0.02831668477329239 -0.00072839903695764844 -0.013562723471922968 -0.032539499984348144 0.055470190268670512 0.055238005648363696 0.010995343321656213 0.06907990636512272 0.010114070260863422 -0.033109808760298218 0.06148088558926032 -0.031548515781629996 -0.028491219499944511 0.040413304835255418 -0.029367536196596659 0.031882318719125155 0.0088855225132685144
leaf_weight=449.83873707122257 390.35855189984431 22.226319365687232 27.527812943197205 36.094607446037116 171.05474360380686 42.289794274864107 18.547098415747314 422.25862357233927 137.18969263969484 86.689636157963832 17.535450703984679 19.987024709524121 14.029361469205467 85.856307488083985 32.70411702664569 78.419683769221592 15.519820582441751 97.152844343843753 379.51937354841721 69.143703922112763 32.998957195912226 103.44823037724927 1082.6716822836133 68.206529175149626 55.899979916219309 429.44271218321592 273.73059668375936 307.00734038190421 68.682108278258966 48.882868911230617
leaf_count=1495 389 109 58 77 163 119 12 3046 509 205 346 61 36 142 51 445 33 124 861 60 221 484 2518 220 70 1344 776 878 596 444
internal_value=-3.84851e-06 0.0120281 0.0325219 0.0207576 -0.0009781 0.0585817 0.0368532 -0.00172575 0.00604663 0.025324 -0.0122297 -0.0257108 0.0337938 0.0218957 0.0599584 0.0173238 -0.0146659 0.022015 0.045117 0.04842 0.0365723 0.032081 -0.0282218 0.0441086 -0.00942439 -0.0222936 0.0368776 -0.018075 0.0176872 -0.0246712
internal_weight=5084.91 3463.73 1391.04 958.388 407.75 432.648 550.638 2072.7 1294.91 630.2 664.714 1621.18 543.51 373.616 169.894 168.853 777.785 236.696 467.21 448.663 48.5188 200.601 1532.51 90.4328 83.4278 495.861 287.76 729.266 88.6691 478.326
internal_count=15892 11222 2417 1909 848 508 1061 8805 4627 1719 2908 4670 1514 954 560 774 4178 685 933 921 254 608 4013 329 128 2134 812 3924 657 1788
is_linear=0
shrinkage=0.0363096


Tree=4
num_leaves=31
num_cat=0
split_feature=21 2 3 0 2 8 16 20 3 2 5 3 3 2 0 16 16 21 16 4 16 14 3 10 6 0 2 8 14 3
split_gain=865.009 314.534 563.672 223.298 351.528 164.813 160.595 169.826 165.494 156.703 146.294 135.3 124.993 115.031 66.1969 63.3676 60.142 56.9509 60.937 51.2529 50.7561 50.6811 46.9673 41.9744 41.6494 40.8981 57.7259 40.0731 65.824 50.3581
threshold=0.028850203379988674 -0.099049836397171007 59.554189682006843 33.500000000000007 -0.093688510358333574 0.33650255203247076 39.978223800659187 1.0000000180025095e-35 27.895052909851078 0.12165034189820291 29.154194831848148 59.554189682006843 60.516061782836921 -0.049895007163286202 41.000000000000007 21.842226982116703 26.393198966979984 0.015151540748775007 64.012359619140639 23.329277992248539 33.899696350097663 0.006894950522109867 32.605829238891609 0.015532886143773796 0.53928285837173473 62.500000000000007 -0.040431700646877282 -1.5444002747535703 -0.0082963989116251451 32.036869049072273
decision_type=2 2 2 2 2 2 2 2 2 2 2 2 2 2 2 2 2 2 2 2 2 2 2 2 2 2 2 2 2 2
left_child=3 2 5 4 16 23 7 15 20 11 -7 -3 27 -8 -10 -5 -1 -15 19 -19 -9 -20 -16 -2 -23 26 -17 28 -6 -29
right_child=1 9 -4 6 12 10 13 8 14 -11 -12 -13 -14 17 22 25 -18 18 21 -21 -22 24 -24 -25 -26 -27 -28 29 -30 -31
leaf_value=0.020214055146449951 0.032136368915282473 -0.029693721497776309 -0.017719116955043579 0.031040623481956894 0.042403283156285929 -0.030344967957545273 -0.032650303026733364 -0.034391383504243353 0.054725424168549711 0.055498215364221067 0.045021074918530503 0.060517591734044529 -0.027677568262281609 -0.015849127645305962 -0.013383263488431189 -0.021248784621776848 -0.037196540684922452 0.0039994369989079055 0.029902629571571127 -0.026066473456124697 0.011566361613753384 -0.029071912755795484 0.030070093363552597 0.056985341297931813 0.015536015901421552 -0.032985891884922375 0.0073658205587532107 0.013172988859728792 -0.040051018693005425 0.050534792067011655
leaf_weight=28.33686585346004 104.26882826394649 216.28151574110598 224.28186345961876 41.598371336698619 31.826280611719994 63.274243771840702 456.02515080028388 77.449751975949766 116.54897728256765 41.946781433649448 73.281281639872759 24.389779686363909 42.019209689016861 1706.9094219486324 43.263161321763619 227.50320358482713 159.1795358557938 134.32375974672323 109.40895023482153 168.52756517708985 53.608629127611493 50.943479736535664 135.4749322797652 638.99953630438176 60.204942709588067 131.94772541855855 157.14579718764799 58.675107701841625 21.310695546708303 251.30613442207687
leaf_count=87 64 1042 54 271 101 81 1345 79 91 391 17 21 12 3845 355 428 226 1258 625 1103 94 301 594 934 463 749 399 287 38 537
internal_value=5.0411e-06 0.0249159 0.0336648 -0.00809723 0.0125833 0.0467636 -0.0114361 0.0011087 0.018364 -0.0092633 0.0100987 -0.0205511 0.0316082 -0.0160338 0.0334351 -0.0120705 -0.0285202 -0.0126362 -0.00215805 -0.012731 -0.0155918 0.0123593 0.0195517 0.0534996 -0.00490847 -0.0155423 -0.00955819 0.0384689 0.00933267 0.0434631
internal_weight=5650.26 1386.72 1104.11 4263.54 592.654 879.824 3670.88 984.541 426.345 282.618 136.556 240.671 405.137 2686.34 295.287 558.195 187.516 2230.32 523.409 302.851 131.058 220.557 178.738 743.268 111.148 516.597 384.649 363.118 53.137 309.981
internal_count=15892 2604 1150 13288 1288 1096 12000 3060 1213 1454 98 1063 975 8940 1040 1847 313 7595 3750 2361 173 1389 949 998 764 1576 827 963 139 824
is_linear=0
shrinkage=0.0363096


Tree=5
num_leaves=31
num_cat=0
split_feature=3 21 7 14 11 9 10 21 7 3 20 6 5 10 10 8 9 6 21 9 3 19 10 10 9 19 0 4 6 8
split_gain=758.496 811.325 433.566 182.797 170.411 198.222 123.571 250.577 223.898 121.556 128.35 120.652 117.266 113.565 147.196 100.045 94.2568 89.6108 88.6907 83.838 79.97 79.1241 276.862 202.089 73.618 66.8155 60.4045 58.1376 53.7495 52.9028
threshold=59.554189682006843 0.016824341379106048 55.194356918334968 0.013265119865536691 0.0064394676592201003 0.13282137364149096 0.017478280700743202 0.028165088035166267 50.350656509399421 40.803525924682624 1.0000000180025095e-35 -0.034513363614678376 19.41920375823975 0.0076150810346007356 0.0086448253132402914 0.68469747900962841 0.012047752737998964 3.0529816150665288 0.015088985208421947 0.039954923093318946 37.745941162109382 -0.60785761475563038 0.031585412099957473 0.025414409115910534 0.029100779443979267 -0.60785761475563038 70.500000000000014 18.909939765930179 -0.24074187874794004 2.2469112873077397
decision_type=2 2 2 2 2 2 2 2 2 2 2 2 2 2 2 2 2 2 2 2 2 2 2 2 2 2 2 2 2 2
left_child=1 2 4 17 11 26 -3 8 -8 10 13 12 -1 -4 -15 -11 -13 -2 25 24 -16 22 23 -9 -12 -17 -6 28 -28 -27
right_child=3 6 9 -5 5 -7 7 21 -10 15 19 16 -14 14 20 18 -18 -19 -20 -21 -22 -23 -24 -25 -26 29 27 -29 -30 -31
leaf_value=-0.020861993403887318 0.063612355992485589 -0.027734202977395553 0.058327014444791977 -0.014708307836278052 -0.018155698035243022 0.058046669681075136 0.065031904223426612 -0.014783061443889519 -0.025084512411084069 0.067001292096078302 -0.0054322284519121283 0.052146891198265266 0.062653590089991287 -0.024274307777810061 0.044357745326284913 -0.0089126774158111519 -0.019515830525871625 0.016262353965011644 -0.019495740185598024 -0.017271362933984451 -0.012151740126424736 -0.030849044363142834 -0.030629157161580753 0.061732577709101635 0.048011972182675021 0.052779140372628743 0.077257939190260902 -0.01561853668190381 -0.02904356034218851 -0.0066874374017240343
leaf_weight=27.968363735802996 307.7489111815521 1230.2090992593112 132.91713221539612 56.294085441822972 846.80448434932623 51.007943284210342 98.349007805867586 84.453549933379691 57.655567545392842 141.30332997913138 68.826249018686212 31.399943318683654 106.79873824596143 79.610692317004577 172.89957028377103 34.020651040576922 105.48524956511756 63.589260829896375 41.511897210606548 170.60312242884174 40.805256738793105 373.3013075499839 288.68628633875414 98.677430676765653 67.109395709419914 176.83352502987327 25.528899050837936 34.953375326287642 8.311155918028815 22.195336643169867
leaf_count=44 213 5531 519 97 2557 43 231 190 333 217 177 28 150 177 545 140 650 62 128 621 102 1737 181 98 122 317 42 201 375 64
internal_value=-1.74436e-06 -0.00428556 0.010429 0.0462611 -0.0044755 -0.0116164 -0.020026 -0.0105538 0.0317263 0.0264964 0.0175978 0.0209331 0.0453207 0.0304849 0.0178677 0.0421759 -0.00307632 0.0555043 0.029399 -0.0003209 0.0335672 -0.0183586 -0.00847591 0.0264457 0.0209516 0.0381089 -0.0154974 0.0172223 0.0511468 0.046147
internal_weight=5045.86 4618.23 2386.89 427.632 1238.26 966.606 2231.33 1001.12 156.005 1148.64 732.771 271.652 134.767 426.233 293.316 415.865 136.885 371.338 274.561 306.539 213.705 845.119 471.817 183.131 135.936 233.05 915.598 68.7934 33.8401 199.029
internal_count=15892 15520 7219 372 4090 3218 8301 2770 564 3129 2263 872 194 1343 824 866 678 275 649 920 647 2206 469 288 299 521 3175 618 417 381
is_linear=0
shrinkage=0.0363096


Tree=6
num_leaves=31
num_cat=0
split_feature=0 1 5 0 13 1 13 10 10 6 16 0 1 3 7 3 13 1 1 16 0 12 1 6 0 20 14 6 14 1
split_gain=879.395 546.381 695.494 263.468 285.676 340.144 190.947 232.301 177.652 127.209 126.314 130.995 121.169 221.903 101.955 100.334 177.076 96.2459 91.7903 79.7247 76.9058 66.8547 164.292 47.6575 38.3593 32.3905 30.2177 25.7767 25.0287 24.0745
threshold=27.500000000000004 -0.027683638967573639 29.834628105163578 37.500000000000007 0.0049211108125746259 0.078514065593481078 -0.041821096092462533 0.014312229584902527 0.010966842994093897 0.93760630488395702 42.428260803222663 63.500000000000007 -0.048277683556079858 27.530241012573246 49.192550659179695 40.803525924682624 0.04649366810917855 -0.059569360688328736 0.0097913662903010863 32.792608261108406 44.500000000000007 0.096445586532354369 -0.006741706281900405 0.58387410640716564 37.500000000000007 1.0000000180025095e-35 0.018747428432106975 0.82208380103111278 0.013265119865536691 0.011948106810450556
decision_type=2 2 2 2 2 2 2 2 2 2 2 2 2 2 2 2 2 2 2 2 2 2 2 2 2 2 2 2 2 2
left_child=-1 2 12 -3 6 15 7 10 -4 21 11 -5 13 -2 17 16 23 24 -18 -7 -12 22 -8 -6 -15 -11 -17 -28 -10 -9
right_child=1 3 8 4 5 19 9 29 28 25 20 -13 -14 14 -16 26 18 -19 -20 -21 -22 -23 -24 -25 -26 -27 27 -29 -30 -31
leaf_value=-0.033360940006796153 0.069058740092467916 -0.030206938428379317 0.06856210672602786 -0.012684656179916322 -0.030509327267084909 -0.0080669085509545158 -0.0018853525720637578 -0.029060402609569883 -0.034258880382301571 0.020505046872552446 0.055224097588689638 0.047079633352318323 0.06606729724280494 0.07310886556808599 0.069649524769164944 -0.028271925213552446 -0.0060496330487321498 -0.034457076468140252 0.021615012800500776 0.054700417243458622 0.010765878004005932 0.069799047159799218 0.047835010975872151 -0.00038733366489619671 -0.034616853277174307 -0.029212778723406149 0.054335592943206328 -0.011092396874113335 0.00039930036857777768 0.012273942617490437
leaf_weight=864.74270300451644 118.18639249721309 338.49396278085442 27.472975800705171 202.80495593256637 316.64961977188068 33.110626288966159 124.64109108185221 215.94731113021044 191.30249657076092 26.647105683094196 138.41726576742803 63.488452633464476 374.88777697940168 18.674836939073433 22.720150466353516 437.85625617458936 340.67350764789808 80.043389471535193 295.07310383282311 137.27910781171886 81.514023085943336 77.368827895188588 294.93078521159987 88.640168904166785 5.6826137489515522 49.113463933594176 9.4987987326021521 48.325299853004253 32.069493082493864 20.321506260441311
leaf_count=1474 215 561 149 664 1091 49 284 394 271 501 149 384 1061 71 319 1383 1339 102 1320 417 705 34 1107 665 118 287 84 248 20 426
internal_value=-9.05292e-06 0.00683848 0.0324502 0.000160735 0.00358457 -0.00617131 0.0164432 0.0040306 -0.0185659 0.0321022 0.0183828 0.00156368 0.0530845 0.0332432 -5.43055e-05 -0.0115683 -0.00516615 -0.0152247 0.00679036 0.0425026 0.0387469 0.0387839 0.0330645 -0.0239217 0.0479717 -0.0117241 -0.025014 -0.000342399 -0.0292825 -0.0255047
internal_weight=5076.58 4211.84 871.04 3340.8 3002.3 1707.11 1295.19 722.494 250.845 572.701 486.225 266.293 620.195 245.307 127.121 1536.72 1041.04 104.401 635.747 170.39 219.931 496.941 419.572 405.29 24.3575 75.7606 495.68 57.8241 223.372 236.269
internal_count=15892 14418 2326 12092 11531 6596 4935 2722 440 2213 1902 1048 1886 825 610 6130 4415 291 2659 466 854 1425 1391 1756 189 788 1715 332 291 820
is_linear=0
shrinkage=0.0363096


Tree=7
num_leaves=31
num_cat=0
split_feature=5 11 0 1 1 6 4 16 16 20 0 13 6 13 20 9 5 20 4 11 16 5 0 9 1 13 6 9 10 11
split_gain=743.997 306.448 276.646 249.576 244.809 229.615 206.35 183.531 166.122 162.179 130.678 107.81 102.311 83.573 79.9813 73.9702 65.7169 85.6806 61.9322 52.2783 76.9961 49.6291 94.9453 55.9448 46.611 56.6614 47.9312 45.3661 45.0448 53.5741
threshold=28.914968490600589 0.01398708298802376 33.500000000000007 -0.030764154158532616 0.039720091968774802 2.1953036785125737 10.180556297302248 22.178556442260746 39.978223800659187 1.0000000180025095e-35 49.500000000000007 -0.047862943261861794 -0.34486262500286097 -0.053692156448960297 1.0000000180025095e-35 0.42774182558059698 24.801280021667484 1.0000000180025095e-35 8.2235007286071795 0.011790620628744366 63.680908203125007 32.117872238159187 32.500000000000007 0.13751734048128131 0.01254737935960293 0.074933271855115904 -0.41835039854049677 0.054813532158732421 0.015532886143773796 0.016821519471704963
decision_type=2 2 2 2 2 2 2 2 2 2 2 2 2 2 2 2 2 2 2 2 2 2 2 2 2 2 2 2 2 2
left_child=2 13 3 -1 5 12 7 -7 9 -4 -10 -11 -3 -2 18 -9 -5 -18 -15 24 -21 22 -14 -24 25 -12 -27 -13 29 -23
right_child=1 4 8 16 -6 6 -8 15 10 11 19 27 21 14 -16 -17 17 -19 -20 20 -22 28 23 -25 -26 26 -28 -29 -30 -31
leaf_value=-0.03770218453459398 -0.019522468670390123 -0.017019002070833882 -0.010473249374837275 0.043917174611150855 -0.021623602552269122 0.057974329201818248 0.052373616512169444 -0.026116469970859691 -0.027434595296236097 0.056282211849388281 -0.012711456209397466 -0.019910567846460486 -0.030413264263333316 0.058812943048103972 0.037595910759659137 0.024449575453603038 0.047574234879933515 -0.021769950568632748 -0.02120248340646275 -0.015770271047034309 0.028582900710689061 0.054689262830925095 0.052128786365307329 0.0013815924052888893 -0.022267222320003537 -0.038074821641370507 0.016090813046693461 0.02269773103765485 0.055779262550312125 0.014646373566051503
leaf_weight=81.72431251515809 278.24374090167839 36.523103075527615 389.58068683387683 227.89223665422469 124.35520143234316 50.980555727848696 111.47660880139665 218.02838343878102 959.71438047639458 99.89132945061283 866.88283838765346 52.109797625427746 30.135413408843306 14.886173708637214 86.097889966684306 46.224245305573277 41.243263560012565 54.574424141366762 88.970779508035776 103.27354841159467 103.1294028432203 86.226590712496545 119.32537946159937 37.69173096351733 494.16838104278577 24.727375619113445 166.95975221124172 89.569477296226978 466.1916026433355 90.077392241826601
leaf_count=650 878 27 1045 354 364 90 133 248 1627 209 2138 214 123 90 327 16 104 94 402 2197 1139 183 153 106 1799 15 366 345 324 132
internal_value=1.03618e-05 0.0186209 -0.00933311 0.0189948 0.0270346 0.0317149 0.00991344 -0.00510152 -0.0127615 0.00402014 -0.0166572 0.0273941 0.042455 -0.00684721 0.0117188 -0.0172708 0.0333089 0.00807707 -0.00973242 -0.0107775 0.00639029 0.0450733 0.0286175 0.0399477 -0.0130596 -0.00876118 0.0091029 0.00702555 0.0498666 0.0342312
internal_weight=5640.88 1885.43 3755.44 405.434 1417.24 1292.88 426.71 315.233 3350.01 631.151 2718.86 241.571 866.171 468.199 189.955 264.253 323.71 95.8177 103.857 1759.14 206.403 829.648 187.153 157.017 1552.74 1058.57 191.687 141.679 642.496 176.304
internal_count=15892 3596 12296 1202 1899 1535 487 354 11094 1813 9281 768 1048 1697 819 264 552 198 492 7654 3336 1021 382 259 4318 2519 381 559 639 315
is_linear=0
shrinkage=0.0363096


Tree=8
num_leaves=31
num_cat=0
split_feature=3 2 1 11 4 14 12 2 3 10 1 3 4 6 12 2 2 6 20 6 1 5 11 14 1 1 10 13 3 1
split_gain=691.046 830.215 272.893 268.625 210.991 165.465 161.285 215.829 240.987 223.608 193.85 153.826 116.699 115.861 127.455 104.369 148.548 135.913 86.5787 80.8534 76.945 66.7802 65.2088 65.1512 62.658 63.1389 54.3774 53.9102 48.7928 47.8446
threshold=59.554189682006843 -0.0068963072262704364 -0.028463532216846939 0.009976847097277643 14.929610729217531 0.013265119865536691 -0.0073867393657565108 -0.058774111792445176 34.661354064941413 0.0058686134871095428 0.013467282988131048 40.803525924682624 20.784834861755375 -0.12958523631095883 0.01542750094085932 0.012519837822765114 0.049681318923830993 0.56676396727561962 1.0000000180025095e-35 3.0529816150665288 0.032152384519577033 10.481878757476808 0.010884018614888193 -0.010091478005051611 0.067530777305364623 0.015135752037167551 0.010292876046150925 0.022875348106026653 26.383473396301273 0.072755336761474623
decision_type=2 2 2 2 2 2 2 2 2 2 2 2 2 2 2 2 2 2 2 2 2 2 2 2 2 2 2 2 2 2
left_child=1 2 -1 11 -5 19 10 8 -8 -9 12 15 -4 -6 23 27 17 28 20 -2 -18 -13 26 -15 25 -24 -12 -3 -17 -16
right_child=5 3 6 4 13 -7 7 9 -10 -11 22 21 -14 14 29 16 18 -19 -20 -21 -22 -23 24 -25 -26 -27 -28 -29 -30 -31
leaf_value=-0.033879174806090838 0.059715475660983244 -0.020315382361180551 -0.026945139817642193 0.05177887081399983 -0.027738097399147996 -0.014595032614335845 0.065587831334109739 0.047918845347239919 -0.0064868979571660471 -0.022947146386018333 0.057982830055367779 0.028396719030509991 0.062379047207711188 -0.031220533830134432 0.001354477802390032 0.019078260550534593 -0.0015909777501603231 -0.00033227330151366973 -0.013071538191254865 0.015110306074617967 0.058964024316738632 0.061382493802828987 0.047311679367701365 0.059156146347529935 0.033471402460340471 -0.022951329710981551 -0.0072115261209009674 0.072012099241787517 0.055501521963565538 -0.031386440958459508
leaf_weight=861.24171035204381 316.86578777467366 115.55100964600206 904.33479600086321 82.839091101199301 273.47866481925666 56.134669683473476 132.05110462440462 70.88432829350495 113.9208881712093 341.5516692883084 54.085903570270602 148.09585760362461 19.702043911442161 12.526319572718419 217.96111247154113 60.227557674359559 57.046966481593699 99.755713077636756 179.02944778261008 64.486865454768122 53.705066847185662 178.42741958294209 19.461179334719418 65.475950537809695 50.225315770108864 126.16108072545285 24.506883636531711 8.9855944868577335 249.00045012373448 80.600361311995584
leaf_count=2495 213 513 2377 493 566 97 160 175 83 612 292 354 83 212 2917 171 206 592 328 62 165 304 33 466 165 761 67 117 538 275
internal_value=-2.45717e-06 -0.00414912 -0.0169859 0.0143837 -0.00279534 0.0436057 -0.00915056 0.00528687 0.0322063 -0.0107673 -0.0170821 0.0253335 -0.0250405 -0.00975027 0.00331306 0.0169695 0.0224273 0.0365193 0.00253812 0.052173 0.027772 0.046422 0.00971297 0.0446411 -0.00149848 -0.0135604 0.0376525 -0.0136527 0.0484078 -0.00748398
internal_weight=5038.32 4600.83 2718.13 1882.71 732.881 437.487 1856.89 658.408 245.972 412.436 1198.48 1149.83 924.037 650.042 376.564 823.302 698.765 408.984 289.781 381.353 110.752 326.523 274.44 78.0023 195.848 145.622 78.5928 124.537 309.228 298.561
internal_count=15892 15520 7303 8217 4929 372 4808 1030 243 787 3778 3288 2460 4436 3870 2630 2000 1301 699 275 371 658 1318 678 959 794 359 630 709 3192
is_linear=0
shrinkage=0.0363096


Tree=9
num_leaves=31
num_cat=0
split_feature=0 6 21 14 9 7 8 0 0 21 4 13 13 13 9 13 5 17 5 21 7 7 11 13 21 16 16 9 9 9
split_gain=832.112 420.888 471.252 215.706 165.695 128.947 227.546 212.341 102.227 105.133 100.609 98.0773 129.749 118.651 90.8806 130.004 91.6909 88.5452 79.7928 76.7062 117.153 68.5914 56.1406 54.4698 53.6258 53.218 98.199 52.3079 47.5589 48.2358
threshold=27.500000000000004 0.06580574065446855 0.017785468138754371 -0.019363716244697567 0.050042951479554183 58.753953933715827 0.72885420918464672 39.500000000000007 61.500000000000007 0.0084125441499054449 15.338395118713381 0.0049211108125746259 0.04649366810917855 -0.042840937152504914 0.070094142109155669 -0.026806754991412159 19.166025161743168 0.25000000000000011 11.499758720397951 0.0272027961909771 51.795066833496101 49.972137451171882 0.0051573782693594703 0.077177833765745177 0.0076997429132461557 72.924385070800795 54.603511810302741 0.048122113570570953 0.043096827343106277 0.047386853024363525
decision_type=2 2 2 2 2 2 2 2 2 2 2 2 2 2 2 2 2 2 2 2 2 2 2 2 2 2 2 2 2 2
left_child=-1 2 4 17 18 6 7 10 9 -7 -3 13 -13 -6 15 -9 -16 -4 -2 -5 -21 -8 24 -22 -20 26 -12 -23 -24 -30
right_child=1 5 3 19 11 8 21 14 -10 -11 25 12 -14 -15 16 -17 -18 -19 22 20 23 27 28 -25 -26 -27 -28 -29 29 -31
leaf_value=-0.032876252868076793 0.041416255989346874 -0.033312023706871009 0.033093154606197953 0.054480006379498382 0.0021087455748538693 -0.031346579335636997 -0.032726202329723827 0.037938494447631609 -0.023555806251327065 0.015276660541183597 -0.014297555459570415 -0.029792058850370822 0.030764966943901944 0.05279820860156656 0.064315556305089588 8.60592757644457e-05 -0.012765023491227908 -0.033126662477668337 0.03893399223659718 -0.033994733593077378 0.066030698552047837 -0.014151695573897071 -0.027919071334693554 0.0086571136263870769 -0.028316807152999827 -0.028759895222689239 0.026036827874627355 0.059829578373368268 0.017218246232713244 -0.027715758119364439
leaf_weight=846.18963796752905 35.992341850065714 267.37380949592807 44.934788227768877 551.77909632582305 97.332925528215128 88.516533482446903 13.662862315493838 272.13516806705957 562.48680458233503 228.02594195026722 196.88158044257943 97.005162271370864 89.853524734920938 162.58096529253089 22.376468053063945 213.45905502893584 224.17445476047033 65.31784200547736 45.224004431122012 34.429874282133824 57.90899532028925 13.987124189385211 286.16786767571102 35.010213501622275 23.888183717583161 95.565285964017676 133.56540321058856 126.81648099022277 75.942278961656484 53.815800647002106
leaf_count=1474 25 450 119 835 191 178 59 1498 2590 892 163 237 186 211 264 1629 2724 71 97 108 88 114 538 397 49 34 108 368 121 74
internal_value=-1.66944e-05 0.00657816 0.0201493 0.0409698 0.00316718 -0.00311954 0.00308222 -0.00145354 -0.0142669 0.00223878 -0.0158536 0.0193918 -0.000671792 0.0338164 0.012184 0.0212994 -0.00576884 -0.00613695 -0.0107449 0.0486174 0.0232152 0.0449422 -0.0146157 0.0444147 0.0156875 -0.004896 0.00200511 0.0524796 -0.0196513 -0.00141681
internal_weight=5062.4 4216.21 1757.18 789.381 967.803 2459.03 1580 1425.53 879.029 316.542 693.386 446.773 186.859 259.914 732.145 485.594 246.551 110.253 521.03 679.128 127.349 154.466 485.038 92.9192 69.1122 426.012 330.447 140.804 415.926 129.758
internal_count=15892 14418 3347 1618 1729 11071 7411 6870 3660 1070 755 825 423 402 6115 3127 2988 190 904 1428 593 541 879 485 146 305 271 482 733 195
is_linear=0
shrinkage=0.0363096


Tree=10
num_leaves=31
num_cat=0
split_feature=21 2 3 6 11 2 8 3 3 20 1 2 2 13 1 1 6 19 13 11 5 1 13 2 19 2 19 21 14 3
split_gain=733.404 262.429 477.458 161.855 173.535 140.376 133.698 126.579 120.049 111.858 99.7019 96.5192 142.643 87.5227 77.6151 73.0834 73.0268 52.8416 50.395 50.1953 70.4576 46.4994 70.7863 66.4512 88.6347 52.2085 43.8522 63.7573 36.223 61.3257
threshold=0.028850203379988674 -0.099049836397171007 59.554189682006843 0.06580574065446855 0.011722500436007978 0.12165034189820291 0.33650255203247076 42.760616302490241 59.554189682006843 0.81174489855766307 -0.019565170630812641 -0.05798718519508838 -0.032073630020022385 -0.11115168407559393 -0.012298315297812222 -0.017318869009613987 -0.66230919957160939 -0.87837970256805409 -0.019667485728859898 0.030033569782972339 33.148241043090827 0.01254737935960293 0.074933271855115904 0.030642421916127208 -0.87837970256805409 0.07498283684253694 -0.60785761475563038 0.010428401175886394 -0.013393250759690998 30.2274923324585
decision_type=2 2 2 2 2 2 2 2 2 2 2 2 2 2 2 2 2 2 2 2 2 2 2 2 2 2 2 2 2 2
left_child=3 2 6 11 15 8 -2 -8 -3 13 -11 -1 16 -6 -15 -5 -13 -18 -12 20 -16 22 23 24 -17 -24 27 -14 29 -28
right_child=1 5 -4 4 9 -7 7 -9 -10 10 18 12 26 14 19 21 17 -19 -20 -21 -22 -23 25 -25 -26 -27 28 -29 -30 -31
leaf_value=-0.02810089981956208 0.04838084258883904 -0.028456014248151081 -0.017026316284993143 0.029515840417524149 -0.015515417270981336 0.051956449869294145 -0.023198663020908124 0.046879259235296504 0.055723979537544745 -0.037711610706090672 0.033881044954380858 0.049513395203510266 -0.030030688296964068 0.04649805264868663 0.02091464500174375 0.037475281735141808 0.037973984532595068 -0.014905628306428807 -0.033206565741805603 0.056335802105670567 -0.017266190085440666 -0.019079415631048813 0.048211844338377871 -0.02074043439334192 -0.0061039950175129478 -0.0062096136632808106 -0.028991401118733252 0.0094428665925672724 -0.021761374979752963 0.046291470125924064
leaf_weight=573.08334829332307 761.25536458417264 211.96271609615724 221.97027483309648 64.881627704700804 81.746387514249363 42.670316328316403 73.118630162040063 63.484548259573785 24.964662997481355 97.638514543188649 59.258558136687498 67.613121969738131 76.748797315496631 155.17707097296443 271.47189527561932 69.343336966845527 36.563743703631189 78.191759841029125 19.657693024568289 37.111138824508089 83.261417998994148 490.15318497897897 53.190113802364067 365.45690032121274 546.05395361529736 41.268462814980012 28.804443853390694 181.5659139841664 719.98436935418431 28.261814306253655
leaf_count=342 998 1042 54 1115 450 391 71 27 21 316 154 30 132 1273 2020 210 36 276 187 18 294 2034 107 604 1603 123 90 576 1259 39
internal_value=1.7168e-05 0.0228002 0.030657 -0.00752647 -0.00143371 -0.00866689 0.0424455 0.00936834 -0.0195856 0.0123561 -0.0131808 -0.0158131 -0.0100302 0.019527 0.0247639 -0.00824538 0.0195798 0.0019421 0.0171683 0.0161565 0.0119527 -0.00981049 -0.00558539 -0.00847647 -0.00119326 0.0244342 -0.0152458 -0.00228484 -0.0195543 0.00829018
internal_weight=5625.91 1399.43 1119.83 4226.49 2435.67 279.598 897.859 136.603 236.927 805.323 176.555 1790.82 1217.73 628.768 547.022 1630.35 182.369 114.756 78.9163 391.844 354.733 1565.47 1075.31 980.854 615.397 94.4586 1035.37 258.315 777.051 57.0663
internal_count=15892 2604 1150 13288 10508 1454 1096 98 1063 4712 657 2780 2438 4055 3605 5796 342 312 341 2332 2314 4681 2647 2417 1813 230 2096 708 1388 129
is_linear=0
shrinkage=0.0363096


Tree=11
num_leaves=31
num_cat=0
split_feature=2 19 21 19 17 7 21 21 13 17 16 7 4 14 4 18 6 16 13 2 2 2 9 13 2 9 19 2 13 13
split_gain=526.573 520.117 301.06 294.174 290.839 194.668 137.176 114.157 152.049 113 114.825 108.489 98.4409 89.1463 161.818 180.855 66.2447 69.678 79.3518 119.191 141.628 63.6414 59.8759 151.761 59.916 59.6919 56.6866 63.42 55.9665 155.245
threshold=-0.0068963072262704364 -0.60785761475563038 0.015401861630380155 -0.87837970256805409 -1.0000000180025095e-35 46.700166702270515 0.048838546499609954 0.032364044338464744 -0.051315521821379655 -1.0000000180025095e-35 22.548312187194828 54.879686355590827 6.4832763671875009 -0.0074934051372110835 17.234127044677738 0.25000000000000011 -0.87909823656082142 86.981960296630874 0.071993649005889906 0.098470084369182601 0.055022215470671661 -0.04660611413419246 0.16803409904241565 -0.068964038044214235 -0.090877436101436601 0.027372183278203014 -0.60785761475563038 0.1305239796638489 0.035610819235444076 0.021588099189102653
decision_type=2 2 2 2 2 2 2 2 2 2 2 2 2 2 2 2 2 2 2 2 2 2 2 2 2 2 2 2 2 2
left_child=1 3 11 9 7 -4 -6 8 -5 10 -1 28 -12 14 -3 -16 -13 18 -18 20 -20 -11 -15 24 -24 -14 27 -7 29 -2
right_child=2 13 5 4 6 26 -8 -9 -10 21 12 16 25 22 15 -17 17 -19 19 -21 -22 -23 23 -25 -26 -27 -28 -29 -30 -31
leaf_value=-0.034144740425536939 -0.012426168821027787 -0.017133497218224002 0.046602413781726602 0.068367796157658714 0.060796442325145972 0.022643271055186133 0.0041105994271223179 -0.033615735877013421 -0.019447051428448305 -0.031579894192348502 0.057125472669264779 -0.034351810910342985 0.071606446200432869 -0.027873852251323918 0.067642184072351216 -0.034001162989497596 0.03844575865048739 -0.019027684089380655 0.051398257650885702 0.04287017343472542 -0.015440359409158531 0.018984934424212632 -0.033344975325871058 -0.03363654466132826 0.070404524180585112 -0.012255469431700867 -0.024619308980522264 -0.03277708061465856 -0.014536434192026592 0.057393869010903743
leaf_weight=56.519392160542338 98.686210031595692 526.65191351376052 73.105940230472697 48.234464244849732 280.58980190685179 81.507723662525677 70.409924983978271 97.173308915656889 56.376499828149463 237.16150986811772 73.201893161101907 21.776686325669289 13.142324948683379 1250.7592021655928 67.240150021576483 35.138163927089408 705.94116675809346 37.55849354158272 55.491317749841983 149.71362308325479 169.35403736023363 38.082938053539692 9.1182597915758361 73.205422487308169 37.570494320960279 75.318274650280728 345.90858035982637 40.873264872028813 126.66211674810984 73.072726155569399
leaf_count=28 602 1644 518 297 622 907 17 49 122 390 57 10 24 3032 124 65 1747 44 125 239 437 216 235 128 69 334 2976 376 262 196
internal_value=-2.37969e-06 -0.00947778 0.0145764 0.0112658 0.0294565 -0.0085023 0.0494257 -0.00527901 0.021042 -0.00911288 0.0104031 0.0232639 0.0259784 -0.0203306 -0.00901364 0.0327552 0.0283665 0.0295882 0.0312782 0.017769 0.00105479 -0.0245833 -0.0255242 -0.00101166 0.0501399 0.00020252 -0.0171051 0.00413283 0.00377387 0.0172773
internal_weight=5025.55 3045.89 1979.65 1046.21 552.784 541.396 351 201.784 104.611 493.426 218.182 1438.26 161.662 1999.68 629.03 102.378 1139.84 1118.06 1080.5 374.559 224.845 275.244 1370.65 119.894 46.6888 88.4606 468.29 122.381 298.421 171.759
internal_count=15892 7453 8439 2156 1107 4777 639 468 419 1049 443 3662 415 5297 1833 189 2602 2592 2548 801 562 606 3464 432 304 358 4259 1283 1060 798
is_linear=0
shrinkage=0.0363096


Tree=12
num_leaves=31
num_cat=0
split_feature=3 1 5 13 13 13 1 20 21 1 1 1 12 20 21 12 20 3 13 21 6 21 8 3 9 12 8 1 8 12
split_gain=726.905 459.982 383.065 236.786 226.251 250.16 155.772 138.332 130.564 115.378 113.688 95.7996 115.128 126.031 88.3471 267.504 82.879 71.3542 120.376 110.884 63.5467 63.3635 74.7865 58.2651 86.0306 52.9159 50.4831 47.3809 44.2573 50.3544
threshold=42.625802993774421 -0.027683638967573639 29.047916412353519 -0.0521495584398508 0.0049211108125746259 0.04649366810917855 0.078514065593481078 1.0000000180025095e-35 0.034502748399972923 0.014548588544130327 -0.033155694603919976 0.005802594358101488 0.096445586532354369 -0.56174489110708226 0.027950330637395385 0.05343188904225827 -0.56174489110708226 56.874711990356452 -0.054732114076614373 0.01785566192120314 1.4706639647483828 0.0430709756910801 -1.3952566981315611 28.830504417419437 0.033374749124050147 0.016078354790806774 0.18036592751741412 0.080713160336017623 0.045397572219371803 -0.028453910723328587
decision_type=2 2 2 2 2 2 2 2 2 2 2 2 2 2 2 2 2 2 2 2 2 2 2 2 2 2 2 2 2 2
left_child=1 2 14 16 9 -6 23 -4 10 11 20 12 13 -5 -1 -16 21 18 19 28 -2 22 -3 24 -7 -25 -11 -20 29 -12
right_child=8 3 7 4 5 6 -8 -9 -10 26 17 -13 -14 -15 15 -17 -18 -19 27 -21 -22 -23 -24 25 -26 -27 -28 -29 -30 -31
leaf_value=0.0576102999002992 0.056019637272483262 0.057951667111129972 0.061068115368172318 0.051150187036017689 -0.023711493938518569 -0.017699352783292894 0.045677687928045226 -0.026004644790170204 -0.033057126616121438 -0.02675665136754898 0.019787177996691864 0.05313806608710285 0.062319403886985383 0.001635326931939994 -0.033345768952395681 0.063161257041487381 -0.025141134682865645 -0.029328632341123116 -0.021922917680940172 -0.017687698378333252 -0.03374807682651064 -0.033574291298840001 -0.014192802104282122 -0.021049915718530147 0.040005867818266053 0.0046511277695450923 0.043922950693928535 0.03013699560403332 -0.025562734927498207 0.063954592072925712
leaf_weight=423.46467988116819 47.456975549723211 45.132669975573663 28.682225361306337 88.542806145291252 419.88362001268251 48.536233480717783 139.01922292075324 149.07968712344154 585.43835403815137 73.03919734921692 92.70357610695828 174.05806487243899 75.680694280665193 288.92296660603824 61.655771277337408 98.135532315332966 452.09348750758727 312.16597379152881 473.01112834276137 109.35649393790663 13.311523710317486 31.205357145514427 32.642226177742486 141.82131456708157 114.19770120773865 413.69328129480527 16.294241302101 24.226969701536291 17.198870570155123 53.780246283868109
leaf_count=1584 122 167 114 251 1963 86 299 388 669 884 251 311 21 883 286 109 1333 440 1393 423 386 17 228 375 603 1888 196 78 49 95
internal_value=-2.30441e-05 0.00992904 0.0347077 0.00254788 0.00841208 -0.000749747 0.0104966 -0.0119546 -0.0191125 0.0247422 -0.0119714 0.030241 0.0214458 0.0132504 0.0489294 0.0259231 -0.0182894 -0.0146845 -0.00874959 0.0106205 0.0363539 0.0101331 0.0276711 0.00368705 0.0227943 -0.00191008 -0.0138635 -0.0193862 0.0295339 0.0360037
internal_weight=5044.43 3315.78 761.018 2554.76 1993.69 1277.15 857.268 177.762 1728.65 716.538 1143.21 627.205 453.146 377.466 583.256 159.791 561.074 1082.44 770.277 273.039 60.7685 108.98 77.7749 718.249 162.734 555.515 89.3334 497.238 163.683 146.484
internal_count=15892 11986 2481 9505 7760 5214 3251 502 3906 2546 3237 1466 1155 1134 1979 395 1745 2729 2289 818 508 412 395 2952 689 2263 1080 1471 395 346
is_linear=0
shrinkage=0.0363096


Tree=13
num_leaves=31
num_cat=0
split_feature=21 2 3 7 6 7 10 3 2 2 20 7 5 1 6 4 13 7 4 2 3 1 21 13 10 10 13 9 7 1
split_gain=679.338 242.416 439.405 158.253 150.901 136.237 135.825 112.157 91.9063 134.053 81.248 120.34 126.469 68.6198 67.8594 62.8309 71.8788 57.268 62.553 53.1404 52.8936 51.7982 57.4993 51.2107 51.989 49.6854 56.6975 49.4094 48.9773 48.7086
threshold=0.028850203379988674 -0.099049836397171007 59.554189682006843 49.023902893066413 0.06580574065446855 57.478206634521491 0.00941304210573435 57.339855194091804 -0.05798718519508838 -0.032073630020022385 0.81174489855766307 37.902074813842781 20.478713989257816 -0.019565170630812641 -0.66230919957160939 20.673912048339847 -0.026806754991412159 66.302131652832045 20.037499427795414 -0.15348783135414121 60.516061782836921 0.0071304428856819877 0.016824341379106048 -0.078486215323209749 0.015532886143773796 0.0037679021479561929 0.0049211108125746259 0.056430010125041015 41.351936340332038 0.01254737935960293
decision_type=2 2 2 2 2 2 2 2 2 2 2 2 2 2 2 2 2 2 2 2 2 2 2 2 2 2 2 2 2 2
left_child=4 2 3 23 8 7 15 -3 -1 14 11 20 17 -12 -10 16 27 18 -13 -14 21 -8 -23 24 -2 26 -17 -6 -18 -21
right_child=1 5 -4 -5 6 -7 10 -9 9 -11 13 12 19 -15 -16 25 28 -19 -20 29 -22 22 -24 -25 -26 -27 -28 -29 -30 -31
leaf_value=-0.027398757089402273 0.020910019886859966 -0.029713508259749236 -0.016535897727890544 -0.019073495923970455 -0.018024499520671672 0.052058760205561702 0.03483657540786473 0.040086746670296894 0.047627862472627749 -0.014763415212260321 -0.036918857820320582 0.035929848959398082 -0.038735189644649261 0.010334340804885064 0.0018968097681573471 -0.024325721843946425 0.050846561586694254 0.021972698412418022 -0.010923238414435179 0.042645346743390954 -0.030027883764581778 -0.036145893158417562 0.012945355380025225 0.014342605228164267 0.05051065924191802 -0.020038132396106235 0.054125291967850576 0.01921308416137749 0.006306227145001086 0.0099331022552867684
leaf_weight=565.5012195918498 88.220116093638353 200.29451708700799 220.34767961989564 54.924438723013736 228.91020869689601 41.69288015130951 46.671132321691402 35.768255779243191 68.289041104751959 1028.2149044990292 96.452452259578422 43.615170306697109 13.144737903006897 69.858372459166276 114.53145780726845 22.545445891395502 48.077518536894786 165.26648720711455 270.91400966845686 278.83621978370502 110.29096909109649 58.887666915295995 67.520004209793115 68.174033722672903 691.50370356734857 645.94801133080182 26.325273386195477 59.104837908882473 100.79128527634748 76.48024311228437
leaf_count=342 63 850 54 28 879 595 568 9 30 2096 310 260 19 365 312 28 197 726 1518 1153 56 46 212 60 945 2046 104 555 750 716
internal_value=2.36482e-05 0.021923 0.0294341 0.040654 -0.00727022 -0.00844951 -0.00138932 -0.0191369 -0.015313 -0.00966943 0.00662704 0.0101098 0.0169535 -0.0170696 0.0189794 -0.0105833 0.000205795 0.00466696 -0.00442583 0.0329521 -0.0103762 0.00214577 -0.00992319 0.0445231 0.0471617 -0.0173673 0.0179314 -0.0103824 0.0206914 0.0356045
internal_weight=5607.1 1400.93 1123.17 902.822 4206.18 277.756 2429.64 236.063 1776.54 1211.04 1297.94 1131.63 848.257 166.311 182.82 1131.7 436.884 479.796 314.529 368.461 283.37 173.079 126.408 847.898 779.724 694.819 48.8707 288.015 148.869 355.316
internal_count=15892 2604 1150 1096 13288 1454 10508 859 2780 2438 5949 5274 4392 675 342 4559 2381 2504 1778 1888 882 826 258 1068 1008 2178 132 1434 947 1869
is_linear=0
shrinkage=0.0363096


Tree=14
num_leaves=31
num_cat=0
split_feature=1 3 13 21 1 11 12 20 14 6 13 3 20 12 6 21 3 1 21 13 8 3 11 21 19 20 12 6 17 1
split_gain=605.881 420.118 365.853 314.773 190.272 202.313 186.511 126.496 174.602 150.14 111.518 101.722 125.129 97.4387 175.798 91.3672 129.768 87.2119 82.9691 79.9326 63.9846 58.778 66.1415 52.9931 56.9925 47.5214 42.6388 40.6125 39.0696 35.1974
threshold=-0.033948963508009904 59.554189682006843 0.0061146917287260303 0.016266708262264732 0.067530777305364623 0.003852494759485126 -0.18031287938356397 1.0000000180025095e-35 -0.0050888576079159966 0.73672470450401317 -0.051315521821379655 40.803525924682624 1.0000000180025095e-35 -0.13957203179597852 2.4681967496871953 0.010428401175886394 29.386172294616703 0.013467282988131048 0.016824341379106048 0.052666071802377708 0.68469747900962841 37.094064712524421 0.0099227428436279314 0.015088985208421947 -0.60785761475563038 -0.56174489110708226 0.01985949277877808 1.6958215832710268 1.0000000180025095e-35 0.075554728507995619
decision_type=2 2 2 2 2 2 2 2 2 2 2 2 2 2 2 2 2 2 2 2 2 2 2 2 2 2 2 2 2 2
left_child=6 2 4 11 5 -2 -1 17 9 -9 -10 12 21 -3 28 16 -14 26 -19 29 -13 22 -4 24 -22 -6 -7 -17 -15 -5
right_child=1 13 3 19 25 7 -8 8 10 -11 -12 20 15 14 -16 27 -18 18 -20 -21 23 -23 -24 -25 -26 -27 -28 -29 -30 -31
leaf_value=0.0628148269841389 0.05166075869621653 0.062170262751873692 0.042412115596236762 -0.0022455731419554017 -0.010234153380337955 -0.028866791341366643 -0.033003819727936992 0.037898411971082985 0.0029764171779980259 -0.017595256874488201 -0.027431684898413574 0.056890796509745968 0.050848047086419268 0.020896820095574083 -0.034500919782758453 -0.025933926521110814 -0.0058346115355003446 0.020757994727025726 -0.024672286651323237 -0.023637261432896507 -0.010655411622979645 0.0038370346438374205 0.012900000481883927 -0.024194367070104979 0.039666076356218466 0.053029869165020269 0.016459459779346652 0.045026276358311704 0.054071135695134706 0.061165008897062494
leaf_weight=27.779508884865209 66.051858700164303 162.22119569778442 299.48961427944414 24.497079417891655 19.46561529382052 777.01825985718278 745.398445506391 198.14766494911055 286.43941107893806 95.134755199431311 357.38065718656799 143.34827155261519 83.244970955533063 75.7502414316059 50.472073985474708 151.11881585981246 147.7681722422094 110.10356781452356 102.18717850585745 299.38681131852354 35.026317257797928 118.87479377898489 150.41560078509792 24.517316410692729 194.00211795824725 79.877049065573374 28.357440701327505 11.436997125694687 122.53873456030669 21.814430349902977
leaf_count=65 134 31 934 671 100 1798 2708 431 806 543 817 221 126 69 158 609 290 381 739 2524 136 226 289 69 362 252 158 53 89 103
internal_value=-3.24237e-06 0.00539166 0.0016435 0.0141658 -0.00842632 -0.0108381 -0.029561 -0.01295 -0.00332441 0.019897 -0.0139028 0.0220339 0.0156547 0.0402764 0.0259985 -8.4708e-05 0.0145904 -0.0218135 -0.00110957 -0.0167701 0.0375012 0.0265458 0.0325457 0.0265383 0.0319697 0.0406325 -0.0272707 -0.0209406 0.0413985 0.0276209
internal_weight=5009.26 4236.09 3825.1 1704.94 2120.16 2020.82 773.178 1954.77 937.102 293.282 643.82 1359.24 962.349 410.982 248.761 393.569 231.013 1017.67 212.291 345.698 396.894 568.78 449.905 253.546 229.028 99.3427 805.376 162.556 198.289 46.3115
internal_count=15892 13119 12772 6613 6159 5807 2773 5673 2597 974 1623 3315 2527 347 316 1078 416 3076 1120 3298 788 1449 1223 567 498 352 1956 662 158 774
is_linear=0
shrinkage=0.0363096


Tree=15
num_leaves=31
num_cat=0
split_feature=19 6 1 19 8 21 13 16 21 9 21 8 12 7 1 1 10 8 6 16 13 6 16 21 6 1 17 1 10 16
split_gain=936.742 534.354 205.04 189.243 147.826 146.135 146.066 277.623 164.065 124.698 122.99 121.376 100.885 130.17 86.3878 77.2664 180.24 73.6282 73.1374 69.9159 64.0402 63.2009 60.9158 53.4683 49.6015 47.7746 47.0932 43.8885 41.414 38.2207
threshold=-0.60785761475563038 0.06580574065446855 -0.025668213143944737 0.6078576147556306 -0.61238569021224964 0.027950330637395385 -0.0024518003920093174 45.484216690063484 0.035019053146243102 0.05775019712746144 0.010201129131019117 0.98756650090217601 -0.015308863483369349 51.795066833496101 0.080713160336017623 -0.033155694603919976 0.015047268010675909 -2.3561421632766719 1.299238443374634 32.792608261108406 -0.027753582224249836 -0.39994655549526209 78.398670196533217 0.0057146488688886174 1.31531298160553 -0.059569360688328736 -1.0000000180025095e-35 0.023126970976591114 0.0049344610888510951 46.113801956176765
decision_type=2 2 2 2 2 2 2 2 2 2 2 2 2 2 2 2 2 2 2 2 2 2 2 2 2 2 2 2 2 2
left_child=11 2 5 10 -5 -2 7 9 15 18 26 20 -6 -14 -8 24 23 -12 -3 -16 -1 -15 -19 -17 -9 -11 -4 -27 -13 -22
right_child=1 6 3 4 12 -7 14 8 -10 25 17 28 13 21 19 16 -18 22 -20 -21 29 -23 -24 -25 -26 27 -28 -29 -30 -31
leaf_value=-0.031944720339008165 0.05318394855804446 0.040651014172167287 0.028945600951309068 -0.031168895610696908 0.059019468804364796 -0.019154614567981638 -0.017637794098042552 0.056711194645651802 -0.025954568609086796 0.037196661837260399 -0.034138188538092383 -0.029938434628098563 -0.03358076641858055 0.054113630375160586 -0.033504342936619212 -0.033094228206464162 -0.027210537662932181 0.046125887179563535 -0.0087365187326300213 0.059613659347894324 0.010211491468234073 0.0033631705651467618 0.0095018478535404058 0.036548455891455459 0.0041017547013178345 -0.026735295514145007 -0.028973284348054039 0.0070114106014438696 0.030344092306262026 -0.019714654873371679
leaf_weight=938.26103817907642 427.56919705858672 81.939741109030365 27.743246661008016 141.68079357699389 54.096348505994683 40.284461198914869 702.87428474757871 155.56282724894481 80.870290302311332 18.340250892371841 17.974928505987918 19.149469407500874 78.519368685731024 57.372799915170617 15.217069292848462 15.300120827276258 83.301736885383434 405.66853982880639 76.376966618990991 35.258683824009495 64.744205187376792 74.189050787135784 70.251069930989615 289.63840079821421 27.863817871479114 408.99512732368203 55.592809016688989 58.009033712140081 69.728658381560308 429.40021278763925
leaf_count=1879 389 283 39 177 123 119 3979 399 215 322 12 61 138 64 24 26 170 861 303 181 796 346 60 824 83 1446 89 550 596 1338
internal_value=-2.99672e-05 0.0103082 0.0271689 0.0177525 -0.00124585 0.046955 -0.00162801 0.00576169 0.0224511 -0.0111577 0.0311107 -0.0238182 0.0148017 0.00341499 -0.0143427 0.029299 0.020123 0.0379954 0.0168242 0.0315389 -0.026373 0.0254958 0.04072 0.0330538 0.0487201 -0.0202855 -0.00969025 -0.0225432 0.0173545 -0.0157934
internal_weight=5021.77 3500.49 1450.94 983.089 405.858 467.854 2049.55 1296.2 652.537 643.661 577.231 1521.28 264.178 210.081 753.35 571.667 388.24 493.895 158.317 50.4758 1432.41 131.562 475.92 304.939 183.427 485.344 83.3361 467.004 88.8781 494.144
internal_count=15892 11222 2417 1909 848 508 8805 4621 1717 2904 1061 4670 671 548 4184 1502 1020 933 586 205 4013 410 921 850 482 2318 128 1996 657 2134
is_linear=0
shrinkage=0.0363096


Tree=16
num_leaves=31
num_cat=0
split_feature=21 2 3 0 2 16 20 3 2 3 2 13 3 9 6 16 6 16 0 16 3 0 2 9 13 10 11 21 0 2
split_gain=631.181 223.086 403.922 179.593 274.885 130.795 131.944 126.613 123.667 106.632 101.422 98.636 96.5718 69.5121 106.2 54.8362 49.894 49.7975 49.281 43.5674 39.8897 37.4404 49.1714 36.8924 39.7674 35.8067 34.0903 46.6963 31.8527 39.0025
threshold=0.028850203379988674 -0.099049836397171007 59.554189682006843 33.500000000000007 -0.09212911874055861 39.978223800659187 1.0000000180025095e-35 27.895052909851078 0.12165034189820291 59.554189682006843 -0.049895007163286202 -0.092549569904804216 60.516061782836921 0.12469624355435373 1.2428945899009707 21.842226982116703 1.9821184873580935 26.393198966979984 41.000000000000007 33.899696350097663 32.605829238891609 62.500000000000007 -0.040431700646877282 0.1639949977397919 0.092509295791387572 0.015532886143773796 0.015072013717144729 0.0063427991699427375 42.500000000000007 0.098470084369182601
decision_type=2 2 2 2 2 2 2 2 2 2 2 2 2 2 2 2 2 2 2 2 2 2 2 2 2 2 2 2 2 2
left_child=3 2 11 4 17 6 15 19 9 -3 -7 25 -6 -13 -15 -5 23 -1 -9 -8 -20 22 -17 28 -25 -2 27 -18 -12 -30
right_child=1 8 -4 5 12 10 7 18 -10 -11 16 13 -14 14 -16 21 26 -19 20 -21 -22 -23 -24 24 -26 -27 -28 -29 29 -31
leaf_value=0.018429283651504355 0.023053179220877941 -0.027234997543295527 -0.015997925427319416 0.029292437394904749 0.033878337706585236 -0.030300794164969985 -0.031972678089794204 0.047217351660890042 0.048239335057588761 0.051741236019324899 -0.028408421571053472 0.043140474917203249 -0.025308851900799754 -0.029927672755842953 0.040500311033759243 -0.019196825683869684 0.059872335116688213 -0.033907439825457013 -0.013253743643818098 0.010987048104702623 0.02675078068686099 -0.030920998549146778 0.0074048063072230238 0.025093731915824587 -0.02658829930556109 0.048232945212624154 0.044577329187734424 -0.0075444690411574982 -0.010150624693154527 -0.02629730186130403
leaf_weight=28.427634172476246 84.491837500580004 206.97291380480237 218.42114501487231 42.017052953488019 368.47021947427857 435.4531936462954 74.155724429703696 120.16934112895615 43.244836988866155 25.292457969633688 176.54544466927837 75.533180860078573 40.319220107092406 69.983429406438518 47.310037133473088 220.31610747392551 15.420108896214513 152.70600188704702 43.124150945939618 53.627291369739396 138.03877744298006 127.13739824398363 156.80561773311274 65.613142741793126 28.005356878133171 628.07350245385896 28.537129743384867 111.39611477249855 1532.1788109585577 226.38135044318551
leaf_count=91 62 1042 54 271 955 1345 79 91 391 21 210 43 12 63 49 428 54 230 355 94 594 749 399 149 136 879 266 776 5146 858
internal_value=3.22248e-05 0.0211428 0.0283211 -0.00702668 0.0115416 -0.0100737 0.00127614 0.0163439 -0.00813727 -0.0186344 -0.0143 0.039013 0.0280404 0.0159738 -0.00151974 -0.0105598 -0.0111097 -0.0256929 0.0291876 -0.0139427 0.0172275 -0.0138807 -0.00813568 -0.0126284 0.00963217 0.0452474 0.00872168 0.000652223 -0.0137054 -0.0122293
internal_weight=5584.17 1399.32 1123.81 4184.85 589.923 3594.92 975.391 429.115 275.51 232.265 2619.53 905.392 408.789 192.827 117.293 546.276 2184.08 181.134 301.332 127.783 181.163 504.259 377.122 2028.72 93.6185 712.565 155.353 126.816 1935.11 1758.56
internal_count=15892 2604 1150 13288 1288 12000 3060 1213 1454 1063 8940 1096 967 155 112 1847 7595 321 1040 173 949 1576 827 6499 285 941 1096 830 6214 6004
is_linear=0
shrinkage=0.0363096


Tree=17
num_leaves=31
num_cat=0
split_feature=1 3 2 4 3 2 19 9 8 5 2 2 0 13 6 8 1 14 13 13 19 6 13 8 13 1 1 0 8 3
split_gain=573.423 382.551 352.824 175.536 169.927 137.693 163.864 161.44 155.622 147.882 120.888 112.509 93.626 89.0736 171.369 84.8854 75.9823 156.168 70.216 91.0962 98.2346 60.6934 78.2586 59.8541 54.7942 92.1667 49.6135 39.9022 35.8259 34.9328
threshold=-0.033948963508009904 59.554189682006843 -0.0068963072262704364 9.9448776245117205 40.641622543334968 -0.097070876508951173 -0.60785761475563038 0.10392975807189943 0.48968918621540075 35.34339904785157 0.10295812413096429 0.16851636022329333 35.500000000000007 -0.098761379718780504 2.0198191404342656 0.68469747900962841 -0.013462356291711329 -0.0056687083560973397 0.0049211108125746259 0.04649366810917855 -0.87837970256805409 0.84045222401618969 -0.049649052321910851 0.40514455735683447 0.07401741668581964 0.039027525112032897 0.072755336761474623 38.500000000000007 2.2469112873077397 32.036869049072273
decision_type=2 2 2 2 2 2 2 2 2 2 2 2 2 2 2 2 2 2 2 2 2 2 2 2 2 2 2 2 2 2
left_child=3 2 5 -1 10 -2 12 16 9 -9 18 15 21 -3 -15 -6 17 -8 -4 23 -21 29 -23 -20 28 -26 -13 -14 -17 -7
right_child=1 13 4 -5 11 6 7 8 -10 -11 -12 26 27 14 -16 24 -18 -19 19 20 -22 22 -24 -25 25 -27 -28 -29 -30 -31
leaf_value=0.059336419429042414 -0.025553993433495781 0.053006101974414591 -0.014803806471384439 -0.032586346396056114 0.052078878575697381 0.022011095873344468 0.051007388791862236 0.042124484702516132 -0.032919669028562845 -0.033251702494900601 -0.022341524893987382 0.043710913067504367 0.056300971157879673 0.046187039066679543 -0.026754533955175706 0.044782090791758197 -0.026353985528463523 -0.024262718435209937 0.013430559755344962 0.033538991289678702 -0.0037201921160353664 0.05309339146936707 -0.012214723596609548 0.040309858092353677 -0.023800403303532221 0.034827651888975283 -0.032827633134031094 -0.00013099124642146354 -0.006683908181054102 -0.018338702383028503
leaf_weight=28.458076931987307 513.1480878628663 234.7691831162083 135.14760997180929 727.84333139856972 217.58193783947718 37.081835166978635 55.765750719865537 175.09396228133301 76.254334823359386 42.678336074317485 177.83239263934774 14.340685221701277 87.756940364837646 114.62266887315491 67.451857823090904 126.6739639505322 569.91550655959327 104.32359779076614 243.38674497390821 116.34681753881523 470.76338461584601 61.290057269667159 39.959018563842619 198.1571203153344 69.777480339795147 71.650840962509392 50.415969490650241 20.344924840333988 20.749068341294333 119.25165696294243
leaf_count=438 765 89 959 2335 640 55 138 564 52 212 1050 195 49 81 177 320 1595 385 1113 304 1730 87 43 771 381 97 100 994 43 130
internal_value=-5.88281e-06 0.00519773 0.0015897 -0.0291273 0.0126021 -0.00948027 -0.00354502 -0.0109958 0.0117204 0.027352 0.00554062 0.0291882 0.0173191 0.0382245 0.0191643 0.0349507 -0.0201454 0.00195631 0.00980119 0.013034 0.00366323 0.0054165 0.0273178 0.0254938 0.0220481 0.00590113 -0.015876 0.0456794 0.0375377 -0.00876712
internal_weight=4988.83 4232.53 3815.69 756.301 1912.82 1902.86 1389.72 1024.03 294.027 217.772 1341.63 571.19 365.684 416.844 182.075 506.433 730.005 160.089 1163.8 1028.65 587.11 257.583 101.249 441.544 288.851 141.428 64.7567 108.102 147.423 156.333
internal_count=15892 13119 12772 2773 7703 5069 4304 2946 828 776 5927 1776 1358 347 258 1481 2118 523 4877 3918 2034 315 130 1884 841 478 295 1043 363 185
is_linear=0
shrinkage=0.0363096


Tree=18
num_leaves=31
num_cat=0
split_feature=19 6 0 19 8 13 7 9 0 0 13 0 14 1 9 7 13 8 3 20 14 1 1 11 0 12 12 2 11 1
split_gain=877.826 493.229 237.759 180.511 156.691 137.554 195.233 194.514 135.598 168.509 128.166 117.335 89.7553 80.8597 79.1 76.0906 88.8261 81.8894 69.712 65.9946 62.9673 61.2506 59.9514 56.0657 57.3953 51.675 48.7959 46.3348 56.7718 39.9973
threshold=-0.60785761475563038 0.06580574065446855 37.500000000000007 0.6078576147556306 -0.61238569021224964 -0.0024518003920093174 50.523616790771491 0.067245390266180052 41.000000000000007 55.500000000000007 -0.047862943261861794 37.500000000000007 0.013556432444602253 0.080713160336017623 0.033374749124050147 58.896022796630866 0.10766035690903665 -2.3561421632766719 45.510498046875007 1.0000000180025095e-35 0.01299221580848098 0.018910846672952179 -0.019998760893940922 0.0097803813405334967 59.500000000000007 0.12369922176003458 0.04636098816990853 -0.022259308025240895 0.0066795316524803647 -0.059569360688328736
decision_type=2 2 2 2 2 2 2 2 2 2 2 2 2 2 2 2 2 2 2 2 2 2 2 2 2 2 2 2 2 2
left_child=8 2 -2 14 -5 6 7 11 -1 -10 -6 -3 25 -7 21 17 -17 -16 -14 -13 -11 -4 -8 24 -12 29 -21 -24 -29 -9
right_child=1 5 3 4 10 13 22 12 9 20 23 19 18 -15 15 16 -18 -19 -20 26 -22 -23 27 -25 -26 -27 -28 28 -30 -31
leaf_value=-0.031233416965394438 0.049714235102529161 -0.033229226998592633 -0.034238774798689905 -0.030771762924936833 -0.032032990833077736 -0.017266391486439572 0.056182140195068994 0.035371039397815558 0.026369971687048428 -0.02487742315308452 -0.0089169179913654983 0.038242484780817272 0.046240423578907529 0.030096414678029721 -0.033771247075263106 -0.01035109526918937 0.060858067163956656 0.046182345917152458 -0.033026347299776777 -0.0094763702059295803 0.033053583718251699 0.036775442646725463 -0.034571463220875891 0.041367012077711478 0.045813149640690311 0.058824680474960769 0.071342220417526928 -0.026130359952231248 0.053276810409540347 -0.018627449557165672
leaf_weight=982.78261590699367 403.80827037263953 46.232303950828282 41.153001093831335 147.70847440143007 63.078368475449679 695.92066439630798 113.77894117433243 18.625895440285603 136.45940698422055 347.94122999526553 84.140759761445224 242.42648451777495 56.972468691399627 51.003864837504807 17.661782071627385 83.832423027080949 31.875080578163761 384.96376488038004 19.678410668066135 74.537942488525005 26.627761839134109 26.2105069652971 18.955184483707853 139.14411846176881 36.099285284373764 12.055043914915585 11.348617236595599 16.566442550163629 41.857971306139007 620.63016859363779
leaf_count=830 327 241 76 171 118 3979 133 398 1025 2519 54 741 172 205 12 149 117 777 130 425 296 47 47 460 109 10 4 39 170 2111
internal_value=-4.24473e-05 0.00990232 0.0260179 0.0169553 0.000198783 -0.00162541 0.00553774 -0.000335606 -0.0233449 -0.00817386 0.0143856 0.0209265 -0.0112754 -0.0140321 0.0304064 0.0352169 0.0092647 0.0426748 0.0258889 0.0285529 -0.0207588 -0.00660612 0.0394128 0.0256744 0.00751364 -0.0156493 0.00120144 0.0147537 0.0307587 -0.0170539
internal_weight=4994.08 3500.27 1459.68 1055.87 470.171 2040.59 1293.67 1102.51 1493.81 511.028 322.463 374.545 727.962 746.925 585.697 518.333 115.708 402.626 76.6509 328.313 374.569 67.3635 191.159 259.384 120.24 651.311 85.8866 77.3796 58.4244 639.256
internal_count=15892 11222 2417 2090 912 8805 4621 4232 4670 3840 741 1411 2821 4184 1178 1055 266 789 302 1170 2815 123 389 623 163 2519 429 256 209 2509
is_linear=0
shrinkage=0.0363096


Tree=19
num_leaves=31
num_cat=0
split_feature=21 2 3 6 11 7 7 10 3 2 2 6 12 3 12 13 7 2 7 7 13 9 12 13 10 10 13 12 5 10
split_gain=584.351 205.604 371.468 133.97 143.386 132.077 120.999 102.031 101.023 83.9244 121.067 59.8815 49.1295 121.72 85.932 49.4934 49.8062 48.3287 47.757 74.4138 95.2424 54.3514 50.5139 45.0589 44.8785 43.8164 60.069 42.1233 52.1571 49.7683
threshold=0.028850203379988674 -0.099049836397171007 59.554189682006843 0.06580574065446855 0.011722500436007978 49.023902893066413 57.478206634521491 0.013311285991221668 57.339855194091804 -0.05798718519508838 -0.032073630020022385 -0.66230919957160939 0.03647983260452748 60.516061782836921 0.083931539207696929 -0.018683128058910366 61.16139221191407 -0.15348783135414121 48.494791030883796 39.322845458984382 -0.026806754991412159 0.03241239860653878 -0.011690270621329544 -0.078486215323209749 0.015532886143773796 0.0037679021479561929 0.0049211108125746259 0.061608020216226585 15.003408432006838 0.0096742468886077421
decision_type=2 2 2 2 2 2 2 2 2 2 2 2 2 2 2 2 2 2 2 2 2 2 2 2 2 2 2 2 2 2
left_child=3 2 5 9 18 23 8 -6 -3 -1 11 -11 13 17 -14 -16 -17 -9 19 20 -5 22 -21 24 -2 26 -20 -27 29 -29
right_child=1 6 -4 4 7 -7 -8 12 -10 10 -12 -13 14 -15 15 16 -18 -19 25 21 -22 -23 -24 -25 -26 27 -28 28 -30 -31
leaf_value=-0.026175656650542639 0.019088820888177208 -0.028502586445490464 -0.015477296480614508 -0.021359233701885003 0.025736183939424399 -0.017824517190797317 0.048774026382379987 -0.037562507352022781 0.037718161971685635 0.044799400024520077 -0.013943036839278451 0.0019603947615790679 -0.029969860986827513 -0.036016064437170661 0.057218292150471979 -0.031336734497560401 0.02493133068360124 0.03611586846982253 -0.023592014921721589 0.020619552779895339 0.046794070018480599 0.02218917363904498 -0.02627251012914766 0.012679703539124927 0.046516132741967489 -0.019315705371265812 0.052563454471006736 -0.015406200698422415 -0.037662284612367002 0.019209078985299218
leaf_weight=549.91804656578097 88.708459333880455 195.04873544840302 216.4760897737433 243.84553732456698 357.74264457668687 53.5849172764174 42.047762259273441 12.852030844347608 35.972246180674119 69.121722297182714 1015.3096038921067 113.92982932959058 139.12960145562829 49.58232307434082 25.608391232715803 37.798309690631868 45.95415757482624 135.13880591684574 24.467689635181159 50.340328209404106 30.402959161907347 224.04223807505696 76.024177232637157 68.401421476428368 694.90386610708447 657.1261393794266 30.895222671246302 93.540187202757807 45.746366112802207 132.0761568041089
leaf_count=342 63 850 54 804 2581 28 595 39 9 30 2096 312 365 10 13 108 438 1158 38 227 115 1193 217 60 945 2251 117 377 105 352
internal_value=4.06142e-05 0.0203762 0.0272525 -0.00677835 -0.00123157 0.0374668 -0.007879 0.011291 -0.0181909 -0.0144318 -0.00904261 0.0181374 -0.000293829 0.0132199 -0.011039 0.013044 -0.000461675 0.0297166 -0.00748943 0.000362271 -0.0138034 0.0114494 -0.00759104 0.0409443 0.0434114 -0.0124746 0.0189045 -0.0143458 -0.0023104 0.00485714
internal_weight=5555.74 1395.14 1122.07 4160.59 2412.31 905.599 273.069 803.806 231.021 1748.28 1198.36 183.052 446.064 197.573 248.49 109.361 83.7525 147.991 1608.51 624.655 274.248 350.407 126.365 852.014 783.612 983.852 55.3629 928.489 271.363 225.616
internal_count=15892 2604 1150 13288 10508 1096 1454 4712 859 2780 2438 342 2131 1207 924 559 546 1197 5796 2556 919 1637 444 1068 1008 3240 155 3085 834 729
is_linear=0
shrinkage=0.0363096


Tree=20
num_leaves=31
num_cat=0
split_feature=1 3 2 21 12 12 2 10 12 19 0 3 1 20 13 12 1 1 21 3 10 1 5 19 3 0 20 21 0 0
split_gain=542.185 351.52 328.136 198.47 165.55 160.846 130.129 308.43 159.698 131.127 147.339 113.466 101.841 92.7201 97.5163 82.3039 118.2 106.865 80.5858 112.555 79.4887 79.4313 66.1132 60.0917 58.8824 44.9589 43.9224 39.3932 36.5266 35.8031
threshold=-0.033948963508009904 59.554189682006843 -0.0068963072262704364 0.015401861630380155 -0.18031287938356397 -0.058623092249035828 -0.097070876508951173 0.017478280700743202 0.090553019195795073 -0.60785761475563038 35.500000000000007 40.803525924682624 0.013995800167322161 1.0000000180025095e-35 0.013130701612681152 -0.13957203179597852 -0.013690369669348 0.014548588544130327 0.010428401175886394 29.386172294616703 0.0076150810346007356 0.019459475763142112 10.481878757476808 -0.60785761475563038 36.76861763000489 52.500000000000007 1.0000000180025095e-35 0.010559438727796079 38.500000000000007 27.500000000000004
decision_type=2 2 2 2 2 2 2 2 2 2 2 2 2 2 2 2 2 2 2 2 2 2 2 2 2 2 2 2 2 2
left_child=4 2 6 11 -1 -5 -2 9 26 10 -8 13 27 14 -4 -3 -17 -18 19 -15 -16 -14 -13 24 -7 -20 29 -11 -12 -9
right_child=1 15 3 5 -6 23 7 8 -10 12 28 22 21 18 20 16 17 -19 25 -21 -22 -23 -24 -25 -26 -27 -28 -29 -30 -31
leaf_value=0.056822720560474257 -0.025048065852407413 0.056199217216437433 -0.02575490350143279 0.047785119697917759 -0.032159206228160056 -0.014083080277647099 -0.010023844119779472 0.045688188823705796 -0.032966072825042325 -0.0041668587206516337 0.053308952954945886 0.018708942916090786 0.039641857956246938 0.044470410900358304 0.046844347295958495 -0.024229064890666393 0.04796482156978444 -0.024436517566313085 0.014918105424034595 -0.004860765632774159 0.016845268399270596 -0.013828641390430814 0.048487212087369662 -0.022253216401888997 0.039511807808981197 -0.030810004910328388 0.058590910058283908 -0.027439110881899632 -0.00048709621614325863 -0.023713719424536889
leaf_weight=28.678187197119769 502.86530236329781 167.93246507644653 50.915905781175752 61.693399869756831 709.94448762821776 64.082706424784192 181.12307632229385 22.60491917476611 37.291022107019671 113.98531556389025 89.318939089775085 174.16513195287553 64.340508718574711 92.758105870507279 175.00952874008362 54.004265003917681 167.25594025427381 32.020826329835472 36.706631413229843 177.95920861127524 348.06408355727399 85.032252109072942 225.69257766067312 341.47059000567606 46.734134328349683 124.40770923234231 146.00073171713484 604.54402958217361 20.444563520562951 17.297289988126067
leaf_count=65 765 31 312 332 2708 736 291 9 13 314 49 403 130 166 601 23 130 163 153 355 593 527 337 2778 406 531 160 1719 910 182
internal_value=-2.72832e-06 0.00501403 0.00152944 0.0120958 -0.0287042 -0.00721155 -0.00923203 -0.00347693 0.0356079 -0.0110051 0.0100925 0.0191556 -0.0180764 0.012651 0.0222131 0.0364875 0.0234176 0.0363304 -5.86301e-05 0.0120416 0.0268826 0.0092024 0.0355171 -0.0147135 0.0085182 -0.0203911 0.049364 -0.0237474 0.0432879 0.0156002
internal_weight=4964.34 4225.72 3804.51 1919.66 738.623 513.981 1884.85 1381.98 223.194 1158.79 290.887 1405.68 867.902 1005.82 573.99 421.213 253.281 199.277 431.832 270.717 523.074 149.373 399.858 452.287 110.817 161.114 185.903 718.529 109.764 39.9022
internal_count=15892 13119 12772 7703 2773 4252 5069 4304 364 3940 1250 3451 2690 2711 1506 347 316 293 1205 521 1194 657 740 3920 1142 684 351 2033 959 191
is_linear=0
shrinkage=0.0363096


Tree=21
num_leaves=31
num_cat=0
split_feature=0 1 5 0 7 20 8 0 10 4 1 1 3 1 3 9 1 20 11 3 8 5 11 7 9 1 3 9 0 7
split_gain=671.004 370.156 455.614 212.665 179.653 154.388 153.923 172.025 128.037 120.984 113.632 97.8862 86.1107 74.2688 145.344 72.2881 76.6011 65.4958 69.2431 62.0332 51.786 41.3706 42.6849 38.7107 37.5887 34.73 32.1455 31.0329 28.0613 22.5067
threshold=27.500000000000004 -0.027683638967573639 29.834628105163578 37.500000000000007 59.013555526733406 -0.56174489110708226 -0.5770306885242461 70.500000000000014 0.010966842994093897 6.4832763671875009 -0.0027741576777771111 0.078514065593481078 39.875404357910163 -0.048277683556079858 27.530241012573246 0.13980266451835635 -0.059569360688328736 1.0000000180025095e-35 0.010026757605373861 48.697883605957038 0.52960342168807995 22.752750396728519 0.016076784580945972 63.551038742065437 0.11447007581591608 0.03054792154580355 27.072913169860843 0.021859901025891307 37.500000000000007 74.200126647949233
decision_type=2 2 2 2 2 2 2 2 2 2 2 2 2 2 2 2 2 2 2 2 2 2 2 2 2 2 2 2 2 2
left_child=-1 2 13 -3 5 9 19 10 -4 -5 -8 12 17 14 -2 16 28 18 -6 27 -9 26 -23 -19 -13 -21 -11 -7 -16 -14
right_child=1 3 8 4 11 6 7 20 -10 21 -12 24 29 -15 15 -17 -18 23 -20 25 -22 22 -24 -25 -26 -27 -28 -29 -30 -31
leaf_value=-0.031200213736775288 0.053539960772609398 -0.028384908596732865 0.053230496168146277 -0.019055038926556359 -0.022135354869774537 0.022736052066854803 0.0072198614277416678 -0.023856849474249542 -0.027279663190330976 -0.030257473777102712 0.035804214741678789 0.051595031395997547 -0.025335380476355054 0.051424788390988845 0.058482387133123259 0.054551306332362492 -0.033549043117728751 0.0017238791451927935 0.017439449516989999 0.0015525653591747126 0.072078697827939561 0.043540235744913787 -0.017039110923839501 0.033921076495042987 0.0020468856769735705 0.054924459478216357 0.023376907121940065 -0.020901450186274241 -0.033172934957480145 0.0048184940119996569
leaf_weight=770.18387744607571 128.62001010801941 313.80321860601543 29.827428995480659 64.85064734147636 233.88958970272324 22.741259800495754 407.46633523567289 170.18489424222389 205.15896034949219 17.719041210957585 333.37632765218223 45.091072541134054 440.67790256644184 406.80950611479784 20.427697582799741 24.526598603086313 75.068659696918985 128.95980431673706 77.633176278015526 57.33099379783016 7.7555171049498304 309.33855287224833 16.131385866310666 79.637909626369947 36.555053958914868 22.338763887864843 87.362926959773176 388.341083792262 5.6123681350254619 35.237134763372524
leaf_count=1474 215 561 149 90 603 78 763 1111 291 206 1130 98 1427 1061 102 143 172 395 675 203 159 939 426 267 76 84 529 2031 193 241
internal_value=-4.97081e-05 0.00567281 0.0263663 4.77568e-05 0.00303921 0.00974186 0.00361363 0.0123829 -0.0170598 0.0271779 0.0200829 -0.00880846 -0.0119416 0.041803 0.0264076 -0.0013684 -0.0149344 -0.001729 -0.0122727 -0.0128039 -0.0196748 0.0341418 0.0405374 0.0140166 0.0294125 0.0165191 0.0143319 -0.0184871 0.0387237 -0.0231025
internal_weight=4962.66 4192.47 896.051 3296.42 2982.62 1904.94 1409.54 918.783 234.986 495.403 740.843 1077.68 996.036 661.065 254.255 125.635 101.109 520.12 311.523 490.752 177.94 430.552 325.47 208.598 81.6461 79.6698 105.082 411.082 26.0401 475.915
internal_count=15892 14418 2326 12092 11531 7749 5559 3163 440 2190 1893 3782 3608 1886 825 610 467 1940 1278 2396 1270 2100 1365 662 174 287 735 2109 295 1668
is_linear=0
shrinkage=0.0363096


Tree=22
num_leaves=31
num_cat=0
split_feature=21 2 3 0 2 7 16 7 2 3 6 3 11 6 16 6 13 12 13 10 10 21 10 0 21 11 21 13 13 13
split_gain=542.276 189.686 342.085 161.758 243.398 121.502 117.593 113.494 94.8331 94.7807 85.7833 84.7372 67.5998 53.6235 46.2007 45.7588 45.4323 44.5096 42.5196 42.8852 41.0568 41.722 66.7692 37.1261 31.532 40.6022 28.9152 28.4683 71.7904 27.986
threshold=0.028850203379988674 -0.099049836397171007 59.554189682006843 33.500000000000007 -0.09212911874055861 49.023902893066413 39.978223800659187 57.478206634521491 -0.049895007163286202 59.554189682006843 -0.05621273256838321 60.516061782836921 0.013915319927036764 -0.74394509196281422 26.393198966979984 1.9821184873580935 -0.026806754991412159 -0.063242048025131212 -0.078486215323209749 0.015532886143773796 0.015692562796175483 0.024659099057316784 0.013311285991221668 56.500000000000007 0.0063427991699427375 0.015072013717144729 0.027950330637395385 0.11003693565726282 0.073068622499704375 -0.091496229171752916
decision_type=2 2 2 2 2 2 2 2 2 2 2 2 2 2 2 2 2 2 2 2 2 2 2 2 2 2 2 2 2 2
left_child=3 2 5 4 14 18 10 9 -8 -3 13 -6 16 -5 -1 17 23 -10 19 -2 21 22 -14 29 -17 -26 -22 28 -19 -12
right_child=1 7 -4 6 11 -7 8 -9 15 -11 12 -13 20 -15 -16 24 -18 27 -20 -21 26 -23 -24 -25 25 -27 -28 -29 -30 -31
leaf_value=0.017855433100991761 0.018038805672163292 -0.026012195355365898 -0.014956189987168257 0.0098199235323785678 0.031846993317534295 -0.017292262586284583 -0.029214282959418181 0.047144206937684022 0.043869089017074335 0.048412237531832207 -0.030553962011156177 -0.024201027582251566 0.031858337651112102 -0.018657461708478207 -0.032770504417679487 0.057505020979749071 0.019970823975484879 -0.014439445890331167 0.011946186176193615 0.044824698202635016 -0.028534524974770908 0.050943828343024293 -0.030398548719447156 -0.03040834501800152 -0.0069273310960048544 0.041417754324984346 0.05049790157506337 -0.025558723450454679 0.0042982079672782263 0.011968187993204425
leaf_weight=28.329873603361193 88.919882854028401 202.72594361151641 214.39219201250307 121.06855925792479 370.51480247535437 52.977906123811408 423.45882020446516 42.116249899641844 18.696222740261874 25.383336544036865 26.586024882308266 39.336199700974248 102.73754710207868 311.36736779910279 147.41678369019064 15.623530798824502 91.670446430027368 1459.1664516194687 68.501247991163837 693.59685214208366 27.901167337509833 83.112133468173852 29.155022062313947 77.983311745221727 110.36358557648782 28.899421816033282 7.81115276427954 195.86988313420807 330.65287475891091 87.773685915832175
leaf_count=91 63 854 54 35 955 28 1345 595 199 5 127 12 448 358 230 54 756 4484 60 945 175 137 145 445 776 266 31 848 968 403
internal_value=4.99252e-05 0.0196824 0.0262789 -0.00654221 0.0111384 0.0360584 -0.00945887 -0.00761847 -0.0135029 -0.0177299 0.00134028 0.0264674 0.0110648 -0.0106844 -0.0246091 -0.0104217 -0.00106445 -0.011891 0.0393797 0.0417811 0.0248054 0.0307939 0.0180955 -0.0110904 0.00859257 0.00310433 -0.0112449 -0.0124161 -0.0109778 0.00208174
internal_weight=5524.11 1388.61 1118.39 4135.49 585.598 903.996 3549.9 270.226 2582.73 228.109 967.166 409.851 534.73 432.436 175.747 2159.27 284.013 2004.39 851.018 782.517 250.717 215.005 131.893 192.343 154.887 139.263 35.7123 1985.69 1789.82 114.36
internal_count=15892 2604 1150 13288 1288 1096 12000 1454 8940 859 3060 967 2667 393 321 7595 1731 6499 1068 1008 936 730 593 975 1096 1042 206 6300 5452 530
is_linear=0
shrinkage=0.0363096


Tree=23
num_leaves=31
num_cat=0
split_feature=3 2 0 11 10 14 12 12 9 5 11 3 12 0 11 7 12 0 9 2 12 3 2 17 10 3 17 7 0 12
split_gain=459.536 623.254 216.593 144.873 167.711 114.564 114.452 140.242 119.748 103.67 91.7551 77.8312 117.651 55.2929 59.8518 134.143 54.4588 52.2694 71.7944 44.1464 45.0449 41.9015 34.458 63.0568 33.0269 30.6421 33.6645 28.4233 27.7801 68.1593
threshold=59.554189682006843 -0.087146565318107591 70.500000000000014 0.0064394676592201003 0.024356077425181869 0.013265119865536691 0.0016218103701248767 0.11530443653464319 0.096575830131769194 31.127353668212894 0.011306359432637693 37.881135940551765 0.01542750094085932 24.500000000000004 0.0061355638317763814 32.835639953613288 -0.022848366759717461 71.500000000000014 0.033999666571617133 0.044074725359678275 0.07000852003693582 27.895052909851078 0.028172012418508533 -1.0000000180025095e-35 0.015267614740878345 40.051586151123054 -1.0000000180025095e-35 69.230587005615249 37.500000000000007 0.01924281939864159
decision_type=2 2 2 2 2 2 2 2 2 2 2 2 2 2 2 2 2 2 2 2 2 2 2 2 2 2 2 2 2 2
left_child=1 -1 3 16 6 13 8 9 24 -8 -10 12 17 -2 -15 -16 -3 22 -19 -13 27 -14 23 -4 -5 26 -6 -21 -18 -30
right_child=5 2 11 4 25 -7 7 -9 10 -11 -12 19 21 14 15 -17 28 18 -20 20 -22 -23 -24 -25 -26 -27 -28 -29 29 -31
leaf_value=-0.02679296731963551 0.053383868984227957 -0.022964091170523532 0.061743375256581343 -0.024361667627323579 -0.0326280625712317 -0.014694177926391818 0.0034165605661022704 -0.029227417182818561 0.039508358289071219 0.055793870309569907 -0.010089650820500068 -0.034116032529762648 0.042750069721679509 0.056557763771200489 0.048071236011654334 -0.025623491798344254 0.037656026929198838 0.053117792554416503 -0.023449621741196688 0.056718557250986498 -0.0059583814459288004 -0.024635290148459173 0.059882878766952745 -0.035964181845424187 0.018568373325411284 0.050638793445180574 0.04040737443319796 0.012169990254477129 7.2078940394063967e-05 0.034600152866738253
leaf_weight=1137.1152605251737 219.28130121361755 37.274319119140273 18.875533627997356 661.67857394841667 14.289992418120162 55.372956676932517 1126.0292451518981 173.54741045646188 78.703563259958173 52.127388070292 131.06215046527541 9.4434373524763924 13.95605563367644 60.340534001588821 68.08795740707501 62.412483967964363 119.32138531027704 26.494868864068849 41.329425663850998 166.08101889913996 19.777597130900176 94.782674297108315 79.600346556213481 16.164294855889239 24.497552007838749 84.35442164611959 19.914842767389928 21.311766813494614 154.13630892003312 147.5188334131999
leaf_count=2387 48 217 59 2402 49 97 3013 321 139 15 737 674 299 24 31 172 92 179 1147 357 650 1409 100 67 145 53 56 33 596 324
internal_value=-5.87572e-06 -0.00358173 0.00433892 0.000413697 -0.00320514 0.0343269 -0.00542532 0.00124524 -0.0154893 0.00573409 0.00851888 0.0261706 0.01391 0.0409458 0.0266535 0.0128255 0.0191 0.0317268 0.00645908 0.0426524 0.0461524 -0.0159856 0.0466748 0.0166666 -0.0228288 0.038884 0.00989156 0.0516528 0.0228248 0.0169578
internal_weight=4934.88 4469.39 3332.27 2824.46 2366.21 465.495 2247.65 1351.7 895.942 1178.16 209.766 507.817 291.203 410.122 190.841 130.5 458.251 182.464 67.8243 216.614 207.17 108.739 114.64 35.0398 686.176 118.559 34.2048 187.393 420.977 301.655
internal_count=15892 15520 13133 8159 6930 372 6772 3349 3423 3028 876 4974 3260 275 227 203 1229 1552 1326 1714 1040 1708 226 126 2547 158 105 390 1012 920
is_linear=0
shrinkage=0.0363096


Tree=24
num_leaves=31
num_cat=0
split_feature=19 5 5 1 9 20 0 0 0 0 1 9 19 0 1 21 8 1 14 12 9 4 1 21 10 14 4 19 18 10
split_gain=773.598 245.551 262.933 319.817 211.752 133.859 129.36 156.889 96.3225 119.365 104.75 102.923 93.3236 79.3213 60.3445 118.625 94.9879 57.7543 57.5407 52.2505 44.8348 42.2402 34.4683 34.3908 32.012 31.62 29.1762 28.8627 28.0161 26.0175
threshold=-0.60785761475563038 11.117677688598635 29.154194831848148 -0.027683638967573639 0.072120692580938353 1.0000000180025095e-35 41.000000000000007 55.500000000000007 33.500000000000007 47.500000000000007 0.083688337355852141 0.1639949977397919 0.6078576147556306 63.500000000000007 -0.048277683556079858 0.027950330637395385 0.98756650090217601 0.005007900996133686 0.01299221580848098 0.13447492569684985 0.10549084469676019 7.2999618053436288 0.012224946636706592 0.0070711949374526748 0.010402324143797161 0.014136401936411859 8.9173116683959979 -0.87837970256805409 0.68301269412040722 0.0070183095522224912
decision_type=2 2 2 2 2 2 2 2 2 2 2 2 2 2 2 2 2 2 2 2 2 2 2 2 2 2 2 2 2 2
left_child=6 19 3 14 5 21 -1 23 -5 11 13 12 -10 -11 15 20 -17 25 -9 -2 -3 -4 26 -8 27 -6 -19 -25 -22 -20
right_child=1 2 4 8 17 -7 7 18 9 10 -12 -13 -14 -15 -16 16 -18 22 29 -21 28 -23 -24 24 -26 -27 -28 -29 -30 -31
leaf_value=-0.03044653609157225 -0.0188957044464594 0.051868056743405895 -0.00024918231417707886 -0.032602600204860457 -0.028970470259784532 -0.015114649366310651 -0.02453647505268846 -0.024147519840094243 0.054606964159420471 -0.006656135532729728 0.045650180978589243 -0.0015328494966703645 0.019543172754578439 0.015564333050906289 0.0493092996552612 -0.03206949379308878 0.052371124037275577 -0.0066816041780034738 0.054249788269120858 0.037012374913975306 0.050392736707833251 0.047749685278284014 -0.011108600848874594 0.017983367601034965 -0.0032815550694678605 0.015405555663145576 0.050114320795441439 0.058593702829768564 -0.03910341992289619 -0.022943285072838191
leaf_weight=935.51974351005265 422.81108060725819 143.20481061033206 28.933243343764843 65.669036134828275 345.20974975005993 87.544269115031057 16.058977708507882 338.33436897952743 180.6677344396121 582.69172418311427 76.493585032540068 133.92905268785762 224.36468656875149 332.74856710778658 403.31653487463336 61.419448757882492 24.596419041139598 21.143589610033814 18.913522683160412 23.24905431404477 7.2746405123125468 146.73531167924739 116.10452181530127 39.32033097857493 26.52314684979865 22.548860927894566 27.338367937154544 55.874195496457105 12.594645106444657 8.2723432252096227
leaf_count=830 1428 378 41 274 1049 215 66 2519 252 1447 267 40 298 2738 727 334 53 43 14 345 114 301 702 294 399 43 81 266 52 282
internal_value=-5.67814e-05 0.00917816 0.0128644 0.0192108 -0.00507624 0.021564 -0.022461 -0.00761726 0.0104579 0.0123051 0.00483146 0.0260598 0.0351839 0.00142054 0.0406306 0.026578 -0.00792215 -0.0182485 -0.0200637 -0.0159815 0.0447763 0.0398435 -0.000370511 0.0254021 0.0319917 -0.0262493 0.0253427 0.0418208 -0.00633081 0.0307567
internal_weight=4929.41 3490.59 3044.53 2248.97 795.558 263.213 1438.82 503.297 1596.56 1530.9 991.934 538.961 405.032 915.44 652.406 249.09 86.0159 532.345 365.52 446.06 163.074 175.669 164.586 137.777 121.718 367.759 48.482 95.1945 19.8693 27.1859
internal_count=15892 11222 9449 6974 2475 557 4670 3840 5316 5042 4452 590 550 4185 1658 931 387 1918 2815 1773 544 342 826 1025 959 1092 124 560 166 296
is_linear=0
shrinkage=0.0363096


Tree=25
num_leaves=31
num_cat=0
split_feature=21 3 13 13 16 6 6 10 7 7 6 1 21 6 14 21 8 13 1 9 21 1 10 21 14 4 16 13 1 3
split_gain=502.699 158.226 312.393 159.367 119.86 106.264 102.372 96.5073 114.465 105.434 79.2491 74.8183 64.2882 62.4135 62.314 62.0165 58.2189 66.9104 54.7865 54.3531 50.3326 45.713 41.8105 39.7107 47.5847 54.7796 57.8262 50.3451 57.4021 41.1303
threshold=0.028850203379988674 59.554189682006843 -0.093680776655673967 -0.11564470082521437 22.178556442260746 0.06580574065446855 0.21259427815675738 0.00941304210573435 36.818176269531257 47.113674163818366 1.2428945899009707 0.01254737935960293 0.024291048757731918 -0.51862940192222584 0.025844213552773002 0.026992337778210643 -0.49600575864315027 -0.026806754991412159 -0.051355171948671334 0.11447007581591608 0.017785468138754371 0.018492284230887893 0.016041290014982227 0.011423863004893066 -0.0040202029049396506 19.096763610839847 38.752223968505866 -0.042840937152504914 0.022585985250771049 26.013810157775882
decision_type=2 2 2 2 2 2 2 2 2 2 2 2 2 2 2 2 2 2 2 2 2 2 2 2 2 2 2 2 2 2
left_child=4 2 22 -3 -1 20 13 16 -9 11 18 15 19 -4 -12 -10 17 -7 -8 -11 23 -13 -2 -6 25 26 -25 29 -29 -26
right_child=1 3 6 -5 5 7 10 8 9 12 14 21 -14 -15 -16 -17 -18 -19 -20 -21 -22 -23 -24 24 27 -27 -28 28 -30 -31
leaf_value=0.026779403331661511 0.019650083400474992 -0.035506116913718203 -0.034376200773098387 0.02411579167787652 -0.017707260537722258 -0.0084340251405901501 0.027341455961612443 -0.020564606298567833 0.040898958607593974 -0.0034396001763120085 0.048502136785744339 -0.036234565905907012 -0.027848011676064009 0.03523267087833979 -0.022310467803794885 -0.0037035675019264636 -0.015159260282830831 0.029544901137349752 -0.030468704217847423 0.021116871818086531 -0.022155074980706038 0.015447660535268793 0.043027331011721397 0.021161082016320686 -0.032655012165930475 0.039380909751824379 -0.028385221870653451 -0.022506881886099939 0.024850675645595347 0.02963129181667341
leaf_weight=139.38787557485557 121.23036794581276 127.8092786657071 19.815142308842042 109.95214919415594 428.62798586867939 184.48874855030954 24.415934575124993 197.78897962120391 245.96505077003167 339.29618871581624 42.142633053987083 35.284622171689989 91.406353025558928 118.71577719748166 26.80118765757652 49.33861685510783 808.457490355755 91.483130870234163 188.11187144569703 182.88027853139283 667.10784203098228 62.579185796363163 601.02072445730664 66.199445879516134 18.07456954027657 63.350492442878021 58.498773214763787 278.7039898968178 38.389524265196087 61.636853237476316
leaf_count=598 103 36 22 65 512 902 62 638 1172 1833 213 49 402 720 78 115 2881 550 372 911 990 545 933 85 63 128 152 428 202 132
internal_value=5.3454e-05 0.0190141 0.0246235 -0.00793365 -0.00631459 -0.00747668 -0.000276844 -0.00238619 0.00468785 0.00964914 -0.0128531 0.0243282 0.000243006 0.0252751 0.0209729 0.0334465 -0.0102439 0.00415538 -0.0238267 0.00516053 -0.0144099 -0.00318517 0.0391036 -0.00931162 -0.00315842 0.011886 -0.00208133 -0.0102884 -0.0167731 0.0155064
internal_weight=5488.96 1380.02 1142.25 237.761 4108.95 3969.56 420.003 2288.97 1204.54 1006.75 281.472 393.167 613.583 138.531 68.9438 295.304 1084.43 275.972 212.528 522.176 1680.59 97.8638 722.251 1013.48 584.854 188.049 124.698 396.805 317.094 79.7114
internal_count=15892 2604 2503 101 13288 12690 1467 9998 5665 5027 725 1881 3146 742 291 1287 4333 1452 434 2744 2692 594 1036 1702 1190 365 237 825 630 195
is_linear=0
shrinkage=0.0363096


Tree=26
num_leaves=31
num_cat=0
split_feature=3 2 2 21 13 3 9 12 9 14 3 2 3 2 2 16 19 8 3 13 12 7 19 6 8 12 21 8 4 2
split_gain=424.473 587.98 172.486 173.399 159.875 188.988 179.511 142.272 135.553 106.356 97.21 66.7174 59.4089 70.9521 85.7122 57.5863 54.8407 51.1444 49.6051 47.7443 45.9652 59.7212 40.469 53.0149 39.5656 36.1657 97.4454 34.6435 29.7076 28.872
threshold=59.554189682006843 -0.087146565318107591 -0.0068963072262704364 0.015401861630380155 -0.055725023150444024 32.182516098022468 0.13282137364149096 -0.058623092249035828 0.027372183278203014 0.013265119865536691 40.803525924682624 -0.049895007163286202 37.094064712524421 0.025373337790369991 0.044940475374460227 26.393198966979984 -0.60785761475563038 -0.4559700340032577 36.76861763000489 0.036473251879215247 -0.065584637224674211 38.230474472045906 -0.60785761475563038 0.50881481170654308 2.0600360631942753 -0.075519919395446763 0.016565282829105858 -1.6569463014602659 11.528228282928469 -0.08475241437554358
decision_type=2 2 2 2 2 2 2 2 2 2 2 2 2 2 2 2 2 2 2 2 2 2 2 2 2 2 2 2 2 2
left_child=1 -1 4 10 5 11 29 -5 17 15 12 28 13 19 -15 -2 18 -6 -9 -4 21 -10 23 -14 -12 -17 -27 -8 -3 -7
right_child=9 2 3 7 8 6 27 16 20 -11 24 -13 22 14 -16 25 -18 -19 -20 -21 -22 -23 -24 -25 -26 26 -28 -29 -30 -31
leaf_value=-0.026338355705600877 0.010140780524694686 0.0087554335072031579 0.0074012641271138562 0.044181820883078343 -0.016175970550880363 0.039879428097459833 0.00020977381738414373 -0.013297399599718719 -0.0217934779217955 -0.014512225814928803 0.036136129628449809 -0.0057222522946939261 0.055334681857394714 0.036548026149178424 0.0088186124699113112 0.0530011970765824 -0.021585955394542663 0.045545549165905787 0.035816179020569314 -0.033624712539021585 -0.024372359538714902 0.047624874373460746 -0.015469315903622886 -0.017872682989810099 -0.0046700118820169369 0.050528628826932535 -0.029345953148236896 0.041088059733397353 0.052470771668412047 -0.025741271646769058
leaf_weight=1111.216438729607 73.78613236001911 23.850243995035271 175.21087092732341 62.700617392330969 25.185232364921831 9.1559565964344056 39.193203261495 62.731514138074999 39.133614315642262 55.055918366342667 372.82362735957759 40.130639228753353 28.274261150945676 294.45728329276608 293.41815430480347 242.88094117204309 333.72249046364232 59.532748767289377 47.746730483690044 47.545895011611719 644.11031238857504 28.049129412504044 150.24354297608988 24.203925483427156 34.194650997640565 67.472484059457202 28.700690795409173 90.360925107106596 145.95424358737546 254.77181300656412
leaf_count=2387 28 94 846 333 123 53 81 811 219 97 652 176 26 627 759 62 3021 178 446 183 2031 214 316 95 102 59 126 165 362 1220
internal_value=-2.73075e-06 -0.00347073 0.0041677 0.0112129 -0.00553484 0.00856078 -0.00628158 -0.00701799 -0.0162202 0.0328904 0.0177193 0.0363804 0.011699 0.0160955 0.022708 0.0392122 -0.0142453 0.0271955 0.00792763 -0.00135497 -0.0213913 0.00718742 -0.00588097 0.021568 0.0327076 0.0455385 0.0266907 0.0287223 0.0463313 -0.0234644
internal_weight=4905.81 4437.92 3326.7 1927.27 1399.43 603.417 393.482 506.901 796.011 467.896 1420.37 209.935 1013.35 810.632 587.875 412.84 444.201 84.718 110.478 222.757 711.293 67.1827 202.722 52.4782 407.018 339.054 96.1732 129.554 169.804 263.928
internal_count=15892 15520 13133 8217 4916 2151 1519 4611 2765 372 3606 632 2852 2415 1386 275 4278 301 1257 1029 2464 433 437 121 754 247 185 246 456 1273
is_linear=0
shrinkage=0.0363096


Tree=27
num_leaves=31
num_cat=0
split_feature=0 13 5 9 21 9 0 20 13 2 9 0 7 13 3 3 18 16 0 11 21 3 18 0 13 16 10 0 5 10
split_gain=602.716 230.638 239.403 210.439 204.078 189.257 108.715 90.2856 89.9661 332.611 99.2579 87.9815 85.2047 75.5792 123.011 60.3049 58.9997 98.2877 48.3974 45.5818 56.0585 62.7444 44.6735 40.1179 33.4769 36.1665 31.2104 29.1293 28.4564 38.5815
threshold=27.500000000000004 0.0049211108125746259 29.154194831848148 0.044871807098388679 0.019601330161094669 0.069621510803699507 41.000000000000007 1.0000000180025095e-35 -0.049649052321910851 -0.087146565318107591 0.08861632272601129 49.500000000000007 46.700166702270515 0.04649366810917855 40.803525924682624 46.56340408325196 -0.25000000000000006 42.842084884643562 41.000000000000007 0.0051573782693594703 0.010315490886569025 28.830504417419437 0.25000000000000011 56.500000000000007 0.047584861516952522 72.510589599609389 0.013068706728518011 59.500000000000007 26.150760650634769 0.00941304210573435
decision_type=2 2 2 2 2 2 2 2 2 2 2 2 2 2 2 2 2 2 2 2 2 2 2 2 2 2 2 2 2 2
left_child=-1 2 3 6 13 7 -2 -4 9 10 -5 -8 -12 -3 19 24 17 -10 -7 -15 -21 -22 26 -16 -6 -26 -20 -13 -11 -30
right_child=1 4 5 8 15 18 11 -9 16 28 12 27 -14 14 23 -17 -18 -19 22 20 21 -23 -24 -25 25 -27 -28 -29 29 -31
leaf_value=-0.030467987074053501 -0.031767350588396935 -0.023295358736990991 0.037056945280008038 0.047723471937855526 -0.018179292483015551 -0.025252136905515039 0.031607375302363766 -0.012329242328794936 -0.031883679516697766 -0.028136095537034726 -0.004792187679441672 -0.025508078569815181 0.037513227241641502 0.038578993090159039 0.013979854309819323 -0.026075270649485057 0.044095702856627346 0.031450554230726679 0.0046367446576127506 -0.019594437811925641 0.032180114202213818 0.00032510903503057747 -0.01869724278410801 -0.024985527578688937 0.041589237443470345 -0.0096999843679166555 0.055625662780022324 0.020129275100096048 0.045426090575688464 -0.018411115712693261
leaf_weight=731.0553907509584 131.23148243673677 425.88531254915142 163.71421338415348 279.03036719235934 16.074679418019514 335.51934422704835 116.42456824180408 69.526366088230134 38.253822528815363 161.67501956779051 126.15304842094156 77.376659660236328 124.90303075247175 49.625861725693539 38.741415370644972 26.312016099933317 409.85824330296964 207.66803668003922 66.224282682585908 120.9685064506466 109.07271961395236 322.73663823319839 100.67212735906651 345.21910513397779 176.29449384609507 20.199054747105038 20.79920149722966 24.204422676119066 18.127787526520478 40.072812494872778
leaf_count=1474 230 1893 386 355 479 144 199 363 178 679 254 316 60 63 162 502 863 426 512 204 433 1310 658 792 1417 181 419 603 94 243
internal_value=-6.13358e-05 0.00527884 0.0122089 0.019569 -0.00526199 -0.00486635 -0.00565633 0.022335 0.0258359 0.0172461 0.0328197 0.0100611 0.0162548 -0.0105121 -0.00499251 0.0257759 0.0356592 0.0215983 -0.0169925 0.00524437 0.00225152 0.00837178 -0.00222713 -0.0210536 0.0321947 0.0363163 0.0168248 -0.0146326 -0.0202988 0.00147048
internal_weight=4893.62 4162.56 2511.43 1754.98 1651.13 756.456 349.237 233.241 1405.74 749.962 530.086 218.006 251.056 1412.25 986.364 238.88 655.78 245.922 523.215 602.404 552.778 431.809 187.696 383.961 212.568 196.494 87.0235 101.581 219.876 58.2006
internal_count=15892 14418 6982 4500 7436 2482 1348 749 3152 1685 669 1118 314 4857 2964 2579 1467 604 1733 2010 1947 1743 1589 954 2077 1598 931 919 1016 337
is_linear=0
shrinkage=0.0363096


Tree=28
num_leaves=31
num_cat=0
split_feature=21 2 3 0 2 7 7 3 5 20 10 3 0 12 3 13 10 3 12 2 13 7 13 12 21 9 9 9 12 7
split_gain=465.712 163.981 293.286 143.99 214.472 102.565 101.127 85.7557 75.1649 105.835 88.7766 73.5096 72.3582 80.1633 39.8455 37.7208 40.0745 33.0361 32.4128 27.8353 67.1641 49.5082 45.7077 28.7764 27.7817 25.8134 31.3862 24.1398 53.845 23.1498
threshold=0.028850203379988674 -0.099049836397171007 59.554189682006843 33.500000000000007 -0.09212911874055861 49.023902893066413 57.478206634521491 59.554189682006843 27.768135070800785 1.0000000180025095e-35 0.015450578182935716 60.516061782836921 49.500000000000007 0.10287121310830118 54.896585464477546 -0.078486215323209749 0.015532886143773796 37.538822174072273 -0.0094391228631138784 0.028172012418508533 0.032325999811291702 66.038513183593764 0.045274157077074058 0.013801033142954113 0.010070631280541422 0.073278225958347334 0.075343556702137007 0.097242619842290892 -0.12189617007970809 54.879686355590827
decision_type=2 2 2 2 2 2 2 2 2 2 2 2 2 2 2 2 2 2 2 2 2 2 2 2 2 2 2 2 2 2
left_child=3 2 5 4 27 15 7 -3 12 25 14 -6 -5 19 18 16 -2 -15 -11 20 21 -14 -22 29 -25 -10 -27 -1 -29 -21
right_child=1 6 -4 8 11 -7 -8 -9 9 10 -12 -13 13 17 -16 -17 -18 -19 -20 23 22 -23 -24 24 -26 26 -28 28 -30 -31
leaf_value=-0.032994495788941328 0.01600017600963315 -0.025092511500278934 -0.01407727638049667 -0.019898446196086054 0.029855105033713268 -0.016146948952947285 0.044393548377633957 0.045913877002883706 -0.021891202307710397 0.018816163093602366 -0.020367281425532163 -0.023072323421446508 -0.01004463167430889 -0.021964913226602711 -0.035042609515168403 0.010739937415898567 0.041888557571711248 0.026491000440541101 0.045461702527951335 -0.0097530259404991874 0.043497884805671301 0.061365568923601718 -0.020835825703751931 -0.020070686085497665 -0.0057073233164126273 0.071182413609608503 -0.0052923942705965224 -0.035344131941203227 0.037571306636924436 -0.030496801263506873
leaf_weight=115.56643497873665 89.085566983656463 197.46456328908062 210.07136290040944 911.52772209865543 371.06747072688086 51.498606474247936 42.00175189697984 25.295400619506836 189.70292585351854 190.00293833849719 73.689516515205469 38.150529778260534 451.20836929533107 21.983156109326956 14.224778530668116 68.179365891799534 685.90391270890541 118.69069544669401 88.112605439808249 116.26015213088613 60.616454262912157 13.172822392287342 19.159777734272211 239.83227918435659 683.65731220083399 7.5125757576097376 121.49195449718172 30.7164827262568 23.618172321333986 181.97822688718952
leaf_count=123 63 854 54 1661 955 28 595 5 609 912 73 12 2827 292 53 60 945 553 95 526 174 11 142 492 2331 26 882 37 161 341
internal_value=5.79618e-05 0.0183802 0.024531 -0.00608915 0.0106825 0.0335965 -0.00728438 -0.0170289 -0.00886203 0.00192817 0.0152486 0.0249205 -0.0114839 -0.00746079 0.0242266 0.0366349 0.0389128 0.018918 0.0272584 -0.00956224 -0.0027313 -0.00801871 0.0280455 -0.0126046 -0.00943765 -0.0133697 -0.000837904 -0.0236099 -0.00364718 -0.0224108
internal_weight=5451.44 1369.5 1104.74 4081.94 579.119 894.667 264.762 222.76 3502.82 684.737 366.03 409.218 2818.09 1906.56 292.34 843.169 774.989 140.674 278.116 1765.89 544.157 464.381 79.7762 1221.73 923.49 318.707 129.005 169.901 54.3347 298.238
internal_count=15892 2604 1150 13288 1288 1096 1454 859 12000 2650 1133 967 9350 7689 1060 1068 1008 845 1007 6844 3154 2838 316 3690 2823 1517 908 321 198 867
is_linear=0
shrinkage=0.0363096


Tree=29
num_leaves=31
num_cat=0
split_feature=1 3 21 7 1 19 12 10 12 7 7 6 11 12 1 19 7 3 12 6 16 1 21 1 3 7 1 10 10 11
split_gain=468.734 275.793 205.592 236.1 141.061 158.747 139.651 107.896 236.976 251.716 97.826 85.7279 96.6704 82.8937 75.9371 68.1464 97.1833 76.2562 66.2314 134.075 65.9314 47.3301 64.9936 34.8837 34.7754 34.0395 30.5581 48.2814 28.946 27.4539
threshold=-0.033948963508009904 59.554189682006843 0.016824341379106048 55.194356918334968 0.013467282988131048 -0.60785761475563038 -0.18031287938356397 0.017478280700743202 -0.1450075954198837 49.972137451171882 45.257602691650398 -0.034513363614678376 0.003677073167636991 0.003109368029981852 0.037691788747906692 0.87837970256805431 66.732345581054702 44.526678085327156 -0.13957203179597852 2.4681967496871953 47.60132026672364 -0.012967674061655996 0.010953434742987158 0.029452118091285232 55.794073104858406 51.628829956054695 -0.011399874463677405 0.025414409115910534 0.011448925826698543 0.0064394676592201003
decision_type=2 2 2 2 2 2 2 2 2 2 2 2 2 2 2 2 2 2 2 2 2 2 2 2 2 2 2 2 2 2
left_child=6 2 3 4 5 11 -1 -4 -9 26 20 25 -13 -11 15 16 17 -5 -3 28 23 22 -7 -6 -18 -2 -10 -28 -20 -12
right_child=1 18 7 14 10 21 -8 8 9 13 29 12 -14 -15 -16 -17 24 -19 19 -21 -22 -23 -24 -25 -26 -27 27 -29 -30 -31
leaf_value=0.049850157111568441 0.038781232515236602 0.049596056485589381 -0.020266599676424947 0.012719092367284295 0.056290770639803644 0.046228235252956475 -0.031162374715804467 -0.024548201670359291 0.053863304276192424 0.054191866276971944 0.019455060293350496 0.040266971158471915 -0.028660102980465799 -0.028242887276413314 0.038638357384820944 0.046017216789760083 -0.021072346098429527 0.046825134991742991 0.044497828793167403 -0.033777056611961551 -0.010478082919867533 -0.025753172437393432 -0.023764233310815123 0.014700606706682891 0.037500856645967917 0.0036296107660331932 -0.023399505765566007 0.040582432042300866 0.016856410198410124 -0.018705718472248389
leaf_weight=29.29541845186759 115.09456561938714 172.27103137969971 672.18368642937457 683.08736482856511 107.23377983394494 30.213707979895844 660.97278068798551 285.65638378923541 137.58786116015835 18.391152182091901 35.313554750398907 36.209818657385767 103.50650292892715 128.04572436226226 212.87190241636927 84.419136552520285 132.09664170457836 98.951884249850991 122.43193568253264 48.641028779135013 33.718211427589267 519.0320434147925 41.53446273078589 35.364443674548966 14.866032480327702 53.074827968979662 19.796496654946168 72.44023686600849 84.392785863314202 83.908558078062924
leaf_count=65 134 31 4202 1472 193 65 2708 268 128 140 138 50 556 979 463 304 422 162 72 158 176 1271 324 239 21 41 310 221 86 493
internal_value=-3.22408e-06 0.00457189 0.00142476 0.00773268 -0.0037587 -0.0109152 -0.027724 -0.0100198 0.000385746 0.0193158 0.0180021 0.010224 -0.0107957 -0.017889 0.0189235 0.0147822 0.0119437 0.0170347 0.0321966 0.0204629 0.0351802 -0.0219321 0.00570862 0.0459772 -0.0151466 0.0276879 0.043022 0.0268489 0.0332196 -0.00740155
internal_weight=4872.6 4182.34 3754.6 2420.5 1194.2 898.666 690.268 1334.1 661.918 376.261 295.539 307.886 139.716 146.437 1226.29 1013.42 929.002 782.039 427.737 255.466 176.316 590.78 71.7482 142.598 146.963 168.169 229.825 92.2367 206.825 119.222
internal_count=15892 13119 12772 6524 3680 2441 2773 6248 2046 1778 1239 781 606 1119 2844 2381 2077 1634 347 316 608 1660 389 432 443 175 659 531 158 631
is_linear=0
shrinkage=0.0363096


Tree=30
num_leaves=31
num_cat=0
split_feature=19 7 5 1 10 12 10 12 1 1 12 21 5 3 10 1 3 12 16 2 19 3 1 11 3 13 12 16 4 16
split_gain=685.032 234.458 287.931 201.659 141.982 117.846 111.516 103.13 87.3989 79.2457 79.3533 74.4632 63.9697 60.5455 58.5193 52.6843 110.019 79.7901 51.1709 47.6413 46.2726 45.3445 58.6864 43.5384 50.0031 36.7359 35.2133 34.1548 33.7233 32.3245
threshold=-0.60785761475563038 59.15979194641114 29.154194831848148 -0.027683638967573639 0.014312229584902527 0.10718687251210214 0.0094656115397810953 0.037199810147285468 0.078514065593481078 -0.019565170630812641 -0.047329653054475777 0.010559438727796079 18.927266120910648 39.875404357910163 0.0091282506473362463 -0.048277683556079858 27.530241012573246 0.01013745227828622 36.608444213867195 -0.034913238137960427 0.6078576147556306 40.051586151123054 0.0116308038122952 0.010168718639761211 31.888985633850101 -0.031511299312114709 0.13933603465557101 39.43249702453614 27.999500274658207 28.247499465942386
decision_type=2 2 2 2 2 2 2 2 2 2 2 2 2 2 2 2 2 2 2 2 2 2 2 2 2 2 2 2 2 2
left_child=6 2 3 15 18 9 7 -1 13 19 12 -12 -11 14 23 16 -2 -18 20 -5 21 22 -4 24 -3 -21 -15 -10 -26 -23
right_child=1 8 4 5 -6 -7 -8 -9 27 10 11 -13 -14 26 -16 -17 17 -19 -20 25 -22 29 -24 -25 28 -27 -28 -29 -30 -31
leaf_value=-0.013437529905445533 0.047670081164595028 -0.027173629495238705 0.041655134622888862 -0.033661360929248485 -0.022290896022623956 0.050892279094733629 -0.029230095291818213 0.04063480094239473 -0.0071606321240707512 0.058613534108951287 -0.0029549614698164217 0.022165235627644116 -0.022861643938336184 -0.027204811184468606 -0.019001999762041848 0.045825993002879178 -0.033322956054532171 0.026529949683788776 0.024050173555791782 0.063556998441476373 -0.028859857058928049 -0.029195271597859253 -0.015920363653860577 0.058003349102195352 -0.0082086719582988004 -0.021462439542899069 0.029327774372999729 0.043873471904639381 0.026235652789081979 0.014416302497559636
leaf_weight=434.18317780914003 129.77897764376212 52.504096380574993 73.039186687983602 82.278933835079442 342.54370911695332 98.344578919317428 899.17662480893523 52.079888144484357 25.390750527381897 14.272377343504557 201.11376265153012 686.9487924070836 115.61783754976022 300.50520573745052 179.17416313157446 405.01174979494863 53.927213245911844 64.468456804126617 176.12607419010783 13.729570784977115 61.337816717981696 54.924258687837209 34.297995487457229 21.333091074926415 59.132870123221437 13.084241856664447 15.261976031244556 54.161346605244034 102.29663541955233 37.841270423779861
leaf_count=1502 261 233 203 197 956 113 2868 300 18 17 639 2600 579 856 1046 621 431 183 528 18 277 185 194 78 111 95 294 118 239 132
internal_value=-7.18519e-05 0.00854914 0.0137591 0.0214592 -0.00478333 0.0127735 -0.0216546 -0.00764601 -0.00855652 0.00944717 0.0125991 0.0164763 -0.0139082 -0.0124939 -0.00336738 0.0377535 0.0245791 -0.000731094 0.00892201 -0.0199631 -0.00126905 0.00718787 0.0232567 0.00853915 0.00360608 0.0220663 -0.024472 0.0275835 0.0136177 -0.0114039
internal_weight=4853.89 3468.45 2658.69 1878.58 780.11 1225.39 1385.44 486.263 809.76 1127.05 1017.95 888.063 129.89 730.208 414.441 653.186 248.175 118.396 437.567 109.093 261.441 200.103 107.337 235.267 213.934 26.8138 315.767 79.5521 161.43 92.7655
internal_count=15892 11222 8229 5754 2475 4258 4670 1802 2993 4145 3835 3239 596 2857 1707 1496 875 614 1519 310 991 714 397 661 583 113 1150 136 350 317
is_linear=0
shrinkage=0.0363096


Tree=31
num_leaves=31
num_cat=0
split_feature=21 2 0 2 16 6 4 21 20 2 2 12 2 6 10 12 21 1 16 6 12 1 13 12 0 21 1 1 13 10
split_gain=432.503 151.478 134.362 200.268 102.808 100.158 105.428 144.972 98.2602 90.9398 87.4148 72.7135 70.7559 66.9825 54.8415 49.6791 107.809 46.9759 44.7996 39.566 40.2423 36.1383 88.6517 34.0065 37.2885 30.0363 34.9457 29.6023 37.2883 33.0762
threshold=0.028850203379988674 -0.099049836397171007 33.500000000000007 -0.09212911874055861 39.978223800659187 2.2222943305969243 10.180556297302248 0.048838546499609954 1.0000000180025095e-35 0.12165034189820291 -0.049895007163286202 0.1052200458943844 -0.088616136461496339 1.4421688914299013 0.016940117813646797 -0.077901393175125108 0.017636032775044445 -0.0035124707501381631 21.842226982116703 1.9821184873580935 -0.063242048025131212 0.0097913662903010863 0.073068622499704375 -0.065584637224674211 61.500000000000007 0.0063427991699427375 0.045509558171033866 0.018025006167590622 0.12182434275746347 0.0068988401908427486
decision_type=2 2 2 2 2 2 2 2 2 2 2 2 2 2 2 2 2 2 2 2 2 2 2 2 2 2 2 2 2 2
left_child=2 5 3 17 8 11 7 -7 18 13 -6 -2 -10 -3 27 16 -5 -1 -4 20 -12 22 -22 -20 -25 -21 -27 29 -29 -14
right_child=1 9 4 15 10 6 -8 -9 12 -11 19 -13 14 -15 -16 -17 -18 -19 23 25 21 -23 -24 24 -26 26 -28 28 -30 -31
leaf_value=-0.031354412216149513 0.0347105935015984 -0.026203245265175285 0.026933786462256162 -0.035847500402303535 -0.027842224492221932 -0.034725565223604621 0.039668829075837637 0.021024015896942885 0.041287783298918135 0.04114399034574695 0.041860123932742528 -0.0046455439542523493 -0.00054960646566761472 0.025371943106424589 -0.02426528105023984 0.030972289282668309 0.042249899607040793 0.022066453175832359 -0.030484428063706513 0.055792755146771643 -0.012027144660439974 -0.018142077910113661 0.013670128290815344 -0.00067394936709738891 -0.027374887640764838 -0.0089300452770777351 0.03108983918983179 -0.010947933749115405 0.04717539555758242 0.035099636549282491
leaf_weight=141.16795555265708 684.31589784732205 177.38834559529096 42.401332039007684 49.608315270852472 405.34437560529295 115.6733740645941 96.502362922667089 131.29503889911211 100.16173724018881 43.137591003793204 18.926978136081743 68.040639617378474 50.600178665230487 40.840372017304617 62.23724877668792 314.96936012180231 43.94860188907478 25.641430258750916 103.14925824512829 15.747325558681039 1061.7700998004111 673.58566806234739 212.39519132860732 291.60901106247184 90.313312922065961 97.566066985891666 40.793104488999234 87.502641804989253 17.454046917526284 106.5610276012485
leaf_count=308 849 929 271 58 1345 116 82 71 205 391 199 32 163 134 62 830 79 13 475 54 2628 2894 778 536 565 902 140 341 28 414
internal_value=6.87756e-05 0.01781 -0.00587138 0.0103824 -0.00856006 0.0237342 0.00748729 -0.00508714 0.00160877 -0.00702793 -0.0123923 0.0311512 0.014612 -0.0165507 0.00637404 0.0240714 0.000837768 -0.023142 -0.00885615 -0.00943931 -0.0108276 -0.0113397 -0.00774348 -0.0119849 -0.00698824 0.00827729 0.00286843 0.0136495 -0.00128102 0.0236212
internal_weight=5410.65 1357.19 4053.45 575.336 3478.12 1095.83 343.471 246.968 951.99 261.366 2526.13 752.357 424.517 218.229 324.355 408.526 93.5569 166.809 527.473 2120.78 1966.68 1947.75 1274.17 485.072 381.922 154.106 138.359 262.118 104.957 157.161
internal_count=15892 2604 13288 1288 12000 1150 269 187 3060 1454 8940 881 1213 1063 1008 967 137 321 1847 7595 6499 6300 3406 1576 1101 1096 1042 946 369 577
is_linear=0
shrinkage=0.0363096


Tree=32
num_leaves=31
num_cat=0
split_feature=1 3 2 11 4 4 2 21 11 19 12 3 3 2 20 2 20 8 12 11 20 3 21 0 8 1 8 8 3 19
split_gain=445.336 254.255 245.338 151.885 135.655 132.705 102.281 157.084 95.9401 86.5382 96.7393 83.1413 77.6258 93.9087 81.2194 75.1146 116.212 62.8099 61.8404 111.907 50.7072 37.415 59.7617 34.1545 31.9678 29.4858 29.149 25.1819 22.3392 20.4948
threshold=-0.033948963508009904 59.554189682006843 -0.0068963072262704364 0.009976847097277643 14.264537811279299 9.9448776245117205 -0.097070876508951173 0.026436892338097099 0.003852494759485126 -0.60785761475563038 0.014697560109198095 40.803525924682624 37.094064712524421 0.012519837822765114 1.0000000180025095e-35 -0.058774111792445176 -0.56174489110708226 0.59027016162872326 -0.13957203179597852 0.014924037270247938 -0.56174489110708226 45.510498046875007 0.015208249446004631 70.500000000000014 2.0600360631942753 -0.01321598421782255 1.5669723153114321 -1.0590682029724119 46.783485412597663 -0.60785761475563038
decision_type=2 2 2 2 2 2 2 2 2 2 2 2 2 2 2 2 2 2 2 2 2 2 2 2 2 2 2 2 2 2
left_child=5 2 6 11 -5 -1 -2 8 -8 10 -6 12 13 23 -15 16 -10 20 -3 -20 -9 26 -23 -4 -13 -17 -11 -21 -12 -14
right_child=1 18 3 4 9 -7 7 17 15 21 28 24 29 14 -16 25 -18 -19 19 27 -22 22 -24 -25 -26 -27 -28 -29 -30 -31
leaf_value=0.047914422318572382 -0.023030593537437354 0.047687891838454573 -0.021060069829093829 0.043638870562724981 0.037947678765509314 -0.030858663687428033 0.042177133516644608 -0.018107967636358937 -0.028541561386599652 -0.025582305859533912 -0.021366390763306296 0.03622421647567288 0.013521309876014152 0.036662613337608105 0.0092546740536715057 -0.0018617059449240485 0.01758361837574611 -0.016797500913888597 0.037651527887914413 0.019571373242055833 0.044707111020542263 0.045411654503771035 -0.017537424538187876 0.047543215341133177 -0.002299701476613744 -0.020211341791020136 0.010128558555222678 -0.023595951603695552 0.026776764738594392 -0.015272121848271116
leaf_weight=29.485780997629263 459.6122535023751 172.89315128326416 93.085152801812001 73.866283222578204 95.551319462980246 643.56065692706397 47.660213652372477 19.312963711445263 103.05021824948017 325.79115723832365 80.269504444762788 326.72106108159642 42.157208519689448 297.78099255196321 273.46042302349451 141.92149467837226 239.10416209857067 34.989289906494378 163.21747283922377 24.093820333480835 137.91032508413628 30.318288563259557 57.766389593003623 10.662545346731347 31.095880038748874 619.34459364363465 33.201208108219362 68.35935852797229 15.094744237712801 143.57861717679953
leaf_count=438 765 31 368 425 278 2335 100 87 357 2219 641 567 115 843 725 511 877 37 151 8 293 40 373 170 85 2042 366 157 210 278
internal_value=-4.8083e-06 0.00442665 0.00138592 0.0103813 -0.00294385 -0.0274075 -0.00824556 -0.00318673 -0.00826069 -0.00833735 0.0121262 0.0181659 0.0120505 0.0177705 0.0235423 -0.0104394 0.00369128 0.0271985 0.0309148 0.0195718 0.0369903 -0.0170762 0.00412811 -0.0140083 0.032876 -0.0167906 -0.0222793 -0.0123451 -0.0137448 -0.00873615
internal_weight=4834.92 4161.87 3733.31 1930.4 711.859 673.046 1802.91 1343.29 1151.08 637.993 190.916 1218.54 860.725 674.989 571.241 1103.42 342.154 192.213 428.564 255.671 157.223 447.077 88.0847 103.748 357.817 761.266 358.992 92.4532 95.3642 185.736
internal_count=15892 13119 12772 7703 4552 2773 5069 4304 3887 4127 1129 3151 2499 2106 1568 3787 1234 417 347 316 380 2998 413 538 652 2553 2585 165 851 393
is_linear=0
shrinkage=0.0363096


Tree=33
num_leaves=31
num_cat=0
split_feature=19 6 21 10 13 16 21 5 20 12 11 9 16 6 11 16 10 9 21 13 13 8 11 8 14 19 9 19 6 8
split_gain=643.076 347.437 111.74 109.658 108.783 200.007 112.114 105.957 119.9 97.7854 91.2528 88.2216 75.7703 53.2994 51.2728 49.447 49.3726 48.893 41.9777 38.8051 163.07 37.5852 34.7091 76.7793 32.1009 26.6886 26.5122 24.6278 23.9234 23.466
threshold=-0.60785761475563038 0.06580574065446855 0.010660779662430288 0.0094656115397810953 -0.0024518003920093174 45.484216690063484 0.035019053146243102 29.96417331695557 -0.56174489110708226 0.037199810147285468 0.0051573782693594703 0.05775019712746144 78.398670196533217 1.299238443374634 0.013164143543690445 32.792608261108406 0.0093109407462179678 0.17443011701107028 0.0057146488688886174 0.0049211108125746259 0.04649366810917855 1.1163814663887026 0.017111144028604034 0.083791818469762816 0.011592331808060409 -1.0000000180025095e-35 0.11718335375189783 -0.87837970256805409 -0.2538455575704574 -1.3744640946388242
decision_type=2 2 2 2 2 2 2 2 2 2 2 2 2 2 2 2 2 2 2 2 2 2 2 2 2 2 2 2 2 2
left_child=3 2 10 9 5 11 17 12 -9 24 -2 13 19 -3 -6 -16 -14 18 -7 22 -21 -12 -4 -24 -1 -20 -17 -11 -22 -13
right_child=1 4 7 -5 14 6 -8 8 -10 27 21 29 16 -15 15 26 -18 -19 25 20 28 -23 23 -25 -26 -27 -28 -29 -30 -31
leaf_value=-0.015922557811112684 0.036630568916533414 0.032530766020663612 0.039127289663214111 -0.028886520535899081 -0.017113320189620574 -0.03222404221240522 -0.023964482345230603 0.029719699531850767 -0.031182546694817903 0.017039451439357492 -0.032008093394917426 -0.0048264178921900601 0.025062228414110804 -0.009331389368071737 -0.025878597311266183 0.044448157599374788 -0.02904970663902795 -0.0013578080967155428 -0.0049565805573427548 -0.028792924311922471 0.04357702788228221 0.011958407689062919 -0.034985932882740628 0.047264293799109097 0.02130712621255957 0.03227037938798865 0.0016152947247790642 0.066993366743822599 0.017729911772840549 -0.023472548704404295
leaf_weight=396.37401256530211 50.715926861746993 85.466121168561585 672.38164240403057 876.9768115029874 606.69893261458492 14.633933074073864 72.247190166068322 83.867793176792475 86.650239280370442 29.113560642917946 98.718553878621606 122.05112579757224 43.429466389836307 75.53179389883735 35.651221846248518 43.738850704015931 45.5401476426523 85.577166160823253 26.883335125570738 66.644627634270364 158.08362536150707 34.620478372196885 27.106748785035961 33.396584158175756 33.079591732046538 455.31421208388201 33.764389210138688 23.537481363118786 67.339041142704446 328.58469055683963
leaf_count=1454 68 283 664 2868 2710 26 215 60 95 184 118 1033 39 303 114 554 75 66 167 344 193 45 105 102 48 1243 806 116 509 1285
internal_value=-8.06004e-05 0.00824341 0.0216349 -0.0212394 -0.00165778 0.00474913 0.0186973 0.0254263 -0.00122766 -0.00732863 -0.00482358 -0.01018 0.0295066 0.0128906 -0.0129283 0.00950956 -0.00263435 0.0239897 0.0283559 0.0322967 0.0211042 -0.0205917 0.0367569 0.0104126 -0.0130546 0.0301947 0.0257895 0.0393735 0.0358564 -0.0184226
internal_weight=4813.72 3454.64 1468.49 1359.08 1986.14 1266.29 654.656 1284.44 170.518 482.105 184.055 611.634 1113.92 160.998 719.853 113.154 88.9696 582.409 496.831 1024.95 292.067 133.339 732.885 60.5033 429.454 482.198 77.5032 52.651 225.423 450.636
internal_count=15892 11222 2417 4670 8805 4621 1717 2186 155 1802 231 2904 2031 586 4184 1474 114 1502 1436 1917 1046 163 871 207 1502 1410 1360 300 702 2318
is_linear=0
shrinkage=0.0363096


Tree=34
num_leaves=31
num_cat=0
split_feature=5 2 0 2 6 16 2 13 11 20 4 11 16 7 2 1 13 6 2 4 13 6 14 6 6 16 9 5 14 0
split_gain=392.604 167.908 164.58 148.003 128.564 113.266 103.488 103.442 103.522 91.7475 77.4446 73.9262 72.714 68.0672 63.3652 60.2774 50.0096 48.837 47.9529 56.4342 39.2551 34.7412 34.3831 33.6156 33.5096 31.464 28.672 51.1802 55.6457 38.3459
threshold=28.914968490600589 -0.083225015550851808 33.500000000000007 -0.08475241437554358 2.0662636756896977 39.978223800659187 -0.049895007163286202 -0.097556699067354188 0.020442691631615165 1.0000000180025095e-35 6.6875145435333261 0.01398708298802376 22.178556442260746 37.007436752319343 -0.032073630020022385 0.049111852422356612 -0.12310793250799178 1.4254629015922549 -0.052754504606127732 17.571805953979496 0.12182434275746347 -0.05621273256838321 0.025844213552773002 -0.74394509196281422 2.3977725505828862 28.247499465942386 0.1639949977397919 21.006424903869632 0.0073146608192473659 42.500000000000007
decision_type=2 2 2 2 2 2 2 2 2 2 2 2 2 2 2 2 2 2 2 2 2 2 2 2 2 2 2 2 2 2
left_child=2 4 3 -1 11 9 22 8 13 21 16 -2 15 -6 -11 -3 -10 18 -14 23 -16 -4 -7 -20 26 -19 29 28 -28 -8
right_child=1 12 5 -5 7 6 24 -9 10 14 -12 -13 17 -15 20 -17 -18 25 19 -21 -22 -23 -24 -25 -26 -27 27 -29 -30 -31
leaf_value=-0.026995766919741333 -0.0191520286985115 0.04372697063332575 -0.017201300597658467 0.026934915276069987 -0.031418395683747942 -0.030343813424711194 -0.02883781350229981 0.048940936881783838 -0.029559420702303562 0.037891544335645927 0.034474496370136928 0.033621207049502597 -0.031679265986485669 0.02575457554946059 -0.010848144623557905 -0.0082913108074724844 0.02230016397888835 0.044503588417825715 0.046369811999345922 0.045135174216190573 0.045925216775610969 0.0052630095470719458 0.023948744565097924 -0.015481294824383247 0.011661519500166572 0.0013301985556297695 0.046577878344735986 -0.034646392059282952 -0.0089099515796170186 -0.010155800545509653
leaf_weight=85.792083172156708 36.82279906551048 74.019206814304198 201.13746535536484 307.68665080291248 145.67107107165066 452.86774672019601 158.36655929379049 66.268773987518216 58.583294690215553 137.74606819787732 131.15186998201534 704.21324760078642 140.16707665591821 33.826819923913718 82.582485787512269 48.680552885009092 42.15446562375655 28.658355760275299 12.405709743499754 26.599144885334681 19.931572577977931 165.38349733645191 15.916356921392433 174.87681628592873 93.234250183224503 99.623513544811431 48.425414562178048 30.672520011823508 46.903186315343191 1698.0013121994634
leaf_count=389 217 305 215 813 199 1237 205 129 86 234 123 714 250 33 418 55 22 147 2 87 116 830 43 630 711 597 237 82 402 6364
internal_value=7.80793e-05 0.0137675 -0.00696511 0.0151759 0.0215303 -0.00972984 -0.0130915 0.00684087 5.88414e-05 0.0043665 0.0160842 0.0309987 -0.00186868 -0.0206434 0.0218052 0.0230881 -0.00785728 -0.00821765 -0.0151724 -0.00435414 0.000189149 -0.00706453 -0.0285002 -0.0113836 -0.00961138 0.0109761 -0.0106119 0.0061486 0.0192758 -0.0117496
internal_weight=5368.37 1823.72 3544.65 393.479 1218.69 3151.17 2544.39 477.656 411.388 606.781 231.89 741.036 605.03 179.498 240.26 122.7 100.738 482.331 354.049 213.882 102.514 366.521 468.784 187.283 2075.6 128.282 1982.37 126.001 95.3286 1856.37
internal_count=15892 3596 12296 1202 1523 11094 9281 592 463 1813 231 931 2073 232 768 360 108 1713 969 719 534 1045 1280 632 8001 744 7290 721 639 6569
is_linear=0
shrinkage=0.0363096


Tree=35
num_leaves=31
num_cat=0
split_feature=1 3 0 11 12 12 1 1 16 11 9 16 14 20 1 12 6 14 12 9 0 5 10 1 1 1 10 12 12 11
split_gain=422.002 236.137 205.498 144.43 124.968 100.44 261.345 116.903 93.5147 88.0576 87.3652 88.3128 78.0634 76.6094 73.2964 57.4203 120.61 44.0099 42.41 41.7738 66.5992 42.9646 41.0339 32.3197 72.6976 40.2847 26.9683 29.5913 26.1874 83.6392
threshold=-0.033948963508009904 59.554189682006843 70.500000000000014 0.0064394676592201003 -0.18031287938356397 0.01985949277877808 0.013467282988131048 0.072755336761474623 63.181842803955085 0.008517007343471052 0.089993569999933257 23.226891517639164 -0.0034115231828764077 1.0000000180025095e-35 0.0014894566847942772 -0.13957203179597852 2.4681967496871953 0.032608754932880409 -0.022848366759717461 0.039954923093318946 71.500000000000014 12.557447433471681 0.008212553337216379 0.030079720541834835 1.0000000180025095e-35 0.022585985250771049 0.0084791374392807501 0.014697560109198095 -0.068836610764265047 0.0061355638317763814
decision_type=2 2 2 2 2 2 2 2 2 2 2 2 2 2 2 2 2 2 2 2 2 2 2 2 2 2 2 2 2 2
left_child=4 2 3 18 -1 6 17 12 19 -10 -8 -12 14 -14 -7 -3 28 -5 -2 -4 -21 -22 -11 24 -20 -26 -24 -28 -17 -30
right_child=1 15 8 5 -6 7 10 -9 9 22 11 -13 13 -15 -16 16 -18 -19 23 20 21 -23 26 -25 25 -27 27 -29 29 -31
leaf_value=0.046253669605751224 -0.02162032360631394 0.045953713803538902 0.046929034424787325 -0.023084936820446007 -0.030523521076129888 0.040373913989150703 -0.0098932191546284489 -0.029427455181582012 -0.023266965243061433 0.044823544514272007 -0.004895117833039574 0.035331656226052541 0.011408095921198831 -0.010580812028383258 -0.0057615402304975532 0.044188574919050462 -0.03334174084694936 0.022965247566258326 0.027961399227531818 0.048073968146090468 0.041928368882871485 -0.022369521892355634 -0.033365018494364775 0.050791829091716902 -0.019239692989067525 0.023263981507136187 0.059142001108097565 -0.0036278368350566234 0.044135379090189976 -0.021348561815004639
leaf_weight=29.255576378442129 35.253537797105309 173.04578161239624 176.63592876081748 1008.0933934798577 625.53914369026825 148.35116634680162 183.59987370654198 133.30420266716101 89.627923505779108 62.104698787738016 109.48478785183943 209.85191172360464 473.16539889255364 373.99946260452452 65.415037959568508 99.899114632629789 47.493523040680884 28.121677341778195 254.41230767372144 58.568537528395609 18.916328590697958 49.692779159515339 18.711925737294223 40.224362044420559 88.878990043418526 43.927869410908897 15.42089489061618 27.655971158517787 65.378992080688477 42.383190828431907
leaf_count=65 212 31 511 2803 2708 190 926 104 396 88 128 387 993 703 206 25 158 21 426 281 568 2179 32 152 324 102 204 836 24 109
internal_value=-6.47546e-06 0.00427591 0.00133176 -0.0021047 -0.027093 -0.00528043 -0.0114114 0.00262117 0.0225623 0.00414729 0.0100646 0.0215395 0.00664814 0.00170048 0.0262554 0.0298077 0.0188571 -0.0218351 0.0166557 0.0355041 0.0196352 -0.00464013 0.0239804 0.0198128 0.0165944 -0.0051801 0.00302882 0.0188404 0.0307959 0.0183793
internal_weight=4796.41 4141.62 3713.42 3196.08 654.795 2733.39 1539.15 1194.24 517.335 213.521 502.937 319.337 1060.93 847.165 213.766 428.201 255.155 1036.22 462.697 303.814 127.178 68.6091 123.893 427.444 387.219 132.807 61.7888 43.0769 207.661 107.762
internal_count=15892 13119 12772 7677 2773 6461 4265 2196 5095 1556 1441 515 2092 1696 396 347 316 2824 1216 3539 3028 2747 1160 1004 852 426 1072 1040 158 133
is_linear=0
shrinkage=0.0363096


Tree=36
num_leaves=31
num_cat=0
split_feature=19 6 0 19 16 0 0 2 16 2 9 16 1 9 0 12 9 16 16 1 16 0 16 7 16 18 3 1 1 12
split_gain=604.806 324.001 146.354 128.792 124.64 119.836 142.18 89.7714 178.452 95.2937 83.3147 66.1467 58.2731 79.6008 57.9633 133.094 56.4568 61.3044 58.5741 56.1602 51.4213 50.8744 47.9328 46.4318 43.3509 40.6935 38.8184 36.9612 41.9647 36.5204
threshold=-0.60785761475563038 0.06580574065446855 37.500000000000007 0.6078576147556306 42.428260803222663 41.000000000000007 55.500000000000007 0.002213635249063373 45.484216690063484 -0.13946971297264096 0.05775019712746144 72.510589599609389 -0.033155694603919976 0.12816289067268374 59.500000000000007 0.062766283750534071 0.033374749124050147 62.882600784301765 78.398670196533217 0.080713160336017623 32.792608261108406 63.500000000000007 71.622268676757827 55.820053100585945 22.178556442260746 0.68301269412040722 42.625802993774421 0.023126970976591114 -0.059569360688328736 0.13933603465557101
decision_type=2 2 2 2 2 2 2 2 2 2 2 2 2 2 2 2 2 2 2 2 2 2 2 2 2 2 2 2 2 2
left_child=5 2 -2 16 25 -1 -7 8 10 -10 21 12 -11 -14 15 -6 17 -4 24 26 -21 -3 -8 -13 -18 -5 -9 28 -12 -28
right_child=1 7 3 4 14 6 22 19 9 11 27 23 13 -15 -16 -17 18 -19 -20 20 -22 -23 -24 -25 -26 -27 29 -29 -30 -31
leaf_value=-0.02912546507457936 0.039344846738371658 -0.001742850071118225 -0.032624966379557648 -0.027054108635858325 -0.022143147411364347 0.024594879812827524 -0.024014268726241298 -0.0076558608684707315 -0.030656988391225253 0.045417925237311224 0.030576432514888126 -0.017359900138125998 0.02483789184454319 -0.03395706876520533 0.044322352976224756 0.047174363782392426 -0.013646246734776477 0.040397645293625391 0.0014908645572368137 -0.032262109376655121 0.046796663566314248 0.041724961842373676 0.01629132121484541 0.030997967575395777 0.036866911657621286 0.011059930829900342 -0.029007608047486338 0.010011531859907585 -0.024695278776988756 0.028239626423677042
leaf_weight=845.1066482949409 408.76243326391705 109.83852838193343 42.723640241281828 185.34954034762814 91.717377159719035 138.57634353467074 304.77680665289699 400.83671022057024 50.154034516397587 159.96362945824876 19.037490349270229 84.462603388552452 283.54428008678588 33.996967049819432 75.730094857945005 60.678284277550119 23.658341375219607 23.490396484266967 86.40034056766126 15.217253283015451 37.750375101430109 52.445615156890199 44.587302379881294 37.933312083781857 419.764269571353 46.116672255759113 247.39773100903767 54.159397917033857 371.0337023072334 15.616991120868986
leaf_count=830 327 419 89 171 118 1025 2704 3046 167 414 340 134 801 122 536 25 70 34 76 33 221 182 111 81 909 62 649 497 1470 229
internal_value=-9.21842e-05 0.00795817 0.0208982 0.0137551 -0.000687782 -0.0208532 -0.00652561 -0.00164414 0.00420498 0.0174221 -0.00996079 0.0214419 0.0275462 0.0185427 0.0183587 0.0054558 0.0248919 -0.00671739 0.0288424 -0.0118977 0.0240814 0.0123041 -0.01887 -0.00237174 0.0341716 -0.0194599 -0.0147686 -0.0180947 -0.0219974 -0.025608
internal_weight=4770.83 3437.78 1464.39 1055.63 459.592 1333.05 487.94 1973.39 1256.57 650.055 606.515 599.901 477.505 317.541 228.126 152.396 596.037 66.214 529.823 716.819 52.9676 162.284 349.364 122.396 443.423 231.466 663.851 444.231 390.071 263.015
internal_count=15892 11222 2417 2090 912 4670 3840 8805 4627 1719 2908 1552 1337 923 679 143 1178 123 1055 4178 254 601 2815 215 979 233 3924 2307 1810 878
is_linear=0
shrinkage=0.0363096


Tree=37
num_leaves=31
num_cat=0
split_feature=21 2 6 11 7 6 4 21 7 10 2 2 1 21 6 6 1 12 13 9 21 1 2 7 12 6 12 13 7 2
split_gain=372.317 133.105 93.8159 102.297 85.5176 85.0414 92.1075 128.606 81.6893 69.4389 67.7416 99.2878 61.3358 78.0247 59.7376 50.1572 50.0865 39.2937 83.4187 50.6864 33.9428 69.2589 40.055 33.923 33.8448 75.9947 73.2014 42.8508 38.135 36.201
threshold=0.028850203379988674 -0.099049836397171007 0.06580574065446855 0.011722500436007978 57.478206634521491 2.2222943305969243 10.180556297302248 0.048838546499609954 49.023902893066413 0.013311285991221668 -0.05798718519508838 -0.033725373446941369 0.0085283680818974989 0.016978178173303608 1.4421688914299013 -0.66230919957160939 -0.017318869009613987 -0.019786894321441647 -0.052951408550143235 0.090654689818620696 0.035019053146243102 -0.047311121597886079 -0.13373971730470655 39.322845458984382 0.03647983260452748 2.1708174943923955 0.083931539207696929 -0.018683128058910366 61.16139221191407 -0.15348783135414121
decision_type=2 2 2 2 2 2 2 2 2 2 2 2 2 2 2 2 2 2 2 2 2 2 2 2 2 2 2 2 2 2
left_child=2 5 10 16 14 8 7 -7 20 12 -1 15 -5 -14 -3 -12 -4 18 23 -20 21 -2 -23 -18 25 29 -26 -28 -29 -11
right_child=1 4 3 9 -6 6 -8 -9 -10 24 11 -13 13 -15 -16 -17 17 -19 19 -21 -22 22 -24 -25 26 -27 27 28 -30 -31
leaf_value=-0.023232861059329864 0.040729750982392489 -0.025292915513924537 0.025141682494647495 0.039488183809548105 0.041014329198095556 -0.03362677641442078 0.037444374919834558 0.01968884365306214 -0.015507286286439478 -0.036176175544939862 0.049913405178937095 -0.011380651062183045 -0.033162692574134151 0.020693150278696015 0.023663885802266475 0.0055136069105526896 -0.023042067687856892 -0.011066013656971001 0.023072248503447988 -0.032366894883565367 0.03956367935755007 -0.019225045015210333 0.019817639944643101 0.023387609103450967 -0.02752174880977196 -0.033258218105055672 0.053924913047030759 -0.028758032594509882 0.021653889654112687 0.028540478202488211
leaf_weight=500.04257563980536 151.00025334898965 173.8708065726878 64.580893751013718 149.22616708948408 41.307591599961597 110.39769965926826 94.821250588429393 129.75184192006782 50.236200480594562 12.418359913568564 49.9729737756752 1002.3870059199162 45.299293045889499 163.35956202037414 40.51465994175669 102.05290412702743 149.40332734696131 1094.5524936992588 198.18915511040177 24.419443878075981 387.51766120464163 53.67233693064918 97.706029099277657 24.08949472535096 129.39039296978808 39.72146693913237 25.73090556473835 34.527420515576523 46.327817876586778 138.13576461447519
leaf_count=342 254 722 1115 1505 595 116 82 71 28 34 26 2127 183 893 137 285 323 3347 798 69 428 66 105 144 365 127 13 108 438 1046
internal_value=9.04399e-05 0.0167235 -0.0054519 -0.000771876 -0.00682274 0.0223237 0.00714352 -0.0048201 0.0291938 0.00992123 -0.0120693 -0.00723362 0.0217133 0.00900063 -0.0160405 0.0201092 -0.00616333 -0.00751966 0.00227974 0.0169902 0.0324489 0.0233305 0.00597401 -0.0165946 2.02732e-05 0.0114146 -0.00916683 0.0131141 0.000125199 0.0232016
internal_weight=5324.62 1330.8 3993.83 2339.37 255.693 1075.1 334.971 240.15 740.132 784.137 1654.46 1154.41 357.885 208.659 214.385 152.026 1555.23 1490.65 396.101 222.609 689.896 302.379 151.378 173.493 426.252 190.276 235.977 106.586 80.8552 150.554
internal_count=15892 2604 13288 10508 1454 1150 269 187 881 4712 2780 2438 2581 1076 859 311 5796 4681 1334 867 853 425 171 467 2131 1207 924 559 546 1080
is_linear=0
shrinkage=0.0363096


Tree=38
num_leaves=31
num_cat=0
split_feature=1 3 2 11 4 4 2 2 12 11 6 3 3 2 12 1 2 1 13 11 1 3 0 2 5 4 13 1 19 18
split_gain=401.62 220.074 211.84 134.164 121.032 118.254 91.883 113.638 107.595 99.6299 82.7743 73.7631 72.7467 85.1926 71.4989 70.9777 60.2085 55.557 55.1362 136.908 52.5731 49.6231 48.1505 45.3461 41.3312 36.1604 36.0515 34.0391 32.898 46.7542
threshold=-0.033948963508009904 59.554189682006843 -0.0068963072262704364 0.009976847097277643 14.264537811279299 9.9448776245117205 -0.097070876508951173 -0.058774111792445176 -0.0067563343327492467 0.003852494759485126 -0.12958523631095883 40.803525924682624 37.094064712524421 0.012519837822765114 0.021480552852153782 0.013467282988131048 0.04594723507761956 0.055912099778652198 -0.098761379718780504 0.010884018614888193 0.019459475763142112 33.323249816894538 24.500000000000004 0.05608979985117913 10.481878757476808 20.544087409973148 0.022875348106026653 0.072755336761474623 -0.87837970256805409 1.0000000180025095e-35
decision_type=2 2 2 2 2 2 2 2 2 2 2 2 2 2 2 2 2 2 2 2 2 2 2 2 2 2 2 2 2 2
left_child=5 2 6 11 -5 -1 -2 8 15 -9 28 12 13 26 23 22 -15 -11 -3 -20 -17 -10 -8 -12 -13 -23 -4 -16 29 -6
right_child=1 18 3 4 10 -7 7 9 21 17 14 24 -14 16 27 20 -18 -19 19 -21 -22 25 -24 -25 -26 -27 -28 -29 -30 -31
leaf_value=0.044456779334571719 -0.022171631806342389 0.040099293712798106 -0.020915475458095814 0.040693894655716933 0.04091916633694298 -0.030249092583257222 0.049763600925855835 0.039775972924056706 0.041814334972422769 -0.016624250585641678 -0.0021075620231039605 0.01703814009364274 -0.0090121095253750359 0.031794122651440312 0.0002327341618777209 0.045182970651713887 0.0079153141417699722 0.0223625471131546 0.038494190939148645 -0.026311712473295688 -0.012225439650181049 -0.016841918552262365 -0.025492590465201543 0.048691058881383309 0.041758487239285269 0.030207191851538299 0.05166176702725022 -0.029364526792906531 -0.030456415222455464 -0.035262097762875602
leaf_weight=29.277662287340718 440.4146242632105 244.54868333612103 92.684645414381521 74.617939572526666 22.274085443386866 608.55531025714299 12.121756423397526 47.976651357603259 145.51204715215499 744.58942636197935 37.605925364745417 161.83588334089654 185.93888493340273 341.13344930753738 214.70072055773562 49.939898069651463 235.21417853885941 51.520870690308584 112.34227481902781 69.604318602992862 36.325756392030598 42.418247928135315 148.65963658575856 60.324039002129211 198.643128180247 43.74461450329909 9.9955764751030056 67.280494111120788 206.74471907582847 20.300470413465519
leaf_count=438 765 89 457 425 58 2335 81 100 106 2563 491 348 393 970 2472 55 598 201 61 197 211 78 897 320 304 12 81 270 467 49
internal_value=-8.756e-06 0.00414293 0.00129053 0.00960472 -0.00302934 -0.0268198 -0.00780668 -0.00302394 0.0111074 -0.0110386 -0.00821449 0.0168613 0.0111102 0.0166205 0.00245369 -0.00556184 0.0220491 -0.014101 0.0288382 0.0137018 0.0210075 0.0288831 -0.0198181 0.0291829 0.0306607 0.00704348 -0.0138491 -0.00682877 -0.024471 0.00459166
internal_weight=4756.85 4119.01 3692.52 1929.29 703.848 637.833 1763.22 1322.81 478.722 844.087 629.23 1225.45 864.967 679.028 379.911 247.047 576.348 796.11 426.495 181.947 86.2657 231.675 160.781 97.93 360.479 86.1629 102.68 281.981 249.319 42.5746
internal_count=15892 13119 12772 7703 4552 2773 5069 4304 1440 2864 4127 3151 2499 2106 3553 1244 1568 2764 347 258 266 196 978 811 652 90 538 2742 574 107
is_linear=0
shrinkage=0.0363096


Tree=39
num_leaves=31
num_cat=0
split_feature=0 6 9 0 7 2 16 5 0 21 21 21 0 12 13 13 2 16 9 5 21 6 3 6 13 0 16 3 0 16
split_gain=489.898 194.895 231.707 85.3139 116.953 144.696 86.5441 80.28 75.6213 77.0527 71.0046 71.0187 69.6636 69.4933 62.8225 136.822 58.5633 97.0468 58.3272 53.0252 46.2162 37.2688 35.5703 43.1833 35.0975 32.2049 28.9845 28.4138 26.7339 22.0543
threshold=27.500000000000004 0.06580574065446855 0.050042951479554183 33.500000000000007 58.753953933715827 -0.13946971297264096 41.266605377197273 29.96417331695557 61.500000000000007 0.0076997429132461557 0.014383611734956505 0.0075411933939903983 63.500000000000007 -0.0037615553010255094 0.0049211108125746259 0.04649366810917855 -0.030861222185194489 72.510589599609389 0.076961956918239607 14.330281734466555 0.028850203379988674 -0.12958523631095883 33.407627105712898 0.88421815633773815 0.094613805413246169 70.500000000000014 70.339294433593764 31.418855667114261 39.500000000000007 30.776043891906742
decision_type=2 2 2 2 2 2 2 2 2 2 2 2 2 2 2 2 2 2 2 2 2 2 2 2 2 2 2 2 2 2
left_child=-1 2 10 -3 5 20 12 14 9 -6 11 -2 28 18 29 -16 17 -8 -9 -18 -5 27 -11 -24 -23 -12 -13 -17 -7 -4
right_child=1 3 7 4 8 6 16 13 -10 22 25 26 -14 -15 15 21 19 -19 -20 -21 -22 24 23 -25 -26 -27 -28 -29 -30 -31
leaf_value=-0.029226481246257197 0.017679743882028049 -0.028563159124903061 0.011601793922644139 0.029163065376855375 -0.029381308705802467 -0.031026276991631463 0.031003486888090299 0.044813182156809586 -0.020193107401630914 -0.012242854760372453 0.026961047128567683 -0.025518590560424062 0.028897585605842643 -0.030047979243006128 -0.026689251563801124 0.043056701167847863 0.040969458232885857 -0.014233463955435515 -0.01315940778905942 -0.0026251449346409001 -0.030416630488296171 -0.031698224668194039 0.041034789976874438 0.0048947621346212122 0.032678205422600012 -0.015416321706578582 0.007557270922842598 0.0065621431986291568 -0.0054053174862636385 0.033313389495889113
leaf_weight=655.62563137690267 75.528093064374843 152.71228615868677 67.629882124365395 19.190711912588085 74.554085939669676 69.871225117432914 446.15053016996899 50.668777504870377 497.37405501007925 55.711784917968544 99.256030361926605 282.7838384375882 69.867805763933575 66.472354424578953 86.527710752670828 132.3965797016881 43.496374444068351 72.708678716346185 41.716188323416645 238.3386456381977 162.45555651178074 24.144946393644204 78.779245790005007 97.601898499558956 20.768739354218269 31.031481377032833 39.845581749272242 35.72322097777942 231.95560783174551 703.2153620569934
leaf_count=1474 107 468 50 97 156 95 1387 25 2590 284 214 517 1347 37 430 292 346 87 90 1979 338 184 118 445 455 97 48 38 1334 763
internal_value=-9.89911e-05 0.00459481 0.0137067 -0.00233623 -0.000480254 0.00603318 0.0107053 0.0223504 -0.0114495 0.00273196 -0.00639976 -0.0140135 -0.0037736 -0.00173546 0.025925 0.0118138 0.0174268 0.0246641 0.0186346 0.00410256 -0.0241215 0.0274531 0.0130481 0.0210371 -0.00192712 0.0168669 -0.0214333 0.0353028 -0.0113368 0.0314087
internal_weight=4724.1 4068.48 1757.71 2310.77 2158.06 1354.04 1172.39 1229.26 804.021 306.647 528.445 398.158 371.695 158.857 1070.41 299.561 800.694 518.859 92.385 281.835 181.646 213.033 232.093 176.381 44.9137 130.288 322.629 168.12 301.827 770.845
internal_count=15892 14418 3347 11071 10603 7010 6575 2364 3593 1003 983 672 2776 152 2212 1399 3799 1474 115 2325 435 969 847 563 639 311 565 330 1429 813
is_linear=0
shrinkage=0.0363096


Tree=40
num_leaves=31
num_cat=0
split_feature=11 13 3 3 10 7 7 12 7 3 10 0 13 13 10 14 16 3 9 12 16 13 2 8 1 0 14 2 1 11
split_gain=336.835 116.455 196.469 79.4608 109.238 130.039 126.104 86.3551 70.3264 50.6014 50.1849 58.4343 48.6246 61.5934 48.2916 58.5408 53.0639 47.5235 42.9271 49.0997 42.6428 36.0327 35.1346 34.6661 34.3385 32.6115 29.4449 28.9523 29.038 27.6329
threshold=0.017488496378064159 -0.074309129267930971 59.554189682006843 32.605829238891609 0.00941304210573435 37.728319168090827 45.851980209350593 -0.022848366759717461 49.023902893066413 58.745613098144538 0.018798117525875572 33.500000000000007 -0.060129610821604722 -0.049649052321910851 0.013311285991221668 0.016562773846089843 69.158531188964858 32.528917312622077 0.10392975807189943 -0.062042621895670884 27.845715522766117 -0.026806754991412159 -0.11434316635131835 2.4826495647430424 0.016064825467765335 41.000000000000007 -0.01652660500258207 -0.054779987782239907 -0.0035124707501381631 0.011115829460322859
decision_type=2 2 2 2 2 2 2 2 2 2 2 2 2 2 2 2 2 2 2 2 2 2 2 2 2 2 2 2 2 2
left_child=3 2 8 12 7 20 -7 21 22 10 11 -8 27 29 24 16 -16 -17 19 -15 26 25 -2 -9 -3 -5 -6 -1 -29 -14
right_child=1 14 -4 4 5 6 9 23 -10 -11 -12 -13 13 18 15 17 -18 -19 -20 -21 -22 -23 -24 -25 -26 -27 -28 28 -30 -31
leaf_value=-0.024365786249929709 0.037162552870107723 -0.015372966777736731 -0.011958710390381478 0.046698218315734751 -0.019189275855775394 0.028549595937692299 0.033201293011390381 -0.01552217992171858 -0.033711835003299211 0.038599011934519652 -0.027837792571609492 -0.00051195355929967536 0.030367537880899683 0.047505458462453326 -0.022723066560941956 -0.02287635338309495 0.054662901835099038 0.03837375402041239 -0.030046783153441566 -0.0089390765554648016 -0.024318808767833426 0.035457232848252647 -0.01020961204138925 0.030985012140035149 0.039412371915888811 -0.0050766129041271832 0.031205018374544213 -0.034393367807635342 0.035817790049066794 -0.00040437306794206021
leaf_weight=389.36590341121155 618.73714098350683 20.421502150677043 154.79275423828767 18.537284363934305 26.542234155178448 378.53662765689296 77.421842007963278 845.06918264981505 19.908186681514053 48.68750272223042 74.562995592703373 544.28239334617683 73.01464489654245 20.774871026515029 184.3763941942434 24.2220561803897 12.471302379757615 53.771905104062171 128.75682626360685 922.05823772528129 209.90592931287028 60.863758205392514 21.349485759725212 21.67053186747944 57.672797459446883 118.99076044890171 36.03834813231515 12.097144440143891 21.686210509727971 81.31168661533593
leaf_count=616 1022 79 45 197 131 1066 90 2045 28 111 82 1734 168 82 1177 187 179 354 609 3715 477 208 376 69 87 567 124 33 132 102
internal_value=0.00010125 0.0173104 0.0248571 -0.00478795 -0.00065532 0.00602662 0.0114843 -0.00941288 0.0334919 0.00281275 0.000310176 0.00368624 -0.0109555 -0.0072923 -0.000111498 -0.00727123 -0.0178196 0.0193503 -0.010381 -0.00769522 -0.0164757 0.0121964 0.0355823 -0.0143593 0.0250847 0.00190132 0.00982956 -0.0215681 0.0106732 0.0141537
internal_weight=5277.9 1167.72 814.788 4110.17 2461.11 1395.98 1123.49 1065.13 659.995 744.955 696.267 621.704 1649.07 1225.92 352.936 274.842 196.848 77.994 1071.59 942.833 272.487 198.392 640.087 866.74 78.0943 137.528 62.5806 423.149 33.7834 154.326
internal_count=15892 3534 1471 12358 6901 3815 3083 3086 1426 2017 1906 1824 5457 4676 2063 1897 1356 541 4406 3797 732 972 1398 2114 166 764 255 781 165 270
is_linear=0
shrinkage=0.0363096


Tree=41
num_leaves=31
num_cat=0
split_feature=1 3 2 11 4 4 2 10 12 19 0 1 0 3 3 2 20 1 10 13 10 17 21 10 13 20 3 12 1 0
split_gain=381.063 205.456 197.168 124.653 113.408 111.691 86.6908 210.514 109.461 92.1272 101.709 80.4438 72.2675 68.4966 69.0048 79.7331 72.0248 57.2801 54.2886 51.4229 129.264 45.8272 35.5405 34.3583 33.9943 31.1995 30.4253 29.3957 38.7059 25.1254
threshold=-0.033948963508009904 59.554189682006843 -0.0068963072262704364 0.009976847097277643 14.264537811279299 9.9448776245117205 -0.097070876508951173 0.017478280700743202 0.090553019195795073 -0.60785761475563038 35.500000000000007 0.013995800167322161 70.500000000000014 40.803525924682624 37.094064712524421 0.012519837822765114 1.0000000180025095e-35 0.019459475763142112 0.02767822984606028 -0.098761379718780504 0.010180457495152952 -1.0000000180025095e-35 0.010559438727796079 0.0037679021479561929 0.022875348106026653 1.0000000180025095e-35 45.510498046875007 0.01542750094085932 -0.0024127544602379199 27.500000000000004
decision_type=2 2 2 2 2 2 2 2 2 2 2 2 2 2 2 2 2 2 2 2 2 2 2 2 2 2 2 2 2 2
left_child=5 2 6 13 -5 -1 -2 9 25 10 21 22 18 14 15 24 -17 -13 26 -3 -21 -8 -11 -15 -4 29 -6 28 -14 -9
right_child=1 19 3 4 12 -7 7 8 -10 11 -12 17 27 23 -16 16 -18 -19 -20 20 -22 -23 -24 -25 -26 -27 -28 -29 -30 -31
leaf_value=0.042961672253650059 -0.021747261618421016 0.038782005714196141 -0.020565863939946277 0.039223950548753876 -0.021840323023158331 -0.029962243820405604 0.0060090321211999477 0.03527545004222684 -0.031610397033404382 -0.0025155523943173092 0.035005759858622816 0.033294182427083166 -0.035244187434424666 -0.0097737740483203866 -0.0089556786893038257 0.033450551146263899 0.0078173018918791196 -0.012161844270402891 0.02756409203244984 0.03735504381406772 -0.025860353311538659 -0.031919447152936521 -0.02522413110758371 0.032669367119825543 0.049829618008651273 0.047124365173941737 0.001583550278780488 -0.0014396069866370422 0.047370947720247754 -0.02280861263575925
leaf_weight=29.049870349388584 430.83003287015526 244.04661334387492 91.739312360721669 74.83734837166412 379.96188564006843 590.83598087762766 104.09567550216343 23.715347841553012 33.47244853223674 109.1632704005915 112.31383972882577 66.357704339692646 8.7411199221914995 27.185588985681534 185.68578211015301 302.92996323620537 276.3826203372646 81.352608122804668 38.402476834700792 111.73365706283039 68.96682279387278 70.399603360445326 542.34242335104136 334.41471411478415 10.032115193411299 151.28626604788769 90.51401534517754 54.15670246963964 51.618955567528246 16.752855531150999
leaf_count=438 765 89 457 425 1375 2335 137 9 13 314 959 130 29 36 393 843 725 527 44 59 199 154 1719 616 81 160 192 1964 523 182
internal_value=-1.41371e-05 0.00400346 0.00123555 0.00923986 -0.00301013 -0.0265446 -0.00761652 -0.00297357 0.0289732 -0.00959901 0.00805424 -0.0159342 -0.00808044 0.0162031 0.0106649 0.0160143 0.0212215 0.00825818 -0.0139452 0.0279106 0.0132274 -0.00929248 -0.0214194 0.0294781 -0.0136254 0.0395492 -0.0173336 0.0179797 0.035405 0.0112273
internal_weight=4713.32 4093.43 3668.68 1926.6 698.233 619.886 1742.08 1311.25 225.227 1086.03 286.809 799.216 623.395 1228.37 866.77 681.084 579.313 147.71 508.878 424.747 180.7 174.495 651.506 361.6 101.771 191.754 470.476 114.517 60.3601 40.4682
internal_count=15892 13119 12772 7703 4552 2773 5069 4304 364 3940 1250 2690 4127 3151 2499 2106 1568 657 1611 347 258 291 2033 652 538 351 1567 2516 552 191
is_linear=0
shrinkage=0.0363096


Tree=42
num_leaves=31
num_cat=0
split_feature=19 7 12 20 4 16 0 0 1 0 16 16 1 14 10 0 3 20 8 11 14 1 13 2 19 7 12 19 11 2
split_gain=536.482 184.079 142.973 263.131 152.392 132.148 115.762 132.054 78.7623 92.3908 78.7997 69.6557 65.9017 62.6059 62.5739 54.6267 54.3348 52.8359 50.728 48.5062 48.2956 44.6711 42.0138 37.6865 36.4562 46.8425 32.982 29.3174 27.3582 34.0014
threshold=-0.60785761475563038 59.013555526733406 0.092687945812940611 1.0000000180025095e-35 9.0331292152404803 45.075138092041023 41.000000000000007 55.500000000000007 -0.027683638967573639 63.500000000000007 46.512252807617195 34.137243270874031 0.078514065593481078 -0.0040202029049396506 0.016041290014982227 38.500000000000007 39.875404357910163 1.0000000180025095e-35 0.98756650090217601 0.010026757605373861 0.013875592499971392 0.036236388608813293 0.039242172613739974 -0.025869001634418961 0.6078576147556306 63.03532791137696 0.13933603465557101 -0.87837970256805409 0.017284783534705642 -0.13084904849529264
decision_type=2 2 2 2 2 2 2 2 2 2 2 2 2 2 2 2 2 2 2 2 2 2 2 2 2 2 2 2 2 2
left_child=6 2 3 4 11 21 -1 27 28 10 -10 -2 16 22 15 -15 17 19 -9 -3 -16 -5 -7 -23 25 -19 -18 -8 -6 -30
right_child=1 12 -4 5 8 13 7 18 9 -11 -12 -13 -14 14 20 -17 26 24 -20 -21 -22 23 -24 -25 -26 -27 -28 -29 29 -31
leaf_value=-0.028563961248326164 -0.022344145814213467 -0.022019920263373752 0.037906566020270017 -0.021194064422751596 0.041134170864330605 -0.030352475065974448 0.0053161190301848262 -0.023249885984230046 -0.010302537307929897 0.033851346168487985 0.022833203914964018 0.023902766641485322 0.023308642658367087 0.035546423324854817 -0.022714076598850351 0.0068772132410613177 -0.025997179652445052 -0.018163161688693114 0.020813067958128394 0.014322615246667855 0.023469553622805474 0.076735497598976396 0.030040796266794022 -0.0029790202298435745 0.039637207338748613 0.029356000909329175 0.028587172811989664 0.038750005486133769 -0.040084043316827633 0.042267404679934298
leaf_weight=801.79937263169631 141.68638770352845 195.47047996571746 255.82884535199628 446.66178898786529 376.88154638131527 79.336068371872898 62.889064964154386 301.63945766312281 186.39692311143517 286.3588119849901 192.15739921818385 61.604877144782222 80.715545798388121 174.19405393852685 92.672600182822862 176.33292022757996 282.03598255610632 64.321259778869717 38.884318004369561 64.356422471650149 44.03559317876352 10.894245021214372 18.779727254501267 27.689877564873314 48.8499990823384 47.579300080540634 15.388624812130727 76.831716117958422 12.645208558133165 13.84833493742917
leaf_count=830 376 534 262 1528 573 299 531 2439 710 1601 536 191 137 227 186 847 858 166 376 692 128 78 116 226 189 165 294 494 130 173
internal_value=-0.000106859 0.00744673 0.0121335 0.00931832 0.0204854 -0.00394505 -0.0201199 -0.00602168 0.0259688 0.0182894 0.00651715 -0.00832903 -0.00779782 0.0076696 0.0129984 0.0211247 -0.0112949 -0.00289488 -0.018218 -0.0130178 -0.00783686 -0.017956 -0.0187918 0.0195258 0.0134665 0.00204065 -0.0231726 0.0237021 0.038627 0.00295732
internal_weight=4678.77 3396.72 2598.01 2342.18 1271.58 1070.6 1282.04 480.245 1068.29 664.913 378.554 203.291 798.718 585.351 487.235 350.527 718.002 420.577 340.524 259.827 136.708 485.246 98.1158 38.5841 160.751 111.901 297.425 139.721 403.375 26.4935
internal_count=15892 11222 8187 7925 4290 3635 4670 3840 3723 2847 1246 567 3035 1803 1388 1074 2898 1746 2815 1226 314 1832 415 304 520 331 1152 1025 876 303
is_linear=0
shrinkage=0.0363096


Tree=43
num_leaves=31
num_cat=0
split_feature=5 3 13 0 5 16 13 0 1 20 13 6 9 3 1 0 13 12 8 6 4 4 12 1 18 13 6 8 6 9
split_gain=319.482 164.533 147.888 139.015 121.735 99.825 98.8793 94.9565 77.2398 77.0576 54.2838 52.41 51.4114 50.4233 59.1297 49.7322 52.71 47.4929 38.1701 36.8381 36.3572 43.1035 36.2463 36.5559 35.3986 32.5163 40.0261 35.1013 30.6603 30.5401
threshold=28.914968490600589 59.554189682006843 -0.093680776655673967 33.500000000000007 24.801280021667484 39.978223800659187 -0.098761379718780504 49.500000000000007 -0.033155694603919976 1.0000000180025095e-35 -0.047862943261861794 0.46681834757328039 0.086851198226213469 30.148077964782718 0.039720091968774802 58.000000000000007 -0.027753582224249836 -0.017399735748767849 0.15566987544298175 0.17959783226251605 22.249984741210941 23.112016677856449 0.11530443653464319 0.05796055123209954 0.68301269412040722 0.074933271855115904 -0.55712735652923573 2.7090283632278447 -0.05621273256838321 0.054813532158732421
decision_type=2 2 2 2 2 2 2 2 2 2 2 2 2 2 2 2 2 2 2 2 2 2 2 2 2 2 2 2 2 2
left_child=3 2 12 4 -1 9 -3 20 -4 28 -11 -6 17 -10 15 -15 -17 -2 -13 -16 -7 -22 23 25 29 27 -27 -9 -5 -12
right_child=1 6 8 5 11 7 -8 22 13 10 24 18 -14 14 19 16 -18 -19 -20 -21 21 -23 -24 -25 -26 26 -28 -29 -30 -31
leaf_value=0.031094024351190186 -0.02941286187377665 -0.024614179776622717 0.02719636073038139 -0.015876467137567195 -0.029182795833465672 -0.027806588611864996 0.018006299453878459 -0.010016581659928536 -0.022380829923594893 0.041188363688547724 -0.01032776418027076 0.034599022295577778 0.032974026188438851 0.022664934160600031 0.020580368738059129 -0.024834393118556466 0.03717207001292943 0.030219088488087287 -0.021365351945501647 -0.026614874775755547 0.031623982705279059 -0.016333181889354752 0.01762588706514456 -0.025929410712556649 -0.025286672845556614 -0.0351864140825782 0.0086066123434529705 0.047185941782669813 0.0054512408565518568 0.031198160059027535
leaf_weight=229.25312849957845 35.350894435323426 218.99940439019701 179.420585911339 194.67612578985791 87.196030818900908 530.246702641718 106.7413007615869 1121.0213684064238 108.73882426908131 98.312426256594335 35.851862574556435 42.245108327570051 639.73298141282066 226.63159400694713 28.137394486633639 69.64523262133298 24.407789090306323 35.082249268081796 25.926339684996492 96.841884956977083 27.15480796437987 274.12251157789069 74.992435208430834 139.88357622444164 35.62462929672256 30.640282216842024 269.73677633920852 14.322680248737013 163.48762940290362 66.937322261073859
leaf_count=777 166 86 287 215 124 863 43 4499 299 209 172 263 1103 538 39 417 224 16 38 378 50 714 936 724 149 20 1443 32 830 238
internal_value=0.000112603 0.0126621 0.0179204 -0.00630318 0.0142774 -0.00887575 -0.0106476 -0.0120775 0.0064891 0.00448299 0.0205573 -0.0105357 0.0297324 -0.000212169 0.00519658 0.0134534 -0.0087418 0.000287799 0.0133135 -0.0159886 -0.0220834 -0.0120103 -0.0070367 -0.00821061 0.00590257 -0.00648417 0.00413906 -0.00929485 -0.0061409 0.0167132
internal_weight=5231.36 1769.73 1443.99 3461.63 384.621 3077.01 325.741 2482.12 733.823 594.89 236.726 155.367 710.166 554.403 445.664 320.685 94.053 70.4331 68.1714 124.979 831.524 301.277 1650.6 1575.6 138.414 1435.72 300.377 1135.34 358.164 102.789
internal_count=15892 3596 3467 12296 1202 11094 129 9281 2182 1813 768 425 1285 1895 1596 1179 641 182 301 417 1627 764 7654 6718 559 5994 1463 4531 1045 410
is_linear=0
shrinkage=0.0363096


Tree=44
num_leaves=31
num_cat=0
split_feature=1 3 2 0 10 11 2 6 2 9 11 8 3 14 21 11 0 6 1 21 2 8 0 20 19 21 2 2 11 14
split_gain=363.063 191.137 182.911 120.08 104.413 145.467 132.535 96.3983 88.6458 115.97 76.3578 60.215 54.4514 45.3535 67.2796 45.721 38.5983 80.536 35.9385 48.8773 34.1579 25.6204 36.0476 24.3069 20.4207 17.8468 93.3016 17.0446 49.8966 24.2742
threshold=-0.033948963508009904 59.554189682006843 -0.097070876508951173 70.500000000000014 0.017478280700743202 0.010933491867035629 0.080710124224424376 2.5685269832611088 0.0154588227160275 0.097242619842290892 0.0099227428436279314 0.55949825048446666 37.881135940551765 0.0030461283167824153 0.010428401175886394 0.0080641643144190329 26.500000000000004 2.6001058816909794 0.013011318165808918 0.016824341379106048 0.044940475374460227 0.71581575274467479 71.500000000000014 1.0000000180025095e-35 -0.87837970256805409 0.0320314858108759 -0.13084904849529264 -0.12381019815802573 0.0061355638317763814 -0.004127784399315714
decision_type=2 2 2 2 2 2 2 2 2 2 2 2 2 2 2 2 2 2 2 2 2 2 2 2 2 2 2 2 2 2
left_child=7 2 25 4 5 8 11 -1 9 -4 -10 23 13 14 -5 -16 -3 27 -7 -20 -14 -22 -23 -6 -15 26 -2 -18 -29 -30
right_child=1 16 3 12 6 18 -8 -9 10 -11 -12 -13 20 24 15 -17 17 -19 19 -21 21 22 -24 -25 -26 -27 -28 28 29 -31
leaf_value=-0.029702453561782714 0.053457316282649915 0.037778970845439887 -0.0076900793397648706 0.048590094291983348 0.020388348535508787 -0.025984196031012544 -0.022741354068007265 0.035558454951618218 0.017322119416682106 0.041390455822115056 -0.013686177959404576 -0.0083443563179893317 -0.034074346236014179 0.04750180671647572 -0.028754556436324383 0.018487112269866348 0.045589352028629182 -0.025174778086986021 0.015769362480482971 -0.016970805513445961 0.044329079764409932 0.035472141169908461 -0.026218519988473431 0.044943021341071858 -0.014889279002648336 -0.026293508196627305 -0.025029991695200135 0.040052904970376772 0.027006000663048414 -0.030482985112445321
leaf_weight=572.03009310072048 24.658908528215761 215.04440764982246 854.07876661956107 70.006935048280866 77.375027085239708 299.89740845357665 79.152469802498672 31.481133715411488 672.30072646250846 68.565084942156318 124.00673360115798 45.133323191865202 9.3945911753671663 7.4821650992180357 38.514311103484943 90.40661489697959 51.079501271247864 48.419830597378677 81.589825458766427 228.38081412173051 155.6693802762511 39.616240717936307 18.233631524324664 169.90932448533022 91.303208290932162 291.37396423865903 104.95125285840913 65.407345056533813 14.867282164301285 27.763441802633679
leaf_count=2580 44 46 2415 199 160 1386 169 193 1366 98 273 60 689 122 160 1498 11 145 177 980 349 141 508 81 1176 443 278 24 35 86
internal_value=-1.90624e-05 0.00388283 0.00120071 0.00414251 0.00106416 -0.00178772 0.0189386 -0.026298 0.00361755 -0.00404259 0.0124931 0.0302211 0.020109 0.00994759 0.0199346 0.00437307 0.0269982 0.0158269 -0.017023 -0.00835264 0.0336797 0.0366613 0.016026 0.0372604 -0.0101624 -0.0213071 -0.0100965 0.0283046 0.0201313 -0.0104313
internal_weight=4668.09 4064.58 3642 3221.02 2700.39 2328.82 371.57 603.511 1718.95 922.644 796.307 292.418 520.627 297.713 198.928 128.921 422.582 207.537 609.868 309.971 222.914 213.519 57.8499 247.284 98.7854 420.984 129.61 159.118 108.038 42.6307
internal_count=15892 13119 12772 12007 7165 6695 470 2773 4152 2513 1639 301 4842 3155 1857 1658 347 301 2543 1157 1687 998 649 241 1298 765 322 156 145 121
is_linear=0
shrinkage=0.0363096


Tree=45
num_leaves=31
num_cat=0
split_feature=19 6 10 1 19 5 13 16 2 12 10 8 1 1 1 10 5 10 3 16 10 1 6 8 16 12 1 12 13 3
split_gain=505.409 263.991 103.796 96.0629 103.378 137.076 90.0994 157.113 98.1256 85.2485 67.7038 58.5174 49.2715 47.9753 47.7509 115.099 65.1221 47.4625 68.0362 46.8001 46.3988 47.3899 43.7877 39.9507 39.184 35.1077 34.2836 37.5631 30.2431 29.7748
threshold=-0.60785761475563038 0.06580574065446855 0.0094656115397810953 -0.025668213143944737 0.6078576147556306 24.897483825683597 -0.0024518003920093174 41.266605377197273 -0.13946971297264096 0.037199810147285468 0.0091680553741753119 -0.65048983693122853 0.080713160336017623 -0.0031004333868622776 -0.033155694603919976 0.015047268010675909 29.834628105163578 0.014600911643356087 27.407300949096683 32.792608261108406 0.0057251751422882089 0.018910846672952179 -0.39994655549526209 -2.2263926267623897 78.398670196533217 0.032066330313682563 -0.059569360688328736 -0.075519919395446763 -0.10011973604559897 42.625802993774421
decision_type=2 2 2 2 2 2 2 2 2 2 2 2 2 2 2 2 2 2 2 2 2 2 2 2 2 2 2 2 2 2
left_child=2 3 9 17 20 11 7 10 -9 -1 13 -6 29 -3 16 25 -10 -2 -19 -14 21 -5 -13 -22 -25 -16 -12 28 -28 -8
right_child=1 6 -4 4 5 -7 12 8 14 -11 26 22 19 -15 15 -17 -18 18 -20 -21 23 -23 -24 24 -26 -27 27 -29 -30 -31
leaf_value=-0.011751623546693688 0.03969146096234278 0.038026936525772347 -0.027753183377800431 -0.032116536162952326 -0.03163982296016106 -0.029940001764241525 -0.0085969621241290331 -0.030033865183473063 0.043684472515422276 0.036959215748009269 0.027243083026958291 0.037728772820812495 -0.033002661338393156 -0.005643190629737848 0.015434967374921799 -0.026340732430392175 -0.0073245420651106702 0.041226397475191683 -0.011876421347639398 0.043194756086786593 -0.026900706556591783 0.030450518224081496 0.0047769655353769999 0.031920383521266638 0.0040448348878036802 0.042981265102567695 -0.023705281559225397 -0.029903780211279329 0.018789032058290463 -0.024646689878867017
leaf_weight=410.37807786186931 336.79417933937293 50.543193065204832 792.74333920391291 39.13705124470107 31.43810759886037 145.34892122462406 394.18571252573565 58.591226938215186 165.22207156726108 53.547055993469257 19.204096845851382 107.50248071173155 14.784447865909895 96.455506501928539 308.17584876112596 82.663911891866519 41.227223104428049 61.302647694221378 66.109391066547687 37.77865532654323 18.381119843132183 26.949374592739332 105.20535193097749 427.85409820837776 78.724260513608897 76.061323312413151 43.864059526775236 247.05096451038298 44.460244017209334 248.46754677264107
leaf_count=1502 336 231 2868 77 77 163 3103 218 458 300 262 124 24 407 974 319 63 106 66 181 15 37 484 868 64 119 411 705 454 876
internal_value=-0.000115209 0.00720654 -0.0197703 0.0189425 0.0125002 -0.00202271 -0.00158436 0.00430717 0.0150344 -0.00612908 -0.0113466 0.014597 -0.0120378 0.00937137 0.0189562 0.0125261 0.0334976 0.0325502 0.0136725 0.0217605 0.0220709 -0.00660061 0.0214313 0.0256805 0.0275886 0.0208882 -0.019936 -0.0226379 -0.00231344 -0.0148024
internal_weight=4630.15 3373.48 1256.67 1444.75 980.541 389.495 1928.74 1233.52 731.942 463.925 501.578 244.146 695.216 146.999 673.35 466.901 206.449 464.206 127.412 52.5631 591.046 66.0864 212.708 524.959 506.578 384.237 354.579 335.375 88.3243 642.653
internal_count=15892 11222 4670 2417 1909 848 8805 4621 2151 1802 2470 685 4184 638 1933 1412 521 508 172 205 1061 114 608 947 932 1093 1832 1570 865 3979
is_linear=0
shrinkage=0.0363096


Tree=46
num_leaves=31
num_cat=0
split_feature=21 2 3 16 5 6 3 10 12 2 2 12 12 1 12 8 3 19 8 2 3 2 19 21 4 3 11 5 8 6
split_gain=303.336 107.763 191.684 81.3679 72.7188 69.685 66.0696 63.8433 60.4555 59.6684 70.4731 59.4446 94.0907 97.4946 79.2001 58.5058 65.2791 54.3079 43.9979 41.624 41.3442 40.2834 35.4516 52.6201 42.152 33.2013 30.8221 28.0611 26.8635 25.7249
threshold=0.028850203379988674 -0.099049836397171007 59.554189682006843 21.842226982116703 22.993957519531254 0.06580574065446855 57.339855194091804 0.00941304210573435 -0.022848366759717461 -0.05798718519508838 -0.032073630020022385 -0.065584637224674211 0.035807715728878982 0.01254737935960293 0.078493963927030577 0.33650255203247076 42.760616302490241 0.6078576147556306 0.75830718874931347 -0.15348783135414121 54.042198181152351 -0.04660611413419246 -0.60785761475563038 0.010428401175886394 16.469700813293461 37.333202362060554 0.013429702259600164 22.32039833068848 2.7090283632278447 -0.05621273256838321
decision_type=2 2 2 2 2 2 2 2 2 2 2 2 2 2 2 2 2 2 2 2 2 2 2 2 2 2 2 2 2 2
left_child=3 2 15 -1 -3 9 -6 8 21 29 17 20 13 19 18 -2 -17 27 -14 -13 26 -7 23 -12 -25 -16 -9 -11 -10 -5
right_child=1 4 -4 5 6 7 -8 11 28 10 22 12 14 -15 25 16 -18 -19 -20 -21 -22 -23 -24 24 -26 -27 -28 -29 -30 -31
leaf_value=0.024509261401346946 0.032148453065654357 0.035823700012711769 -0.01193194241525173 -0.026628678565153135 -0.024990270135423064 -0.014594861909438572 0.029935409664387916 -0.015066960901878101 -0.013471259430836522 0.0093209857976650368 -0.025818711618073337 -0.035079501305505925 -0.030091274148332271 -0.012344352837278623 -0.015184489231372578 -0.020072942347390599 0.032180188838319947 0.036710131243114327 0.00065674931896862385 0.033897216724993663 -0.026522720034020279 0.020705112493147153 -0.015197527668129238 -0.027763074993351195 0.019479992181225377 0.017310360494270437 0.021347128154617263 -0.034337701614461973 0.031352753130413191 -0.0049946021282713327
leaf_weight=120.15915488620885 713.57073938248868 44.549326134414514 193.93154721324208 381.0090728447467 166.17765958763448 61.811091981999198 34.942870729515562 61.038485586595925 822.09753032964909 60.075568570502583 69.772813905095973 11.996915147159596 139.72602863042994 86.63522872889007 50.47724116784957 64.844470824635209 61.33300825821425 78.254832731801798 109.3718269307501 297.85765074925803 123.97748299663726 137.25905875425815 685.52450416761531 30.00682084930304 146.23577162762376 231.82709059637273 61.543075171335659 28.671194742670195 18.011817099817563 89.498783926690521
leaf_count=561 998 967 54 241 479 429 8 318 3153 100 132 20 513 717 502 71 27 159 493 1477 157 717 1316 158 416 810 682 75 46 96
internal_value=0.00012333 0.0154668 0.0206042 -0.00490623 -0.00614906 -0.00584066 -0.0154469 -0.00169147 -0.0082469 -0.0116943 -0.00706021 0.00410882 0.00831977 0.0217055 -0.0016674 0.0281183 0.00532566 0.0146598 -0.0165902 0.0312262 -0.011738 0.00974394 -0.0109542 0.000869515 0.0114358 0.0114997 0.00321412 -0.0047825 -0.0125101 -0.0225137
internal_weight=5182.19 1279.35 1033.68 3902.84 245.67 3782.68 201.121 2213.63 1039.18 1569.05 1098.54 1174.45 927.892 396.49 531.402 839.748 126.177 167.002 249.098 309.855 246.559 199.07 931.54 246.015 176.243 282.304 122.582 88.7468 840.109 470.508
internal_count=15892 2604 1150 13288 1454 12727 487 10034 4345 2693 2356 5689 4532 2214 2318 1096 98 334 1006 1497 1157 1146 2022 706 574 1312 1000 175 3199 337
is_linear=0
shrinkage=0.0363096


Tree=47
num_leaves=31
num_cat=0
split_feature=1 3 0 11 4 9 9 7 12 11 3 12 7 12 6 14 0 9 3 12 12 1 1 1 1 7 7 9 5 9
split_gain=344.67 177.7 152.651 115.258 101.353 81.7669 102.138 110.322 105.922 68.3479 51.4421 84.7859 48.8409 44.927 99.4416 41.9708 39.0971 57.5187 37.049 34.0308 29.1036 28.2199 65.0581 33.8894 27.8571 24.9003 25.2678 21.914 32.879 20.7751
threshold=-0.033948963508009904 59.554189682006843 70.500000000000014 0.0064394676592201003 9.9448776245117205 0.23989582061767581 0.104667566716671 56.559225082397468 0.11530443653464319 0.0099227428436279314 37.881135940551765 0.01542750094085932 29.206215858459476 -0.13957203179597852 2.4681967496871953 -0.0069216857664287082 71.500000000000014 0.033999666571617133 27.895052909851078 -0.022848366759717461 0.07000852003693582 0.030079720541834835 1.0000000180025095e-35 0.022585985250771049 -0.0012203182559460399 69.627475738525405 56.80488586425782 0.096575830131769194 36.098678588867195 0.044507548213005073
decision_type=2 2 2 2 2 2 2 2 2 2 2 2 2 2 2 2 2 2 2 2 2 2 2 2 2 2 2 2 2 2
left_child=4 2 3 19 -1 6 7 15 12 -9 11 16 -8 -3 27 -5 24 -18 -13 -2 25 22 29 -24 -4 26 -12 -15 -29 -21
right_child=1 13 10 5 -6 -7 8 9 -10 -11 20 18 -14 14 -16 -17 17 -19 -20 21 -22 -23 23 -25 -26 -27 -28 28 -30 -31
leaf_value=0.040745813747285621 -0.020412438716568438 0.040503713810368373 0.0097904503565782921 -0.004298121690343589 -0.029454269260089237 -0.025181227855172079 -0.020897430916889465 0.012949701991226295 -0.026322888035203058 -0.016570715073317178 -0.0016213583155675259 0.038086409274794203 0.016736335396649621 0.035074870503309707 -0.032527628012159901 -0.019339838678105216 0.042775557590748851 -0.024429969968306934 -0.024587400605011939 0.030790889998492509 -0.0088545846386534864 0.046143851904561627 -0.019210662793954711 0.01964222776033743 0.048026834123128255 -0.0037278738861263468 0.045011088531593385 -0.017733965596199001 0.034172379437171101 0.005915205632259184
leaf_weight=28.498795395022171 33.528749709910699 170.03285551071167 35.786518880437143 363.8363858636385 557.67133329625358 236.97655208275501 49.256862679823826 409.76594397698864 100.14721114018903 138.29651424607073 16.860006081320535 14.343184832252517 590.10655087625491 140.70302343479852 45.058666008042564 746.18201067740119 28.006867730115118 41.918595398128673 93.411549206761265 198.455623877775 20.32196613232918 41.193477081877063 87.816505836872238 44.642876079116832 84.346566729791448 18.246211823909107 167.11411966191372 30.643673194372241 33.86871612071991 56.983694843846024
leaf_count=438 212 31 70 1095 2335 187 86 677 211 544 594 297 1234 66 158 2427 174 1244 1322 359 795 152 324 102 166 30 403 84 8 67
internal_value=-2.28312e-05 0.00375417 0.00115777 -0.00189945 -0.026041 -0.00483464 -0.00282354 -0.00782851 0.0083981 0.0055004 0.0193547 0.00948536 0.0138368 0.0261009 0.0163154 -0.0144096 0.0240733 0.00248594 -0.0162438 0.0148158 0.0325617 0.0175688 0.0145339 -0.00611519 0.0366375 0.0367243 0.0407369 0.0270403 0.00951492 0.025242
internal_weight=4624.02 4037.85 3617.54 3097.19 586.17 2634.57 2397.59 1658.08 739.511 548.062 520.356 297.813 639.363 420.307 250.274 1110.02 190.059 69.9255 107.755 462.621 222.542 429.092 387.899 132.459 120.133 202.22 183.974 205.215 64.5124 255.439
internal_count=15892 13119 12772 7677 2773 6461 6274 4743 1531 1221 5095 3273 1320 347 316 3522 1654 1418 1619 1216 1822 1004 852 426 236 1027 997 158 92 426
is_linear=0
shrinkage=0.0363096


Tree=48
num_leaves=31
num_cat=0
split_feature=3 12 6 2 13 7 9 21 13 9 13 16 3 2 16 11 2 13 20 16 13 13 20 9 5 6 21 2 5 12
split_gain=360.252 125.153 101.212 211.76 116.082 97.6864 84.5411 84.2098 71.3128 69.9614 113.988 66.0168 48.9968 93.1244 57.1736 48.4279 48.0431 51.945 85.9011 92.4404 39.0863 37.1521 33.3938 33.2473 30.9696 30.1387 29.0575 25.6412 21.1167 18.5749
threshold=45.510498046875007 0.092687945812940611 -0.11693543568253516 -0.082154102623462663 -0.046765914186835282 59.485372543334968 0.049667853862047202 0.028635997325181965 -0.11943905800580977 0.085628911852836623 0.04649366810917855 68.211322784423842 56.874711990356452 -0.048888903111219399 29.370188713073734 0.0049053574912250051 0.16851636022329333 -0.0024518003920093174 -0.56174489110708226 50.806205749511726 0.086774881929159178 0.092509295791387572 1.0000000180025095e-35 0.049299845471978194 22.993957519531254 0.42745217680931097 0.015025159809738399 -0.033725373446941369 16.387632369995121 -0.064364004880189882
decision_type=2 2 2 2 2 2 2 2 2 2 2 2 2 2 2 2 2 2 2 2 2 2 2 2 2 2 2 2 2 2
left_child=1 2 3 -1 -5 -3 11 12 -4 27 -11 15 13 14 -2 -6 17 18 26 -20 25 -7 -13 -22 -16 -19 -10 -8 -23 -26
right_child=7 5 8 4 6 21 9 -9 16 10 -12 22 -14 -15 24 -17 -18 20 19 -21 23 28 -24 -25 29 -27 -28 -29 -30 -31
leaf_value=0.036185295607492819 -0.027269983367246016 0.039220112361283269 -0.029370759035495471 -0.026033177254152676 0.033267131680656141 -0.023229132203228729 -0.0058783778183924386 -0.029439388279288978 0.035027404802433847 -0.033540088176588073 0.034571249701700342 0.00026379271373379586 -0.02456561008462893 -0.015544141798927418 -0.018401577384188763 -0.0187538180606007 0.039987680534456921 -0.022673531068480923 -0.013195360265285621 0.012743624719960248 -0.02264605151378463 0.033520216740622624 0.04962122455341323 0.019885962641136588 0.011760764345273537 -0.0055860822191316677 0.010784350652300703 0.033706604320301196 -0.034047158305491092 0.040860063630942994
leaf_weight=335.89014571439111 32.046019139093914 240.97083900499456 116.24174987128208 156.54466489817969 26.214805939054713 55.750746165680539 23.643102891588569 467.56024713343868 123.81374759371465 70.321018822662154 60.060715088116922 35.16739441943173 203.6569156423775 312.80417942653548 18.246163102343417 235.76963906265155 38.742813630213277 234.2852815480328 418.05769745639736 319.61170877427321 32.204769369967835 35.201740077201976 37.185864374601806 97.841236214755554 41.6647802687894 324.73031875627566 137.68401117942085 245.88927966079609 7.3740793203833155 94.640064073410031
leaf_count=138 175 316 663 267 44 338 40 761 306 224 154 33 453 985 54 376 214 1327 2205 1337 182 495 56 706 236 2205 859 442 51 250
internal_value=-0.000118609 0.00584873 0.00353585 0.0116174 0.00235358 0.0267749 0.00840589 -0.0174974 -0.00184251 0.0196712 -0.00216354 -0.00506869 -0.00955538 -0.00343395 0.0168665 -0.013548 1.0339e-05 -0.000907031 0.00438207 -0.00195656 -0.0085766 -0.00372374 0.0256326 0.00935239 0.0260189 -0.0127477 0.0222634 0.0302338 0.0218149 0.031966
internal_weight=4579.82 3409.2 3069.9 1226.69 890.796 339.297 734.252 1170.62 1843.21 399.914 130.382 334.338 703.058 499.401 186.597 261.984 1726.97 1688.23 999.167 737.669 689.062 98.3266 72.3533 130.046 154.551 559.016 261.498 269.532 42.5758 136.305
internal_count=15892 12978 11778 1774 1636 1200 1369 2914 10004 860 378 509 2153 1700 715 420 9341 9127 4707 3542 4420 884 89 888 540 3532 1165 482 546 486
is_linear=0
shrinkage=0.0363096


Tree=49
num_leaves=31
num_cat=0
split_feature=21 2 3 16 5 6 3 11 2 2 8 5 21 6 8 16 6 16 13 2 2 16 14 17 6 14 2 3 14 3
split_gain=282.199 100.641 178.112 76.4446 69.3322 64.9961 62.3494 58.6589 57.0435 66.2905 54.7457 63.2204 54.3602 44.5836 38.149 35.7119 34.3636 49.3675 33.7675 40.3883 40.7279 31.7993 31.2369 29.5063 25.0378 34.6039 24.243 22.1603 21.2417 25.5712
threshold=0.028850203379988674 -0.099049836397171007 59.554189682006843 21.842226982116703 22.993957519531254 0.06580574065446855 59.554189682006843 0.011722500436007978 -0.05798718519508838 -0.032073630020022385 0.33650255203247076 29.154194831848148 0.026184055954217914 -0.66230919957160939 -1.5444002747535703 39.075344085693366 0.41700665652751928 53.954805374145515 -0.046765914186835282 0.0011768461554311218 0.028172012418508533 63.478830337524421 0.01181335933506489 -0.68301269412040699 -0.05621273256838321 0.00050422819913364958 0.021584682166576389 32.967975616455085 0.008174914866685869 39.090772628784187
decision_type=2 2 2 2 2 2 2 2 2 2 2 2 2 2 2 2 2 2 2 2 2 2 2 2 2 2 2 2 2 2
left_child=3 2 10 26 -3 8 -6 16 24 13 -2 -12 14 -10 -9 27 17 -7 -11 -20 -21 -17 -14 28 -5 -26 -1 -16 -18 -30
right_child=1 4 -4 5 6 7 -8 12 9 18 11 -13 22 -15 15 21 23 -19 19 20 -22 -23 -24 -25 25 -27 -28 -29 29 -31
leaf_value=0.032686165839278039 0.031291848080145228 0.035122832334942573 -0.011512838836117289 -0.026166877253889852 -0.022743307666446722 0.025885999597828148 0.039611715138893298 -0.016823249111730713 0.037677618471767794 0.036553687777879713 -0.02509547235570448 0.027305938839044318 -0.019323095000357459 -0.00081693909705364272 -0.01867662409495556 -0.0029928124916568126 -0.0055857445307167146 -0.0051943847440713495 -0.023302342786121432 0.010268742940604897 -0.011630430974701626 0.021664630399302297 0.022829717292597262 -0.01158249124913935 0.015515438209525943 -0.030090933449706345 -0.0061320669732344473 0.030597635026123355 -0.010179641748164327 0.028073973655337283
leaf_weight=92.538380180743843 702.43884942939621 44.215866914617436 191.35631327276496 372.58789787633577 173.95297093752924 101.82237431748035 24.064868927001953 52.399655847792019 65.301575029254309 19.591508704059379 52.575426328112371 71.81346899331038 128.32275740451587 101.02721287155873 12.848835455548395 162.72848887985674 185.55775396523677 199.15833537960316 272.78667833788313 145.50375045287547 485.67163057023026 119.65103809552602 28.283472834114946 916.38084110601812 49.439405884941152 39.423101957148901 27.512253256631084 188.88130824047767 34.978363020682082 67.469539564770457
leaf_count=485 998 967 54 241 482 593 5 392 29 73 81 17 403 305 220 1825 867 573 642 391 916 904 102 3312 51 45 76 592 141 110
internal_value=0.000128064 0.0150498 0.0200543 -0.00473193 -0.0059851 -0.00564507 -0.0151648 -0.00162941 -0.0113358 -0.00680519 0.0273602 0.00515654 0.0071112 0.0142956 0.0126051 0.0157907 -0.00565391 0.00531981 -0.0106055 -0.0116277 -0.00658187 0.00745475 -0.0117095 -0.00839638 -0.0220363 -0.00471621 0.0237892 0.0274586 0.00174084 0.0150121
internal_weight=5130.28 1260.42 1018.18 3869.87 242.234 3749.82 198.018 2198.48 1551.33 1089.88 826.828 124.389 693.116 166.329 536.509 484.11 1505.37 300.981 923.554 903.962 631.175 282.38 156.606 1204.39 461.45 88.8625 120.051 201.73 288.006 102.448
internal_count=15892 2604 1150 13288 1454 12727 487 10034 2693 2356 1096 98 4438 334 3933 3541 5596 1166 2022 1949 1307 2729 505 4430 337 96 561 812 1118 251
is_linear=0
shrinkage=0.0363096


Tree=50
num_leaves=31
num_cat=0
split_feature=1 3 13 21 21 4 1 1 20 7 1 13 1 0 0 1 21 13 10 13 3 10 1 0 3 21 9 6 16 12
split_gain=327.433 165.342 155.574 148.86 98.0663 96.6914 90.5426 92.9411 101.883 137.616 61.3495 83.7893 59.919 86.3731 49.9 45.8286 46.0961 43.1393 110.962 36.6435 35.945 33.8606 31.8628 29.7849 58.0292 29.1728 24.5652 19.0351 23.9697 11.0456
threshold=-0.033948963508009904 59.554189682006843 -0.0012873429805040357 0.016266708262264732 0.0050275190733373174 9.9448776245117205 0.043772948905825622 -0.01321598421782255 1.0000000180025095e-35 51.795066833496101 0.030079720541834835 0.080955807119607939 -0.00044038957275915886 70.500000000000014 42.500000000000007 0.013467282988131048 0.016824341379106048 -0.098761379718780504 0.010180457495152952 0.052666071802377708 29.718779563903812 0.0037679021479561929 0.070789884775877013 52.500000000000007 35.613735198974616 0.011841920204460623 0.044507548213005073 2.0198191404342656 69.158531188964858 0.083931539207696929
decision_type=2 2 2 2 2 2 2 2 2 2 2 2 2 2 2 2 2 2 2 2 2 2 2 2 2 2 2 2 2 2
left_child=5 2 4 10 -2 -1 7 8 25 -10 11 12 21 -14 -8 26 -17 -3 -19 22 -13 -4 -5 24 -12 -6 -9 -21 -29 -25
right_child=1 17 3 19 6 -7 14 15 9 -11 23 20 13 -15 -16 16 -18 18 -20 27 -22 -23 -24 29 -26 -27 -28 28 -30 -31
leaf_value=0.039779872118958406 0.04848517129264051 0.035292994652618002 -0.021190409296908505 -0.010495716470581881 0.0097732177759057657 -0.029216262701724883 0.028846178000005083 -0.010003333876409351 0.021447523588701615 -0.026040022323640923 0.034289078485648973 0.031724213321430147 -0.0074153135202611725 0.022042813519218763 -0.018875349317377187 0.013197884855002609 -0.021975034609344826 0.034010351537496743 -0.025329641981615542 -0.022734456351451403 -0.027637632212133344 0.024130460286598817 0.043729764038846923 0.037857470688905437 -0.023275325390871491 -0.028938412540498379 -0.024898512159428298 0.053289412443566643 -0.02747406194866122 0.0043519095176705463
leaf_weight=28.171549100416087 41.975473012629664 240.18642505333992 22.765489975994569 34.632535756871221 30.976927504179912 540.86014628527482 127.04403990507126 194.09447614891542 336.0687298371613 105.7764886171226 57.75876781988336 15.546455517385764 320.15124936535722 222.36345188814812 37.386555064285858 115.43562009530615 85.512941670391228 110.33346316244388 66.634842772877164 235.92040432067733 99.568908937120796 478.48784912621886 24.314722952531156 197.2953296079686 38.459715472381504 149.54519051531497 589.12570752179454 10.13090251452377 9.2829081088239018 13.892832287663621
leaf_count=438 32 89 66 766 42 2335 53 653 660 123 74 53 735 528 748 570 713 59 199 2170 272 922 146 700 63 635 1616 232 122 78
internal_value=-2.48236e-05 0.00363215 0.00112026 0.00874358 -0.00636688 -0.0258002 -0.00766705 -0.0102937 0.000688414 0.0100789 0.0136041 0.00977877 0.0130212 0.00465865 0.0179951 -0.0172386 -0.00176927 0.0252701 0.0116661 -0.013933 -0.0196197 0.0220719 0.0118695 0.0280248 0.0112787 -0.022295 -0.0212074 -0.0198903 0.0146659 0.0356539
internal_weight=4579.7 4010.67 3593.51 1780.57 1812.94 569.032 1770.97 1606.54 622.367 441.845 1466.29 1158.88 1043.77 542.515 164.431 984.169 200.949 417.155 176.968 314.281 115.115 501.253 58.9473 307.407 96.2185 180.522 783.22 255.334 19.4138 211.188
internal_count=15892 13119 12772 6927 5845 2773 5813 5012 1460 783 3491 2576 2251 1263 801 3552 1283 347 258 3436 325 988 912 915 137 677 2269 2524 354 778
is_linear=0
shrinkage=0.0363096


Tree=51
num_leaves=31
num_cat=0
split_feature=19 7 5 1 9 13 12 20 9 13 9 1 12 20 3 1 20 13 5 1 3 12 19 17 12 7 1 14 11 5
split_gain=451.168 156.137 173.207 137.587 133.158 98.3441 82.5354 80.2484 70.1432 90.0545 62.9856 55.9691 55.3241 52.7969 48.755 47.5106 46.8143 43.2075 38.8783 36.0297 73.7897 61.2717 33.1139 69.3232 32.4658 31.8789 30.9968 29.5748 26.6734 38.441
threshold=-0.60785761475563038 59.013555526733406 29.154194831848148 -0.027683638967573639 0.072120692580938353 -0.027753582224249836 0.10718687251210214 1.0000000180025095e-35 0.086189929395914092 0.04649366810917855 0.049667853862047202 0.078514065593481078 -0.047329653054475777 1.0000000180025095e-35 39.875404357910163 0.005007900996133686 1.0000000180025095e-35 0.058184970170259483 17.086957931518558 -0.048277683556079858 27.690594673156742 0.01013745227828622 0.6078576147556306 -1.0000000180025095e-35 0.13933603465557101 70.850147247314467 0.0018854566151276233 0.014136401936411859 0.011615945026278498 24.801280021667484
decision_type=2 2 2 2 2 2 2 2 2 2 2 2 2 2 2 2 2 2 2 2 2 2 2 2 2 2 2 2 2 2
left_child=5 2 3 19 7 -1 8 -4 10 18 13 14 -12 -5 16 27 17 -3 -10 20 -2 -22 23 -18 -16 28 -19 -6 29 -7
right_child=1 11 4 6 15 25 -8 -9 9 -11 12 -13 -14 -15 24 -17 22 26 -20 -21 21 -23 -24 -25 -26 -27 -28 -29 -30 -31
leaf_value=-0.027897702828464523 0.039157839708318098 -0.024506843130038237 0.030895678388843353 0.012133955395595268 -0.026626200999904395 -0.0064874820044284777 0.042183480569771198 -0.012841812709055208 0.040303306152707281 0.031464613810815875 -0.022311231776606551 0.021288868192855841 0.025371327616407733 -0.014886819213480038 -0.025217615864385812 0.00097014845107276843 0.030072005289715997 0.034983041610001951 -0.025113551653759409 0.037810758413990148 -0.032530270405807228 0.021946414264603642 0.03720718905623157 -0.027219299336817999 0.029218099388257205 0.044681601385344452 -0.0080450042276740581 0.017529772532636934 -0.023725125746508344 0.046811754910973259
leaf_weight=703.34236147108459 122.53062298095028 154.60674380905039 175.95533547148261 248.68273584800409 290.30602948483283 356.78680309796982 96.243040903047586 80.653909910672155 12.796190391387425 55.222599866267046 34.819597002322553 80.29918794772675 407.40871414317189 154.60457229575695 269.22629673937263 155.78965314203924 55.921293568602778 32.914871180661066 186.9342368203761 386.79389257431103 48.151082722659339 62.615162883032099 49.621334742101681 55.458953724659295 15.261306015789158 15.306175707266446 67.001675744499153 21.474221226611917 116.26144649158778 18.778501054388471
leaf_count=1922 274 512 342 782 1049 1294 111 215 104 357 185 137 1255 702 858 826 132 354 727 619 424 172 189 199 294 173 360 43 1032 249
internal_value=-0.000132306 0.00678409 0.0111468 0.0171319 -0.00386841 -0.0191095 0.00993912 0.0171483 0.00711904 -0.00957455 0.0121529 -0.00742233 0.0216167 0.00177497 -0.010716 -0.0154029 -0.0027868 -0.0124801 -0.0209219 0.0310131 0.0197424 -0.0017341 0.0125364 0.00154426 -0.022297 -0.00692102 0.00612837 -0.0235845 -0.0085272 -0.00382216
internal_weight=4531.77 3321.29 2540.98 1816.8 724.179 1210.48 1196.71 256.609 1100.47 254.953 845.516 780.312 442.228 403.287 700.012 467.57 415.525 254.523 199.73 620.091 233.297 110.766 161.002 111.38 284.488 507.133 99.9165 311.78 491.827 375.565
internal_count=15892 11222 8187 5712 2475 4670 4223 557 4112 1188 2924 3035 1440 1484 2898 1918 1746 1226 831 1489 870 596 520 331 1152 2748 714 1092 2575 1543
is_linear=0
shrinkage=0.0363096


Tree=52
num_leaves=31
num_cat=0
split_feature=21 0 2 2 3 16 2 7 20 3 7 3 3 21 19 3 7 16 0 16 16 12 0 13 10 3 14 16 9 21
split_gain=263.726 93.9744 138.5 93.5735 166.107 69.9968 72.2982 67.3608 65.7415 60.577 58.8289 57.379 48.5606 37.5079 35.9347 36.8173 47.5114 34.5608 31.9699 31.3853 31.0758 30.5563 31.5383 29.7932 39.1753 27.0643 24.8382 22.8 22.7513 21.4902
threshold=0.028850203379988674 33.500000000000007 -0.09212911874055861 -0.099049836397171007 59.554189682006843 41.266605377197273 -0.049895007163286202 57.478206634521491 1.0000000180025095e-35 27.895052909851078 49.023902893066413 57.339855194091804 57.339855194091804 0.014895776286721231 0.87837970256805431 32.528917312622077 51.628829956054695 26.393198966979984 41.000000000000007 21.842226982116703 33.899696350097663 -0.065584637224674211 61.500000000000007 -0.078486215323209749 0.015532886143773796 32.605829238891609 -0.00027932091325055802 21.842226982116703 0.027372183278203014 0.013738979585468771
decision_type=2 2 2 2 2 2 2 2 2 2 2 2 2 2 2 2 2 2 2 2 2 2 2 2 2 2 2 2 2 2
left_child=1 2 17 4 10 8 -7 11 19 20 23 27 28 29 15 16 -15 -1 -11 -3 -10 -21 26 24 -2 -20 -23 -5 -4 -8
right_child=3 5 12 7 -6 6 13 -9 9 18 -12 -13 -14 14 -16 -17 -18 -19 25 21 -22 22 -24 -25 -26 -27 -28 -29 -30 -31
leaf_value=0.016836597181170868 0.0083955890974798195 0.022919875362463659 -0.0075466371058767641 0.005078632145971834 -0.011117302571688139 -0.025485378696492686 -0.0089660649812932595 0.037544094163358986 -0.027313935957181127 0.035875402035986784 -0.013057738932385191 0.028330065518439643 -0.006698296142547514 0.028608937630396486 -0.02585336808252902 0.013557462772530577 -0.01504037944573028 -0.028925304089610207 -0.013104839327180651 -0.027656549152776932 0.0095897967346341897 0.0083312079036340445 -0.022633534867649671 0.0056655434673103695 0.034475105950555592 0.019112639545538337 -0.013554759315617344 -0.029728896809038393 0.029293771640223929 -0.022565351921541424
leaf_weight=26.559461275075591 86.641573883531237 42.539995324736083 23.849136455868575 30.441909758716065 188.95984107571167 350.12444519360906 1277.6038269866258 39.499511425405217 63.288852478535773 113.6747863856508 46.336660957247659 34.321776842967665 70.311658992814046 40.433284339022066 59.540704828212256 251.04771076444194 175.88264745589913 120.2835624333311 44.876436722433937 98.828266360809721 57.331698570431399 197.50740821028558 101.56205778134063 65.592813760642457 615.34572017506798 146.86965353794221 104.55416716085165 133.9861580309971 300.58303800431531 174.08627615950172
leaf_count=91 63 271 51 37 54 1268 3105 595 79 113 28 9 45 465 536 1712 1052 230 387 509 129 407 664 60 945 634 163 813 871 506
internal_value=0.000140628 -0.00456075 0.00945734 0.0146917 0.0195511 -0.00686157 -0.0102765 -0.00576287 0.0013279 0.0120135 0.0266713 -0.0143703 0.0206565 -0.00758511 0.000712732 0.00409742 -0.00688101 -0.0206476 0.0206178 -0.00702521 -0.00977245 -0.00956074 -0.00512964 0.0290698 0.0312564 0.0115718 0.000755327 -0.023284 0.0265853 -0.010597
internal_weight=5082.47 3841.34 541.587 1241.13 1002.88 3299.75 2328.72 238.249 971.033 426.041 813.917 198.75 394.744 1978.59 526.904 467.364 216.316 146.843 305.421 544.992 120.621 502.452 403.624 767.58 701.987 191.746 302.062 164.428 324.432 1451.69
internal_count=15892 13288 1288 2604 1150 12000 8644 1454 3356 1342 1096 859 967 7376 3765 3229 1517 321 1134 2014 208 1743 1234 1068 1008 1021 570 850 922 3611
is_linear=0
shrinkage=0.0363096


Tree=53
num_leaves=31
num_cat=0
split_feature=1 3 2 0 4 10 7 11 7 1 16 13 11 13 11 19 1 21 10 21 11 21 20 10 18 7 21 16 13 14
split_gain=312.308 155.072 151.339 96.7554 92.3003 90.7788 162.22 125.785 78.7839 86.7805 74.2347 73.6709 70.5843 40.6806 106.429 37.4063 34.1881 43.8367 32.0964 30.0941 92.8002 32.4747 27.6657 23.64 17.976 20.4415 17.3155 89.7504 84.7145 16.1372
threshold=-0.033948963508009904 59.554189682006843 -0.097070876508951173 70.500000000000014 9.9448776245117205 0.017478280700743202 49.972137451171882 0.010933491867035629 56.559225082397468 0.013995800167322161 63.181842803955085 0.050161793828010566 0.008517007343471052 -0.098761379718780504 0.013429702259600164 -0.60785761475563038 0.013011318165808918 0.016824341379106048 0.008212553337216379 0.010660779662430288 0.0080641643144190329 0.016824341379106048 1.0000000180025095e-35 0.0084791374392807501 -0.68301269412040699 65.59906387329103 0.0320314858108759 29.370188713073734 -0.12310793250799178 -0.0078235901892185194
decision_type=2 2 2 2 2 2 2 2 2 2 2 2 2 2 2 2 2 2 2 2 2 2 2 2 2 2 2 2 2 2
left_child=4 2 26 5 -1 7 22 8 9 -4 19 -10 24 -3 -15 -8 29 -18 -14 -5 -21 -22 -7 -20 25 -12 27 28 -2 -9
right_child=1 13 3 10 -6 6 15 16 11 -11 12 -13 18 14 -16 -17 17 -19 23 20 21 -23 -24 -25 -26 -27 -28 -29 -30 -31
leaf_value=0.03887775593684005 0.090967687382574353 0.034323008312658838 -0.0099602023680188216 0.042062994368929602 -0.029002731940994342 0.017944456718749096 0.011589782140332879 -0.0083360724621190842 0.023505964878613585 0.014757088108245605 -0.033986804838566628 0.00044717582511223604 0.037526498288814172 0.029874350612842698 -0.031752520511437961 -0.0290958402761263 0.015000792781567872 -0.016117920145406091 -0.033431941082253371 -0.028003192329362853 0.041811473431976935 -0.012455802602178486 0.044637040179547054 0.015367519677143036 -0.032984979140956716 0.035546276840632392 -0.025319783181486831 -0.028395904431842634 -0.021697560740678544 -0.029624058852661502
leaf_weight=27.805581348380656 19.400946311267035 238.55512136599282 719.18990748203214 138.17275326433992 525.34942213819886 75.99979963196165 46.145691963469289 59.212170522594533 374.2846398654583 253.19468541219248 10.042981615431929 356.83050515945797 62.492783563964622 122.49444830007087 52.899244733009255 84.051822104009261 81.757044755897368 221.00201860156812 18.719146085186367 41.399621721380754 109.76041287119915 16.754286013856472 156.94001487663263 43.501068637864591 65.34202978956273 12.525033356665515 269.31421984672124 89.13013575734476 16.098194565323865 226.92452112861974
leaf_count=438 45 89 2051 309 2335 126 78 338 636 763 60 702 88 87 171 200 177 980 32 193 661 2154 66 1009 300 36 443 198 79 1048
internal_value=-2.53671e-05 0.00352582 0.00108528 0.00371964 -0.0255903 0.000917867 0.0177853 -0.00175404 0.0032467 -0.00352407 0.0180631 0.012252 0.00158163 0.0245627 0.0112869 -0.0146748 -0.0162199 -0.00771425 0.0191465 0.0295115 0.0191824 0.034624 0.0359287 0.000684181 -0.0233354 0.00459839 -0.0201411 -0.00894936 0.0398731 -0.0252192
internal_weight=4535.29 3982.14 3568.19 3174.24 553.155 2655.53 363.137 2292.4 1703.5 972.385 518.71 731.115 212.623 413.949 175.394 130.198 588.896 302.759 124.713 306.087 167.914 126.515 232.94 62.2202 87.91 22.568 393.943 124.629 35.4991 286.137
internal_count=15892 13119 12772 12007 2773 7165 470 6695 4152 2814 4842 1338 1525 347 258 278 2543 1157 1129 3317 3008 2815 192 1041 396 96 765 322 124 1386
is_linear=0
shrinkage=0.0363096


Tree=54
num_leaves=31
num_cat=0
split_feature=0 1 5 0 2 9 12 1 20 3 1 2 11 14 20 16 1 3 12 5 3 7 14 2 12 6 1 12 4 21
split_gain=381.606 189.588 218.578 141.45 105.602 121.356 151.264 116.59 73.9664 62.8757 56.6174 51.4683 52.9671 44.792 72.7377 38.1625 37.8812 73.9815 53.2765 40.2127 32.5784 32.2733 31.3289 29.2027 46.3051 23.8482 22.0536 21.7226 16.6788 11.3838
threshold=27.500000000000004 -0.027683638967573639 29.834628105163578 37.500000000000007 0.002213635249063373 0.085077889263629927 0.10718687251210214 0.078514065593481078 1.0000000180025095e-35 42.625802993774421 0.039027525112032897 0.051957257091999061 0.0054724283982068309 -0.0069216857664287082 -0.56174489110708226 32.792608261108406 -0.048277683556079858 27.530241012573246 0.01013745227828622 26.851798057556156 28.761888504028324 61.01942443847657 0.014136401936411859 -0.05082260072231292 -0.039295455440878861 -0.15367018431425092 0.005802594358101488 0.13933603465557101 43.502973556518562 0.013664383906871082
decision_type=2 2 2 2 2 2 2 2 2 2 2 2 2 2 2 2 2 2 2 2 2 2 2 2 2 2 2 2 2 2
left_child=29 2 16 -3 5 13 10 9 -4 11 26 21 -13 14 20 -9 17 -2 -19 -20 -5 -6 -10 -15 -25 -12 -7 -11 -29 -1
right_child=1 3 8 4 7 6 -8 15 22 27 25 12 -14 23 -16 -17 -18 18 19 -21 -22 -23 -24 24 -26 -27 -28 28 -30 -31
leaf_value=0.0018269537876748087 0.038215534324682436 -0.02558725408526541 0.039619642424583337 -0.023866939543642728 -0.0061230312926178494 -0.025336278883733555 0.041428782370528175 -0.012033128770942621 -0.029876462106876611 -0.023100870743872855 -0.034139247103915457 0.041568343974405099 0.001527969019610691 0.039475719105435923 -0.017860550777749371 0.030962292703152809 0.036902891437471046 -0.032238047063433029 0.034483285645929007 -0.030873401250417286 0.028583357842709305 -0.027278922841481337 0.017073506841489131 -0.014499801420499302 0.023780180680655346 0.053038970404247598 -0.0060931961522778869 -0.0019669729557302406 0.082864307246091493 -0.028871537709770155
leaf_weight=16.392871899062811 120.53498482454052 264.79653680283627 28.548892495673499 17.798919294280495 458.24176210976657 224.5969633793502 76.371544605741292 33.252060277363853 142.5232280737564 329.08378510768853 5.1181238412682459 48.542102868064831 424.14343709812601 126.60075773087374 102.31746013997872 149.86453855523541 387.97006449204127 46.97152930685661 50.030489358165141 16.504568254586047 126.97881530330051 119.9587467761321 21.57081235430087 46.699523653576762 385.86016828873107 21.548118449065441 120.75037015417183 11.372323790124936 4.1768083332972301 550.5883996493958
leaf_count=63 215 561 109 43 1936 956 257 66 315 994 6 80 2228 479 503 510 1061 269 336 5 240 409 16 236 1270 336 684 256 42 1411
internal_value=-0.000144357 0.00388974 0.0194762 -0.000208757 0.00216307 0.0100262 -0.00511627 -0.0040862 -0.0143191 -0.0076607 -0.0146719 -0.00324694 0.00564014 0.0184476 0.00557275 0.0231542 0.029943 0.0184052 -0.00263079 0.0182693 0.0221343 -0.0105124 -0.023704 0.0241368 0.0196472 0.0363023 -0.0186083 -0.0211192 0.020814 -0.0279838
internal_weight=4479.71 3912.73 814.655 3098.07 2833.28 1254.64 448.385 1578.64 192.643 1395.52 372.014 1050.89 472.686 806.256 247.095 183.117 622.012 234.042 113.507 66.5351 144.778 578.201 164.094 559.16 432.56 26.6662 345.347 344.633 15.5491 566.981
internal_count=15892 14418 2326 12092 11531 5010 2239 6521 440 5945 1982 4653 2308 2771 786 576 1886 825 610 341 283 2345 331 1985 1506 342 1640 1292 298 1474
is_linear=0
shrinkage=0.0363096


Tree=55
num_leaves=31
num_cat=0
split_feature=11 13 3 19 13 12 3 21 21 13 12 3 5 13 12 6 13 6 14 3 20 18 14 13 3 1 21 16 21 12
split_gain=246.891 81.6882 137.897 75.4332 63.2523 59.6343 75.0148 45.1514 71.1955 44.7219 69.0452 72.597 40.9538 43.3459 40.8078 40.0742 38.7175 51.3157 38.7934 37.4923 37.1514 36.1666 34.1812 33.9534 52.4738 35.9637 33.2479 57.3592 30.5488 30.5353
threshold=0.017488496378064159 -0.074309129267930971 59.554189682006843 0.87837970256805431 -0.041821096092462533 -0.074267048388719545 27.308477401733402 0.024291048757731918 0.016266708262264732 -0.060129610821604722 0.039286857470870025 30.833492279052738 46.44764709472657 0.07833344861865045 -0.02776273991912603 1.2321591377258303 -0.024581261910498139 -0.27240288257598871 -0.01093219732865691 60.516061782836921 -0.56174489110708226 0.25000000000000011 -0.0044153924100100985 -0.020507019944488999 45.510498046875007 0.018910846672952179 0.01424712408334017 46.329982757568366 0.029288258403539661 0.12369922176003458
decision_type=2 2 2 2 2 2 2 2 2 2 2 2 2 2 2 2 2 2 2 2 2 2 2 2 2 2 2 2 2 2
left_child=3 2 -2 4 5 19 -7 8 14 10 11 -8 13 15 22 -3 18 -18 -10 20 -1 28 -6 24 -16 -25 27 -5 -15 -11
right_child=1 12 -4 26 7 6 9 -9 16 29 -12 -13 -14 21 23 -17 17 -19 -20 -21 -22 -23 -24 25 -26 -27 -28 -29 -30 -31
leaf_value=-0.021123788732820024 0.029719850990154211 -0.017172053111457797 -0.0097275607140444361 0.015733135088954697 -0.0063091217238860388 -0.014223987732433982 -0.023311192548424016 -0.030481186220087709 -0.023815805980828709 0.026504423378557115 -0.024678870207184615 0.016824913359658491 0.043748342212552652 -0.025979202078824426 -0.031612355700577681 0.04249547376373404 -0.021461225771932674 0.013291470244456103 0.047928257443885763 -0.027598788598369322 0.017631502872529337 0.0402234894897191 0.031085542420862436 -0.0040469453812804852 0.024633849375888639 -0.017618294484887158 -0.024048390916765042 -0.021736783418433318 0.031275994904708795 -0.017593384502924178
leaf_weight=57.107035929491758 606.95527391324686 192.59391218633209 144.67587884891691 93.937442438662401 67.251976969304451 169.09277360674423 68.916402607374039 94.559037832173999 12.147403779872546 286.66194680863009 81.887993696713238 430.83138301688814 26.592888939889235 32.034190054131614 163.23118066767893 16.077732827307045 75.951801549084848 213.40583336161944 54.542690839351053 110.58304895845504 76.020752485910634 45.850694281771212 61.870025602347596 980.64053943080035 25.247731116760406 349.08350472361599 322.99662142333 126.2468161456145 19.928314821117965 22.310059547424316
leaf_count=206 1426 768 45 170 249 291 252 241 49 723 47 1319 8 233 390 207 195 2131 221 43 525 436 296 2437 32 1201 962 373 411 5
internal_value=0.000152301 0.0154937 0.0221268 -0.00406642 -0.00205981 0.00422201 0.00794664 -0.00596267 -0.00480534 0.0121561 0.00622562 0.0112898 0.000524982 -0.00322506 -0.0079876 -0.0125742 0.00991773 0.00416904 0.0348586 -0.0119729 0.00100603 0.016719 0.011608 -0.00965427 -0.0240773 -0.00760983 -0.0166313 -0.00575044 -0.00401887 0.0233199
internal_weight=5029.23 1084.71 751.631 3944.52 3401.34 1303.41 1059.7 2097.93 2003.37 890.608 581.636 499.748 333.078 306.485 1647.32 208.672 356.048 289.358 66.6901 243.711 133.128 97.8132 129.122 1518.2 188.479 1329.72 543.181 220.184 51.9625 308.972
internal_count=15892 3534 1471 12358 10853 3411 2637 7442 7201 2346 1618 1571 2063 2055 4605 975 2596 2326 270 774 731 1080 545 4060 422 3638 1505 543 644 728
is_linear=0
shrinkage=0.0363096


Tree=56
num_leaves=31
num_cat=0
split_feature=1 3 13 21 21 4 1 1 20 7 10 3 20 9 10 1 21 12 6 13 12 13 1 21 10 9 12 21 6 21
split_gain=296.665 144.932 135.369 129.727 91.3365 88.1435 80.4673 90.106 92.0665 127.289 56.8646 50.9504 52.4843 91.3468 65.194 45.0371 41.1135 39.6756 88.6018 33.8174 29.2324 28.9339 28.9226 28.1721 20.9434 20.5848 19.6162 53.2759 18.3933 18.2087
threshold=-0.033948963508009904 59.554189682006843 -0.0012873429805040357 0.016266708262264732 0.0054110107012093076 9.9448776245117205 0.043772948905825622 -0.01321598421782255 1.0000000180025095e-35 51.795066833496101 0.0036053512012586002 40.803525924682624 1.0000000180025095e-35 0.038970561698079116 0.0075607711914926776 0.013467282988131048 0.016824341379106048 -0.13957203179597852 2.4681967496871953 0.052666071802377708 0.082653582096099867 0.073068622499704375 0.070789884775877013 0.011841920204460623 0.025414409115910534 0.037275597453117378 -0.068836610764265047 0.0080808340571820753 2.4958248138427739 0.019683602266013626
decision_type=2 2 2 2 2 2 2 2 2 2 2 2 2 2 2 2 2 2 2 2 2 2 2 2 2 2 2 2 2 2
left_child=5 2 4 10 -2 -1 7 8 23 -10 -4 12 14 -14 -12 25 -17 -3 26 22 28 -22 -5 -6 -8 -9 -19 -28 -13 -21
right_child=1 17 3 19 6 -7 24 15 9 -11 11 20 13 -15 -16 16 -18 18 -20 29 21 -23 -24 -25 -26 -27 27 -29 -30 -31
leaf_value=0.038050897985847335 0.041268995692272853 0.037582114735784836 -0.027962244501958281 -0.010014783795685796 0.0098107161783039312 -0.028785804405783724 0.0047369702185723808 -0.0088473069616675556 0.020647590206980718 -0.02558030672775571 0.034150367752152418 0.030658757077623635 0.019071636368782466 -0.016212004256124325 0.0083324441256121089 0.012259386158453262 -0.021261642025706566 0.036505673269682085 -0.032330924213675789 -0.0058521825149802599 0.040235498914447956 -0.019160996423512221 0.041926891822124793 -0.028447851403303717 0.030820557749836525 -0.024091819713833736 0.035588662441570156 -0.017020406931862648 0.0012609650826973108 -0.026487582336805437
leaf_weight=27.413816984404548 52.177483763887722 165.34767484664917 44.129239001682436 34.088167496487586 30.909967607054568 508.82390326309906 88.180319695205981 144.88472997348617 333.03184769510517 102.75689177473032 184.65639033605112 333.91918961801275 171.12905601519378 222.525875706855 427.46257250504641 115.97961901777671 82.58756640381398 96.825323053868487 43.653774963428077 86.936339143388977 15.526580317426122 35.61120094965554 24.14081997186986 141.59896945494438 75.208220408676425 602.53469874349321 61.34659743309021 43.279347653236982 30.641929003901168 160.46004272476239
leaf_count=438 56 31 131 766 42 2335 661 465 660 123 662 464 413 695 821 570 713 25 158 707 20 113 146 635 140 1780 23 110 172 1817
internal_value=-2.65532e-05 0.00341245 0.00104495 0.00814149 -0.00605706 -0.0253687 -0.00749474 -0.0100428 0.000859279 0.00974701 0.0126288 0.0138891 0.00946946 -0.000873268 0.0161211 -0.0170533 -0.00168204 0.0238372 0.0145644 -0.0133769 0.0245819 -0.0011246 0.0115176 -0.0215921 0.016744 -0.0211369 0.024727 0.0138254 0.0281881 -0.0192367
internal_weight=4487.77 3951.53 3541.08 1771.23 1769.85 536.238 1717.67 1554.28 608.298 435.789 1465.6 1421.47 1005.77 393.655 612.119 945.987 198.567 410.453 245.105 305.625 415.699 51.1378 58.229 172.509 163.389 747.419 201.451 104.626 364.561 247.396
internal_count=15892 13119 12772 6927 5845 2773 5789 4988 1460 783 3491 3360 2591 1108 1483 3528 1283 347 316 3436 769 133 912 677 801 2245 158 133 636 2524
is_linear=0
shrinkage=0.0363096


Tree=57
num_leaves=31
num_cat=0
split_feature=19 7 0 0 12 20 4 16 18 16 1 0 14 1 9 2 3 8 0 2 2 1 1 4 2 9 12 12 21 2
split_gain=399.962 139.326 107.627 116.719 107.25 195.498 114.881 102.164 60.7006 56.8753 56.4382 77.754 54.981 49.2176 48.8344 53.8752 45.3801 45.0272 43.4264 43.3396 44.4801 40.159 36.553 40.4519 34.4012 31.9156 31.3163 30.3536 28.7441 27.9101
threshold=-0.60785761475563038 59.013555526733406 41.000000000000007 55.500000000000007 0.092687945812940611 1.0000000180025095e-35 9.0331292152404803 45.075138092041023 0.68301269412040722 34.137243270874031 -0.027683638967573639 33.500000000000007 -0.0040202029049396506 0.078514065593481078 0.17443011701107028 -0.13946971297264096 39.875404357910163 0.98756650090217601 63.500000000000007 0.051957257091999061 0.012519837822765114 0.036236388608813293 0.036964261904358871 28.151363372802738 0.036521023139357574 0.10549084469676019 0.038432080298662193 0.13933603465557101 0.0070711949374526748 -0.025869001634418961
decision_type=2 2 2 2 2 2 2 2 2 2 2 2 2 2 2 2 2 2 2 2 2 2 2 2 2 2 2 2 2 2
left_child=2 4 -1 28 5 6 9 8 21 -2 25 -12 24 16 15 -14 19 -5 -13 20 26 -7 23 -21 -9 -8 -3 -18 -4 -23
right_child=1 13 3 17 -6 7 10 12 -10 -11 11 18 14 -15 -16 -17 27 -19 -20 22 -22 29 -24 -25 -26 -27 -28 -29 -30 -31
leaf_value=-0.027382818694574797 -0.021232149315081671 -0.017004772308228281 -0.023846850402332181 -0.021956876529615078 0.033400186566139356 -0.026200669087896779 0.036176329615548911 -0.029767899595900458 0.012305697305833665 0.020956957606395463 -0.031044245963601912 0.010523624655549657 -0.029191394518395992 0.019799697140735657 -0.024823903320155633 0.018985706632874133 -0.024658632458822632 0.01967781268119536 0.02989144751992304 -0.003160933152020515 -0.024489258411083875 0.071203943246110499 -0.022316212045802485 0.030537665521546322 0.024893449231723968 -0.012138921884656408 0.055079355550241113 0.027540920927861139 0.028550554210332226 -0.0056076864232511162
leaf_weight=702.04083678469397 132.55644220320573 14.433382249266286 15.511735275511453 281.87804399342531 243.83334883325006 343.36185837426092 360.08033968907148 75.456966631980322 79.043842017701536 61.750834280521303 42.9864809999508 330.51771766607999 33.149045474083323 79.917436265313881 44.122325644626471 398.01179474562559 259.98347309241035 38.978726539291529 283.62403290185102 88.97319215202333 147.50284979174285 9.0325204680448241 43.457221913469766 99.450887133127253 18.999667555148335 18.971276688651415 17.672038084914675 15.563684755888969 125.13578310653975 20.140094646427315
leaf_count=830 376 45 66 2439 262 1166 647 332 442 191 187 1059 35 137 132 1221 858 376 1601 235 559 59 236 504 83 229 167 294 959 165
internal_value=-0.000152037 0.00636615 -0.0184292 -0.00480871 0.0105258 0.00804878 0.0177958 -0.0036943 -0.0165935 -0.00782387 0.0226001 0.0161638 0.0065295 -0.00716887 0.011558 0.0152814 -0.0103061 -0.0168986 0.0194683 -0.00266946 -0.0160588 -0.0227256 0.00770107 0.0146247 -0.0187717 0.0337579 0.0226697 -0.0217098 0.0227709 0.0181715
internal_weight=4426.14 3262.59 1163.55 461.504 2495.64 2251.81 1230.49 1021.32 451.578 194.307 1036.18 657.128 569.74 766.954 475.283 431.161 687.037 320.857 614.142 411.49 179.608 372.534 231.881 188.424 94.4566 379.052 32.1054 275.547 140.648 29.1726
internal_count=15892 11222 4670 3840 8187 7925 4290 3635 1832 567 3723 2847 1803 3035 1388 1256 2898 2815 2660 1746 771 1390 975 739 415 876 212 1152 1025 224
is_linear=0
shrinkage=0.0363096


Tree=58
num_leaves=31
num_cat=0
split_feature=11 13 3 19 10 7 7 3 7 16 0 6 6 5 7 9 6 13 7 2 3 9 4 2 13 21 16 7 2 6
split_gain=230.357 76.4584 128.193 71.0038 68.1645 82.109 93.9143 115.069 52.615 48.828 40.2791 44.4552 40.8905 38.4135 43.6343 37.3533 36.9079 36.7562 65.4123 36.6999 39.608 34.5722 33.3612 33.2174 32.5157 31.9738 54.0031 37.6591 29.5236 28.1157
threshold=0.017488496378064159 -0.074309129267930971 59.554189682006843 0.87837970256805431 0.0095080612227320688 37.567609786987312 48.084928512573249 27.149683952331547 49.023902893066413 69.158531188964858 63.500000000000007 0.34990602731704717 0.73672470450401317 46.44764709472657 58.753953933715827 0.16028910130262378 1.2321591377258303 0.036473251879215247 54.879686355590827 0.14898830652236941 24.646102905273441 0.11447007581591608 35.047071456909187 -0.04336459003388881 0.080955807119607939 0.01424712408334017 46.329982757568366 44.23799133300782 -0.11434316635131835 1.3624264597892763
decision_type=2 2 2 2 2 2 2 2 2 2 2 2 2 2 2 2 2 2 2 2 2 2 2 2 2 2 2 2 2 2
left_child=3 2 8 4 10 -6 7 23 28 19 12 17 -1 14 16 -9 -3 -12 -19 20 -8 -16 -23 -7 -20 26 27 -5 -2 -11
right_child=1 13 -4 25 5 6 9 15 -10 29 11 -13 -14 -15 21 -17 -18 18 24 -21 -22 22 -24 -25 -26 -27 -28 -29 -30 -31
leaf_value=-0.0093587863804174571 0.032487370712235425 -0.016325695103866191 -0.0093101745348022 0.035603358837215895 -0.01606156993438199 -0.026764509886502145 0.039029871341368719 0.024318801935081912 -0.032022539210807971 0.003581627009941558 -0.025434449710642883 -0.02578181414695958 0.0055518519289744894 0.042624223862153192 -0.03222874795424796 -0.0208901331701008 0.041129204447464845 0.035120611482033007 -0.018160039706388239 0.017330213272287238 -0.014810917168284889 0.04101754250694313 -0.018354569208489567 0.028240220685112914 0.010977181208254029 -0.023585471679815385 -0.021224170025062113 -0.01067031323412965 -0.011754852638421119 0.030772313954329146
leaf_weight=540.56725758797256 557.11957034892112 197.33506535958804 142.73357756039331 52.665808542689774 254.19808171301338 92.438284453666711 18.797974674293073 561.581789149408 18.061335345266343 218.48941816395745 99.481030587627174 264.71584422610249 439.71157699508331 26.314327381067415 14.918421305581431 25.172133588839642 15.929136162929352 56.654035903397016 152.00215774297794 61.55908519969671 431.11465856019277 58.426839532159647 15.862341680272946 17.159933521515995 75.606496327271088 316.49513535987717 124.41171039472829 41.419915318419953 20.617748059396035 65.071973547401285
leaf_count=1240 1022 1013 45 79 738 131 52 1669 28 591 551 1402 1661 8 111 33 231 121 133 330 1731 421 279 141 95 962 373 91 376 234
internal_value=0.00016124 0.0151118 0.0215961 -0.00392053 -0.00197203 0.0030129 0.00626411 0.0159999 0.0290004 -0.00226313 -0.00731464 -0.0143352 -0.00267039 0.000546329 -0.003114 0.0223791 -0.0120337 -0.00643874 0.00020865 -0.00896326 -0.0125611 0.0182086 0.0283388 -0.0181513 -0.00848081 -0.01621 -0.005526 0.0152309 0.0309083 0.00982179
internal_weight=4976.63 1067.32 738.532 3909.31 3374.32 1745.58 1491.39 696.352 595.799 795.033 1628.74 648.46 980.279 328.786 302.472 586.754 213.264 383.744 284.263 511.472 449.913 89.2076 74.2892 109.598 227.609 534.993 218.497 94.0857 577.737 283.561
internal_count=15892 3534 1471 12358 10853 5650 4912 1974 1426 2938 5203 2302 2901 2063 2055 1702 1244 900 349 2113 1783 811 700 272 228 1505 543 170 1398 825
is_linear=0
shrinkage=0.0363096


Tree=59
num_leaves=31
num_cat=0
split_feature=1 3 13 21 11 4 1 1 20 7 1 13 1 3 1 21 12 6 21 13 8 21 1 8 11 17 21 11 13 6
split_gain=281.871 134.926 125.63 120.498 87.9737 84.106 74.6829 84.2613 87.3268 119.922 54.8897 74.213 52.4364 45.1652 41.5977 38.6749 37.9558 84.7026 36.0669 31.9374 27.4608 27.3264 27.0526 25.0319 21.7716 19.093 18.7478 29.3253 24.1602 18.0536
threshold=-0.033948963508009904 59.554189682006843 -0.0012873429805040357 0.016266708262264732 0.0033561943564563994 9.9448776245117205 0.043772948905825622 -0.01321598421782255 1.0000000180025095e-35 51.795066833496101 0.030079720541834835 0.080955807119607939 -0.00044038957275915886 29.386172294616703 0.013467282988131048 0.016824341379106048 -0.13957203179597852 2.4681967496871953 0.010559438727796079 0.052666071802377708 2.0600360631942753 0.011841920204460623 0.070789884775877013 1.8648191094398501 0.0061355638317763814 1.0000000180025095e-35 0.034005155786871917 0.012897886335849764 -0.11735902726650237 2.0198191404342656
decision_type=2 2 2 2 2 2 2 2 2 2 2 2 2 2 2 2 2 2 2 2 2 2 2 2 2 2 2 2 2 2
left_child=5 2 4 10 -2 -1 7 8 21 -10 11 12 20 -13 24 -16 -3 25 -14 22 -4 -6 -5 -12 -9 -18 27 -8 -29 -21
right_child=1 16 3 19 6 -7 26 14 9 -11 23 13 18 -15 15 -17 17 -19 -20 29 -22 -23 -24 -25 -26 -27 -28 28 -30 -31
leaf_value=0.037262802206929742 0.044456496059037155 0.036658881936477088 0.022603297989767807 -0.0097523920363950262 0.0095503264146805673 -0.028576200502630413 0.025762332720562345 -0.0045421559241157613 0.020031776868923417 -0.025194552951296748 0.028300171210269124 0.044977555369582596 0.013630453907653422 -0.027536480065058211 0.011752422105816826 -0.020906461089485271 0.009685573337670398 -0.032151203621571256 -0.0051502069708466956 -0.021763724620139275 -0.0074587416804114664 -0.028199837536053658 0.040642360467319498 -0.016766643385426341 -0.022869928437458581 0.032797114327573297 0.028306684119719594 0.056398980782207543 -0.028865500711926121 0.014877495082369348
leaf_weight=26.979488051612861 44.589012350756093 163.23031377792358 459.46286908754337 33.839787741702821 30.96802974928687 492.65550211323898 39.730297442543815 98.585921415829944 333.12136463658135 100.64937336518233 290.23975301159589 12.758333879726704 254.94541006122381 100.65464641875406 116.27529753631279 81.179439977531729 76.228089409461973 43.092585836971921 286.08701541501068 223.75844888842948 43.88136851809395 137.55086369782839 24.003355824081154 17.209155824941263 642.10007272237999 123.50784044420107 82.742438303648669 5.0042656829209582 35.150564244786437 19.249929727915514
leaf_count=438 61 31 899 766 42 2335 285 312 660 123 853 46 643 279 563 713 69 158 620 2170 89 635 146 62 1935 89 165 19 332 354
internal_value=-2.91441e-05 0.00330203 0.00101193 0.00784171 -0.00588985 -0.0251576 -0.00720808 -0.00967867 0.000919694 0.00953748 0.0121394 0.00851774 0.0115472 -0.019378 -0.016483 -0.00167404 0.0231186 0.0140162 0.00369941 -0.0130888 0.0199823 -0.021262 0.0111582 0.0257772 -0.0204306 0.0239773 0.016193 0.00364464 -0.0182364 -0.0188607
internal_weight=4439.43 3919.8 3513.74 1766.09 1747.65 519.635 1703.06 1540.43 602.29 433.771 1465.24 1157.79 1044.38 113.413 938.141 197.455 406.059 242.829 541.032 300.852 503.344 168.519 57.8431 307.449 740.686 199.736 162.628 79.8851 40.1548 243.008
internal_count=15892 13119 12772 6927 5845 2773 5784 4983 1460 783 3491 2576 2251 325 3523 1276 347 316 1263 3436 988 677 912 915 2247 158 801 636 351 2524
is_linear=0
shrinkage=0.0363096


Tree=60
num_leaves=31
num_cat=0
split_feature=0 1 5 0 13 13 3 9 12 10 0 13 1 6 0 20 14 12 16 1 3 12 5 17 3 14 6 21 16 4
split_gain=345.131 169.42 193.739 129.845 98.6711 115.198 106.318 87.5752 130.611 68.1263 67.7807 75.9026 59.2733 55.9162 40.6479 38.2671 78.5154 45.0254 34.1012 33.9577 66.5076 48.9264 35.9633 28.9761 28.6062 25.5103 23.3913 31.264 24.8067 22.259
threshold=27.500000000000004 -0.027683638967573639 29.834628105163578 37.500000000000007 0.0049211108125746259 0.04649366810917855 42.625802993774421 0.085628911852836623 0.10718687251210214 0.010966842994093897 70.500000000000014 0.054645646363496787 0.005802594358101488 -0.2538455575704574 62.500000000000007 1.0000000180025095e-35 -0.0035257783019915219 0.01542750094085932 22.178556442260746 -0.048277683556079858 27.530241012573246 0.01013745227828622 26.851798057556156 -0.68301269412040699 28.33084869384766 0.013875592499971392 0.58387410640716564 0.0073846606537699708 72.510589599609389 42.334968566894538
decision_type=2 2 2 2 2 2 2 2 2 2 2 2 2 2 2 2 2 2 2 2 2 2 2 2 2 2 2 2 2 2
left_child=-1 2 19 -3 7 26 10 15 12 -4 13 -12 -9 -7 -8 18 -17 -18 -5 20 -2 -22 -23 -14 -20 -11 -6 -28 -29 -16
right_child=1 3 9 4 5 6 14 8 -10 25 11 -13 23 -15 29 16 17 -19 24 -21 21 22 -24 -25 -26 -27 27 28 -30 -31
leaf_value=-0.027544210471814313 0.036634140002869124 -0.025033825262878253 0.038386151972409882 -0.033104247663405667 -0.026999114184846101 0.031209152897333014 0.0093605199000981569 -0.024838350353590794 0.039662885311607755 -0.029539701964484757 0.060068755229075871 -0.012742822496545578 0.029807737775225825 0.0072025133180403014 -0.026404929051488491 -0.017676664495599875 -0.0010055061408621639 0.028700030649756944 0.0027813783682697668 0.03528470107805471 -0.031864675295864495 0.032629281265871335 -0.030361374358367287 -0.006056694665101529 0.029361512031299216 0.01065570855905637 -0.028804732137658159 -0.0028716201588626237 0.051015963167203478 0.0099706647065318163
leaf_weight=532.87799593431009 116.3556565899944 255.1195426253289 27.89092025062746 13.518209536685388 270.76453357568607 199.32914227818765 65.27118586632605 218.21280780159032 74.799420043860664 132.02955143779036 20.538364693995391 233.06485845917268 44.453454314205374 357.0718973313451 225.05627754182206 111.84131256795081 104.66551422355406 188.24955437474819 62.554784028168797 376.91775111489005 44.969871474173488 49.356039849764784 15.764877922169033 89.477733718715172 364.39047322206352 24.708068200128764 55.673586850080028 60.20344410486905 13.853184794092156 24.597941012994852
leaf_count=1474 215 561 149 52 1182 173 150 733 34 274 182 1583 280 1230 1102 520 684 258 270 1061 269 336 5 868 1236 17 223 562 96 113
internal_value=-0.000160863 0.00363841 0.0186484 -0.000236064 0.00202527 -0.00420199 0.00175157 0.00949234 -0.00391163 -0.013898 0.00871186 -0.0068456 -0.0131677 0.015803 -0.0161503 0.0162632 0.00820326 0.0180852 0.0236695 0.0286077 0.0174935 -0.00273545 0.0173783 0.00584636 0.0254673 -0.0232026 -0.0209249 -0.00824638 0.00720731 -0.0228205
internal_weight=4373.58 3840.7 787.993 3052.71 2797.59 1525.42 1124.93 1272.16 426.943 184.629 810.004 253.603 352.144 556.401 314.925 845.22 404.756 292.915 440.463 603.364 226.446 110.091 65.1209 133.931 426.945 156.738 400.495 129.73 74.0566 249.654
internal_count=15892 14418 2326 12092 11531 6596 4533 4935 1915 440 3168 1765 1881 1403 1365 3020 1462 942 1558 1886 825 610 341 1148 1506 291 2063 881 658 1215
is_linear=0
shrinkage=0.0363096


Tree=61
num_leaves=31
num_cat=0
split_feature=11 13 19 10 6 16 4 8 6 5 14 8 21 16 21 21 8 18 2 0 6 6 5 2 18 6 13 14 2 2
split_gain=215.529 71.9599 66.935 63.8915 52.0212 51.5855 66.4924 50.4451 46.6245 52.4468 48.5686 39.9946 55.6118 39.2617 50.8331 71.4034 50.8137 41.7046 39.6306 38.3857 42.8783 39.0087 36.1805 41.0419 37.072 35.0552 34.9198 49.268 32.9171 29.7537
threshold=0.017488496378064159 -0.074309129267930971 0.87837970256805431 0.0095080612227320688 2.1953036785125737 24.069878578186039 10.180556297302248 1.0043264627456667 -0.36075823009014124 37.827098846435554 0.0042599502485245475 -0.70296972990036 0.014625873882323505 41.461519241333015 0.034502748399972923 0.023885156959295276 -1.2599508762359617 -0.68301269412040699 -0.1577610373497009 63.500000000000007 0.34990602731704717 0.73672470450401317 46.44764709472657 0.12490938231348993 0.25000000000000011 1.2321591377258303 0.036473251879215247 -0.0046967868693172923 0.15352403372526172 -0.11434316635131835
decision_type=2 2 2 2 2 2 2 2 2 2 2 2 2 2 2 2 2 2 2 2 2 2 2 2 2 2 2 2 2 2
left_child=2 4 3 19 7 -6 -7 29 10 13 -5 12 -4 16 15 -15 17 -10 -18 21 26 -1 23 25 28 -3 -21 -28 -25 -2
right_child=1 22 11 8 5 6 -8 -9 9 -11 -12 -13 -14 14 -16 -17 18 -19 -20 20 -22 -23 -24 24 -26 -27 27 -29 -30 -31
leaf_value=-0.0091021791167006389 0.033166246460510494 -0.016240691117495425 0.023639546795748742 -0.025289303388333517 0.03194520528699181 -0.016971813746962175 0.029996016870942329 -0.031653437873536715 -0.037640792922794659 -0.018654555683168147 0.018531697550417475 -0.022303611563725186 -0.019903165936076564 0.0077372378644270882 0.035708416324192943 -0.013572266789401388 -0.029574271694803964 0.011335228712997743 0.026473765909195899 -0.024934409760293753 -0.025333409035649592 0.005486777578908213 0.041664424163789134 0.033919964009282391 0.041637445403897244 0.040218600020446922 0.030981822233379357 -0.0072164486564020303 -0.027992462738800988 -0.011651728198569359
leaf_weight=537.1605571472337 416.52339818201472 191.30077284195431 70.021259477780404 135.80706762021691 84.829426279056861 126.85462870618539 57.865193977464514 17.585689712099338 35.9450776630365 114.52595152226058 44.193997539572592 370.60648148497785 86.368817878868867 658.84087984481084 59.164724350073811 302.48554458887338 17.607572206041368 63.264985773806984 299.68956635364157 97.694710344379928 260.29468810744766 439.19119491567653 25.980465805536369 18.169081330193876 43.276944468891088 15.686318217431106 55.311554884439829 228.08699922432606 30.038104096860479 20.485755758154482
leaf_count=1240 801 1184 120 174 95 150 104 15 118 212 99 1141 244 3251 16 328 15 363 1074 551 1402 1661 8 76 255 228 65 284 312 306
internal_value=0.000173437 0.0147777 -0.00377725 -0.00188456 0.0211446 0.00850558 -0.00225808 0.0286386 0.00296279 0.00499227 -0.0145297 -0.0158058 -0.000406861 0.00687696 0.00304253 0.00103199 0.0162715 -0.00640832 0.0233632 -0.00707292 -0.0139737 -0.00253953 0.000567167 -0.0030098 0.0172424 -0.0119614 -0.00621445 0.000238419 -0.00465556 0.031065
internal_weight=4924.86 1048.6 3876.26 3349.27 724.144 269.549 184.72 454.595 1731.53 1551.52 180.001 526.997 156.39 1437 1020.49 961.326 416.507 99.2101 317.297 1617.74 641.388 976.352 324.452 298.471 91.4841 206.987 381.093 283.399 48.2072 437.009
internal_count=15892 3534 12358 10853 1471 349 254 1122 5650 5377 273 1505 364 5165 3595 3579 1570 481 1089 5203 2302 2901 2063 2055 643 1412 900 349 388 1107
is_linear=0
shrinkage=0.0363096


Tree=62
num_leaves=31
num_cat=0
split_feature=3 2 12 13 10 21 21 12 10 3 9 6 14 14 13 16 14 13 4 10 2 6 6 13 6 16 10 5 12 5
split_gain=180.586 307.539 83.2444 85.9082 195.237 96.0263 69.2426 55.5151 54.3825 58.163 50.1601 64.0747 49.6541 49.0685 45.9343 42.7292 41.8553 38.4885 30.8801 88.1644 46.4461 23.3103 21.7454 20.3651 25.9244 16.7333 35.9062 14.7573 14.625 14.5969
threshold=59.554189682006843 -0.09212911874055861 0.11530443653464319 -0.0012873429805040357 0.017478280700743202 0.0054110107012093076 0.016824341379106048 0.088964860886335387 0.0036053512012586002 45.33818435668946 0.037275597453117378 -0.06947216764092444 0.010376509279012682 0.009960563853383066 0.036473251879215247 26.393198966979984 -0.00027932091325055802 -0.079640049487352357 11.424351692199709 0.015532886143773796 -0.13084904849529264 1.6414869427680971 -0.06947216764092444 -0.034445872530341141 0.82208380103111278 26.768997192382816 0.058401815593242652 37.827098846435554 -0.051801215857267373 32.273092269897468
decision_type=2 2 2 2 2 2 2 2 2 2 2 2 2 2 2 2 2 2 2 2 2 2 2 2 2 2 2 2 2 2
left_child=1 18 3 4 5 -3 8 23 -5 14 11 -7 29 15 -10 -2 -12 -15 19 20 -1 -22 -14 28 -25 -21 -27 -23 -6 -8
right_child=13 2 -4 6 7 10 12 -9 9 -11 16 -13 22 17 -16 -17 -18 -19 -20 25 21 27 -24 24 -26 26 -28 -29 -30 -31
leaf_value=0.075441731240930163 0.0022764295586149841 0.038651712197579444 -0.024990015577650217 -0.027806292569207667 0.02326353340289021 0.027993823022037109 -0.024157077596603994 -0.030696342437767438 0.021829861112616099 0.029644590564733713 -0.0084573875607212023 -0.01075602921598722 -0.025206021489494253 0.029128206227180396 0.0056695796575678987 0.033498724714251429 -0.024868707770570854 -0.026255544329188273 -0.027896386046248476 -0.028466679100164316 -0.029475293909550029 0.0095115686957949995 0.034536112175245326 0.038167020500473867 -0.040523049625410659 -0.029424747309798931 0.041448974882945085 0.092599982540677694 0.042908816711586029 0.027682140478936468
leaf_weight=19.47772935195826 71.821593542554183 52.298252560467517 138.8401344376307 43.922625887273171 84.887389202331178 85.585366395975143 139.28549662592559 20.781915093060888 315.32664981809648 236.88478343180577 442.75071123135604 164.17787761976979 10.288462143702416 26.368515373083937 876.49408582927936 295.91728894955122 381.40231803015558 44.390887801780991 533.40458937570475 152.98757356435817 14.485527852901216 8.1527021458750806 36.601473506934781 10.852422427115018 11.232068889281434 24.372864937638951 15.364878654479979 4.3097310255470793 121.54638597389203 7.5471676028464563
leaf_count=144 28 56 1087 131 225 190 2013 17 1187 419 2323 813 97 10 2190 225 1775 109 1245 203 146 121 438 94 54 243 5 50 177 77
internal_value=-3.42674e-05 -0.00248646 0.00250461 0.00375959 -0.00295648 -0.00939263 0.00930354 0.0261184 0.0119881 0.0132116 -0.0117324 0.00252179 -0.0111032 0.0220731 0.00994529 0.0274011 -0.0160524 -0.00561516 -0.0230355 -0.0121932 0.0327239 0.00184341 0.0214252 0.0312857 -0.00184931 -0.0230139 -0.00201802 0.0382551 0.0348311 -0.0214918
internal_weight=4391.76 3953.26 3180.71 3041.87 1375.51 1126.21 1666.35 249.3 1472.63 1428.71 1073.92 249.763 193.723 438.498 1191.82 367.739 824.153 70.7594 772.556 239.151 46.4257 26.948 46.8899 228.518 22.0845 192.725 39.7377 12.4624 206.434 146.833
internal_count=15892 15520 13363 12276 5724 5157 6552 567 3927 3796 5101 1003 2625 372 3377 253 4098 119 2157 912 461 317 535 550 148 451 248 171 402 2090
is_linear=0
shrinkage=0.0363096


Tree=63
num_leaves=31
num_cat=0
split_feature=19 6 0 0 0 19 5 21 5 16 0 11 0 16 0 18 8 3 9 0 7 7 19 16 10 8 16 16 11 0
split_gain=354.598 180.442 103.664 109.834 83.84 81.8125 110.238 60.1851 59.403 71.7145 53.4917 43.9395 43.2555 69.9209 47.7362 60.9599 42.733 39.6616 39.2345 50.4833 45.873 33.0252 31.5914 47.4134 38.7801 30.1814 31.6411 29.4115 36.6463 33.1437
threshold=-0.60785761475563038 0.06580574065446855 41.000000000000007 55.500000000000007 37.500000000000007 0.6078576147556306 24.430153846740726 0.010201129131019117 11.117677688598635 41.266605377197273 39.500000000000007 0.0051573782693594703 44.500000000000007 73.756870269775405 37.500000000000007 -0.68301269412040699 0.98756650090217601 30.306980133056644 0.051492102444171912 69.500000000000014 59.622192382812507 59.994333267211921 0.6078576147556306 23.226891517639164 0.013311285991221668 -2.2263926267623897 78.398670196533217 79.520637512207045 0.010398072190582754 63.500000000000007
decision_type=2 2 2 2 2 2 2 2 2 2 2 2 2 2 2 2 2 2 2 2 2 2 2 2 2 2 2 2 2 2
left_child=2 4 -1 -4 -2 7 18 11 21 10 17 -6 13 14 -11 -16 -5 -10 19 -7 -20 -3 23 -12 -24 -9 -27 28 29 -14
right_child=1 8 3 16 5 6 -8 25 9 12 22 -13 27 -15 15 -17 -18 -19 20 -21 -22 -23 24 -25 -26 26 -28 -29 -30 -31
leaf_value=-0.026934131484860364 0.0307722217903952 0.025797850393513979 0.022155447421447115 -0.021462004031788724 0.027190978000712986 -0.028451955013073921 -0.022455228426320105 -0.024968679246379858 0.028401428789517322 -0.030798320472291727 -0.011215227277246857 -0.029840772964242725 -0.018848808195363501 -0.012370419238504664 0.0039583028025602859 0.033141184668638524 0.019122053479730113 -0.028834256941658348 0.032036202715052649 0.036415293343306183 -0.021492897538880461 -0.018693785409835961 -0.022792175328383353 0.023685397323726484 0.039011581591007254 0.029580229045517825 0.0034072554330298295 0.031319586011887453 0.017128006072902203 0.0064261854740744412
leaf_weight=663.12076515838635 367.13067275480898 23.704057901659326 141.27465007294995 274.45210287032751 27.2427054400614 49.356987989405752 186.92471691376522 16.007186543534772 17.472961474035401 22.713987354140045 91.210237465398677 51.430904772521899 196.94276559633181 105.8466165746795 142.84816911662347 278.12351817913986 39.072427922665156 184.3093442903355 144.77383196964729 23.276165086364927 24.706319829871063 304.76605911139086 105.21716503025709 117.33076856909975 15.334716905246749 411.34370926056363 71.489232270614593 33.433903643677695 83.34966387237364 104.79066394948131
leaf_count=830 327 172 1025 2439 48 104 204 14 79 511 298 80 676 103 103 282 376 735 423 49 132 1420 481 1193 214 972 64 156 1751 631
internal_value=-0.000172083 0.0059762 -0.0177773 -0.00442594 0.0159191 0.0105015 -0.00150835 0.0194239 -0.00149802 0.00156647 -0.0091582 -0.0100907 0.00744796 0.0141461 0.0204722 0.0232388 -0.0164039 -0.0238775 0.0146633 -0.00766288 0.0242322 -0.0154827 -0.000132776 0.00842027 -0.0149295 0.0240789 0.0257052 -0.00134675 -0.00418323 -0.0100705
internal_weight=4319 3201.08 1117.92 454.799 1373.68 1006.55 429.038 577.514 1827.39 1498.92 530.875 78.6736 968.049 549.532 443.686 420.972 313.525 201.782 242.113 72.6332 169.48 328.47 329.093 208.541 120.552 498.84 482.833 418.517 385.083 301.733
internal_count=15892 11222 4670 3840 2417 2090 912 1178 8805 7213 3000 128 4213 999 896 385 2815 814 708 153 555 1592 2186 1491 695 1050 1036 3214 3058 1307
is_linear=0
shrinkage=0.0363096


Tree=64
num_leaves=31
num_cat=0
split_feature=5 3 13 13 10 1 1 3 10 3 1 16 19 1 17 11 9 5 16 3 1 11 7 8 21 13 13 10 10 19
split_gain=201.494 98.3258 107.344 77.5557 70.2123 50.7997 71.7615 87.1346 65.8557 49.8467 55.0856 46.8503 65.2607 45.5196 40.2584 39.7435 38.6911 38.6039 34.9371 34.3994 33.9129 33.8396 31.3311 62.3545 29.0498 28.6115 24.8897 23.7733 55.9244 23.0821
threshold=28.582721710205082 59.554189682006843 -0.096348330378532396 -0.098761379718780504 0.01126956567168236 -0.027683638967573639 -0.049210121855139725 27.690594673156742 0.0095080612227320688 27.407300949096683 0.03532493673264981 38.752223968505866 -0.87837970256805409 0.01254737935960293 -1.0000000180025095e-35 0.013502685818821194 0.13980266451835635 29.834628105163578 69.158531188964858 46.155342102050788 -0.059569360688328736 0.0075274298433214435 49.972137451171882 0.98756650090217601 0.011214188300073149 0.0061146917287260303 -0.060955047607421868 0.015532886143773796 0.01486385799944401 -1.0000000180025095e-35
decision_type=2 2 2 2 2 2 2 2 2 2 2 2 2 2 2 2 2 2 2 2 2 2 2 2 2 2 2 2 2 2
left_child=5 2 4 -3 -2 6 7 -1 -7 -4 15 13 14 -10 -13 21 20 -17 29 -15 -9 24 -20 -24 -11 -23 -19 28 -6 -14
right_child=1 3 9 -5 27 8 -8 16 11 10 -12 12 18 19 -16 17 -18 26 22 -21 -22 25 23 -25 -26 -27 -28 -29 -30 -31
leaf_value=-0.029908074436223814 -0.0294331017581465 -0.021866935647239859 -0.029354869607847462 0.01738085121444493 0.031745013400353315 -0.0082845004137369026 -0.03044025823939759 -0.01133311385710481 0.036622671780419704 0.0037404898372519471 -0.013955044516829255 -0.0067658782618388582 -0.00079498998017412639 -0.0075466195798448987 0.03149147679129953 -0.016506530640332417 -0.031225294705891728 0.016907599824596813 -0.032544625818968199 0.03873711484321618 0.039020717334552875 -0.012877683459097539 0.036071692755464832 -0.0023325154412052926 0.04203710058579891 0.04536663688336396 0.039849499073649167 0.031713918512546478 -0.019988449233362546 -0.016053210961956593
leaf_weight=80.253381220536539 29.299468185294245 195.45902153862153 51.556704006974542 100.5096402941308 79.183710509085358 1557.5344787257418 232.18420325692205 22.755313384755937 97.888992539572428 71.420937341830722 126.40538569933415 51.830537849595203 217.95252691333189 91.294315036338958 120.70518357980473 30.598203004985407 17.201413047545429 146.83561434809235 25.724572251272548 27.561629496613023 78.296270652501335 143.88729027572299 80.395537341328236 181.71942368795499 41.170995022817806 12.049644482478469 108.38496764010779 484.80728886958968 42.243769230797625 326.60659831483281
leaf_count=290 233 88 103 44 276 4264 1142 376 434 249 561 317 1060 483 580 91 277 288 63 34 175 776 363 520 51 34 224 707 57 1732
internal_value=0.000182737 0.0104373 0.0145432 -0.00853818 0.025462 -0.00513256 -0.016736 -0.000706146 -0.00333435 0.00506727 0.0076744 0.00297658 -0.000325522 0.0182872 0.0199981 0.0126067 0.0191111 0.0220302 -0.00453826 0.00318527 0.0276807 0.0025759 0.00569316 0.00944636 0.0177453 -0.00837622 0.0266508 0.0281153 0.0137464 -0.00994652
internal_weight=4873.72 1663.81 1367.84 295.969 635.534 3209.9 430.691 198.506 2779.21 732.31 680.753 1221.68 1004.93 216.745 172.536 554.348 118.253 285.819 832.399 118.856 101.052 268.529 287.84 262.115 112.592 155.937 255.221 606.235 121.427 544.559
internal_count=15892 3782 3650 132 1273 12110 2260 1118 9850 2377 2274 5586 4635 951 897 1713 828 603 3738 517 551 1110 946 883 300 810 512 1040 333 2792
is_linear=0
shrinkage=0.0363096


Tree=65
num_leaves=31
num_cat=0
split_feature=1 11 4 16 10 13 7 7 10 11 2 13 1 1 9 6 1 11 8 19 1 2 1 6 4 1 11 6 7 1
split_gain=254.822 91.6554 76.8356 59.6826 81.4795 120.212 112.176 84.4834 78.0868 67.8972 51.32 49.2837 49.0245 48.33 46.823 39.2809 44.2844 39.1739 38.112 35.9188 35.5131 58.7377 33.7674 31.6794 36.1952 37.3517 52.6996 33.6142 25.647 20.8339
threshold=-0.033948963508009904 0.0062376342248171577 9.9448776245117205 21.842226982116703 0.016344096511602405 0.0073830734472721824 37.902074813842781 49.972137451171882 0.038733322173357017 0.012762928847223522 -0.1186963804066181 0.071993649005889906 0.013995800167322161 -0.020933509804308411 0.027372183278203014 0.0087804538197815436 -0.010586749296635388 0.16113392263650897 -0.44201938807964319 -0.60785761475563038 0.036964261904358871 0.051957257091999061 0.080713160336017623 2.2690709829330449 24.825402259826664 -0.0054356600157916537 0.0051573782693594703 0.036189353093504913 55.820053100585945 -0.0058590988628566256
decision_type=2 2 2 2 2 2 2 2 2 2 2 2 2 2 2 2 2 2 2 2 2 2 2 2 2 2 2 2 2 2
left_child=2 11 -1 22 5 6 10 8 17 20 -5 23 14 -10 -8 -9 -17 -6 -14 -12 21 -7 -3 24 25 -2 -27 -28 -22 -26
right_child=1 3 -4 4 7 9 12 15 13 -11 19 -13 18 -15 -16 16 -18 -19 -20 -21 28 -23 -24 -25 29 26 27 -29 -30 -31
leaf_value=0.035879011628270001 0.02995450575058178 -0.022760606789773347 -0.028193875726931921 0.044107059974131328 0.032717393667107207 0.012813760501691361 0.020573239065223556 -0.02557275410641539 0.014035927218717114 -0.016891098182556612 0.026754098704812056 -0.025291686934353942 0.019540950407424387 -0.028483634303261104 -0.023675109480103387 -0.02349975598815339 0.035123891210820608 -0.019301869004464994 -0.022793145766406293 -0.0049721895500085917 -0.015934805725163249 -0.0070577087489545028 0.013348612547964208 -0.019598338046602347 0.0098407815405418299 -0.01689124929265827 0.037995259790527626 -0.010908732531762791 0.02575824601125536 0.035314320601147621
leaf_weight=26.067205157283752 94.019899505208741 201.46091790419814 461.47240959139344 45.271252494510918 336.79648086996349 586.27835153228079 33.229482757364167 90.331482066560056 98.223290116258795 144.91536417945099 61.017600467921511 35.657091098608362 75.608269498508889 54.965866658130835 615.06479548637071 29.133731885611269 40.745420371917135 20.229468584060669 44.558505267843429 205.45629511628249 21.375830996053992 294.67276514718469 41.106284055478682 27.083481065479646 52.91830644577567 94.925947211551829 58.194985349662602 27.18199496717898 215.70212521929352 211.78828464461185
leaf_count=438 185 525 2335 55 895 1254 94 609 37 1442 290 68 728 86 1977 86 722 5 409 630 235 1028 30 141 123 441 63 181 480 300
internal_value=-3.38905e-05 0.00309181 -0.0247679 0.000685816 0.00208051 -0.00111304 -0.0100058 0.0132422 0.020465 0.00649292 0.00836484 0.0161103 -0.0174585 -0.00121982 -0.0214069 -0.00975917 0.0106812 0.0297696 0.00384229 0.00229214 0.00952399 0.00616675 -0.0166409 0.0187183 0.0206437 0.0114005 0.00172472 0.0224241 0.0219986 0.0302223
internal_weight=4345.45 3857.91 487.54 3256.14 3013.58 2343.15 1080.21 670.426 510.215 1262.94 311.745 601.77 768.461 153.189 648.294 160.211 69.8792 357.026 120.167 266.474 1118.03 880.951 242.567 566.113 539.029 274.323 180.303 85.377 237.078 264.707
internal_count=15892 13119 2773 11617 11062 8622 4183 2440 1023 4439 975 1502 3208 123 2071 1417 808 900 1137 920 2997 2282 555 1434 1293 870 685 244 715 423
is_linear=0
shrinkage=0.0363096


Tree=66
num_leaves=31
num_cat=0
split_feature=19 6 0 0 0 19 5 13 16 21 21 10 8 0 17 9 7 7 1 1 16 1 16 21 10 12 1 9 13 21
split_gain=332.93 168.618 101.296 104.116 78.6793 76.7629 103.915 65.9912 112.512 56.7173 54.6642 48.6786 40.9262 38.0972 39.5635 37.2608 48.5003 43.3677 36.7906 34.9707 37.373 30.5791 28.0738 26.8174 26.7675 26.6474 33.2545 26.4095 25.827 28.5549
threshold=-0.60785761475563038 0.06580574065446855 41.000000000000007 55.500000000000007 37.500000000000007 0.6078576147556306 24.430153846740726 -0.0024518003920093174 41.266605377197273 0.010201129131019117 0.035019053146243102 0.0091680553741753119 0.98756650090217601 37.500000000000007 -0.68301269412040699 0.051492102444171912 55.038692474365241 59.622192382812507 -0.0031004333868622776 0.080713160336017623 32.792608261108406 0.018910846672952179 30.776043891906742 0.0070711949374526748 0.010402324143797161 -0.075519919395446763 -0.059569360688328736 0.1639949977397919 -0.10011973604559897 0.01597487181425095
decision_type=2 2 2 2 2 2 2 2 2 2 2 2 2 2 2 2 2 2 2 2 2 2 2 2 2 2 2 2 2 2
left_child=2 4 -1 23 22 9 15 8 11 21 13 18 -5 -10 -15 16 -7 -17 -3 -9 -21 -6 -2 -4 -25 28 -27 -16 -13 -30
right_child=1 7 3 12 5 6 -8 19 10 -11 -12 25 -14 14 27 17 -18 -19 -20 20 -22 -23 -24 24 -26 26 -28 -29 29 -31
leaf_value=-0.026707360751033693 0.0053669084533325912 0.032637626939503027 -0.023759205269720304 -0.021135518579996009 -0.029326205244168756 -0.028780819687878594 -0.022108026123771673 -0.013140616016950355 -0.030629269325868638 0.023362877556605221 -0.021359595972989875 -0.022162843130295613 0.018548835519600758 0.03595565297392174 0.017527885448988857 0.0310883598362016 0.034391967051498093 -0.021227391064740749 -0.0060409197341022873 -0.032093360600152533 0.037388205673571359 0.016772618353093096 0.034147128238624515 0.035611421570315452 -0.0051258433890484061 0.021420024346970792 -0.028638542647627638 -0.0025769628035931216 -0.032379589578749902 0.035177401006317166
leaf_weight=643.3136104260866 52.269491730536174 49.479084226248233 15.429669576999002 269.94242901170765 45.172697756855996 47.990537021229102 183.50804231219445 603.29252604572866 22.361042394624747 496.20010265810924 56.387731560771499 38.856483220135487 39.238987440745404 123.95966991139358 383.83691368835389 144.1621258933119 24.051600972208689 24.42766541605306 94.039413715190676 14.106767880904952 36.89838071509439 32.703009944380028 308.31657815173639 99.822567139497551 27.015460850816453 19.057704552906216 213.14837182636074 111.05181468079536 10.969106659395036 33.24254475563248
leaf_count=830 48 231 66 2439 78 98 204 3979 441 1050 254 539 376 288 1112 423 55 132 407 24 181 50 279 560 399 127 705 56 33 428
internal_value=-0.000192188 0.00577048 -0.017455 -0.00427021 0.0154382 0.0101867 -0.00152732 -0.00148443 0.00372959 0.0188415 0.0129146 -0.010236 -0.0160987 0.0159288 0.0176113 0.0141672 -0.0076887 0.0235074 0.00729305 -0.0106997 0.0181691 -0.0099661 0.0299755 0.0214351 0.0269338 -0.0182159 -0.0245296 0.0130162 -0.000565356 0.0184136
internal_weight=4264.25 3169.49 1094.76 451.449 1358.8 998.216 424.14 1810.69 1156.39 574.076 697.597 458.793 309.181 641.209 618.848 240.632 72.0421 168.59 143.518 654.298 51.0051 77.8757 360.586 142.268 126.838 315.274 232.206 494.889 83.0681 44.2117
internal_count=15892 11222 4670 3840 2417 2090 912 8805 4621 1178 2151 2470 2815 1897 1456 708 153 555 638 4184 205 128 327 1025 959 1832 832 1168 1000 461
is_linear=0
shrinkage=0.0363096


Tree=67
num_leaves=31
num_cat=0
split_feature=5 0 3 2 5 10 12 21 10 0 2 0 1 4 13 12 10 2 3 12 1 5 21 2 3 3 9 12 9 13
split_gain=188.258 94.9044 91.908 148.84 82.9256 74.6951 73.2628 77.237 56.4739 47.7618 59.3762 36.128 33.4483 32.6019 31.6384 46.2416 53.4529 44.3836 68.2727 58.6419 44.3501 44.3437 38.7823 37.7069 26.6143 26.3935 23.6106 22.8921 22.4758 25.1636
threshold=28.582721710205082 33.500000000000007 59.554189682006843 -0.09212911874055861 24.801280021667484 0.011403851676732303 -0.13957203179597852 0.026436892338097099 0.013068706728518011 37.500000000000007 -0.13648501038551328 58.000000000000007 0.03532493673264981 8.9173116683959979 0.074933271855115904 0.014697560109198095 0.012785490136593582 0.076342653483152403 28.761888504028324 0.078493963927030577 0.011276846751570703 19.994899749755863 0.0057146488688886174 -0.027402000501751896 26.206627845764164 48.141281127929695 0.027372183278203014 -0.015308863483369349 0.027372183278203014 -0.052951408550143235
decision_type=2 2 2 2 2 2 2 2 2 2 2 2 2 2 2 2 2 2 2 2 2 2 2 2 2 2 2 2 2 2
left_child=1 4 3 5 26 -2 -4 -8 11 -3 -11 12 28 -6 15 16 22 18 -16 -19 -20 23 -12 -17 -23 -21 -1 -13 -5 -30
right_child=2 9 6 8 13 -7 7 -9 -10 10 14 27 -14 -15 17 21 -18 19 20 25 -22 24 -24 -25 -26 -27 -28 -29 29 -31
leaf_value=-0.007582044052277072 -0.029847688461735408 -0.021918312149116412 -0.027776324462356682 -0.023162723337407924 0.036786937715283879 0.027293976614869514 -0.017863875662512959 0.033284965912266248 -0.017835902374945707 0.034792204626037881 0.047221825801876116 -0.015318469807725207 -0.013987399145096219 -0.016427848444468235 -0.032479699637019487 0.027586210310138914 0.0312748209811353 -0.016710827567107515 0.041216169440490329 -0.0025741298985649209 -0.018056732244525128 0.0037611096800204903 -0.0059482598656660631 -0.010319972843707359 -0.02777720383320206 0.023436457695617616 0.030883489267143138 0.041028323659872842 0.01267305229299813 0.036389790762378325
leaf_weight=23.597346634938731 31.472705499945732 262.62179350452061 135.88555248648663 15.979618191497137 17.430949549709112 721.95316980700045 74.95085701662174 80.966417789459229 159.96417840909999 46.960309234900706 18.568543819723345 103.65521986677413 48.966816322958039 117.39168361985867 27.867222726101318 36.228191129357583 59.433353752086987 244.65092223374813 95.138288577200001 110.24255427468961 20.168336834083675 39.854197744461999 695.06137158110505 767.82779143374682 306.68321445543188 96.402598983397183 193.62786005047019 10.46451996124051 163.69202343041798 92.222502129228815
leaf_count=41 220 390 40 45 38 1046 74 18 581 122 85 786 121 358 135 207 943 1175 655 741 45 105 2728 2665 470 471 736 101 480 270
internal_value=0.000196862 -0.00495689 0.0101884 0.0141869 0.012821 0.0249069 -0.00828762 0.00869654 0.000611085 -0.00717027 -0.00566028 0.00739523 0.013636 -0.00954693 -0.00641472 -0.00867724 -0.00180911 0.000906425 0.0185209 -0.00468154 0.0308477 -0.0132917 -0.00456461 -0.00861189 -0.0241498 0.00955961 0.0267044 -0.0101505 0.0186113 0.0212202
internal_weight=4819.93 3179.76 1640.17 1348.37 352.048 753.426 291.803 155.917 594.945 2827.71 2565.09 434.981 320.861 134.823 2518.13 1923.66 773.063 594.47 143.174 451.296 115.307 1150.59 713.63 804.056 346.537 206.645 217.225 114.12 271.894 255.915
internal_count=15892 12110 3782 3650 1173 1266 132 92 2384 10937 10547 1803 916 396 10425 7203 3756 3222 835 2387 700 3447 2813 2872 575 1212 777 887 795 750
is_linear=0
shrinkage=0.0363096


Tree=68
num_leaves=31
num_cat=0
split_feature=1 3 13 21 21 4 1 1 20 7 1 13 1 0 3 1 0 21 12 21 1 19 13 0 3 21 1 9 12 21
split_gain=242.816 111.266 103.314 98.1205 74.273 73.1461 61.274 73.9112 76.3963 104.319 48.364 66.0839 46.9592 71.8799 43.9571 39.0347 38.6202 35.1807 34.6584 58.6226 29.4278 29.0443 27.8513 25.0203 51.994 24.7275 23.1589 21.3594 17.9758 17.0929
threshold=-0.033948963508009904 59.554189682006843 -0.0012873429805040357 0.016266708262264732 0.0050275190733373174 9.9448776245117205 0.043772948905825622 -0.01321598421782255 1.0000000180025095e-35 51.795066833496101 0.030079720541834835 0.080955807119607939 -0.00044038957275915886 70.500000000000014 27.788260459899906 0.013467282988131048 42.500000000000007 0.016824341379106048 -0.13957203179597852 0.032364044338464744 0.013011318165808918 0.87837970256805431 0.052666071802377708 52.500000000000007 35.613735198974616 0.011841920204460623 0.070789884775877013 0.044507548213005073 -0.068836610764265047 0.019683602266013626
decision_type=2 2 2 2 2 2 2 2 2 2 2 2 2 2 2 2 2 2 2 2 2 2 2 2 2 2 2 2 2 2
left_child=5 2 4 10 -2 -1 7 8 25 -10 11 12 21 -14 -13 27 -8 -17 -3 20 -20 -4 26 24 -12 -6 -5 -9 -22 -24
right_child=1 18 3 22 6 -7 16 15 9 -11 23 14 13 -15 -16 17 -18 -19 19 -21 28 -23 29 -25 -26 -27 -28 -29 -30 -31
leaf_value=0.035183770827549664 0.042190521428150551 0.03453123886017781 0.015115353099119279 -0.0090476894078188683 0.0084635321269750721 -0.028010916407435929 0.024259651748017884 -0.0088708855871907806 0.018861060471097712 -0.024316268477963292 0.030021419669170449 0.048124619168718991 -0.0081497712154676178 0.018803151958046421 -0.026739282415443429 0.011638286596716139 -0.018214707615728933 -0.020015111256251477 0.025970519370479183 -0.032544815089686055 0.0254177955325838 0.042076867912694278 -0.0049260037890841444 0.03080011399424536 -0.024157581092964425 -0.027612252380560639 0.038118685624435218 -0.023252146297692018 -0.029676246359575359 -0.025410040003714423
leaf_weight=25.525786399542994 41.945156547582883 156.68389129638672 443.40982096608241 33.025496220976493 31.212705668998751 446.69705136763241 123.82455092668533 184.08319973818834 326.8937399272636 95.27166349961044 58.878572824505682 11.526910057491476 318.27388391711975 221.04460505778479 100.34660900845302 115.27439203304129 36.551737566609518 77.356569689023672 169.88805518249865 32.787809428042237 11.889388769515788 59.784973909923792 84.901941468046061 209.138397344841 38.700949952188239 126.75591338389131 23.48023747379375 523.28491231941734 22.734834540206066 146.2401384923669
leaf_count=438 32 31 811 766 42 2335 53 653 660 123 74 27 735 528 298 570 748 713 102 52 20 177 707 778 63 635 146 1616 142 1817
internal_value=-3.00674e-05 0.00300243 0.000903977 0.00708397 -0.00551948 -0.0245947 -0.00673942 -0.00904935 0.00105656 0.0091168 0.0109002 0.00749489 0.0103408 0.00289693 -0.0190246 -0.0155637 0.0145785 -0.00107248 0.0212776 0.0125259 0.0197524 0.0183189 -0.0123 0.0237162 0.00853237 -0.0204834 0.0105498 -0.0195098 -0.0107546 -0.0178864
internal_weight=4297.41 3825.19 3431.21 1748.75 1682.45 472.223 1640.51 1480.13 580.134 422.165 1461.1 1154.39 1042.51 539.318 111.874 899.999 160.376 192.631 393.984 237.3 204.512 503.195 287.648 306.718 97.5795 157.969 56.5057 707.368 34.6242 231.142
internal_count=15892 13119 12772 6927 5845 2773 5813 5012 1460 783 3491 2576 2251 1263 325 3552 801 1283 347 316 264 988 3436 915 137 677 912 2269 162 2524
is_linear=0
shrinkage=0.0363096


Tree=69
num_leaves=31
num_cat=0
split_feature=0 13 13 3 12 10 20 12 0 3 14 10 14 0 13 16 8 13 6 0 16 12 13 12 13 3 6 21 16 12
split_gain=297.06 98.5956 105.805 93.2359 91.6309 121.328 74.3396 90.9119 87.0441 127.193 72.9133 61.606 58.2039 56.0954 72.4032 65.6109 51.2666 45.2389 37.3071 36.4797 34.1402 26.3328 23.9367 23.6807 35.4963 25.1506 23.2396 30.1426 23.154 22.6129
threshold=27.500000000000004 0.0049211108125746259 0.04649366810917855 42.625802993774421 0.092687945812940611 0.017209171317517761 1.0000000180025095e-35 0.01542750094085932 33.500000000000007 29.102988243103031 -0.0035257783019915219 0.0047166813164949426 0.013556432444602253 70.500000000000014 0.054645646363496787 64.182685852050795 0.41853900253772741 0.10554994642734529 0.06580574065446855 62.500000000000007 22.178556442260746 0.047212304547429092 -0.08305105939507483 -0.056519351899623864 -0.047862943261861794 50.90126037597657 0.58387410640716564 0.0073846606537699708 72.510589599609389 0.13933603465557101
decision_type=2 2 2 2 2 2 2 2 2 2 2 2 2 2 2 2 2 2 2 2 2 2 2 2 2 2 2 2 2 2
left_child=-1 4 26 13 5 6 8 23 9 -2 -9 -12 -7 16 -15 -16 -4 21 -17 -5 -10 -18 -14 25 -25 -8 -3 -28 -29 -21
right_child=1 2 3 19 -6 12 7 10 20 -11 11 -13 22 14 15 18 17 -19 -20 29 -22 -23 -24 24 -26 -27 27 28 -30 -31
leaf_value=-0.026935343034551206 0.024485942422655577 -0.026431120305572636 0.027110403367377512 0.0087110545071183432 0.030976426810148078 -0.027001879721765897 -0.0051890034642760857 -0.022628378086309783 -0.013239719968753774 -0.026725699062655341 -0.030134483875431842 0.027509399692592151 -0.029694434621483787 0.058815958798384624 -0.02893862269834795 0.024770805462096309 0.012419692189947427 0.03505451201773175 -0.025002270620689333 -0.024808976554658555 0.022712590754714976 -0.011372522251701543 0.034798376952489184 -0.026755934884900356 -0.0017755232296623813 0.041922387965421748 -0.028320009116117654 -0.0023125193145091378 0.049563491660920306 0.023475409802016841
leaf_weight=484.95374843200534 118.22212255498744 261.81635971429569 244.79979136987276 64.789639869652092 209.18995041127528 195.41532247574651 70.020324238757894 58.953496486410586 36.486632566398839 139.25266052238294 27.100997929170262 249.08513530502205 9.8762391550608282 20.759593579126886 129.61796050850535 69.369595747053609 104.1551122935889 53.860854214735809 27.812419653530014 222.94514176188932 761.50777194891452 149.15459103913236 32.714792066550217 180.79326833133746 128.16986184466441 18.990691325701846 53.121576656956677 59.471771967380846 14.01546746223721 13.563067542774659
leaf_count=1474 59 1390 676 216 129 810 571 82 221 186 41 374 75 194 1109 147 299 255 449 809 2623 487 121 881 733 76 223 642 118 422
internal_value=-0.000204133 0.00327592 -0.00396198 0.00178682 0.00809713 0.00573541 0.00897631 9.40802e-05 0.0151457 -0.00321093 0.0140277 0.0218526 -0.018619 0.00827377 -0.00608695 -0.0120282 0.0147148 0.0048357 0.0105251 -0.0154267 0.0210686 -0.00158927 0.0198407 -0.0116394 -0.0163935 0.00486113 -0.0202548 -0.00748188 0.00757985 -0.0220395
internal_weight=4209.99 3725.03 1489.25 1100.83 2235.78 2026.59 1788.58 733.114 1055.47 257.475 335.14 276.186 238.006 799.53 247.56 226.8 551.97 307.171 97.182 301.298 797.994 253.31 42.591 397.974 308.963 89.011 388.425 126.609 73.4872 236.508
internal_count=15892 14418 7436 5063 6982 6853 5847 2758 3089 245 497 415 1006 3616 1899 1705 1717 1041 596 1447 2844 786 196 2261 1614 647 2373 983 760 1231
is_linear=0
shrinkage=0.0363096


Tree=70
num_leaves=31
num_cat=0
split_feature=5 0 3 2 2 16 0 7 3 20 2 1 16 20 4 4 6 5 20 14 2 4 16 1 14 6 1 5 19 3
split_gain=176.006 88.3538 85.0305 140.125 77.7264 58.331 78.4636 52.7326 43.0211 42.1432 41.0713 33.3597 33.2826 41.6071 32.3502 35.3623 28.8673 28.731 26.6947 50.3965 26.316 29.1814 25.2031 25.5407 49.3102 37.4561 33.6205 30.3613 30.2082 24.4873
threshold=28.582721710205082 33.500000000000007 59.554189682006843 -0.09212911874055861 -0.093688510358333574 41.266605377197273 49.500000000000007 35.610832214355476 30.148077964782718 1.0000000180025095e-35 -0.032073630020022385 0.039720091968774802 22.178556442260746 1.0000000180025095e-35 22.249984741210941 23.215383529663089 0.17959783226251605 27.768135070800785 -0.56174489110708226 -0.051159847527742379 -0.032073630020022385 17.7709493637085 53.112508773803718 0.0097913662903010863 -0.0063095584046095601 2.9468511343002324 0.0061288573779165753 18.545227050781254 -0.87837970256805409 33.472511291503913
decision_type=2 2 2 2 2 2 2 2 2 2 2 2 2 2 2 2 2 2 2 2 2 2 2 2 2 2 2 2 2 2
left_child=1 4 3 18 -1 9 14 -4 -5 20 -11 12 -10 -14 -7 -16 -13 -6 19 -2 21 -3 -8 26 -25 -26 27 -24 -28 -12
right_child=2 5 7 8 17 6 22 -9 11 10 29 16 13 -15 15 -17 -18 -19 -20 -21 -22 -23 23 24 25 -27 28 -29 -30 -31
leaf_value=-0.029187262535097444 0.033814655701879137 -0.025393934787344554 -0.018950118578934489 -0.020576937791233429 0.022517682432951377 -0.025891088996892637 -0.015367347168443552 0.014207155431423807 0.033513219882878503 0.030458546948222441 -0.012897263004375157 0.021807176048093811 -0.0089651448458952631 0.018561262937602702 0.028487860834350891 -0.014338120484975644 -0.020059776203823168 -0.023614674513939379 0.026678417676593538 -0.025297986427848345 0.0052343545281395261 0.0065760811296785848 0.0014992257686189821 0.022000260538602032 -0.016679604810386248 0.027664301923066553 -0.0096373910683363925 -0.020190957155195671 0.035955456527908672 0.022596192007635109
leaf_weight=50.441807570836318 37.658795279716287 113.70792918303778 191.6100976129037 104.02263851450152 277.89262742562096 427.24590115657338 255.846999246829 94.381709678815241 68.796477093230351 117.35411079280129 72.13717678401008 27.819870972723947 138.49733311069394 151.67614626167779 28.348913347826965 245.87244306728644 98.868466619855099 19.013916266489105 663.58101205379353 38.404745788626315 175.48665480105046 56.260311750907931 603.26539024768863 57.549522158451509 392.423560648891 26.827958168960322 27.612531991198921 99.050360829436613 62.555570663344042 39.745624914721702
leaf_count=336 28 265 81 381 798 797 2323 51 290 257 382 42 631 567 60 688 473 39 1019 219 844 36 1856 169 2006 165 32 625 207 225
internal_value=0.000209018 -0.00478979 0.00995296 0.013817 0.0124831 -0.0069316 -0.0095935 -0.00800731 0.000613998 0.0033815 0.015452 0.0051531 0.0108066 0.00542276 -0.019644 -0.00991036 -0.0108652 0.019563 0.024343 0.00396702 -0.00462792 -0.014811 -0.00497082 -0.00287512 -0.00951541 -0.0138418 0.0011199 -0.00155967 0.0219921 -0.000287426
internal_weight=4763.96 3148.64 1615.32 1329.33 347.348 2801.29 2226.6 285.992 589.681 574.692 229.237 485.658 358.97 290.173 701.467 274.221 126.688 296.907 739.645 76.0635 345.455 169.968 1525.13 1269.28 476.801 419.252 792.484 702.316 90.1681 111.883
internal_count=15892 12110 3782 3650 1173 10937 8928 132 2384 2009 864 2003 1488 1198 1545 748 515 837 1266 247 1145 301 7383 5060 2340 2171 2720 2481 239 607
is_linear=0
shrinkage=0.0363096


Tree=71
num_leaves=31
num_cat=0
split_feature=1 21 0 7 13 4 12 14 10 21 20 21 1 2 13 0 5 21 12 1 0 21 1 19 18 9 7 7 1 12
split_gain=231.554 77.6182 99.3633 70.9679 74.4669 69.4837 56.3235 52.956 52.2497 51.0534 57.7735 46.7437 68.7266 42.1389 55.2637 53.6849 38.6563 38.4877 35.8299 58.5412 34.6494 32.4155 30.9992 44.9694 30.2917 24.0711 32.0439 22.5397 21.5405 29.8757
threshold=-0.033948963508009904 0.010428401175886394 24.500000000000004 58.753953933715827 0.050161793828010566 9.9448776245117205 0.0044790736865252265 0.00010001161354011857 0.038733322173357017 0.061693329364061363 -0.56174489110708226 0.019683602266013626 0.038302974775433547 0.068289469927549376 0.068136867135763182 70.500000000000014 15.696266174316408 0.014156623743474485 -0.0051297403406351796 0.022585985250771049 63.500000000000007 0.016824341379106048 -0.01814809255301952 0.87837970256805431 -0.68301269412040699 0.099248569458723082 38.376749038696296 45.739515304565437 0.017093818634748462 0.013801033142954113
decision_type=2 2 2 2 2 2 2 2 2 2 2 2 2 2 2 2 2 2 2 2 2 2 2 2 2 2 2 2 2 2
left_child=5 13 6 7 22 -1 8 9 -3 10 20 12 16 15 -15 18 -6 -12 19 -2 -4 -14 23 -5 25 -9 -27 -21 -17 -30
right_child=1 2 3 4 11 -7 -8 24 -10 -11 17 -13 21 14 -16 28 -18 -19 -20 27 -22 -23 -24 -25 -26 26 -28 -29 29 -31
leaf_value=0.034498535755937733 -0.022703480282187057 0.034476674882236907 -0.0011774579322956628 -0.039651582140871 -0.010855385996424969 -0.027840914814457302 -0.015171670715738883 -0.011648795581610213 0.0024269276248817012 -0.027869104252850427 -0.0068662994428557687 -0.026817637023461058 0.027174548602496008 0.039053479372169075 -0.031123473244196412 0.039209389232145238 0.024562974276302635 0.0097796553224740075 0.015600184469297521 0.047649937525040924 -0.026275273512406178 -0.0094260092790269829 0.037512396672357881 0.043055495902811533 -0.019694677488069363 -0.031968239474824078 0.034049895311974991 -0.0050738181431430468 0.047267706763830228 -0.031360998795251151
leaf_weight=24.929955813322522 90.932194492275812 208.41159016836355 143.84625956340642 18.646781148851005 278.69287836703916 432.27895696383075 56.871113058399715 98.115792770029657 98.890936522060656 92.041924331288101 260.06648869890341 69.271852341142221 178.92268584392514 20.08515171171166 56.151953891094308 142.64293702404757 47.55755328025225 618.92876681112648 410.21234386935248 28.319353559323645 146.27967264019208 38.819387922492751 125.23060488980082 16.193811165983789 447.672106668173 12.666072333562623 41.276712477818364 17.166309577427455 11.3649948128259 14.49688091124335
leaf_count=438 484 262 568 83 1003 2335 57 472 44 76 692 1211 298 45 151 317 140 2586 807 79 839 126 336 23 2036 22 175 54 76 57
internal_value=-3.20801e-05 0.00291271 0.000243099 -0.0022145 0.00703034 -0.0244415 0.0180203 -0.00605646 0.0241633 -0.00183248 0.000217225 0.00127374 0.0048511 0.0130274 -0.0126334 0.0157631 -0.00569209 0.00485452 0.0102393 -0.00588013 -0.013832 0.0206488 0.0290843 -0.00120631 -0.0149388 -0.00093633 0.0185463 0.0277496 0.0336816 0.00318814
internal_weight=4246.98 3789.78 2998.4 2634.23 773.336 457.209 364.174 1860.89 307.303 1261.16 1169.12 613.264 543.993 791.372 76.2371 715.135 326.25 878.995 546.63 136.418 290.126 217.742 160.071 34.8406 599.731 152.059 53.9428 45.4857 168.505 25.8619
internal_count=15892 13119 11049 10686 3220 2773 363 7466 306 4761 4685 2778 1567 2070 196 1874 1143 3278 1424 617 1407 424 442 106 2705 669 197 133 450 133
is_linear=0
shrinkage=0.0363096


Tree=72
num_leaves=31
num_cat=0
split_feature=3 1 5 11 1 9 20 12 1 5 1 7 20 12 17 11 7 3 5 11 7 3 1 17 11 17 9 9 1 16
split_gain=227.859 145.915 100.838 64.8967 46.846 43.7115 67.0985 64.0378 52.3879 47.937 45.8056 66.1933 45.8727 42.9076 42.4571 38.8824 91.6007 38.4919 49.8744 37.6156 33.382 30.514 27.0079 28.208 22.3268 18.9735 38.318 29.5426 18.3958 21.6482
threshold=45.510498046875007 -0.027683638967573639 32.117872238159187 0.015810528770089153 0.078514065593481078 0.1639949977397919 0.81174489855766307 0.020661544986069206 -0.0049894670955836764 11.981762886047365 0.015528446529060604 53.406375885009773 -0.56174489110708226 0.13066969066858294 -1.0000000180025095e-35 0.01701300032436848 46.700166702270515 56.874711990356452 22.993957519531254 0.025203974917531017 33.701351165771491 29.386172294616703 0.024114953354001049 -0.68301269412040699 0.0066795316524803647 -0.68301269412040699 0.072120692580938353 0.11127924919128419 0.023126970976591114 62.423376083374031
decision_type=2 2 2 2 2 2 2 2 2 2 2 2 2 2 2 2 2 2 2 2 2 2 2 2 2 2 2 2 2 2
left_child=1 2 15 17 5 6 8 -8 13 14 12 -12 -10 20 -9 25 -17 18 -2 -6 -3 -7 23 -20 -25 26 -1 -28 -19 -30
right_child=3 4 -4 -5 19 21 7 9 10 -11 11 -13 -14 -15 -16 16 -18 28 22 -21 -22 -23 -24 24 -26 -27 27 -29 29 -31
leaf_value=0.034458038732552862 -0.014540029772709755 0.038121344517826679 -0.027855439564389593 -0.026028175324091796 0.024003963508324944 0.024039729954371529 -0.0040351081593061923 0.024077384803167699 0.016774037784923857 0.036883588449703589 -0.023984664662649962 0.0050174604166166306 -0.00061041509538631365 0.040834781408785367 -0.030223660779218973 -0.030981866830835651 0.025425829223281349 -0.028679012570662701 -0.018616994579800587 -0.030468239217566154 -0.016819164843587423 -0.02359851954828009 0.046505036003838165 -0.021343633379990703 0.019897831077063409 0.033841343069919837 -0.040625632849341814 0.033968909332106917 0.028798262831504384 -0.02960898237498575
leaf_weight=49.048164998524953 198.59448323052311 15.0763930066023 54.154468680407263 427.57089703994006 161.33476397151753 19.982111279769015 158.07820581484157 47.723494176552776 330.66699714830429 163.62999338315058 194.00655825927242 223.01039361470976 506.8150119411348 18.889610929318223 31.52184772363762 51.731425424071858 142.50700062872056 127.51592395745138 46.079787747667069 18.642816656873038 442.01106150187843 156.90904719557147 24.632728264812613 20.155111187055809 122.33420885886881 337.95007834804892 21.725091394415358 10.32525421496757 17.911162933116429 15.698684556948136
leaf_count=160 673 86 348 1213 559 120 824 99 959 277 1641 1193 1714 20 105 437 271 227 139 99 1877 714 125 41 387 1258 143 74 77 32
internal_value=-0.000224471 0.00456248 0.0196378 -0.0153235 0.000518755 -0.00087233 0.000567044 0.0139508 -0.00253394 0.0256577 0.00135744 -0.00847478 0.00625344 -0.0127904 0.00247633 0.0238317 0.0104022 -0.00733441 -0.00144704 0.0183609 -0.0150068 -0.0182165 0.0107484 0.00607684 0.0140634 0.0300563 0.014282 -0.0165909 -0.0223803 0.00151371
internal_weight=4156.23 3155.74 667.441 1000.49 2488.3 2308.32 2131.43 400.954 1730.48 242.875 1254.5 417.017 837.482 475.977 79.2453 613.287 194.238 572.922 411.796 179.978 457.087 176.891 213.202 188.569 142.489 419.049 81.0985 32.0503 161.126 33.6098
internal_count=15892 12978 2691 2914 10287 9629 8795 1305 7490 481 5507 2834 2673 1983 204 2343 708 1701 1365 658 1963 834 692 567 428 1635 377 217 336 109
is_linear=0
shrinkage=0.0363096


Tree=73
num_leaves=31
num_cat=0
split_feature=11 13 19 6 7 7 5 21 6 13 4 21 1 7 8 21 13 1 12 11 12 4 5 7 18 4 12 6 8 7
split_gain=168.747 56.9359 53.2836 45.2308 46.7562 80.181 82.4261 56.1372 42.8796 43.9688 46.1195 42.3868 41.5987 40.8435 36.661 49.52 34.3517 53.277 40.48 32.0453 31.2985 48.1082 30.743 35.9333 35.9607 30.3053 49.6133 28.7099 27.8637 31.7295
threshold=0.017488496378064159 -0.074309129267930971 0.87837970256805431 -0.36075823009014124 55.671606063842781 37.567609786987312 28.701048851013187 0.026184055954217914 2.1953036785125737 -0.11435085535049437 10.180556297302248 0.056755073368549354 -0.033155694603919976 49.023902893066413 -0.70296972990036 0.014625873882323505 0.073068622499704375 0.011276846751570703 0.082653582096099867 0.0061355638317763814 0.01542750094085932 29.430278778076175 46.44764709472657 58.753953933715827 0.25000000000000011 20.673912048339847 1.0000000180025095e-35 1.2321591377258303 2.1048871278762822 66.519912719726577
decision_type=2 2 2 2 2 2 2 2 2 2 2 2 2 2 2 2 2 2 2 2 2 2 2 2 2 2 2 2 2 2
left_child=2 8 3 25 5 19 7 12 13 10 11 -10 -7 -2 15 -4 28 20 -19 -5 -18 -22 23 27 -25 -1 -27 -3 -6 -30
right_child=1 22 14 4 16 6 -8 -9 9 -11 -12 -13 -14 -15 -16 -17 17 18 -20 -21 21 -23 -24 24 -26 26 -28 -29 29 -31
leaf_value=-0.018442330884764851 0.02907522638448683 -0.014950215310557364 0.022984695982562763 0.029044715410707685 -0.013041050589026324 -0.030090100244235096 0.023603777938364309 -0.015341404570037879 -0.025355843082095368 0.040872871929639225 0.027721079610448583 0.014774430406464022 0.0094869184943162915 -0.030427492664249337 -0.020828764905360057 -0.01863871614710624 -0.02058544429959067 -0.018754032642652442 0.010307197115700547 -0.013620842677044108 0.043185752389041654 0.00414169576122401 0.039563290563765681 -0.0058830066580164136 0.041539389912737472 0.030992396682362894 -0.010105044831280423 0.037475299489661301 -0.024890550659148032 0.038571256890707575
leaf_weight=315.01173154022581 399.66580607759715 184.14600227367737 69.976682441483717 24.916415038249397 588.67183043765363 36.94659486143064 350.85452527038615 179.21067990364463 91.317826266276825 43.741580476184026 59.72242190736506 55.9631494316709 668.79223162251037 15.808332603792222 347.33317847177204 81.655086439644947 25.750520359795701 174.69044868365199 98.9985040387146 338.32846426110882 78.218080769951484 88.900532176283377 24.779623100952449 43.217374820229452 41.152448213326352 49.787637533103407 174.31465319896233 14.883720532519872 15.963938867134855 29.722708757723012
leaf_count=313 1094 1013 120 90 1947 562 1012 127 154 113 43 39 3244 28 1141 244 50 650 423 1267 334 423 8 472 339 50 195 231 56 110
internal_value=0.000227376 0.0136851 -0.00328063 -0.00157913 0.000338123 0.00430284 0.00871099 0.00280635 0.0196546 0.00779645 0.000806541 -0.0101066 0.00741483 0.0268109 -0.0143258 0.000569376 -0.00542041 0.0020582 -0.00824162 -0.0106939 0.0166746 0.0224166 0.00077985 -0.00261089 0.0172466 -0.0111812 -0.000974119 -0.0110292 -0.010921 0.0163938
internal_weight=4712.44 974.398 3738.04 3239.08 2699.97 1599.05 1235.8 884.95 666.219 250.745 207.003 147.281 705.739 415.474 498.965 151.632 1100.92 466.558 273.689 363.245 192.869 167.119 308.179 283.4 84.3698 539.114 224.102 199.03 634.358 45.6866
internal_count=15892 3534 12358 10853 10295 6302 4945 3933 1471 349 236 193 3806 1122 1505 364 3993 1880 1073 1357 807 757 2063 2055 811 558 245 1244 2113 166
is_linear=0
shrinkage=0.0363096


Tree=74
num_leaves=31
num_cat=0
split_feature=1 3 2 4 0 10 7 21 1 1 16 7 3 10 19 13 13 10 9 0 5 20 9 0 4 10 1 10 10 7
split_gain=220.998 98.6592 101.159 66.2746 63.0881 67.8497 107.841 80.7941 69.317 213.149 63.5817 53.3352 36.2897 30.6621 30.6133 29.6555 29.5576 81.1034 27.5194 47.7741 29.4188 25.6866 24.6447 23.1043 19.7409 82.4224 47.9301 19.3664 16.9895 12.8991
threshold=-0.033948963508009904 59.554189682006843 -0.097070876508951173 9.9448776245117205 70.500000000000014 0.017478280700743202 49.972137451171882 0.016824341379106048 0.013467282988131048 -0.00084621505811810483 63.181842803955085 42.62098693847657 37.881135940551765 0.0084154512733221071 -0.60785761475563038 0.069021336734294905 -0.098761379718780504 0.010180457495152952 0.039954923093318946 71.500000000000014 13.595279693603517 1.0000000180025095e-35 0.19926643371582034 73.500000000000014 11.424351692199709 0.015532886143773796 0.0014894566847942772 0.0079027325846254843 0.058401815593242652 66.302131652832045
decision_type=2 2 2 2 2 2 2 2 2 2 2 2 2 2 2 2 2 2 2 2 2 2 2 2 2 2 2 2 2 2
left_child=3 2 24 -1 5 7 21 8 9 -4 18 -10 13 -12 -8 -15 -3 -18 -6 -20 -21 22 -7 27 25 26 -2 -14 -27 -25
right_child=1 16 4 -5 10 6 14 -9 11 -11 12 -13 23 15 -16 -17 17 -19 19 20 -22 -23 -24 29 -26 28 -28 -29 -30 -31
leaf_value=0.033915518748917503 0.070655396287002459 0.028959453575648119 0.0078034186777217367 -0.027681056859780628 0.034745399157267293 -0.015231313998514014 0.011526993114499723 -0.017144918596475198 0.032038098207044362 -0.023190361108375537 -0.025890093093448713 0.0057385631507660077 0.032921448851194995 0.047800233601066201 -0.027626256193486087 -0.026555765339050519 0.028250500087530842 -0.024610708460674667 0.036594715949401335 0.030941051907922176 -0.023161575444212001 0.039311983088299592 0.028766719195716235 0.040779000115343515 -0.029151321966101641 -0.028013691269266384 -0.01119685666774389 -0.013541289539404273 -0.00092356177424723148 -0.036365479716561282
leaf_weight=24.36824710131441 22.725478249847583 220.09341145015787 824.98457067405798 418.53541616782968 173.53441963518344 26.173719153861384 41.944146679383266 371.7061501313583 135.44304694441962 453.25623191972409 83.575283571026375 407.67797723611329 63.424948042425967 17.246982959753954 70.701387920496927 11.983771892297225 102.87496309096059 60.926733568898271 57.721802421085158 18.186278760200366 48.81168118363712 147.84021989164103 46.774409033363554 3.5527185389073592 128.49755485979222 133.75135688293267 16.119571625784374 14.534311474037166 39.556374788284302 14.579416034246604
leaf_count=438 119 89 1957 2335 511 106 78 2120 306 1176 272 1136 113 380 200 273 59 199 276 653 1877 66 20 113 316 241 71 252 18 122
internal_value=-3.29511e-05 0.00282592 0.000841555 -0.0242918 0.00294829 0.000602276 0.0158624 -0.00171782 0.0014305 -0.0031867 0.0146353 0.0122973 -0.000726094 -0.0146942 -0.0130464 0.0173126 0.0202675 0.00858786 0.0253948 0.0123835 -0.00847395 0.030612 0.0129787 0.0156706 -0.0179196 -0.0111161 0.0366863 0.0242577 -0.0218312 -0.0212437
internal_weight=4201.1 3758.2 3374.3 442.904 3033.65 2526.5 333.434 2193.07 1821.36 1278.24 507.152 543.121 208.897 112.806 112.646 29.2308 383.895 163.802 298.254 124.72 66.998 220.788 72.9481 96.0914 340.65 212.153 38.845 77.9593 173.308 18.1321
internal_count=15892 13119 12772 2773 12007 7165 470 6695 4575 3133 4842 1442 1525 925 278 653 347 258 3317 2806 2530 192 126 600 765 449 190 365 259 235
is_linear=0
shrinkage=0.0363096


Tree=75
num_leaves=31
num_cat=0
split_feature=0 13 13 3 5 9 9 4 0 4 0 13 16 13 2 8 13 9 0 14 2 0 9 0 18 16 5 7 18 4
split_gain=269.196 87.9925 99.8791 83.6963 73.6376 96.5468 82.6661 68.4914 57.1684 73.2912 50.4588 67.2347 61.614 47.3358 153.046 47.1441 41.6595 40.2948 34.6955 32.8769 31.8845 30.0052 28.3033 37.3541 27.7402 34.3643 24.6794 23.9495 23.2015 21.4733
threshold=27.500000000000004 0.0049211108125746259 0.04649366810917855 42.625802993774421 29.154194831848148 0.044871807098388679 0.069621510803699507 11.424351692199709 43.500000000000007 17.7709493637085 70.500000000000014 0.054645646363496787 64.182685852050795 -0.049649052321910851 -0.087146565318107591 0.41853900253772741 0.10554994642734529 0.091810543090105071 62.500000000000007 -0.0015767932054586706 0.065817978233098998 41.000000000000007 0.06421451643109323 41.000000000000007 -0.25000000000000006 42.842084884643562 26.150760650634769 65.001499176025405 0.25000000000000011 42.334968566894538
decision_type=2 2 2 2 2 2 2 2 2 2 2 2 2 2 2 2 2 2 2 2 2 2 2 2 2 2 2 2 2 2
left_child=-1 4 -3 10 5 8 22 -7 -2 -10 15 -12 -13 14 17 -4 20 -9 27 -14 -17 -8 23 -6 25 -15 -16 -5 -23 -20
right_child=1 2 3 18 6 7 21 13 9 -11 11 12 19 24 26 16 -18 -19 29 -21 -22 28 -24 -25 -26 -27 -28 -29 -30 -31
leaf_value=-0.02656519876681411 -0.02707121833443929 -0.019839975418414642 0.025933301576563875 -0.025287712378998215 -0.030126488645262083 -0.02098829731140248 -0.020540976082483405 0.031311700030023683 0.021951068006518842 -0.023205650535455348 0.055860616895551281 -0.028545748532984184 -0.028665711200606375 -0.028961006018420096 -0.028170103274332323 0.0089961336726602954 0.033454073199019031 0.0090736905877824847 -0.025316807392484653 0.021581184123935344 -0.017262857651909769 0.012789934791404159 0.036365781434947085 0.015601487786088572 0.031584055831180617 0.020010734576318655 0.007711468826994034 0.023087815723699091 -0.014185385407702382 0.011078879243672195
leaf_weight=455.0534674655446 110.69461022615724 380.41968968123001 243.11186097102473 19.21844843722829 28.896112996240845 61.225067620334812 243.20005810764724 254.64658489943758 128.8450298853204 74.949415439325094 21.238157493247854 125.51617336040545 22.305456855932789 20.956979437081827 118.19891944985648 150.23550491812057 54.074359637821544 185.83709247005754 203.72471019275326 74.516191045411688 102.59210075423289 84.728453306338452 60.664280061686441 127.30402193290138 377.33138022199637 191.4850373534955 32.138576069581177 45.273689510391705 83.42649375939709 23.871993034072148
leaf_count=1474 253 2373 676 75 63 494 144 288 748 347 194 1109 88 131 564 440 255 273 1118 508 346 931 104 582 772 418 212 141 658 113
internal_value=-0.000231234 0.00305129 -0.00382977 0.00178008 0.00766941 0.0119049 -0.00282309 0.016456 -0.00606573 0.00534324 0.0078964 -0.00586147 -0.0117578 0.0183979 0.0111335 0.0139893 0.00452756 0.0219299 -0.0148372 0.0100043 -0.00165877 -0.0123867 0.0153169 0.00714133 0.0256751 0.0151792 -0.0204987 0.00867029 -0.00059263 -0.0214989
internal_weight=4105.68 3650.63 1466.1 1085.68 2184.53 1556.31 628.219 1241.82 314.489 203.794 793.59 243.576 222.338 1180.59 590.821 550.014 306.902 440.484 292.089 96.8216 252.828 411.355 216.864 156.2 589.773 212.442 150.337 64.4921 168.155 227.597
internal_count=15892 14418 7436 5063 6982 4500 2482 3152 1348 1095 3616 1899 1705 2658 1337 1717 1041 561 1447 596 786 1733 749 645 1321 549 776 216 1589 1231
is_linear=0
shrinkage=0.0363096


Tree=76
num_leaves=31
num_cat=0
split_feature=11 13 3 19 6 7 7 5 12 5 4 8 11 13 1 12 4 12 13 1 4 12 5 7 18 5 3 13 1 1
split_gain=157.874 53.3712 88.5633 50.7095 42.3839 43.6762 74.4733 76.8105 45.6639 70.5421 37.7762 35.3735 34.1601 32.4607 50.704 38.4215 35.7428 43.3162 31.8616 31.0898 28.9662 46.118 28.891 33.6996 34.1524 28.8309 28.2294 28.0603 25.3444 24.2351
threshold=0.017488496378064159 -0.074309129267930971 59.554189682006843 0.87837970256805431 -0.36075823009014124 55.671606063842781 37.567609786987312 28.701048851013187 0.018461146391928199 21.486565589904789 20.037499427795414 -0.70296972990036 0.0073995420243591079 0.074933271855115904 0.011276846751570703 0.082653582096099867 29.607748985290531 0.01542750094085932 -0.0521495584398508 -0.0078782993368804437 20.673912048339847 1.0000000180025095e-35 46.44764709472657 58.753953933715827 0.25000000000000011 17.305027008056644 47.22041320800782 0.10150816291570665 0.015528446529060604 -0.017719561234116551
decision_type=2 2 2 2 2 2 2 2 2 2 2 2 2 2 2 2 2 2 2 2 2 2 2 2 2 2 2 2 2 2
left_child=3 2 10 4 20 6 19 8 12 -10 -2 18 -8 25 16 -16 17 -15 -5 -6 -1 -22 23 26 -25 29 -3 -18 -20 -7
right_child=1 22 -4 11 5 13 7 -9 9 -11 -12 -13 -14 14 15 -17 27 -19 28 -21 21 -23 -24 24 -26 -27 -28 -29 -30 -31
leaf_value=-0.018016549099362088 0.027651650249058277 -0.019529941643937544 -0.0075700379537924842 -0.016068719966855109 -0.028808076552454393 0.023310232924484042 -0.0040779127720329111 0.022930846829579115 0.01961277599102209 -0.020194004916251028 -0.030136893145703208 -0.020468095299590761 0.01459762487951342 -0.016254333035250288 -0.018027564124749391 0.010741106281747313 0.012478626030604923 0.047652434663479189 0.032044764928950593 -0.0041563227578016778 0.029834008986957702 -0.0097496306557528813 0.038751273113715047 -0.0057138566073085895 0.040717405624664256 -0.026290326644129652 0.010803735949268633 -0.037772271065674413 -0.012916875792234619 -0.008666082909691817
leaf_weight=310.30626854250841 505.88970026365132 138.94937889562061 129.80551485921569 75.018952880738652 89.929401040039011 33.305313975171885 190.72981473191976 347.1650152382972 81.603574153918089 209.02117697829453 15.364413384917496 341.71116662354689 399.73657799802822 17.601104837949606 166.68078357742888 96.712402576926252 65.054002131273592 67.976223574247342 50.663490275335789 269.85209094625498 50.050883444990177 172.69130535126169 24.373775743271835 43.002438218838506 40.600954480491055 121.19494566763206 57.051440314298816 18.90822437413226 24.52792139659141 505.60806630583465
leaf_count=313 1324 1174 45 137 653 401 763 1012 481 228 102 1141 2461 42 621 411 210 318 140 704 50 195 8 472 339 314 70 187 87 1489
internal_value=0.000236318 0.0134001 0.0192652 -0.00315591 -0.00149427 0.000364857 0.00420972 0.00846543 0.00276568 -0.0090164 0.0259481 -0.0140125 0.00856495 -0.0052211 0.00250513 -0.00746389 0.0179935 0.0345071 0.000672345 -0.0103185 -0.0108454 -0.000854536 0.000837824 -0.00246681 0.0168336 -0.0102885 -0.0106999 0.00116076 0.0173765 -0.0066897
internal_weight=4661.09 955.038 651.06 3706.05 3214.13 2681.08 1588.04 1228.26 881.091 290.625 521.254 491.922 590.466 1093.04 432.933 263.393 169.54 85.5773 150.21 359.781 533.048 222.742 303.978 279.604 83.6034 660.108 196.001 83.9622 75.1914 538.913
internal_count=15892 3534 1471 12358 10853 10295 6302 4945 3933 709 1426 1505 3224 3993 1789 1032 757 360 364 1357 558 245 2063 2055 811 2204 1244 397 227 1890
is_linear=0
shrinkage=0.0363096


Tree=77
num_leaves=31
num_cat=0
split_feature=21 19 7 16 12 9 9 20 13 16 20 14 9 13 11 9 11 13 12 6 21 6 12 9 21 9 20 4 5 19
split_gain=129.138 133.357 78.7242 70.8037 66.7264 61.4395 81.649 61.1105 46.9191 39.879 38.8451 38.2196 38.2363 66.7965 36.3665 53.4769 38.3143 36.0415 59.1395 62.3169 34.6799 34.6491 31.8857 29.4346 29.2539 38.6642 37.2667 28.3947 66.9036 25.877
threshold=0.016824341379106048 -0.60785761475563038 55.194356918334968 22.548312187194828 0.0016218103701248767 0.10086064413189889 0.038970561698079116 1.0000000180025095e-35 -0.1018773280084133 86.064952850341811 1.0000000180025095e-35 -0.0089991074055433256 0.16591263562440875 -0.068964038044214235 0.017699806019663814 0.081826973706483855 0.016627104952931408 0.047584861516952522 0.011523428838700058 0.90652498602867138 0.048838546499609954 -0.2538455575704574 -0.0081335338763892633 0.11813481897115709 0.011646213941276075 0.11030760407447816 1.0000000180025095e-35 11.233822822570803 37.105514526367195 -0.60785761475563038
decision_type=2 2 2 2 2 2 2 2 2 2 2 2 2 2 2 2 2 2 2 2 2 2 2 2 2 2 2 2 2 2
left_child=2 3 5 -2 20 6 7 21 -8 17 -7 14 -13 -14 15 -3 -17 29 -19 24 27 -1 -9 -21 26 -26 -20 -5 -29 -4
right_child=1 11 9 4 -6 10 8 22 -10 -11 -12 12 13 -15 -16 16 -18 18 19 23 -22 -23 -24 -25 25 -27 -28 28 -30 -31
leaf_value=0.021956342826678462 -0.01593293841087047 -0.017117524497015289 -0.01567099016514131 0.032260623493691895 -0.015618830743527743 0.038218409284822064 0.04211927702896013 0.0016533858493032007 -0.015264164470867161 -0.020311930214491916 -0.0057118619250200644 -0.024700514298158383 0.03255539793703438 -0.022608338637346063 -0.027340528278583385 0.0014577207616007278 0.040366567421199311 0.028429565465139268 0.020831711728348513 0.020118907019169723 -0.0011677851307372172 -0.01502678243666297 0.031017425683052578 -0.022439477235841224 -0.018066856130953522 0.035750318466563714 -0.010170589825946319 0.026209012499849017 -0.028787752301664127 0.025696799329129841
leaf_weight=42.723132673469081 167.50156913641695 123.71095548558151 21.299411089961723 187.94258240287854 100.11588821440091 77.348828429881905 19.432865244270943 73.923203493106485 562.79304791179584 49.878132904728773 40.389749481679246 569.48316893840547 45.509100020064579 79.480562272218776 80.880597634408332 93.355339567939154 51.930120019333117 169.22682579762295 103.8181375499189 289.3391901253126 102.92742905662817 152.99825255926407 143.23730291290303 23.136274837106612 204.42595556766901 19.256434670194722 100.69694692422127 104.5887720823921 40.435149600079967 310.60752795970075
leaf_count=52 134 366 203 436 1060 115 72 406 2342 92 93 3408 327 739 892 432 97 186 153 907 38 614 422 119 463 83 82 632 23 904
internal_value=-3.66094e-05 -0.00754701 0.00542268 0.00467264 0.011112 -0.00165541 -0.00459012 0.00776049 -0.0133487 0.0115209 0.0231474 -0.0157787 -0.0207091 -0.00252214 -0.00599212 0.000426425 0.0153659 0.0127995 0.00906334 0.00463844 0.0172518 -0.00695332 0.0210222 0.0169674 -0.00435834 -0.0134333 0.00556659 0.0229461 0.0108742 0.0230418
internal_weight=4152.39 1747.86 2404.53 703.511 536.01 1112.85 995.108 412.882 582.226 1291.68 117.739 1044.35 694.473 124.99 349.877 268.996 145.285 1241.81 909.9 740.673 435.894 195.721 217.161 312.475 428.197 223.682 204.515 332.967 145.024 331.907
internal_count=15892 8584 7308 2323 2189 4116 3908 1494 2414 3192 208 6261 4474 1066 1787 895 529 3100 1993 1807 1129 666 828 1026 781 546 235 1091 655 1107
is_linear=0
shrinkage=0.0363096


Tree=78
num_leaves=31
num_cat=0
split_feature=0 13 13 3 13 6 0 2 13 20 16 20 0 13 16 21 6 10 21 0 6 18 20 18 16 17 16 6 21 7
split_gain=257.035 82.951 95.5367 79.1886 70.3537 58.4832 77.2804 53.2897 127.115 59.2737 51.7768 59.9589 47.2596 63.5545 59.1597 44.2683 43.9824 40.9835 37.3714 33.5712 33.4191 31.6767 27.742 26.4124 25.4972 27.2316 24.3167 22.8828 29.3361 22.6174
threshold=27.500000000000004 0.0049211108125746259 0.04649366810917855 42.625802993774421 -0.13211155682802198 0.06580574065446855 33.500000000000007 -0.082154102623462663 -0.049649052321910851 -0.56174489110708226 46.329982757568366 -0.56174489110708226 70.500000000000014 0.054645646363496787 64.182685852050795 0.0057146488688886174 -0.2538455575704574 0.014600911643356087 0.035019053146243102 62.500000000000007 0.06580574065446855 1.0000000180025095e-35 0.81174489855766307 0.68301269412040722 61.501661300659187 -0.93301269412040699 23.226891517639164 0.58387410640716564 0.0073846606537699708 65.001499176025405
decision_type=2 2 2 2 2 2 2 2 2 2 2 2 2 2 2 2 2 2 2 2 2 2 2 2 2 2 2 2 2 2
left_child=-1 4 27 12 -2 7 -7 17 9 -9 11 26 16 -14 -15 -12 -4 -6 -17 29 -16 22 -10 -13 -18 -26 -8 -3 -29 -5
right_child=1 2 3 19 5 6 10 8 21 -11 15 23 13 14 20 18 24 -19 -20 -21 -22 -23 -24 -25 25 -27 -28 28 -30 -31
leaf_value=-0.026400651398241916 -0.029184319246550697 -0.025810207345682387 0.027519398370384821 -0.024823277570988872 0.033826623730722157 -0.02543397435110634 -0.0061564097641332886 0.018178492673484082 -0.0060546783678846723 -0.029334504217582151 -0.029920248957001159 -0.01960134584990433 0.053718191205649725 -0.028279107809855108 0.022998971374511366 0.017759624232990281 0.014375370073091 0.0062271118308691231 -0.018673860712166569 -0.021225559911420406 -0.024584421066288706 0.029220862474297764 0.022740058398746515 0.0037759240738814291 0.032470194046678356 -0.01157023105535241 0.027245461025614114 -0.02788523849557956 0.0080451775988519564 0.022444764876244489
leaf_weight=441.1556356045794 66.890905447964542 251.66803386521497 193.20817443037595 18.900833347955995 262.36169272171355 112.29030728363614 41.736115167343087 46.929861613269168 86.901936195446979 131.90488581965292 30.051753132604063 206.77968215613691 21.596814927252126 122.85312317156604 69.605970814431203 543.02725381631171 203.94986840124875 97.232025450557558 39.837815565899291 223.25595325591712 27.008368111559321 219.59975995052082 89.575951912102028 92.086913356773948 21.586739872385806 129.84611089001919 92.205740819621496 50.89880792594704 72.811834718138925 45.399592899277195
leaf_count=1474 429 1390 177 75 109 326 137 49 334 335 44 1368 194 1109 147 1896 978 52 205 1231 449 370 94 463 57 505 771 223 760 141
internal_value=-0.000236945 0.00295856 -0.00375034 0.00174648 0.00747154 0.00864336 0.00319023 0.0154006 0.00854295 -0.0168655 0.00626402 -0.00335042 0.00768738 -0.00571232 -0.0115612 0.0130534 0.0135757 0.0263642 0.0152693 -0.0145673 0.00969593 0.0200155 0.00856022 -0.012398 0.00599477 -0.00529149 0.0168366 -0.0195247 -0.00673695 0.00854875
internal_weight=4053.16 3612 1452.59 1077.21 2159.41 2092.52 1158.02 934.506 574.912 178.835 1045.73 432.808 789.655 241.064 219.467 612.917 548.591 359.594 582.865 287.556 96.6143 396.078 176.478 298.867 355.383 151.433 133.942 375.379 123.711 64.3004
internal_count=15892 14418 7436 5063 6982 6553 5210 1343 1182 384 4884 2739 3616 1899 1705 2145 1717 161 2101 1447 596 798 428 1831 1540 562 908 2373 983 216
is_linear=0
shrinkage=0.0363096


Tree=79
num_leaves=31
num_cat=0
split_feature=11 16 9 6 4 12 4 8 9 6 10 2 2 4 12 13 16 2 11 13 17 14 6 4 14 4 9 1 9 11
split_gain=147.443 52.7831 52.4256 46.7012 45.6242 49.7157 49.5538 46.4324 45.8905 66.8654 48.637 40.2327 50.1082 40.0267 39.5998 37.818 45.7328 36.4843 34.4004 38.9347 37.1151 31.5055 30.2007 29.8553 29.5191 43.424 32.1704 28.021 25.7563 25.4315
threshold=0.017488496378064159 22.178556442260746 0.13980266451835635 0.06580574065446855 20.544087409973148 0.078493963927030577 12.045135498046877 0.71581575274467479 0.10392975807189943 1.6257728934288027 0.0077852592803537854 -0.05798718519508838 -0.032073630020022385 10.383468151092531 0.064420953392982497 -0.026806754991412159 27.845715522766117 -0.10832245275378226 0.16113392263650897 0.07833344861865045 0.25000000000000011 -0.017002086155116555 -0.66230919957160939 35.047071456909187 -0.0033142442116513844 20.673912048339847 0.089330844581127181 0.0026415665633976464 0.11447007581591608 0.016627104952931408
decision_type=2 2 2 2 2 2 2 2 2 2 2 2 2 2 2 2 2 2 2 2 2 2 2 2 2 2 2 2 2 2
left_child=3 -2 13 11 6 7 15 -6 10 -10 27 29 22 -3 -12 16 21 -15 19 20 -4 -5 -13 -21 25 26 -14 -8 -19 -1
right_child=1 2 18 4 5 -7 8 -9 9 -11 14 12 24 17 -16 -17 -18 28 -20 23 -22 -23 -24 -25 -26 -27 -28 -29 -30 -31
leaf_value=-0.022934009346673195 0.026371358964203801 -0.030729549366459847 -0.02369153650985625 -0.010739134077944161 -0.02045080783691015 0.0077655147322385496 -0.024087763260622612 -0.0027550810896524859 -0.025444502117651157 0.030381459904413138 0.026163289870354101 0.033620143629604721 -0.014278398279488028 0.030465041634654844 -0.030530857064675659 0.0233330117924152 -0.011917831425753408 -0.026402346690644785 0.022432245982655377 0.034881452703610087 0.0040929090492489006 0.026192114402016003 0.0011320515046692823 -0.030221241228147122 -0.01271613940287513 0.024008266684639283 0.025296545927926895 0.014930561012037864 0.023506941304541062 0.0018475373820502378
leaf_weight=305.95780644367551 277.94856954786155 19.399160017457689 151.75435655729962 47.7479845926282 322.91561368173825 289.66716228733094 50.228678900542945 495.45435248039212 85.140653055328585 42.357366097963677 357.71661453144043 63.601345459319418 160.6589133801117 202.47061154681069 17.0133929657095 66.788772312693254 390.97193186590994 29.009227825643393 67.150775194168091 44.371667469016757 108.84024663698438 84.063926579461622 92.733200169401243 11.743007369717814 572.6449437043957 81.404137695863028 32.568925655774365 46.941113849732574 25.715938169969377 66.443895237116521
leaf_count=290 291 117 756 261 1395 1236 322 1888 253 57 1672 23 374 307 21 394 1512 539 20 458 506 316 306 251 1298 176 95 449 289 20
internal_value=0.000251849 0.0130968 0.00751016 -0.00302983 0.00013899 -0.00516182 0.00507907 -0.00973767 0.0124308 -0.00689711 0.017653 -0.00831969 -0.00453753 0.0195615 0.023589 -0.00239495 -0.00568207 0.0233552 -0.00117332 -0.0061787 -0.0120866 0.0128132 0.0143499 0.0212555 -0.00802266 0.00176348 -0.00760736 -0.00523751 -0.00294739 -0.0185122
internal_weight=4611.42 938.404 660.455 3673.02 2297.01 1108.04 1188.97 818.37 599.398 127.498 471.9 1376.01 1003.61 276.595 374.73 589.573 522.784 257.196 383.86 316.709 260.595 131.812 156.335 56.1147 847.277 274.632 193.228 97.1698 54.7252 372.402
internal_count=15892 3534 3243 12358 9776 4519 5257 3283 2774 310 2464 2582 2272 1252 1693 2483 2089 1135 1991 1971 1262 577 329 709 1943 645 469 771 828 310
is_linear=0
shrinkage=0.0363096


Tree=80
num_leaves=31
num_cat=0
split_feature=1 3 13 11 11 12 1 1 20 14 1 13 6 1 5 1 9 9 12 6 13 19 12 1 9 5 8 6 16 9
split_gain=201.925 87.9888 80.6675 66.6441 65.742 60.4656 48.8436 66.0065 65.2661 75.3929 37.1715 61.4926 41.0401 40.0904 41.0946 34.7699 33.804 32.0506 29.7057 65.2259 24.8833 23.4219 21.7784 20.5516 20.4318 34.3994 21.533 18.8234 21.3385 18.4967
threshold=-0.033948963508009904 59.554189682006843 -0.0012873429805040357 0.0033561943564563994 0.012762928847223522 -0.18031287938356397 0.043772948905825622 -0.01321598421782255 1.0000000180025095e-35 -0.00061457898118533183 0.030079720541834835 0.080955807119607939 -0.51862940192222584 -0.00044038957275915886 18.327866554260257 0.013467282988131048 0.037849595770239837 0.12329595163464548 -0.13957203179597852 2.4681967496871953 0.04649366810917855 -1.0000000180025095e-35 0.022768954746425155 0.075554728507995619 0.047026982530951507 16.49963474273682 1.8648191094398501 2.0198191404342656 69.158531188964858 0.044507548213005073
decision_type=2 2 2 2 2 2 2 2 2 2 2 2 2 2 2 2 2 2 2 2 2 2 2 2 2 2 2 2 2 2
left_child=5 2 3 -2 10 -1 7 8 22 -10 11 13 -13 14 -4 29 -15 -17 -3 -20 23 -8 -5 -6 -12 26 -26 -22 -29 -9
right_child=1 18 4 6 20 -7 21 15 9 -11 24 12 -14 16 -16 17 -18 -19 19 -21 27 -23 -24 -25 25 -27 -28 28 -30 -31
leaf_value=0.033112973982439828 0.039104133007670738 0.03210958112748568 0.012061167694921672 -0.023182823374961553 -0.013908417825986416 -0.027384083164550627 0.018914662757035055 -0.0086160700738663384 0.025258257838775871 -0.0060486005554642808 0.034238712609440218 0.047256170206429728 -0.025944844758520699 0.011916986539378224 0.042693603669596923 -0.015502831688564015 -0.0063572235300498525 0.014589221413171092 0.020073958486911358 -0.031195339150480422 -0.021948007182686132 -0.019922567363947569 0.033613858369285904 0.037149681171002626 0.024515766765031047 -0.015015729887589776 -0.017011040907746432 0.052439607085411538 -0.025990353610343464 -0.022373632740954417
leaf_weight=23.057686150090376 43.770892592852761 146.44010305404663 436.67798639952343 136.99099595312509 19.633959154612967 392.93201398138626 132.39012158072546 175.23302369543671 192.56945823015121 214.22821997699066 92.322007212538665 11.157540827489354 106.18552572458066 242.55087568510498 66.540864288539524 96.816526711671031 296.69917179878394 90.078569184943262 187.73544228166611 39.617666604313854 162.28465489459722 24.214433863513477 9.5174237469527707 22.078118966059264 176.67713097840351 43.644972934018369 18.150424490529986 10.053522963366051 8.3878493343709106 486.97851339112913
leaf_count=65 61 31 875 646 438 2708 379 631 392 391 406 7 453 432 214 934 947 342 158 158 1929 422 31 105 430 309 72 206 104 1616
internal_value=-4.89308e-05 0.00265486 0.000772205 -0.00508268 0.00625031 -0.0240305 -0.00632334 -0.00847104 0.0012871 0.00877114 0.00899814 0.00593582 -0.0189835 0.00874091 0.0161119 -0.0148299 0.00186218 -0.000998645 0.0193552 0.0111395 -0.0121629 0.0129089 -0.0194924 0.0131139 0.0197347 0.0141191 0.0206465 -0.0179975 0.0167607 -0.0187333
internal_weight=4105.62 3689.63 3315.83 1602.79 1713.04 415.99 1559.02 1402.41 553.306 406.798 1490.61 1159.81 117.343 1042.47 503.219 849.107 539.25 186.895 373.793 227.353 222.438 156.605 146.508 41.7121 330.795 238.473 194.828 180.726 18.4414 662.212
internal_count=15892 13119 12772 5845 6927 2773 5784 4983 1460 783 4145 2928 460 2468 1089 3523 1379 1276 347 316 2782 801 677 543 1217 811 502 2239 310 2247
is_linear=0
shrinkage=0.0363096


Tree=81
num_leaves=31
num_cat=0
split_feature=19 6 0 0 0 19 5 13 16 0 13 16 10 0 13 3 16 0 17 11 16 16 19 4 13 13 11 3 12 10
split_gain=247.614 124.273 92.1929 89.0013 61.5518 60.9308 89.2165 52.6842 89.9429 42.6718 36.8795 36.3996 35.3704 30.1513 52.4342 40.7804 28.9638 28.6834 32.235 27.0151 28.7511 26.6186 25.9086 25.5229 25.1589 44.0263 22.9101 22.1498 19.4652 17.907
threshold=-0.60785761475563038 0.06580574065446855 41.000000000000007 55.500000000000007 37.500000000000007 0.6078576147556306 24.430153846740726 -0.0024518003920093174 41.266605377197273 63.500000000000007 -0.11292665079236029 71.622268676757827 0.014073876198381187 42.500000000000007 0.042322356253862388 30.755213737487797 78.398670196533217 37.500000000000007 -0.68301269412040699 0.013164143543690445 32.792608261108406 30.776043891906742 -0.87837970256805409 17.234127044677738 0.0061146917287260303 0.05140932276844979 0.010168718639761211 42.625802993774421 0.028207849711179737 0.010032879188656809
decision_type=2 2 2 2 2 2 2 2 2 2 2 2 2 2 2 2 2 2 2 2 2 2 2 2 2 2 2 2 2 2
left_child=2 4 -1 22 21 16 13 8 9 -3 -10 -5 -11 -7 15 -15 24 -12 -19 27 -21 -2 -4 -20 -6 -26 -27 -9 -16 -24
right_child=1 7 3 11 5 6 -8 19 10 12 17 -13 -14 14 28 -17 -18 18 23 20 -22 -23 29 -25 25 26 -28 -29 -30 -31
leaf_value=-0.025766055912280161 0.0025493539277617518 -0.014803991379295348 0.0028028280016327897 -0.020361300822628478 0.029028086896791681 0.037288225635771652 -0.021704860500814431 -0.0079175601828443184 -0.024151037997910584 0.029948457842377919 -0.029647780250397115 0.015823961053368248 -0.028246090535154048 -0.026506339528129339 0.035473229203081651 0.032683859803418445 -0.002884103394468685 0.031363543978058593 0.019802400503045901 -0.022868381902458036 0.019062695401881057 0.031417868006518954 0.041719774582278595 0.0031208781122702934 -0.022158602562944586 0.0022098264417665628 0.02788376773414682 -0.023782773359948682 -0.0029479307860771453 -0.0039823456704048974
leaf_weight=557.19477753012416 49.620088543255406 356.32166139189849 64.12753217644422 247.35107645320477 222.97925963937996 51.563577130636986 171.99807673500982 346.85161432895075 35.832649411734565 55.543932366119407 19.492909125301594 43.021634112343236 18.306110944648026 70.956442939163026 66.490733930204442 19.579140979460135 84.556439012656483 127.20904540166703 224.91978964644477 30.302355446840011 74.704776966749705 278.52007742898786 65.606441994601482 261.55866706667439 41.008751595585636 69.745548844786754 133.65287912354324 174.35289694538915 23.53166588165368 13.650330738732007
leaf_count=830 48 1593 531 2704 443 18 204 2169 272 530 347 111 347 309 108 82 76 324 721 114 1360 279 279 487 271 62 326 541 191 215
internal_value=-0.000251812 0.00493164 -0.0159945 -0.00344183 0.013484 0.00882673 -0.00188548 -0.00143374 0.00335515 -0.00959757 0.0116839 -0.0149997 0.0155215 0.0127999 0.00580585 -0.0137046 0.0166701 0.013712 0.0150894 -0.00983984 0.00696138 0.0270528 0.0199636 0.0108337 0.020208 0.0121607 0.0190807 -0.013225 0.0254288 0.0338471
internal_weight=4000.55 3009.6 990.952 433.757 1284.2 956.063 404.12 1725.4 1099.18 430.172 669.013 290.373 73.85 232.122 180.558 90.5356 551.943 633.18 613.688 626.212 105.007 328.14 143.384 486.478 467.386 244.407 203.398 521.205 90.0224 79.2568
internal_count=15892 11222 4670 3840 2417 2090 912 8805 4621 2470 2151 2815 877 708 690 391 1178 1879 1532 4184 1474 327 1025 1208 1102 659 388 2710 299 494
is_linear=0
shrinkage=0.0363096


Tree=82
num_leaves=31
num_cat=0
split_feature=16 6 0 3 12 1 10 6 12 4 10 13 12 6 10 20 16 13 13 12 3 13 13 1 16 4 9 16 10 4
split_gain=138.295 49.9527 64.8867 74.055 67.573 66.1697 45.8968 45.6808 43.4601 39.0051 35.4091 43.8782 32.9124 40.7634 31.8412 31.7093 34.2757 41.3582 34.8576 29.83 37.1344 47.0476 36.3924 29.606 27.6715 46.9424 24.2677 23.6062 23.4819 40.6763
threshold=22.178556442260746 0.06580574065446855 43.500000000000007 59.554189682006843 0.042934674769639976 0.013467282988131048 0.0039878843817859897 1.4421688914299013 -0.13957203179597852 20.544087409973148 0.0037679021479561929 0.0049211108125746259 0.078493963927030577 0.41700665652751928 0.011884345673024656 -0.56174489110708226 41.461519241333015 0.080955807119607939 0.094613805413246169 -0.0073867393657565108 27.308477401733402 -0.053692156448960297 0.036473251879215247 0.021949098445475105 46.329982757568366 22.249984741210941 0.06421451643109323 66.210205078125014 0.0058686134871095428 20.784834861755375
decision_type=2 2 2 2 2 2 2 2 2 2 2 2 2 2 2 2 2 2 2 2 2 2 2 2 2 2 2 2 2 2
left_child=23 15 3 4 5 6 -3 24 -5 -8 11 -4 13 14 -12 -2 19 26 -19 22 21 -21 -17 -1 -6 -26 28 -20 -18 -30
right_child=1 2 10 8 7 -7 9 -9 -10 -11 12 -13 -14 -15 -16 16 17 18 27 20 -22 -23 -24 -25 25 -27 -28 -29 29 -31
leaf_value=0.027517316777944646 -0.018664842830216011 -0.033646603336834703 -0.014108742560992227 -0.026343196394829141 0.015596653509821983 -0.0096148459369451173 0.024923195098764225 0.028991657202317729 0.0042669719032490377 -0.010447821940626965 0.010691244841266391 0.048091404810153303 0.0065402237136873553 -0.011658241092103986 -0.026796703121798771 -0.012259298462877212 -0.02049046892852999 0.029816320105272534 0.027013476421236759 -0.029675812435304535 0.030042960313392153 0.028028806277355277 0.027217498319040453 0.0022901473188235199 -0.028015585224594346 0.0094637595964696449 -0.020738632338460319 -0.032479110429912347 -0.012246069965183085 0.01322114804340588
leaf_weight=278.47143184781453 253.99111261053076 19.72586641543603 25.214741871794104 121.59641353548977 45.424461495753349 108.47493781467711 614.9522509849794 47.248116568604019 123.00408572058404 44.041833739638605 205.39483429046777 36.729463881667471 252.16113976843735 867.84673612715233 34.953052971184661 166.08968078474572 122.30676416357892 62.538904419689061 12.926703232440557 41.456742249220042 99.609732187178452 33.826033401132008 37.791272294758528 78.668114510801388 135.05623257051775 65.383408653306105 256.39001158602514 27.488844847495784 204.7777894000501 138.67685625600279
leaf_count=575 666 19 93 37 64 90 1517 38 55 172 1009 128 1728 5979 571 241 193 73 364 35 207 87 76 225 41 135 738 63 408 265
internal_value=0.000268486 -0.00157383 0.00130903 0.00709077 0.0111755 0.0167168 0.0209254 -0.00370606 -0.0109496 0.0225591 -0.00407673 0.0227707 -0.00529933 -0.00799343 0.005239 -0.00700634 -0.00454657 -0.00869767 0.0128315 0.00449573 0.0154976 -0.0037465 -0.00494133 0.0219608 -0.00999012 -0.0157893 -0.0117672 -0.0134479 -0.00682835 -0.00196283
internal_weight=4562.22 4205.08 2747.21 1324.91 1080.31 787.195 678.72 293.112 244.6 658.994 1422.3 61.9442 1360.36 1108.19 240.348 1457.87 1203.88 825.106 102.954 378.773 174.893 75.2828 203.881 357.14 245.864 200.44 722.151 40.4155 465.761 343.455
internal_count=15892 15092 11676 2168 2076 1798 1708 278 92 1689 9508 221 9287 7559 1580 3416 2750 2104 500 646 329 122 317 800 240 176 1604 427 866 673
is_linear=0
shrinkage=0.0363096


Tree=83
num_leaves=31
num_cat=0
split_feature=1 12 0 12 1 0 4 17 14 1 16 2 6 1 14 1 19 2 4 10 16 0 17 16 14 6 8 10 19 6
split_gain=192.893 63.333 59.995 95.5569 87.647 59.8673 57.9096 49.348 48.8007 43.2629 41.2672 41.163 39.5859 37.4323 32.2928 34.9433 30.4283 28.3691 39.6476 20.3159 17.0794 15.1618 12.9686 5.36938 4.53773 5.66991 2.87593 4.70344 2.98677 12.5824
threshold=-0.033948963508009904 0.11530443653464319 24.500000000000004 -0.0088740619830787165 0.013467282988131048 70.500000000000014 9.9448776245117205 -1.0000000180025095e-35 -0.0082963989116251451 0.075554728507995619 86.981960296630874 -0.095673691481351839 -0.87909823656082142 -0.021834251470863816 0.010999629739671947 0.016591504216194156 -0.87837970256805409 -0.037134397774934762 20.183329582214359 0.042824603617191322 37.667966842651374 46.500000000000007 -1.0000000180025095e-35 65.015075683593764 0.0096035664901137369 0.1177288480103016 2.3913519382476811 0.015149128157645466 -0.87837970256805409 1.2428945899009707
decision_type=2 2 2 2 2 2 2 2 2 2 2 2 2 2 2 2 2 2 2 2 2 2 2 2 2 2 2 2 2 2
left_child=6 2 7 4 5 8 -1 17 13 10 11 -5 -13 -4 15 21 -7 18 -2 -9 -17 -6 -18 -10 -11 -26 28 -28 29 -3
right_child=1 26 3 9 14 16 -8 19 23 24 -12 12 -14 -15 -16 20 22 -19 -20 -21 -22 -23 -24 -25 25 -27 27 -29 -30 -31
leaf_value=0.032439288913998089 -0.015523236922377375 0.075303451005471519 0.022547259208572815 -0.029426560352449119 0.011842345964034218 0.041109538820444491 -0.027264037620369743 0.034095385173032372 -0.025780087556180567 -0.028311027294515276 -0.023408335251450446 -0.021442353706127383 0.010291232305845522 -0.011414987340447463 -0.033143908081853773 0.01034343102824699 -0.034323005622326284 -0.029682327126722249 0.042244907548481529 0.011157405345799355 -0.0062106967712880741 0.044090035008221569 0.045137095667573561 0 0.032734387211539276 -0.027004219184832159 0.040693130249605684 -0.027516791427250682 -0.02649403800391702 -0.02731138011925812
leaf_weight=22.69592829506837 34.132928543680464 2.0138589926355035 51.359626772971751 36.762941436270921 32.949298695675679 37.60391305675148 380.13288629075669 164.13828063640176 381.51185576460284 49.531308527186411 54.582458953946116 53.36535698163425 1793.5570859945947 256.24218867449963 25.536945078911231 211.61033033950753 13.150159081142194 35.259320777526227 28.943819588841507 73.816262798885873 134.31854443188786 46.175950211121744 3.4089513612925648 10.965290571162766 3.8823324471832148 4.5482605076449545 2.3706856200424218 3.0431270585268066 104.13799240238495 7.230306977260625
leaf_count=438 85 112 124 59 22 64 2335 189 1534 233 80 27 5885 662 194 982 221 31 11 30 1116 110 231 45 43 50 74 31 770 104
internal_value=-5.35583e-05 0.00257377 0.00344956 0.00191685 -0.00615819 -0.0137277 -0.0239 0.0180387 -0.0165731 0.00679063 0.00771503 0.00861693 0.00937425 -0.00574401 0.00651205 0.00889483 0.023049 -0.00359688 0.0109829 0.0269802 0.00391541 0.030663 -0.0179578 -0.0250601 -0.0241196 0.000492554 -0.0235034 0.00233176 -0.024738 -0.00494317
internal_weight=4058.98 3656.15 3537.35 3201.06 1204.83 754.242 402.829 336.291 700.079 1996.23 1938.27 1883.69 1846.92 307.602 450.591 425.054 54.163 98.3361 63.0767 237.955 345.929 79.1252 16.5591 392.477 57.9619 8.43059 118.796 5.41381 113.382 9.24417
internal_count=15892 13119 12028 11682 5305 2881 2773 346 2365 6377 6051 5971 5912 786 2424 2230 516 127 96 219 2098 132 452 1579 326 93 1091 105 986 216
is_linear=0
shrinkage=0.0363096


Tree=84
num_leaves=31
num_cat=0
split_feature=0 1 0 21 2 13 13 6 2 20 16 9 19 1 0 20 9 6 16 21 4 6 21 16 2 21 11 13 0 13
split_gain=233.594 113.653 95.5848 68.2778 80.3176 61.4169 88.8892 66.2315 61.8759 45.0659 78.0779 67.1961 38.981 37.9054 36.3679 29.364 28.7472 27.2898 26.2808 25.9583 31.4386 22.4192 28.0411 21.6563 14.3323 13.4615 13.3598 33.7229 17.0166 78.114
threshold=27.500000000000004 -0.027683638967573639 37.500000000000007 0.028635997325181965 -0.13946971297264096 0.0049211108125746259 0.04649366810917855 -0.34486262500286097 -0.11434316635131835 -0.56174489110708226 42.428260803222663 0.1639949977397919 1.0000000180025095e-35 0.0420149713754654 61.500000000000007 1.0000000180025095e-35 0.13980266451835635 0.90652498602867138 65.923938751220717 0.015025159809738399 15.819024085998537 0.58387410640716564 0.0073846606537699708 72.510589599609389 -0.11243705078959464 0.013664383906871082 0.017284783534705642 -0.074309129267930971 35.500000000000007 -0.047862943261861794
decision_type=2 2 2 2 2 2 2 2 2 2 2 2 2 2 2 2 2 2 2 2 2 2 2 2 2 2 2 2 2 2
left_child=25 3 -3 26 -5 8 21 12 -4 19 13 -12 18 -11 15 -9 -6 -16 -8 -10 -21 -7 -23 -24 -18 -1 28 -28 -2 -30
right_child=1 2 5 4 16 6 7 14 9 10 11 -13 -14 -15 17 -17 24 -19 -20 20 -22 22 23 -25 -26 -27 27 -29 29 -31
leaf_value=0.0095051731375695222 0.030848892089848996 -0.023364273398633433 -0.028455973562634292 -0.028026738930971663 -0.0091588077654932067 -0.025383966043422027 -0.0066223312934920626 -3.6789256475131785e-05 0.029825172280474672 -0.017467583601029481 0.016257643002817523 -0.021414311796133047 0.036314527758571601 0.038910033908052352 -0.0034459327849435742 0.027018931635828438 0.040094302659222841 -0.02120819255149823 0.022104972624897738 0.019685310776853374 -0.01857153252398509 -0.027525951747106384 -0.0017272536058344997 0.048350794416326198 0.013240643819955003 -0.02727451454199881 -0.036987834801813731 0.03342419408748943 -0.028709763317028618 0.035001707157044246
leaf_weight=13.559438790171042 296.08807633369361 220.75855600837531 59.875084049997895 84.875157781449161 41.643477862537111 243.91686217649476 87.843958518355066 184.32760746831809 184.09429333806838 209.96810046063365 525.13112022945461 70.842899522629523 93.847917147213593 16.994184910436161 375.59477195455656 74.160017898606384 51.764895271266141 163.7695402780646 80.415056329984509 102.96864423728766 39.060503576080009 49.053164241644481 58.632714117933574 14.127000582335311 53.097526102994379 400.26705869958914 15.652168208256624 20.996326088519709 37.454442483525781 78.632031374207145
leaf_count=63 387 561 325 175 53 1182 124 547 372 1122 1866 120 106 273 1831 334 25 1552 39 703 154 223 562 96 76 1411 102 53 605 850
internal_value=-0.000257897 0.00276318 -0.000414158 0.0161012 7.88122e-05 0.00150882 -0.00359612 0.00172939 0.00752914 0.00940435 0.00487746 0.0117794 0.0175649 -0.0132457 -0.0034727 0.00772507 0.016362 -0.00883938 0.00710649 0.0208271 0.00916321 -0.0190308 -0.00630846 0.00799446 0.026498 -0.0260691 0.024361 0.00334889 0.026229 0.0144447
internal_weight=3949.41 3535.59 2855.38 680.204 231.381 2634.62 1425.69 1059.96 1208.93 1149.06 822.936 595.974 262.107 226.962 797.852 258.488 146.506 539.364 168.259 326.123 142.029 365.73 121.813 72.7597 104.862 413.826 448.823 36.6485 412.175 116.086
internal_count=15892 14418 12092 2326 329 11531 6596 4533 4935 4610 3381 1986 269 1395 4264 881 154 3383 163 1229 857 2063 881 658 101 1474 1997 155 1842 1455
is_linear=0
shrinkage=0.0363096


Tree=85
num_leaves=31
num_cat=0
split_feature=11 13 19 10 7 12 6 14 13 14 6 20 6 13 8 8 21 9 12 21 8 21 20 10 10 18 14 10 14 6
split_gain=131.035 45.568 45.0573 42.4276 58.5934 61.157 66.3966 40.1112 38.1496 45.6488 46.759 38.0429 35.7023 37.8637 34.0975 32.4474 38.8843 31.1947 30.428 29.8261 27.6461 24.8516 37.9902 23.7138 25.6705 23.6994 28.4976 27.6296 22.8455 22.8107
threshold=0.017488496378064159 -0.074309129267930971 0.87837970256805431 0.0095080612227320688 37.567609786987312 0.03510518558323384 0.056696120649576194 0.040257100015878684 -0.060129610821604722 -0.015742575749754902 0.22004591673612597 -0.56174489110708226 2.1953036785125737 -0.11435085535049437 1.0043264627456667 -0.70296972990036 0.014625873882323505 0.10392975807189943 -0.022848366759717461 0.048838546499609954 0.070770237594842925 0.0085658458992838877 1.0000000180025095e-35 0.0084154512733221071 0.0082715773023664969 0.68301269412040722 0.029377756640315059 0.011555248871445658 0.012767302338033916 2.5685269832611088
decision_type=2 2 2 2 2 2 2 2 2 2 2 2 2 2 2 2 2 2 2 2 2 2 2 2 2 2 2 2 2 2
left_child=2 12 3 18 -5 6 11 17 -7 -10 -11 -6 14 19 -2 16 -4 -8 21 28 -13 -1 -23 24 29 26 27 -3 -14 -20
right_child=1 25 15 4 5 8 7 -9 9 10 -12 20 13 -15 -16 -17 -18 -19 23 -21 -22 22 -24 -25 -26 -27 -28 -29 -30 -31
leaf_value=0.031738306936609853 0.027299449620861248 0.018186770218567821 0.020557103455506306 -0.013976861154930081 -0.022523264541822602 -0.022018571114008904 0.028896373927187899 -0.023094017947434022 0.046978424904083917 -0.018692832367498222 0.0055419113122757487 0.018294212012152325 -0.029561405607315849 0.038506151580814947 -0.029604611865108002 -0.019611194402075805 -0.01700125478920168 0.0017687881944758882 -0.0075472275451599511 0.012159425675600997 -0.015264852455268124 -0.015328194389785032 0.016032793678759389 -0.021076013373095649 0.038798178411974214 0.0211773471289293 0.026848709930460676 -0.016135062779989211 0.013749065314868648 0.022895178701484307
leaf_weight=41.574707827530801 364.97098531676784 38.243180796196611 69.758978561880213 232.16946455416837 79.261760428367779 104.6304007205672 348.24871731541316 24.688151836395264 28.04800032348794 139.7090016517941 422.01702876551099 109.59785224998814 55.459330109948496 41.494868091338503 14.429754662056437 327.35485621781299 75.862277791284214 66.579265263513662 1082.2917408060894 113.06213242927515 45.921505858270393 98.186865480030974 105.79783955473977 155.79793081702337 16.639817284431047 60.111425619781585 33.022366194183633 161.49045812020267 22.595815911208774 33.451754151863497
leaf_count=157 1107 62 120 738 201 44 1623 5 43 477 1570 399 129 113 15 1141 244 396 2755 87 154 597 647 782 60 491 234 1276 20 205
internal_value=0.000277052 0.0126314 -0.00282173 -0.00124545 0.00288928 0.00575032 0.0135391 0.0218666 -0.00181281 0.00177166 -0.000485409 -0.00204964 0.018268 0.00706718 0.0251349 -0.0132682 0.000990082 0.0245427 -0.00556122 0.000240613 0.00838422 0.00615217 0.000936812 -0.00779417 -0.0059667 0.000852237 -0.00439645 -0.00956286 -0.0170222 -0.00663441
internal_weight=4512.47 904.88 3607.59 3134.61 1600.87 1368.7 674.297 439.516 694.404 589.774 561.726 234.781 612.013 232.612 379.401 472.976 145.621 414.828 1533.74 191.117 155.519 245.559 203.985 1288.18 1132.38 292.867 232.756 199.734 78.0551 1115.74
internal_count=15892 3534 12358 10853 5650 4912 2778 2024 2134 2090 2047 754 1471 349 1122 1505 364 2019 5203 236 553 1401 1244 3802 3020 2063 1572 1338 149 2960
is_linear=0
shrinkage=0.0363096


Tree=86
num_leaves=31
num_cat=0
split_feature=1 3 13 11 11 12 20 14 9 13 8 1 13 6 1 0 0 3 0 6 19 1 6 0 8 9 12 1 18 0
split_gain=184.32 79.6998 70.6098 60.6116 57.734 55.0495 45.7223 61.2105 58.0208 41.468 73.6544 35.1736 57.5065 39.1229 36.0779 57.7986 29.3091 37.2014 27.2365 49.9682 26.3698 24.7125 22.6959 45.2377 20.7589 16.1395 15.6352 14.4979 23.3401 17.4028
threshold=-0.033948963508009904 59.554189682006843 -0.0012873429805040357 0.0033561943564563994 0.012762928847223522 -0.18031287938356397 -0.56174489110708226 -0.00027932091325055802 0.2937233448028565 -0.032486837357282632 0.032658951357007034 0.030079720541834835 0.080955807119607939 -0.51862940192222584 -0.00044038957275915886 70.500000000000014 52.500000000000007 35.389381408691413 26.500000000000004 2.6001058816909794 0.87837970256805431 -0.029947913251817223 -0.080158621072769151 46.500000000000007 0.31050695478916174 0.13166895508766177 0.12661863863468173 0.021949098445475105 -0.68301269412040699 43.500000000000007
decision_type=2 2 2 2 2 2 2 2 2 2 2 2 2 2 2 2 2 2 2 2 2 2 2 2 2 2 2 2 2 2
left_child=5 2 3 -2 11 -1 27 8 21 10 -9 12 14 -14 20 -16 17 24 -3 -20 -4 -8 -6 -24 -13 -25 -27 -5 29 -29
right_child=1 18 4 6 22 -7 7 9 -10 -11 -12 16 13 -15 15 -17 -18 -19 19 -21 -22 -23 23 25 -26 26 -28 28 -30 -31
leaf_value=0.032183631323213009 0.03750598397026484 0.028819122033005993 0.012095003169175791 -0.024088180003472518 -0.02639355903026246 -0.027114579102081711 -0.027748696819469815 -0.01848144275020271 -0.021973090194215578 -0.025700124311236323 0.013295565689230304 0.0016467259341335829 0.045825265484833733 -0.025697067270098916 -0.008246495738495372 0.016079550216198144 0.026558997317595017 -0.023244135671356414 0.019025849197477893 -0.026036268329530605 0.038152044062088913 0.010394558313076962 0.041594669338054314 -0.020954561386219185 0.04184088867949938 0.033769718115121583 -0.023205690229003168 0.067459451030243228 -0.018601190900776228 -0.00079678583330310333
leaf_weight=21.865373852297125 43.277573450381169 177.00370366403149 443.64080682683561 210.27226961314682 84.642197026469148 367.82295244696797 23.351675174439151 226.34352964392201 93.968676776170469 188.28449281206849 167.19922109847903 36.779222827572084 11.152423066065237 105.04391032662716 319.76042335921375 215.59016193578827 218.44135366884439 42.093884300855279 144.9433750090684 41.796198989795812 57.890688841231167 544.89096069527204 25.063527508003062 78.71403578529862 31.414929687976837 16.385550728189632 10.365434619860023 8.5002732276916522 48.000826430072266 11.699479374994551
leaf_count=65 61 46 893 929 394 2708 82 666 96 652 558 53 7 453 807 572 1053 70 156 145 196 2252 80 1257 41 500 551 6 407 136
internal_value=-5.76508e-05 0.00249217 0.00069488 -0.00486582 0.00582576 -0.0237871 -0.00607032 -0.00309321 0.00445614 -0.0116857 -0.00498049 0.00837789 0.00539083 -0.0188314 0.00810536 0.0015496 0.0188552 0.00359569 0.0186135 0.00893939 0.0151029 0.00882687 -0.0117493 -0.00225231 0.0201646 -0.0126736 0.0116888 -0.0193698 -0.00482048 0.027921
internal_weight=4016.2 3626.51 3262.77 1565.79 1696.98 389.688 1522.51 1244.04 662.211 581.827 393.543 1481.81 1153.08 116.196 1036.88 535.351 328.729 110.288 363.743 186.74 501.531 568.243 215.171 130.529 68.1942 105.465 26.751 278.473 68.2006 20.1998
internal_count=15892 13119 12772 5845 6927 2773 5784 4306 2430 1876 1224 4145 2928 460 2468 1379 1217 164 347 301 1089 2334 2782 2388 94 2308 1051 1478 549 142
is_linear=0
shrinkage=0.0363096


Tree=87
num_leaves=31
num_cat=0
split_feature=0 1 0 21 2 2 9 12 21 1 3 1 14 19 14 2 10 6 6 0 14 1 17 6 2 16 2 16 2 9
split_gain=222.821 107.874 90.9729 64.6914 76.2726 55.0306 70.453 95.6983 58.1126 45.6131 37.8462 36.2614 34.6054 34.1671 48.4223 48.1164 29.6245 25.8164 24.2598 24.1613 23.3589 21.1888 20.2599 18.4478 17.5514 42.1453 22.9279 15.8274 18.5037 13.9288
threshold=27.500000000000004 -0.027683638967573639 37.500000000000007 0.028635997325181965 -0.13946971297264096 0.002213635249063373 0.085077889263629927 0.096445586532354369 0.019601330161094669 0.039027525112032897 42.625802993774421 -0.0045736583415418855 -0.0040202029049396506 0.6078576147556306 -0.0079614231362938864 -0.04660611413419246 0.019441746175289158 -0.51862940192222584 2.0198191404342656 49.500000000000007 -0.022045959718525406 0.005802594358101488 -0.93301269412040699 -0.15367018431425092 0.15352403372526172 32.792608261108406 0.12490938231348993 31.218333244323734 -0.10832245275378226 0.11914058029651643
decision_type=2 2 2 2 2 2 2 2 2 2 2 2 2 2 2 2 2 2 2 2 2 2 2 2 2 2 2 2 2 2
left_child=-1 3 -3 20 -5 6 13 9 10 21 11 22 -13 18 -15 -16 -6 -10 19 -4 -2 -8 -7 -11 26 -26 -19 28 -22 -12
right_child=1 2 5 4 16 8 7 -9 17 23 29 12 -14 14 15 -17 -18 24 -20 -21 27 -23 -24 -25 25 -27 -28 -29 -30 -31
leaf_value=-0.025914998540348389 -0.029688473363954505 -0.023084212148598151 0.032009259239522379 -0.027866491058558995 0.0047332299282187582 0.026751825843591676 -0.025514592253071434 0.031560328822885217 0.034721258382881814 -0.033214727263637611 -0.021397923331198963 -0.013488871344946623 0.0043515331268194138 -0.026059864817042096 0.035666108765135845 0.00031381790207252007 0.040023546297751504 0.0075677484897824984 -0.0206185711183886 0.014823097863138441 -0.0033398073821673626 -0.0054736018351341752 -0.023383961350946662 0.044717723548170669 -0.030874875603187243 0.031531916297707643 -0.034609199567823094 0.028546197497811673 0.033605067294658245 0.001637774938651712
leaf_weight=400.9997823216936 10.438374864341311 215.87574390311875 174.64558170640703 82.122668282232553 98.728142853837198 11.526976549492245 182.98333302587525 76.003729494554136 57.815625270830424 4.8612372828356483 240.50182810660954 187.41706736123888 609.53976550287916 56.998901077915434 73.329037417566724 164.9188895767893 45.965126588122075 53.070556811559072 18.865237797417649 282.07683453483696 48.286260408260205 112.22564437634992 135.69802722756503 22.682532263934263 18.221262220467906 65.715266910412538 24.993916509145492 350.99880656869027 28.371416305024468 40.412379228444479
leaf_count=1474 93 561 289 175 35 59 933 282 62 6 724 568 2279 153 105 432 119 1023 283 1509 51 682 662 336 26 753 219 1775 78 146
internal_value=-0.000279394 0.00266164 -0.000430032 0.0158224 8.16672e-05 0.00144045 0.00729556 -0.00509451 -0.00329892 -0.0137266 -0.00638346 -0.00290229 0.000155935 0.0137052 0.00400253 0.0111952 0.0159448 0.0138915 0.0197283 0.0213952 0.0239716 -0.0178963 -0.0194578 0.0309591 0.00645697 0.017983 -0.00593467 0.0252816 0.0103323 -0.0180836
internal_weight=3896.29 3495.29 2830.38 664.911 226.816 2614.5 1169.59 398.756 1444.91 322.753 1225.1 944.182 796.957 770.834 295.247 238.248 144.693 219.817 475.588 456.722 438.095 295.209 147.225 27.5438 162.001 83.9365 78.0645 427.656 76.6577 280.914
internal_count=15892 14418 12092 2326 329 11531 5010 2239 6521 1957 4438 3568 2847 2771 690 537 154 2083 2081 1798 1997 1615 721 342 2021 779 1242 1904 129 870
is_linear=0
shrinkage=0.0363096


Tree=88
num_leaves=31
num_cat=0
split_feature=16 21 4 21 2 9 7 0 2 7 0 2 16 2 13 3 4 10 10 0 12 21 13 13 3 9 3 8 3 14
split_gain=122.894 61.4535 42.9896 66.6424 66.4242 45.0367 48.8013 33.817 86.7533 45.1165 33.2829 41.4674 40.9828 32.1249 38.3699 30.8537 24.839 24.4812 24.0557 22.7891 19.8586 19.361 30.7331 18.1663 17.0583 16.8956 15.3425 14.1717 17.4637 13.4455
threshold=22.178556442260746 0.028850203379988674 11.743946552276613 0.048838546499609954 -0.13946971297264096 0.12329595163464548 57.144706726074226 33.500000000000007 -0.09212911874055861 36.576154708862312 37.500000000000007 -0.090877436101436601 31.218333244323734 -0.05082260072231292 -0.041821096092462533 47.680459976196296 21.874175071716312 0.026711715385317806 0.0036053512012586002 43.500000000000007 -0.0088740619830787165 0.033658498898148544 -0.072399042546749101 -0.10801804438233374 56.874711990356452 0.027372183278203014 58.745613098144538 0.05881206505000592 32.036869049072273 -0.00082049056072719384
decision_type=2 2 2 2 2 2 2 2 2 2 2 2 2 2 2 2 2 2 2 2 2 2 2 2 2 2 2 2 2 2
left_child=17 7 3 -3 -4 21 15 8 -2 24 12 23 -9 16 19 -7 20 29 -16 -15 -13 22 -6 -12 -10 -11 -5 -27 -29 -1
right_child=1 2 4 26 5 6 -8 10 9 25 11 13 -14 14 18 -17 -18 -19 -20 -21 -22 -23 -24 -25 -26 27 -28 28 -30 -31
leaf_value=0.016036227433165337 -0.02314280677689522 -0.024753772040172928 0.031346987406467998 0.024251928733125656 -0.0044813702562711616 -0.024791419338009896 0.032186489536967545 0.0043310785045212376 0.0086911780373574443 -0.0085630868229532153 -0.017846090694974354 -0.010233823910769182 -0.027789675365934522 0.032757643412919431 0.017476092275555483 0.016263694181745413 0.02936978580255022 0.032880931030589707 -0.0052224104647084586 0.0040357877307704501 -0.028725178845382979 0.033321165686319133 0.035335455771950554 0.024609000530145548 -0.031222225596949892 0.031762610332832925 -0.0025673575460483252 -0.012479474558381099 0.021874976839858083 -0.016615967413401114
leaf_weight=190.29494650555353 103.74975016431199 116.68784549759584 180.09430611571952 72.809127427644853 78.456913003828959 123.02090546528962 32.605737109814072 75.883465075541608 24.549986986901786 23.222165088205657 15.566794120535631 199.46469048906329 168.95776874938929 55.292462670709938 63.525596698822483 30.019269966382126 15.741618157237097 138.43565305849552 1982.5995488854551 106.7383412239451 124.30532493580722 64.25398777445298 37.901954928465784 90.647600032092669 33.207008504206897 135.51039500162915 45.807760715484619 24.906967255426935 89.935828226152807 18.214585721589174
leaf_count=661 260 360 325 101 87 637 541 31 86 50 294 1019 370 35 222 63 69 70 8158 787 254 143 133 317 31 380 12 147 180 69
internal_value=0.000290204 -0.00145931 0.00770385 -0.00527107 0.0132921 0.00441399 -0.00814423 -0.00360778 0.00583134 0.0149043 -0.00502457 -0.00384276 -0.0178341 -0.00476952 -0.0031707 -0.0167376 -0.0151678 0.0210433 -0.00451764 0.0138377 -0.0173336 0.0173228 0.00848737 0.0183857 -0.0142549 0.0210608 0.0138939 0.0238091 0.0144232 0.0131833
internal_weight=4462.41 4115.46 781.658 235.305 546.353 366.259 185.646 3333.81 435.082 331.332 2898.72 2653.88 244.841 2547.67 2208.16 153.04 339.512 346.945 2046.13 162.031 323.77 180.613 116.359 106.214 57.757 273.575 118.617 250.353 114.843 208.51
internal_count=15892 15092 2402 473 1929 1604 1241 12690 1134 874 11556 11155 401 10544 9202 700 1342 800 8380 822 1273 363 220 611 117 757 113 707 327 730
is_linear=0
shrinkage=0.0363096


Tree=89
num_leaves=31
num_cat=0
split_feature=1 11 0 4 0 12 12 1 7 12 21 14 1 16 11 0 9 1 14 1 2 18 12 6 1 1 1 6 12 4
split_gain=175.846 59.5666 70.3556 52.3802 52.0116 44.9223 39.6393 88.2323 56.8301 50.5381 40.4139 40.2703 36.5219 35.2298 49.5215 41.2884 32.9036 32.2249 35.3319 30.9104 29.6876 24.215 24.2122 25.3614 25.5865 41.1647 25.1477 21.9239 20.8679 18.5376
threshold=-0.033948963508009904 0.0062376342248171577 24.500000000000004 9.9448776245117205 70.500000000000014 0.0044790736865252265 0.01924281939864159 0.013467282988131048 45.739515304565437 0.11530443653464319 0.016824341379106048 -0.0074934051372110835 -0.022213581018149849 63.181842803955085 0.008517007343471052 71.500000000000014 0.045387566089630134 0.075554728507995619 -0.0034115231828764077 0.0014894566847942772 0.068289469927549376 0.25000000000000011 0.022121059708297256 1.0891935825347903 -0.00044038957275915886 0.011276846751570703 0.018492284230887893 0.60230937600135814 0.0085764601826667803 10.180556297302248
decision_type=2 2 2 2 2 2 2 2 2 2 2 2 2 2 2 2 2 2 2 2 2 2 2 2 2 2 2 2 2 2
left_child=3 20 5 -1 6 29 7 11 10 17 -9 12 -4 15 -15 -6 19 18 -8 -17 22 -16 23 24 28 -26 -27 -23 -2 -3
right_child=1 2 4 -5 13 -7 9 8 -10 -11 -12 -13 -14 14 21 16 -18 -19 -20 -21 -22 27 -24 -25 25 26 -28 -29 -30 -31
leaf_value=0.031491490133467914 0.035382521220550814 0.030549026081274511 0.022419420011774164 -0.02699742852669329 0.03685801792541045 -0.014548226808748822 0.018906772809626316 0.024218697426458713 -0.019180353293931418 -0.023390621488961465 -0.00034908711345934314 -0.022718568230842985 -0.011074553453363415 -0.033248486078680368 0.024105362213473414 -0.03549318920297443 -0.018306820993854157 -0.025508207733965092 0.0017242493484221836 0.034649180005709178 -0.021277724100359587 -0.034298265810557609 0.025056320157403621 -0.01096151207041717 -0.029341974605492538 0.034022754496821343 -0.001185066228148066 0.011709110069479898 0.0046624070772778407 0.011558900557366769
leaf_weight=21.402357210563423 90.563747982918358 153.1953935492711 50.540122324333424 354.83757172832793 105.38038711196168 52.361579024377534 201.64970733288646 170.6909307618389 102.61212059262834 97.862256295829866 182.81100142721516 441.33351668021896 284.6191766385964 46.71837078846329 73.29544625010567 9.9812689259688323 46.050913493724693 46.513994497596286 725.2142174684177 48.641250656990451 31.328914814639575 23.52690355004961 201.78599424782442 66.300457585070035 37.413582364042668 49.140891779316007 58.676635133128002 32.540115705556673 43.004750703959871 121.58055790788967
leaf_count=438 135 103 132 2335 304 57 385 363 528 303 590 1748 752 277 761 131 2644 64 1520 291 108 189 387 332 212 54 183 273 91 202
internal_value=-5.19436e-05 0.00241958 0.000373556 -0.02367 -0.00156 0.0162731 -0.00362703 -0.00806711 0.00460791 0.00148177 0.0115133 -0.0155126 -0.00602351 0.0107725 -0.00120577 0.020814 0.00466056 0.00398253 0.00546263 0.0227045 0.0130955 0.0103654 0.0150648 0.00922226 0.0140225 0.00347281 0.0148609 -0.00759461 0.0254925 0.0221469
internal_weight=3971.57 3595.33 3017.12 376.24 2689.98 327.138 2303.85 1232.61 456.114 1071.24 353.502 776.493 335.159 386.135 176.081 210.054 104.673 973.378 926.864 58.6225 578.215 129.362 546.886 345.1 278.8 145.231 107.818 56.067 133.568 274.776
internal_count=15892 13119 11617 2773 11255 362 6385 4113 1481 2272 953 2632 884 4870 1500 3370 3066 1969 1905 422 1502 1223 1394 1007 675 449 237 462 226 305
is_linear=0
shrinkage=0.0363096


Tree=90
num_leaves=31
num_cat=0
split_feature=0 11 6 9 10 0 2 2 13 6 2 13 10 4 2 6 7 11 6 10 21 9 5 10 13 10 7 10 4 2
split_gain=212.401 65.9247 57.3754 90.3648 45.2174 36.4941 40.2822 70.7706 57.4997 39.5812 32.7049 51.391 34.7174 33.5036 33.5353 29.4767 27.5164 22.8452 18.0806 13.683 36.7477 11.3798 17.8851 23.9641 19.8747 7.22417 17.9015 18.5466 6.67759 11.6929
threshold=27.500000000000004 0.0064394676592201003 0.06580574065446855 0.033374749124050147 0.0057251751422882089 33.500000000000007 -0.13946971297264096 -0.032073630020022385 -0.03715942054986953 0.18781424313783648 -0.082154102623462663 -0.052951408550143235 0.014600911643356087 11.941452026367189 0.0011768461554311218 -0.66230919957160939 36.818176269531257 0.0081811654381454008 0.28521351516246801 0.0097148590721189993 0.012950025033205749 0.031326971948146827 24.006216049194339 0.0042720909696072349 0.082461528480052962 0.0061679242644459018 54.410993576049812 0.0068988401908427486 22.36564922332764 -0.012382577639073132
decision_type=2 2 2 2 2 2 2 2 2 2 2 2 2 2 2 2 2 2 2 2 2 2 2 2 2 2 2 2 2 2
left_child=19 15 3 -3 18 -6 9 8 -8 -7 12 16 -5 -13 -15 -2 -12 -9 -4 20 -1 22 24 -24 28 -23 -27 -28 29 -17
right_child=1 2 4 10 5 6 7 17 -10 -11 11 13 -14 14 -16 21 -18 -19 -20 -21 -22 25 23 -25 -26 26 27 -29 -30 -31
leaf_value=0.10554955003380653 0.0092701420631259926 -0.029615412075208656 -0.011413701915022938 0.02952393593429371 -0.023842686019928075 0.039050798888812868 0.0054153375991797016 -0.01663032921247154 0.033023325314048439 -0.027621070471032461 0.022072579985773257 -0.032753860174236739 0.0036398989258403431 0.021689553999891899 0.0062887856895022408 -0.025582372303097109 -0.026429329324959398 -0.0021032992173120753 0.033801920654621016 -0.027035688073089481 -0.028062125577773496 -0.025300284219493561 0.035170759942187817 -0.018158078270691082 0.03173205463113582 -0.027664915861752775 0.042765312665254671 -0.016419744200374526 -0.0265586980832077 0.0036446071320137058
leaf_weight=3.8175921313231802 85.541496932506561 70.329677764102598 13.997080582415945 244.27851517885392 88.174448778368969 13.213751588889862 558.91563908266107 193.32540127576249 120.99174531201061 105.12171954550286 19.447722900211375 21.377432599521853 94.854795979133996 343.95817701213491 407.01132956675428 34.841392477903355 74.442606967635584 545.31291305224477 69.708060367873259 375.02333872868985 9.3833731813901959 131.84725779508153 25.527209553772991 19.66541775684891 11.481737665093531 35.019270702819995 13.116035117072899 14.918307471260048 63.923546304051342 37.426287753081851
leaf_count=33 33 203 43 108 418 20 2680 809 225 415 8 87 60 1116 1157 104 265 4988 201 1319 122 517 93 169 19 86 48 49 304 193
internal_value=-0.000291144 0.00256799 0.0045646 0.0103912 0.000214572 -0.00112589 0.000177355 0.00187526 0.0103284 -0.0201753 0.0127256 0.00898311 0.0222846 0.0120667 0.0133428 -0.0100214 -0.0163818 -0.00590565 0.0262397 -0.0257567 0.0105697 -0.0142775 -0.00802356 0.0119624 -0.0141407 -0.0204655 -0.0103538 0.0112665 -0.0180089 -0.0104447
internal_weight=3845.99 3457.77 2984.46 1275.7 1708.76 1625.06 1536.88 1418.55 679.907 118.335 1205.37 866.237 339.133 772.347 750.97 473.308 93.8903 738.638 83.7051 388.224 13.201 387.766 192.866 45.1926 147.673 194.901 63.0536 28.0343 136.191 72.2677
internal_count=15892 14418 12803 3004 9799 9555 9137 8702 2905 435 2801 2633 168 2360 2273 1615 273 5797 244 1474 155 1582 882 262 620 700 183 97 601 297
is_linear=0
shrinkage=0.0363096


Tree=91
num_leaves=31
num_cat=0
split_feature=16 21 4 21 2 16 20 0 2 7 0 16 2 1 2 13 1 1 10 1 4 14 2 10 1 0 12 10 12 3
split_gain=115.189 57.1481 40.075 63.5342 63.4583 36.5033 48.6654 31.2088 81.946 42.3187 31.7172 39.4241 39.1363 33.7617 30.404 36.6205 27.3009 27.0199 24.6135 23.8334 23.7047 23.1124 23.5929 22.9122 22.7722 21.4619 21.3901 19.9205 16.369 16.353
threshold=22.178556442260746 0.028850203379988674 11.743946552276613 0.048838546499609954 -0.13946971297264096 72.924385070800795 0.81174489855766307 33.500000000000007 -0.09212911874055861 36.576154708862312 37.500000000000007 31.218333244323734 -0.090877436101436601 -0.021834251470863816 -0.05082260072231292 -0.041821096092462533 0.021949098445475105 -0.018578602001070973 0.031585412099957473 -0.0035124707501381631 21.874175071716312 0.0016297044348903003 0.054148249328136451 0.0036053512012586002 -0.020933509804308411 43.500000000000007 0.094514925032854094 0.013311285991221668 -0.019786894321441647 56.874711990356452
decision_type=2 2 2 2 2 2 2 2 2 2 2 2 2 2 2 2 2 2 2 2 2 2 2 2 2 2 2 2 2 2
left_child=16 7 3 19 -4 6 17 8 -2 29 11 -9 13 -12 20 25 -1 26 -19 -3 27 22 -8 -17 -5 -16 -6 -14 -11 -10
right_child=1 2 4 24 5 -7 21 10 9 28 12 -13 14 -15 15 23 -18 18 -20 -21 -22 -23 -24 -25 -26 -27 -28 -29 -30 -31
leaf_value=0.026149965008482382 -0.022856608026332745 -0.031772283198165552 0.030973670929264285 0.00040474928026997209 0.033193761102913881 0.027564303137539194 0.040468299684344691 0.0041806882736829644 0.0084141429078846593 0.030857108126395832 0.029636429780078528 -0.027501986686774674 -0.010194597659069363 -0.018563132454499417 0.032063764057930121 0.017085309273339254 0.001774946951826532 -0.015046613971692428 0.030817118505134779 0.012690909286502452 0.028564245376505044 -0.029826431097020902 -0.028416992681735576 -0.0050407104325107741 0.032976296855884428 0.004113176475399394 -0.0087491174470866479 -0.029164713335361039 0.012787321124696133 -0.030916098573626941
leaf_weight=263.33938951253549 101.30956249863812 95.191701346429909 174.49232060551367 69.318798235135546 72.002624188864502 71.294725423867931 14.408350847055774 75.720955196542491 24.490668132064457 115.42432507233752 79.699377977914992 163.73035142661683 205.42727394551002 25.219663240073714 54.888404376339167 63.692802995303282 78.693305511573271 66.291618461811595 20.104728350492223 19.075308900348318 15.844926429508631 83.50860961228318 12.024414654335486 1972.3794626634608 47.830208735509586 106.51229683887323 20.61599074843798 113.2180486614925 154.72336825767343 32.33381078950697
leaf_count=575 260 193 325 44 213 160 53 31 86 372 417 370 1015 194 35 222 225 697 253 167 69 151 40 8158 69 787 37 258 385 31
internal_value=0.000303848 -0.00139658 0.00753817 -0.00508484 0.0130011 0.00429556 -0.00144521 -0.0034681 0.00567616 0.0145172 -0.0048297 -0.0174826 -0.00368067 0.0180495 -0.00458116 -0.00302875 0.0205422 0.0102319 -0.00437262 -0.0243488 -0.0147796 -0.0204598 0.00912777 -0.0043485 0.0137042 0.0136192 0.0238565 -0.0169352 0.0205083 -0.0139633
internal_weight=4412.81 4070.77 766.159 231.416 534.743 360.251 288.956 3304.62 428.282 326.972 2876.33 239.451 2636.88 104.919 2531.96 2197.47 342.033 179.015 86.3963 114.267 334.49 109.941 26.4328 2036.07 117.149 161.401 92.6186 318.645 270.148 56.8245
internal_count=15892 15092 2402 473 1929 1604 1444 12690 1134 874 11556 401 11155 611 10544 9202 800 1200 950 360 1342 244 93 8380 113 822 250 1273 757 117
is_linear=0
shrinkage=0.0363096


Tree=92
num_leaves=31
num_cat=0
split_feature=1 4 12 16 19 12 1 13 12 16 13 6 13 21 1 14 21 16 11 13 1 21 4 12 21 13 12 4 17 6
split_gain=167.839 82.3838 56.6682 50.6596 43.6117 87.1248 65.7936 53.6869 46.3582 40.3967 46.8848 82.9754 46.3768 39.6104 38.1112 36.3737 33.1529 26.6388 26.5526 26.8632 19.9066 19.6615 24.7247 18.7433 14.9092 11.3704 8.26458 7.59112 7.17065 6.91694
threshold=-0.032191185280680649 10.180556297302248 0.12369922176003458 21.253453254699711 -0.60785761475563038 0.01924281939864159 0.013995800167322161 -0.14574975520372388 0.016078354790806774 86.064952850341811 0.050161793828010566 0.90652498602867138 -0.0024518003920093174 0.010559438727796079 0.019459475763142112 0.0018156066071242096 0.048838546499609954 37.877046585083015 0.010721654165536167 0.063248798251152052 0.080713160336017623 0.0079220714978873747 26.412920951843265 0.022121059708297256 0.014084671624004843 0.04416195489466191 0.088964860886335387 30.538689613342289 0.93301269412040722 -0.10604246333241461
decision_type=2 2 2 2 2 2 2 2 2 2 2 2 2 2 2 2 2 2 2 2 2 2 2 2 2 2 2 2 2 2
left_child=1 -1 3 20 8 6 7 -6 16 10 12 -12 -7 -9 15 -8 18 -16 19 -5 24 -10 23 -23 29 -20 -24 -11 -26 -2
right_child=2 -3 -4 4 5 9 14 13 21 27 11 -13 -14 -15 17 -17 -18 -19 25 -21 -22 22 26 -25 28 -27 -28 -29 -30 -31
leaf_value=0.0318352341167275 0.044668334759820502 -0.027007743681737174 -0.025001043639793823 0.0054365021542915034 0.041727440633129075 0.0058999794753875415 0.035776739271105744 0.0028314284305045274 0.018869170352194323 -0.0057721737953580887 -0.010425697950172985 0.019947410187566926 0.026700939234043018 -0.021441147109831006 0.010613305012910128 -0.0075864933310015384 -0.0049262243285587495 -0.013848472825730469 0.021708937530499683 0.02835043068935407 0.0098024004250378809 -0.016433059343317846 -0.022884210036731845 0.010196618966717398 -0.02580309137074422 0.040210264724410451 0.014449886361099149 -0.03417829072507577 -0.0012733871662420294 -0.0090494738414728451
leaf_weight=34.234331201450004 6.3909587661037222 374.51302412148652 96.06792721623151 298.6556374110769 21.563595941579479 271.52226020832495 81.20247320510498 110.39522253779433 52.028399725444615 20.308492924405073 303.21735689588968 194.73662545871412 294.70804946236058 449.58323558052598 105.06419668482522 37.173763346134365 101.67856294237936 132.97272485372559 300.14323529406101 87.139687651495478 36.657229701850156 48.17527543178403 92.71678861134933 125.93244776983738 134.24051169998984 51.297617622658436 8.533072951853681 31.904563284495453 17.805099466244428 6.2457114786702714
leaf_count=488 7 2403 938 1193 77 439 142 470 85 27 960 791 1026 2131 647 68 43 1033 881 147 24 94 385 565 353 132 115 83 47 98
internal_value=-5.62729e-05 -0.0220791 0.00250243 0.00327459 0.00437921 0.00119555 -0.00696219 -0.0144907 0.00998691 0.00804948 0.00957946 0.0014522 0.0167265 -0.0166558 0.00532147 0.0221584 0.0145091 -0.00305112 0.0171898 0.0106124 -0.0143946 -0.00160078 -0.00546896 0.00282758 -0.0197814 0.0244098 -0.0197367 -0.0231318 -0.0229313 0.0181096
internal_weight=3926.81 408.747 3518.06 3421.99 3220.65 2054.35 937.955 581.542 1166.3 1116.4 1064.18 497.954 566.23 559.978 356.413 118.376 838.915 238.037 737.236 385.795 201.34 327.386 275.358 174.108 164.682 351.441 101.25 52.2131 152.046 12.6367
internal_count=15892 2891 13001 12063 11534 7894 4568 2678 3640 3326 3216 1751 1465 2601 1890 210 2396 1680 2353 1340 529 1244 1159 659 505 1013 500 110 400 105
is_linear=0
shrinkage=0.0363096


Tree=93
num_leaves=31
num_cat=0
split_feature=0 1 5 0 13 13 3 9 7 1 20 0 13 7 19 3 16 0 6 0 17 6 9 4 1 3 12 13 5 4
split_gain=202.558 96.4112 111.836 83.0492 52.1843 82.6026 64.2324 51.0901 87.6777 45.2038 40.7885 38.5493 59.8372 37.4799 35.0289 33.5993 40.5254 29.3482 28.692 24.0001 23.9992 22.4863 25.1088 28.5378 22.4059 44.6769 34.8622 25.1743 23.8225 21.7832
threshold=27.500000000000004 -0.027683638967573639 29.834628105163578 37.500000000000007 0.0049211108125746259 0.04649366810917855 42.625802993774421 0.085628911852836623 55.194356918334968 0.005802594358101488 1.0000000180025095e-35 70.500000000000014 0.057198408991098411 59.15979194641114 0.6078576147556306 30.755213737487797 42.156774520874031 62.500000000000007 -0.87909823656082142 38.500000000000007 -0.68301269412040699 0.58387410640716564 0.063060060143470778 17.234127044677738 -0.048277683556079858 27.530241012573246 0.01013745227828622 -0.1293227821588516 26.851798057556156 17.234127044677738
decision_type=2 2 2 2 2 2 2 2 2 2 2 2 2 2 2 2 2 2 2 2 2 2 2 2 2 2 2 2 2 2
left_child=-1 2 24 -3 7 21 11 14 9 -9 -4 13 -13 -7 19 18 -17 -8 -16 -5 -11 -6 23 -23 25 -2 -27 -26 -28 -21
right_child=1 3 10 4 5 6 17 8 -10 20 -12 12 -14 -15 15 16 -18 -19 -20 29 -22 22 -24 -25 27 26 28 -29 -30 -31
leaf_value=-0.025609621102667224 0.031504021079776907 -0.022586130649438981 0.032234898824747504 0.036641880231485062 -0.02500129753177811 0.023831738588441991 0.0081236329869380144 -0.023383572059400583 0.033338374538935678 0.026807247196969433 -0.020838067574605105 0.051504418259782206 -0.011229480712452306 0.0043748347874710755 0.02664786279345234 -0.022380709651186922 0.017458883632507801 -0.020151634880895504 -0.026582474724103376 0.020124506494637456 -0.0066982084301270162 0.030366554011168063 0.023319042448754771 -0.024535566033936161 -0.022740689631980046 -0.031580675723183176 0.027021078400019952 0.031638814490187919 -0.0288574385798319 0.0020331922651536122
leaf_weight=375.76579389651033 91.819581055375238 206.65653217694762 22.574681086309283 77.785159111022949 236.73946924411212 222.35099760873345 63.219813389527189 188.00090151289987 68.071966707499087 42.87307217246962 123.67346746489056 22.149847691305695 210.90395432235164 316.10179933924155 16.450548508601059 41.355234901619042 180.90740111007835 206.32931605830345 70.79417649793686 291.03024206276132 82.255396392582952 15.013886289794753 29.628372330334969 73.973773293122576 11.666299537042503 36.950219379801638 42.750232455773585 294.10300449289753 13.151676846287954 125.64049349572633
leaf_count=1474 215 561 109 15 1182 613 150 704 68 278 331 216 1549 790 11 123 309 1215 299 1674 865 76 310 495 14 269 336 1047 5 589
internal_value=-0.000303094 0.00247338 0.0152219 -0.000437692 0.00133526 -0.00342057 0.00173881 0.00693888 -0.00400906 -0.0121285 -0.012645 0.00706994 -0.00526662 0.0124097 0.01213 0.00255004 0.0100456 -0.0135196 -0.0165442 0.0181264 0.00478098 -0.0185359 -0.00563104 -0.0152712 0.023532 0.0135445 -0.00421407 0.0295636 0.0138728 0.0146696
internal_weight=3800.69 3424.92 636.689 2788.23 2581.58 1396.41 1041.06 1185.16 381.201 313.129 146.248 771.507 233.054 538.453 803.963 309.507 222.263 269.549 87.2447 494.456 125.128 355.356 118.616 88.9877 490.441 184.672 92.8521 305.769 55.9019 416.671
internal_count=15892 14418 2326 12092 11531 6596 4533 4935 1915 1847 440 3168 1765 1403 3020 742 432 1365 310 2278 1143 2063 881 571 1886 825 610 1061 341 2263
is_linear=0
shrinkage=0.0363096


Tree=94
num_leaves=31
num_cat=0
split_feature=16 21 16 1 10 1 17 9 0 2 12 0 16 2 1 2 13 1 10 12 21 16 0 1 14 9 17 10 2 21
split_gain=107.473 52.9576 38.1021 47.1322 43.5337 41.3161 39.4587 31.4606 29.2692 77.1735 36.5012 30.2616 39.0346 36.8449 32.1978 29.2662 34.4617 25.8731 22.8411 27.4732 21.5195 20.9589 20.5755 18.5592 16.821 15.9402 13.8195 10.5075 36.566 24.2479
threshold=22.178556442260746 0.028850203379988674 72.924385070800795 -0.047311121597886079 0.031585412099957473 -0.020933509804308411 -1.0000000180025095e-35 0.1364005580544472 33.500000000000007 -0.09212911874055861 -0.075519919395446763 37.500000000000007 31.218333244323734 -0.090877436101436601 -0.021834251470863816 -0.05082260072231292 -0.041821096092462533 0.021949098445475105 0.022880498319864277 0.062766283750534071 0.0059380487073212871 72.234249114990249 43.500000000000007 0.014548588544130327 0.018747428432106975 0.027372183278203014 -1.0000000180025095e-35 0.015532886143773796 -0.08475241437554358 0.0320314858108759
decision_type=2 2 2 2 2 2 2 2 2 2 2 2 2 2 2 2 2 2 2 2 2 2 2 2 2 2 2 2 2 2
left_child=17 8 3 7 18 6 -6 -3 9 -2 23 12 -10 14 -13 -15 22 27 19 21 -18 -5 -17 -11 -21 -12 -19 28 29 -1
right_child=1 2 -4 4 5 -7 -8 -9 11 10 25 13 -14 15 -16 16 20 26 -20 24 -22 -23 -24 -25 -26 -27 -28 -29 -30 -31
leaf_value=-0.038287829761276329 -0.022508132148276877 0.030516595191296691 0.027956045608323335 0.013647378452343957 0.021376960298995596 0.032003852569130256 -0.015186185263199448 -0.028882117449979674 0.004441899279162235 -0.030664929409101892 -0.0089452572750278458 0.029143583776863342 -0.027288748664613612 -0.014465799491429695 -0.018190415378583274 0.031422985500323887 0.013164039937881223 0.016480879527584851 -0.024984945712328076 -0.029517288425203521 -0.0049635366978805218 -0.032461344183319508 0.0040058398811445321 0.010609652026666127 0.013508747581109103 0.022608178338982144 -0.014000082921417216 0.031070673574968625 0.031758588876409866 0.032649338122763688
leaf_weight=21.138594503203425 98.672776160812646 111.0798872721407 102.40868550218693 102.56734314994355 66.775305912962722 80.172568183052135 93.260852539531697 13.145215440572427 75.191195255454659 31.65892139072821 23.11313264338969 78.488258238528942 159.58143732906865 330.28033991686425 24.971644059933169 54.568344380939379 90.363289802866348 40.707091934071286 93.391092911526357 57.692267757338414 1936.1185057124658 14.881724716535244 106.58445021285843 26.284058421741065 15.11443363924627 242.6873036968118 37.835887764069412 165.60140402147954 61.870228993617275 9.0806808327288291
leaf_count=135 260 153 181 480 43 400 64 350 31 84 51 417 370 1342 194 35 226 84 512 157 8154 5 787 17 57 722 141 146 286 8
internal_value=0.000319879 -0.00132592 0.00737472 0.00412231 -0.000645796 0.0107282 6.91447e-05 0.0242302 -0.0033176 0.0056031 0.0141714 -0.00463699 -0.0171258 -0.00351844 0.0177177 -0.00439106 -0.00286997 0.0200417 -0.0102784 -0.00305874 -0.00415515 0.00780403 0.0132904 -0.0119401 -0.0205837 0.019864 0.0017961 0.0256024 0.0157677 -0.0169679
internal_weight=4365.29 4029.05 750.489 648.081 523.856 240.209 160.036 124.225 3278.56 422.416 323.743 2856.15 234.773 2621.37 103.46 2517.91 2187.63 336.234 283.647 190.256 2026.48 117.449 161.153 57.943 72.8067 265.8 78.543 257.691 92.0895 30.2193
internal_count=15892 15092 2402 2221 1718 507 107 503 12690 1134 874 11556 401 11155 611 10544 9202 800 1211 699 8380 485 822 101 214 773 225 575 429 143
is_linear=0
shrinkage=0.0363096


Tree=95
num_leaves=31
num_cat=0
split_feature=1 3 9 5 4 10 1 11 6 6 14 10 10 0 5 11 10 1 3 6 14 7 6 6 14 10 19 14 10 1
split_gain=159.876 67.0093 59.4748 57.9455 47.2511 45.4044 47.4289 43.1554 42.6113 36.4183 36.2203 48.3822 42.4951 39.2882 38.8475 38.0655 46.1123 36.1656 32.6781 30.4096 25.3011 34.1621 26.8246 21.9552 21.6178 25.8563 21.5675 19.8005 18.8272 27.4085
threshold=-0.033948963508009904 59.554189682006843 0.037849595770239837 11.74288320541382 9.9448776245117205 0.0075607711914926776 0.017542267218232158 0.0054724283982068309 -0.66230919957160939 0.70256349444389354 -0.00038128293817862863 0.017065831460058693 0.031585412099957473 44.500000000000007 20.888216972351078 0.16113392263650897 0.058401815593242652 0.0026415665633976464 35.201148986816413 0.82208380103111278 0.01181335933506489 46.971414566040046 3.0529816150665288 -0.24074187874794004 0.0017300085164606573 0.0061679242644459018 -0.87837970256805409 -0.0081344735808670503 0.0063668228685855874 -0.0035124707501381631
decision_type=2 2 2 2 2 2 2 2 2 2 2 2 2 2 2 2 2 2 2 2 2 2 2 2 2 2 2 2 2 2
left_child=4 2 5 18 -1 7 27 8 -2 24 15 13 14 -12 -13 16 17 -5 -4 -20 22 -22 -3 -15 -9 -26 -11 -7 29 -10
right_child=1 20 3 10 -6 6 -8 9 28 26 11 12 -14 23 -16 -17 -18 -19 19 -21 21 -23 -24 -25 25 -27 -28 -29 -30 -31
leaf_value=0.030627145285437432 -0.032814551672679874 0.026226566797727384 0.023662053699460502 0.0085470020570412551 -0.026744428252342089 0.013029590176054111 0.030969224168935376 0.038051665074513644 0.027479210386215189 0.037243663598720639 -0.026713855963120006 -0.017183978339439649 -0.027736788591544909 -0.025473528997563701 0.022649917738229133 -0.026958363674667116 0.078320842203316365 -0.0053658320497824265 -0.011610579282193683 0.010729196342501463 0.023771794202040099 -0.038600459863779767 -0.00217948123973333 -0.0036063386164460554 0.028280717910923521 -0.017302563798193952 -0.013172227767648793 -0.020331528390131505 -0.033634268318347024 0.00091882345660218936
leaf_weight=20.07447463895187 35.946327209472656 248.56457107044662 141.40825503960696 415.85597682667139 330.31226022920055 28.645895077703244 37.851589692039852 161.70068224410716 90.182456527059912 14.758794846326053 256.34447451325832 43.374940336162581 43.599781387433723 76.538461254385766 126.13083813335561 68.105341792106628 10.087182799465152 604.22514205626703 122.60775486137391 232.97876679421825 23.011208914220333 23.297346193843623 53.202113310893765 289.56277986436089 55.79892620796636 23.234861937531605 46.219120301893781 129.34957573574502 12.411984209378714 118.58710379305558
leaf_count=438 15 197 634 1996 2335 60 186 280 154 33 455 363 209 261 276 45 15 2825 350 1035 7 85 58 2165 97 71 256 355 34 602
internal_value=-6.28965e-05 0.00225682 0.000603955 -0.00216044 -0.0234571 0.00950811 -0.00553577 0.0147805 0.00385004 0.0240953 -0.00500247 -0.0106996 0.00423241 -0.0158121 0.0124561 -0.000668045 0.00106993 0.000305897 0.00889776 0.00302603 0.0173832 -0.00760464 0.0212181 -0.00817829 0.0304443 0.0148784 -0.000967884 -0.0142822 0.00980928 0.0123927
internal_weight=3883.97 3533.58 3185.51 2430.82 350.387 754.687 195.847 558.84 257.128 301.712 1933.82 835.551 213.106 622.446 169.506 1098.27 1030.17 1020.08 496.995 355.587 348.075 46.3086 301.767 366.101 240.734 79.0338 60.9779 157.995 221.182 208.77
internal_count=15892 13119 12772 10629 2773 2143 601 1542 805 737 8610 3729 848 2881 639 4881 4836 4821 2019 1385 347 92 255 2426 448 168 289 415 790 756
is_linear=0
shrinkage=0.0363096


Tree=96
num_leaves=31
num_cat=0
split_feature=21 1 5 1 10 21 10 11 13 11 9 1 9 4 10 7 5 10 16 10 13 8 7 20 1 21 9 9 13 6
split_gain=157.263 114.742 84.2799 44.932 36.6105 44.3015 34.7047 57.2958 50.4585 46.6786 41.4943 37.0404 35.4826 26.7491 40.0964 32.4993 41.5321 29.1781 25.8506 25.7396 55.7841 31.6212 25.1775 24.4135 20.0725 38.7619 41.9245 26.1857 24.3106 18.9735
threshold=0.035019053146243102 -0.027683638967573639 29.834628105163578 0.078514065593481078 0.011555248871445658 0.034005155786871917 0.0095080612227320688 0.0064394676592201003 0.0049211108125746259 0.0088760815560817736 0.073278225958347334 0.00037336538662202662 0.029100779443979267 24.568654060363773 0.016242681071162227 59.73883247375489 21.632164001464847 0.010066759772598745 48.919443130493171 0.0079555278643965738 0.047584861516952522 1.2737765312194826 71.859149932861342 -0.56174489110708226 -0.048277683556079858 0.027950330637395385 0.10725898668169977 0.13166895508766177 -0.1293227821588516 -0.51862940192222584
decision_type=2 2 2 2 2 2 2 2 2 2 2 2 2 2 2 2 2 2 2 2 2 2 2 2 2 2 2 2 2 2
left_child=1 2 24 6 -4 -6 7 11 10 -8 23 -3 18 14 17 16 -15 -11 -13 21 -21 -10 -17 -9 25 26 -1 -27 -26 -5
right_child=-2 3 4 29 5 -7 9 8 19 13 -12 12 -14 15 -16 22 -18 -19 -20 20 -22 -23 -24 -25 28 27 -28 -29 -30 -31
leaf_value=0.032045540234552201 -0.025815014444012619 -0.022104055873467081 0.032103880491717536 0.034118552258558393 -0.028633800203551888 0.042806944596601379 -0.025829368633760889 0.02764425746077754 -0.013374457964315536 -0.021799100827422601 -0.014803730514684364 -0.0089026285536132066 -0.014146766337611544 0.023408750056993576 -0.027906655050377243 -0.013666434621995219 -0.028103468929206458 -0.00042015404214912198 0.023786093357712351 -0.021624481872897176 0.022517247946136392 0.013473684189975693 0.023976480054708687 0.010827296934828761 -0.022076537594386107 -0.028468811115393174 -0.037766730439080291 0.031241031614048904 0.03120046373117295 0.0083956296712175971
leaf_weight=107.90216648883325 293.80394395443545 183.6622699022264 22.121273237372407 56.466861105665885 88.791466563256108 13.135598569577267 151.7454142324259 181.75615671492233 279.45880959269562 103.09931470493029 60.36510235491005 50.006192735241711 136.83236425321775 139.07528042651211 114.69177583434066 135.07399016177078 24.228192651053178 458.3248841731529 88.041996593581644 54.21247071421385 124.24315650950848 72.924034032423151 28.338714677936878 304.53512008737562 11.752177152078728 37.685571966977477 12.671246159254222 13.029805411579217 286.60808882824313 114.44217868375199
leaf_count=551 1426 577 259 44 393 21 342 345 736 362 385 186 534 405 617 1156 55 2574 301 298 449 296 294 1039 16 130 255 172 1115 559
internal_value=-0.000312375 0.00185613 0.0163826 -0.00115773 -0.0102357 -0.0194259 -0.00230449 0.00127065 0.00584543 -0.00706092 0.0135884 -0.00947903 -0.00104317 -0.00422082 -0.00834315 0.00430971 0.0157655 -0.00434637 0.0119442 -0.00212804 0.00910693 -0.00781803 -0.00713776 0.017113 0.0234136 0.0135054 0.0247079 -0.0131259 0.0291015 0.0168949
internal_weight=3749.03 3455.22 593.697 2861.52 124.048 101.927 2690.62 1536.04 1077.49 1154.58 546.656 458.543 274.881 1002.83 676.116 326.716 163.303 561.424 138.048 530.838 178.456 352.383 163.413 486.291 469.649 171.289 120.573 50.7154 298.36 170.909
internal_count=15892 14466 2912 11554 673 414 10951 5146 3548 5805 1769 1598 1021 5463 3553 1910 460 2936 487 1779 747 1032 1450 1384 2239 1108 806 302 1131 603
is_linear=0
shrinkage=0.0363096


Tree=97
num_leaves=31
num_cat=0
split_feature=16 21 4 5 21 16 2 19 16 21 16 10 6 7 12 6 20 21 4 1 20 16 1 6 1 10 6 1 7 6
split_gain=101.788 48.9896 36.4648 71.0159 58.3462 50.5163 52.8233 28.2252 26.9353 29.2233 38.6627 26.6696 27.6732 26.9415 45.5722 45.4886 53.2389 25.9358 25.3299 24.9558 24.6241 30.9194 22.4187 21.6445 21.0107 20.2244 17.3813 15.8524 14.6567 14.5478
threshold=22.178556442260746 0.028850203379988674 11.743946552276613 29.675328254699711 0.048838546499609954 46.329982757568366 0.12734783440828326 0.87837970256805431 31.015535354614261 0.014383611734956505 46.329982757568366 0.0060205240733921537 2.0662636756896977 37.391767501831062 -0.017399735748767849 0.0087804538197815436 1.0000000180025095e-35 0.0061242622323334226 38.76488113403321 0.021949098445475105 0.81174489855766307 70.663581848144545 -0.0035124707501381631 2.7076778411865239 -0.017318869009613987 0.0094656115397810953 1.1457440257072451 0.043772948905825622 45.358861923217781 2.4681967496871953
decision_type=2 2 2 2 2 2 2 2 2 2 2 2 2 2 2 2 2 2 2 2 2 2 2 2 2 2 2 2 2 2
left_child=19 7 4 5 22 -4 -7 11 -9 10 28 12 18 29 15 16 -15 -14 -2 -1 25 -22 -3 -6 -5 -16 -26 -17 -10 -13
right_child=1 2 3 24 23 6 -8 8 9 -11 -12 13 17 14 20 27 -18 -19 -20 -21 21 -23 -24 -25 26 -27 -28 -29 -30 -31
leaf_value=0.025262060628721838 -0.014137482082678664 -0.031449051018826946 0.025043209653789946 0.028616324005539918 0.00053397807278653109 -0.02703315408016042 0.029516611206586125 0.0033468821901883627 0.034477542601898406 -0.025494583713727835 -0.016961657322381456 -0.014151940616509021 0.04948977491179269 -0.016434177577563068 -0.004305863980413327 0.025619008608222641 0.035299705095462715 -0.0061676772380120449 0.01723240293953493 0.0017958934755786513 -0.023232820603583042 0.0011177733841259334 0.01233642687297655 0.032954136911947429 -0.011139376926278409 0.0046912549793559641 0.022729634250343907 -0.00021661032497746161 -0.006877040197724291 0.018106037920332944
leaf_weight=252.01117135784625 440.73046695027733 90.730671628736673 54.285962253659818 236.08407365166931 70.150259320615078 113.62996669058339 26.938782545592403 124.0050017408139 35.024435740782792 201.00766759118414 109.46756857883702 222.41944714290366 19.569695688784122 108.20702888601772 595.36911117925047 212.29983479997645 34.613951148969136 25.311928266393807 36.762861474082456 78.330728313576401 139.82699450288601 135.22176637907069 18.568389788166314 44.297780713648535 37.042839375975745 737.30074928290742 43.352692124009991 36.717943747298705 16.673457424018125 20.093997167663474
leaf_count=575 1297 193 629 177 66 743 270 91 55 958 381 761 52 300 1816 1707 206 162 37 225 657 240 167 47 59 3262 51 391 74 243
internal_value=0.000329484 -0.00127579 0.00718935 0.012539 -0.00503574 -0.0047056 -0.0161951 -0.0031901 -0.0112581 -0.016259 -0.00473957 -0.00177115 -0.0091597 -4.96596e-05 0.00133643 0.0124399 -0.00389519 0.0180982 -0.011722 0.0196981 -0.00136966 -0.011261 -0.0240095 0.0130834 0.0231567 0.000671716 0.00712285 0.0218091 0.0211378 -0.0114787
internal_weight=4316.05 3985.71 735.081 511.334 223.747 194.855 140.569 3250.62 486.178 362.173 161.165 2764.45 522.375 2242.07 1999.56 391.839 142.821 44.8816 477.493 330.342 1607.72 275.049 109.299 114.448 316.48 1332.67 80.3955 249.018 51.6979 242.513
internal_count=15892 15092 2402 1929 473 1642 1013 12690 1559 1468 510 11131 1548 9583 8579 2604 506 214 1334 800 5975 897 360 113 287 5078 110 2098 129 1004
is_linear=0
shrinkage=0.0363096


Tree=98
num_leaves=31
num_cat=0
split_feature=1 4 3 9 5 3 6 9 9 7 16 3 7 5 1 3 1 12 2 11 6 12 2 19 2 5 6 1 6 12
split_gain=152.172 86.5038 62.3446 51.6636 49.5906 30.9606 28.9175 27.1296 61.2794 77.2977 57.0531 29.1343 28.8221 39.3778 65.6595 35.2057 26.0633 32.5281 34.7371 36.5514 29.9535 25.9074 24.9941 27.5721 24.9631 33.4205 24.5635 47.6418 22.2833 21.1022
threshold=-0.031422922387719147 10.383468151092531 60.516061782836921 0.037849595770239837 11.74288320541382 35.201148986816413 0.82208380103111278 0.104667566716671 0.23989582061767581 50.350656509399421 23.226891517639164 58.745613098144538 56.127576828002937 15.696266174316408 0.0043934516143053779 43.80475044250489 0.030079720541834835 -0.010177480988204477 0.062619864940643324 0.0094090010970830935 -0.2538455575704574 0.011523428838700058 -0.14261190593242642 -0.60785761475563038 0.038601187989115722 9.7271480560302752 2.6386789083480839 -0.021834251470863816 1.6089681386947634 0.11530443653464319
decision_type=2 2 2 2 2 2 2 2 2 2 2 2 2 2 2 2 2 2 2 2 2 2 2 2 2 2 2 2 2 2
left_child=1 -1 3 16 5 -5 24 12 9 10 -9 -10 22 15 -15 -14 17 20 19 28 -2 -11 -6 -24 25 -7 -4 -28 -19 -8
right_child=2 -3 26 4 7 6 29 8 11 21 -12 -13 13 14 -16 -17 -18 18 -20 -21 -22 -23 23 -25 -26 -27 27 -29 -30 -31
leaf_value=0.031382145759109234 0.037309214436238136 -0.026809564967243241 0.025076998786189721 0.022922254150605038 0.025533117964958354 0.045424797024330422 0.014112356078861603 -0.0057807207160868171 -0.023844745397000822 0.028737753217232938 0.026460066992192839 0.019832606555874203 -0.016180842601772757 0.03533996706325078 -0.015594431862319525 0.025374632893112897 0.031783075558281623 0.019099026903732743 -0.022194554883274396 -0.011286550119230339 -0.017937925876736174 -0.017192795354198875 -0.00016081032906685468 -0.015587425645797454 -0.020339752394195911 -0.041030424306812606 0.026919814919354537 -0.035014001033426799 -0.0093518657853283293 -0.02040299991636603
leaf_weight=37.157070848510557 14.907458081070216 359.59482492582629 208.8872076792868 141.3702565070771 24.007468498494745 19.180752745583963 210.11617318111894 101.42622223813123 143.83688539600553 18.077995283361815 252.47871502955059 23.408334875879518 159.88819810926907 88.017819458968006 53.735645714523343 32.307692971124197 61.990979553333091 432.29579079691575 39.521903932982241 70.682182239870599 97.883576834992709 154.94485121386606 198.59762916393447 661.81145095925967 94.666149369531922 8.5089637459441274 37.309459035528562 29.1824471263335 39.614270955278698 26.270696441068139
leaf_count=517 21 2433 152 630 21 112 695 309 297 119 1253 11 667 206 317 107 357 912 126 105 474 889 1380 2933 205 34 13 118 135 344
internal_value=-6.52976e-05 -0.0213594 0.00238711 0.000947291 -0.00164916 0.0085307 0.00285908 -0.00431116 0.00141789 0.00749584 0.0172198 -0.0177308 -0.00757542 0.00151261 0.0160311 -0.00919486 0.00922377 0.00721113 0.0106692 0.0130632 -0.0106349 -0.0123931 -0.0110071 -0.0120268 -0.0114693 0.0188532 0.0189587 -0.000260483 0.0167105 0.010276
internal_weight=3841.68 396.752 3444.93 3169.55 2412.65 500.113 358.743 1912.54 694.173 526.928 353.905 167.245 1218.37 333.949 141.753 192.196 756.896 694.905 582.114 542.592 112.791 173.023 884.417 860.409 122.356 27.6897 275.379 66.4919 471.91 236.387
internal_count=15892 2950 12942 12659 10529 2020 1390 8509 2878 2570 1562 308 5631 1297 523 774 2130 1773 1278 1152 495 1008 4334 4313 351 146 283 131 1047 1039
is_linear=0
shrinkage=0.0363096


Tree=99
num_leaves=31
num_cat=0
split_feature=0 1 0 0 8 13 13 3 2 13 6 20 16 9 0 13 1 8 0 13 21 4 6 21 12 10 21 12 9 13
split_gain=184.663 87.5459 76.79 49.7723 85.2464 47.7674 76.5101 59.4671 50.6531 39.8238 37.7329 35.1692 63.3585 56.9459 35.0017 55.7821 34.5234 34.3274 27.6716 23.8838 23.1331 29.7377 22.0406 24.9451 21.3269 19.3937 16.566 16.3264 14.7904 24.9069
threshold=27.500000000000004 -0.027683638967573639 37.500000000000007 35.500000000000007 0.31050695478916174 0.0049211108125746259 0.04649366810917855 42.625802993774421 -0.11434316635131835 -0.047862943261861794 1.4706639647483828 -0.56174489110708226 42.428260803222663 0.1639949977397919 70.500000000000014 0.057198408991098411 0.0420149713754654 0.41853900253772741 62.500000000000007 -0.084020070731639848 0.015025159809738399 15.819024085998537 0.58387410640716564 0.0073846606537699708 0.13933603465557101 0.0055147577077150354 0.013504073489457371 0.10718687251210214 0.10323807224631311 -0.074309129267930971
decision_type=2 2 2 2 2 2 2 2 2 2 2 2 2 2 2 2 2 2 2 2 2 2 2 2 2 2 2 2 2 2
left_child=26 3 -3 28 9 8 22 14 -4 27 19 20 16 -14 17 -16 -13 -8 -9 -6 -10 -22 -7 -24 -20 -25 -1 -5 -2 -30
right_child=1 2 5 4 10 6 7 18 11 -11 -12 12 13 -15 15 -17 -18 -19 24 -21 21 -23 23 25 -26 -27 -28 -29 29 -31
leaf_value=0.018952782639824282 0.02865720779548225 -0.022159187420253568 -0.027963699540424533 -0.027511776174646594 -0.027961314919919031 -0.024598891012071369 0.022349826287425278 0.0077492790678008227 0.027267815545138709 0.034911334612825536 -0.029711946339001077 -0.016702916162723177 0.014662478564065029 -0.020750482847366414 0.049189026225083143 -0.01096502070420447 0.036803004583013582 0.0038004254569492806 -0.022956045509242816 0.03003881237689033 0.017876095611005106 -0.019527141573621294 -0.026687294890440326 0.039657536412648763 0.024570386010964052 -0.003212760052235641 -0.02671827419271568 0.024855542718570184 -0.038081576108760389 0.031658858721947826
leaf_weight=10.798762269865618 255.26287973647777 199.12721354493988 53.170335411768974 112.50349820332031 9.9533715091965842 230.03590508185334 232.53755621249729 63.155475761892376 176.95888436858877 17.385090256058902 17.337412362192481 200.40391050557264 511.59110366833556 67.797420421789866 22.529122848556653 207.58899987270161 17.266946478546743 302.84650996703022 187.63218365480134 156.54967222056439 101.1013877420246 38.768441718422764 44.320951970907117 18.775566325524778 13.330122360637686 53.6909089965975 341.6626006770075 8.4352297438981605 12.188123659395389 15.134674908182204
leaf_count=56 391 561 325 760 36 1182 607 150 372 169 141 1122 1866 120 216 1549 273 796 795 711 703 154 223 105 420 553 1418 8 29 81
internal_value=-0.000319997 0.0023122 -0.000445109 0.0148172 0.00506091 0.00125481 -0.00332696 0.00164135 0.00665871 -0.016471 0.0212624 0.00831148 0.0042436 0.0105184 0.00676708 -0.00507527 -0.012458 0.0118573 -0.0132143 0.0265709 0.0185449 0.00750803 -0.0180768 -0.00522921 -0.019803 0.00789318 -0.0253187 -0.0238583 0.0259395 0.000544962
internal_weight=3699.84 3347.38 2742.63 604.75 322.164 2543.5 1376.44 1029.62 1167.06 138.324 183.84 1113.89 797.059 579.389 765.502 230.118 217.671 535.384 264.118 166.503 316.829 139.87 346.823 116.787 200.962 72.4665 352.461 120.939 282.586 27.3228
internal_count=15892 14418 12092 2326 1825 11531 6596 4533 4935 937 888 4610 3381 1986 3168 1765 1395 1403 1365 747 1229 857 2063 881 1215 658 1474 768 501 110
is_linear=0
shrinkage=0.0363096


Tree=100
num_leaves=31
num_cat=0
split_feature=16 19 13 7 3 9 4 9 1 13 4 17 7 16 1 6 13 1 8 14 1 3 0 6 3 3 8 2 8 1
split_gain=94.8535 38.9014 43.0129 68.2176 57.1399 44.2797 40.1731 38.5719 34.7212 34.3843 28.4979 40.4412 27.6871 26.751 26.139 25.9527 24.5857 24.3113 30.288 32.5844 24.2291 20.6164 19.6643 21.1384 19.6702 40.9218 18.4812 16.4177 15.8977 15.026
threshold=22.178556442260746 0.87837970256805431 -0.041821096092462533 37.567609786987312 27.308477401733402 0.16803409904241565 21.332204818725589 0.28134970366954809 -0.020933509804308411 -0.04566559009253978 20.544087409973148 -1.0000000180025095e-35 29.747159957885746 42.842084884643562 -0.018578602001070973 0.04502359218895436 0.03447419963777066 0.0018854566151276233 -0.12083410099148749 -0.011914899572730063 0.021949098445475105 47.680459976196296 33.500000000000007 1.9052253961563113 47.463069915771491 37.538822174072273 2.7090283632278447 0.031577920541167266 -0.67561891674995411 -0.0075336557347327462
decision_type=2 2 2 2 2 2 2 2 2 2 2 2 2 2 2 2 2 2 2 2 2 2 2 2 2 2 2 2 2 2
left_child=20 2 3 7 6 10 -5 9 -4 29 15 -12 -9 16 -10 -6 17 18 19 -3 -1 -7 24 26 25 -16 -24 -25 -21 -2
right_child=1 13 8 4 5 21 -8 12 14 -11 11 -13 -14 -15 22 -17 -18 -19 -20 28 -22 -23 23 27 -26 -27 -28 -29 -30 -31
leaf_value=0.024777076945407799 -0.026506970559547538 -0.032152206900040996 -0.023234842310848394 -0.020692209524530283 0.0053603613419923486 -0.021600839443121751 0.025426735960060252 -0.012032052472944298 0.038632101040782761 0.046474693037260477 -0.028080726985878896 0.02473522276140919 0.022853734932443862 -0.019344131314028491 0.035654491845799129 0.021785579299534862 0.020277334600829418 -0.026884719617409972 -0.029602943987324808 0.040516719804665861 0.0016026137027827406 0.034872732414221501 -0.0052373961324310592 0.029542425050798064 0.035155331484547754 -0.017703665854891731 0.036557742921699325 0.0022756327441892012 0.006859352087924972 -0.0099320853033910052
leaf_weight=246.76161260077606 113.21225222490284 18.201371464172553 109.60004056625257 116.87158731392628 163.24325540923019 61.982744140779687 31.641143766522873 47.719670354088521 20.435535372233062 12.083223756193545 43.747823214042 33.941392066079061 80.728104837833598 243.55988385930323 30.209781776437012 568.78105414185302 50.452073460084648 61.943690988086018 31.875941490916375 33.671684251643455 78.382222053764053 9.8795978038979211 1568.3121266989692 39.215323249842186 33.810371875762939 50.836271522381139 14.072600838782817 113.0522991193975 41.089615614475406 198.70532634699885
leaf_count=575 637 55 1185 310 208 290 81 36 131 33 84 127 81 1434 100 1859 71 137 107 74 225 75 6105 278 14 43 27 838 90 582
internal_value=0.000341084 -0.0012133 0.000130695 0.00480735 0.00996935 0.0134794 -0.0108656 -0.00694472 -0.00337173 -0.01362 0.0159037 -0.00500469 0.00989243 -0.0108913 -0.00220746 0.0181229 -0.00221266 -0.00828808 0.000938515 0.0114121 0.0191908 -0.0138352 -0.00265877 -0.00362221 0.0118909 0.00218416 -0.00486562 0.00929875 0.0220198 -0.0159484
internal_weight=4268.02 3942.88 3462.08 1482.54 1030.09 881.576 148.513 452.449 1979.54 324.001 809.714 77.6892 128.448 480.794 1869.94 732.024 237.234 186.782 124.839 92.9627 325.144 71.8623 1849.51 1734.65 114.856 81.0461 1582.38 152.268 74.7613 311.918
internal_count=15892 15092 13124 4403 3034 2643 391 1369 8721 1252 2278 211 117 1968 7536 2067 534 463 326 219 800 365 7405 7248 157 143 6132 1116 164 1219
is_linear=0
shrinkage=0.0363096


Tree=101
num_leaves=31
num_cat=0
split_feature=1 5 3 2 12 10 13 21 14 10 21 2 5 21 0 21 13 1 13 10 5 18 10 16 17 18 17 12 10 19
split_gain=144.895 71.3417 56.2185 56.4017 43.76 61.2975 70.0433 56.7611 41.5254 37.8266 37.6129 26.71 28.1212 43.0707 23.1702 22.1527 39.2476 19.358 39.112 19.9253 18.6483 18.3337 26.4742 9.14797 7.2458 6.63704 6.31115 3.40238 3.0116 1.50532
threshold=-0.032191185280680649 46.44764709472657 59.554189682006843 -0.097070876508951173 0.12369922176003458 0.016795340925455097 -0.0012873429805040357 0.0057146488688886174 -0.0052205508109182111 0.0036053512012586002 0.016824341379106048 -0.066698245704174028 27.872717857360843 0.020434198901057247 26.500000000000004 0.0068822223693132409 -0.11564470082521437 -0.020933509804308411 -0.14574975520372388 0.013222588691860439 37.827098846435554 1.0000000180025095e-35 0.010966842994093897 21.842226982116703 0.93301269412040722 0.68301269412040722 1.0000000180025095e-35 0.0054260066244751224 0.0034402295714244251 -0.60785761475563038
decision_type=2 2 2 2 2 2 2 2 2 2 2 2 2 2 2 2 2 2 2 2 2 2 2 2 2 2 2 2 2 2
left_child=1 -1 3 17 5 6 7 27 -9 28 -11 -7 13 -13 -4 -16 -17 18 -2 20 -19 26 -23 -14 -21 -24 -18 -5 -8 -6
right_child=2 -3 14 4 29 11 9 8 -10 10 -12 12 23 -15 15 16 21 19 -20 24 -22 22 25 -25 -26 -27 -28 -29 -30 -31
leaf_value=-0.026621785838795878 0.021538916588086314 0.03085308782322425 0.027590788347940032 0.019385924214030962 -0.0080421184546008821 0.034900390207578784 -0.034596874720063807 0.0019425041701901658 -0.014601621811738982 0.0086666032742258071 -0.012501455444635309 0.055582511890153362 0.0093642526778557559 -0.014539961919439182 0.034436222658300257 0.025899394172523973 -0.041496556990491117 -0.010934949986707574 -0.027601077974606446 -0.027440089485567826 0.078430881229036645 0.03518063300200349 -0.040949004083762515 0.032524995141898119 -0.0042036099637536815 -0.0016523706015509837 -0.014220076890730507 0.037278987591968266 -0.014224581721766584 -0.025613655317281159
leaf_weight=336.02010880756097 47.139810699667578 31.106890949482477 143.50771334945966 26.765047560664243 7.0638020598853464 94.023090366446922 28.228198464716115 306.63781882779767 575.19061746213811 1373.8158530954261 120.35855224836087 13.658209850944329 34.504911709283988 74.73433918009323 33.559254288673401 54.207511559128761 25.300645057093789 8.549676042812278 39.03786460055926 154.49916905587634 4.8089888379126924 19.263804373242237 12.167755511503858 64.619091422511701 19.993799076572031 10.616453351369271 20.071766018805647 29.492042856290936 14.505846477884914 73.619911539843997
leaf_count=2864 32 27 42 64 223 151 87 1572 2812 3478 1723 70 16 871 15 45 55 81 114 429 41 29 48 203 40 49 58 23 44 586
internal_value=-7.15561e-05 -0.0217516 0.00224895 0.000761138 0.0022805 0.00305202 0.00122579 -0.0065926 -0.00884861 0.00599799 0.0069614 0.0191059 0.0111857 -0.00370342 0.0167733 0.00791137 0.00162537 -0.0149695 -0.000719858 -0.021506 0.0212282 -0.0134252 0.00384528 0.0244639 -0.0247783 -0.0226436 -0.0294326 0.0287682 -0.0276843 -0.0240767
internal_weight=3797.07 367.127 3429.94 3111.25 2837.22 2756.53 2474.99 938.086 881.828 1536.91 1494.17 281.54 187.517 88.3925 318.695 175.187 141.628 274.029 86.1777 187.852 13.3587 87.4204 42.048 99.124 174.493 22.7842 45.3724 56.2571 42.734 80.6837
internal_count=15892 2891 13001 12660 11923 11114 9803 4471 4384 5332 5201 1311 1160 941 341 299 284 737 146 591 122 239 126 219 469 97 113 87 131 809
is_linear=0
shrinkage=0.0363096


Tree=102
num_leaves=31
num_cat=0
split_feature=0 19 6 9 0 7 2 6 16 19 4 8 10 16 10 12 16 16 14 7 0 8 10 6 10 8 19 6 9 14
split_gain=176.192 66.3348 60.1954 60.8225 34.4946 38.4354 49.5962 34.1708 34.0951 63.2916 30.6689 29.3644 28.9 50.0552 40.9333 28.2058 60.7104 34.0784 26.8123 25.7882 23.1243 32.0775 28.872 24.7183 22.643 22.3323 38.814 20.9488 26.2041 20.1765
threshold=27.500000000000004 -0.87837970256805409 0.06580574065446855 0.050042951479554183 31.500000000000004 58.753953933715827 -0.13946971297264096 0.20461234450340274 41.266605377197273 0.6078576147556306 10.89128637313843 0.23705399781465533 0.0074042894411832103 70.168334960937514 0.004404420731589199 -0.0094391228631138784 37.667966842651374 78.398670196533217 0.010999629739671947 48.084928512573249 61.500000000000007 2.3011846542358403 0.0049344610888510951 0.88421815633773815 0.006418882869184018 -0.62283548712730397 0.6078576147556306 0.50063154101371776 0.1201649308204651 0.002807607408612967
decision_type=2 2 2 2 2 2 2 2 2 2 2 2 2 2 2 2 2 2 2 2 2 2 2 2 2 2 2 2 2 2
left_child=-1 11 3 12 -4 6 7 -6 9 -8 -5 -2 13 14 -3 25 19 -18 -10 -17 22 -22 -7 -24 -13 26 -12 -26 -29 -14
right_child=1 2 4 10 5 20 8 -9 18 -11 15 24 29 -15 -16 16 17 -19 -20 -21 21 -23 23 -25 27 -27 -28 28 -30 -31
leaf_value=-0.025176760824600793 -0.025782261583789223 0.027306450547664115 -0.026513795136512478 -0.023299035652925345 0.036678946187760068 -0.024859896549504275 0.01063728526627177 -0.027117872261654158 0.0080226215930984685 -0.022619822956316458 0.028182297057054488 -0.022258893968271447 0.0021190653802602892 0.024616611895207124 -0.024347424607956074 -0.026377791969491277 0.021953818751834546 -0.0030221218231094192 0.026577146589658394 0.011651930946355828 -0.015108110827503803 0.061365416751400982 0.02032569572188387 -0.0058163256153884301 -0.012731512911016598 0.032921939668193623 -0.0039374971994437461 0.036256894814898452 -0.027948274499490864 0.034051544098588432
leaf_weight=340.82715453193669 147.32275917438255 22.932152425861204 65.383536399851437 27.315687028627508 12.586098155925354 44.585873810579869 183.94690384983278 91.731658287454593 542.64025802699143 127.89742707876394 123.01481671067449 48.791943711581553 94.5386236858958 44.063510272295389 171.28867964285928 72.530708347643667 331.32400990053793 92.020067682366061 126.65232867982013 34.77611945573517 326.36205173477902 7.3945032564988642 97.899860605130016 92.958408171585688 35.956365166144678 173.14760678388848 83.102201887541014 41.547575653296008 10.495937598552699 36.033135137569843
leaf_count=1474 1375 73 208 54 18 120 1754 395 2932 661 192 123 260 40 311 53 1093 115 469 108 1979 192 272 467 161 292 96 331 151 123
internal_value=-0.00031866 0.00224073 0.00381571 0.00969254 -0.000646715 0.000375356 0.0043828 -0.0194196 0.00691366 -0.00300218 0.0146081 -0.0145341 -0.00279721 -0.0103209 -0.0182479 0.0157462 0.0103413 0.0165247 0.0115339 -0.014052 -0.00726656 -0.0134134 0.00144654 0.00759252 -0.00241907 0.0233082 0.0152317 0.00857997 0.023306 0.0109322
internal_weight=3651.07 3310.24 3026.13 1306.09 1720.04 1654.66 1085.45 104.318 981.137 311.844 937.231 284.115 368.856 238.284 194.221 909.916 530.651 423.344 669.293 107.307 569.201 333.757 235.444 190.858 136.792 379.265 206.117 87.9999 52.0435 130.572
internal_count=15892 14418 12277 2810 9467 9259 6229 413 5816 2415 2003 2141 807 424 384 1949 1369 1208 3401 161 3030 2171 859 739 766 580 288 643 482 383
is_linear=0
shrinkage=0.0363096


Tree=103
num_leaves=31
num_cat=0
split_feature=21 16 6 16 0 13 12 7 13 5 6 21 9 5 16 1 13 1 6 16 17 17 0 12 9 16 13 0 16 1
split_gain=90.683 48.0533 40.7495 39.4088 60.6122 44.6089 37.8849 36.036 35.7956 34.4565 33.5846 32.8022 29.7422 29.6201 28.7497 27.2113 27.1982 25.8444 41.1073 35.4034 25.8596 23.6682 26.5421 22.8031 31.104 26.976 22.0442 21.9851 23.3767 21.5956
threshold=0.035019053146243102 44.02482986450196 -0.10604246333241461 47.179697036743171 33.500000000000007 -0.060129610821604722 -0.063242048025131212 37.728319168090827 -0.046765914186835282 24.534575462341312 -0.74394509196281422 0.024659099057316784 0.073278225958347334 18.809179306030277 65.923938751220717 -0.059569360688328736 -0.11943905800580977 0.023126970976591114 2.2222943305969243 25.17926120758057 -1.0000000180025095e-35 -1.0000000180025095e-35 55.500000000000007 -0.025477618910372254 0.096575830131769194 29.858671188354496 -0.051315521821379655 47.500000000000007 28.611289978027347 0.0022752641234546904
decision_type=2 2 2 2 2 2 2 2 2 2 2 2 2 2 2 2 2 2 2 2 2 2 2 2 2 2 2 2 2 2
left_child=1 2 10 -3 9 -6 -7 16 14 -5 -1 23 -12 -10 -8 -13 29 18 -2 -20 -21 22 -14 24 -9 -25 -11 28 -18 -4
right_child=17 3 7 4 5 6 8 11 13 26 12 15 21 -15 -16 -17 27 -19 19 20 -22 -23 -24 25 -26 -27 -28 -29 -30 -31
leaf_value=0.010885560489849318 0.027837722404495117 -0.021935842609690618 -0.042543699014676521 0.024821250343138028 -0.02207247779614125 0.050428172334617591 -0.0062054339768642828 0.031080426736201355 -0.0026309903352420704 -0.018205258760927084 -0.024174810863506504 -0.013494653311192333 0.041581863644155309 -0.01373181404389077 0.035015518420652952 0.028523731809819944 0.018019881396816644 -0.0094106843860769993 0.026218466729823336 0.01823818277323324 -0.015374647168516544 -0.010970001378925519 -0.0072283560854076957 0.023212388261193914 -0.0081568764306523735 -0.0070817512887461579 0.017252684733392816 -0.014576106306681167 -0.0070717721061160158 0.00059734764388156387
leaf_weight=122.23442005676043 240.41628501502782 163.89649528250084 33.7379576483454 145.55757065092257 195.02644735797639 16.841792859922862 38.318376293038455 86.998529598102323 1216.4554372744242 54.996716120387646 138.13952099878588 22.537393337450339 29.331807228260004 428.55279258810697 53.370765649044188 206.1553147589002 140.31683331539534 52.338534258480649 74.307242163466071 44.035216956774093 95.862754778372619 120.4425924162515 29.412856079010453 49.952314263762673 38.382578681625091 172.84286961066209 39.874387402487628 66.789831240443164 75.17120326991062 27.979174556117869
leaf_count=45 965 898 303 421 913 139 232 767 4699 117 267 117 28 1570 93 553 355 274 42 52 93 140 73 222 325 1101 31 673 267 117
internal_value=0.000345021 -0.00162157 0.00381046 -0.00476238 -0.0034765 -0.00559888 -0.00376664 0.00815218 -0.00429227 0.013724 -0.00528503 0.0136988 -0.0115143 -0.00552301 0.0177874 0.0243824 -0.00114906 0.0147499 0.0175316 0.00596388 -0.00479364 -0.00175339 0.0171412 0.00668123 0.0190679 -0.000289064 -0.00330107 0.00362458 0.00926635 -0.0229842
internal_weight=4220.28 3713.32 1360.43 2352.89 2188.99 1948.57 1753.54 920.864 1736.7 240.429 439.561 576.869 317.327 1645.01 91.6891 228.693 343.995 506.96 454.621 214.205 139.898 179.187 58.7447 348.176 125.381 222.795 94.8711 282.278 215.488 61.7171
internal_count=15892 14466 5353 9113 8215 7646 6733 4800 6594 569 553 3085 508 6269 325 670 1715 1426 1152 187 145 241 101 2415 1092 1323 148 1295 622 420
is_linear=0
shrinkage=0.0363096


Tree=104
num_leaves=31
num_cat=0
split_feature=1 4 12 0 7 20 12 11 6 20 9 2 2 6 9 7 6 0 12 10 7 1 0 2 2 11 16 9 16 4
split_gain=138.236 78.7295 47.2948 44.8768 60.1318 50.3489 37.725 39.3687 43.5918 42.7134 31.3038 31.0756 59.7099 47.9475 34.5959 32.2885 30.0873 26.0359 25.6765 33.8579 24.7586 22.9015 21.9132 22.724 22.3583 21.0519 15.102 5.68003 4.38871 4.18056
threshold=-0.031422922387719147 10.383468151092531 0.12369922176003458 25.500000000000004 56.127576828002937 -0.56174489110708226 0.012324322015047075 0.009976847097277643 0.89463734626770031 1.0000000180025095e-35 0.11718335375189783 -0.09212911874055861 -0.058774111792445176 1.9052253961563113 0.038970561698079116 28.539913177490238 0.17150152474641803 70.500000000000014 1.0000000180025095e-35 0.038733322173357017 64.210105895996108 -0.020933509804308411 59.500000000000007 -0.09212911874055861 -0.033725373446941369 0.015438681002706291 61.303329467773445 0.048933031037449844 78.924961090087905 26.913985252380375
decision_type=2 2 2 2 2 2 2 2 2 2 2 2 2 2 2 2 2 2 2 2 2 2 2 2 2 2 2 2 2 2
left_child=1 -1 3 18 5 22 17 9 10 16 -9 15 13 -13 -14 -7 -8 26 19 27 -11 -17 23 -5 -25 -10 -6 -2 -24 -19
right_child=2 -3 -4 4 6 11 7 8 25 20 -12 12 14 -15 -16 21 -18 29 -20 -21 -22 -23 28 24 -26 -27 -28 -29 -30 -31
leaf_value=0.030649391476733782 0.013870390187775604 -0.026583903945363429 -0.024250538338533013 0.018015440494651071 -0.021741394656233884 0.0093895310085183349 0.033441355682332294 -0.027720386838793857 0.019399378910005347 0.0066602371175459073 0.011372232420980927 0.02384361358266722 0.0078686680545043391 -0.023949024722482566 -0.0070210937298562492 -0.0023870135784816162 0.011214202491522517 0.037548410616377391 -0.010260581306330233 -0.0015973442761116946 -0.013857215337255709 -0.028094484057250516 -0.026740816566804233 -0.024375714280279199 0.0070042259246403714 -0.02768122119409067 0.02468727788454872 0.032809309660016009 0.0015573885464540966 0.022321493539534658
leaf_weight=35.000240443191615 24.417720719460704 334.57107902544794 86.679995847958708 38.441721671658343 21.356521259238434 75.3464668655688 97.685607326799072 122.042881098203 80.457427748902774 196.19649192202087 34.674344144570568 230.1961187854813 322.44374529102606 31.454365739595232 568.33647055624533 72.554951838490524 451.06910984383103 81.800134767705458 38.558082206318431 60.327698605101432 128.20658014999935 123.41691227721731 148.78184683837662 87.772596841412451 45.420771316015816 14.827199721879877 16.274387670546275 144.9271035003394 7.5863268066132141 33.57472279182366
leaf_count=517 15 2433 933 85 103 66 165 771 557 456 372 588 1125 277 3008 81 979 118 53 35 232 367 1424 277 277 173 59 281 22 43
internal_value=-7.79142e-05 -0.0211633 0.00222426 0.00292009 0.00165985 -0.00270944 0.00764814 0.00534769 -0.0072946 0.0089965 -0.0190703 0.000245114 0.00284803 0.0180978 -0.00163119 -0.0108104 0.0151711 0.0245643 0.0171552 0.0217583 -0.00144808 -0.0185774 -0.0155344 -0.00657565 -0.0136739 0.012072 -0.0016592 0.0300792 -0.0253672 0.0331183
internal_weight=3754.4 369.571 3384.83 3298.15 3029.92 1751.75 1278.17 1125.16 252.002 873.158 156.717 1423.75 1152.43 261.65 890.78 271.318 548.755 153.006 268.231 229.673 324.403 195.972 328.003 171.635 133.193 95.2846 37.6309 169.345 156.368 115.375
internal_count=15892 2950 12942 12009 11625 7597 4028 3705 1873 1832 1143 5512 4998 865 4133 514 1144 323 384 331 688 448 2085 639 554 730 162 296 1446 161
is_linear=0
shrinkage=0.0363096


Tree=105
num_leaves=31
num_cat=0
split_feature=19 10 6 12 13 16 21 11 2 10 4 19 16 14 12 16 10 13 12 11 2 9 14 12 4 3 6 16 13 6
split_gain=152.08 82.0645 81.1555 50.5399 39.5184 62.0098 39.0464 55.7149 36.748 28.5146 28.3782 28.2957 38.084 31.6376 26.0573 24.1663 33.1386 24.0326 39.5331 34.3404 23.7029 22.7168 39.9472 23.5626 31.878 21.7842 29.1634 20.9043 20.8146 25.3476
threshold=-0.60785761475563038 0.0094656115397810953 0.06580574065446855 0.037199810147285468 -0.0024518003920093174 41.266605377197273 0.010315490886569025 0.0051573782693594703 -0.13946971297264096 0.0091680553741753119 10.89128637313843 0.6078576147556306 29.858671188354496 -0.022045959718525406 -0.075519919395446763 72.924385070800795 0.0083393654786050337 0.065187416970729842 0.016078354790806774 0.0060217909049242744 -0.066698245704174028 0.17443011701107028 0.010132184252142908 0.030601200647652153 13.91396999359131 30.535267829895023 -0.16423592716455457 72.924385070800795 0.090193275362253203 0.88421815633773815
decision_type=2 2 2 2 2 2 2 2 2 2 2 2 2 2 2 2 2 2 2 2 2 2 2 2 2 2 2 2 2 2
left_child=1 3 6 17 5 9 7 -2 -7 -4 -8 15 -13 -14 -11 -12 -17 18 25 -20 -15 23 -23 24 -10 26 -1 -25 -6 -30
right_child=2 -3 4 -5 28 8 10 -9 21 14 11 12 13 20 -16 16 -18 -19 19 -21 -22 22 -24 27 -26 -27 -28 -29 29 -31
leaf_value=-0.011809502796472181 0.024128360363402813 -0.024022383662435254 0.0051641104961080821 0.030945604049650452 -0.013382749060505645 -0.027030827337992527 -0.023117770599500063 -0.023278562741791166 0.01818809415701891 0.0026619030839096038 0.024732200019931247 -0.029741782166229337 -0.027953766502274512 0.021670574816453483 -0.023055415402719413 0.021367473301422094 -0.021361322704890717 -0.020742220453126646 -0.019123254126235601 0.044717438644825282 0.0046389090148158509 -0.026721618597473303 0.033302807592658142 0.032058311693088815 -0.0056492086857580547 -0.024128093559043346 0.030011680888794332 0.0076485490690835741 0.015274213738712452 -0.012128419235277665
leaf_weight=64.703790848268909 50.401713558545453 464.8918308321181 131.90004691654394 54.744641509578287 415.03284501944108 33.335225628262378 26.967812735010739 92.967704382301235 178.40101243140452 72.926334423726985 398.48218453678601 32.194546443686704 25.783474654646852 223.21375902716682 180.45281833745412 61.855547990002378 39.026380178027466 108.34851588399579 15.436334165235165 39.600543303977247 208.26011276461759 46.00908767402143 21.422867300859252 141.91007089410959 126.33645450101449 69.945774962377072 33.294029038463123 68.640827724946575 88.270161260668829 89.754354543054433
leaf_count=106 68 2868 638 300 2918 218 48 141 667 1000 993 59 46 117 832 53 79 238 73 106 813 78 74 162 882 705 274 70 458 808
internal_value=-0.000330826 -0.0137469 0.00381528 -0.00137332 -0.00149971 0.0028995 0.011126 -0.0066118 0.0100452 -0.00852608 0.0136297 0.014632 0.00842755 0.0111152 -0.0156531 0.0207131 0.00483663 -0.00671365 0.000102492 0.0268098 0.0134501 0.0121664 -0.00765038 0.0147599 0.00830539 -0.00864914 0.00239782 0.0241011 -0.00892764 0.00145804
internal_weight=3604.51 850.965 2753.55 386.074 1594.39 1001.33 1159.15 143.369 616.056 385.279 1015.78 988.816 489.452 457.257 253.379 499.364 100.882 331.329 222.98 55.0369 431.474 582.72 67.432 515.288 304.737 167.944 97.9978 210.551 593.057 178.025
internal_count=15892 4670 11222 1802 8805 4621 2417 209 2151 2470 2208 2160 1035 976 1832 1125 132 1502 1264 179 930 1933 152 1781 1549 1085 380 232 4184 1266
is_linear=0
shrinkage=0.0363096


Tree=106
num_leaves=31
num_cat=0
split_feature=5 0 5 2 3 13 0 20 14 2 2 6 14 3 6 1 11 11 13 2 6 11 2 3 8 9 3 0 8 14
split_gain=83.3673 47.1067 46.6405 41.7254 60.0007 55.8691 32.5328 31.0235 31.88 30.1772 26.689 23.6723 24.4763 23.2335 27.7921 31.5229 22.2939 21.7591 36.2384 32.5838 22.2018 20.2741 22.5833 20.0437 21.7977 19.1947 18.3763 25.3436 17.9261 17.3892
threshold=28.582721710205082 33.500000000000007 24.534575462341312 -0.083225015550851808 59.554189682006843 -0.10801804438233374 37.500000000000007 -0.56174489110708226 -0.051159847527742379 -0.13648501038551328 -0.066698245704174028 0.25710065662860876 0.015382342506200077 30.148077964782718 0.18781424313783648 0.039720091968774802 0.017111144028604034 0.011790620628744366 -0.025641087442636486 0.0011768461554311218 -0.12958523631095883 0.003677073167636991 0.0043801050633192071 30.2274923324585 0.070770237594842925 0.027372183278203014 57.339855194091804 58.000000000000007 2.0216355323791508 0.015722282230854038
decision_type=2 2 2 2 2 2 2 2 2 2 2 2 2 2 2 2 2 2 2 2 2 2 2 2 2 2 2 2 2 2
left_child=1 2 25 4 7 -6 16 8 -2 -8 23 -4 -13 -5 -15 26 -3 21 20 -20 -19 22 -12 24 -11 -1 27 -16 -23 -17
right_child=3 6 11 13 5 -7 9 -9 -10 10 17 12 -14 14 15 29 -18 18 19 -21 -22 28 -24 -25 -26 -27 -28 -29 -30 -31
leaf_value=-0.0095054191563298304 0.029782314663324788 -0.022907933512507275 -0.026263754274572441 -0.018023837666152454 -0.020886492888484206 0.016969491633427362 0.030382551064818627 0.02168698338277077 -0.017812660059360046 0.032355973955127515 -0.023801875875671945 0.025536453169006636 -0.02090709662171571 0.021282072829323061 0.014576527145692467 -0.026212088663797758 0.014924371900471155 0.048420241082945223 -0.022243052240527625 0.0047531287536471591 0.0089007407642790349 -0.0064189027048033509 0.034757521614600315 -0.024819024006339615 -0.028845963803750554 0.026149237125178904 -0.01859156795432873 -0.017428230732813178 0.010925836369714722 0.028268711544993143
leaf_weight=22.697479282440327 27.729107214021496 182.07711765929889 50.771540656278376 82.210886837112412 115.48091846666102 92.619358862029912 34.026073079648995 538.04610353037788 56.071674509395962 18.822624007449125 11.803976993658578 37.712159217471708 24.794786018042942 87.690341324727342 179.45253991626305 76.845084081087407 23.142002131817208 34.662445902078616 73.274114047613693 301.3940898924011 40.822442576114554 1558.4847422218882 32.811512395439422 127.64596407812678 12.949774287028047 161.61756958936166 37.996935762559588 39.863602839530358 82.723713041044903 8.5848611381370556
leaf_count=40 28 333 98 358 67 40 122 1171 275 140 71 296 38 125 633 436 57 65 747 2875 431 5000 87 559 120 701 42 586 330 21
internal_value=0.000355487 -0.00317719 0.0104888 0.00780785 0.0128386 -0.00403736 -0.00478177 0.0184863 -0.00206243 -0.00356073 -0.00406394 -0.00784621 0.00711177 -0.000336479 0.00304148 -0.00162504 -0.0186411 -0.00299425 0.00409763 -0.000526243 0.0270496 -0.00488801 0.0192618 -0.0183955 0.00740777 0.0217579 0.0047195 0.00875872 -0.00554459 -0.0207359
internal_weight=4174.83 2832.23 297.594 1342.59 829.947 208.1 2534.64 621.847 83.8008 2329.42 2295.4 113.278 62.5069 512.644 430.433 342.743 205.219 2135.98 450.153 374.668 75.4849 1685.82 44.6155 159.418 31.7724 184.315 257.313 219.316 1641.21 85.4299
internal_count=15892 12110 1173 3782 1581 107 10937 1474 303 10547 10425 432 334 2201 1843 1718 390 9606 4118 3622 496 5488 158 819 260 741 1261 1219 5330 457
is_linear=0
shrinkage=0.0363096


Tree=107
num_leaves=31
num_cat=0
split_feature=3 2 12 10 21 13 9 9 10 14 8 10 3 8 10 16 21 6 5 0 8 8 5 12 21 13 12 3 14 9
split_gain=73.2577 142.244 43.5688 48.0545 72.2988 45.9458 50.3949 68.4376 38.2943 36.3739 33.8559 56.8629 28.872 28.7646 24.8873 24.4898 22.6726 21.4328 26.5159 17.6108 17.5635 15.2582 46.6079 13.7501 39.1092 13.2853 12.4497 12.0305 9.42078 8.51641
threshold=59.554189682006843 -0.09212911874055861 0.12369922176003458 0.016469742171466354 0.016824341379106048 -0.0012873429805040357 0.13282137364149096 0.044507548213005073 0.0036053512012586002 0.013265119865536691 -1.2599508762359617 0.015532886143773796 45.33818435668946 0.71581575274467479 0.058401815593242652 26.393198966979984 0.021226140670478347 1.6257728934288027 36.776670455932624 63.500000000000007 1.5896327495574953 0.094688143581151976 29.675328254699711 -0.075519919395446763 0.016565282829105858 -0.062782563269138322 0.11213865503668786 36.76861763000489 -0.022045959718525406 0.14526866376399997
decision_type=2 2 2 2 2 2 2 2 2 2 2 2 2 2 2 2 2 2 2 2 2 2 2 2 2 2 2 2 2 2
left_child=1 10 3 4 5 6 7 -3 -7 15 11 17 -10 19 -13 -2 -15 18 -1 21 26 22 -5 -17 -25 -11 27 -6 -19 -22
right_child=9 2 -4 13 20 8 -8 -9 12 25 -12 14 -14 16 -16 23 -18 28 -20 -21 29 -23 -24 24 -26 -27 -28 -29 -30 -31
leaf_value=0.041033412937741626 -0.00032011751923142866 0.0047513463998910231 -0.023934073606423523 -0.020526778145793553 -0.010969681835299616 -0.027175485018287444 0.029591159806897353 -0.018222957253882902 0.005687785997569395 0.0059991885129737068 -0.025486592506004276 -0.026963773224586277 0.020284793583700913 0.034173981213648452 0.012723336193323814 0.031112022052204251 -0.028212618944783725 0.087875411358454142 -0.0285257244959729 -0.021888407970308645 -0.0078493479070025473 0.034425020958640432 0.027083744382903435 0.028833925841381173 -0.027290590140569043 -0.03546992167079667 0.031797440145002465 -0.025255838748563988 0.018526755207741941 0.084735899665243031
leaf_weight=18.160591636592475 62.355172059029428 335.59379303223977 86.289742808883602 35.687620894676002 170.23019221592222 42.156374630510982 53.658207209924512 348.40882674576915 1145.9481797065419 18.854094577582146 355.3826809808661 95.190803788304038 211.65018348469494 10.309594238859061 26.663032054901123 166.13484301920835 30.097431059973133 9.5155401816064096 11.996628946126291 12.183929703511238 2.1338608422720418 92.511993025926131 112.72869030802758 57.311629221847397 22.910992392402477 22.140860617633734 6.9027347802439172 143.05835100463901 3.5508392599222125 3.382952538320751
leaf_count=95 28 1372 910 126 2410 131 44 1701 3375 10 1461 328 427 69 15 62 179 82 79 949 102 163 60 59 126 87 81 1208 97 56
internal_value=-7.85107e-05 -0.00172308 0.00147181 0.00226712 0.000612169 0.00304058 -0.0042926 -0.00695086 0.00690519 0.0157382 -0.0191749 -0.00558619 0.00796355 0.0161546 -0.0182788 0.0200056 -0.0122922 0.0301936 0.0133589 0.0206963 -0.0153236 0.0228503 0.0156347 0.0251507 0.0128037 -0.0163951 -0.0164306 -0.0174936 0.0690389 0.0489054
internal_weight=3713.1 3363.39 2842.93 2756.64 2463.12 2137.42 737.661 684.003 1399.75 349.708 520.46 165.077 1357.6 293.519 121.854 308.713 40.407 43.2236 30.1572 253.112 325.708 240.928 148.416 246.357 80.2226 40.995 320.191 313.289 13.0664 5.51681
internal_count=15892 15520 13363 12453 10907 7050 3117 3073 3933 372 2157 696 3802 1546 343 275 248 353 174 1298 3857 349 186 247 185 97 3699 3618 179 158
is_linear=0
shrinkage=0.0363096


Tree=108
num_leaves=31
num_cat=0
split_feature=0 1 5 0 13 13 3 2 0 9 20 20 14 9 1 3 14 1 6 1 2 1 3 14 6 1 19 6 8 9
split_gain=160.489 76.5815 86.1043 68.7898 40.4834 71.4708 53.8007 45.0233 33.4281 32.9752 32.6541 31.5089 58.659 37.5065 33.6053 30.8923 24.0018 22.4271 21.959 25.539 18.9105 31.5229 17.5721 22.1905 16.2702 16.209 14.9877 10.1063 8.50176 8.4014
threshold=27.500000000000004 -0.027683638967573639 29.834628105163578 37.500000000000007 0.0049211108125746259 0.04649366810917855 28.830504417419437 -0.11434316635131835 61.500000000000007 0.033374749124050147 1.0000000180025095e-35 -0.56174489110708226 -0.0053632927592843762 0.1639949977397919 0.040440898388624198 41.150289535522468 0.014136401936411859 0.005802594358101488 0.45919317007064825 0.004076756304129959 -0.12381019815802573 -0.060762835666537278 28.33084869384766 -0.0066158759873360387 2.089067935943604 0.005007900996133686 -0.60785761475563038 -0.87909823656082142 0.35305868089199072 0.065860968083143248
decision_type=2 2 2 2 2 2 2 2 2 2 2 2 2 2 2 2 2 2 2 2 2 2 2 2 2 2 2 2 2 2
left_child=29 2 20 27 7 18 9 -5 26 28 -4 22 14 -14 -13 -10 -12 -11 -6 -20 21 -2 23 -9 -24 -21 -8 -3 -7 -1
right_child=1 3 10 4 5 6 8 11 15 17 16 12 13 -15 -16 -17 -18 -19 19 25 -22 -23 24 -25 -26 -27 -28 -29 -30 -31
leaf_value=-0.0023280845621539183 0.030212053495290266 0.0078122747726744697 0.03066802283289324 -0.027674644502517467 -0.025012718543915183 0.0035938911969154866 0.021017609787784601 -0.032206868938904232 -0.0005223243611274912 0.054697272310934589 -0.027698056218839695 -0.019291113041657787 0.012090219768168039 -0.018896257700068919 0.039034651928092252 -0.018183669346095412 0.016683572660724372 0.018954752116156718 -0.022242109933334905 0.058337913862885511 0.027502097242624469 -0.0032669397600402958 0.023396117751267164 0.016475804712269695 -0.019877015119418268 0.0031511644096650099 0.0021933736693405944 -0.024015335053071667 -0.031553740775370799 -0.026440508892086281
leaf_weight=20.359549914347554 66.594107759174221 14.220346003763551 20.119783566353362 49.602215450194308 205.72665280914407 18.716317141912441 81.650178011255775 19.63031353502447 319.81070427626582 27.486920556882978 89.026105939339686 162.34511391509841 548.09391762606538 56.837854866538692 14.158130458066806 220.67673477652352 19.598776406098295 146.66900050484583 64.930754612843884 7.9673540339117599 284.02566837601989 83.646854956349671 245.97086157990816 33.255654859076458 12.011679487515719 58.840991027187556 175.92888243978814 174.381818645561 17.600625466504425 298.71465033643744
leaf_count=122 119 6 109 325 1058 54 249 43 1654 230 315 896 2140 131 214 1366 16 473 443 28 1691 76 898 116 172 534 474 555 33 1352
internal_value=-0.000332629 0.00208731 0.0142595 -0.000473106 0.00112956 -0.00313652 0.00170322 0.00615824 -0.00260339 0.0180334 -0.0118188 0.00769472 0.0038049 0.00917862 -0.0146119 -0.00773352 -0.0196894 0.0245967 -0.0176007 -0.00602514 0.0219911 0.0115719 0.0174722 -0.00159226 0.0213809 0.00973441 0.00816093 -0.021615 -0.013437 -0.0249023
internal_weight=3558.6 3239.52 563.011 2676.51 2487.91 1346.01 1008.54 1141.91 798.066 210.473 128.745 1092.3 781.435 604.932 176.503 540.487 108.625 174.156 337.466 131.739 434.267 150.241 310.869 52.886 257.983 66.8083 257.579 188.602 36.3169 319.074
internal_count=15892 14418 2326 12092 11531 6596 4533 4935 3743 790 440 4610 3381 2271 1110 3020 331 703 2063 1005 1886 195 1229 159 1070 562 723 561 87 1474
is_linear=0
shrinkage=0.0363096


Tree=109
num_leaves=31
num_cat=0
split_feature=21 3 13 16 2 19 16 6 7 2 6 21 3 1 14 14 10 6 21 16 21 21 19 16 21 21 3 13 13 14
split_gain=80.7715 46.0214 44.1279 42.3416 41.8656 37.8941 43.0334 35.0753 32.9226 33.9684 30.8823 30.4159 48.2474 25.5713 25.3415 22.3055 21.8727 27.8316 33.9221 21.4877 24.229 23.9358 20.4333 24.6643 29.5045 26.8319 20.1597 21.4215 19.3038 18.6549
threshold=0.035019053146243102 58.745613098144538 -0.11564470082521437 44.02482986450196 -0.057042734697461121 0.87837970256805431 47.179697036743171 -0.10604246333241461 37.728319168090827 -0.13084904849529264 -0.74394509196281422 0.024659099057316784 46.393878936767585 -0.059569360688328736 0.029377756640315059 -0.010262886062264441 0.0058015149552375087 1.4254629015922549 0.0061242622323334226 21.842226982116703 0.015401861630380155 0.017201182432472709 -1.0000000180025095e-35 73.527942657470717 0.01597487181425095 0.022379498928785328 40.051586151123054 -0.068964038044214235 0.063248798251152052 -0.01093219732865691
decision_type=2 2 2 2 2 2 2 2 2 2 2 2 2 2 2 2 2 2 2 2 2 2 2 2 2 2 2 2 2 2
left_child=3 4 -3 7 -2 6 -5 10 9 -9 -1 12 15 -13 26 -10 17 -8 -19 -11 -21 -22 -18 25 -25 -24 27 -6 -20 -12
right_child=1 2 -4 5 14 -7 16 8 11 19 29 13 -14 -15 -16 -17 22 18 28 20 21 -23 23 24 -26 -27 -28 -29 -30 -31
leaf_value=0.010638385309112442 0.026803201442951095 -0.021082250935581609 0.019864966307390167 -0.022998078696575778 -0.037572922607754543 -0.018943081822539908 -0.01625366778642896 -0.038299904896651797 0.021737728828115796 0.019550808243203186 0.00073974182743329216 -0.013474637304560371 0.030055173716125767 0.027857051790584678 0.084928027004800344 -0.0063731507422113256 0.0044236573195454709 0.036984045533241375 -0.018392682735173638 0.012366871426447157 -0.027079302780892569 0.0019891700486559163 -0.0031348629470085059 -0.0038055863954934866 0.018964316212538055 -0.021233668021018594 -0.029387478111697861 0.063425913824352045 0.026615042086394092 -0.017811263778153542
leaf_weight=121.33559045427137 291.51821154303252 79.262452985145501 61.713026814551995 132.45199954312557 4.4412482098323354 215.83440828981657 252.52174409577492 29.675409867546477 45.114169380391104 73.232718046912851 112.96979661936894 21.929203961955864 85.30529499217846 196.88296161083781 3.5367712107636171 212.49318531997233 776.17046012702849 32.282115998503286 54.172193665744999 86.251406463343301 71.006624104637012 78.767616090801312 339.3576211325817 223.71238780331987 112.87858907955888 158.41277802148943 35.752968594078993 7.3465793394989314 16.355297085672646 194.47180468478837
leaf_count=45 653 35 63 754 18 1227 659 272 418 363 160 117 246 553 118 1751 3084 68 186 299 186 595 1818 374 352 549 223 316 42 348
internal_value=0.00036152 0.0143046 -0.00315651 -0.00148896 0.0214901 -0.00445572 -0.00296548 0.00367519 0.00774459 -0.00119214 -0.00487242 0.013137 0.00638735 0.0237143 -0.00883155 -0.00144971 -0.0016157 -0.00976957 0.00615562 0.00236826 -0.00296258 -0.0117912 0.000183214 -0.00376135 0.00383016 -0.00889494 -0.0158095 0.0253635 -0.00795377 -0.0109943
internal_weight=4127.16 483.571 140.975 3643.59 342.596 2314.15 2098.32 1329.44 900.659 338.934 428.777 561.725 342.913 218.812 51.0776 257.607 1965.86 355.331 102.81 309.258 236.026 149.774 1610.53 834.361 336.591 497.77 47.5408 11.7878 70.5275 307.442
internal_count=15892 1426 98 14466 1328 9113 7886 5353 4800 1715 553 3085 2415 670 675 2169 7132 955 296 1443 1080 781 6177 3093 726 2367 557 334 228 508
is_linear=0
shrinkage=0.0363096


Tree=110
num_leaves=31
num_cat=0
split_feature=1 4 3 9 5 14 16 13 20 1 6 18 3 6 1 21 2 4 6 1 14 2 5 1 6 1 6 16 21 18
split_gain=126.39 71.862 49.6276 43.0286 40.7046 33.984 40.6608 44.872 47.2261 42.7837 36.3605 33.4363 28.5735 27.4084 24.4288 29.2565 33.6132 33.6726 38.8338 29.4056 28.4452 23.2607 31.1629 22.5781 21.8466 40.389 19.2624 18.7431 17.3523 16.2488
threshold=-0.031422922387719147 10.383468151092531 60.516061782836921 0.037849595770239837 11.74288320541382 -0.00038128293817862863 61.008306503295906 0.036473251879215247 -0.56174489110708226 0.0029932755278423433 -0.24074187874794004 -0.68301269412040699 35.201148986816413 0.82208380103111278 0.030079720541834835 0.01172262988984585 0.062619864940643324 19.312581062316898 -0.06947216764092444 0.018492284230887893 -0.0015767932054586706 0.038601187989115722 9.7271480560302752 1.0000000180025095e-35 2.6386789083480839 -0.021834251470863816 1.8151682615280154 86.064952850341811 0.019010475836694244 -0.25000000000000006
decision_type=2 2 2 2 2 2 2 2 2 2 2 2 2 2 2 2 2 2 2 2 2 2 2 2 2 2 2 2 2 2
left_child=1 -1 3 14 12 6 7 8 -6 -8 -7 26 -5 21 15 16 17 18 -2 -19 29 22 -14 -9 -4 -26 -12 28 -15 -17
right_child=2 -3 24 4 5 10 9 23 -10 -11 11 -13 13 27 -16 20 -18 19 -20 -21 -22 -23 -24 -25 25 -27 -28 -29 -30 -31
leaf_value=0.029988836846832637 0.023058211023821773 -0.026380161117027821 0.023388313325557256 0.02152590901929027 -0.015229108549268231 -0.024956588581292335 0.029837380259648286 0.038566465387593903 0.0062435334231334023 -0.0077842897540239334 0.012929750334579788 -0.011282093278753149 0.043316296257874344 0.014376590498350409 0.030470653118405557 0.027089401691894863 -0.022096928722823619 0.024658174585186685 -0.010922507431499917 -0.011204121937331248 -0.025956910985193402 -0.020461590688979587 -0.040771639668889491 -0.02343364064695079 0.025083991276477868 -0.034133204820181527 -0.017784003623839129 -0.036779634904962298 -0.027232517456821256 -0.0058282141082450873
leaf_weight=32.963158012261374 68.853989718096273 312.20806217126938 194.87108309671203 139.77853872985543 180.23710837816725 165.88274398898466 110.26270712129008 8.1532193480279584 538.46438348401443 62.400385910907062 147.62355851745633 431.3086619233618 18.990047547084036 207.52795361325298 60.756345088897433 30.801911243244831 38.814722440092737 266.44823422213267 124.53124582028431 33.984211635543033 64.35602214831124 93.796945395521107 8.3707773266414716 153.61102371362995 33.889602913212002 27.511518855575559 32.922137414433564 11.023392909875836 14.110304395328056 55.189447376889802
leaf_count=517 104 2433 152 630 1077 378 280 309 2221 245 653 2498 112 669 357 93 92 504 488 84 269 205 34 700 13 118 148 43 327 139
internal_value=-8.39988e-05 -0.0209967 0.00208728 0.000805114 -0.00162709 -0.00412195 0.000129088 -0.00303026 0.000858431 0.0162403 -0.00987841 -0.0057903 0.00762671 0.00213541 0.00840683 0.00644391 0.0104367 0.0129941 0.00117562 0.0206011 -0.00770039 -0.0118684 0.0175862 -0.020308 0.0174375 -0.00144719 0.00732852 0.00942833 0.0117271 0.00596154
internal_weight=3669.64 345.171 3324.47 3068.2 2324.46 1830.87 1053.13 880.466 718.701 172.663 777.737 611.854 493.598 353.819 743.736 682.98 532.632 493.818 193.385 300.432 150.347 121.158 27.3608 161.764 256.272 61.4011 180.546 232.662 221.638 85.9914
internal_count=15892 2950 12942 12659 10529 8509 4832 4307 3298 525 3677 3299 2020 1390 2130 1773 1272 1180 592 588 501 351 146 1009 283 131 801 1039 996 232
is_linear=0
shrinkage=0.0363096


Tree=111
num_leaves=31
num_cat=0
split_feature=0 1 5 0 2 9 12 1 1 3 10 1 10 10 7 14 4 2 12 14 7 10 1 2 1 16 12 17 12 7
split_gain=153.462 72.8649 81.1495 65.9684 36.5669 49.3108 73.655 43.9579 39.5861 35.4767 32.8575 32.9487 31.6424 24.883 24.7039 23.2917 36.1712 26.513 25.9106 23.2693 22.9742 21.168 23.8042 18.1841 30.1868 16.5526 15.4389 16.3456 15.083 14.6416
threshold=27.500000000000004 -0.027683638967573639 29.834628105163578 37.500000000000007 0.002213635249063373 0.085077889263629927 0.096445586532354369 -0.0045736583415418855 0.005802594358101488 45.943332672119148 0.0079555278643965738 -0.0031004333868622776 0.011555248871445658 0.010229530744254591 69.230587005615249 -0.0061403082218021146 15.819024085998537 -0.048888903111219399 -0.039295455440878861 0.014136401936411859 63.702669143676765 0.0090889609418809431 0.0085283680818974989 -0.12381019815802573 -0.060762835666537278 51.47950744628907 0.078493963927030577 0.25000000000000011 0.13933603465557101 74.200126647949233
decision_type=2 2 2 2 2 2 2 2 2 2 2 2 2 2 2 2 2 2 2 2 2 2 2 2 2 2 2 2 2 2
left_child=21 2 23 -3 5 15 8 14 -7 10 20 -12 -4 -10 -6 16 25 -17 -19 -14 -9 22 -1 24 -2 -5 -16 -28 -11 -30
right_child=1 3 12 4 7 6 -8 9 13 28 11 -13 19 -15 26 17 -18 18 -20 -21 -22 -23 -24 -25 -26 -27 27 -29 29 -31
leaf_value=0.09435148890793657 0.029927855114237022 -0.021397233212373527 0.030616309499257439 0.0050132816156201084 -0.023215440038812426 -0.024548956449333428 0.029320282836810551 -0.0099254240722172725 -0.015157673496511443 -0.01912669572285907 0.047548027374913641 0.0063986910320656945 -0.027703899267822879 0.016262283569889492 -0.025510169501816091 0.031294568862562995 -0.023327734708560439 -0.016359638303774751 0.014524590097461444 0.016156709521898766 0.0079358493993671817 -0.02635853629947468 -0.028304300564167686 0.027096581596671721 -0.0031813352882352555 0.034341800398818657 0.071385484074098893 -0.0027838735389638116 -0.01379079401199958 0.06196201022642063
leaf_weight=4.1209597445940727 64.572849686435802 184.96428371641741 19.665187138974943 150.06131635840211 177.27236501469088 164.75866650133685 67.684952907548904 327.10091147648018 60.77632758481559 150.65362997826014 27.003594001411329 513.68485484448684 85.813519712602101 73.315311062957335 7.7624064192768882 113.47383576297398 56.442173471730712 39.942740046772087 346.16860035019454 19.58323596698483 133.76208530293661 300.859691757767 4.2221012115478516 277.10183845712891 82.918595840254966 30.53614986140019 8.4602245908863534 7.2899495066503723 7.3492245754059677 6.1999284727189661
leaf_count=115 119 561 174 605 903 933 282 1139 189 626 45 3077 250 835 25 484 182 216 1209 16 365 1357 2 1691 76 75 46 54 135 106
internal_value=-0.000347769 0.00200944 0.0140424 -0.000481974 0.0010844 0.00600183 -0.0048807 -0.00288519 -0.0126271 -0.000182437 0.00238221 0.00845404 -0.0116635 0.00202052 -0.0185768 0.011417 0.00204312 0.0158644 0.0113294 -0.0195533 -0.00474108 -0.0247763 0.0322676 0.0216142 0.0113134 0.00997292 0.0163914 0.0370496 -0.0158261 0.0208649
internal_weight=3513.52 3204.32 549.655 2654.66 2469.7 1103.16 366.535 1366.54 298.85 1165.75 1001.55 540.688 125.062 134.092 200.785 736.625 237.04 499.585 386.111 105.397 460.863 309.203 8.34306 424.593 147.491 180.597 23.5126 15.7502 164.203 13.5492
internal_count=15892 14418 2326 12092 11531 5010 2239 6521 1957 5493 4626 3122 440 1024 1028 2771 862 1909 1425 266 1504 1474 117 1886 195 680 125 100 867 241
is_linear=0
shrinkage=0.0363096


Tree=112
num_leaves=31
num_cat=0
split_feature=16 5 7 2 10 0 5 16 17 0 16 2 20 4 13 3 5 18 6 6 16 10 20 3 6 9 8 7 9 10
split_gain=76.6853 33.1426 69.7003 48.9053 60.6479 42.5605 42.8652 38.9782 40.4968 30.3607 34.944 39.8037 27.3767 27.1036 30.3225 24.5509 22.5799 38.2423 30.5856 21.5149 21.3047 21.176 23.9136 19.7586 29.7401 18.255 17.1012 17.0002 27.4634 16.7751
threshold=21.253453254699711 28.582721710205082 37.567609786987312 -0.082154102623462663 0.010549677535891535 33.500000000000007 24.534575462341312 27.845715522766117 -1.0000000180025095e-35 37.500000000000007 39.978223800659187 -0.052754504606127732 1.0000000180025095e-35 15.550453186035158 0.04416195489466191 46.155342102050788 32.117872238159187 -0.25000000000000006 1.0770286917686465 0.25710065662860876 31.218333244323734 0.036989297717809684 0.81174489855766307 59.554189682006843 2.7410235404968266 0.027372183278203014 0.15566987544298175 30.219806671142582 0.3234428614377976 0.0037679021479561929
decision_type=2 2 2 2 2 2 2 2 2 2 2 2 2 2 2 2 2 2 2 2 2 2 2 2 2 2 2 2 2 2
left_child=-1 5 7 16 12 6 25 8 21 20 13 -12 -5 -11 -15 -16 17 18 -4 -8 -7 22 -3 24 27 -2 -21 -9 -29 -13
right_child=1 2 3 4 -6 9 19 23 -10 10 11 29 -14 14 15 -17 -18 -19 -20 26 -22 -23 -24 -25 -26 -27 -28 28 -30 -31
leaf_value=0.019712314316043221 -0.0094448804700663636 -0.023447164947272284 0.013395975647929504 -0.0081001795574405892 -0.023790900270175164 -0.00064651554606238169 -0.025917312455595004 -0.05448586060053446 0.027628528412857508 -0.0092017665130939407 -0.021324392921292915 0.015407846656039455 0.029367657188210772 0.023320252451777344 -0.011420862123210735 0.032372405979817463 0.030015985151199097 0.031200611557783108 -0.029563058358774295 0.020718981097128757 -0.026280561943312998 0.015537869931647772 0.026255033671274144 -0.025944426297736588 0.034659657937508324 0.025426183332576908 -0.019541515177462804 -0.014406338730067643 0.030629637562866352 -0.0042518666658290238
leaf_weight=253.68922254931203 22.627978893404361 76.593699665803797 53.523634048768145 39.135357601646319 86.604347461701764 62.498808562562772 48.172830430950853 11.352285462602593 77.526273455005139 97.376401428768077 184.38218248998419 59.235040639208819 74.9252390992242 156.22054394476982 79.981185420436304 21.390093087038622 191.25643688967648 72.906569063934512 36.921350497574167 39.51619643907361 135.30144057974485 43.693717956542969 15.312115373566483 109.11332756754564 20.590222748669476 157.68279897202956 21.462743733163734 135.21098428759797 20.565627866166324 1680.7777824836248
leaf_count=668 40 225 67 313 560 18 98 59 231 582 959 222 313 521 418 63 171 167 76 278 372 15 43 77 135 701 50 752 11 7687
internal_value=0.00037899 -0.00090095 0.00454107 0.013442 -0.000882169 -0.00299633 0.0101779 -0.00515054 0.00669595 -0.00453582 -0.00335161 -0.00528249 0.0165111 0.00711601 0.013285 -0.002179 0.021548 0.0116327 -0.0041395 -0.00777993 -0.0181816 -0.00527102 -0.0151652 -0.0136567 -0.00651374 0.0210494 0.00654664 -0.011587 -0.00845993 -0.00358253
internal_weight=4085.55 3831.86 1065.23 555.273 200.665 2766.63 289.463 509.958 213.126 2477.16 2279.36 1924.4 114.061 354.968 257.592 101.371 354.608 163.352 90.445 109.152 197.8 135.6 91.9058 296.832 187.719 180.311 60.9789 167.129 155.777 1740.01
internal_count=15892 15224 3215 1667 1186 12009 1167 1548 514 10842 10452 8868 626 1584 1002 481 481 310 143 426 390 283 268 1034 957 741 328 822 763 7909
is_linear=0
shrinkage=0.0363096


Tree=113
num_leaves=31
num_cat=0
split_feature=1 5 3 0 16 11 11 1 1 1 7 14 6 7 7 16 5 16 6 13 19 1 10 10 0 21 13 13 0 10
split_gain=120.583 62.288 47.3529 41.293 52.8965 56.5474 36.133 32.887 28.8645 88.6497 42.4936 60.2732 44.5841 29.4822 43.0956 32.6263 27.5893 24.1024 21.5062 30.4119 25.7139 23.7314 19.8097 21.6589 19.0646 43.1655 43.7315 18.9699 18.233 17.1414
threshold=-0.031422922387719147 46.44764709472657 57.339855194091804 70.500000000000014 63.181842803955085 0.008517007343471052 0.0064394676592201003 0.016591504216194156 0.013467282988131048 -0.0012203182559460399 45.61628723144532 -0.0034115231828764077 -0.48688030242919916 42.838594436645515 34.681009292602546 49.538188934326179 12.557447433471681 26.393198966979984 1.1228168010711672 0.043381825089454658 1.0000000180025095e-35 0.030079720541834835 0.008212553337216379 0.0084791374392807501 71.500000000000014 0.010428401175886394 0.097869779914617552 0.069021336734294905 61.500000000000007 0.02767822984606028
decision_type=2 2 2 2 2 2 2 2 2 2 2 2 2 2 2 2 2 2 2 2 2 2 2 2 2 2 2 2 2 2
left_child=1 -1 3 6 24 -6 18 17 9 10 12 -12 -8 14 -10 -16 28 -4 19 -2 -20 -21 -7 -24 -5 -26 -27 -25 -15 -18
right_child=2 -3 7 4 5 22 8 -9 13 -11 11 -13 -14 16 15 -17 29 -19 20 21 -22 -23 23 27 25 26 -28 -29 -30 -31
leaf_value=-0.026240391958835652 0.017541260851346555 0.025429515711931319 -0.00048193792884156816 0.029835961020426627 -0.028595191406007914 0.027249612461120763 0.034509803210678619 -0.020243997237737923 -0.0093155841204273088 -0.020369788696927939 0.030063321418234191 -3.0725507367561086e-05 -0.016517081359884698 -0.0013628394150401639 0.02790012562145517 -0.01640778063582151 -0.01118949570816051 0.022661679065781568 -0.02063441544752093 -0.036831093564885814 0.015406016317012947 0.022966929320256377 -0.034631849603295926 0.04122594410780684 0.035551528748851431 -0.027528341897328373 0.027825516294177833 -0.0095187919598287429 0.025481208376684512 0.019586605228373969
leaf_weight=298.58694716963691 269.40172978537157 34.289161297401733 76.340724851936102 141.33748927353372 76.156707075540908 55.867241317002481 24.806215190958028 33.399992753031256 86.277107304277706 421.294538318165 106.55639225070991 496.87752004139656 250.82057980140144 74.483590374786218 158.6896237542278 25.416541539570062 307.6682718971897 266.02392052854702 62.838826894778322 25.986076542307273 44.637029308585625 13.1887197813121 19.167029020884002 17.091785853521287 54.747541252872907 49.136678820336783 30.492714548295226 22.489148869388373 60.405718515441549 25.862815448641413
leaf_count=2921 620 29 37 326 391 87 7 210 169 1252 256 1001 1357 176 413 73 1296 242 323 80 127 47 31 455 252 2065 846 556 230 17
internal_value=-8.99017e-05 -0.0209176 0.0020126 0.00045213 0.0103552 -0.00434335 -0.00142939 0.0141455 -0.00341908 -0.0066753 -0.000112019 0.00528321 -0.0119243 0.00231199 0.011859 0.0217826 -0.00319855 0.0175008 0.00832224 0.0131943 -0.00566501 -0.0166964 0.01177 -0.00294877 0.0205257 0.0107324 -0.0063301 0.012391 0.0106576 -0.00880269
internal_weight=3630.34 332.876 3297.46 2921.7 466.486 190.772 2455.21 375.765 2039.16 1300.36 879.061 603.434 275.627 738.804 270.383 184.106 468.42 342.365 416.052 308.577 107.476 39.1748 114.615 58.748 275.714 134.377 79.6294 39.5809 134.889 333.531
internal_count=15892 2950 12942 12453 5009 1520 7444 489 6247 3873 2621 1257 1364 2374 655 486 1719 279 1197 747 450 127 1129 1042 3489 3163 2911 1011 406 1313
is_linear=0
shrinkage=0.0363096


Tree=114
num_leaves=31
num_cat=0
split_feature=0 1 5 0 13 13 3 2 10 0 10 20 12 9 3 6 1 21 4 10 1 2 1 4 9 20 10 3 8 6
split_gain=146.321 69.2439 75.9064 62.5775 36.447 66.9678 49.6084 41.6908 36.4055 30.5237 30.5014 28.7351 38.5381 48.0419 28.2308 21.5394 23.8569 20.662 27.1297 20.3645 21.0542 17.8961 29.2078 17.613 15.6404 13.8075 13.7695 11.7314 11.0726 10.0208
threshold=27.500000000000004 -0.027683638967573639 29.834628105163578 37.500000000000007 0.0049211108125746259 0.04649366810917855 28.830504417419437 -0.11434316635131835 0.006418882869184018 61.500000000000007 0.011555248871445658 -0.56174489110708226 0.10718687251210214 0.14639394730329516 41.150289535522468 0.45919317007064825 0.036236388608813293 0.015025159809738399 15.819024085998537 0.0090889609418809431 0.0085283680818974989 -0.12381019815802573 -0.060762835666537278 17.234127044677738 0.16226103901863101 1.0000000180025095e-35 0.0083393654786050337 37.094064712524421 -1.3372915387153623 -0.87909823656082142
decision_type=2 2 2 2 2 2 2 2 2 2 2 2 2 2 2 2 2 2 2 2 2 2 2 2 2 2 2 2 2 2
left_child=19 2 21 29 7 15 8 -5 -7 25 -4 17 13 -13 -11 -6 23 28 -19 20 -1 22 -2 -17 -12 -8 -10 -18 -9 -3
right_child=1 3 10 4 5 6 9 11 26 14 24 12 -14 -15 -16 16 27 18 -20 -21 -22 -23 -24 -25 -26 -27 -28 -29 -30 -31
leaf_value=0.086492681887514966 0.029649308984957927 0.0082351687981879976 0.03041881152972167 -0.027536258478970628 -0.024699298961613724 -0.0144820409264272 0.0016597707522676784 0.010558311294949134 0.04860045483588149 -0.00063902924131021177 -0.027139101788824484 0.004497756814277316 0.032242475665205918 -0.026137723196863718 -0.017705584630052604 0.017198559022087934 -0.015249152094620544 0.01627767744753069 -0.01970015796969761 -0.026271429454054238 -0.028142439813757976 0.026742578705182218 -0.0032816107065089663 -0.018632759879025962 0.0064552827483387587 0.019368042989153456 0.020165560212604544 0.054837179738050093 0.031063255491014491 -0.023605332271278527
leaf_weight=4.3545306444020735 62.420735755960777 14.131442456753573 19.329267977456766 47.287927135227619 200.19519159101947 38.49105161348416 169.02112430269153 48.741871388192521 26.636530942234458 318.45525412330062 78.445446091083795 638.40780652658668 57.166061001964408 75.462703095765391 213.43652711773211 22.550435644569006 4.3133554035230182 98.815323358487149 38.356617845322035 290.33460072970456 4.0996946096420288 269.86382940911062 82.347269027144648 91.309324660378479 23.811688448708082 88.429995577991576 143.20199261273592 11.637406596069921 120.8505567627617 166.59531584361412
leaf_count=115 119 6 174 325 1058 68 453 99 88 1654 172 2991 25 365 1366 131 97 703 154 1357 2 1691 76 726 94 270 634 51 273 555
internal_value=-0.000363416 0.00192624 0.0138194 -0.000495348 0.00102392 -0.0030505 0.00163943 0.0058321 0.0173997 -0.00252001 -0.0114077 0.00729623 0.00355645 0.00125914 -0.00748768 -0.0172294 -0.00570832 0.0166956 0.00621656 -0.0246536 0.0308903 0.0212173 0.0109167 -0.0115352 -0.0193152 0.0077427 0.0246258 0.0358777 0.0251707 -0.021115
internal_weight=3468.5 3169.71 536.218 2633.49 2452.77 1327.68 997.672 1125.09 208.33 789.343 121.586 1077.8 771.037 713.871 531.892 330.006 129.811 306.764 137.172 298.789 8.45423 414.632 144.768 113.86 102.257 257.451 169.839 15.9508 169.592 180.727
internal_count=15892 14418 2326 12092 11531 6596 4533 4935 790 3743 440 4610 3381 3356 3020 2063 1005 1229 857 1474 117 1886 195 857 266 723 722 148 372 561
is_linear=0
shrinkage=0.0363096


Tree=115
num_leaves=31
num_cat=0
split_feature=21 19 10 19 18 7 3 0 7 21 6 21 12 16 16 7 7 3 5 2 21 16 7 10 3 14 16 3 14 14
split_gain=72.3288 30.9398 33.5531 26.8493 48.0141 42.5114 35.5637 36.0646 31.384 28.3928 25.6935 31.3233 23.9483 26.6317 23.3067 23.0791 49.6685 41.0971 29.4072 25.87 22.4264 25.789 24.4561 21.059 19.9845 19.6874 18.313 17.8336 20.6154 17.3533
threshold=0.048838546499609954 0.87837970256805431 0.0060205240733921537 0.6078576147556306 0.68301269412040722 37.567609786987312 32.182516098022468 73.500000000000014 50.952230453491218 0.016626764088869098 1.9052253961563113 0.0061242622323334226 -0.063242048025131212 71.257904052734389 45.713762283325202 37.391767501831062 45.958862304687507 60.516061782836921 31.956234931945804 -0.030861222185194489 0.014625873882323505 31.218333244323734 44.23799133300782 0.012521483935415747 27.895052909851078 0.01139038195833564 25.17926120758057 58.745613098144538 -0.029089865274727341 0.014460501261055471
decision_type=2 2 2 2 2 2 2 2 2 2 2 2 2 2 2 2 2 2 2 2 2 2 2 2 2 2 2 2 2 2
left_child=1 2 10 6 5 -5 7 12 24 -10 25 -12 23 -14 20 17 19 -8 -18 -17 22 -22 -3 -4 -7 -1 -2 28 -28 -9
right_child=26 14 3 4 -6 8 15 29 9 -11 11 -13 13 -15 -16 16 18 -19 -20 -21 21 -23 -24 -25 -26 -27 27 -29 -30 -31
leaf_value=-0.014155750211944406 0.026318372540053352 0.028227526102352202 0.032965015481411689 -0.020370684403661066 -0.0097270980897200664 0.0079086252069825013 0.0032064999259281573 0.028089894205850265 -0.014567368703386836 0.031455904999463193 0.045657504033762147 -0.0066257881105695367 -0.015102833408266519 0.0049991475702435518 -0.019251265448779312 0.022490350299677612 -0.00015591588641301418 -0.023361848576905844 0.035114378751360059 -0.0035747523965957966 0.0047303228405346171 -0.023723031173392188 -0.0099765848598962047 -0.027736455183951972 0.029295154139136997 0.0087609325239213064 -0.034866942513844312 -0.020975373037257924 0.030349407794383457 -0.031204021972140398
leaf_weight=390.41593737613221 168.44703759080221 51.987611250977352 29.962232487776419 40.805244469438549 137.45369544754976 76.768736244468528 248.78781190444352 50.665602606413813 59.83595604290349 25.079192831281034 24.443236114027968 39.545041882000078 465.5177743746026 106.81857543752812 193.63257389385126 266.0916180222921 878.87860821291542 111.00367202569032 32.311142926722823 61.866884139089962 78.866770055074085 89.81734926804711 38.407676699560398 10.064422573366754 230.943759140775 56.579584788716602 7.8634439134839331 24.289954568157555 34.079708070117704 7.4644122847876124
leaf_count=1243 100 87 133 212 515 171 1150 739 250 344 64 210 2172 336 1273 1232 3240 71 16 468 176 399 79 138 527 88 78 35 221 125
internal_value=0.000394907 -0.000811972 0.000391543 0.00193257 0.0089712 0.0149012 0.000161917 -0.00685719 0.0185673 -0.000973297 -0.00817407 0.0133445 -0.00945186 -0.0113509 -0.00972151 0.00310535 0.005456 -0.00499012 0.00109467 0.017573 -0.00259865 -0.0104193 0.0119939 0.0176992 0.02396 -0.0112548 0.0199581 0.00378063 0.0181199 0.020474
internal_weight=4038.7 3804.02 3351.3 2840.32 570.887 433.433 2269.43 670.493 392.628 84.9151 510.984 63.9883 612.363 572.336 452.712 1598.94 1239.15 359.791 911.19 327.959 259.079 168.684 90.3953 40.0267 307.712 446.996 234.68 66.2331 41.9432 58.13
internal_count=15892 15458 13444 11839 2019 1504 9820 3643 1292 594 1605 274 2779 2508 2014 6177 4956 1221 3256 1700 741 575 166 271 698 1331 434 334 299 864
is_linear=0
shrinkage=0.0363096


Tree=116
num_leaves=31
num_cat=0
split_feature=1 4 3 2 12 1 1 2 1 11 14 3 16 11 16 8 5 14 11 6 1 16 14 12 3 4 1 8 19 11
split_gain=114.906 65.4207 44.3174 40.1347 35.087 31.2536 28.4381 48.7475 43.9557 55.5087 40.3058 40.0926 34.2948 28.1524 27.1731 28.5466 25.8856 23.3176 47.0328 37.2771 36.3459 22.7265 9.36486 7.71168 7.18369 6.41436 4.12141 2.27993 2.00439 4.81303
threshold=-0.031422922387719147 10.383468151092531 57.339855194091804 -0.097070876508951173 0.12369922176003458 0.016591504216194156 -0.01321598421782255 -0.0068963072262704364 0.013995800167322161 0.003677073167636991 -0.0049454374238848678 40.803525924682624 78.924961090087905 0.012708081398159267 85.147029876708999 0.045397572219371803 10.481878757476808 -0.017864136956632134 0.054051449522376067 0.61273515224456798 0.0014894566847942772 26.393198966979984 0.010570346843451263 0.087238214910030379 60.516061782836921 22.624860763549808 0.025053353980183605 2.3913519382476811 -0.60785761475563038 0.012897886335849764
decision_type=2 2 2 2 2 2 2 2 2 2 2 2 2 2 2 2 2 2 2 2 2 2 2 2 2 2 2 2 2 2
left_child=1 -1 3 17 6 21 10 8 9 -8 23 12 -9 -10 15 -12 -13 18 19 -2 -21 -4 24 25 -23 -5 -7 28 29 -6
right_child=2 -3 5 4 27 26 7 11 13 -11 14 16 -14 -15 -16 -17 -18 -19 -20 20 -22 22 -24 -25 -26 -27 -28 -29 -30 -31
leaf_value=0.029386616173329504 -0.028462323379752189 -0.026183698246736782 -0.00043304888414314591 0.028208150836092915 0.039675384971666047 0.0017072660734719269 0.034871160533728379 -0.0016253267870287257 0.018022193231112482 -0.017447285279313659 -0.022708678452585545 0.0017374732135774084 0.02007345091022094 -0.0077648752422718858 -0.030407450180861939 0.012293681219398448 0.019949156715670619 -0.027284766715489048 -0.026356457356023027 0.062623387916260806 -0.015467663199302036 0.013910117583778697 0.0077345149453745734 0 0.02928488206832049 0.050007570529051561 -0.027484488723035987 0.0018501185179818874 -0.026894131167667493 -0.027409772117585485
leaf_weight=30.906060493969562 14.333318019394936 289.88430599346793 75.790896281599998 72.070100396942507 2.0897259861230841 8.6094775049787113 28.56848415004788 982.12337435322479 116.27631635944635 416.46988594962932 35.249780013799864 160.55637753294104 106.43503389806574 107.33480139711173 26.964333637442905 238.88292394615655 286.59159931135036 102.12756189484753 55.738924739786853 27.321498630461065 11.026892089450483 53.543375056484365 48.455886962452496 9.9383713949737267 159.56077082623415 23.658669115222438 24.504159909794907 4.4715104590195542 61.854629822193601 4.3307759872350289
leaf_count=517 56 2433 37 416 14 51 60 4743 626 1766 465 483 229 628 50 798 646 395 53 83 109 74 74 10 94 72 159 81 487 183
internal_value=-9.32287e-05 -0.0208295 0.00194418 0.000430687 0.00162828 0.0137687 0.00232128 0.000693471 -0.00748945 -0.0140885 0.0111425 0.00425641 0.000496196 0.00564373 0.0043711 0.00779242 0.0134102 -0.0148346 -0.00310595 0.0214917 0.0401658 0.017073 0.0221461 0.0304364 0.0254224 0.033597 -0.0198913 -0.0232442 -0.0248893 -0.00555702
internal_weight=3585.67 320.79 3264.88 2894.41 2683.87 370.465 2611.12 2204.36 668.649 445.038 406.764 1535.71 1088.56 223.611 301.097 274.133 447.148 210.548 108.421 52.6817 38.3484 337.351 261.56 105.667 213.104 95.7288 33.1136 72.7466 68.2751 6.4205
internal_count=15892 2950 12942 12453 11757 489 10992 9181 3080 1826 1811 6101 4972 1254 1313 1263 1129 696 301 248 192 279 242 498 168 488 210 765 684 197
is_linear=0
shrinkage=0.0363096


Tree=117
num_leaves=31
num_cat=0
split_feature=0 1 5 0 0 16 3 1 20 16 14 14 16 19 12 1 12 8 1 1 3 12 5 8 12 4 16 1 16 16
split_gain=139.928 66.0462 71.4554 60.0082 30.3155 46.9677 43.3609 31.6555 28.4227 22.9314 22.2262 19.2212 45.051 27.4209 20.9644 23.9237 17.6957 17.9224 17.5412 17.0917 33.5882 27.7956 17.8946 17.453 12.7007 28.0589 10.9382 24.7337 20.7994 10.4659
threshold=27.500000000000004 -0.027683638967573639 29.834628105163578 37.500000000000007 47.500000000000007 41.721759796142585 42.625802993774421 -0.0071472863201051942 1.0000000180025095e-35 72.510589599609389 0.014136401936411859 -0.00365342223085463 58.549224853515632 0.6078576147556306 -0.063242048025131212 -0.0049894670955836764 0.13933603465557101 1.3608241081237795 0.080713160336017623 -0.048277683556079858 27.530241012573246 0.01013745227828622 26.851798057556156 -0.9983314275741576 0.088964860886335387 21.057038307189945 28.247499465942386 0.035839742049574859 36.168807983398445 67.376716613769545
decision_type=2 2 2 2 2 2 2 2 2 2 2 2 2 2 2 2 2 2 2 2 2 2 2 2 2 2 2 2 2 2
left_child=29 2 19 -3 5 7 11 -5 -4 24 -10 12 13 -6 -13 -16 18 -18 -8 20 -2 -22 -23 -21 25 -7 27 -9 -28 -1
right_child=1 3 8 4 6 9 16 26 10 -11 -12 14 -14 -15 15 -17 17 -19 -20 23 21 22 -24 -25 -26 -27 28 -29 -30 -31
leaf_value=-0.026218053964754115 0.029227377420188862 -0.020906250353510947 0.029856361798869947 -0.025643866332061466 0.0064594782092797752 0.020238313028369665 -0.01900017263161927 -0.022773268716499661 -0.0273839764456008 -0.0035375212660734125 0.015974536709291581 -0.030548985672335369 -0.029335244042419599 -0.016567314102754166 -0.0059161008209581327 0.0075954395613817543 -0.024198460270778915 0.047980668008320432 0.01547127374435806 -0.01089076356110674 -0.030931546644763209 0.024471632227778331 -0.027906661812769594 0.02912106419247916 0.031614542074454459 -0.0094335312361059406 0.025494635934757093 0.022221287808498899 -0.0071273946408947214 0.0038941102290040745
leaf_weight=272.99720072755645 72.805006238717397 177.10829190719778 18.688994231362813 71.04028011022001 257.38189511742348 234.06776170063677 259.73524858070232 48.284772933334352 80.092728725262532 75.800697969831162 19.349627480075469 22.926461799309436 83.401177024777098 92.748900807258906 222.61359015395465 771.46462848624469 7.4462169603039028 11.595925223040465 21.034456597646567 15.298195366114667 32.215219220813196 37.686789896211849 11.139626866175602 236.51885433282587 76.039475053788919 51.203713824628721 56.502314781566383 24.167240040846082 47.362439605093641 16.108713575121328
leaf_count=1325 215 561 109 122 1774 327 1764 116 315 70 16 254 387 643 977 4141 244 191 123 62 269 336 5 999 33 143 102 40 80 149
internal_value=-0.000368832 0.00185964 0.0136269 -0.000500127 0.000984167 0.00746317 -0.00154936 -0.00518032 -0.0112243 0.0146182 -0.0189461 0.00104874 -0.00535289 0.000359403 0.00377776 0.00456956 -0.0141198 0.01975 -0.0164173 0.020864 0.0113275 -0.0047517 0.0125193 0.0266898 0.0184275 0.0149121 0.00306409 -0.00776322 0.0106179 -0.0245398
internal_weight=3424.83 3135.72 523.795 2611.93 2434.82 684.469 1750.35 247.357 118.131 437.112 99.4424 1450.54 433.532 350.131 1017 994.078 299.812 19.0421 280.77 405.664 153.847 81.0416 48.8264 251.817 361.311 285.271 176.317 72.452 103.865 289.106
internal_count=15892 14418 2326 12092 11531 1033 10498 460 440 573 331 8176 2804 2417 5372 5118 2322 435 1887 1886 825 610 341 1061 503 470 338 156 182 1474
is_linear=0
shrinkage=0.0363096


Tree=118
num_leaves=31
num_cat=0
split_feature=21 1 5 7 1 1 3 0 5 0 7 1 11 14 3 12 11 6 1 13 13 7 1 9 6 14 5 14 7 6
split_gain=67.7935 35.208 28.1893 65.229 43.0178 38.324 40.3409 38.1955 39.477 28.7355 26.1128 22.7251 22.552 22.6468 29.7044 22.1051 21.3887 20.1724 19.1928 18.7012 19.7396 42.3662 33.6295 17.2947 16.0217 19.3575 15.9299 33.189 15.49 14.8378
threshold=0.048838546499609954 -0.027683638967573639 28.582721710205082 37.567609786987312 -0.0075336557347327462 0.03532493673264981 30.148077964782718 33.500000000000007 24.534575462341312 37.500000000000007 40.296749114990241 -0.052462389692664139 0.01398708298802376 -0.0063095584046095601 52.931867599487312 -0.040220094844698899 0.017111144028604034 1.8870282769203188 0.038302974775433547 -0.068964038044214235 -0.047862943261861794 50.150789260864265 -0.020933509804308411 0.027372183278203014 2.108859777450562 -0.0052205508109182111 31.956234931945804 0.025844213552773002 39.794534683227546 -0.31531879305839533
decision_type=2 2 2 2 2 2 2 2 2 2 2 2 2 2 2 2 2 2 2 2 2 2 2 2 2 2 2 2 2 2
left_child=2 -2 7 4 -4 6 10 8 23 16 -5 -11 15 14 18 24 -9 28 -14 -13 21 -21 -22 -1 -6 -26 27 -8 -10 -12
right_child=1 -3 3 5 12 -7 26 9 17 11 29 19 13 -15 -16 -17 -18 -19 -20 20 22 -23 -24 -25 25 -27 -28 -29 -30 -31
leaf_value=-0.0093589323104891937 -0.016643855018351261 0.025160991732626828 -0.025828827416080231 0.032291547865075786 -0.023061990615179245 -0.012998383063299507 0.018354195617770179 -0.022166620731171285 0.02072588421859772 0.029403666834424618 -0.027362711387844397 -0.017448386148661617 0.026849372071640839 0.028468296117655337 -0.020675801759830706 0.011700977702399466 0.015669962981637864 0.031496105539187684 -0.013473398952115251 -0.0016442209911369701 -0.022240646532433687 0.045300292196351344 -0.0023211085185264086 0.024815467771512622 0.045651155707888809 -0.015634517162831846 0.028531608295737931 -0.037147199483088374 -0.020521336793299646 0.0081720784703425801
leaf_weight=22.351312038925244 30.655001518840436 198.69230093326405 106.51501954933701 18.874264789958033 103.89921459222205 66.50608706643834 179.88907201525581 167.31715953054936 14.239588814432862 28.179798266573016 47.571736450763638 118.44266675360814 54.003019721139935 56.68868996000856 50.664870321792478 51.05695219377958 22.321676246223433 14.94215946047734 21.858740641895565 92.323523481871234 118.8181986776508 34.933383432984556 1875.9552551722081 154.0524536471894 10.913561520364967 18.000168318409123 201.12802388481941 15.42101434305914 76.356764580739764 22.966949487043166
leaf_count=40 87 347 897 67 260 405 625 333 81 447 56 810 201 89 48 109 57 100 110 527 861 81 7649 670 98 55 346 14 243 179
internal_value=0.000406729 0.0195728 -0.000760384 0.00437341 -0.0055138 0.0128511 0.0163897 -0.00268254 0.00997549 -0.00413434 -0.00564008 -0.00299929 0.000380598 0.0093967 0.000850989 -0.0086028 -0.0177124 -0.00758929 0.0152293 -0.00340689 -0.0026231 0.0112417 -0.00350767 0.0204847 -0.016409 0.00749421 0.0213586 0.0139714 -0.014037 -0.0157912
internal_weight=3995.54 229.347 3766.19 1025.96 473.6 552.357 485.851 2740.23 281.942 2458.29 89.413 2268.65 367.085 183.215 126.527 183.87 189.639 105.539 75.8618 2240.47 2122.03 127.257 1994.77 176.404 132.813 28.9137 396.438 195.31 90.5964 70.5387
internal_count=15892 434 15458 3559 1867 1692 1287 11899 1134 10765 302 10375 970 448 359 522 390 424 311 9928 9118 608 8510 710 413 153 985 639 324 235
is_linear=0
shrinkage=0.0363096


Tree=119
num_leaves=31
num_cat=0
split_feature=1 12 0 7 20 14 12 13 6 16 0 17 13 16 13 1 11 10 10 11 0 0 19 6 14 4 16 12 10 1
split_gain=109.534 40.4433 37.8398 50.4088 39.115 43.1501 34.7634 32.8446 48.736 42.6317 39.1094 30.1503 27.5897 26.466 34.9548 29.4548 25.9177 23.581 38.2785 32.8861 23.2286 22.9287 22.4642 20.3738 24.2465 19.5178 13.9297 12.8847 12.4669 7.0109
threshold=-0.03536217845976352 0.12369922176003458 25.500000000000004 56.127576828002937 -0.56174489110708226 0.00010001161354011857 0.012324322015047075 0.050161793828010566 0.90652498602867138 86.064952850341811 62.500000000000007 -1.0000000180025095e-35 -0.051315521821379655 22.548312187194828 0.036473251879215247 0.070789884775877013 0.016536925919353965 0.016242681071162227 0.026711715385317806 0.0062376342248171577 70.500000000000014 54.500000000000007 -0.87837970256805409 1.5441725850105288 -0.023632237687706944 9.0331292152404803 61.501661300659187 -0.010991548188030718 0.042824603617191322 0.023126970976591114
decision_type=2 2 2 2 2 2 2 2 2 2 2 2 2 2 2 2 2 2 2 2 2 2 2 2 2 2 2 2 2 2
left_child=25 2 11 4 23 13 20 9 21 22 -10 12 16 15 -15 -6 -2 19 -19 -7 26 -9 -8 29 -25 -1 -5 -26 -13 -4
right_child=1 -3 3 6 5 17 7 8 10 -11 -12 28 -14 14 -16 -17 -18 18 -20 -21 -22 -23 -24 24 27 -27 -28 -29 -30 -31
leaf_value=0.028211988311833837 0.038297930661522421 -0.023640077674018392 -0.025362581925391293 -0.021409662693242557 -0.019032247739636261 0.0083320026891991559 -0.025552626223537645 0.013061495194298943 -0.0078857355087422754 -0.019360988735622142 0.020219471829022485 0.029962164506957528 -0.02841952147600315 0.010167064671409492 -0.0091015313265010774 0.024904368601775896 -0.013968624922536492 0.024967735300553334 -0.033949094336211273 -0.018570578271544149 0.031515529593552936 -0.01128099618359682 0.019904231050967048 0.050991669262283983 -0.011639936577388755 -0.025937575211168871 0.023500004186482237 0.041193655961921385 0.010792194336976211 -0.011852923510162748
leaf_weight=9.1226963384160609 26.893975533411322 81.559086881655276 142.8915342051996 20.7871876890149 109.18845770485495 74.551773719349512 15.024998399428112 59.143679217114368 96.334808493793389 46.508796075369901 202.42993113087323 122.74961133838951 33.834801925490865 651.96578933960427 153.30362038619569 24.657107496219396 23.379200008253974 54.077551379993565 19.882928045156405 304.82410586048263 110.20920446828495 370.98715664401698 310.20269647696659 10.822297961599359 70.17749145676953 229.39348994135162 16.202165216560388 6.6624574503457543 70.399415862126261 78.509243144914763
leaf_count=316 59 943 877 109 333 256 98 208 350 46 953 231 42 2647 575 16 56 173 157 1502 161 1106 1023 50 435 2339 55 47 32 697
internal_value=-0.000102012 0.00161132 0.00224964 0.001044 -0.00302106 -0.00042734 0.00658712 0.00437066 -0.00010856 0.0131538 0.0111568 0.0150743 -0.0030694 0.0040135 0.00649865 -0.0109374 0.0139895 -0.00962706 0.00912745 -0.0132836 0.0231592 -0.0079336 0.0178038 -0.0147064 0.000107845 -0.023866 -0.00173517 -0.0070574 0.0229756 -0.0205725
internal_weight=3546.68 3308.16 3226.6 2949.34 1701.51 1392.45 1247.83 1100.63 728.896 371.736 298.765 277.257 84.108 939.115 805.269 133.846 50.2732 453.336 73.9605 379.376 147.199 430.131 325.228 309.063 87.6622 238.516 36.9894 76.8399 193.149 221.401
internal_count=15892 13237 12294 11874 7765 5659 4109 3784 2617 1167 1303 420 157 3571 3222 349 115 2088 330 1758 325 1314 1121 2106 532 2655 164 482 263 1574
is_linear=0
shrinkage=0.0363096


Tree=120
num_leaves=31
num_cat=0
split_feature=0 19 6 9 5 13 0 5 5 20 13 16 12 7 12 20 14 12 4 19 16 17 13 12 16 14 19 13 9 9
split_gain=133.327 52.5691 42.5477 47.9542 31.5787 34.5451 27.9895 31.2322 26.5546 35.4621 25.8693 25.3736 24.5642 27.5333 23.7324 23.2319 22.3016 21.7332 21.434 19.727 34.0987 16.8677 14.2658 13.8947 27.4734 13.0008 12.9582 12.8653 13.0514 11.4601
threshold=27.500000000000004 -0.87837970256805409 0.076547168195247664 0.050042951479554183 15.96074962615967 0.077177833765745177 31.500000000000004 11.117677688598635 29.96417331695557 -0.56174489110708226 -0.11943905800580977 78.398670196533217 0.13447492569684985 59.994333267211921 -0.040220094844698899 1.0000000180025095e-35 0.014136401936411859 0.016078354790806774 17.352581024169925 0.6078576147556306 42.428260803222663 -0.68301269412040699 -0.020507019944488999 0.022121059708297256 61.501661300659187 0.0049075596034526834 -0.60785761475563038 0.079652044922113432 0.025415944866836074 0.050431337207555778
decision_type=2 2 2 2 2 2 2 2 2 2 2 2 2 2 2 2 2 2 2 2 2 2 2 2 2 2 2 2 2 2
left_child=-1 17 3 4 5 25 -4 12 11 -10 -9 19 13 15 -6 -8 18 -2 -12 -5 -21 -14 -13 -19 29 -3 -15 28 -16 -25
right_child=1 2 6 8 14 -7 7 10 9 -11 16 22 21 26 27 -17 -18 23 -20 20 -22 -23 -24 24 -26 -27 -28 -29 -30 -31
leaf_value=-0.024409667779879518 -0.023883575176229015 0.010630516090454087 -0.025621464245050941 0.02504892554297055 0.028996136157919263 -0.016752552545034955 0.056148525340567558 -0.020176232822464047 0.014979215287343674 -0.026943445052564897 0.0071834095195125987 0.01149238225552735 -0.023004649353429486 0.0093590067656675983 0.0091046790507945154 -0.014373867937083692 0.018817746333023185 0.01881878978518977 -0.0030526467990353774 0.0021608276071862736 0.023872006771186768 0.05015278387322937 -0.017073677350825722 -0.02287476659585606 -0.029489871526965399 0.039199713907175054 -0.019249895386541087 0.013626836890759563 -0.020503615528300188 0.017197144434281136
leaf_weight=279.19303780871132 134.78215266629104 41.78124084668525 56.9836153768656 284.47011280304741 18.171595698178862 37.91985931507952 13.28478118934072 61.553223556797093 58.916237321886001 48.498600812396035 566.55701298567601 47.011037357500754 5.8890640446552451 22.947999184767468 22.173875290498472 11.476643706881077 119.87020592647787 29.47880184575115 514.71018663341511 201.79212559360894 180.85915405966807 14.097225629068815 45.214011550364376 12.116968643122162 47.974799783933122 42.248658191180766 230.27298286561745 19.810423896578868 170.61183663944576 42.079000448013176
leaf_count=1474 1171 92 207 1025 32 42 77 520 60 94 3439 32 78 121 86 91 560 67 2953 184 549 246 93 130 264 61 1125 48 462 509
internal_value=-0.000375843 0.00178618 0.00323436 0.0083556 -0.00293128 0.0120135 -0.000626283 0.000286286 0.0129488 -0.00394815 0.00278156 0.0153391 -0.0102874 -0.0130831 -0.0108294 0.0234578 0.00395814 -0.0136344 0.00231069 0.017807 0.0124229 0.0285909 -0.00251113 -0.00314046 -0.00947737 0.024996 -0.0166568 -0.014234 -0.0170975 0.00823586
internal_weight=3382.75 3103.55 2837.12 1219.48 352.717 121.95 1617.64 1560.66 866.761 107.415 1262.69 759.346 297.969 277.982 230.768 24.7614 1201.14 266.432 1081.27 667.121 382.651 19.9863 92.225 131.65 102.171 84.0299 253.221 212.596 192.786 54.196
internal_count=15892 14418 12277 2860 823 195 9417 9210 2037 154 7472 1883 1738 1414 628 168 6952 2141 6392 1758 733 324 125 970 903 153 1246 596 548 639
is_linear=0
shrinkage=0.0363096


Tree=121
num_leaves=31
num_cat=0
split_feature=21 3 2 12 19 19 18 21 7 2 0 5 4 3 8 5 17 8 5 12 7 4 18 3 2 9 18 2 7 10
split_gain=64.2665 38.1745 36.9959 35.1888 24.6978 27.4893 34.2397 35.3612 40.362 28.7362 37.7678 30.4759 27.4222 26.0588 28.9291 24.5791 23.6221 23.2605 22.7179 38.8538 29.8101 22.5523 27.2316 22.5173 37.3776 22.4555 22.8507 21.7571 21.198 20.934
threshold=0.035019053146243102 58.745613098144538 -0.057042734697461121 -0.18031287938356397 0.87837970256805431 0.6078576147556306 0.68301269412040722 0.010070631280541422 37.567609786987312 -0.13373971730470655 33.500000000000007 24.534575462341312 8.2235007286071795 28.512001991271976 0.95191416144371044 10.981863021850588 -0.68301269412040699 -0.70296972990036 18.679616928100589 -0.018068102188408371 54.07568550109864 14.178484439849855 1.0000000180025095e-35 30.972367286682132 -0.044344848021864884 0.10725898668169977 0.25000000000000011 0.036521023139357574 56.127576828002937 0.0039878843817859897
decision_type=2 2 2 2 2 2 2 2 2 2 2 2 2 2 2 2 2 2 2 2 2 2 2 2 2 2 2 2 2 2
left_child=4 2 -2 -3 5 9 7 28 -9 -1 11 -11 -13 -10 -15 -8 -14 21 20 -20 -12 23 -23 -6 -25 -19 -27 -4 -7 -22
right_child=1 3 27 -5 17 6 15 8 13 10 18 12 16 14 -16 -17 -18 25 19 -21 29 22 -24 24 -26 26 -28 -29 -30 -31
leaf_value=-0.030271034436104464 0.025848789377702165 -0.021317159488055858 -0.015387638915309249 0.016408359491035553 -0.034004705691157426 0.0055050269869877985 0.038661443425792336 -0.019374721608340528 0.0037861463960092941 0.020018623870143859 0.024831962531181133 0.0141143069028048 0.01533628394086204 0.028746441230457311 -0.009083375273661402 -0.012222744001200542 -0.016929881099026389 -0.018791558670717488 0.0014295681719323887 -0.014609700172345516 0.024340292494852589 -0.0097731064932977552 0.045408715939654128 -0.021973256099701965 0.03835357134587114 -0.024321836915652213 0.028413938641438721 0.075119454412972742 -0.031513308197340828 -0.0026238807281628342
leaf_weight=46.153762071138772 261.22896844213392 67.141057436987467 45.556267418451171 63.354419777093426 28.741949393612231 46.631075785675421 13.645011508810056 40.266631700209473 109.31595248218946 173.85668134642947 59.722761107449514 115.87865648230581 39.613324357100282 249.22352228320415 29.836983077684636 151.04436412678115 122.13058231522155 263.45307878822132 334.74674051248621 491.39391389424418 39.504860712981099 19.809324838011889 29.114553781606446 29.504909956929623 25.023386596440105 17.325958813544275 28.898176344611784 3.7927868735405346 36.240692165827568 970.01157259740285
leaf_count=322 653 26 433 72 72 96 47 173 366 467 413 165 93 555 188 463 308 1024 2968 1973 157 57 48 146 102 223 175 242 84 3781
internal_value=0.000414125 0.0134777 0.0204019 -0.00300089 -0.00122693 -7.14087e-05 0.00639287 0.011029 0.0152269 -0.0018981 -0.00134006 0.00809761 0.000631845 0.0188146 0.0247013 -0.00800611 -0.00902675 -0.00925287 -0.00358817 -0.00811056 -9.38676e-05 0.00349706 0.0230633 -0.00799741 0.0057091 -0.0146959 0.00864481 -0.00842902 -0.0106822 -0.00156859
internal_weight=3952.16 441.073 310.578 130.495 3511.09 3069.22 676.204 511.515 428.643 2393.01 2346.86 451.479 277.623 388.376 279.061 164.689 161.744 441.871 1895.38 826.141 1069.24 132.194 48.9239 83.2702 54.5283 309.677 46.2241 49.3491 82.8718 1009.52
internal_count=15892 1426 1328 98 14466 12619 1972 1462 1282 10647 10325 1033 566 1109 743 510 401 1847 9292 4941 4351 425 105 320 248 1422 398 675 180 3938
is_linear=0
shrinkage=0.0363096


Tree=122
num_leaves=31
num_cat=0
split_feature=21 3 13 10 13 12 13 7 9 9 13 6 10 12 3 13 14 4 13 21 6 20 6 13 9 9 4 13 17 9
split_gain=54.2186 68.7493 69.5235 34.2628 67.9052 66.7131 44.4332 33.0538 39.3735 55.9263 38.909 36.4376 31.0012 30.5271 31.7325 48.0479 32.0396 27.671 23.2503 42.2892 31.3993 23.0768 22.7137 41.0332 21.6593 20.6603 20.3255 19.7319 20.7603 19.5914
threshold=0.016824341379106048 59.554189682006843 -0.097556699067354188 0.017478280700743202 -0.091496229171752916 0.088964860886335387 -0.14574975520372388 55.358730316162116 0.096575830131769194 0.038970561698079116 -0.1018773280084133 -0.012399370782077311 0.010292876046150925 0.012324322015047075 45.33818435668946 0.050161793828010566 0.0053359838202595719 23.570524215698246 -0.0012873429805040357 0.0095807160250842589 0.34026987850666052 1.0000000180025095e-35 1.6608792543411257 -0.11943905800580977 0.03446695767343045 0.012047752737998964 37.703603744506843 -0.032486837357282632 -1.0000000180025095e-35 0.018620629794895652
decision_type=2 2 2 2 2 2 2 2 2 2 2 2 2 2 2 2 2 2 2 2 2 2 2 2 2 2 2 2 2 2
left_child=7 3 -3 6 -5 27 -2 8 9 11 -11 24 21 -9 15 18 -16 25 19 -15 -20 -10 -8 -24 -1 -13 -25 -6 -29 -17
right_child=1 2 -4 4 5 -7 22 13 12 10 -12 17 -14 14 16 29 -18 -19 20 -21 -22 -23 23 26 -26 -27 -28 28 -30 -31
leaf_value=0.0095562871341993184 0.036705397960950382 0.022020941523382617 -0.028509246728111219 -0.020232309030537032 0.022183159875430587 -0.022900731986263249 -0.020082836262889585 0.021964117074150354 0.038101308992016802 0.039633429176851337 -0.01440765389720872 0.020782281121449305 -0.019100523679069718 0.035464172596972258 0.027521261756940481 0.038948024713975127 0.0034741061357195816 0.041716570064414017 0.030226022760417606 -0.03114514373125072 0.0048017044671411551 7.7257671427244663e-05 0.060439253227213476 -0.019708049918658828 0.037282719382718897 -0.012015033998909191 0.059568876433612965 -0.031966427054636523 0.017868786616977352 -0.0080759965750231196
leaf_weight=109.33717633240121 20.614210314363845 183.71071336565365 44.614753930768529 182.17160420582059 190.66923179546939 71.723868776900417 508.68256940012452 164.60791982369483 69.575020216788289 18.245783073184612 469.86244863183038 29.638683945173398 24.342733223951655 18.777454490074888 143.33488727076656 12.016421331802119 148.98671101691252 16.45412123695769 119.17038542101272 37.983784850094708 138.46549667226282 30.174888457486304 13.038164851417603 44.176749611238847 56.269756454469643 173.80006460936056 4.7184835365587778 20.121594517313497 24.362880331847919 416.92848639906333
leaf_count=264 200 95 188 895 496 723 4190 273 93 69 2314 27 92 27 230 15 291 62 283 132 610 69 137 942 89 1070 62 287 369 1298
internal_value=-0.000104145 -0.00595559 0.0121468 -0.00978179 -0.00267156 0.00775267 -0.015663 0.00337958 -0.00150417 -0.00422283 -0.0123873 0.00611452 0.0176342 0.00743918 0.00513048 0.00114465 0.0152656 -0.00357269 0.0119274 -0.00910777 0.0165623 0.0266 -0.0175551 0.00320466 0.0189779 -0.00723627 -0.0120551 0.0171027 -0.00467062 -0.00675839
internal_weight=3506.58 1308.6 228.325 1080.28 489.049 306.878 591.23 2197.97 997.701 873.608 488.108 385.5 124.093 1200.27 1035.66 743.342 292.322 219.893 314.397 56.7612 257.636 99.7499 570.616 61.9334 165.607 203.439 48.8952 235.154 44.4845 428.945
internal_count=15892 8584 283 8301 2770 1875 5531 7308 4149 3895 2383 1512 254 3159 2886 2365 521 1159 1052 159 893 162 5331 1141 353 1097 1004 1152 656 1313
is_linear=0
shrinkage=0.0363096


Tree=123
num_leaves=31
num_cat=0
split_feature=0 1 5 0 0 5 16 11 0 16 0 19 10 10 21 19 3 11 7 1 3 10 8 7 21 9 10 19 0 9
split_gain=127.204 60.817 65.5249 54.9045 27.7751 35.8457 34.0637 46.2971 29.8146 42.0407 39.3141 28.0635 26.6422 23.3881 22.0024 31.1322 18.5974 17.1333 32.5949 16.3166 31.6696 24.0767 16.7947 16.2732 14.6073 14.5688 21.008 13.1479 11.5525 10.1183
threshold=27.500000000000004 -0.027683638967573639 29.834628105163578 37.500000000000007 70.500000000000014 11.117677688598635 63.181842803955085 0.0082818381488323229 63.500000000000007 41.885372161865241 44.500000000000007 0.6078576147556306 0.010966842994093897 0.0084791374392807501 0.031184183433651928 -1.0000000180025095e-35 31.494309425354007 0.0066795316524803647 59.994333267211921 -0.048277683556079858 27.530241012573246 0.016469742171466354 -0.9983314275741576 71.859149932861342 0.010559438727796079 0.16226103901863101 0.01985748112201691 1.0000000180025095e-35 74.500000000000014 0.034815231338143356
decision_type=2 2 2 2 2 2 2 2 2 2 2 2 2 2 2 2 2 2 2 2 2 2 2 2 2 2 2 2 2 2
left_child=13 2 19 -3 5 17 27 16 9 11 -11 -7 -4 -1 15 -10 24 -5 -19 20 -2 -22 -21 -20 -8 -14 -27 -6 -9 -18
right_child=1 3 12 4 6 8 7 28 14 10 -12 -13 25 -15 -16 -17 29 18 23 22 21 -23 -24 -25 -26 26 -28 -29 -30 -31
leaf_value=0.040368350291002671 0.028829070943911243 -0.020486334883219135 0.029727721106960783 -0.023679530036350902 -0.024435002602209866 0.002252999082299405 -0.034496924304261961 -0.020772556061252848 0.031176120924359334 0.014439545188478047 -0.00055987224156371315 -0.01615286126068231 -0.026874404955356999 -0.02604574729773268 -0.027406538676411296 0.0082872600031255565 0.039972517254822738 0.043850084339836309 -0.01333982309638022 -0.010705606187088814 -0.030800281564166053 0.010697164789099446 0.028673518014547258 0.010294600089388845 0.029835402648978059 -0.032225786351978765 0.036810664700543526 0.0084351124589639882 0.046184458845224506 0.012149323062533694
leaf_weight=7.1800372671787036 68.78057622821143 170.05105225152056 17.764145562745398 77.874871905702093 144.25421664392434 208.89624628241745 12.674453201336293 76.224954907322171 111.4571464456385 423.49879018344836 505.17364152829759 228.84364069076128 71.473331298509038 263.00405201587364 16.78153841537096 263.77286865774659 42.571319742062769 17.364207394562982 165.66620509374843 15.23885541700656 29.549275654168014 48.993437531052223 225.59915168543739 49.99521919669678 7.350874624646166 10.47564278091977 13.049458749272162 18.045406475669552 3.5545380379517146 28.974377238566376
leaf_count=88 215 561 149 230 2080 1227 77 716 657 366 1887 356 196 1386 52 978 47 69 453 62 486 124 999 142 53 24 71 1450 499 192
internal_value=-0.000394043 0.00170541 0.0132804 -0.000548011 0.000862917 0.00243046 -0.00885874 0.00243182 0.00443994 0.00190744 0.00628013 -0.00736905 -0.0110837 -0.0242804 0.013267 0.0150864 0.020049 -0.00893462 -0.00400652 0.0203586 0.0108391 -0.00491358 0.0261814 -0.0078603 -0.0108762 -0.0187164 0.0060642 -0.0207796 -0.0177878 0.0287064
internal_weight=3344.13 3073.95 500.924 2573.03 2402.97 2069.32 333.65 171.351 1758.42 1366.41 928.672 437.74 112.763 270.184 392.012 375.23 91.571 310.901 233.026 388.161 147.323 78.5427 240.838 215.661 20.0253 94.9984 23.5251 162.3 79.7795 71.5457
internal_count=15892 14418 2326 12092 11531 6417 5114 1584 5523 3836 2253 1583 440 1474 1687 1635 369 894 664 1886 825 610 1061 595 130 291 95 3530 1215 239
is_linear=0
shrinkage=0.0363096


Tree=124
num_leaves=31
num_cat=0
split_feature=16 19 13 7 5 11 19 1 3 2 3 3 9 13 18 16 8 9 16 2 13 11 2 1 11 13 18 1 8 16
split_gain=61.8551 26.226 26.8363 40.1156 46.3823 32.0751 28.7691 27.6281 27.209 26.1521 35.3174 25.09 23.7009 26.7746 22.5572 28.0571 22.0863 21.5131 34.817 19.241 26.1477 16.9666 30.2484 23.4317 21.292 23.2376 20.627 20.3891 16.8743 28.476
threshold=21.253453254699711 0.87837970256805431 -0.041821096092462533 37.567609786987312 32.42109680175782 0.16113392263650897 0.6078576147556306 -0.022729373537003991 58.745613098144538 -0.073345661163330064 40.641622543334968 26.702106475830082 0.14639394730329516 -0.04566559009253978 0.68301269412040722 33.899696350097663 -0.70296972990036 0.10725898668169977 31.519917488098148 -0.04660611413419246 -0.10011973604559897 0.0099227428436279314 -0.025869001634418961 -0.01814809255301952 0.01051667705178261 0.079652044922113432 1.0000000180025095e-35 -0.020933509804308411 2.0216355323791508 78.924961090087905
decision_type=2 2 2 2 2 2 2 2 2 2 2 2 2 2 2 2 2 2 2 2 2 2 2 2 2 2 2 2 2 2
left_child=-1 2 3 5 6 8 9 -4 12 10 -5 -11 13 -2 15 -8 19 -18 -19 20 -3 23 -23 27 26 -26 -24 -9 29 -25
right_child=1 16 7 4 -6 -7 14 21 -10 11 -12 -13 -14 -15 -16 -17 17 18 -20 -21 -22 22 24 28 25 -27 -28 -29 -30 -31
leaf_value=0.018398640505865361 -0.012794905999889802 0.028712900601174134 -0.027388443628521796 -0.025748952666432894 0.024197516738469961 0.019519568611739951 -0.015103073954208717 -0.001195581803354903 -0.021745367398588657 -0.015384199412378761 0.0030321190572300018 0.012789185361015448 0.015869634831656258 0.043844682200792337 -0.0041038733053980819 0.028931051999778412 -0.018495905983740492 0.041491019402692154 -0.021825268451527338 0.015415348784860733 -0.027834208513847995 0.027200132718625539 0.035193060916661828 -0.0042764517589870066 -0.0095115428945769763 0.0062979125056528895 0.001964107832033627 0.051478620469777733 0.013752600614476132 -0.02413867498934108
leaf_weight=237.16471749881748 157.90280436206922 14.674635583805864 56.560448923381045 99.39124890077801 198.4315674041336 62.00769567489624 22.253367228158822 20.681578702293336 134.70976894611158 51.790162057966882 129.36857682813388 213.29500941796869 73.203735889655945 11.826643030024568 56.714115861579558 133.51367629603192 259.34027181819692 21.958827420199668 23.922737638073158 74.893373541610345 40.616703244566452 61.879187122098301 41.943683557712575 973.80808717755099 278.71143648544239 218.79320616932819 59.679879268513105 18.219377072024145 58.820274721007081 105.4734596666367
leaf_count=668 854 54 1096 705 287 25 49 38 101 99 358 986 426 33 170 396 1049 45 504 197 119 185 178 2976 1752 1966 180 58 193 145
internal_value=0.000426392 -0.000733605 0.000391067 0.00431455 0.0086868 -0.00468284 0.00432913 -0.00239302 -0.0086571 -0.000477343 -0.00947216 0.00728447 -0.001399 -0.00884758 0.0155008 0.0226395 -0.00910027 -0.0144412 0.00847539 0.00342074 -0.0128242 -0.00162378 0.00303123 -0.00423815 0.000534825 -0.00255862 0.01568 0.0234718 -0.00518539 -0.00621761
internal_weight=3911.55 3674.39 3238.98 1344.41 904.758 439.651 706.326 1894.57 377.643 493.845 228.76 265.085 242.933 169.729 212.481 155.767 435.407 305.222 45.8816 130.185 55.2913 1838.01 661.007 1177 599.128 497.505 101.624 38.901 1138.1 1079.28
internal_count=15892 15224 13256 4489 3050 1439 2763 8767 1414 2148 1063 1085 1313 887 615 445 1968 1598 549 370 173 7671 4261 3410 4076 3718 358 96 3314 3121
is_linear=0
shrinkage=0.0363096


Tree=125
num_leaves=31
num_cat=0
split_feature=1 0 11 17 1 10 2 10 9 8 1 16 10 9 7 11 0 20 1 8 0 1 6 8 9 6 2 21 21 17
split_gain=101.612 35.5915 49.5175 38.2575 34.5684 37.1336 65.4309 42.3671 39.5545 37.238 39.2081 35.1992 31.3354 31.4042 44.1033 31.0356 44.7482 28.7251 27.3326 26.8587 24.9327 24.5147 22.3545 21.4011 20.1532 19.802 17.2605 39.0311 15.2515 14.647
threshold=-0.03915125131607055 24.500000000000004 0.012820279691368343 -1.0000000180025095e-35 0.030079720541834835 0.0063668228685855874 0.068289469927549376 0.0084791374392807501 0.08861632272601129 -0.12083410099148749 -0.0054356600157916537 86.064952850341811 0.014954002108424904 0.23989582061767581 50.350656509399421 0.01030745590105653 70.500000000000014 -0.56174489110708226 -0.024446660652756688 0.71581575274467479 52.500000000000007 -0.025079769082367417 -0.21389488875865934 2.0600360631942753 0.10809104517102243 0.77843260765075695 -0.037134397774934762 0.032364044338464744 0.019601330161094669 -1.0000000180025095e-35
decision_type=2 2 2 2 2 2 2 2 2 2 2 2 2 2 2 2 2 2 2 2 2 2 2 2 2 2 2 2 2 2
left_child=-1 3 4 26 5 6 9 8 19 10 -3 -11 24 14 17 23 -17 -14 -19 -7 25 -15 -10 -9 -4 -6 27 -2 -16 -26
right_child=1 2 12 -5 20 7 -8 15 22 11 -12 -13 13 21 28 16 -18 18 -20 -21 -22 -23 -24 -25 29 -27 -28 -29 -30 -31
leaf_value=-0.025822292824522253 0.031498586981196931 0.037634758769829281 -0.024283999596500124 0.022847993253807385 0.0096243951530229441 -0.0089743115036796366 -0.032497740218362665 0.01142848862136449 0.047465472852715941 0.018549090316312005 -0.010292309247157825 -0.0275149879993111 -0.028019201487969696 0.032749396563466891 0.029023892281424244 -0.01407044250214255 0.031564106095475851 -0.02674248464194582 0.020960511010253438 -0.029338230556942596 0.020580889388062761 -0.020786674835755595 -0.010090226140881755 -0.021754043905515271 0.0058465508829966409 -0.019157725366822337 -0.02803470554045439 -0.026962332087290413 -0.022057200205357279 -0.016602934912315154
leaf_weight=191.31284850137763 33.812347182068152 26.365208541261381 179.50713003352666 192.87528308080982 117.43652433220268 339.4260017693623 49.805745254448993 374.84224810984324 22.603752851486206 433.82791752052253 153.63372176484427 23.029060631732136 20.406688742012193 12.398297709778488 8.5345625399722831 197.9219100914388 33.059779340125715 17.234341460178257 194.82513164297688 114.10519777360514 228.03656013294676 124.46407608602203 14.666521108403684 27.502785508853776 70.255566330216425 43.071678905049339 30.382471340712982 27.141616901441921 79.217360036253922 84.267036853820173
leaf_count=2301 83 134 1484 284 144 1029 78 1191 6 976 551 31 408 39 91 948 440 94 601 421 1497 447 116 54 450 100 41 43 1267 543
internal_value=-0.000100984 0.00140168 0.000234658 0.0136806 0.00303694 0.000928232 0.00758113 -0.00313552 -0.0111429 0.0107157 -0.00327157 0.0162269 -0.00755571 -0.00137788 0.00484397 0.0030697 -0.00753838 0.0131233 0.0170831 -0.014098 0.0128641 -0.015936 0.0248133 0.00915997 -0.016009 0.00190012 -0.00567712 0.00546523 -0.0170878 -0.00639529
internal_weight=3465.97 3274.66 2990.44 284.212 2199.33 1810.79 686.662 1124.13 490.801 636.856 179.999 456.857 791.11 457.08 320.218 633.327 230.982 232.466 212.059 453.531 388.545 136.862 37.2703 402.345 334.03 160.508 91.3364 60.954 87.7519 154.523
internal_count=15892 13591 13140 451 7716 5975 1770 4205 1572 1692 685 1007 5424 2947 2461 2633 1388 1103 695 1450 1741 486 122 1245 2477 244 167 126 1358 993
is_linear=0
shrinkage=0.0363096


Tree=126
num_leaves=31
num_cat=0
split_feature=19 10 1 5 14 5 2 1 10 5 10 3 14 1 14 8 19 18 13 16 11 13 2 1 10 19 11 16 8 14
split_gain=98.8966 73.1143 46.5698 62.5505 35.9402 28.6777 31.7925 26.9039 25.3196 41.6881 24.9528 22.4557 20.6951 20.16 21.5467 28.504 32.6688 23.6257 22.3353 21.2304 17.03 22.7543 16.7883 25.7303 24.3841 15.4506 14.8742 20.4499 16.7957 17.118
threshold=-0.60785761475563038 0.0094656115397810953 -0.027683638967573639 29.834628105163578 0.011592331808060409 11.117677688598635 -0.11434316635131835 0.0026415665633976464 0.0074042894411832103 14.449594020843508 0.010326243471354248 39.36773872375489 0.014136401936411859 0.088871009647846236 -0.001236069365404546 0.33650255203247076 0.6078576147556306 -0.25000000000000006 -0.098761379718780504 46.329982757568366 0.0080641643144190329 0.061100380495190627 -0.12381019815802573 -0.060762835666537278 0.017478280700743202 -0.87837970256805409 0.0066795316524803647 86.064952850341811 0.71581575274467479 0.019174735061824325
decision_type=2 2 2 2 2 2 2 2 2 2 2 2 2 2 2 2 2 2 2 2 2 2 2 2 2 2 2 2 2 2
left_child=1 4 3 22 7 26 -7 8 -1 -10 -5 20 -12 14 15 16 -8 19 -19 -16 21 25 23 -2 -25 -9 -4 28 -28 -30
right_child=2 -3 5 10 -6 6 13 11 9 -11 12 -13 -14 -15 17 -17 -18 18 -20 -21 -22 -23 -24 24 -26 -27 27 -29 29 -31
leaf_value=-0.026664829762286658 0.028803592622142268 -0.0230437726778292 -0.022887007309378291 0.029311501197977378 0.027703481094009458 -0.027184296320028715 0.0064928397826272619 -0.0092165662368738632 0.058228524816375214 -0.014835842811883753 -0.027305085607672665 -0.013442858154622738 0.015187651793444269 0.025578342649543829 -0.014186445832309985 -0.025923468290226653 -0.009841501264780516 -0.028032421923221282 0.012788936319323834 0.0048155552049647526 0.035670666665119123 -0.016337823234882143 0.025794161958192719 -0.021302875435216844 0.019437040688941729 0.041392296964925843 0.035689319234541071 0.049161707790781564 -0.015520374239367342 0.0067517992843536953
leaf_weight=99.857644971009904 55.159544534022643 384.75856520190064 80.116099638503329 17.01845483193938 51.633109780881568 46.421628055910332 412.19607947562326 11.789562070047394 13.962585332557863 39.194762488578817 73.223893700249846 55.044706798178595 19.035794235941466 51.78871876865378 107.69480752371328 60.461096249507136 265.33870279497296 18.312223294971773 503.24286018109433 276.64177957367428 35.457437477558415 34.362816137487243 243.36637938682998 44.407802281070872 34.350445743252749 24.418653178401655 11.600927498040617 8.9044399726353713 158.40709700507978 63.819047731740284
leaf_count=473 262 2868 245 96 100 286 1834 137 82 272 477 325 33 367 383 239 1112 52 1857 1000 162 84 1537 34 64 167 215 46 711 372
internal_value=-0.000407924 -0.0119945 0.00300001 0.0131056 -0.000369722 0.000618784 0.00246089 -0.00498506 -0.0158883 0.00435367 -0.0110837 0.00537201 -0.0185364 0.00327254 0.00256975 -0.00203575 9.57575e-05 0.0063218 0.0113554 -0.000508701 0.0151408 0.00482421 0.0201122 0.00978551 -0.00353271 0.0249108 -0.00932092 -0.00484281 -0.0068999 -0.00912373
internal_weight=3301.99 750.48 2551.51 486.562 365.721 2064.95 1742.1 314.088 153.015 53.1573 109.278 161.073 92.2597 1695.68 1643.89 737.996 677.535 905.892 521.555 384.337 106.028 70.571 377.284 133.918 78.7582 36.2082 322.848 242.732 233.827 222.226
internal_count=15892 4670 11222 2503 1802 8719 7130 1702 827 354 606 875 510 6844 6477 3185 2946 3292 1909 1383 550 388 1897 360 98 304 1589 1344 1298 1083
is_linear=0
shrinkage=0.0363096


Tree=127
num_leaves=31
num_cat=0
split_feature=16 19 10 7 7 9 16 9 14 7 1 14 16 0 18 14 9 1 4 20 1 4 2 5 1 2 5 19 20 10
split_gain=58.0709 25.0269 30.053 28.2006 37.5525 44.0414 38.9559 34.9931 33.4369 24.5517 21.1702 20.7236 20.289 20.1998 23.5915 23.2739 34.6129 28.5601 44.8551 22.1877 24.571 20.3932 19.855 20.4874 19.1592 22.4663 18.6822 19.3665 17.6785 17.0103
threshold=21.253453254699711 0.87837970256805431 0.0095080612227320688 37.567609786987312 48.084928512573249 0.15878289192914966 69.158531188964858 0.22753006964921954 0.0070306661073118457 29.206215858459476 -0.021834251470863816 0.008013297803699972 45.713762283325202 63.500000000000007 0.25000000000000011 -0.0040202029049396506 0.031889928504824645 0.0064855730161070832 15.550453186035158 1.0000000180025095e-35 0.018910846672952179 24.351629257202152 0.12734783440828326 30.557928085327152 -0.060762835666537278 -0.11434316635131835 9.1744685173034686 -0.87837970256805409 -0.56174489110708226 0.012875962536782028
decision_type=2 2 2 2 2 2 2 2 2 2 2 2 2 2 2 2 2 2 2 2 2 2 2 2 2 2 2 2 2 2
left_child=-1 2 13 7 5 24 22 29 -8 -9 -11 -10 -3 14 -2 16 -15 -18 -19 -17 21 -21 23 -6 -5 -26 -16 -28 -24 -4
right_child=1 12 3 4 6 -7 8 9 11 10 -12 -13 -14 15 26 19 17 18 -20 20 -22 -23 28 -25 25 -27 27 -29 -30 -31
leaf_value=0.017991827438596446 0.0046254815545430684 -0.0021654594513995278 -0.0055671199002549319 -0.026651822393521037 -0.011142627151665743 -0.020861915092897476 0.028457520133296943 -0.013240082641582687 -0.035021495287366214 -0.0022727743194443095 0.031472915290083635 0.00603775163966084 -0.018146154202987017 0.041147389512442366 0.011882203259850864 -0.023308319878634912 -0.021252103867273331 -0.027196624281022999 0.045390456521449164 -0.021802071304511436 -0.023695967801941525 0.0090039383455842656 -0.010608043036764991 0.037027258761282218 0.026222538943027736 0.011044138255436247 0.013336604241922788 -0.015445622790973635 0.019895666442008384 -0.026046503365192632
leaf_weight=233.46882425910371 526.28313048479322 247.71587343215833 117.3361253288931 14.457501229335319 375.66699497725585 49.688863936138659 96.063273844003561 49.033593175776332 17.906391371168866 40.763047204069153 61.444772895556525 170.65623815747676 181.4926025894938 26.491425463496853 53.031268643060685 172.88315598258669 62.169347580151225 18.721900844158881 28.019079134377535 36.883198249835914 72.077844333400208 122.1664824092004 40.821292502880169 12.011755904435629 184.36413414114577 424.95188774776398 35.453628575938637 235.67677811449539 64.814857299335927 98.26744287454494
leaf_count=668 1658 663 531 214 2296 457 411 45 49 61 98 638 1305 88 111 849 133 173 145 230 407 212 186 23 219 1939 150 864 688 381
internal_value=0.000437762 -0.000688954 0.000412665 0.00348525 0.00575866 0.0120358 0.000324379 -0.00550909 0.0110215 0.00787992 0.0180132 0.00213803 -0.00892323 -0.00360689 -0.000120599 -0.00910321 0.00392421 -0.00512901 0.0163136 -0.0134696 -0.00610966 0.00185938 -0.00584724 -0.00964983 0.0146566 0.0156369 -0.0078263 -0.0116816 0.00810697 -0.0149017
internal_weight=3870.78 3637.31 3208.11 1818.25 1451.4 673.462 777.941 366.845 284.626 151.241 102.208 188.563 429.208 1389.86 850.445 539.412 135.402 108.91 46.741 404.011 231.128 159.05 493.315 387.679 623.774 609.316 324.162 271.13 105.636 215.604
internal_count=15892 15224 13256 8236 7120 2829 4291 1116 1098 204 159 687 1968 5020 2783 2237 539 451 318 1698 849 442 3193 2319 2372 2158 1125 1014 874 912
is_linear=0
shrinkage=0.0363096


Tree=128
num_leaves=31
num_cat=0
split_feature=1 4 12 3 10 10 13 11 14 10 13 11 10 0 7 10 14 18 3 3 10 21 16 14 14 10 3 16 7 13
split_gain=97.2022 55.5674 35.6878 36.7832 35.8343 38.1805 47.8483 43.372 53.9243 29.0881 26.9468 24.1279 28.3221 21.1653 21.6568 49.5293 15.4849 13.3279 8.11249 6.0168 2.97813 1.67202 1.10346 1.72219 0.769409 0.717711 2.28478 5.63494 2.00475 0.379903
threshold=-0.031422922387719147 10.383468151092531 0.12369922176003458 57.928659439086921 0.031585412099957473 0.018565939739346508 -0.0012873429805040357 0.0033561943564563994 -0.0052205508109182111 0.0036053512012586002 0.036473251879215247 0.017815839499235157 0.023995094001293186 26.500000000000004 28.539913177490238 0.011448925826698543 0.0075960971880704173 0.93301269412040722 37.745941162109382 28.455350875854496 0.0034402295714244251 0.0079220714978873747 38.144090652465827 0.0064759384840726861 0.0047899219207465657 0.014600911643356087 48.453893661499031 76.958488464355483 68.861648559570327 0.085220295935869231
decision_type=2 2 2 2 2 2 2 2 2 2 2 2 2 2 2 2 2 2 2 2 2 2 2 2 2 2 2 2 2 2
left_child=1 -1 3 4 5 6 7 -2 -9 20 -11 19 29 -5 -15 16 21 -6 -14 -7 -8 -16 23 -4 -21 26 27 28 -24 -13
right_child=2 -3 22 13 17 11 9 8 -10 10 -12 12 18 14 15 -17 -18 -19 -20 24 -22 -23 25 -25 -26 -27 -28 -29 -30 -31
leaf_value=0.028488848641241182 0.031948884631105172 -0.025882751104627788 0.0087978833209724511 0.025602722961498806 -0.026502331431641234 0.013942848281308814 -0.033430257938923423 0.0038083790304220887 -0.013949726997080917 0.014652749035194585 0.0028272093652886598 -0.027257531011544541 -0.0093103871003205382 0.030929545943001978 0.03216241535465738 -0.025439471799679148 -0.00611657123245999 0.013192511966626267 0.024271676126294335 0.040230043941902507 -0.012512567024057952 0.02014123554269371 0.0049234882783724147 -0.027921537748678706 0.032073883010232777 -0.026944348173444439 -0.026810410200342107 -0.031800850338607529 0.065389921557868963 -0.01528702692940003
leaf_weight=27.464524267880734 38.93602764262323 253.4418139727004 3.4644334526656158 126.3496498413042 81.072196361313217 25.469789623906763 25.562225868248788 365.41455698965365 588.50516059333586 329.47103278854593 1109.8459871776322 25.414023413920408 11.758332569954289 37.711298942565918 36.273837447166443 59.775138937988231 26.248964537724532 12.925948227701154 48.930503862603473 21.061391862360324 13.859761109713871 26.452815433716751 1.3863954512853554 3.2706050188462541 56.848482758374303 47.090131509364255 14.516545212480194 3.501359642659736 1.5201996609039268 4.1078400044225409
leaf_count=517 61 2433 62 47 342 39 86 1886 2941 1607 3759 311 168 12 18 85 38 32 120 90 44 88 44 25 76 604 117 29 52 159
internal_value=-0.000101355 -0.0205664 0.0017255 0.00232871 0.000990877 0.00176802 0.000551693 -0.00561376 -0.00714708 0.00469138 0.00553425 0.0172964 0.00357261 0.0141288 0.00635329 0.000121931 0.0172957 -0.0210426 0.0177634 0.0292708 -0.0260791 0.0270948 -0.0230632 -0.00901712 0.0342803 -0.0244524 -0.0188387 -0.000761819 0.0365896 -0.0255958
internal_weight=3427.65 280.906 3146.74 3071.99 2759.18 2665.19 2471.59 992.856 953.92 1478.74 1439.32 193.59 90.2107 312.812 186.462 148.751 88.9756 93.9981 60.6888 103.38 39.422 62.7267 74.7497 6.73504 77.9099 68.0146 20.9245 6.40795 2.9066 29.5219
internal_count=15892 2950 12942 12009 11721 11347 10384 4888 4827 5496 5366 963 758 288 241 229 144 374 288 205 130 106 933 87 166 846 242 125 96 470
is_linear=0
shrinkage=0.0363096


Tree=129
num_leaves=31
num_cat=0
split_feature=0 1 5 0 2 9 12 1 1 19 0 16 11 2 5 11 12 20 14 1 16 16 1 9 2 2 17 18 16 9
split_gain=116.485 54.9964 58.9692 51.6717 28.0861 40.0912 60.8167 37.9182 36.4727 22.948 22.0915 38.4545 37.7301 22.3697 24.079 23.1366 21.5785 25.1007 23.2498 21.2678 20.542 20.2502 19.2923 20.1826 22.1336 18.631 12.7865 10.848 10.8116 25.022
threshold=27.500000000000004 -0.027683638967573639 28.582721710205082 37.500000000000007 0.002213635249063373 0.085077889263629927 0.096445586532354369 -0.0045736583415418855 0.005802594358101488 0.6078576147556306 70.500000000000014 63.181842803955085 0.0082818381488323229 0.051957257091999061 11.117677688598635 0.0064394676592201003 0.040171293541789062 1.0000000180025095e-35 -0.0035257783019915219 0.0092967837117612379 72.924385070800795 22.178556442260746 -0.048277683556079858 0.095904488116502776 -0.13084904849529264 0.090575538575649275 -0.93301269412040699 0.25000000000000011 67.376716613769545 0.071161363273859038
decision_type=2 2 2 2 2 2 2 2 2 2 2 2 2 2 2 2 2 2 2 2 2 2 2 2 2 2 2 2 2 2
left_child=28 2 22 -3 5 16 8 25 -7 20 13 -12 -13 15 -15 -9 17 21 -19 -10 -4 -5 23 -2 -25 26 -6 -27 -1 -30
right_child=1 3 9 4 7 6 -8 10 19 -11 11 12 -14 14 -16 -17 -18 18 -20 -21 -22 -23 -24 24 -26 27 -28 -29 29 -31
leaf_value=-0.025943044636596375 0.02849343016479397 -0.020187626160315362 0.019865890491928533 -0.033276933479845248 0.010492898919430565 -0.023975954958760908 0.027894629999500126 -0.021591501765391638 0.03894538214191464 -0.022597392214276708 -0.021443335035501481 0.019396666310735573 -0.016171036521337778 -0.0045015692255242256 0.012597694522084098 0.0012056599881150618 0.029440592246448006 -0.017311319236298792 0.0063468800073060317 -0.0037100645740501008 -0.017947274497978477 0.015748552150667852 0.028889502178425445 -0.020333274089766224 0.017006643024916349 0.0018788997146692492 -0.023459331024132658 0.08090519750260057 0.075050082151512598 -0.025956497506517805
leaf_weight=238.17314659120893 53.651073448383613 165.02520139040917 53.122967224516287 11.460815179303607 16.056444096384439 153.74756800133764 61.207842673738924 80.653089571598684 17.877948370608465 63.90304015169113 152.49005074037359 91.006915567460055 69.231161511946993 154.63444988746414 364.43980750845731 215.52072016019883 69.147011346694853 76.217512150234143 194.56256639436651 111.63392222492439 29.433633476139221 359.04656552128108 191.46600764291725 38.412563343730653 45.981737496425922 6.2628842213780427 163.37910455670135 3.6127124600880052 4.7195553484498296 10.266223092006838
leaf_count=1325 463 561 349 51 72 933 282 335 94 167 1841 302 795 498 1017 705 141 490 780 930 16 1309 1007 65 259 85 816 55 16 133
internal_value=-0.00040471 0.00158277 0.0129084 -0.000541841 0.000824804 0.0052398 -0.00492546 -0.0027107 -0.0120178 -0.00626086 -0.000186869 -0.00839133 0.00402887 0.00296022 0.00750353 -0.00500202 0.0101688 0.0080906 -0.000311879 0.00217733 0.00638312 0.0142317 0.0214291 0.0110808 9.82206e-06 -0.0177479 -0.0204205 0.030801 -0.0240608 0.00584721
internal_weight=3266.34 3013.19 475.971 2537.21 2372.19 1054.9 344.467 1317.29 283.259 146.46 1127.98 312.728 160.238 815.248 519.074 296.174 710.434 641.287 270.78 129.512 82.5566 370.507 329.511 138.045 84.3943 189.311 179.436 9.8756 253.159 14.9858
internal_count=15892 14418 2326 12092 11531 5010 2239 6521 1957 532 5493 2938 1097 2555 1515 1040 2771 2630 1270 1024 365 1360 1794 787 324 1028 888 140 1474 149
is_linear=0
shrinkage=0.0363096


Tree=130
num_leaves=31
num_cat=0
split_feature=16 1 2 3 10 10 0 5 3 5 2 20 10 10 3 18 9 1 7 3 7 3 10 3 4 2 4 2 6 3
split_gain=54.7617 21.4836 29.67 64.3193 24.1911 24.3873 25.8543 33.4966 29.2962 23.1322 43.4211 34.0851 22.0978 15.2639 12.6776 11.5561 9.80597 9.59798 15.8255 2.91276 1.36102 0.744428 0.263287 0.18444 0.103351 0.825219 0.154016 0.204105 0.0895128 0.0847093
threshold=21.253453254699711 -0.060762835666537278 -0.13946971297264096 58.745613098144538 0.031585412099957473 0.02326343767344952 33.500000000000007 34.157285690307624 32.036869049072273 27.681310653686527 -0.049895007163286202 1.0000000180025095e-35 0.015356912743300201 0.026711715385317806 58.745613098144538 0.93301269412040722 0.050042951479554183 0.050020709633827216 23.969038963317875 59.554189682006843 43.994844436645515 34.317495346069343 0.017209171317517761 55.794073104858406 19.096763610839847 -0.11434316635131835 24.351629257202152 -0.033725373446941369 2.7410235404968266 56.326103210449226
decision_type=2 2 2 2 2 2 2 2 2 2 2 2 2 2 2 2 2 2 2 2 2 2 2 2 2 2 2 2 2 2
left_child=13 24 3 12 5 6 7 8 -4 10 -8 -11 -3 16 -9 22 -1 18 -18 20 21 -20 -14 -7 -2 -26 -27 -28 -6 -24
right_child=1 2 4 -5 28 23 9 14 -10 11 -12 -13 15 -15 -16 -17 17 -19 19 -21 -22 -23 29 -25 25 26 27 -29 -30 -31
leaf_value=-0.022822450553857211 -0.026999627361237361 -0.011947482820559071 -0.0072455246556053154 -0.013364261991838962 0.028622789713039144 -0.027205088762642066 -0.017680167057797246 0.0032343964813267927 0.018975103648066458 -0.0080784293553579946 -0.0023267698282271733 0.010204548319877731 0.032503404307746092 0.0300286605117435 -0.027790960141487863 0.0026754469963200076 -0.0067001833956527963 -0.0024468538348129698 0.040683792887786965 0.0082479743887402483 0.014308698361102544 0.029895072087939196 0.027711333933374882 -0.033033951860528189 -0.02631936203789564 -0.01241618841092605 0.077963526315059761 -0.006895858999416366 0.033335667515072213 0.029812391087805052
leaf_weight=10.745106838563514 39.366682509105885 23.486557568987337 73.792304079341193 103.97697174549103 25.502309559808054 35.153201219634866 278.18433042300512 29.744566770285019 235.28060750856002 206.63462873011485 1912.0909120064098 384.73259733206032 22.109264576914939 83.3077653087621 41.696161522544571 25.780609300722062 23.702689916055533 37.420858021912863 10.288426537956182 9.2479778027409321 6.5582116175137335 48.729988701818002 112.14043873688934 9.2925668445168395 2.1578871187075497 0.04886454494589898 0.15294885283765358 0.046270845145044981 7.2106546019840598 35.167055725389218
leaf_count=47 585 36 248 41 384 530 1031 85 700 1375 8343 1055 44 48 21 31 35 57 140 9 49 283 264 29 52 108 97 125 20 20
internal_value=0.000438122 -0.000658165 -0.000354535 0.0101454 -0.00140044 -0.00171741 -0.00134196 0.00753488 0.0127145 -0.0025563 -0.00427684 0.00381595 0.021324 0.0176157 -0.0148719 0.0253278 0.0105655 0.0132052 0.0191511 0.0273416 0.0300326 0.0317779 0.0287742 -0.0284264 -0.026546 -0.0190761 0.0434434 0.0577056 0.0296653 0.0282137
internal_weight=3833.75 3603.75 3561.98 322.661 3239.31 3206.6 3162.16 380.514 309.073 2781.64 2190.28 591.367 218.684 230.001 71.4407 195.197 146.693 135.948 98.5273 74.8246 65.5766 59.0184 169.417 44.4458 41.7727 2.40597 0.248084 0.19922 32.713 147.307
internal_count=15892 15224 14257 436 13821 13417 12858 1054 948 11804 9374 2430 395 668 106 359 620 573 516 481 472 423 328 559 967 382 330 222 404 284
is_linear=0
shrinkage=0.0363096


Tree=131
num_leaves=31
num_cat=0
split_feature=1 5 12 3 2 10 11 1 1 9 17 3 8 1 8 6 19 11 2 8 11 2 1 3 1 10 8 9 16 16
split_gain=92.7528 47.1035 34.1389 34.7638 33.0721 38.7348 41.9536 40.1558 65.8206 24.3509 23.85 23.1951 18.4155 17.4324 33.8829 17.118 13.5567 16.4641 12.7821 12.5681 10.1525 9.07629 17.6475 7.41102 6.83422 16.9412 2.41103 1.53155 1.36839 1.80305
threshold=-0.031422922387719147 46.44764709472657 0.12369922176003458 57.339855194091804 -0.097070876508951173 0.016469742171466354 0.012820279691368343 0.014548588544130327 -0.00044038957275915886 0.10392975807189943 -0.68301269412040699 55.794073104858406 1.495388984680176 -0.020933509804308411 -1.2249597311019895 2.7410235404968266 -0.60785761475563038 0.0061355638317763814 -0.08475241437554358 -1.01294469833374 0.025203974917531017 -0.073345661163330064 -0.019058634527027603 53.646038055419929 -0.003879259573295712 0.010103153064846994 2.3913519382476811 0.17002265900373462 38.144090652465827 27.845715522766117
decision_type=2 2 2 2 2 2 2 2 2 2 2 2 2 2 2 2 2 2 2 2 2 2 2 2 2 2 2 2 2 2
left_child=1 -1 3 4 13 6 7 8 -6 -9 18 12 -8 14 -2 16 24 -18 -7 -20 -17 -12 -23 -15 -5 -26 28 -28 29 -4
right_child=2 -3 26 15 5 10 11 9 -10 -11 21 -13 -14 23 -16 20 17 -19 19 -21 -22 22 -24 -25 25 -27 27 -29 -30 -31
leaf_value=-0.025744447999605735 0.030941749258090397 0.023211168556339031 -0.02734375312329743 0.028542692376817117 0.0052586336164046881 0.031798965601730567 -0.018327019036049979 0.0068960403415273333 -0.010845754602486015 0.027753844434128656 0.032586686065506666 0.03139325546885096 0.051591359211328056 -0.025457194594992422 -0.026923223041298964 0.011303859205926142 0.021468974409633253 -0.0091293950014454516 0.027137830517253908 -0.026376851142797895 -0.018437449246125514 -0.031839320945484993 0.019291196688445904 -0.005661722754047669 0.030898944692387409 -0.0048071853040345305 0.022773659695460882 -0.020440688440660826 -0.026212875941536963 0.0103937833693654
leaf_weight=241.65557556570548 28.439432787861733 29.020873142328128 3.4121378800209632 110.98099499761884 819.21770481364638 8.8238497124621045 219.4863231395002 566.19672881590668 565.59677641211965 84.859346361605276 61.273944653155922 14.018849640355254 5.0804028284164806 102.93816574801349 25.12820420459866 29.084142294561389 45.455113053321838 47.311059392102834 7.0745219570471809 31.719441282454682 31.538694603417753 9.5338998443003202 133.40376715662751 32.924670090370455 37.165827865654137 33.130390137899667 2.3983445375197325 1.9671546425488484 62.014335166661112 3.261982612841166
leaf_count=2921 59 29 18 46 2611 20 2304 2515 1849 200 99 32 88 500 62 73 23 72 43 277 16 30 924 71 30 65 34 61 751 69
internal_value=-0.000105364 -0.0204952 0.00166158 0.00224907 0.000888295 0.00198556 0.000489456 0.00217767 -0.00131877 0.00961485 0.0154975 -0.0139157 -0.0167447 -0.0137444 0.0037956 0.013291 0.0171534 0.00586251 -0.00764104 -0.0166148 -0.00416705 0.0208934 0.01588 -0.0206609 0.0229308 0.0140692 -0.0228676 0.00327493 -0.0245307 -0.00888295
internal_weight=3394.11 270.676 3123.44 3050.38 2715.72 2526.29 2274.46 2035.87 1384.81 651.056 251.829 238.586 224.567 189.43 53.5676 334.666 274.043 92.7662 47.6178 38.794 60.6228 204.212 142.938 135.863 181.277 70.2962 73.054 4.3655 68.6885 6.67412
internal_count=15892 2950 12942 12009 11684 10992 9599 7175 4460 2715 1393 2424 2392 692 121 325 236 95 340 320 89 1053 954 571 141 95 933 95 838 87
is_linear=0
shrinkage=0.0363096


Tree=132
num_leaves=31
num_cat=0
split_feature=0 1 5 0 13 13 3 2 9 0 16 12 9 16 0 3 1 2 2 18 2 1 9 16 9 0 0 18 7 11
split_gain=110.945 52.0582 56.3559 49.3465 28.1839 58.4785 41.7518 33.1518 26.1126 25.3399 25.3431 24.3733 45.4591 22.8228 22.6367 21.1899 19.5869 18.3463 16.5471 28.2232 15.5135 23.5753 13.4311 10.7936 23.4974 9.56069 22.6358 8.25462 16.3223 8.25085
threshold=27.500000000000004 -0.027683638967573639 29.834628105163578 37.500000000000007 0.0049211108125746259 0.04649366810917855 28.830504417419437 -0.11434316635131835 0.033374749124050147 61.500000000000007 65.923938751220717 0.10718687251210214 0.14639394730329516 72.924385070800795 37.500000000000007 30.370291709899906 0.0043934516143053779 -0.022259308025240895 0.047037934884428985 1.0000000180025095e-35 -0.12381019815802573 -0.060762835666537278 0.16591263562440875 67.376716613769545 0.071161363273859038 55.500000000000007 54.500000000000007 0.68301269412040722 45.005889892578132 0.009258119389414789
decision_type=2 2 2 2 2 2 2 2 2 2 2 2 2 2 2 2 2 2 2 2 2 2 2 2 2 2 2 2 2 2
left_child=23 2 20 27 7 18 8 -5 -7 13 -11 12 15 -8 -4 -9 -10 -14 25 -20 21 -2 -16 -1 -25 26 -6 -3 -29 -21
right_child=1 3 14 4 5 6 9 11 16 10 -12 -13 17 -15 22 -17 -18 -19 19 29 -22 -23 -24 24 -26 -27 -28 28 -30 -31
leaf_value=-0.025874228648037494 0.028375075864334465 -0.025855347324346509 0.028906192105945801 -0.027048584435923142 -0.017604012627185295 -0.012622756559295102 0.01113922259878449 -0.00053550983645715223 0.05048507011322706 -0.014673113212421422 0.0015484532149751026 0.03088078479559515 -0.026545259111217388 -0.021848335763507708 -0.026425964114314929 0.011321185996119549 0.016738055665145156 0.030994971809106184 -0.024838985637578376 0.053270268258632673 0.025101667211352482 -0.0034153227569085997 0.0058209994513943198 0.071908579741704837 -0.025874137416425302 -0.02645304130969502 0.032701650285414378 -0.025090922876965276 0.01496284781123217 0.0017939077596430305
leaf_weight=229.43685007129488 51.392306773335804 106.43844140240253 16.014243111882934 40.651837775259082 126.56361280651254 34.181860626391426 223.06480581999313 294.84020160278305 27.064879565248702 267.69278432070678 241.52655039738784 50.891844870189743 73.561621909074347 31.561604996686583 65.262859550089161 609.4548913974777 139.94535467972128 8.1090760528859374 19.60983784363998 13.127431296074066 231.92615349120933 76.571641627006102 23.033032685809303 4.8233388897015166 9.8671737326194471 135.73863975668701 13.002540863842112 32.506754953445125 22.832602157914152 5.9795878572313077
leaf_count=1325 119 419 65 325 429 87 641 1278 223 2013 1007 31 366 82 290 2807 480 128 192 59 1691 76 85 16 133 1208 32 84 58 143
internal_value=-0.000408885 0.00151733 0.0126905 -0.000542154 0.000789517 -0.00285501 0.00157365 0.00511586 0.0162895 -0.00230228 -0.00697888 0.00637704 0.00511213 0.00704987 -0.0108083 0.00745526 0.0222077 -0.0208307 -0.0164653 0.00575836 0.0195017 0.00935134 -0.0180127 -0.0239422 0.00622384 -0.0195911 -0.0129165 -0.0199409 -0.00856302 0.0371667
internal_weight=3226.67 2982.55 464.2 2518.35 2356.57 1279.06 965.038 1077.51 201.192 763.846 509.219 1036.86 985.966 254.626 104.31 904.295 167.01 81.6707 314.022 38.7169 359.89 127.964 88.2959 244.127 14.6905 275.305 139.566 161.778 55.3394 19.107
internal_count=15892 14418 2326 12092 11531 6596 4533 4935 790 3743 3020 4610 4579 723 440 4085 703 494 2063 394 1886 195 375 1474 149 1669 461 561 142 202
is_linear=0
shrinkage=0.0363096


Tree=133
num_leaves=31
num_cat=0
split_feature=21 10 3 7 7 16 11 14 5 8 3 5 14 16 5 3 6 21 6 2 2 16 3 4 13 9 16 13 3 7
split_gain=52.8514 21.2977 25.9893 28.3177 51.2469 32.6372 30.2061 27.7071 27.039 25.7004 27.2505 24.2618 23.6242 22.8553 26.2202 28.961 22.6216 30.5345 20.3039 30.8072 33.6538 18.6516 17.7493 18.3037 17.1198 16.5874 15.2301 16.3212 19.1478 35.2575
threshold=0.048838546499609954 0.0060205240733921537 32.605829238891609 37.567609786987312 45.851980209350593 26.393198966979984 0.023496603593230251 -0.020563956350088116 31.956234931945804 0.68469747900962841 33.839776992797859 11.117677688598635 0.0070306661073118457 72.924385070800795 15.816089153289797 29.036708831787113 1.4254629015922549 0.0059380487073212871 -0.06947216764092444 -0.058774111792445176 -0.032073630020022385 57.650943756103523 51.750574111938484 5.5131540298461923 0.063248798251152052 0.10951811447739603 25.17926120758057 -0.20837327092885968 58.745613098144538 29.747159957885746
decision_type=2 2 2 2 2 2 2 2 2 2 2 2 2 2 2 2 2 2 2 2 2 2 2 2 2 2 2 2 2 2
left_child=1 16 11 5 6 7 -5 22 9 10 -6 -3 -11 18 15 -15 -1 -18 19 -13 -21 25 23 -4 -19 -20 -2 -28 29 -29
right_child=26 2 3 4 8 -7 -8 -9 -10 12 -12 13 -14 14 -16 -17 17 24 21 20 -22 -23 -24 -25 -26 -27 27 28 -30 -31
leaf_value=-0.011286315532057792 0.024819150941106243 -0.028098378563514392 0.025950451836193978 0.017276813731647526 0.018836680799761342 -0.014468005772613951 -0.028254310134783314 0.018293413541124674 0.035600951057414586 0.016303135062834005 -0.0093739410395555188 -0.020211612160245335 -0.000123560504991371 -0.02488491553632162 0.029055752802407842 0.030525475708816811 0.033965402320200469 -0.011821797303245155 0.011325338330879954 0.016508515215767676 -0.0075937182369425179 -0.015024583974084332 -0.044726600292234103 -0.018709503985160747 0.028996165367591493 -0.017204722728689469 0.031228435511354832 -0.081391612608591041 -0.040725554317602553 0.029120507163985284
leaf_weight=418.61251564656777 143.98337170248124 51.190668534794895 19.994010732782044 456.66625292676235 50.666097501753029 224.85384150120262 20.051285789163558 104.11404937684347 28.773263885854249 175.35872628161451 413.97417271613813 190.04914585023926 337.68045282046114 35.612872727964714 61.197774290866619 19.107156514719463 36.927405631373404 79.712638673676338 217.53494309011603 94.247159562027264 402.77749018151462 58.274355096462386 16.212133200988319 30.63851842778422 16.319266808799512 30.649538145806218 18.904720483062192 4.6172344014448781 15.964406056335063 21.653325757217317
leaf_count=1248 100 348 68 1998 248 1023 256 349 20 827 1576 250 1404 112 278 123 77 393 1925 213 1045 824 27 162 47 617 23 8 33 270
internal_value=0.000445946 -0.000577922 0.000613177 0.00325195 0.00555469 -0.00537649 0.0153615 0.00658049 0.000909485 -0.000111384 -0.0062975 -0.00365868 0.00549093 -0.00253092 0.0127261 -0.0055346 -0.00714207 0.00590492 -0.00431111 -0.00777776 -0.00302316 0.0034607 -0.0116613 -0.00107172 -0.00488414 0.00780156 0.0183719 0.00318665 -0.00936252 0.00969245
internal_weight=3796.32 3591.2 3039.62 1878.98 1483.17 395.813 476.718 170.959 1006.45 977.679 464.64 1160.64 513.039 1109.45 115.918 54.72 551.572 132.959 993.533 687.074 497.025 306.459 66.8447 50.6325 96.0319 248.184 205.123 61.1397 42.235 26.2706
internal_count=15892 15458 13693 7958 6329 1629 2254 606 4075 4055 1824 5735 2231 5387 513 235 1765 517 4874 1508 1258 3366 257 230 440 2542 434 334 311 278
is_linear=0
shrinkage=0.0363096


Tree=134
num_leaves=31
num_cat=0
split_feature=21 0 21 6 17 14 13 2 21 13 20 2 19 12 12 0 21 6 7 18 12 13 7 14 6 0 12 14 19 0
split_gain=44.1711 46.9238 41.9803 44.7629 40.2723 31.773 28.6801 27.8575 27.8741 26.5703 35.7438 25.2414 26.0848 25.1857 31.7941 22.9517 21.6613 24.0682 28.7423 27.1681 26.1981 20.8747 20.6598 22.6207 25.5712 25.4013 27.7372 20.1944 29.4505 18.8322
threshold=0.010860531125217678 25.500000000000004 0.016824341379106048 -0.51862940192222584 -1.0000000180025095e-35 -0.0085080158896744234 0.10150816291570665 -0.090877436101436601 0.039353840053081519 -0.068964038044214235 1.0000000180025095e-35 0.098470084369182601 0.87837970256805431 -0.044431960210204118 0.003109368029981852 59.500000000000007 0.061693329364061363 1.6414869427680971 32.835639953613288 -0.68301269412040699 -0.024718994274735447 -0.1018773280084133 41.591802597045906 -0.0069216857664287082 -0.87909823656082142 56.500000000000007 0.041969459503889091 0.0064759384840726861 -0.60785761475563038 50.500000000000007
decision_type=2 2 2 2 2 2 2 2 2 2 2 2 2 2 2 2 2 2 2 2 2 2 2 2 2 2 2 2 2 2
left_child=6 4 3 -3 -2 16 22 -7 9 10 -9 12 21 -14 -15 -13 17 19 -19 20 -4 -5 -1 -24 -25 26 29 -27 -29 -26
right_child=1 2 5 11 -6 7 -8 8 -10 -11 -12 15 13 14 -16 -17 -18 18 -20 -21 -22 -23 23 24 25 27 -28 28 -30 -31
leaf_value=-0.011719212564198819 -0.0074830345699762393 -0.020600807263579209 -0.02639563699320855 0.040083200849435785 0.021720444761279815 -0.025806011111213487 -0.030750960220724311 -0.017446542609350045 0.031118735080429474 -0.017055626822580498 0.032410752574017911 -0.0082536716358663758 0.03038191289400179 -0.023183132105503674 0.018686050322586176 0.022981862772720726 -0.025863847363210329 0.029133374948224256 -0.026259233194434621 -0.012666880475254107 0.021555563538677561 -0.0033119572586300843 0.032091965226370762 -0.020479305203172593 0.013007503369945049 0.025274374064899213 -0.022731010249014645 -0.033180242526095451 0.014876892345559837 -0.0068670005807981785
leaf_weight=62.211531713372096 95.00511663776706 124.68090394989031 18.876957558749382 14.88085428180784 180.57651343271573 211.73360574879689 25.481589236776927 38.263106925102875 21.21968803667005 271.47517987704032 37.571153158335619 41.076377739205782 67.204434654281613 40.431210828950952 58.518331648258027 126.54692885390796 44.043042245262768 64.948621314497359 15.24722241692052 171.45745833045748 73.51770487907379 814.63539598191801 56.760516692316742 38.574257612228394 222.30617590185284 182.68332347652904 46.336430162971737 20.981398831583647 84.585414346505786 87.627111445501214
leaf_count=330 464 135 212 87 718 729 21 253 341 3770 207 112 106 167 318 290 80 258 230 1218 224 3642 105 14 396 814 75 43 259 274
internal_value=-0.000111178 -0.0024915 -0.00421903 7.53233e-05 0.0116523 -0.00993092 0.00717134 -0.0153098 -0.00927899 -0.0117475 0.00725319 0.00229147 9.68211e-05 0.0132284 0.00157697 0.0153269 -0.00188831 0.00118059 0.0186004 -0.00411362 0.0117575 -0.00253334 0.00837628 0.0100662 0.00823582 0.00995459 0.00347043 0.0179684 0.00532443 0.00738804
internal_weight=3359.46 2531.91 2256.33 1287.97 275.582 968.354 827.548 580.263 368.529 347.309 75.8343 1163.29 995.67 166.154 98.9495 167.623 388.091 344.048 80.1958 263.852 92.3947 829.516 802.066 739.855 683.094 644.52 356.27 288.25 105.567 309.933
internal_count=15892 13561 12379 4857 1182 7522 2331 5300 4571 4230 460 4722 4320 591 485 402 2222 2142 488 1654 436 3729 2310 1980 1875 1861 745 1116 302 670
is_linear=0
shrinkage=0.0363096


Tree=135
num_leaves=31
num_cat=0
split_feature=0 1 5 0 2 9 12 1 1 7 10 7 10 1 6 10 12 10 1 11 1 6 12 6 1 2 5 21 5 6
split_gain=106.149 49.1433 53.8572 47.4647 26.2027 36.3767 55.3058 35.6159 35.2322 23.2564 22.6338 24.7388 21.4239 31.5637 21.4979 20.7929 20.4478 20.0729 19.9577 28.5134 19.0765 21.709 22.7122 16.5409 15.5361 14.7712 13.2886 12.4863 11.8251 9.78981
threshold=27.500000000000004 -0.027683638967573639 28.582721710205082 37.500000000000007 0.002213635249063373 0.085077889263629927 0.096445586532354369 -0.0045736583415418855 0.005802594358101488 69.230587005615249 0.010752464644610884 46.835359573364265 0.0079555278643965738 -0.0031004333868622776 0.88421815633773815 0.010229530744254591 0.040171293541789062 0.0084791374392807501 -0.0075336557347327462 0.0071341276634484538 -0.048277683556079858 -0.14210834354162213 0.01013745227828622 0.056696120649576194 -0.00044038957275915886 -0.022259308025240895 27.681310653686527 0.0067385712172836074 6.4366540908813485 -0.87909823656082142
decision_type=2 2 2 2 2 2 2 2 2 2 2 2 2 2 2 2 2 2 2 2 2 2 2 2 2 2 2 2 2 2
left_child=17 2 20 29 5 16 8 9 25 -6 -4 -12 24 -14 -15 -10 18 -1 19 -5 21 -2 -23 -20 -9 -7 -24 -26 -11 -3
right_child=1 3 10 4 7 6 -8 12 15 28 11 -13 13 14 -16 -17 -18 -19 23 -21 -22 22 26 -25 27 -27 -28 -29 -30 -31
leaf_value=0.034061938440375 0.028058864542397526 0.0096920323884558939 0.029133386504716474 -0.023890174051273892 -0.022273187937924568 -0.026121293625847058 0.027183190708483618 -0.023781580811486919 -0.013935144304627748 -0.010670750943520357 -0.026620232814707753 0.0065249735428152735 0.041659961001728085 0.0067148692117470323 -0.0095312700121937127 0.015523790494222017 0.028669909109306949 -0.025780332128689819 0.02062436213378702 0.0088340165740949626 0.028522973431164715 -0.025094797472275738 0.02361457459264325 0.006497715040417633 -0.024494765226524419 0.028243794059260557 -0.027761908251359872 -0.0017540136950315581 0.04138634702532145 -0.022501395226124026
leaf_weight=7.6353268775328607 54.143217318116513 13.616384343207754 20.472155203538932 57.698407593677985 161.95824787676338 141.754096912362 58.873605768490052 55.370682794683489 56.963860660896898 10.939872460123299 68.024948769417279 52.670021553105471 28.657334816862203 424.39539606130165 143.75470257818597 70.905731803354684 68.088474258842325 228.29575269462339 164.93329437097054 89.636558122529095 180.62172246246882 32.440414807495472 37.830524044700724 323.93568009772207 34.373973278397898 6.9080241752672 8.0475757122039777 430.71216854009526 12.126971270086868 145.18875824438146
leaf_count=88 106 6 173 174 903 620 282 141 189 58 338 21 54 2212 1517 835 141 1386 377 501 1007 296 382 1578 205 313 3 1364 67 555
internal_value=-0.000405886 0.00146532 0.0124519 -0.000530275 0.000772272 0.00507067 -0.00477083 -0.00265932 -0.0115743 -0.0174148 -0.00616658 -0.0121551 -0.00021563 0.00447961 0.00260403 0.00239943 0.00975764 -0.0238432 0.00773341 -0.00398048 0.0208472 0.0103798 -0.00184064 0.011264 -0.00559988 -0.0235943 0.0146 -0.00343501 0.0166926 -0.0197403
internal_weight=3190.97 2955.04 454.251 2500.79 2341.99 1039.7 335.405 1302.29 276.532 185.025 141.167 120.695 1117.26 596.807 568.15 127.87 704.292 235.931 636.204 147.335 313.083 132.462 78.3185 488.869 520.457 148.662 45.8781 465.086 23.0668 158.805
internal_count=15892 14418 2326 12092 11531 5010 2239 6521 1957 1028 532 359 5493 3783 3729 1024 2771 1474 2630 675 1794 787 681 1955 1710 933 385 1569 125 561
is_linear=0
shrinkage=0.0363096


Tree=136
num_leaves=31
num_cat=0
split_feature=21 19 21 6 13 17 19 18 7 7 21 3 9 4 5 12 7 7 11 6 20 11 16 21 16 11 7 9 12 6
split_gain=49.7449 21.1474 20.8722 30.9502 27.3836 24.3999 21.9183 41.2713 35.5133 24.3398 32.1517 21.4155 23.5544 32.0964 25.4201 21.6713 20.0477 30.2453 30.7629 28.5211 23.5065 21.7712 19.1784 16.8177 22.8653 26.5323 21.6042 16.9599 16.7146 16.1241
threshold=0.048838546499609954 0.87837970256805431 0.010953434742987158 0.96311360597610485 0.040251730009913451 -1.0000000180025095e-35 0.6078576147556306 0.68301269412040722 37.567609786987312 52.447347640991218 0.016626764088869098 32.182516098022468 0.049667853862047202 20.673912048339847 11.981762886047365 -0.063242048025131212 37.391767501831062 45.476757049560554 0.023496603593230251 2.1536988019943242 0.81174489855766307 0.01398708298802376 45.713762283325202 0.014625873882323505 31.218333244323734 0.017284783534705642 44.23799133300782 0.096575830131769194 -0.014140417799353598 2.6001058816909794
decision_type=2 2 2 2 2 2 2 2 2 2 2 2 2 2 2 2 2 2 2 2 2 2 2 2 2 2 2 2 2 2
left_child=1 2 3 -1 -5 -6 11 8 29 -10 -11 12 13 28 -15 -14 19 18 -18 21 -19 -13 23 26 25 27 -3 -25 -4 -8
right_child=-2 22 6 4 5 -7 7 -9 9 10 -12 16 15 14 -16 -17 17 20 -20 -21 -22 -23 -24 24 -26 -27 -28 -29 -30 -31
leaf_value=-0.0098275823087379238 0.018058198304351517 0.026409077724497139 0.010276806685980504 0.017401605153445045 0.014930665435421299 -0.026228112289595939 -0.033268617316147171 -0.0096468892704258281 0.023242693559389269 -0.024379461563319414 0.030066207969930224 -0.013266992084567516 0.014902211078097327 -0.031486666377151293 0.02686678066962566 -0.015285686603762158 0.019533518101923754 0.0054552211473573205 -0.028062200732688437 -0.022941485925460126 -0.0082038395555111172 0.010272929768707873 -0.017432340283659094 0.012393107116305056 -0.022398572758824897 0.039569557968084854 -0.0097626583944622428 -0.029107212595983228 -0.017476962326778707 0.017047723552710239
leaf_weight=505.2172275629182 200.29733464317906 50.884465805382206 42.73352542018165 126.09528872749979 31.552730255602 47.681764209628454 27.245703705821143 119.68954603044585 275.05905549257113 35.402966433382971 23.987808083643358 82.52391182953761 35.169634751240665 11.20546506733808 80.793998554132486 288.54348193475835 237.18999154368794 600.4646015522394 19.36299377753312 87.827478476798206 229.62674568897637 139.11676300371073 173.87842569040004 25.952384231177348 79.623047798888365 21.539049139310009 38.039904115159516 25.973637055305517 86.528219549119058 12.133424231367824
leaf_count=1228 434 87 206 571 143 220 132 487 723 179 313 365 332 39 288 2240 1533 2566 87 458 538 382 1273 28 399 87 79 61 335 79
internal_value=0.000451595 -0.000538689 0.000478768 -0.00499642 0.00689019 -0.00983647 0.00207676 0.0089093 0.0148508 0.0186911 -0.00238705 0.000339543 -0.00576468 0.00336548 0.0197581 -0.0120056 0.00272242 0.00504444 0.0159408 -0.00543062 0.0016766 0.00150775 -0.00823342 -0.00162382 -0.00891922 0.00568848 0.0109344 -0.00836342 -0.00830078 -0.0177624
internal_weight=3761.34 3561.04 3145.15 710.547 205.33 79.2345 2434.61 493.519 373.829 334.45 59.3908 1941.09 544.974 221.261 91.9995 323.713 1396.11 1086.64 256.553 309.468 830.091 221.641 415.891 242.012 153.088 73.4651 88.9244 51.926 129.262 39.3791
internal_count=15892 15458 13444 2162 934 363 11282 1913 1426 1215 492 9369 3440 868 327 2572 5929 4724 1620 1205 3104 747 2014 741 575 176 166 89 541 211
is_linear=0
shrinkage=0.0363096


Tree=137
num_leaves=31
num_cat=0
split_feature=21 3 2 10 7 6 21 7 8 10 9 5 12 21 10 12 2 10 16 4 6 6 6 9 21 12 10 16 5 5
split_gain=41.2968 44.1675 65.0492 40.1637 49.149 40.9596 42.425 38.5631 31.1237 34.9394 26.9307 33.9235 26.8564 26.4428 26.1323 25.8682 24.2962 27.4055 24.2019 28.4416 30.5224 30.1696 21.1378 19.585 17.4182 15.2086 19.289 14.5467 13.8184 13.5618
threshold=0.010860531125217678 59.554189682006843 -0.097070876508951173 0.017478280700743202 49.972137451171882 -0.60515472292900074 0.016824341379106048 36.818176269531257 -1.2599508762359617 0.015532886143773796 0.080161634832620635 25.851857185363773 0.11213865503668786 0.019879480823874477 0.058401815593242652 0.003109368029981852 0.068289469927549376 0.0063668228685855874 86.981960296630874 17.471616744995121 -0.87909823656082142 -0.36075823009014124 1.9052253961563113 0.012047752737998964 0.0063427991699427375 -0.052761761471629136 0.023995094001293186 31.519917488098148 8.712438106536867 11.74288320541382
decision_type=2 2 2 2 2 2 2 2 2 2 2 2 2 2 2 2 2 2 2 2 2 2 2 2 2 2 2 2 2 2
left_child=16 2 8 5 25 -4 10 -3 9 27 11 -7 -12 -6 -11 -15 18 -18 19 21 -21 -1 29 -23 -24 26 -5 -2 -26 -22
right_child=1 7 3 4 13 6 -8 -9 -10 14 12 -13 -14 15 -16 -17 17 -19 -20 20 22 23 24 -25 28 -27 -28 -29 -30 -31
leaf_value=0.022258173432552888 0.034527932364710343 0.020315483989985499 -0.024423518780412257 -0.031529982384510519 0.054465294349806549 0.00079259237825039569 -0.013433660796438564 -0.015544130352847218 -0.025707008503810084 -0.02636852506455372 0.011210844230194255 -0.019490592952845873 -0.028827314479855322 0.033890297642867433 0.017789525116846585 -0.025740344620857822 -0.028563149474993887 0.016276705727442456 -0.019595859625307098 -0.02355466734204294 0.028782413023983107 0.018824998242390954 -0.038020821897853302 -0.016583245480305056 0.026711940092009064 0.032761292298879641 0.018800143939824505 -0.025764951890890571 -0.015887736539244759 0.01512663154455102
leaf_weight=51.542870425684669 33.059546506269726 183.40078156213713 113.25665956834109 11.829049527984351 7.482472719575525 657.91471502102104 324.58371607390609 50.398873359670688 238.81527395676176 73.123527879622998 386.03937314760697 130.22686239262202 23.426099185860039 11.229481929939537 23.294562458992004 65.6817621143623 49.728906526543142 28.134717839617224 37.180124457492639 25.85142707824707 142.95259168109988 25.090236464049667 14.726666533388196 114.88395416701678 22.914960259382497 95.909357770056886 66.297755343210156 6.2750673425616688 17.862506575918815 291.39009860714123
leaf_count=26 213 103 149 199 58 2520 4483 233 1332 320 1260 912 87 150 15 1055 117 105 33 10 288 22 45 716 73 224 144 104 84 812
internal_value=-0.000121318 -0.00244118 -0.00398991 -0.00125541 0.0120463 -0.00335738 -0.00178991 0.0125849 -0.0178157 -0.00393249 0.00136577 -0.00255872 0.00891992 -0.0106919 -0.0156988 -0.0170324 0.0069382 -0.0123596 0.00895689 0.0104582 0.0148956 -0.00148992 0.016925 -0.0102355 -0.00417296 0.0230731 0.0111782 0.0249064 0.00804848 0.0196213
internal_weight=3324.5 2502.24 2268.45 1893.88 258.43 1635.45 1522.19 233.8 374.568 135.753 1197.61 788.142 409.465 84.3937 96.4181 76.9112 822.259 77.8636 744.395 707.215 515.698 191.517 489.847 139.974 55.5041 174.036 78.1268 39.3346 40.7775 434.343
internal_count=15892 13561 13225 11241 1830 9411 9262 336 1984 652 4779 3432 1347 1263 335 1205 2331 222 2109 2076 1312 764 1302 738 202 567 343 317 157 1100
is_linear=0
shrinkage=0.0363096


Tree=138
num_leaves=31
num_cat=0
split_feature=0 19 6 9 2 0 7 2 2 6 16 19 13 0 20 16 6 4 3 19 16 0 16 7 11 11 0 13 11 11
split_gain=101.434 41.6136 30.9954 37.8448 35.5685 23.3583 23.7816 27.5863 27.0895 25.7451 21.6837 45.6182 24.8899 20.8532 25.0479 24.0114 20.7444 20.5418 19.1998 17.676 33.327 29.9704 24.7671 20.1199 13.807 15.3926 13.596 13.0006 11.7454 24.9077
threshold=27.500000000000004 -0.87837970256805409 0.076547168195247664 0.045387566089630134 0.05608979985117913 31.500000000000004 59.994333267211921 0.051957257091999061 -0.13946971297264096 0.20461234450340274 41.266605377197273 0.6078576147556306 -0.060129610821604722 61.500000000000007 1.0000000180025095e-35 71.257904052734389 0.50881481170654308 10.89128637313843 42.303899765014656 0.6078576147556306 42.428260803222663 37.500000000000007 77.322250366210952 61.01942443847657 0.011522453743964435 0.0079501010477542895 71.500000000000014 -0.020507019944488999 0.0054724283982068309 0.0067950831726193437
decision_type=2 2 2 2 2 2 2 2 2 2 2 2 2 2 2 2 2 2 2 2 2 2 2 2 2 2 2 2 2 2
left_child=-1 16 3 4 -3 -4 8 -8 9 -7 11 -10 -12 14 -9 -15 -2 -5 24 22 21 -21 26 -22 25 -18 -19 -24 -6 -30
right_child=1 2 5 17 28 6 7 13 10 -11 12 -13 -14 15 -16 -17 18 19 -20 20 23 -23 27 -25 -26 -27 -28 -29 29 -31
leaf_value=-0.023732764106159186 -0.02212811219081413 -0.01613697945604925 -0.024884348718603715 -0.022470166878706527 0.028541737286127657 0.033423356555702284 -0.021066919678547066 0.00029683574849932856 0.0081920830765928061 -0.02636607369128284 0.019098648853804651 -0.021441942607599542 0.0038403865356361842 -0.017283782966702976 0.035576093784043208 0.0077710654220239503 -0.01132462709251148 0.024058204376870663 -0.016635199201246176 0.012929593355055519 0.02107638714899188 -0.013983751228187517 0.012192676783317506 -0.021685695820077736 -0.022710666463348801 0.035167172250204146 0.0015238316739232959 -0.013956952917242063 -0.023585869453756372 0.023829767492475677
leaf_weight=228.21315217446363 138.70161721942895 152.42021175881382 50.613699317530518 23.818203603070287 35.943289829268906 11.132642439306435 125.98677153874451 95.068588036339861 177.51832664415542 64.48310038026284 207.20320004654786 111.50068852781169 440.86881844379241 138.35999932607592 36.807126420768327 79.341989380602172 13.034015960172836 302.60813140237406 54.249173134184275 91.693008005460797 174.74155315913231 134.66238695280481 59.049784210044891 15.816594121311935 11.220522449113558 33.538571321008931 39.972521772563596 43.551292593163453 26.856575805868488 32.019107467402137
leaf_count=1474 912 544 207 57 21 17 684 242 1763 395 950 661 2728 1018 206 546 117 556 568 31 547 192 33 109 325 219 613 65 28 64
internal_value=-0.000418744 0.0014016 0.00272883 0.00728613 -0.00527436 -0.000626856 0.00019803 -0.00649978 0.00334342 -0.0175619 0.00503043 -0.00324005 0.00871897 -0.0012495 0.0101443 -0.00815197 -0.0127415 0.0107916 -0.00112043 0.0117107 0.00633772 -0.00308108 0.0167423 0.0175265 0.013441 0.0221534 0.0214292 0.00109179 0.012186 0.00219886
internal_weight=3150.99 2922.78 2672.04 1133.15 247.239 1538.88 1488.27 475.564 1012.71 75.6157 937.091 289.019 648.072 349.578 131.876 217.702 250.744 885.913 112.042 862.095 416.914 226.355 445.182 190.558 57.7931 46.5726 342.581 102.601 94.819 58.8757
internal_count=15892 14418 12277 2860 657 9417 9210 2696 6514 412 6102 2424 3678 2012 448 1564 2141 2203 1229 2146 879 223 1267 656 661 336 1169 98 113 92
is_linear=0
shrinkage=0.0363096


Tree=139
num_leaves=31
num_cat=0
split_feature=21 19 10 21 13 19 3 16 5 7 12 9 7 3 4 21 16 16 11 10 21 7 7 11 3 5 11 3 12 7
split_gain=46.8319 19.809 24.0346 19.6021 36.7194 18.6069 24.8694 23.4261 20.8749 39.9871 27.9002 22.1793 20.7254 27.9059 26.771 25.1119 20.605 18.4046 18.129 17.4572 18.5392 17.0176 34.5436 29.7363 28.6532 21.0984 17.0077 16.263 16.1098 20.2331
threshold=0.048838546499609954 0.87837970256805431 0.0060205240733921537 0.0059380487073212871 0.0049211108125746259 0.6078576147556306 32.182516098022468 44.636137008666999 18.809179306030277 53.578952789306648 -0.063242048025131212 0.061824493110179908 37.728319168090827 27.895052909851078 20.037499427795414 0.0156240351498127 54.804454803466804 45.713762283325202 0.0107777644880116 0.0063029129523783931 0.016626764088869098 37.391767501831062 45.476757049560554 0.023496603593230251 60.516061782836921 31.956234931945804 0.0033561943564563994 25.499308586120609 -0.050741119310259812 44.104658126831062
decision_type=2 2 2 2 2 2 2 2 2 2 2 2 2 2 2 2 2 2 2 2 2 2 2 2 2 2 2 2 2 2
left_child=1 2 3 4 26 6 8 12 9 -4 18 -11 15 14 -14 -7 -9 27 -10 -18 -21 24 23 -23 -8 -24 -1 -3 -29 -30
right_child=-2 17 5 -5 -6 7 21 16 10 11 -12 -13 13 -15 -16 -17 19 -19 -20 20 -22 22 25 -25 -26 -27 -28 28 29 -31
leaf_value=-0.03130486291586098 0.017719921782572211 0.026364510985478318 0.035408622996068409 -0.010618844499421864 0.031593274710995198 0.028454540492746972 0.0023541802607061459 -0.018607397665908902 0.042785472221315908 0.0043702396284593303 -0.014802078259414753 -0.019444899768244032 -0.02048118021020013 0.022205840370590712 0.021618689634580517 -0.030553868250417202 0.058091174649765723 -0.017109404203374316 -0.0069288707298022995 -0.0047072656964239016 0.047204445567961814 0.019460203551747105 0.00039065903143311188 -0.027901128101960705 -0.021692924235648395 0.030714943373982121 0.0098479292519236972 -0.022453524570674219 0.02073902496444972 -0.0073915007691227382
leaf_weight=29.518314049273613 196.31837179865579 24.756662210289505 40.172323833398877 387.0548318109486 45.222970420089041 14.282830241092595 230.10731474527529 69.213768913052263 19.252015866026341 148.74769206336441 325.85448222475497 78.901973720800015 46.265617582123014 244.32421780970435 34.960062932708752 28.434928425460384 8.3281246916758374 170.80968850366207 19.424398900777305 63.907028322521001 10.569518478351709 255.69041023246064 849.71014591702442 18.757880652687163 91.221532310482871 31.365748127191182 24.003203483131074 51.327536726288599 47.757568711445856 114.59161656706419
leaf_count=49 434 44 277 1366 120 41 1150 436 49 422 1856 747 98 473 35 213 17 1273 292 270 436 1546 3302 87 71 21 70 285 156 256
internal_value=0.000459876 -0.000501487 0.000485084 -0.00693477 0.0075048 0.00185595 0.000338896 0.00800575 -0.00568641 0.00200982 -0.0113411 -0.00388346 0.0129559 0.0160763 -0.00235973 -0.0108215 -0.00398548 -0.00801185 0.0178147 0.00823518 0.00265852 0.00291886 0.00497426 0.0162227 -0.00447217 0.00147032 -0.0128467 -0.00149404 -0.00472229 0.000882862
internal_weight=3720.85 3524.53 3115.29 485.799 98.7445 2629.49 2109.21 520.286 632.353 267.822 364.531 227.65 368.268 325.55 81.2257 42.7178 152.018 409.243 38.6764 82.8047 74.4765 1476.85 1155.52 274.448 321.329 881.076 53.5215 238.433 213.677 162.349
internal_count=15892 15458 13444 1605 239 11839 9820 2019 3643 1446 2197 1169 860 606 133 254 1159 2014 341 723 706 6177 4956 1633 1221 3323 119 741 697 412
is_linear=0
shrinkage=0.0363096


Tree=140
num_leaves=31
num_cat=0
split_feature=21 0 21 6 17 9 9 8 9 2 18 2 20 3 16 4 6 6 8 3 7 21 0 0 6 3 9 8 8 16
split_gain=38.0393 42.6689 38.3468 41.2744 36.5773 28.0126 35.94 30.1369 26.2913 30.1273 24.6162 23.217 23.9754 28.8605 22.9299 26.696 29.1447 28.491 21.965 22.366 21.7683 24.4584 20.2028 24.2506 19.8474 19.2838 18.6774 18.6527 25.129 17.9657
threshold=0.010860531125217678 25.500000000000004 0.016824341379106048 -0.51862940192222584 -1.0000000180025095e-35 0.16591263562440875 0.23989582061767581 -0.27832278609275812 0.080161634832620635 0.1080286204814911 -0.25000000000000006 0.068289469927549376 1.0000000180025095e-35 39.875404357910163 86.981960296630874 17.471616744995121 -0.87909823656082142 -0.36075823009014124 1.9779307246208193 32.681148529052741 50.760358810424812 0.019777343608438972 58.000000000000007 29.500000000000004 1.9052253961563113 59.554189682006843 0.012047752737998964 0.032658951357007034 0.18036592751741412 35.306419372558601
decision_type=2 2 2 2 2 2 2 2 2 2 2 2 2 2 2 2 2 2 2 2 2 2 2 2 2 2 2 2 2 2
left_child=11 4 3 -3 -2 7 20 10 9 27 29 14 13 -13 15 17 -17 -1 22 -20 -7 -22 23 -10 -18 -8 -19 -5 -29 -4
right_child=1 2 5 8 -6 6 25 -9 18 -11 -12 12 -14 -15 -16 16 24 26 19 -21 21 -23 -24 -25 -26 -27 -28 28 -30 -31
leaf_value=0.021650343695043775 -0.0070700323241682465 -0.020083831238001993 0.012254642435710379 -0.011811290576369347 0.021254554907456126 0.017172352447911259 -0.026249282582382814 -0.022584117087814888 0.025857181238393239 0.020085847313128583 -0.016270356056126253 0.031862559753897332 -0.030879679832771605 -0.038657707475855632 -0.019266788824799496 -0.023262759827862609 0.01904882912965921 0.018415426507617842 0.032249273842178773 -0.030342081459052938 0.046777664850569257 -0.02306927343877337 0.018272490426205983 -0.010622045632491063 -0.0040728147016255078 0.0039396497329866912 -0.016310581452508514 0.02278352370187739 -0.0030789288106920355 -0.012787076438462131
leaf_weight=51.124820708912011 92.154970396767567 121.20093106651802 106.6603460235483 263.81242017045588 172.81579534837056 133.96079454930077 80.169730609873113 290.22922254603645 33.851049971484827 74.251297972001339 170.91725306168019 24.339053684536339 41.821674015009194 11.157607874905805 36.825431586668856 25.679830431938171 431.28036307345246 24.892900459468365 9.8777888171316572 31.60379236463632 7.9314838645086629 39.634487067181908 249.55689099187839 82.772898070891642 55.201965282711171 42.773180106460131 113.5727382418645 57.687441335588574 350.30471749513845 58.47721830505543
leaf_count=26 464 135 441 1741 718 457 523 3165 51 142 1588 51 78 93 33 10 1100 22 46 158 97 543 720 360 202 67 716 188 1316 641
internal_value=-0.00011914 -0.00236399 -0.00401789 7.26642e-05 0.011403 -0.00962114 -0.000586458 -0.0140132 0.00219025 -0.00186137 -0.00661069 0.00667843 -0.0122515 0.00969278 0.00866027 0.0101259 0.0144348 -0.00151339 0.00960533 -0.0154347 0.0096796 -0.01142 0.0124422 -3.26629e-05 0.0164249 -0.0157453 -0.0100668 -0.00428726 0.000577589 0.00338638
internal_weight=3286.54 2470.64 2205.67 1274.92 264.971 930.754 304.47 626.284 1153.72 746.056 336.055 815.896 77.3183 35.4967 738.578 701.753 512.162 189.59 407.662 41.4816 181.527 47.566 366.181 116.624 486.482 122.943 138.466 671.805 407.992 165.138
internal_count=15892 13561 12379 4857 1182 7522 1687 5835 4722 3387 2670 2331 222 144 2109 2076 1312 764 1335 204 1097 640 1131 411 1302 590 738 3245 1504 1082
is_linear=0
shrinkage=0.0363096


Tree=141
num_leaves=31
num_cat=0
split_feature=21 1 5 19 13 1 12 9 8 21 16 10 21 17 1 1 3 1 3 21 13 1 3 10 12 5 5 16 21 10
split_gain=82.5054 53.6873 49.3972 37.5489 33.0501 31.0311 47.2635 34.2288 30.2911 23.7047 24.0663 18.0305 22.9175 24.2862 17.2201 17.8867 26.2265 24.2235 18.6425 28.0681 26.865 16.1862 24.7809 18.781 11.5675 18.8047 10.8243 10.0731 9.01347 8.80533
threshold=0.036035088822245605 -0.027683638967573639 30.841956138610843 -0.87837970256805409 -0.13211155682802198 -0.0054356600157916537 0.10718687251210214 0.083944294601678862 0.23705399781465533 0.025473159737885002 86.064952850341811 0.006418882869184018 0.015208249446004631 0.25000000000000011 0.088871009647846236 0.014548588544130327 55.794073104858406 0.0061288573779165753 52.931867599487312 0.019010475836694244 0.047584861516952522 -0.048277683556079858 27.530241012573246 0.016469742171466354 0.031319972127676017 32.42109680175782 16.151535987854007 62.672668457031257 0.033347321674227721 0.012785490136593582
decision_type=2 2 2 2 2 2 2 2 2 2 2 2 2 2 2 2 2 2 2 2 2 2 2 2 2 2 2 2 2 2
left_child=1 2 4 8 -1 6 7 9 -3 10 -5 -10 13 26 15 16 17 -7 20 -20 -17 22 -6 29 25 -4 -13 -14 -9 -24
right_child=-2 3 24 5 21 14 -8 28 11 -11 -12 12 27 -15 -16 18 -18 -19 19 -21 -22 -23 23 -25 -26 -27 -28 -29 -30 -31
leaf_value=-0.062375287329777353 -0.025793227095939932 -0.024844254979984565 0.035461917590671861 -0.01073660069176627 0.027780216885191403 0.0019092366592088537 0.022875074234816349 -0.024915526766516323 -0.020441102773408135 0.023042031439064196 0.016439317675099541 0.017389976178984252 0.013962543224533745 0.049458550913520534 0.024157095206922264 -0.012086113058532489 -0.026169227455672493 0.01438870305635419 0.035884810649845063 -0.02707152487917304 0.0027980012444842055 0.025743839045957707 0.027546771981746505 0.012619045489963586 -0.027974590013553343 -0.024973808691626836 -0.029003760748509494 -0.030802962819519171 0.0021030170804392772 -0.03013440697081381
leaf_weight=6.58854556119877 160.32754716662294 148.63066481843998 12.487719658863627 280.37270512727991 57.180917564475749 487.39274469854354 65.154093234028551 171.5397692061224 40.521461345483658 39.931262432058247 50.733393677392087 18.177898091626052 9.8179857166305755 24.994628319593176 49.724644886804526 275.87032788260785 32.320533673775572 354.03580872475322 36.447393097183522 12.549325990939904 380.21573319934578 220.17640071323785 3.9340655607929866 41.540647573920978 40.330660745608839 14.869305647304371 10.436428339931807 20.371992025238796 17.976672374552436 30.718177993218887
leaf_count=128 1302 1262 126 1547 275 1883 119 736 115 31 38 96 226 77 325 2139 84 974 127 107 1585 1165 387 251 26 442 30 86 42 161
internal_value=-0.000425251 0.000951067 0.012846 -0.00106256 0.018195 0.000477454 -0.00639528 -0.00979763 -0.0137817 -0.00338483 -0.00657225 -0.00055509 0.0090596 0.0233099 0.0031181 0.00245541 0.00592717 0.00716018 -0.00184668 0.0197577 -0.00346029 0.0196968 0.00971343 -0.00384383 -0.015612 0.00260938 0.000464898 -0.0162412 -0.0223521 -0.0235825
internal_weight=3115.37 2955.04 427.826 2527.22 360.139 2254.26 625.708 560.554 272.951 371.037 331.106 124.32 83.7989 53.609 1628.56 1578.83 873.749 841.429 705.083 48.9967 656.086 353.55 133.374 76.1929 67.6877 27.357 28.6143 30.19 189.516 34.6522
internal_count=15892 14590 2961 11629 2367 9737 2513 2394 1892 1616 1585 630 515 203 7224 6899 2941 2857 3958 234 3724 2239 1074 799 594 568 126 312 778 548
is_linear=0
shrinkage=0.0363096


Tree=142
num_leaves=31
num_cat=0
split_feature=16 1 1 10 10 4 10 7 5 1 10 2 16 10 8 12 2 9 9 5 14 20 4 1 4 5 11 4 2 11
split_gain=44.8038 18.6639 25.1792 18.6355 15.3085 29.6874 22.1386 15.4655 46.2826 47.7226 15.553 15.2793 14.6386 14.1827 13.7634 10.2528 18.1657 13.9693 8.17878 6.86607 6.2199 5.97774 4.27404 2.62187 2.06203 0.907304 0.17234 0.114893 0.867295 0.243676
threshold=21.253453254699711 -0.060762835666537278 -0.047311121597886079 0.014683856163173916 0.031585412099957473 9.9448776245117205 0.025989370420575145 37.567609786987312 28.914968490600589 -0.033948963508009904 0.013540062122046949 -0.082154102623462663 29.370188713073734 0.026711715385317806 0.070770237594842925 -0.12189617007970809 -0.13648501038551328 0.050042951479554183 0.23989582061767581 25.944314956665043 1.0000000180025095e-35 0.81174489855766307 5.5131540298461923 0.083688337355852141 10.383468151092531 25.760697364807132 0.016158257611095909 19.096763610839847 -0.087146565318107591 0.013164143543690445
decision_type=2 2 2 2 2 2 2 2 2 2 2 2 2 2 2 2 2 2 2 2 2 2 2 2 2 2 2 2 2 2
left_child=13 27 3 -3 6 -6 7 10 9 -9 12 -10 -4 15 25 16 -1 -17 -12 -16 21 22 -19 -24 -7 -5 -8 -2 -29 -30
right_child=1 2 4 14 5 24 26 8 11 -11 18 -13 -14 -15 19 17 -18 20 -20 -21 -22 -23 23 -25 -26 -27 -28 28 29 -31
leaf_value=0.027714248830798087 -0.026664591302631897 -0.027669339428660754 0.0061154640583175887 0.036178368260694406 -0.0037379188574288651 0.014484999365220099 -0.033074415428956637 -0.027091671389677083 0.019839933589449573 -0.00092903354292549786 -0.0300222753352073 0.00405123173358184 -0.011944803061642582 0.029519737883976247 -0.0089176184680566026 -0.022086616381981776 -0.017793842288770397 0.015759180517804221 -0.0031714555031118704 0.019420933626053852 -0.007342874526641778 -0.00029252340890987871 0.033104704909320888 0.059172221281573338 0.028733194007611346 0.027369467222717311 -0.027309830750274346 -0.025691847285014235 0.00044300032135629334 0.081034540121081841
leaf_weight=17.201538224295291 34.938151664216093 11.844682913467294 103.98256131021299 23.521601580150673 101.24146078418744 16.976580505417587 9.2247515670933335 95.66493003956657 176.70033518229593 2347.6553611012514 56.523156372830272 148.94308302092941 137.276714585425 73.40415962897896 23.638318616003744 10.429738066974094 35.283210597614016 18.304648968993206 20.350518010933229 21.540985050358358 8.158462203529778 9.700557618722085 35.987061169187655 5.9412158094346514 64.061271326258975 45.498519329998089 29.659075191189913 1.8907959328680592 0.082788714888009873 0.13403809241026465
leaf_count=85 585 388 365 37 70 10 5 693 196 9581 250 1010 623 48 85 47 51 32 37 14 45 58 292 10 463 133 297 106 128 148
internal_value=0.000467934 -0.000526958 -0.000250406 0.0156776 -0.000857294 0.00937114 -0.00145376 -0.00111079 -0.000239633 -0.00195344 -0.00869277 0.0126188 -0.00416038 0.0165759 0.0201745 0.00983692 -0.00287667 0.0173761 -0.0229156 0.00459143 0.0226481 0.0261485 0.0304087 0.0368014 0.0257498 0.0303732 -0.0286805 -0.0261613 -0.0177638 0.0508112
internal_weight=3685.76 3471.35 3434.3 126.044 3308.26 182.279 3125.98 3087.1 2768.96 2443.32 318.133 325.643 241.259 214.411 114.199 141.006 52.4847 88.5217 76.8737 45.1793 78.0919 69.9335 60.2329 41.9283 81.0379 69.0201 38.8838 37.0458 2.10762 0.216827
internal_count=15892 15224 14257 657 13600 543 13057 12755 11480 10274 1275 1206 988 668 269 620 136 484 287 99 437 392 334 302 473 170 302 967 382 276
is_linear=0
shrinkage=0.0363096


Tree=143
num_leaves=31
num_cat=0
split_feature=1 4 3 1 2 2 13 11 14 20 10 21 1 13 14 11 7 1 20 13 21 11 18 5 14 20 21 18 1 11
split_gain=79.807 45.923 27.4976 25.2011 24.323 26.9167 26.7495 35.998 31.3836 35.5511 29.7504 29.3306 26.588 22.885 22.1645 35.4928 22.5407 29.0455 21.2755 19.3277 14.1379 10.5937 9.19065 15.4296 8.08554 9.51884 31.8433 16.7646 7.48119 13.8558
threshold=-0.031422922387719147 10.383468151092531 57.339855194091804 0.016591504216194156 -0.097070876508951173 -0.073345661163330064 -0.0012873429805040357 0.0033561943564563994 -0.001236069365404546 -0.56174489110708226 0.0036053512012586002 0.019683602266013626 0.030079720541834835 -0.032486837357282632 -0.017864136956632134 0.054051449522376067 37.728319168090827 0.0014894566847942772 1.0000000180025095e-35 0.04649366810917855 0.048838546499609954 0.010267424862831833 -0.25000000000000006 34.157285690307624 -0.004127784399315714 1.0000000180025095e-35 0.0068822223693132409 1.0000000180025095e-35 -0.017318869009613987 0.013429702259600164
decision_type=2 2 2 2 2 2 2 2 2 2 2 2 2 2 2 2 2 2 2 2 2 2 2 2 2 2 2 2 2 2
left_child=1 -1 4 20 14 18 7 -7 9 -9 -8 12 -12 -10 15 16 17 -2 21 -13 24 -6 23 -23 -4 26 -26 -28 -20 -30
right_child=2 -3 3 -5 5 6 10 8 13 -11 11 19 -14 -15 -16 -17 -18 -19 28 -21 -22 22 -24 -25 25 -27 27 -29 29 -31
leaf_value=0.027636389312328102 0.051828755497445964 -0.025574762750768476 0.029316484022236931 -0.019475627831715164 0.033159949245687027 0.030175671107554647 -0.02928158837142485 -0.016836026245264299 -0.0065703516163766748 0.0071238152279314345 0.0026291179866758272 0.012752472574161627 0.014439891030992516 -0.024153277399110138 -0.026605867086859823 -0.025722681812916284 -0.027766275543144026 -0.016247146635185117 0.031840902503753737 -0.021137622711873898 -0.0015376695745560271 -0.028611078020316441 -0.027497768171907966 0.050487953722731675 0.031234117091878136 0.02284461334334895 -0.037014908686530706 0.007328418695577309 0.037745499302348023 -0.02751584226679479
leaf_weight=23.733872126445021 28.517975419743379 215.69499348384488 67.993365085161713 31.231751970468395 8.1117800408155727 37.047753082551935 36.334226538441726 111.97310309067507 245.31904383386063 301.42914336750164 1035.4002430251167 29.117319772340124 331.83574849912293 162.08883455590603 81.822914412544378 40.968455600472225 10.445472695979332 11.63054795147127 74.492597666099755 93.150859881627184 56.015424352736773 6.4651950936831764 21.544578552294297 6.5383554874624679 35.374478578567505 86.042634981571609 22.451710108209227 22.502549167300458 8.6112817586308683 8.5437612128180245
leaf_count=517 89 2433 52 210 36 61 129 626 1189 1477 3028 483 1322 889 395 53 49 110 127 1830 53 109 205 35 19 63 48 44 106 105
internal_value=-0.000122913 -0.0202996 0.0014804 0.0115148 0.000281276 0.00118709 0.000295937 -0.00483381 -0.00641413 0.000633835 0.00318006 0.003972 0.00549574 -0.0135661 -0.0128728 -0.000599355 0.019742 0.0321052 0.0170025 -0.013066 0.0148484 -0.004177 -0.012947 0.0111525 0.0187653 0.0144525 0.00546193 -0.0148157 0.0268623 0.00523678
internal_weight=3252.43 239.429 3013 321.612 2691.39 2518 2383.7 857.858 820.81 413.402 1525.84 1489.5 1367.24 407.408 173.385 91.5625 50.594 40.1485 134.308 122.268 290.38 42.6599 34.5481 13.0036 234.365 166.371 80.3287 44.9543 91.6476 17.155
internal_count=15892 2950 12942 489 12453 11757 11034 4242 4181 2103 6792 6663 4350 2078 696 301 248 199 723 2313 279 385 349 144 226 174 111 92 338 211
is_linear=0
shrinkage=0.0363096


Tree=144
num_leaves=31
num_cat=0
split_feature=0 1 5 0 0 5 0 14 0 9 8 12 18 10 5 7 0 19 1 3 12 21 19 18 8 7 3 19 5 1
split_gain=92.941 43.7278 47.6586 42.7298 21.5856 26.6804 25.4877 39.892 36.8431 25.5438 25.1571 23.9347 20.4059 19.3815 18.3882 18.2636 21.3894 17.5362 17.504 23.4767 22.6405 16.6584 28.2879 16.3486 12.8317 29.6962 16.7304 14.0941 11.2414 9.77259
threshold=27.500000000000004 -0.027683638967573639 28.582721710205082 37.500000000000007 70.500000000000014 11.117677688598635 63.500000000000007 0.002262366004288197 55.500000000000007 0.1639949977397919 1.3608241081237795 0.13447492569684985 -0.25000000000000006 0.0084791374392807501 32.117872238159187 59.994333267211921 53.500000000000007 -0.60785761475563038 -0.048277683556079858 27.530241012573246 0.01013745227828622 0.031184183433651928 -1.0000000180025095e-35 -0.68301269412040699 0.23705399781465533 56.987815856933601 24.922245025634769 1.0000000180025095e-35 26.851798057556156 0.018910846672952179
decision_type=2 2 2 2 2 2 2 2 2 2 2 2 2 2 2 2 2 2 2 2 2 2 2 2 2 2 2 2 2 2
left_child=13 2 18 -3 5 11 7 8 -7 -9 24 15 14 -1 -4 16 -5 -17 19 -2 -21 22 -8 -12 27 26 -26 -6 -22 -27
right_child=1 3 12 4 10 6 21 9 -10 -11 23 -13 -14 -15 -16 17 -18 -19 -20 20 28 -23 -24 -25 25 29 -28 -29 -30 -31
leaf_value=0.032930142753594675 0.027586799930048023 -0.019259426935943375 0.016821229136730325 -0.017163137782789443 -0.027599192843463214 0.00036495338864450839 0.029646051171819846 0.012526481993954133 -0.018877159883943374 -0.011546125177792663 -0.026980891628089469 0.028395664031722924 -0.022019767884099203 -0.025616000773963039 -0.025386304821619916 0.011799310047143128 0.047693774223236944 -0.017682485399186456 0.028036432718263431 -0.029812641606421341 0.022041314930945143 -0.026974735621717635 0.0071854169297445704 0.033608037429852973 -0.028653387997283859 -0.018066638920010796 0.0480304029044753 0.010789564234305384 -0.027409758661776591 0.0014048382838060495
leaf_weight=7.7321163551196141 54.991525626825933 151.32277829772283 56.568702509614013 12.560939836133912 87.456632175737468 635.96310878425538 104.30717568169348 444.29684958423786 165.27936009845052 66.854433804472137 7.4475102095229877 22.034882727533841 58.258189955680336 206.49621424412771 17.9171989535389 30.33359439366177 14.372536575750928 215.82158496993907 166.28539166624341 27.40689530212785 32.953316233984879 13.765138385626413 253.88505556436758 27.711397116068838 4.706456365429406 103.44176101806897 18.443152015817759 14.728044368880544 7.4243385021054555 50.59275095267185
leaf_count=88 212 561 98 37 1695 1649 657 1200 924 63 161 107 303 1386 131 211 56 483 1007 235 336 52 978 540 28 588 308 1306 4 488
internal_value=-0.000432764 0.00129093 0.0120876 -0.000571391 0.00066131 0.00206534 0.00382991 0.00145196 -0.00360415 0.00937776 -0.00817454 -0.00800518 -0.00592217 -0.0235023 0.00666687 -0.0109427 0.0174425 -0.014049 0.0203585 0.00995868 -0.00434086 0.0122198 0.0137264 0.0207706 -0.0118177 -0.0059073 0.0324352 -0.022065 0.0129457 -0.0116705
internal_weight=3081.36 2867.13 421.806 2445.33 2294 1979.47 1684.35 1312.39 801.242 511.151 314.528 295.124 132.744 214.228 74.4859 273.089 26.9335 246.155 289.061 122.776 67.7846 371.957 358.192 35.1589 279.369 177.184 23.1496 102.185 40.3777 154.035
internal_count=15892 14418 2326 12092 11531 6417 5523 3836 2573 1263 5114 894 532 1474 229 787 93 694 1794 787 575 1687 1635 701 4413 1412 336 3001 340 1076
is_linear=0
shrinkage=0.0363096


Tree=145
num_leaves=31
num_cat=0
split_feature=16 19 8 4 1 13 7 5 1 13 3 16 11 13 16 4 4 3 5 2 5 16 5 11 2 1 11 16 1 18
split_gain=41.9746 17.9328 19.6117 21.6261 25.6141 17.2951 28.4636 36.0597 23.3291 22.6544 31.4355 47.3287 22.317 23.4741 16.7407 16.6027 26.8851 16.4167 18.0218 16.1707 16.0027 15.9019 14.0762 13.4438 25.5107 21.7812 19.6273 19.624 18.2428 18.0823
threshold=21.253453254699711 0.87837970256805431 -0.70296972990036 14.178484439849855 0.0014894566847942772 -0.041821096092462533 37.567609786987312 32.42109680175782 -0.022729373537003991 -0.060129610821604722 31.810379981994632 55.273775100708015 0.16113392263650897 -0.04566559009253978 31.886919975280765 17.571805953979496 18.26771450042725 59.554189682006843 40.009418487548835 -0.023956689983606335 19.27906703948975 30.330688476562504 26.565259933471683 0.0099227428436279314 -0.025869001634418961 -0.01814809255301952 0.01051667705178261 63.680908203125007 -0.020933509804308411 1.0000000180025095e-35
decision_type=2 2 2 2 2 2 2 2 2 2 2 2 2 2 2 2 2 2 2 2 2 2 2 2 2 2 2 2 2 2
left_child=-1 5 3 4 -3 6 12 9 -7 10 20 -12 13 17 -11 -4 -17 18 -2 -16 -8 -18 -5 25 -25 28 29 -28 -10 -26
right_child=1 2 15 22 -6 8 7 -9 23 14 11 -13 -14 -15 19 16 21 -19 -20 -21 -22 -23 -24 24 26 -27 27 -29 -30 -31
leaf_value=0.016221762514936625 -0.013667788194534214 0.021663638071257835 -0.024828683565025243 0.045672939244980428 -0.022425234009120828 -0.026755551183531973 0.024481952226424641 0.022773995171507719 -0.00045833587032361329 -0.028160502601960204 0.016308350099891754 -0.014313999486320906 0.017641305348380168 0.043818654467921048 0.018101854828385281 0.027283605631860882 0.035556250603465817 -0.021709234523159229 0.0063636318417433762 -0.014523161517963162 -0.020832269746167868 -0.015241229048697085 0.0053867996585159348 0.025811122605331173 0.033610872011618657 -0.0044095416576004336 -0.0091172281352659822 0.0056284754756053372 0.049346469129259961 0.0023407014095605493
leaf_weight=210.32937543799562 123.47311631566845 26.360369709211227 100.72872996844035 21.309884661688557 50.944019792081235 47.988752472171655 11.309925063116678 166.50024583427148 20.362854880291707 12.536792750104722 183.94056961585829 104.25304744250388 53.795116901397705 11.368253541293596 206.09678893004821 26.603862579949237 8.6187066570219013 98.296951509455539 113.7668764867758 22.181582388684546 112.01107621630399 141.37172293291223 24.689720688322268 59.255099617039377 41.877586160135252 1098.9858496645666 256.06038978740253 222.26520241546496 18.501634003707295 58.370142369567475
leaf_count=668 1067 111 483 51 164 1096 112 287 38 67 968 345 25 35 592 52 7 85 227 149 530 1056 44 185 178 3314 2695 1023 58 180
internal_value=0.000474976 -0.000486718 -0.0077081 0.00433916 -0.0073897 0.000463918 0.00381125 0.00769176 -0.00177446 0.003842 -0.00133398 0.00523043 -0.00411828 -0.0074929 0.0126874 -0.013065 -0.00635436 -0.00923174 -0.00406138 0.0149312 -0.0166755 -0.0123215 0.0240524 -0.00109927 0.00312043 -0.00346474 0.000796341 -0.00226506 0.0232487 0.0154047
internal_weight=3654.15 3443.82 400.627 123.304 77.3044 3043.2 1219.53 818.83 1823.67 652.33 411.515 288.194 400.7 346.905 240.815 277.323 176.594 335.537 237.24 228.278 123.321 149.99 45.9996 1775.68 637.828 1137.85 578.573 478.326 38.8645 100.248
internal_count=15892 15224 1968 370 275 13256 4489 3050 8767 2763 1955 1313 1439 1414 808 1598 1115 1379 1294 741 642 1063 95 7671 4261 3410 4076 3718 96 358
is_linear=0
shrinkage=0.0363096


Tree=146
num_leaves=31
num_cat=0
split_feature=21 0 21 6 17 14 2 13 7 2 19 12 8 0 8 21 14 21 13 13 5 2 0 13 7 14 6 0 12 14
split_gain=34.2268 38.9057 34.3981 39.073 33.2397 28.727 25.6912 25.5545 23.4626 21.9943 23.219 22.6312 30.3597 21.1302 20.0116 19.6533 27.3281 18.8869 20.8367 17.9158 17.3018 39.4385 17.044 16.8735 16.5951 20.5807 23.3993 23.2088 24.369 19.0187
threshold=0.010860531125217678 24.500000000000004 0.016824341379106048 -0.51862940192222584 -1.0000000180025095e-35 -0.0085080158896744234 -0.090877436101436601 0.10150816291570665 49.972137451171882 0.098470084369182601 0.87837970256805431 -0.044431960210204118 0.032658951357007034 59.500000000000007 2.0600360631942753 0.026738930493593219 0.010132184252142908 0.061693329364061363 -0.14971382915973661 -0.1018773280084133 31.956234931945804 -0.033725373446941369 44.500000000000007 -0.20837327092885968 41.591802597045906 -0.0069216857664287082 -0.87909823656082142 56.500000000000007 0.041969459503889091 0.0064759384840726861
decision_type=2 2 2 2 2 2 2 2 2 2 2 2 2 2 2 2 2 2 2 2 2 2 2 2 2 2 2 2 2 2
left_child=7 4 3 -3 20 17 -7 24 15 10 14 -12 -13 -11 19 22 -17 18 -4 -5 21 -2 -8 -6 -1 -26 -27 28 -28 -29
right_child=1 2 5 9 23 6 8 -9 -10 13 11 12 -14 -15 -16 16 -18 -19 -20 -21 -22 -23 -24 -25 25 26 27 29 -30 -31
leaf_value=-0.010905974038172599 0.034845082885049464 -0.019821177228268143 0.026875151466943137 0.03815756120613905 -0.01271165991314631 -0.025481268798110138 -0.020649429095938632 -0.030286590963064484 -0.01753308627527676 -0.0082458332503285523 0.029032064436913252 -0.020972095102281332 0.019894531527048228 0.021858540547012351 -0.033496052768538745 0.025525299934663202 -0.038214946871795663 -0.025616658284227833 -0.001922356782722372 -0.0022117983001033533 -0.026560056305251392 -0.027488437232200208 0.013384396273836755 0.024733943264274385 0.030167438712146132 -0.02051610180433433 0.0063660351219954007 0.023965279459490351 -0.022215812556572245 0.0043174825097911252
leaf_weight=59.683438238544113 29.088984391783924 118.88567847185004 37.419581677248971 14.768754668242762 17.762590551918038 187.88568957907682 60.868461792028938 24.336636123385688 186.37986615509999 40.948963687891592 65.437833229376338 43.810835478177069 52.909649261393042 123.22425514601309 26.567226781455247 59.022094817176367 10.434558137285419 38.155885516453054 288.61677338863637 776.69821844076478 35.212404052947022 24.781460778730434 28.470784188488324 148.23065276116722 55.94821773509284 37.77423107624054 304.24663943587257 176.05507508047867 45.16498077547476 102.94978253824411
leaf_count=330 294 135 197 87 20 758 294 21 2972 112 106 163 322 290 117 187 111 80 1998 3549 73 43 1037 616 105 14 670 814 75 302
internal_value=-0.000124784 -0.00228683 -0.00387021 -8.91278e-06 0.011124 -0.00930645 -0.0146766 0.00635346 -0.0087951 0.00204925 -1.07484e-05 0.0125409 0.00138228 0.0143491 -0.00249899 0.00146004 0.0159478 -0.00144592 0.00138244 -0.00145836 -0.0067672 0.00616836 -0.00980221 0.0207263 0.00749415 0.00901504 0.00723843 0.00890695 0.00267121 0.0167159
internal_weight=3221.74 2415.58 2160.51 1263.25 255.076 897.254 533.061 806.159 345.176 1144.37 980.193 162.158 96.7205 164.173 818.034 158.796 69.4567 364.192 326.036 791.467 89.0828 53.8704 89.3392 165.993 781.822 722.139 666.191 628.416 349.412 279.005
internal_count=15892 13561 12515 4881 1046 7634 5359 2331 4601 4746 4344 591 485 402 3753 1629 298 2275 2195 3636 410 337 1331 636 2310 1980 1875 1861 745 1116
is_linear=0
shrinkage=0.0363096


Tree=147
num_leaves=31
num_cat=0
split_feature=3 1 5 11 13 1 18 16 11 20 7 11 8 1 1 14 20 6 6 13 16 13 1 16 13 7 9 11 11 3
split_gain=65.755 44.177 48.0187 33.9011 30.8035 21.6161 21.4207 21.1128 22.0258 33.0677 20.9286 18.5187 36.5401 14.6329 29.2998 21.1275 24.2218 17.0386 14.395 23.987 27.8522 23.2386 13.3347 12.7929 12.44 11.2912 10.1032 12.9955 7.08734 6.93715
threshold=56.874711990356452 -0.027683638967573639 32.117872238159187 0.025203974917531017 -0.13211155682802198 -0.0049894670955836764 -0.68301269412040699 86.064952850341811 0.016076784580945972 0.81174489855766307 69.230587005615249 0.01701300032436848 0.070770237594842925 0.078514065593481078 0.055912099778652198 -0.0040202029049396506 -0.56174489110708226 -0.87909823656082142 -0.51862940192222584 0.11708892509341241 32.792608261108406 -0.025641087442636486 0.023126970976591114 61.303329467773445 -0.095243606716394411 37.210649490356452 0.12816289067268374 0.037425775080919273 0.017369507811963562 39.875404357910163
decision_type=2 2 2 2 2 2 2 2 2 2 2 2 2 2 2 2 2 2 2 2 2 2 2 2 2 2 2 2 2 2
left_child=1 2 4 5 -1 6 25 8 10 -10 -8 -6 -13 14 15 16 -7 -17 -15 21 -21 -20 -2 -24 28 -3 27 -5 -14 -16
right_child=22 3 -4 26 11 13 7 -9 9 -11 -12 12 24 18 29 17 -18 -19 19 20 -22 -23 23 -25 -26 -27 -28 -29 -30 -31
leaf_value=-0.051316308491049699 -0.026134284262810975 0.018743938624614796 -0.02560146688222982 -0.028105812422343293 0.023259841838121149 0.005717120940928324 -0.0091680071657219524 0.025211293428686086 -0.025703848079098642 0.033454405445312682 0.032184687196044608 -0.029033876472586879 0.01819914610261936 0.030281524498140255 -0.0067142580806527621 0.022648006141704917 -0.011539796751364972 0.0039932173411039579 0.045489533846089142 -0.025442644510920241 0.030791473402271126 -0.031350984686803647 0.020375071356860841 -0.02819576001022223 0.024949919284441541 -0.019592976695668476 -0.026290438742742856 0.065032859374900831 -0.026840990614998145 -0.024408006984185278
leaf_weight=8.7484368157934096 150.02570891849973 10.837540248248841 40.561718371993265 4.10978888982845 246.57589123889375 185.43632046806306 360.24008459670404 35.108340439461244 17.547129906004557 42.93018170571122 16.890597998695739 29.746355339771071 7.8246078457759749 44.191131717569078 53.301933855740572 69.250905773893464 254.24495393946927 951.64802026114376 6.26227822630426 14.901552273571722 52.570599156664684 30.243497693138124 17.503397105109801 12.085151162038526 67.347553150951171 154.18385601477803 83.873382209018018 3.8003246784210205 11.19159341319846 64.700798125122674
leaf_count=160 427 82 537 102 1731 707 1804 37 177 46 62 300 4 44 581 29 1490 4698 85 31 183 269 124 69 311 617 904 1 101 179
internal_value=-0.000428549 0.000906003 0.0119088 -0.000939472 0.0160053 -9.89894e-05 -0.00581165 -0.00187962 -0.00405333 0.0162881 -0.00731562 0.0176295 0.00567182 0.00201079 0.000986672 0.0023928 -0.00426141 0.00525875 0.0129209 0.00554143 0.0183702 -0.0181663 -0.0217407 0.000532941 0.0176269 -0.0170746 -0.0225904 0.016628 -0.0083024 -0.0164167
internal_weight=3047.88 2868.27 411.996 2456.27 371.434 2364.49 637.738 472.716 437.608 60.4773 377.131 362.686 116.11 1726.75 1578.58 1460.58 439.681 1020.9 148.169 103.978 67.4722 36.5058 179.614 29.5885 86.3638 165.021 91.7835 7.91011 19.0162 118.003
internal_count=15892 15272 3144 12128 2607 11121 2825 2126 2089 223 1866 2447 716 8296 7684 6924 2197 4727 612 568 214 354 620 193 416 699 1007 103 105 760
is_linear=0
shrinkage=0.0363096


Tree=148
num_leaves=31
num_cat=0
split_feature=21 1 18 1 1 21 0 8 21 6 1 8 1 5 13 16 13 4 1 0 21 13 8 1 13 1 21 5 14 14
split_gain=39.5757 26.163 17.7242 17.1005 22.6487 25.1736 15.2769 37.0813 22.0317 20.8785 18.5314 17.1299 26.4343 17.9795 16.922 32.8689 32.0573 30.256 21.8292 18.7753 12.4168 11.546 8.42754 6.41116 9.30248 5.31739 3.14421 7.95085 3.12189 3.80454
threshold=0.048838546499609954 -0.027683638967573639 0.93301269412040722 -0.060762835666537278 -0.047311121597886079 0.026738930493593219 33.500000000000007 -0.65048983693122853 0.035019053146243102 2.1708174943923955 0.075554728507995619 0.05881206505000592 -0.020933509804308411 25.592158317565922 -0.060129610821604722 42.156774520874031 -0.047862943261861794 20.673912048339847 -0.020933509804308411 45.500000000000007 0.020623076707124714 -0.11292665079236029 0.070770237594842925 -0.0054356600157916537 -0.076325457543134675 -0.029947913251817223 0.025722157210111622 30.841956138610843 -0.023632237687706944 -0.032747389748692506
decision_type=2 2 2 2 2 2 2 2 2 2 2 2 2 2 2 2 2 2 2 2 2 2 2 2 2 2 2 2 2 2
left_child=3 25 28 -1 5 -5 7 9 14 10 20 23 -13 -14 15 19 17 -16 -18 -8 -6 -17 -7 24 -9 -2 27 -11 29 -3
right_child=1 2 -4 4 6 22 8 11 -10 26 -12 12 13 -15 16 21 18 -19 -20 -21 -22 -23 -24 -25 -26 -27 -28 -29 -30 -31
leaf_value=-0.025927238019706304 0.00042056748751639498 0.028808039320590808 -0.0070281929977590099 -0.027174816115369298 -0.0048069361261230386 0.02982956268847152 0.004582658702393853 0.026491734479561341 0.027507801777894705 0.029649281165909435 -0.026421374769005395 0.026990180787105598 0.0061290972361511464 -0.025164805787062115 0.0049969009483230844 0.00789791267727071 -0.017390183320785423 0.038792799327671657 -0.0012692306063070838 -0.021253937938649093 0.015012314521389701 -0.022464458251721935 0.0085007603003720653 0.03351208292130485 -0.0056198566941544296 -0.03130605932707195 -0.026667437092671685 -0.027679225265515833 0.032585484672095925 0.010152689373846811
leaf_weight=34.270189257621496 13.772639943727881 36.595816966964776 22.801895515782235 15.930458408678531 79.837123190143757 65.137887610078906 210.33949203665361 36.675447195572815 33.350369756757573 4.9548684715718982 27.919001460075378 56.953392251954938 80.826112321847177 34.550319539517659 136.22822782792264 18.173968558892739 117.41742207855987 46.968970554382395 1947.3613395090088 45.017928670925357 87.173014368823715 179.99333036905227 39.102796131757714 57.12822729349682 17.594202760865301 14.074756265643373 52.567072807782097 8.9467833591370418 74.096665242801464 23.814360859332737
leaf_count=974 78 77 36 470 216 146 303 89 697 39 13 199 127 17 547 104 856 75 8292 856 171 858 77 58 112 9 60 102 201 33
internal_value=0.000474769 0.0168265 0.0225695 -0.000406755 -0.000149498 0.0153325 -0.000716762 0.00483356 -0.00182312 -0.00503234 0.000959376 0.0139234 0.00674939 -0.00324115 -0.00218526 -0.00858322 -0.000894434 0.0136623 -0.00218603 2.73736e-05 0.0055373 -0.0196793 0.0218298 0.0250203 0.0160791 -0.0156109 -0.0226055 -0.00723781 0.0275878 0.0214558
internal_weight=3619.57 185.156 157.309 3434.42 3400.15 120.171 3279.98 545.126 2734.85 261.398 194.929 283.728 172.33 115.376 2701.5 453.525 2247.98 183.197 2064.78 255.357 167.01 198.167 104.241 111.398 54.2696 27.8474 66.4687 13.9017 134.507 60.4102
internal_count=15892 434 347 15458 14484 693 13791 1203 12588 601 400 602 343 144 11891 2121 9770 622 9148 1159 387 962 223 259 201 87 201 141 311 110
is_linear=0
shrinkage=0.0363096


Tree=149
num_leaves=31
num_cat=0
split_feature=1 4 12 0 12 1 14 0 1 1 10 10 7 0 20 1 10 20 2 12 10 4 10 10 18 13 19 14 6 18
split_gain=72.9815 42.7079 28.2657 23.7534 27.9007 44.1412 39.5792 25.0633 23.07 27.0186 25.9254 29.0496 23.0333 24.7014 26.9976 22.7355 22.2782 19.7431 18.0803 16.2281 14.6955 14.5162 28.2995 17.085 20.9736 13.9474 13.5254 4.92292 6.29517 4.79006
threshold=-0.031422922387719147 10.383468151092531 0.12369922176003458 25.500000000000004 -0.0088740619830787165 0.013467282988131048 -0.0082963989116251451 70.500000000000014 0.075554728507995619 0.05796055123209954 0.016574665904045108 0.006418882869184018 45.739515304565437 55.500000000000007 -0.56174489110708226 -0.022213581018149849 0.033051175996661193 1.0000000180025095e-35 -0.036004006862640374 -0.023449279367923733 0.0071779782883822927 10.180556297302248 0.031585412099957473 0.01820723153650761 -0.68301269412040699 -0.060955047607421868 -0.87837970256805409 0.0096035664901137369 0.1177288480103016 0.25000000000000011
decision_type=2 2 2 2 2 2 2 2 2 2 2 2 2 2 2 2 2 2 2 2 2 2 2 2 2 2 2 2 2 2
left_child=1 -1 3 21 5 6 15 -8 9 10 11 -6 13 18 -15 -5 -17 -14 -7 -19 -11 29 23 24 -23 -12 -9 -10 -29 -2
right_child=2 -3 -4 4 8 12 7 26 27 20 25 -13 17 14 -16 16 -18 19 -20 -21 -22 22 -24 -25 -26 -27 -28 28 -30 -31
leaf_value=0.027346159051816595 0.034251072614067214 -0.025444063725785209 -0.022117195414823994 0.027397801433181639 0.0084455548827032292 -0.0058139358303543236 -0.022431559220637099 0.034944269647532236 -0.027011047427575326 -0.018132557839421744 0.029807065582985404 -0.0018629627732090035 -0.025323528614608275 -0.019415653301240614 0.034015095937076155 0.0016754612853190733 -0.029113407777320355 -0.023534066674122521 0.015598770676751077 0.030089552334273895 0.030072082010960038 0.025371443343602185 -0.027515186588697969 0.030932397375419855 -0.027618925852903542 0.0030013531444278729 -0.015490073241198615 0.041555799625072234 -0.02655553394664921 0.017365940485387775
leaf_weight=22.459701502121789 39.614290819115013 201.02724011978626 66.000405248218158 35.322069024453413 587.70701612742414 124.8213280513155 283.62650403995031 16.28579715795604 38.225306669132806 9.4006585795432311 71.831951225151897 931.82563458196728 52.169096055132286 14.825710691450693 78.304470527863486 162.61795149406771 38.274993006320983 11.619189285738683 89.092866032473466 20.681098108036167 73.550408412469551 19.130944189123511 26.551302397441759 44.440490081211465 20.29187331119374 39.768411198912872 12.304886894382436 3.4046019801535286 3.7683163072179013 50.345585943982769
leaf_count=517 69 2433 933 131 1428 270 1516 32 242 20 80 3718 361 565 732 775 72 127 219 138 284 43 29 66 114 579 238 44 54 63
internal_value=-0.00012924 -0.0201383 0.0013785 0.00191331 0.00101793 -0.00403252 -0.0106808 -0.0191652 0.00371603 0.00439272 0.00336461 0.00212397 0.00528009 0.00989958 0.025508 0.000532953 -0.00419003 -0.0115103 0.0031037 0.0107963 0.0246078 0.0139752 0.00515252 0.0154966 -0.00190113 0.020256 0.0132344 -0.0218311 0.00575793 0.0248027
internal_weight=3189.29 223.487 2965.8 2899.8 2699.43 939.946 548.432 312.217 1759.48 1714.08 1631.13 1519.53 391.514 307.044 93.1302 236.215 200.893 84.4694 213.914 32.3003 82.9511 200.374 110.415 83.8633 39.4228 111.6 28.5907 45.3982 7.17292 89.9599
internal_count=15892 2950 12942 12009 11625 5176 2764 1786 6449 6109 5805 5146 2412 1786 1297 978 847 626 489 265 304 384 252 223 157 659 270 340 98 132
is_linear=0
shrinkage=0.0363096


Tree=150
num_leaves=31
num_cat=0
split_feature=0 2 13 3 13 10 0 14 3 14 20 0 9 4 0 13 2 9 8 8 9 4 4 10 14 0 13 6 21 10
split_gain=84.9405 25.7332 45.4575 35.5667 31.7535 27.697 20.9857 27.4632 27.5234 19.1002 30.9611 34.9302 27.6835 25.5628 22.8688 21.6257 23.8692 22.0674 24.3886 21.2682 18.8331 18.7636 18.3209 18.039 15.9134 15.6878 15.373 17.4639 17.8728 23.9003
threshold=27.500000000000004 0.002213635249063373 0.04649366810917855 28.830504417419437 -0.13211155682802198 0.006418882869184018 61.500000000000007 -0.0035257783019915219 42.625802993774421 0.002262366004288197 -0.56174489110708226 49.500000000000007 0.15499655157327655 7.0908505916595468 33.500000000000007 -0.046765914186835282 -0.087146565318107591 0.044098202139139182 -0.48294706642627711 1.0957905054092409 0.03241239860653878 16.101378440856937 42.334968566894538 0.0084791374392807501 0.0056880926713347444 54.500000000000007 -0.021385774947702881 0.50063154101371776 0.0073846606537699708 0.0055147577077150354
decision_type=2 2 2 2 2 2 2 2 2 2 2 2 2 2 2 2 2 2 2 2 2 2 2 2 2 2 2 2 2 2
left_child=23 4 26 5 -2 -4 -5 -8 -9 10 13 12 14 -6 -12 16 -11 24 -19 -13 -7 -18 -10 -1 -17 -22 -3 -28 -29 -30
right_child=1 2 3 6 9 20 7 8 22 15 11 19 -14 -15 -16 17 21 18 -20 -21 25 -23 -24 -25 -26 -27 27 28 29 -31
leaf_value=0.030260439922373025 -0.027780550334151288 0.021596641100218771 -0.013685895954041419 0.0063777764782026259 -0.011891307821430051 -0.028839037639851548 -0.028939616315951051 0.0033285814903562631 -0.021617636506140046 0.011207370952232513 -0.026374478922770145 -0.023064145734461045 -0.033054565346821121 0.015912208289068957 0.0059476367606442456 0.012876844104521853 0.0045287629816681968 -0.029694674623643915 0.02341311076764524 0.040333216915174643 0.0041389660839935873 -0.027642146197792625 0.014935129910658122 -0.025510882179814221 -0.032044057246182325 0.031583293825769874 -0.022908480843530747 -0.024391721498760045 0.038457654988073395 -0.0065492168339562661
leaf_weight=7.9609489917529563 39.538041703284762 15.179097059964077 35.446779562953452 251.66103108091193 52.241868780840377 9.1165362852989329 62.813874955274514 283.54908854454516 121.97471472354482 163.33687097994607 30.883271786568912 122.02439567073225 28.449894761233736 263.32072132688427 440.14182806486224 23.062158577435184 47.560286361332146 11.944277310927644 249.40888022928084 7.3980116989077933 36.288902644135305 48.039240625971615 21.219573986487376 192.1006569567835 18.929127275254359 112.99429607049751 187.97988276088654 44.60424553258963 20.226804133127189 67.347887885030104
leaf_count=88 429 90 62 979 141 33 519 1366 820 353 222 2159 48 1046 824 143 371 86 854 18 186 375 98 1386 135 514 1288 251 129 879
internal_value=-0.00042991 0.00119382 -0.00263501 0.00147802 0.00433961 0.0153254 -0.00214326 -0.0065238 -0.00322406 0.00518254 0.00202807 -0.00262863 0.00172709 0.0113089 0.00382815 0.0104809 0.0027731 0.0170599 0.0209855 -0.0194393 0.0218183 -0.0116361 -0.0162002 -0.023291 -0.00737031 0.0249127 -0.0141042 -0.0157972 -0.00568299 0.00384464
internal_weight=3016.74 2816.68 1270.4 935.065 1546.28 193.847 741.218 489.557 426.743 1506.74 944.46 628.897 499.475 315.563 471.025 562.281 258.936 303.344 261.353 129.422 158.4 95.5995 143.194 200.062 41.9913 149.283 335.338 320.159 132.179 87.5747
internal_count=15892 14418 7214 4577 7204 795 3782 2803 2284 6775 4458 3271 1094 1187 1046 2317 1099 1218 940 2177 733 746 918 1474 278 700 2637 2547 1259 1008
is_linear=0
shrinkage=0.0363096


Tree=151
num_leaves=31
num_cat=0
split_feature=16 1 1 6 7 0 5 2 8 16 5 2 7 13 13 2 2 9 2 10 9 10 6 8 12 2 9 12 1 6
split_gain=37.1341 16.2561 21.5324 23.0639 19.3311 16.7687 26.7366 19.9628 18.4182 29.2339 16.443 43.2499 24.5451 22.0616 18.8041 18.0698 15.5701 15.3549 15.3219 14.6651 13.8034 13.5724 12.1372 10.5243 9.90917 16.9451 12.9203 5.36816 6.19128 5.88387
threshold=21.253453254699711 -0.060762835666537278 -0.047311121597886079 -0.14210834354162213 49.192550659179695 33.500000000000007 24.534575462341312 -0.021523001603782174 -1.5009697079658506 26.393198966979984 27.768135070800785 -0.066698245704174028 37.567609786987312 -0.11292665079236029 -0.060129610821604722 -0.063833098858594881 -0.049895007163286202 0.027372183278203014 -0.058774111792445176 0.013709859922528269 0.23989582061767581 0.026711715385317806 0.085826776921749129 -1.3372915387153623 -0.12189617007970809 -0.13648501038551328 0.050042951479554183 -0.097391840070486055 0.050020709633827216 1.31531298160553
decision_type=2 2 2 2 2 2 2 2 2 2 2 2 2 2 2 2 2 2 2 2 2 2 2 2 2 2 2 2 2 2
left_child=21 -2 3 -3 -5 6 17 8 20 -10 11 -7 19 -14 -15 -13 -17 -4 22 23 -8 24 -19 -12 25 -1 -26 -28 29 -29
right_child=1 2 5 4 -6 10 7 -9 9 -11 12 15 13 14 -16 16 -18 18 -20 -21 -22 -23 -24 -25 26 -27 27 28 -30 -31
leaf_value=0.027372893996969249 -0.025803665979008635 -0.027018472500116866 -0.010994966235927325 0.026462093101833003 -0.027409466509874369 -0.025057443637483457 -0.030783498407850569 -0.026593651648892064 0.032908378817890042 0.0018363251664630044 0.0027645514213332596 0.044081954207940865 0.031115539424235991 -0.0056102849274241818 0.01219311508091757 -0.017615438352740594 -0.0017625643405012005 -0.012584261837334389 0.032281277710675363 -0.031865239091991231 -0.0013131410629738725 0.029040340121052912 0.021737229748998048 -0.017228126329526944 -0.021670280989285411 -0.017837388267727846 0.043589231815280113 0.029875500000129791 -0.0054356015099727073 0.0010334797226104913
leaf_weight=15.902845225367853 32.974396628492286 14.917980075547346 21.365890577118989 92.046510110152667 9.7057581917033513 115.51709553662204 32.572047674406349 33.983261218860207 47.558690297462817 248.59677706627735 119.84631068054296 11.061029882019282 50.71686970920382 126.46161826321531 204.98503710285513 85.426687375225811 1863.6937786889475 23.175470124826461 80.237597251512852 26.962509396405949 58.766223312619331 66.189777377921928 32.813925175691111 48.864002734362657 10.299160530972584 34.94613346082042 12.334555139952498 39.143038320733467 12.552402869801879 12.252112320466038
leaf_count=85 967 33 32 429 195 682 93 64 87 414 583 47 157 445 1032 330 8750 19 314 272 37 48 76 166 47 51 81 168 44 144
internal_value=0.000472502 -0.000434072 -0.000184267 0.0151403 0.0213223 -0.000737391 0.00486066 8.96026e-05 0.00243003 0.00682649 -0.00195907 -0.00346717 0.00345809 0.00881301 0.00539999 -0.00219475 -0.00245743 0.01762 0.0221088 -0.0069999 -0.0118238 0.0155318 0.00752867 -0.00302533 0.00902485 -0.00369576 0.0164969 0.0216516 0.0174182 0.0230021
internal_weight=3585.87 3382.25 3349.28 116.67 101.752 3232.6 579.07 421.477 387.494 296.155 2653.53 2075.7 577.836 382.164 331.447 1960.18 1949.12 157.593 136.227 195.673 91.3383 203.62 55.9894 168.71 137.43 50.849 86.5813 76.2821 63.9476 51.3952
internal_count=15892 15224 14257 657 624 13600 1136 695 631 501 12464 9809 2655 1634 1477 9127 9080 441 409 1021 130 668 95 749 620 136 484 437 356 312
is_linear=0
shrinkage=0.0363096


Tree=152
num_leaves=31
num_cat=0
split_feature=9 3 2 10 13 13 13 13 3 3 21 12 21 10 11 6 6 10 2 8 21 21 12 6 6 10 12 3 13 6
split_gain=32.0338 35.1595 57.4653 30.1458 51.9649 34.8181 27.3051 26.3056 30.763 27.4717 23.6655 23.2492 26.8797 22.9555 25.8838 31.5226 27.4481 22.9416 22.8041 22.3647 39.0836 21.584 20.277 20.2102 19.1467 17.1169 17.6898 17.1164 17.0111 30.8286
threshold=0.039441257715225227 57.928659439086921 -0.097070876508951173 0.017478280700743202 0.0073830734472721824 -0.060955047607421868 -0.1018773280084133 0.047584861516952522 40.511638641357429 26.295931816101078 0.019262248650193218 0.003109368029981852 0.019879480823874477 0.0075607711914926776 0.0054724283982068309 -0.66230919957160939 0.70256349444389354 0.0084154512733221071 0.05608979985117913 -1.2994210124015806 0.0320314858108759 0.0080808340571820753 -0.058623092249035828 1.7992838025093081 0.34026987850666052 0.0068988401908427486 0.01542750094085932 27.308477401733402 -0.10801804438233374 1.9052253961563113
decision_type=2 2 2 2 2 2 2 2 2 2 2 2 2 2 2 2 2 2 2 2 2 2 2 2 2 2 2 2 2 2
left_child=13 2 19 4 6 -5 -4 9 18 -6 -10 -7 -13 14 15 -1 -16 -15 -9 20 -2 -18 23 -8 -11 -23 -27 -19 -3 -30
right_child=1 28 3 5 7 11 22 8 10 24 -12 12 -14 17 16 -17 21 27 -20 -21 -22 25 -24 -25 -26 26 -28 -29 29 -31
leaf_value=-0.031868228060556753 0.027436067096583087 0.018871917716445873 0.020563367521094087 0.024945972234046113 -0.023052534100019468 0.015453297723922944 0.0040389922387749962 -0.02317567232429563 0.0099549930669738072 0.02031554733352043 -0.026398526860175239 0.051268137796652874 -0.025260427525489536 -0.017344097097808014 0.023808467959879506 0.0065211228676804386 0.029171490026911471 0.034723456588424885 -0.0031955258952781613 -0.02584227857994929 -0.019661071613061781 -0.024682583655358352 -0.017449360958693563 -0.028708651957023414 0.0018855026203615231 -0.016549488905863021 0.062224484367094754 -0.00017862410721776473 0.029017833420903919 -0.0098742096541643929
leaf_weight=32.380744218826294 33.405180699134689 140.31953506475656 33.29661564260914 116.09938563325977 30.009142123589299 50.012648996805183 129.27688469695659 110.63865741381233 255.09270793956512 195.31488945816454 26.014591469299376 6.7421708210767965 58.937953858117908 93.018334726265493 224.81692881580238 218.36817237000105 22.475712283005123 23.292620640107543 235.91016463429787 193.34164294410493 76.257089603197528 42.200734913239103 418.83302551657516 30.756099994919168 119.98370171878105 8.015055388077597 7.0738192294829778 90.466741153240491 37.050692205753876 97.791639610377388
leaf_count=15 367 125 200 275 193 410 725 595 699 555 323 54 1070 249 493 831 32 127 1584 1315 255 229 3038 439 799 84 33 427 71 280
internal_value=-0.000125837 -0.00218899 -0.00377398 -0.00133261 -0.00312115 0.0108979 -0.0114094 0.00209345 -0.00233472 0.0101427 0.0065903 -0.00319851 -0.0174028 0.00635789 0.0102033 0.0015632 0.0173159 -0.00396887 -0.00957469 -0.0184129 -0.00531335 -0.000982008 -0.0132486 -0.00225398 0.0133025 -0.0128138 0.0203735 0.00696676 0.0100218 0.000811373
internal_weight=3157.19 2395.08 2119.92 1816.92 1585.13 231.792 612.163 972.964 627.656 345.308 281.107 115.693 65.6801 762.109 555.331 250.749 304.582 206.778 346.549 303.004 109.662 79.7653 578.866 160.033 315.299 57.2896 15.0889 113.759 275.162 134.842
internal_count=15892 13372 12896 10959 9150 1809 4402 4748 3201 1547 1022 1534 1124 2520 1717 846 871 803 2179 1937 622 378 4202 1164 1354 346 117 554 476 351
is_linear=0
shrinkage=0.0363096


Tree=153
num_leaves=31
num_cat=0
split_feature=21 19 3 8 13 13 3 10 20 13 6 18 19 6 16 6 6 16 10 21 17 21 10 10 6 5 9 6 13 9
split_gain=70.0409 42.2416 31.379 28.4951 24.8064 47.3806 32.3061 28.1337 26.0574 48.7877 53.2647 38.4928 52.2439 30.6992 24.3005 21.3577 19.9482 26.8044 16.6215 21.2126 22.1503 16.1005 21.2615 15.2848 14.9464 14.7079 21.7145 12.9269 12.236 29.4274
threshold=0.036035088822245605 -0.87837970256805409 57.339855194091804 0.23705399781465533 0.0049211108125746259 0.04649366810917855 28.830504417419437 0.0062320430297404536 1.0000000180025095e-35 -0.047862943261861794 0.27605535089969641 1.0000000180025095e-35 0.6078576147556306 0.43860100209712988 73.756870269775405 0.45919317007064825 -0.05621273256838321 53.472623825073249 0.006418882869184018 0.015208249446004631 0.25000000000000011 0.0073846606537699708 0.0055147577077150354 0.0061679242644459018 0.84045222401618969 22.881937026977543 0.053424788638949401 -0.15367018431425092 0.090193275362253203 0.046637220308184631
decision_type=2 2 2 2 2 2 2 2 2 2 2 2 2 2 2 2 2 2 2 2 2 2 2 2 2 2 2 2 2 2
left_child=1 3 4 -1 8 15 7 -7 16 10 -10 12 -11 -13 -12 -6 25 23 -5 20 24 -17 -23 -18 -20 26 -3 -9 29 -8
right_child=-2 2 -4 18 5 6 28 27 9 11 14 13 -14 -15 -16 21 17 -19 19 -21 -22 22 -24 -25 -26 -27 -28 -29 -30 -31
leaf_value=-0.024370512385361622 -0.025589718987314925 -0.037112712489934911 -0.01957529380960837 -0.020004924385612327 -0.023432077441763084 -0.012701006169821708 0.0077278356460958285 0.029305999426269901 -0.027092547909383341 0.010578588707240216 0.0056738419434566581 0.029897972648906812 -0.029723850553109308 0.00057137179100763319 -0.029211272853183329 -0.024784423832787752 0.019549237059377427 0.022622884343239696 -0.027755531704879967 -0.015885921591861113 0.047232732672786291 0.037704102546508252 -0.0049054973331887578 -0.001989073696773945 0.025180058038497089 0.023667104786097133 0.024414436348721237 -0.00010661665341775036 0.0052682928163855581 -0.013894383868739948
leaf_weight=139.10482718866888 139.25865893875653 13.808189696518641 84.483244144172204 38.524375838635933 152.932469656178 33.739469654954519 138.33344423781455 114.9542580985908 126.07306609403531 145.34466001169312 229.73700598559162 150.24958071910351 59.872612263419796 68.532263246215734 29.731994657292489 31.258310308278851 51.827008603533613 105.19766301252639 13.216066042369677 29.44396954252079 25.209385689395276 20.652562641499571 61.146644963516337 268.36659124545758 15.028028777405778 197.2400940756861 16.717442329072583 23.765391086637464 252.80206795805134 207.3842265838266
leaf_count=1430 1302 54 314 123 1012 56 377 232 536 409 1599 333 245 325 72 223 130 556 56 442 83 116 710 1787 80 159 120 439 1420 1152
internal_value=-0.000447242 0.000783548 0.00218848 -0.0131514 0.00292409 -0.00137175 0.00318693 0.0170334 0.00596967 0.0016164 -0.00773111 0.0101164 -0.00117921 0.0207121 0.00167598 -0.0145856 0.0113651 0.00672148 -0.000297508 0.00885966 0.0224925 -0.00261801 0.00585122 0.00149681 0.000406275 0.0200372 -0.0034136 0.0242662 -0.000802644 -0.00524227
internal_weight=2983.94 2844.68 2584.15 260.527 2499.67 1036.97 770.979 172.459 1462.7 809.541 385.542 423.999 205.217 218.782 259.469 265.99 653.157 425.391 121.422 82.8975 53.4535 113.058 81.7992 320.194 28.2441 227.766 30.5256 138.72 598.52 345.718
internal_count=15892 14590 12376 2214 12062 5737 3676 727 6325 3519 2207 1312 654 658 1671 2061 2806 2473 784 661 219 1049 826 1917 136 333 174 671 2949 1529
is_linear=0
shrinkage=0.0363096


Tree=154
num_leaves=31
num_cat=0
split_feature=21 10 6 21 19 21 19 18 7 5 3 0 8 13 6 8 13 13 4 6 6 10 6 10 17 5 6 13 18 3
split_gain=35.1289 15.9462 23.5669 24.4543 18.8528 21.2973 18.4587 29.3814 25.7567 18.0036 16.5551 30.5588 16.1446 17.1742 15.7306 15.3771 30.3463 24.0347 15.4139 20.809 19.9438 15.29 15.699 36.6797 16.5762 14.9315 14.4386 14.4372 14.2726 14.2545
threshold=0.048838546499609954 0.0058015149552375087 1.4254629015922549 0.0059380487073212871 0.87837970256805431 0.010860531125217678 0.6078576147556306 0.68301269412040722 37.567609786987312 24.330775260925297 32.182516098022468 73.500000000000014 0.32477569580078131 0.080955807119607939 -0.31531879305839533 -1.0758705735206602 -0.098761379718780504 -0.021385774947702881 17.571805953979496 -0.87909823656082142 -0.09585318341851233 0.0060205240733921537 0.12692251801490786 0.007291157031431795 -0.68301269412040699 10.981863021850588 2.6001058816909794 0.063248798251152052 0.93301269412040722 27.149683952331547
decision_type=2 2 2 2 2 2 2 2 2 2 2 2 2 2 2 2 2 2 2 2 2 2 2 2 2 2 2 2 2 2
left_child=1 2 -1 -4 6 -6 10 8 26 14 11 -3 -13 -14 -10 16 -7 -18 -17 -20 -21 -12 23 -23 -24 -9 -8 -5 -2 -11
right_child=28 4 3 27 5 15 7 25 9 29 21 12 13 -15 -16 18 17 -19 19 20 -22 22 24 -25 -26 -27 -28 -29 -30 -31
leaf_value=-0.011452465848180861 0.0204281346694574 -0.0073704406500612859 0.031952201696783082 -0.01046491024800645 0.036612203879133526 0.076569096989181434 -0.031013691384365417 0.037074209393263398 -0.021807742153706414 0.0041615879226682868 -0.023826106572275161 0.040446339828726141 -0.018880896081316989 0.032798407188153057 0.011290017609981591 -0.021761959479381424 -0.027441409721147732 0.035508127191331 0.040321928770926004 -0.025431392690529263 0.0024631320000070706 -0.022161213881238168 0.0085482077038995258 0.024023010791797954 -0.00085834913599226552 -0.010618899158642248 0.017319872553739395 0.027853342479256804 -0.0094159822576610833 0.026550360306130321
leaf_weight=343.22946281823533 152.08047316823649 565.83942433591528 36.580435280302481 70.810177056919201 13.878426035926166 7.6571090465349689 25.525675790964669 9.3352371438959363 24.044979259700085 47.199794596013817 28.842387721813793 27.199109811901508 19.948533528643566 14.742693135225634 89.004519866036389 126.61907638840785 20.990555200065501 12.91658514968003 12.463458399590307 56.073919354238569 85.023349220632554 28.564155920523262 335.17568790730911 109.86183406064265 938.58600308977111 118.48783042610739 11.965773603717023 15.867330654793475 24.529182343067987 182.51322787535082
leaf_count=1099 390 2848 77 356 79 25 132 46 94 73 89 619 156 91 688 573 152 87 9 159 778 30 1457 419 4271 474 80 44 44 453
internal_value=0.000496039 -0.000329048 -0.00656168 0.00705651 0.000669191 -0.00742539 0.00172352 0.00792462 0.0129872 0.0161127 0.000200508 -0.00472077 0.0195023 0.00307804 0.00424929 -0.00932532 0.0112825 -0.00345803 -0.0123829 -0.00464855 -0.00862175 0.00234435 0.00287894 0.0144921 0.00161679 -0.00713482 -0.0155845 -0.00344896 0.0162825 0.0219506
internal_weight=3555.56 3378.95 466.487 123.258 2912.46 335.622 2576.84 508.077 380.254 342.763 2068.76 627.73 61.8903 34.6912 113.049 321.744 41.5642 33.9071 280.18 153.561 141.097 1441.03 1412.19 138.426 1273.76 127.823 37.4914 86.6775 176.61 229.713
internal_count=15892 15458 1576 477 13882 1862 12020 2040 1520 1308 9980 3714 866 247 782 1783 264 239 1519 946 937 6266 6177 449 5728 520 212 400 434 526
is_linear=0
shrinkage=0.0363096


Tree=155
num_leaves=31
num_cat=0
split_feature=1 5 3 0 1 8 13 5 19 1 1 10 3 3 13 7 13 1 7 7 5 3 1 21 2 6 1 0 8 13
split_gain=67.1891 34.3346 22.9429 23.2128 22.959 20.7343 34.3795 45.6848 28.0544 19.9611 100.031 27.6864 28.1488 27.3273 26.1929 46.3359 30.2028 25.952 22.5994 29.911 29.7573 18.328 32.6064 20.5974 19.0962 17.4689 17.3152 15.6436 14.2738 13.5111
threshold=-0.031422922387719147 46.44764709472657 57.339855194091804 70.500000000000014 0.016591504216194156 0.71581575274467479 0.059239935129880912 19.054599761962894 -0.60785761475563038 -0.0012203182559460399 0.013011318165808918 0.0058686134871095428 37.745941162109382 39.36773872375489 0.002414184389635921 51.628829956054695 0.052666071802377708 -0.017719561234116551 45.257602691650398 34.681009292602546 12.557447433471681 37.881135940551765 0.005802594358101488 0.014324712101370098 0.048733290284872062 2.7410235404968266 0.027416740544140342 55.500000000000007 1.9071242213249209 -0.092549569904804216
decision_type=2 2 2 2 2 2 2 2 2 2 2 2 2 2 2 2 2 2 2 2 2 2 2 2 2 2 2 2 2 2
left_child=1 -1 3 9 25 6 7 -5 -7 11 29 -2 14 -14 15 -13 -16 -15 19 -12 28 22 23 -8 -24 -4 -9 -21 -20 -11
right_child=2 -3 4 5 -6 8 21 26 -10 10 18 12 13 17 16 -17 -18 -19 20 27 -22 -23 24 -25 -26 -27 -28 -29 -30 -31
leaf_value=-0.025259156701189511 0.015415092252682963 0.021314528525755192 0.01842356833032122 -0.035360846094173871 -0.019074772085781455 -0.029440783850580066 0.034756491040129345 0.032340984358153163 0.0088392134628109773 -0.001466591889544252 -0.0082181559106232621 0.0077560092151641906 -0.030787106376003435 0.016202384263661211 0.024812344358968653 -0.026250340785984566 -0.020032803886421053 -0.0092250838748940567 0.016723636993305722 0.010853632592665339 -0.0077052434134236136 0.029994038956610992 0.028005813745975012 -0.031835877608227064 -0.018836552920708113 -0.005581120356729169 -0.026990689816723232 0.031318426564609744 -0.010123319579551595 -0.021192618921560817
leaf_weight=185.54841338267261 179.54130044211161 23.510339283773646 222.88836463672487 40.363253743802488 30.559752122017017 41.226811385410656 59.71137112831093 30.652143721909852 65.086108913545104 52.289398703866937 76.665694262544093 212.45100085731701 57.613522352489781 68.254040988409542 129.50070511569356 70.306058478375235 23.370407514180442 235.49771412684913 128.75330642843073 136.94148763056592 333.88148025257578 112.39545061995796 14.848386049270628 6.8214370182204211 50.469097098056409 48.693409538323976 8.2226609509098108 76.922903270191455 32.744797001598272 368.30688507797277
leaf_count=2921 466 29 210 392 210 206 74 907 1184 194 175 879 151 286 273 200 211 595 393 337 1315 450 5 413 361 69 1017 442 130 1397
internal_value=-0.000137336 -0.020021 0.00128866 0.000193207 0.0107615 0.00790633 0.0124784 -0.00830281 -0.00600426 -0.0013253 -0.00444898 0.00253388 -0.000367775 -0.00786009 0.00584705 -0.000699108 0.0179558 -0.00351107 0.0031993 0.0112394 -0.00151581 0.0192207 0.0100361 0.0279272 -0.00818627 0.0141192 0.0197884 0.018215 0.0112795 -0.0187405
internal_weight=3124.04 209.059 2914.98 2612.84 302.142 429.797 323.484 79.2381 106.313 2183.04 1206.51 976.535 796.993 361.365 435.628 282.757 152.871 303.752 785.91 290.53 495.38 244.246 131.85 66.5328 65.3175 271.582 38.8748 213.864 161.498 420.596
internal_count=15892 2950 12942 12453 489 5009 3619 2316 1390 7444 4383 3061 2595 1032 1563 1079 484 881 2792 954 1838 1303 853 487 366 279 1924 779 523 1591
is_linear=0
shrinkage=0.0363096


Tree=156
num_leaves=31
num_cat=0
split_feature=0 19 8 13 11 10 2 20 6 0 8 13 0 18 10 10 10 11 17 21 6 0 2 21 6 14 13 11 14 10
split_gain=78.2707 32.3023 24.8113 24.4745 27.5452 34.4823 24.448 24.8549 24.1179 21.7714 32.3014 30.1501 20.9811 21.1128 19.3591 16.8452 15.726 30.3631 21.5572 14.9782 14.965 14.05 12.9742 16.8297 14.2321 11.2743 10.4309 9.25524 12.4792 5.93835
threshold=27.500000000000004 -0.87837970256805409 0.23705399781465533 -0.13211155682802198 0.010222447104752065 0.00941304210573435 0.002213635249063373 1.0000000180025095e-35 0.0087804538197815436 37.500000000000007 0.77515795826911937 0.04649366810917855 63.500000000000007 0.25000000000000011 0.0079555278643965738 0.0084791374392807501 0.006418882869184018 0.011615945026278498 0.25000000000000011 0.0065249651670455941 0.84045222401618969 31.500000000000004 -0.13946971297264096 0.028165088035166267 0.20461234450340274 0.018747428432106975 -0.040902277454733842 0.0088760815560817736 -0.0076786351855844251 0.0070183095522224912
decision_type=2 2 2 2 2 2 2 2 2 2 2 2 2 2 2 2 2 2 2 2 2 2 2 2 2 2 2 2 2 2
left_child=15 2 -2 -3 5 6 12 14 9 -6 11 -11 13 -5 -8 -1 -4 18 20 -9 -18 -10 24 -24 -23 27 -14 -7 -29 -22
right_child=1 3 16 4 8 25 7 19 21 10 -12 -13 26 -15 -16 -17 17 -19 -20 -21 29 22 23 -25 -26 -27 -28 28 -30 -31
leaf_value=0.028033634768445885 -0.02391828411182001 -0.02708978913726685 -0.019735861643534441 -0.0033292260998353269 0.024867291195840045 -0.025512124975201729 -0.022471212693554853 -0.024185962443071429 -0.019199531079214901 -0.0081781491866383376 0.03095878161599196 0.015178379035916413 -0.0051938983548037217 0.013096579649117469 0.0039445866682592734 -0.02542423369113472 -0.025243519375191124 -0.026769788267609319 0.045372885910156667 0.0039465577006741045 -0.0026464599373275258 0.012206816654837737 0.0014497359933440365 0.014745075047989506 -0.026467173367668784 0.020052736217069527 0.027234470118387821 -0.031765197788239496 -0.0029589540174996842 0.041731047263644579
leaf_weight=8.1193866347612111 114.38632544875782 36.881936335185401 37.721746250306751 242.88845268955902 140.05905417732811 86.311091330559066 127.68123449753602 27.058756173299116 37.739067539692769 154.8725500033961 65.849456947582439 137.6002904424904 15.482710857620985 179.32962896670142 51.251542200881886 180.21787514862899 14.632023276353722 23.116984469083036 28.101239636622267 320.16610135999326 6.3927993618599457 19.053844352732995 468.66428812086542 171.44970397197812 36.706864264793239 11.72384614909606 83.973561962389795 25.839577459677457 85.253805398750046 10.492896362380632
leaf_count=88 1375 375 123 697 126 271 756 134 136 574 181 685 228 494 256 1386 86 338 110 1066 20 16 4404 866 146 60 318 123 365 89
internal_value=-0.000471369 0.00107364 -0.0118071 0.0022713 0.00270642 -0.00107514 0.00161147 -0.00391094 0.00656471 0.0127284 0.00798333 0.00281006 0.00718154 0.00364708 -0.0149043 -0.023119 -0.000305381 0.00855222 0.0222501 0.00175389 0.00163006 0.00237722 0.00354755 0.00501097 -0.01325 -0.0145368 0.0221851 -0.0165917 -0.00966015 0.0249236
internal_weight=2949.02 2760.68 234.844 2525.84 2488.96 1256.96 1047.83 526.158 1232 498.381 358.322 292.473 521.674 422.218 178.933 188.337 120.458 82.7359 59.619 347.225 31.5177 733.614 695.875 640.114 55.7607 209.128 99.4563 197.404 111.093 16.8857
internal_count=15892 14418 2141 12277 11902 4768 3949 2212 7134 1566 1440 1259 1737 1191 1012 1474 766 643 305 1200 195 5568 5432 5270 162 819 546 759 488 109
is_linear=0
shrinkage=0.0363096


Tree=157
num_leaves=31
num_cat=0
split_feature=16 10 16 20 4 8 17 16 8 4 13 0 9 7 8 5 7 13 13 12 4 0 18 10 12 5 5 13 14 0
split_gain=33.8276 13.3791 21.7603 20.6129 35.0522 23.2549 25.1452 19.466 18.5973 19.1753 17.9488 17.2232 16.0088 14.6897 13.75 16.2874 34.7292 20.8882 34.0142 20.6721 20.8889 19.5173 22.2201 16.4351 16.3881 46.4022 15.3743 14.4671 13.8391 15.7759
threshold=21.253453254699711 0.0095080612227320688 73.756870269775405 0.81174489855766307 15.338395118713381 -1.5444002747535703 -0.68301269412040699 27.845715522766117 0.95191416144371044 31.278425216674808 0.092509295791387572 52.500000000000007 0.072707358747720732 37.728319168090827 -1.2249597311019895 20.24266338348389 54.879686355590827 -0.012952834833413361 -0.04566559009253978 -0.0020747157977893944 18.466548919677738 63.500000000000007 1.0000000180025095e-35 0.006630408577620984 0.013801033142954113 13.121640205383303 9.1744685173034686 0.086774881929159178 -0.0045470395125448695 62.500000000000007
decision_type=2 2 2 2 2 2 2 2 2 2 2 2 2 2 2 2 2 2 2 2 2 2 2 2 2 2 2 2 2 2
left_child=-1 14 3 5 -5 -3 11 -8 -4 -10 -11 12 -7 -9 -2 16 17 18 23 20 28 22 27 -16 -23 -26 -24 -18 -17 -30
right_child=1 2 8 4 -6 6 7 13 9 10 -12 -13 -14 -15 15 19 21 -19 -20 -21 -22 24 26 -25 25 -27 -28 -29 29 -31
leaf_value=0.015116026218259566 0.0078485599669855539 -0.012924664284707491 0.021398363239883252 0.022245333253781176 -0.018193129448445627 0.0023491256571016791 0.019088405332262314 -0.011713086316668378 -0.012790191769425181 0.020105149760958934 -0.025414223320922413 -0.0009084478319050925 0.024911651880248721 0.0009298657812769381 -0.0034427015583824933 -0.019653802645929124 0.012943485511304096 0.029965878220899623 -0.02171902459227849 -0.020662506489277085 0.02619582346046859 -0.02303965208135611 0.0070012699137613071 0.044641915728428246 -0.014092156057015396 0.024325336683394219 -0.015418690392789104 -0.017317401001889783 0.0023312495302057401 -0.025562406619199372
leaf_weight=197.43353034650954 141.03554705628085 131.4255708943856 125.72849721611965 34.333923502622383 159.68486511103129 58.407491567467332 67.60690499411794 144.60397430181001 63.117765901895837 76.560527329238539 13.420578598272185 87.707142061120067 142.97987189983905 747.25215431146535 15.257736278581431 82.877470014542268 180.05925576736354 66.850364944642934 38.980130212416952 149.97450048148494 27.109553445217898 100.47606214442203 60.217299862772052 24.27383851045488 186.97441064622399 53.254486700092457 122.03326215209745 23.549997513517155 170.65793788582778 31.695600850062874
leaf_count=668 773 614 340 370 726 176 269 361 201 176 208 1127 369 4655 31 266 453 284 157 495 188 191 128 113 771 338 412 71 648 313
internal_value=0.000513337 -0.000352907 0.00170132 4.50849e-05 -0.0110365 0.00160318 0.0031325 0.000303915 0.0110505 0.00255175 0.0133147 0.0125198 0.0183685 -0.00111992 -0.00293292 -0.00407266 -0.00115132 0.0150494 0.00234706 -0.00958205 -0.00426125 -0.00439273 0.00119903 0.0260803 -0.0107259 -0.0055752 -0.00801031 0.00944286 -0.00715643 -0.00203734
internal_weight=3525.54 3328.11 1852.83 1574 194.019 1379.98 1248.56 959.463 278.827 153.099 89.9811 289.095 201.387 891.856 1475.28 1334.24 871.927 145.362 78.5117 462.315 312.341 726.565 385.86 39.5316 340.705 240.229 182.251 203.609 285.231 202.354
internal_count=15892 15224 9592 8667 1096 7571 6957 5285 925 585 384 1672 545 5016 5632 4859 2949 585 301 1910 1415 2364 1064 144 1300 1109 540 524 1227 961
is_linear=0
shrinkage=0.0363096


Tree=158
num_leaves=31
num_cat=0
split_feature=12 3 2 10 11 8 11 9 5 3 10 10 9 12 17 8 13 3 0 14 12 9 6 10 12 0 3 0 13 8
split_gain=29.2018 30.0413 65.0328 34.436 34.9768 28.4918 33.534 23.4367 27.2232 23.4041 21.2571 25.6331 18.8771 18.1112 21.2739 17.3435 15.844 17.4414 16.2941 15.6211 12.4122 11.6342 11.3237 9.53101 9.35332 26.3846 8.58885 8.42469 6.95798 2.68364
threshold=0.12369922176003458 59.554189682006843 -0.097070876508951173 0.016469742171466354 0.012820279691368343 -1.2599508762359617 0.054051449522376067 0.13062011450529101 28.582721710205082 55.794073104858406 0.058401815593242652 0.015532886143773796 0.039441257715225227 -0.1520515829324722 -0.68301269412040699 1.2522570490837099 -0.060955047607421868 37.538822174072273 44.500000000000007 0.021676287986338142 -0.18031287938356397 0.08861632272601129 1.6257728934288027 0.010852409526705744 -0.051801215857267373 27.500000000000004 39.090772628784187 60.500000000000007 0.12737450748682025 2.3913519382476811
decision_type=2 2 2 2 2 2 2 2 2 2 2 2 2 2 2 2 2 2 2 2 2 2 2 2 2 2 2 2 2 2
left_child=1 2 5 4 7 6 10 8 12 15 11 22 -4 -3 -15 20 24 18 -18 -19 -6 -10 -1 -16 25 -5 -9 -20 -17 -2
right_child=29 13 3 16 9 -7 -8 26 21 -11 -12 -13 -14 14 23 28 17 19 27 -21 -22 -23 -24 -25 -26 -27 -28 -29 -30 -31
leaf_value=0.0089760071239791215 -0.024006734936736003 0.028165362473127276 0.0070815706261339179 0.034715451413177334 0.054520240363706104 -0.025241846923537335 -0.025558459478233677 0.038814915495238224 -0.018764917128611305 0.01789149368626957 0.057126297178403874 -0.027210857719914088 -0.00064505477212823835 -0.01639625489941457 0.02444625419358604 -0.015648633904475708 -0.027898890004094706 0.030277621644243854 0.034603364151906457 -0.0030916162050689654 -0.019102796327407516 0.0055658744113048515 0.05171855726356888 0.0049394897057258606 0.030962565569381571 -0.031482441610874642 -0.0027093594892214786 -0.017886205143404384 0.068866009688863111 0.0063534984425796083
leaf_weight=26.483053847385236 71.815278524646146 70.235214517515487 672.36791714407991 19.664118904162024 3.0596288442611685 187.31540924570891 49.956161032088858 29.896958540505693 121.83281395700214 29.476217018363059 12.065571784973143 21.710800580247451 1096.9680355428782 41.426744074349699 58.100559069818701 1.8252680787386442 30.173333953539441 44.151934713175251 11.395612095781873 31.818312086590595 222.17747054831079 32.90033456137644 11.823914449576476 76.549102916462289 80.351625876624894 13.30984475961486 8.4092884845131248 6.2348461138763005 4.3168250076378172 4.0490403816484095
leaf_count=153 925 31 2148 39 2 1319 74 144 1057 57 3 258 4481 48 78 194 159 279 131 53 2582 257 164 84 101 160 63 669 50 129
internal_value=-0.000135712 0.000423907 -0.000656724 0.00131613 -8.66465e-05 -0.0163474 -0.00269457 0.00157376 0.00101381 -0.0125781 0.0131493 0.00430647 0.00229109 0.0125757 0.0063564 -0.0164602 0.0144701 0.00548766 -0.0116935 0.0163003 -0.0181021 -0.0135908 0.0221722 0.0133574 0.0242798 0.00799143 0.0296963 0.0160346 0.0437326 -0.0223849
internal_weight=3091.86 3016 2769.69 2460.33 2223.23 309.355 122.04 1962.38 1924.07 260.855 72.0833 60.0178 1769.34 246.312 176.076 231.379 237.1 123.774 47.8038 75.9702 225.237 154.733 38.307 134.65 113.326 32.974 38.3062 17.6305 6.14209 75.8643
internal_count=15892 14838 14597 12626 11035 1971 652 8150 7943 2885 578 575 6629 241 210 2828 1591 1291 959 332 2584 1314 317 162 300 199 207 800 244 1054
is_linear=0
shrinkage=0.0363096


Tree=159
num_leaves=31
num_cat=0
split_feature=21 1 19 8 1 12 9 11 16 20 9 9 18 8 1 10 11 17 1 1 3 1 3 21 7 1 21 16 11 10
split_gain=64.9824 40.9684 29.6808 27.0352 25.603 39.4759 30.2592 21.8112 19.4942 16.483 40.4874 23.6404 21.8567 15.3681 17.6228 15.1075 29.0014 20.2842 14.0625 14.0654 20.7478 20.9369 17.0257 25.4425 24.1039 11.7329 8.527 7.72355 7.55589 7.44119
threshold=0.036035088822245605 -0.027683638967573639 -0.87837970256805409 0.23705399781465533 -0.0054356600157916537 0.10718687251210214 0.083944294601678862 0.015372289810329677 86.064952850341811 1.0000000180025095e-35 0.12688864767551425 0.10725898668169977 0.68301269412040722 -1.0758705735206602 -0.043810483068227761 0.006418882869184018 0.011615945026278498 0.25000000000000011 0.088871009647846236 0.014548588544130327 55.794073104858406 0.0061288573779165753 52.931867599487312 0.019010475836694244 50.150789260864265 -0.051355171948671334 0.033347321674227721 73.756870269775405 0.0080641643144190329 0.016344096511602405
decision_type=2 2 2 2 2 2 2 2 2 2 2 2 2 2 2 2 2 2 2 2 2 2 2 2 2 2 2 2 2 2
left_child=1 9 3 -3 5 6 7 8 -4 11 12 13 -11 14 -1 -5 17 28 19 20 21 -6 24 -24 -21 -14 -8 -12 -17 -7
right_child=-2 2 4 15 18 29 26 -9 -10 10 27 -13 25 -15 -16 16 -18 -19 -20 22 -22 -23 23 -25 -26 -27 -28 -29 -30 -31
leaf_value=0.028131097814093807 -0.02550515468924076 -0.024022435556835548 -0.010098654453723611 -0.019472981210889976 0.0014033267969606785 0.036547508286356493 -0.024324502987591028 0.023458902139069478 0.014649223305407884 -0.026186090594073716 0.02529596207741934 -0.032107894846844412 -0.028567933469842835 0.027226169452159658 -0.05394813146402716 -0.024259436722566138 -0.026477403864560923 0.043978189021705881 0.022536632216458543 -0.014579198564348667 -0.025840100018561674 0.01317201967857483 0.034488680556325715 -0.026751632973891579 0.0011550629665025508 0.01923298165606669 0.0023673605216791732 0.00061659164713979411 0.013895047678444999 0.010793737182631715
leaf_weight=6.9011398353604818 130.51214980051145 133.46170549043836 268.32325289901655 37.132490882022466 474.73400514089053 25.546123125108352 157.19883728414197 36.356330145455104 49.739523503663804 57.864056957136654 85.278040378986589 10.654700523004065 8.6578530277774899 145.46330502431692 6.8914125648461759 10.106293387254484 22.725175086880881 28.340301076465948 46.072969671780811 178.68856357337972 27.286536329120281 343.52947274958024 35.837984975541985 11.91610005248185 455.7232913775988 31.022726656008672 17.531184590442535 20.806720761133874 21.187635060582579 35.175061746111169
leaf_count=76 1302 1262 1500 115 1883 72 736 78 38 685 448 487 90 909 42 50 255 101 325 1603 84 974 127 107 2121 151 42 73 109 47
internal_value=-0.000463259 0.000708062 -0.0010217 -0.0127905 0.000354135 -0.00609741 -0.00927949 -0.00318253 -0.00622815 0.011899 0.00493104 0.0202491 -0.0119526 0.0237527 -0.0128716 -0.000244378 0.00842368 0.0217256 0.0027723 0.00217617 0.00530553 0.00634429 -0.00170253 0.019205 -0.00327648 0.00880044 -0.0216458 0.0204566 0.00156949 0.0216306
internal_weight=2920.66 2790.15 2416.61 252.954 2163.66 589.87 529.149 354.419 318.063 373.54 203.629 169.911 97.5446 159.256 13.7926 119.492 82.3594 59.6342 1573.79 1527.72 845.55 818.263 682.166 47.7541 634.412 39.6806 174.73 106.085 31.2939 60.7212
internal_count=15892 14590 11629 1892 9737 2513 2394 1616 1538 2961 1447 1514 926 1027 118 630 515 260 7224 6899 2941 2857 3958 234 3724 241 778 521 159 119
is_linear=0
shrinkage=0.0363096


Tree=160
num_leaves=31
num_cat=0
split_feature=21 1 1 1 21 3 3 13 13 5 12 0 5 8 13 17 14 9 16 7 1 0 17 20 14 14 21 17 8 12
split_gain=32.198 22.9829 15.1555 19.2722 21.569 12.8656 24.777 20.1252 27.3838 19.9861 18.9572 20.0133 18.8587 17.3741 23.7263 17.216 20.8306 22.9826 18.0324 24.5726 17.8053 15.3134 19.0389 13.8044 12.932 10.7317 9.98817 11.2988 7.9176 7.25107
threshold=0.048838546499609954 -0.027683638967573639 -0.060762835666537278 -0.047311121597886079 0.026738930493593219 32.605829238891609 33.048711776733406 -0.060129610821604722 -0.046765914186835282 20.24266338348389 -0.062042621895670884 71.500000000000014 19.41920375823975 -1.028174817562103 -0.097556699067354188 -0.68301269412040699 -0.025424393825232979 0.03241239860653878 26.393198966979984 37.567609786987312 0.080713160336017623 69.500000000000014 1.0000000180025095e-35 -0.56174489110708226 -0.0081344735808670503 -0.023632237687706944 0.06949117407202722 -1.0000000180025095e-35 0.070770237594842925 0.0037350511411204938
decision_type=2 2 2 2 2 2 2 2 2 2 2 2 2 2 2 2 2 2 2 2 2 2 2 2 2 2 2 2 2 2
left_child=2 -2 -1 4 -4 7 21 9 12 29 23 -12 -9 14 -11 16 -8 -18 20 -20 -17 22 -7 -10 -14 26 27 -3 -6 -5
right_child=1 25 3 5 28 6 15 8 10 13 11 -13 24 -15 -16 18 17 -19 19 -21 -22 -23 -24 -25 -26 -27 -28 -29 -30 -31
leaf_value=-0.025628596113423937 -0.014947654028090736 0.020014879856750926 -0.026804810788713759 -0.012308219449099734 0.029379526691071692 0.034339010174089898 -0.026272364061310938 0.044045919796718805 0.048995886343829474 0.067324961190434837 -0.0066331814266964439 0.012289642848511226 0.023148944815877207 -0.025605647076208087 -0.011790694473085702 0.017361861161110537 -0.014496245181372268 0.010997283800361909 -0.014709246335360972 -0.00069419412766909261 -0.025565758997840124 0.05192224625611272 -0.012943203917547651 -0.0044831541578170915 -0.0047321465292970016 0.031869954937129158 0.026432887718647099 -0.018598701968613015 0.0078731583682583196 0.03481136494478896
leaf_weight=30.795986659355549 26.858099591230712 19.014434106835324 14.212647695545455 6.3932924089285761 58.888590356586974 24.065396850883189 24.464589796710243 23.63895294977101 15.207286025990472 6.4044641918480947 751.89383080882635 81.688887084483213 39.219026411652521 122.16166231021361 22.740215717329193 104.08273422674938 52.58536445707432 410.82282218530054 191.66492562882559 1182.654869844454 14.512889493173132 17.969000146649705 21.042441748331839 10.935894839318278 49.748369488940625 69.716269059577826 34.243037699663546 21.051116445606567 36.619254737244773 13.167012581870948
leaf_count=974 87 39 470 67 146 87 103 77 52 75 2804 1620 92 465 135 425 190 1642 688 4649 20 143 94 140 160 215 38 55 77 63
internal_value=0.000514291 0.0158856 -0.000275049 -3.818e-05 0.0149239 -0.000553314 0.00117199 -0.00363799 -0.00161832 -0.0151304 -0.0038237 -0.00477866 0.0152183 -0.0195957 0.00559128 0.000458525 0.00638009 0.00810415 -0.00147652 -0.00264884 0.0121077 0.0235748 0.0122798 0.026621 0.00755729 0.0216363 0.0120335 -0.000270539 0.0211348 0.0194046
internal_weight=3498.46 170.883 3327.58 3296.78 109.72 3187.06 2043.87 1143.2 972.332 170.867 859.726 833.583 112.606 151.306 29.1447 1980.79 487.873 463.408 1492.92 1374.32 118.596 63.0768 45.1078 26.1432 88.9674 144.025 74.3086 40.0656 95.5078 19.5603
internal_count=15892 434 15458 14484 693 13791 8041 5750 4945 805 4616 4424 329 675 210 7717 1935 1832 5782 5337 445 324 181 192 252 347 132 94 223 130
is_linear=0
shrinkage=0.0363096


Tree=161
num_leaves=31
num_cat=0
split_feature=1 4 0 10 2 0 1 1 14 5 21 0 4 2 0 19 3 21 13 3 1 16 2 19 10 2 6 6 1 16
split_gain=62.2091 37.0211 21.5169 22.3271 41.3732 24.0137 20.0499 43.2521 47.7695 40.5299 40.0845 34.6438 33.1857 25.3781 20.2495 20.1895 27.7339 19.1961 18.1622 18.0408 17.1454 30.5436 27.0014 16.908 14.5485 15.3476 13.0082 12.2596 25.4292 14.261
threshold=-0.031422922387719147 10.383468151092531 25.500000000000004 0.0058015149552375087 0.062619864940643324 70.500000000000014 0.013011318165808918 0.0036942233564332132 -0.0058488456998020402 25.40964508056641 0.016824341379106048 55.500000000000007 24.221284866333011 -0.072337470948696123 32.500000000000007 -0.87837970256805409 32.967975616455085 0.061693329364061363 0.070039413869380965 58.745613098144538 0.00037336538662202662 86.981960296630874 0.012519837822765114 1.0000000180025095e-35 0.010642729699611666 0.031577920541167266 1.8870282769203188 2.5301275253295903 -0.012967674061655996 57.941795349121101
decision_type=2 2 2 2 2 2 2 2 2 2 2 2 2 2 2 2 2 2 2 2 2 2 2 2 2 2 2 2 2 2
left_child=1 -1 19 4 5 20 7 8 12 13 11 14 17 -10 -8 16 -9 -5 -6 27 21 26 -22 -16 -12 -26 -4 28 -2 -30
right_child=2 -3 3 6 18 -7 10 15 9 -11 24 -13 -14 -15 23 -17 -18 -19 -20 -21 22 -23 -24 -25 25 -27 -28 -29 29 -31
leaf_value=0.026836671675343711 0.042500250073769792 -0.025235690080406686 0.023595904224061708 0.0092194001250254613 0.0037155180699464372 0.029148699447829156 0.029068697848241329 0.033542629187318027 0.026860341885869159 -0.02495832409390164 -0.025425098793892594 0.019518481190866303 0.039778716038154908 -0.003791342819708571 -0.01503318958184195 -0.021831723115377351 -0.026302467389331396 -0.02540186564205647 -0.034155533145724538 0.024743388121337816 -0.023955426723215888 -0.031837758001750691 0.0076641020370775761 0.0061547767679370801 0.0059755779346511335 -0.011749033605224132 -0.0074338447346650139 -0.028686627879284398 0.012580584692648146 -0.021739574300967082
leaf_weight=20.044932841411537 20.760753336083326 176.28793153033621 146.18580853767344 250.46307878895095 27.900728967208124 80.431795531021635 27.404201686382294 22.144904788885469 37.672072528215722 120.2818381745501 46.931390331725197 244.99769879153791 45.538302546569867 650.93576265840147 97.35021129046072 214.40942242270921 18.940465617412883 23.056078030719618 41.552201011807483 90.54316292065414 48.06651367494851 16.595907671609893 137.34064378474432 101.33775182068348 121.09854274818645 137.56594089938608 20.276924764957585 14.370390041227436 33.551956487503958 30.444782058700184
leaf_count=517 148 2433 395 1111 70 327 15 71 151 623 538 1419 189 2554 283 1052 117 44 77 43 342 16 242 191 1085 1537 86 71 100 45
internal_value=-0.000145569 -0.0199187 0.00120792 0.000370988 0.00713842 0.0111736 -0.00125289 -0.00387401 -0.00081834 -0.00551134 0.00341573 0.0100595 0.0110792 -0.00211429 -0.000189921 -0.0173636 0.00595116 0.0063006 -0.0189403 0.0130262 0.00724947 0.015132 -0.000532625 -0.00422603 -0.00682559 -0.0034505 0.0198155 0.0023226 0.00758151 -0.0037446
internal_weight=3064.48 196.333 2868.15 2678.48 518.351 448.898 2160.13 1383.44 1127.95 808.89 776.686 471.09 319.057 688.608 226.092 255.495 41.0854 273.519 69.4529 189.671 368.466 183.059 185.407 198.688 305.596 258.664 166.463 99.1279 84.7575 63.9967
internal_count=15892 2950 12942 12535 1555 1408 10980 5912 4672 3328 5068 1908 1344 2705 489 1240 188 1155 147 407 1081 497 584 474 3160 2622 481 364 293 145
is_linear=0
shrinkage=0.0363096


Tree=162
num_leaves=31
num_cat=0
split_feature=21 1 5 13 3 21 14 18 16 6 5 16 1 1 6 1 1 3 14 1 1 8 1 16 14 3 3 7 5 11
split_gain=62.5122 39.0318 39.0221 24.8302 23.9565 18.17 15.4151 24.4199 27.864 21.4563 19.1347 18.2375 17.3304 16.5317 30.3494 20.4984 13.5132 19.0106 13.2041 16.1282 12.7827 12.4637 11.4284 11.5986 8.84016 8.65591 8.24059 12.6366 6.62188 2.48759
threshold=0.036035088822245605 -0.027683638967573639 30.841956138610843 -0.13211155682802198 56.874711990356452 0.0061242622323334226 -0.00365342223085463 -0.25000000000000006 86.064952850341811 -0.87909823656082142 22.881937026977543 55.421056747436531 -0.019565170630812641 0.0064855730161070832 1.0770286917686465 0.014548588544130327 -0.048277683556079858 27.530241012573246 0.010132184252142908 -0.059569360688328736 0.048386737704277046 -0.060636965557932847 0.023126970976591114 61.303329467773445 0.02515648398548365 29.102988243103031 35.832254409790046 46.971414566040046 28.914968490600589 0.0033561943564563994
decision_type=2 2 2 2 2 2 2 2 2 2 2 2 2 2 2 2 2 2 2 2 2 2 2 2 2 2 2 2 2 2
left_child=1 2 3 -1 5 26 10 13 9 -9 11 21 -12 14 -8 -15 17 -5 19 -19 -14 -7 -6 -24 25 -4 27 -3 -18 -29
right_child=-2 4 24 16 22 6 7 8 -10 -11 12 -13 20 15 -16 -17 28 18 -20 -21 -22 -23 23 -25 -26 -27 -28 29 -30 -31
leaf_value=-0.05100727157155218 -0.025461142281775335 0.042571416581898412 0.017166315334478287 0.026761840204903898 -0.026122582198734222 -0.014709198769263666 -0.014419823398338354 0.032499759010764566 0.038602104190720965 0.0037002263854279851 -0.027062503987348292 -0.026553739679870604 -0.0014674121796580621 0.018510037885199979 0.013435931806285339 -0.0027727004802651336 0.027484937862539853 0.014950642338646477 0.02435494017661435 -0.02824555079969563 0.014623934692128823 0.010764907663511836 0.019704732994050123 -0.02780405382056542 0.019396214547789246 -0.027086693498106322 -0.026245589424658409 -0.029615408080891952 0.0087537864797134803 -0.002105287166060666
leaf_weight=6.923135576290405 126.11653965682035 6.5591466539517596 6.7266757475781551 45.044223334026356 71.63539640795716 59.408414231215829 260.54331293391715 35.510988467241987 33.426327069522813 862.56719430049725 30.116118021683178 84.925152375857579 365.32913545401743 81.048707615454987 64.285792901853711 226.09661663756651 157.17459284635515 17.556317672354453 16.523845798007642 32.46114726358428 79.191784762164389 44.127517156076465 17.287420057436979 11.140347153894252 8.2522548997731047 43.44444142435259 50.356445593206445 9.1422451916278096 29.585156602006464 8.2563435243609984
leaf_count=128 1302 54 39 275 245 438 861 15 90 4143 217 335 1960 253 477 1352 1082 331 250 218 474 271 120 66 7 548 134 42 83 82
internal_value=-0.000461629 0.000678751 0.0117638 0.0169671 -0.00100034 -0.000243929 0.000345501 0.00231307 0.00605081 0.00483912 -0.00429353 -0.014082 -0.000406655 -0.00319604 -0.00890664 0.00284298 0.0185448 0.00854607 -0.00378321 -0.0130813 0.00139903 -0.00385093 -0.0183925 0.00108285 -0.0154219 -0.0211512 -0.0179057 -0.000371433 0.0245183 -0.0165674
internal_weight=2890.76 2764.65 363.692 305.268 2400.95 2300.89 2226.58 1563.48 931.505 898.078 663.098 188.461 474.637 631.974 324.829 307.145 298.345 111.586 66.5413 50.0175 444.521 103.536 100.063 28.4278 58.4234 50.1711 74.3142 23.9577 186.76 17.3986
internal_count=15892 14590 2961 2367 11629 11198 10886 7191 4248 4158 3695 1044 2651 2943 1338 1605 2239 1074 799 549 2434 709 431 186 594 587 312 178 1165 124
is_linear=0
shrinkage=0.0363096


Tree=163
num_leaves=31
num_cat=0
split_feature=21 16 16 19 12 5 0 16 21 13 5 16 16 4 21 13 6 12 11 4 16 6 21 10 10 10 10 13 6 6
split_gain=30.4257 18.1229 25.7507 24.511 21.9755 26.5985 27.0729 22.8746 22.7253 23.7624 20.1471 19.6976 17.9137 16.2994 33.8067 14.2802 13.887 20.5578 17.6543 20.0051 17.2794 16.4895 16.4655 16.2682 15.6583 19.2315 14.4701 14.336 12.6354 31.3591
threshold=0.035019053146243102 44.02482986450196 47.179697036743171 0.87837970256805431 -0.017399735748767849 20.110213279724125 35.500000000000007 78.398670196533217 0.016565282829105858 -0.019667485728859898 30.687541007995609 57.650943756103523 43.708412170410163 13.355673789978029 0.048838546499609954 -0.046765914186835282 -0.10604246333241461 -0.056519351899623864 0.014200564473867418 5.7644987106323251 41.266605377197273 -0.74394509196281422 0.013504073489457371 0.0061679242644459018 0.0090450039133429545 0.011555248871445658 0.010474395938217642 -0.14574975520372388 2.7410235404968266 2.3429124355316167
decision_type=2 2 2 2 2 2 2 2 2 2 2 2 2 2 2 2 2 2 2 2 2 2 2 2 2 2 2 2 2 2
left_child=1 12 -3 4 10 8 -7 -8 15 -10 11 -4 16 14 -2 -6 21 18 22 -20 23 -1 -18 -19 -23 26 -26 -25 29 -16
right_child=13 2 3 -5 5 6 7 -9 9 -11 -12 -13 -14 -15 28 -17 17 20 19 -21 -22 24 -24 27 25 -27 -28 -29 -30 -31
leaf_value=0.0082041646358561853 -0.013534848739975743 -0.018609776467013214 0.022067372057049686 -0.015665387109839904 0.020465854612357517 0.0075325768179816842 -0.01888059936048242 0.015977396617097 0.041128264794462938 0.0065751950747295566 -0.010417311920873265 -0.01002893778381868 0.02587792416307752 0.025309490258973531 0.022875044566593197 -0.0022437044490128716 0.021156662112934561 -0.0058258626253652641 -0.01298349443501688 0.015885291470177264 -0.010244738279513855 -0.025026664558772945 -0.020818234335755758 -0.01816436632051302 -0.0050255329509888581 -0.013509300213681547 0.028067022079845058 0.016137003948313883 0.031916977149066716 -0.016011923251954104
leaf_weight=103.88734962544731 76.551084109686599 124.4005470253187 139.54932002396254 149.76736554915806 37.964946154348581 86.678566874776152 262.9518450831838 27.402634477319225 31.699334806691695 152.42811348673877 47.747288723479869 30.760666096159184 43.98741476831492 80.265064584134961 79.373523686705084 949.2671102387385 14.305607297766981 59.734627728366831 50.846024757307532 83.799790742440564 52.78365853041123 60.829026706994227 88.698243563016149 16.821334805459628 35.660611773767414 104.03288918288854 34.048405706666017 355.26038002666064 45.550681933396845 41.701732418543543
leaf_count=44 246 898 750 1083 147 127 1014 35 210 1733 185 347 125 993 102 2584 73 365 134 946 454 133 770 26 91 189 87 1916 55 30
internal_value=0.000517014 -0.000573441 -0.00260136 -0.00156203 -0.000366223 -0.00188608 -0.0102742 -0.0155904 0.000813772 0.0125245 0.0104255 0.0162696 0.00317247 0.0111215 0.006438 -0.00137027 0.00223077 0.00507488 -0.00367239 0.00498279 0.00936481 -0.00383807 -0.0149875 0.0117621 -0.00917185 -0.00362023 0.0111365 0.014586 0.0156146 0.00948035
internal_weight=3468.76 3145.31 2040.62 1916.22 1766.45 1548.39 377.033 290.354 1171.36 184.127 218.057 170.31 1104.7 323.442 243.177 987.232 1060.71 722.25 237.65 134.646 484.6 338.458 103.004 431.816 234.571 173.742 69.709 372.082 166.626 121.075
internal_count=15892 14466 9113 8215 7132 5850 1176 1049 4674 1943 1282 1097 5353 1426 433 2731 5228 4684 1923 1080 2761 544 843 2307 500 367 178 1942 187 132
is_linear=0
shrinkage=0.0363096


Tree=164
num_leaves=31
num_cat=0
split_feature=9 0 13 14 13 7 13 0 2 9 4 2 21 6 21 13 2 16 0 14 5 4 4 5 6 4 18 14 18 7
split_gain=25.1613 30.309 37.8967 39.9251 27.3878 31.7195 34.22 35.2646 25.7189 25.3717 24.6625 23.8876 22.6747 22.2196 21.7959 20.5371 31.1666 19.4799 28.5872 27.7018 25.6912 20.0618 18.7498 21.7767 20.4186 17.513 17.4811 16.7459 15.1584 14.6983
threshold=0.039441257715225227 24.500000000000004 0.010992830619215967 -0.00038128293817862863 0.050161793828010566 58.753953933715827 0.036473251879215247 55.500000000000007 0.04785053804516793 0.080699011683464064 10.180556297302248 -0.11032697185873984 0.019683602266013626 0.12692251801490786 0.061693329364061363 0.073068622499704375 0.076342653483152403 63.181842803955085 70.500000000000014 -0.0052205508109182111 29.302822113037113 24.090365409851078 30.538689613342289 8.712438106536867 -0.034513363614678376 28.303961753845218 -0.25000000000000006 0.0031327502802014355 -0.68301269412040699 43.703111648559577
decision_type=2 2 2 2 2 2 2 2 2 2 2 2 2 2 2 2 2 2 2 2 2 2 2 2 2 2 2 2 2 2
left_child=17 10 3 9 5 6 7 -4 -6 29 -2 -12 15 -8 -11 -10 -17 18 19 20 -1 -21 -7 -24 -25 -13 -19 -20 -5 -3
right_child=1 2 4 28 8 22 13 -9 12 14 11 25 -14 -15 -16 16 -18 26 27 21 -22 -23 23 24 -26 -27 -28 -29 -30 -31
leaf_value=0.030085280483037713 0.024313286504026609 -0.018298944941253278 -0.01196960833107834 -0.0054741157795150167 -0.024380092947281169 0.03061193378429547 -0.033449428753208311 0.030069817569119056 0.012451742337571275 0.0053470433864702656 -0.02319503517519703 0.01931239590450623 -0.019281451030495694 0.019117916033557922 -0.025333757702385818 -0.02291229369925275 0.0032876574860718137 0.010015626966785924 0.031510959603984749 -0.0072666102243941592 -0.017261343078792568 0.015551550488530406 0.030972032449739027 0.03312243855512953 -0.016386095030234835 -0.026651050670495949 -0.010108594266428758 0.0010222859232386704 -0.021104654499653073 0.0010973429878327042
leaf_weight=79.421998561043893 98.506480239798293 159.51472035405141 48.452651443010382 111.7587717749193 65.711214731309155 99.452593915412763 51.51204235104251 57.549497482506013 173.6006547119232 381.00350417786331 39.79613466167757 63.870483556954696 73.20284337710109 13.344914709830844 33.185038140049073 78.708555187825368 249.93392912583658 89.879673434807046 100.43074683277518 200.0821645334222 18.655894412931048 68.083282307920854 35.102304997442843 14.311185570897576 47.210740172656187 13.183076772287675 155.11864083937417 31.117126201599604 305.35690090136814 76.055638112653924
leaf_count=200 241 1205 179 607 815 336 150 567 557 2051 399 369 1581 185 71 284 1025 197 396 953 99 219 88 25 203 29 352 104 1961 444
internal_value=-0.000151271 -0.00203465 -0.00338034 -0.00815026 0.00166761 0.00957878 -0.00185688 0.0108529 -0.0028598 -0.00252224 0.0109306 -0.00035028 -0.000402151 -0.0226315 0.0028886 0.00234932 -0.0029868 0.00565579 0.00978099 0.00456576 0.0210781 -0.00147299 0.0195442 0.00815137 -0.00486756 0.011447 -0.0027254 0.0242999 -0.016917 -0.0120362
internal_weight=3033.11 2290.32 2074.97 1066.87 1008.09 366.936 170.859 106.002 641.157 649.759 215.356 116.85 575.446 64.857 414.189 502.243 328.642 742.79 497.791 366.243 98.0779 268.165 196.077 96.6242 61.5219 77.0536 244.998 131.548 417.116 235.57
internal_count=15892 13372 12334 6339 5995 1733 1081 746 4262 3771 1038 797 3447 335 2122 1866 1309 2520 1971 1471 299 1172 652 316 228 398 549 500 2568 1649
is_linear=0
shrinkage=0.0363096


Tree=165
num_leaves=31
num_cat=0
split_feature=21 19 3 8 7 19 16 10 13 2 7 10 5 18 8 10 18 10 8 8 10 11 16 3 2 13 19 16 5 16
split_gain=59.9821 35.7948 26.6222 26.0932 23.4162 28.0305 51.1857 35.8807 31.9181 19.1817 20.9631 30.9415 34.7872 19.1748 20.7874 17.8557 23.861 36.5576 16.8504 20.1331 14.2488 27.3983 15.4778 13.8924 17.1541 25.1825 14.7756 14.3213 11.7032 9.9643
threshold=0.036035088822245605 -0.87837970256805409 57.339855194091804 0.23705399781465533 59.013555526733406 0.6078576147556306 41.721759796142585 0.0092149539850652235 -0.059103617444634431 0.051957257091999061 63.200134277343757 0.0058015149552375087 13.965623378753664 0.68301269412040722 -0.96238604187965382 0.0086448253132402914 -0.25000000000000006 0.0066805204842239627 0.98756650090217601 0.35305868089199072 0.006418882869184018 0.011615945026278498 54.124971389770515 47.22041320800782 -0.10231470316648482 -0.046765914186835282 -1.0000000180025095e-35 24.069878578186039 27.768135070800785 37.667966842651374
decision_type=2 2 2 2 2 2 2 2 2 2 2 2 2 2 2 2 2 2 2 2 2 2 2 2 2 2 2 2 2 2
left_child=1 3 4 -1 5 23 13 8 -8 15 18 -12 -13 29 -15 16 -6 -18 19 -11 -5 22 -22 24 -3 -26 -25 -28 -9 -7
right_child=-2 2 -4 20 9 6 7 28 -10 10 11 12 -14 14 -16 -17 17 -19 -20 -21 21 -23 -24 26 25 -27 27 -29 -30 -31
leaf_value=-0.02376632243606883 -0.02541199650953865 0.025758765901304676 -0.018992233057113186 -0.019151414551964327 -0.021914430017180239 -0.022799577359406607 0.0327646145452321 0.023271461169378192 -0.0097292540210471342 0.002660652863382526 0.02986581209196747 -0.0063494287811848111 0.026893892220529431 -0.024406141945639587 0.0098053573129859 -0.027146833694811908 -0.010864257159561809 0.046565551468982516 0.016311129542291202 -0.02547935482237066 -0.0044876495514187499 -0.026224195807540544 0.034391723701785601 -0.023814855421492982 -0.001725158492750431 0.012465880523390911 -0.031305880856190439 0.014040038481872113 0.0023843343328698533 -0.0073053247955821438
leaf_weight=129.55598735427793 121.57083951077584 84.365661763141361 77.470325578983648 36.186296251557906 53.330561746375679 139.88253989171517 27.464050691371085 164.2825174092286 153.81800121591186 54.510117021503902 59.461008898093496 195.57220300140489 52.6785269712218 31.48731773345844 91.333352639226177 72.367449528410361 37.952467743507441 23.760623912769006 27.729489120783001 87.021951648071081 20.586051061738544 22.215799131227868 39.187821723629895 33.486463246797484 227.20406728231592 600.66988746146808 11.152420497689944 51.952214971696776 45.084295291274429 89.92298170988488
leaf_count=1430 1302 550 314 123 244 587 79 974 579 185 90 1220 134 149 179 484 238 98 129 371 131 345 185 273 1526 3248 39 201 241 244
internal_value=-0.000454756 0.000651847 0.00195947 -0.0125117 0.00263121 0.00483222 -0.000518098 0.00853458 -0.00329082 -0.0031731 0.00069396 0.00633976 0.000704332 -0.0105472 0.00103367 -0.0130156 -0.00412542 0.0112455 -0.00956925 -0.0146406 -0.000172387 0.0082027 0.0209999 0.00877427 0.0101608 0.00857112 -0.00431933 0.00602424 0.0187742 -0.0167372
internal_weight=2863.26 2741.69 2493.96 247.732 2416.49 1752.11 743.275 390.649 181.282 664.384 476.973 307.712 248.251 352.626 122.821 187.411 115.044 61.7131 169.262 141.532 118.176 81.9897 59.7739 1008.83 912.24 827.874 96.5911 63.1046 209.367 229.806
internal_count=15892 14590 12376 2214 12062 8869 3032 1873 658 3193 2129 1444 1354 1159 328 1064 580 336 685 556 784 661 316 5837 5324 4774 513 240 1215 831
is_linear=0
shrinkage=0.0363096


Tree=166
num_leaves=31
num_cat=0
split_feature=11 1 1 21 16 7 5 1 1 6 12 1 21 6 21 6 17 1 4 2 6 8 20 8 5 5 1 21 10 6
split_gain=28.8633 14.3017 16.9085 19.5321 13.8517 14.5584 31.845 38.4659 25.0782 21.6843 20.7535 11.018 21.2767 13.1462 13.1462 11.2771 8.43211 10.3548 7.6733 7.45803 7.25936 7.77237 13.9278 5.00322 4.15988 5.84403 2.28121 1.76942 1.3775 0.520156
threshold=0.16113392263650897 -0.060762835666537278 -0.047311121597886079 0.026738930493593219 21.842226982116703 37.567609786987312 28.914968490600589 -0.033948963508009904 0.070789884775877013 -0.34486262500286097 -0.019786894321441647 -0.0049894670955836764 0.027950330637395385 2.7410235404968266 0.048838546499609954 1.6803539395332339 0.68301269412040722 0.050965076312422759 19.003656387329105 -0.076033569872379289 0.71063745021820079 -2.534611582756042 1.0000000180025095e-35 -2.2263926267623897 35.34339904785157 40.797067642211921 -0.057100377976894372 0.024659099057316784 0.015851946547627453 0.04502359218895436
decision_type=2 2 2 2 2 2 2 2 2 2 2 2 2 2 2 2 2 2 2 2 2 2 2 2 2 2 2 2 2 2
left_child=1 -1 3 -3 16 11 7 -7 9 -8 -9 13 15 19 -15 -13 20 23 26 -6 21 -4 -23 -18 28 -26 -5 -25 -22 -28
right_child=-2 2 4 18 5 6 8 10 -10 -11 -12 12 -14 14 -16 -17 17 -19 -20 -21 24 22 -24 27 25 -27 29 -29 -30 -31
leaf_value=-0.025473561978652491 0.020900812708329993 -0.026595789568910864 -0.015062655258915029 0.013936293011728459 -0.025471879030005959 -0.026454374660462816 -0.008800513058963743 0.0076928767519408242 -0.024573727047392146 0.017213177378393594 -0.0020109369500348928 -0.013599516990454584 0.02925536167522759 -0.017414204075150101 0.030212935863533495 0.0038298243007253629 -0.01059947454957629 -0.030315706581616315 -0.0020201190368699701 0.0022971153055643197 0.030043316336974022 0.029109332420300397 -0.020892885308952055 0.0074374322604260192 -0.00085947579132428166 0.027190439608930844 0.03418247736510157 0.028359843930214571 0.049872183131017218 0.026688578442726422
leaf_weight=28.858563980375493 89.232709407806396 13.22718550607169 16.709952614892245 17.166412893153392 92.929461654997795 78.148552091539386 50.075072211358929 342.29346931082364 25.058988954033339 270.02281607335044 1922.8228033509822 121.08939585002918 24.511531298607224 16.020927256317012 14.605014543638388 82.127065836064503 12.448658516574136 13.106227723659684 16.183500959137746 14.770416378580192 12.49609006339597 25.824376822250997 10.260169597120692 10.241990298784009 15.106904634782039 27.796211350950216 17.963730216026306 11.150675330192824 7.3827873482769055 39.319759096112648
leaf_count=1003 62 470 14 53 326 721 47 2065 115 1189 8019 272 187 88 16 336 62 26 42 131 108 103 55 74 78 49 4 22 16 139
internal_value=0.000519918 -2.2974e-05 0.000198162 0.0146176 -0.000267336 -0.000816959 0.000107982 -0.00140865 0.0104047 0.0131433 -0.000544493 -0.00761034 -0.00270016 -0.0156932 0.0052948 -0.00655515 0.0100616 -0.00291297 0.0206337 -0.0216625 0.0153328 0.00540667 0.0148887 0.00769651 0.0236781 0.017311 0.0255595 0.0183484 0.0374136 0.0290407
internal_weight=3438.95 3349.72 3320.86 103.861 3217 3054.48 2688.42 2343.26 345.157 320.098 2265.12 366.054 227.728 138.326 30.6259 203.216 162.524 46.9476 90.6334 107.7 115.576 52.7945 36.0845 33.8413 62.782 42.9031 74.4499 21.3927 19.8789 57.2835
internal_count=15892 15830 14827 708 14119 13512 12156 10805 1351 1236 10084 1356 795 561 104 608 607 184 238 457 423 172 158 158 251 127 196 96 124 143
is_linear=0
shrinkage=0.0363096


Tree=167
num_leaves=31
num_cat=0
split_feature=1 4 12 0 12 1 14 0 14 10 11 1 14 9 1 21 21 1 10 10 9 10 4 10 10 13 0 13 21 18
split_gain=57.9192 34.3277 23.6241 19.0841 21.401 35.8472 35.9596 21.9742 19.9662 19.8007 35.4428 19.7211 23.1686 22.0144 19.7075 21.1697 19.4385 28.0066 19.4369 15.2731 17.5544 14.7342 11.7364 24.9585 14.6947 18.3453 11.3691 6.71263 21.6531 5.66371
threshold=-0.031422922387719147 10.383468151092531 0.12369922176003458 25.500000000000004 -0.0088740619830787165 0.013467282988131048 -0.0082963989116251451 70.500000000000014 0.010999629739671947 0.016469742171466354 0.009976847097277643 -0.0031004333868622776 -0.01093219732865691 0.1364005580544472 0.004076756304129959 0.047256022691726692 0.016824341379106048 0.019459475763142112 0.010642729699611666 0.013622586615383627 0.039441257715225227 0.021391540765762333 10.180556297302248 0.031585412099957473 0.01820723153650761 -0.042840937152504914 71.500000000000014 -0.060129610821604722 0.019601330161094669 -0.25000000000000006
decision_type=2 2 2 2 2 2 2 2 2 2 2 2 2 2 2 2 2 2 2 2 2 2 2 2 2 2 2 2 2 2
left_child=1 -1 3 22 5 6 14 -8 16 10 19 12 -12 -13 15 -5 17 -7 -18 20 -6 27 -2 24 25 -24 -9 -11 -29 -16
right_child=2 -3 -4 4 9 8 7 26 -10 21 11 13 -14 -15 29 -17 18 -19 -20 -21 -22 -23 23 -25 -26 -27 -28 28 -30 -31
leaf_value=0.026589627876084633 0.02335328310618243 -0.025148034887281435 -0.021380214178661174 0.015412284692086418 0.0093491191698946551 0.032003345589798358 -0.021709358959148519 0.033475637064858101 -0.029080057393895773 0.028781808574046892 0.033473464064177567 -0.0055653197001353698 -0.02848370362155277 0.040590419348268264 -0.0035400287962624537 -0.01451349665697688 -0.025365994662554996 0.0035626870167184879 0.0044619594122576375 0.03156381635792041 0.00052027874141585384 -0.026156261903862669 0.024434776779093552 -0.027284271381007134 0.029994843120655625 -0.027499290226161995 -0.014163728102605924 0.037406470379794214 -0.013836390886104255 -0.026500894153068118
leaf_weight=18.826147234110977 80.446595252575207 165.70718699272948 60.164128358622747 118.8760678459912 528.99956682261836 74.707645277978372 261.19904415261681 15.195066178837806 21.67773369553106 64.650924162118827 8.7967567080049758 237.51834987188977 83.214346198857129 14.452216121189847 24.105180130756708 42.234597977681915 37.514762526761842 117.38163277885724 123.99999972437308 27.909180904738605 676.79633719019421 9.3464567424607576 17.653841314151578 24.316407761004484 40.351422862946492 18.223399275102565 11.677636406989222 20.58552721561864 23.034798611920451 34.383743450408474
leaf_count=517 132 2433 933 668 1408 138 1516 25 193 32 49 1669 497 153 101 70 368 693 1020 54 1814 314 123 29 66 34 245 66 393 139
internal_value=-0.000161712 -0.0198691 0.00112812 0.00161894 0.000818826 -0.00376497 -0.0100553 -0.0184926 0.00474411 0.00320624 0.00213472 -0.0081717 -0.022559 -0.0029175 0.00101232 0.00756664 0.00681804 0.0146245 -0.00246546 0.00500845 0.00439371 0.0175782 0.0130161 0.00474417 0.0149625 -0.00194137 0.0127696 0.0213546 0.0103439 -0.0170399
internal_weight=3003.95 184.533 2819.41 2759.25 2578.26 882.953 507.671 288.072 375.282 1695.3 1577.69 343.982 92.0111 251.971 219.6 161.111 353.604 192.089 161.515 1233.71 1205.8 117.618 180.992 100.545 76.2287 35.8772 26.8727 108.271 43.6203 58.4889
internal_count=15892 2950 12942 12009 11625 5176 2764 1786 2412 6449 5644 2368 546 1822 978 738 2219 831 1388 3276 3222 805 384 252 223 157 270 491 459 240
is_linear=0
shrinkage=0.0363096


Tree=168
num_leaves=31
num_cat=0
split_feature=21 19 8 3 13 13 12 20 20 9 16 3 10 6 4 13 21 10 10 11 17 6 11 13 16 6 9 4 3 4
split_gain=57.544 34.2224 25.4113 25.2726 20.7319 41.1273 29.4291 39.6464 28.2355 31.6694 28.0799 27.8635 24.0274 20.6359 16.9556 36.8522 14.6369 19.2678 13.6329 26.2127 18.6782 13.8134 13.5999 20.23 15.3798 12.0898 11.8134 5.959 5.94567 16.2797
threshold=0.036035088822245605 -0.87837970256805409 0.23705399781465533 57.339855194091804 0.0049211108125746259 0.04649366810917855 0.092687945812940611 1.0000000180025095e-35 0.81174489855766307 0.17443011701107028 74.705383300781264 28.830504417419437 0.0062320430297404536 0.45919317007064825 10.58051919937134 -0.057359104976057999 0.0073846606537699708 0.0055147577077150354 0.006418882869184018 0.011615945026278498 0.25000000000000011 0.84045222401618969 0.0054724283982068309 0.090193275362253203 57.941795349121101 -0.15367018431425092 0.10638631880283357 26.412920951843265 26.206627845764164 14.929610729217531
decision_type=2 2 2 2 2 2 2 2 2 2 2 2 2 2 2 2 2 2 2 2 2 2 2 2 2 2 2 2 2 2
left_child=1 2 -1 4 6 13 7 14 10 -10 -9 12 -7 28 15 -3 -15 -18 -4 20 21 -20 24 -24 -13 -14 -16 -22 29 -6
right_child=-2 3 18 -5 5 11 -8 8 9 -11 -12 22 25 16 26 -17 17 -19 19 -21 27 -23 23 -25 -26 -27 -28 -29 -30 -31
leaf_value=-0.023586628565744634 -0.025365306735437278 0.012693042916659257 -0.018902545336707818 -0.018716888535417812 0.055878846419083278 -0.011927122223034799 0.023687929114338882 -0.012555715238739979 0.010119517411394666 -0.026519872794883638 0.021660570580085935 -0.0068482774054570011 0.027956269367921324 -0.024268516225729137 0.015818218583080166 -0.022186326187141572 0.035978475906814952 -0.0045950067341015872 -0.025131657857557069 -0.026002750907520529 0.055654863715945406 0.023261931182631777 -0.0093835844489804313 0.0048298874179169863 0.0309214925467667 -0.00060666736490377091 -0.010192439839718639 0.022018709970701784 -0.026371881340701522 -0.020423683128422722
leaf_weight=127.05678956038855 117.14342132388128 120.60266001740411 35.627614333281599 75.92247644060626 4.468046062331271 32.586954524289467 107.52438385299592 322.062655765822 268.12416369302991 35.181577763312362 35.06103267526305 23.812272893712361 109.38591870687742 28.994240477848507 413.85837566551254 59.707581508963813 20.741898436108386 60.250039335017391 14.36986902134686 21.88068733017144 16.683703973179039 16.946096169649536 279.87198452965458 249.89125903750755 35.245403281884137 23.775744347531145 24.370982449839175 11.919390950390151 119.7249317124797 21.0610374371945
leaf_count=1430 1302 510 123 314 26 56 120 2158 1084 119 82 47 232 223 1503 317 116 710 95 345 44 109 1424 1420 58 439 432 68 766 220
internal_value=-0.000448315 0.000626056 -0.0123329 0.00190765 0.00256115 -0.00139616 0.00544341 0.00390948 -0.00227715 0.00586919 -0.00919617 0.00286551 0.0160165 -0.0139954 0.0105153 0.00114252 -0.00212966 0.00579448 -0.000155437 0.00800846 0.0204303 0.0010521 -0.000836199 -0.00267883 0.0156907 0.0228556 0.0143714 0.0416423 -0.0229793 -0.00706462
internal_weight=2833.85 2716.71 244.484 2472.23 2396.3 1009.81 1386.49 1278.97 660.429 303.306 357.124 754.57 165.749 255.24 618.54 180.31 109.986 80.9919 117.427 81.7997 59.9191 31.316 588.821 529.763 59.0577 133.162 438.229 28.6031 145.254 25.5291
internal_count=15892 14590 2214 12376 12062 5737 6325 6205 3443 1203 2240 3676 727 2061 2762 827 1049 826 784 661 316 204 2949 2844 105 671 1935 112 1012 246
is_linear=0
shrinkage=0.0363096


Tree=169
num_leaves=31
num_cat=0
split_feature=21 16 16 0 0 16 4 4 1 6 16 4 21 1 1 14 21 10 1 6 1 11 1 7 17 10 5 17 2 20
split_gain=27.0026 16.1647 24.1195 22.3867 24.2476 22.6585 17.5837 26.5991 21.1962 20.8093 16.7719 15.2372 30.6696 20.65 14.2695 28.8484 23.6249 21.1059 20.8301 18.0242 13.2239 14.4854 16.4529 14.1718 22.7925 13.3 12.8862 13.7716 12.7666 12.7056
threshold=0.035019053146243102 44.02482986450196 47.179697036743171 33.500000000000007 49.500000000000007 52.910326004028327 21.874175071716312 24.351629257202152 -0.01321598421782255 1.6089681386947634 43.708412170410163 13.355673789978029 0.048838546499609954 -0.025668213143944737 0.010580807458609344 -0.0052205508109182111 0.016266708262264732 0.0060863040853291759 0.0061288573779165753 2.9468511343002324 -0.060762835666537278 0.014053172431886198 -0.039887709543108933 33.701351165771491 -0.68301269412040699 0.0077281959820538768 19.538932800292972 -0.68301269412040699 0.098470084369182601 1.0000000180025095e-35
decision_type=2 2 2 2 2 2 2 2 2 2 2 2 2 2 2 2 2 2 2 2 2 2 2 2 2 2 2 2 2 2
left_child=1 10 -3 5 6 -4 9 -8 -9 -5 20 12 -2 -14 16 17 18 -16 -6 -17 -1 22 -22 25 -25 -24 -7 -28 -18 -11
right_child=11 2 3 4 14 26 7 8 -10 29 -12 -13 13 -15 15 19 28 -19 -20 -21 21 -23 23 24 -26 -27 27 -29 -30 -31
leaf_value=-0.026192279835720311 -0.013306270204569899 -0.018171381679469002 0.029238247874059698 -0.022073847615798808 -0.0010900968030108432 0.03318599306494991 0.02692265174060841 -0.029743101093352962 0.00011270388832602996 -0.019827504896198056 0.025238431178929106 0.024900234761483512 -0.0098428998940340642 0.021908670517019922 0.0715004635859431 -0.010996793485736763 0.035909670432764537 0.0089822176981520143 0.016234081770263541 0.021858314804818139 -0.026658252618268687 0.0081348723700739554 0.0068978490623112726 0.014952768642113612 -0.0020287270430231299 -0.027307141233711658 0.011309042148085625 -0.014162258236277878 -0.038892527014114497 0.014873219861528895
leaf_weight=21.259367658351039 73.20808561528338 120.60294681089363 58.521134077856914 193.67399248925676 648.70531238592048 15.330636808155758 34.971156189994872 43.216797395655703 114.1486911448992 21.765092534802534 43.201999242503007 75.774989086470669 34.409609672793522 125.40510704932694 8.0111718130647187 371.49210410263549 37.135637438555932 64.004068662174177 106.52645729152209 23.398107657185392 30.667001068363788 399.4813924080554 23.111985401867059 143.35613784772067 381.50937235329729 42.607469680731811 52.376394894337864 60.089335246555493 3.2716295662175972 38.546475537170409
leaf_count=316 246 898 170 568 1723 147 116 348 213 48 125 993 36 151 22 2469 1005 365 246 184 252 1845 108 602 1882 223 66 186 257 82
internal_value=0.00051634 -0.000503271 -0.00242678 -0.00142479 -0.0027279 0.0105265 -0.0100024 -0.00171988 -0.00808582 -0.016274 0.00306961 0.0107557 0.00615569 0.0150716 -0.000156212 -0.00519531 0.00280075 0.0159387 0.00135336 -0.00904976 0.00215036 0.00274078 -0.000727577 0.000618732 0.00260921 -0.0152764 0.00195698 -0.00229903 0.0298503 0.00234862
internal_weight=3409.78 3100.98 2015.79 1895.18 1708.87 186.318 446.322 192.337 157.365 253.986 1085.19 308.798 233.023 159.815 1262.54 466.905 795.639 72.0152 755.232 394.89 1041.99 1020.73 621.252 590.585 524.866 65.7195 127.796 112.466 40.4073 60.3116
internal_count=15892 14466 9113 8215 7646 569 1375 677 561 698 5353 1426 433 187 6271 3040 3231 387 1969 2653 5228 4912 3067 2815 2484 331 399 252 1262 130
is_linear=0
shrinkage=0.0363096


Tree=170
num_leaves=31
num_cat=0
split_feature=1 4 12 3 1 1 0 12 1 12 16 10 0 0 6 9 5 0 20 3 13 6 3 0 0 21 21 12 10 14
split_gain=55.6898 32.7102 22.7544 19.4126 23.8103 34.451 33.9796 46.8464 38.5098 26.5635 31.8325 26.9688 24.7428 21.4583 19.4533 18.1981 23.0139 23.1674 16.3546 15.9113 15.138 12.3704 11.0854 38.7238 10.9799 18.4229 9.79539 7.07787 10.6417 5.70106
threshold=-0.031422922387719147 10.383468151092531 0.12369922176003458 57.339855194091804 0.030079720541834835 -0.00084621505811810483 70.500000000000014 0.016078354790806774 0.013011318165808918 -0.0073867393657565108 86.981960296630874 0.0063668228685855874 56.500000000000007 71.500000000000014 -0.2538455575704574 0.037849595770239837 12.557447433471681 32.500000000000007 1.0000000180025095e-35 27.895052909851078 -0.092549569904804216 2.7410235404968266 35.613735198974616 62.500000000000007 27.500000000000004 0.0068822223693132409 0.0089538083411753195 0.03510518558323384 0.011448925826698543 0.0015484800678677859
decision_type=2 2 2 2 2 2 2 2 2 2 2 2 2 2 2 2 2 2 2 2 2 2 2 2 2 2 2 2 2 2
left_child=1 -1 3 4 5 9 8 13 20 14 11 -11 -10 -8 -2 29 22 -18 -16 -9 -7 24 -17 -24 -5 -26 -19 28 -27 -6
right_child=2 -3 -4 21 15 6 7 19 12 10 -12 -13 -14 -15 18 16 17 26 -20 -21 -22 -23 23 -25 25 27 -28 -29 -30 -31
leaf_value=0.026425187096601029 0.025440151112399511 -0.025089181912203152 -0.021204599578281004 0.021556908717694216 0.034167320872720265 0.0010739524088999287 0.031882709574200162 0.024716305556290254 -0.010879868393905036 0.019010412999874406 -0.029993767576379848 0.0036122647673406832 0.010920997855814518 0.0032737109338098424 -0.019918408440182299 0.030639021544537067 0.014904434744542679 0.039559263233661567 0.0020672006247454055 -0.018913110687188813 -0.020931939613148581 -0.0059104068713912846 -0.025938350689886883 0.020809028645276468 0.027105425475535447 0.018014126027759512 -0.0081309311312531048 -0.023417925893950392 -0.016021871382433835 0.0077601254326104341
leaf_weight=18.086103780667145 20.478370513907976 159.9480019981961 59.085826478996751 123.78133327646356 40.007728122849585 46.947013766235614 75.650873986254737 12.561666580354538 143.30525089553521 204.54891160000261 30.683798263678909 561.97563307676228 131.72041514355078 63.660493191978276 120.68110414445982 46.7008529243476 88.852810186825081 5.8246682049430083 70.749671143319574 89.691505448467069 336.85971870930189 48.671125657687298 30.343279864639044 101.51440851238112 34.700451135635376 25.995386638212949 224.3340897293283 20.182219154425184 22.673197065611021 14.769445289806752
leaf_count=517 84 2433 933 52 221 183 51 144 490 506 42 1442 493 911 944 191 50 34 702 942 1352 89 61 283 21 61 2422 65 37 136
internal_value=-0.000164718 -0.0198553 0.00108861 0.00156976 0.000545986 -0.00137448 -0.00653767 0.00511091 -0.0108089 0.00323233 0.00626968 0.00772145 -0.000438183 0.0188102 -0.00819371 0.0071854 0.00499836 -0.000843512 -0.0117923 -0.0135522 -0.0182399 0.010701 0.015436 0.0100506 0.014258 0.00553204 -0.0069235 -0.00533926 0.0021555 0.0270493
internal_weight=2974.99 178.034 2796.95 2737.87 2461.86 1909.51 900.397 241.565 658.832 1009.12 797.208 766.525 275.026 139.311 211.909 552.347 497.57 319.012 191.431 102.253 383.807 276.004 178.559 131.858 227.333 103.551 230.159 68.8508 48.6686 54.7772
internal_count=15892 2950 12942 12009 11684 8286 4566 2048 2518 3720 1990 1948 983 962 1730 3398 3041 2506 1646 1086 1535 325 535 344 236 184 2456 163 98 357
is_linear=0
shrinkage=0.0363096


Tree=171
num_leaves=31
num_cat=0
split_feature=0 1 5 0 21 2 13 13 3 10 12 10 21 0 10 16 5 1 3 12 0 0 5 7 13 13 1 11 3 3
split_gain=63.9039 29.4789 35.6672 34.4626 26.0395 17.5095 22.7325 41.4673 28.0878 21.3021 18.3728 36.5014 25.8954 17.7992 15.2454 18.624 14.8927 14.4072 17.29 17.4311 14.3065 14.282 8.11426 7.58623 11.1514 18.8226 5.51427 2.98533 2.33222 2.30412
threshold=27.500000000000004 -0.027683638967573639 28.582721710205082 37.500000000000007 0.012950025033205749 -0.11434316635131835 0.0049211108125746259 0.04649366810917855 28.830504417419437 0.006418882869184018 0.10718687251210214 0.016574665904045108 0.028165088035166267 61.500000000000007 0.010752464644610884 50.956083297729499 30.841956138610843 -0.048277683556079858 27.530241012573246 0.01013745227828622 55.500000000000007 54.500000000000007 26.851798057556156 45.005889892578132 -0.044683795422315591 -0.036273777484893792 0.038302974775433547 0.016920160502195362 36.213874816894538 26.973197937011722
decision_type=2 2 2 2 2 2 2 2 2 2 2 2 2 2 2 2 2 2 2 2 2 2 2 2 2 2 2 2 2 2
left_child=4 2 17 23 -1 -5 10 20 9 -9 11 12 -7 -10 -4 29 -17 18 -2 -20 21 -8 27 -3 28 -26 -22 -21 -25 -16
right_child=1 3 14 5 -6 6 7 8 13 -11 -12 -13 -14 -15 15 16 -18 -19 19 22 26 -23 -24 24 25 -27 -28 -29 -30 -31
leaf_value=0.056603679335083416 0.02649323571549763 -0.025640574751766527 0.027699108789110277 -0.026487794728494534 -0.025316747578810951 0.0042552324067161272 -0.010888896239136581 -0.012203714754065223 0.0059486149793393714 0.019916671751362053 0.029092692640225931 -0.027660042396757081 0.033139796758640358 -0.006080405039019258 -0.048824376589687385 0.020963380387338405 -0.015884935998829439 0.026910415697482468 -0.028838763269101998 0.0038387758317447117 -0.025357901209281983 0.027296988879493139 -0.026621557494938546 -0.026671765929937037 0.047816205271678076 -0.026824810963336505 0.019587461042856108 0.02852152139650229 -0.0084923604336744254 -0.025880152231354283
leaf_weight=5.2876833525733664 41.242222094843783 78.836424475929107 15.493784310659974 31.189693089251705 156.2425283939956 824.05966871149485 141.82517839183856 33.294564689520485 248.33586179930899 149.12852528467738 40.250331393404849 45.539314244923844 43.059523051570068 467.39513615975011 6.9717310513078692 28.423972389576193 29.433499272767676 131.35962210887828 22.956133734426658 9.879394376201164 118.70230370822901 14.204858636826428 5.9419399233865979 22.836481417500181 10.217810989932333 7.8941887411774578 3.7083673042889123 18.728258591987469 15.737393469113156 33.924978501543592
leaf_count=36 212 314 173 325 1438 3962 482 68 723 722 31 545 72 3020 10 38 51 1007 235 272 1178 35 4 57 8 138 368 64 44 260
internal_value=-0.000464327 0.000891825 0.0107986 -0.00059381 -0.0226343 0.000520174 0.0009158 -0.00246026 0.00133498 0.0140537 0.00508447 0.00402553 0.00568972 -0.00190656 -0.00578483 -0.0110394 0.00221582 0.0190327 0.0085522 -0.00431294 -0.0147028 -0.00741173 0.0119798 -0.0183554 -0.00822133 0.0152775 -0.0239954 0.0200016 -0.0192579 -0.0297945
internal_weight=2802.1 2640.57 344.356 2296.22 161.53 2160.69 2129.5 1176.59 898.154 182.423 952.909 912.659 867.119 715.731 114.248 98.7542 57.8575 230.108 98.7479 57.5057 278.441 156.03 34.5496 135.522 56.6859 18.112 122.411 28.6077 38.5739 40.8967
internal_count=15892 14418 2326 12092 1474 11531 11206 6596 4533 790 4610 4579 4034 3743 532 359 89 1794 787 575 2063 517 340 561 247 146 1546 336 101 270
is_linear=0
shrinkage=0.0363096


Tree=172
num_leaves=31
num_cat=0
split_feature=21 3 8 6 5 16 16 19 12 7 5 14 21 14 16 8 3 20 3 21 12 19 6 21 14 3 21 4 12 17
split_gain=25.4882 20.9427 32.044 14.7865 18.3836 14.7841 23.0681 22.2331 19.2821 27.2288 25.0101 20.2319 19.9407 39.0701 15.8871 15.632 15.5053 22.3718 12.3836 17.2351 16.4936 14.9517 16.3871 14.4213 19.5562 18.4305 17.092 13.1845 13.1425 13.123
threshold=0.035019053146243102 58.745613098144538 -1.1727854609489439 1.1330708861351015 49.929754257202156 44.02482986450196 47.179697036743171 0.87837970256805431 -0.017399735748767849 37.567609786987312 20.110213279724125 0.035049589350819595 0.016565282829105858 0.0092206452973186987 43.708412170410163 -0.15944719314575193 48.141281127929695 1.0000000180025095e-35 32.369825363159187 0.027950330637395385 -0.056519351899623864 -0.87837970256805409 -0.74394509196281422 0.01749387010931969 -0.0063095584046095601 52.931867599487312 0.015463689342141153 9.7581439018249529 0.067672032862901701 -0.68301269412040699
decision_type=2 2 2 2 2 2 2 2 2 2 2 2 2 2 2 2 2 2 2 2 2 2 2 2 2 2 2 2 2 2
left_child=5 3 -3 4 -2 14 -7 8 9 -8 12 -11 15 -14 18 -10 17 -12 19 21 23 -1 -23 26 25 -25 27 -20 -21 -22
right_child=1 2 -4 -5 -6 6 7 -9 10 11 16 -13 13 -15 -16 -17 -18 -19 20 28 29 22 -24 24 -26 -27 -28 -29 -30 -31
leaf_value=0.021447096463245621 -0.011472075577927305 -0.027271743825159966 0.015257632227188372 0.023639855794084508 0.02853653441978787 -0.017854009095625401 -0.022469124299292736 -0.015021298647843864 0.023221117286439018 0.018356203653675324 0.0018201326601450158 -0.029655970392138239 0.026575890697868913 -0.0074794095111461074 0.024666377916740326 -0.0019380924975964118 0.0070421164629632911 -0.019646251946782271 0.02663014956423021 0.029318074957412968 0.02255828051744449 0.0061276504660086259 -0.010911114301671562 0.0094321121595305826 0.02705301193604116 -0.027211540383623074 -0.021569199443358528 -0.026703460655941844 -0.011096001288057721 0.0064397319625025852
leaf_weight=26.8952177914598 42.360251257237906 41.902199226198718 52.77017079881989 141.88832955952694 23.563129007816315 118.3404823811079 29.395085707676117 144.29753254432308 33.723225358318814 172.98358755091158 91.329138928389511 12.398765482032102 104.03406780419118 77.4924754579406 42.733867481811103 942.14346023423968 59.472629028263327 213.88173616371569 21.05100340803256 36.424603611173552 89.927798819275267 100.07037590145956 290.20147250686841 49.01528199328277 40.38657806246465 28.684897378652749 72.525492935117654 8.6084143020889297 14.962882074789375 256.76394180464195
leaf_count=290 758 21 77 551 19 898 105 1083 102 1171 434 6 1117 826 125 2629 52 690 121 175 434 39 1452 695 407 95 238 43 41 1198
internal_value=0.000531878 0.0105892 -0.0035648 0.0170379 0.00282663 -0.000456535 -0.00230457 -0.00132631 -0.000188471 0.00999597 -0.00162565 0.0151444 0.000986896 0.0120373 0.00297032 -0.00106854 -0.00991738 -0.0132224 0.00207485 -0.00229279 0.0056846 -0.00473712 -0.00654188 -0.00208449 0.00655735 -0.00409437 -0.0120723 0.0111466 0.0175482 0.010621
internal_weight=3380.23 302.484 94.6724 207.812 65.9234 3077.74 1999.49 1881.15 1736.85 214.777 1522.08 185.382 1157.39 181.527 1078.25 975.867 364.684 305.211 1035.52 468.555 566.963 417.167 390.272 220.272 118.087 77.7002 102.185 29.6594 51.3875 346.692
internal_count=15892 1426 98 1328 777 14466 9113 8215 7132 1282 5850 1177 4674 1943 5353 2731 1176 1124 5228 1997 3231 1781 1491 1599 1197 790 402 164 216 1632
is_linear=0
shrinkage=0.0363096


Tree=173
num_leaves=31
num_cat=0
split_feature=12 3 13 21 10 14 5 10 21 11 12 16 3 3 5 16 16 5 4 4 21 0 12 17 18 13 11 14 4 21
split_gain=24.4896 23.3368 33.8615 29.959 27.5459 26.7076 32.0929 26.5324 23.0569 18.3673 27.2572 17.6274 17.0617 34.1471 34.933 29.9911 17.8277 23.5701 25.1084 19.1395 17.3325 16.3883 16.3362 18.3328 15.9167 22.2575 11.6166 10.4287 9.8878 8.87539
threshold=0.12369922176003458 59.554189682006843 -0.0012873429805040357 0.0057146488688886174 0.0034402295714244251 -0.0052205508109182111 25.851857185363773 0.018565939739346508 0.031444435939192779 0.013297178316861393 -0.065584637224674211 47.043060302734382 40.360404968261726 37.094064712524421 17.942195892333988 78.924961090087905 41.034296035766609 10.481878757476808 32.306850433349616 35.779144287109382 0.010428401175886394 63.500000000000007 -0.1520515829324722 -0.68301269412040699 1.0000000180025095e-35 -0.075343471020460115 0.16113392263650897 0.040257100015878684 32.809331893920906 0.016626764088869098
decision_type=2 2 2 2 2 2 2 2 2 2 2 2 2 2 2 2 2 2 2 2 2 2 2 2 2 2 2 2 2 2
left_child=1 2 3 -1 -4 6 24 9 -9 10 -7 -10 13 15 -15 20 -14 18 -18 -19 -6 26 -3 -24 -5 -26 -8 -11 -17 -25
right_child=-2 22 4 5 12 7 21 8 11 27 -12 -13 16 14 -16 28 17 19 -20 -21 -22 -23 23 29 25 -27 -28 -29 -30 -31
leaf_value=0.023318895812746453 -0.021641117887033771 0.027606503457311339 -0.033540130371516631 0.039310660710626603 0.010280429804740763 0.021273228857897227 0.0011604221220821458 0.025788389774875263 0.0096219931715785089 -0.02618859925843664 -0.012679160805033621 -0.022668192028760012 -0.025592559965778437 -0.020194521881194069 0.026305540566234749 0.031539410168503604 -0.014619429174442998 0.022877625603824621 0.013840665038385091 -0.016994848922137644 -0.0018779037086929051 -0.022041926388950455 -0.015846724985663817 0.023634228882684408 0.03198681818084774 -0.027316720361232658 -0.025301347092761935 0.015879297660603784 0.0066343631043962155 0.0040391516985366499
leaf_weight=47.317323512332223 68.399564008181187 61.013986743504574 26.379168788640527 37.384215148730618 224.19069293975917 34.012168028017186 329.94554174622272 43.227664470351556 44.566733625753386 159.11486206292875 373.19704907228561 44.583231918484216 17.522989442456947 145.99276961866417 24.935878040467287 65.034183975290034 71.808821114992497 200.49531735341498 94.848269707836153 17.232852942925092 497.82579127068175 54.166712008924151 39.799607212138653 53.474836091249017 18.252659468438651 15.367991913282365 23.424124240875244 8.1644502636627276 31.070458572745338 70.8911831334608
leaf_count=87 1054 31 87 248 704 187 1626 198 236 1324 2421 326 84 497 143 180 299 594 296 28 3709 968 48 61 88 129 35 5 98 101
internal_value=-0.000168725 0.000342048 -0.000611459 -0.00501248 0.00321624 -0.00614347 0.000480214 -0.0106278 0.00402616 -0.0140047 -0.009843 -0.00652485 0.0039134 0.00134978 -0.0134102 0.0044337 0.0102219 0.0118549 0.00157717 0.0197213 0.00189718 -0.00344444 0.011564 0.00560096 0.0230075 0.00487585 -0.000593369 -0.0241347 0.0234889 0.0124656
internal_weight=2943.64 2875.24 2650.06 1232.72 1417.34 1185.41 478.541 706.866 132.378 574.489 407.209 89.15 1390.96 989.05 170.929 818.121 401.908 384.385 166.657 217.728 722.016 407.536 225.18 164.166 71.0049 33.6207 353.37 167.279 96.1046 124.366
internal_count=15892 14838 14597 7878 6719 7791 3094 4697 760 3937 2608 562 6632 5331 640 4691 1301 1217 595 622 4413 2629 241 210 465 217 1661 1329 278 162
is_linear=0
shrinkage=0.0363096


Tree=174
num_leaves=31
num_cat=0
split_feature=21 1 6 13 3 21 11 14 14 20 18 16 13 1 6 4 16 12 1 16 3 12 1 16 3 7 20 4 12 17
split_gain=52.8326 32.3996 21.3441 21.2245 20.2406 16.7379 16.1579 35.3623 13.5738 27.2569 22.6267 24.9118 22.0212 21.865 20.4801 20.0524 17.2826 16.1773 14.192 11.6511 12.3351 10.2155 9.39008 9.82091 8.00255 11.6494 7.63055 19.6726 7.83596 5.26982
threshold=0.036035088822245605 -0.027683638967573639 1.4706639647483828 -0.13211155682802198 57.339855194091804 0.0061242622323334226 0.01701300032436848 0.00041619429248385137 -0.00365342223085463 -0.56174489110708226 -0.25000000000000006 86.064952850341811 0.10340942442417146 0.041175527498126037 -0.87909823656082142 8.5960941314697283 58.549224853515632 0.13933603465557101 -0.00044038957275915886 46.113801956176765 28.705765724182132 -0.036986121907830231 0.025053353980183605 61.303329467773445 35.832254409790046 46.971414566040046 1.0000000180025095e-35 17.124681472778324 0.092687945812940611 -0.68301269412040699
decision_type=2 2 2 2 2 2 2 2 2 2 2 2 2 2 2 2 2 2 2 2 2 2 2 2 2 2 2 2 2 2
left_child=1 2 3 -1 5 24 26 -8 9 12 17 14 16 21 -12 -15 -7 18 -10 20 -9 -11 -6 -24 25 -3 -5 28 -28 -29
right_child=-2 4 -4 6 22 8 7 19 10 13 11 -13 -14 15 -16 -17 -18 -19 -20 -21 -22 -23 23 -25 -26 -27 27 29 -30 -31
leaf_value=-0.043346835892422671 -0.025278428785059846 0.040675891114568881 -0.02700779488064339 0.02673902786065506 -0.025950499072267822 0.0091912028424924099 -0.029061229426283173 0.027023858389403931 -0.011458876319583864 -0.026430683686850635 0.031966400390951485 0.036812671271114428 -0.04552440987414947 0.049792816054960255 0.0034891056085412037 -0.0012147349575832641 -0.027806508601799822 0.034867031359844688 0.00010228118574696146 0.028558849836638558 -0.025823170321228456 -0.010924739484044859 0.020253918721052457 -0.027583167250188636 -0.025948174429718297 -0.016181831148975912 -0.027315487271962313 -0.0033261708343427475 0.026809443102963904 0.027253058740743484
leaf_weight=8.4458782423089342 108.63841791218874 6.6237170865856596 18.215669703634831 119.83059898866213 60.822822606619411 245.06731532496087 31.147811239761722 10.268984191387064 221.01975138318494 74.009063140534636 34.664645073113206 32.864990433945422 11.103064005621489 12.390473129267773 843.34358124636697 56.448194830452849 17.857295426032579 14.352835809349925 381.75611498101171 44.587422976205744 13.447405294152302 230.62506455819835 14.097102792555235 9.4509014943614584 48.502067394434562 16.800227096177878 17.988349453855793 8.6215041859886679 4.384213685989379 53.469631514773027
leaf_count=196 1302 54 680 905 237 1063 166 27 869 871 15 90 76 65 4156 416 86 150 1938 235 82 1130 94 60 135 124 257 91 2 320
internal_value=-0.00045878 0.000554011 0.0111952 0.0134247 -0.000953766 -0.000298263 0.0150037 0.00299957 0.000271449 -0.0041344 0.00213853 0.00577545 0.00456237 -0.0105158 0.00461355 0.00796476 0.00667795 -0.00322934 -0.00413666 0.0176216 -0.00293611 -0.0146922 -0.0184134 0.00104985 -0.0175315 -9.88445e-05 0.0208468 0.0124859 -0.0167038 0.0230053
internal_weight=2770.85 2662.21 330.407 312.192 2331.8 2247.43 303.746 99.4516 2175.5 647.5 1528 910.873 274.028 373.473 878.008 68.8387 262.925 617.129 602.776 68.3038 23.7164 304.634 84.3708 23.548 71.926 23.4239 204.294 84.4637 22.3726 62.0911
internal_count=15892 14590 2961 2281 11629 11238 2085 510 10925 3707 7218 4261 1225 2482 4171 481 1149 2957 2807 344 109 2001 391 154 313 178 1575 670 259 411
is_linear=0
shrinkage=0.0363096


Tree=175
num_leaves=31
num_cat=0
split_feature=11 1 1 6 7 16 7 13 3 13 11 14 3 2 9 14 14 1 1 7 17 6 1 14 1 6 0 4 1 7
split_gain=24.8065 12.7689 14.7347 17.2279 15.4578 11.8427 13.8796 24.3541 22.3114 27.3747 21.6215 12.6058 17.8979 17.7512 8.53224 11.3649 18.3305 8.42766 6.78913 6.04807 9.52601 4.77548 3.95333 3.86122 2.49306 2.09252 0.585115 0.158221 1.05995 0.291737
threshold=0.16113392263650897 -0.060762835666537278 -0.047311121597886079 -0.14210834354162213 49.192550659179695 21.842226982116703 37.567609786987312 -0.13211155682802198 48.141281127929695 0.11003693565726282 0.0061355638317763814 -0.017371185123920437 58.745613098144538 -0.11032697185873984 0.045387566089630134 -0.021380607970058915 -0.026641205884516236 -0.025079769082367417 -0.0075336557347327462 38.098331451416023 -0.68301269412040699 0.50881481170654308 -0.059569360688328736 -0.0017903256812132893 -0.0071472863201051942 0.5477985441684724 37.500000000000007 19.096763610839847 -0.064891401678323732 52.980899810791023
decision_type=2 2 2 2 2 2 2 2 2 2 2 2 2 2 2 2 2 2 2 2 2 2 2 2 2 2 2 2 2 2
left_child=1 27 3 -3 22 14 11 25 9 -9 -10 17 13 -13 -4 16 21 -7 -19 24 -21 -16 -5 -14 -17 -8 -24 -1 29 -29
right_child=-2 2 5 4 -6 6 7 8 10 -11 -12 12 23 -15 15 19 -18 18 -20 20 -22 -23 26 -25 -26 -27 -28 28 -30 -31
leaf_value=-0.025911351469054683 0.020252747328166201 -0.026421098925156507 -0.021522998741133011 0.0027542239369077971 -0.026965932402810939 0.016362407204378083 0.047471949459191788 -0.00052755507312048132 -0.0071191125850096218 -0.017466005903387608 0.012693340570312491 0.02831606484944843 -0.0097992203814529777 -0.0022463879924034388 0.0024337278474053118 0.012852450243636768 -0.025981187066652596 -0.039760051611691605 -0.016098724034232539 0.033067111210167005 -0.0088651796560183602 0.026178371440054055 0.035672450933040299 -0.024887237433516566 0.032810260168603333 0.026506100020666491 0.026604885492370261 -0.011263657261344052 -0.024915730401716681 0.095968247076840124
leaf_weight=24.702574263675164 82.067201018333435 12.053087148383382 10.88216591029777 9.2027361464242841 8.3393958852984706 7.5243395117104219 10.794464203980171 2077.4127605950794 96.174515444659846 133.898350582901 296.4236645469291 29.849510777234173 46.301447829417157 155.95841063815169 22.504684906331022 10.423684821340428 22.46468492465101 24.043017946436521 47.803703307756223 11.958201526740597 17.729768834362403 22.187313402496329 11.389511963769108 43.312865720759874 39.986030858917729 15.099598359739501 55.871033369338875 0.042067122986281791 1.297951548711352 0.13436449537221051
leaf_count=620 62 33 53 45 195 81 52 9284 143 1385 1207 107 54 734 36 90 62 68 270 21 118 105 234 42 122 85 201 117 76 190
internal_value=0.000536261 4.07594e-05 0.000244884 0.0141937 0.0199677 -0.00018497 -0.000698063 0.000211376 -0.000137026 -0.00155326 0.00783961 -0.00743933 -0.00376473 0.00266281 0.00949819 0.0117915 0.000773404 -0.0201889 -0.0240185 0.021028 0.00802133 0.0142243 0.025088 -0.0170929 0.0286857 0.0352508 0.0281421 -0.0252166 -0.0134989 0.0697833
internal_weight=3347.83 3265.77 3239.59 96.8558 84.8027 3142.73 2984.6 2629.8 2603.91 2211.31 392.598 354.793 275.422 185.808 158.137 147.254 67.1567 79.3711 71.8467 80.0977 29.688 44.692 76.4633 89.6143 50.4097 25.8941 67.2605 26.177 1.47438 0.176432
internal_count=15892 15830 14827 708 675 14119 13512 12156 12019 10669 1350 1356 937 841 607 554 203 419 338 351 139 141 480 96 212 137 435 1003 383 307
is_linear=0
shrinkage=0.0363096


Tree=176
num_leaves=31
num_cat=0
split_feature=12 3 2 8 21 6 9 12 9 20 14 3 3 0 14 9 21 5 7 5 2 14 2 0 21 7 21 13 9 18
split_gain=23.3807 21.8423 49.6124 27.1169 22.2221 20.7165 17.9717 24.6986 19.9336 16.7735 16.0218 14.9779 26.9593 23.9128 14.7228 14.804 13.1097 24.5232 28.5569 23.1968 15.6135 11.734 13.5373 10.346 14.2447 32.5659 10.2166 5.70704 5.58664 5.29478
threshold=0.12369922176003458 59.554189682006843 -0.097070876508951173 -1.2599508762359617 0.031735645607113845 2.4333081245422368 0.104667566716671 -0.019786894321441647 0.098525557667016997 -0.56174489110708226 0.009777337312698366 40.803525924682624 36.76861763000489 63.500000000000007 -0.017371185123920437 0.080161634832620635 0.013037679251283409 10.859932899475099 50.350656509399421 35.141269683837898 0.04785053804516793 -0.0082963989116251451 -0.023075473494827744 24.500000000000004 0.016626764088869098 32.835639953613288 0.014010332059115173 -0.10485515370965003 0.096575830131769194 0.68301269412040722
decision_type=2 2 2 2 2 2 2 2 2 2 2 2 2 2 2 2 2 2 2 2 2 2 2 2 2 2 2 2 2 2
left_child=1 2 3 4 14 -6 7 9 11 27 23 12 -9 -13 15 -1 -8 29 19 -19 -20 22 -11 -3 -25 -26 -23 -4 -29 -18
right_child=-2 10 6 -5 5 -7 16 8 -10 21 -12 13 -14 -15 -16 -17 17 18 20 -21 -22 26 -24 24 25 -27 -28 28 -30 -31
leaf_value=-0.026841236412053396 -0.021436746725059783 0.026861463091663498 0.01228595267590727 -0.02492445526800521 -0.025729131657857531 0.015696982288238466 -0.014001394873105161 0.0026933509994643764 -0.026036978226640979 0.034356220370674657 -0.0097008680288432885 0.00093812123326673534 -0.01144296959609175 0.019036946952074797 -0.025162042434639979 0.043203207327395195 0.03790173684896872 0.022035799574324257 -0.025974936852552932 -0.0005378030909067434 0.0014380466961881331 -0.016392280994466081 -0.0042966571153145788 0.027436399797583898 0.020624106325204571 -0.027662902196342518 0.0011884289675263815 -0.02536346936811671 0.0062940228825728818 0.0047458231645908398
leaf_weight=4.7088607951373005 66.657438488638036 69.346739862137838 6.4225268657901315 159.38069241707581 52.059423547180813 22.919251812133552 34.265290017867301 907.28861234957958 34.009234820896381 20.686482899451676 39.423708491123762 244.02660299589297 221.22820688924503 158.93821137918712 7.2908802015299434 25.567365651473665 43.252365663408455 150.4816957587459 43.335759448340923 99.815963385209216 74.435554143687114 92.120567866571037 28.260573099141766 37.089382892343565 42.985763396893162 32.212707771366695 82.680987162048041 96.89332476586651 7.946280316822139 7.4519226551428792
leaf_count=31 1054 44 27 1319 194 84 70 4545 222 393 43 534 745 631 122 221 262 1073 591 303 562 546 233 52 31 71 985 750 72 82
internal_value=-0.000179869 0.000317868 -0.00060501 -0.0152892 -0.00164322 -0.0130646 0.00109154 -0.000457538 0.00145722 -0.00940544 0.0112792 0.00206785 -7.77575e-05 0.00807698 0.0211493 0.0323054 0.00759019 0.00935715 0.00609556 0.0130333 -0.00864806 -0.00367558 0.012037 0.0158335 0.00902188 -5.90887e-05 -0.00807599 -0.0209272 -0.0229629 0.0330311
internal_weight=2913.18 2846.52 2625.47 271.926 112.546 74.9787 2353.54 1900.5 1565.49 335.011 221.058 1531.48 1128.52 402.965 37.5671 30.2762 453.039 418.773 368.069 250.298 117.771 223.749 48.9471 181.635 112.288 75.1985 174.802 111.262 104.84 50.7043
internal_count=15892 14838 14597 1971 652 278 12626 9683 6677 3006 241 6455 5290 1165 374 252 2943 2873 2529 1376 1153 2157 626 198 154 102 1531 849 822 344
is_linear=0
shrinkage=0.0363096


Tree=177
num_leaves=31
num_cat=0
split_feature=21 19 8 3 21 2 12 9 2 9 11 20 21 3 21 6 11 11 6 17 2 6 3 5 2 21 21 5 9 18
split_gain=50.7204 30.5005 24.478 22.0974 17.6287 16.4624 25.3526 31.57 22.432 17.8893 17.6364 22.7833 22.9218 20.5817 16.7279 13.9945 13.059 22.5447 13.8685 11.989 11.8684 9.50477 7.58151 12.149 5.19841 13.6725 8.64537 5.15599 4.35675 3.39335
threshold=0.036035088822245605 -0.87837970256805409 0.23705399781465533 57.339855194091804 0.0061242622323334226 0.002213635249063373 0.092687945812940611 0.072120692580938353 -0.033725373446941369 0.056918777525424964 0.010222447104752065 1.0000000180025095e-35 0.013127720449119808 30.972367286682132 0.014010332059115173 0.13622749596834186 0.011615945026278498 0.0072927738074213275 0.70256349444389354 0.68301269412040722 0.020662724040448669 1.9821184873580935 35.832254409790046 18.086933135986332 -0.074214432388544069 0.016448448412120346 0.018859272822737697 25.851857185363773 0.052666800096631057 -0.25000000000000006
decision_type=2 2 2 2 2 2 2 2 2 2 2 2 2 2 2 2 2 2 2 2 2 2 2 2 2 2 2 2 2 2
left_child=1 2 -1 4 22 6 7 9 -9 -6 11 15 -13 20 -15 -7 17 29 19 -19 -12 28 23 -3 -5 -26 -27 -8 -20 -4
right_child=-2 3 16 24 5 10 27 8 -10 -11 13 12 -14 14 -16 -17 -18 18 21 -21 -22 -23 -24 -25 25 26 -28 -29 -30 -31
leaf_value=-0.023294957694785439 -0.025241028640352933 -0.021029630111407828 -0.0030574131067965032 -0.027668044967387374 0.0048576829853153999 -0.028712428204136317 0.028230791324340133 0.00063551807023411785 -0.019934637758009559 0.017197926697816064 -0.0121767167341568 0.0059440760062609375 -0.018682166891694243 0.037256949177102129 -0.0044580357513702654 -0.0082130664334285307 -0.02572153020008687 -0.02202336422598701 0.027824720992934964 0.022315527758472366 0.01821975677973519 0.0034626518916694459 -0.025752652667827818 0.039935157808758927 -0.025505180509142744 0.046506070147337028 -0.014861371891810134 0.0097681802747142301 0.060481861640660085 -0.028783829181698199
leaf_weight=121.33546106370341 104.68877309499385 11.230375654540696 10.266672350031515 36.804509183764367 440.7361263683506 55.851339849535179 72.493632932582841 412.84554480185056 84.135167808514097 238.82261525252352 19.053996702486984 284.00039216179539 60.433164707532342 13.492707740568219 208.64817977111397 205.42345465829931 21.114566992307573 15.251848611606873 8.8664384889689298 17.002128096180968 151.98492119704042 8.9313616395829722 41.31034081143298 6.9921971980456865 21.6824775518362 7.5875106386592943 5.0310864440953083 27.538916960071219 13.787110009007845 19.845480541794132
leaf_count=1430 1302 84 57 127 1999 208 160 2404 726 872 165 953 314 37 1967 1047 345 88 21 22 927 64 113 70 75 36 76 16 83 104
internal_value=-0.000453919 0.000528039 -0.011917 0.00175083 0.00235809 0.00286844 0.00560037 0.00410822 -0.00284664 0.00919468 -0.000622844 -0.00451011 0.0016229 0.00536534 -0.00192375 -0.0125956 7.99098e-05 0.00587977 0.0180965 0.00134563 0.0148329 0.0351984 -0.0171466 0.00235726 -0.018189 -0.00801479 0.0220299 0.0231492 0.0477054 -0.0200163
internal_weight=2747.19 2642.5 236.401 2406.1 2334.99 2275.46 1276.57 1176.54 496.981 679.559 998.888 605.708 344.434 393.18 222.141 261.275 115.066 93.951 63.8389 32.254 171.039 31.5849 59.5329 18.2226 71.1056 34.3011 12.6186 100.033 22.6535 30.1122
internal_count=15892 14590 2214 12376 12062 11795 6177 6001 3130 2871 5618 2522 1267 3096 2004 1255 784 439 278 110 1092 168 267 154 314 187 112 176 104 161
is_linear=0
shrinkage=0.0363096


Tree=178
num_leaves=31
num_cat=0
split_feature=16 1 1 21 6 7 0 5 21 21 21 9 5 4 10 1 0 6 8 17 10 8 21 8 16 5 5 9 21 21
split_gain=22.997 11.8969 14.4222 16.9932 12.3656 16.9768 16.1892 16.9866 15.1758 14.9235 14.1386 14.0647 13.6728 14.9967 11.8956 11.46 10.9605 9.53012 8.1129 7.84717 9.53832 6.86285 6.62469 7.69413 5.45921 4.64221 10.6815 2.21227 1.53196 0.375922
threshold=21.253453254699711 -0.060762835666537278 -0.047311121597886079 0.026738930493593219 2.7410235404968266 29.747159957885746 33.500000000000007 24.534575462341312 0.035019053146243102 0.054116021841764457 0.048838546499609954 0.027372183278203014 40.009418487548835 35.385477066040046 0.026711715385317806 -0.004195903427898883 37.500000000000007 4.2029497623443612 1.9071242213249209 0.68301269412040722 0.010144198313355448 0.070770237594842925 0.014324712101370098 -2.534611582756042 16.754555702209476 40.009418487548835 35.864624023437507 0.10725898668169977 0.021891025826334957 0.02838507387787104
decision_type=2 2 2 2 2 2 2 2 2 2 2 2 2 2 2 2 2 2 2 2 2 2 2 2 2 2 2 2 2 2
left_child=14 -2 3 -3 5 15 7 11 16 -9 12 -7 13 17 19 -4 -8 -6 -15 22 27 29 -1 -24 -22 26 28 -21 -25 -5
right_child=1 2 4 21 10 6 8 9 -10 -11 -12 -13 -14 18 -16 -17 -18 -19 -20 20 24 -23 23 25 -26 -27 -28 -29 -30 -31
leaf_value=-0.014707531784996385 -0.025108603090248302 -0.026343298597838474 -0.03365887234047036 0.03278329649329955 0.028093587011255014 -0.011737711872858171 -0.013372394211859377 -0.0019078254254811214 0.026734631156419695 0.027292696382994617 0.032214362867151965 0.020657065066933291 -0.026558832601310204 -0.032525967302237016 0.028346863511981634 -0.00273095492183968 -0.0013739300538708722 -0.02625236096124273 0.013019605651079 0.002631680365089881 -0.039009229313387114 0.0068713822304403115 -0.003116332897708224 0.031563832656430327 -0.004623193595104734 0.034634919577768722 -0.022883410022909386 0.03037217131639856 0.010971828165805804 0.026121585164101461
leaf_weight=9.7704288246150082 25.054225646392752 11.953905974922234 34.346857172809905 17.527256519035291 40.989684534688422 20.555333828935545 104.96083283603912 249.84365679526127 24.654335115907088 25.421975019409729 31.02736995055875 125.67535181284984 16.095695314019395 12.899881778059354 49.611297654295413 29.259107749232498 2298.2023539420998 4.7444344999712476 8.5848567357679695 7.5016731863306614 10.95992284295062 31.862855294852125 18.940618973567325 17.72449062350643 13.709896513992133 26.814844842858292 7.7733655170832199 7.6802276130310929 6.5397100771897376 31.929574485545345
leaf_count=82 967 441 53 21 459 32 294 544 867 27 40 407 39 83 48 59 10533 28 135 61 63 81 58 102 55 33 52 29 85 114
internal_value=0.000528606 -0.000187973 1.20765e-05 0.0140748 -0.000421177 -0.000880985 -0.000466788 0.00610179 -0.00160721 0.000788581 0.0112917 0.0161026 0.0034984 0.0106974 0.0132621 -0.0194337 -0.00189802 0.0224532 -0.0143217 0.00738772 -0.0059672 0.0200176 0.0134671 0.0170071 -0.0199044 0.0234854 0.0141498 0.0166727 0.0260186 0.0284849
internal_weight=3322.62 3145.59 3120.54 93.2736 3027.26 2912.92 2849.31 421.496 2427.82 275.266 114.342 146.231 83.3146 67.2189 177.026 63.606 2403.16 45.7341 21.4847 127.415 39.8517 81.3197 87.5635 77.793 24.6698 58.8524 32.0376 15.1819 24.2642 49.4568
internal_count=15892 15224 14257 657 13600 12816 12704 1010 11694 571 784 439 744 705 668 112 10827 487 218 620 208 216 412 330 118 272 239 90 187 135
is_linear=0
shrinkage=0.0363096


Tree=179
num_leaves=31
num_cat=0
split_feature=12 3 2 4 11 9 12 11 9 11 16 16 5 7 20 12 14 16 7 4 3 11 21 5 11 9 13 9 13 21
split_gain=22.4218 20.5187 47.1984 26.038 31.0708 17.3098 23.4554 20.8265 19.0666 18.2924 17.0107 21.3437 16.8179 23.8834 16.2929 15.7048 14.0926 19.844 12.7997 11.447 18.3576 11.7471 10.2482 6.75586 6.50818 5.79604 5.57106 5.50606 5.16866 4.80336
threshold=0.12369922176003458 59.554189682006843 -0.097070876508951173 11.424351692199709 0.020442691631615165 0.104667566716671 -0.019786894321441647 0.0080641643144190329 0.098525557667016997 0.010348458774387838 86.981960296630874 80.654369354248061 10.859932899475099 50.350656509399421 -0.56174489110708226 -0.1520515829324722 0.009777337312698366 26.393198966979984 66.732345581054702 14.929610729217531 30.078646659851078 0.0059433563146740207 0.0320314858108759 35.34339904785157 0.015072013717144729 0.48237536847591406 -0.10485515370965003 0.096575830131769194 0.03023017663508654 0.016626764088869098
decision_type=2 2 2 2 2 2 2 2 2 2 2 2 2 2 2 2 2 2 2 2 2 2 2 2 2 2 2 2 2 2
left_child=1 2 3 4 23 6 14 -7 10 18 11 -8 24 -14 26 -3 17 -17 -9 20 -16 -21 -6 -1 -11 -24 -4 -28 -10 -19
right_child=-2 15 5 -5 22 7 8 9 28 12 -12 -13 13 -15 19 16 -18 29 -20 21 -22 -23 25 -25 -26 -27 27 -29 -30 -31
leaf_value=-0.019617395078708744 -0.021238613240597226 0.027361740553384074 0.011969545205088127 -0.025543898918257438 0.020550686920683747 -0.04824703879628827 0.0015853244624693373 0.034659988335823629 0.00063064757065491484 0.040358729151703819 -0.020472616978302185 0.020480209124953581 0.0097463806692137441 -0.010755700152493866 0.023794587048403735 -0.012418743500700201 -0.015754379777756133 0.027105270810304713 0.0016578817696587759 0.032965901794918429 -0.0054629340985853595 -0.018294357223546789 -0.026359430801736305 0.030353488554596852 -0.010521855928812121 -0.0042179622898306894 -0.025238193109028449 0.0062046013603665453 -0.033335231037029678 0.010214201105025118
leaf_weight=3.9945391818127964 65.132442746567904 57.270635188759115 6.455062690540216 144.02441318234605 9.464871423512248 8.6778685583267343 1401.9071051052233 52.629120313011299 7.631895621919738 22.821585300719565 43.172742014245159 83.514678229933452 229.09755770756055 111.30182119999245 39.20977081838646 35.056892618536949 33.454418817042097 51.0859399925248 21.968622822809266 6.3861692957252663 101.36283063985411 76.249017581117641 50.976334231809233 33.111978014228043 3.8734632107225471 22.47082930803299 94.54329106809837 7.9545407344867263 26.029986160304361 39.298093338902618
leaf_count=260 1054 31 27 1125 76 14 6154 137 62 208 68 233 1352 1083 274 21 40 59 41 35 1272 576 271 214 108 25 750 72 160 90
internal_value=-0.0001762 0.000309372 -0.000581344 -0.0151352 -0.00264356 0.00105749 -0.000463569 0.00745588 0.00139933 0.00855054 0.00199465 0.00264773 0.00521918 0.0030424 -0.00922569 0.0110596 0.00518309 0.0107679 0.0249426 -0.00360668 0.00269706 -0.0143315 -0.0150036 0.024971 0.0329717 -0.0195869 -0.0207361 -0.0227969 -0.0256311 0.0197625
internal_weight=2890.13 2825 2608.83 264.043 120.019 2344.79 1894.42 450.37 1562.26 441.692 1528.59 1485.42 367.094 340.399 332.161 216.166 158.895 125.441 74.5977 223.208 140.573 82.6352 82.912 37.1065 26.695 73.4472 108.953 102.498 33.6619 90.384
internal_count=15892 14838 14597 1971 846 12626 9683 2943 6677 2929 6455 6387 2751 2435 3006 241 210 170 178 2157 1546 611 372 474 316 296 849 822 222 149
is_linear=0
shrinkage=0.0363096


Tree=180
num_leaves=31
num_cat=0
split_feature=0 1 5 0 21 0 16 21 1 14 16 1 11 5 16 18 1 18 1 6 12 5 21 19 17 6 8 21 1 5
split_gain=56.4635 26.4739 32.7092 32.4149 24.5112 15.1345 25.3072 21.8107 21.7468 17.2007 30.0416 24.4059 18.2406 16.4092 15.4773 24.2708 31.2677 14.9817 13.2196 12.9206 14.2183 12.1841 8.37091 8.10056 11.4301 7.57777 8.39594 12.1898 7.43587 7.36527
threshold=27.500000000000004 -0.027683638967573639 28.582721710205082 37.500000000000007 0.012950025033205749 47.500000000000007 41.721759796142585 0.0067385712172836074 -0.0058590988628566256 -0.00365342223085463 58.549224853515632 0.080713160336017623 0.0049053574912250051 30.408036231994632 72.510589599609389 -0.68301269412040699 -0.0012203182559460399 -0.25000000000000006 -0.048277683556079858 -0.14210834354162213 0.01013745227828622 32.117872238159187 0.026992337778210643 0.6078576147556306 -1.0000000180025095e-35 -0.87909823656082142 0.36544212698936468 0.010756602045148613 -0.043810483068227761 27.681310653686527
decision_type=2 2 2 2 2 2 2 2 2 2 2 2 2 2 2 2 2 2 2 2 2 2 2 2 2 2 2 2 2 2
left_child=4 2 18 25 -1 6 8 -7 -5 10 13 12 -11 -9 15 16 -8 21 19 -2 -21 28 -17 24 -10 -3 -27 -28 -4 -22
right_child=1 3 17 5 -6 7 14 9 23 11 -12 -13 -14 -15 -16 22 -18 -19 -20 20 29 -23 -24 -25 -26 26 27 -29 -30 -31
leaf_value=0.053986489892999895 0.026148355759682135 0.0085998063452928271 0.00091841435146763158 -0.022844339086552194 -0.025227142535292381 -0.022702509484144501 -0.022027720940090305 -0.0074234879479977605 -0.002761476780062003 0.021002140725252649 -0.027616939654275169 0.027714918641983107 -0.00044738395251992289 0.010635356435479797 -0.0050908687570962565 0.01782386707972294 0.018316974782098434 -0.020554572850798793 0.026621130540401584 -0.024332413262523615 0.019967360978444988 -0.024789404357851097 0.035045217753556714 -0.0069067756752624809 0.022663274349408385 -0.025487568353067151 -0.026786438712995769 0.028823443262786057 0.030023040235901646 -0.026337038402859638
leaf_weight=5.34335396139977 33.669046331782738 12.610917185087599 23.499043717837594 60.308975219770218 141.58342669106651 60.87250811485319 45.649965330157102 227.20575871277924 47.738623578799888 55.20793368065597 75.429655441704654 46.027003149414668 981.848246136738 93.68718681304199 62.769659428719024 150.65767649657664 56.884390219914167 48.994682960410501 122.07073947257095 22.920456950295375 28.685481252729005 12.776079449630741 49.447755725975185 66.875334479536832 45.547089973703351 97.205564333668008 10.820794666145959 9.9983837254349037 22.81944992253284 5.3758314847946158
leaf_count=36 106 6 50 139 1438 414 85 1861 81 201 474 403 6101 1044 70 305 67 303 1007 296 382 131 46 104 136 442 28 85 48 3
internal_value=-0.0004519 0.000796022 0.0105559 -0.000591328 -0.0223455 0.000487273 0.00545442 -0.00140202 -0.00426048 -0.000525498 -0.00699784 0.00184276 0.000694383 -0.00215071 0.0113162 0.0147195 0.000353757 -0.00570801 0.0188205 0.00831493 -0.00222047 0.00659925 0.02208 0.00273663 0.00965107 -0.0181469 -0.0210057 -7.44546e-05 0.0152597 0.0126558
internal_weight=2724.53 2577.6 320.811 2256.79 146.927 2126.16 585.879 1540.28 220.47 1479.41 396.323 1083.08 1037.06 320.893 365.409 302.64 102.534 108.089 212.722 90.6508 56.9818 59.0946 200.105 160.161 93.2857 130.636 118.025 20.8192 46.3185 34.0613
internal_count=15892 14418 2326 12092 1474 11531 1033 10498 460 10084 3379 6705 6302 2905 573 503 152 532 1794 787 681 229 351 321 217 561 555 113 98 385
is_linear=0
shrinkage=0.0363096


Tree=181
num_leaves=31
num_cat=0
split_feature=11 10 6 10 1 1 6 7 13 5 16 7 5 1 1 14 16 16 7 6 11 5 5 6 17 1 1 8 16 8
split_gain=22.2108 11.9852 19.9125 16.3328 12.5818 11.5713 15.7077 14.3375 11.347 13.5902 11.1642 14.418 22.363 26.8272 17.7744 11.3001 13.6388 10.9603 46.851 41.867 16.4338 10.9136 10.3866 11.5536 9.42078 8.83027 7.6176 6.72958 6.38435 6.1005
threshold=0.16113392263650897 0.0058015149552375087 1.4254629015922549 0.0041277422569692144 -0.060762835666537278 -0.047311121597886079 -0.14210834354162213 49.192550659179695 0.063248798251152052 8.5796928405761737 21.842226982116703 37.567609786987312 32.42109680175782 0.036581045016646392 -0.039887709543108933 -0.017371185123920437 29.370188713073734 48.919443130493171 46.557975769042976 -0.87909823656082142 0.003677073167636991 8.8440527915954608 31.275650978088382 1.6608792543411257 0.68301269412040722 0.050965076312422759 -0.025079769082367417 -2.534611582756042 47.398406982421882 -2.2263926267623897
decision_type=2 2 2 2 2 2 2 2 2 2 2 2 2 2 2 2 2 2 2 2 2 2 2 2 2 2 2 2 2 2
left_child=1 2 17 -4 -3 6 -6 -8 9 -5 24 15 14 -14 -13 26 -17 18 -1 -20 -21 -19 23 -11 27 29 -12 -7 -22 -26
right_child=-2 4 3 8 5 10 7 -9 -10 22 11 12 13 -15 -16 16 -18 21 19 20 28 -23 -24 -25 25 -27 -28 -29 -30 -31
leaf_value=-0.022866915122358434 0.019824778589670581 -0.025035301236069181 0.028819060480109227 -0.028240082053883848 -0.026252727916030495 -0.00017383481358513976 0.024630501313224543 -0.026807933358203275 0.026484561107901029 -0.014782784397353246 0.016252456140245945 -0.015526071030513743 0.022745707572180043 -0.01928589074817608 0.0010164553955096301 0.0099565932519057113 -0.0086140594573560509 0.0037847988534447929 0.072275812558730418 0.045168076141495005 -0.028364672426823508 -0.018152085116778963 -0.028543704743682514 0.029596158722545774 -0.0145761278817035 -0.029606132540465312 -0.023029287189461414 0.02160559354595638 0.013913457465973972 0.019348812986215071
leaf_weight=55.582088799614212 76.816452085971832 24.341706677299044 33.298048296399429 26.022367542909706 11.263567403430896 24.513815442494888 72.162097148603607 7.9267196793089161 15.949679742254373 11.816243270934136 7.1938151878584895 89.541465041496394 114.13949729593151 24.275490865640677 1960.7780472936038 73.360357939311143 180.21697741620847 35.579231913385229 16.824934244155884 8.0646336685113074 15.329526757937858 187.01831661795586 9.5667868475065898 22.372533847699742 11.094503699592677 12.439072383505843 67.997621536125735 78.783837244193819 6.7926815392074777 18.870999313816359
leaf_count=215 62 1002 107 76 33 65 480 195 43 57 80 392 299 136 9893 219 633 69 6 20 132 640 64 130 55 26 333 327 17 86
internal_value=0.00052903 6.91192e-05 -0.00546875 0.00723749 0.000954408 0.00118412 0.0138908 0.019538 -0.0011439 -0.00746082 0.000748215 0.000182605 0.00124762 0.0153733 0.000293955 -0.00690725 -0.00324109 -0.0101198 -0.00029979 0.0263789 0.000793829 -0.0146453 0.00489456 0.0142547 0.0105203 -0.00388781 -0.0192695 0.016436 -0.015378 0.0067846
internal_weight=3299.93 3223.12 444.217 119.026 2778.9 2754.56 91.3524 80.0888 85.7276 69.7779 2663.21 2517.5 2188.73 138.415 2050.32 328.769 253.577 325.191 102.594 47.0118 30.1868 222.598 43.7556 34.1888 145.702 42.4046 75.1914 103.298 22.1222 29.9655
internal_count=15892 15830 1576 477 14254 13252 708 675 370 327 12544 11985 10720 435 10285 1265 852 1099 390 175 169 709 251 187 559 167 413 392 149 141
is_linear=0
shrinkage=0.0363096


Tree=182
num_leaves=31
num_cat=0
split_feature=1 4 12 10 11 9 16 1 1 0 16 0 16 11 10 9 14 9 6 2 14 14 4 6 12 2 13 6 2 2
split_gain=48.5367 27.9742 19.032 16.7547 33.0661 25.5957 24.3393 19.9843 27.8689 32.436 26.7512 25.7671 19.5917 18.0393 17.3075 17.1709 18.772 13.8695 12.6636 22.8263 12.4444 23.4773 11.0519 9.57665 7.49704 7.19879 6.55959 4.8495 4.09056 4.7206
threshold=-0.031422922387719147 10.383468151092531 0.12369922176003458 0.014954002108424904 0.012820279691368343 0.13282137364149096 26.393198966979984 0.030079720541834835 -0.00044038957275915886 70.500000000000014 86.981960296630874 52.500000000000007 33.899696350097663 0.020442691631615165 0.010697363410145046 0.10809104517102243 0.010376509279012682 0.23989582061767581 2.0020982027053837 -0.095673691481351839 -0.0063095584046095601 -0.0081344735808670503 6.254270315170289 0.60230937600135814 0.075913619250059142 -0.18257623165845868 -0.13211155682802198 0.51810222864151012 -0.023075473494827744 0.092070534825325026
decision_type=2 2 2 2 2 2 2 2 2 2 2 2 2 2 2 2 2 2 2 2 2 2 2 2 2 2 2 2 2 2
left_child=1 -1 3 4 5 7 17 8 10 -10 -2 14 28 18 -9 26 20 22 19 -14 21 -17 -5 -24 -13 -19 -6 -22 -8 -30
right_child=2 -3 -4 6 15 -7 12 11 9 -11 -12 24 13 -15 -16 16 -18 25 -20 -21 27 -23 23 -25 -26 -27 -28 -29 29 -31
leaf_value=0.025957819785691082 0.0056621343700447146 -0.024926860048231934 -0.020354768433165273 0.02219018392453375 0.017848138646801806 0.034553298999641678 0.025214574473746761 0.0035030957750178176 -0.010050310862492098 0.0060345652819750132 -0.029749943505151633 0.020510840764987562 -0.026490365316388993 -0.023041375899035699 -0.028771766849251167 -0.014090200854197687 0.043051242219337073 -0.0046440530359655513 0.026704487503052068 0.011118786649651487 0.0059307503620349344 0.030643189519611432 -0.034468320098156931 0.0056408597249062832 0.0012165533083666167 -0.02852529154803779 -0.02379380889653019 -0.029633978833508198 0.029654643344993507 0.079391398093649118
leaf_weight=15.838194698471169 737.65839763603458 141.31050186140396 54.134156585911114 30.277684259253874 5.201866730771143 30.599026866597342 68.012109843934468 105.87436343091395 568.19567145850647 233.08096784511872 29.238128718538064 167.31118283634351 24.217050181904597 22.775059435691674 27.61841640638886 42.74458743507239 10.76526481726887 31.165234020607386 51.780835347479297 175.11367629047345 6.0061201990756663 24.238086977001331 11.758692812126354 23.588369148694255 31.57363453459584 35.740549609455229 119.12624315272205 31.741059291812235 6.2951103573977871 4.2034424830071657
leaf_count=517 2552 2433 933 34 30 120 197 175 1948 998 40 1254 65 832 51 290 96 48 96 962 98 48 69 68 121 52 1394 247 98 26
internal_value=-0.000179422 -0.0197977 0.000958157 0.00139261 2.95646e-05 0.00160877 0.00749462 0.00107829 -0.000635776 -0.00537129 0.00431189 0.00916569 0.0124833 0.00789899 -0.00317347 -0.0126863 -0.00260487 -0.00576944 0.0107057 0.006549 -0.00729905 0.00209522 0.00608949 -0.00769897 0.0174484 -0.017403 -0.0220506 -0.0239721 0.0284744 0.0495803
internal_weight=2867.18 157.149 2710.03 2655.9 2170.97 1931.15 484.928 1900.55 1568.17 801.277 766.897 332.378 352.397 273.887 133.493 239.823 115.495 132.531 251.112 199.331 104.73 66.9827 65.6247 35.3471 198.885 66.9058 124.328 37.7472 78.5107 10.4986
internal_count=15892 2950 12942 12009 9462 7259 2547 7139 5538 2946 2592 1601 2276 1955 226 2203 779 271 1123 1027 683 338 171 137 1375 100 1424 345 321 124
is_linear=0
shrinkage=0.0363096


Tree=183
num_leaves=31
num_cat=0
split_feature=21 1 5 19 8 1 12 9 6 13 19 19 10 11 14 14 19 6 10 9 1 11 9 21 11 10 9 1 6 12
split_gain=46.9246 28.6922 31.2366 21.9099 23.7727 21.4591 32.0805 25.9121 19.117 18.8146 23.6651 21.8818 19.693 18.5196 17.335 15.4809 14.4783 19.2159 14.473 18.9198 21.1861 21.0392 13.4642 13.316 12.675 30.5019 12.1611 11.5027 11.3436 15.0005
threshold=0.036035088822245605 -0.027683638967573639 28.582721710205082 -0.87837970256805409 0.23705399781465533 -0.0054356600157916537 0.10718687251210214 0.083944294601678862 0.90652498602867138 -0.053692156448960297 -0.60785761475563038 -1.0000000180025095e-35 0.00977118778973818 0.015372289810329677 0.018747428432106975 -0.0056687083560973397 0.6078576147556306 1.4706639647483828 0.0042720909696072349 0.036271290853619582 -0.0031004333868622776 0.0049053574912250051 0.17443011701107028 0.014895776286721231 0.011615945026278498 0.0077852592803537854 0.047759883105754859 -0.048277683556079858 -0.14210834354162213 0.01013745227828622
decision_type=2 2 2 2 2 2 2 2 2 2 2 2 2 2 2 2 2 2 2 2 2 2 2 2 2 2 2 2 2 2
left_child=1 2 27 4 -3 6 7 13 18 11 12 -10 -11 14 -5 -13 17 22 -7 21 -21 -20 -4 -12 25 26 -6 28 -1 -30
right_child=-2 3 16 5 24 8 -8 -9 9 10 23 15 -14 -15 -16 -17 -18 -19 19 20 -22 -23 -24 -25 -26 -27 -28 -29 29 -31
leaf_value=0.026017194718645848 -0.025172586073463069 -0.023059965257527085 0.029690870734559959 -0.0075037695251232274 -0.027191372099552764 0.025860025148275404 0.020387420753985825 -0.020866353077477435 -0.024646217964095982 0.035077609294660805 -0.018719993701582983 -0.00062874490624125032 -0.02175845207063833 0.022801654689053309 0.041469667479532034 0.022984302180014085 -0.021166646063277166 -0.026695341951472797 0.017661432616585749 0.026274239476066927 0.0047447502504672813 -0.015254786987980457 -0.019400099100865553 -0.00064896832278044277 -0.02546863805749762 0.031019490575627705 0.0070589828703026434 0.026486801940262934 -0.024041720416839725 0.014980215546109408
leaf_weight=32.260585774836727 97.583143314469453 116.65420845383414 33.946342811892009 291.15455531423549 29.452721754016238 42.910568020485698 55.091662263586841 159.47456374965395 26.27653661070417 26.110227477745866 177.15990912661346 72.217635176619297 11.608715309900616 32.872951661526713 9.8506051465301407 74.209666251845192 43.885343563832976 16.806755487110422 33.131203381581145 65.204941613664232 795.06267927434646 112.60006754551705 9.4039029783802999 77.197423691311997 20.627668216520306 37.97334913956638 25.493199217135043 118.17768363957475 22.232388585771787 31.231858151092638
leaf_count=145 1302 1262 213 1484 107 174 119 778 335 195 1068 217 170 78 54 195 313 270 72 108 3268 423 32 999 255 180 88 1068 483 437
internal_value=-0.000453374 0.000474246 0.0108806 -0.000923656 -0.0115481 0.000262328 -0.00589109 -0.00882579 0.00249193 -0.00363791 -0.00925562 0.0058621 0.0175822 -0.00307436 -0.00590068 0.0113376 -0.00530771 0.00625976 0.00520821 0.0043272 0.00637674 -0.00777068 0.019039 -0.0132359 0.000277736 0.00599457 -0.0112983 0.0191413 0.00901357 -0.00124447
internal_weight=2697.86 2600.28 307.945 2292.34 230.201 2062.13 548.444 493.353 1513.69 464.78 292.076 172.704 37.7189 333.878 301.005 146.427 104.042 60.157 1048.91 1006 860.268 145.731 43.3502 254.357 113.547 92.9193 54.9459 203.903 85.7248 53.4642
internal_count=15892 14590 2961 11629 1892 9737 2513 2394 7224 3179 2432 747 365 1616 1538 412 828 515 4045 3871 3376 495 245 2067 630 375 195 2133 1065 920
is_linear=0
shrinkage=0.0363096


Tree=184
num_leaves=31
num_cat=0
split_feature=11 10 6 10 19 13 10 19 18 7 12 6 5 13 6 6 9 18 6 3 11 11 3 6 13 13 10 3 4 13
split_gain=20.9328 11.5716 18.8655 15.5045 13.0807 19.4743 15.0472 12.0969 22.5543 20.0652 15.2707 17.9564 13.5874 12.2264 17.1155 12.2194 11.9081 11.8996 16.0133 17.0974 15.8256 19.9327 16.5811 11.4086 22.3026 20.1309 11.4341 12.6157 11.0722 20.0622
threshold=0.16113392263650897 0.0058015149552375087 1.4254629015922549 0.0041277422569692144 0.87837970256805431 -0.13211155682802198 0.006630408577620984 0.6078576147556306 0.68301269412040722 37.567609786987312 0.014697560109198095 -0.36075823009014124 10.981863021850588 -0.047862943261861794 0.27605535089969641 2.6001058816909794 0.10549084469676019 0.25000000000000011 -0.38093630969524378 25.499308586120609 0.0080641643144190329 0.0075274298433214435 25.308330535888675 -0.05621273256838321 0.03447419963777066 0.04649366810917855 0.0067897238768637189 29.16760349273682 38.76488113403321 0.073068622499704375
decision_type=2 2 2 2 2 2 2 2 2 2 2 2 2 2 2 2 2 2 2 2 2 2 2 2 2 2 2 2 2 2
left_child=1 2 -1 -4 7 -6 -7 17 9 15 16 -12 -10 14 -14 -9 -11 18 19 -3 21 -20 -22 24 -8 -26 -25 -28 29 -19
right_child=-2 4 3 -5 5 6 23 8 12 10 11 -13 13 -15 -16 -17 -18 28 20 -21 22 -23 -24 26 25 -27 27 -29 -30 -31
leaf_value=-0.0099379898995578687 0.019466622620996653 0.011067357248687685 0.028076171982501605 -0.0011728279083533055 0.054395107345890981 0.026257969400869881 -0.028055241158035444 -0.029204285566470874 0.035841366807330376 0.025963465415062784 -0.015651574875523291 0.013640369989144283 0.03353063928518446 -0.021826310256007089 -0.011653557150680978 0.015971874353433984 -0.0060058593644635476 0.0019272038031411202 0.0011928201135703693 -0.020214708295371944 0.041986873362225841 0.024162256195348512 -0.00315128848873086 0.028979263948350424 0.037948389737689908 -0.018835952625529714 0.022742082848917843 -0.010065524524273263 -0.018442002396133909 0.016587351803225438
leaf_weight=322.29448757593491 75.162617385387421 29.409010360790489 33.147553582775799 85.559431036916067 6.8399235784854673 16.369506363773326 84.542982654113985 23.551192442047068 9.1514171594499185 143.45366094023757 36.699032518083186 111.14177388130338 16.173534882776039 56.819070005774847 34.902523406261025 11.869363036337743 17.19677937065353 615.57452709066911 166.01299269314586 106.2069017656122 10.87193525866587 71.166045954600122 814.41890965206676 13.284200110889286 15.138024952550039 18.036485208440354 17.524279730879243 130.62268050457897 27.859201700246558 153.82839397853058
leaf_count=1099 62 83 107 370 67 57 173 154 48 440 64 539 67 260 174 81 330 3049 531 164 152 203 4880 16 29 80 261 1219 181 952
internal_value=0.000526084 8.11198e-05 -0.00538013 0.00699371 0.000954199 -0.00617207 -0.00757435 0.00183145 0.00713293 0.0118186 0.0147906 0.00636836 -0.00663377 -0.0102375 0.00265217 -0.0140627 0.0225406 0.000606663 -0.00168064 -0.0134302 -0.00018079 0.00808533 -0.00255652 -0.00955872 -0.0181548 0.00707229 -0.00328962 -0.00618393 0.00404404 0.00485839
internal_weight=3274.83 3199.67 441.001 118.707 2758.66 302.358 295.518 2456.31 460.958 343.912 308.491 147.841 117.047 107.895 51.0761 35.4206 160.65 1995.35 1198.09 135.616 1062.47 237.179 825.291 279.149 117.717 33.1745 161.431 148.147 797.262 769.403
internal_count=15892 15830 1576 477 14254 1902 1835 12352 2157 1608 1373 603 549 501 241 235 770 10195 6013 247 5766 734 5032 1778 282 109 1496 1480 4182 4001
is_linear=0
shrinkage=0.0363096


Tree=185
num_leaves=31
num_cat=0
split_feature=1 4 0 9 6 13 4 16 0 14 19 4 14 13 14 13 9 1 1 9 6 1 10 10 13 19 8 6 1 3
split_gain=46.4328 26.8971 16.1537 16.4182 20.6205 28.8896 28.736 18.227 25.2106 25.894 22.2909 17.7118 16.866 16.7965 30.6271 30.3541 24.6466 20.5015 30.3645 20.2874 16.6068 16.4356 15.9597 22.9994 16.9142 20.3123 15.822 15.5814 15.1704 24.2837
threshold=-0.031422922387719147 10.383468151092531 25.500000000000004 0.039441257715225227 -0.39994655549526209 -0.053692156448960297 14.178484439849855 63.181842803955085 70.500000000000014 -0.0052205508109182111 0.6078576147556306 24.090365409851078 0.0031327502802014355 0.013130701612681152 0.009960563853383066 0.050161793828010566 0.082473799586296095 0.0026415665633976464 -0.01814809255301952 0.23989582061767581 0.036189353093504913 0.030079720541834835 0.0075114115606993445 0.0085319033823907393 0.074933271855115904 -0.60785761475563038 1.9452524185180666 0.34026987850666052 0.029452118091285232 40.360404968261726
decision_type=2 2 2 2 2 2 2 2 2 2 2 2 2 2 2 2 2 2 2 2 2 2 2 2 2 2 2 2 2 2
left_child=1 -1 -2 7 5 -5 -7 8 9 10 20 21 -10 14 16 17 -6 18 -15 -18 -4 -11 24 -24 25 -9 -27 -19 29 -17
right_child=2 -3 3 4 13 6 -8 22 12 11 -12 -13 -14 15 -16 28 19 27 -20 -21 -22 -23 23 -25 -26 26 -28 -29 -30 -31
leaf_value=0.025847942873473907 0.011954075241087337 -0.024878280721360786 0.023894439814413953 0.014932590783810776 -0.010838923801247097 0.023150806636978761 -0.023791788511676345 0.026089125149029061 0.030617334269141674 -0.011408461192132251 0.038173912493282502 0.014053567681461163 -0.00046071525507178249 -0.014186536032935224 -0.027904372464377974 -0.014964405010785754 0.007175990880038419 0.012711647287091437 0.02871975091211099 -0.01322262860915176 -0.018910041607079438 0.02556347159930978 -0.030805343264721664 0.0085133316894205509 -0.022394363747326833 -0.011926502843209518 0.030138887261928902 -0.013561245045876339 0.0052414788582677589 0.0051865121355449476
leaf_weight=15.331781065413223 164.38000385727082 136.07311604948814 24.279295243932211 41.972037066057965 254.68153674281007 19.323844832977329 155.69722224054385 54.002432931782096 94.361663605735885 166.8175530800936 46.310694485960994 65.765366049608929 30.44237574838553 26.010614760300086 65.400216899802672 191.46855461644827 349.5416245042743 72.463598455240572 132.50799449905753 78.759844056446582 23.528781616900233 17.514732620984432 52.278776485982235 31.384739671781062 27.064787965224241 57.668470583570524 14.816374693557007 50.497613873498267 248.88735432551857 134.02842512775715
leaf_count=517 407 2433 48 66 2052 23 330 103 386 726 65 206 104 126 615 1395 1876 331 457 180 161 101 59 80 28 220 21 451 1433 892
internal_value=-0.000175707 -0.0197408 0.000924701 0.000207336 -0.00161497 -0.0121201 -0.0186083 0.00490685 0.00905531 0.00398598 0.0202199 -0.00212287 0.0230358 -0.000193958 -0.00416719 0.00328017 -0.00189402 0.0130482 0.0216787 0.00342465 0.00282585 -0.00789486 -0.00329498 -0.0160544 0.00365632 0.00923136 -0.00332645 0.001921 -0.0015065 -0.00666661
internal_weight=2843.26 151.405 2691.86 2527.48 1821.24 216.993 175.021 706.236 469.02 344.216 94.1188 250.098 124.804 1604.25 748.383 855.864 682.983 281.48 158.519 428.301 47.8081 184.332 237.216 83.6635 153.552 126.487 72.4848 122.961 574.384 325.497
internal_count=15892 2950 12942 12535 10227 419 353 2308 1797 1307 274 1033 490 9808 4723 5085 4108 1365 583 2056 209 827 511 139 372 344 241 782 3720 2287
is_linear=0
shrinkage=0.0363096


Tree=186
num_leaves=31
num_cat=0
split_feature=0 1 0 21 13 0 7 2 13 13 3 10 9 20 8 21 0 0 11 0 7 2 21 12 7 9 21 2 1 10
split_gain=52.3243 23.8096 30.9048 23.5465 18.9306 18.8821 29.6305 15.5666 19.0241 37.3348 24.8863 19.5396 18.8662 20.6262 27.4983 16.3526 15.6918 13.7307 13.106 12.9602 10.9595 10.1473 17.3477 10.1379 7.16872 12.6751 15.9493 6.90351 5.35336 0.951869
threshold=27.500000000000004 -0.027683638967573639 37.500000000000007 0.012950025033205749 -0.13211155682802198 35.500000000000007 46.435825347900398 -0.11434316635131835 0.0049211108125746259 0.04649366810917855 28.830504417419437 0.006418882869184018 0.020743583329021934 -0.56174489110708226 -0.53444430232048024 0.015025159809738399 61.500000000000007 55.500000000000007 0.017189794220030311 54.500000000000007 49.597070693969734 -0.11434316635131835 0.028635997325181965 0.10718687251210214 45.005889892578132 0.046637220308184631 0.015208249446004631 -0.0146830677986145 0.038302974775433547 0.014600911643356087
decision_type=2 2 2 2 2 2 2 2 2 2 2 2 2 2 2 2 2 2 2 2 2 2 2 2 2 2 2 2 2 2
left_child=3 4 24 -1 -2 18 23 -4 12 17 11 -11 27 15 -15 -14 -12 19 -6 -10 21 -8 -23 -7 29 -26 -27 -9 -19 -3
right_child=1 2 7 -5 5 6 20 8 9 10 16 -13 13 14 -16 -17 -18 28 -20 -21 -22 22 -24 -25 25 26 -28 -29 -30 -31
leaf_value=0.052362257601309754 -0.036583652409132236 -0.027034144121428186 -0.026315366331045129 -0.025174856778964347 0.026713325920310924 -0.025978698292967582 0.021576016934289208 0.013847271972620029 -0.010397842563129873 -0.012008053533178626 0.0056567759780632946 0.019170755777027513 0.020478506364707678 -0.010717944018349634 0.0054359053969249959 0.0024076758684544509 -0.0057370297596001287 -0.024994813902305381 -0.011478476465524259 0.025858753511554065 0.025929680870139783 0.019387136892342761 -0.029156951740006629 0.02476687400685532 -0.026343429325302013 0.030019985621159012 -0.026377257191549364 0.0422708472787287 0.019282893594737852 -0.015113285909935836
leaf_weight=5.3703216324383893 10.962935739237308 62.933398051339736 28.214369511695168 133.44850655007804 112.02491570964321 42.77544104343815 25.588908882960823 23.30146328988485 138.14317322747866 32.416450927283222 245.28205432593495 145.08734842031845 140.75965517967779 211.55378645844121 404.70358379877325 124.36563487551211 454.89783314795022 112.06276376176356 13.242311930671347 14.346565255949825 53.828357613313528 17.331866475596144 22.052077109919992 5.9046772486435648 25.7274491554208 17.648952764514437 10.568724273476617 21.839467396992404 3.716429549658641 10.327639648115108
leaf_count=36 162 277 325 1438 364 700 13 63 482 68 723 722 342 1681 1568 857 3020 1178 103 35 837 119 19 9 108 66 73 99 368 37
internal_value=-0.000469522 0.000720605 -0.000579464 -0.0221744 0.0102577 0.0120123 0.00403634 0.000472834 0.000837581 -0.00229041 0.00133284 0.0134761 0.00470649 0.00353377 -0.000109338 0.0120022 -0.00174547 -0.0141448 0.0226751 -0.00698598 0.0138132 0.00377315 -0.0077911 -0.0198211 -0.017958 -0.00790998 0.0088928 0.0276014 -0.0235725 -0.0253552
internal_weight=2670.43 2531.61 2227.9 138.819 303.711 292.749 167.481 2100.69 2072.48 1145.95 877.684 177.504 926.524 881.383 616.257 265.125 700.18 268.269 125.267 152.49 118.801 64.9729 39.3839 48.6801 127.206 53.9451 28.2177 45.1409 115.779 73.261
internal_count=15892 14418 12092 1474 2326 2164 1697 11531 11206 6596 4533 790 4610 4448 3249 1199 3743 2063 467 517 988 151 138 709 561 247 139 162 1546 314
is_linear=0
shrinkage=0.0363096


Tree=187
num_leaves=31
num_cat=0
split_feature=16 10 6 9 12 5 0 2 12 6 0 10 13 5 14 13 13 2 2 17 20 11 12 9 0 16 6 12 12 12
split_gain=19.9867 11.2906 10.5522 11.6239 10.1832 19.5663 16.3131 15.6741 24.9473 32.0176 19.964 15.5928 13.9569 17.3196 13.8829 10.8725 27.7352 10.3156 16.7669 10.1226 11.5002 10.9431 9.78319 9.53 9.45939 13.2529 8.78816 8.94925 8.60428 12.6694
threshold=21.253453254699711 0.026711715385317806 2.7410235404968266 0.28134970366954809 -0.074267048388719545 28.582721710205082 43.500000000000007 -0.073345661163330064 0.022768954746425155 -0.14210834354162213 33.500000000000007 0.050365397706627853 -0.066175278276205049 26.356041908264164 -0.0023472087923437353 -0.060129610821604722 -0.077647421509027467 -0.064704079180955873 -0.054779987782239907 -0.93301269412040699 0.81174489855766307 0.012077764142304661 0.0062803498003631839 0.044098202139139182 25.500000000000004 39.819835662841804 1.2321591377258303 -0.18031287938356397 -0.12189617007970809 -0.1520515829324722
decision_type=2 2 2 2 2 2 2 2 2 2 2 2 2 2 2 2 2 2 2 2 2 2 2 2 2 2 2 2 2 2
left_child=1 28 4 23 11 7 15 8 9 -6 17 24 -12 -14 -11 16 22 -9 -19 21 -21 -8 -7 -4 -2 26 -26 -28 29 -1
right_child=2 -3 3 -5 5 6 19 10 -10 14 12 -13 13 -15 -16 -17 -18 18 -20 20 -22 -23 -24 -25 25 -27 27 -29 -30 -31
leaf_value=0.011451695111295441 -0.026480084757301254 0.028200986502751952 0.039702880561245241 0.031768064687783086 -0.026353992845293363 0.0070706256613251297 0.048786987799551131 0.03131430615625367 -0.027971308862649296 -0.018087359809753609 -0.020186526369048143 0.0089500791789248191 -0.0017804038910715335 0.01260730356221108 0.017317459548770359 0.021229476589392202 -0.015135380234360689 -0.014397963313590731 0.014557254863941251 -0.012222304093414222 0.011415965123596286 -0.0083806497049294052 0.026859030582950805 5.7908363722496053e-05 -0.021410172137414949 0.019448751047887913 -0.025319062080286312 0.0029014855538582606 0.014237326804252633 -0.027246241570910996
leaf_weight=25.290265881772029 45.500595774665271 45.248070679752345 8.9409484371280978 26.637867123670731 46.478237680388702 76.226556744893969 9.8724519253501075 28.949160799283163 72.223138948947053 18.083321129258366 50.538553553480597 61.519330067400006 1687.8377245376782 118.0169744439645 75.782923372109508 107.77685102446776 54.26311475536022 34.770190272718537 109.0442819233831 100.38801235149276 37.18028098342802 7.9795651011154396 58.029359218486206 75.509681887240731 66.706827687232362 20.617114182544356 19.333211270926768 63.369405011108029 79.165360628905546 19.951284236045467
leaf_count=68 376 48 63 88 95 176 58 78 181 270 387 55 8221 573 560 139 86 88 504 977 165 52 40 707 364 457 51 413 484 68
internal_value=0.000535442 0.0126685 -0.000132504 0.0108546 -0.000543433 0.000138351 0.00703254 -0.00125081 -0.0106314 -0.00170726 -0.000268067 -0.00717213 -0.00136682 -0.000840069 0.0104955 0.01203 0.00677009 0.0115377 0.00755593 -0.00249407 -0.00583282 0.0232279 0.0156246 0.00425662 -0.0117745 -0.0078385 -0.0116047 -0.00369426 0.00701826 -0.00561146
internal_weight=3251.23 169.655 3081.58 111.088 2970.49 2693.44 451.716 2241.72 212.568 140.344 2029.16 277.046 1856.39 1805.85 93.8662 296.296 188.519 172.764 143.814 155.42 137.568 17.852 134.256 84.4506 215.527 170.027 149.409 82.7026 124.407 45.2416
internal_count=15892 668 15224 858 14366 12650 1693 10957 1106 925 9851 1716 9181 8794 830 441 302 670 592 1252 1142 110 216 770 1661 1285 828 464 620 136
is_linear=0
shrinkage=0.0363096


Tree=188
num_leaves=31
num_cat=0
split_feature=1 7 0 3 9 6 2 21 16 0 14 19 14 13 14 13 2 9 1 1 7 9 13 6 10 2 10 16 0 18
split_gain=44.5613 25.695 17.397 18.866 15.1347 18.8476 32.4491 21.6622 17.4485 24.1266 24.6854 21.1166 16.6278 16.0537 29.6916 28.6793 28.6822 23.3064 19.673 29.3111 19.7712 18.7961 18.6739 15.9384 15.1254 24.4129 21.8816 14.4985 14.6916 12.8601
threshold=-0.029947913251817223 34.464191436767585 25.500000000000004 58.745613098144538 0.039441257715225227 -0.39994655549526209 -0.053793253377079957 0.010428401175886394 63.181842803955085 70.500000000000014 -0.0052205508109182111 0.6078576147556306 0.0031327502802014355 0.013130701612681152 0.009960563853383066 0.050161793828010566 0.04594723507761956 0.082473799586296095 0.0026415665633976464 -0.01814809255301952 42.361917495727546 0.23989582061767581 0.073068622499704375 0.036189353093504913 0.0075114115606993445 0.068289469927549376 0.0085319033823907393 61.008306503295906 54.500000000000007 1.0000000180025095e-35
decision_type=2 2 2 2 2 2 2 2 2 2 2 2 2 2 2 2 2 2 2 2 2 2 2 2 2 2 2 2 2 2
left_child=1 -1 3 -2 8 6 -6 -8 9 10 11 23 -11 14 17 18 -17 -7 19 -15 -20 -19 -18 -4 25 29 -26 28 -12 -10
right_child=2 -3 4 -5 5 13 7 -9 24 12 27 -13 -14 15 -16 16 22 21 20 -21 -22 -23 -24 -25 26 -27 -28 -29 -30 -31
leaf_value=0.015838545129130951 0.0021544353884992607 -0.024818033691573361 0.02348692694238437 0.028095030220701159 0.023006810481341462 -0.010606552451388333 0.0087292831795517389 -0.023606621392332001 0.021585099755529545 0.030304408708523922 -0.0001685250178763894 0.037263641621611693 -0.00063948286499786308 -0.013987532214138787 -0.027760371461145201 -0.03529064433140211 0.0097004237736650466 0.0069124928452055775 0.029940319980091099 0.028235909746358701 -0.0057240977968721898 -0.012821627279274612 -0.0044386982653300848 -0.018691036801487211 -0.030318954956138837 -0.03402572508864056 0.0081343323796992089 0.022090732250557889 -0.022527341070333107 -0.0011606923508523956
leaf_weight=24.101633910791406 89.617271867185082 136.80289960585878 24.003298955096398 62.921782276651356 30.326726957373467 252.33987802166644 33.55551415193645 146.71445777720692 59.872522513258446 92.400879839537083 169.62396070377054 46.148338161758147 30.425872072568382 25.964502051199815 63.834118380844302 31.198203553373787 189.53339343460993 348.9242229967158 26.014220993965864 131.11479025419703 96.547140257231149 77.821619409560299 351.60209072499038 23.253942327578443 51.58558783076478 19.872131903321133 31.37027563006086 28.872295954131914 50.218520558104501 72.376156869624538
leaf_count=367 351 2701 48 38 29 2021 15 372 159 383 482 65 104 121 600 592 710 1864 34 457 748 179 2395 159 59 29 80 77 469 184
internal_value=-0.000172727 -0.0187274 0.000950437 0.0128556 0.000225589 -0.00153155 -0.0117408 -0.017587 0.00475774 0.00883393 0.00387761 0.0197931 0.0226383 -0.000183411 -0.00408456 0.00321825 -0.00143817 -0.00185886 0.0127488 0.0212558 0.00184497 0.0033135 0.000513342 0.00272999 -0.00330389 0.00349693 -0.0157763 -0.00209905 -0.00527647 0.00913611
internal_weight=2818.96 160.905 2658.05 152.539 2505.51 1805.49 210.597 180.27 700.024 464.947 342.12 93.4056 122.827 1594.89 742.92 851.974 572.334 679.086 279.641 157.079 122.561 426.746 541.135 47.2572 235.077 152.121 82.9559 248.715 219.842 132.249
internal_count=15892 3068 12824 389 12435 10137 416 387 2298 1787 1300 272 487 9721 4664 5057 3697 4064 1360 578 782 2043 3105 207 511 372 139 1028 951 343
is_linear=0
shrinkage=0.0363096


Tree=189
num_leaves=31
num_cat=0
split_feature=0 21 1 0 13 0 13 9 9 0 9 12 12 3 21 8 0 13 12 12 13 12 8 19 0 0 3 1 13 17
split_gain=50.063 22.876 22.7873 29.5032 18.2033 18.0098 23.7564 18.2948 15.0824 13.8179 24.5709 24.5952 22.0508 21.8763 19.5932 16.1896 24.5128 15.4488 14.2956 13.312 13.0036 12.7461 12.5281 11.8555 28.6583 20.9592 11.6395 10.9451 9.88531 9.45816
threshold=27.500000000000004 0.012950025033205749 -0.027683638967573639 37.500000000000007 -0.13211155682802198 35.500000000000007 -0.047862943261861794 0.10638631880283357 0.10549084469676019 47.500000000000007 0.074870821088552489 0.096445586532354369 -0.075519919395446763 42.625802993774421 0.030879705213010315 -0.53444430232048024 43.500000000000007 0.10766035690903665 -0.025477618910372254 0.13933603465557101 -0.071497615426778779 0.028207849711179737 1.3608241081237795 -1.0000000180025095e-35 67.500000000000014 49.500000000000007 46.393878936767585 0.083688337355852141 -0.060129610821604722 0.68301269412040722
decision_type=2 2 2 2 2 2 2 2 2 2 2 2 2 2 2 2 2 2 2 2 2 2 2 2 2 2 2 2 2 2
left_child=1 -1 4 -4 -2 8 7 -7 -6 10 15 12 20 17 -14 16 28 23 -18 27 -12 -19 -21 24 -11 -25 -9 29 -5 -15
right_child=2 -3 3 9 5 6 -8 26 -10 13 11 -13 14 19 -16 -17 18 21 -20 22 -22 -23 -24 25 -26 -27 -28 -29 -30 -31
leaf_value=0.051236575179131223 -0.036281439275376769 -0.025141855122214365 -0.017774086691713802 0.0017999736155788785 0.026606903800122983 -0.026222210192384538 0.022295107841231166 0.012683036464828818 -0.017667745508455512 0.0097180555673865143 -0.0035385570477327673 0.01557405031244645 -0.020223667541181461 -0.020256719759592295 0.012692239701260179 0.021979556712631285 0.0021150432651802701 -0.017002136310190038 0.029700782773314751 -0.022834516646850177 0.037775422810207106 0.020285754790184844 0.039309823345282317 -0.026312370762316711 -0.0097342817140753154 -0.0018696022583208093 -0.02715345566833148 0.030192379223353188 -0.028513682702714396 -0.0034979635134399661
leaf_weight=5.3847458437012383 10.719051868199129 128.93360266451828 124.30089626663539 26.782236782135442 109.91383768370088 38.763073157975668 59.504797920894816 52.535882217256585 11.171918448084396 330.17155861789161 22.045086902809999 74.215402572946914 138.9528935981798 152.33206032897442 28.775258416058932 133.22652806784299 50.490729239872962 14.230699779151108 48.631113147654105 6.5325599925254236 18.443592655632528 80.086270076731125 12.376363132863842 49.752459547672515 143.1334456886143 657.34966310648952 11.849662969443669 7.1810174465172159 30.131171256523885 62.685962038709476
leaf_count=36 162 1438 561 44 379 524 907 205 88 1633 112 42 251 1332 24 304 85 264 78 244 40 823 191 221 1500 3735 61 109 53 446
internal_value=-0.000482832 -0.022079 0.000674519 -0.000588683 0.0101635 0.0119185 0.00402482 -0.00651396 0.022521 0.000434562 0.00524488 -0.00237274 -0.00877013 -0.00137957 -0.014576 0.012683 0.0047447 0.000517408 0.0156503 -0.0114092 0.0152783 0.0146585 0.0178346 -0.0006124 0.00383518 -0.00358959 0.00534963 -0.0138984 -0.0142468 -0.0153714
internal_weight=2640.6 134.318 2506.29 2211.83 294.458 283.739 162.653 103.149 121.086 2087.53 571.694 282.432 208.217 1515.83 167.728 289.262 156.035 1274.72 99.1218 241.108 40.4887 94.317 18.9089 1180.41 473.305 707.102 64.3855 222.199 56.9134 215.018
internal_count=15892 1474 14418 12092 2326 2164 1697 790 467 11531 1033 469 427 10498 275 564 260 8176 163 2322 152 1087 435 7089 3133 3956 266 1887 97 1778
is_linear=0
shrinkage=0.0363096


Tree=190
num_leaves=31
num_cat=0
split_feature=16 10 7 9 8 19 13 10 16 9 2 13 3 18 21 2 7 21 3 8 18 9 17 8 3 9 17 10 0 8
split_gain=18.8761 10.9891 10.2885 16.5845 10.4911 9.37388 17.2277 12.1488 18.6786 25.6225 15.4243 34.0005 21.2857 15.8222 13.8208 17.8382 12.5869 11.2314 29.7287 21.8707 14.5794 11.8877 11.0065 20.0295 9.01541 7.69355 6.91729 8.80288 6.62831 5.63474
threshold=21.253453254699711 0.026711715385317806 29.747159957885746 0.2937233448028565 -1.6268009543418882 0.87837970256805431 -0.13211155682802198 0.0095080612227320688 73.756870269775405 0.1364005580544472 0.076342653483152403 0.076111622154712691 31.888985633850101 0.25000000000000011 0.013504073489457371 0.11576562002301218 37.567609786987312 0.014383611734956505 26.013810157775882 -0.66260147094726551 0.68301269412040722 0.104667566716671 0.93301269412040722 1.6511580944061282 54.445577621459968 0.10725898668169977 0.68301269412040722 0.010144198313355448 64.500000000000014 -2.534611582756042
decision_type=2 2 2 2 2 2 2 2 2 2 2 2 2 2 2 2 2 2 2 2 2 2 2 2 2 2 2 2 2 2
left_child=1 26 4 5 24 7 -7 10 9 16 11 13 -13 -4 15 -12 -9 18 -8 -20 -19 -22 23 -10 25 -2 29 -28 -11 -1
right_child=2 -3 3 -5 -6 6 17 8 22 28 14 12 -14 -15 -16 -17 -18 20 19 -21 21 -23 -24 -25 -26 -27 27 -29 -30 -31
leaf_value=-0.0044521002593398218 -0.024964493806932473 0.028078829222038342 0.0011209136340318458 0.023730004137318274 0.011105396383633644 0.051030101989070237 0.046493427480474206 -0.0080734239634063978 0.023859771956287374 -0.0098070106262548463 -0.013660323696016207 -0.004232203735885412 0.033031682859876392 -0.0081426384121645774 -0.028073413229148709 0.027054103380047091 0.0058038202317220499 -0.020994991840910252 0.01210104541088565 -0.016341451460974682 -0.011370053894721852 0.022957278458667057 -0.0091431854990001987 0.0012968516611757998 -0.031572243597744534 0.022552911042669255 0.01617036756736941 -0.019494107922253232 0.019924152048730878 0.017771005641280858
leaf_weight=19.510065725207824 8.6413734321868123 43.657841300284417 634.52858997219482 39.044635051401201 17.217560995057283 6.9059331310336338 16.22787845487801 97.580251395576852 130.59285319931132 260.32979498373425 60.106762188748689 30.201164866693944 61.054178953954761 394.01635230800093 52.744259147293633 18.569350908510387 736.55237832335661 113.17093518714364 58.439573074352666 91.35940641104753 35.274372373191909 21.349621784998817 28.392288953222305 86.066778639828044 37.164266055711778 9.3554426665068586 14.772381850625605 23.856047269951887 10.273707884557551 65.57228973042038
leaf_count=75 39 48 2476 352 18 67 57 517 440 803 237 87 129 1772 233 57 4564 992 90 387 180 178 49 239 44 100 90 118 1117 337
internal_value=0.000543416 0.0124164 -0.000106976 0.000221215 -0.0136335 -9.05601e-05 -0.00573513 0.000653166 0.0030424 0.0010306 -0.00192419 -0.000543007 0.0206979 -0.00242767 -0.013692 -0.00404932 0.00418027 -0.00690283 -0.000186971 -0.00524472 -0.013469 0.00157085 0.0121115 0.0148973 -0.0213574 -0.000256898 0.00688813 -0.00585229 -0.00867781 0.0126738
internal_weight=3222.53 167.369 3055.16 2982.78 72.3786 2943.74 342.728 2601.01 1349.79 1104.74 1251.22 1119.8 91.2553 1028.54 131.42 78.6761 834.133 335.822 166.027 149.799 169.795 56.624 245.052 216.66 55.1611 17.9968 123.711 38.6284 270.604 85.0824
internal_count=15892 668 15224 15023 201 14671 1951 12720 7729 7001 4991 4464 216 4248 527 294 5081 1884 534 477 1350 358 728 679 183 139 620 208 1920 412
is_linear=0
shrinkage=0.0363096


Tree=191
num_leaves=31
num_cat=0
split_feature=9 6 14 13 16 0 14 5 0 13 14 13 2 13 2 9 13 10 16 7 14 8 9 10 10 2 10 17 2 16
split_gain=16.1731 23.4726 21.0411 25.2699 17.2949 23.257 23.4226 20.6402 16.4518 28.426 30.236 27.1236 27.4472 17.8988 22.5207 17.7524 17.8209 18.1131 16.4037 23.3349 16.34 16.3034 18.4264 15.5759 14.9172 23.5494 20.0024 13.9575 13.5483 13.4896
threshold=0.039441257715225227 -0.39994655549526209 -0.0014593257801607249 0.035610819235444076 63.181842803955085 70.500000000000014 -0.0052205508109182111 29.302822113037113 24.500000000000004 0.013130701612681152 0.0096035664901137369 0.050161793828010566 0.04594723507761956 0.073068622499704375 0.07498283684253694 0.10809104517102243 -0.14574975520372388 0.01150324195623398 23.226891517639164 50.350656509399421 0.0031327502802014355 -0.76055526733398426 0.098525557667016997 0.0060863040853291759 0.0075114115606993445 0.068289469927549376 0.0085758259519934672 -1.0000000180025095e-35 -0.04660611413419246 61.008306503295906
decision_type=2 2 2 2 2 2 2 2 2 2 2 2 2 2 2 2 2 2 2 2 2 2 2 2 2 2 2 2 2 2
left_child=4 2 3 23 5 6 7 -1 27 10 15 21 -13 -14 -15 16 -10 -18 28 -20 -7 22 -11 -2 25 -6 -26 -3 -17 -8
right_child=1 8 -4 -5 24 20 29 -9 9 11 -12 12 13 14 -16 18 17 -19 19 -21 -22 -23 -24 -25 26 -27 -28 -29 -30 -31
leaf_value=0.027727735808384585 0.035850333218576752 -0.0037384803749490104 -0.02602935061747301 -0.026935263855236476 0.0088978777235745859 0.030039468877268327 -0.004784921195646631 -0.016359785866497178 0.026603274730062083 -0.020931422743758619 -0.026416689104104149 -0.034619851806270856 0.0094949112655667751 -0.023404564220390819 8.3368127525676521e-05 -0.018279436992224243 -0.0044003807967732756 -0.020577586113787613 0.011291297909537243 -0.026132402483109503 -0.00071313102939281933 0.016243452670521921 0.034171818771196898 -0.00067852731721674533 -0.029953404263840553 -0.033758867079923739 0.006361990380014752 0.017336929702032104 0.010313878845268706 0.021654460903587056
leaf_weight=75.161780542317956 19.57559608345764 63.814275797476057 93.33930113391898 41.816368018745379 131.55383991665076 90.729139104390924 226.8352955415171 17.200961974915117 17.579466694997336 33.627335118251267 88.327839038546244 31.027956710494891 189.34770801707555 66.358785099466786 284.75155740467881 73.875712912189101 231.24909952051917 150.74923841278905 212.49661806076438 24.497051469039434 30.405441676013652 233.68315027737162 10.497387612644159 71.936729339577141 51.039638332100367 19.604764350187907 32.868716177757051 118.05585362495844 31.015545824805486 28.654267159280607
leaf_count=200 7 396 263 79 361 396 1090 99 43 175 878 761 731 346 2281 332 2384 1096 1219 143 104 1288 79 171 68 29 91 620 80 82
internal_value=-0.000170541 -0.00177554 -0.0128074 -0.00355026 0.00458834 0.00861738 0.00384548 0.019516 -0.000431771 -0.00155541 -0.00633502 0.00311431 -0.00140966 0.000496759 -0.00435547 -0.0039426 -0.00913956 -0.0107847 0.00213102 0.00742247 0.0223195 0.0124211 -0.00781957 0.00713428 -0.00344958 0.00336466 -0.0157266 0.00994141 -0.00982354 -0.00181917
internal_weight=2791.68 2087.62 226.668 133.329 704.054 468.987 347.852 92.3627 1860.95 1679.08 829.791 849.294 571.486 540.458 351.11 741.463 399.578 381.998 341.885 236.994 121.135 277.808 44.1247 91.5123 235.067 151.159 83.9084 181.87 104.891 255.49
internal_count=15892 13372 520 257 2520 1971 1471 299 12852 11836 6175 5661 4119 3358 2627 5297 3523 3480 1774 1362 500 1542 254 178 549 390 159 1016 412 1172
is_linear=0
shrinkage=0.0363096


end of trees

feature_importances:
Column_1=546
Column_13=430
Column_0=372
Column_3=370
Column_21=358
Column_6=356
Column_16=345
Column_2=333
Column_10=333
Column_12=315
Column_9=277
Column_7=245
Column_5=236
Column_11=217
Column_14=210
Column_4=185
Column_8=181
Column_19=164
Column_20=136
Column_18=76
Column_17=75

parameters:
[boosting: gbdt]
[objective: multiclass]
[metric: multi_logloss]
[tree_learner: serial]
[device_type: cpu]
[data_sample_strategy: bagging]
[data: ]
[valid: ]
[num_iterations: 64]
[learning_rate: 0.0363096]
[num_leaves: 31]
[num_threads: 1]
[seed: 42]
[deterministic: 0]
[force_col_wise: 0]
[force_row_wise: 0]
[histogram_pool_size: -1]
[max_depth: 8]
[min_data_in_leaf: 43]
[min_sum_hessian_in_leaf: 0.001]
[bagging_fraction: 0.880426]
[pos_bagging_fraction: 1]
[neg_bagging_fraction: 1]
[bagging_freq: 0]
[bagging_seed: 400]
[bagging_by_query: 0]
[feature_fraction: 0.720155]
[feature_fraction_bynode: 1]
[feature_fraction_seed: 30056]
[extra_trees: 0]
[extra_seed: 12879]
[early_stopping_round: 0]
[early_stopping_min_delta: 0]
[first_metric_only: 0]
[max_delta_step: 0]
[lambda_l1: 0.00308912]
[lambda_l2: 0.000217529]
[linear_lambda: 0]
[min_gain_to_split: 0]
[drop_rate: 0.1]
[max_drop: 50]
[skip_drop: 0.5]
[xgboost_dart_mode: 0]
[uniform_drop: 0]
[drop_seed: 17869]
[top_rate: 0.2]
[other_rate: 0.1]
[min_data_per_group: 100]
[max_cat_threshold: 32]
[cat_l2: 10]
[cat_smooth: 10]
[max_cat_to_onehot: 4]
[top_k: 20]
[monotone_constraints: ]
[monotone_constraints_method: basic]
[monotone_penalty: 0]
[feature_contri: ]
[forcedsplits_filename: ]
[refit_decay_rate: 0.9]
[cegb_tradeoff: 1]
[cegb_penalty_split: 0]
[cegb_penalty_feature_lazy: ]
[cegb_penalty_feature_coupled: ]
[path_smooth: 0]
[interaction_constraints: ]
[verbosity: -1]
[saved_feature_importance_type: 0]
[use_quantized_grad: 0]
[num_grad_quant_bins: 4]
[quant_train_renew_leaf: 0]
[stochastic_rounding: 1]
[linear_tree: 0]
[max_bin: 255]
[max_bin_by_feature: ]
[min_data_in_bin: 3]
[bin_construct_sample_cnt: 200000]
[data_random_seed: 175]
[is_enable_sparse: 1]
[enable_bundle: 1]
[use_missing: 1]
[zero_as_missing: 0]
[feature_pre_filter: 1]
[pre_partition: 0]
[two_round: 0]
[header: 0]
[label_column: ]
[weight_column: ]
[group_column: ]
[ignore_column: ]
[categorical_feature: ]
[forcedbins_filename: ]
[precise_float_parser: 0]
[parser_config_file: ]
[objective_seed: 16083]
[num_class: 3]
[is_unbalance: 0]
[scale_pos_weight: 1]
[sigmoid: 1]
[boost_from_average: 1]
[reg_sqrt: 0]
[alpha: 0.9]
[fair_c: 1]
[poisson_max_delta_step: 0.7]
[tweedie_variance_power: 1.5]
[lambdarank_truncation_level: 30]
[lambdarank_norm: 1]
[label_gain: ]
[lambdarank_position_bias_regularization: 0]
[eval_at: ]
[multi_error_top_k: 1]
[auc_mu_weights: ]
[num_machines: 1]
[local_listen_port: 12400]
[time_out: 120]
[machine_list_filename: ]
[machines: ]
[gpu_platform_id: -1]
[gpu_device_id: -1]
[gpu_use_dp: 0]
[num_gpu: 1]

end of parameters

pandas_categorical:null
