tree
version=v4
num_class=1
num_tree_per_iteration=1
label_index=0
max_feature_idx=27
objective=regression
feature_names=Column_0 Column_1 Column_2 Column_3 Column_4 Column_5 Column_6 Column_7 Column_8 Column_9 Column_10 Column_11 Column_12 Column_13 Column_14 Column_15 Column_16 Column_17 Column_18 Column_19 Column_20 Column_21 Column_22 Column_23 Column_24 Column_25 Column_26 Column_27
feature_infos=[6.5556268692016602:91.50933837890625] [0:98.589950561523438] [-0.33132705092430115:0.91799342632293701] [-0.093737311661243439:0.073482856154441833] [-0.093737311661243439:0.073482856154441833] [-0.093737311661243439:0.073482856154441833] [-0.093737311661243439:0.073482856154441833] [0.003212423762306571:0.12252876162528992] [-1:1] [-0.97492790222167969:0.97492790222167969] [-0.90096884965896606:1] [-0.2043636292219162:0.5746883749961853] [25004.5:73223.796875] [1901.10595703125:242308.140625] [0.7555699348449707:96.013275146484375] [25004.5:73223.796875] [1901.10595703125:242308.140625] [0.7555699348449707:96.013275146484375] [25004.5:73223.796875] [1901.10595703125:242308.140625] [0.7555699348449707:96.013275146484375] none [-0.17527155578136444:0.2018761932849884] [-0.17527155578136444:0.33680003881454468] [-0.17527155578136444:0.38176092505455017] [0.0035768784582614899:0.080666162073612213] [0.0035768784582614899:0.080666162073612213] [0.0035768784582614899:0.080666162073612213]
tree_sizes=2358 2337 2400 2335 2434 2418 2412 2522 2404 2606 2258 2419 2334 2414 2257 2592 2250 2382 2237 2683 2427 2408 2410 2318 2228 2883 2604 2258 2334 2526 2761 2242 2687 2058 2696 2719 2793 2738 2495 2637 2491 2644

Tree=0
num_leaves=25
num_cat=0
split_feature=18 18 12 2 2 14 2 12 2 14 2 18 10 27 12 6 14 19 18 2 2 12 17 2
split_gain=1.78077 1.14163 1.35621 0.837497 0.735641 0.62276 0.487582 0.406663 0.380779 0.304833 0.211846 0.171659 0.140509 0.139331 0.113728 0.11341 0.101073 0.0897004 0.0862809 0.150109 0.084424 0.0526555 0.0463294 0.0379461
threshold=68581.351562500015 33701.750000000007 64133.599609375007 -0.18789488822221753 0.21515390276908877 70.490653991699233 -0.098829831928014741 27682.699218750004 -0.020934149622917172 74.81543350219728 0.074004068970680251 30041.750000000004 1.0000000180025095e-35 0.04414129629731179 27052.149414062504 0.0047533018514513978 38.900539398193366 17917.530273437504 70231.601562500015 0.25738015770912176 0.056423146277666099 70022.851562500015 67.384826660156264 0.066543299704790129
decision_type=2 2 2 2 2 2 2 2 2 2 2 2 2 2 2 2 2 2 2 2 2 2 2 2
left_child=1 5 3 13 -5 7 15 16 17 10 -7 -9 -10 -3 -11 -2 -1 -4 21 20 -20 22 -8 -23
right_child=6 2 8 4 -6 9 18 11 12 14 -12 -13 -14 -15 -16 -17 -18 -19 19 -21 -22 23 -24 -25
leaf_value=0.0089870184644686331 0.0058670682862322484 0.010676201720820688 0.0081842235022464016 0.0091719095290773017 0.0098280874642443106 0.0095391371397133985 0.0083370206997722962 0.0083486301600557283 0.0092082473302787845 0.0101816409972268 0.010885014699776166 0.0087891353917846915 0.0087168477978705645 0.0097354760504549821 0.0089540070141064729 0.007622834235822747 0.0087549574184908174 0.008590990421535976 0.0065904207890702541 0.0088760444059019245 0.0077904883420977199 0.0072521067468701954 0.0089590405036704367 0.0082556666343909998
leaf_weight=841 32 130 254 2982 532 151 217 846 347 21 40 330 274 67 344 17 1181 357 22 29 78 20 40 29
leaf_count=841 32 130 254 2982 532 151 217 846 347 21 40 330 274 67 344 17 1181 357 22 29 78 20 40 29
internal_value=0.00895904 0.00901238 0.00917453 0.00932956 0.0092715 0.00879909 0.0080007 0.00871175 0.00870827 0.00929988 0.00982565 0.00847151 0.00899006 0.0103607 0.00902239 0.00645794 0.0088519 0.00842048 0.00817656 0.00781624 0.00751748 0.00833131 0.00843065 0.0078281
internal_weight=9181 8697 4943 3711 3514 3754 484 3198 1232 556 191 1176 621 197 365 49 2022 611 435 129 100 306 257 49
internal_count=9181 8697 4943 3711 3514 3754 484 3198 1232 556 191 1176 621 197 365 49 2022 611 435 129 100 306 257 49
is_linear=0
shrinkage=1


Tree=1
num_leaves=24
num_cat=0
split_feature=15 15 15 2 2 14 2 15 2 14 2 10 2 5 3 14 16 15 2 5 2 1 2
split_gain=1.68535 1.10465 1.21403 0.801766 0.747689 0.61849 0.488876 0.367458 0.356967 0.286046 0.20494 0.148912 0.131077 0.130972 0.12339 0.0920314 0.0909875 0.0733674 0.144114 0.0652812 0.0610025 0.0333334 0.052281
threshold=68523.449218750015 33353.250000000007 64133.599609375007 -0.18256379663944242 0.21515390276908877 70.490653991699233 -0.098829831928014741 27682.699218750004 -0.030063073150813576 74.81543350219728 0.074004068970680251 0.81174489855766307 0.026861755177378658 0.0050558994989842185 -0.012996734119951723 38.900539398193366 52641.312500000007 69825.699218750015 0.31733559072017675 0.033132407814264304 0.056423146277666099 75.301040649414077 0.19321399182081225
decision_type=2 2 2 2 2 2 2 2 2 2 2 2 2 2 2 2 2 2 2 2 2 2 2
left_child=1 5 3 14 -5 7 13 15 16 10 -7 -10 -9 -2 -3 -1 -4 21 20 -11 -19 22 -8
right_child=6 2 8 4 -6 9 17 12 11 19 -12 -13 -14 -15 -16 -17 -18 18 -20 -21 -22 -23 -24
leaf_value=2.2358657913537304e-05 -0.0032088449924336762 0.0019340072345951571 -0.00059778435485083781 0.00019538252285136658 0.00085391774922449163 0.00057068119619337076 -0.00054637704480865908 -0.00034350336141355348 0.00014040934012062047 0.00013605937419050663 0.0018947281821214974 -0.00054713190386066759 -0.00070503098130844481 -0.001303997526069632 0.0010528973167865101 -0.00020095029954599506 3.3258464918990384e-06 -0.0017007512098749275 0.00038600240836723286 -0.00069096629977153051 -0.00095436147373519553 4.4748194684687207e-05 -0.0014902972517201625
leaf_weight=809 29 62 513 2970 538 151 219 766 537 329 40 98 418 17 161 1196 73 43 17 27 131 19 18
leaf_count=809 29 62 513 2970 538 151 219 766 537 329 40 98 418 17 161 1196 73 43 17 27 131 19 18
internal_value=0 5.23835e-05 0.000211448 0.000356943 0.000296625 -0.000158227 -0.000923296 -0.000244888 -0.000232441 0.000345441 0.000852616 3.29479e-05 -0.000471866 -0.00252438 0.00130186 -0.000110425 -0.000521458 -0.000756504 -0.00100326 7.09099e-05 -0.0011439 -0.00056901 -0.000621792
internal_weight=9181 8688 4952 3731 3508 3736 493 3189 1221 547 191 635 1184 46 223 2005 586 447 191 356 174 256 237
internal_count=9181 8688 4952 3731 3508 3736 493 3189 1221 547 191 635 1184 46 223 2005 586 447 191 356 174 256 237
is_linear=0
shrinkage=0.0162334


Tree=2
num_leaves=25
num_cat=0
split_feature=18 18 12 2 18 17 2 12 2 17 18 20 13 10 27 12 6 12 18 2 2 12 17 2
split_gain=1.67465 1.07044 1.27421 0.788847 0.702656 0.570192 0.457606 0.381689 0.359751 0.230643 0.171849 0.15609 0.142098 0.133474 0.132975 0.129126 0.107609 0.0825351 0.082044 0.142006 0.080075 0.0500953 0.0449688 0.0364142
threshold=68581.351562500015 33701.750000000007 64133.599609375007 -0.18789488822221753 35691.400390625007 70.312942504882827 -0.098829831928014741 27682.699218750004 -0.020934149622917172 74.81543350219728 30041.750000000004 74.049472808837905 51976.535156250007 1.0000000180025095e-35 0.04414129629731179 27052.149414062504 0.0047533018514513978 25630.400390625004 70231.601562500015 0.25738015770912176 0.056423146277666099 70022.851562500015 67.384826660156264 0.066543299704790129
decision_type=2 2 2 2 2 2 2 2 2 2 2 2 2 2 2 2 2 2 2 2 2 2 2 2
left_child=1 5 3 14 -5 7 16 17 12 11 -9 -7 -4 -10 -3 -11 -2 -1 21 20 -20 22 -8 -23
right_child=6 2 8 4 -6 9 18 10 13 15 -12 -13 -14 -15 -16 -17 -18 -19 19 -21 -22 23 -24 -25
leaf_value=0.00041364636056162563 -0.0030000849541853575 0.0016680570917442913 -0.00061372112618035307 0.00086941148901641065 0.00020920964267620459 0.0012141382088009585 -0.00060304433099164355 -0.00058788174085620793 0.00024334669829244996 0.0013199385749146759 -0.00014347643129181622 0.00026225355798406395 0.00014490006763528946 -0.00023557940210817656 0.00074858691822257217 6.9386988167336399e-06 -0.0012876003423600982 -0.00012274857759593432 -0.0023047401614476144 -7.8777407450328815e-05 -0.0011345832113255571 -0.0016633921527174007 0 -0.00067935092327102583
leaf_weight=78 32 130 539 496 3018 103 217 869 347 21 319 86 72 274 67 346 17 1932 22 29 78 20 40 29
leaf_count=78 32 130 539 496 3018 103 217 869 347 21 319 86 72 274 67 346 17 1932 22 29 78 20 40 29
internal_value=0 5.17112e-05 0.000208733 0.000358999 0.000302644 -0.000154818 -0.000929359 -0.000238392 -0.000243204 0.000324343 -0.00046927 0.000785583 -0.000522935 3.06664e-05 0.00135978 8.44636e-05 -0.0024242 -0.000101506 -0.000758898 -0.0011104 -0.001401 -0.000607866 -0.000510843 -0.00109893
internal_weight=9181 8697 4943 3711 3514 3754 484 3198 1232 556 1188 189 611 621 197 367 49 2010 435 129 100 306 257 49
internal_count=9181 8697 4943 3711 3514 3754 484 3198 1232 556 1188 189 611 621 197 367 49 2010 435 129 100 306 257 49
is_linear=0
shrinkage=0.0162334


Tree=3
num_leaves=24
num_cat=0
split_feature=18 18 18 2 2 14 2 18 2 14 2 18 20 6 27 14 14 18 2 2 5 15 17
split_gain=1.6215 1.03596 1.17853 0.789025 0.687153 0.569223 0.442847 0.335454 0.29488 0.281841 0.197255 0.146638 0.107786 0.103895 0.101482 0.0892507 0.081991 0.0793597 0.137352 0.0773576 0.063272 0.0367632 0.0417312
threshold=68581.351562500015 33701.750000000007 64096.000000000007 -0.1851793825626373 0.21515390276908877 70.490653991699233 -0.098829831928014741 27739.049804687504 -0.020934149622917172 74.81543350219728 0.074004068970680251 30041.750000000004 41.670034408569343 0.0047533018514513978 0.045602254569530494 38.900539398193366 29.520425796508793 70231.601562500015 0.25738015770912176 0.056423146277666099 0.033132407814264304 70180.699218750015 67.384826660156264
decision_type=2 2 2 2 2 2 2 2 2 2 2 2 2 2 2 2 2 2 2 2 2 2 2
left_child=1 5 3 14 -5 7 13 15 16 10 -7 -9 -10 -2 -3 -1 -4 21 19 -19 -11 22 -8
right_child=6 2 8 4 -6 9 17 11 12 20 -12 -13 -14 -15 -16 -17 -18 18 -20 -21 -22 -23 -24
leaf_value=2.5858960542305578e-05 -0.0029514205890699553 0.0016126343651649917 -1.7735719533721429e-05 0.00019745612417351117 0.00082863570871895308 0.00055529211070011995 -0.00063026449840961811 -0.00056144554712867422 -0.00033931213323869593 0.00013237164871524569 0.0018545058732386257 -0.00015559036110211156 0.00016121760706457028 -0.0012667282220572237 0.00078444982206660652 -0.00019485736055360669 -0.00053833635327002569 -0.0022673679808513664 -7.749967945855833e-05 -0.0011161707851098245 -0.00058201716331051842 -0.001267038712170756 -7.4246090448491545e-05
leaf_weight=797 32 134 97 2952 539 151 238 870 151 329 40 330 451 17 62 1201 557 22 29 78 36 22 46
leaf_count=797 32 134 97 2952 539 151 238 870 151 329 40 330 451 17 62 1201 557 22 29 78 36 22 46
internal_value=0 5.088e-05 0.000205354 0.000351742 0.000295156 -0.000152294 -0.000914494 -0.000235798 -0.000223695 0.000326466 0.000832022 -0.000450548 3.42519e-05 -0.00238516 0.00135512 -0.00010639 -0.000462422 -0.000746758 -0.0010926 -0.00137841 5.95534e-05 -0.000598115 -0.000543206
internal_weight=9181 8697 4943 3687 3491 3754 484 3198 1256 556 191 1200 602 49 196 1998 654 435 129 100 365 306 284
internal_count=9181 8697 4943 3687 3491 3754 484 3198 1256 556 191 1200 602 49 196 1998 654 435 129 100 365 306 284
is_linear=0
shrinkage=0.0162334


Tree=4
num_leaves=25
num_cat=0
split_feature=15 15 12 2 2 14 2 12 2 14 2 2 10 27 5 12 19 14 12 2 2 19 15 5
split_gain=1.53647 1.00287 1.19923 0.744588 0.671645 0.565699 0.443917 0.370833 0.355825 0.26437 0.190822 0.162019 0.13202 0.12458 0.124065 0.106647 0.0938243 0.0923517 0.0765883 0.191829 0.0795006 0.0666068 0.0489551 0.0243966
threshold=68523.449218750015 33353.250000000007 64133.599609375007 -0.18789488822221753 0.21515390276908877 70.490653991699233 -0.098829831928014741 27682.699218750004 -0.020934149622917172 74.81543350219728 0.074004068970680251 -0.11161813139915465 1.0000000180025095e-35 0.04414129629731179 0.0050558994989842185 27052.149414062504 17727.730468750004 38.900539398193366 70022.851562500015 0.31733559072017675 0.056423146277666099 34254.365234375007 70180.699218750015 -0.0035856300964951511
decision_type=2 2 2 2 2 2 2 2 2 2 2 2 2 2 2 2 2 2 2 2 2 2 2 2
left_child=1 5 3 13 -5 7 14 17 16 10 -7 -9 -10 -3 -2 -11 -4 -1 21 20 -20 22 -8 -23
right_child=6 2 8 4 -6 9 18 11 12 15 -12 -13 -14 -15 -16 -17 -18 -19 19 -21 -22 23 -24 -25
leaf_value=2.9108861297599969e-05 -0.0030735670050051974 0.0016173657184454476 -0.00076176098702887443 0.00019688642029996861 0.00082216110223706437 0.00054627926768289385 -0.00039406225234640639 -0.0012106072694430768 0.00024831118467007126 0.0011885696889199634 0.001824419287889556 -0.00041356347613089663 -0.00023636583832096513 0.00072642963194640385 -0.0012190951619092134 -8.7706991542178129e-07 -0.00034620900190276158 -0.00019269803307622502 -0.0019220789893471691 0.00056732992557698625 -0.00098031236073344908 -0.00070875152223431686 -0.0012184738495788546 -0.0016970781742151257
leaf_weight=841 29 130 246 2997 535 151 237 73 346 21 40 1094 258 67 17 335 373 1181 35 17 101 17 22 18
leaf_count=841 29 130 246 2997 535 151 237 73 346 21 40 1094 258 67 17 335 373 1181 35 17 101 17 22 18
internal_value=0 5.0003e-05 0.000201566 0.000346332 0.000291843 -0.000150664 -0.000881585 -0.000233551 -0.000239137 0.000331003 0.000818593 -0.000464173 3.98749e-05 0.00131879 -0.00240766 6.69816e-05 -0.000512749 -0.000100024 -0.000722519 -0.001024 -0.00122922 -0.000562669 -0.000467473 -0.00124208
internal_weight=9181 8688 4952 3729 3532 3736 493 3189 1223 547 191 1167 604 197 46 356 619 2022 447 153 136 294 259 35
internal_count=9181 8688 4952 3729 3532 3736 493 3189 1223 547 191 1167 604 197 46 356 619 2022 447 153 136 294 259 35
is_linear=0
shrinkage=0.0162334


Tree=5
num_leaves=25
num_cat=0
split_feature=18 18 12 2 18 14 2 12 2 14 2 2 13 27 12 6 2 14 18 2 2 12 2 5
split_gain=1.52395 0.971158 1.1603 0.71852 0.6759 0.532984 0.415071 0.348718 0.32879 0.264252 0.184598 0.159312 0.135724 0.120432 0.104619 0.0989807 0.0969654 0.089388 0.0750042 0.129443 0.0730901 0.0451612 0.0340047 0.0244233
threshold=68581.351562500015 33701.750000000007 64133.599609375007 -0.18789488822221753 35691.400390625007 70.490653991699233 -0.098829831928014741 27682.699218750004 -0.020934149622917172 74.81543350219728 0.074004068970680251 -0.11161813139915465 51976.535156250007 0.04414129629731179 27052.149414062504 0.0047533018514513978 0.3418442457914353 38.900539398193366 70231.601562500015 0.25738015770912176 0.056423146277666099 70022.851562500015 0.066543299704790129 0.0021515808766707782
decision_type=2 2 2 2 2 2 2 2 2 2 2 2 2 2 2 2 2 2 2 2 2 2 2 2
left_child=1 5 3 13 -5 7 15 17 12 10 -7 -9 -4 -3 -11 -2 -10 -1 21 20 -20 23 -23 -8
right_child=6 2 8 4 -6 9 18 11 16 14 -12 -13 -14 -15 -16 -17 -18 -19 19 -21 -22 22 -24 -25
leaf_value=2.8636348255817039e-05 -0.0028635321194606369 0.0015911152231813152 -0.00058855463394295513 0.0008443330853119081 0.00019683161316466847 0.00053741271930664628 -0.00063256710452937973 -0.0011909615172399387 6.7745765566351709e-05 0.001169297633851762 0.0017948208032372999 -0.0004008989868402836 0.00015284857494856789 0.00071464149293095443 -8.1785268684034521e-06 -0.0012174637554923763 -0.0010794066443061121 -0.00018956994618087863 -0.0022030486058905049 -7.416526409512506e-05 -0.0010824981404141845 -0.00159226255622722 -0.00063988696504912773 -0.00029385827514089659
leaf_weight=841 32 130 539 496 3018 151 144 73 601 21 40 1103 72 67 344 17 20 1181 22 29 78 20 29 113
leaf_count=841 32 130 539 496 3018 151 144 73 601 21 40 1103 72 67 344 17 20 1181 22 29 78 20 29 113
internal_value=0 4.9309e-05 0.000198875 0.000342272 0.000288473 -0.000147403 -0.000886578 -0.00022821 -0.00023237 0.000315845 0.000805381 -0.000450687 -0.000499797 0.00129746 5.73171e-05 -0.00231064 2.93935e-05 -9.83938e-05 -0.000724095 -0.00106051 -0.00133798 -0.000579429 -0.00104651 -0.000486983
internal_weight=9181 8697 4943 3711 3514 3754 484 3198 1232 556 191 1176 611 197 365 49 621 2022 435 129 100 306 49 257
internal_count=9181 8697 4943 3711 3514 3754 484 3198 1232 556 191 1176 611 197 365 49 621 2022 435 129 100 306 49 257
is_linear=0
shrinkage=0.0162334


Tree=6
num_leaves=25
num_cat=0
split_feature=12 15 12 2 2 14 2 2 12 14 2 2 10 22 12 9 12 2 14 14 13 17 22 6
split_gain=1.44444 0.920774 1.16334 0.699483 0.65952 0.53021 0.38092 0.351662 0.347541 0.247629 0.178575 0.151625 0.14917 0.138474 0.130274 0.128944 0.0998905 0.0890528 0.0876881 0.0865196 0.0720694 0.0541904 0.0301463 0.0214915
threshold=68741.000000000015 33353.250000000007 64133.599609375007 -0.18256379663944242 0.22218269854784015 70.490653991699233 -0.098829831928014741 -0.020934149622917172 27682.699218750004 74.81543350219728 0.074004068970680251 -0.11161813139915465 1.0000000180025095e-35 0.0025375523837283258 62762.398437500007 -0.60785761475563038 27052.149414062504 0.31733559072017675 63.172790527343757 38.900539398193366 51976.535156250007 32.281652450561531 -0.010036431718617676 0.0030825088033452634
decision_type=2 2 2 2 2 2 2 2 2 2 2 2 2 2 2 2 2 2 2 2 2 2 2 2
left_child=1 5 3 14 -5 8 13 20 19 10 -7 -10 -9 -2 -3 18 -11 21 22 -1 -4 -17 -8 -20
right_child=6 2 7 4 -6 9 15 12 11 16 -12 -13 -14 -15 -16 17 -18 -19 23 -21 -22 -23 -24 -25
leaf_value=2.8171484485102707e-05 -0.0031143355442640771 0.0014299350814536509 -0.00057514200879000578 0.00018568759585285667 0.00081603866684970333 0.00052869007824259682 -2.7819043159826762e-05 0.00025181345648209202 -0.0011716346037828256 0.0011503380230480052 0.0017657025522402085 -0.00040034224939161352 -0.00025179988814829355 -0.001128315014605823 0.00048267408274724351 -0.00024918396877917178 -7.300718634644899e-07 6.1749369800728011e-05 0.00076642395079589852 -0.00018649263693986082 -3.877547473465051e-05 -0.0010734249166720925 -0.00075473761276480917 0
leaf_weight=841 26 173 546 2989 514 151 23 359 73 21 40 1094 272 17 53 26 335 21 18 1181 79 247 63 19
leaf_count=841 26 173 546 2989 514 151 23 359 73 21 40 1094 272 17 53 26 335 21 18 1181 79 247 63 19
internal_value=0 4.67268e-05 0.000191203 0.000335219 0.000278427 -0.000145822 -0.000886598 -0.000235698 -0.000226072 0.000320471 0.000792384 -0.00044934 3.33795e-05 -0.00234997 0.00121162 -0.000733535 6.48622e-05 -0.000919477 -0.000282099 -9.67898e-05 -0.000508706 -0.000998062 -0.000570252 0.000364688
internal_weight=9181 8721 4985 3729 3503 3736 460 1256 3189 547 191 1167 631 43 226 417 356 294 123 2022 625 273 86 37
internal_count=9181 8721 4985 3729 3503 3736 460 1256 3189 547 191 1167 631 43 226 417 356 294 123 2022 625 273 86 37
is_linear=0
shrinkage=0.0162334


Tree=7
num_leaves=26
num_cat=0
split_feature=18 18 15 7 14 14 17 26 15 14 15 16 20 18 18 0 9 15 25 3 7 5 17 0 13
split_gain=1.43356 0.910661 1.04773 0.52054 0.49905 0.485674 0.324655 0.324019 0.295889 0.247766 0.238774 0.156382 0.153204 0.141712 0.139709 0.216366 0.108991 0.106954 0.0912382 0.0670625 0.0638006 0.0610546 0.0453685 0.0259127 0.0156112
threshold=68581.351562500015 33701.750000000007 61266.451171875007 0.019992766901850704 70.490653991699233 24.69813442230225 84.429183959960952 0.023717818781733516 27682.699218750004 74.81543350219728 64905.449218750007 20691.813476562504 72.75058746337892 30041.750000000004 70022.851562500015 54.781431198120124 0.87837970256805431 70180.699218750015 0.023154086433351043 -0.0010647258022800086 0.034966027364134795 0.033132407814264304 42.889842987060554 62.277122497558601 44141.890625000007
decision_type=2 2 2 2 2 2 2 2 2 2 2 2 2 2 2 2 2 2 2 2 2 2 2 2 2
left_child=1 4 3 6 8 -5 -3 12 18 11 -9 -6 -4 -10 16 19 17 22 -1 24 23 -11 -2 -17 -16
right_child=14 2 7 5 9 -7 -8 10 13 21 -12 -13 -14 -15 15 20 -18 -19 -20 -21 -22 -23 -24 -25 -26
leaf_value=-4.9954623303792718e-05 -0.0006769760406793551 0.00015713407881707485 -0.00035580381904974694 0.0018684229251070879 0.001432013474769961 0.00056341453436799119 0.00090430243520792715 0.00043848360265646605 -0.00053325374149933451 0.0001267368157942041 -0.00014358415325943727 0.00043609039543921868 0.00023342333868452451 -0.00013393721827691164 -0.0010731238754088728 -0.0013204779200267063 -0.0015736145604861415 -0.0015655419503418468 -0.0003434762615981443 -0.0027894057744624759 5.0843917819223327e-05 -0.00057510640546873555 -0.00022714236563598831 -0.00072974607704193249 -0.0019649588858252636
leaf_weight=1667 115 1834 987 82 65 1002 168 376 863 329 364 126 130 330 17 41 31 25 338 23 17 36 138 60 17
leaf_count=1667 115 1834 987 82 65 1002 168 376 863 329 364 126 130 330 17 41 31 25 338 23 17 36 138 60 17
internal_value=0 4.78131e-05 0.000192648 0.000376047 -0.00014267 0.000662955 0.000220267 -0.000111671 -0.000220867 0.000305569 0.000151028 0.000779598 -0.000286465 -0.000423513 -0.000859896 -0.00123183 -0.000646428 -0.000539857 -9.98627e-05 -0.00206302 -0.000822787 5.51563e-05 -0.00043501 -0.000978206 -0.00154506
internal_weight=9181 8697 4943 3086 3754 1084 2002 1857 3198 556 740 191 1117 1193 484 175 309 278 2005 57 118 365 253 101 34
internal_count=9181 8697 4943 3086 3754 1084 2002 1857 3198 556 740 191 1117 1193 484 175 309 278 2005 57 118 365 253 101 34
is_linear=0
shrinkage=0.0162334


Tree=8
num_leaves=25
num_cat=0
split_feature=18 15 12 2 2 17 2 12 2 17 18 20 13 12 10 12 14 18 18 2 2 12 17 24
split_gain=1.38805 0.881455 1.04939 0.669597 0.629103 0.499233 0.384415 0.329436 0.30748 0.201251 0.143461 0.142259 0.127941 0.12385 0.120344 0.116106 0.0830692 0.0797916 0.0686714 0.121352 0.0689687 0.0414635 0.039929 0.0330401
threshold=68581.351562500015 33353.250000000007 64133.599609375007 -0.18256379663944242 0.21515390276908877 70.312942504882827 -0.098829831928014741 27682.699218750004 -0.020934149622917172 74.81543350219728 30041.750000000004 74.660980224609389 51976.535156250007 62762.398437500007 1.0000000180025095e-35 27052.149414062504 38.900539398193366 69889.000000000015 70231.601562500015 0.25738015770912176 0.056423146277666099 70022.851562500015 67.384826660156264 -0.0018115882994607089
decision_type=2 2 2 2 2 2 2 2 2 2 2 2 2 2 2 2 2 2 2 2 2 2 2 2
left_child=1 5 3 13 -5 7 17 16 12 11 -9 -7 -4 -3 -10 -11 -1 -2 21 20 -20 22 -8 -23
right_child=6 2 8 4 -6 9 18 10 14 15 -12 -13 -14 -15 -16 -17 -18 -19 19 -21 -22 23 -24 -25
leaf_value=3.0048344336269453e-05 -0.0014410615645727156 0.001395148165034089 -0.00056623358701820008 0.00017642634574699284 0.00078200875368937648 0.0011112227340780349 -0.00054907877918116224 -0.00054192233619744306 0.00023368981329904419 0.0012530229363003043 -0.00013120226101430256 0.00018976450759161317 0.00015342921708256689 0.00047085522463748586 -0.00022102089604736214 6.8113705949527939e-06 -0.00018074681493084152 -0.0028684888403293523 -0.0021211316502861223 -5.6243480029836874e-05 -0.0010318640625885526 -0.0014326738855343422 0 -0.00051107288726687781
leaf_weight=841 23 173 539 2968 535 112 217 869 347 21 310 77 72 53 274 337 1169 26 22 29 78 25 40 24
leaf_count=841 23 173 539 2968 535 112 217 869 347 21 310 77 72 53 274 337 1169 26 22 29 78 25 40 24
internal_value=0 4.70387e-05 0.000188934 0.000324733 0.000269162 -0.000141156 -0.000846145 -0.000219031 -0.000221411 0.000311293 -0.000434654 0.000740374 -0.000480038 0.00118222 3.1694e-05 8.2363e-05 -9.21272e-05 -0.00221683 -0.000689681 -0.00101187 -0.00128044 -0.000551013 -0.0004622 -0.00099906
internal_weight=9181 8697 4961 3729 3503 3736 484 3189 1232 547 1179 189 611 226 621 358 2010 49 435 129 100 306 257 49
internal_count=9181 8697 4961 3729 3503 3736 484 3189 1232 547 1179 189 611 226 621 358 2010 49 435 129 100 306 257 49
is_linear=0
shrinkage=0.0162334


Tree=9
num_leaves=27
num_cat=0
split_feature=18 18 15 7 14 15 27 17 18 15 14 20 17 18 18 1 9 15 7 17 1 26 5 17 14 27
split_gain=1.34397 0.853193 0.990205 0.493479 0.471176 0.459744 0.335324 0.305023 0.27906 0.244157 0.236879 0.16031 0.15068 0.132032 0.130894 0.184795 0.104788 0.101264 0.0990106 0.0815011 0.0795713 0.0729221 0.0591444 0.043534 0.031022 0.0284373
threshold=68581.351562500015 33701.750000000007 61266.451171875007 0.019717037677764896 70.490653991699233 41649.500000000007 0.023827850818634037 84.429183959960952 27739.049804687504 64905.449218750007 74.81543350219728 72.75058746337892 74.81543350219728 30041.750000000004 70022.851562500015 55.376525878906257 0.87837970256805431 70180.699218750015 0.02200970891863108 73.726192474365249 71.747371673583999 0.014232691843062641 0.033132407814264304 42.889842987060554 66.240741729736342 0.013520120177417995
decision_type=2 2 2 2 2 2 2 2 2 2 2 2 2 2 2 2 2 2 2 2 2 2 2 2 2 2
left_child=1 4 3 7 8 -5 11 -3 19 -8 12 -4 -6 -10 16 21 17 23 25 -1 -20 -16 -12 -2 -23 -17
right_child=14 2 6 5 10 -7 9 -9 13 -11 22 -13 -14 -15 15 18 -18 -19 20 -21 -22 24 -24 -25 -26 -27
leaf_value=-0.00010681161957067493 -0.00065608255645284604 0.00014813565880507094 -0.00036066938083153009 0.0011833326135011933 0.0010930787001127303 0.00043633782684414249 0.00044650309290777317 0.00087482118081878336 -0.00051516464133886432 -0.00014008276061380746 0.00012302876331029346 0.00023453425726654753 0.00011884885056071208 -0.00013001396347135823 -0.00080786224830484881 -0.00058919180261728359 -0.0015349870542722983 -0.0015194883086204181 -0.00088842159432726061 0.00093010672509553157 0.00044013046358833477 -0.0024178088987099312 -0.00056778051390232113 -0.00021539069577773662 -0.0014328958854808789 -0.0014769802356412313
leaf_weight=1978 115 1807 978 300 125 812 378 167 870 367 329 134 66 330 17 18 31 25 22 20 25 38 36 138 18 37
leaf_count=1978 115 1807 978 300 125 812 378 167 870 367 329 134 66 330 17 18 31 25 22 20 25 38 36 138 18 37
internal_value=0 4.62832e-05 0.000186476 0.000364771 -0.000138087 0.00063865 -0.000109361 0.000210053 -0.000214074 0.000156407 0.000297437 -0.000288179 0.000760932 -0.00040996 -0.000832605 -0.00119279 -0.000625795 -0.000521233 -0.000732231 -9.59963e-05 -0.000163847 -0.00182422 5.2537e-05 -0.000419102 -0.00211713 -0.00120224
internal_weight=9181 8697 4943 3086 3754 1112 1857 1974 3198 745 556 1112 191 1200 484 175 309 278 102 1998 47 73 365 253 56 55
internal_count=9181 8697 4943 3086 3754 1112 1857 1974 3198 745 556 1112 191 1200 484 175 309 278 102 1998 47 73 365 253 56 55
is_linear=0
shrinkage=0.0162334


Tree=10
num_leaves=23
num_cat=0
split_feature=12 15 12 2 12 17 2 2 12 17 10 20 12 22 27 12 19 2 15 25 2 27
split_gain=1.2811 0.810172 1.02271 0.646707 0.611292 0.470471 0.34773 0.32743 0.311659 0.189926 0.140498 0.136909 0.131292 0.127585 0.113631 0.111686 0.102721 0.0907242 0.111009 0.0819085 0.047335 0.0424248
threshold=68741.000000000015 33353.250000000007 64133.599609375007 -0.18789488822221753 36148.150390625007 70.312942504882827 -0.098829831928014741 -0.020934149622917172 27682.699218750004 74.81543350219728 1.0000000180025095e-35 74.660980224609389 30026.950195312504 0.0025375523837283258 0.04414129629731179 27052.149414062504 17917.530273437504 0.30642935633659368 70008.101562500015 0.023154086433351043 0.056423146277666099 0.023827850818634037
decision_type=2 2 2 2 2 2 2 2 2 2 2 2 2 2 2 2 2 2 2 2 2 2
left_child=1 5 3 14 -5 8 13 16 19 11 -9 -7 -10 -2 -3 -11 -4 18 21 -1 -20 -8
right_child=6 2 7 4 -6 9 17 10 12 15 -12 -13 -14 -15 -16 -17 -18 -19 20 -21 -22 -23
leaf_value=-4.0691441390319728e-05 -0.0029674416773492261 0.0015059718013401486 -0.00073728076713277342 0.0007846722587201378 0.00017574878396367405 0.0010832112219987741 -0.00067413054660581551 0.00025087369638800464 -0.00052143771956901497 0.0012282537841683805 -0.00023779912327635144 0.00017910791413508432 -0.00012230668265738378 -0.0010582571816918785 0.00065471665365170184 5.9618037564909546e-06 -0.00030743091179528329 0.00013323091664232527 -0.0016934303177084441 -0.0003152093769228857 -0.00094148362847509793 -0.0001723945982803582
leaf_weight=1661 26 130 255 509 3023 112 185 359 883 21 272 77 296 17 67 337 370 31 34 349 102 65
leaf_count=1661 26 130 255 509 3023 112 185 359 883 21 272 77 296 17 67 337 370 31 34 349 102 65
internal_value=0 4.39829e-05 0.000179509 0.000314546 0.000263746 -0.000136624 -0.000834988 -0.000220734 -0.000212227 0.000302581 3.88803e-05 0.000719431 -0.000421956 -0.00223339 0.00122088 8.01088e-05 -0.000484189 -0.000688631 -0.000756837 -8.87817e-05 -0.00113598 -0.000547101
internal_weight=9181 8721 4985 3729 3532 3736 460 1256 3189 547 631 189 1179 43 197 358 625 417 386 2010 136 250
internal_count=9181 8721 4985 3729 3532 3736 460 1256 3189 547 631 189 1179 43 197 358 625 417 386 2010 136 250
is_linear=0
shrinkage=0.0162334


Tree=11
num_leaves=25
num_cat=0
split_feature=18 18 12 7 14 12 27 2 12 12 17 2 14 2 2 12 14 18 18 2 2 12 17 2
split_gain=1.26442 0.800408 0.970757 0.480658 0.444413 0.430725 0.363158 0.354656 0.333219 0.290355 0.273719 0.272242 0.226618 0.170498 0.14578 0.0950166 0.0831529 0.0742736 0.0632927 0.112766 0.0642314 0.0382965 0.0375305 0.0319851
threshold=68581.351562500015 33701.750000000007 60379.250000000007 0.019458577968180183 70.490653991699233 36148.150390625007 0.023687948472797874 -0.098829831928014741 64293.400390625007 27682.699218750004 84.429183959960952 0.0039350145962089309 74.81543350219728 0.074004068970680251 -0.11161813139915465 27052.149414062504 38.900539398193366 69889.000000000015 70231.601562500015 0.25738015770912176 0.056423146277666099 70022.851562500015 67.384826660156264 0.066543299704790129
decision_type=2 2 2 2 2 2 2 2 2 2 2 2 2 2 2 2 2 2 2 2 2 2 2 2
left_child=1 4 3 10 9 -5 11 17 -8 16 -3 -4 13 -6 -11 -14 -1 -2 21 20 -20 22 -9 -23
right_child=7 2 6 5 12 -7 8 18 -10 14 -12 -13 15 -15 -16 -17 -18 -19 19 -21 -22 23 -24 -25
leaf_value=3.3525277100657451e-05 -0.0013737535701352566 0.00015262594332536407 -0.00043079832940137383 0.001508609574517637 0.00048491793391553179 0.00052163006379463757 0.00051658890456336031 -0.00052258968221710568 -0.00013402891206653304 -0.0011185906026512072 0.00086082760880200652 9.6703864790969926e-05 0.0011095908656330586 0.0016933027810096999 -0.00036286155273904639 -1.2633261489973081e-05 -0.00017695374829650862 -0.0027539293566431959 -0.0020378062937157992 -4.4682487073372598e-05 -0.00098509023460940058 -0.0014821968324430512 0 -0.00056099779088798307
leaf_weight=841 23 1694 843 135 151 915 390 217 440 73 158 368 21 40 1103 344 1181 26 22 29 78 20 40 29
leaf_count=841 23 1694 843 135 151 915 390 217 440 73 158 368 21 40 1103 344 1181 26 22 29 78 20 40 29
internal_value=0 4.48802e-05 0.00018067 0.00037151 -0.000133692 0.000649367 -9.02633e-05 -0.000807597 0.000170667 -0.000207493 0.000213513 -0.000269801 0.000289266 0.000742608 -0.000410517 4.96796e-05 -8.89915e-05 -0.0021244 -0.000657206 -0.000966763 -0.00122561 -0.000523868 -0.000438313 -0.000954852
internal_weight=9181 8697 4943 2902 3754 1050 2041 484 830 3198 1852 1211 556 191 1176 365 2022 49 435 129 100 306 257 49
internal_count=9181 8697 4943 2902 3754 1050 2041 484 830 3198 1852 1211 556 191 1176 365 2022 49 435 129 100 306 257 49
is_linear=0
shrinkage=0.0162334


Tree=12
num_leaves=24
num_cat=0
split_feature=18 18 15 2 18 20 2 26 2 2 20 15 15 2 7 15 6 18 2 2 1 23 13
split_gain=1.22424 0.774661 0.904154 0.539492 0.51232 0.43208 0.343238 0.285974 0.294628 0.262951 0.243969 0.232791 0.21033 0.139303 0.123754 0.117681 0.08836 0.0612371 0.109064 0.0620411 0.0339729 0.0398031 0.0256994
threshold=68581.351562500015 33701.750000000007 61266.451171875007 -0.20295426249504087 35691.400390625007 70.426082611083999 -0.098829831928014741 0.023717818781733516 0.0039350145962089309 0.013531122822314503 74.384567260742202 30018.400390625004 64905.449218750007 0.091620825231075301 0.057499520480632789 27052.149414062504 0.0047533018514513978 70231.601562500015 0.25738015770912176 0.056423146277666099 79.57804107666017 0.011497610714286568 95289.062500000015
decision_type=2 2 2 2 2 2 2 2 2 2 2 2 2 2 2 2 2 2 2 2 2 2 2
left_child=1 5 3 22 -5 9 16 8 -4 11 13 -1 -9 -7 -11 -12 -2 20 19 -19 21 -8 -3
right_child=6 2 7 4 -6 10 17 12 -10 14 15 -13 -14 -15 -16 -17 -18 18 -20 -21 -22 -23 -24
leaf_value=-0.00015255385925595343 -0.0026120641059988667 0.0014250276993120537 -0.00045304976809839198 0.00078847131075819132 0.00021628167736886171 0.00054998549334174128 -0.00048531993065705045 0.00041164453735604911 0.00010739043822537221 -0.00052980191860363748 0.0012654375485795671 0.00087719918963409234 -0.00013458104867629774 0.0017163652017353349 0.00078155240338109559 -1.1068898553026247e-05 -0.0010557912041501542 -0.0020047624925026708 -4.3957720022136206e-05 -0.00096910384484157476 0.00013147813390854165 -0.0011193416450097657 0.0022268834169568001
leaf_weight=2471 32 68 752 496 2503 139 256 376 365 649 20 59 364 35 19 362 17 22 29 78 18 32 19
leaf_count=2471 32 68 752 496 2503 139 256 376 365 649 20 59 364 35 19 362 17 22 29 78 18 32 19
internal_value=0 4.41566e-05 0.000177745 0.00034812 0.000311204 -0.000131518 -0.000794669 -0.000104931 -0.000269158 -0.00020429 0.000285522 -0.000128196 0.000141819 0.000789685 -0.000491206 5.36206e-05 -0.00209023 -0.000646673 -0.000951292 -0.00120586 -0.000515417 -0.000558801 0.00161047
internal_weight=9181 8697 4943 3086 2999 3754 484 1857 1117 3198 556 2530 740 174 668 382 49 435 129 100 306 288 87
internal_count=9181 8697 4943 3086 2999 3754 484 1857 1117 3198 556 2530 740 174 668 382 49 435 129 100 306 288 87
is_linear=0
shrinkage=0.0162334


Tree=13
num_leaves=25
num_cat=0
split_feature=12 15 12 2 2 14 2 2 12 14 2 2 10 22 12 9 12 14 14 2 13 17 0 11
split_gain=1.17249 0.736256 0.930373 0.61282 0.576743 0.43401 0.316974 0.307098 0.288266 0.209318 0.162917 0.139211 0.135822 0.119428 0.115053 0.11455 0.0912295 0.0807749 0.0803096 0.0765532 0.0698323 0.0472634 0.0343619 0.0215395
threshold=68741.000000000015 33353.250000000007 64133.599609375007 -0.18256379663944242 0.22218269854784015 70.490653991699233 -0.098829831928014741 -0.020934149622917172 27682.699218750004 74.81543350219728 0.074004068970680251 -0.11161813139915465 1.0000000180025095e-35 0.0025375523837283258 62762.398437500007 -0.60785761475563038 27052.149414062504 38.900539398193366 63.172790527343757 0.31733559072017675 51976.535156250007 32.196775436401374 48.923078536987312 0.0032086473656818275
decision_type=2 2 2 2 2 2 2 2 2 2 2 2 2 2 2 2 2 2 2 2 2 2 2 2
left_child=1 5 3 14 -5 8 13 20 17 10 -7 -10 -9 -2 -3 18 -11 -1 22 21 -4 -17 -8 -20
right_child=6 2 7 4 -6 9 15 12 11 16 -12 -13 -14 -15 -16 19 -18 -19 23 -21 -22 -23 -24 -25
leaf_value=3.5821544672092403e-05 -0.0028446711838223107 0.0013256091313261834 -0.00053091087493299259 0.00016015289883855133 0.00074963118412675112 0.00047353976794087987 -0.00023167920924489224 0.00024937500753801733 -0.001098025386559879 0.0010940729700849605 0.0016551180291145915 -0.00035909572932513319 -0.00023105897125189981 -0.00099567572145305757 0.00043424338374005423 -7.6120210123620092e-05 -6.0639098528942112e-06 -0.0001716385361758451 0.00081086792266761478 7.3603551129389623e-05 -3.5821844039129131e-06 -0.00096585928557674781 -0.00092977717379026214 0
leaf_weight=841 26 173 546 2989 514 151 53 359 73 21 40 1094 272 17 53 19 335 1181 17 21 79 254 33 20
leaf_count=841 26 173 546 2989 514 151 53 359 73 21 40 1094 272 17 53 19 335 1181 17 21 79 254 33 20
internal_value=0 4.20683e-05 0.000171267 0.000300068 0.000246895 -0.000130097 -0.00079882 -0.000210461 -0.000202718 0.000291724 0.000725612 -0.000406067 4.09332e-05 -0.00213437 0.00112039 -0.00065895 5.65203e-05 -8.49319e-05 -0.000233265 -0.000834123 -0.000465616 -0.000907055 -0.000509602 0.000386036
internal_weight=9181 8721 4985 3729 3503 3736 460 1256 3189 547 191 1167 631 43 226 417 356 2022 123 294 625 273 86 37
internal_count=9181 8721 4985 3729 3503 3736 460 1256 3189 547 191 1167 631 43 226 417 356 2022 123 294 625 273 86 37
is_linear=0
shrinkage=0.0162334


Tree=14
num_leaves=23
num_cat=0
split_feature=18 18 12 7 12 17 2 27 12 12 17 2 17 18 20 12 12 7 18 2 17 15
split_gain=1.15413 0.698239 0.940966 0.454378 0.410463 0.410449 0.348251 0.339413 0.315627 0.274258 0.265627 0.255523 0.182803 0.151599 0.128591 0.106044 0.0798924 0.0631874 0.0706747 0.0757309 0.0406121 0.0357415
threshold=69005.898437500015 33701.750000000007 60379.250000000007 0.019458577968180183 36148.150390625007 70.312942504882827 -0.098829831928014741 0.022490097209811214 64293.400390625007 27847.150390625004 84.429183959960952 0.0052665758412331351 74.81543350219728 30041.750000000004 74.049472808837905 27052.149414062504 25630.400390625004 0.034966027364134795 70231.601562500015 0.056423146277666099 67.384826660156264 69825.699218750015
decision_type=2 2 2 2 2 2 2 2 2 2 2 2 2 2 2 2 2 2 2 2 2 2
left_child=1 5 3 10 -5 9 21 11 -9 16 -3 -4 14 -11 -7 -14 -1 18 20 -20 -8 -2
right_child=6 2 7 4 -6 12 17 8 -10 13 -12 -13 15 -15 -16 -17 -18 -19 19 -21 -22 -23
leaf_value=0.00042102187960940554 -0.0015757536727472468 0.00014145668356837886 -0.00044320437887142885 0.0014640333987763247 0.00050050116567558229 0.0010787495182826895 -0.00066437491520699528 0.00046336037917125148 -0.00013064137160510937 -0.0005191710840446931 0.00083906257298509872 8.2696899193916167e-05 0.0011848000667532693 -9.8114808667206958e-05 0.00021389810914691001 -2.089203906708199e-07 -0.00010668631062027747 7.5198602226803611e-06 -0.0019580112683192288 -0.00084930564745094189 -8.8636213611830545e-05 -0.0026945107729920239
leaf_weight=78 19 1694 802 135 915 103 193 420 534 814 158 346 21 319 86 346 1987 31 22 91 43 24
leaf_count=78 19 1694 802 135 915 103 193 420 534 814 158 346 21 319 86 346 1987 31 22 91 43 24
internal_value=0 3.99347e-05 0.000165553 0.000355069 0.000625223 -0.000127286 -0.000828221 -9.56889e-05 0.000129985 -0.000198218 0.00020144 -0.000283964 0.000279167 -0.000401375 0.000689785 6.53618e-05 -8.6338e-05 -0.000668244 -0.000730695 -0.00107304 -0.000563087 -0.00222107
internal_weight=9181 8758 5004 2902 1050 3754 423 2102 954 3198 1852 1148 556 1133 189 367 2065 380 349 113 236 43
internal_count=9181 8758 5004 2902 1050 3754 423 2102 954 3198 1852 1148 556 1133 189 367 2065 380 349 113 236 43
is_linear=0
shrinkage=0.0162334


Tree=15
num_leaves=27
num_cat=0
split_feature=18 18 12 20 12 18 27 12 12 20 20 20 18 11 12 0 12 0 13 19 15 1 0 16 19 18
split_gain=1.11733 0.675779 0.910714 0.400652 0.387244 0.58917 0.328451 0.305476 0.266061 0.230113 0.210973 0.143706 0.140303 0.114209 0.11228 0.105778 0.187323 0.143657 0.113846 0.080461 0.063798 0.0506897 0.0398076 0.0351404 0.0206036 0.0106574
threshold=69005.898437500015 33701.750000000007 60379.250000000007 70.426082611083999 36148.150390625007 43394.250000000007 0.022490097209811214 64293.400390625007 27682.699218750004 74.384567260742202 78.869979858398452 72.75058746337892 30041.750000000004 0.022952166385948661 26974.849609375004 62.872018814086921 69859.347656250015 50.012886047363288 70588.691406250015 118450.85546875001 70995.800781250015 71.747371673583999 52.281141281127937 21362.268554687504 25662.519531250004 70022.851562500015
decision_type=2 2 2 2 2 2 2 2 2 2 2 2 2 2 2 2 2 2 2 2 2 2 2 2 2 2
left_child=1 3 4 8 10 -6 11 -8 19 13 -3 -4 -10 -5 -11 16 18 25 22 -1 -19 24 -2 -23 -17 -18
right_child=15 2 6 9 5 -7 7 -9 12 14 -12 -13 -14 -15 -16 21 17 20 -20 -21 -22 23 -24 -25 -26 -27
leaf_value=-6.9256021398493087e-05 -0.00040962023005496089 0.00092529171040909555 -0.00034513550952980159 0.00092561043208180111 -1.5627462715622686e-05 0.00049371837065747127 0.00045583887867112893 -0.00012852071014509908 -0.00049057693404268039 0.0012347987961656369 4.5490135417259058e-05 0.00022061203107611542 -8.4493039614204595e-05 -0.00029810969757642432 -1.206978885795615e-05 -0.00035111193739668331 -0.0018927390040327085 -0.0006515235250662961 -0.0017675111970344474 -0.0010820508387642937 -0.0017187223134037517 -0.00043784213984197651 -0.0010356832171934092 0.00039040169895727207 -0.0010732381611462127 -0.0027441036454615713
leaf_weight=1981 151 401 1016 152 1085 1326 420 534 889 20 90 132 307 22 362 26 19 44 23 21 26 26 36 28 25 19
leaf_count=1981 151 401 1016 152 1085 1326 420 534 889 20 90 132 307 22 362 26 19 44 23 21 26 26 36 28 25 19
internal_value=0 3.92914e-05 0.000162874 -0.000125215 0.00034932 0.000264153 -9.4129e-05 0.000127861 -0.000195298 0.000276352 0.000765762 -0.000279342 -0.000387053 0.000765993 5.10661e-05 -0.000814914 -0.000964025 -0.00151975 -0.000674041 -8.03165e-05 -0.00106049 -0.000355124 -0.000534801 0 -0.000722064 -0.00234222
internal_weight=9181 8758 5004 3754 2902 2411 2102 954 3198 556 491 1148 1196 174 382 423 318 108 210 2002 70 105 187 54 51 38
internal_count=9181 8758 5004 3754 2902 2411 2102 954 3198 556 491 1148 1196 174 382 423 318 108 210 2002 70 105 187 54 51 38
is_linear=0
shrinkage=0.0162334


Tree=16
num_leaves=23
num_cat=0
split_feature=18 18 18 2 18 14 2 2 20 10 14 18 2 14 7 3 7 18 2 5 17 18
split_gain=1.08204 0.654085 0.856571 0.616794 0.579189 0.390142 0.330227 0.249411 0.226683 0.241266 0.195743 0.17654 0.162507 0.135862 0.116077 0.0862523 0.0604729 0.0670113 0.0713813 0.0570249 0.0394107 0.0326487
threshold=69005.898437500015 33701.750000000007 64096.000000000007 -0.1851793825626373 35691.400390625007 70.11136627197267 -0.098829831928014741 0.013531122822314503 41.060066223144538 -0.56174489110708226 74.81543350219728 29988.599609375004 0.074004068970680251 30.441493034362797 0.041532378643751151 -0.012996734119951723 0.034966027364134795 70231.601562500015 0.056423146277666099 0.033132407814264304 67.384826660156264 69889.000000000015
decision_type=2 2 2 2 2 2 2 2 2 2 2 2 2 2 2 2 2 2 2 2 2 2
left_child=1 5 3 15 -5 7 21 11 13 -10 12 -1 -7 -4 -9 -3 17 20 -19 -12 -8 -2
right_child=6 2 8 4 -6 10 16 14 9 -11 19 -13 -14 -15 -16 -17 -18 18 -20 -21 -22 -23
leaf_value=-0.00014083907558993077 -0.0014750021712770507 0.0017247476025222398 1.6412824059151552e-05 0.00075143404155958405 0.00015175288387677646 0.00044029840369418349 -0.00064355014482043223 -0.00052530493241951626 0.00046851279222165425 -0.0001847969651285754 0.00011477120994621761 0.00068986640792551793 0.0016147176603752969 -0.0006066115912292812 0.00032539964050172894 0.00094238359371662066 1.4687119312112528e-05 -0.001900726797365385 -0.00082304038343888896 -0.00056374394822334155 -7.6510671291817419e-05 -0.0025709072518479014
leaf_weight=2443 17 57 117 496 2995 157 193 636 197 609 329 69 40 394 44 139 31 22 91 36 43 26
leaf_count=2443 17 57 117 496 2995 157 193 636 197 609 329 69 40 394 44 139 31 22 91 36 43 26
internal_value=0 3.86489e-05 0.000160233 0.000287263 0.000237203 -0.000123194 -0.000801956 -0.000192789 -0.000194748 -2.40553e-05 0.000270572 -0.000117677 0.000683235 -0.000462308 -0.000469002 0.00117442 -0.000646098 -0.000707219 -0.00104073 4.54922e-05 -0.000543846 -0.00215844
internal_weight=9181 8758 5004 3687 3491 3754 423 3192 1317 806 562 2512 197 511 680 196 380 349 113 365 236 43
internal_count=9181 8758 5004 3687 3491 3754 423 3192 1317 806 562 2512 197 511 680 196 380 349 113 365 236 43
is_linear=0
shrinkage=0.0162334


Tree=17
num_leaves=25
num_cat=0
split_feature=18 2 20 18 18 2 1 18 20 2 2 2 18 14 23 23 6 2 18 1 7 25 1 23
split_gain=1.04787 0.674742 0.488781 0.38256 0.553001 0.706014 0.348181 0.522695 0.32519 0.297043 0.275332 0.206192 0.202872 0.173467 0.144429 0.126622 0.0807105 0.0788977 0.0521811 0.100446 0.12194 0.0446302 0.0313535 0.0395081
threshold=68581.351562500015 0.19321399182081225 52.225437164306648 33950.400390625007 64096.000000000007 -0.18256379663944242 76.350524902343764 44222.599609375007 70.426082611083999 -0.098829831928014741 0.014998380560427906 -0.029167168773710724 27047.849609375004 29.520425796508793 0.036981301382184036 0.035736329853534705 0.0047533018514513978 0.41278192400932318 70231.601562500015 66.478076934814467 0.02200970891863108 0.015617250930517914 79.57804107666017 0.011497610714286568
decision_type=2 2 2 2 2 2 2 2 2 2 2 2 2 2 2 2 2 2 2 2 2 2 2 2
left_child=1 3 13 8 5 -5 7 -4 10 16 -1 -6 -10 17 -15 -8 -2 -3 22 21 -21 -20 23 -11
right_child=9 2 6 4 11 -7 15 -9 12 18 -12 -13 -14 14 -16 -17 -18 -19 19 20 -22 -23 -24 -25
leaf_value=-0.00011763786592112763 -0.0024394270043835804 0.00032157851990911006 0.0014615303601427747 0.0011155848007569707 -0.00040834593614683156 0.00014557736583575059 0.00062654275155023958 0.00020136409359674951 0.0013680899963856774 -0.00044449022444493743 -0.0005093090399814718 3.2953705438381342e-05 0.00014894721822879091 0 -0.00094533201921672479 -0.00042184342066163208 -0.00095062427986861956 0.0015633693641961869 -0.00053146410503822209 -0.0010826519079278343 0.00033161439385479436 -0.0015856991011642583 0.00014559381918195419 -0.001074373849206077
leaf_weight=2547 32 41 255 213 613 2832 54 134 39 256 584 506 508 228 52 69 17 22 17 33 30 49 18 32
leaf_count=2547 32 41 255 213 613 2832 54 134 39 256 584 506 508 228 52 69 17 22 17 33 30 49 18 32
internal_value=0 4.08335e-05 0.000473877 -6.27366e-06 0.000100173 0.000213717 0.00079155 0.00102966 -0.000127016 -0.000735219 -0.000190967 -0.000208041 0.000237478 0 -0.00017352 3.15624e-05 -0.00194094 0.000769117 -0.000597351 -0.000879149 -0.000395867 -0.0013273 -0.000475722 -0.000517508
internal_weight=9181 8697 855 7842 4164 3045 512 389 3678 484 3131 1119 547 343 280 123 49 63 435 129 63 66 306 288
internal_count=9181 8697 855 7842 4164 3045 512 389 3678 484 3131 1119 547 343 280 123 49 63 435 129 63 66 306 288
is_linear=0
shrinkage=0.0162334


Tree=18
num_leaves=23
num_cat=0
split_feature=18 2 20 15 26 18 18 2 20 2 2 18 2 14 18 18 3 2 15 2 15 17
split_gain=1.01575 0.619554 0.472229 0.448291 0.614527 0.35862 0.558195 0.683259 0.314776 0.30997 0.266565 0.196319 0.194023 0.174229 0.150568 0.149244 0.0802631 0.0487612 0.0891151 0.0560001 0.0317724 0.0303605
threshold=69005.898437500015 0.19321399182081225 52.225437164306648 44129.849609375007 0.027652965858578685 33950.400390625007 64096.000000000007 -0.18256379663944242 70.426082611083999 -0.098829831928014741 0.013531122822314503 27047.849609375004 -0.078894350677728639 33.315225601196296 52305.050781250007 35691.400390625007 -0.0044664498418569556 0.30642935633659368 70611.750000000015 0.056423146277666099 69825.699218750015 67.384826660156264
decision_type=2 2 2 2 2 2 2 2 2 2 2 2 2 2 2 2 2 2 2 2 2 2
left_child=1 5 13 4 -4 8 7 -7 10 20 -1 -10 -8 16 -5 -15 -3 18 21 -20 -2 -11
right_child=9 2 3 14 -6 6 12 -9 11 17 -12 -13 -14 15 -16 -17 -18 -19 19 -21 -22 -23
leaf_value=-0.00011442892595361501 -0.0014770595810267319 0.0012456064412463908 0.002110126252387024 -0.001229389435230448 0.00061523489030859484 0.0010974771064805608 -0.00050625425264171694 0.00014321416796291063 0.0013458951277304757 -0.00060259010641778427 -0.00049561233267803062 0.00014652940558432473 -5.9258889918189277e-05 0.0004196269590186782 0.00028727203319812961 -0.00044993805034022546 0.00019357612189079785 2.1694161918314676e-05 -0.0020162710557388433 -0.00091001571882328141 -0.0025406002122865048 -0.0001153492111649877
leaf_weight=2530 19 34 111 19 216 213 384 2832 39 223 601 508 783 70 174 195 49 26 17 69 24 45
leaf_count=2530 19 34 111 19 216 213 384 2832 39 223 601 508 783 70 174 195 49 26 17 69 24 45
internal_value=0 3.74487e-05 0.000449107 0.000758875 0.00112539 -7.7327e-06 9.4423e-05 0.000210252 -0.000124951 -0.000777001 -0.000187872 0.000233649 -0.000207077 -1.13472e-05 0.000133432 -0.000217024 0.000634985 -0.000625899 -0.000675857 -0.00113907 -0.00209149 -0.00052396
internal_weight=9181 8758 868 520 327 7890 4212 3045 3678 423 3131 547 1167 348 193 265 83 380 354 86 43 268
internal_count=9181 8758 868 520 327 7890 4212 3045 3678 423 3131 547 1167 348 193 265 83 380 354 86 43 268
is_linear=0
shrinkage=0.0162334


Tree=19
num_leaves=28
num_cat=0
split_feature=12 18 12 7 12 14 27 12 17 12 14 17 18 17 7 18 0 12 14 25 0 19 26 12 25 20 22
split_gain=0.986129 0.611208 0.798748 0.427921 0.380249 0.362249 0.297313 0.280448 0.255218 0.250215 0.186148 0.159108 0.129439 0.126821 0.125607 0.156803 0.190496 0.0893923 0.0795055 0.064823 0.0877823 0.0659276 0.0533299 0.0403728 0.0282942 0.0275287 0.0150955
threshold=68741.000000000015 33701.750000000007 60379.250000000007 0.019458577968180183 41584.300781250007 70.11136627197267 0.022490097209811214 64905.449218750007 84.429183959960952 27682.699218750004 74.81543350219728 68.444980621337905 30041.750000000004 74.81543350219728 0.019992766901850704 69889.000000000015 47.360038757324226 27052.149414062504 38.900539398193366 0.026337419636547569 70.861869812011733 22259.768554687504 0.012117375154048206 70022.851562500015 0.022455292753875259 58.495845794677741 -0.001161328633315861
decision_type=2 2 2 2 2 2 2 2 2 2 2 2 2 2 2 2 2 2 2 2 2 2 2 2 2 2 2
left_child=1 5 3 8 -5 9 11 -8 -3 18 13 -4 -11 -7 15 23 -17 -12 -1 20 26 -21 -18 24 -2 -25 -16
right_child=14 2 6 4 -6 10 7 -9 -10 12 17 -13 -14 -15 19 16 22 -19 -20 21 -22 -23 -24 25 -26 -27 -28
leaf_value=4.5050365459049e-05 -0.00062572002749326772 0.0001226039828062155 -0.00035296625251678837 0.0010827164409798211 0.00039546073557208939 0.00095706854665598897 0.0003932513578198161 -0.00016507951491159654 0.00080630038412080843 -0.00048086810811955727 0.0010705282375611778 0.00016533098347493757 -9.7982869519742908e-05 6.9895949180498042e-05 -6.3154148060613939e-05 -0.0026480782469116668 -0.00028485281539177042 -1.8149866072671514e-05 -0.00016088317000345393 0 0.00063440901438780871 -0.0012717145141903955 -0.0012652521921986421 -0.0015953315228181433 -7.3262863286454547e-05 -0.00064870973399571927 -0.00059745260609112331
leaf_weight=841 123 1694 933 300 750 131 492 455 158 841 21 185 330 66 26 26 22 344 1180 17 30 31 65 19 35 22 44
leaf_count=841 123 1694 933 300 750 131 492 455 158 841 21 185 330 66 26 26 22 344 1180 17 30 31 65 19 35 22 44
internal_value=0 3.8562e-05 0.000156782 0.000330494 0.000592648 -0.000117631 -8.69305e-05 0.0001241 0.0001814 -0.000184699 0.000261778 -0.000266441 -0.000373696 0.000664194 -0.000732607 -0.000918944 -0.00140817 4.22305e-05 -7.47687e-05 -0.000333971 -8.89611e-05 -0.000826442 -0.00102723 -0.000636743 -0.000508738 -0.00110875 -0.000411203
internal_weight=9181 8721 4967 2902 1050 3754 2065 947 1852 3192 562 1118 1171 197 460 312 113 365 2021 148 100 48 87 199 158 41 70
internal_count=9181 8721 4967 2902 1050 3754 2065 947 1852 3192 562 1118 1171 197 460 312 113 365 2021 148 100 48 87 199 158 41 70
is_linear=0
shrinkage=0.0162334


Tree=20
num_leaves=25
num_cat=0
split_feature=15 2 20 15 25 15 15 2 7 20 2 2 7 22 20 10 5 19 9 16 1 27 1 26
split_gain=0.949398 0.623502 0.438197 0.398954 0.648838 0.343384 0.492075 0.534879 0.369993 0.314344 0.285317 0.271357 0.20873 0.207999 0.156732 0.128203 0.100142 0.0642693 0.0593654 0.0693435 0.0537275 0.0419395 0.0352312 0.0318322
threshold=68523.449218750015 0.19321399182081225 52.225437164306648 44129.849609375007 0.027659718878567222 33353.250000000007 61266.451171875007 -0.20295426249504087 0.026324150152504448 70.426082611083999 -0.098829831928014741 0.014998380560427906 0.021384056657552723 0.03639741241931916 74.660980224609389 -0.56174489110708226 0.0050558994989842185 33980.271484375007 -0.60785761475563038 22360.232421875004 72.237232208251967 0.051131505519151695 71.045890808105483 0.018164198845624927
decision_type=2 2 2 2 2 2 2 2 2 2 2 2 2 2 2 2 2 2 2 2 2 2 2 2
left_child=1 5 13 4 -4 9 7 -7 -8 11 16 -1 -5 15 -11 -3 -2 18 19 -12 23 -15 -20 -19
right_child=10 2 3 12 -6 6 8 -9 -10 14 17 -13 -14 21 -16 -17 -18 20 22 -21 -22 -23 -24 -25
leaf_value=-0.0001115067098262162 -0.0025136835476702373 -0.0005368232284613222 0.0021672361903478702 0.00054160867921209754 0.00060209403497406917 0.0014864714894511548 -0.00024039650169617929 0.00018982215617957199 0.00039650631263678357 0.00067632655449616317 -0.00032836787616404635 -0.00050474738577750212 -0.00061391392605963317 -0.0011186749820763973 5.9109602313079044e-05 0.0003575218347937514 -0.0008495560771292624 -0.00063572773847019146 -0.00070913137694803908 0.00076021042584985938 -0.00035735123890217924 -0.00010955290800616702 -0.00019992767941466783 -0.0015441505818674663
leaf_weight=2547 29 51 103 121 224 87 1342 2479 292 157 97 568 62 44 362 232 17 19 195 18 29 17 50 39
leaf_count=2547 29 51 103 121 224 87 1342 2479 292 157 97 568 62 44 362 232 17 19 195 18 29 17 50 39
internal_value=0 3.92395e-05 0.000455763 0.000757769 0.00109781 -6.05958e-06 9.37978e-05 0.000234129 -0.000126057 -0.000121703 -0.000693056 -0.000183487 0.000145456 5.5343e-06 0.000247478 0.000193321 -0.00191789 -0.000565015 -0.000464704 -0.000150482 -0.0009701 -0.0008515 -0.000608704 -0.00126158
internal_weight=9181 8688 854 510 327 7834 4200 2566 1634 3634 493 3115 183 344 519 283 46 447 360 115 87 61 245 58
internal_count=9181 8688 854 510 327 7834 4200 2566 1634 3634 493 3115 183 344 519 283 46 447 360 115 87 61 245 58
is_linear=0
shrinkage=0.0162334


Tree=21
num_leaves=25
num_cat=0
split_feature=12 2 20 15 25 18 12 2 20 12 2 2 18 7 12 12 18 9 23 14 2 18 0 6
split_gain=0.928995 0.58974 0.438711 0.387865 0.627837 0.331436 0.539688 0.629333 0.28846 0.258175 0.251602 0.246633 0.189064 0.182211 0.167813 0.209033 0.128984 0.102562 0.0944194 0.0708542 0.0683304 0.0422737 0.0325133 0.0196047
threshold=68741.000000000015 0.19321399182081225 52.225437164306648 44129.849609375007 0.027659718878567222 33950.400390625007 64133.599609375007 -0.18256379663944242 70.426082611083999 27682.699218750004 -0.098829831928014741 -0.020934149622917172 27047.849609375004 0.021384056657552723 42123.550781250007 33923.400390625007 43725.849609375007 -0.60785761475563038 0.0015574033022858205 63.172790527343757 0.31733559072017675 67941.699218750015 48.146080017089851 0.0030825088033452634
decision_type=2 2 2 2 2 2 2 2 2 2 2 2 2 2 2 2 2 2 2 2 2 2 2 2
left_child=1 5 14 4 -4 8 7 -7 9 -1 18 -8 -10 -5 15 -3 -16 19 -2 22 21 -19 -12 -21
right_child=10 2 3 13 -6 6 11 -9 12 -11 17 -13 -14 -15 16 -17 -18 20 -20 23 -22 -23 -24 -25
leaf_value=-6.7970905887791905e-05 -0.0026010895797338894 -0.00049105367472956842 0.0021320628725813645 0.00052476220183082204 0.00059232104428865308 0.0010278117563466147 -0.0004279850040621744 0.00013702500264141693 0.0013156067130007485 -0.00037553090774078559 -0.00016745842005914846 5.9908302843843708e-05 0.00013863088802195281 -0.00054271382510658387 -0.00080720026682311731 0.00074701032049501789 5.5545924512312467e-05 -0.00022956287663189172 -0.00097196274876677725 0.00078290576207287234 0.00010529981360994882 -0.00089576583452626881 -0.00084044160835855682 0
leaf_weight=2000 24 51 103 118 224 226 625 2854 39 1131 52 480 508 65 85 117 95 32 19 18 21 241 34 19
leaf_count=2000 24 51 103 118 224 226 625 2854 39 1131 52 480 508 65 85 117 95 32 19 18 21 241 34 19
internal_value=0 3.74128e-05 0.000441539 0.000744753 0.00108003 -6.57827e-06 9.21113e-05 0.000202671 -0.000119102 -0.000179343 -0.000711083 -0.000215285 0.000224153 0.000140948 -4.09932e-07 0.000366105 -0.000347205 -0.000586148 -0.00190192 -0.000183303 -0.000751772 -0.00082081 -0.000443545 0.00039857
internal_weight=9181 8721 858 510 327 7863 4185 3080 3678 3131 460 1105 547 183 348 168 180 417 43 123 294 273 86 37
internal_count=9181 8721 858 510 327 7863 4185 3080 3678 3131 460 1105 547 183 348 168 180 417 43 123 294 273 86 37
is_linear=0
shrinkage=0.0162334


Tree=22
num_leaves=25
num_cat=0
split_feature=12 2 20 15 26 15 12 2 20 2 2 2 22 7 20 12 22 9 14 2 17 20 0 4
split_gain=0.899264 0.570783 0.424617 0.375397 0.55806 0.317082 0.514722 0.614033 0.294924 0.259598 0.243558 0.240848 0.207501 0.17636 0.151051 0.136473 0.102565 0.0992308 0.0686657 0.0662148 0.0409222 0.0398534 0.0314215 0.0198014
threshold=68741.000000000015 0.19321399182081225 52.225437164306648 44129.849609375007 0.027652965858578685 33353.250000000007 64133.599609375007 -0.18256379663944242 70.426082611083999 0.014998380560427906 -0.098829831928014741 -0.078894350677728639 0.041059318929910667 0.021384056657552723 74.660980224609389 41746.449218750007 0.0025375523837283258 -0.60785761475563038 63.172790527343757 0.31733559072017675 32.281652450561531 35.546869277954109 48.146080017089851 0.006643363507464529
decision_type=2 2 2 2 2 2 2 2 2 2 2 2 2 2 2 2 2 2 2 2 2 2 2 2
left_child=1 5 12 4 -4 8 7 -7 9 -1 16 -8 15 -5 -10 -3 -2 18 22 20 -19 -14 -12 -20
right_child=10 2 3 13 -6 6 11 -9 14 -11 17 -13 21 -15 -16 -17 -18 19 23 -21 -22 -23 -24 -25
leaf_value=-0.00010721123130566813 -0.002528855180300917 0.00054387557013823901 0.0020010453328199109 0.0005162452763061864 0.00057616300160318414 0.0010111286384251526 -0.00055816569345955899 0.00013173674516602912 0.00066078717816531792 -0.00049184681726031194 -0.00016474126980907741 -4.462346138365985e-05 -0.0002805742530498439 -0.00053390703434762102 5.4844286831041271e-05 -0.00015083924414649029 -0.00081386336189931657 -0.00015400159081949922 0.00075758585555401486 0.00010359242907946339 -0.00087287542314795738 -0.0013271845084427832 -0.00082680817607563395 0
leaf_weight=2547 26 134 111 118 216 226 358 2898 157 568 52 747 17 65 362 165 17 26 19 21 247 32 34 18
leaf_count=2547 26 134 111 118 216 226 358 2898 157 568 52 747 17 65 362 165 17 26 19 21 247 32 34 18
internal_value=0 3.68104e-05 0.000434389 0.000732693 0.00106255 -6.46614e-06 8.89794e-05 0.000195634 -0.000117772 -0.000177623 -0.000699611 -0.000211778 -3.6428e-07 0.000138585 0.000239802 0.000157687 -0.0018714 -0.000576642 -0.000180242 -0.000739569 -0.000807538 -0.000981698 -0.000436509 0.000392391
internal_weight=9181 8721 858 510 327 7863 4229 3124 3634 3115 460 1105 348 183 519 299 43 417 123 294 273 49 86 37
internal_count=9181 8721 858 510 327 7863 4229 3124 3634 3115 460 1105 348 183 519 299 43 417 123 294 273 49 86 37
is_linear=0
shrinkage=0.0162334


Tree=23
num_leaves=24
num_cat=0
split_feature=18 15 15 2 2 14 2 27 2 18 18 10 2 22 0 14 2 15 1 2 23 18 27
split_gain=0.876765 0.529 0.699901 0.435904 0.404786 0.33967 0.269918 0.265757 0.232876 0.229238 0.265888 0.199386 0.168212 0.156952 0.131689 0.0877372 0.045137 0.0956761 0.0748871 0.0426913 0.0320467 0.0302973 0.0286864
threshold=69005.898437500015 33353.250000000007 61266.451171875007 -0.20295426249504087 0.22218269854784015 70.11136627197267 -0.098829831928014741 0.02170484978705645 0.01231579063460231 29141.650390625004 30041.750000000004 0.81174489855766307 0.082125481218099608 0.029107403010129932 47.645669937133796 40.092771530151374 0.25092412531375891 70611.750000000015 72.237232208251967 0.056423146277666099 -0.021778080612421032 69889.000000000015 0.03927555866539479
decision_type=2 2 2 2 2 2 2 2 2 2 2 2 2 2 2 2 2 2 2 2 2 2 2
left_child=1 5 3 22 -5 9 21 8 -4 15 -11 -9 14 -14 -7 -1 17 20 -18 -19 -8 -2 -3
right_child=6 2 7 4 -6 12 16 11 -10 10 -12 -13 13 -15 -16 -17 18 19 -20 -21 -22 -23 -24
leaf_value=6.1202443984761526e-06 -0.0012929736183834031 0.0015985808146803603 -0.00045098680095414747 0.00018207842684364226 0.00071050891264094241 0.00082500314897532962 0 0.00018233841537550967 9.0980763044433248e-05 -0.00074462853844611571 -9.820763102213048e-05 -0.00055513142027201266 0.0014710940577643519 0.0001095804226074876 1.8171824642739344e-05 -0.00018727702414050865 -0.0008628168019091493 -0.0019250022440201076 0.00056801523390483447 -0.00092196017740964773 -0.00055189095330451701 -0.0023438105730984194 0.00077739798985128621
leaf_weight=1076 17 68 686 2566 451 62 28 826 297 359 321 109 53 41 397 1427 17 17 22 58 238 26 19
leaf_count=1076 17 68 686 2566 451 62 28 826 297 359 321 109 53 41 397 1427 17 17 22 58 238 26 19
internal_value=-6.83462e-10 3.47716e-05 0.000143663 0.000294376 0.000261358 -0.000111375 -0.000721909 -9.98023e-05 -0.000286378 -0.000176052 -0.000440742 9.54466e-05 0.000259354 0.000886447 0.000129042 -0.0001038 -0.000580699 -0.00064072 -3.40965e-05 -0.00116118 -0.000490693 -0.00194905 0.00142926
internal_weight=9181 8758 5022 3104 3017 3736 423 1918 983 3183 680 935 553 94 459 2503 380 341 39 75 266 43 87
internal_count=9181 8758 5022 3104 3017 3736 423 1918 983 3183 680 935 553 94 459 2503 380 341 39 75 266 43 87
is_linear=0
shrinkage=0.0162334


Tree=24
num_leaves=23
num_cat=0
split_feature=18 2 17 15 27 18 12 2 2 17 12 7 12 18 2 15 7 7 18 2 22 18
split_gain=0.848789 0.512121 0.343836 0.3843 0.453759 0.296778 0.501524 0.579109 0.261274 0.252667 0.234303 0.228085 0.20564 0.205414 0.201393 0.153009 0.130466 0.0567763 0.0549218 0.064707 0.0351959 0.0291215
threshold=69005.898437500015 0.19321399182081225 52.302118301391609 44129.849609375007 0.028696795925498012 33950.400390625007 64133.599609375007 -0.18256379663944242 -0.098829831928014741 70.312942504882827 27847.150390625004 0.021384056657552723 42414.701171875007 30260.450195312504 -0.078894350677728639 27052.149414062504 0.0249711386859417 0.034966027364134795 70231.601562500015 0.056423146277666099 -0.020744530484080311 69889.000000000015
decision_type=2 2 2 2 2 2 2 2 2 2 2 2 2 2 2 2 2 2 2 2 2 2
left_child=1 5 12 4 -4 9 7 -7 21 10 -1 -5 13 -3 -8 -11 -14 18 20 -20 -10 -2
right_child=8 2 3 11 -6 6 14 -9 17 15 -12 -13 16 -15 -16 -17 -18 -19 19 -21 -22 -23
leaf_value=-6.8243265785545527e-05 -0.0012720144288389888 -0.0007763907518003421 0.0017584728509071512 0.00052450229265046358 0.00050766229169216747 0.00098514968059091462 -0.00052637775952591706 0.00013061307113352758 0 0.0011640768494986045 -0.00036505453282411341 -0.00062574729551420107 0.00034172436930108045 0.00064611962128196198 -5.8164077520697585e-05 0.00012870103413366901 -0.00066961132194938043 7.0221692740391571e-05 -0.0017512798550695867 -0.00072577668093055069 -0.00056212573271075927 -0.0023057983220948117
leaf_weight=2063 17 32 131 125 190 226 355 2854 33 41 1069 71 45 151 777 505 123 31 22 91 203 26
leaf_count=2063 17 32 131 125 190 226 355 2854 33 41 1069 71 45 151 777 505 123 31 22 91 203 26
internal_value=0 3.42152e-05 0.000408486 0.00067473 0.00102086 -6.85293e-06 8.60681e-05 0.000193599 -0.000710295 -0.000113495 -0.000169822 0.000103477 1.38895e-05 0.00039267 -0.000205755 0.000208051 -0.00039366 -0.000571314 -0.000630729 -0.000933273 -0.000482192 -0.00191776
internal_weight=9181 8758 868 517 321 7890 4212 3080 423 3678 3132 196 351 183 1132 546 168 380 349 113 236 43
internal_count=9181 8758 868 517 321 7890 4212 3080 423 3678 3132 196 351 183 1132 546 168 380 349 113 236 43
is_linear=0
shrinkage=0.0162334


Tree=25
num_leaves=30
num_cat=0
split_feature=12 15 12 7 14 14 27 12 12 17 9 14 17 0 17 17 12 12 25 14 13 5 7 25 27 0 6 22 25
split_gain=0.823027 0.509071 0.677328 0.399479 0.364178 0.320739 0.270336 0.246125 0.227 0.212669 0.176267 0.165298 0.147829 0.128196 0.173433 0.119413 0.108098 0.085244 0.0788499 0.0613402 0.0600246 0.041207 0.038136 0.0586386 0.0405657 0.0303547 0.0205159 0.00743358 0.00260661
threshold=68741.000000000015 33353.250000000007 60379.250000000007 0.019458577968180183 24.69813442230225 70.11136627197267 0.022490097209811214 64905.449218750007 27682.699218750004 84.429183959960952 -0.60785761475563038 74.81543350219728 68.444980621337905 47.360038757324226 44.45698547363282 74.81543350219728 30026.950195312504 27052.149414062504 0.023154086433351043 63.172790527343757 19027.750000000004 0.0026707091601565485 0.02200970891863108 0.026337419636547569 0.012064247857779266 48.146080017089851 -0.00017351286078337577 -0.014484957326203583 0.023414444178342823
decision_type=2 2 2 2 2 2 2 2 2 2 2 2 2 2 2 2 2 2 2 2 2 2 2 2 2 2 2 2 2
left_child=1 5 3 9 -5 8 12 -8 18 -3 19 15 -4 14 26 -7 -10 -13 -1 25 -21 -16 24 -24 -15 27 -12 -2 -27
right_child=10 2 6 4 -6 11 7 -9 16 -11 13 17 -14 22 21 -17 -18 -19 -20 20 -22 -23 23 -25 -26 28 -28 -29 -30
leaf_value=-1.9358501159158413e-05 9.3498426977423895e-05 0.00010393646407388864 -0.00033664066195570783 0.001597835913176062 0.00046589992613903361 0.00091397127439730465 0.00037133302457360065 -0.00015164672439640508 -0.00044580925519898524 0.00071577290636286631 -0.0010647312028424321 0.0010444262248704322 0.00016288500373737538 -0.00028458124873986535 -0.0025169967352133577 5.3006634872728242e-05 -8.6989540917352932e-05 -1.9482413990474793e-05 -0.00028803450454894413 -0.00025936804135905225 0.00090520539112682328 -0.0013536039852245026 1.1263112002901034e-05 -0.000849710912747049 -0.00095748189586722767 -0.0010183929484870202 -0.0002896916602465997 -0.0002909346191741454 -0.00052928090701891833
leaf_weight=1671 17 1701 933 82 972 131 492 455 855 165 19 21 185 34 29 66 307 335 350 22 23 17 45 36 124 17 25 35 17
leaf_count=1671 17 1701 933 82 972 131 492 455 855 165 19 21 185 34 29 66 307 335 350 22 23 17 45 36 124 17 25 35 17
internal_value=0 3.52104e-05 0.000142655 0.000301844 0.000554803 -0.000107927 -8.20359e-05 0.000119167 -0.00017078 0.000158501 -0.000669304 0.000252307 -0.000253222 -0.000870399 -0.00140127 0.000629874 -0.000351743 4.09615e-05 -6.63108e-05 -0.00015772 0.000317189 -0.00210643 -0.000666816 -0.000361065 -0.000818114 -0.000416098 -0.00064404 -0.000148966 -0.000799323
internal_weight=9181 8721 4985 2920 1054 3736 2065 947 3183 1866 460 553 1118 329 90 197 1162 356 2021 131 45 46 239 81 158 86 44 52 34
internal_count=9181 8721 4985 2920 1054 3736 2065 947 3183 1866 460 553 1118 329 90 197 1162 356 2021 131 45 46 239 81 158 86 44 52 34
is_linear=0
shrinkage=0.0162334


Tree=26
num_leaves=27
num_cat=0
split_feature=18 18 12 17 12 17 7 1 12 7 17 18 13 12 0 12 0 13 17 18 1 7 17 18 22 18
split_gain=0.798557 0.481269 0.694792 0.497656 0.347987 0.28422 0.26469 0.374021 0.20895 0.196546 0.163698 0.143093 0.108236 0.0939204 0.0922601 0.144172 0.112073 0.0947866 0.0790096 0.0773778 0.0425578 0.057949 0.0423454 0.0358438 0.0286391 0.00687807
threshold=69005.898437500015 33950.400390625007 36148.150390625007 84.112667083740249 64905.449218750007 70.312942504882827 0.019061243161559108 49.163064956665046 27847.150390625004 0.018486178480088714 74.81543350219728 30041.750000000004 20913.798828125004 27052.149414062504 62.872018814086921 69859.347656250015 50.012886047363288 70588.691406250015 68.444980621337905 25630.400390625004 71.747371673583999 0.02200970891863108 67.384826660156264 71194.500000000015 0.010209196712821724 70022.851562500015
decision_type=2 2 2 2 2 2 2 2 2 2 2 2 2 2 2 2 2 2 2 2 2 2 2 2 2 2
left_child=1 5 6 4 -4 8 18 -8 19 -5 12 -10 -7 -12 15 17 25 22 -3 -1 24 -22 -2 -18 -16 -17
right_child=14 2 3 9 -6 10 7 -9 11 -11 13 -13 -14 -15 20 16 23 -19 -20 -21 21 -23 -24 -25 -26 -27
leaf_value=0.00042651621860060755 -0.00054883946905576219 0.00061470464682329684 0.00012338010597000789 0.00064955607236671714 -0.00021415503703317129 0.0011723505741052498 0.0029595081881346199 0.00088081345108824232 -0.00045642689341724596 0.0021521896542513129 0.0010904618515513013 -5.1749875225897008e-05 0.00033332567675279409 -2.3352609444160952e-05 -0.00023778779896331889 -0.001645184243590425 -0.00065381920552100021 -0.0015705412284130978 -3.1117917020663927e-06 -8.6912781839726624e-05 -0.00055620254676621943 0.00051566672471970235 0.00011199290857242028 -0.0015445914408780299 -0.0010695284234474491 -0.0023959399982005545
leaf_weight=80 159 254 3230 185 1071 63 30 105 814 27 21 328 126 373 30 19 51 23 66 1985 23 31 28 19 21 19
leaf_count=80 159 254 3230 185 1071 63 30 105 814 27 21 328 126 373 30 19 51 23 66 1985 23 31 28 19 21 19
internal_value=-5.23158e-09 3.31758e-05 0.000138356 7.71876e-05 3.91319e-05 -0.000104472 0.000743163 0.00134948 -0.000164563 0.000845156 0.000224618 -0.000340944 0.000617604 3.39247e-05 -0.000688968 -0.000827988 -0.0013161 -0.000572797 0.000484639 -6.66065e-05 -0.000259767 4.33847e-05 -0.000445354 -0.000908169 -0.000597242 -0.00204417
internal_weight=9181 8758 4968 4513 4301 3790 455 135 3207 212 583 1142 189 394 423 318 108 210 320 2065 105 54 187 70 51 38
internal_count=9181 8758 4968 4513 4301 3790 455 135 3207 212 583 1142 189 394 423 318 108 210 320 2065 105 54 187 70 51 38
is_linear=0
shrinkage=0.0162334


Tree=27
num_leaves=23
num_cat=0
split_feature=12 2 20 15 25 15 12 2 20 2 2 2 22 7 12 12 22 2 15 27 20 2
split_gain=0.774582 0.496549 0.395035 0.338983 0.571479 0.268161 0.441377 0.505883 0.260558 0.247115 0.244218 0.212915 0.20111 0.164944 0.14367 0.126204 0.0922501 0.0677005 0.0749369 0.0388778 0.0372212 0.0365369
threshold=68741.000000000015 0.19321399182081225 52.225437164306648 44129.849609375007 0.027659718878567222 33353.250000000007 64905.449218750007 -0.19680761545896527 70.426082611083999 -0.078894350677728639 0.014998380560427906 -0.098829831928014741 0.041059318929910667 0.021384056657552723 26974.849609375004 41746.449218750007 0.0025375523837283258 0.30642935633659368 70611.750000000015 0.024132867343723777 35.546869277954109 0.060960387811064727
decision_type=2 2 2 2 2 2 2 2 2 2 2 2 2 2 2 2 2 2 2 2 2 2
left_child=1 5 12 4 -4 8 7 -7 10 -8 -1 16 15 -5 -10 -3 -2 18 19 -13 -14 -20
right_child=11 2 3 13 -6 6 9 -9 14 -11 -12 17 20 -15 -16 -17 -18 -19 21 -21 -22 -23
leaf_value=-9.6546456495137325e-05 -0.0023691231028867129 0.0005127279192968171 0.0020098946921923411 0.00049332156476103776 0.00054070292421769858 0.00097292912560499362 -0.00065709057025639065 0.00011783974701829531 0.001140392628812586 -6.3151699279503313e-05 -0.0004696034635913936 -0.00056773450347775696 -0.00029894953264721937 -0.0005223041244841731 0.00014526855694087655 -0.00015541614081476509 -0.0007396351210545609 0.00017474806664886922 -0.0017375321831161784 -0.00011343654945359166 -0.0013151981543036704 -0.0008303883782323564
leaf_weight=2547 26 134 103 118 224 194 262 3135 42 638 568 226 17 65 477 165 17 31 17 70 32 73
leaf_count=2547 26 134 103 118 224 194 262 3135 42 638 568 226 17 65 477 165 17 31 17 70 32 73
internal_value=-8.14944e-09 3.41451e-05 0.000404971 0.000692729 0.00100619 -6.21221e-06 8.15527e-05 0.000167932 -0.00010858 -0.000237009 -0.000164846 -0.00064932 -1.43254e-05 0.000127924 0.000227483 0.000141201 -0.00174541 -0.000534164 -0.000593302 -0.000463183 -0.000980249 -0.00101159
internal_weight=9181 8721 858 510 327 7863 4229 3329 3634 900 3115 460 348 183 519 299 43 417 386 296 49 90
internal_count=9181 8721 858 510 327 7863 4229 3329 3634 900 3115 460 348 183 519 299 43 417 386 296 49 90
is_linear=0
shrinkage=0.0162334


Tree=28
num_leaves=24
num_cat=0
split_feature=18 2 20 15 26 22 18 18 2 20 22 10 23 15 0 15 1 2 22 14 22 18 2
split_gain=0.750881 0.461074 0.396965 0.316041 0.488948 0.28163 0.23948 0.389751 0.235614 0.235282 0.224732 0.167066 0.12841 0.11412 0.0417384 0.0747699 0.0409384 0.055341 0.0355402 0.0301431 0.0274019 0.0265334 0.0115636
threshold=69005.898437500015 0.20327018946409228 52.225437164306648 44129.849609375007 0.027652965858578685 -0.088784854859113679 33950.400390625007 64096.000000000007 -0.098829831928014741 70.426082611083999 0.041059318929910667 0.81174489855766307 0.035736329853534705 41753.400390625007 62.872018814086921 70611.750000000015 71.747371673583999 0.16517067700624469 -0.009760911110788582 40.661436080932624 0.010209196712821724 69889.000000000015 0.066543299704790129
decision_type=2 2 2 2 2 2 2 2 2 2 2 2 2 2 2 2 2 2 2 2 2 2 2
left_child=1 5 10 4 -4 11 9 -8 21 -7 13 -1 -5 -3 15 18 20 -18 -10 -12 -16 -2 -17
right_child=8 2 3 12 -6 6 7 -9 14 -11 19 -13 -14 -15 16 22 17 -19 -20 -21 -22 -23 -24
leaf_value=0.00027313662079703747 -0.001194463027200015 0.00051910474335074017 0.0019714701350924645 0.00037707032137514711 0.00056436413724363641 -0.00016205417998753442 0.0001678857648047134 -0.00017998181350815075 -0.00024894858133421745 0.00020144754955466463 -0.00039182503288049623 0.0026115567085449503 -0.00069304238290441873 -0.00014462549459081406 -0.00022621700204604922 -0.0016894735671464584 -0.00063672098230062465 0.00044725548443559334 -0.00068217531827437586 -0.0013160720759442877 -0.0010403418537477472 -0.0021867374062830092 -0.00097604331516220894
leaf_weight=17 17 122 97 141 206 3132 3064 1172 88 550 17 17 37 152 30 17 19 35 144 34 21 26 26
leaf_count=17 17 122 97 141 206 3132 3064 1172 88 550 17 17 37 152 30 17 19 35 144 34 21 26 26
internal_value=-1.41817e-08 3.21583e-05 0.000402134 0.00069834 0.00101775 -5.23622e-06 -1.16753e-05 7.14384e-05 -0.000668097 -0.000107525 -3.3661e-05 0.00146831 0.000149802 0.000147829 -0.000535968 -0.000643112 -0.000247193 5.00406e-05 -0.000521547 -0.00102495 -0.000578407 -0.00181506 -0.00127861
internal_weight=9181 8758 806 481 303 7952 7918 4236 423 3682 325 34 178 274 380 275 105 54 232 51 51 43 43
internal_count=9181 8758 806 481 303 7952 7918 4236 423 3682 325 34 178 274 380 275 105 54 232 51 51 43 43
is_linear=0
shrinkage=0.0162334


Tree=29
num_leaves=26
num_cat=0
split_feature=12 2 20 1 15 7 12 2 2 2 14 14 12 25 12 9 25 2 1 7 14 17 26 2 11
split_gain=0.729773 0.462193 0.377049 0.329368 0.408846 0.249703 0.320423 0.433751 0.26135 0.219013 0.211079 0.146537 0.132009 0.124513 0.113726 0.0825588 0.0802122 0.0741863 0.0730625 0.101088 0.0668807 0.064485 0.0509391 0.0184399 0.0161033
threshold=68914.652343750015 0.19321399182081225 52.225437164306648 76.350524902343764 44821.449218750007 0.021860166452825073 64905.449218750007 -0.0038020402425900097 -0.12318087741732596 -0.098829831928014741 70.490653991699233 29.520425796508793 27052.149414062504 0.027416373603045944 61246.300781250007 -0.60785761475563038 0.025250621140003208 0.41278192400932318 72.237232208251967 0.02200970891863108 63.172790527343757 56.030466079711921 0.017987936735153202 0.014998380560427906 0.0032086473656818275
decision_type=2 2 2 2 2 2 2 2 2 2 2 2 2 2 2 2 2 2 2 2 2 2 2 2 2
left_child=1 5 11 4 -4 10 7 -7 -8 21 14 17 -12 -13 -1 20 -5 -3 22 -20 23 -2 -17 -11 -22
right_child=9 2 3 16 -6 6 8 -9 -10 15 12 13 -14 -15 -16 18 -18 -19 19 -21 24 -23 -24 -25 -26
leaf_value=-5.5974898065704975e-05 -0.0024304066795463502 0.00025720978836389294 0.0012785177719431455 0.00050752231426847371 0.0001619425284547255 0.00047690244891392526 -0.0010572826576704967 -0.00024273809566168324 2.2370398950128834e-05 -7.315317798959482e-05 0.0011219330378406751 0.0003487123399814391 0.00011925921607103126 -0.00039721284584129298 -0.00024615166803626515 -0.00055307171595832413 -0.00037472568730631707 0.0014490580209023801 -0.0008267400078044787 0.00036404333333832557 0.00078813717400687071 -0.00098198279838335157 -0.0010987048872487303 -0.00061012036642074511 2.4882135977444778e-05
leaf_weight=4285 22 43 257 41 133 897 86 291 184 31 36 82 1078 203 1034 93 79 22 38 36 17 17 108 51 17
leaf_count=4285 22 43 257 41 133 897 86 291 184 31 36 82 1078 203 1034 93 79 22 38 36 17 17 108 51 17
internal_value=-2.16519e-08 3.1969e-05 0.000389344 0.000670966 0.000899946 -6.87314e-06 0.000184816 0.000299912 -0.000318443 -0.000653006 -5.04508e-05 -1.86139e-05 0.000152447 -0.000179608 -9.31052e-05 -0.00053415 -6.61821e-05 0.000674043 -0.000688325 -0.000236053 -0.000161269 -0.00182179 -0.000850565 -0.000417544 0.000431731
internal_weight=9181 8751 860 510 390 7891 1458 1188 270 430 6433 350 1114 285 5319 391 120 65 275 74 116 39 201 82 34
internal_count=9181 8751 860 510 390 7891 1458 1188 270 430 6433 350 1114 285 5319 391 120 65 275 74 116 39 201 82 34
is_linear=0
shrinkage=0.0162334


Tree=30
num_leaves=29
num_cat=0
split_feature=12 18 12 20 12 14 7 1 12 7 14 9 0 19 18 17 12 14 19 14 13 1 7 27 0 14 26 0
split_gain=0.706494 0.440545 0.646832 0.52599 0.291458 0.260545 0.243113 0.358794 0.196403 0.179936 0.170148 0.150001 0.13635 0.159701 0.122001 0.113128 0.0830678 0.077909 0.0767686 0.0612049 0.0567331 0.0423943 0.139484 0.0506335 0.0268071 0.0144274 0.00460155 0.00210928
threshold=68914.652343750015 33950.400390625007 36148.150390625007 84.723667144775405 64905.449218750007 70.11136627197267 0.019061243161559108 49.163064956665046 27682.699218750004 0.018486178480088714 74.81543350219728 -0.60785761475563038 46.179637908935554 15383.977539062502 30041.750000000004 74.81543350219728 27052.149414062504 68.478500366210952 118450.85546875001 63.172790527343757 19027.750000000004 71.747371673583999 0.02200970891863108 0.019241954199969772 48.146080017089851 53.344169616699226 0.025375090539455417 36.875570297241218
decision_type=2 2 2 2 2 2 2 2 2 2 2 2 2 2 2 2 2 2 2 2 2 2 2 2 2 2 2 2
left_child=1 5 6 4 -4 8 17 -8 18 -5 15 19 13 27 -10 -7 -12 -3 -1 24 -21 23 -23 -14 26 -15 -2 -13
right_child=11 2 3 9 -6 10 7 -9 14 -11 16 12 21 25 -16 -17 -18 -19 -20 20 -22 22 -24 -25 -26 -27 -28 -29
leaf_value=-4.9698922404518846e-05 -0.0002965230199101911 0.00058848990576204868 0.00011046225194143073 0.00065514297666348907 -0.00019926250415999196 0.00087869750321032162 0.0028737834252657597 0.00083781710260470645 -0.00042962796707626046 0.0020109619156652731 0.0010093194249187589 -0.00037447884321416698 -0.00053095308593501802 -0.0025881239484899462 -6.1732526620343536e-05 4.0576831772474091e-05 -3.8918899219078243e-05 -5.1881276475680905e-05 -0.0010382618845482547 -0.00031762784831853387 0.00089239171883653042 -0.00094590100548873541 0.00040326903244897384 -0.0011636806511115092 -0.00077509325723850396 -0.0017186768978825968 0 -0.00079622343679969872
leaf_weight=2000 26 261 3225 186 1064 131 30 105 841 31 21 17 90 19 339 66 371 59 21 17 23 43 37 62 33 21 23 19
leaf_count=2000 26 261 3225 186 1064 131 30 105 841 31 21 17 90 19 339 66 371 59 21 17 23 43 37 62 33 21 23 19
internal_value=-1.98882e-08 3.14549e-05 0.000132201 7.30873e-05 3.34284e-05 -0.000100195 0.000715723 0.00129698 -0.000158083 0.000852945 0.00021296 -0.000642506 -0.000833952 -0.00143953 -0.000324658 0.000602251 1.51328e-05 0.000467776 -6.04031e-05 -0.000152162 0.000357062 -0.000631786 -0.000311379 -0.000794765 -0.000410937 -0.00215419 -0.000148122 -0.000621001
internal_weight=9181 8751 4961 4506 4289 3790 455 135 3201 217 589 430 308 76 1180 197 392 320 2021 122 40 232 80 152 82 40 49 36
internal_count=9181 8751 4961 4506 4289 3790 455 135 3201 217 589 430 308 76 1180 197 392 320 2021 122 40 232 80 152 82 40 49 36
is_linear=0
shrinkage=0.0162334


Tree=31
num_leaves=23
num_cat=0
split_feature=18 18 12 20 2 2 1 14 2 2 7 12 14 2 7 12 7 7 18 2 17 18
split_gain=0.686649 0.424761 0.627079 0.509725 0.376202 0.326288 0.508051 0.252217 0.215536 0.191631 0.177046 0.172787 0.164708 0.135621 0.0982134 0.0803973 0.0599377 0.0508086 0.0469749 0.0588564 0.0300626 0.0248397
threshold=69005.898437500015 33950.400390625007 36148.150390625007 84.723667144775405 -0.16867915540933606 0.22848806530237201 57.837392807006843 70.11136627197267 -0.098829831928014741 0.013531122822314503 0.013587755616754295 30026.950195312504 74.81543350219728 0.074004068970680251 0.057499520480632789 27052.149414062504 0.017688333988189701 0.034966027364134795 70231.601562500015 0.056423146277666099 67.384826660156264 69889.000000000015
decision_type=2 2 2 2 2 2 2 2 2 2 2 2 2 2 2 2 2 2 2 2 2 2
left_child=1 7 5 4 -4 16 -7 9 21 11 -5 -1 13 -9 -11 -14 -3 18 20 -20 -10 -2
right_child=8 2 3 10 -6 6 -8 12 17 14 -12 -13 15 -15 -16 -17 -18 -19 19 -21 -22 -23
leaf_value=-0.00011120965373486595 -0.0011333382288271053 0.00034824110687706325 0.00052370790458049665 0.00043511363190085027 -1.4320630046776473e-05 0.0029193107971947057 0.00040927290127171359 0.00037013713125872528 -0.0005176728217613835 -0.00043086659224516021 0.0013890395293871881 0.00074820896667198041 0.00099295378840505129 0.0014435471793595527 0.00068132557532733394 -3.8287155165841874e-05 0.00081255529897030507 9.430448617127202e-05 -0.0016286039673510568 -0.00065062946738086731 -2.1696104303106097e-05 -0.0020964564006134838
leaf_weight=2449 17 258 375 126 3921 41 46 157 193 668 91 63 21 40 21 371 110 31 22 91 43 26
leaf_count=2449 17 258 375 126 3921 41 46 157 193 668 91 63 21 40 21 371 110 31 22 91 43 26
internal_value=-2.6306e-08 3.07353e-05 0.000129552 7.14314e-05 3.24494e-05 0.000704138 0.0016024 -9.85722e-05 -0.0006389 -0.00015553 0.000839167 -8.9311e-05 0.000209528 0.000592546 -0.000395714 1.4853e-05 0.00048938 -0.000512388 -0.000568711 -0.000848848 -0.000430909 -0.00173627
internal_weight=9181 8758 4968 4513 4296 455 87 3790 423 3201 217 2512 589 197 689 392 368 380 349 113 236 43
internal_count=9181 8758 4968 4513 4296 455 87 3790 423 3201 217 2512 589 197 689 392 368 380 349 113 236 43
is_linear=0
shrinkage=0.0162334


Tree=32
num_leaves=28
num_cat=0
split_feature=15 18 12 20 2 2 0 2 7 17 12 15 12 17 2 10 27 20 2 12 19 20 7 7 27 12 0
split_gain=0.672063 0.620703 0.489716 0.422002 0.412371 0.315786 0.477886 0.268156 0.247822 0.244318 0.193581 0.181387 0.172843 0.149979 0.144131 0.129744 0.128684 0.116926 0.0943534 0.0863359 0.0740486 0.0584337 0.0530503 0.0529698 0.102951 0.0458302 0.0271965
threshold=66133.500000000015 33950.400390625007 36148.150390625007 84.723667144775405 -0.16867915540933606 0.22848806530237201 64.465351104736342 -0.078894350677728639 0.018486178480088714 70.312942504882827 27847.150390625004 69825.699218750015 69104.597656250015 74.81543350219728 -0.11161813139915465 1.0000000180025095e-35 0.031967278569936759 74.660980224609389 0.30642935633659368 27052.149414062504 118450.85546875001 78.869979858398452 0.01047069998458028 0.019229702651500705 0.021899566054344181 71614.296875000015 35.644596099853523
decision_type=2 2 2 2 2 2 2 2 2 2 2 2 2 2 2 2 2 2 2 2 2 2 2 2 2 2 2
left_child=1 9 5 4 -4 21 -7 11 -5 10 20 23 15 17 -12 16 -9 -11 25 -15 -1 -3 -17 24 -2 -14 -25
right_child=7 2 3 8 -6 6 -8 12 -10 13 14 -13 18 19 -16 22 -18 -19 -20 -21 -22 -23 -24 26 -26 -27 -28
leaf_value=-4.8094731672319314e-05 -0.00084068384495737788 0.00056813186207627661 0.00061458690931010256 0.00061337682596697093 2.797034935190327e-05 0.0026122852584098098 0.00015322198032438223 -5.1441064970424946e-05 0.0022744218284893188 0.00091978864391404963 -0.0010144005274723075 -0.0021480785080538298 -0.0005479166080949254 0.0010387914181722549 -0.00027299058030735238 0.0004294866594591388 0.00067443912356447363 8.4981022134711183e-05 0.00038067231117828803 -2.9326004987419267e-05 -0.0010188833205512172 0 -0.00039917363862350001 -0.00066797718102677695 0.00021089193646857282 -0.0012325177196356937 -0.0013444628780453255
leaf_weight=2044 64 312 351 177 3189 50 37 258 28 112 75 27 289 21 1067 21 85 77 26 373 21 56 274 38 38 31 40
leaf_count=2044 64 312 351 177 3189 50 37 258 28 112 75 27 289 21 1067 21 85 77 26 373 21 56 274 38 38 31 40
internal_value=-1.96822e-08 5.35115e-05 0.000189497 0.000128117 8.63783e-05 0.000692802 0.00157656 -0.000359848 0.000844633 -9.69608e-05 -0.000152685 -0.000892471 -0.00024692 0.00020811 -0.000322446 -8.68848e-05 0.000126004 0.000584224 -0.000539536 2.55126e-05 -5.83899e-05 0.000481475 -0.000337279 -0.000699152 -0.00044065 -0.000616977 -0.00102608
internal_weight=9181 7990 4200 3745 3540 455 87 1191 205 3790 3207 207 984 583 1142 638 343 189 346 394 2065 368 295 180 102 320 78
internal_count=9181 7990 4200 3745 3540 455 87 1191 205 3790 3207 207 984 583 1142 638 343 189 346 394 2065 368 295 180 102 320 78
is_linear=0
shrinkage=0.0162334


Tree=33
num_leaves=21
num_cat=0
split_feature=18 2 20 22 1 18 22 18 18 20 2 10 23 10 7 18 23 7 22 18
split_gain=0.645694 0.40289 0.360306 0.267675 0.244439 0.355024 0.215257 0.208832 0.344455 0.212153 0.20253 0.15798 0.116136 0.107355 0.0489078 0.0448611 0.0644063 0.0377278 0.0305961 0.0229958
threshold=69005.898437500015 0.20327018946409228 52.225437164306648 -0.088784854859113679 76.704292297363295 44222.599609375007 0.041059318929910667 33950.400390625007 64096.000000000007 70.426082611083999 -0.098829831928014741 0.81174489855766307 0.035736329853534705 -0.56174489110708226 0.034966027364134795 70231.601562500015 -0.0029626481700688596 0.041532378643751151 -0.020744530484080311 69889.000000000015
decision_type=2 2 2 2 2 2 2 2 2 2 2 2 2 2 2 2 2 2 2 2
left_child=1 3 6 11 5 -4 13 9 -9 -5 19 -1 -6 -3 15 18 -17 -8 -12 -2
right_child=10 2 4 7 12 -7 17 8 -10 -11 14 -13 -14 -15 -16 16 -18 -19 -20 -21
leaf_value=0.00026759470752027377 -0.0010986019331244404 -0.00051977777278401378 0.0012296233017015017 -0.0001527180378949143 0.00057698693980907077 0.0001599928419351679 -0.0014994417511185374 0.00015686601383414349 -0.00017015391478191079 0.00019243380664491272 1.6851204628921282e-05 0.002543394925241544 -0.00046483635517965998 0.00029607099219921109 9.8222037389384539e-05 -0.0017760098715440317 -0.00064849282576093464 -0.00054174783855316178 -0.0004920528349551637 -0.0020320186630265751
leaf_weight=17 17 52 240 3132 51 127 24 3064 1172 550 33 17 63 222 31 17 96 27 203 26
leaf_count=17 17 52 240 3132 51 127 24 3064 1172 550 33 17 63 222 31 17 96 27 203 26
internal_value=-1.64571e-08 2.98109e-05 0.000375657 -5.13785e-06 0.000657878 0.000861825 -3.94376e-05 -1.1418e-05 6.61867e-05 -0.00010093 -0.000619547 0.00143144 0 0.00013811 -0.000496815 -0.000552103 -0.000825972 -0.00100955 -0.000417305 -0.00168354
internal_weight=9181 8758 806 7952 481 367 325 7918 4236 3682 423 34 114 274 380 349 113 51 236 43
internal_count=9181 8758 806 7952 481 367 325 7918 4236 3682 423 34 114 274 380 349 113 51 236 43
is_linear=0
shrinkage=0.0162334


Tree=34
num_leaves=28
num_cat=0
split_feature=15 15 15 17 2 2 0 2 14 7 2 15 15 2 7 27 2 10 0 7 15 17 2 7 27 2 0
split_gain=0.632893 0.579373 0.363418 0.361191 0.389483 0.286858 0.531481 0.256387 0.25606 0.223185 0.20619 0.173728 0.16933 0.149877 0.19107 0.144042 0.272598 0.134682 0.126389 0.0990218 0.0985389 0.0882124 0.0684804 0.0517025 0.099137 0.0516285 0.0266692
threshold=66133.500000000015 33353.250000000007 35630.849609375007 84.112667083740249 -0.16867915540933606 0.22218269854784015 64.465351104736342 -0.078894350677728639 70.490653991699233 0.018486178480088714 0.014998380560427906 30018.400390625004 69825.699218750015 0.082125481218099608 0.012498517520725729 0.031967278569936759 0.3418442457914353 1.0000000180025095e-35 49.284448623657234 0.057499520480632789 70180.699218750015 78.608428955078139 0.29659743607044226 0.019229702651500705 0.021899566054344181 0.29659743607044226 40.025287628173835
decision_type=2 2 2 2 2 2 2 2 2 2 2 2 2 2 2 2 2 2 2 2 2 2 2 2 2 2 2
left_child=1 8 5 4 -4 21 -7 12 10 -5 11 -1 23 18 -15 20 17 -17 -10 -12 22 -3 -9 24 -2 -22 -25
right_child=7 2 3 9 -6 6 -8 15 13 -11 19 -13 -14 14 -16 16 -18 -19 -20 -21 25 -23 -24 26 -26 -27 -28
leaf_value=-0.00010724829651409544 -0.00082019466037578585 0.00051651876019666375 0.00060149269448731425 0.00058394945475189863 3.1446252741899956e-05 0.0024873876288672046 8.3008961241751332e-05 -0.00026589733129728157 0.00070793866586306745 0.002239389572631248 -0.00044638486145285493 0.00072304521959012024 -0.0020838747015040427 0.0018675998415617668 0.00028989103567084585 0.00091902753543804047 -0.001465640473836894 -0.00038366915511871464 -1.5689697124903629e-05 0.00067100127485362278 -0.00086633156393468782 -7.9949122700861898e-05 0.00076410689233389543 -0.000764724697738668 0.00021160248944822397 2.7305301731703828e-05 -0.0014821100264093402
leaf_weight=2469 64 322 351 179 3199 53 46 710 76 25 631 68 27 31 63 82 20 27 377 21 110 79 17 53 38 18 25
leaf_count=2469 64 322 351 179 3199 53 46 710 76 25 631 68 27 31 63 82 20 27 377 21 110 79 17 53 38 18 25
internal_value=-1.63579e-08 5.19287e-05 0.000181542 0.000126494 8.80513e-05 0.000593121 0.00137906 -0.000349204 -9.54289e-05 0.000791224 -0.000151249 -8.46526e-05 -0.000870026 0.000228445 0.000819571 -0.000238759 0.000263277 0.000588548 0.000103873 -0.000409071 -0.000315503 0.000396897 -0.00024062 -0.000682979 -0.000427528 -0.000734058 -0.00100592
internal_weight=9181 7990 4254 3754 3550 500 99 1191 3736 204 3189 2537 207 547 94 984 129 109 453 652 855 401 727 180 102 128 78
internal_count=9181 7990 4254 3754 3550 500 99 1191 3736 204 3189 2537 207 547 94 984 129 109 453 652 855 401 727 180 102 128 78
is_linear=0
shrinkage=0.0162334


Tree=35
num_leaves=28
num_cat=0
split_feature=12 18 18 2 20 2 1 2 14 12 18 12 14 2 12 2 10 14 2 1 25 12 7 7 2 12 7
split_gain=0.616212 0.651499 0.414143 0.459633 0.427113 0.307758 0.562695 0.291714 0.224785 0.208678 0.188072 0.182946 0.155324 0.136494 0.132283 0.126454 0.107561 0.104516 0.0892453 0.0888939 0.0779343 0.0770628 0.0656504 0.062671 0.0597883 0.0436726 0.0286812
threshold=64905.449218750007 33950.400390625007 35691.400390625007 -0.19680761545896527 84.723667144775405 0.22848806530237201 58.319190979003913 -0.078894350677728639 70.11136627197267 69104.597656250015 69889.000000000015 27682.699218750004 74.81543350219728 -0.11161813139915465 62762.398437500007 0.052526554092764861 1.0000000180025095e-35 47.332679748535163 0.30642935633659368 26.484695434570316 0.023154086433351043 27052.149414062504 0.01047069998458028 0.017688333988189701 -0.1851793825626373 71614.296875000015 0.019229702651500705
decision_type=2 2 2 2 2 2 2 2 2 2 2 2 2 2 2 2 2 2 2 2 2 2 2 2 2 2 2
left_child=1 8 5 14 -5 23 -7 10 11 16 19 20 15 -13 -4 -10 17 -9 25 24 -1 -14 -18 -3 -2 -11 -21
right_child=7 2 3 4 -6 6 -8 9 12 18 -12 13 21 -15 -16 -17 22 -19 -20 26 -22 -23 -24 -25 -26 -27 -28
leaf_value=-5.3041288218843617e-06 -0.00093576869886743009 0.00031193874159340192 0.0012087926567974636 4.9599411821274318e-05 0.0008157898175894223 0.0029257434821938324 0.0003383129889334866 -0.00010191030920913222 0.00034541355346458518 -0.00052472294919957141 -0.0019477025767112941 -0.0009960076950537868 0.00096712235378266966 -0.00026143652553687203 0.00028361952245833472 0.0013552520019304382 0.0005597510980045391 0.00038375351762786383 0.00037780599023467344 -0.00059346555673502402 -0.00027226637641372133 -4.2713727948452821e-05 -0.00030695978044103925 0.00078889483998997531 -2.5409147687075833e-05 -0.0011931985093262523 -0.0010414511002455745
leaf_weight=1671 25 262 131 3026 205 41 50 250 154 289 31 72 21 1108 63 43 24 216 26 87 350 371 347 107 88 31 92
leaf_count=1671 25 262 131 3026 205 41 50 250 154 289 31 72 21 1108 63 43 24 216 26 87 350 371 347 107 88 31 92
internal_value=-8.42113e-09 5.88115e-05 0.000206603 0.000144859 9.84809e-05 0.000664448 0.00151387 -0.00030033 -9.24611e-05 -0.000181314 -0.000733561 -0.000146242 0.00019837 -0.000306996 0.000912795 0.000570281 -4.15837e-05 0.000121393 -0.000516854 -0.000601605 -5.19595e-05 9.27816e-06 -0.000248573 0.000452585 -0.00023448 -0.000592218 -0.000828564
internal_weight=9181 7675 3885 3425 3231 460 91 1506 3790 1183 323 3201 589 1180 194 197 837 466 346 292 2021 392 371 369 113 320 179
internal_count=9181 7675 3885 3425 3231 460 91 1506 3790 1183 323 3201 589 1180 194 197 837 466 346 292 2021 392 371 369 113 320 179
is_linear=0
shrinkage=0.0162334


Tree=36
num_leaves=29
num_cat=0
split_feature=15 18 18 20 22 7 20 20 7 18 18 18 0 10 4 0 14 11 14 26 25 15 13 16 26 7 20 26
split_gain=0.595339 0.547676 0.442742 0.38366 0.36608 0.23175 0.21858 0.192176 0.188411 0.167459 0.188786 0.165889 0.164336 0.146162 0.144824 0.13747 0.111529 0.103888 0.103614 0.109134 0.0913733 0.0883694 0.0764792 0.061737 0.0557703 0.0537787 0.0532319 0.0201493
threshold=66133.500000000015 33950.400390625007 35691.400390625007 84.723667144775405 -0.088784854859113679 0.018486178480088714 70.426082611083999 74.384567260742202 0.019061243161559108 28569.200195312504 30041.750000000004 69889.000000000015 63.592754364013679 -0.56174489110708226 0.033216739073395736 49.284448623657234 41.251586914062507 0.022952166385948661 56.994791030883796 0.033077307045459754 0.029564536176621917 27052.149414062504 27875.863281250004 61460.896484375007 0.027173123322427276 0.034966027364134795 45.000358581542976 0.012117375154048206
decision_type=2 2 2 2 2 2 2 2 2 2 2 2 2 2 2 2 2 2 2 2 2 2 2 2 2 2 2 2
left_child=1 6 8 4 -4 -5 9 17 20 14 -11 13 -10 16 -1 22 26 -8 23 -20 -3 -9 -13 -15 -18 27 -2 -17
right_child=11 2 3 5 -6 -7 7 21 12 10 -12 15 -14 18 -16 25 24 -19 19 -21 -22 -23 -24 -25 -26 -27 -28 -29
leaf_value=-5.9457604452330043e-05 -0.00060423793192306387 0.00050895008247432206 0.0023884665491995345 0.00057874531645663941 6.7439511350723377e-05 0.0021852932744353105 0.00080211020993253455 0.0010568109371741946 0.0016562860748119657 -0.00051938991968157361 -1.832364647281244e-05 -0.0024377027237790718 0.0004711287904857099 -0.00047913193202942634 -0.0014150139813028529 -9.2141920616739049e-05 0.00013030555958097381 -0.00036672341876827278 -0.00021455886124477857 0.001077928611347316 -0.00063225579374944657 -4.8825806583691948e-05 -0.0010062764788027019 -0.0013860124793458194 0.00081979512672193417 0.00023813150279401854 0.00023295599608294992 -0.00071790103021568115
leaf_weight=2322 61 308 18 177 3517 28 152 20 78 548 316 17 55 401 21 19 83 22 322 18 19 389 32 22 53 20 28 115
leaf_count=2322 61 308 18 177 3517 28 152 20 78 548 316 17 55 401 21 19 83 22 322 18 19 389 32 22 53 20 28 115
internal_value=-6.6791e-09 5.03709e-05 0.00017811 0.000119378 7.95145e-05 0.000802548 -9.09636e-05 0.000197561 0.000653755 -0.00014368 -0.000337117 -0.000338678 0.00117274 -0.000250543 -7.1984e-05 -0.000763372 0.000110171 0.000649422 -0.000358025 -0.000143566 0.000440005 3.22601e-06 -0.00152117 -0.000528381 0.000405339 -0.000516546 -0.000331332 -0.000635536
internal_weight=9181 7990 4200 3740 3535 205 3790 583 460 3207 864 1191 133 988 2343 203 225 174 763 340 327 409 49 423 136 154 89 134
internal_count=9181 7990 4200 3740 3535 205 3790 583 460 3207 864 1191 133 988 2343 203 225 174 763 340 327 409 49 423 136 154 89 134
is_linear=0
shrinkage=0.0162334


Tree=37
num_leaves=28
num_cat=0
split_feature=12 18 7 12 0 2 2 25 14 12 2 7 15 2 12 14 2 10 27 7 7 27 2 12 7 9 25
split_gain=0.58022 0.611622 0.408572 0.338985 0.475819 0.321142 0.281012 0.27368 0.213526 0.197842 0.192744 0.184795 0.180742 0.177071 0.163455 0.148444 0.122295 0.101184 0.128139 0.0913952 0.0872934 0.0893253 0.0864425 0.0747463 0.0636763 0.0427715 0.0269052
threshold=64905.449218750007 33950.400390625007 0.020116982050240043 41584.300781250007 48.59221267700196 0.010877409949898722 -0.078894350677728639 0.032506892457604415 70.11136627197267 69104.597656250015 0.22218269854784015 0.010300226975232364 69825.699218750015 0.013531122822314503 30026.950195312504 74.81543350219728 0.052526554092764861 1.0000000180025095e-35 0.031967278569936759 0.057499520480632789 0.019229702651500705 0.021501020528376106 0.30642935633659368 27052.149414062504 0.01047069998458028 -0.60785761475563038 0.023644673638045791
decision_type=2 2 2 2 2 2 2 2 2 2 2 2 2 2 2 2 2 2 2 2 2 2 2 2 2 2 2
left_child=1 8 5 7 -5 11 12 -4 13 17 -7 -3 20 14 -1 16 -10 18 -8 -15 21 -2 25 -17 -19 -11 -22
right_child=6 2 3 4 -6 10 9 -9 15 22 -12 -13 -14 19 -16 23 -18 24 -20 -21 26 -23 -24 -25 -26 -27 -28
leaf_value=-9.9567394699267577e-05 -0.00067141949488631284 -0.00052816219562527194 0.0015496799857807446 0.00056715442188787419 -9.9157290973885326e-05 0.00018002048641860242 -2.6964156215507962e-05 0.00049190791864009539 0.00033628463881677499 -0.00025263865011690607 0.00085268235011001965 -1.9361609562566187e-05 -0.0020010475138737861 -0.0004067288409878194 0.00073642302866667639 0.00095240499931506029 0.0013295254814036305 0.00055679673550419382 0.00060696565976211354 0.00066598198600985304 -0.0012216230605377066 0.00011841418643025121 0.0003791221339712762 -4.2134526541382612e-05 -0.00029685959916213962 -0.00069239864960047334 -0.0007060248740805037
leaf_weight=2449 82 240 113 694 473 1194 357 158 154 87 125 888 27 668 63 21 43 24 109 21 48 67 26 371 347 233 99
leaf_count=2449 82 240 113 694 473 1194 357 158 154 87 125 888 27 668 63 21 43 24 109 21 48 67 26 371 347 233 99
internal_value=-6.47452e-09 5.7067e-05 0.000200266 0.000417551 0.000296367 7.22271e-05 -0.000291428 0.000936201 -8.9498e-05 -0.000174602 0.000244426 -0.000128378 -0.000716638 -0.000141919 -7.82564e-05 0.000193943 0.000557527 -3.85238e-05 0.00011952 -0.00037278 -0.000596457 -0.000310607 -0.000501309 9.03703e-06 -0.000239317 -0.000575518 -0.000880328
internal_weight=9181 7675 3885 1438 1167 2447 1506 271 3790 1183 1319 1128 323 3201 2512 589 197 837 466 689 296 149 346 392 371 320 147
internal_count=9181 7675 3885 1438 1167 2447 1506 271 3790 1183 1319 1128 323 3201 2512 589 197 837 466 689 296 149 346 392 371 320 147
is_linear=0
shrinkage=0.0162334


Tree=38
num_leaves=26
num_cat=0
split_feature=12 2 25 12 1 7 0 13 7 2 12 2 1 17 27 12 9 1 7 17 17 25 26 0 13
split_gain=0.561853 0.365713 0.326225 0.526163 0.558877 0.221557 0.326933 0.283313 0.204837 0.17653 0.183467 0.172922 0.155053 0.191779 0.136263 0.120075 0.0726335 0.0663182 0.106244 0.0564973 0.0532395 0.0527482 0.049405 0.0308193 0.0197937
threshold=68914.652343750015 0.19321399182081225 0.027659718878567222 36610.148437500007 58.319190979003913 0.021860166452825073 58.632024765014656 154909.12500000003 0.021384056657552723 -0.031459111720323556 61662.500000000007 -0.098829831928014741 75.301040649414077 65.781696319580092 0.020255956798791889 46733.648437500007 -0.60785761475563038 71.747371673583999 0.02200970891863108 57.28578186035157 56.030466079711921 0.043045736849308021 0.017987936735153202 50.210231781005866 19699.409179687504
decision_type=2 2 2 2 2 2 2 2 2 2 2 2 2 2 2 2 2 2 2 2 2 2 2 2 2
left_child=1 5 3 4 -3 9 7 -7 -5 10 -1 20 13 -4 -8 -11 19 22 -19 23 -2 -14 -18 -13 -21
right_child=11 2 12 8 -6 6 14 -9 -10 15 -12 16 21 -15 -16 -17 17 18 -20 24 -22 -23 -24 -25 -26
leaf_value=-7.1111333439543531e-05 -0.0021664705189061231 0.0034729966131259826 3.8301814412846398e-05 0.00067422190794750475 0.00079786882482439127 0.00022924972335538134 0.00090718402053893568 0.0018299760287356903 -0.00043449199153975087 -2.3626305112877001e-05 -0.00037892632474146221 -0.00011817684034609429 -0.00024755659687241706 0.00078133455552270321 -0.0005995764438494445 0.000198123272143939 -0.00047992759182187683 -0.00077953501082071491 0.00041976973703798892 0 -0.00084340616132529893 -0.0011758754099252808 -0.0010190245202556737 -0.00082185025080349315 0.00077600262888503999
leaf_weight=2592 22 34 360 140 55 1241 17 30 63 2313 639 51 60 124 170 889 93 40 37 20 17 24 105 27 18
leaf_count=2592 22 34 360 140 55 1241 17 30 63 2313 639 51 60 124 170 889 93 40 37 20 17 24 105 27 18
internal_value=-4.77172e-09 2.80538e-05 0.000345951 0.000787405 0.00183003 -6.48569e-06 0.00017407 0.000267734 0.00032595 -4.75399e-05 -0.000132253 -0.000572971 0.000117489 0.000230448 -0.000457962 3.76762e-05 -0.000467032 -0.000611489 -0.000192284 -0.000117203 -0.00161238 -0.000523151 -0.000770186 -0.000372808 0.000385058
internal_weight=9181 8751 860 292 89 7891 1458 1271 203 6433 3231 430 568 484 187 3202 391 275 77 116 39 84 198 78 38
internal_count=9181 8751 860 292 89 7891 1458 1271 203 6433 3231 430 568 484 187 3202 391 275 77 116 39 84 198 78 38
is_linear=0
shrinkage=0.0162334


Tree=39
num_leaves=27
num_cat=0
split_feature=12 18 7 12 0 25 17 9 17 12 12 17 0 1 17 18 17 26 14 17 14 12 1 7 1 26
split_gain=0.551316 0.584299 0.3894 0.323189 0.455502 0.260521 0.241605 0.334732 0.207913 0.180352 0.179625 0.177391 0.168954 0.132142 0.124942 0.114311 0.122563 0.146331 0.105652 0.0903565 0.0829336 0.0803335 0.0518263 0.0361527 0.115633 0.0173061
threshold=64905.449218750007 33950.400390625007 0.020116982050240043 41584.300781250007 48.59221267700196 0.032506892457604415 35.961790084838874 -1.0000000180025095e-35 70.048786163330092 27847.150390625004 70022.851562500015 84.429183959960952 50.541744232177741 58.525070190429695 74.81543350219728 70635.097656250015 41.454792022705085 0.032028697431087501 77.03528213500978 30.481538772583011 38.900539398193366 27052.149414062504 53.008764266967781 0.02200970891863108 71.747371673583999 0.012117375154048206
decision_type=2 2 2 2 2 2 2 2 2 2 2 2 2 2 2 2 2 2 2 2 2 2 2 2 2 2
left_child=1 8 6 5 -5 -4 7 -3 9 20 15 -8 -12 -11 18 16 19 -18 -10 -2 -1 -16 -17 25 -25 -14
right_child=10 2 3 4 -6 -7 11 -9 14 13 12 -13 23 -15 21 22 17 -19 -20 -21 -22 -23 -24 24 -26 -27
leaf_value=7.3039029549280303e-05 -6.9830771435996057e-05 -0.00078124764432246289 0.0015128139565420949 0.00055431561661072027 -9.7589081038841155e-05 0.00048049881855662384 0.00010240738890710556 7.7992851177000866e-05 0.00072133546445596818 -0.00020467844010428295 -0.0017856618043870925 0.00063362504988852578 -0.00023879236266919731 -0.00061891175006177873 0.00099669350387312735 -0.0017212583672913224 -0.00015588356089724553 0.00047980620775731064 -0.00014256826850321208 -0.0005553936755252159 -0.00013556522410034048 -3.3818002505557855e-05 -0.0004046808832209857 -0.00085318741655955501 0.00058111062485216949 -0.00084861820872391845
leaf_weight=852 154 191 113 694 473 158 1757 315 156 858 35 184 20 271 21 19 703 110 47 319 1212 373 17 32 27 70
leaf_count=852 154 191 113 694 473 158 1757 315 156 858 35 184 20 271 21 19 703 110 47 319 1212 373 17 32 27 70
internal_value=-6.49545e-09 5.56249e-05 0.00019559 0.000407719 0.000289367 0.000914175 7.05817e-05 -0.000244691 -8.76256e-05 -0.000139769 -0.000284079 0.000153209 -0.000761109 -0.000304872 0.000189831 -0.00021703 -0.000190966 -6.88188e-05 0.000517148 -0.000399108 -4.90445e-05 1.90137e-05 -0.00112378 -0.000514497 -0.000182475 -0.000722625
internal_weight=9181 7675 3885 1438 1167 271 2447 506 3790 3193 1506 1941 184 1129 597 1322 1286 813 203 473 2064 394 36 149 59 90
internal_count=9181 7675 3885 1438 1167 271 2447 506 3790 3193 1506 1941 184 1129 597 1322 1286 813 203 473 2064 394 36 149 59 90
is_linear=0
shrinkage=0.0162334


Tree=40
num_leaves=26
num_cat=0
split_feature=15 18 18 20 2 2 1 7 2 20 20 2 18 15 2 27 2 20 2 7 15 14 7 27 1
split_gain=0.532568 0.491167 0.406536 0.358393 0.360506 0.274002 0.525462 0.224226 0.223378 0.20252 0.182309 0.168898 0.209578 0.142198 0.133505 0.22973 0.143136 0.136496 0.107788 0.0947985 0.0837242 0.0609185 0.0490689 0.0914818 0.0197436
threshold=66133.500000000015 33950.400390625007 35691.400390625007 84.723667144775405 -0.16654818505048749 0.22848806530237201 58.319190979003913 0.018486178480088714 -0.078894350677728639 70.426082611083999 74.384567260742202 0.013531122822314503 29988.599609375004 69825.699218750015 0.41278192400932318 0.031967278569936759 0.29659743607044226 42.889842987060554 0.091620825231075301 0.057499520480632789 27052.149414062504 70.11136627197267 0.019229702651500705 0.021899566054344181 23.790764808654789
decision_type=2 2 2 2 2 2 2 2 2 2 2 2 2 2 2 2 2 2 2 2 2 2 2 2 2
left_child=1 9 5 4 -4 21 -7 -5 13 11 18 12 -1 22 15 16 -10 -17 -11 -13 -12 -3 23 -2 -24
right_child=8 2 3 7 -6 6 -8 -9 14 10 20 19 -14 -15 -16 17 -18 -19 -20 -21 -22 -23 24 -25 -26
leaf_value=-9.951276568119849e-05 -0.00076339107425008501 0.00052700027667924583 0.0005518587890431119 0.00055240926775819703 1.7278158921823017e-05 0.0027902267114843092 0.00028970759480416691 0.0021325668878351533 -0.00031867383782363778 0.00042006236137930822 0.0010277752791228334 -0.00039851555850870077 0.0008473820194363445 -0.0019204064355229744 -0.0014442802968828972 -0.00040609321899875712 0.00087450289724597054 0.00084110495259634985 0.0014466117500264383 0.00074940912486495337 -4.8444219715719589e-05 0 -0.00049413242285317163 0.00022806127259020803 -0.001134752603571976
leaf_weight=2467 64 297 372 177 3163 41 50 28 820 139 20 658 63 27 23 31 27 83 35 19 389 72 24 38 54
leaf_count=2467 64 297 372 177 3163 41 50 28 820 139 20 658 63 27 23 31 27 83 35 19 389 72 24 38 54
internal_value=-1.24944e-08 4.76303e-05 0.000168604 0.000112313 7.37773e-05 0.000624396 0.00142608 0.000772602 -0.000320338 -8.62067e-05 0.000191499 -0.000136956 -7.55907e-05 -0.000806542 -0.000217177 -0.00018689 -0.000279613 0.000494502 0.000631601 -0.00036502 2.16745e-06 0.00042431 -0.000634512 -0.000385747 -0.000948727
internal_weight=9181 7990 4200 3740 3535 460 91 205 1191 3790 583 3207 2530 207 984 961 847 114 174 677 409 369 180 102 78
internal_count=9181 7990 4200 3740 3535 460 91 205 1191 3790 583 3207 2530 207 984 961 847 114 174 677 409 369 180 102 78
is_linear=0
shrinkage=0.0162334


Tree=41
num_leaves=27
num_cat=0
split_feature=12 18 7 12 0 2 2 7 26 14 2 12 18 18 15 14 2 2 26 7 14 26 2 12 12 1
split_gain=0.519386 0.548491 0.373837 0.306424 0.438675 0.29572 0.260297 0.252387 0.221669 0.198101 0.192992 0.178532 0.169432 0.255786 0.158585 0.138161 0.115462 0.0998787 0.139697 0.0864831 0.0831419 0.0831118 0.0794479 0.0715452 0.0402869 0.0225006
threshold=64905.449218750007 33950.400390625007 0.020116982050240043 41584.300781250007 48.59221267700196 -0.03347461856901645 -0.078894350677728639 0.010300226975232364 0.033824481070041663 70.11136627197267 0.22218269854784015 69104.597656250015 29141.650390625004 30041.750000000004 69825.699218750015 74.81543350219728 0.052526554092764861 0.3418442457914353 0.032028697431087501 0.019229702651500705 40.092771530151374 0.020572102628648285 0.30642935633659368 27052.149414062504 71614.296875000015 24.635823249816898
decision_type=2 2 2 2 2 2 2 2 2 2 2 2 2 2 2 2 2 2 2 2 2 2 2 2 2 2
left_child=1 9 5 8 -5 7 14 -3 -4 12 -7 17 20 -14 19 16 -11 18 -8 21 -1 -2 24 -17 -13 -21
right_child=6 2 3 4 -6 10 11 -9 -10 15 -12 22 13 -15 -16 23 -18 -19 -20 25 -22 -23 -24 -25 -26 -27
leaf_value=3.4602291824872547e-05 -0.00065992039241842895 -0.00068835751213886041 0.001426935541498457 0.00054219234300460111 -9.7541024100576088e-05 0.00014682717393815786 -9.262713664589907e-05 -2.3130081748723727e-05 0.00047751345325836757 0.00032380873743719906 0.0008138104719302426 -0.00047989915525212192 -0.00066135407204761013 -3.6791949511000676e-05 -0.001889259918976484 0.00093267759652241558 0.0012892296776597361 -0.0010048055709740726 0.00049743747412101121 -0.00048192104369227615 -0.00015385144170658549 9.8534447988337279e-05 0.00036987997180940496 -4.0283774922701197e-05 -0.0011218469039372242 -0.00098565196809356163
leaf_weight=1076 77 194 117 694 473 1448 685 680 154 154 125 289 359 339 27 21 43 27 125 40 1427 72 26 371 31 107
leaf_count=1076 77 194 117 694 473 1448 685 680 154 154 125 289 359 339 27 21 43 27 125 40 1427 72 26 371 31 107
internal_value=-2.93443e-09 5.39908e-05 0.000189602 0.000397447 0.000282177 6.71101e-05 -0.00027573 -0.000171775 0.000890633 -8.47959e-05 0.000200381 -0.000163263 -0.000135294 -0.000359248 -0.000684974 0.000188199 0.000538974 -3.39469e-05 -5.0838e-07 -0.000572111 -7.24998e-05 -0.000287771 -0.000473612 9.73065e-06 -0.000544819 -0.000854455
internal_weight=9181 7675 3885 1438 1167 2447 1506 874 271 3790 1573 1183 3201 698 323 589 197 837 810 296 2503 149 346 392 320 147
internal_count=9181 7675 3885 1438 1167 2447 1506 874 271 3790 1573 1183 3201 698 323 589 197 837 810 296 2503 149 346 392 320 147
is_linear=0
shrinkage=0.0162334


end of trees

feature_importances:
Column_2=201
Column_12=131
Column_18=124
Column_14=75
Column_7=66
Column_15=66
Column_17=57
Column_20=50
Column_0=32
Column_1=31
Column_27=30
Column_22=22
Column_25=20
Column_10=19
Column_26=19
Column_13=15
Column_9=13
Column_5=11
Column_19=11
Column_6=9
Column_23=9
Column_16=5
Column_3=4
Column_11=4
Column_4=2
Column_24=1

parameters:
[boosting: gbdt]
[objective: regression]
[metric: l2]
[tree_learner: serial]
[device_type: cpu]
[data_sample_strategy: bagging]
[data: ]
[valid: ]
[num_iterations: 42]
[learning_rate: 0.0162334]
[num_leaves: 31]
[num_threads: 1]
[seed: 0]
[deterministic: 0]
[force_col_wise: 0]
[force_row_wise: 0]
[histogram_pool_size: -1]
[max_depth: 5]
[min_data_in_leaf: 17]
[min_sum_hessian_in_leaf: 0.001]
[bagging_fraction: 0.744337]
[pos_bagging_fraction: 1]
[neg_bagging_fraction: 1]
[bagging_freq: 0]
[bagging_seed: 3]
[bagging_by_query: 0]
[feature_fraction: 0.764351]
[feature_fraction_bynode: 1]
[feature_fraction_seed: 2]
[extra_trees: 0]
[extra_seed: 6]
[early_stopping_round: 0]
[early_stopping_min_delta: 0]
[first_metric_only: 0]
[max_delta_step: 0]
[lambda_l1: 0.0522488]
[lambda_l2: 0.02452]
[linear_lambda: 0]
[min_gain_to_split: 0]
[drop_rate: 0.1]
[max_drop: 50]
[skip_drop: 0.5]
[xgboost_dart_mode: 0]
[uniform_drop: 0]
[drop_seed: 4]
[top_rate: 0.2]
[other_rate: 0.1]
[min_data_per_group: 100]
[max_cat_threshold: 32]
[cat_l2: 10]
[cat_smooth: 10]
[max_cat_to_onehot: 4]
[top_k: 20]
[monotone_constraints: ]
[monotone_constraints_method: basic]
[monotone_penalty: 0]
[feature_contri: ]
[forcedsplits_filename: ]
[refit_decay_rate: 0.9]
[cegb_tradeoff: 1]
[cegb_penalty_split: 0]
[cegb_penalty_feature_lazy: ]
[cegb_penalty_feature_coupled: ]
[path_smooth: 0]
[interaction_constraints: ]
[verbosity: -1]
[saved_feature_importance_type: 0]
[use_quantized_grad: 0]
[num_grad_quant_bins: 4]
[quant_train_renew_leaf: 0]
[stochastic_rounding: 1]
[linear_tree: 0]
[max_bin: 255]
[max_bin_by_feature: ]
[min_data_in_bin: 3]
[bin_construct_sample_cnt: 200000]
[data_random_seed: 1]
[is_enable_sparse: 1]
[enable_bundle: 1]
[use_missing: 1]
[zero_as_missing: 0]
[feature_pre_filter: 1]
[pre_partition: 0]
[two_round: 0]
[header: 0]
[label_column: ]
[weight_column: ]
[group_column: ]
[ignore_column: ]
[categorical_feature: ]
[forcedbins_filename: ]
[precise_float_parser: 0]
[parser_config_file: ]
[objective_seed: 5]
[num_class: 1]
[is_unbalance: 0]
[scale_pos_weight: 1]
[sigmoid: 1]
[boost_from_average: 1]
[reg_sqrt: 0]
[alpha: 0.9]
[fair_c: 1]
[poisson_max_delta_step: 0.7]
[tweedie_variance_power: 1.5]
[lambdarank_truncation_level: 30]
[lambdarank_norm: 1]
[label_gain: ]
[lambdarank_position_bias_regularization: 0]
[eval_at: ]
[multi_error_top_k: 1]
[auc_mu_weights: ]
[num_machines: 1]
[local_listen_port: 12400]
[time_out: 120]
[machine_list_filename: ]
[machines: ]
[gpu_platform_id: -1]
[gpu_device_id: -1]
[gpu_use_dp: 0]
[num_gpu: 1]

end of parameters

pandas_categorical:null
