tree
version=v4
num_class=3
num_tree_per_iteration=3
label_index=0
max_feature_idx=34
objective=multiclass num_class:3
feature_names=Column_0 Column_1 Column_2 Column_3 Column_4 Column_5 Column_6 Column_7 Column_8 Column_9 Column_10 Column_11 Column_12 Column_13 Column_14 Column_15 Column_16 Column_17 Column_18 Column_19 Column_20 Column_21 Column_22 Column_23 Column_24 Column_25 Column_26 Column_27 Column_28 Column_29 Column_30 Column_31 Column_32 Column_33 Column_34
feature_infos=[-0.90096886790241903:1] [17.501704676993171:68.850958747406239] [-29034.619172999999:20818.322210000002] [5:50] [-0.036219100257613102:0.024286206457351023] [10.934802148299426:75.295223968061961] [43660.154000000002:61382.887000000002] [-0.00016191999999999999:0.0001] [20.103833614346115:73.953841916259407] [10.934802148299426:75.295223968061961] [0.0073140109265123739:0.026533684268987095] [-0.184556769613195:0.096394057715521564] [-0.12014925293769341:0.068878927497155518] [43660.154000000002:61382.887000000002] [0.0023199563154862701:0.018904813372754244] [-29034.619172999999:20818.322210000002] [0.24898646826179013:3.7287731484355273] [-29034.619172999999:20818.322210000002] [-0.00016191999999999999:0.0001] [0.0033727335206848574:0.015684408379765976] [-2.8598681476776755:2.6828036898074799] [-0.17476492069984262:0.10600475303927936] [0.011532731740236028:0.18084959228943259] [-0.39459302773398941:1.4840578867765877] [-0.0093020551880445713:0.0089975366066466275] [-0.0093020551880445713:0.0089975366066466275] [-0.39459302773398941:1.3846452123264557] [-0.97492791218182362:0.97492791218182362] [-0.044932460273087504:0.044663764888837276] [2.9561516162741999:42.077643331801248] [43660.154000000002:61382.887000000002] [-14002.913161:13216.930795999997] [4.2159125291104669:48.951938148889276] [5:50] [-0.060866377797999194:0.07755696496949005]
tree_sizes=2072 1666 2269 2144 2299 2484 2243 2319 2384 2467 2519 2694 2170 2511 2476 2356 2398 2495 2366 2178 2596 2273 2286 2476 2072 2189 2491 2465 2400 2375 2674 2176 2695 2587 2394 2353 2274 2495 2277 2570 2285 2380 2271 2713 2584 2591 2284 2614 2254 2172 2468 2474 2292 2674 2068 2507 2590 2589 2396 2593 2591 2491 2458 2483 2698 2682 2570 2297 2604 2473 2502 2490 2585 2812 2054 1957 2498 2804 2587 2514 2707 2481 2376 2479 2158 2519 2592 1869 2723 2384 2068 2488 2588 1861 2385 2608 2379 2398 2489 1750 2502 2499 2274 2608 2589 2374 2512 2692 2495 2508 2375 2063 2720 2603 2388 2186 2589 2058 2511 2501 2598 2617 2396 2487 2599 2583 2286 2503 2492 2394 2618 2498 2183 2181 2513 2389 2607 2517 2173 2522 2513 2173 2394 2505 2391 2512 2599 2273 2287 2480 1860 2514 2373 1963 2396 2594 1969 2506 2474 2286 2191 2500 2376 2597 2380 1951 2407 2595 1964 2418 2491 2067 2638 2495 2088 2526 2706 2369 2631 2593 1756 2425 2399 1752 2626 2379 1751 2513 2385 2383 2843 2614 2391 2296 2492 2170 2305 2600 2176 2737 2399 2262 2752 2597 2386 2403 2713 1972 2423 2614 2361 2531 2496 2374 2287 2489

Tree=0
num_leaves=19
num_cat=0
split_feature=24 8 3 6 29 21 11 13 19 18 11 19 12 2 8 8 22 4
split_gain=15.898 13.8277 15.4625 11.7053 10.6097 18.6423 17.1139 18.8585 9.26586 8.05402 6.12045 4.99831 4.92382 4.77759 4.09827 2.17542 1.6457 0.537924
threshold=0.0046856341330148319 36.487255863453719 25.500000000000004 56547.833000000006 10.947989951562951 0.041518982579783932 -0.088835833581298804 52526.729000000007 0.010533237677491153 2.5945000000000003e-05 0.044443234710166653 0.0082580090409698995 0.027780589208204923 1411.1929040000011 53.737647373650809 25.838380002309293 0.058866740774584994 0.0014378790669491439
decision_type=2 2 2 2 2 2 2 2 2 2 2 2 2 2 2 2 2 2
left_child=1 4 3 10 -1 6 16 8 9 -8 -3 13 15 -9 -5 -7 -6 -4
right_child=-2 2 17 14 5 12 7 11 -10 -11 -12 -13 -14 -15 -16 -17 -18 -19
leaf_value=-1.1096467221772515 -1.0759218461254325 -1.1086848163286331 -1.0781943575795885 -1.0741312682224382 -1.1108395050815256 -1.1117753426683474 -1.1037783334303859 -1.0941374166725422 -1.0809387285596144 -1.0870439369954077 -1.0924708448552884 -1.0709680250794762 -1.0975597021764214 -1.0762543298032821 -1.0927635249567775 -1.1042712857166728 -1.1027788684141686 -1.0709680250794762
leaf_weight=24.062132284045219 5.7154855728149405 11.926231950521474 3.9180999100208274 4.4753898829221708 9.3460815548896807 22.616741299629211 24.969732478260994 6.1101070791482943 5.6793370246887198 7.0449484586715689 7.0933732837438574 7.0098040848970404 8.5180013626813871 5.3560084402561188 4.5466828048229218 10.956246197223662 10.034685268998144 3.954248458147049
leaf_count=27 30 33 20 24 14 29 63 25 28 32 25 39 33 28 19 33 26 22
internal_value=-1.09861 -1.09934 -1.09168 -1.09649 -1.10128 -1.09957 -1.09547 -1.0916 -1.09721 -1.1001 -1.10264 -1.08016 -1.10695 -1.08578 -1.08352 -1.10933 -1.10667 -1.07456
internal_weight=183.333 177.618 35.914 28.0417 141.704 117.642 75.5507 56.1699 37.694 32.0147 19.0196 18.4759 42.091 11.4661 9.02207 33.573 19.3808 7.87235
internal_count=550 520 143 101 377 350 255 215 123 95 58 92 95 53 43 62 40 42
is_linear=0
shrinkage=1


Tree=1
num_leaves=15
num_cat=0
split_feature=0 32 28 19 0 16 7 19 30 20 7 8 1 1
split_gain=88.1265 28.4152 14.5539 15.1521 13.2382 20.6715 13.9994 10.0233 7.08528 4.90037 4.64553 3.41032 7.10543e-15 1.77636e-15
threshold=-0.56174490092936669 14.080372940167869 -0.0026437280146701099 0.0091668355917911056 -0.22252093395631442 1.1052384523594625 7.7295000000000011e-05 0.0098513557649275735 54551.039000000012 -0.28481719394612337 3.0190000000000004e-05 23.023273414488937 62.690961812694177 53.457935096579909
decision_type=2 2 2 2 2 2 2 2 2 2 2 2 2 2
left_child=1 -1 3 -3 5 10 11 -5 9 -4 13 -6 -13 -2
right_child=4 2 8 7 6 -7 -8 -9 -10 -11 -12 12 -14 -15
leaf_value=-1.112434403556382 -1.112434403556382 -1.112434403556382 -1.0773633217263072 -1.0759568488589446 -1.1033316588699964 -1.084128219488985 -1.0920555578971578 -1.0960848938372356 -1.0733884576977506 -1.0908802022452371 -1.0969993607697694 -1.112434403556382 -1.112434403556382 -1.112434403556382
leaf_weight=7.4937927871942511 7.8713441938161903 5.607039928436282 9.32321345806122 8.9637363255023974 8.9801261425018293 11.551369175314901 8.0224166661500913 9.9995408952236158 20.935283735394478 11.377428606152533 5.2959876209497443 56.267207950353622 6.9545770883560172 4.6902728229761124
leaf_count=30 33 24 12 10 31 19 22 33 15 28 15 233 27 18
internal_value=-1.09861 -1.08692 -1.08404 -1.09247 -1.10647 -1.09854 -1.10938 -1.08657 -1.07906 -1.08479 -1.10786 -1.1113 -1.11243 -1.11243
internal_weight=183.333 73.7 66.2062 24.5703 109.633 29.409 80.2243 18.9633 41.6359 20.7006 17.8576 72.2019 63.2218 12.5616
internal_count=550 152 122 67 398 85 313 43 55 40 66 291 260 51
is_linear=0
shrinkage=1


Tree=2
num_leaves=21
num_cat=0
split_feature=32 27 17 7 28 28 17 34 4 9 8 28 7 4 7 3 1 6 16 6
split_gain=22.067 16.0205 13.6701 12.2862 16.2574 8.54949 8.04235 11.0653 7.30603 6.33602 7.45571 5.26054 5.3393 3.66777 3.2408 3.16286 2.92291 2.26771 1.33506 0.0757633
threshold=14.080372940167869 0.6078576107927941 2437.8710450000012 6.2400000000000012e-06 0.0010792134420842816 -0.0013121612811579084 -6403.438815999998 -0.015442329391011532 0.011789578806086 54.220032032646309 32.57440302731019 -0.0035417683872038248 2.1400000000000002e-05 0.0073692924136709035 -2.0839999999999997e-05 12.500000000000002 41.198810225809872 51645.080000000009 1.0767809446706897 52967.215500000013
decision_type=2 2 2 2 2 2 2 2 2 2 2 2 2 2 2 2 2 2 2 2
left_child=2 3 13 4 5 6 15 -8 14 10 -3 12 -5 -1 -4 -2 -12 -13 19 -19
right_child=1 9 8 11 -6 -7 7 -9 -10 -11 16 17 -14 -15 -16 -17 -18 18 -20 -21
leaf_value=-1.0709680406850559 -1.0986953675045832 -1.0790287903882416 -1.083861760789649 -1.1089876377350425 -1.0824490691106095 -1.1104555996364485 -1.1010119109463692 -1.0788308424713695 -1.1081499535534889 -1.1058153872482865 -1.0896376037509765 -1.1026567193563213 -1.0942263247196504 -1.0847070223998256 -1.0978471890901145 -1.1124344364067 -1.1052081039221391 -1.1109418768142261 -1.1065006447358152 -1.1124344364299643
leaf_weight=6.4866543114185324 6.1824041754007322 10.170792832970625 6.9365028142929068 8.214431509375574 10.386679947376249 14.308148771524431 9.9149675220251066 7.5831599831581142 6.6083804070949546 4.27757704257965 5.5889656543731672 8.6871481090784055 10.884953275322912 8.679665654897688 5.822927042841914 6.6387309581041336 3.9180999100208282 9.484877750277521 11.928920581936834 20.629349142313004
leaf_count=19 29 35 26 14 38 18 38 26 25 22 23 23 38 33 27 17 20 12 22 45
internal_value=-1.09861 -1.10092 -1.08866 -1.10291 -1.09802 -1.10165 -1.09749 -1.0914 -1.09635 -1.09057 -1.08725 -1.10676 -1.10058 -1.07883 -1.09024 -1.10581 -1.09605 -1.10909 -1.11041 -1.11196
internal_weight=183.333 148.799 34.5341 124.844 55.0141 44.6274 30.3193 17.4981 19.3678 23.9554 19.6779 69.8297 19.0994 15.1663 12.7594 12.8211 9.50707 50.7303 42.0431 30.1142
internal_count=550 420 130 320 166 128 110 64 78 100 78 154 52 52 53 46 43 102 79 57
is_linear=0
shrinkage=1


Tree=3
num_leaves=19
num_cat=0
split_feature=24 8 33 6 29 21 11 6 19 8 25 12 8 8 8 26 9 6
split_gain=15.4011 13.4882 11.2726 10.8616 10.4327 18.2447 16.676 16.0621 8.23318 7.88688 5.06084 4.8452 4.48126 3.91312 2.15396 1.9666 0.995159 0.182627
threshold=0.0046856341330148319 36.487255863453719 25.500000000000004 56547.833000000006 10.947989951562951 0.041518982579783932 -0.088835833581298804 52967.215500000013 0.010533237677491153 26.490565985158266 -0.0026133271682125575 0.027780589208204923 40.415104731646956 53.737647373650809 25.838380002309293 0.62048634590325735 45.480061068342309 54585.101000000002
decision_type=2 2 2 2 2 2 2 2 2 2 2 2 2 2 2 2 2 2
left_child=1 4 3 12 -1 6 16 8 9 -8 -9 14 -3 -5 -7 -4 -6 -12
right_child=-2 2 15 13 5 11 7 10 -10 -11 17 -13 -14 -15 -16 -17 -18 -19
leaf_value=-0.010958510839021697 0.022228282504776115 -0.010524825037434913 0.013949715699592196 0.023970530283536982 -0.0050094473473296132 -0.013081589407329336 -0.0052034404937049894 0.0086477102672718412 0.017692091592586234 0.0080249946963140348 0.027161072249019952 0.0010409076544548612 0.0031490319934643993 0.0058132518663440418 -0.0056009213213144915 0.027147947725093751 -0.011294583705217522 0.023177660604195946
leaf_weight=23.950779497623444 5.7678649872541419 9.0881944894790703 4.2759668678045255 4.5191357880830747 10.177610456943514 22.48730094730854 21.604638248682022 5.2909154593944541 5.8958851397037497 14.316743478178976 5.6204290091991407 8.5213929414749128 9.2287668585777265 4.5514908134937286 10.927015423774717 4.3524202704429626 9.1309970170259458 3.6120520234107971
leaf_count=27 30 19 20 24 26 29 56 23 29 57 31 33 37 19 33 24 14 19
internal_value=2.49191e-07 -0.000721841 0.00683038 0.00249 -0.00264362 -0.000949969 0.00310378 0.0069029 0.00255358 6.88543e-05 0.0194259 -0.00826267 -0.00363543 0.0148595 -0.0106353 0.0206073 -0.00798167 0.0256026
internal_weight=183.32 177.552 36.016 27.3876 141.536 117.585 75.6493 56.3407 41.8173 35.9214 14.5234 41.9357 18.317 9.07063 33.4143 8.62839 19.3086 9.23248
internal_count=550 520 143 99 377 350 255 215 142 113 73 95 56 43 62 44 40 50
is_linear=0
shrinkage=0.0138221


Tree=4
num_leaves=20
num_cat=0
split_feature=0 12 17 0 16 7 22 31 30 10 16 7 13 5 24 12 10 22 12
split_gain=85.6866 20.3327 14.3536 12.9886 20.0977 13.7982 9.56816 4.64394 4.05817 1.79888 5.5504 3.96797e-05 2.63344e-05 1.64101e-05 2.41868e-05 1.3922e-05 1.24998e-05 1.22725e-05 8.4807e-06
threshold=-0.56174490092936669 0.025498731163668856 -11949.460654499997 -0.22252093395631442 1.1052384523594625 7.7295000000000011e-05 0.045769288413267419 1405.2075909999987 54590.832500000011 0.010160184731771658 0.98562395342569475 -1.3849999999999999e-06 56625.544500000011 56.110684679172799 0.0024502382355373891 0.0034960004234710911 0.012644865949540479 0.030270800233624686 -0.035302671893194297
decision_type=2 2 2 2 2 2 2 2 2 2 2 2 2 2 2 2 2 2 2
left_child=1 2 -1 4 7 9 -4 11 -8 10 17 -2 13 15 16 18 -15 -5 -11
right_child=3 -3 6 5 -6 -7 8 -9 -10 12 -12 -13 -14 14 -16 -17 -18 -19 -20
leaf_value=0.00042688208320515133 -0.013733055119381575 -0.0061605943605886814 0.0081454886791976315 -0.01372695297215744 0.014195437383125262 0.0064975543348790811 0.016124201890123282 0.0017140699258304023 0.02532872213666321 -0.013756924110037507 0.0046225670858374415 -0.013782772622048634 -0.013712366671967308 -0.013731886733606896 -0.013749552568431127 -0.01376566043809851 -0.013702628792655774 -0.013756474988785142 -0.013737512369913361
leaf_weight=11.436914309859274 7.1412388235330608 10.690932452678679 14.830916896462439 5.2106038033962232 11.630211174488066 8.0361895412206632 16.342051103711128 5.2689031213521949 20.797215595841408 5.526180461049079 4.4400794357061377 5.3754739463329342 7.540209785103797 5.4977589696645754 7.1859706342220298 5.7627570629119864 5.6637231707572937 5.5618505626916885 19.376256138086326
leaf_count=39 31 37 35 22 19 22 28 14 13 21 13 21 36 20 33 25 21 23 77
internal_value=-3.76628e-07 0.0114726 0.0144456 -0.00778414 6.6877e-05 -0.0106781 0.0175307 -0.00917195 0.0212785 -0.0126014 -0.00838208 -0.0137544 -0.0137364 -0.0137401 -0.0137298 -0.0137463 -0.013717 -0.0137422 -0.0137418
internal_weight=183.315 74.098 63.4071 109.217 29.4158 79.8016 51.9702 17.7856 37.1393 71.7654 15.2125 12.5167 56.5529 49.0126 18.3475 30.6652 11.1615 10.7725 24.9024
internal_count=550 152 115 398 85 313 76 66 41 291 58 52 233 197 74 123 41 45 98
is_linear=0
shrinkage=0.0138221


Tree=5
num_leaves=22
num_cat=0
split_feature=0 6 33 11 10 12 9 14 2 11 21 24 27 12 27 11 5 16 15 24 1
split_gain=37.2571 28.0601 15.3016 19.1469 11.0612 10.1305 9.40179 9.06211 3.17543 3.1177 11.5548 2.94456 2.84022 8.54602 2.69122 2.53973 1.13158 0.89902 0.651901 0.136158 5.78447e-05
threshold=-0.56174490092936669 52063.580000000009 33.000000000000007 -0.12510349747278429 0.013784727771495101 0.02665089538477217 52.135744604872215 0.0090740329552723223 3424.6191835000018 -0.038902444966727505 -0.023402415291980058 0.0010935469032596048 1.0000000180025095e-35 -0.0066191150810733781 0.6078576107927941 0.0083957233303733076 54.924624951164937 0.90947658606110038 1314.1717010000009 0.00092051803044569766 53.02457026177121
decision_type=2 2 2 2 2 2 2 2 2 2 2 2 2 2 2 2 2 2 2 2 2
left_child=5 4 3 -3 15 12 7 -6 -8 18 -11 -4 17 -14 20 -2 -17 -1 19 -5 -12
right_child=1 2 11 9 6 -7 8 -9 -10 10 14 -13 13 -15 -16 16 -18 -19 -20 -21 -22
leaf_value=-0.013247187856853925 0.012259252302776864 0.017505534320020562 0.0062231604029153852 -0.013783536963341499 0.0012839326903103325 0.0049126865936055053 -0.0091491615884865939 0.022121477246945308 0.0056592359284680796 0.011162265302844985 -0.013765239946582601 0.020806534837246173 0.0041384516230910887 -0.013750838219356397 -0.0026651201972965792 0.01954534329208233 0.027167932153920063 -0.0090329461600313216 -0.0065571239905174751 -0.011038100414004035 -0.013829796946442144
leaf_weight=27.470353662967682 4.8796687871217754 6.7659563571214667 4.9279644042253476 10.377665773034094 6.5423231869936052 10.555423334240912 6.066088140010832 10.21022556722164 5.0861649513244629 6.7968539893627158 8.0427459627389997 5.7102764397859573 9.4689671695232409 11.062062531709669 6.3606523126363745 6.7678232491016379 8.2641097605228406 14.926081895828245 3.9105740487575522 5.1707932502031317 3.9560325145721427
leaf_count=33 19 24 21 28 30 36 22 33 22 27 25 19 32 22 21 23 24 29 20 18 22
internal_value=1.2731e-07 0.00509692 -0.00103747 -0.00416148 0.0130534 -0.00761812 0.00743777 0.0139839 -0.00239555 -0.0074473 -0.00423374 0.0140511 -0.00972004 -0.00550025 -0.0099335 0.0209234 0.023736 -0.0117635 -0.0116017 -0.0128705 -0.0137865
internal_weight=183.319 109.836 62.0195 51.3813 47.8164 73.4829 27.9048 16.7525 11.1523 44.6153 25.1563 10.6382 62.9275 20.531 18.3594 19.9116 15.0319 42.3964 19.459 15.5485 11.9988
internal_count=550 398 225 185 173 152 107 63 44 161 95 40 116 54 68 66 47 62 66 46 47
is_linear=0
shrinkage=0.0138221


Tree=6
num_leaves=20
num_cat=0
split_feature=24 8 33 6 29 22 1 8 15 18 14 8 32 17 8 8 0 14 32
split_gain=14.9702 13.1627 10.9344 10.5815 10.282 16.5033 14.5953 14.5821 11.767 12.66 7.03367 6.5764 7.9753 4.89506 4.39887 3.71108 2.07917 1.91275 0.653431
threshold=0.0046856341330148319 36.487255863453719 25.500000000000004 56547.833000000006 10.947989951562951 0.055933732516623563 46.093349259128239 34.098658722092615 -7368.0950379999995 -1.1919999999999999e-05 0.0081934060102689336 25.838380002309293 16.582790097949651 3430.3834850000017 40.415104731646956 53.737647373650809 -0.22252093395631442 0.0074353213833277853 30.012164843343044
decision_type=2 2 2 2 2 2 2 2 2 2 2 2 2 2 2 2 2 2 2
left_child=1 4 3 14 -1 6 10 8 18 -10 -6 16 -13 -11 -3 -5 -8 -4 -7
right_child=-2 2 17 15 5 7 11 -9 9 13 -12 12 -14 -15 -16 -17 -18 -19 -20
leaf_value=-0.010891172766075119 0.021827613171144341 -0.010459758803040346 0.01369222111291858 0.023418740622431607 0.01732999631085029 0.026971637149973592 -0.012911798067287164 -0.0072982713858463655 -0.0049629078558637487 0.007928784462935148 -0.0027695168775900502 -0.0083613840087405945 0.0090437811568981185 0.027087458731794096 0.0030953215696334236 0.0057857760788716361 -0.0061928834743958201 0.026660990353862823 0.019420199714007609
leaf_weight=23.849648162722588 5.813068062067031 9.0528669655323082 4.3016347885131818 4.5662449151277524 7.3718367964029294 5.6393069177866 28.442788898944855 11.452334672212599 11.009152695536615 5.8093776702880842 6.0612174421548843 12.412888050079347 8.4560781270265561 4.538241520524025 9.2447529137134534 4.5551275610923767 12.740675956010817 4.3902868330478668 3.5783841758966446
leaf_count=27 30 19 20 24 36 31 33 24 29 25 22 36 37 25 37 19 34 24 18
internal_value=9.16404e-07 -0.00071401 0.0067338 0.00245142 -0.00261655 -0.000937183 -0.00480219 0.00600487 0.0109878 0.00535443 0.00826076 -0.00763005 -0.00130883 0.0163314 -0.00361114 0.014613 -0.0108332 0.0202427 0.0240401
internal_weight=183.286 177.473 36.1109 27.419 141.362 117.512 75.4855 42.0268 30.5745 21.3568 13.4331 62.0524 20.869 10.3476 18.2976 9.12137 41.1835 8.69192 9.21769
internal_count=550 520 143 99 377 350 198 152 128 79 58 140 73 50 56 43 67 44 49
is_linear=0
shrinkage=0.0138221


Tree=7
num_leaves=20
num_cat=0
split_feature=27 27 8 29 23 16 12 24 11 19 19 7 27 27 34 19 10 13 25
split_gain=32.3844 48.2566 26.5251 23.6057 13.0094 9.20118 8.67115 6.40839 7.48366 13.6194 0.000493719 0.000192266 0.000145538 0.000380963 8.39467e-05 2.6461e-05 3.08223e-05 2.40914e-05 1.03658e-05
threshold=-1.0000000180025095e-35 -0.60785761079279388 23.208080429105213 10.947989951562951 0.43509035160910409 0.87481235789469625 -0.0016881657513519441 -0.0070316722690824821 0.050104339893790824 0.0087596710903535217 0.012767857151358053 7.0325000000000015e-05 0.6078576107927941 1.0000000180025095e-35 0.0067665051934360241 0.0088650800856310465 0.0092838657112812532 52804.720000000008 -0.00070867834875546442
decision_type=2 2 2 2 2 2 2 2 2 2 2 2 2 2 2 2 2 2 2
left_child=1 3 6 -1 -3 14 -2 -4 10 -10 11 12 13 -9 15 16 -5 -14 -18
right_child=2 4 7 5 -6 -7 -8 8 9 -11 -12 -13 17 -15 -16 -17 18 -19 -20
leaf_value=0.012672950977614736 0.020674511443192725 0.020162000115798526 0.0070810139913879133 -0.013656817378771139 0.0041231883067040604 0.0015040370828484529 0.0010456212544554012 -0.01364991500198422 -0.013640938121008885 0.013709094624728928 -0.013823346579386175 -0.013760243111978512 -0.013626313695063523 -0.013774681470262706 -0.013612343411939992 -0.013644659711400206 -0.01368261731951198 -0.013658209360982517 -0.013710740053746423
leaf_weight=12.282719209790228 7.0672067552804974 33.437659397721291 3.9038045704364768 6.3177536129951575 13.588350102305411 10.645659402012823 10.979696109890936 14.296513780951502 8.4366832673549634 5.91890063881874 4.7607749700546256 4.5794453769922248 12.056944712996485 6.947847604751586 5.658693239092826 5.0892333537340155 5.352718815207484 7.241623803973197 4.7050742805004075
leaf_count=18 8 39 9 23 38 32 33 59 35 11 22 22 51 28 23 26 22 30 21
internal_value=-1.15899e-06 0.00547363 -0.00616759 -0.00397246 0.0155275 -0.00938563 0.00873234 -0.0101137 -0.0111586 -0.00236434 -0.0136895 -0.0136753 -0.0136658 -0.0136907 -0.0136597 -0.0136722 -0.0136807 -0.0136383 -0.0136958
internal_weight=183.267 97.0779 86.1894 50.0519 47.026 37.7691 18.0469 68.1425 64.2387 14.3556 49.8832 45.1224 40.5429 21.2444 27.1235 21.4648 16.3755 19.2986 10.0578
internal_count=550 242 308 165 77 147 41 267 258 46 212 190 168 87 115 92 66 81 43
is_linear=0
shrinkage=0.0138221


Tree=8
num_leaves=21
num_cat=0
split_feature=32 14 27 7 19 3 16 26 24 18 28 19 30 5 14 6 14 5 28 7
split_gain=20.9535 15.6666 15.1978 11.8827 21.521 10.573 10.0886 5.84508 5.72218 5.44417 5.13803 5.47683 4.74124 3.826 2.92088 2.19301 1.95278 1.67194 0.211189 6.18932e-05
threshold=14.080372940167869 0.0066523360557022701 0.6078576107927941 6.2400000000000012e-06 0.0084027920114633 12.500000000000002 0.81209479328382572 0.55295204323735248 -0.00074667458186214789 -1.7464999999999996e-05 -0.0035417683872038248 0.0086355436047679847 52561.485000000008 43.094447561647804 0.0082214114860234642 51645.080000000009 0.0082025604242201827 63.051944351585909 -0.013383205277460284 4.0310000000000005e-05
decision_type=2 2 2 2 2 2 2 2 2 2 2 2 2 2 2 2 2 2 2 2
left_child=1 17 3 4 13 6 -6 8 -4 -3 11 -5 -11 -2 -7 -12 19 -1 -16 -17
right_child=2 9 7 10 5 14 -8 -9 -10 12 15 -13 -14 -15 18 16 -18 -19 -20 -21
leaf_value=0.026509863798732949 0.0062559501003928829 0.012944061558390235 0.0043741847324514577 0.0086453011256089011 -0.006110234658275984 -0.0017119485948534467 0.014852220749479951 -0.0024118649321640778 0.020564303711331659 0.0054226859787083045 -0.0040080867798186403 -0.007109262770460362 -0.0099360254322522594 0.021620228452551276 -0.010086208602422644 -0.013709420948890777 -0.0072583857337327595 0.016365224559965596 -0.013712286011985361 -0.013668534933816172
leaf_weight=6.9677129089832288 4.9227325320243827 6.8396325558424005 8.499313116073612 6.2964855432510403 9.2183079421520251 5.8377909064292934 8.367998853325842 7.4407201558351508 8.1893528401851654 8.0810906738042814 8.6722612231969816 12.756464585661886 7.3168870657682428 8.3467908203601819 3.8989925086498287 15.115252718329431 13.212144538760183 5.5970856845378876 14.409291431307791 13.295838832855223
leaf_count=20 21 26 37 26 27 18 31 36 27 35 23 26 29 27 11 25 29 20 31 25
internal_value=2.42472e-07 0.00965346 -0.00226239 -0.00421036 0.000587413 -0.00428797 0.00386422 0.00777641 0.0123189 0.00268253 -0.00801558 -0.0019028 -0.00187554 0.0159204 -0.0102254 -0.0103312 -0.0116487 0.0219909 -0.0129401 -0.0136903
internal_weight=183.282 34.8024 148.48 124.35 55.0019 41.7324 17.5863 24.1294 16.6887 22.2376 69.3484 19.053 15.398 13.2695 24.1461 50.2955 41.6232 12.5648 18.3083 28.4111
internal_count=550 130 420 320 166 118 58 100 64 90 154 52 64 48 60 102 79 40 42 50
is_linear=0
shrinkage=0.0138221


Tree=9
num_leaves=22
num_cat=0
split_feature=24 8 3 6 21 2 21 27 2 11 2 6 11 8 34 16 1 7 21 31 9
split_gain=14.4858 12.9146 14.1094 10.9077 9.52316 20.96 17.8078 18.1373 6.16673 6.04206 4.59742 4.45469 3.69931 3.54073 2.73478 2.15516 1.98036 1.09613 1.01803 0.547311 0.00528797
threshold=0.0046856341330148319 36.487255863453719 25.500000000000004 56547.833000000006 0.041518982579783932 2410.6354245000011 -0.018857231409429961 -1.0000000180025095e-35 -12311.198072499998 0.044443234710166653 -3219.5648884999987 50403.717500000006 0.052831343595149523 53.737647373650809 -0.0025122997875449134 1.0107639888249198 47.097597482411011 2.2760000000000002e-05 -0.057134067623394784 -2081.1117610000006 40.507935760016686
decision_type=2 2 2 2 2 2 2 2 2 2 2 2 2 2 2 2 2 2 2 2 2
left_child=1 4 3 9 5 6 8 10 -1 -3 20 -7 17 -5 -10 -14 -13 -6 -16 -4 -8
right_child=-2 2 19 13 12 11 7 -9 14 -11 -12 16 15 -15 18 -17 -18 -19 -20 -21 -22
leaf_value=0.002590101164633382 0.021376091980571502 -0.0099797794899997207 0.019167930460717703 0.022973757622493936 -0.0080371145431505902 0.0055829663508946328 0.02626172986475804 -0.004623809867750947 -0.0033804646960300419 0.0061482189024715172 0.0073886884290296946 0.013651005847952952 0.0019194021979776785 0.0057853893297614605 -0.012892685421664118 -0.0088448384146079372 0.02646650391934826 -0.013644527121224541 -0.0083488934282798452 0.026369785983153555 0.027004748231884035
leaf_weight=10.897721484303473 5.8637423366308203 11.861061275005346 4.0191389322280884 4.6039039194583875 11.908577606081964 6.5027355551719657 3.6840396821498871 11.325067445635794 12.920062974095343 7.0909821391105643 3.509596452116968 4.304954841732977 8.5667969286441785 4.5550598949193954 19.947260260581963 6.072446107864379 4.9555127173662186 15.112052410840986 17.85112980008126 4.0450389087200147 3.636086642742157
leaf_count=29 30 33 20 24 30 27 20 35 37 25 15 20 29 19 22 15 27 21 30 22 20
internal_value=1.6175e-06 -0.000705012 0.0066635 0.00204005 -0.00259289 -0.000270527 -0.00302197 0.0076059 -0.00684334 -0.00394542 0.020395 0.0143516 -0.00814151 0.0144254 -0.00887028 -0.00254567 0.0205089 -0.0111732 -0.0107468 0.0227804 0.0266308
internal_weight=183.233 177.369 36.1752 28.111 141.194 99.5342 83.771 22.1548 61.6162 18.952 10.8297 15.7632 41.6599 9.15896 50.7185 14.6392 9.26047 27.0206 37.7984 8.06418 7.32013
internal_count=550 520 143 101 377 282 208 90 118 58 55 74 95 43 89 44 47 51 52 42 40
is_linear=0
shrinkage=0.0138221


Tree=10
num_leaves=22
num_cat=0
split_feature=27 27 8 29 30 21 21 16 24 21 19 19 13 21 27 34 33 22 17 22 16
split_gain=31.5739 46.6561 25.8974 22.9432 16.1894 11.5669 9.65166 9.07911 6.29 4.89279 15.3319 0.000375194 0.000178953 0.000169905 0.000128905 0.000109895 9.78079e-05 9.01955e-05 6.45512e-05 7.45973e-05 3.65852e-05
threshold=-1.0000000180025095e-35 -0.60785761079279388 23.208080429105213 10.947989951562951 54551.039000000012 -0.03694291747865202 0.046226854710299532 0.87481235789469625 -0.0070316722690824821 0.048478078920315644 0.0091301822304127641 0.012672659982104739 50504.688500000011 -0.019570794969895885 0.6078576107927941 0.0067665051934360241 25.500000000000004 0.077123743288343191 -6270.9758824999981 0.042532488219350462 1.3595502661766552
decision_type=2 2 2 2 2 2 2 2 2 2 2 2 2 2 2 2 2 2 2 2 2
left_child=1 3 4 -1 -2 -3 -7 15 -4 11 16 12 20 17 -15 18 -11 -14 -5 -20 -10
right_child=2 5 8 7 -6 6 -8 -9 9 10 -12 -13 13 14 -16 -17 -18 -19 19 -21 -22
leaf_value=0.012405519126348382 -0.0046546567716968957 0.020920705271509986 0.006972575817859243 -0.013542756875336959 0.021475151580151498 -0.0041538143946535499 0.01551916561324258 0.0015049794393463302 -0.013526640832032817 -0.013628977698802712 0.01287345093036849 -0.01372259306983438 -0.013563543650530804 -0.013693940099438045 -0.013600323142129899 -0.01351906486085302 -0.013552869876809016 -0.0136406608174928 -0.013569149059403353 -0.013627920885058426 -0.013573550446186227
leaf_weight=12.361309826374052 8.9517678767442721 27.917805403470993 3.9157200753688803 4.7308536469936397 9.1713742166757566 8.3804703801870364 11.041999876499174 10.644070208072661 6.5670541822910291 5.4520716071128863 6.0944321006536475 4.7066443562507621 11.749245837330816 6.3880301415920275 5.0169129371643066 5.6152810752391806 7.9011328220367432 3.8460671305656424 7.7009238898754182 8.8882805258035642 6.1519854366779327
leaf_count=18 31 30 9 26 10 31 16 32 23 20 11 21 55 26 23 23 35 19 32 34 25
internal_value=-2.30605e-06 0.0053903 -0.0061085 -0.00392943 0.00856856 0.015222 0.0070306 -0.00930262 -0.0100323 -0.0110748 -0.00529282 -0.0136059 -0.0135921 -0.0136122 -0.0136528 -0.0135735 -0.0135839 -0.0135826 -0.0135878 -0.0136006 -0.0135493
internal_weight=183.193 97.281 85.9124 49.9407 18.1231 47.3403 19.4225 37.5794 67.7893 63.8736 19.4476 44.4259 39.7193 27.0003 11.4049 26.9353 13.3532 15.5953 21.3201 16.5892 12.719
internal_count=550 242 308 165 41 77 47 147 267 258 66 192 171 123 49 115 55 74 92 66 48
is_linear=0
shrinkage=0.0138221


Tree=11
num_leaves=24
num_cat=0
split_feature=0 6 32 11 3 10 21 8 21 7 22 30 21 25 3 8 32 23 25 32 22 12 8
split_gain=35.6364 26.4674 14.3233 13.2563 16.8556 10.2933 8.49533 5.54127 4.53323 4.77448 4.2026 4.08334 3.5888 3.26858 2.87225 2.67178 2.40077 2.03112 0.503763 1.20525 0.127769 0.000767389 0.000186304
threshold=-0.56174490092936669 52063.580000000009 11.639994500442748 -0.12510349747278429 36.000000000000007 0.013784727771495101 0.039864490787945968 39.50089791478738 -0.039535570950877112 -2.9614999999999997e-05 0.03871103497064865 48635.505500000007 -0.069204589132544722 0.0010161807763399958 27.500000000000004 43.96051448051842 17.241918021553012 0.073892910693132821 0.00095652940063499872 23.545518978327419 0.041176682306966701 0.017158647549773257 27.100656439331726
decision_type=2 2 2 2 2 2 2 2 2 2 2 2 2 2 2 2 2 2 2 2 2 2 2
left_child=2 5 -1 -3 7 16 8 14 -7 -10 -4 -11 -12 -6 18 -9 -2 -14 -5 -20 -19 22 -22
right_child=1 3 10 4 13 6 -8 15 9 11 12 -13 17 -15 -16 -17 -18 20 19 -21 21 -23 -24
leaf_value=0.013708267942334592 0.023835623384819035 0.017167128928726124 0.0011734657927995162 -0.013665359609376837 0.0037467613848055411 0.020129195857524301 -0.0084813939850698992 0.0081762653415612414 0.015635481475531496 -0.0081415330250838806 -0.003141640487295838 0.010545767830065835 -0.0061471555956107635 0.019072282391896463 -0.0017444530059475985 -0.0066072886218050044 0.013994914083863634 -0.011550242651783029 -0.012363931043677794 -0.0036557564664593187 -0.013645481231724451 -0.013734537507562134 -0.013563863040844493
leaf_weight=5.6201318949460974 12.647731870412828 6.8152151703834525 6.6481772363185874 12.586785808205606 4.7921993136405927 7.0246734321117463 5.3352820575237265 5.7813503146171552 6.6769380718469646 4.9914330840110726 10.711806893348692 4.043748751282692 9.3458827733993513 5.972165659070015 7.0566779226064673 3.9186456501483917 7.5719949156045905 6.7097881734371176 10.806382492184637 4.2231833189725867 8.3176026344299334 10.689680203795431 14.941312611103056
leaf_count=21 38 24 21 31 21 23 18 24 24 26 23 16 18 20 34 20 28 7 30 21 17 20 25
internal_value=6.8798e-07 0.00496046 -0.00749115 -0.00101896 -0.00326684 0.0126313 0.0072155 -0.00703092 0.0108988 0.00677208 -0.00925979 0.000222078 -0.0104022 0.0122495 -0.00961443 0.00220394 0.0201504 -0.0119575 -0.0116254 -0.00991701 -0.0132931 -0.0136376 -0.0135931
internal_weight=183.229 110.244 72.9844 61.9526 55.1374 48.2918 28.0721 44.373 22.7368 15.7121 67.3643 9.03518 60.7161 10.7644 34.673 9.7 20.2197 50.0043 27.6164 15.0296 40.6584 33.9486 23.2589
internal_count=550 398 152 225 201 173 107 160 89 66 131 42 110 41 116 44 66 87 82 51 69 62 42
is_linear=0
shrinkage=0.0138221


Tree=12
num_leaves=19
num_cat=0
split_feature=24 13 21 10 6 34 27 32 14 14 34 30 13 14 10 18 3 10
split_gain=14.0306 11.2778 14.3816 11.0391 12.6277 11.6172 8.22203 10.3034 9.90054 8.01002 7.66398 7.43201 6.73142 5.14254 3.67427 3.48379 3.41914 0.807407
threshold=0.0046856341330148319 57632.248500000009 -0.053475311049393841 0.017376352684268518 52063.580000000009 0.0060938680857268732 0.6078576107927941 22.170656411705853 0.0086926025433258901 0.006030975400064884 -0.0033801029687395841 57652.619000000006 53906.37200000001 0.0065796907768128189 0.011546416940556128 2.5240000000000006e-05 16.500000000000004 0.011757850859890562
decision_type=2 2 2 2 2 2 2 2 2 2 2 2 2 2 2 2 2 2
left_child=1 2 10 4 6 9 7 17 -9 15 12 -3 -1 -11 -7 -6 -8 -4
right_child=-2 11 3 -5 5 14 16 8 -10 13 -12 -13 -14 -15 -16 -17 -18 -19
leaf_value=-0.0080496280590257319 0.020951627440755904 -0.00026401105829796447 -0.007935283586904613 0.021159405128710826 0.018860089544822507 0.0097263861028346627 -0.0012164312691208706 0.014790287631118053 -0.0079328489745955581 -0.011954361782954691 -0.012560826362328347 0.022168688826275148 0.011821997436519988 0.00076101069031158188 0.024228654049407092 0.0039458580319421304 0.013868533546091712 -0.012384604620276808
leaf_weight=7.986708387732504 5.9109124541282645 4.9466939121484739 11.656088545918463 4.8746036887168875 5.4269079416990262 8.1708123534917814 5.901355251669882 6.9857970178127271 7.7023587226867676 8.2738116681575793 28.965985611081123 6.5679087340831757 5.4992574453353882 22.88375648856163 5.6427366584539405 6.6698679625988007 5.5896381437778473 23.505742907524109
leaf_count=17 30 14 34 25 27 36 22 33 16 11 31 34 25 69 30 27 26 43
internal_value=2.68507e-06 -0.000695918 -0.00161491 0.000774371 -6.48309e-05 0.00461495 -0.00441861 -0.00684821 0.00287445 0.00109069 -0.00855354 0.0125316 5.35501e-05 -0.00261552 0.0156505 0.0106367 0.00612145 -0.0109097
internal_weight=183.161 177.25 165.735 123.283 118.409 57.0679 61.341 49.85 14.6882 43.2543 42.452 11.5146 13.486 31.1576 13.8135 12.0968 11.491 35.1618
internal_count=550 520 472 399 374 200 174 126 49 134 73 48 42 80 66 54 48 77
is_linear=0
shrinkage=0.0138221


Tree=13
num_leaves=22
num_cat=0
split_feature=0 28 18 28 6 0 16 7 18 20 10 16 9 15 22 22 22 7 2 16 29
split_gain=78.9086 17.1422 22.0914 20.6411 14.3726 12.33 18.7855 13.3258 4.63781 4.50495 1.78724 5.36094 0.000410814 0.000279586 0.000203195 0.000238668 0.000198354 0.000151522 0.000122511 8.93429e-05 4.39535e-05
threshold=-0.56174490092936669 0.0010432891452193396 6.2360000000000006e-05 -0.0026437280146701099 51503.443000000007 -0.22252093395631442 1.1052384523594625 7.7295000000000011e-05 2.7705000000000003e-05 -1.160713144585978 0.010160184731771658 0.98562395342569475 58.732067779831773 8796.2621245000028 0.056301332508417935 0.051738458220458132 0.030270800233624686 -6.0399999999999989e-06 423.58186650000147 0.73626136310151369 23.190550678086179
decision_type=2 2 2 2 2 2 2 2 2 2 2 2 2 2 2 2 2 2 2 2 2
left_child=1 3 12 4 -1 6 8 10 17 -6 11 16 -3 14 15 18 -7 -2 -12 -16 -21
right_child=5 2 -4 -5 9 7 -8 -9 -10 -11 13 -13 -14 -15 19 -17 -18 -19 -20 20 -22
leaf_value=0.014511233643260712 -0.013495616016527752 -0.013802502217301964 0.016850925753161661 0.022126563534877065 -0.013839257454495737 -0.013423300849695832 0.013550264784156505 0.0064087428485022037 0.002092469977132045 0.0041341804294302044 -0.013465321640415246 0.004623216901864971 -0.013628925534056695 -0.013598630700916022 -0.01341903927745079 -0.013591777774294234 -0.013543251830639267 -0.013593493230414939 -0.013535191620860464 -0.013499943310289914 -0.013456413343139221
leaf_weight=14.257327705621721 7.3379663228988674 4.5923428386449832 7.8758355677127829 31.38903796672821 6.5267389267683029 5.081552177667616 11.802324458956717 8.053513824939726 5.1151880323886862 4.5020348876714689 11.02173294126988 4.4369631707668296 6.0197789818048477 5.3330821692943564 6.1753623485565212 6.6174434423446646 5.4678271412849426 5.1373113095760372 8.4858822375535947 9.6879739463329333 8.1680440902709943
leaf_count=26 32 22 10 26 30 22 19 22 13 13 46 13 25 23 31 24 23 21 33 40 36
internal_value=-3.711e-06 0.0108696 -0.000687681 0.0146398 0.00534596 -0.00757653 6.00017e-05 -0.0104348 -0.00899129 -0.00650235 -0.0123596 -0.00812409 -0.013704 -0.0135035 -0.0134934 -0.01352 -0.0134855 -0.0135359 -0.0134957 -0.0134644 -0.01348
internal_weight=183.085 75.1631 18.488 56.6751 25.2861 107.922 29.3928 78.5294 17.5905 11.0288 70.4759 14.9863 10.6121 55.4895 50.1564 26.1251 10.5494 12.4753 19.5076 24.0314 17.856
internal_count=550 152 57 95 69 398 85 313 66 43 291 58 47 233 210 103 45 53 79 107 76
is_linear=0
shrinkage=0.0138221


Tree=14
num_leaves=22
num_cat=0
split_feature=11 11 13 33 7 10 29 10 22 11 2 20 8 11 8 4 21 11 10 6 8
split_gain=20.3909 25.4376 18.5292 13.495 9.81904 9.11398 11.198 8.61133 6.66787 7.00041 5.89599 5.30806 5.13946 7.78471 4.90195 4.81456 2.12661 5.16341 5.66068 1.44435 0.000324249
threshold=0.0071211040472038975 -0.10073767145736982 51940.837000000007 11.500000000000002 -2.3639999999999994e-05 0.01086850076352105 27.739209542535121 0.014305971173304 0.045769288413267419 -0.020316573706857962 1325.6777010000017 -2.2157805255025997 35.051469068367986 -0.14462326423079278 31.5391998974372 0.011261222335603229 -0.040587644823286632 -0.0099371553564705489 0.016612042897944747 50403.717500000006 31.208526834694606
decision_type=2 2 2 2 2 2 2 2 2 2 2 2 2 2 2 2 2 2 2 2 2
left_child=1 12 7 4 -3 14 -7 19 9 -5 -6 -10 -1 -14 -4 -8 20 18 -18 -2 -13
right_child=2 3 5 8 10 6 15 -9 11 -11 -12 16 13 -15 -16 -17 17 -19 -20 -21 -22
leaf_value=0.018476145471422102 0.025004240663780819 0.017580485825595304 0.018809951607832911 -0.01140847395531549 0.0045771785539490024 -0.0098183487622221233 0.015901564401840637 0.00048016845528558706 0.0094116568502387258 0.0079336758249936579 -0.013649371574204273 -0.013596477611748557 0.015011471516384316 -0.010279074531891745 -0.00026771887712448721 -0.0016412772952159817 0.0063294878014998716 -0.013674333155592801 -0.01363641738081995 0.016974003686945363 -0.013513651100459705
leaf_weight=9.5321817249059695 8.9977404922246986 6.6944152116775539 6.867074251174925 6.208364635705947 8.4380847662687284 18.350833326578144 6.1448972523212415 4.9433873295783988 2.4394222199916831 8.4277903735637647 5.6686715334653845 17.445064038038254 5.3910493850708008 4.088940814137457 4.115170806646347 5.8194287270307541 7.0165340602397901 15.255461499094965 4.4231588691473007 8.160072445869444 18.720061376690865
leaf_count=32 26 23 23 34 27 39 22 23 10 35 22 29 20 22 19 18 30 36 15 28 17
internal_value=1.02449e-06 -0.00335478 0.00633956 -0.00612234 0.00379497 0.000873056 -0.0030352 0.0165541 -0.00870306 -0.000270878 -0.00274699 -0.010593 0.0113093 0.00410307 0.0116613 0.00736875 -0.0113694 -0.00841026 -0.00139033 0.0211851 -0.0135536
internal_weight=183.148 119.749 63.3986 100.737 20.8012 41.2974 30.3152 22.1012 79.9359 14.6362 14.1068 65.2997 19.0122 9.47999 10.9822 11.9643 62.8603 26.6952 11.4397 17.1578 36.1651
internal_count=550 352 198 278 72 121 79 77 206 69 49 137 74 42 42 40 127 81 45 54 46
is_linear=0
shrinkage=0.0138221


Tree=15
num_leaves=21
num_cat=0
split_feature=8 3 29 22 8 1 7 17 20 14 8 32 13 7 7 7 23 0 31 13
split_gain=13.1808 12.2286 11.3981 20.9113 15.515 13.7901 8.48465 9.75117 9.08393 6.50399 6.3764 7.62518 5.49866 5.58098 4.84872 4.69001 3.1597 1.98048 0.54832 0.162103
threshold=36.487255863453719 25.500000000000004 10.947989951562951 0.055933732516623563 34.098658722092615 46.093349259128239 2.6910000000000002e-05 -11212.814724499998 0.86436539008767943 0.0081934060102689336 25.838380002309293 16.582790097949651 56547.833000000006 -2.4599999999999997e-06 3.7205e-05 -3.1374999999999997e-05 0.75752428510031333 -0.22252093395631442 -2081.1117610000006 50974.778000000013
decision_type=2 2 2 2 2 2 2 2 2 2 2 2 2 2 2 2 2 2 2 2
left_child=2 12 -1 5 6 9 7 -5 15 -4 17 -12 14 -14 16 -9 -2 -7 -3 -8
right_child=1 18 3 4 -6 10 19 8 -10 -11 11 -13 13 -15 -16 -17 -18 -19 -20 -21
leaf_value=-0.01071652221140919 -0.0018657280057877378 0.018587728579552806 0.016546478900627926 0.023630569413755742 -0.0066305405786669068 -0.012704211969629706 0.026011341229979768 -0.0097838082233044042 0.018556483111750902 -0.0027220843097178218 -0.0082003680611755277 0.008821386064359657 -0.00029314891482647013 0.018265775292179359 -0.0099515560519180379 0.0060534730209634135 0.013522717356735875 -0.0061221921923528214 0.025756798944599299 0.02208988312580594
leaf_weight=23.576460883021355 6.2304896712303215 4.0648966729640961 7.4931448101997358 5.8982362747192374 11.554726555943487 27.99230332672596 4.439418673515318 7.6501264721155167 5.4616968333721152 6.0482786446809769 12.302056282758715 8.5033465325832349 5.4828213006258011 7.1101679056882841 7.7847966849803916 6.702169165015226 4.3145013451576233 12.694557741284369 4.0881918966770154 3.6861632913351059
leaf_count=27 23 20 36 31 25 33 24 15 27 22 36 37 16 35 20 28 20 34 22 19
internal_value=4.18068e-06 0.00712383 -0.00192777 -0.000207155 0.00719811 -0.00468706 0.0119202 0.00802935 0.00338518 0.00794017 -0.00746775 -0.00124343 0.00315347 0.0101855 -0.00167768 -0.00238819 0.00443048 -0.0106506 0.0221825 0.0242324
internal_weight=183.079 39.0759 144.003 120.426 45.3925 75.0337 33.8378 25.7122 19.814 13.5414 61.4923 20.8054 30.9228 12.593 18.3298 14.3523 10.545 40.6869 8.15309 8.12558
internal_count=550 156 394 367 169 198 144 101 70 58 140 73 114 51 63 43 43 67 42 43
is_linear=0
shrinkage=0.0138221


Tree=16
num_leaves=21
num_cat=0
split_feature=5 27 10 11 21 32 9 8 11 9 18 19 23 10 18 13 18 5 5 6
split_gain=30.0327 34.3908 25.5146 27.6963 26.8396 26.153 30.8597 20.9101 11.0681 5.97402 0.00123367 0.00115889 0.000779127 0.000678108 0.000431281 0.000413389 0.000227733 0.00011872 9.82852e-05 5.93396e-05
threshold=57.396664009951266 0.6078576107927941 0.010075080941732812 -0.10073767145736982 -0.05303084956559239 22.087714072170439 31.748087992450028 24.806750661302889 0.050104339893790824 70.782399265640365 -6.8149999999999991e-06 0.0087091740574069265 0.24884085909130041 0.0090476600351622992 1.2220000000000002e-05 52251.626500000006 5.0945000000000008e-05 49.451704023459989 39.365983417949046 52501.797500000008
decision_type=2 2 2 2 2 2 2 2 2 2 2 2 2 2 2 2 2 2 2 2
left_child=1 2 13 12 -5 7 -7 -6 -9 11 -8 14 -4 -1 19 -13 17 18 -3 -2
right_child=9 16 3 4 5 6 10 8 -10 -11 -12 15 -14 -15 -16 -17 -18 -19 -20 -21
leaf_value=-0.013420536564849919 -0.013331509219324588 -0.013437415558871879 -0.013750328090932301 0.01999490380675284 0.019092362108935071 0.019306316605828561 -0.013475297564207527 -0.013521288993483456 0.011391205613898968 0.0028971940764625716 -0.01368517680748901 -0.013516637220797306 -0.013511595933492134 -0.013634038934361482 -0.013498628008928462 -0.013677098641425463 -0.013517380648542852 -0.013471989994660162 -0.013354967631284171 -0.013394298164356151
leaf_weight=4.5744728296995145 5.6089041382074409 4.7033825516700798 6.0370295792818052 33.231365516781807 26.942504808306694 7.3143825381994274 10.973826915025713 7.2955685853958112 6.392474040389061 4.9199430942535392 10.442132011055945 6.84094190597534 4.6032809168100357 7.5050029009580612 7.4589482247829428 5.5607251971960068 5.3146313577890387 4.6304790526628485 6.6935406923294067 5.9009020179510117
leaf_count=20 19 18 23 36 28 8 52 29 14 15 48 30 20 37 30 25 24 22 27 25
internal_value=-5.70196e-06 0.00278017 0.00554247 0.00757956 0.00978107 0.00488754 -0.00520579 0.0120247 -0.00188687 -0.0112638 -0.0135776 -0.0134847 -0.013647 -0.0135532 -0.0134168 -0.0135886 -0.013439 -0.013413 -0.013389 -0.0133637
internal_weight=182.944 146.654 125.312 113.233 102.592 69.3609 28.7303 40.6305 13.688 36.2904 21.416 31.3704 10.6403 12.0795 18.9688 12.4017 21.342 16.0274 11.3969 11.5098
internal_count=550 406 315 258 215 179 108 71 43 144 100 129 43 57 74 55 91 67 45 44
is_linear=0
shrinkage=0.0138221


Tree=17
num_leaves=22
num_cat=0
split_feature=0 6 33 11 32 31 6 24 8 31 20 24 31 7 32 14 14 18 34 12 34
split_gain=33.9117 24.9299 13.8519 15.6758 13.8008 7.51422 7.21129 6.5694 5.93926 4.41217 2.81177 2.70842 2.27386 4.16246 2.09454 2.0138 2.96715 1.19937 1.04823 0.321476 0.00017267
threshold=-0.56174490092936669 52063.580000000009 33.000000000000007 -0.12421019804813081 11.639994500442748 -1145.3907855000011 49641.400000000001 0.0028897736443519386 39.50089791478738 1.0000000180025095e-35 -1.3632870627717948 0.0010935469032596048 489.48764399999897 4.0310000000000005e-05 28.046409824342266 0.0046910526788465521 0.0078591988458026341 -2.3149999999999997e-05 0.0050576024660080607 -0.012685315646494886 -1.0000000180025095e-35
decision_type=2 2 2 2 2 2 2 2 2 2 2 2 2 2 2 2 2 2 2 2 2
left_child=4 5 3 -3 -1 6 -2 15 14 -10 -6 -4 19 -14 18 -7 -17 -18 20 -12 -5
right_child=1 2 11 8 10 7 -8 -9 9 -11 12 -13 13 -15 -16 16 17 -19 -20 -21 -22
leaf_value=0.013361183700602809 -0.0040915332302391989 0.014567999010625426 0.0057001004867459435 -0.013625156968430134 -0.0030648912117330076 0.025115515660544319 0.015407074198822797 0.00082072821841530196 0.0097120759815768204 -0.0097414243608567666 -0.010499455462414077 0.019552341613980929 -0.0011847176461131884 -0.013445536497752182 -0.0041213680363753873 0.0097357504863457064 0.024498992032022292 0.016482559127998325 -0.0071409456280469453 -0.013527010517722112 -0.013541028511754299
leaf_weight=5.6646894216537467 8.6977116614580137 7.4065616875886908 4.9999429881572706 9.01683661341667 12.046769067645071 6.4218657612800625 6.2117151319980612 4.7947048842906943 5.9801710844039899 3.5495547652244568 9.2697294801473564 5.8538790196180344 11.336200505495073 9.9186196774244291 8.9202771484851819 8.2461745291948336 6.5525097846984863 7.8222944289445859 6.5118899941444388 24.176680922508243 9.6486794501543098
leaf_count=21 33 27 21 31 30 18 22 22 24 19 21 19 25 17 35 32 19 27 34 38 15
internal_value=1.51735e-06 0.00481467 -0.00100853 -0.00402424 -0.00735219 0.0122076 0.00403217 0.0158099 -0.00718061 0.00246619 -0.00911007 0.0131711 -0.0104414 -0.00690626 -0.00987673 0.0182845 0.0163452 0.0201367 -0.0119158 -0.0126879 -0.0135817
internal_weight=183.047 110.635 61.8878 51.034 72.4127 48.747 14.9094 33.8375 43.6274 9.52973 66.748 10.8538 54.7012 21.2548 34.0977 29.0428 22.621 14.3748 25.1774 33.4464 18.6655
internal_count=550 398 225 185 152 173 55 118 158 43 131 40 101 42 115 96 78 46 80 59 46
is_linear=0
shrinkage=0.0138221


Tree=18
num_leaves=21
num_cat=0
split_feature=24 8 29 21 10 22 8 22 22 13 8 19 19 19 5 22 8 8 26 23
split_gain=13.2304 12.0445 9.70405 16.7089 16.4057 13.0349 15.6873 9.43265 9.4268 8.1702 6.90907 8.32445 5.76751 4.20576 4.14456 3.91869 1.70663 0.94354 0.521271 0.486094
threshold=0.0046856341330148319 36.487255863453719 10.947989951562951 0.041518982579783932 0.010075080941732812 0.056301332508417935 34.098658722092615 0.045403124811023425 0.070906919075746977 50313.138500000008 40.415104731646956 0.010467014466273987 0.0072618057827562544 0.0083763132598476675 47.812724389364163 0.048392092984467991 23.35390817949752 28.90735703133112 0.56439436221454897 0.67259581283818759
decision_type=2 2 2 2 2 2 2 2 2 2 2 2 2 2 2 2 2 2 2 2
left_child=1 2 -1 4 18 7 9 13 12 -7 -10 -12 14 -6 -3 17 -9 -5 -4 -14
right_child=-2 8 3 15 5 6 -8 16 10 -11 11 -13 19 -15 -16 -17 -18 -19 -20 -21
leaf_value=-0.01063126633181288 0.020205390226161003 -0.00167113918024501 0.025343892900531521 -0.012656893196558343 -0.003059455045574051 0.0069559886955514781 -0.0086182586265456593 -0.012578567432423114 -0.010757915377284166 0.02388232762597273 0.020207825069604734 -0.0041099838453392294 0.019037918754244851 0.013947140202137148 0.016406434903553369 -0.0017062636685927007 -0.0048310810896639881 -0.0072951577733275262 0.018179202103790183 0.02581352941303797
leaf_weight=23.440186098217964 5.9920726865530005 5.4331639409065264 4.1164918094873419 18.787549465894703 5.5353576540946943 15.61681614816189 8.9092036783695203 15.816852107644083 7.4957334697246578 8.3673747181892377 4.7598631232976896 6.1828073263168335 4.445787310600279 5.5775116682052612 4.3732681423425674 13.048370078206061 8.2735563069581968 9.4116704314947111 3.6694768965244293 3.7118328809738159
leaf_count=27 30 20 22 29 20 66 15 15 14 44 24 22 22 26 21 39 29 27 18 20
internal_value=5.83364e-06 -0.000678097 -0.00251309 -0.000888472 0.00296047 0.000787301 0.00704339 -0.00505829 0.00640784 0.0128611 -0.000534928 0.00646782 0.0135339 0.0054761 0.00639072 -0.00796933 -0.00991779 -0.0108674 0.0219672 0.0221209
internal_weight=182.965 176.973 140.57 117.13 75.8826 68.0967 32.8934 35.2033 36.4025 23.9842 18.4384 10.9427 17.9641 11.1129 9.80643 41.2476 24.0904 28.1992 7.78597 8.15762
internal_count=550 520 377 350 255 215 125 90 143 110 60 46 83 46 41 95 44 56 40 42
is_linear=0
shrinkage=0.0138221


Tree=19
num_leaves=19
num_cat=0
split_feature=5 8 29 8 32 8 8 23 9 12 6 19 7 25 18 33 7 6
split_gain=29.3918 29.0554 28.3011 32.584 23.0914 18.8535 12.2988 6.27317 5.88744 0.00208002 0.00142345 0.00112641 0.00101553 0.000818225 0.000539732 0.000508241 0.000273224 9.42592e-05
threshold=57.396664009951266 37.339828984509452 11.12499031910713 24.806750661302889 20.632617202836297 34.658916630951616 20.563592337283549 0.033379113043447879 70.782399265640365 -0.072932394112220175 55812.425500000005 0.0087091740574069265 1.7150000000000003e-06 -0.0022857301484784744 1.2220000000000002e-05 14.500000000000002 3.0190000000000004e-05 52501.797500000008
decision_type=2 2 2 2 2 2 2 2 2 2 2 2 2 2 2 2 2 2
left_child=1 2 -1 4 -4 7 -6 -5 11 -3 12 14 -9 -8 17 -13 -11 -2
right_child=8 9 3 5 6 -7 13 10 -10 16 -12 15 -14 -15 -16 -17 -18 -19
leaf_value=0.017278444636170339 -0.013238206240225196 -0.013646083254007667 0.016798008356341508 0.0037943463711647939 0.011215723402317647 0.0068164911372095788 -0.013407580798262708 -0.013329351775210163 0.0028574864756583229 -0.013276948502088604 -0.013690233029868321 -0.013395975439166694 -0.013496940357853369 -0.013663610705036329 -0.01343043442682702 -0.013578589078364171 -0.013407331210674086 -0.013317661026335
leaf_weight=28.309710815548897 5.559212759137159 6.0419925451278713 31.446536898612976 4.6035527586936942 6.4061983972787848 15.651254534721373 5.0685392767190907 12.696778461337091 4.9250063598155966 7.0545746833085996 4.3185736089944831 4.7213612347841245 15.151870563626288 4.5037582665681848 7.4138778150081626 7.596871629357338 5.4373656511306763 5.8588568568229675
leaf_count=34 19 26 38 12 13 39 22 52 15 33 18 20 74 20 30 35 25 25
internal_value=-8.22539e-06 0.00274058 0.00507996 0.00162131 0.00992292 -0.00588897 -0.00360762 -0.011297 -0.0111855 -0.0134355 -0.0134567 -0.0134058 -0.0134205 -0.013528 -0.0133386 -0.0135086 -0.0133337 -0.013279
internal_weight=182.766 146.691 128.157 99.8471 47.425 52.422 15.9785 36.7708 36.0752 18.5339 32.1672 31.1502 27.8486 9.5723 18.8319 12.3182 12.4919 11.4181
internal_count=550 406 322 288 93 195 55 156 144 84 144 129 126 42 74 55 58 44
is_linear=0
shrinkage=0.0138221


Tree=20
num_leaves=23
num_cat=0
split_feature=0 6 32 11 3 19 19 22 6 21 21 11 21 22 3 27 23 25 12 22 11 1
split_gain=33.1102 24.2125 13.4546 12.4381 15.6758 7.82996 7.64211 4.09872 3.5649 3.83578 3.48385 3.43331 12.1431 3.11792 3.1072 2.5909 2.01104 0.865436 0.828969 0.123997 0.000773072 0.000429015
threshold=-0.56174490092936669 52063.580000000009 11.639994500442748 -0.12510349747278429 36.000000000000007 0.0080884594605597753 0.008580002898223171 0.03871103497064865 48283.315500000004 -0.022334768622548847 -0.069204589132544722 -0.038902444966727505 -0.023402415291980058 0.054604324278932755 44.500000000000007 0.6078576107927941 0.073892910693132821 0.00095652940063499872 0.0093102139994141204 0.041176682306966701 -0.0082155120002148623 52.519608208219715
decision_type=2 2 2 2 2 2 2 2 2 2 2 2 2 2 2 2 2 2 2 2 2 2
left_child=2 5 -1 -3 11 13 -7 -4 9 -8 -9 17 -13 18 -6 21 -12 -5 -2 -18 -21 -14
right_child=1 3 7 4 14 6 8 10 -10 -11 16 12 15 -15 -16 -17 19 -19 -20 20 -22 -23
leaf_value=0.013096397292054486 0.016910683547677271 0.016467390599257125 0.0012858599142494312 -0.01349712663668765 0.018907241366894402 -0.005616464936703835 0.014877483457435826 -0.0030067954484207346 0.017306187528784042 -0.0017616712519399171 -0.0059163676904543669 0.011652421279492817 -0.013503735209273464 0.00861751462261264 0.0041598031733246551 -0.002542024157341588 -0.011344283379954445 -0.007353048236617166 0.023359455284269821 -0.013367902872861274 -0.013507815027701035 -0.013680417049959159
leaf_weight=5.6985714435577384 5.8864460140466752 6.9158332198858252 6.6194735467433921 12.234324663877485 5.5253011584281904 6.7957231849432018 4.8359240889549282 10.643423795700071 9.8236937671899778 5.8475474864244452 9.2361249923706037 7.1878755390644065 7.3501331359148114 4.9782067984342566 5.3943528681993484 6.3250645101070395 6.6124718785285941 6.8224671334028235 10.787401229143141 21.771233901381486 11.546555131673818 4.0848966836929321
leaf_count=21 20 24 21 30 18 24 17 23 33 28 18 28 22 20 23 21 7 36 31 36 26 23
internal_value=2.3834e-06 0.00474713 -0.00728599 -0.00100194 -0.0032016 0.0120094 0.00708671 -0.00903447 0.0112963 0.00577012 -0.0101767 -0.00688002 -0.00350568 0.0182168 0.0116219 -0.00964048 -0.0117288 -0.0112975 0.0210828 -0.0130732 -0.0134164 -0.0135669
internal_weight=182.923 110.795 72.1279 61.8402 54.9244 48.9549 27.3029 66.4293 20.5072 10.6835 59.8098 44.0048 24.948 21.6521 10.9197 17.7601 49.1664 19.0568 16.6738 39.9303 33.3178 11.435
internal_count=550 398 152 225 201 173 102 131 78 45 110 160 94 71 41 66 87 66 51 69 62 45
is_linear=0
shrinkage=0.0138221


Tree=21
num_leaves=20
num_cat=0
split_feature=24 8 3 6 21 21 22 27 26 22 32 17 11 12 8 8 31 16 21
split_gain=12.8244 11.7077 12.9368 10.1027 8.92954 19.3433 14.6353 11.1397 13.2483 6.75212 7.87568 6.43122 5.69906 4.62766 3.18639 2.08145 0.520503 0.35132 0.00990682
threshold=0.0046856341330148319 36.487255863453719 25.500000000000004 56547.833000000006 0.041518982579783932 -0.019570794969895885 0.045403124811023425 -1.0000000180025095e-35 0.56141500766812691 0.058866740774584994 28.488227102029111 132.2280350000008 0.044443234710166653 0.027780589208204923 53.737647373650809 25.838380002309293 -2081.1117610000006 0.61100016142646096 0.0034882651845254968
decision_type=2 2 2 2 2 2 2 2 2 2 2 2 2 2 2 2 2 2 2
left_child=1 4 3 12 5 6 -1 11 -9 17 -11 18 -3 15 -5 -6 -4 -8 -7
right_child=-2 2 16 14 13 7 9 8 -10 10 -12 -13 -14 -15 -16 -17 -18 -19 -20
leaf_value=0.013499219548439701 0.019825554289429559 -0.0098559795233100888 0.018048610309312273 0.021629547183386964 -0.012716743033375518 0.02493677420298103 -0.013455789822300362 -0.0081048104134266181 0.015482395382549075 0.0082509954577352357 -0.0068285765583725932 0.0031935254683041208 0.0057810479393178467 0.0012010383969280295 0.0054570090163908172 -0.0052902449340512699 0.024993410952834933 -0.010253974417261906 0.025867309676997442
leaf_weight=7.7899892777204505 6.0323774367570868 11.768228620290762 4.1063745021820068 4.7148716300725919 21.850564584136009 4.7085777223110217 9.6438586413860339 10.525855138897898 8.0126086026430112 9.6811986863613146 20.905965507030487 3.491282492876052 7.1634750813245764 8.4697173833847028 4.5966867059469223 10.761192262172697 4.1411114484071714 20.390517726540565 4.0797762721776962
leaf_count=36 30 33 20 24 29 25 10 30 38 37 38 14 25 33 19 33 22 32 22
internal_value=7.37812e-06 -0.000668807 0.00630583 0.00185848 -0.0024827 -0.000239101 -0.00433508 0.00885335 0.00208994 -0.00662682 -0.00205571 0.019064 -0.00393916 -0.00790198 0.0136459 -0.0102662 0.0215356 -0.0112821 0.0253688
internal_weight=182.834 176.802 36.4907 28.2433 140.311 99.2296 68.4115 30.8181 18.5385 60.6215 30.5872 12.2796 18.9317 41.0815 9.31156 32.6118 8.24749 30.0344 8.78835
internal_count=550 520 143 101 377 282 153 129 68 117 75 61 58 95 43 62 42 42 47
is_linear=0
shrinkage=0.0138221


Tree=22
num_leaves=20
num_cat=0
split_feature=0 8 29 28 0 29 8 9 12 18 16 29 29 18 6 10 3 25 24
split_gain=73.3185 18.059 26.5546 11.7477 11.6277 19.7877 7.64797 6.27595 6.0571 3.48941 0.00149863 0.00131231 0.00107837 0.000688164 0.000465262 0.000462459 0.000306965 0.000224148 0.000140973
threshold=-0.56174490092936669 25.9711011105769 12.009679096138274 -0.0083654292816703873 -0.22252093395631442 10.947989951562951 23.35390817949752 70.337323477078158 0.01836761312004143 3.7935000000000009e-05 0.71072071954895832 22.801629472425219 10.651047116612803 4.2280000000000009e-05 52141.509000000005 0.01869703323936386 26.500000000000004 0.0010488011835549872 -0.0014266979968140332
decision_type=2 2 2 2 2 2 2 2 2 2 2 2 2 2 2 2 2 2 2
left_child=1 9 -3 -4 5 -2 -6 12 10 -1 -7 -5 13 -8 17 16 -16 18 -14
right_child=4 2 3 11 6 8 7 -9 -10 -11 -12 -13 14 -15 15 -17 -18 -19 -20
leaf_value=0.013782940412066024 0.014261145444572973 0.016210790778225175 0.0078454321438627961 -0.013700004935978782 3.1343150549768162e-05 -0.013314656073496148 -0.013536131702939649 0.0029985105750029305 0.0055907159048362498 0.02252612815736774 -0.013614382316287059 -0.013435374635504843 -0.013227804198027736 -0.013296219213015914 -0.01337888659620844 -0.013161877572271292 -0.013271362614215477 -0.013273726565186338 -0.013151819219084539
leaf_weight=20.235322564840317 11.383906126022341 18.53508535027504 7.422132775187495 6.615907818078993 11.78874798119068 8.8533354699611682 4.5977896153926832 4.8909869045019141 4.1649127602577201 15.32607291638851 4.9797649085521689 7.8025622367858887 8.9016502648592013 4.5394307374954224 10.065788477659231 3.9875706136226645 10.225789263844488 8.4601408690214139 9.8007217794656771
leaf_count=35 14 27 16 30 36 37 19 14 13 10 21 34 35 21 50 19 47 34 38
internal_value=-1.11712e-05 0.0103687 0.00404278 -0.00628364 -0.00740252 -1.46877e-06 -0.0102172 -0.0120626 -0.0090227 0.017551 -0.0134226 -0.0135568 -0.0132786 -0.0134169 -0.013254 -0.013298 -0.0133247 -0.0132147 -0.013188
internal_weight=182.578 75.9371 40.3757 21.8406 106.641 29.3819 77.2586 65.4699 17.998 35.5614 13.8331 14.4185 60.5789 9.13722 51.4417 24.2791 20.2916 27.1625 18.7024
internal_count=550 152 107 80 398 85 313 277 71 45 58 64 263 40 223 116 97 107 73
is_linear=0
shrinkage=0.0138221


Tree=23
num_leaves=22
num_cat=0
split_feature=0 6 32 11 3 10 9 15 22 11 11 2 25 27 27 1 6 10 25 24 1
split_gain=32.4419 23.5465 13.1727 12.0927 15.2654 8.95547 8.25392 8.041 4.03326 3.37504 9.44289 3.03675 3.01571 2.58253 2.45559 8.07591 2.15978 1.43015 0.867 0.332326 0.000504888
threshold=-0.56174490092936669 52063.580000000009 11.639994500442748 -0.12510349747278429 36.000000000000007 0.013784727771495101 52.135744604872215 -7368.0950379999995 0.03871103497064865 -0.038902444966727505 -0.0099371553564705489 3424.6191835000018 0.0010161807763399958 0.6078576107927941 1.0000000180025095e-35 49.875919450761415 50403.717500000006 0.016186572820780998 0.00095652940063499872 -0.0014266979968140332 52.519608208219715
decision_type=2 2 2 2 2 2 2 2 2 2 2 2 2 2 2 2 2 2 2 2 2
left_child=2 5 -1 -3 9 16 7 -7 -4 18 -11 -8 -6 20 19 -16 -2 -9 -5 -10 -12
right_child=1 3 8 4 12 6 11 17 14 10 13 -13 -14 -15 15 -17 -18 -19 -20 -21 -22
leaf_value=0.012884529984654225 0.022798371596517108 0.016177465886439642 0.0012599389859768459 -0.013423000961927419 0.0032832150842027441 -0.0023250409113513442 -0.0091044031827559845 0.013511251677830752 -0.010730675519352868 0.0088001138021637365 -0.013421025457000926 0.0053568164226190252 0.017873770143243289 -0.0022446932443571576 0.0037024707445793784 -0.013385341613296083 0.013845827450494565 0.022958724702751964 -0.0072554768149395597 -0.013360346341622531 -0.01362070223826378
leaf_weight=5.7250158488750449 11.328533113002779 6.9572168141603461 6.6252437978982917 12.155192270874975 4.8559604138135892 4.832796365022662 6.0436170250177366 5.5722255408763903 15.891577333211897 8.088535547256468 6.9494272470474332 5.1284542679786682 6.1140289604663849 6.1530087888240805 8.9130727201700228 12.978036195039747 9.4370835274457914 6.7933682501316071 6.7854924947023383 21.744487375020981 3.7113247215747833
leaf_count=21 33 24 21 30 21 23 22 20 29 33 20 22 20 20 30 25 33 20 36 26 21
internal_value=3.77846e-06 0.00469167 -0.0072296 -0.000988632 -0.00316746 0.0118325 0.00678406 0.012793 -0.00897033 -0.00681619 -0.0034716 -0.00246609 0.0114151 -0.00937511 -0.0101089 -0.00642795 0.0187298 0.0187015 -0.0112135 -0.01225 -0.0134905
internal_weight=182.784 110.906 71.8774 61.7702 54.813 49.1361 28.3705 17.1984 66.1524 43.843 24.9023 11.1721 10.97 16.8138 59.5272 21.8911 20.7656 12.3656 18.9407 37.6361 10.6608
internal_count=550 398 152 225 201 173 107 63 131 160 94 44 41 61 110 55 66 40 66 55 41
is_linear=0
shrinkage=0.0138221


Tree=24
num_leaves=18
num_cat=0
split_feature=24 13 21 19 6 34 16 9 34 13 14 7 16 19 24 21 32
split_gain=12.4592 10.3326 13.5322 14.2506 11.5942 10.8922 8.06588 9.70265 7.41662 6.25706 5.40654 7.42795 5.12178 4.667 4.45073 3.22482 2.81888
threshold=0.0046856341330148319 57632.248500000009 -0.053475311049393841 0.011925319560653229 52063.580000000009 0.0060938680857268732 0.82093600430725877 55.667284438738548 -0.0033801029687395841 53906.37200000001 0.0069397174499840385 2.5945000000000003e-05 1.1352492867896029 0.0079579503044203189 -0.0017374795255135982 0.024087057981864505 15.899650750402552
decision_type=2 2 2 2 2 2 2 2 2 2 2 2 2 2 2 2 2
left_child=1 2 8 4 10 6 7 -6 9 -1 16 15 -8 -7 -3 -12 -4
right_child=-2 14 3 -5 5 13 12 -9 -10 -11 11 -13 -14 -15 -16 -17 -18
leaf_value=-0.0077985878231775522 0.019484412136888875 0.02057723218103923 -0.012532599441917761 0.021001231111585875 0.019883555629028306 0.0072539826858712035 -0.008399625921970055 -0.0028468428975147613 -0.012334602315442842 0.011357988748714111 -0.0076455774964889981 0.013790918447259727 0.0035919458187184754 0.023346314412565204 0.0035009241135838258 0.0021826848284988601 -0.0035774168258469498
leaf_weight=7.8714348226785642 6.0677846372127524 5.746233269572258 16.944949507713321 6.3050931990146628 7.5884201824665052 7.3122867643833143 16.904660999774936 6.8053251951932907 28.436625525355339 5.5573446601629257 16.004427701234821 5.5957850515842429 11.389707580208777 6.5070505738258362 5.9205377697944623 10.604450866580008 11.124125480651854
leaf_count=17 30 29 38 32 38 31 32 20 31 25 44 26 41 34 19 37 26
internal_value=9.70569e-06 -0.000659354 -0.00154847 0.00076042 -0.000332395 0.00416562 0.000712832 0.00913668 -0.00833672 0.000129139 -0.00454934 -0.000684556 -0.0035725 0.0148313 0.0119115 -0.00372871 -0.00898355
internal_weight=182.686 176.618 164.952 123.086 116.781 56.5075 42.6881 14.3937 41.8654 13.4288 60.2737 32.2047 28.2944 13.8193 11.6668 26.6089 28.0691
internal_count=550 520 472 399 367 196 131 58 73 42 171 107 73 65 48 81 64
is_linear=0
shrinkage=0.0138221


Tree=25
num_leaves=19
num_cat=0
split_feature=0 32 28 26 0 29 7 26 12 8 8 7 32 7 15 18 8 1
split_gain=71.2115 23.2811 11.6049 15.6918 11.4066 19.2251 12.8606 11.2988 5.92757 5.05278 3.05694 0.00108045 0.0010652 0.000515084 0.000299863 0.000254328 0.000220007 0.000186933
threshold=-0.56174490092936669 14.080372940167869 -0.0026437280146701099 0.023373055449385862 -0.22252093395631442 10.947989951562951 7.7295000000000011e-05 0.33362286699443139 0.01836761312004143 24.672772688473042 23.023273414488937 -6.0399999999999989e-06 30.48963171942675 3.1125000000000004e-05 -11366.517490499997 -6.4359999999999987e-05 39.210975542079233 43.857798298359619
decision_type=2 2 2 2 2 2 2 2 2 2 2 2 2 2 2 2 2 2
left_child=1 -1 3 -3 5 -2 10 14 11 -4 -6 -7 13 15 -5 -12 -17 -15
right_child=4 2 9 7 6 8 -8 -9 -10 -11 12 -13 -14 17 -16 16 -18 -19
leaf_value=-0.013409282709647176 0.013984582278067429 0.018921255433918677 0.021534807103829212 -0.013698559692402428 -0.004498159937612968 -0.013207882767389621 0.0064044556185040499 0.010093538120216187 0.0054626059483212606 0.012141531784618862 -0.013263204083022593 -0.013453608801932762 -0.013354537199062037 -0.013181413449044515 -0.013862021071017751 -0.013150647224710932 -0.013054157390216788 -0.013287594851473163
leaf_weight=7.2357640713453284 11.447004944086077 9.7384931892156619 22.426355674862862 5.0871163755655271 8.8691893368959409 6.441344007849696 8.0398543775081617 6.6654919236898413 4.1793043315410605 21.362452328205109 3.3076058179140011 7.2850599288940421 6.9216408729553214 5.1708365529775611 3.7061187922954559 31.005004361271865 5.2840610444545737 8.1767306178808195
leaf_count=30 14 10 17 25 31 27 22 15 13 38 13 31 32 25 17 128 27 35
internal_value=-1.44282e-05 0.0101779 0.0126519 0.00517845 -0.00733463 -5.97518e-06 -0.0101365 -0.00347907 -0.00895005 0.0169523 -0.0120713 -0.0133383 -0.0131933 -0.0131722 -0.0137675 -0.0131472 -0.0131366 -0.0132465
internal_weight=182.349 76.2218 68.986 25.1972 106.128 29.3527 76.7749 15.4587 17.9057 43.7888 68.7351 13.7264 59.8659 52.9442 8.79324 39.5967 36.2891 13.3476
internal_count=550 152 122 67 398 85 313 57 71 55 291 58 260 228 42 168 155 60
is_linear=0
shrinkage=0.0138221


Tree=26
num_leaves=22
num_cat=0
split_feature=0 13 32 21 21 19 19 19 27 22 15 8 16 13 26 27 4 13 9 8 2
split_gain=31.6432 16.7476 12.8964 9.77031 14.5012 9.61437 8.09116 9.55843 5.0985 4.46447 4.16717 3.90482 3.45691 2.92373 2.80253 1.80557 4.47135 0.93294 0.432831 0.206062 0.00128265
threshold=-0.56174490092936669 51897.909000000007 14.080372940167869 0.046226854710299532 -0.12539316918096424 0.0079579503044203189 0.0080884594605597753 0.008580002898223171 0.6078576107927941 0.055745608730648662 840.44714250000118 21.989665755636199 1.3857746008143184 55157.200000000004 0.53035046943783437 1.0000000180025095e-35 0.00090983861963533929 53712.113000000005 50.787122865194235 31.208526834694606 -1.0000000180025095e-35
decision_type=2 2 2 2 2 2 2 2 2 2 2 2 2 2 2 2 2 2 2 2 2
left_child=2 6 -1 4 -3 -5 9 -8 13 18 -10 -9 15 17 -13 19 -17 -6 -2 -4 -19
right_child=1 3 12 5 8 -7 7 11 10 -11 -12 14 -14 -15 -16 16 -18 20 -20 -21 -22
leaf_value=0.0097776549403965525 0.019027583450003393 0.017157595376738118 -0.013337126675326969 0.017103317729450063 -0.0079035624897382476 -0.0037018106923011524 -0.0078246716415884925 -0.00076263006221487489 0.0086495852803811311 0.0063581224101889062 -0.0098132246502091874 0.018393454275595314 -0.0022403538545282646 -0.00074332094234452002 0.0062031964517427606 0.00068583262247042507 -0.013310066964541067 -0.013315130312468847 0.023868485899619464 -0.01115711130179149 -0.013602182411294348
leaf_weight=7.6665179431438437 6.3092931956052807 5.8539426624774924 21.534445688128471 10.683326080441477 10.083470001816755 7.0398964136838904 6.9734902083873775 4.277196720242503 6.7957528680562955 4.8224150389432898 3.5586259067058563 10.282465100288389 11.252577170729635 6.5975884795188895 5.5467135161161414 7.8628886342048672 9.7919265776872617 9.9733518064022046 8.0068233311176282 13.462440371513365 4.2375786900520316
leaf_count=30 20 20 35 35 34 25 26 20 27 20 19 33 26 32 23 27 17 18 22 17 24
internal_value=4.69772e-06 0.00462398 -0.0071621 9.13577e-05 -0.00320036 0.00883925 0.0109812 0.00611931 -0.00608969 0.0178605 0.00230423 0.0109555 -0.00919434 -0.00890316 0.0141219 -0.0106805 -0.00707674 -0.0111191 0.021735 -0.0124985 -0.0134007
internal_weight=182.613 111.042 71.5708 64.8235 47.1003 17.7232 46.2184 27.0799 41.2464 19.1385 10.3544 20.1064 63.9043 30.892 15.8292 52.6517 17.6548 24.2944 14.3161 34.9969 14.2109
internal_count=550 398 152 234 174 60 164 102 154 62 46 76 122 108 56 96 44 76 42 52 42
is_linear=0
shrinkage=0.0138221


Tree=27
num_leaves=22
num_cat=0
split_feature=24 8 3 6 29 22 8 8 11 15 15 16 11 13 8 6 32 11 24 19 34
split_gain=12.1348 11.2397 12.4526 9.7186 9.32015 14.5309 12.623 11.5042 10.2402 9.7881 10.5491 5.73169 5.51418 5.31358 3.00327 2.97188 2.32819 5.51251 0.676469 0.543639 0.502114
threshold=0.0046856341330148319 36.487255863453719 25.500000000000004 56547.833000000006 10.947989951562951 0.055933732516623563 34.098658722092615 27.100656439331726 0.0099101924117881452 -7368.0950379999995 1654.2065940000018 1.4475866220115086 0.044443234710166653 55037.715500000006 53.737647373650809 52105.391000000011 16.432616527054126 -0.026703515835235388 0.00169561564083936 0.0085871013945983485 -0.0052643993349678056
decision_type=2 2 2 2 2 2 2 2 2 2 2 2 2 2 2 2 2 2 2 2 2
left_child=1 4 3 12 -1 7 9 16 13 19 -11 -12 -3 18 -5 -10 -6 -18 -9 -7 -4
right_child=-2 2 20 14 5 6 -8 8 15 10 11 -13 -14 -15 -16 -17 17 -19 -20 -21 -22
leaf_value=-0.010449368265969001 0.019181211996670337 -0.0097680166026571664 0.017621885055963141 0.020996336777805113 -0.012237268104355204 0.017948646455677709 -0.0069461440504246449 0.021941848687847373 -0.011403983286503896 -0.0059198675221272864 0.023231465040750642 0.0041633331548450976 0.0056080859820822389 -0.0010691494272567366 0.0053473267881343298 0.0003784017060171646 -0.011705187978794397 0.0015181582781225716 0.013942577298752794 0.024595327466343776 0.024413682968090239
leaf_weight=23.13448403775692 6.0986785739660254 11.699743121862417 4.1378868669271469 4.7652895152568799 20.9821996986866 4.111547604203226 11.238219037652014 4.4868808239698428 7.2377420067787197 9.5014261454343814 5.9365614503622037 6.1129461228847504 7.1969381123781195 4.0228726565837851 4.6092597842216492 9.4039215147495252 13.875059083104135 10.643153116106985 3.6732348054647446 5.4904311895370483 4.1807901710271818
leaf_count=27 30 33 20 24 37 20 24 23 18 28 31 20 25 15 19 36 20 32 17 29 22
internal_value=1.23883e-05 -0.000650183 0.00617013 0.00179612 -0.00243462 -0.000846004 0.00561182 -0.00452921 0.002303 0.010142 0.00497046 0.0135578 -0.00391192 0.0119317 0.0133021 -0.00474596 -0.00885744 -0.00596504 0.018341 0.0217492 0.0210353
internal_weight=182.539 176.441 36.5899 28.2712 139.851 116.716 42.3911 74.3251 28.8247 31.1529 21.5509 12.0495 18.8967 12.183 9.37455 16.6417 45.5004 24.5182 8.16012 9.60198 8.31868
internal_count=550 520 143 101 377 350 152 198 109 128 79 51 58 55 43 54 89 52 40 49 42
is_linear=0
shrinkage=0.0138221


Tree=28
num_leaves=21
num_cat=0
split_feature=0 8 29 32 8 7 33 21 7 8 0 1 32 7 33 19 5 19 22 11
split_gain=69.4152 27.6016 22.4677 22.5236 13.8188 12.6779 12.3852 5.63061 4.08322 3.02355 0.00544372 0.00162897 0.000984252 0.000485742 0.0003092 0.000346202 0.0003031 0.000200101 0.000172127 0.000131346
threshold=-0.22252093395631442 37.525694922580065 11.700338355102819 22.087714072170439 24.806750661302889 7.7295000000000011e-05 36.000000000000007 0.017743759854605971 2.9005000000000004e-05 23.023273414488937 -0.56174490092936669 43.058078163344327 30.48963171942675 3.9530000000000009e-05 15.500000000000002 0.0059304252780524791 59.626073858659957 0.01174286024241942 0.040087569793369589 -0.010277132885845084
decision_type=2 2 2 2 2 2 2 2 2 2 2 2 2 2 2 2 2 2 2 2
left_child=1 2 -1 4 8 9 -6 10 -4 -2 -5 -3 13 14 17 -16 -17 19 -15 -11
right_child=5 11 3 7 6 -7 -8 -9 -10 12 -12 -13 -14 18 15 16 -18 -19 -20 -21
leaf_value=0.019291596054138174 -0.0044620828589009408 -0.013663943593369966 0.0098542352752822165 -0.013771798187140707 -0.013468419174915203 0.0063398445543488826 0.013153874281916215 0.0047967696338957764 0.019529414049443503 -0.013094213414448486 -0.013194606482110275 -0.013323715489474971 -0.013276545162430568 -0.013141415198714559 -0.013009074565236537 -0.01320194435859114 -0.013087273264998442 -0.012963029232337536 -0.013261321152892334 -0.013011594034164806
leaf_weight=31.003850013017654 8.8522652685642225 4.6486427336931211 16.797366306185722 6.3099661320447931 7.6732678264379484 8.0520282685756666 5.9099624454975128 4.3353503346443167 16.539225846529007 10.653277426958088 6.1786305159330377 6.3764297962188721 6.8692501783370963 5.6225002110004407 4.525540545582774 8.8079943954944628 8.8072208911180478 4.6668589860200873 3.8558581620454788 5.6132633984088907
leaf_count=30 31 19 30 29 35 22 10 13 13 47 30 28 32 26 19 40 37 20 18 21
internal_value=-1.75371e-05 0.0072318 0.00964039 0.00494621 0.00986616 -0.0100637 -0.00188526 -0.0087749 0.0146544 -0.0119983 -0.0134862 -0.0134672 -0.0131209 -0.0131006 -0.0130809 -0.0131169 -0.0131446 -0.0130428 -0.0131902 -0.0130657
internal_weight=182.099 105.773 94.7476 63.7438 46.9198 76.3261 13.5832 16.8239 33.3366 68.274 12.4886 11.0251 59.4218 52.5525 43.0742 22.1408 17.6152 20.9334 9.47836 16.2665
internal_count=550 237 190 160 88 313 45 72 43 291 59 47 260 228 184 96 77 88 44 68
is_linear=0
shrinkage=0.0138221


Tree=29
num_leaves=21
num_cat=0
split_feature=0 13 33 11 12 19 19 8 8 31 8 25 20 10 31 30 29 31 18 8
split_gain=30.762 16.1816 15.2579 13.5887 13.1416 7.7808 9.34904 5.24028 4.7973 4.46251 3.76116 3.99954 3.23897 3.12737 2.91832 1.14594 2.02205 1.01574 1.70401 0.000537411
threshold=-0.56174490092936669 51897.909000000007 33.000000000000007 -0.12421019804813081 0.026963506488525638 0.0080884594605597753 0.008580002898223171 39.50089791478738 31.5391998974372 1.0000000180025095e-35 21.989665755636199 0.00055604944440249763 -1.3632870627717948 0.013784727771495101 1986.8621219999995 52251.626500000006 12.243496830060101 -202.93497300000226 1.7890000000000003e-05 23.812333034920808
decision_type=2 2 2 2 2 2 2 2 2 2 2 2 2 2 2 2 2 2 2 2
left_child=4 5 3 -3 12 13 -7 14 -4 -9 -8 -12 -1 -2 17 19 -17 18 -5 -14
right_child=1 2 8 7 -6 6 10 9 -10 -11 11 -13 15 -15 -16 16 -18 -19 -20 -21
leaf_value=-0.0027840231363645495 0.021459224283184863 0.013720260375113858 0.020289902039739842 -0.011896902026725243 0.0089996044929692379 -0.0077983029231767816 -0.00073843406915416053 0.010206675211822025 0.0039097816092144473 -0.0095328600198320255 0.018449034014027123 0.0033833761128289879 -0.013194414597869861 0.0096684581765963205 0.0011819116593902365 -0.013202721315506354 -0.0059589594368930996 -0.013372551079860004 -0.0027718703605616045 -0.013344281625123102
leaf_weight=11.891214415431021 12.788849219679834 7.5406765192747107 7.6415682882070524 9.6574665307998675 8.5394908189773542 6.964021489024165 4.2727476209402111 5.8287740647792798 6.177400529384613 3.5030328333377838 11.071261391043661 4.8375287950038901 6.7968022525310543 6.4731498807668677 4.7308935970067969 12.911146000027658 17.130675300955772 13.139898136258127 6.5693775415420523 13.961468949913977
leaf_count=30 37 27 23 35 34 26 20 23 26 19 35 21 10 25 22 16 31 36 23 31
internal_value=5.10954e-06 0.00454793 8.5379e-05 -0.00340724 -0.00708657 0.010778 0.00601051 -0.00638109 0.0129676 0.00279672 0.0107755 0.0138679 -0.00927775 0.0174968 -0.00889287 -0.0107978 -0.00907213 -0.0105159 -0.00820267 -0.0132952
internal_weight=182.427 111.197 64.7891 50.9701 71.2308 46.4076 27.1456 43.4294 13.819 9.33181 20.1815 15.9088 62.6913 19.262 34.0976 50.8001 30.0418 29.3667 16.2268 20.7583
internal_count=550 398 234 185 152 164 102 158 49 42 76 56 118 62 116 88 47 94 58 41
is_linear=0
shrinkage=0.0138221


Tree=30
num_leaves=24
num_cat=0
split_feature=8 3 29 9 2 11 8 6 19 11 26 11 16 7 17 34 26 18 30 25 25 12 3
split_gain=11.5479 10.9774 10.4809 11.4698 12.5195 19.9405 12.1601 7.90639 5.47131 10.5029 5.37737 4.62621 4.53045 4.18063 5.03568 4.12816 3.5018 2.59006 2.31703 1.32419 0.669367 0.50001 0.210308
threshold=36.487255863453719 25.500000000000004 10.947989951562951 41.872862873186428 2410.6354245000011 0.0029116198427554534 34.279400711846769 56547.833000000006 0.0080884594605597753 -0.034524592463605612 0.56439436221454897 -0.12510349747278429 1.4475866220115086 3.7205e-05 1134.6367450000018 0.0021048878127347685 0.92539885438722802 -8.6799999999999982e-06 49673.928000000007 0.0022910198221322352 0.00050270008171310083 -1.0000000180025095e-35 26.500000000000004
decision_type=2 2 2 2 2 2 2 2 2 2 2 2 2 2 2 2 2 2 2 2 2 2 2
left_child=2 7 -1 6 8 17 12 13 20 -10 -11 -9 18 14 -2 -7 -17 -6 -4 -19 -5 -3 -20
right_child=1 21 3 4 5 15 -8 11 9 10 -12 -13 -14 -15 -16 16 -18 19 22 -21 -22 -23 -24
leaf_value=-0.010363829276873748 -0.0044077407428507577 0.017288393588238464 0.010701065996331629 -0.012837986028360874 0.0077262785147461386 -0.011191094517459416 -0.0071027208608350099 0.0032729342049377191 -0.009075970220069814 0.00061193689565384719 0.01953187647266855 0.021126410080833973 0.0014343645456485544 -0.010015719894602556 0.01392572515264338 -0.0059014526322893361 0.0089229872978210494 0.024745005106638063 0.024706589450352104 0.014979019079035483 -0.0082237172325329514 0.024046091952997235 0.020337243610732001
leaf_weight=22.987260222434998 7.2247627973556572 4.1625641733407974 4.7372539043426576 16.260519653558735 5.4031309485435512 10.107290595769884 6.9172974079847327 5.5364039540290833 18.890310376882557 8.2423211187124235 4.4031899571418753 5.555108428001402 3.8597027510404578 8.0744462013244611 4.7403765916824341 6.8068606704473478 5.5073936730623245 4.911098897457121 4.7229057848453504 5.7679938822984695 9.5244709700345975 4.205062195658682 3.7963317781686783
leaf_count=27 21 20 21 36 23 13 14 22 34 27 22 28 15 21 22 19 24 26 25 27 22 22 19
internal_value=1.45999e-05 0.00662948 -0.00181451 -0.000174855 -0.00231621 0.00377964 0.008363 0.0028517 -0.00641094 -0.00254953 0.00719989 0.0122147 0.0146133 -0.00233054 0.00285565 -0.00464462 0.00072859 0.0155246 0.0184504 0.0194702 -0.0111336 0.0206844 0.0227595
internal_weight=182.344 39.4987 142.845 119.858 95.8246 38.5038 24.0335 31.1311 57.3208 31.5358 12.6455 11.0915 17.1162 20.0396 11.9651 22.4215 12.3143 16.0822 13.2565 10.6791 25.785 8.36763 8.51924
internal_count=550 156 394 367 273 132 94 114 141 83 49 50 80 64 43 56 43 76 65 53 58 42 44
is_linear=0
shrinkage=0.0138221


Tree=31
num_leaves=19
num_cat=0
split_feature=22 5 11 21 21 21 25 8 15 9 33 26 32 27 8 8 32 25
split_gain=27.1981 30.3228 36.7084 26.8388 24.9834 14.3119 9.27948 21.1408 8.03682 5.83174 0.00467784 0.00318591 0.00196432 0.00174909 0.00151864 0.000952487 0.000676301 0.00027222
threshold=0.03800281025738584 57.396664009951266 -0.10073767145736982 -0.05303084956559239 0.041518982579783932 -0.017967037234287882 -0.0064788507476260379 23.35390817949752 -17147.758668999995 70.782399265640365 11.500000000000002 0.56439436221454897 14.421023953294705 -1.0000000180025095e-35 23.023273414488937 37.525694922580065 23.06590928166889 0.001715061742461814
decision_type=2 2 2 2 2 2 2 2 2 2 2 2 2 2 2 2 2 2
left_child=12 2 10 -4 5 6 -5 -8 -7 14 -2 -10 -1 -14 -3 17 -15 -16
right_child=1 9 3 4 -6 8 7 -9 11 -11 -12 -13 13 16 15 -17 -18 -19
leaf_value=-0.013021549614812994 -0.013045623697037868 -0.013390432874515096 0.018216228501614119 0.023630065775444367 0.014717692567583004 0.0095540574686910802 0.014123203450615691 -0.013319115946796543 -0.013214921154237131 0.0035975713211925425 -0.01349284893853633 -0.013643064101371324 -0.013483649384627736 -0.013288027020917763 -0.012965098917717723 -0.013224636616752106 -0.013076844504426534 -0.013100229443512558
leaf_weight=8.822630241513254 8.9312045127153414 4.7275114059448304 34.325287908315659 4.2206442356109646 24.95422525703907 3.4368545264005688 11.402965679764749 10.125899091362951 16.101160690188411 4.7203421592712393 8.9420198500156385 4.1832225769758216 5.3132705092430159 5.7056476324796641 5.7483547180891055 8.6174033135175687 5.8858362585306168 5.6451823860406876
leaf_count=33 38 21 38 2 34 7 16 50 73 14 36 21 26 27 22 37 26 29
internal_value=-2.08797e-05 0.00214961 0.00508816 0.00810524 0.00344198 -0.00224575 0.0048899 0.00121597 -0.00999154 -0.0104812 -0.0132694 -0.0133032 -0.0131887 -0.013276 -0.0131676 -0.013115 -0.0131808 -0.0130321
internal_weight=181.81 156.082 126.623 108.75 74.425 49.4707 25.7495 21.5289 23.7212 29.4588 17.8732 20.2844 25.7274 16.9048 24.7385 20.0109 11.5915 11.3935
internal_count=550 438 315 241 203 169 68 66 101 123 74 94 112 79 109 88 53 51
is_linear=0
shrinkage=0.0138221


Tree=32
num_leaves=24
num_cat=0
split_feature=0 6 32 11 3 19 19 8 8 8 16 3 8 3 26 21 23 21 28 22 32 22 4
split_gain=30.028 21.5236 12.3837 11.6197 13.9085 6.80843 7.02127 4.40461 3.67317 3.62646 3.43009 2.87816 2.87392 2.51552 1.99191 1.34754 1.23483 0.877449 0.667893 0.473543 0.213829 0.000649743 0.000148378
threshold=-0.56174490092936669 52063.580000000009 14.080372940167869 -0.12759387170634665 36.000000000000007 0.0080884594605597753 0.008580002898223171 39.50089791478738 35.856485385353849 21.989665755636199 1.3857746008143184 44.500000000000007 43.96051448051842 27.500000000000004 0.53035046943783437 -0.069204589132544722 0.045362481282042573 0.029118931058428558 -0.0008894912331205983 0.040087569793369589 13.179765071211753 0.058088051334929024 -0.012013359294588242
decision_type=2 2 2 2 2 2 2 2 2 2 2 2 2 2 2 2 2 2 2 2 2 2 2
left_child=2 5 -1 -3 7 8 -7 13 17 -8 15 -6 -9 18 -11 -4 -17 -2 -5 -18 -20 -21 -23
right_child=1 3 10 4 11 6 9 12 -10 14 -12 -13 -14 -15 -16 16 19 -19 20 21 -22 22 -24
leaf_value=0.0095155625235053554 0.01630663637157766 0.016789837619247856 -0.0045708322124407589 -0.0080169227670031686 0.017746569135078813 -0.0055563450029232258 -0.00070855972426747845 0.007861768936801938 0.007501451592043293 0.017177104992711835 -0.0020918613638530249 0.0036725050676517574 -0.0070977597292995933 -0.0014366885783660625 0.0071702526060246413 -0.0064672093336167373 -0.0090756237408661164 0.022872832586926104 -0.0094984235948840628 -0.013223977719540087 -0.013294448760857922 -0.013138240032873253 -0.013061211092462709
leaf_weight=7.7102927565574637 6.3724182397127214 6.3140780925750724 6.3610717356204978 10.486409187316889 5.6437485516071302 6.7709632068872478 4.2672459781169918 5.821696534752844 5.7899127900600424 10.587633952498438 11.177268907427786 5.463349387049675 4.2407595217227936 6.9615731984376898 5.9282722473144522 8.1028483957052213 6.6676919609308234 9.9736045897006971 3.6223353296518424 10.732526153326036 13.043970376253126 7.7686342298984501 12.409123331308368
leaf_count=30 21 21 13 37 18 24 20 24 23 34 26 23 22 34 24 13 17 27 10 13 36 6 34
internal_value=6.22294e-06 0.00448575 -0.00702214 -0.000973841 -0.00300267 0.0112537 0.00666785 -0.00647898 0.016962 0.0106504 -0.00903909 0.0108238 0.00155717 -0.00884935 0.0135852 -0.0105312 -0.0113612 0.020313 -0.0107498 -0.0124164 -0.0124694 -0.0131371 -0.0130909
internal_weight=182.217 111.288 70.9295 61.5979 55.2838 49.6901 27.5541 44.1767 22.1359 20.7832 63.2192 11.1071 10.0625 34.1143 16.5159 52.0419 45.6808 16.346 27.1527 37.578 16.6663 30.9103 20.1778
internal_count=550 398 152 225 204 173 102 163 71 78 122 41 46 117 58 96 83 48 83 70 46 53 40
is_linear=0
shrinkage=0.0138221


Tree=33
num_leaves=23
num_cat=0
split_feature=24 8 3 6 10 21 19 0 10 6 6 11 19 11 6 14 19 8 3 7 24 12
split_gain=11.6251 10.6393 11.8279 9.23316 8.55382 20.4126 11.2153 10.1605 10.1774 7.89033 5.83584 5.36139 3.33649 6.04412 3.01856 2.92337 3.45158 2.81416 2.3739 1.03046 0.577231 0.488381
threshold=0.0046856341330148319 36.487255863453719 25.500000000000004 56547.833000000006 0.010075080941732812 0.046226854710299532 0.0077622848077007625 -0.56174490092936669 0.015584479706635937 51185.592500000006 48827.900500000011 0.044443234710166653 0.010268133006468961 -0.095643105077174148 49466.558000000012 0.0066820257881438838 0.0067132745633972325 53.737647373650809 14.500000000000002 -1.0779999999999998e-05 0.001715061742461814 -1.0000000180025095e-35
decision_type=2 2 2 2 2 2 2 2 2 2 2 2 2 2 2 2 2 2 2 2 2 2
left_child=1 4 3 11 5 20 15 10 9 14 -8 -3 -10 -14 -9 -6 -17 -5 -12 -11 -1 -4
right_child=-2 2 21 17 6 -7 7 8 12 19 18 -13 13 -15 -16 16 -18 -19 -20 -21 -22 -23
leaf_value=0.024253111188028493 0.018704866552455342 -0.0096871751741561297 0.017026507995197379 0.020247245183318587 -0.01265909696101165 -0.0094009050391231693 0.0045944752648485777 0.011430119292240989 -0.0093029900984693322 0.024353666485943923 -0.01081533514530883 0.0054734504997513197 -0.0059092284186503712 0.01503241767212342 -0.0032162104673985714 0.002887998085782511 -0.01140765902949507 0.0051619783058003514 -0.0034766022561435166 0.015272303982671017 0.017115278175490099 0.023688374552721426
leaf_weight=5.1335453093051928 6.1450553983449927 11.636549994349485 4.1814842224121094 4.8218298405408841 24.955657169222832 7.8041940927505484 8.8728152066469175 4.6592645347118395 8.7267107814550418 5.1267692148685446 21.517868891358376 7.2225258797407141 6.8763368874788284 4.2669500708579999 6.3555108606815338 6.1923341155052167 6.7374702095985413 4.6324229091405869 13.835910826921461 4.4671538770198813 3.742605984210968 4.2284139543771726
leaf_count=27 30 33 20 24 30 26 27 21 19 27 22 25 24 20 23 20 21 19 31 21 18 22
internal_value=1.70915e-05 -0.000635415 0.00598282 0.00170761 -0.00238052 0.00690595 -0.00364409 -0.000848118 0.00415574 0.0109611 -0.00542793 -0.00388106 -0.00290266 0.00210968 0.00297921 -0.00989539 -0.00456119 0.0128557 -0.00794328 0.0201252 0.0212435 0.020376
internal_weight=182.139 175.994 36.7232 28.3133 139.271 16.6803 122.591 84.7053 40.4787 20.6087 44.2266 18.8591 19.87 11.1433 11.0148 37.8855 12.9298 9.45425 35.3538 9.59392 8.87615 8.4099
internal_count=550 520 143 101 377 71 306 235 155 92 80 58 63 44 44 71 41 43 53 48 45 42
is_linear=0
shrinkage=0.0138221


Tree=34
num_leaves=21
num_cat=0
split_feature=0 8 6 29 14 8 8 7 8 13 29 4 2 6 26 31 22 20 6 29
split_gain=66.1569 26.3164 22.1962 13.8974 19.4551 20.8925 17.4255 12.4106 2.95163 0.00162576 0.00125578 0.000993713 0.000644912 0.00057417 0.000438224 0.000442774 0.000424829 0.000261273 0.000204994 0.000134236
threshold=-0.22252093395631442 37.525694922580065 47067.120000000003 11.12499031910713 0.0056960814729593258 25.9711011105769 34.658916630951616 7.7295000000000011e-05 23.023273414488937 56044.405000000006 10.651047116612803 -0.0056287898838781594 -2403.9642189999981 52079.497500000005 0.71468008153544671 -286.81471750000225 0.041176682306966701 -0.49043328893578736 50254.23550000001 29.075592109437768
decision_type=2 2 2 2 2 2 2 2 2 2 2 2 2 2 2 2 2 2 2 2
left_child=1 2 -1 -4 -5 -6 11 8 -2 -3 -10 -7 17 16 15 -15 -14 -12 -18 -16
right_child=7 9 3 4 5 6 -8 -9 10 -11 12 -13 13 14 19 -17 18 -19 -20 -21
leaf_value=-0.013359208278460967 -0.0044082471201169907 -0.013177789458584546 0.019898950055296693 -0.01336560920922749 0.017733906616464686 -0.013395640329595608 0.011031149658828196 0.0062950710304957684 -0.013149423830311768 -0.01351602483264194 -0.012935453534949196 -0.01368424654105335 -0.012845127390819375 -0.013015649263105653 -0.012933454353475095 -0.01320229533700047 -0.012938626573953739 -0.012799147270103763 -0.013049524335328373 -0.013038596910591402
leaf_weight=7.5752458572387686 8.8206793665885908 5.7612129747867566 25.480076938867569 7.3334689438343039 32.285680800676346 6.1463555991649592 12.749453052878378 8.0518083423376066 7.7260902225971213 5.1347619742155075 5.2168644517660141 3.6227308064699226 6.7677640765905478 5.0618567764759064 5.9923658519983274 4.6671805232763308 8.7773888260126096 5.5394792407750995 4.9977759569883338 3.7852874100208282
leaf_count=35 31 24 19 29 37 31 24 22 34 23 27 15 26 24 29 22 35 25 19 19
internal_value=-2.46673e-05 0.00701084 0.00933992 0.0113024 0.00777736 0.0106065 0.000387788 -0.00992315 -0.011862 -0.0133372 -0.0129852 -0.0135027 -0.0129603 -0.0129858 -0.0130395 -0.0131052 -0.0129348 -0.0128653 -0.0129789 -0.0129742
internal_weight=181.494 106.089 95.193 87.6178 62.1377 54.8042 22.5185 75.4045 67.3527 10.896 58.5321 9.76909 50.806 40.0496 19.5067 9.72904 20.5429 10.7563 13.7752 9.77765
internal_count=550 237 190 155 136 107 70 313 291 47 260 46 226 174 94 46 80 52 54 48
is_linear=0
shrinkage=0.0138221


Tree=35
num_leaves=21
num_cat=0
split_feature=0 6 33 11 1 6 31 17 27 1 26 2 17 3 14 2 11 9 23 0
split_gain=29.3297 20.9206 11.7839 15.699 10.9648 6.46611 6.99491 2.95403 2.91223 7.19578 2.91037 10.7234 2.83722 2.71213 4.34023 1.30179 1.21669 0.6579 0.65372 0.000520607
threshold=-0.56174490092936669 52063.580000000009 33.000000000000007 -0.12510349747278429 57.530779684787554 48930.96850000001 -1145.3907855000011 3304.6976085000019 1.0000000180025095e-35 49.209218722584112 0.32704313169374927 -4367.0528314999983 8333.5321040000035 14.500000000000002 0.010317913677831494 4066.5742200000018 0.011608845943962389 55.667284438738548 0.26719645495522942 -0.22252093395631442
decision_type=2 2 2 2 2 2 2 2 2 2 2 2 2 2 2 2 2 2 2 2
left_child=4 5 3 -3 8 6 -2 16 18 -10 11 -5 17 14 -8 -4 -7 19 -1 -12
right_child=1 2 15 10 -6 7 13 -9 9 -11 12 -13 -14 -15 -16 -17 -18 -19 -20 -21
leaf_value=-0.0095621476115761751 -0.0040064189729191856 0.015265931860305556 0.016373874547052095 -0.011748501217199191 0.0060883482526496524 0.014771170178879181 -0.0038357625430305059 0.0069633914355026159 0.0034457136141446462 -0.013124954515685227 -0.01315921671916819 0.011030477469664551 -0.00091712853079245428 0.019070580283513251 0.014078439419121047 0.0069125384347626653 0.021757119442593918 -0.0074048546229887515 -0.013092481526042208 -0.01332384471686558
leaf_weight=19.441016510128975 8.5360010415315646 7.0825373977422705 5.8694523870944959 9.5333587974309939 10.478477641940115 8.5940711051225716 4.1370518356561679 5.2677919566631308 9.90706714987755 10.121869802474974 5.419534891843802 6.7396238297224036 5.5630160719156256 5.7391862124204627 6.8822620660066605 5.2756048142910004 10.684503361582754 4.6690142750740042 20.681261196732521 11.367501333355905
leaf_count=30 32 24 19 35 34 29 20 21 35 20 12 26 17 17 24 21 30 25 33 46
internal_value=7.4945e-06 0.00442658 -0.000965828 -0.00381127 -0.00696 0.0110825 0.00617816 0.0161364 -0.00923305 -0.00492848 -0.00693228 -0.00231435 -0.00971355 0.0113657 0.0073528 0.0118953 0.0186429 -0.0119942 -0.0113819 -0.0132707
internal_weight=181.99 111.361 61.5196 50.3746 70.6297 49.8409 25.2945 24.5464 60.1512 20.0289 43.292 16.273 27.0191 16.7585 11.0193 11.1451 19.2786 21.4561 40.1223 16.787
internal_count=550 398 225 185 152 173 93 80 118 55 161 61 100 61 44 40 59 83 63 58
is_linear=0
shrinkage=0.0138221


Tree=36
num_leaves=20
num_cat=0
split_feature=24 8 3 10 21 19 21 21 27 26 13 9 32 18 16 16 11 25 1
split_gain=11.32 10.3652 11.5161 8.35157 19.7756 11.0396 9.17671 12.4639 11.2066 9.57046 7.89112 4.42325 8.40743 4.22962 3.13103 2.04547 0.624363 0.567227 0.482108
threshold=0.0046856341330148319 36.487255863453719 25.500000000000004 0.010075080941732812 0.046226854710299532 0.0077622848077007625 -0.035358823629218154 0.036790633841739202 -1.0000000180025095e-35 0.53035046943783437 57632.248500000009 45.686226782519135 30.48963171942675 1.2220000000000002e-05 1.1706794448173512 0.94869842868540799 -0.042009936045955147 0.0017572317396870169 51.437000056370259
decision_type=2 2 2 2 2 2 2 2 2 2 2 2 2 2 2 2 2 2 2
left_child=1 3 10 4 17 15 11 8 16 -10 13 12 -7 -3 -9 -5 -8 -1 -4
right_child=-2 2 18 5 -6 6 7 14 9 -11 -12 -13 -14 -15 -16 -17 -18 -19 -20
leaf_value=0.023810748576609374 0.018419461975967083 0.0053026507424077524 0.016738020009976085 -0.012563170001482816 -0.0093242567577628659 0.0095395817101367273 0.017534992385291506 -6.0328379568603594e-05 -0.0086242377204091905 0.013046176011873228 0.015533735063088501 -0.012109261834203789 -0.007922488466304143 -0.0070456622861652671 -0.010806581264507639 -0.0060376050362607181 0.024646259124255058 0.016757904573838849 0.023340307433187428
leaf_weight=5.1680819839239138 6.1716120988130561 8.7605711519718223 4.2017271220684034 21.885107919573784 7.7602747231721869 7.7653892189264324 4.138142317533493 12.579609036445619 7.5028161108493796 8.0938851833343488 6.1451060622930518 13.83035136759281 16.377520486712456 13.414084553718565 8.8059518933296186 15.80443215370178 5.4858306497335452 3.766281932592392 4.2506791949272156
leaf_count=27 30 36 20 35 26 34 20 34 20 37 29 20 27 36 14 36 29 18 22
internal_value=2.00652e-05 -0.000626097 0.00589958 -0.0023529 0.00681728 -0.003605 -0.000832506 0.00327713 0.0098592 0.00262159 0.00167373 -0.00587644 -0.00230594 -0.0021672 -0.00448532 -0.00982679 0.0215885 0.0208376 0.0200583
internal_weight=181.907 175.736 36.7722 138.964 16.6946 122.269 84.5795 46.6062 25.2207 15.5967 28.3198 37.9733 24.1429 22.1747 21.3856 37.6895 9.62397 8.93436 8.45241
internal_count=550 520 143 377 71 306 235 154 106 57 101 81 61 72 48 71 49 45 42
is_linear=0
shrinkage=0.0138221


Tree=37
num_leaves=22
num_cat=0
split_feature=0 8 6 10 17 7 22 29 7 19 8 13 29 15 6 33 11 22 22 33 9
split_gain=64.4936 25.6857 21.6188 26.33 12.582 12.2276 11.8076 3.94112 8.48376 3.33062 2.92914 0.0015039 0.00130825 0.000633359 0.000704156 0.000499504 0.000642879 0.00037617 0.000266487 0.000254831 4.6319e-05
threshold=-0.22252093395631442 37.525694922580065 47067.120000000003 0.01086850076352105 -13208.673991499998 7.7295000000000011e-05 0.03800281025738584 13.706978564552381 3.7935000000000009e-05 0.0055963384151590297 23.023273414488937 56181.398500000003 10.651047116612803 -2500.812339499998 52079.497500000005 27.500000000000004 -0.014952365583195402 0.041176682306966701 0.065992437368761689 15.500000000000002 62.028985295192278
decision_type=2 2 2 2 2 2 2 2 2 2 2 2 2 2 2 2 2 2 2 2 2
left_child=1 2 -1 9 -5 10 -6 -8 -9 -4 -2 -3 -12 18 17 16 -16 -15 -14 -19 -17
right_child=5 11 3 4 6 -7 7 8 -10 -11 12 -13 13 14 15 20 -18 19 -20 -21 -22
leaf_value=-0.013294517606511274 -0.0043546318844317955 -0.013128938210927324 0.0010707938108700272 0.00058773809888588774 -0.013677001012304808 0.0062292216905952373 0.02148627081572755 0.006913947695945305 0.020943551256094366 -0.013298439073278753 -0.013082954537100407 -0.013456981627822375 -0.012856050190250557 -0.012773918387268669 -0.012944745602550994 -0.012867428246696717 -0.013162829809763509 -0.012836585648460509 -0.012712733810550776 -0.01295484837098451 -0.012930210405875846
leaf_weight=7.5262821912765494 8.7938545197248441 6.0537353456020337 5.283395439386366 11.033960476517676 2.3749719411134711 8.0638095140457136 28.627041637897491 15.259370520710943 17.887860164046288 7.3958762139081955 7.6706243455409995 4.7767380326986313 5.4321667104959399 6.8710948824882605 6.066299036145204 4.6965253651142103 4.4967131465673527 6.6123799085617048 4.5591523945331573 7.3507710248231888 4.3012617230415344
leaf_count=35 31 25 17 37 8 22 16 38 12 27 34 22 25 27 33 25 22 26 22 29 17
internal_value=-2.83872e-05 0.00689814 0.00918844 0.0111143 0.0142216 -0.0098493 0.0165667 0.0177295 0.014485 -0.00731084 -0.0117887 -0.0132736 -0.0129148 -0.0128892 -0.0129136 -0.0129731 -0.0130376 -0.0128576 -0.0127907 -0.0128988 -0.0128974
internal_weight=181.134 106.219 95.3888 87.8625 75.1832 74.9147 64.1492 61.7743 33.1472 12.6793 66.8508 10.8305 58.057 50.3864 40.395 19.5608 10.563 20.8342 9.99132 13.9632 8.99779
internal_count=550 237 190 155 111 313 74 66 50 44 291 47 260 226 179 97 55 82 47 55 42
is_linear=0
shrinkage=0.0138221


Tree=38
num_leaves=20
num_cat=0
split_feature=0 6 12 33 11 10 9 14 8 31 20 24 32 6 10 7 31 34 26
split_gain=28.6309 20.2669 12.4366 11.4233 15.3043 7.70806 7.44926 7.04227 5.30107 3.78607 3.20264 2.40817 2.13008 1.99379 1.75366 1.25662 2.53582 1.02021 0.000809537
threshold=-0.56174490092936669 52063.580000000009 0.026963506488525638 33.000000000000007 -0.12510349747278429 0.013784727771495101 52.135744604872215 0.0090740329552723223 39.50089791478738 1.0000000180025095e-35 -1.3632870627717948 0.0010935469032596048 28.046409824342266 50403.717500000006 0.016320984606168387 3.9040000000000006e-05 -467.74249750000178 0.0050576024660080607 0.41983327027010614
decision_type=2 2 2 2 2 2 2 2 2 2 2 2 2 2 2 2 2 2 2
left_child=2 5 10 4 -3 13 7 -7 12 -10 -1 -5 17 -2 -8 16 -12 18 -6
right_child=1 3 -4 11 8 6 14 -9 9 -11 15 -13 -14 -15 -16 -17 -18 -19 -20
leaf_value=-0.0025813854273853951 0.021055614061977809 0.015013256326725779 0.0086814438432713126 0.004701618374000285 -0.013077466679483458 0.00065560715842971336 0.0025966723311147831 0.018718735292317792 0.0085944771672117372 -0.0094207702846736685 -0.012278689966927657 0.017570856599715023 -0.0035867492268166659 0.012558465101454941 -0.00835958118608599 -0.013042231787595429 -0.0038386886171087363 -0.0067790332664770274 -0.013268024786362307
leaf_weight=11.774442330002783 11.637256219983103 7.1159692406654349 8.593630298972128 5.1257004141807538 6.7153783291578355 6.6485094279050889 5.9113942682743055 10.858144506812094 6.2154541313648206 3.4746851325035095 15.736694008111952 6.0651374012231827 8.6821204572916013 9.6510507017374021 5.2876363098621368 22.237529203295708 11.977826252579691 6.371476784348487 11.645258143544195
leaf_count=30 33 24 34 21 10 30 26 33 25 19 32 19 35 33 18 33 23 34 38
internal_value=8.20946e-06 0.00436706 -0.00689733 -0.000952201 -0.00376629 0.0109011 0.00622724 0.0118589 -0.00686655 0.00213458 -0.00906623 0.0116764 -0.00947688 0.0172034 -0.00257634 -0.0105948 -0.00863104 -0.0115446 -0.0131983
internal_weight=181.725 111.405 70.3201 61.4112 50.2203 49.994 28.7057 17.5067 43.1044 9.69014 61.7265 11.1908 33.4142 21.2883 11.199 49.952 27.7145 24.7321 18.3606
internal_count=550 398 152 225 185 173 107 63 161 44 118 40 117 66 44 88 55 82 48
is_linear=0
shrinkage=0.0138221


Tree=39
num_leaves=23
num_cat=0
split_feature=24 8 33 6 10 21 19 0 10 6 13 8 19 11 17 8 22 5 6 24 16 26
split_gain=11.0166 10.1017 8.37058 8.33152 8.14438 19.2177 10.8772 9.7421 9.75677 7.46319 6.84324 4.22356 3.27471 5.81951 2.9674 2.71279 2.31008 1.63418 1.54405 4.3549 0.952987 0.537844
threshold=0.0046856341330148319 36.487255863453719 25.500000000000004 56547.833000000006 0.010075080941732812 0.046226854710299532 0.0077622848077007625 -0.56174490092936669 0.015584479706635937 51185.592500000006 48950.501000000011 40.415104731646956 0.010268133006468961 -0.095643105077174148 -485.60964549999863 53.737647373650809 0.051738458220458132 50.560302520235446 51960.56900000001 0.0017711029598205974 0.9210226829079956 0.57974354378356918
decision_type=2 2 2 2 2 2 2 2 2 2 2 2 2 2 2 2 2 2 2 2 2 2
left_child=1 4 3 11 5 21 16 10 9 14 -8 -3 -10 -14 -9 -5 -6 -4 -12 -20 -11 -1
right_child=-2 2 17 15 6 -7 7 8 12 20 18 -13 13 -15 -16 -17 -18 -19 19 -21 -22 -23
leaf_value=0.023349143793651089 0.01813509567454626 -0.010258556800319571 0.011332546131027932 0.019721560195950637 -0.012562305915439977 -0.0092630853774175789 0.0056228470575617933 0.011294474684818768 -0.0092263199963806865 0.023435932263189692 -0.011572959285392667 0.0030846717574022639 -0.0058138173208625958 0.014719011738366507 -0.0032197015807869165 0.0049584257268946216 -0.0055599004318201009 0.023001957554206549 0.00030624208502332765 -0.012288998314603946 0.014705782596333709 0.016499933351809139
leaf_weight=5.2040786445140856 6.1973122954368582 8.9124729931354576 4.5134694874286634 4.8592227697372419 22.494496956467628 7.7251730710268012 8.7402786761522275 4.6708619296550751 8.6756016761064547 5.3887111097574216 14.14973399043083 9.221506789326666 6.8412524908781052 4.2914497554302198 6.3495114743709582 4.657016396522522 15.004762992262838 4.6597461700439453 11.057636678218843 9.9764651358127576 4.2912276089191437 3.782450944185257
leaf_count=27 30 19 20 24 37 26 27 21 19 28 12 37 24 20 23 19 34 24 33 8 20 18
internal_value=2.33735e-05 -0.000616313 0.00581889 0.0020231 -0.00232549 0.00672355 -0.00356573 -0.000814477 0.00407456 0.0107103 -0.00532335 -0.00347325 -0.00286 0.00210121 0.00293197 0.0124968 -0.0097604 0.0172603 -0.00804258 -0.00566767 0.0195658 0.0204663
internal_weight=181.664 175.467 36.8234 27.6502 138.644 16.7117 121.932 84.4327 40.5086 20.7003 43.9241 18.134 19.8083 11.1327 11.0204 9.51624 37.4993 9.17322 35.1838 21.0341 9.67994 8.98653
internal_count=550 520 143 99 377 71 306 235 155 92 80 56 63 44 44 43 71 44 53 41 48 45
is_linear=0
shrinkage=0.0138221


Tree=40
num_leaves=20
num_cat=0
split_feature=22 5 11 21 21 21 24 8 2 2 33 26 19 29 8 7 27 17 22
split_gain=25.7481 28.4354 34.3733 24.0835 23.1513 13.5495 8.55318 19.9661 5.95272 5.74744 0.00555867 0.00379305 0.00247685 0.00274894 0.00165816 0.000948827 0.000979742 0.000486702 0.000331922
threshold=0.03800281025738584 57.396664009951266 -0.10073767145736982 -0.05303084956559239 0.041518982579783932 -0.017967037234287882 -0.0060088866583491926 23.35390817949752 -15274.709245999997 11985.421704500004 11.500000000000002 0.56439436221454897 0.0078572465111370181 17.567882998255772 24.004080684321952 4.8780000000000011e-05 0.6078576107927941 2558.9468605000015 0.029362637788535231
decision_type=2 2 2 2 2 2 2 2 2 2 2 2 2 2 2 2 2 2 2
left_child=12 2 10 -4 5 6 -5 -8 -7 14 -2 -10 13 17 -3 16 -16 -1 -15
right_child=1 9 3 4 -6 8 7 -9 11 -11 -12 -13 -14 18 15 -17 -18 -19 -20
leaf_value=-0.01300793553758346 -0.012837591536976608 -0.01322513794356143 0.017267339776332661 0.02254716147331148 0.014107543961050342 0.004878727561196782 0.013565453593886808 -0.013169954322799379 -0.013024215406664012 0.0037220266572994451 -0.013330157616762015 -0.013497504393727979 -0.013235643175379976 -0.012685134615962206 -0.012988424798433826 -0.013107925019939373 -0.012761944408485593 -0.013218535964538649 -0.012841405930324479
leaf_weight=4.5708820372819954 8.7170109450817126 4.8172861635685029 34.799029469490051 4.2874789237976101 25.186425849795341 4.2990286350250271 11.503939166665079 9.9545326977968198 14.934859201312067 4.687779873609542 8.7919213771820051 4.1296102106571189 6.2952066212892523 4.8294825702905637 7.8874484896659869 4.7761803567409506 6.791303813457489 3.8728259801864624 5.6168088614940643
leaf_count=22 38 22 38 2 34 12 16 50 68 14 36 21 28 22 33 22 32 21 19
internal_value=-3.26283e-05 0.00206645 0.0048928 0.0077781 0.00333348 -0.00219214 0.00472408 0.00116296 -0.00981362 -0.0102895 -0.0130849 -0.0131267 -0.0129982 -0.0129191 -0.0129956 -0.0129387 -0.0128836 -0.0131045 -0.0127692
internal_weight=180.749 155.564 126.604 109.095 74.2959 49.1094 25.746 21.4585 23.3635 28.96 17.5089 19.0645 25.1852 18.89 24.2722 19.4549 14.6788 8.44371 10.4463
internal_count=550 438 315 241 203 169 68 66 101 123 74 89 112 84 109 87 65 43 41
is_linear=0
shrinkage=0.0138221


Tree=41
num_leaves=21
num_cat=0
split_feature=0 13 33 11 12 10 9 14 8 8 2 20 32 14 14 8 21 10 24 24
split_gain=27.8886 14.3466 13.5824 14.2198 12.1396 6.12599 8.27611 7.17231 4.81096 4.36705 3.7371 3.16603 2.2328 1.74244 1.6675 3.34498 1.62309 0.782066 0.470667 0.0509834
threshold=-0.56174490092936669 51897.909000000007 33.000000000000007 -0.12510349747278429 0.026963506488525638 0.013784727771495101 52.135744604872215 0.0097468424816980811 39.50089791478738 31.5391998974372 3424.6191835000018 -1.3632870627717948 16.911804204794947 0.0089911173168221083 0.0058406429773968944 32.320078894533928 -0.069204589132544722 0.011133942036246269 0.0020971965643216462 -0.00032921720179334508
decision_type=2 2 2 2 2 2 2 2 2 2 2 2 2 2 2 2 2 2 2 2
left_child=4 5 3 -3 11 12 7 -7 14 -4 -8 -1 -2 -10 -5 18 -13 -18 -16 -19
right_child=1 2 9 8 -6 6 10 -9 13 -11 -12 16 -14 -15 15 -17 17 19 -20 -21
leaf_value=-0.0025350472765840984 0.020662860265498514 0.014798354598450832 0.018997999363375838 -0.013083125560585654 0.0085266604002408961 0.0014007167871994441 -0.011210233795719145 0.019427395680166108 0.0069264115979586977 0.0034815403649479564 0.0050525782559687517 -0.0050127794970628511 0.011094990074553829 -0.0053686659504558528 -0.013147430459216021 -0.00036796528408299871 -0.0076520872351614234 -0.012990939238969329 -0.0077530458097525489 -0.011885662499164657
leaf_weight=11.745958298444746 10.081476897001268 7.143800437450408 7.7967318147420865 11.09089347720146 8.6231581270694715 7.2022991776466432 5.6532624512910825 10.172409757971762 6.0366617292165738 6.2379871159791946 5.1668577492237091 8.4886914193630201 8.6648661792278272 3.4668277651071548 8.1144587546587008 9.6440151333808881 7.612667202949523 20.440061837434762 4.9907179176807395 13.072688624262815
leaf_count=30 28 24 23 36 34 32 21 30 25 26 22 15 31 18 28 37 22 33 17 18
internal_value=9.10136e-06 0.00430293 7.32618e-05 -0.00327038 -0.00682975 0.0101168 0.0060452 0.0119548 -0.00624844 0.0121014 -0.00344436 -0.00898784 0.0162404 0.00244123 -0.0086888 -0.00654644 -0.0105155 -0.0116513 -0.0110931 -0.0125598
internal_weight=181.446 111.463 64.5221 50.4874 69.9832 46.9412 28.1948 17.3747 43.3436 14.0347 10.8201 61.3601 18.7463 9.50349 33.8401 22.7492 49.6141 41.1254 13.1052 33.5128
internal_count=550 398 234 185 152 164 105 62 161 49 43 118 59 43 118 82 88 73 45 51
is_linear=0
shrinkage=0.0138221


Tree=42
num_leaves=20
num_cat=0
split_feature=24 8 3 6 21 21 22 23 6 4 22 32 12 7 16 8 31 24 23
split_gain=10.7277 9.85158 10.9764 8.60539 7.98485 16.9928 12.5761 9.66107 7.32879 6.84348 6.41963 6.87761 4.34314 4.09282 2.64688 1.9556 0.465095 0.394031 0.208227
threshold=0.0046856341330148319 36.487255863453719 25.500000000000004 56547.833000000006 0.041518982579783932 -0.019570794969895885 0.045403124811023425 0.14334627758477472 50403.717500000006 -0.0050700906678529103 0.058866740774584994 28.488227102029111 0.027780589208204923 1.1615000000000001e-05 1.5144488101039764 25.838380002309293 -2081.1117610000006 0.00092051803044569766 0.56401432045698752
decision_type=2 2 2 2 2 2 2 2 2 2 2 2 2 2 2 2 2 2 2
left_child=1 4 3 13 5 6 -1 -7 9 -9 17 -12 15 -3 -5 -6 -4 -8 -10
right_child=-2 2 16 14 12 7 10 8 18 -11 11 -13 -14 -15 -16 -17 -18 -19 -20
leaf_value=0.012191388097829022 0.017863195863388658 0.0035983632265816461 0.016245053153695049 0.018501239803109013 -0.012298036587471672 -0.004684265841882993 -0.0094160051770853584 0.01889805287106865 0.019673175767291114 -0.0014634465023036624 0.0077364774693898597 -0.0063868507499885161 0.0013157092314754631 -0.0094299191497791372 0.0037647200620694364 -0.0050119934722740673 0.022702426123129494 -0.012640242509741308 0.023798646552207346
leaf_weight=7.9830228239297858 6.2210304737091056 8.0864099562168175 4.2351530939340591 5.5244769304990751 21.002958312630657 8.137781962752344 15.535492286086084 5.072748318314555 4.0337956845760328 8.3357427269220334 9.7425036728382128 20.34090630710125 8.4196833968162519 10.705868557095526 4.0252600461244583 10.584916517138479 4.2891240417957288 13.563930094242094 5.558225616812706
leaf_count=36 30 28 20 27 29 24 28 25 20 31 37 38 33 30 16 33 22 14 29
internal_value=2.62942e-05 -0.000607141 0.00574183 0.0016056 -0.00229943 -0.000180753 -0.00409362 0.00825936 0.0128389 0.00623979 -0.00629026 -0.00181301 -0.0075053 -0.00382379 0.0122897 -0.00985653 0.0194942 -0.0109189 0.0220637
internal_weight=181.399 175.178 36.8663 28.342 138.312 98.3041 67.1659 31.1383 23.0005 13.4085 59.1828 30.0834 40.0076 18.7923 9.54974 31.5879 8.52428 29.0994 9.59202
internal_count=550 520 143 101 377 282 153 129 105 56 117 75 95 58 43 62 42 42 49
is_linear=0
shrinkage=0.0138221


Tree=43
num_leaves=24
num_cat=0
split_feature=5 28 28 8 15 3 2 3 21 8 21 3 10 21 20 3 20 8 4 25 3 10 20
split_gain=25.0398 28.4526 25.887 26.483 20.8748 17.5854 5.83323 5.49561 5.40824 13.8034 10.7818 0.00661003 0.00672462 0.00677033 0.00229485 0.00235372 0.00180073 0.00172702 0.00155373 0.00130461 0.00117454 0.00112186 0.00109649
threshold=57.396664009951266 -0.0026437280146701099 0.0010432891452193396 23.456706123573024 -12537.700057499997 12.500000000000002 11985.421704500004 46.500000000000007 -0.055638147574833589 24.672772688473042 0.042404337407569444 12.500000000000002 0.016186572820780998 -0.03694291747865202 0.77296775097415249 12.500000000000002 -0.77458413551112282 24.004080684321952 0.0067666084254761625 -0.00030260380574232435 27.500000000000004 0.0099946083059973215 1.4613636184149281
decision_type=2 2 2 2 2 2 2 2 2 2 2 2 2 2 2 2 2 2 2 2 2 2 2
left_child=1 4 8 -4 5 -1 17 11 -3 -10 -11 16 13 -13 15 -5 -6 -2 -19 -15 22 -17 -20
right_child=6 2 3 14 7 -7 -8 -9 9 10 -12 12 -14 19 -16 21 -18 18 20 -21 -22 -23 -24
leaf_value=-0.013229405579248855 -0.013148652161032176 0.020051922895366666 0.011738423237734668 -0.012686692121193105 -0.013034082085883473 0.012633311461919251 0.0036733180303149277 0.0026233544700556854 0.017815753014566778 -0.013017221658296257 0.012858919541240962 -0.013566453300438933 -0.013740110120298236 -0.012848717435621673 -0.013273969862550505 -0.012910339907938296 -0.012680258385912741 -0.0126741819888495 -0.013109690085396053 -0.013144429640282661 -0.012748723740998209 -0.013238451421768969 -0.012859300639581635
leaf_weight=7.0154277384281185 4.7796797007322338 18.148450776934624 15.253421530127524 6.0958202183246639 4.545525923371315 17.684909343719482 4.6939073354005805 4.8858803063631049 19.596344754099849 6.5386180728673917 5.8099275976419449 4.6187553703784969 4.026184305548667 8.4295929223299026 3.8164551109075537 4.8485977798700315 6.949406832456587 6.2997886389493969 7.2018503248691577 4.3064665794372567 5.191630244255065 3.3778718411922455 6.2334030270576477
leaf_count=35 22 11 24 29 20 29 14 13 16 33 8 22 20 38 17 24 28 24 31 21 24 18 29
internal_value=-3.69976e-05 0.00246345 0.00774231 -0.0016848 -0.00459216 0.00528774 -0.0106455 -0.0110547 0.0140264 0.0106032 -0.00084263 -0.0130875 -0.0132312 -0.0131131 -0.0129728 -0.0128925 -0.0128202 -0.012908 -0.0128618 -0.0129487 -0.0129253 -0.0130451 -0.0129935
internal_weight=180.348 145.948 83.4855 33.3922 62.4621 24.7003 34.4003 37.7618 50.0933 31.9449 12.3485 32.8759 21.381 17.3548 18.1387 14.3223 11.4949 29.7064 24.9267 12.7361 18.6269 8.22647 13.4353
internal_count=550 406 180 112 226 64 144 162 68 57 41 149 101 81 88 71 48 130 108 59 84 42 60
is_linear=0
shrinkage=0.0138221


Tree=44
num_leaves=23
num_cat=0
split_feature=0 6 12 33 21 10 9 15 23 21 2 20 24 6 0 30 30 10 19 5 29 16
split_gain=27.2685 19.1782 11.8662 10.7926 9.85254 7.22619 7.04304 6.99973 4.337 3.45153 2.84014 2.68887 2.28632 1.89698 1.39943 2.76096 4.69909 1.20183 0.613951 0.135583 0.000542192 0.000442997
threshold=-0.56174490092936669 52063.580000000009 0.026963506488525638 33.000000000000007 -0.11556682264271399 0.013784727771495101 52.135744604872215 -7368.0950379999995 0.18939639096246555 -0.080865204755814254 3424.6191835000018 -1.315075116993049 0.0010935469032596048 50403.717500000006 -0.22252093395631442 52923.960000000006 54292.064500000008 0.016186572820780998 0.0084363174226296852 40.28563899214442 13.839310698035669 0.66982765694627322
decision_type=2 2 2 2 2 2 2 2 2 2 2 2 2 2 2 2 2 2 2 2 2 2
left_child=2 5 9 4 -3 13 7 -7 -6 -1 -8 -11 -5 -2 -10 -16 -17 -9 -13 -20 -21 -22
right_child=1 3 -4 12 8 6 10 17 14 11 -12 18 -14 -15 15 16 -18 -19 19 20 21 -23
leaf_value=0.001339693220226063 0.020390891634214481 0.010540505647636332 0.0083771007559789792 0.0044876349367848475 0.0022791347744787406 -0.0026226584776358804 -0.0090117112163650096 0.012168601170705994 -0.01300584928089682 -0.0035440618887325362 0.0049657187825667753 -0.0090564263201680685 0.016986121407479446 0.012133613793676905 -0.013263933322469154 0.0054606941002468086 -0.010004408540994967 0.020700675693685184 -0.010489859807272449 -0.012828671000958303 -0.012867409662804703 -0.013014959086745303
leaf_weight=5.6820865720510474 11.741258874535562 7.8297415524721137 8.6521050930023176 5.1477737873792631 8.8126692622899991 4.8560622781515148 5.9908416718244535 5.7153889834880847 9.8222816884517616 10.151293650269507 5.1778480708599091 14.368257090449331 6.1212266236543655 9.7123700082302076 8.2012396454811149 6.6080579608678809 8.6900491565465909 7.0384734570980072 5.2383754700422314 7.1794157028198269 5.5759415775537517 12.838729947805403
leaf_count=17 33 29 34 21 31 23 22 20 29 23 22 23 19 33 28 29 39 20 10 4 14 27
internal_value=1.05034e-05 0.00425073 -0.00677187 -0.00094214 -0.00369801 0.0105808 0.00605441 0.0115 -0.00634392 -0.00891936 -0.00253172 -0.00997249 0.0112767 0.0166527 -0.00862449 -0.00679316 -0.00332422 0.0168772 -0.0114162 -0.0125159 -0.0129306 -0.0129703
internal_weight=181.151 111.465 69.6862 61.233 49.964 50.2322 28.7786 17.6099 42.1343 61.0341 11.1687 55.352 11.269 21.4536 33.3216 23.4993 15.2981 12.7539 45.2007 30.8325 25.5941 18.4147
internal_count=550 398 152 225 185 173 107 63 156 118 44 101 40 66 125 96 68 40 78 55 45 41
is_linear=0
shrinkage=0.0138221


Tree=45
num_leaves=23
num_cat=0
split_feature=24 8 33 6 10 21 19 0 10 6 13 8 19 11 6 14 19 8 14 14 7 24
split_gain=10.4464 9.57289 7.92264 7.91985 7.83889 18.1186 10.6051 9.44522 9.32965 7.06462 6.62889 4.14068 3.22112 5.62065 2.84171 2.84112 3.37359 2.59902 2.51104 1.61024 0.975133 0.523244
threshold=0.0046856341330148319 36.487255863453719 25.500000000000004 56547.833000000006 0.010075080941732812 0.046226854710299532 0.0077622848077007625 -0.56174490092936669 0.015584479706635937 51185.592500000006 48950.501000000011 40.415104731646956 0.010268133006468961 -0.095643105077174148 49466.558000000012 0.0066820257881438838 0.0067132745633972325 53.737647373650809 0.0096201363457878511 0.0074353213833277853 -1.0779999999999998e-05 0.001715061742461814
decision_type=2 2 2 2 2 2 2 2 2 2 2 2 2 2 2 2 2 2 2 2 2 2
left_child=1 4 3 11 5 21 15 10 9 14 -8 -3 -10 -14 -9 -6 -17 -5 -12 -4 -11 -1
right_child=-2 2 19 17 6 -7 7 8 12 20 18 -13 13 -15 -16 16 -18 -19 -20 -21 -22 -23
leaf_value=0.02263551919859072 0.017597449024626875 -0.010176760351812831 0.010868519058513007 0.019154835087084075 -0.012414359603151745 -0.0090977127140822959 0.0055160864840323107 0.011067191292348845 -0.0091234112915002819 0.023142794733068899 -0.01151093366735758 0.0030520216524376471 -0.0056878919774970317 0.014495892742556001 -0.003132025374656565 0.0029999935478229509 -0.011204574756079664 0.0047517304053563622 -0.0040894822827623528 0.022406221159199036 0.014379186456289607 0.01591258509120539
leaf_weight=5.2547771185636538 6.2433556020259848 8.8627693206071907 4.5485596209764463 4.8965918719768506 24.356954112648964 7.6257649809122077 8.7547428309917432 4.6886373758316058 8.6099543273448962 5.2153055220842353 18.082464098930359 9.2263617515563947 6.7948068976402283 4.3065620809793455 6.3258669525384903 6.1563739031553251 6.6393904387950897 4.6824892461299896 16.804909154772758 4.697878897190094 4.5351754277944556 3.8193130344152451
leaf_count=27 30 19 20 24 30 26 27 21 19 27 20 37 24 20 23 20 21 19 33 24 21 18
internal_value=2.90024e-05 -0.000598185 0.00565374 0.00195199 -0.00227091 0.00660741 -0.00349352 -0.000777049 0.00403232 0.0104978 -0.00523754 -0.00342942 -0.00277875 0.00214202 0.00291228 -0.00964394 -0.00437039 0.0121142 -0.00793609 0.0167305 0.0190666 0.0198058
internal_weight=181.129 174.886 36.9147 27.6682 137.971 16.6999 121.271 84.1184 40.4763 20.765 43.6421 18.0891 19.7113 11.1014 11.0145 37.1527 12.7958 9.57908 34.8874 9.24644 9.75048 9.07409
internal_count=550 520 143 99 377 71 306 235 155 92 80 56 63 44 44 71 41 43 53 44 48 45
is_linear=0
shrinkage=0.0138221


Tree=46
num_leaves=20
num_cat=0
split_feature=0 8 6 29 14 8 8 7 8 34 29 13 6 2 33 11 19 25 29
split_gain=60.2212 23.9133 20.0881 12.3565 17.8353 18.8115 16.427 11.7599 2.81251 0.00152469 0.00148221 0.00110513 0.000958319 0.00105681 0.00107865 0.0010254 0.000467998 0.000413418 0.000143318
threshold=-0.22252093395631442 37.525694922580065 47067.120000000003 11.12499031910713 0.0056960814729593258 25.9711011105769 34.658916630951616 7.7295000000000011e-05 23.023273414488937 0.001996864634546625 10.651047116612803 56181.398500000003 50403.717500000006 -3817.0630609999994 27.500000000000004 -0.014952365583195402 0.0059036463611235124 0.00090208131453036182 20.199799856136817
decision_type=2 2 2 2 2 2 2 2 2 2 2 2 2 2 2 2 2 2 2
left_child=1 2 -1 -4 -5 -6 9 8 -2 -7 -10 -3 17 -14 15 -15 -16 18 -12
right_child=7 11 3 4 5 6 -8 -9 10 -11 12 -13 13 14 16 -17 -18 -19 -20
leaf_value=-0.013114460842891531 -0.0043093007546518925 -0.012951077399104075 0.018642500547631644 -0.013189975376358904 0.016636101338237921 -0.013556243304414394 0.010454347252881746 0.0060756099680022999 -0.012909140869702405 -0.013208084885735176 -0.012626178842915992 -0.013235126970527224 -0.012538796784879278 -0.012749655558497474 -0.012583673610135397 -0.012979362401235948 -0.012756045918958072 -0.012718541008107993 -0.012531653254336786
leaf_weight=7.3840029686689368 8.7508275508880597 5.9390513896942121 25.908080518245697 7.1898371428251258 32.770769327878952 5.1671300530433673 12.869630739092825 8.076042100787161 7.5140223354101172 4.492523580789566 5.7050763964653033 4.678047850728035 4.0561081916093817 7.9482587128877622 5.2731664478778821 6.9672270864248347 7.0092593133449554 5.6096993684768668 6.6207518875598907
leaf_count=35 31 25 19 29 37 25 24 22 34 21 25 22 24 41 27 32 28 24 25
internal_value=-4.20116e-05 0.00660556 0.00878722 0.0106167 0.00728923 0.00995183 0.000228995 -0.0096611 -0.0116028 -0.0133943 -0.0127283 -0.0130762 -0.0127007 -0.0127469 -0.012778 -0.012857 -0.012682 -0.0126202 -0.0125754
internal_weight=179.93 106.399 95.782 88.398 62.4899 55.3001 22.5293 73.5304 65.4544 9.65965 56.7036 10.6171 49.1895 31.254 27.1979 14.9155 12.2824 17.9355 12.3258
internal_count=550 237 190 155 136 107 70 313 291 46 260 47 226 152 128 73 55 74 50
is_linear=0
shrinkage=0.0138221


Tree=47
num_leaves=23
num_cat=0
split_feature=11 11 13 33 7 11 28 19 11 21 25 18 21 11 22 6 3 25 28 32 18 16
split_gain=15.7446 20.3219 13.679 11.3126 7.61938 7.32172 12.0595 8.35598 6.07722 9.5934 4.77035 4.13134 3.76074 5.05465 2.88165 2.50864 1.42894 1.32822 0.594834 0.0861209 0.00213197 0.00116624
threshold=0.0071211040472038975 -0.10073767145736982 51940.837000000007 11.500000000000002 -2.3639999999999994e-05 0.050104339893790824 0.0015412795546537741 0.0085164113632145173 -0.038902444966727505 -0.019929759178112846 0.001715061742461814 2.5240000000000006e-05 -0.10158751161076783 -0.14462326423079278 0.046243439494882195 49042.614500000003 25.500000000000004 -0.0069181893504072301 -0.0095487531095419503 19.993987434564492 2.5945000000000003e-05 0.89772008857876118
decision_type=2 2 2 2 2 2 2 2 2 2 2 2 2 2 2 2 2 2 2 2 2 2
left_child=1 12 10 4 -3 11 -7 -8 18 -10 16 -4 13 -1 -11 -6 -2 -16 -5 -20 -21 -19
right_child=2 3 5 8 15 6 7 -9 9 14 -12 -13 -14 -15 17 -17 -18 21 19 20 -22 -23
leaf_value=0.014929449242798742 0.020679151109975046 0.015213084530064326 0.0009444031881036722 -0.0089713369280418793 -0.0069566704362789486 -0.012983702840432718 0.012462423040526673 -0.0085608522627391975 0.0089972957010824341 -0.0011483237974905941 0.0021834235253573335 0.016997359618490339 0.019823700858352659 -0.0015425805807245221 -0.0022412098876403081 0.0052853692150172764 0.012786563759937156 -0.013000539532404133 -0.011165920772802873 -0.013051237525930627 -0.012778631226895732 -0.01325821003771703
leaf_weight=6.6875927299261102 10.447938904166227 6.977810591459277 5.6558943688869459 13.32337638735771 8.7953657507896406 12.942773327231409 10.195562019944189 5.5936649143695822 8.5959772616624814 7.8039041906595257 5.0647675842046729 6.6807877421379089 5.2692430317401877 7.6083188354969034 2.5491192340850857 5.0252033770084372 7.5491542220115653 7.1541449874639493 7.3504781574010876 8.8398329615592974 14.424931973218916 6.3209295868873596
leaf_count=23 29 23 26 35 28 18 35 20 35 28 22 22 16 35 3 21 26 23 13 33 19 17
internal_value=1.27501e-05 -0.00301014 0.00551481 -0.00559816 0.0034391 0.00073114 -0.00309308 0.00501449 -0.00805958 -0.00352041 0.0140336 0.0096377 0.00984207 0.00616299 -0.00803616 -0.00250543 0.0173685 -0.0113906 -0.0114092 -0.0124701 -0.0128822 -0.0131214
internal_weight=180.857 116.726 64.1305 97.1611 20.7984 41.0687 28.732 15.7892 76.3627 32.4241 23.0619 12.3367 19.5652 14.2959 23.8281 13.8206 17.9971 16.0242 43.9386 30.6152 23.2648 13.4751
internal_count=550 352 198 278 72 121 73 55 206 106 77 48 74 58 71 49 55 43 100 65 52 40
is_linear=0
shrinkage=0.0138221


Tree=48
num_leaves=20
num_cat=0
split_feature=24 8 3 29 22 8 1 15 15 6 8 32 27 16 7 16 0 32 31
split_gain=10.1745 9.35063 10.4594 8.24365 13.2016 11.4643 10.7954 8.67209 8.6343 8.18308 5.59386 6.36683 5.01599 4.9352 4.05644 2.52976 1.72214 0.805411 0.460621
threshold=0.0046856341330148319 36.487255863453719 25.500000000000004 10.947989951562951 0.055933732516623563 35.051469068367986 46.093349259128239 -7368.0950379999995 1654.2065940000018 56547.833000000006 25.838380002309293 16.582790097949651 -1.0000000180025095e-35 1.4475866220115086 1.1615000000000001e-05 1.5144488101039764 -0.22252093395631442 30.012164843343044 -2081.1117610000006
decision_type=2 2 2 2 2 2 2 2 2 2 2 2 2 2 2 2 2 2 2
left_child=1 3 9 -1 6 7 12 17 -9 14 16 -12 -5 -10 -3 -11 -8 -6 -4
right_child=-2 2 18 4 5 -7 10 8 13 15 11 -13 -14 -15 -16 -17 -18 -19 -20
leaf_value=-0.00995544876099878 0.017341280813068433 0.0036121865258113284 0.015727870514495396 0.014227509586170251 0.022437001403885513 -0.0089809527087154357 -0.012010318347270068 -0.0050988512455986705 0.020216517274353179 0.017951222810578246 -0.0076391898613599627 0.0079556317454202372 -0.0024562353650041759 0.0031812954021663347 -0.0093735154857071505 0.0035833041748587011 -0.0057588580099697468 0.014581890432702844 0.022129732311548252
leaf_weight=22.216940313577652 6.2639168798923484 8.0748827606439644 4.2674038261175156 7.5728279650211334 6.4448554366826993 8.50169490277767 26.189873546361923 10.405059710144998 6.5733773261308652 5.5681741237640363 11.870864331722261 8.6434544920921308 6.312945142388342 6.4246062785387039 10.666945248842238 4.0398027896881104 12.407297596335409 4.0678380876779556 4.3219212442636472
leaf_count=27 30 28 20 35 33 14 33 32 33 27 36 37 23 21 30 16 34 19 22
internal_value=3.30457e-05 -0.000588005 0.00558683 -0.00224528 -0.000761096 0.00537143 -0.0043246 0.00896916 0.00428472 0.00153837 -0.00690086 -0.0010685 0.00664251 0.0117964 -0.00377865 0.01191 -0.0100007 0.0193975 0.0189491
internal_weight=180.835 174.571 36.9391 137.632 115.415 42.4174 72.9973 33.9157 23.403 28.3498 59.1115 20.5143 13.8858 12.998 18.7418 9.60798 38.5972 10.5127 8.58933
internal_count=550 520 143 377 350 152 198 138 86 101 140 73 58 54 58 43 67 52 42
is_linear=0
shrinkage=0.0138221


Tree=49
num_leaves=19
num_cat=0
split_feature=0 8 6 10 17 8 9 29 8 31 29 18 6 8 17 1 21 14
split_gain=58.8257 23.2647 19.5692 23.8337 11.5309 6.76324 5.98101 5.80289 7.86926 3.60314 0.00209398 0.00173303 0.00108793 0.00127026 0.00115077 0.000865039 0.000810985 0.000160707
threshold=-0.22252093395631442 37.525694922580065 47067.120000000003 0.01086850076352105 -13208.673991499998 23.35390817949752 70.337323477078158 13.706978564552381 24.672772688473042 1242.1159324999992 10.651047116612803 5.5270000000000011e-05 50403.717500000006 40.710970712513578 6910.0425220000025 43.058078163344327 -0.053475311049393841 0.0078124218940673297
decision_type=2 2 2 2 2 2 2 2 2 2 2 2 2 2 2 2 2 2
left_child=1 2 -1 9 -5 -2 10 -6 -9 -4 16 12 17 14 -14 -3 -7 -12
right_child=5 15 3 4 7 6 -8 8 -10 -11 11 -13 13 -15 -16 -17 -18 -19
leaf_value=-0.013050654206865077 3.4454626245522195e-05 -0.013143219454434644 -0.013346568835907896 0.00033048510719366697 0.020170068190895507 -0.013014779188020411 0.0033953360138639127 0.016880206758719783 0.003506843619128181 0.0017562491101622457 -0.012470424069328247 -0.012885599733126141 -0.012670747353170631 -0.012446966436152191 -0.012928365975414526 -0.012889445739843434 -0.012746317897701597 -0.012564174093505295
leaf_weight=7.3311069160699835 11.697216048836706 4.4343075901269895 7.4435298293828946 11.086939856410025 29.085386425256729 4.5515410006046295 4.7905341237783423 22.398863568902016 13.456423312425612 5.0760612636804581 5.5483942180871955 5.4705553203821173 19.538827851414688 3.9641917943954459 3.9890204668045035 6.0914347469806671 4.0741118192672712 9.4316567778587324
leaf_count=35 36 19 31 37 16 22 14 23 35 13 23 27 95 22 17 28 18 39
internal_value=-4.71672e-05 0.00651011 0.00865158 0.0104484 0.0133584 -0.00959766 -0.0114339 0.0155825 0.0118612 -0.00722314 -0.0126897 -0.012654 -0.0126242 -0.0126759 -0.0127144 -0.0129964 -0.012888 -0.0125295
internal_weight=179.46 106.404 95.8783 88.5472 76.0276 73.056 61.3588 64.9407 35.8553 12.5196 56.5683 47.9426 42.4721 27.492 23.5278 10.5257 8.62565 14.9801
internal_count=550 237 190 155 111 313 277 74 58 44 263 223 196 134 112 47 40 62
is_linear=0
shrinkage=0.0138221


Tree=50
num_leaves=22
num_cat=0
split_feature=0 13 33 12 21 8 16 22 21 8 21 20 17 13 13 30 30 22 5 32 29
split_gain=26.1858 13.2107 12.4946 11.336 10.5829 5.09933 4.78589 5.19929 4.74008 4.1408 3.31778 2.65893 2.52204 1.97047 1.77153 2.33247 1.51427 0.914816 0.102928 0.00179119 0.00106718
threshold=-0.56174490092936669 51897.909000000007 33.000000000000007 0.026963506488525638 -0.11947989268987845 39.50089791478738 1.5932718388532232 0.06329947217816019 -0.022334768622548847 31.5391998974372 -0.080865204755814254 -1.315075116993049 -1617.2191104999995 55157.200000000004 53712.113000000005 52923.960000000006 49673.928000000007 0.041709317226457952 38.889356505818391 24.027086629871551 13.839310698035669
decision_type=2 2 2 2 2 2 2 2 2 2 2 2 2 2 2 2 2 2 2 2 2
left_child=3 6 4 10 -3 13 7 12 -9 -4 -1 -12 -2 14 15 -6 -14 -13 -19 -16 -20
right_child=1 2 9 -5 5 -7 -8 8 -10 -11 11 17 16 -15 19 -17 -18 18 20 -21 -22
leaf_value=0.001244464938251992 0.0072519997271392788 0.012220947369138251 0.018219911605276948 0.008077747203112209 -0.011063045689549722 0.0035710062357143702 0.0011762847151941963 0.013497166194375009 -0.0044637066901881553 0.0031703381166801399 -0.0034322369607221745 -0.0077801262922558966 0.020818147222747874 -0.0018608789494408366 -0.013202088140830607 0.0017441326999420742 0.013154828600591657 -0.010919666166045458 -0.012688819230529703 -0.012890418906776741 -0.012867247538166336
leaf_weight=5.6950011849403372 5.7008457928895941 7.3006492257118216 7.8785276710987073 8.7026336342096311 6.5871712714433688 8.8327077180147153 9.912453740835188 5.3831079453229904 5.8666667342185956 6.2747793346643448 10.087411999702452 10.764583140611647 11.935909241437917 7.3089004009962073 5.4418382793664923 4.6238691210746765 8.3884700238704664 7.0478533506393424 10.579674601554872 9.9906995892524701 16.226300984621048
leaf_count=17 22 26 23 34 18 39 34 18 29 26 23 21 33 37 22 22 28 12 6 21 39
internal_value=1.37862e-05 0.0041594 8.03764e-05 -0.00667085 -0.00316009 -0.00578464 0.00971242 0.0119824 0.00413072 0.0115478 -0.00879585 -0.00984107 0.0153764 -0.0082185 -0.00996253 -0.00578087 0.0176553 -0.01129 -0.012406 -0.0130003 -0.0127968
internal_weight=180.53 111.427 64.2391 69.1035 50.0858 42.7852 47.1875 37.275 11.2498 14.1533 60.4008 54.7058 26.0252 33.9525 26.6436 11.211 20.3244 44.6184 33.8538 15.4325 26.806
internal_count=550 398 234 152 185 159 164 130 47 49 118 101 83 120 83 40 61 78 57 43 45
is_linear=0
shrinkage=0.0138221


Tree=51
num_leaves=22
num_cat=0
split_feature=8 3 2 21 17 23 34 25 12 13 10 18 26 28 23 21 31 32 26 31 20
split_gain=9.51098 9.24665 8.3023 17.4001 10.2118 16.1856 10.8382 6.64277 6.60697 4.54066 5.80181 4.74975 3.93031 2.9887 2.79691 2.73353 3.47817 1.37168 0.679394 0.447311 0.14647
threshold=36.487255863453719 25.500000000000004 2410.6354245000011 0.012017754853705378 -11949.460654499997 0.033379113043447879 -0.0039589326991517062 -0.0010655749715770778 0.029064995619544124 56547.833000000006 0.019479663568663205 3.7205e-05 0.081361406897159427 -0.0031418909849241223 0.73454921329133893 -0.054015605614968647 1804.0144424999987 19.993987434564492 0.25404639978773969 -2081.1117610000006 1.1659410311677734
decision_type=2 2 2 2 2 2 2 2 2 2 2 2 2 2 2 2 2 2 2 2 2
left_child=2 9 4 13 5 -1 7 12 -5 11 -11 14 -6 -4 -2 -8 17 -17 -7 -3 -15
right_child=1 19 3 8 6 18 15 -9 -10 10 -12 -13 -14 20 -16 16 -18 -19 -20 -21 -22
leaf_value=-0.0077242211855767092 -0.0022066259432645765 0.015497706036979107 0.0073793780029544533 -0.0080172003192070778 -0.0087631753251144404 0.023617603213557249 -0.012562616559892782 0.012117294058821467 0.007194900059712012 0.018152768279563629 -0.0003868054736688795 -0.0099072199191688245 0.0042517526128813665 0.022299373752349312 0.012238198646213276 -0.011892342895099996 0.00092947795875882738 -0.0055605779793014279 0.01565148133063872 0.021794716766058094 0.01879972172467876
leaf_weight=7.9652024209499386 5.7141818553209358 4.2811838835477829 4.9931440055370322 17.11314827203751 9.9011685103178078 4.4072034657001478 23.718769863247871 8.1449522674083692 8.0069124549627286 6.3817767947912198 6.5192233026027679 8.0104762166738492 8.0266389995813352 4.8975097984075529 4.6409341543912888 14.445550829172136 8.9859095215797407 11.93910004198551 3.816779613494873 4.3400822281837446 4.2828631997108459
leaf_count=13 21 20 21 35 24 23 24 37 34 31 20 21 28 25 21 28 35 28 18 22 21
internal_value=3.67486e-05 0.00599407 -0.00165279 0.00374066 -0.00374381 0.00631909 -0.00565675 0.00176646 -0.00316841 0.00249951 0.00878422 -0.00191521 -0.00293613 0.0159858 0.00426723 -0.00893219 -0.00649771 -0.00902721 0.0199205 0.0186677 0.0206667
internal_weight=180.533 39.8879 140.645 39.2936 101.351 16.1892 85.1621 26.0728 25.1201 31.2666 12.901 18.3656 17.9278 14.1735 10.3551 59.0893 35.3706 26.3847 8.22398 8.62127 9.18037
internal_count=550 156 394 136 258 54 204 89 69 114 51 63 52 67 42 115 91 56 41 42 46
is_linear=0
shrinkage=0.0138221


Tree=52
num_leaves=20
num_cat=0
split_feature=0 8 10 13 7 17 23 11 7 31 8 10 13 13 22 13 13 30 24
split_gain=57.4309 22.7015 18.5138 18.8759 11.491 9.84453 4.13463 3.86225 5.50099 3.54994 2.74144 0.000967341 0.00143763 0.00106486 0.00104253 0.000982199 0.000873429 0.000414987 0.000374763
threshold=-0.22252093395631442 37.525694922580065 0.01086850076352105 47884.55000000001 7.7295000000000011e-05 -13208.673991499998 0.69222251684904679 -0.034524592463605612 3.7935000000000009e-05 1242.1159324999992 23.023273414488937 0.016911598323949631 52907.241000000002 54279.801500000009 0.029362637788535231 50974.778000000013 56181.398500000003 56547.833000000006 0.0015576349679915708
decision_type=2 2 2 2 2 2 2 2 2 2 2 2 2 2 2 2 2 2 2
left_child=1 2 9 6 10 -5 -4 -7 -9 -1 -2 12 14 -14 -12 18 -3 -15 -16
right_child=4 16 3 5 -6 7 -8 8 -10 -11 11 -13 13 17 15 -17 -18 -19 -20
leaf_value=-0.013292056147540709 -0.004275702653635664 -0.012820543065589288 -0.013111853433571043 0.0010599875940444741 0.0060096134337257858 0.018283099357760072 0.0043064030136454618 0.0048197472126603165 0.017933040481262097 0.0017158295767665645 -0.012367783071790895 -0.012464406300590893 -0.012855708727713718 -0.012563554805351528 -0.012511088917736359 -0.012738173422436853 -0.013075087667823605 -0.012736181919009475 -0.012651802043120615
leaf_weight=7.3992579132318479 8.7272987812757474 5.8483942747116071 6.5058849155902845 10.546373009681693 8.0763200968503934 37.633121043443673 4.3407768458127975 12.506690293550507 11.95296663045883 5.0774092972278595 4.1542595773935345 7.8504657149314871 7.3221415132284191 6.0277723222970945 13.290610417723661 7.3972123712301245 4.6019856929779053 4.7626485675573349 4.9676752388477317
leaf_count=31 31 25 30 35 22 26 13 33 9 13 19 37 34 31 56 35 22 25 23
internal_value=-5.26673e-05 0.00641332 0.00852011 0.0108671 -0.00953322 0.0134068 -0.00614116 0.0155039 0.011228 -0.00718456 -0.0114794 -0.0126066 -0.0126299 -0.0127271 -0.0125709 -0.0126038 -0.0129326 -0.0126397 -0.0125494
internal_weight=178.989 106.413 95.9625 83.4858 72.5764 72.6392 10.8467 62.0928 24.4597 12.4767 64.5001 55.7728 47.9223 18.1126 29.8098 25.6555 10.4504 10.7904 18.2583
internal_count=550 237 190 146 313 103 43 68 42 44 291 260 223 90 133 114 47 56 79
is_linear=0
shrinkage=0.0138221


Tree=53
num_leaves=24
num_cat=0
split_feature=0 6 32 33 8 10 9 14 13 8 9 3 22 21 2 23 6 13 13 23 29 2 2
split_gain=25.5169 17.842 10.904 9.96937 10.3448 6.62335 6.68128 6.18543 4.59672 6.09596 3.57105 3.51351 2.9083 3.90482 2.75105 2.73316 1.78614 1.17107 2.99477 0.096658 0.00241611 0.00234215 0.00118393
threshold=-0.56174490092936669 52063.580000000009 14.080372940167869 33.000000000000007 39.50089791478738 0.013784727771495101 52.135744604872215 0.0090740329552723223 55157.200000000004 36.487255863453719 45.848929769029695 44.500000000000007 0.03871103497064865 -0.080865204755814254 3424.6191835000018 0.073892910693132821 50403.717500000006 53785.847500000011 52849.741500000004 0.23116537663960474 12.009679096138274 -6628.4284129999969 423.58186650000147
decision_type=2 2 2 2 2 2 2 2 2 2 2 2 2 2 2 2 2 2 2 2 2 2 2
left_child=2 5 -1 4 8 16 7 -7 17 -10 -6 -5 -4 -14 -8 -15 -2 18 -3 -17 -21 -19 -22
right_child=1 3 12 11 10 6 14 -9 9 -11 -12 -13 13 15 -16 19 -18 21 -20 20 22 -23 -24
leaf_value=0.0087744486032587075 0.019568467126904319 -0.013086654896796866 0.00047094369617415465 0.01826182058306304 0.011404048423071958 0.00057667409857873665 -0.0089489664995838734 0.017454068669054832 0.011010663052353781 -0.012881870533677137 -0.0028870025420758409 0.0028864029252713623 0.0012538664640892832 -0.0040703564918124838 0.0048155403892629154 -0.010997523597412741 0.011588317849110781 -0.012739446177996364 0.001227960333470963 -0.012538731779698472 -0.01293850156217425 -0.013104555408201653 -0.012735268523364049
leaf_weight=7.8061645179986945 11.851900875568392 6.7195310145616549 6.1079661250114432 5.8090652227401716 9.2294830679893476 6.639362305402762 5.9562084972858411 11.059019804000853 4.9866422712802869 3.4528300613164902 5.2355063557624808 5.5545272678136826 5.6921853125095359 9.2519314885139448 5.1926241964101791 7.5248643159866324 9.7804475277662259 5.0033830553293219 4.7775129079818726 8.6403597593307477 8.573158875107767 10.199712127447127 15.160178646445273
leaf_count=30 33 20 20 17 34 30 22 33 19 21 26 23 17 19 22 15 33 11 23 5 22 31 24
internal_value=1.54965e-05 0.00410084 -0.00660643 -0.00093147 -0.00360666 0.0101788 0.0058431 0.0111227 -0.00765647 0.00123554 0.0062315 0.0107463 -0.00857631 -0.00958393 -0.00253808 -0.0108391 0.0159605 -0.0104671 -0.00713832 -0.0124086 -0.0127366 -0.0129844 -0.0128087
internal_weight=180.205 111.448 68.7568 60.9682 49.6046 50.4796 28.8472 17.6984 35.1396 8.43947 14.465 11.3636 60.9506 54.8427 11.1488 49.1505 21.6323 26.7001 11.497 39.8986 32.3737 15.2031 23.7333
internal_count=550 398 152 225 185 173 107 63 125 40 60 40 122 102 44 85 66 85 43 66 51 42 46
is_linear=0
shrinkage=0.0138221


Tree=54
num_leaves=18
num_cat=0
split_feature=24 13 21 19 6 34 27 16 9 34 4 13 17 24 19 21 31
split_gain=9.80192 8.79788 11.381 11.8076 9.5751 9.53408 7.40116 6.97586 7.67835 6.76408 5.76035 4.97369 4.43789 4.03306 4.0085 2.68055 1.10919
threshold=0.0046856341330148319 57632.248500000009 -0.053475311049393841 0.011925319560653229 52063.580000000009 0.0060938680857268732 0.6078576107927941 0.82093600430725877 55.667284438738548 -0.0033801029687395841 -0.0037569329781904077 53906.37200000001 1379.3942235000011 -0.0017374795255135982 0.0079579503044203189 0.027422900870048287 1447.8253319999988
decision_type=2 2 2 2 2 2 2 2 2 2 2 2 2 2 2 2 2
left_child=1 2 9 4 6 7 10 8 -6 11 -4 -1 -9 -3 -7 -8 -12
right_child=-2 13 3 -5 5 14 15 12 -10 -11 16 -13 -14 -15 -16 -17 -18
leaf_value=-0.0070932628455033257 0.016994313196302218 0.019026677979603383 0.0015417179312709273 0.018764520701429834 0.01748523198081656 0.0065503352025054855 -0.00037616454704259445 -0.0075592528810341803 -0.0026562936283930044 -0.011779371379648476 -0.010894712305081046 0.010031110431965251 0.0040400031474679783 0.0028952409353885217 0.021310875159911438 0.012831066552746013 -0.0050437133809429751
leaf_weight=7.5059174448251706 6.2882953137159339 5.8980229794979095 12.032866358757017 6.5337209254503241 7.8584846854209882 7.3853051215410215 6.5949900895357114 18.376362368464473 6.6981593072414398 26.889433160424232 26.883525937795639 5.7020668983459473 9.5908283740282041 5.9461864382028562 6.7073647975921631 5.2917427867650986 8.0417006909847242
leaf_count=17 30 29 38 32 38 31 25 39 20 31 55 25 34 19 34 24 29
internal_value=4.10947e-05 -0.000571811 -0.00141212 0.000687648 -0.000335286 0.00372271 -0.00423961 0.000457404 0.00821722 -0.0078006 -0.00670592 0.000299563 -0.0035815 0.0109282 0.0135756 0.00550344 -0.00954749
internal_weight=180.225 173.937 162.092 121.995 115.461 56.6165 58.8448 42.5238 14.5566 40.0974 46.9581 13.208 27.9672 11.8442 14.0927 11.8867 34.9252
internal_count=550 520 472 399 367 196 171 131 58 73 122 42 73 48 65 49 84
is_linear=0
shrinkage=0.0138221


Tree=55
num_leaves=22
num_cat=0
split_feature=22 5 11 28 19 28 6 23 8 18 2 19 11 5 19 6 29 18 25 22 22
split_gain=23.5698 25.6967 30.9434 21.9804 28.6015 11.6779 19.3479 8.37659 5.83125 5.63417 0.0116207 0.0046701 0.00455433 0.00385332 0.00353514 0.00301982 0.0025045 0.00198921 0.0014088 0.000492586 0.000366086
threshold=0.03800281025738584 57.396664009951266 -0.10073767145736982 -0.0026437280146701099 0.0091668355917911056 0.00068392352536261758 52456.437000000005 0.024236019501697577 31.122518473037371 7.8645000000000003e-05 -10330.241476499998 0.0078572465111370181 -0.11700008198544352 34.600940538606807 0.0087091740574069265 53558.13150000001 17.567882998255772 2.7750000000000001e-06 0.0021041232362697337 0.029362637788535231 0.024564291100657314
decision_type=2 2 2 2 2 2 2 2 2 2 2 2 2 2 2 2 2 2 2 2 2
left_child=11 2 12 4 10 -5 -7 -6 -9 14 -4 16 13 -2 18 -12 20 -16 -3 -18 -1
right_child=1 9 3 5 7 6 -8 8 -10 -11 15 -13 -14 -15 17 -17 19 -19 -20 -21 -22
leaf_value=-0.012699378283110669 -0.012916535549751945 -0.012472995564451257 -0.013579189808077881 0.016630160827722135 0.020261650797083551 -0.012963278563890433 0.013053314886691344 -0.004236331990262238 0.014115623630338258 0.0039522294629404965 -0.012663057574266813 -0.013047389504474318 -0.013181025351116196 -0.012428657410363161 -0.013152946023294927 -0.013087546470605824 -0.01235473673344388 -0.012762245734982755 -0.0127564337560932 -0.012549384329925323 -0.012885178263512813
leaf_weight=4.3228851556778007 6.0833301693201083 7.3947110623121315 5.293068781495097 42.184264808893204 9.0083985179662722 8.0342164635658282 17.051786854863167 8.2524679750204069 5.5207650065422049 4.6174948662519446 8.7935290336608869 6.1408910602331153 4.5228564888238898 6.2916702479124069 4.6581044644117338 5.0352074354887 4.5988605469465238 5.3482280671596527 6.1256189793348312 5.401086837053299 3.81309475004673
leaf_count=26 27 34 26 39 6 36 28 36 8 13 38 28 18 29 24 24 22 24 28 19 17
internal_value=-5.85907e-05 0.00193426 0.0046001 0.00729416 -0.000563992 0.0121891 0.00472106 0.00989806 0.00311974 -0.0100074 -0.0130284 -0.0127179 -0.0128057 -0.0126685 -0.0127472 -0.0128176 -0.0126064 -0.0129441 -0.0126014 -0.0124599 -0.0127865
internal_weight=178.493 154.216 126.072 109.174 41.9034 67.2703 25.086 22.7816 13.7732 28.1442 19.1218 24.2768 16.8979 12.375 23.5267 13.8287 18.1359 10.0063 13.5203 9.99995 8.13598
internal_count=550 438 315 241 138 103 64 50 44 123 88 112 74 56 110 62 84 48 62 41 43
is_linear=0
shrinkage=0.0138221


Tree=56
num_leaves=23
num_cat=0
split_feature=11 11 13 33 11 28 32 10 11 21 16 9 18 21 11 22 2 6 28 10 6 31
split_gain=14.629 19.037 12.6893 10.7338 6.93047 11.4181 7.9086 5.97921 5.8723 9.3123 4.85713 5.13571 3.89374 3.65382 4.84168 2.81188 1.31763 0.95433 0.579764 0.139207 0.00576998 0.000133897
threshold=0.0071211040472038975 -0.10073767145736982 51940.837000000007 11.500000000000002 0.050104339893790824 0.0015412795546537741 11.720315307207557 0.014305971173304 -0.038902444966727505 -0.019929759178112846 0.71072071954895832 51.32810863546478 2.5240000000000006e-05 -0.10158751161076783 -0.14462326423079278 0.046243439494882195 -16219.721269999996 50403.717500000006 -0.0095487531095419503 0.011389857845295474 54472.149500000007 -1145.3907855000011
decision_type=2 2 2 2 2 2 2 2 2 2 2 2 2 2 2 2 2 2 2 2 2 2
left_child=1 13 7 10 12 -6 -7 17 18 -10 -3 -12 -4 14 -1 -11 -17 -2 -5 -20 -21 -18
right_child=2 3 4 8 5 6 -8 -9 9 15 11 -13 -14 -15 -16 16 21 -19 19 20 -22 -23
leaf_value=0.014367764385533752 0.020128374965701235 -0.0056909938499613098 0.00085244686920628494 -0.0088018540312883829 -0.012827807883909961 -0.0043663929507348044 0.015218265553544306 5.4710979064678827e-05 0.008889954024846233 -0.0010918971969707638 0.014869433591227233 -0.0028325385360575238 0.016400945348774055 0.01926882272522679 -0.0017023232945522038 -0.0021190789577611546 -0.012951696146525077 0.013792683690969049 -0.010448290185151398 -0.013101075019037619 -0.012628337082243982 -0.013039482550067837
leaf_weight=6.7556076496839532 9.6392162293195778 7.3458701968193081 5.6582859158515912 13.146813154220579 12.703725606203081 8.4482292234897596 7.3808963000774375 4.9809670299291602 8.6053070425987226 7.7555703520774868 8.427068278193472 4.9824629724025717 6.745357558131218 5.3047418296337119 7.6243586838245401 2.5343737900257102 6.7762953490018827 8.5897609740495664 6.2449736744165447 7.0035873949527767 16.681827262043953 6.50702203810215
leaf_count=23 26 20 26 35 18 31 24 23 35 28 28 24 22 16 35 3 21 28 8 22 35 19
internal_value=1.69688e-05 -0.0029184 0.00531127 -0.00545715 0.000682248 -0.00306751 0.00476566 0.0134757 -0.00788424 -0.00341689 0.0033431 0.00829207 0.00930804 0.0094642 0.00584729 -0.00790945 -0.0112522 0.0171429 -0.0112213 -0.0122841 -0.0127681 -0.0129947
internal_weight=179.842 115.696 64.1464 96.0112 40.9365 28.5329 15.8291 23.2099 75.2558 32.1786 20.7554 13.4095 12.4036 19.6847 14.38 23.5733 15.8177 18.229 43.0772 29.9304 23.6854 13.2833
internal_count=550 352 198 278 121 73 55 77 206 106 72 52 48 74 58 71 43 54 100 65 57 40
is_linear=0
shrinkage=0.0138221


Tree=57
num_leaves=23
num_cat=0
split_feature=8 4 21 2 21 27 3 17 6 21 8 17 18 17 27 29 21 27 25 31 29 21
split_gain=9.0571 9.79154 10.5017 17.3252 12.9938 14.0719 8.92998 7.7838 6.32456 4.3537 3.73646 6.40405 3.39838 2.92118 2.33617 3.54231 2.25395 1.6773 1.1692 0.449548 0.224976 0.028523
threshold=36.487255863453719 0.011343734361685122 0.041518982579783932 2410.6354245000011 -0.018857231409429961 -1.0000000180025095e-35 25.500000000000004 -11949.460654499997 56547.833000000006 -0.13019921947578875 40.415104731646956 -352.11639449999899 -6.5999999999999986e-06 -1652.3942444999989 -1.0000000180025095e-35 20.40205094563008 0.054378297322852827 1.0000000180025095e-35 0.0022910198221322352 -2081.1117610000006 27.344095431622552 1.0000000180025095e-35
decision_type=2 2 2 2 2 2 2 2 2 2 2 2 2 2 2 2 2 2 2 2 2 2
left_child=1 2 3 4 7 13 8 -1 10 -10 -2 -12 -5 21 -9 -16 20 -18 -14 -8 -4 -6
right_child=6 -3 16 12 5 -7 19 14 9 -11 11 -13 18 -15 15 -17 17 -19 -20 -21 -22 -23
leaf_value=0.0050904550041465796 -0.008756116100204615 0.016153175843524815 -0.01002305356932964 0.0038969774697673802 0.020966034601368581 -0.0048397168615415143 0.015101568447429693 -0.010594670749440911 0.0017161842392206636 0.018818707073411097 -0.0070178183162161387 0.014392891940661439 0.022299927914875148 0.0066944906531741033 0.0027322548258082503 -0.0099398299573918488 0.00015553806425635592 -0.0091768591043993892 0.013262366356470354 0.021399578597257964 -0.012773349575135814 0.022629715991307701
leaf_weight=9.9602587223052961 9.1906016469001823 5.6872602105140677 12.714303076267244 5.219036519527438 3.9769229590892792 10.930666014552115 4.3022718876600266 31.004918396472931 5.4607253819704056 5.9338332265615445 5.5589307844638824 5.1338168531656247 5.0858655124902707 3.5546576976776141 7.6803687661886242 9.3390667140483838 7.6587106883525831 7.0814129710197449 5.9162818491458893 4.3593388795852643 10.274089902639387 3.8991067856550217
leaf_count=32 21 27 24 21 20 34 20 37 21 29 19 24 26 15 31 17 30 14 27 22 19 20
internal_value=4.5602e-05 -0.0016109 -0.00236318 5.28069e-05 -0.00257782 0.00637311 0.00585141 -0.00602968 0.00241204 0.0106225 -0.00229313 0.00326192 0.0130827 0.0170954 -0.008336 -0.00422129 -0.00854697 -0.00432791 0.0174401 0.0182713 -0.0112522 0.0217897
internal_weight=179.922 139.983 134.296 96.5671 80.346 22.3614 39.9395 57.9846 31.2779 11.3946 19.8833 10.6927 16.2212 11.4307 48.0244 17.0194 37.7285 14.7401 11.0021 8.66161 22.9884 7.87603
internal_count=550 394 367 280 206 89 156 117 114 50 64 43 74 55 85 48 87 44 53 42 43 40
is_linear=0
shrinkage=0.0138221


Tree=58
num_leaves=21
num_cat=0
split_feature=0 32 6 10 28 21 9 8 9 28 6 10 3 22 11 32 8 10 11 25
split_gain=54.8308 22.1588 15.3784 14.4135 9.47222 11.6472 7.36706 6.52578 5.8624 3.68323 0.0023243 0.00171309 0.00290669 0.00151489 0.00128597 0.00103935 0.000709787 0.000618125 0.000359563 0.000251228
threshold=-0.22252093395631442 14.080372940167869 47067.120000000003 0.01086850076352105 -0.0026437280146701099 -0.064522675096239088 30.140545044535724 23.35390817949752 70.337323477078158 -0.00022978759793218503 50338.588500000005 0.017376352684268518 27.500000000000004 0.055933732516623563 0.024448451643773076 30.48963171942675 35.547137329843011 0.013856197295830914 0.049832781717546355 0.00097174368121988482
decision_type=2 2 2 2 2 2 2 2 2 2 2 2 2 2 2 2 2 2 2 2
left_child=1 13 -3 -4 5 -5 -7 -2 10 -6 17 12 14 -1 15 -12 18 -9 -14 -19
right_child=7 2 3 4 9 6 -8 8 -10 -11 11 -13 16 -15 -16 -17 -18 19 -20 -21
leaf_value=-0.013032400318780514 5.6391652136676362e-05 -0.012922578710592653 -0.0057625380661035031 -0.013059845283972936 0.018700519805061207 0.019104739136711707 0.0031057210554116484 -0.012280060659250781 0.0034608874436700401 0.011287193206387125 -0.012594578181024272 -0.012343489790031326 -0.012606650593700324 -0.012699706930612406 -0.012933304215264795 -0.012850818415367693 -0.012287927502204603 -0.012405500050099908 -0.012439295097481928 -0.012549275107508709
leaf_weight=5.314985051751135 11.64463174343109 6.0989532321691504 10.139163956046103 5.3525956720113745 27.59321141242981 9.2520630061626488 13.554131910204886 6.4773192107677486 4.7639042288064948 23.889977365732193 11.186348959803583 5.0590995550155631 4.655022591352461 5.1470454484224319 4.3423799425363532 4.1447984576225272 3.4445089697837821 7.3269454985856992 5.1842743009328842 3.3991487473249435
leaf_count=23 36 30 37 23 17 7 39 23 14 38 58 26 24 23 20 20 21 34 19 18
internal_value=-6.44738e-05 0.00623209 0.00831628 0.00975907 0.0117351 0.00528963 0.00959623 -0.00941258 -0.0112508 0.0152605 -0.01252 -0.0125803 -0.0126167 -0.0128687 -0.0127233 -0.0126639 -0.0124587 -0.0123867 -0.0125185 -0.0124511
internal_weight=177.971 106.342 95.8801 89.7811 79.642 28.1588 22.8062 71.6284 59.9838 51.4832 55.2198 38.0164 32.9573 10.462 19.6735 15.3311 13.2838 17.2034 9.8393 10.7261
internal_count=550 237 191 161 124 69 46 313 277 55 263 188 162 46 98 78 64 75 43 52
is_linear=0
shrinkage=0.0138221


Tree=59
num_leaves=23
num_cat=0
split_feature=0 6 12 21 3 10 9 14 8 31 21 2 25 21 17 21 10 6 17 8 14 2
split_gain=24.3994 16.9421 10.7097 7.78902 10.7083 6.2696 6.38436 5.8373 4.25225 4.43082 3.15412 2.67627 2.48322 2.45735 4.60572 3.10331 2.42202 1.70562 1.54613 0.820481 0.00153356 0.000991704
threshold=-0.56174490092936669 52063.580000000009 0.026963506488525638 -0.1235223085199265 36.000000000000007 0.013784727771495101 52.135744604872215 0.0090740329552723223 39.50089791478738 1.0000000180025095e-35 -0.080865204755814254 3424.6191835000018 0.0010161807763399958 -0.023402415291980058 -3400.8230299999982 -0.05224217523159707 0.011749742767435109 50403.717500000006 -2697.5938244999988 33.284995989299304 0.0083313856564828578 4249.1161790000024
decision_type=2 2 2 2 2 2 2 2 2 2 2 2 2 2 2 2 2 2 2 2 2 2
left_child=2 5 10 -3 8 17 7 -7 13 -10 -1 -8 -6 14 -5 -16 18 -2 -12 20 -18 -15
right_child=1 3 -4 4 12 6 11 -9 9 -11 16 -13 -14 21 15 -17 19 -19 -20 -21 -22 -23
leaf_value=0.0011749000879581978 0.019034347488470521 0.013467874765754229 0.0077875192898455986 -0.011445994376962474 0.0019880504683812282 0.00056685188940626744 -0.0088735897869629179 0.016951171803269202 0.0099620072663552401 -0.0095428900858646488 -0.0079538560308225602 0.0047145276633138436 0.014994558711320521 -0.012861528908236077 -0.0057985839661796436 0.0094754101578773328 -0.012526915114550202 0.011253223931166291 0.0020072254218061842 -0.0084440523371915044 -0.012738001601256307 -0.013114395692794311
leaf_weight=5.7005427032709113 11.913491100072862 6.4305738657712928 8.739870533347128 10.928628310561175 4.9925321936607343 6.629275515675551 5.9224991798400861 11.127903163433073 5.7697286605834943 3.6218486875295639 8.506319731473921 5.2012637704610825 6.398761123418808 7.5402767062187248 5.3388598859310088 4.8501192778348967 10.818112865090372 9.8169274777173978 4.5798738896846762 13.007200852036474 16.76680725812912 4.8813498169183731
leaf_count=17 33 22 34 27 21 30 22 33 22 20 19 22 20 26 28 20 9 33 22 17 34 19
internal_value=1.82169e-05 0.004004 -0.00649795 -0.000916702 -0.00261953 0.0099107 0.00569083 0.0108344 -0.0057807 0.00243997 -0.00860061 -0.00252004 0.00929412 -0.00808264 -0.00521318 0.00147208 -0.00963875 0.0155191 -0.0044677 -0.0113058 -0.0126552 -0.0129609
internal_weight=179.483 111.364 68.1187 60.7527 54.3221 50.6114 28.8809 17.7572 42.9308 9.39158 59.3789 11.1238 11.3913 33.5392 21.1176 10.189 53.6783 21.7304 13.0862 40.5921 27.5849 12.4216
internal_count=550 398 152 225 203 173 107 63 162 42 118 44 41 120 75 48 101 66 41 60 43 45
is_linear=0
shrinkage=0.0138221


Tree=60
num_leaves=23
num_cat=0
split_feature=24 8 3 6 10 21 19 0 10 6 13 21 19 21 17 14 19 14 16 30 34 12
split_gain=9.37343 8.4612 9.57386 7.53385 7.31078 16.4257 10.0756 8.55433 8.60303 6.33222 6.13887 3.51113 3.0527 5.05998 2.73152 2.68796 3.24893 2.46216 2.43702 1.00425 0.510276 0.442636
threshold=0.0046856341330148319 36.487255863453719 25.500000000000004 56547.833000000006 0.010075080941732812 0.046226854710299532 0.0077622848077007625 -0.56174490092936669 0.015584479706635937 51185.592500000006 48950.501000000011 0.042404337407569444 0.010268133006468961 -0.056287666542729646 -485.60964549999863 0.0066820257881438838 0.0067132745633972325 0.0096201363457878511 1.5144488101039764 53567.204500000007 -0.0013891804744509682 -1.0000000180025095e-35
decision_type=2 2 2 2 2 2 2 2 2 2 2 2 2 2 2 2 2 2 2 2 2 2
left_child=1 4 3 11 5 20 15 10 9 14 -8 -3 -10 -14 -9 -6 -17 -12 -5 -11 -1 -4
right_child=-2 2 21 18 6 -7 7 8 12 19 17 -13 13 -15 -16 16 -18 -19 -20 -21 -22 -23
leaf_value=0.015319709544739268 0.016590942488133101 -0.0090516108072796041 0.014857844326339392 0.017202122443526244 -0.012165840587283714 -0.0088124920342580963 0.0053367571615686379 0.010800310978240234 -0.0089537483645347228 0.021701672992088722 -0.011239902054934806 0.0030262229156468186 -0.005468973171238364 0.01365747509895654 -0.0031177477121748965 0.0029463915793125632 -0.01104679621248952 -0.0038057883653393929 0.0031598929336598969 0.012715159570280594 0.021852181164101005 0.021097719411160787
leaf_weight=4.2722267061471948 6.3151676058769217 10.421372711658483 4.3135174214839935 5.6185350269079191 23.647277280688286 7.4468097984790793 8.7458321005105955 4.7054857760667801 8.487221762537958 5.8916639089584333 17.599287033081055 8.2301619797945005 6.7089228928089142 4.3599368929862958 6.302079379558565 6.1376064717769605 6.5561109632253647 16.483405157923698 4.0728638917207718 3.9811971634626389 4.910291239619256 4.3746094852685911
leaf_count=20 30 30 20 27 30 26 27 21 19 30 20 28 24 20 23 20 21 33 16 18 25 22
internal_value=5.0082e-05 -0.000552795 0.00530583 0.0014147 -0.00214527 0.00644193 -0.00333918 -0.000688848 0.00387064 0.0100406 -0.00499369 -0.00372216 -0.00271719 0.00206478 0.00283191 -0.00941166 -0.00428088 -0.00764454 0.0113008 0.0180779 0.0188129 0.0179997
internal_weight=179.582 173.266 37.0311 28.3429 136.235 16.6293 119.606 83.265 40.4365 20.8804 42.8285 18.6515 19.5561 11.0689 11.0076 36.341 12.6937 34.0827 9.6914 9.87286 9.18252 8.68813
internal_count=550 520 143 101 377 71 306 235 155 92 80 58 63 44 44 71 41 53 43 48 45 42
is_linear=0
shrinkage=0.0138221


Tree=61
num_leaves=22
num_cat=0
split_feature=0 5 10 22 7 17 29 1 7 24 8 21 6 8 6 3 7 10 29 17 24
split_gain=53.514 21.3367 14.9866 17.3302 11.1705 10.0124 4.86524 8.93024 4.60222 3.78742 2.66611 0.00229127 0.00157638 0.00129043 0.00116416 0.00101472 0.00113506 0.000750403 0.000467022 0.000458855 0.000350682
threshold=-0.22252093395631442 57.542752105460465 0.01086850076352105 0.10202947915498842 7.7295000000000011e-05 -13208.673991499998 12.952518141415625 49.735422319927757 -2.9614999999999997e-05 0.00092051803044569766 23.023273414488937 0.055830572726142898 50403.717500000006 40.415104731646956 54560.323500000006 30.500000000000004 -1.3575e-05 0.013679031094666895 22.149179238488745 -668.74885649999942 0.00087827410928438738
decision_type=2 2 2 2 2 2 2 2 2 2 2 2 2 2 2 2 2 2 2 2 2
left_child=1 2 9 5 10 -4 -7 -8 -5 -1 -2 -3 17 15 -15 16 -14 -12 -18 -19 -17
right_child=4 11 3 8 -6 6 7 -9 -10 -11 12 -13 13 14 -16 20 18 19 -20 -21 -22
leaf_value=-0.013221476004961789 -0.004184243922896601 -0.012619852143697924 -0.002900605671576633 0.0057609657964471052 0.0059797720387035486 0.019093279211570873 0.00044072232263454088 0.015099583507917983 -0.013030897784969492 0.0029629161075955899 -0.012212992279633707 -0.0130367569598062 -0.012769393297278702 -0.012479166868527541 -0.012132357685099158 -0.0123366736520155 -0.012478806300533753 -0.012338793955295271 -0.012659509829153955 -0.012521023126815996 -0.012500776063147057
leaf_weight=6.8212347477674466 8.6607268899679166 5.8389918357133848 7.2166396081447592 3.9092570543289185 8.0529873818159086 24.776371657848358 10.655575186014174 31.153330594301224 6.857631787657736 4.6427169889211655 6.2550396025180843 4.4289133548736572 5.1893422305583945 4.3867293298244467 3.1967467814683914 4.7289828062057477 9.8142695873975807 7.8311936408281335 3.7867634892463675 3.9823880046606037 5.2498060911893845
leaf_count=26 31 25 27 10 22 13 30 33 35 15 22 23 24 21 19 22 54 36 21 20 21
internal_value=-7.10292e-05 0.00613854 0.00816344 0.0101738 -0.00935032 0.0125637 0.0142398 0.0113636 -0.00620792 -0.00666706 -0.0113073 -0.0127997 -0.0124409 -0.0124934 -0.012333 -0.0125357 -0.0125955 -0.0123354 -0.0125291 -0.0124002 -0.012423
internal_weight=177.436 106.301 96.0328 84.5688 71.135 73.8019 66.5853 41.8089 10.7669 11.464 63.082 10.2679 54.4213 36.3526 7.58348 28.7692 18.7904 18.0686 13.601 11.8136 9.97879
internal_count=550 237 189 148 313 103 76 63 45 41 291 48 260 182 40 142 99 78 75 56 43
is_linear=0
shrinkage=0.0138221


Tree=62
num_leaves=22
num_cat=0
split_feature=0 6 11 3 1 10 21 8 15 9 20 8 3 3 6 21 10 10 28 8 34
split_gain=23.7943 16.5366 9.44169 10.8206 9.34398 6.05914 6.2436 3.73349 3.59235 4.03186 3.16851 2.8434 2.4063 2.33551 1.67329 1.65015 1.05246 0.91401 0.707161 0.167687 0.0024202
threshold=-0.56174490092936669 52063.580000000009 -0.12759387170634665 36.000000000000007 57.530779684787554 0.013784727771495101 0.039864490787945968 39.50089791478738 -7368.0950379999995 52.135744604872215 -1.3632870627717948 43.96051448051842 44.500000000000007 27.500000000000004 50403.717500000006 -0.069204589132544722 0.016186572820780998 0.011133942036246269 -0.000988463997508515 24.44102964548669 -0.0064769902164806261
decision_type=2 2 2 2 2 2 2 2 2 2 2 2 2 2 2 2 2 2 2 2 2
left_child=4 5 -3 7 10 14 8 13 -7 16 -1 -9 -5 18 -2 -12 -10 -17 -4 -20 -19
right_child=1 2 3 12 -6 6 -8 11 9 -11 15 -13 -14 -15 -16 17 -18 20 19 -21 -22
leaf_value=-0.002154851052301105 0.01876304544057536 0.01477363290857437 -0.0072594787545513474 0.015345281190916289 0.0055186553417428535 -0.0022645448087178222 -0.0081214933248499842 0.0076116971844214405 0.011267925919469689 0.0020156997630571458 -0.0046935459031440183 -0.0072587700495158189 0.0026485128806761652 -0.0010868165098575496 0.011064531696921932 -0.0070863804633523588 0.01918813265881425 -0.012728295765491764 -0.0096297266698558755 -0.012827818577351937 -0.012470072400498243
leaf_weight=11.502022355794905 11.940717220306398 6.5367820262908927 9.8117782473564112 5.837422847747801 10.546683505177496 4.646516337990767 5.1773772388696662 5.8305769115686399 5.7969262748956698 6.09316062927246 8.2965854555368406 4.24533312022686 5.575636550784111 6.8216833323240271 9.8381500840187055 7.2140919715166083 7.1701083928346634 10.78022158145904 4.2750508487224623 11.718457013368605 19.437930732965476
leaf_count=30 33 21 36 18 34 22 18 24 20 27 15 22 23 34 33 21 20 27 5 42 25
internal_value=2.01532e-05 0.00395146 -0.000917541 -0.00281291 -0.0064365 0.00978053 0.00562981 -0.0060082 0.008633 0.0112896 -0.00863963 0.00134625 0.00914251 -0.00827941 0.0152854 -0.0102707 0.0156474 -0.0115069 -0.0101808 -0.011973 -0.0125622
internal_weight=179.093 111.316 60.6527 54.1159 67.7775 50.663 28.8841 42.7029 23.7067 19.0602 57.2309 10.0759 11.4131 32.627 21.7789 45.7288 12.967 37.4322 25.8053 15.9935 30.2182
internal_count=550 398 225 204 152 173 107 163 89 67 118 46 41 117 66 88 40 73 83 47 52
is_linear=0
shrinkage=0.0138221


Tree=63
num_leaves=22
num_cat=0
split_feature=8 4 21 15 21 22 17 0 23 8 17 21 20 13 0 13 21 33 7 7 21
split_gain=8.56841 9.3907 10.1295 15.733 13.9048 6.94683 6.9089 6.99014 6.84556 6.05701 5.56259 4.8761 4.58101 3.90044 3.60073 2.32238 2.23296 2.0593 0.748815 0.263784 0.206132
threshold=36.487255863453719 0.011343734361685122 0.041518982579783932 3246.0154605000016 -0.016175874761199634 0.070906919075746977 -11949.460654499997 -0.22252093395631442 0.11370712088587799 40.415104731646956 243.81703050000178 -0.012022220520454872 -0.51051872428041534 52485.270500000006 -0.22252093395631442 52740.956000000006 0.054378297322852827 44.500000000000007 -3.8699999999999994e-06 2.9005000000000004e-05 -0.033910115954042912
decision_type=2 2 2 2 2 2 2 2 2 2 2 2 2 2 2 2 2 2 2 2 2
left_child=1 2 3 4 6 12 -1 -8 -6 -7 18 20 -2 -9 -11 -14 19 -18 -10 -4 -5
right_child=5 -3 16 11 8 9 7 13 10 14 -12 -13 15 -15 -16 -17 17 -19 -20 -21 -22
leaf_value=0.0050156150593141926 0.0027750988860216889 0.015784995645018625 -0.0096682829293436145 0.01790299806122099 -0.0041972316670005573 -0.0097840813980495274 -0.011418861895136427 -0.0054743195173187764 0.014277857322343939 -0.0010449056614270705 0.0010374086962634862 0.0013897914584693745 0.0089648398340714964 0.0077782472750788038 0.013496314704791425 0.021367093791797988 0.00059440336212279255 -0.0098050996963345051 0.021877224615023162 -0.012649059512587024 0.022124273084282223
leaf_weight=9.9565078318119031 7.0881855934858349 5.7150734663009635 11.533532097935678 4.3348508179187766 6.9162495434284237 7.5182304084301022 32.654468938708305 12.029927387833597 4.5077085494995117 6.9226256906986245 5.3905997127294532 3.8327584862709037 4.6113039851188642 6.5547407567501059 6.1381258517503712 7.7034133523702621 7.8746074438095075 6.761466309428215 5.4996111989021284 11.160762399435042 4.5089202672243109
leaf_count=32 28 27 30 21 20 15 38 33 21 26 21 15 20 28 28 39 31 13 28 13 23
internal_value=5.40843e-05 -0.00156549 -0.00230817 6.36246e-05 -0.00211437 0.00569406 -0.00552017 -0.00756742 0.00722589 9.95972e-05 0.0123568 0.0144117 0.0116276 -0.00080019 0.00578899 0.016723 -0.00841939 -0.00420988 0.0184542 -0.0111342 0.0200552
internal_weight=179.214 139.232 133.517 96.1863 83.5098 39.9819 61.1956 51.2391 22.3142 20.579 15.3979 12.6765 19.4029 18.5847 13.0608 12.3147 37.3304 14.6361 10.0073 22.6943 8.84377
internal_count=550 394 367 280 221 156 131 99 90 69 70 59 87 61 54 59 87 44 49 43 44
is_linear=0
shrinkage=0.0138221


Tree=64
num_leaves=24
num_cat=0
split_feature=22 5 28 28 8 4 21 3 7 29 8 22 33 22 26 8 8 33 8 2 4 27 2
split_gain=22.4296 24.0959 27.7064 16.6721 20.5428 13.4808 20.6703 5.63709 5.55038 2.91686 1.23874 0.0104655 0.00910352 0.0163567 0.00393034 0.00321856 0.00281697 0.00183584 0.00286201 0.00114135 0.00108398 0.0010676 0.000659883
threshold=0.03800281025738584 57.396664009951266 -0.0026437280146701099 0.0010432891452193396 23.456706123573024 -0.012013359294588242 -0.064522675096239088 33.000000000000007 7.7295000000000011e-05 12.378229047259712 22.782240014438912 0.057039834243078381 12.500000000000002 0.06329947217816019 0.19838653931321368 23.023273414488937 36.649322012477747 39.500000000000007 33.623610971443405 -2024.160509999999 0.009643040921737735 0.6078576107927941 -14708.296908499997
decision_type=2 2 2 2 2 2 2 2 2 2 2 2 2 2 2 2 2 2 2 2 2 2 2
left_child=14 2 5 9 -5 6 22 12 15 -4 -11 -6 19 16 -1 -3 -14 18 -16 -7 -17 -22 -2
right_child=1 8 3 4 11 7 -8 -9 -10 10 -12 -13 13 -15 17 20 -18 -19 -20 -21 21 -23 -24
leaf_value=-0.012999970454676499 -0.012873962270923483 -0.012890990641465226 0.019364341282204146 0.011947413535956828 -0.013240614280966043 -0.012643605563832993 0.012942403111845392 0.0044736846462310517 0.0042032248261861293 0.016171201483615651 0.010143569727817639 -0.01239852386091639 -0.012928902890602835 -0.013783409670982055 -0.012414193673843473 -0.012342662140611168 -0.012456734566028652 -0.012296912511260263 -0.01280972744082047 -0.012317924891747805 -0.01267502012904361 -0.012408713151706689 -0.01263955114643232
leaf_weight=3.5283551663160351 4.9475930482149142 4.6350686997175279 17.690810441970825 14.69187965989113 5.0977095961570722 3.7481766194105148 16.960244461894035 4.2821764647960654 4.5068318843841544 9.966992989182474 18.801067024469376 6.3096194118261337 6.185853183269499 4.0531152337789527 8.0738835185766238 6.6634551882743862 3.9589854180812836 5.9856321662664405 6.162870615720748 4.5531502068042808 6.8472240418195707 4.9589101523160934 4.2783650010824203
leaf_count=18 24 22 8 21 23 21 23 11 12 8 32 34 28 22 38 32 22 27 29 20 32 25 18
internal_value=-7.6338e-05 0.00186203 0.00443351 0.00998183 0.00114192 -0.00316688 0.00388505 -0.0100621 -0.00982832 0.0149478 0.0122319 -0.0127748 -0.0128286 -0.0130412 -0.0125743 -0.0125653 -0.0127446 -0.0125 -0.0125854 -0.012465 -0.0124836 -0.0125632 -0.0127653
internal_weight=176.888 153.137 125.526 72.5581 26.0992 52.9677 26.1862 26.7815 27.6115 46.4589 28.7681 11.4073 22.4993 14.198 23.7507 23.1047 10.1448 20.2224 14.2368 8.30133 18.4696 11.8061 9.22596
internal_count=550 438 315 126 78 189 65 124 123 48 40 57 113 72 112 111 50 94 67 41 89 57 42
is_linear=0
shrinkage=0.0138221


Tree=65
num_leaves=24
num_cat=0
split_feature=0 6 21 3 5 10 21 8 31 15 9 21 20 21 17 22 25 6 10 22 5 2 30
split_gain=23.2381 16.1035 7.45258 10.1605 7.05799 5.86583 6.07347 4.11346 4.29435 3.49945 3.9315 3.00913 2.55029 2.43813 4.50546 3.70875 2.37961 1.63588 1.02649 0.867983 0.0995541 0.000810869 0.000611755
threshold=-0.56174490092936669 52063.580000000009 -0.1235223085199265 36.000000000000007 57.227449645446718 0.013784727771495101 0.039864490787945968 39.50089791478738 1.0000000180025095e-35 -7368.0950379999995 52.135744604872215 -0.080865204755814254 -1.315075116993049 -0.023402415291980058 -3400.8230299999982 0.046450499726358375 0.0010161807763399958 50403.717500000006 0.016186572820780998 0.041709317226457952 38.889356505818391 4249.1161790000024 54551.039000000012
decision_type=2 2 2 2 2 2 2 2 2 2 2 2 2 2 2 2 2 2 2 2 2 2 2
left_child=4 5 -3 7 11 17 9 13 -9 -7 18 -1 -13 14 -4 -16 -5 -2 -11 -14 -21 -15 -22
right_child=1 2 3 16 -6 6 -8 8 -10 10 -12 12 19 21 15 -17 -18 -19 -20 20 22 -23 -24
leaf_value=0.0012136255301140584 0.01849226819016949 0.013112798112704785 -0.011332033738536947 0.0018317449167168352 0.0039182564365324198 -0.0022511779619755674 -0.0080426435912214454 0.0097524963473491696 -0.009468580016556951 0.01110604204546922 0.0019754105384468625 -0.0030794419079409911 -0.0074688860755077495 -0.012774698970359247 -0.0072764190762388027 0.009439951231034617 0.014542199675741227 0.010887378990777703 0.018918102928105564 -0.01059814257233147 -0.012565333470430089 -0.013004695505591949 -0.012425258554639112
leaf_weight=5.689523681998252 11.965181291103365 6.4663321971893302 10.784625783562655 5.002964645624159 10.697978287935255 4.6406660676002565 5.1508541107177725 5.7928033173084241 3.6012940406799316 5.8108685463666934 6.0994357615709296 9.8858282119035703 10.507739618420599 7.4589337259531074 4.8336561471223813 5.333640918135643 6.4318184703588486 9.8549733459949476 7.1891476660966873 6.8109727501869228 11.506631165742876 4.8217350244522095 12.350061744451521
leaf_count=17 33 22 27 21 36 22 18 22 20 20 27 23 21 26 27 21 20 33 20 12 33 19 10
internal_value=2.13257e-05 0.00390271 -0.000911006 -0.0025884 -0.00638 0.00964827 0.00556285 -0.00569197 0.00238396 0.00851481 0.0111307 -0.0083213 -0.00938373 -0.00797485 -0.00510856 0.00149279 0.0089811 0.0150576 0.0154262 -0.0108973 -0.012072 -0.012865 -0.0124928
internal_weight=178.688 111.239 60.5278 54.0615 67.4487 50.7111 28.891 42.6267 9.3941 23.7401 19.0995 56.7508 51.0612 33.2326 20.9519 10.1673 11.4348 21.8202 13 41.1754 30.6677 12.2807 23.8567
internal_count=550 398 225 203 152 173 107 162 42 89 67 116 99 120 75 48 41 66 40 76 55 45 43
is_linear=0
shrinkage=0.0138221


Tree=66
num_leaves=23
num_cat=0
split_feature=8 4 21 2 21 27 3 17 6 0 13 21 8 17 18 17 21 33 30 31 13 21
split_gain=8.32603 9.121 9.96433 16.1592 12.2855 13.298 8.41802 7.42312 5.91442 5.43139 4.51777 4.09851 3.59959 6.13015 3.17199 2.6965 2.21985 2.01969 0.85652 0.430008 0.191911 0.0314917
threshold=36.487255863453719 0.011343734361685122 0.041518982579783932 2410.6354245000011 -0.018857231409429961 -1.0000000180025095e-35 25.500000000000004 -11949.460654499997 56547.833000000006 -0.22252093395631442 52561.485000000008 -0.13019921947578875 40.415104731646956 -352.11639449999899 -6.5999999999999986e-06 -1652.3942444999989 0.054378297322852827 44.500000000000007 52063.580000000009 -2081.1117610000006 51991.76200000001 1.0000000180025095e-35
decision_type=2 2 2 2 2 2 2 2 2 2 2 2 2 2 2 2 2 2 2 2 2 2
left_child=1 2 3 4 7 15 8 -1 12 -9 -11 -10 -2 -14 -5 21 20 -18 -16 -8 -4 -6
right_child=6 -3 16 14 5 -7 19 9 11 10 -12 -13 13 -15 18 -17 17 -19 -20 -21 -22 -23
leaf_value=0.0049553971544557757 -0.0086787257707402008 0.015521046888998739 -0.012167599777211387 0.0037301741592111401 0.02017910773736523 -0.0047622701878387271 0.014531135713778252 -0.011486791017815079 0.0015438628038487636 -0.0062255228205910333 0.010138592505345807 0.018093797566746474 -0.0069760174158139268 0.013954620089164343 0.021236072713168842 0.006563793353522614 0.00059467640661291091 -0.0097237982412361392 0.013470325286712831 0.02066985984248677 -0.0095862409548862701 0.02192057270084102
leaf_weight=9.968189984560011 9.1272682845592552 5.73697705566883 13.017134845256807 5.2228047251701382 4.0027745813131332 10.876392364501951 4.329195499420166 31.501108810305592 5.4829614460468292 11.301597684621813 4.5092544853687277 5.9732067286968213 5.5335881561040878 5.1720268577337247 4.7458925843238813 3.5600084960460681 7.870287358760832 6.7173338532447815 6.3360586613416672 4.3915366232395154 9.5313904881477338 3.9333768635988235
leaf_count=32 21 27 24 21 20 34 20 35 21 30 20 29 19 24 24 15 31 13 29 22 19 20
internal_value=5.77007e-05 -0.00154334 -0.0022789 7.38746e-05 -0.0024924 0.00619353 0.00561317 -0.00588496 0.002266 -0.00816892 -0.00155848 0.0101729 -0.00230132 0.00313586 0.0126107 0.0165587 -0.0083583 -0.00415679 0.016796 0.0176224 -0.0110764 0.0210422
internal_weight=178.84 138.831 133.094 95.9575 79.6527 22.3726 40.0098 57.2802 31.2891 47.312 15.8109 11.4562 19.8329 10.7056 16.3048 11.4962 37.1361 14.5876 11.082 8.72073 22.5485 7.93615
internal_count=550 394 367 280 206 89 156 117 114 85 50 50 64 43 74 55 87 44 53 42 43 40
is_linear=0
shrinkage=0.0138221


Tree=67
num_leaves=20
num_cat=0
split_feature=0 5 28 24 10 26 29 28 30 33 18 25 21 1 19 5 14 16 6
split_gain=51.1378 20.3892 14.7826 15.2629 11.3731 7.19596 5.95668 9.02358 2.94936 0.00851338 0.00252892 0.00237939 0.00191863 0.0016956 0.00391462 0.00287626 0.000599932 0.000495634 0.000284349
threshold=-0.22252093395631442 57.542752105460465 -0.0026437280146701099 -0.005023477427509907 0.01086850076352105 0.33362286699443139 25.715355858681814 0.006245168269637392 49225.847500000011 12.500000000000002 7.1545000000000021e-05 0.001795617885451844 0.055830572726142898 50.461100009421195 0.0081113848062797349 35.558678049793762 0.0063726655545513298 0.6094184090683229 50517.089500000009
decision_type=2 2 2 2 2 2 2 2 2 2 2 2 2 2 2 2 2 2 2
left_child=1 2 3 -1 -4 9 10 -8 -6 -5 13 -9 -3 15 -15 -2 -17 -18 -19
right_child=6 12 4 5 8 -7 7 11 -10 -11 -12 -13 -14 14 -16 16 17 18 -20
leaf_value=0.01183691534911179 -0.012610607847593783 -0.012522948345457753 -0.0035291050320897703 -0.012874494744440671 0.0079184757003132548 0.0028358964725100789 0.0035231658192619733 -0.012273169875146121 0.016141330541084999 -0.013605124557337429 -0.01273366681339571 -0.012648966030735405 -0.012907229214719054 -0.012265646449803876 -0.01277833425222725 -0.012383261996709281 -0.012080239260499923 -0.012185567685721037 -0.012322066637280709
leaf_weight=14.73786842823028 5.6930739730596569 5.7589366585016233 7.6793177723884574 5.402902036905294 10.424722790718077 9.2284618169069272 14.05569624900818 7.2642338871955854 41.545018225908279 6.9872716069221497 4.7165416926145545 5.780294805765152 4.3626478761434555 5.4018113166093809 6.0121790170669556 5.6199567317962673 3.834893435239791 5.2676765173673612 6.5302473157644272
leaf_count=24 28 25 24 25 22 27 36 32 35 32 24 30 23 26 30 33 20 21 33
internal_value=-8.30934e-05 0.00597029 0.00793744 0.000990181 0.0121718 -0.00640426 -0.00923754 -0.00416046 0.0144919 -0.0132865 -0.0124316 -0.0124397 -0.0126886 -0.0123945 -0.0125357 -0.0123347 -0.0122608 -0.0122167 -0.0122611
internal_weight=176.304 106.127 96.0056 36.3565 59.6491 21.6186 70.1766 27.1002 51.9697 12.3902 43.0764 13.0445 10.1216 38.3598 11.414 26.9458 21.2528 15.6328 11.7979
internal_count=550 237 189 108 81 84 313 98 57 57 215 62 48 191 56 135 107 74 54
is_linear=0
shrinkage=0.0138221


Tree=68
num_leaves=23
num_cat=0
split_feature=11 11 11 28 33 10 7 11 21 2 25 32 21 11 16 32 22 25 28 10 13 16
split_gain=13.3546 17.47 11.7707 14.6009 9.99039 8.31077 6.56705 5.67162 8.77199 5.09284 4.66898 6.01045 3.43191 4.58278 3.20355 3.17557 2.721 1.34273 0.573502 0.142584 0.00705283 0.00140137
threshold=0.0071211040472038975 -0.10073767145736982 0.050104339893790824 0.0015412795546537741 11.500000000000002 0.012883763468613725 -2.3639999999999994e-05 -0.038902444966727505 -0.019929759178112846 1325.6777010000017 -0.0024458328847147283 16.582790097949651 -0.10158751161076783 -0.14462326423079278 1.1430312051932618 10.884880896405802 0.046243439494882195 -0.0069181893504072301 -0.0095487531095419503 0.011389857845295474 55037.715500000006 1.0177865675719799
decision_type=2 2 2 2 2 2 2 2 2 2 2 2 2 2 2 2 2 2 2 2 2 2
left_child=1 12 10 -4 6 15 -3 18 -9 -8 -2 14 13 -1 -12 -5 -10 -18 -6 -20 -21 -19
right_child=2 4 3 5 7 -7 9 8 16 -11 11 -13 -14 -15 -16 -17 17 21 19 20 -22 -23
leaf_value=0.013721047237091959 0.020976151907055991 0.014002377233796721 -0.011708125704130212 0.0038482375898663949 -0.0085716970179848199 -0.0067841881108571837 0.0043195903502292222 0.0086231234517252474 -0.00096712387006045344 -0.013039077603128181 0.0157027641202859 -0.0070746612156110571 0.018451209564037466 -0.0018679707445650744 0.0039141254768547658 0.01754154684643932 -0.0017267832023648152 -0.012685830574533503 -0.010190189297786175 -0.012925163132790501 -0.012405698584992828 -0.012974666794757506
leaf_weight=6.8270427137613305 7.2545323818922069 7.0805800557136562 13.462971493601797 5.0204191058874157 12.893889978528021 5.9654852896928778 8.3263914436101896 8.6433007717132586 7.6755801588296917 5.2746242284774771 12.339484944939619 4.0291734039783469 5.3513643741607657 7.6286632269620904 6.8482700139284125 9.1012225896120054 2.4860082566738155 7.1900299340486473 6.0740474462509182 7.3259326517581966 15.683706864714621 5.7964213043451309
leaf_count=23 20 23 23 20 35 21 27 35 28 22 38 21 16 35 29 26 3 25 8 25 32 15
internal_value=2.42904e-05 -0.0028075 0.00507811 -0.000570128 -0.00528257 0.00689488 0.00320746 -0.0076628 -0.00325881 -0.00241229 0.011297 0.00827258 0.00899493 0.0054943 0.0114953 0.0126734 -0.00769543 -0.0110332 -0.0109981 -0.0120738 -0.0125711 -0.0128148
internal_weight=178.279 114.258 64.0216 33.5501 94.4505 20.0871 20.6816 73.7689 31.7913 13.601 30.4715 23.2169 19.8071 14.4557 19.1878 14.1216 23.148 15.4725 41.9776 29.0837 23.0096 12.9865
internal_count=550 352 198 90 278 67 72 206 106 49 108 88 74 58 67 46 71 43 100 65 57 40
is_linear=0
shrinkage=0.0138221


Tree=69
num_leaves=22
num_cat=0
split_feature=24 22 9 22 30 32 6 33 0 25 11 32 22 32 12 4 0 5 14 16 6
split_gain=8.73479 7.65456 7.61371 7.31278 12.3995 9.4393 7.14894 6.50053 6.07802 7.83953 6.2487 6.02783 3.48971 2.95235 10.4309 6.9227 1.22143 0.6392 0.543249 0.523325 0.23481
threshold=0.0046856341330148319 0.029043217979081496 52.662300398691848 0.055933732516623563 48886.210500000008 27.105179882910928 52063.580000000009 11.500000000000002 -0.22252093395631442 -0.001756395924304643 0.048253937755783245 11.720315307207557 0.046450499726358375 16.432616527054126 1.0000000180025095e-35 0.001192051101133518 -0.22252093395631442 38.459231228524523 0.0082413562513327741 0.87032792367255263 51991.76200000001
decision_type=2 2 2 2 2 2 2 2 2 2 2 2 2 2 2 2 2 2 2 2 2
left_child=1 2 19 5 7 11 -6 -5 9 -8 17 -3 -7 20 16 -16 -15 -10 -9 -1 -13
right_child=-2 3 -4 4 6 12 8 18 10 -11 -12 13 -14 14 15 -17 -18 -19 -20 -21 -22
leaf_value=0.02053338173165517 0.015984009936635259 0.0064111327891813973 -0.0045582903974646519 0.0023131548445998545 -0.0089200877238508596 0.015729945152405264 0.0092371587725055566 0.015471750340813358 0.012799135130683155 -0.0065324975108999933 -0.0015577428418069457 -0.01271131696668726 -7.694132516295847e-06 -0.011465548953367545 -0.002601032062684634 0.021599558051594362 -0.00576043412126152 0.020346687719962855 0.022005988162930125 0.013663698128710535 -0.0099023232907663634
leaf_weight=4.5919999033212644 6.3483731448650351 6.5399631261825553 4.6928784996271125 7.7375437915325191 17.098524108529091 5.2779107242822629 8.4205663651227933 4.2471151649951917 4.4006659239530581 21.150607600808144 6.4155727773904792 12.821000367403032 5.4940583556890488 18.033797949552536 5.3649388402700406 3.8997966051101685 11.900808379054071 4.1800118088722229 5.6842751353979111 3.9332863837480545 10.215470865368841
leaf_count=23 30 28 17 31 39 25 32 20 20 38 19 23 21 23 20 20 32 21 29 18 21
internal_value=6.17707e-05 -0.000525561 0.00958083 -0.00136636 0.00160298 -0.00432775 -0.00132203 0.0118115 0.001593 -0.00204199 0.00876088 -0.0062121 0.00770323 -0.00753859 -0.00523074 0.0075857 -0.00919742 0.0164759 0.0192117 0.0173639 -0.0114657
internal_weight=178.449 172.101 13.2182 158.883 79.3349 79.5477 61.6659 17.6689 44.5674 29.5712 14.9963 68.7758 10.772 62.2358 39.1993 9.26474 29.9346 8.58068 9.93139 8.52529 23.0365
internal_count=550 520 58 462 249 213 169 80 130 70 60 167 46 139 95 40 55 41 49 41 44
is_linear=0
shrinkage=0.0138221


Tree=70
num_leaves=22
num_cat=0
split_feature=0 32 13 10 7 21 29 8 8 8 22 13 10 3 8 11 32 25 32 34 15
split_gain=49.9559 20.2846 13.8905 12.9353 10.8233 9.66664 5.05145 8.69867 15.1623 2.60897 0.00183529 0.00143135 0.00147627 0.00205139 0.00220049 0.000737832 0.000765724 0.000554217 0.000490342 0.000471204 0.000197076
threshold=-0.22252093395631442 14.080372940167869 46856.509000000013 0.01086850076352105 7.7295000000000011e-05 -0.080865204755814254 10.947989951562951 25.9711011105769 34.658916630951616 23.023273414488937 0.055933732516623563 50974.778000000013 0.017251538365088821 26.500000000000004 36.802667243901745 -0.014952365583195402 26.730702919204038 0.0019781646912437494 25.939269225284743 0.00035730505002662399 345.66992350000112
decision_type=2 2 2 2 2 2 2 2 2 2 2 2 2 2 2 2 2 2 2 2 2
left_child=1 10 -3 -4 9 -5 -7 -8 -9 -2 -1 17 13 15 19 16 -13 18 20 -15 -11
right_child=4 2 3 5 -6 6 7 8 -10 11 -12 12 -14 14 -16 -17 -18 -19 -20 -21 -22
leaf_value=-0.012848823604921072 -0.0040741679797866815 -0.012806709301258814 -0.0056306297338369537 -0.0037339226396438472 0.005908756465358528 0.018458978484108178 0.01508269913934971 -0.01340285070778861 0.011500189437143768 -0.012038945125111574 -0.01247755164869681 -0.012287067810947348 -0.012126894812143791 -0.01247281783915378 -0.011952261420564107 -0.012623119487713708 -0.012562498672777324 -0.012331080872385719 -0.01228233409621028 -0.01228798120598688 -0.012156961211951858
leaf_weight=5.1884169429540616 8.58077524602413 5.8374657183885565 9.9943240880966169 7.6451874524354926 8.0359874665737134 20.292261838912964 30.490935191512108 6.834873944520953 14.753969043493269 4.4837615340948123 4.9903419017791748 4.0756706148386002 5.0179269164800635 4.3924938440322858 3.2454023510217658 5.8482522964477557 3.6602359414100647 4.5817875266075125 4.3840418457984915 6.5857267081737518 6.8080593794584274
leaf_count=23 31 29 37 23 22 11 32 36 23 21 23 26 27 22 21 26 17 22 20 30 28
internal_value=-8.98467e-05 0.00588539 0.00785555 0.00919555 -0.00917937 0.0110474 0.0126088 0.0103294 0.00361606 -0.0111456 -0.0126668 -0.0122887 -0.0123451 -0.0123845 -0.0122685 -0.012506 -0.0124174 -0.0121974 -0.0121583 -0.0123619 -0.0121101
internal_weight=175.728 106.028 95.849 90.0116 69.7001 80.0172 72.372 52.0798 21.5888 61.6641 10.1788 53.0834 32.8257 27.8078 14.2236 13.5842 7.73591 20.2577 15.6759 10.9782 11.2918
internal_count=550 237 191 162 313 125 102 91 59 291 46 260 169 142 73 69 43 91 69 52 49
is_linear=0
shrinkage=0.0138221


Tree=71
num_leaves=22
num_cat=0
split_feature=0 6 12 21 3 19 19 27 28 3 32 21 30 19 16 14 14 5 34 32 28
split_gain=22.3281 15.426 9.94496 8.4136 9.77083 5.12421 5.72555 3.54633 3.9045 3.37201 2.97914 2.97418 2.80981 2.35082 1.72846 1.62646 1.0958 0.871146 0.573972 0.00343451 0.00196714
threshold=-0.56174490092936669 52063.580000000009 0.026963506488525638 -0.12539316918096424 36.000000000000007 0.0080884594605597753 0.008580002898223171 0.6078576107927941 0.0041669165048962018 42.500000000000007 28.046409824342266 -0.080865204755814254 49125.770500000006 0.0084363174226296852 1.1430312051932618 0.01106697442085817 0.0082025604242201827 37.42768638909255 0.0021048878127347685 24.027086629871551 -0.003028632368901218
decision_type=2 2 2 2 2 2 2 2 2 2 2 2 2 2 2 2 2 2 2 2 2
left_child=2 5 11 -3 7 14 -7 10 -9 -6 16 -1 15 -13 18 -8 19 -15 -2 -5 -19
right_child=1 3 -4 4 9 6 12 8 -10 -11 -12 13 -14 17 -16 -17 -18 20 -20 -21 -22
leaf_value=0.0011239353890437603 0.013887126608765819 0.014444137601495216 0.0074190785944552333 -0.012951102416782731 0.016454241538904114 -0.0056572302522472492 -0.00055358906821020295 0.0061066322023082638 -0.010039733057090341 0.0014541250200219883 -0.0011631995170713935 -0.0050673594439516996 0.014750899739850653 -0.0071662647256159045 0.0075787250863529661 0.0096003557222157886 -0.0056722689252095958 -0.012653748461560177 0.018928564695827366 -0.012549023245095985 -0.01240217478973051
leaf_weight=5.6986756324768058 8.4541257917881065 6.1322412341833106 8.7874743640422803 8.0731321871280759 5.5308449864387494 6.7074846029281643 5.933665797114374 8.2033010870218259 4.3939127624034873 5.9362182170152664 8.2133884131908399 16.468417063355446 9.1850847452878934 7.4463303983211508 5.5267173498868933 6.1248244345188141 5.6301249712705603 8.4466028958559018 8.8113335967063886 8.1623455435037595 19.995781630277637
leaf_count=17 27 20 34 29 16 24 27 34 15 25 33 35 29 13 21 22 31 23 23 22 30
internal_value=2.6794e-05 0.00382685 -0.00628464 -0.000900551 -0.00263848 0.0094423 0.00547593 -0.00568218 0.000474774 0.00868905 -0.00826074 -0.00835887 0.00899114 -0.00939101 0.0143064 0.00460387 -0.0109268 -0.011375 0.01646 -0.012749 -0.0124769
internal_weight=177.862 111.019 66.8433 60.2755 54.1433 50.7432 27.9511 42.6762 12.5972 11.4671 30.079 58.0558 21.2436 52.3571 22.7922 12.0585 21.8656 35.8887 17.2655 16.2355 28.4424
internal_count=550 398 152 225 205 173 102 164 49 41 115 118 78 101 71 49 82 66 50 51 53
is_linear=0
shrinkage=0.0138221


Tree=72
num_leaves=23
num_cat=0
split_feature=8 29 21 11 30 30 3 12 19 6 21 8 23 19 14 15 8 30 31 34 12 21
split_gain=7.98419 8.43411 10.9777 11.6125 9.2344 13.3721 8.09802 7.77629 6.49005 5.70745 3.93203 3.5154 6.65553 3.1465 5.44281 3.02526 2.92024 2.8039 1.64862 0.840516 0.433368 0.120468
threshold=36.487255863453719 10.947989951562951 0.036790633841739202 -0.088835833581298804 52120.798000000003 48742.405500000008 25.500000000000004 0.028208126308911233 0.0087014450198598572 56547.833000000006 -0.13019921947578875 40.415104731646956 0.72926789815619542 0.0082580090409698995 0.0072303827681231489 -3797.0101539999982 27.100656439331726 49673.928000000007 1447.8253319999988 -0.0013891804744509682 -1.0000000180025095e-35 0.048478078920315644
decision_type=2 2 2 2 2 2 2 2 2 2 2 2 2 2 2 2 2 2 2 2 2 2
left_child=1 -1 3 18 5 15 9 16 -9 11 -11 -2 -13 14 19 -5 21 -7 -3 -6 -8 -4
right_child=6 2 7 4 13 17 20 8 -10 10 -12 12 -14 -15 -16 -17 -18 -19 -20 -21 -22 -23
leaf_value=-0.0095204408820831268 -0.0086116708172996499 -0.0025627254138816209 -0.012540574615535162 0.019581134096761245 0.012185787384166154 -0.01074172002441362 0.014158238893479624 -0.0050262648071092682 0.017828062533584793 0.0015128763731606517 0.017710771348026306 -0.0056202326103680896 0.016736236588186567 0.020572522751824456 -0.0016879467731861296 0.0068602509983526827 -0.0024770194398412563 -0.00053152086301778111 -0.010946142757355663 0.020934536699424675 0.020310560058759149 -0.010535304244038349
leaf_weight=21.243829980492592 9.0793790519237572 9.3945360183715838 12.176801830530168 5.8502560555934897 4.4496538639068604 9.6939431875944155 4.343207836151123 5.2912019789218885 4.305595263838768 5.485153540968895 5.9897897839546186 6.5361148118972761 4.1653220951557159 7.5558817386627188 5.1877080500125876 9.1706078052520734 9.4704638421535474 10.935129716992376 8.5695689767599088 3.969681382179262 4.4068677425384504 10.800405621528624
leaf_count=27 21 26 17 29 20 18 20 19 21 21 29 23 20 38 19 39 31 32 15 20 22 23
internal_value=6.62358e-05 -0.00150924 -5.24191e-05 0.00312475 0.00618766 0.00189413 0.00550342 -0.00570307 0.00522731 0.00221306 0.00996799 -0.00228561 0.00308158 0.0134203 0.00944874 0.0118147 -0.00893587 -0.00532946 -0.00656194 0.0163108 0.0172568 -0.011598
internal_weight=178.071 138.065 116.821 74.777 56.8129 35.6499 40.0058 42.0445 9.5968 31.2558 11.4749 19.7808 10.7014 21.1629 13.607 15.0209 32.4477 20.6291 17.9641 8.41934 8.75008 22.9772
internal_count=550 394 367 256 215 118 156 111 40 114 50 64 43 97 59 68 71 50 41 40 42 40
is_linear=0
shrinkage=0.0138221


Tree=73
num_leaves=25
num_cat=0
split_feature=22 5 21 30 14 10 3 17 30 8 18 3 20 15 14 3 8 21 7 6 6 10 6 22
split_gain=21.3246 22.6158 23.6931 17.0042 18.258 10.4621 18.7867 8.36135 5.47228 4.93283 2.16744 0.0102178 0.00534163 0.00463927 0.00382824 0.00248198 0.00229371 0.00219372 0.001853 0.00162341 0.00116237 0.00104702 0.000440452 0.000291474
threshold=0.03800281025738584 57.396664009951266 -0.084282319434979477 51462.87000000001 0.0068371682560236591 0.01086850076352105 26.500000000000004 -11949.460654499997 56689.314000000006 35.375241489010087 2.5945000000000003e-05 12.500000000000002 -1.2863823551020812 -1125.9446299999984 0.012012518003630157 11.500000000000002 24.004080684321952 -0.00139124638833632 5.8520000000000009e-05 48283.315500000004 50403.717500000006 0.012339240765120321 51991.76200000001 0.024564291100657314
decision_type=2 2 2 2 2 2 2 2 2 2 2 2 2 2 2 2 2 2 2 2 2 2 2 2
left_child=13 2 14 4 -4 6 -5 -7 16 11 -9 19 -8 -1 -2 -16 -3 23 20 -6 -18 -22 -19 -15
right_child=1 8 3 5 9 7 12 10 -10 -11 -12 -13 -14 17 15 -17 18 22 -20 -21 21 -23 -24 -25
leaf_value=-0.0127334060517563 -0.012197172880585659 -0.012690787837616029 0.010418487506224417 0.016714160246866793 -0.012603992651276232 0.0015077468111618273 -0.01260401079393589 0.012074480545373641 0.0043190084728603039 0.0032363567333702071 0.018069955396831497 -0.013130976210530318 -0.013283601484380065 -0.012412772734933642 -0.01246165794632547 -0.012912569787770828 -0.012116698295921574 -0.012081646385247167 -0.012612035137493637 -0.012253552029001072 -0.012229738230849886 -0.012539494882234237 -0.012269617552948668 -0.012594719918510905
leaf_weight=6.888829559087756 4.8778848201036444 4.8272767364978852 15.253890708088873 7.5190185159444836 5.5430562645196968 9.8408011943101865 5.0513034313917169 20.06789542734623 4.4664932936429969 4.7168855220079413 27.045063331723213 6.9776160269975653 3.9279497563838932 3.6840489208698335 4.9343732148408872 4.4224191308021545 5.4000497609376934 5.0246731489896721 4.021896466612815 4.6391962766647339 4.3892363905906659 3.9708968847990036 4.5275343507528305 3.0955421030521393
leaf_count=29 23 24 24 8 27 31 27 33 12 13 14 35 15 23 24 20 26 21 19 21 23 19 22 17
internal_value=-9.6216e-05 0.0017897 0.00427378 0.00643441 -0.00118894 0.0102881 0.000595825 0.0130957 -0.00966169 -0.00928239 0.0155162 -0.0127235 -0.0129013 -0.0124326 -0.0125111 -0.0126748 -0.0124236 -0.0123057 -0.012351 -0.0124443 -0.0122748 -0.0123769 -0.0121707 -0.0124958
internal_weight=175.114 151.893 124.817 110.583 37.1306 73.452 16.4983 56.9538 27.0758 21.8768 47.113 17.1599 8.97925 23.2206 14.2347 9.35679 22.6094 16.3318 17.7821 10.1823 13.7602 8.36013 9.55221 6.77959
internal_count=550 438 315 248 120 128 50 78 123 96 47 83 42 112 67 44 111 83 87 48 68 42 43 40
is_linear=0
shrinkage=0.0138221


Tree=74
num_leaves=18
num_cat=0
split_feature=32 3 8 17 3 7 15 4 13 31 17 20 24 25 31 8 23
split_gain=11.8088 8.94915 10.9756 8.48849 7.12317 6.09869 6.55049 4.91274 4.35476 7.16164 3.84597 3.14707 2.48881 2.43407 2.21965 1.80273 1.44622
threshold=14.080372940167869 11.500000000000002 38.336564322639937 2437.8710450000012 38.500000000000007 -2.3044999999999997e-05 756.0778290000012 0.011789578806086 51168.996500000008 -1656.5626680000012 -3400.8230299999982 -2.1672171467307213 -1.0000000180025095e-35 0.0010161807763399958 1986.8621219999995 34.658916630951616 0.52650754247194775
decision_type=2 2 2 2 2 2 2 2 2 2 2 2 2 2 2 2 2
left_child=3 5 4 15 8 -2 10 13 9 -3 -7 -10 -4 -5 16 -1 -13
right_child=1 2 12 7 -6 6 -8 -9 11 -11 -12 14 -14 -15 -16 -17 -18
leaf_value=0.01855182114425474 0.014290707317408472 -0.0075380298842832568 0.002245840132047287 -0.0017164884362642703 0.0044934851725118644 -0.0017860804130183777 -0.0075679940694524947 -0.0090626012136405878 0.008878727448660648 0.0081017294834496226 0.014995979429164846 -0.012095642733526184 0.013430812370348091 0.010377239453165292 -0.0035414031211109041 0.0093470548775082089 -0.0067545875975930109
leaf_weight=9.0458497703075427 9.2433139234781283 15.170810654759409 8.4355267435312253 5.1803870201110866 12.369866386055945 4.4127625972032565 9.5764250904321653 6.3358769863843909 1.8769419491291035 8.8609217554330808 6.38238425552845 34.007945403456688 6.9176345020532599 8.2320505529642087 10.458918914198874 7.3824121206998816 13.542697653174399
leaf_count=25 29 37 37 23 34 21 34 25 8 33 20 68 24 30 28 27 47
internal_value=2.84844e-05 -0.00177607 -0.00356794 0.00707461 -0.00529851 0.00497884 0.000753708 0.000967898 -0.00674188 -0.00177138 0.00813593 -0.00873649 0.00728542 0.00570619 -0.00930644 0.0144155 -0.0105745
internal_weight=177.433 141.256 111.641 36.1766 96.2881 29.6149 20.3716 19.7483 83.9182 24.0317 10.7951 59.8865 15.3532 13.4124 58.0096 16.4283 47.5506
internal_count=550 420 316 130 255 104 75 78 221 70 41 151 61 53 143 52 115
is_linear=0
shrinkage=0.0138221


Tree=75
num_leaves=17
num_cat=0
split_feature=24 13 21 19 8 23 11 8 34 14 2 6 8 24 14 8
split_gain=8.38764 7.92051 10.0494 10.1584 9.4582 7.45508 10.9948 6.79483 6.29094 5.46162 4.3783 3.7952 3.73319 3.60928 2.07345 1.22403
threshold=0.0046856341330148319 57632.248500000009 -0.053475311049393841 0.011925319560653229 26.296406316132309 0.073892910693132821 0.0083957233303733076 41.00118982501003 -0.0033801029687395841 0.0072491553145449762 -6270.9758824999981 50455.483500000009 39.210975542079233 -0.0017374795255135982 0.0063100364280826394 23.023273414488937
decision_type=2 2 2 2 2 2 2 2 2 2 2 2 2 2 2 2
left_child=1 2 8 4 9 -6 12 -8 10 14 -1 -11 -7 -3 15 -4
right_child=-2 13 3 -5 5 6 7 -9 -10 11 -12 -13 -14 -15 -16 -17
leaf_value=-0.005862881222772981 0.01565466242381915 0.017926802345233497 -0.0082603499726949491 0.017254789396555951 -0.0072243133928160223 0.015577409608147776 -0.0026980992241739752 0.011644611938289405 -0.011413717316569224 -0.0052270754445201675 0.01066248861141347 0.0094157670360186397 0.00097996551743808279 0.0026953720400996364 -0.012185409121492251 0.00024788456750566922
leaf_weight=8.1141588240861875 6.3618181198835364 5.9944228082895279 7.9507331997156161 6.6479718983173361 11.888190373778341 17.120616376399997 30.03133237361908 7.9893507957458487 25.695584714412689 7.0438687056303007 4.9204945713281623 6.5043946355581284 4.1605664342641822 5.8955015093088132 15.899697840213774 5.4413192868232727
leaf_count=20 30 29 19 32 27 81 102 36 31 25 22 24 16 19 15 22
internal_value=7.04166e-05 -0.000508364 -0.00132009 0.000645987 -0.000322309 0.00276574 0.00476844 0.000315759 -0.00744611 -0.00545393 0.000375335 0.00180282 0.0127235 0.0103744 -0.00881038 -0.00480337
internal_weight=177.66 171.298 159.408 120.678 114.03 71.1901 59.3019 38.0207 38.7302 42.84 13.0347 13.5483 21.2812 11.8899 29.2918 13.3921
internal_count=550 520 472 399 367 262 235 138 73 105 42 49 97 48 56 41
is_linear=0
shrinkage=0.0138221


Tree=76
num_leaves=22
num_cat=0
split_feature=0 32 6 17 7 11 11 8 25 21 8 6 8 24 6 33 7 16 7 11 9
split_gain=47.8564 19.3842 13.5804 11.3808 10.5704 8.85423 10.286 19.776 8.76434 3.80478 2.58116 0.00202326 0.00167105 0.00164109 0.00147816 0.00111467 0.00150998 0.000681821 0.000627735 0.000341367 0.000313416
threshold=-0.22252093395631442 14.080372940167869 47067.120000000003 -13208.673991499998 7.7295000000000011e-05 -0.10073767145736982 -0.038902444966727505 26.031455646211665 -0.0059042588159897132 0.048214573541640167 23.023273414488937 50403.717500000006 40.415104731646956 0.00015473901174457277 54560.323500000006 27.500000000000004 -1.3575e-05 1.5867591571173025 3.1125000000000004e-05 0.0083957233303733076 62.028985295192278
decision_type=2 2 2 2 2 2 2 2 2 2 2 2 2 2 2 2 2 2 2 2 2
left_child=1 13 -3 8 10 -5 -7 -8 -4 -9 -2 17 15 -1 -14 16 -13 19 -18 -12 -17
right_child=4 2 3 5 -6 6 7 9 -10 -11 11 12 14 -15 -16 20 18 -19 -20 -21 -22
leaf_value=-0.012745894457137889 -0.0039931179442798392 -0.012665581468948537 0.008765750884302528 -0.013293113866073713 0.005828606904760867 0.017504636369104674 0.013931451091590417 -0.013003708094536713 -0.013203580765855503 0.002827156648233443 -0.012087496221404679 -0.012579225165221969 -0.012237534742758198 -0.012391040117164498 -0.011836754017830683 -0.012148930073348101 -0.012210460816031157 -0.012221648061234469 -0.012428934912292704 -0.011943875984907372 -0.012295445973648957
leaf_weight=4.6221664696931821 8.5223549753427488 5.8977422267198554 6.7546632885932922 2.7421275228261939 8.0292381942272169 34.414997726678841 26.256088018417366 7.9082606136798841 7.1326172947883588 4.5804391503334045 7.0744292140007037 5.0545735210180238 4.216540500521659 5.3974369019269943 3.0155478715896606 7.3247626274824125 6.9020761102438026 4.4678285866975775 3.9508969932794571 5.7170018255710602 4.5048270523548126
leaf_count=19 31 30 14 9 22 22 29 38 37 12 34 24 21 27 19 38 39 20 22 24 19
internal_value=-0.000102341 0.00573674 0.00765208 0.00898663 -0.00907629 0.0110915 0.0120055 0.00712091 -0.00251787 -0.00719747 -0.0110462 -0.0121971 -0.0122575 -0.0125547 -0.0120704 -0.0123063 -0.0123819 -0.0120747 -0.01229 -0.0120233 -0.0122047
internal_weight=174.487 105.707 95.6869 89.7892 68.7801 75.9019 73.1598 38.7448 13.8873 12.4887 60.7508 52.2285 34.9692 10.0196 7.23209 27.7371 15.9075 17.2593 10.853 12.7914 11.8296
internal_count=550 237 191 161 313 110 101 79 51 50 291 260 182 46 40 142 85 78 61 58 57
is_linear=0
shrinkage=0.0138221


Tree=77
num_leaves=25
num_cat=0
split_feature=0 6 32 11 33 10 21 8 16 31 3 14 22 13 9 6 21 23 13 13 22 32 21 2
split_gain=21.4037 14.7016 9.47203 8.57669 11.6285 5.3229 5.68804 3.74401 3.24503 3.23283 3.10567 2.61495 2.57152 2.46877 2.1981 1.55446 1.16888 1.20616 0.798827 1.93196 0.455454 0.0038268 0.00342799 0.00164645
threshold=-0.56174490092936669 52063.580000000009 14.080372940167869 -0.12759387170634665 33.000000000000007 0.013784727771495101 0.039864490787945968 39.50089791478738 1.3857746008143184 1.0000000180025095e-35 44.500000000000007 0.010134744913884379 0.061597816991656992 55157.200000000004 49.451704023459989 50403.717500000006 -0.069204589132544722 0.045362481282042573 53712.113000000005 52696.956500000008 0.040087569793369589 24.027086629871551 -0.054015605614968647 2100.6301390000012
decision_type=2 2 2 2 2 2 2 2 2 2 2 2 2 2 2 2 2 2 2 2 2 2 2 2
left_child=2 5 -1 -3 7 15 11 13 16 -9 -6 12 -7 18 -13 -2 -4 -18 19 -5 -19 -20 -22 -24
right_child=1 3 8 4 10 6 -8 9 -10 -11 -12 14 -14 -15 -16 -17 17 20 21 -21 22 -23 23 -25
leaf_value=0.0080384684667290426 0.017701461246082038 0.013965731788129175 -0.0039981841853584561 -0.01272273861359632 0.016571797482492146 0.0083187694042700534 -0.0079224278665917282 0.0070346823706928024 -0.0012030459709945344 -0.0093423171528792641 0.002210251319431129 0.016091633671055754 -0.0062574928963390437 -0.0011344230084522802 0.0047195972163807153 0.010300816124319101 -0.0055048019392038043 -0.0081989378640294312 -0.012869271232357352 -0.00072085277987310188 -0.012147023889614512 -0.012401165402191756 -0.012605964562677941 -0.012336107963181773
leaf_weight=7.8792061060667029 12.007021561264994 6.6103741973638526 6.1044406443834296 5.9490564018487984 5.9065645635128003 5.9515108317136818 5.1002528816461554 6.5063185542821866 10.634899660944937 3.5644378811120987 5.6081902831792831 8.9712931364774686 3.7815538048744202 6.9279472529888144 5.0895125120878211 9.8877151459455472 7.619854822754859 6.1909210979938498 5.236000567674636 4.5011928528547287 10.468742728233332 9.1974933445453626 8.2000826150178998 9.1274723112583143
leaf_count=30 33 21 13 17 17 22 18 26 26 20 23 26 20 36 21 33 13 17 22 23 11 20 22 20
internal_value=3.0205e-05 0.00374604 -0.00618643 -0.000886038 -0.00272463 0.00921888 0.00532368 -0.00610675 -0.00810739 0.00123822 0.0095771 0.008163 0.0026555 -0.00843197 0.0119754 0.0143593 -0.00964637 -0.0104751 -0.0104637 -0.00755322 -0.0115894 -0.012571 -0.0123445 -0.0124638
internal_weight=177.022 110.796 66.2256 60.0076 53.3972 50.7889 28.8941 41.8824 58.3464 10.0708 11.5148 23.7939 9.73306 31.8117 14.0608 21.8947 47.7115 41.6071 24.8837 10.4502 33.9872 14.4335 27.7963 17.3276
internal_count=550 398 152 225 204 173 107 164 122 46 40 89 42 118 47 66 96 83 82 40 70 42 53 42
is_linear=0
shrinkage=0.0138221


Tree=78
num_leaves=23
num_cat=0
split_feature=0 22 13 29 32 10 15 18 2 34 10 25 22 32 2 15 19 16 19 10 10 30
split_gain=7.0866 10.6274 6.95144 6.02244 7.48972 7.21956 5.6886 4.6495 6.68655 5.60121 4.50235 8.52671 8.01607 4.43891 4.35602 3.88759 3.42587 4.32787 3.30678 1.8106 1.46235 1.40998
threshold=-0.22252093395631442 0.10202947915498842 54808.433000000012 11.12499031910713 22.087714072170439 0.016477174977736635 -7368.0950379999995 -1.2844999999999998e-05 2410.6354245000011 0.0013771579283384796 0.014305971173304 -0.00037461018162540313 0.066833767776515438 13.179765071211753 -5684.5991244999977 -1617.2191104999995 0.0078922830168283425 0.81209479328382572 0.0084363174226296852 0.012644865949540479 0.015804629622832331 53995.930500000009
decision_type=2 2 2 2 2 2 2 2 2 2 2 2 2 2 2 2 2 2 2 2 2 2
left_child=1 3 -3 -1 10 14 20 16 9 15 11 -5 18 -10 -6 -9 -8 -18 -13 -11 -2 -15
right_child=6 2 -4 4 5 -7 7 8 13 19 -12 12 -14 21 -16 -17 17 -19 -20 -21 -22 -23
leaf_value=-0.01122783378090531 0.017729377112521309 0.018649540480743663 -0.0016197293143381331 -0.0094467455175500977 0.021436832355068273 -0.0029385579358510165 -0.010041114786408218 -0.00080378141543229831 0.0039252921399376365 -0.010117560661534162 -0.011981544620247626 0.0055629368025164917 -0.0077560038040002293 0.021204515205067286 0.0022870484624057611 0.01389202473807875 0.010745797710987827 -0.0057412910320870317 0.022538471244435573 -0.00015487576821608722 0.0072916226512897645 0.010569050910556899
leaf_weight=18.515135630965233 5.3205116093158704 6.9106991887092573 6.0735732614994049 15.966758355498312 5.5182181149721146 11.026711225509642 9.1913806200027484 7.4015229046344739 10.758655011653902 8.9526847749948484 13.941206648945807 4.7335980236530322 5.5700909197330466 5.7285260856151563 3.8546631187200564 6.4239607900381124 5.181053087115286 7.3671539425849915 4.0836793184280396 5.7066645175218573 4.950443223118782 4.0759980380535126
leaf_count=17 26 34 18 28 28 27 31 28 39 20 19 20 10 29 15 30 23 26 21 22 21 18
internal_value=7.49633e-05 -0.00246205 0.00916831 -0.00427687 -0.00228757 0.00464256 0.0030857 0.00169092 0.00404931 -0.000286838 -0.00547914 -0.00249267 0.00522479 0.0100559 0.0135613 0.00602457 -0.00362997 0.00106609 0.0134251 -0.00623924 0.0126985 0.0167831
internal_weight=177.253 96.1943 12.9843 83.2101 64.6949 20.3996 81.0586 70.7876 49.048 28.4848 44.2953 30.3541 14.3874 20.5632 9.37288 13.8255 21.7396 12.5482 8.81728 14.6593 10.271 9.80452
internal_count=550 237 52 185 168 70 313 266 186 100 98 79 51 86 43 58 80 49 41 42 47 47
is_linear=0
shrinkage=0.0138221


Tree=79
num_leaves=22
num_cat=0
split_feature=0 32 13 10 17 7 25 19 15 12 8 28 13 10 33 16 10 8 11 9 17
split_gain=46.7565 18.9002 12.9236 12.1168 15.0779 10.3899 8.58161 2.75381 5.13858 8.04806 2.55645 0.00173386 0.00158419 0.00163412 0.00173363 0.000764444 0.000741565 0.000737922 0.000464421 0.000381652 0.000372956
threshold=-0.22252093395631442 14.080372940167869 46856.509000000013 0.01086850076352105 -13208.673991499998 7.7295000000000011e-05 -0.0059042588159897132 0.0078572465111370181 -60.057536999998796 -0.032970175655754046 23.023273414488937 0.0040471090475748825 50313.138500000008 0.016953111719739483 27.500000000000004 0.76086591863025277 0.013679031094666895 35.375241489010087 -0.012188791782681672 61.950802146281475 -668.74885649999942
decision_type=2 2 2 2 2 2 2 2 2 2 2 2 2 2 2 2 2 2 2 2 2
left_child=1 11 -3 -4 6 10 -5 -6 9 -9 -2 -1 16 14 15 -14 -12 19 -17 -16 -18
right_child=5 2 3 4 7 -7 -8 8 -10 -11 12 -13 13 -15 17 18 20 -19 -20 -21 -22
leaf_value=-0.012702371381509713 -0.0039672398193154332 -0.012633784280670638 -0.0055999870083355023 0.0086269589445151715 0.018017369674878353 0.0057367901694423832 -0.013137948870994409 0.014821167360115729 0.016178540881969222 -0.0010879080131891087 -0.011911142912695591 -0.012333662003022593 -0.012454012224783741 -0.011967799617375546 -0.012097933512715537 -0.012187125439877636 -0.012046608106569285 -0.011939692915573827 -0.012371614448899065 -0.012274235185289525 -0.01221731643143127
leaf_weight=4.2918279320001584 8.5027098506689054 5.7029286175966254 9.9014234989881498 6.7677686512470245 17.724665641784668 8.040547311305998 7.0835475921630842 12.633130922913546 24.062470301985748 11.702723026275633 5.9221720099449184 5.6371132582426071 6.0496463328599992 5.0062232315540305 5.1220080554485303 6.5774136930704099 7.4352993816137323 3.3410779684782019 4.3184409439563751 4.3281706124544144 3.6431700438261005
leaf_count=18 31 29 37 14 8 22 37 11 21 34 23 28 32 28 26 37 36 21 21 17 19
internal_value=-0.000109976 0.00565775 0.0075433 0.0088236 0.0106094 -0.00902148 -0.00250359 0.0133562 0.0116492 0.00717075 -0.0109911 -0.012493 -0.0121453 -0.0121988 -0.0122377 -0.0123294 -0.012036 -0.0121163 -0.0122602 -0.0121787 -0.0121027
internal_weight=173.794 105.508 95.5787 89.8757 79.9743 68.2869 13.8513 66.123 48.3983 24.3359 60.2463 9.92894 51.7436 34.743 29.7368 16.9455 17.0006 12.7913 10.8959 9.45018 11.0785
internal_count=550 237 191 162 125 313 51 74 66 45 291 46 260 182 154 90 78 64 58 43 55
is_linear=0
shrinkage=0.0138221


Tree=80
num_leaves=24
num_cat=0
split_feature=0 13 12 3 21 19 19 27 30 3 20 32 30 21 22 14 14 22 20 1 23 29 24
split_gain=20.869 10.2466 9.45812 7.96399 8.32736 5.45805 7.21518 4.92098 4.18804 2.96971 2.9569 2.91626 2.65422 2.28137 2.05362 1.52249 1.00737 0.890789 0.341054 0.107646 0.00379254 0.00176874 0.00204059
threshold=-0.56174490092936669 51897.909000000007 0.026963506488525638 36.000000000000007 -0.11947989268987845 0.0080884594605597753 0.008580002898223171 0.6078576107927941 54819.406500000005 42.500000000000007 -1.3632870627717948 28.046409824342266 49125.770500000006 -0.080865204755814254 0.052118320047403306 0.01106697442085817 0.0082025604242201827 0.041709317226457952 -0.053229424110958122 41.339479760656225 0.46388474366518301 13.839310698035669 0.0017711029598205974
decision_type=2 2 2 2 2 2 2 2 2 2 2 2 2 2 2 2 2 2 2 2 2 2 2
left_child=2 5 10 4 -3 14 -7 11 -9 -5 -1 16 15 -12 18 -8 20 -15 -2 -19 -6 -21 -23
right_child=1 3 -4 9 7 6 12 8 -10 -11 13 -13 -14 17 -16 -17 -18 19 -20 21 -22 22 -24
leaf_value=-0.0018480308386699894 0.014555740055989575 0.010834013156293716 0.0072097521729418846 0.01618121460951864 -0.01241384196010031 -0.0077646526686957675 -0.00058782975063077889 0.0091941774600934525 -0.0075582924711493299 0.0035202371148507598 9.8757405253650329e-05 -0.0010288547467069648 0.014444100910297727 -0.0071753710008266164 0.0069993299647258013 0.0092379827913415032 -0.0058154505234877295 -0.010468851030032436 0.018832127423796887 -0.012140875038028107 -0.012859044703772601 -0.012581528521696188 -0.012276616553765111
leaf_weight=11.288618460297583 6.6857498884201059 7.4534791857004157 8.8015426695346815 6.3256825953721991 9.6871125996112877 6.8280198723077801 5.9106840640306491 7.1087315231561643 4.7601612508296967 8.0354594290256482 4.0946209132671347 8.1411233842372877 8.6817914843559247 10.251946568489073 5.659463256597518 6.144988164305687 5.7598018348217002 7.8794322013855007 7.628422439098359 6.4852035045623806 5.8713170737028113 7.4119696915149715 9.6563688069581968
leaf_count=30 20 26 34 18 23 26 27 28 16 32 10 33 27 21 22 22 32 12 20 4 26 27 14
internal_value=3.29976e-05 0.00369901 -0.00612707 4.98805e-05 -0.00261357 0.00854589 0.00455919 -0.00503882 0.0024754 0.00909704 -0.00818398 -0.00806622 0.00861694 -0.00974635 0.0140479 0.00442056 -0.0107537 -0.0107134 0.0168347 -0.0118673 -0.0125818 -0.0123352 -0.012409
internal_weight=176.552 110.682 65.8697 63.1429 48.7817 47.5391 27.5655 41.3282 11.8689 14.3611 57.0682 29.4594 20.7375 45.7795 19.9736 12.0557 21.3182 41.6849 14.3142 31.433 15.5584 23.5535 17.0683
internal_count=550 398 152 234 184 164 102 158 44 50 118 114 76 88 62 49 81 78 40 57 49 45 41
is_linear=0
shrinkage=0.0138221


Tree=81
num_leaves=22
num_cat=0
split_feature=24 13 17 30 20 18 16 13 8 30 14 0 1 30 3 11 8 24 31 10 1
split_gain=8.00591 7.65857 8.71328 10.7682 10.5997 7.11006 7.26406 8.78913 6.25423 5.67069 5.43685 5.16619 5.4839 4.92829 4.16539 2.83994 5.64161 2.53011 1.24731 0.561604 0.441136
threshold=0.0046856341330148319 57632.248500000009 1654.2065940000018 48742.405500000008 -0.32730693191210614 -1.5299999999999996e-05 1.4475866220115086 52212.719000000005 25.352086613101161 56181.398500000003 0.0070410532043511239 -0.22252093395631442 48.601477875041674 57652.619000000006 26.500000000000004 0.0083957233303733076 40.415104731646956 0.00063353614364867583 68.00007299999875 0.011766593005810342 40.257859304238444
decision_type=2 2 2 2 2 2 2 2 2 2 2 2 2 2 2 2 2 2 2 2 2
left_child=1 2 3 4 -1 6 7 -5 10 15 -4 19 14 -3 -13 18 17 -17 -10 -7 -21
right_child=-2 13 8 5 -6 11 -8 -9 9 -11 -12 12 -14 -15 -16 16 -18 -19 -20 20 -22
leaf_value=0.018531688098068475 0.015289756501755247 -0.00050750394138590279 -0.0088851643462480884 -0.0050712364141367429 -0.0036504939250171522 -0.0080956918234903787 -0.010513602411904429 0.018279196306333428 0.010114856516778816 -0.0064899688605394128 0.005450583742418743 -0.0024314626497415658 -0.0097458808183046117 0.017584622923056084 0.013409627680562424 0.0088328198372433116 0.019024988788523468 -0.0042564282631682056 0.019859568870137866 -0.0086350522558972641 -0.01228208518204984
leaf_weight=7.7163158655166653 6.3729296773672095 4.8598229885101301 11.494461923837664 5.4335272908210772 8.8197325617074949 18.563956066966057 5.8264540433883658 7.1090336889028549 4.5463028997182899 4.8618434071540824 9.0207926481962186 8.1267779767513293 10.119739949703215 7.0485179871320724 5.2007738649845114 4.7504752725362795 4.6732286661863318 6.9476709812879562 5.6013702750205994 9.1538293212652224 20.587102204561234
leaf_count=38 30 14 22 20 33 34 10 35 20 12 33 30 24 34 24 21 23 25 28 14 26
internal_value=7.93556e-05 -0.000489305 -0.00129223 -0.00355245 0.00670051 -0.00543373 0.00223941 0.00816362 0.00335299 0.00723271 -0.00258157 -0.0073981 -0.00207467 0.0102012 0.00375016 0.00974854 0.00618738 0.00105896 0.0154938 -0.0099821 -0.0111596
internal_weight=176.835 170.462 158.553 106.657 16.536 90.1212 18.369 12.5426 51.8961 31.3809 20.5153 71.7522 23.4473 11.9083 13.3276 26.519 16.3714 11.6981 10.1477 48.3049 29.7409
internal_count=550 520 472 288 71 217 65 55 184 129 55 152 78 48 54 117 69 46 48 74 40
is_linear=0
shrinkage=0.0138221


Tree=82
num_leaves=21
num_cat=0
split_feature=0 8 6 10 8 15 29 8 8 31 6 29 23 24 3 26 10 3 8 25
split_gain=45.6712 18.376 15.2403 18.2116 5.98978 6.47134 5.39799 9.18457 15.3664 3.19747 0.00248144 0.00220385 0.00186145 0.00169812 0.0022558 0.0012312 0.00116917 0.00100762 0.000972135 0.000799089
threshold=-0.22252093395631442 37.525694922580065 47067.120000000003 0.01086850076352105 23.35390817949752 12087.929734000003 10.947989951562951 25.9711011105769 34.658916630951616 1242.1159324999992 50338.588500000005 30.312423954016001 0.25404639978773969 0.0028172603513951827 27.500000000000004 0.67136246543051781 0.013679031094666895 22.500000000000004 35.547137329843011 0.0019781646912437494
decision_type=2 2 2 2 2 2 2 2 2 2 2 2 2 2 2 2 2 2 2 2
left_child=1 2 -1 9 -2 10 -5 -8 12 -4 16 13 -9 14 17 -3 -6 -12 -16 -18
right_child=4 15 3 6 5 -7 7 8 -10 -11 11 -13 -14 -15 18 -17 19 -19 -20 -21
leaf_value=-0.012495778691245433 0.00014572157432963132 -0.012599766618020434 -0.012869203557369166 0.017549511926885496 -0.011824605138549471 0.0059369265862225518 0.013830145191731499 -0.013410138858197165 0.01067609357328517 0.0016072318694236129 -0.012204059980642281 -0.012508996866691949 -0.012980245119460769 -0.011882660948624574 -0.012123177941180265 -0.012289605545571488 -0.011993257929807112 -0.012423912387691005 -0.011839346356982252 -0.012247879558659035
leaf_weight=6.8115521222352973 11.455933466553686 5.0855990797281247 7.0312634557485563 20.296999052166939 5.5408179759979275 4.0848251283168784 33.608282819390297 4.4272285699844387 14.956183567643164 4.9792059659957886 9.3084674477577298 3.7692038267850867 3.4038370549678802 3.83247286081314 8.5162974298000318 4.7094008773565292 7.7928312271833402 6.9611935168504706 3.1612212657928458 3.3744912445545197
leaf_count=35 36 24 31 11 21 10 36 22 24 13 50 18 18 22 40 23 39 38 21 18
internal_value=-0.000117028 0.00557953 0.00742852 0.00895851 -0.00896543 -0.010818 0.011437 0.00923706 0.00246283 -0.00686768 -0.0121277 -0.012193 -0.0132233 -0.0121555 -0.0121929 -0.0124506 -0.0119888 -0.0122981 -0.0120463 -0.0120702
internal_weight=173.107 105.31 95.5146 88.703 67.7978 56.3418 76.6925 56.3955 22.7872 12.0105 52.257 35.5489 7.83107 31.7797 27.9472 9.795 16.7081 16.2697 11.6775 11.1673
internal_count=550 237 190 155 313 277 111 100 64 44 267 189 40 171 149 47 78 88 61 57
is_linear=0
shrinkage=0.0138221


Tree=83
num_leaves=22
num_cat=0
split_feature=0 13 32 3 21 19 19 27 28 16 3 32 30 22 27 1 14 14 20 8 2
split_gain=20.3698 9.97367 9.08029 7.73429 8.1702 5.27653 7.05011 4.84843 5.18875 3.20953 2.89688 2.89098 2.5843 2.2994 1.63553 4.74297 1.48128 1.00417 0.341354 0.225746 0.00350536
threshold=-0.56174490092936669 51897.909000000007 14.080372940167869 36.000000000000007 -0.11947989268987845 0.0080884594605597753 0.008580002898223171 0.6078576107927941 0.0043595887037027889 1.3857746008143184 42.500000000000007 28.046409824342266 49125.770500000006 0.054604324278932755 -1.0000000180025095e-35 49.875919450761415 0.01106697442085817 0.0082025604242201827 -0.053229424110958122 31.208526834694606 -60.057536999998796
decision_type=2 2 2 2 2 2 2 2 2 2 2 2 2 2 2 2 2 2 2 2 2
left_child=2 5 -1 4 -3 13 -7 11 -9 14 -5 17 16 18 19 -16 -8 20 -2 -4 -6
right_child=1 3 9 10 7 6 12 8 -10 -11 -12 -13 -14 -15 15 -17 -18 -19 -20 -21 -22
leaf_value=0.0078243729640236782 0.014345050541880485 0.010721366149926572 -0.012332333930454393 0.01594792359742573 -0.01236108229868931 -0.007700643200255439 -0.00057604571847255409 0.0092184961374267901 -0.0099050228933545738 -0.0010921345003157773 0.0034492341084822998 -0.0010039627673064677 0.014256982918249729 0.0060206987849252087 0.0025342783382491956 -0.012492969525042825 0.0091166512535534386 -0.0057631804089242292 0.018573614471918701 -0.0098915501732465064 -0.012784665555928127
leaf_weight=7.9004862904548636 6.693800851702691 7.4644388854503623 19.017122015357018 6.33340299129486 9.1458342820405942 6.8023061305284527 5.901914447546007 7.6706232279539091 4.1920833736658096 10.563649252057074 8.0407438278198224 8.127981945872305 8.6966399103403074 5.2868606597185126 7.0730466842651429 9.2743500322103483 6.1524569690227509 5.7392180860042563 8.0137692391872406 11.689660325646399 6.3061866313219133
leaf_count=30 20 26 35 18 20 26 27 30 14 26 32 33 27 21 24 20 22 32 21 17 29
internal_value=3.53552e-05 0.00365421 -0.0060718 4.83288e-05 -0.00258382 0.0084335 0.0045111 -0.00499545 0.00246056 -0.00797723 0.00895629 -0.00801219 0.00851418 0.0138388 -0.00952293 -0.00599111 0.00437103 -0.0107002 0.0166491 -0.0114032 -0.012534
internal_weight=176.087 110.568 65.5183 63.0205 48.6464 47.5477 27.5533 41.1819 11.8627 57.6178 14.3741 29.3192 20.751 19.9944 47.0542 16.3474 12.0544 21.1912 14.7076 30.7068 15.452
internal_count=550 398 152 234 184 164 102 158 44 122 50 114 76 62 96 44 49 81 41 52 49
is_linear=0
shrinkage=0.0138221


Tree=84
num_leaves=19
num_cat=0
split_feature=24 8 3 29 21 11 10 22 19 27 8 7 22 24 31 8 28 21
split_gain=7.83242 7.14755 8.45782 6.87484 11.0233 9.93524 6.45909 9.1217 7.85833 4.8085 3.37816 3.41398 3.31344 1.92236 1.38903 0.78389 0.50942 0.441359
threshold=0.0046856341330148319 36.487255863453719 25.500000000000004 10.947989951562951 0.041518982579783932 -0.088835833581298804 0.010075080941732812 0.056301332508417935 0.0085164113632145173 -1.0000000180025095e-35 48.335951116199091 3.7205e-05 0.048392092984467991 0.0010192375045851843 1447.8253319999988 28.90735703133112 1.0000000180025095e-35 0.041518982579783932
decision_type=2 2 2 2 2 2 2 2 2 2 2 2 2 2 2 2 2 2
left_child=1 3 10 -1 5 14 16 8 -8 -9 11 13 15 -3 -5 -6 -7 -4
right_child=-2 2 17 4 12 6 7 9 -10 -11 -12 -13 -14 -15 -16 -17 -18 -19
leaf_value=-0.0092944112561684829 0.01512314180471923 -0.0023031104880201388 0.013617849557389322 -0.002948793502278889 -0.011413030645589364 0.013196095122858723 -0.0074743612386166947 0.017376037390002614 0.009371937396960581 0.0045597441803085286 0.0084259089556140282 -0.009050212539033797 -0.00089384041458603967 0.0089073547097328551 -0.010755829504974191 -0.0062996511418673008 0.020033530658171102 0.019815493953466833
leaf_weight=20.700825080275536 6.3769976049661627 6.5116741508245521 4.3586992323398572 9.092448368668558 16.321593105793003 4.3507490158081037 17.767306953668598 9.0813907980918884 7.5331857204437247 14.55950927734375 8.608998164534567 7.8098610192537299 12.425492063164709 5.3017973154783249 8.3548212051391584 8.8247283697128278 3.9918899834156036 4.4228755682706833
leaf_count=27 30 20 20 25 29 20 43 44 33 55 37 21 39 23 15 27 20 22
internal_value=8.41337e-05 -0.000479947 0.0048923 -0.001975 -0.000625813 0.00244472 0.0052261 0.00330983 -0.0024584 0.00948298 0.00120733 -0.00195956 -0.00673318 0.00272806 -0.00668728 -0.00961857 0.0164678 0.0167393
internal_weight=176.395 170.018 37.0139 133.004 112.303 74.7313 57.284 48.9414 25.3005 23.6409 28.2323 19.6233 37.5718 11.8135 17.4473 25.1463 8.34264 8.78157
internal_count=550 520 143 377 350 255 215 175 76 99 101 64 95 43 40 56 40 42
is_linear=0
shrinkage=0.0138221


Tree=85
num_leaves=22
num_cat=0
split_feature=0 32 13 10 17 7 25 14 25 10 25 15 28 21 30 25 13 18 32 18 3
split_gain=44.6268 18.0979 12.3004 11.5023 14.262 10.192 8.27779 2.54793 4.62826 1.72652 4.32135 0.00324492 0.00177917 0.00171357 0.00182536 0.00176911 0.0011854 0.00106841 0.000779864 0.000765496 0.000581549
threshold=-0.22252093395631442 14.080372940167869 46856.509000000013 0.01086850076352105 -13208.673991499998 7.7295000000000011e-05 -0.0059042588159897132 0.0093908757084131492 0.002422944515600526 0.010160184731771658 0.001870859318956678 8796.2621245000028 0.0040471090475748825 -0.11424801341958728 50307.459500000004 0.0015576349679915708 53307.24700000001 1.6250000000000002e-05 20.37837552048595 2.2760000000000002e-05 16.500000000000004
decision_type=2 2 2 2 2 2 2 2 2 2 2 2 2 2 2 2 2 2 2 2 2
left_child=1 12 -3 -4 6 9 -5 -6 -9 10 19 13 -1 -11 15 18 20 -18 -15 -2 -16
right_child=5 2 3 4 7 -7 -8 8 -10 11 -12 -13 -14 14 16 -17 17 -19 -20 -21 -22
leaf_value=-0.012612576509104368 -0.011890785141628163 -0.012519240517178714 -0.0055272958064453166 0.0084023609559360606 0.015068474742885085 0.0057108347506930326 -0.013030149224695094 0.0034978730838246901 0.015515749732664851 -0.011840967555027284 0.0049865494689751728 -0.012481288036551014 -0.012236402738564578 -0.011812902739611818 -0.012205063526525567 -0.012248986942523115 -0.012225648483090712 -0.011923956248682543 -0.012031659108211468 -0.012150454401705613 -0.012417930990873833
leaf_weight=4.2371661067008954 4.3743345215916616 5.6072276532649985 9.827897831797598 6.7837744504213333 41.597691237926483 8.0212907493114454 6.9907519370317441 12.363390907645227 12.127936169505118 4.4511536210775366 4.2545019239187232 4.6756714880466452 5.5464011132717133 5.3123636245727557 4.3325323462486285 4.9376201927661887 5.8353552520275098 3.6425309032201767 7.5220201164484024 4.3021151274442673 5.6490464359521866
leaf_count=18 24 29 37 14 34 22 37 29 11 24 12 23 28 24 22 25 31 23 35 22 26
internal_value=-0.000125035 0.00550343 0.00734137 0.00858299 0.0103194 -0.00891195 -0.00247492 0.012986 0.00944904 -0.0108903 -0.00642425 -0.012136 -0.0123993 -0.0120973 -0.0121279 -0.0120266 -0.0122204 -0.0121097 -0.0119411 -0.0120195 -0.0123255
internal_weight=172.393 105.082 95.2987 89.6914 79.8635 67.3105 13.7745 66.089 24.4913 59.2892 12.931 46.3583 9.78357 41.6826 37.2315 17.772 19.4595 9.47789 12.8344 8.67645 9.98158
internal_count=550 237 191 162 125 313 51 74 40 291 58 233 46 210 186 84 102 54 59 46 48
is_linear=0
shrinkage=0.0138221


Tree=86
num_leaves=23
num_cat=0
split_feature=11 11 11 28 8 33 7 11 11 22 2 25 32 8 11 16 20 28 8 25 6 11
split_gain=11.5857 15.4844 10.4689 12.9807 10.5486 9.08841 5.84753 5.39011 6.92144 4.98667 4.8575 4.27419 5.42583 3.20972 4.38286 2.9241 1.89323 0.570678 0.178027 0.0900482 0.00976702 0.00116943
threshold=0.0071211040472038975 -0.10073767145736982 0.050104339893790824 0.0015412795546537741 36.870605081138493 11.500000000000002 -2.3639999999999994e-05 -0.038902444966727505 -0.013019887498870784 0.046243439494882195 1325.6777010000017 -0.0024458328847147283 16.582790097949651 32.57440302731019 -0.14462326423079278 1.1430312051932618 0.86436539008767943 -0.0095487531095419503 22.322936989412025 -0.00042765784143613969 54472.149500000007 -0.04787729975394716
decision_type=2 2 2 2 2 2 2 2 2 2 2 2 2 2 2 2 2 2 2 2 2 2
left_child=1 13 11 -4 16 6 -3 17 -9 -10 -8 -2 15 -1 -15 -13 -5 -7 -19 -11 -20 -22
right_child=2 5 3 4 -6 7 10 8 9 19 -12 12 -14 14 -16 -17 -18 18 20 -21 21 -23
leaf_value=0.015233421957182067 0.019776606703294414 0.013201938149277328 -0.011423917336177545 0.016966216533076936 -0.0089506059941255427 -0.0082387055082739427 0.0042666938797944641 0.0085918229039685535 0.0013008811584231414 -0.010312384464855513 -0.012865966968953953 0.014714545234046033 -0.0070350295960466937 0.012057283601116544 -0.0046622301454239063 0.0034808568212312215 0.0065744754705679871 -0.0091544551635302281 -0.01272757547161185 -0.012552780267674878 -0.01219986573909866 -0.011973719777162922
leaf_weight=7.9297053068876293 7.33195832371712 7.1219735294580486 12.971196964383124 8.5292881131172198 6.0463077574968329 12.506822571158407 8.2450532019138318 7.4415676593780544 9.1722165644168872 5.5072098076343563 5.1280506998300543 12.399272561073309 3.9730232357978812 6.138379082083703 5.8502865135669682 6.8850027322769156 5.5153700262308112 4.1556181758642223 6.1998172551393536 9.0761513411998695 8.9150595217943245 8.566506594419474
leaf_count=24 20 23 23 24 23 35 27 31 34 23 22 38 21 21 29 29 20 6 19 18 30 10
internal_value=3.82351e-05 -0.00263877 0.00474674 -0.000645136 0.0063139 -0.00503016 0.00308492 -0.00735497 -0.0030405 -0.00668439 -0.002303 0.0105745 0.00767351 0.008411 0.00389842 0.0107038 0.0128854 -0.0106913 -0.0117932 -0.0117067 -0.0122562 -0.012089
internal_weight=175.606 111.954 63.6514 33.0622 20.091 92.036 20.4951 71.541 31.1971 23.7556 13.3731 30.5893 23.2573 19.9184 11.9887 19.2843 14.0447 40.3438 27.837 14.5834 23.6814 17.4816
internal_count=550 352 198 90 67 278 72 206 106 75 49 108 88 74 50 67 44 100 65 41 59 40
is_linear=0
shrinkage=0.0138221


Tree=87
num_leaves=16
num_cat=0
split_feature=24 10 21 17 21 19 24 32 11 14 21 28 16 21 27
split_gain=7.62048 6.65728 9.47241 8.08409 7.21941 9.7873 6.61185 5.81539 9.61845 4.66933 4.64732 3.92641 5.72053 3.14356 2.63849
threshold=0.0046856341330148319 0.010075080941732812 0.046226854710299532 -13208.673991499998 -0.053475311049393841 0.011996249540433605 -0.0064350127299868231 10.848489190376323 0.044443234710166653 0.010791780040242291 0.036790633841739202 -0.0026437280146701099 0.97484579293294904 -0.069204589132544722 1.0000000180025095e-35
decision_type=2 2 2 2 2 2 2 2 2 2 2 2 2 2 2
left_child=1 2 14 6 11 7 -3 8 -6 10 -9 12 -5 -8 -1
right_child=-2 3 -4 4 5 -7 13 9 -10 -11 -12 -13 -14 -15 -16
leaf_value=0.019398445331772089 0.014917135156726333 -0.0033864997608373569 -0.0048846392098403696 -0.009193081590593415 -0.0038660386921446693 0.016258816759116685 0.0058639822756487922 -0.00081116235533409053 0.021412019332541075 0.0073055767339546586 -0.007927605112012381 -0.011886474587461535 0.0086521161476626994 0.020665631435269911 0.0066812419043413528
leaf_weight=7.599898114800455 6.3811238110065451 6.9287182986736324 8.1115230619907361 9.2167333513498289 6.5558536201715452 6.0784400552511206 5.0859720855951318 35.419859290122986 5.1232990026473999 7.2674294561147681 34.714465036988258 20.767842471599579 5.4680891633033744 5.9461567550897572 5.2839741706848145
leaf_count=38 30 16 31 18 24 29 21 113 26 31 76 21 24 30 22
internal_value=8.86793e-05 -0.000469339 0.00681615 -0.00149888 -0.0026945 -0.000710995 0.00719571 -0.00186893 0.0072227 -0.00324077 -0.0043336 -0.00801847 -0.00254818 0.0138419 0.0141828
internal_weight=175.949 169.568 20.9954 148.573 130.612 95.1593 17.9608 89.0809 11.6792 77.4018 70.1343 35.4527 14.6848 11.0321 12.8839
internal_count=550 520 91 429 362 299 67 270 50 220 189 63 42 51 60
is_linear=0
shrinkage=0.0138221


Tree=88
num_leaves=24
num_cat=0
split_feature=0 5 10 19 31 7 24 25 30 10 16 31 20 21 15 25 21 30 24 13 18 19 16
split_gain=43.6551 17.7213 12.1888 12.303 10.5971 10.0237 3.48463 3.17053 4.61673 1.71907 4.71803 1.62488 0.00516776 0.00397521 0.00303791 0.00182478 0.00166717 0.00193249 0.00224589 0.00115443 0.00105867 0.0009056 0.000725068
threshold=-0.22252093395631442 57.542752105460465 0.01086850076352105 0.011239304451532647 104.74225749999881 7.7295000000000011e-05 0.00092051803044569766 0.0015197479774213755 49589.704000000005 0.010160184731771658 1.0177865675719799 -3266.0012235000008 -0.46850570458951674 0.055830572726142898 8796.2621245000028 0.00043635972246823437 -0.11424801341958728 50307.459500000004 0.0021524108535340048 53307.24700000001 1.6250000000000002e-05 0.0076225747280317677 0.82093600430725877
decision_type=2 2 2 2 2 2 2 2 2 2 2 2 2 2 2 2 2 2 2 2 2 2 2
left_child=1 2 6 7 12 9 -1 8 -4 10 15 -10 -5 -3 16 -2 -11 18 21 22 -21 -18 -19
right_child=5 13 3 4 -6 -7 -8 -9 11 14 -12 -13 -14 -15 -16 -17 17 19 -20 20 -22 -23 -24
leaf_value=-0.012858348764058955 -0.011828086238646203 -0.012155810429063989 0.0016120241444352555 -0.012458782055175513 0.007418271525647291 0.0056212160799814521 0.0028964438550839792 0.01746153434240515 0.016074656442002743 -0.011798277015520593 0.0060117641173503553 0.010180759080831771 -0.013171367702467121 -0.012720902790848185 -0.012425402789957745 -0.012226424923918445 -0.011738741591636083 -0.012429370412184967 -0.012255807097106884 -0.01218423390922628 -0.011882690917675572 -0.011975585657235567 -0.012187218211373961
leaf_weight=6.5271927714347822 4.1783924996852857 5.4307847917079908 9.3341101109981519 4.3545729815959939 13.45145598053932 8.0322853028774244 4.5530765950679779 15.857340157032011 14.62217240035533 4.4090484380722037 4.0332816243171683 22.982296586036689 3.5129363387823123 4.2313950955867767 4.6375477164983741 4.6336185187101364 4.8249418586492565 3.8879545629024523 4.2220482677221289 5.7918925136327726 3.6113352477550507 8.5497247874736768 6.020646721124649
leaf_count=26 23 25 25 21 26 22 15 9 12 24 12 35 20 23 23 23 21 20 22 31 23 41 28
internal_value=-0.0001318 0.00543256 0.00724287 0.00903797 -3.45373e-05 -0.00886201 -0.00638443 0.012118 0.0103128 -0.0108405 -0.00637026 0.0124726 -0.012777 -0.0124033 -0.01209 -0.0120375 -0.0120523 -0.0120827 -0.0119779 -0.0121781 -0.0120684 -0.0118901 -0.0122822
internal_weight=171.69 104.857 95.1952 84.1149 21.319 66.8327 11.0803 62.7959 46.9386 58.8004 12.8453 37.6045 7.86751 9.66218 45.9551 8.81201 41.3176 36.9085 17.5967 19.3118 9.40323 13.3747 9.9086
internal_count=550 237 189 148 67 313 41 81 72 291 58 47 41 48 233 46 210 186 84 102 54 62 48
is_linear=0
shrinkage=0.0138221


Tree=89
num_leaves=21
num_cat=0
split_feature=32 14 3 8 17 19 21 23 7 15 20 32 17 23 23 6 24 20 21 34
split_gain=10.2533 8.38865 8.04931 10.022 6.64826 9.77574 10.5052 5.98515 5.44542 6.02161 4.19588 3.75485 3.55381 3.13667 2.79728 2.48422 2.33253 0.966799 0.84166 0.00448789
threshold=14.080372940167869 0.0066523360557022701 11.500000000000002 38.336564322639937 -4676.3459489999977 0.0084027920114633 0.012017754853705378 0.57513857389973866 -2.3044999999999997e-05 756.0778290000012 -0.012796116199207916 11.412843345654528 -3400.8230299999982 0.96140485520582308 0.50819950374009759 49742.666000000005 -1.0000000180025095e-35 0.88693143026405663 -0.059218229035136342 -0.0028208160896935892
decision_type=2 2 2 2 2 2 2 2 2 2 2 2 2 2 2 2 2 2 2 2
left_child=1 17 8 4 15 6 10 -7 -2 12 -6 13 -10 -3 -8 -4 -5 -1 -17 -20
right_child=2 11 3 16 5 7 14 -9 9 -11 -12 -13 -14 -15 -16 18 -18 -19 19 -21
leaf_value=0.018804121554352685 0.013492676823114516 -0.0087544487368281954 -0.0019670649964127706 0.0020557886227273617 0.0025916090909252135 0.0024000351476642025 0.0058813555966187401 -0.012298735307682229 -0.0018616766325966017 -0.0073955857323204097 -0.012665286111081418 0.0079652049595978856 0.014287909240450905 0.0052717687027125535 0.018025923641220853 -0.0069733725660593845 0.012863841282363012 0.011446056788878485 -0.012406592924873396 -0.012034843817424305
leaf_weight=6.861923933029173 9.3018865287303942 8.0425553470850009 7.1185742020606986 8.4400728791952115 6.9605292081832868 7.4261970520019558 7.3118542581796628 18.420525759458542 4.3765918612480181 9.37500151991844 6.8162682205438649 9.6016737371683103 6.4249928146600723 4.903054565191268 7.1830712854862213 7.6856533885002127 6.9614641964435569 6.7849451154470444 11.227867871522903 13.866838052868843
leaf_count=18 29 33 26 37 33 34 20 32 21 34 23 37 20 20 20 18 24 22 23 26
internal_value=4.01258e-05 0.00659256 -0.00166732 -0.00339441 -0.00508751 -0.00193154 0.00368545 -0.00807553 0.00474331 0.000709649 -0.00495696 0.00141564 0.00774441 -0.00344212 0.0118997 -0.00936823 0.00694101 0.0151458 -0.0109755 -0.0122012
internal_weight=175.092 36.1942 138.897 109.419 94.0174 54.1184 28.2717 25.8467 29.4785 20.1766 13.7768 22.5473 10.8016 12.9456 14.4949 39.8989 15.4015 13.6469 32.7804 25.0947
internal_count=550 130 420 316 255 162 96 66 104 75 56 90 41 53 40 93 61 40 67 49
is_linear=0
shrinkage=0.0138221


Tree=90
num_leaves=18
num_cat=0
split_feature=24 8 3 29 21 11 10 10 7 12 8 7 24 8 10 28 12
split_gain=7.4465 6.85433 8.20542 6.68431 10.488 9.50985 6.17253 7.81736 5.62273 4.07097 3.30259 3.32845 1.82631 1.68173 0.786637 0.497502 0.431016
threshold=0.0046856341330148319 36.487255863453719 25.500000000000004 10.947989951562951 0.041518982579783932 -0.088835833581298804 0.010075080941732812 0.010493901805317143 2.3205000000000002e-05 0.028208126308911233 48.335951116199091 3.7205e-05 0.0010192375045851843 25.838380002309293 0.017527388002709792 -1.0000000180025095e-35 -1.0000000180025095e-35
decision_type=2 2 2 2 2 2 2 2 2 2 2 2 2 2 2 2 2
left_child=1 3 10 -1 5 14 15 -8 -9 13 11 12 -3 -6 -5 -7 -4
right_child=-2 2 16 4 9 6 7 8 -10 -11 -12 -13 -14 -15 -16 -17 -18
leaf_value=-0.0091945652931468419 0.014749219975636583 -0.0022663346435871901 0.013373812140580556 -0.0097578501459633926 -0.011443526594326943 0.012847744522656279 -0.0097309506282450484 0.0028777118074872691 0.01517794581337837 0.0021782510438680541 0.0082908696348540593 -0.0089937801437975987 0.0086643885234859545 -0.0045123930089798168 -0.0038464054477350975 0.019599620811169161 0.019493900560169523
leaf_weight=20.455746605992317 6.3836420625448218 6.4887122511863762 4.3638227880001068 8.0392133444547671 18.851290002465252 4.3529034703969955 7.5268525779247275 32.284718573093414 9.1019403636455518 7.9374447166919699 8.6262663006782514 7.7781961262226096 5.3101716786623001 10.365453377366064 9.2480360120534879 4.0016714334487897 4.4307114034891111
leaf_count=27 30 20 20 15 29 20 15 117 43 32 37 21 23 34 25 20 22
internal_value=9.46446e-05 -0.000458369 0.00480029 -0.00193046 -0.000600289 0.00238951 0.00510175 0.00322634 0.00558283 -0.00659975 0.00116538 -0.00197433 0.00265312 -0.00898451 -0.00659545 0.0160818 0.0164571
internal_weight=175.547 169.163 36.9979 132.165 111.71 74.5553 57.2681 48.9135 41.3867 37.1542 28.2033 19.5771 11.7989 29.2167 17.2872 8.35457 8.79453
internal_count=550 520 143 377 350 255 215 175 160 95 101 64 43 63 40 40 42
is_linear=0
shrinkage=0.0138221


Tree=91
num_leaves=22
num_cat=0
split_feature=0 8 6 10 7 17 29 7 33 31 8 6 10 3 26 7 8 10 7 24 8
split_gain=42.7064 17.2797 14.254 16.8011 9.86752 8.13869 4.27618 7.06092 8.59457 3.10191 2.4854 0.00205845 0.00184785 0.00187491 0.00148393 0.00136529 0.00107001 0.0010407 0.000938359 0.000374907 0.000315756
threshold=-0.22252093395631442 37.525694922580065 47067.120000000003 0.01086850076352105 7.7295000000000011e-05 -13208.673991499998 13.706978564552381 3.7935000000000009e-05 44.500000000000007 1242.1159324999992 23.023273414488937 50403.717500000006 0.016953111719739483 27.500000000000004 0.67136246543051781 -1.3575e-05 35.547137329843011 0.013679031094666895 4.0310000000000005e-05 0.0015576349679915708 31.330781013135347
decision_type=2 2 2 2 2 2 2 2 2 2 2 2 2 2 2 2 2 2 2 2 2
left_child=1 2 -1 9 10 -5 -7 8 -8 -4 -2 17 13 15 -3 -13 20 -12 -17 -19 -15
right_child=4 14 3 5 -6 6 7 -9 -10 -11 11 12 -14 16 -16 18 -18 19 -20 -21 -22
leaf_value=-0.012352816968447373 -0.0038327706315070976 -0.012484625489219983 -0.012712846792975059 -2.1699471402386175e-05 0.0055398581002029084 0.016741665734303024 -0.0057938949677444314 0.015448872882653704 0.013850632512497957 0.0016381917890170507 -0.011682064787566334 -0.012365950176713542 -0.011772430529677257 -0.011942986587052305 -0.012140455588537678 -0.01200129856459756 -0.011722810865088308 -0.011851040933840448 -0.012276658776725699 -0.012019203162023061 -0.012102556426680179
leaf_weight=6.6603974699974051 8.3948034644126874 5.0008794367313367 6.885286405682562 10.99218901991844 8.0430398732423765 29.429206341505051 9.2813529819250125 18.991831675171852 7.8567370623350135 4.9434188306331635 5.6212040036916759 4.6175403147935823 4.7988796085119239 5.3104900121688825 4.5903485715389252 7.8954596370458656 3.2156400680541983 6.776815399527548 3.375079944729805 4.0445895344018936 4.2775446623563766
leaf_count=35 31 24 31 37 22 16 34 14 10 13 22 24 28 23 23 45 22 36 17 20 23
internal_value=-0.000139483 0.00536198 0.00714638 0.00861586 -0.00881234 0.0109848 0.0128303 0.00964431 0.00321189 -0.0067153 -0.0107914 -0.0119613 -0.0120235 -0.0120655 -0.0123199 -0.0121658 -0.011941 -0.0118346 -0.0120838 -0.0119139 -0.0120142
internal_weight=171.003 104.632 95.0404 88.38 66.3711 76.5513 65.5591 36.1299 17.1381 11.8287 58.328 49.9332 33.4906 28.6918 9.59123 15.8881 12.8037 16.4426 11.2705 10.8214 9.58803
internal_count=550 237 190 155 313 111 74 58 44 44 291 260 182 154 47 86 68 78 62 56 46
is_linear=0
shrinkage=0.0138221


Tree=92
num_leaves=23
num_cat=0
split_feature=0 6 12 11 33 10 9 15 8 31 20 2 13 6 11 22 10 2 13 13 32 18
split_gain=19.0187 13.1456 8.7312 7.93601 10.3421 4.73264 5.26015 5.02468 3.49363 3.04857 2.93274 2.73864 2.38202 1.47916 1.26557 1.01125 0.954903 0.845792 0.778803 1.8861 0.00417401 0.00296759
threshold=-0.56174490092936669 52063.580000000009 0.026963506488525638 -0.12759387170634665 33.000000000000007 0.013784727771495101 52.135744604872215 -7368.0950379999995 39.50089791478738 -1.0000000180025095e-35 -1.3632870627717948 3594.325362000001 55157.200000000004 50403.717500000006 -0.095643105077174148 0.041709317226457952 0.016186572820780998 4066.5742200000018 53712.113000000005 52696.956500000008 24.027086629871551 2.5945000000000003e-05
decision_type=2 2 2 2 2 2 2 2 2 2 2 2 2 2 2 2 2 2 2 2 2 2
left_child=2 5 10 -3 8 13 7 -7 12 -10 -1 -8 18 -2 -12 -16 -9 -6 19 -5 -20 -17
right_child=1 3 -4 4 17 6 11 16 9 -11 14 -13 -14 -15 15 21 -18 -19 20 -21 -22 -23
leaf_value=-0.0015901840260028909 0.016802975811660566 0.013340929702621575 0.0068565070773249056 -0.012552045889590108 0.012380314041705517 -0.0025859635585562019 -0.0088480475035321825 0.0099062593117460896 0.0067536901931689597 -0.0092064528386094704 -0.004722559003841954 0.0049914817442043118 -0.0010220041749601728 0.0095845736287197038 -0.0069258005952643076 -0.012223633231960214 0.017399288382127797 0.0048904458775343241 -0.012686785138793701 -0.0006023377737228192 -0.012190824688298768 -0.011926468573976097
leaf_weight=11.105899855494497 12.005651935935022 6.65356121957302 8.8205570727586728 5.8063811510801369 6.1431592404842359 4.7167187184095409 5.953645393252371 5.8833304047584551 6.5259458124637604 3.5197200924158079 8.4747866690158826 5.0479633063077927 6.8582196533679953 9.8924150168895704 10.017678841948507 14.601767823100092 7.2577542215585709 5.4235478341579437 5.1122319847345343 4.4631984382867813 8.8617522865533811 11.458726927638052
leaf_count=30 33 21 34 17 19 23 23 20 26 20 18 21 36 33 21 28 20 21 22 23 20 21
internal_value=4.145e-05 0.00353208 -0.00592025 -0.00088359 -0.002679 0.00869681 0.0050203 0.00965204 -0.00592501 0.0011617 -0.00794505 -0.00249794 -0.00821398 0.0135421 -0.00952915 -0.0106582 0.0140446 0.00886837 -0.0102485 -0.00735866 -0.0123723 -0.012093
internal_weight=174.605 110.125 64.4794 59.3677 52.7142 50.7575 28.8594 17.8578 41.1474 10.0457 55.6589 11.0016 31.1018 21.8981 44.553 36.0782 13.1411 11.5667 24.2436 10.2696 13.974 26.0605
internal_count=550 398 152 225 204 173 107 63 164 46 118 44 118 66 88 70 40 40 82 40 42 49
is_linear=0
shrinkage=0.0138221


Tree=93
num_leaves=16
num_cat=0
split_feature=24 13 21 19 8 24 32 8 12 30 30 28 16 19 10
split_gain=7.26823 7.21175 9.05986 9.05753 8.44828 5.83163 7.46925 6.88555 5.30917 4.56919 4.24413 3.28752 3.05219 2.20443 2.06375
threshold=0.0046856341330148319 57632.248500000009 -0.053475311049393841 0.011925319560653229 26.296406316132309 -0.0034710080359562595 16.582790097949651 40.415104731646956 -0.012209248690427997 57652.619000000006 52251.626500000006 -0.0026437280146701099 0.94129514435695893 0.0078446406463268965 0.016135310337787447
decision_type=2 2 2 2 2 2 2 2 2 2 2 2 2 2 2
left_child=1 2 11 4 10 -6 7 -7 -8 -3 13 12 -1 -4 -15
right_child=-2 9 3 -5 5 6 8 -9 -10 -11 -12 -13 -14 14 -16
leaf_value=-0.0075964929631994428 0.01457709678589844 -0.0004605655763767776 -0.01191738271852307 0.016246447613367583 -0.0066515410418447659 -0.0037269491941625422 0.0045337420559151582 0.011003029546874307 0.016978240487815852 0.016975937097585665 0.0028829539853882833 -0.010673463246563635 0.0046506521670259251 6.8741624368114283e-05 -0.009047240398527329
leaf_weight=9.1509098261594755 6.383863002061843 4.8238466084003431 13.345297276973723 6.6951462030410758 10.97194282710552 24.763690665364265 15.781968891620631 8.0286303460597974 11.196322485804563 7.0933360457420349 9.5310299247503263 21.596248984336853 6.7593577355146399 9.2907086461782473 9.6963516771793348
leaf_count=19 30 14 27 32 25 82 65 36 54 34 30 26 28 28 20
internal_value=9.99367e-05 -0.00044782 -0.00123561 0.000627265 -0.000301395 0.00261103 0.00431134 -0.00012057 0.00969836 0.00991798 -0.00522294 -0.00716105 -0.00239339 -0.00761242 -0.00458663
internal_weight=175.109 168.725 156.808 119.301 112.606 70.7426 59.7706 32.7923 26.9783 11.9172 41.8634 37.5065 15.9103 32.3324 18.9871
internal_count=550 520 472 399 367 262 237 118 119 48 105 73 47 75 48
is_linear=0
shrinkage=0.0138221


Tree=94
num_leaves=21
num_cat=0
split_feature=0 32 13 10 17 31 8 15 19 15 4 6 29 10 33 11 10 22 17 22
split_gain=41.7322 16.9277 11.5208 10.6444 13.3227 7.61991 5.76854 6.24436 2.52851 4.70603 8.53339 0.0028779 0.00254148 0.00189867 0.0027634 0.00150808 0.00134111 0.0008838 0.00077957 0.00061032
threshold=-0.22252093395631442 14.080372940167869 46856.509000000013 0.01086850076352105 -13208.673991499998 -3785.575999000001 23.35390817949752 12087.929734000003 0.0078572465111370181 -60.057536999998796 -0.012608654740631274 50338.588500000005 30.312423954016001 0.017376352684268518 27.500000000000004 0.046501526532774291 0.013679031094666895 0.048392092984467991 840.44714250000118 0.029362637788535231
decision_type=2 2 2 2 2 2 2 2 2 2 2 2 2 2 2 2 2 2 2 2
left_child=1 15 -3 -4 5 -5 -2 11 -6 10 -10 16 13 14 17 -1 -8 -13 -18 -16
right_child=6 2 3 4 8 -7 7 -9 9 -11 -12 12 -14 -15 19 -17 18 -19 -20 -21
leaf_value=-0.012073887392418723 0.00020618162318462554 -0.012381784134048002 -0.0054149260119045759 0.0075458616880901422 0.016978144362968177 -0.013079168434501407 -0.011622091543742738 0.0058457833153922915 0.014595127581148785 0.01519717103520596 -0.0017890571046859829 -0.012039301885376982 -0.012369917599599965 -0.011722012806101864 -0.011727414078630193 -0.012421451741315176 -0.011813060061380097 -0.012247727391515853 -0.012068599399236277 -0.011941929432182452
leaf_weight=4.6356638818979246 11.344321370124815 5.4886872172355643 9.7077835798263532 7.0348543077707291 17.600751161575317 6.6641523241996747 5.2887958884239223 4.0684377998113623 12.400269404053683 24.02600613236428 11.902952864766119 7.4777269810438218 3.6759082376956931 4.469963237643241 4.1307917237281782 4.9127505719661713 7.4919609874486905 8.0942406803369504 3.2790767997503281 6.5546680688858032
leaf_count=21 36 29 37 15 8 36 21 10 10 21 35 40 18 26 26 25 38 48 19 31
internal_value=-0.000147578 0.00528912 0.00705549 0.00824968 0.00991556 -0.00248759 -0.00876149 -0.010627 0.0124927 0.0108592 0.00657067 -0.0119551 -0.0120264 -0.0119853 -0.0120302 -0.0122527 -0.0118023 -0.0121476 -0.0118909 -0.011859
internal_weight=170.25 104.374 94.8255 89.3368 79.629 13.699 65.8759 54.5316 65.93 48.3292 24.3032 50.4631 34.4033 30.7274 26.2574 9.54841 16.0598 15.572 10.771 10.6855
internal_count=550 237 191 162 125 51 313 277 74 66 45 267 189 171 145 46 78 88 57 57
is_linear=0
shrinkage=0.0138221


Tree=95
num_leaves=23
num_cat=0
split_feature=0 12 7 2 14 25 7 20 7 16 7 4 30 21 29 21 0 25 22 1 29 24
split_gain=18.5167 8.5192 7.41382 7.34348 8.35652 6.76364 6.99342 2.90826 2.80664 2.74203 2.30337 2.30285 2.23152 2.20058 2.09985 1.55095 1.31783 1.0792 0.890984 0.107638 0.00152752 0.00279876
threshold=-0.56174490092936669 0.026963506488525638 4.8780000000000011e-05 -5915.0540899999978 0.010317913677831494 0.00026562624253998894 -7.2349999999999985e-06 -1.3632870627717948 1.5955000000000002e-05 0.9210226829079956 -1.6319999999999996e-05 0.0066788230748491282 49673.928000000007 -0.080865204755814254 24.338508653444531 0.017743759854605971 -1.0000000180025095e-35 -0.0020722374279471879 0.041709317226457952 41.339479760656225 13.839310698035669 0.0017711029598205974
decision_type=2 2 2 2 2 2 2 2 2 2 2 2 2 2 2 2 2 2 2 2 2 2
left_child=1 7 3 4 16 10 11 -1 -8 -4 12 -7 -5 -9 -10 -11 -2 -12 -15 -20 -21 -22
right_child=2 -3 9 5 -6 6 8 13 14 15 17 -13 -14 18 -16 -17 -18 -19 19 20 21 -23
leaf_value=-0.0015419677453947641 -0.012219501819184242 0.0067419704346242506 -0.0091082262203850059 0.012275792918483523 0.0096471270315627595 0.015605239774640477 -0.0075578829255703028 0.00024876159550162377 -0.0023514124778414112 -0.0033765241703073204 0.0187498226602139 0.004907312588322746 0.00097794103810167586 -0.0068575019094817289 0.009403012992417482 0.0083453538260357778 -0.0034479706219754857 0.012124940608858605 -0.01019885777479713 -0.011918618930689745 -0.012377542430628382 -0.012013578536363737
leaf_weight=11.074474051594732 7.8236791491508493 8.8346521407365781 10.394913181662561 7.9372462183237058 7.5148300677537909 7.793708458542822 9.3808426707983035 4.0489452779293051 6.9724635481834394 5.3835964500904065 8.1636106818914396 7.5862791240215302 5.7668849974870682 9.9576445966958982 4.9756107330322266 3.5976449102163315 5.6251145005226144 11.065567493438722 7.5693865716457394 6.217706203460696 7.1841815412044552 9.2125476300716382
leaf_count=30 23 34 31 25 26 24 32 10 34 27 22 31 24 21 19 14 30 36 12 4 27 14
internal_value=4.38028e-05 -0.00586111 0.0034853 0.00514485 -0.00202733 0.00730381 0.0032238 -0.00787584 -0.00189924 -0.00427502 0.0118516 0.0103284 0.0075215 -0.00946316 0.00254356 0.00131895 -0.00855071 0.0149375 -0.0104428 -0.0116256 -0.0121031 -0.012173
internal_weight=174.082 64.0995 109.982 90.6058 20.9636 69.6422 36.7089 55.2649 21.3289 19.3762 32.9333 15.38 13.7041 44.1904 11.9481 8.98124 13.4488 19.2292 40.1415 30.1838 22.6144 16.3967
internal_count=550 152 398 326 79 247 140 118 85 72 107 55 49 88 53 41 53 58 78 57 45 41
is_linear=0
shrinkage=0.0138221


Tree=96
num_leaves=21
num_cat=0
split_feature=24 13 17 30 15 18 23 6 14 11 25 30 0 6 30 30 15 10 28 10
split_gain=7.08913 7.03314 8.15794 10.3773 9.40673 7.60237 6.52962 6.33579 9.88436 5.35513 7.60244 4.44475 4.14907 6.86978 3.94904 3.86797 2.26339 0.729127 0.513834 0.38365
threshold=0.0046856341330148319 57632.248500000009 1134.6367450000018 48742.405500000008 -3022.4061564999984 -1.5299999999999996e-05 0.16834565438638352 51114.601000000002 0.0072491553145449762 0.046501526532774291 0.0010161807763399958 57652.619000000006 -0.22252093395631442 53219.196000000004 53071.188000000002 47072.212000000007 3246.0154605000016 0.016062414666097685 -0.0070734165749383173 0.011749742767435109
decision_type=2 2 2 2 2 2 2 2 2 2 2 2 2 2 2 2 2 2 2 2
left_child=1 2 3 4 17 6 -5 8 -4 16 -11 -3 18 -14 -8 -10 -9 -1 -7 -20
right_child=-2 11 7 5 -6 12 14 9 15 10 -12 -13 13 -15 -16 -17 -18 -19 19 -21
leaf_value=0.020576932947386533 0.01440093323483837 -0.00045689638049628447 -0.011256111906167316 -0.0065639690347052068 -0.004615182045575923 -0.0073668155996720148 0.0023919134273743268 0.0081482192722321049 0.016223883989807997 0.013956312397180507 -0.0044766368430539157 0.016738829270432239 -0.0092585461278913758 0.0065170074278307916 0.020776238030232905 -0.00040443544484759233 0.019167859454205186 0.012466123724346329 -0.0089469056381097783 -0.011908733939260745
leaf_weight=4.3435803651809675 6.3842304348945609 4.8179397881031019 11.953110530972483 7.5621025860309627 7.5192683339118949 11.688950628042219 4.8424776792526227 7.6993115991353971 4.8054322600364667 6.6004502028226879 12.132167130708693 7.1096244007349014 12.377793148159983 9.1889077723026258 4.1413163840770721 6.0216479599475861 6.6253164261579514 4.1317414045333862 13.980725839734076 20.765644684433937
leaf_count=22 30 14 23 18 28 23 20 33 23 31 35 34 32 39 21 23 33 19 23 26
internal_value=0.000104334 -0.000437964 -0.0012183 -0.00357098 0.00663859 -0.00550241 0.0029002 0.003018 -0.00259077 0.00688307 0.00201823 0.0097929 -0.00754688 -0.00253707 0.0108667 0.00697579 0.0132449 0.0166229 -0.00987367 -0.010717
internal_weight=174.692 168.308 156.38 100.543 15.9946 84.5479 16.5459 55.8374 22.7802 33.0572 18.7326 11.9276 68.002 21.5667 8.98379 10.8271 14.3246 8.47532 46.4353 34.7464
internal_count=550 520 472 271 69 202 59 201 69 132 66 48 143 71 41 46 66 41 72 49
is_linear=0
shrinkage=0.0138221


Tree=97
num_leaves=21
num_cat=0
split_feature=0 5 28 19 19 7 28 7 31 8 21 13 10 3 8 7 7 10 8 31
split_gain=40.8363 16.6244 11.814 11.6377 14.9608 9.65153 8.27717 11.2884 3.69421 2.43598 0.00444844 0.00183149 0.00181589 0.00195409 0.00162413 0.00104404 0.000890564 0.000833264 0.000558831 0.000366973
threshold=-0.22252093395631442 57.542752105460465 -0.0026437280146701099 0.0091668355917911056 0.010366194509342624 7.7295000000000011e-05 1.0000000180025095e-35 4.9460000000000011e-05 -202.93497300000226 23.023273414488937 0.055830572726142898 50313.138500000008 0.016953111719739483 27.500000000000004 36.189855621396113 -1.3575e-05 4.0310000000000005e-05 0.013679031094666895 31.5391998974372 -721.76296250000121
decision_type=2 2 2 2 2 2 2 2 2 2 2 2 2 2 2 2 2 2 2 2
left_child=1 2 3 -1 -5 9 -4 -8 -6 -2 -3 17 13 15 18 -13 -17 -11 -15 -19
right_child=5 10 6 4 8 -7 7 -9 -10 11 -12 12 -14 14 -16 16 -18 19 -20 -21
leaf_value=-0.013262716187898689 -0.0038043992521688066 -0.012005650243730244 0.014910148274598628 0.014050996055766422 -0.012615445201745335 0.0054813457065619542 -0.0064192499739968269 0.013035294570307424 0.0036343959732661273 -0.011616687657535735 -0.012610189061204528 -0.012256059003842051 -0.011682153137921814 -0.011839818341980892 -0.011565397904778115 -0.011925988246897626 -0.01219614079310443 -0.01193911664882152 -0.012050662633777319 -0.011766978035753863
leaf_weight=8.6523673683404905 8.3641713410615903 5.2817990630865079 35.945375323295593 15.460961326956751 7.3809514939784968 8.0288058370351774 10.345562770962717 12.685082718729971 4.1902433037757891 5.5418877229094532 4.1546855866909027 4.5240049362182573 4.6959225088357917 5.3369746059179288 2.9719878286123267 7.7778472304344231 3.329162985086441 3.6085924953222284 4.3665962070226669 6.8716717585921261
leaf_count=39 31 25 27 19 39 22 38 16 11 23 23 24 28 24 21 45 17 21 23 34
internal_value=-0.000155068 0.00522296 0.00696697 0.000689459 0.00515523 -0.00871295 0.0107653 0.00429615 -0.00673094 -0.0106988 -0.0122718 -0.011875 -0.0119339 -0.0119756 -0.0118481 -0.0120791 -0.012007 -0.0117538 -0.0119347 -0.0118262
internal_weight=169.515 104.097 94.6605 35.6845 27.0322 65.4176 58.976 23.0306 11.5712 57.3888 9.43648 49.0246 33.0025 28.3066 12.6756 15.631 11.107 16.0222 9.70357 10.4803
internal_count=550 237 189 108 69 313 81 54 50 291 48 260 182 154 68 86 62 78 47 55
is_linear=0
shrinkage=0.0138221


Tree=98
num_leaves=22
num_cat=0
split_feature=11 11 11 28 33 10 11 11 22 25 29 16 9 19 23 32 14 28 10 23 1
split_gain=10.563 14.4096 9.72992 11.9339 8.53473 6.96736 5.22554 6.57685 4.86031 4.06418 5.46753 3.67 4.32272 2.99145 2.9581 2.76455 1.35052 0.574306 0.154577 0.0963768 0.00986235
threshold=0.0071211040472038975 -0.10073767145736982 0.050104339893790824 0.0015412795546537741 11.500000000000002 0.012883763468613725 -0.038902444966727505 -0.013019887498870784 0.046243439494882195 -0.0024458328847147283 27.344095431622552 0.71072071954895832 51.32810863546478 0.012222830914348089 0.86755479170484984 10.884880896405802 0.012451744626000761 -0.0095487531095419503 0.011389857845295474 0.44933130809167104 42.170400767108518
decision_type=2 2 2 2 2 2 2 2 2 2 2 2 2 2 2 2 2 2 2 2 2
left_child=1 13 9 -4 11 15 17 -8 -9 -2 -11 -3 -13 16 -12 -5 -1 -6 -19 -10 -20
right_child=2 4 3 5 6 -7 7 8 19 10 14 12 -14 -15 -16 -17 -18 18 20 -21 -22
leaf_value=0.00729350590720653 0.019104773978109564 -0.0051826110483898773 -0.011235590238503332 0.0029099304388452269 -0.0080252736676807886 -0.0067247930542248353 0.0084029502222568112 0.0013982802510007627 -0.010053758527890004 -0.002817707657591722 0.016183016463539739 0.013178189339864865 -0.0030906807500266048 0.013447860663907447 0.0038586683978487253 0.015682947921099553 -0.002962459015758498 -0.0095943258910923326 -0.011876248871997163 -0.012410729721409131 -0.012469567019673935
leaf_weight=5.5200086832046527 7.3568230867385891 6.9123840481042889 12.605140715837477 5.0034915655851391 12.255361169576643 5.8777612745761862 7.4511824250221279 9.0680872797966021 5.2400524467229834 7.0741573125124004 10.350975856184961 8.508241191506384 4.9272799640893927 9.9883220940828306 5.808861941099166 9.1712720394134504 4.4148996770381927 5.6308471709489849 10.885678216814997 9.0195958763360959 10.530158534646032
leaf_count=21 20 20 23 20 35 21 31 34 22 34 30 28 24 33 24 26 20 8 18 19 39
internal_value=4.64283e-05 -0.00253481 0.00455001 -0.000696943 -0.00487924 0.00592772 -0.00716735 -0.00290232 -0.00651337 0.0101515 0.0073165 0.00300131 0.00721182 0.00810626 0.0117529 0.0111743 0.00273593 -0.0105075 -0.0116322 -0.0115446 -0.012168
internal_weight=173.601 110.352 63.2485 32.6577 90.4289 20.0525 70.081 30.7789 23.3277 30.5908 23.234 20.3479 13.4355 19.9232 16.1598 14.1748 9.93491 39.302 27.0467 14.2596 21.4158
internal_count=550 352 198 90 278 67 206 106 75 108 88 72 52 74 54 46 41 100 65 41 57
is_linear=0
shrinkage=0.0138221


Tree=99
num_leaves=15
num_cat=0
split_feature=24 13 21 10 2 23 25 14 30 34 14 30 2 13
split_gain=6.93193 6.84439 8.73989 6.60228 6.01015 13.4536 6.46234 6.89469 9.71501 5.83122 5.69585 4.31212 3.86137 1.08081
threshold=0.0046856341330148319 57632.248500000009 -0.053475311049393841 0.017376352684268518 -5915.0540899999978 0.03815355473978569 -0.0025375772291313854 0.0069397174499840385 52699.678500000002 -0.0033801029687395841 0.0084013711662363315 57652.619000000006 -6270.9758824999981 51277.468000000008
decision_type=2 2 2 2 2 2 2 2 2 2 2 2 2 2
left_child=1 2 9 4 5 -4 -6 8 -8 12 -9 -3 -1 -7
right_child=-2 11 3 -5 6 13 7 10 -10 -11 -12 -13 -14 -15
leaf_value=-0.0055280297888177649 0.014245587937292605 -0.00045026835273450191 -0.0094589606253460204 0.015783857924622485 -0.010824856707684833 0.0104205183273786 -0.0086874579293044832 0.011235732358091282 0.0058212840691314847 -0.01103877459690355 0.00027594788080628795 0.016486731974474839 0.01006029771333317 0.018479026318072422
leaf_weight=7.8677672147750837 6.3846899420022956 4.8112761527299863 6.403588235378268 5.2489356845617285 12.373596429824827 5.5670362859964353 28.014884114265442 13.545379012823103 12.866933360695837 24.279632478952408 27.355796933174133 7.1246657371520996 4.9434769153594971 7.4149393141269684
leaf_count=20 30 14 8 25 29 25 68 61 54 31 92 34 22 37
internal_value=0.000109665 -0.000428141 -0.00120056 0.000628263 -7.23648e-05 0.00693614 -0.00151532 -0.000106807 -0.00412105 -0.00705774 0.00390554 0.00965957 0.000487041 0.0150233
internal_weight=174.203 167.818 155.882 118.791 113.542 19.3856 94.1566 81.783 40.8818 37.0909 40.9012 11.9359 12.8112 12.982
internal_count=550 520 472 399 374 70 304 275 122 73 153 48 42 62
is_linear=0
shrinkage=0.0138221


Tree=100
num_leaves=22
num_cat=0
split_feature=0 1 10 22 7 17 6 7 24 10 16 1 32 15 10 21 25 2 25 30 32
split_gain=39.9331 16.2518 11.7011 13.9366 9.50841 7.64905 4.6749 4.00025 3.09617 1.72285 4.58255 1.51894 0.00797982 0.00344934 0.00188476 0.00222473 0.00239239 0.00192047 0.00171948 0.00133724 0.00125128
threshold=-0.22252093395631442 57.803546668156208 0.01086850076352105 0.10202947915498842 7.7295000000000011e-05 -13208.673991499998 48827.900500000011 -2.9614999999999997e-05 0.00092051803044569766 0.010160184731771658 1.0177865675719799 42.319116953818316 12.273593982260669 8796.2621245000028 0.016953111719739483 -0.012022220520454872 0.001870859318956678 402.71330950000095 0.00043635972246823437 49589.704000000005 29.395742320022208
decision_type=2 2 2 2 2 2 2 2 2 2 2 2 2 2 2 2 2 2 2 2 2
left_child=1 2 8 5 9 -4 -7 -5 -1 10 18 -8 -3 14 15 17 19 20 -2 -17 -11
right_child=4 12 3 7 -6 6 11 -9 -10 13 -12 -13 -14 -15 -16 16 -18 -19 -20 -21 -22
leaf_value=-0.01270376616207299 -0.011651976935326104 -0.012049021660517972 -0.0028487530044332206 0.0050948385975445988 0.0054124950170216088 0.0028411648218500986 0.016303984585648731 -0.012504076920517063 0.0019941016620249408 -0.011801501282801777 0.006089281248427802 0.011747963946885874 -0.01288422323676449 -0.012288249075560949 -0.01167002306991027 -0.011579559245080069 -0.012086780351045996 -0.012265310728432328 -0.012045936427786853 -0.011855296879848676 -0.012120793830358242
leaf_weight=6.3978167176246625 4.0131176039576513 5.6421284377574903 7.0744230300188056 3.8753915876150131 8.0332244187593442 8.6995340287685377 24.650016337633133 6.7924312353134138 4.7870024591684341 5.5239858776330859 3.9964249283075324 32.298924148082733 3.5674456655979156 4.5292359888553611 6.481334686279296 6.0866194218397229 4.9474533498287192 5.2764942795038214 4.4789228886365891 7.5016313418745995 4.0745558440685272
leaf_count=26 23 29 27 10 22 23 13 38 16 31 12 38 17 23 37 32 25 30 23 36 19
internal_value=-0.000163949 0.00515525 0.00686207 0.00864263 -0.00866454 0.0108068 0.0122784 -0.00611077 -0.00641321 -0.0106516 -0.0061159 0.01372 -0.0123725 -0.0119268 -0.0118857 -0.0119276 -0.0118265 -0.0120535 -0.0118598 -0.0117318 -0.011937
internal_weight=168.728 103.785 94.5755 83.3907 64.943 72.7229 65.6485 10.6678 11.1848 56.9098 12.4885 56.9489 9.20957 44.4213 39.8921 33.4107 18.5357 14.875 8.49204 13.5883 9.59854
internal_count=550 237 191 149 313 101 74 48 42 291 58 51 46 233 210 173 93 80 46 68 50
is_linear=0
shrinkage=0.0138221


Tree=101
num_leaves=22
num_cat=0
split_feature=0 6 12 11 3 19 19 28 15 20 3 7 13 19 18 16 11 22 16 28 18
split_gain=17.7033 12.3854 8.16721 7.63263 7.89872 4.12229 4.81996 2.92966 4.71199 2.84964 2.84567 2.60598 2.31759 1.3492 1.28506 1.26728 1.23114 1.02114 0.589987 0.526488 0.00286101
threshold=-0.56174490092936669 52063.580000000009 0.026963506488525638 -0.12759387170634665 36.000000000000007 0.0080884594605597753 0.008580002898223171 -0.000988463997508515 -4265.2867729999989 -1.3632870627717948 42.500000000000007 3.9530000000000009e-05 47076.216000000008 0.010268133006468961 1.0180000000000002e-05 1.0471313414532264 -0.095643105077174148 0.041709317226457952 1.0310441526167387 -0.00022978759793218503 2.5945000000000003e-05
decision_type=2 2 2 2 2 2 2 2 2 2 2 2 2 2 2 2 2 2 2 2 2
left_child=2 5 9 -3 7 15 -7 8 -5 -1 -6 -10 -8 -14 -9 19 -11 -18 -16 -2 -19
right_child=1 3 -4 4 10 6 12 14 11 16 -12 -13 13 -15 18 -17 17 20 -20 -21 -22
leaf_value=-0.0014823685120702093 0.011602032688015216 0.013034435732557198 0.0065575037112211507 -0.0091719324245240312 0.014529090959947758 -0.0054970424465276002 0.0012303997490741498 -0.0031067921745975145 -0.0023338450117869063 -0.004586965067570373 0.00079514228901158385 0.011595232562410504 0.01502840108807117 0.0066401119984631626 -0.012441969309128505 0.0072887454667027989 -0.0067011536035545055 -0.012080980807131787 -0.0066397888294626338 0.016631630520689729 -0.011785050860145467
leaf_weight=11.017481639981268 6.4213810414075914 6.6685874164104453 8.8429868072271329 8.3906002193689364 5.5748573392629606 6.564705207943919 6.5786703377962139 5.4676084071397844 5.0171465575694985 8.3702333271503431 5.9678405225276947 5.2527171671390533 7.8215219825506193 6.890785351395607 12.039900153875353 5.9322489798068991 9.8201554715633375 14.229596450924875 4.6379631012678137 10.442267581820486 11.118398040533064
leaf_count=30 21 21 34 33 16 24 28 29 26 18 25 19 23 27 38 22 21 28 18 28 21
internal_value=4.9454e-05 0.00341065 -0.00576482 -0.000892595 -0.00266673 0.00842462 0.00485748 -0.0055223 -0.00148768 -0.00776215 0.00742832 0.00479045 0.00805012 0.0110996 -0.008922 0.0127835 -0.00935126 -0.0104852 -0.0108284 0.0147164 -0.0119512
internal_weight=173.068 109.669 63.3989 59.0172 52.3486 50.6516 27.8557 40.8059 18.6605 54.5559 11.5427 10.2699 21.291 14.7123 22.1455 22.7959 43.5384 35.1681 16.6779 16.8636 25.348
internal_count=550 398 152 225 204 173 102 163 78 118 41 45 78 50 85 71 88 70 56 49 49
is_linear=0
shrinkage=0.0138221


Tree=102
num_leaves=20
num_cat=0
split_feature=24 13 21 19 6 34 27 16 34 9 32 19 30 2 16 32 21 32 31
split_gain=6.75549 6.68417 8.54567 8.4571 7.25717 7.94032 5.96627 5.75961 5.75901 5.67214 4.82253 6.31567 4.21133 3.77326 3.62826 3.50627 2.13466 1.77191 1.27713
threshold=0.0046856341330148319 57632.248500000009 -0.053475311049393841 0.011925319560653229 52063.580000000009 0.0060938680857268732 0.6078576107927941 0.82093600430725877 -0.0033801029687395841 55.667284438738548 22.170656411705853 0.0088141149257661752 57652.619000000006 -6270.9758824999981 1.1352492867896029 11.720315307207557 0.027422900870048287 18.570836396218997 1937.3917019999988
decision_type=2 2 2 2 2 2 2 2 2 2 2 2 2 2 2 2 2 2 2
left_child=1 2 8 4 6 7 10 9 13 -6 18 -12 -3 -1 -9 -7 -8 -17 -4
right_child=-2 12 3 -5 5 15 16 14 -10 -11 11 -13 -14 -15 -16 17 -18 -19 -20
leaf_value=-0.0054714785238465877 0.014072111222982278 -0.00045204911777830024 -0.010638140086906866 0.01569782311838434 0.015094667523583117 0.021659145731423746 -0.00038969609521555541 -0.0078433241796330832 -0.010980129161214606 -0.0023460073621073326 0.0105788830914592 -0.0085636920548779836 0.016285159004070897 0.0099425695270076702 0.0023999143347483028 0.0016423287022098629 0.01138800468824031 0.013719556012154261 -0.0039835784566485139
leaf_weight=7.832727983593939 6.3817329853773108 4.8073568791151029 23.871859043836597 6.7082143872976294 7.9349306225776655 4.8807981163263312 6.5401806235313398 15.764947921037676 24.064290836453438 6.4655226618051529 6.4984099119901639 6.6752629727125168 7.1347053945064545 4.9525707811117172 11.372252583503721 5.0399562418460828 5.3411206007003784 4.301940992474556 7.1633276045322409
leaf_count=20 30 14 52 32 38 25 25 32 31 20 29 14 34 22 41 20 24 20 27
internal_value=0.000114613 -0.000417641 -0.00118339 0.000623617 -0.000280456 0.00325073 -0.00379088 0.00019861 -0.00699721 0.00726414 -0.00612789 0.000879104 0.00954748 0.000499376 -0.00355074 0.0121645 0.00490485 0.00720389 -0.00910218
internal_weight=173.732 167.35 155.408 118.559 111.851 55.7603 56.0902 41.5377 36.8496 14.4005 44.2089 13.1737 11.9421 12.7853 27.1372 14.2227 11.8813 9.3419 31.0352
internal_count=550 520 472 399 367 196 171 131 73 58 122 43 48 42 73 65 49 40 79
is_linear=0
shrinkage=0.0138221


Tree=103
num_leaves=23
num_cat=0
split_feature=0 8 10 13 17 29 32 30 29 25 23 31 8 25 18 29 8 29 12 23 25 21
split_gain=39.0092 15.9378 12.5088 12.4441 6.3544 5.62299 11.7353 5.02234 3.8655 6.70802 3.63658 2.96807 0.0137265 0.00595629 0.0036443 0.00182626 0.00158066 0.00174308 0.00111791 0.000849028 0.000735707 0.000639152
threshold=-0.22252093395631442 37.525694922580065 0.01086850076352105 47884.55000000001 -13208.673991499998 25.715355858681814 19.446058841249577 55456.599500000004 13.706978564552381 0.0023533690026074131 0.69960951297849816 1242.1159324999992 23.275863334418002 0.0021041232362697337 7.3470000000000013e-05 26.094975619226936 36.649322012477747 11.456364256204791 0.0054985071413181661 0.39832902403397208 0.00043635972246823437 -0.021964090880602912
decision_type=2 2 2 2 2 2 2 2 2 2 2 2 2 2 2 2 2 2 2 2 2 2
left_child=1 2 11 10 -5 12 7 13 -6 -10 -4 -1 -2 20 16 -3 17 -14 21 -18 -7 -19
right_child=5 15 3 4 8 6 -8 -9 9 -11 -12 -13 14 -15 -16 -17 19 18 -20 -21 -22 -23
leaf_value=-0.012571534050687502 -0.012646935850349291 -0.012347650598795798 -0.012470376748424534 0.00067399774187985385 0.016012683298738416 -0.011538019197460508 0.014779942829465133 0.0050552420884436783 0.0029087133002883765 0.015393887105819045 0.0045154036024704254 0.0015564837597632282 -0.012115707601235389 -0.012217469233061756 -0.012243233816398134 -0.0119606149524095 -0.011729592644231216 -0.011800643674256111 -0.011969495235917577 -0.011451955074513173 -0.011790063659653658 -0.0116148799895337
leaf_weight=6.7410080283880216 4.3084952384233466 4.7553663998842222 6.0643426775932294 10.386946737766257 29.218079984188087 3.9642039462924057 5.2824676483869544 4.2132178694009772 16.568894684314728 16.319312155246735 3.9941133111715317 4.9103598892688751 3.5229719430208268 6.9626227617263785 3.4916911646723738 4.5653707236051559 5.0327656939625722 8.3061119765043276 4.5694218575954428 3.616496779024601 5.0074599757790565 6.1650852039456359
leaf_count=31 20 24 31 35 16 18 8 11 39 13 12 13 17 37 19 23 30 45 24 26 24 34
internal_value=-0.000172053 0.00508346 0.00678939 0.00868163 0.0106806 -0.00861471 -0.0035576 -0.00836551 0.0123542 0.00910393 -0.00572549 -0.00661741 -0.0119111 -0.0119141 -0.0118197 -0.0121581 -0.0117724 -0.0118333 -0.011781 -0.0116135 -0.0116787 -0.0117215
internal_weight=167.967 103.524 94.2031 82.5517 72.4932 64.443 25.43 20.1475 62.1063 32.8882 10.0585 11.6514 39.013 15.9343 34.7045 9.32074 31.2129 22.5636 19.0406 8.64926 8.97166 14.4712
internal_count=550 237 190 146 103 313 98 90 68 52 43 44 215 79 195 47 176 120 103 56 42 79
is_linear=0
shrinkage=0.0138221


Tree=104
num_leaves=23
num_cat=0
split_feature=0 6 32 11 33 22 10 21 21 15 2 26 5 22 21 24 25 6 10 24 29 2
split_gain=17.2852 12.0428 7.91827 7.46955 9.56921 4.73916 4.3574 4.96059 3.27284 2.68655 2.58453 9.57866 2.46455 2.02793 2.74647 1.73817 1.53109 1.42979 1.05711 0.158195 0.00405905 0.00319614
threshold=-0.56174490092936669 52063.580000000009 14.080372940167869 -0.12759387170634665 33.000000000000007 0.03800281025738584 0.013784727771495101 0.039864490787945968 -0.080865204755814254 -7368.0950379999995 -4367.0528314999983 0.36830698145960722 53.790903296944116 0.048859752262472175 0.06098049165849407 0.0010935469032596048 -0.0026438474859304434 50403.717500000006 0.016135310337787447 0.0006536133210469922 12.009679096138274 808.7828765000005
decision_type=2 2 2 2 2 2 2 2 2 2 2 2 2 2 2 2 2 2 2 2 2 2
left_child=2 6 -1 -3 10 -4 17 9 -7 -8 19 -12 18 -13 -15 -6 -10 -2 -11 -5 -18 -22
right_child=1 3 5 4 15 8 7 -9 16 12 11 13 -14 14 -16 -17 20 -19 -20 -21 21 -23
leaf_value=0.0072110638775136158 0.016186603848407654 0.012886416376472091 0.006561140017147582 -0.012258380143020157 0.0025788159706852565 0.0011995022707896453 -0.0021804965072065373 -0.0077448793540638309 -0.0067246771298396426 0.0086289674271035517 0.010182438337878475 -0.012468016512093756 0.002120666191993558 0.0016962004575010758 -0.012710724069122896 0.0133379132299681 -0.011717773819190419 0.009078273727028555 0.016401577403270098 -0.0088757088473844243 -0.012300187427991912 -0.011931741129984599
leaf_weight=7.9195000976324073 11.957419052720072 6.6757595092058173 4.1899549812078467 8.1637286096811241 5.2594702988862974 5.6382173746824256 4.5209337621927324 4.9908027201890937 17.234630107879635 6.0919299423694628 7.2542489618063035 10.661136373877527 5.7991842925548545 6.4688078910112363 4.1497784852981567 6.31104876101017 9.0580393224954658 9.8673258125781995 7.408505842089653 3.9046758115291587 7.3047108054161098 11.707042425870894
leaf_count=30 33 21 19 35 21 17 22 18 37 21 27 39 25 32 16 19 7 33 21 15 19 23
internal_value=5.2088e-05 0.00337213 -0.0057129 -0.000880163 -0.00264166 -0.00756935 0.0083141 0.0047851 -0.00873157 0.00741034 -0.00580169 -0.00353374 0.009657 -0.00820958 -0.00393407 0.00844728 -0.00996751 0.0129728 0.0128943 -0.0111639 -0.0119586 -0.0120733
internal_weight=172.537 109.485 63.0521 58.8487 52.1729 55.1326 50.6361 28.8114 50.9426 23.8206 40.6024 28.534 19.2996 21.2797 10.6186 11.5705 45.3044 21.8247 13.5004 12.0684 28.0698 19.0118
internal_count=550 398 152 225 204 122 173 107 103 89 164 114 67 87 48 40 86 66 42 50 49 42
is_linear=0
shrinkage=0.0138221


Tree=105
num_leaves=21
num_cat=0
split_feature=17 13 30 20 18 10 12 3 3 25 29 8 20 10 33 7 20 19 19 29
split_gain=6.54962 10.6435 10.3136 9.01074 7.30803 6.27423 5.81215 4.51116 8.14887 4.42255 4.1149 3.05455 2.92245 2.74776 2.34905 2.45774 0.518389 0.367586 0.346532 0.648549
threshold=1654.2065940000018 56929.463500000005 48742.405500000008 -0.32730693191210614 8.7800000000000023e-06 0.019479663568663205 0.026963506488525638 25.500000000000004 36.000000000000007 -0.0013454677260859047 30.488308311272387 26.782374674211493 -0.32730693191210614 0.012883763468613725 10.500000000000002 1.0350000000000003e-06 0.34709421450744582 0.0095403392923903204 0.010366194509342624 9.7221198653101997
decision_type=2 2 2 2 2 2 2 2 2 2 2 2 2 2 2 2 2 2 2 2
left_child=1 2 3 -1 6 17 11 14 9 -9 12 -2 -6 -8 -4 -16 -14 -3 19 -17
right_child=4 5 7 -5 10 -7 13 8 -10 -11 -12 -13 16 -15 15 18 -18 -19 -20 -21
leaf_value=0.01742081061385068 -0.008620509641668727 0.013801561730633382 -0.0010701551177642813 -0.002991167030505365 0.0051805810010812133 -0.0017513965237489141 0.0014343350349218394 0.0015520917037928047 -0.0073841687512394075 0.019780027129874735 0.0015568886012960661 0.0027730708413197538 0.013483361369685844 0.016047586314584694 -0.0030903348735672213 -0.012087037369183561 0.01928236409759931 0.019474727775318078 -0.012368605119639794 -0.0077245823169226043
leaf_weight=7.7655281126499203 13.949943184852605 4.3215831369161588 9.362295523285864 8.829985558986662 6.2409457564353987 5.937826693058013 5.5450468808412534 6.4842491298913956 13.803143709897993 4.1838344186544436 9.2689562886953336 6.6330538243055335 5.1019684374332428 4.416112869977951 11.768044695258139 10.85842487215996 6.9664461612701416 4.4073196053504944 11.121098935604094 16.26075904071331
leaf_count=38 27 20 32 34 26 18 22 26 33 21 28 27 24 21 35 11 35 22 20 30
internal_value=0.00012061 -0.00178925 -0.00339542 0.0065602 0.00390285 0.00920972 -0.000754327 -0.00536602 -0.000372038 0.00870077 0.00906088 -0.00494883 0.0128597 0.00791287 -0.00742442 -0.00861403 0.0168308 0.016666 -0.0103139 -0.00947129
internal_weight=173.227 115.104 100.437 16.5955 58.1225 14.6667 30.5442 83.8419 24.4712 10.6681 27.5783 20.583 18.3094 9.96116 59.3706 50.0083 12.0684 8.7289 38.2403 27.1192
internal_count=550 340 280 72 210 60 97 208 80 47 113 54 85 43 128 96 59 42 61 41
is_linear=0
shrinkage=0.0138221


Tree=106
num_leaves=22
num_cat=0
split_feature=0 5 22 22 7 0 21 7 25 26 10 16 21 15 21 21 25 9 32 25 30
split_gain=38.1155 15.6183 11.3256 11.2438 9.24363 6.96196 8.22603 3.85278 2.67796 4.24322 1.69874 4.43247 0.00485084 0.00331311 0.0018154 0.0019203 0.00235928 0.00189521 0.00169314 0.00163846 0.00123802
threshold=-0.22252093395631442 57.542752105460465 0.03800281025738584 0.10202947915498842 7.7295000000000011e-05 -0.56174490092936669 -0.057134067623394784 -2.9614999999999997e-05 -0.001756395924304643 0.023373055449385862 0.010160184731771658 1.0177865675719799 0.055830572726142898 8796.2621245000028 -0.11424801341958728 -0.012022220520454872 0.001870859318956678 53.170257676162102 30.012164843343044 0.00043635972246823437 49589.704000000005
decision_type=2 2 2 2 2 2 2 2 2 2 2 2 2 2 2 2 2 2 2 2 2
left_child=1 2 -1 5 10 8 -7 -5 9 -4 11 19 -3 14 -12 17 20 18 -16 -2 -17
right_child=4 12 3 7 -6 6 -8 -9 -10 -11 13 -13 -14 -15 15 16 -18 -19 -20 -21 -22
leaf_value=-0.012679245472682855 -0.011564617779887331 -0.01186882006294478 0.014893163457909248 0.0050659662506936688 0.0053063988081538376 0.012943725382608833 -0.0060514110343437393 -0.012466542354956273 0.014091607407720542 0.0026898752790413855 -0.011524960265107487 0.0059455003259463431 -0.012506988815284222 -0.012197183870050416 -0.011754106630009928 -0.011511288111667132 -0.011999918999726371 -0.012213680984770598 -0.012109158629756306 -0.011953105801314205 -0.011770698370877471
leaf_weight=5.4301152527332297 3.9260594397783262 5.1382277309894544 9.7146909981965965 3.8650764971971512 8.0224448740482313 7.6011375039815929 10.201359838247305 6.2942073643207532 38.506790697574615 12.381987333297728 4.119555912911891 3.9928092136979094 4.0845542252063751 4.456318423151969 8.632111310958857 6.7252848222851842 4.864789366722106 3.7771808207035056 3.6514481008052817 4.3969908803701401 7.3627994284033775
leaf_count=27 23 25 8 10 22 7 38 35 32 32 24 12 23 23 49 36 25 22 18 23 36
internal_value=-0.000181255 0.00501325 0.00669745 0.00788547 -0.00856834 0.00965826 0.00205895 -0.00579634 0.0118906 0.00805499 -0.0105594 -0.00602652 -0.0121515 -0.0118401 -0.0117994 -0.0118317 -0.0117375 -0.0119429 -0.0118597 -0.0117699 -0.0116469
internal_weight=167.146 103.218 93.9954 88.5653 63.9278 78.406 17.8025 10.1593 60.6035 22.0967 55.9053 12.3159 9.22278 43.5895 39.1332 35.0136 18.9529 16.0607 12.2836 8.32305 14.0881
internal_count=550 237 189 162 313 117 45 45 72 40 291 58 48 233 210 186 97 89 67 46 72
is_linear=0
shrinkage=0.0138221


Tree=107
num_leaves=24
num_cat=0
split_feature=0 6 1 21 33 21 10 21 8 13 20 15 5 34 6 14 13 13 2 10 1 15 2
split_gain=16.8595 11.6913 7.26645 7.06787 9.17554 4.7139 4.24073 4.85252 3.68233 2.82036 2.77568 2.60983 2.4002 1.79476 1.41553 1.03921 0.811128 1.84991 0.769979 0.586341 0.0821108 0.0112928 0.00223764
threshold=-0.56174490092936669 52063.580000000009 57.530779684787554 -0.12539316918096424 33.000000000000007 -0.084282319434979477 0.013784727771495101 0.039864490787945968 39.50089791478738 55157.200000000004 -1.315075116993049 -7368.0950379999995 53.790903296944116 0.00074524217925642244 50403.717500000006 0.009963139843811088 53712.113000000005 52696.956500000008 4066.5742200000018 0.011171080815059279 43.058078163344327 -1049.8182144999985 808.7828765000005
decision_type=2 2 2 2 2 2 2 2 2 2 2 2 2 2 2 2 2 2 2 2 2 2 2
left_child=2 6 5 -3 8 -1 14 11 9 16 -7 -8 15 -10 -2 -13 17 -5 -6 -12 -21 -18 -22
right_child=1 3 -4 4 18 10 7 -9 13 -11 19 12 -14 -15 -16 -17 21 -19 -20 20 22 -23 -24
leaf_value=0.0066481517628697974 0.015999113257598643 0.013076574074608736 0.0048485484954202789 -0.0124032112941075 0.011698394979019231 -0.0021897866439472692 -0.002154132159558066 -0.0077001370998883148 0.0066371571206931736 -0.00039313825825242462 -0.0073489631307414836 0.0082228149965491489 0.0020869355034764921 -0.0057862720317887117 0.0089243972629499922 0.015987177027855921 -0.011899482329286004 -0.0004769300820468348 0.0045538573461127605 -0.010478441497078887 -0.012138615038056123 -0.01268872102828685 -0.011847116572912327
leaf_weight=4.0019179731607428 11.94277633726597 6.2104509174823752 10.472576066851614 5.6745472401380592 6.1457441151142103 9.3229049295186979 4.5115108191967073 4.9731308817863455 5.9053014963865262 7.3742602467536917 8.3806224167346937 5.6908773630857485 5.8021773546934119 3.5615214556455612 9.8675513714551908 7.8173231780529022 6.4185221493244153 4.4204190373420715 5.426596462726593 10.383924975991251 9.9881644099950808 7.5237788408994675 10.137535005807875
leaf_count=16 33 20 34 17 19 23 22 18 24 38 23 20 25 19 33 22 16 23 21 15 18 28 23
internal_value=5.46835e-05 0.00333291 -0.00565937 -0.000866485 -0.00251742 -0.0077669 0.0082008 0.00471847 -0.00559337 -0.00787081 -0.00896341 0.00731102 0.00952238 0.00196333 0.0127983 0.0127161 -0.0101648 -0.00718089 0.00834812 -0.0105872 -0.0114767 -0.0123254 -0.0119918
internal_weight=171.954 109.266 62.6876 58.6611 52.4507 52.2151 50.6053 28.795 40.8784 31.4115 48.2132 23.8219 19.3104 9.46682 21.8103 13.5082 24.0373 10.095 11.5723 38.8902 30.5096 13.9423 20.1257
internal_count=550 398 152 225 205 118 173 107 165 122 102 89 67 43 66 42 84 40 40 79 56 44 41
is_linear=0
shrinkage=0.0138221


Tree=108
num_leaves=22
num_cat=0
split_feature=24 13 17 30 20 18 6 14 24 19 33 30 25 0 6 30 31 6 28 32 11
split_gain=6.50523 6.41776 7.61182 9.78497 9.16978 7.28264 5.89071 9.35036 5.31678 5.28749 5.02407 4.00722 3.86175 3.84227 6.43926 3.59398 2.66751 1.3296 0.50282 0.377812 0.0570183
threshold=0.0046856341330148319 57632.248500000009 1134.6367450000018 48742.405500000008 -0.32730693191210614 -1.5299999999999996e-05 51114.601000000002 0.0072491553145449762 -0.0026903640798794305 0.0088802919404960788 33.000000000000007 57652.619000000006 0.0010161807763399958 -0.22252093395631442 53219.196000000004 47072.212000000007 562.33331449999844 52580.951000000008 -0.0070734165749383173 24.027086629871551 -0.0082155120002148623
decision_type=2 2 2 2 2 2 2 2 2 2 2 2 2 2 2 2 2 2 2 2 2
left_child=1 2 3 4 -1 8 7 -4 -5 10 17 -3 -12 18 -15 -9 -10 -8 -7 -20 -19
right_child=-2 11 6 5 -6 13 9 15 16 -11 12 -13 -14 14 -16 -17 -18 20 19 -21 -22
leaf_value=0.017209142657004656 0.013831071565673019 -0.0004234609766460704 -0.01109840635215569 -0.0066787329462711046 -0.0037803862411756378 -0.0071729832865106207 0.010053143354058562 0.015621016881956058 0.016172245011049087 -0.002576382654077614 0.011623234796471352 0.015919472896102509 -0.0045103086251471556 -0.0091283675265567531 0.0061962549833743455 -0.00040026750968104817 0.0017137932016052662 0.018048749053383734 -0.0091629533348080144 -0.012096842624295157 0.020356418860171685
leaf_weight=7.7764460146427146 6.3731789141893378 4.7845745831727964 11.667330726981165 6.6120806783437756 8.1378610581159574 11.488174721598623 4.7775722444057491 4.8236959725618345 5.1787770837545377 8.7216599583625776 5.4646037817001325 7.1496077924966812 5.8892357051372528 12.222729653120043 9.1675938665866834 6.0054258108139038 4.606234610080719 3.9992520809173557 18.114218786358833 15.613900333642958 4.1874046474695215
leaf_count=38 30 14 23 15 31 23 21 23 25 23 25 34 22 32 39 23 19 20 35 14 21
internal_value=0.000126474 -0.000398454 -0.00115303 -0.00345219 0.00647604 -0.00535573 0.00294212 -0.00251335 0.00289602 0.0066567 0.00996813 0.00936737 0.00325477 -0.00738713 -0.00256045 0.00673621 0.00936602 0.0158476 -0.00967048 -0.0105212 0.0192291
internal_weight=172.762 166.388 154.454 98.918 15.9143 83.0037 55.5362 22.4965 16.3971 33.0397 24.3181 11.9342 11.3538 66.6066 21.3903 10.8291 9.78501 12.9642 45.2163 33.7281 8.18666
internal_count=550 520 472 271 69 202 201 69 59 132 109 48 47 143 71 46 44 62 72 49 41
is_linear=0
shrinkage=0.0138221


Tree=109
num_leaves=22
num_cat=0
split_feature=0 1 28 28 7 19 19 7 31 33 32 30 32 16 25 6 12 22 32 25 13
split_gain=37.2357 15.3229 10.4818 11.7736 17.0138 11.1741 14.2513 9.11466 3.45868 1.57169 4.14014 0.0152643 0.00808886 0.00238599 0.0017515 0.00166788 0.00190303 0.00224052 0.00130445 0.000966088 0.000583157
threshold=-0.22252093395631442 57.803546668156208 -0.0026437280146701099 0.00068392352536261758 6.3120000000000019e-05 0.0091668355917911056 0.010366194509342624 7.7295000000000011e-05 -202.93497300000226 29.500000000000004 16.432616527054126 52859.0645 12.273593982260669 0.46486116551797796 -0.0022615001927101621 47457.594000000005 -0.014216121993158857 0.054604324278932755 28.753204923162688 0.0011381155180012401 49634.104500000009
decision_type=2 2 2 2 2 2 2 2 2 2 2 2 2 2 2 2 2 2 2 2 2
left_child=1 2 5 -4 11 -1 -7 9 -8 13 19 -5 -3 -2 20 -16 18 -18 -17 -11 -15
right_child=7 12 3 4 -6 6 8 -9 -10 10 -12 -13 -14 14 15 16 17 -19 -20 -21 -22
leaf_value=-0.013142028730927383 -0.011501726680245699 -0.01193104779560388 0.014346275642443446 -0.012152685045477892 0.013927853101376378 0.013756731077503564 -0.012472744742935344 0.0052495982265865458 0.0033629587324304445 -0.011595000562322644 0.0049510802682871226 -0.013299225232705348 -0.012779980645094582 -0.011768453695668417 -0.011676389587253051 -0.011700149783831576 -0.012247599039476444 -0.011878807019009905 -0.01203464578595209 -0.011886390232802106 -0.01154332670180294
leaf_weight=8.5274521708488447 4.640288107097148 5.5130707770585996 40.35999684035778 4.8168893605470675 9.4494221806526166 15.275639891624452 7.209656879305836 8.0233591049909574 4.1528335362672824 4.5614898353815061 4.2158692404627791 4.1124632209539413 3.5092653781175613 4.7107033282518334 5.8146885558962884 7.3683857843279821 5.9549582898616809 6.6752238869667053 3.1924390643835068 4.152850441634655 4.1216527670621872
leaf_count=39 31 29 32 24 9 18 39 22 11 25 12 19 17 22 32 43 31 38 17 19 21
internal_value=-0.000189433 0.00494416 0.00659726 0.0101704 0.00100004 0.000628923 0.00503731 -0.00851938 -0.00668501 -0.0105132 -0.00629377 -0.0126807 -0.0122612 -0.0117975 -0.0118338 -0.0118857 -0.0119382 -0.0120527 -0.0118013 -0.0117339 -0.0116634
internal_weight=166.359 102.927 93.9044 58.7388 18.3788 35.1656 26.6381 63.4319 11.3625 55.4085 12.9302 8.92935 9.02234 42.4783 37.8381 29.0057 23.191 12.6302 10.5608 8.71434 8.83236
internal_count=550 237 191 84 52 107 68 313 50 291 56 43 46 235 204 161 129 69 60 44 43
is_linear=0
shrinkage=0.0138221


Tree=110
num_leaves=21
num_cat=0
split_feature=0 13 12 21 3 27 30 31 30 11 32 25 3 10 11 32 23 14 3 7
split_gain=16.4394 8.01268 7.71049 6.3509 8.67802 4.54234 4.29577 3.55377 3.17943 3.10715 2.83246 2.79561 2.50911 2.47933 2.59349 1.10481 2.94757 0.979894 0.416295 0.00515529
threshold=-0.56174490092936669 51897.909000000007 0.026963506488525638 -0.13019921947578875 36.000000000000007 0.6078576107927941 56044.405000000006 -1145.3907855000011 49040.568500000008 -0.096614940689725468 28.046409824342266 0.0022809821167098822 42.500000000000007 0.011749742767435109 0.046831040705341838 15.899650750402552 0.36225420616688053 0.0082025604242201827 22.500000000000004 2.5945000000000003e-05
decision_type=2 2 2 2 2 2 2 2 2 2 2 2 2 2 2 2 2 2 2 2
left_child=2 7 9 -3 5 10 -7 8 -2 -1 17 15 -6 14 -11 -9 -17 19 -15 -5
right_child=1 3 -4 4 12 6 -8 11 -10 13 -12 -13 -14 18 -16 16 -18 -19 -20 -21
leaf_value=0.0013270976469309554 -0.003909709052899878 0.014218471108290096 0.0063491923660483783 -0.012577519223345129 0.014408145758715581 0.0072562724533305097 -0.0095523011717660884 0.015403776523949416 0.00874751175156082 0.0028574739361443657 -0.00066960313368103939 0.00013855197707166242 0.0027746665057232565 -0.011867057769567134 -0.0099078547034954726 0.013427141542454569 0.0009263738378686863 -0.005483151590175977 -0.0087326483684913806 -0.012053885284163778
leaf_weight=6.5589217096567145 8.0257550328969938 5.479720175266265 8.8429070264101011 6.0892108529806199 6.3308681100606909 9.3467264324426633 4.2148142307996741 10.357973620295526 7.1869202405214301 6.1452508270740491 7.9090621769428244 4.546169400215148 8.0406290888786298 21.918147966265678 6.0187979340553284 12.052004486322405 5.1407681405544272 5.599290043115615 12.836595535278319 8.7593190073966962
leaf_count=22 31 17 34 29 18 37 15 29 25 31 33 20 32 37 10 37 22 32 18 21
internal_value=5.63829e-05 0.003292 -0.0056069 1.3468e-05 -0.00136936 -0.0045471 0.00203231 0.00757262 0.00206994 -0.00758392 -0.00769368 0.0101807 0.0078994 -0.00882962 -0.00345884 0.0118377 0.00968932 -0.0104105 -0.0107094 -0.0122686
internal_weight=171.4 109.079 62.3206 61.7696 56.2899 41.9184 13.5615 47.3096 15.2127 53.4777 28.3569 32.0969 14.3715 46.9188 12.164 27.5507 17.1928 20.4478 34.7547 14.8485
internal_count=550 398 152 234 217 167 52 164 56 118 115 108 50 96 41 88 59 82 55 50
is_linear=0
shrinkage=0.0138221


Tree=111
num_leaves=18
num_cat=0
split_feature=24 13 10 11 19 10 30 32 10 6 11 4 19 30 6 16 10
split_gain=6.35238 6.26274 7.23633 6.95341 6.21069 8.41052 7.08778 9.58468 5.61388 5.97996 4.82304 4.4182 4.18989 3.90386 1.70616 1.5477 1.34767
threshold=0.0046856341330148319 57632.248500000009 0.010075080941732812 0.046501526532774291 0.0077622848077007625 0.011837000840788873 48742.405500000008 15.616661471868923 0.015584479706635937 52063.580000000009 -0.017840001689667592 0.006393146562056363 0.0084363174226296852 57652.619000000006 53785.847500000011 0.87481235789469625 0.018101956886745551
decision_type=2 2 2 2 2 2 2 2 2 2 2 2 2 2 2 2 2
left_child=1 2 3 15 11 12 7 -7 9 -8 -9 14 -6 -3 -4 -1 -10
right_child=-2 13 4 -5 5 6 8 10 16 -11 -12 -13 -14 -15 -16 -17 -18
leaf_value=0.01662003437465033 0.01367959056173821 -0.00041672067308426289 -0.012444969982112832 -0.0033826885404083904 0.0026938713397272034 -0.010917057818343068 -0.0066999322437152524 0.0047659210018989508 -0.011339461422183538 0.0052238241306752685 0.020250357231391271 0.0014363082696555597 0.020662888264195066 0.015718820532712442 -0.0058096445208191119 0.0064969093315152332 -0.0051561866223205997
leaf_weight=7.9781470298767108 6.3685075044631949 4.7772348523139936 16.729548722505573 8.2638463377952558 4.9747833311557752 5.7712226957082775 15.206066176295279 12.42783030867577 16.770445585250858 17.04104083776474 5.5635026395320866 9.2088150382041913 4.9419453591108322 7.1555481106042862 13.281259477138518 4.5202152878046036 11.253176271915434
leaf_count=39 30 14 34 33 20 7 41 52 23 62 28 37 25 34 24 19 28
internal_value=0.000132591 -0.000387557 -0.00113536 0.00645454 -0.00231869 -0.000390069 -0.00181075 0.00458234 -0.00433131 -0.000398802 0.00955421 -0.00693865 0.0116486 0.00925903 -0.00950851 0.0129589 -0.0088565
internal_weight=172.233 165.865 153.932 20.7622 133.17 93.95 84.0333 23.7626 60.2707 32.2471 17.9913 39.2196 9.91673 11.9328 30.0108 12.4984 28.0236
internal_count=550 520 472 91 381 286 241 87 154 103 80 95 45 48 58 58 51
is_linear=0
shrinkage=0.0138221


Tree=112
num_leaves=24
num_cat=0
split_feature=0 1 10 22 11 7 18 24 8 29 17 30 32 11 10 30 3 22 30 24 27 30 16
split_gain=36.3922 15.0107 10.8773 12.6386 9.64491 8.97821 4.53007 2.92216 2.35345 2.30018 5.59632 2.14251 0.00759004 0.00493604 0.00160509 0.00165616 0.00194114 0.000767591 0.000712413 0.000663531 0.000693012 0.00053944 0.000492774
threshold=-0.22252093395631442 57.803546668156208 0.01086850076352105 0.10202947915498842 -0.10073767145736982 7.7295000000000011e-05 -3.5239999999999995e-05 0.00092051803044569766 23.023273414488937 10.947989951562951 -11949.460654499997 54551.039000000012 12.273593982260669 -0.072540803997776057 0.016911598323949631 52923.960000000006 26.500000000000004 0.04704345658226828 54255.001000000011 -0.0030689176494126586 0.6078576107927941 55456.599500000004 0.84304246107912117
decision_type=2 2 2 2 2 2 2 2 2 2 2 2 2 2 2 2 2 2 2 2 2 2 2
left_child=1 2 7 4 -4 8 -5 -1 -2 -6 -11 -12 -3 -8 15 17 18 22 -17 -19 -21 -18 -10
right_child=5 12 3 6 9 -7 13 -9 14 10 11 -13 -14 -15 -16 16 21 19 -20 20 -22 -23 -24
leaf_value=-0.012574900598927692 -0.0036350531573572571 -0.011896832730792123 -0.013056224707928995 0.0068686143164208629 0.015717131366563927 0.005182744681069819 -0.01208006310427874 0.0017963969748043113 -0.01144992893924558 -0.0020414039341570501 0.009147931380268844 0.015295798267034626 -0.012722420064084548 -0.012820313236260067 -0.011462831478898018 -0.012080014948085555 -0.01155455548094024 -0.011533569338740163 -0.011818610537422352 -0.01185145607647967 -0.01163409968717743 -0.011789812618970831 -0.0116520350398802
leaf_weight=6.272393584251402 8.1926504820585233 5.4743567854166013 3.2275307029485694 3.4986240565776825 17.512217164039612 8.0258392840623838 3.845377191901207 4.7502265274524689 5.7173528447747248 6.5272777378559033 26.534170135855682 18.298321455717087 3.4798696041107178 3.1150967776775342 6.3783055618405333 4.3426911532878858 4.4724594056606284 3.8696008697152076 3.6795231997966766 5.6421538442373311 5.5683496594429016 3.1904829442501068 3.8615240231156349
leaf_count=26 31 29 12 8 9 22 21 16 29 25 42 13 17 19 37 21 29 20 23 29 34 17 21
internal_value=-0.00019929 0.00487927 0.00651518 0.00823705 0.0102968 -0.00847264 -0.0059621 -0.00638155 -0.0104684 0.0113912 0.00991623 0.0116572 -0.0122177 -0.0124114 -0.0116666 -0.0116988 -0.0118098 -0.0116282 -0.0119601 -0.0116896 -0.0117435 -0.0116525 -0.0115314
internal_weight=165.476 102.535 93.5812 82.5586 72.0995 62.9409 10.4591 11.0226 54.9151 68.872 51.3598 44.8325 8.95423 6.96047 46.7224 40.3441 15.6852 24.659 8.02221 15.0801 11.2105 7.66294 9.57888
internal_count=550 237 191 149 101 313 48 42 291 89 80 55 46 40 260 223 90 133 44 83 63 46 50
is_linear=0
shrinkage=0.0138221


Tree=113
num_leaves=23
num_cat=0
split_feature=11 11 11 28 8 33 11 21 7 2 25 29 21 11 23 22 29 24 28 8 6 33
split_gain=9.37576 13.173 8.83843 10.906 8.98892 7.81369 4.99388 7.62102 4.84196 4.53058 3.78272 5.04347 3.03571 3.89948 2.68193 2.33916 2.27497 0.829499 0.575218 0.191936 0.0120536 0.00150728
threshold=0.0071211040472038975 -0.10073767145736982 0.050104339893790824 0.0015412795546537741 36.870605081138493 11.500000000000002 -0.038902444966727505 -0.019929759178112846 -2.3639999999999994e-05 1325.6777010000017 -0.0024458328847147283 27.344095431622552 -0.10158751161076783 -0.14462326423079278 0.86755479170484984 0.046243439494882195 29.221827564756456 -0.0026903640798794305 -0.0095487531095419503 22.322936989412025 54472.149500000007 21.500000000000004
decision_type=2 2 2 2 2 2 2 2 2 2 2 2 2 2 2 2 2 2 2 2 2 2
left_child=1 12 10 -4 16 8 18 -8 -3 -10 -2 -12 13 -1 -13 -9 -5 -17 -7 -20 -21 -22
right_child=2 5 3 4 -6 6 7 15 9 -11 11 14 -14 -15 -16 17 -18 -19 19 20 21 -23
leaf_value=0.011925983883242662 0.018278862913432635 0.012009433248647316 -0.011039600772130417 0.016446741286410931 -0.0087256456728703018 -0.0077599907261233321 0.0082806411155317058 -0.00078387989917584123 0.0041924386189599958 -0.012661518241740978 -0.0028691264912463865 0.015382207802718423 0.016613555922187644 -0.0024096691508841603 0.0036293617266538879 -0.004471812741441086 0.0052100317900604541 -0.012247780741696768 -0.0085892567740259804 -0.012458754720690931 -0.011861532900567117 -0.011594684193468275
leaf_weight=6.9645371437072763 7.3557123392820385 7.1458007395267513 12.195764660835264 7.9534143507480639 5.9221516847610465 11.919451937079428 8.5827607363462466 7.3723548650741604 8.0858236998319608 4.8900273293256751 7.029695168137553 10.32894414663315 5.3861568272113791 7.5603700578212747 5.788188010454177 3.4561786949634579 6.068995475769043 10.845312446355814 3.8729340136051205 5.9193278998136547 8.1917096972465533 7.986954614520072
leaf_count=23 20 23 23 22 23 35 35 28 27 22 34 30 16 35 24 10 22 33 6 19 29 11
internal_value=5.93664e-05 -0.00240479 0.00431479 -0.000743103 0.00555303 -0.0046956 -0.00693024 -0.00274303 0.00287259 -0.00215908 0.00964426 0.00690031 0.00775067 0.00446412 0.0111614 -0.00710836 0.0115834 -0.0103686 -0.0102739 -0.0114276 -0.0119251 -0.0117298
internal_weight=170.823 108.18 62.6429 32.1403 19.9446 88.2686 68.147 30.2566 20.1217 12.9759 30.5025 23.1468 19.9111 14.5249 16.1171 21.6738 14.0224 14.3015 37.8904 25.9709 22.098 16.1787
internal_count=550 352 198 90 67 278 206 106 72 49 108 88 74 58 54 71 44 43 100 65 59 40
is_linear=0
shrinkage=0.0138221


Tree=114
num_leaves=21
num_cat=0
split_feature=24 13 17 30 20 18 6 6 22 24 11 18 34 30 3 24 20 33 14 17
split_gain=6.18588 6.12076 7.32133 9.15376 8.73272 6.36232 7.43129 5.18212 9.7573 5.9717 7.16946 5.14811 3.93498 3.79753 2.54626 6.66887 1.45342 0.936963 1.93091 0.584873
threshold=0.0046856341330148319 57632.248500000009 1654.2065940000018 48742.405500000008 -0.32730693191210614 -1.5299999999999996e-05 52141.509000000005 51114.601000000002 0.071502639276590535 0.00063353614364867583 0.046501526532774291 -3.5239999999999995e-05 0.0034637975700690942 57652.619000000006 26.500000000000004 -0.0014266979968140332 1.0000000180025095e-35 22.500000000000004 0.0083597850995269663 4580.2364605000021
decision_type=2 2 2 2 2 2 2 2 2 2 2 2 2 2 2 2 2 2 2 2
left_child=1 2 3 4 -1 6 -5 8 -4 19 16 -8 -12 -3 17 -16 -11 18 -7 -9
right_child=-2 13 7 5 -6 14 11 9 -10 10 12 -13 -14 -15 15 -17 -18 -19 -20 -21
leaf_value=0.016810476715169918 0.013512442399367634 -0.0003969011351115423 -0.0079094399103340589 -0.0085087139128907172 -0.0034132919724543802 -0.00098885286895021508 0.00033972417680631158 0.013251308522851021 0.013790070519710016 0.007362023622818549 -0.0095012857814288608 0.019566420738468402 0.0057516607575183063 0.015523270744956869 -0.0078383986112761563 0.010120205293108709 0.018568750859534751 -0.011221522086149597 -0.0091323488859324561 0.020598893663223237
leaf_weight=7.796444401144984 6.3620482236146918 4.7686290889978391 15.110935837030413 7.2592526823282268 8.5556109994649869 7.2604387551546123 5.5094082206487665 4.3174459636211413 5.3643721640110007 4.660149037837984 7.997075140476225 5.145638465881345 5.4223585277795792 7.1616475433111191 13.961603060364725 5.509506717324256 4.206913560628891 17.581380099058151 23.790135622024536 3.9757195711135864
leaf_count=38 30 14 37 22 33 24 17 20 25 20 18 26 23 34 33 25 21 20 50 20
internal_value=0.000137885 -0.000376703 -0.00111827 -0.00325061 0.00622913 -0.00505272 0.00227676 0.00315726 -0.00222434 0.00676062 0.00303459 0.00962487 -0.00333806 0.00915985 -0.00698072 -0.00275687 0.012679 -0.00867185 -0.00722819 0.0167737
internal_weight=171.717 165.355 153.424 102.369 16.3521 86.0174 17.9143 51.055 20.4753 30.5797 22.2865 10.655 13.4194 11.9303 68.1031 19.4711 8.86706 48.632 31.0506 8.29317
internal_count=550 520 472 288 71 217 65 184 62 122 82 43 41 48 152 58 41 94 74 40
is_linear=0
shrinkage=0.0138221


Tree=115
num_leaves=19
num_cat=0
split_feature=22 5 11 21 21 9 14 18 17 14 33 11 19 20 11 25 7 11
split_gain=17.1616 17.4434 20.0673 14.0866 12.789 12.537 14.3199 6.03413 6.02402 4.27049 0.017538 0.0139311 0.0129303 0.00467298 0.00381764 0.00200238 0.00159022 0.000910618
threshold=0.03800281025738584 61.907327518544413 -0.10073767145736982 -0.05303084956559239 0.041518982579783932 31.748087992450028 0.0065796907768128189 3.7935000000000009e-05 5610.8972655000025 0.0059218144259822773 22.500000000000004 -0.11700008198544352 0.0078572465111370181 -0.73989468991624185 0.0071211040472038975 0.001715061742461814 2.1400000000000002e-05 -0.011722830832138651
decision_type=2 2 2 2 2 2 2 2 2 2 2 2 2 2 2 2 2 2
left_child=12 2 11 -4 5 -5 9 8 -6 -7 -8 13 14 -2 17 -3 -17 -1
right_child=1 15 3 4 7 6 10 -9 -10 -11 -12 -13 -14 -15 -16 16 -18 -19
leaf_value=-0.011815590256751128 -0.012049427858750723 -0.011673687807335888 0.012561034741220204 0.013505753668076678 -0.0044232137145166417 -0.0033715680984400319 -0.012059316094894605 0.017205401674587575 0.011093166645795996 0.011124264640140666 -0.012877421209077224 -0.012710188177762684 -0.012499829724357472 -0.011464580288660419 -0.011502965264211212 -0.01181486149679755 -0.012187759542682608 -0.012124404254156835
leaf_weight=4.5639020204544076 5.3082125857472411 7.7150241658091572 34.511235766112804 7.8176613897085181 8.4447140321135574 7.0208340883254996 17.165667995810512 10.900172233581541 11.016332313418387 8.6869521737098676 7.0673934519290915 4.1297257989644995 5.5062915459275237 5.1350920498371115 7.7410553023219109 4.9902985543012601 3.886477418243885 3.0390565246343622
leaf_count=27 27 38 38 9 33 28 96 5 15 16 36 18 28 29 39 29 21 18
internal_value=-0.000206096 0.00149317 0.00323183 0.0052066 0.0019576 -0.0025015 -0.00563461 0.00897181 0.00436016 0.00464513 -0.0122979 -0.0120306 -0.0119252 -0.0117619 -0.011719 -0.0118366 -0.0119781 -0.011939
internal_weight=164.646 143.796 127.204 112.631 78.1197 47.7585 39.9408 30.3612 19.461 15.7078 24.2331 14.573 20.8503 10.4433 15.344 16.5918 8.87678 7.60296
internal_count=550 438 350 276 238 185 176 53 48 44 132 74 112 56 84 88 50 45
is_linear=0
shrinkage=0.0138221


Tree=116
num_leaves=23
num_cat=0
split_feature=0 6 21 33 1 10 9 15 11 8 31 20 2 21 14 22 6 10 2 10 6 4
split_gain=15.7429 10.8965 6.97299 8.46227 6.81232 3.97666 4.68669 4.26269 3.05196 3.0179 3.38123 2.8948 2.57038 2.30084 3.63175 6.21556 1.3739 0.909709 0.730903 0.689617 0.0041675 0.00182984
threshold=-0.56174490092936669 52063.580000000009 -0.13019921947578875 33.000000000000007 57.530779684787554 0.013784727771495101 52.135744604872215 -7368.0950379999995 -0.096614940689725468 39.50089791478738 -1.0000000180025095e-35 -1.315075116993049 4515.8313365000022 -0.023402415291980058 0.0058406429773968944 0.058866740774584994 50403.717500000006 0.016186572820780998 4066.5742200000018 0.011171080815059279 53925.28100000001 0.0034678435486052987
decision_type=2 2 2 2 2 2 2 2 2 2 2 2 2 2 2 2 2 2 2 2 2 2
left_child=4 5 -3 9 8 16 7 -7 -1 13 -11 -10 -8 14 -4 -16 -2 -9 -5 -13 -21 -15
right_child=1 2 3 18 -6 6 12 17 11 10 -12 19 -14 21 15 -17 -18 -19 -20 20 -22 -23
leaf_value=0.0011913364697453686 0.015556952343016786 0.013984663805151175 -0.012002545736950743 0.01131771739152157 0.00464354971906711 -0.002468339877730773 -0.007651690322002502 0.0089198659789963587 -0.001982765573593654 0.0075949509001280368 -0.009230005475118444 -0.0071912849891155014 0.0062744184843869632 -0.012147673986104645 0.0079489999269687899 -0.012455196592882663 0.0085716493061146551 0.016225033661137211 0.0043554438498581254 -0.011911201466688646 -0.011566986155229941 -0.01249620047736121
leaf_weight=6.5737407058477393 11.874447107315065 5.4830222874879828 7.6524888426065472 6.1402813196182233 10.456653133034704 4.6368029862642315 6.9412094950675947 5.9137520790100115 9.1835896223783475 6.166869193315506 3.6224789321422559 8.2448863387107831 3.9863589853048325 6.3274631574749964 7.4773678332567197 4.6112566590309143 9.8347799926996213 7.2489172518253326 5.4267873615026474 14.887532100081446 12.248827666044233 5.2792350351810455
leaf_count=22 33 17 24 19 34 23 28 20 23 24 21 23 16 23 31 21 33 20 21 36 14 24
internal_value=6.02501e-05 0.00322563 -0.000850193 -0.00239352 -0.00552191 0.00792781 0.00455385 0.00892828 -0.00760051 -0.00533043 0.00136899 -0.00889739 -0.00257147 -0.00742253 -0.00455121 0.000165733 0.0123924 0.012943 0.00805131 -0.0106922 -0.0117558 -0.0123062
internal_weight=170.219 108.624 58.1873 52.7042 61.5952 50.4363 28.727 17.7995 51.1386 41.1372 9.78935 44.5648 10.9276 31.3478 19.7411 12.0886 21.7092 13.1627 11.5671 35.3812 27.1364 11.6067
internal_count=550 398 225 208 152 173 107 63 118 168 45 96 44 123 76 52 66 40 40 73 50 47
is_linear=0
shrinkage=0.0138221


Tree=117
num_leaves=18
num_cat=0
split_feature=24 8 21 24 22 19 0 16 22 6 4 17 3 14 21 8 6
split_gain=6.0278 5.83731 7.20418 5.85552 5.1677 6.29533 6.59918 8.04396 4.05588 4.05283 3.95883 3.9131 3.87682 3.52113 2.25665 2.0872 1.68752
threshold=0.0046856341330148319 40.415104731646956 0.039864490787945968 -0.00041727395999503471 0.025310577875210877 0.0077173032399235671 -0.56174490092936669 0.69469782596745133 0.083376163367794423 52580.951000000008 -0.00042607656618193207 1938.8680505000009 16.500000000000004 0.0098734522877045993 0.047264195007280969 25.9711011105769 53241.535500000005
decision_type=2 2 2 2 2 2 2 2 2 2 2 2 2 2 2 2 2
left_child=1 4 3 -3 10 11 12 15 9 -9 -1 16 -7 -14 -13 -8 -6
right_child=-2 2 -4 -5 5 6 7 8 -10 -11 -12 14 13 -15 -16 -17 -18
leaf_value=0.017339610509496634 0.013354282536713719 0.0091587977899246689 0.019276532086447275 -0.0088461597305326198 -0.011828760940887903 -0.00740996006272203 0.005832010279995796 -0.00065264699836623517 -0.0069658649264462734 0.011074682188833423 -0.00060588834466207715 0.0080723332934518922 -0.0036635307038773183 0.0092064881315876909 -0.0044389214982380708 0.017350873915678185 -0.0054900606545874447
leaf_weight=4.8100782930850983 6.3534085452556601 7.7985170781612405 6.0188667774200431 6.1900032013654718 16.869560539722443 25.203718096017838 4.8650412708520872 17.306358203291897 10.706654816865919 8.3446771502494794 4.589421480894087 4.6078474968671781 11.063311591744425 6.4171400666236869 6.847127765417099 7.862176924943924 15.30329456925392
leaf_count=24 30 34 30 21 37 38 21 63 28 38 18 20 27 24 26 39 32
internal_value=0.000143243 -0.000366061 0.00663206 0.0011915 -0.00133303 -0.00202104 3.39679e-05 0.00349043 0.000179841 0.00316243 0.0085775 -0.00634365 -0.00394081 0.0010611 0.000593822 0.0129477 -0.0088137
internal_weight=171.157 164.804 20.0074 13.9885 144.796 135.397 91.7691 49.0849 36.3577 25.651 9.3995 43.6278 42.6842 17.4805 11.455 12.7272 32.1729
internal_count=550 520 85 55 435 393 278 189 129 101 42 115 89 51 46 60 69
is_linear=0
shrinkage=0.0138221


Tree=118
num_leaves=22
num_cat=0
split_feature=0 1 10 19 34 7 17 31 8 11 11 14 6 10 3 7 10 7 8 25 8
split_gain=35.02 14.4142 10.4629 10.8893 10.1213 8.72914 2.90358 2.73301 2.30267 0.978131 0.00724609 0.00405031 0.00214844 0.00196415 0.00186259 0.00150494 0.00124625 0.00083092 0.00061333 0.000478493 0.000391425
threshold=-0.22252093395631442 57.803546668156208 0.01086850076352105 0.011239304451532647 -0.0006304720039583821 7.7295000000000011e-05 -9388.3873609999973 1352.0642249999994 23.023273414488937 -0.036812410310702919 0.053820048392985383 0.013765879662911063 50403.717500000006 0.016953111719739483 27.500000000000004 -1.5299999999999996e-05 0.013679031094666895 3.9530000000000009e-05 35.547137329843011 0.0017572317396870169 31.330781013135347
decision_type=2 2 2 2 2 2 2 2 2 2 2 2 2 2 2 2 2 2 2 2 2
left_child=1 2 7 6 11 8 -4 -1 -2 -8 -3 -5 16 14 15 -14 -10 -17 20 -18 -16
right_child=5 10 3 4 -6 -7 9 -9 12 -11 -12 -13 13 -15 18 17 19 -19 -20 -21 -22
leaf_value=-0.012498230122747247 -0.0036235537970482241 -0.0117968459530064 0.0055594664001576092 -0.012100353114078061 0.0072643628390448543 0.0050689855613993452 0.015282666067095985 0.0014248421163182885 -0.011283899832941174 0.011146803828539135 -0.012602806674257389 -0.01271198489448531 -0.012047077693764396 -0.011389643816821574 -0.011551801116209437 -0.011642744160977169 -0.011487446368217812 -0.011897458628384898 -0.011405005283644172 -0.01169631738658527 -0.011736890256085073
leaf_weight=6.0836499333381635 8.1495806276798231 5.1826082542538625 14.276145562529562 4.4011996537446993 12.60996527969837 8.0082931965589506 17.361041858792298 4.8335881233215332 5.0500723719596854 29.46868787705899 3.6197236850857735 3.9027657508850098 3.8053757548332188 4.3369880318641654 4.8570015355944616 7.3007605895400118 6.9347371160984022 3.6802341043949127 2.958356797695159 3.0027142614126205 3.9648805186152458
leaf_count=29 31 26 34 26 22 22 9 13 22 36 20 22 22 28 23 45 39 19 22 17 23
internal_value=-0.000214365 0.00477694 0.00637808 0.0080701 -0.000538617 -0.00839842 0.0110165 -0.00633381 -0.0103942 0.0126801 -0.0121283 -0.0123878 -0.0115965 -0.0116624 -0.0117069 -0.0118102 -0.0114607 -0.0117281 -0.0115772 -0.0115506 -0.011635
internal_weight=163.788 101.739 92.937 82.0198 20.9139 62.049 61.1059 10.9172 54.0407 46.8297 8.80233 8.30397 45.8911 30.9036 26.5666 14.7864 14.9875 10.981 11.7802 9.93745 8.82188
internal_count=550 237 191 149 70 313 79 42 291 45 46 48 260 182 154 86 78 64 68 56 46
is_linear=0
shrinkage=0.0138221


Tree=119
num_leaves=22
num_cat=0
split_feature=11 11 11 28 8 33 11 21 7 27 13 21 11 22 29 15 24 11 28 8 34
split_gain=8.95882 12.6076 8.4473 10.5168 8.62661 7.46451 4.89401 7.37345 4.61537 3.57639 3.32101 2.91364 3.74428 2.30111 2.23023 1.74672 0.82838 0.64127 0.572017 0.192389 0.0110477
threshold=0.0071211040472038975 -0.10073767145736982 0.050104339893790824 0.0015412795546537741 36.870605081138493 11.500000000000002 -0.038902444966727505 -0.019929759178112846 -2.3639999999999994e-05 0.6078576107927941 52715.061500000003 -0.10158751161076783 -0.14462326423079278 0.046243439494882195 29.221827564756456 1959.1129850000018 -0.0026903640798794305 0.025982983559804222 -0.0095487531095419503 22.322936989412025 -0.0025122997875449134
decision_type=2 2 2 2 2 2 2 2 2 2 2 2 2 2 2 2 2 2 2 2 2
left_child=1 11 9 -4 14 8 18 -8 -3 10 17 12 -1 -9 -5 -10 -15 -2 -7 -20 -21
right_child=2 5 3 4 -6 6 7 13 15 -11 -12 -13 -14 16 -16 -17 -18 -19 19 20 -22
leaf_value=0.011635511082748001 0.011788745392742538 0.011696662028843665 -0.010951257262736533 0.016146929141212202 -0.0086270066426493326 -0.0076546035667129876 0.0081495307826621836 -0.00072444269260640848 0.002212421075175313 0.00085008726869111495 0.0032873435361005466 0.016239846064452924 -0.0024154445880792568 -0.0043606479735826559 0.005013377043629366 -0.0080804289742084992 -0.012168808716321757 0.017264418536238987 -0.0084729227266588814 -0.012372668378105788 -0.01165742382864666
leaf_weight=6.9810793548822412 6.6542646288871863 7.1424746215343502 12.015555992722513 7.9407147020101565 5.8762828409671775 11.787953421473501 8.5860960483551043 7.3275337815284756 7.4260298460721952 7.1057932376861563 6.1036211103200904 5.3945777267217627 7.5332039892673501 3.429041430354121 6.0612222403287888 5.4703298509120941 10.683638758957381 10.587752953171728 3.8113608956337002 5.5434802472591427 16.133448198437691
leaf_count=23 21 23 23 22 23 35 35 28 26 31 27 16 35 10 22 23 33 29 6 27 32
internal_value=6.24632e-05 -0.00235966 0.00422915 -0.000742302 0.00542859 -0.00462224 -0.00682713 -0.00267418 0.0027831 0.00943608 0.0120494 0.00756645 0.00434278 -0.00700872 0.0113274 -0.00215356 -0.0102716 0.0151512 -0.0101724 -0.0113368 -0.0118403
internal_weight=169.595 107.25 62.3452 31.8938 19.8782 87.3414 67.3026 30.0263 20.0388 30.4514 23.3456 19.9089 14.5143 21.4402 14.0019 12.8964 14.1127 17.242 37.2762 25.4883 21.6769
internal_count=550 352 198 90 67 278 206 106 72 108 77 74 58 71 44 49 43 50 100 65 59
is_linear=0
shrinkage=0.0138221


Tree=120
num_leaves=23
num_cat=0
split_feature=17 13 30 15 18 10 12 16 16 21 22 3 25 8 10 5 16 18 14 23 10 16
split_gain=5.85439 9.81542 9.52508 7.58009 6.67234 5.7222 5.39754 5.23944 4.88903 5.16275 4.03855 2.93312 5.81247 2.83496 2.52562 1.45489 1.15302 0.940274 0.915787 0.922678 0.727358 0.499876
threshold=1654.2065940000018 56929.463500000005 48742.405500000008 -3022.4061564999984 8.7800000000000023e-06 0.019479663568663205 0.026963506488525638 0.57141853175287738 0.99323106951241336 -0.0096317038392566539 0.051124298397672817 25.500000000000004 -0.0024458328847147283 26.782374674211493 0.012883763468613725 47.37037698816075 0.80098969725633185 5.5270000000000011e-05 0.0093908757084131492 0.53776880765133928 0.016062414666097685 1.3303960884059893
decision_type=2 2 2 2 2 2 2 2 2 2 2 2 2 2 2 2 2 2 2 2 2 2
left_child=1 2 3 20 6 21 13 10 9 15 -4 16 -13 -2 -8 -6 -9 -10 -18 -20 -1 -3
right_child=4 5 7 -5 8 -7 14 11 17 -11 -12 12 -14 -15 -16 -17 18 -19 19 -21 -22 -23
leaf_value=0.019336502736089761 -0.0084584893727187617 0.018991365944445105 -0.0035369292478811339 -0.0033560919350148159 0.0062811540417845426 -0.0016678459158360065 0.0013314840462190943 -0.0051401976462518853 0.019693308963694482 -0.0034788809169725731 0.012169104978830808 -0.0096802349774185066 0.0054124290529041982 0.0025834980189770071 0.015329752535938457 0.017511554101924995 -0.011874161300548011 0.011063508766458657 -0.004758921408253511 -0.01147179702577081 0.011257623624834489 0.012350204995569047
leaf_weight=4.367133632302286 13.620929509401327 4.7797555625438672 7.6376573145389539 7.9672149568796149 4.6472963690757769 5.8637671023607245 5.5239585787057859 14.120056390762327 6.1387677192687971 8.5036658644676226 5.297148734331131 9.7716522663831729 9.7286501079797727 6.5921677500009528 4.4430988729000092 4.1917175650596619 19.024383008480072 3.9734581261873245 9.8893286585807818 6.4719077199697486 4.1545664370059967 3.958719402551651
leaf_count=22 27 24 21 31 20 18 22 29 31 23 25 22 37 27 21 21 32 18 28 14 19 18
internal_value=0.000147872 -0.00168016 -0.00324899 0.00633619 0.00373295 0.00889488 -0.000752646 -0.00517781 0.00866379 0.00420988 0.00289511 -0.00669104 -0.00215054 -0.00485733 0.00757161 0.0116069 -0.00847954 0.0163023 -0.00981205 -0.00741429 0.0153978 0.0159828
internal_weight=170.667 113.032 98.4297 16.4889 57.6351 14.6022 30.1802 81.9408 27.4549 17.3427 12.9348 69.006 19.5003 20.2131 9.96706 8.83901 49.5057 10.1122 35.3856 16.3612 8.5217 8.73847
internal_count=550 340 280 72 210 60 97 208 113 64 46 162 59 54 43 41 103 49 74 42 41 42
is_linear=0
shrinkage=0.0138221


Tree=121
num_leaves=23
num_cat=0
split_feature=5 28 10 24 14 30 9 11 14 30 13 20 21 25 13 20 10 6 10 26 12 6
split_gain=15.1349 16.5162 15.7759 13.8482 12.7378 19.7332 5.80695 4.04893 4.04606 3.41888 0.0211522 0.0147662 0.0182853 0.00824471 0.00400313 0.00399578 0.00316258 0.00192076 0.00220451 0.00165536 0.001303 0.000989801
threshold=57.396664009951266 -0.0026437280146701099 0.010075080941732812 -0.005023477427509907 0.0068676401203753212 54551.039000000012 71.309147866252744 0.050104339893790824 0.014676226392113972 51462.87000000001 51277.468000000008 -1.2936995579758104 -0.03694291747865202 0.0017711029598205974 53712.113000000005 0.041290612294569588 0.0091936209335214836 50403.717500000006 0.012339240765120321 0.54653547743362252 0.031825179349182393 54830.066000000006
decision_type=2 2 2 2 2 2 2 2 2 2 2 2 2 2 2 2 2 2 2 2 2 2
left_child=1 3 16 9 -4 10 13 8 11 -1 19 12 -5 17 20 21 -3 -2 -19 -6 -15 -13
right_child=6 2 4 7 5 -7 -8 -9 -10 -11 -12 15 -14 14 -16 -17 -18 18 -20 -21 -22 -23
leaf_value=-0.0017664742207230699 -0.01132552653977531 -0.011743087625686103 0.013238489889604818 -0.013009312192080532 -0.011681870147748264 0.010157746892579223 0.0062988446121135262 0.0046422295797692251 0.0022898048535268324 0.010812752478743635 -0.013022031364345014 -0.011593503108226271 -0.011947118547409638 -0.011749198570575608 -0.012485290387012807 -0.012144798008369454 -0.012280495126926815 -0.011462957001587677 -0.011895230243271063 -0.012105236641912704 -0.012096010180839497 -0.011859675197633904
leaf_weight=6.6082989796996143 4.1990822553634706 3.8002602979540807 38.841632694005966 5.6615509316325188 4.5766263604164141 19.164819300174713 3.9202459156513205 3.8791970238089553 4.2903750687837592 10.997376188635824 4.7959939017891884 8.6844306290149742 6.8336291834712011 4.3598479554057104 3.2626048624515525 4.7852666005492202 4.6544732972979546 4.4197490215301496 4.5996832549571991 2.8715270310640335 3.9401817172765732 3.8535289764404288
leaf_count=25 21 22 39 30 22 29 12 11 13 18 24 46 39 25 18 26 26 24 23 18 21 18
internal_value=-0.000221926 0.00172516 0.005799 -0.00404228 0.00794582 0.00140067 -0.00933269 -0.00873865 -0.0102605 0.00609113 -0.0123061 -0.0120662 -0.0124284 -0.0118055 -0.0120751 -0.011805 -0.0120389 -0.0115697 -0.0116834 -0.0118451 -0.0119138 -0.0116753
internal_weight=163 134.299 78.7053 55.5937 70.2506 31.409 28.7014 37.988 34.1088 17.6057 12.2441 29.8184 12.4952 24.7811 11.5626 17.3232 8.45473 13.2185 9.01943 7.44815 8.30003 12.538
internal_count=550 406 180 226 132 93 144 183 172 43 64 159 69 132 64 90 48 68 47 40 46 64
is_linear=0
shrinkage=0.0138221


Tree=122
num_leaves=21
num_cat=0
split_feature=11 11 11 28 8 21 19 21 7 27 4 27 13 21 11 20 28 11 24 20
split_gain=8.73822 12.3705 8.24 10.2797 8.41412 7.37241 6.65082 7.1359 6.2998 4.93006 4.20123 3.47495 3.23607 2.82765 3.6554 1.69847 0.954451 0.621992 0.397301 0.00157589
threshold=0.0071211040472038975 -0.10073767145736982 0.050104339893790824 0.0015412795546537741 36.870605081138493 -0.051253167045425922 0.0080884594605597753 -0.024662289905025222 7.2700000000000007e-06 -1.0000000180025095e-35 0.0018584838963641161 0.6078576107927941 52715.061500000003 -0.10158751161076783 -0.14462326423079278 0.86436539008767943 -0.0075395874819753064 0.025982983559804222 -0.0027790254467107613 -0.73989468991624185
decision_type=2 2 2 2 2 2 2 2 2 2 2 2 2 2 2 2 2 2 2 2
left_child=1 13 11 -4 15 16 7 -7 -9 18 -11 12 17 14 -1 -5 -3 -2 -8 -18
right_child=2 5 3 4 -6 6 9 8 -10 10 -12 -13 -14 -15 -16 -17 19 -19 -20 -21
leaf_value=0.01151477421825145 0.011651402125518764 -0.0063188702998624542 -0.010894053838207348 0.015073737262160929 -0.0085656777277070672 0.01500457218480027 -0.0075387201303518904 0.010075549526220555 -0.0083181968012865839 0.0046960019807638408 -0.010321511802973946 0.00085815373266198746 0.0032526845903250246 0.016033905872556254 -0.0023714976520418153 0.0052279157594587377 -0.011547421792211302 0.017047947420267759 -0.012046876074985603 -0.011787270320759193
leaf_weight=6.987474501132966 6.6418202668428519 9.0259630531072634 11.907262921333315 8.4471625983715075 5.8521875441074362 7.6585614979267147 5.4204276800155666 5.7174585759639731 9.4162796884775144 11.175317496061327 5.2221207916736594 7.0998479574918738 6.1019023507833472 5.400243714451789 7.5188097357749948 5.5444849133491507 9.2796603590250033 10.580608591437338 12.010273605585096 12.003296554088591
leaf_count=23 21 26 23 24 23 25 24 20 38 38 32 31 27 16 35 20 12 29 35 28
internal_value=6.47122e-05 -0.0023329 0.00418453 -0.000741074 0.00535121 -0.00458364 -0.00163857 0.00413269 -0.00136912 -0.00552706 -8.66518e-05 0.00932497 0.0119022 0.0074958 0.00431733 0.0111721 -0.0100854 0.0149668 -0.010645 -0.0116827
internal_weight=169.011 106.836 62.1753 31.7511 19.8438 86.9294 56.6204 22.7923 15.1337 33.8281 16.3974 30.4242 23.3243 19.9065 14.5063 13.9916 30.3089 17.2224 17.4307 21.283
internal_count=550 352 198 90 67 278 212 83 58 129 70 108 77 74 58 44 66 50 59 40
is_linear=0
shrinkage=0.0138221


Tree=123
num_leaves=22
num_cat=0
split_feature=8 22 22 29 8 32 11 33 22 11 14 26 11 33 22 4 34 10 23 32 8
split_gain=5.77468 5.69686 6.10881 10.0108 11.1024 6.65377 5.31886 7.13982 5.07426 5.02718 4.97773 4.87112 3.86515 3.84098 2.17338 2.15686 1.78542 4.01179 0.568033 1.39628 0.387379
threshold=40.415104731646956 0.024564291100657314 0.055933732516623563 11.12499031910713 34.098658722092615 27.105179882910928 0.062998223159166714 11.500000000000002 0.081638988162635429 0.044443234710166653 0.012292954757788013 0.62315917935800258 0.051918961895425005 22.500000000000004 0.046450499726358375 -0.00053015138737005907 0.0063760414389131279 0.015584479706635937 0.36225420616688053 17.994689197045606 25.211200156906269
decision_type=2 2 2 2 2 2 2 2 2 2 2 2 2 2 2 2 2 2 2 2 2
left_child=1 15 5 -4 6 12 7 11 -6 10 13 -5 16 -2 -7 -1 18 -18 -3 -20 -9
right_child=9 2 3 4 8 14 -8 20 -10 -11 -12 -13 -14 -15 -16 -17 17 -19 19 -21 -22
leaf_value=0.016809639427739866 -0.0078197055745718568 -0.011544242562452275 -0.0084791619214133057 -0.0025033616460093245 0.0036318503102949081 0.011702983261565717 -0.0048107150576217547 0.019355217006669333 -0.010872703311826196 0.019196123906660974 0.015238578757893037 0.015846328986179815 0.0020514920953350886 0.0074304454903252196 -0.00062136964275999983 0.0030815050580008684 0.0027657047411882595 -0.010418443622659529 -0.01158799598157818 -0.0041739322303841891 0.01510758652650751
leaf_weight=4.3942254781723022 7.2980349659919792 14.369105860590933 14.995777919888495 8.5343072414398211 8.488844960927965 5.5197271853685361 4.55444511771202 8.3406981229782122 10.079503551125525 4.8157908469438544 4.8244519829750052 4.0877353549003592 9.3732327818870527 5.5586051195859909 5.4162163883447647 4.3519495129585248 8.5455725491046923 9.1102641075849515 9.8065542578697222 9.6074495911598188 8.0716167241334897
leaf_count=22 25 25 21 33 35 25 8 42 15 24 23 20 35 24 21 18 36 16 21 22 39
internal_value=0.000152815 -0.000841169 -0.00152247 0.00147375 0.00433533 -0.00432679 0.00907682 0.0112553 -0.00424169 0.00667634 0.00326633 0.00343931 -0.00611178 -0.00122626 0.00559913 0.00997875 -0.0075993 -0.00403721 -0.00946093 -0.00791898 0.0172662
internal_weight=170.144 147.647 138.901 67.1529 52.1572 71.7481 33.5888 29.0344 18.5683 22.4969 17.6811 12.622 60.8122 12.8566 10.9359 8.74617 51.4389 17.6558 33.7831 19.414 16.4123
internal_count=550 454 414 213 192 201 142 134 50 96 72 53 155 49 46 40 120 52 68 43 81
is_linear=0
shrinkage=0.0138221


Tree=124
num_leaves=23
num_cat=0
split_feature=0 8 10 30 11 7 19 14 8 8 6 6 6 32 10 3 10 11 19 8 17 8
split_gain=33.6926 13.884 10.91 9.97048 14.3325 8.47964 2.61677 2.45339 5.20196 2.26221 1.38206 0.0130998 0.0021617 0.00181489 0.0017701 0.00246767 0.000976002 0.000954592 0.000888932 0.000550026 0.000393708 0.000379053
threshold=-0.22252093395631442 37.525694922580065 0.01086850076352105 49225.847500000011 0.0029116198427554534 7.7295000000000011e-05 0.0055715394937534664 0.0094530372727478131 22.416859188280636 23.023273414488937 51897.909000000007 46865.369500000008 51114.601000000002 15.899650750402552 0.016953111719739483 27.500000000000004 0.013856197295830914 0.020913592877322643 0.0077173032399235671 35.547137329843011 548.01169200000106 31.330781013135347
decision_type=2 2 2 2 2 2 2 2 2 2 2 2 2 2 2 2 2 2 2 2 2 2
left_child=1 2 6 4 11 9 -1 10 -9 -2 -5 -4 16 -3 15 17 -11 18 -14 21 -18 -17
right_child=5 13 3 7 -6 -7 -8 8 -10 12 -12 -13 14 -15 -16 19 20 -19 -20 -21 -22 -23
leaf_value=0.0012393934612645091 -0.0035924689481932454 -0.011680690421198249 -0.011905484201746022 0.01572057311123972 0.01324925230639642 0.0049436421051658411 -0.012226627589742346 0.014943225937943614 0.0012701605265027999 -0.011284896657309119 0.010542154307706933 -0.012922513713309094 -0.011868528130579401 -0.012077186586127534 -0.011345446134111439 -0.011468958498660099 -0.011432603969027377 -0.012002150758347796 -0.011599412052215921 -0.011337370422601469 -0.011614728308029095 -0.011657621226982407
leaf_weight=4.8090799152851087 8.0944247394800168 4.2957077100872976 4.9230370968580264 15.841880217194555 7.2957581132650366 7.999237284064292 6.4611054435372353 8.9326342493295687 13.129899591207502 7.2406245097517994 26.017848938703537 4.7582302987575531 4.1714481338858658 4.532973125576973 4.277673438191413 4.2656151652336103 6.570560544729231 2.9401860237121573 5.3556707352399826 2.9019567146897307 3.4628625065088272 3.8900646716356277
leaf_count=16 31 23 29 9 7 22 28 6 38 33 31 26 22 24 28 21 37 16 38 22 20 23
internal_value=-0.000228865 0.00467426 0.00626036 0.00803531 -0.00138046 -0.0083244 -0.00648057 0.010536 0.00680608 -0.0103205 0.0125019 -0.0124053 -0.0115286 -0.0118843 -0.0116041 -0.0116511 -0.0114072 -0.0117844 -0.0117172 -0.0115008 -0.0114955 -0.0115589
internal_weight=162.168 100.998 92.1695 80.8993 16.977 61.1703 11.2702 63.9223 22.0625 53.1711 41.8597 9.68127 45.0767 8.82868 27.8026 23.5249 17.274 12.4673 9.52712 11.0576 10.0334 8.15568
internal_count=550 237 190 146 62 313 44 84 44 291 40 55 260 47 170 142 90 76 60 66 57 44
is_linear=0
shrinkage=0.0138221


Tree=125
num_leaves=23
num_cat=0
split_feature=0 6 12 21 33 10 9 15 8 13 11 19 2 8 6 10 13 30 2 5 17 28
split_gain=14.8925 10.184 6.89656 6.67978 7.92929 3.73936 4.45159 3.99384 2.88279 3.44506 2.75907 2.62201 2.48139 2.42783 1.33231 0.871736 0.790475 1.92913 0.707473 0.486152 0.0176301 0.00381756
threshold=-0.56174490092936669 52063.580000000009 0.026963506488525638 -0.13019921947578875 33.000000000000007 0.013784727771495101 52.135744604872215 -7368.0950379999995 39.50089791478738 55157.200000000004 -0.096614940689725468 0.0084363174226296852 4515.8313365000022 43.96051448051842 50403.717500000006 0.016186572820780998 53712.113000000005 52838.851500000012 4066.5742200000018 37.42768638909255 -2403.9642189999981 -0.0013121612811579084
decision_type=2 2 2 2 2 2 2 2 2 2 2 2 2 2 2 2 2 2 2 2 2 2
left_child=2 5 10 -3 8 14 7 -7 9 16 -1 -12 -8 -10 -2 -9 17 -5 -6 -13 -18 -21
right_child=1 3 -4 4 18 6 12 15 13 -11 11 19 -14 -15 -16 -17 20 -19 -20 21 -22 -23
leaf_value=0.0010141180052130488 0.01517716050072722 0.013695386154755093 0.0058657198256754752 -0.012231551686683089 0.010984160606485561 -0.0023996603308048068 -0.007574602077588745 0.0086341851599785122 0.0070420870466499147 0.00077542394179582733 -0.0037756160847544087 -0.0073128554447310619 0.0061325058561428293 -0.0070020587366992097 0.0082763820562695937 0.0157907958418129 -0.011680389302490967 0.00013477824716369289 0.0041275025832286354 -0.011991973605210685 -0.012691731610665988 -0.011618688042187207
leaf_weight=6.5879828184843054 11.78625424206257 5.4834675192832938 8.842866972088812 5.6604850888252312 6.1249969005584699 4.5947351604700115 6.8750406950712186 5.9104492515325564 5.7865403890609723 7.6202309876680365 14.73956114053726 5.893156677484515 3.9861798882484436 3.9617591202259064 9.7808091640472394 7.2289523184299469 7.4699433296918851 4.19706891477108 5.4182104766368866 7.5665872395038631 5.8895335718989372 16.980948209762573
leaf_count=22 33 17 34 18 19 23 28 20 24 39 35 9 16 21 33 20 16 22 21 23 28 29
internal_value=6.60038e-05 0.00314865 -0.00541535 -0.000816033 -0.0023425 0.00770214 0.00442473 0.00869267 -0.00521745 -0.00728865 -0.00734235 -0.00856085 -0.00254395 0.00133447 0.0120476 0.0125716 -0.00993542 -0.00696632 0.00776575 -0.0108779 -0.0121262 -0.0117338
internal_weight=168.386 107.775 60.6111 57.6122 52.1288 50.1624 28.5954 17.7341 40.5856 30.8373 51.7682 45.1803 10.8612 9.7483 21.5671 13.1394 23.217 9.85755 11.5432 30.4407 13.3595 24.5475
internal_count=550 398 152 225 208 173 107 63 168 123 118 96 44 45 66 40 84 40 40 61 44 52
is_linear=0
shrinkage=0.0138221


Tree=126
num_leaves=20
num_cat=0
split_feature=24 13 17 18 18 18 22 31 29 13 23 0 6 10 24 1 25 24 3
split_gain=5.68281 5.74095 6.78421 8.51968 6.56632 5.20516 6.30558 5.15044 5.67141 3.91128 3.52564 3.50259 5.55743 3.05897 2.66284 2.22065 0.788962 0.73019 0.225028
threshold=0.0046856341330148319 57632.248500000009 1134.6367450000018 -1.5299999999999996e-05 -2.7314999999999995e-05 8.7800000000000023e-06 0.050153335857780798 489.48764399999897 27.739209542535121 48950.501000000011 0.14334627758477472 -0.22252093395631442 53219.196000000004 0.012883763468613725 -0.0017374795255135982 48.030717407074896 -0.001756395924304643 0.001715061742461814 13.500000000000002
decision_type=2 2 2 2 2 2 2 2 2 2 2 2 2 2 2 2 2 2 2
left_child=1 2 3 4 10 6 -4 8 -7 -5 -1 16 -13 -8 -3 -12 -11 -9 -18
right_child=-2 14 5 9 -6 7 13 17 -10 11 15 12 -14 -15 -16 -17 18 -19 -20
leaf_value=-0.0067232708308761291 0.013016507216285351 0.015223509418290508 -0.0078576622598697486 0.0024475694088818209 0.017061578593629934 0.0092271025884310982 0.0005848598431346338 0.010415448731226754 -0.0082963409400888689 -0.0065111659778430923 0.013091782266448823 -0.008388388402442248 0.0058881554517677768 0.013612064694789377 0.0021377137989271921 -0.0005765128389412272 -0.011832797969748787 0.017674296755058203 -0.0093409357256080613
leaf_weight=8.1794920265674644 6.3220958709716788 6.1533488780260086 14.008855164051058 10.043729916214941 5.6213416755199423 8.5893640071153659 10.29129947721958 4.5863804370164853 5.9888922274112693 14.393124580383295 4.2404062598943693 12.135187461972238 9.1274190247058851 5.1755219101905814 5.7445032298564893 4.8893957138061523 12.915742903947836 6.2631042152643204 14.923989757895468
leaf_count=21 30 29 38 37 28 38 37 21 12 33 20 33 39 24 19 20 16 31 24
internal_value=0.000158421 -0.000339463 -0.00106611 -0.00327362 0.00408239 0.00281268 -0.00114021 0.00739485 0.0020283 -0.00556734 -0.000132719 -0.00683514 -0.00225988 0.00494404 0.00890545 0.00577183 -0.00913861 0.0146058 -0.010497
internal_weight=169.593 163.271 151.373 96.4698 22.9306 54.9034 29.4757 25.4277 14.5783 73.5392 17.3093 63.4955 21.2626 15.4668 11.8979 9.1298 42.2329 10.8495 27.8397
internal_count=550 520 472 271 89 201 99 102 50 182 61 145 72 61 48 40 73 52 40
is_linear=0
shrinkage=0.0138221


Tree=127
num_leaves=22
num_cat=0
split_feature=0 1 28 28 7 19 19 7 31 8 30 32 6 21 3 7 7 25 29 8 8
split_gain=32.928 13.6128 9.303 10.5742 15.3136 10.5258 12.5562 8.32904 3.23884 2.24875 0.0157277 0.00743396 0.00220723 0.00161491 0.00194713 0.00152617 0.000778556 0.00064457 0.000774486 0.00046644 0.00039123
threshold=-0.22252093395631442 57.803546668156208 -0.0026437280146701099 0.00068392352536261758 6.3120000000000019e-05 0.0091668355917911056 0.010366194509342624 7.7295000000000011e-05 -202.93497300000226 23.023273414488937 52859.0645 12.273593982260669 50403.717500000006 -0.091118326205240061 27.500000000000004 -1.5299999999999996e-05 3.9530000000000009e-05 0.0011381155180012401 16.49702063446016 35.547137329843011 31.330781013135347
decision_type=2 2 2 2 2 2 2 2 2 2 2 2 2 2 2 2 2 2 2 2 2
left_child=1 2 5 -4 10 -1 -7 9 -8 -2 -5 -3 17 -14 15 -15 -17 18 -11 20 -16
right_child=7 11 3 4 -6 6 8 -9 -10 12 -12 -13 13 14 19 16 -18 -19 -20 -21 -22
leaf_value=-0.013009289654240894 -0.0035628157070452977 -0.011695435488195526 0.013545349061350109 -0.011932835998626068 0.013122350233725651 0.012957878018268532 -0.012225004891344858 0.0048567850113408759 0.0033253953596246661 -0.011458127063301658 -0.01311486742641085 -0.012528262335795994 -0.011312344902929495 -0.011947295352006523 -0.011430017566992981 -0.01153884448017326 -0.011788464949540976 -0.011504752850591663 -0.01121048745494165 -0.011307794068180485 -0.011617925669641741
leaf_weight=8.3611753135919553 8.0718882232904416 5.2347950562834722 39.662026271224022 4.6059263646602648 9.2260770648717862 15.161437794566156 6.8994593620300257 8.0042465478181821 4.0674984902143496 3.6812023371458036 4.0342408269643784 3.3632751032710075 4.3552790284156755 3.7301310002803776 4.699239604175089 7.1117267310619461 3.5932814404368401 3.8328433856368056 7.0026146844029427 2.7526246905326834 3.8521121367812157
leaf_count=39 31 29 32 24 9 18 39 22 11 21 19 17 29 22 23 45 19 21 36 21 23
internal_value=-0.000239093 0.00461102 0.00616512 0.00956805 0.000738684 0.000489053 0.00480857 -0.0082803 -0.00645757 -0.0102762 -0.0124847 -0.0120212 -0.011491 -0.0115585 -0.0116001 -0.0117065 -0.0116226 -0.011351 -0.0112958 -0.0114643 -0.0115147
internal_weight=161.303 100.616 92.0178 57.5283 17.8662 34.4896 26.1284 60.6872 10.967 52.6829 8.64017 8.59807 44.6111 30.0944 25.7391 14.4351 10.705 14.5167 10.6838 11.304 8.55135
internal_count=550 237 191 84 52 107 68 313 50 291 43 46 260 182 153 86 64 78 57 67 46
is_linear=0
shrinkage=0.0138221


Tree=128
num_leaves=22
num_cat=0
split_feature=0 6 12 11 33 21 10 9 14 23 34 27 10 11 16 6 17 13 5 14 29
split_gain=14.5085 9.966 6.77025 6.4941 8.07161 4.02849 3.63604 4.32685 3.90319 2.5883 2.84559 2.54141 2.29311 2.45004 1.68339 1.31227 0.630226 0.558529 0.480203 0.0893535 0.0106783
threshold=-0.56174490092936669 52063.580000000009 0.026963506488525638 -0.12759387170634665 33.000000000000007 -0.084282319434979477 0.013784727771495101 52.135744604872215 0.0097468424816980811 0.18939639096246555 -0.0036125436402249518 0.6078576107927941 0.011749742767435109 0.046831040705341838 1.5932718388532232 50403.717500000006 4113.7716985000015 53503.553500000002 37.42768638909255 0.0083542007339486874 18.217909149331764
decision_type=2 2 2 2 2 2 2 2 2 2 2 2 2 2 2 2 2 2 2 2 2
left_child=2 6 5 -3 9 -1 15 8 -8 -5 11 -11 13 -7 -9 -2 -6 -12 -14 -20 -19
right_child=1 3 -4 4 16 12 7 14 -10 10 17 -13 18 -15 -16 -17 -18 20 19 -21 -22
leaf_value=0.0059264296541207207 0.015018351074251077 0.011976716754663531 0.005812834395105858 0.00083328577465344839 0.010690829404487789 0.0029740106315157776 0.00060598156118689818 0.0027072622538515129 0.013863766863382284 -0.0072925908401518923 -0.0074463609254297449 0.0076245228309385687 -0.0074892565353076599 -0.009609784649266739 -0.0082042075629202068 0.0081646937288246072 0.0042178371050016006 -0.011738735885489137 -0.0099442471283930807 -0.011683364322179136 -0.012547992967721688
leaf_weight=4.0630087852478018 11.760189458727838 6.6975978463888159 8.8406587988138181 9.3944628834724409 6.1319206953048688 6.0785655975341779 7.0429555177688661 5.6614475846290571 10.669973760843275 5.1361866146326047 8.1334024369716698 3.79367296397686 9.3847483396530134 5.7542097866535187 5.1662667989730835 9.7727579921483976 5.4081368446350098 7.3657704293727857 8.2476604729890841 17.880790211260319 5.3981645926833153
leaf_count=16 33 21 34 37 19 31 32 25 31 31 30 16 15 10 19 33 21 25 12 34 25
internal_value=6.97285e-05 0.00311216 -0.00536036 -0.000816002 -0.0025039 -0.00728179 0.00761971 0.00438448 0.00859225 -0.0054936 -0.00748633 -0.000955352 -0.00841525 -0.00314542 -0.00249897 0.0119078 0.00765732 -0.0102772 -0.0101711 -0.0111344 -0.012081
internal_weight=167.783 107.533 60.2496 57.4593 50.7617 51.409 50.0736 28.5406 17.7129 39.2217 29.8272 8.92986 47.346 11.8328 10.8277 21.5329 11.5401 20.8973 35.5132 26.1285 12.7639
internal_count=550 398 152 225 204 118 173 107 63 164 127 47 102 41 44 66 40 80 61 46 50
is_linear=0
shrinkage=0.0138221


Tree=129
num_leaves=21
num_cat=0
split_feature=17 13 30 20 18 10 12 16 16 21 22 3 25 10 28 28 16 16 18 16
split_gain=5.47694 9.33997 9.12078 7.68258 6.27543 5.39937 5.11403 5.04954 4.64951 4.83591 3.77223 2.86615 5.32264 2.38601 1.88587 1.43056 1.15269 0.918462 0.909355 0.486969
threshold=1654.2065940000018 56929.463500000005 48742.405500000008 -0.32730693191210614 8.7800000000000023e-06 0.019479663568663205 0.026963506488525638 0.57141853175287738 0.99323106951241336 -0.0096317038392566539 0.051124298397672817 25.500000000000004 -0.0010655749715770778 0.012883763468613725 -0.0013121612811579084 0.0012916273361217592 0.80098969725633185 1.1252098445527468 5.5270000000000011e-05 1.3303960884059893
decision_type=2 2 2 2 2 2 2 2 2 2 2 2 2 2 2 2 2 2 2 2
left_child=1 2 3 -1 6 19 14 10 9 15 -4 16 -13 -8 -2 -6 -9 -18 -10 -3
right_child=4 5 7 -5 8 -7 13 11 18 -11 -12 12 -14 -15 -16 -17 17 -19 -20 -21
leaf_value=0.016178330178550165 -6.0492921717807353e-05 0.018548815159304059 -0.0033876762910057933 -0.0027681639782707302 0.0059391984060563835 -0.0016014274474866739 0.0012755335989983771 -0.0049849364248583661 0.019199098080729924 -0.0034200825084516632 0.011849251374570319 -0.0062349753274192968 0.010566356445601888 0.014876632794695867 -0.0086013980221384227 0.017099101912416675 -0.011698249511766002 -0.0071807834825429011 0.010711809892218007 0.011994013779185759
leaf_weight=7.7926024347543743 8.9581815898418444 4.778065010905264 7.5351797640323621 8.6027767360210401 4.6316722631454486 5.8251134902238837 5.5156970471143705 13.867816418409346 6.141880586743353 8.432397812604906 5.2789707630872726 14.498735621571543 4.7933496832847586 4.4541095495223999 11.00917047262192 4.170462355017662 19.405962809920311 15.439446493983267 3.9712910205125809 3.9600052982568741
leaf_count=38 31 24 21 34 20 18 22 29 31 23 25 37 22 21 23 21 35 39 18 18
internal_value=0.000164515 -0.00161648 -0.00316291 0.00623696 0.0036397 0.00870656 -0.00073282 -0.00506981 0.00842624 0.00406046 0.00288939 -0.00656955 -0.00206048 0.00735196 -0.00476959 0.0112268 -0.00835529 -0.00969663 0.0158663 0.0155782
internal_weight=169.063 111.778 97.2148 16.3954 57.2849 14.5632 29.9372 80.8195 27.3477 17.2345 12.8142 68.0053 19.2921 9.96981 19.9674 8.80213 48.7132 34.8454 10.1132 8.73807
internal_count=550 340 280 72 210 60 97 208 113 64 46 162 59 43 54 41 103 74 49 42
is_linear=0
shrinkage=0.0138221


Tree=130
num_leaves=23
num_cat=0
split_feature=0 32 28 19 19 28 7 7 31 32 10 16 15 28 10 21 25 2 19 4 15 6
split_gain=32.189 13.3466 8.85062 9.92404 11.9578 9.33704 10.2392 8.19466 3.17574 2.918 1.67407 4.1283 0.00313988 0.00262782 0.00163979 0.00256817 0.002621 0.00240338 0.00159155 0.00132513 0.00113813 0.00110132
threshold=-0.22252093395631442 14.080372940167869 -0.0026437280146701099 0.0091668355917911056 0.010366194509342624 0.00039256422146716213 6.3120000000000019e-05 7.7295000000000011e-05 -202.93497300000226 24.48197379787246 0.010160184731771658 1.0177865675719799 8796.2621245000028 0.0040471090475748825 0.016774218879294433 -0.021964090880602912 0.0021980779833032575 402.71330950000095 0.0059036463611235124 -0.0052104581448202394 -6628.4284129999969 50094.591000000008
decision_type=2 2 2 2 2 2 2 2 2 2 2 2 2 2 2 2 2 2 2 2 2 2
left_child=1 13 3 -3 -5 -4 9 10 -6 -7 11 18 14 -1 15 17 21 20 -2 -16 -12 -17
right_child=7 2 5 4 8 6 -8 -9 -10 -11 12 -13 -14 -15 19 16 -18 -19 -20 -21 -22 -23
leaf_value=-0.012086814351499199 -0.01128036471778826 -0.012959090409208826 0.013571191259720904 0.012526634657865044 -0.012171994866259228 -0.012702373320672576 0.012569430118487417 0.0047850204527950099 0.00326011732292004 0.0019200751019545503 -0.011780697206719426 0.0059678997580585582 -0.011914474934624011 -0.011602675319714751 -0.011138779007722109 -0.011237237664328409 -0.011755685779691922 -0.012024463221646681 -0.011677784299738361 -0.011511892176959831 -0.011449275316343538 -0.0114890939776562
leaf_weight=3.8257681056857091 3.9642673134803754 7.976191319525241 36.930609673261642 15.308740943670275 6.8332238942384693 6.8059964030981082 9.3332635313272458 8.0059322863817197 4.0622151046991357 4.2264401316642761 3.4564164429903022 3.907229095697403 4.210047870874404 4.8666020408272743 3.5444674864411354 6.7523092031478971 4.240804210305213 3.4988759681582442 3.7428317740559578 3.7347160503268233 4.6332001984119371 6.5200975462794304
leaf_count=18 24 37 29 19 39 34 10 22 11 12 21 12 23 28 21 39 25 21 22 23 25 35
internal_value=-0.000249281 0.00455165 0.00610692 0.000540432 0.0046495 0.00942764 0.00191383 -0.00823624 -0.00641834 -0.00710063 -0.0102331 -0.00560587 -0.0115571 -0.0118158 -0.0115158 -0.0115622 -0.0114565 -0.0117218 -0.0114734 -0.0113302 -0.0115909 -0.011361
internal_weight=160.38 100.169 91.4767 34.1804 26.2042 57.2963 20.3657 60.2112 10.8954 11.0324 52.2053 11.6143 40.5909 8.69237 36.3809 29.1017 17.5132 11.5885 7.7071 7.27918 8.08962 13.2724
internal_count=550 237 191 106 69 85 56 313 50 46 291 58 233 46 210 166 99 67 46 44 46 74
is_linear=0
shrinkage=0.0138221


Tree=131
num_leaves=22
num_cat=0
split_feature=0 6 32 11 3 22 31 6 8 21 3 3 25 23 31 14 14 18 21 25 18
split_gain=14.1668 9.72356 6.71196 6.31317 6.42882 4.36518 3.34362 3.69378 3.22927 3.03329 2.53405 2.18721 1.94102 1.61809 1.61406 1.05535 1.70149 1.12685 0.503671 1.55162 0.00514477
threshold=-0.56174490092936669 52063.580000000009 14.080372940167869 -0.12510349747278429 36.000000000000007 0.03800281025738584 -1145.3907855000011 49641.400000000001 39.50089791478738 -0.069204589132544722 42.500000000000007 27.500000000000004 0.0022809821167098822 0.073892910693132821 -19.121743500000772 0.0046910526788465521 0.0078591988458026341 -2.3149999999999997e-05 -0.024662289905025222 0.00095652940063499872 1.3695000000000002e-05
decision_type=2 2 2 2 2 2 2 2 2 2 2 2 2 2 2 2 2 2 2 2 2
left_child=2 6 -1 -3 8 -4 7 -2 11 -7 -6 18 15 -11 -10 -8 -17 -18 19 -5 -15
right_child=1 3 5 4 10 9 12 -9 14 13 -12 -13 -14 20 -16 16 17 -19 -20 -21 -22
leaf_value=0.0065814539149117073 -0.0041466806546394067 0.011083989934021014 0.0064565902965175656 -0.011754346143709765 0.013231925502523945 -0.0012620541002632817 0.016081590855505021 0.009717623410852463 0.0061029970268582081 -0.0050640822928704884 0.00023980369308101594 -0.00052593057497990123 0.0022800856359509627 -0.011812488870232162 -0.0056434797562685086 0.004605057937634896 0.016613563422783074 0.0090577291250956166 -0.012148587158739822 -0.0020902466630309123 -0.011442778360248507
leaf_weight=7.8713402003049842 8.2323416471481305 7.4231991320848456 4.1656333804130545 8.0152302756905538 5.5287984013557416 9.409230172634123 6.6909096539020565 6.6265667825937262 5.941877469420433 9.4861298352479917 5.960054874420166 6.4800720661878577 5.4557629972696295 15.601820155978205 3.5822466015815717 7.8164074569940594 6.9996232539415368 8.1753442287445033 9.1058257147669845 5.255069598555564 13.339257873594759
leaf_count=30 33 24 19 20 16 23 18 22 24 19 25 34 23 35 20 30 19 28 32 30 26
internal_value=7.27816e-05 0.00307872 -0.00531367 -0.000808444 -0.00257867 -0.00711418 0.00753309 0.00203633 -0.00529392 -0.00829594 0.00649202 -0.0075973 0.00985751 -0.0100182 0.00168487 0.0112503 0.00984429 0.0125429 -0.00964515 -0.00792734 -0.0116421
internal_weight=167.163 107.289 59.8734 57.2924 49.8692 52.0021 49.997 14.8589 38.3803 47.8364 11.4889 28.8562 35.138 38.4272 9.52412 29.6823 22.9914 15.175 22.3761 13.2703 28.9411
internal_count=550 398 152 225 201 122 173 55 160 103 41 116 118 80 44 95 77 47 82 50 61
is_linear=0
shrinkage=0.0138221


Tree=132
num_leaves=19
num_cat=0
split_feature=24 13 21 19 6 16 17 27 32 19 33 13 30 28 19 16 21 31
split_gain=5.46903 5.48614 7.21889 6.99064 6.12762 6.13442 6.22449 5.26568 4.38397 5.53445 4.15342 4.14897 3.44855 3.14091 3.14015 1.90452 1.83569 1.21602
threshold=0.0046856341330148319 57632.248500000009 -0.053475311049393841 0.011925319560653229 52063.580000000009 0.82093600430725877 1654.2065940000018 0.6078576107927941 22.170656411705853 0.0088141149257661752 33.000000000000007 54354.269500000009 57652.619000000006 -0.0096682370446820581 0.0082580090409698995 0.68423487256697768 0.027422900870048287 1937.3917019999988
decision_type=2 2 2 2 2 2 2 2 2 2 2 2 2 2 2 2 2 2
left_child=1 2 13 4 7 10 14 8 17 -10 15 -8 -3 -1 -7 -6 -9 -4
right_child=-2 12 3 -5 5 6 11 16 9 -11 -12 -13 -14 -15 -16 -17 -18 -19
leaf_value=-0.00027874309334971974 0.012805665912509041 -0.00045356611134676414 -0.010282318995645084 0.014377843102697616 0.017049279446894175 -0.0085497881386489769 0.01342933217004492 -0.00029998220152389101 0.0099572920621914356 -0.0081923135705709114 -0.00024866021190833712 -0.0016691592022914908 0.014765125733376896 -0.0093070816236586369 0.0031530823137148451 0.0058815146610002519 0.010662234932258784 -0.0036642763198947337
leaf_weight=10.586012139916418 6.3007555156946173 4.7181848734617216 22.543664872646335 6.656245842576026 9.2315001189708727 15.006020471453668 7.8270822763442975 6.4512802958488447 6.4690820872783643 6.3712316155433655 6.0675071924924842 6.2566298842430115 7.1638996452093124 24.172086551785469 6.1862666159868231 4.2654770016670218 5.3293855786323547 6.9364348948001853
leaf_count=34 30 14 52 32 46 35 37 25 29 14 20 19 34 39 21 18 24 27
internal_value=0.000171096 -0.000319586 -0.00103411 0.000626633 -0.000213555 0.00304238 -0.000400366 -0.00351399 -0.00578914 0.000951644 0.00924988 0.00672189 0.00872203 -0.00655739 -0.00513359 0.0135199 0.00465915 -0.00872515
internal_weight=168.539 162.238 150.356 115.598 108.942 54.8405 35.276 54.1011 42.3204 12.8403 19.5645 14.0837 11.8821 34.7581 21.1923 13.497 11.7807 29.4801
internal_count=550 520 472 399 367 196 112 171 122 43 84 56 48 73 56 64 49 79
is_linear=0
shrinkage=0.0138221


Tree=133
num_leaves=19
num_cat=0
split_feature=22 5 11 21 21 9 8 34 22 23 2 19 11 11 5 25 34 11
split_gain=15.6886 15.695 18.129 12.398 11.4387 11.3495 11.7346 3.45964 3.06438 6.23711 0.0165864 0.0153341 0.0141694 0.00447231 0.00432808 0.0020353 0.00156953 0.00144333
threshold=0.03800281025738584 61.907327518544413 -0.10073767145736982 -0.05303084956559239 0.041518982579783932 31.748087992450028 23.35390817949752 0.0027179701038164699 0.04704345658226828 0.86184289109805912 -12474.546809999998 0.0078572465111370181 -0.11700008198544352 0.0071211040472038975 34.600940538606807 0.001715061742461814 0.030022402395224249 -0.011722830832138651
decision_type=2 2 2 2 2 2 2 2 2 2 2 2 2 2 2 2 2 2
left_child=11 2 12 -4 5 -5 7 -7 -6 -10 -8 13 14 17 -2 -3 -17 -1
right_child=1 15 3 4 8 6 10 -9 9 -11 -12 -13 -14 -15 -16 16 -18 -19
leaf_value=-0.01160070726696388 -0.011843496412352003 -0.011453274409176172 0.011881996905052617 0.012782016663928484 0.013077875452917477 -0.0039183513367966692 -0.012763148430527553 0.0090298132481181383 -0.0044474258162983116 0.01317729626980561 -0.011788735896348091 -0.012387119007296218 -0.012537523083180315 -0.011276547338360181 -0.011265786939159911 -0.011631519465764083 -0.012027326658266547 -0.011996625604778873
leaf_weight=4.3346377238631257 5.0813919976353628 7.2833574116230002 33.766676865518093 7.7637195810675612 14.435586482286455 6.8970983847975758 4.0727447718381873 9.202847942709921 7.8124886229634267 7.5368227139115334 18.486526250839237 5.3195693865418425 3.9868231117725363 7.2442868575453758 4.8350172862410545 5.5309297367930395 2.9269576147198677 2.9607248529791841
leaf_count=27 27 38 38 9 12 27 25 16 33 8 108 28 18 39 29 33 17 18
internal_value=-0.000257157 0.00137787 0.00302986 0.00490994 0.00182072 -0.00246867 -0.00553139 0.00348291 0.0085062 0.00420667 -0.0119647 -0.0117521 -0.0118416 -0.0115198 -0.0115618 -0.0116226 -0.0117685 -0.0117614
internal_weight=159.478 139.619 123.878 109.975 76.2078 46.4229 38.6592 16.0999 29.7849 15.3493 22.5593 19.8592 13.9032 14.5396 9.91641 15.7412 8.45789 7.29536
internal_count=550 438 350 276 238 185 176 43 53 41 133 112 74 84 56 88 50 45
is_linear=0
shrinkage=0.0138221


Tree=134
num_leaves=22
num_cat=0
split_feature=11 11 21 21 19 21 6 13 24 11 27 4 32 21 11 22 21 28 32 24 20
split_gain=8.03359 11.3982 7.67753 6.98381 6.31273 6.77966 6.48686 4.95347 4.66373 5.41145 4.64743 3.97923 3.54637 2.69704 3.42988 2.34218 1.35551 0.95684 0.370918 0.225265 0.00170117
threshold=0.0071211040472038975 -0.10073767145736982 0.079209881868937862 -0.051253167045425922 0.0080884594605597753 -0.024662289905025222 52141.509000000005 51940.837000000007 0.00063353614364867583 0.046046707417847783 -1.0000000180025095e-35 0.0018584838963641161 11.325903560091779 -0.10158751161076783 -0.14462326423079278 0.03969969551319872 0.054378297322852827 -0.0075395874819753064 27.105179882910928 -0.00043452059495280976 -0.73989468991624185
decision_type=2 2 2 2 2 2 2 2 2 2 2 2 2 2 2 2 2 2 2 2 2
left_child=1 13 7 17 5 -5 -7 16 9 -9 18 -12 -10 14 -1 -11 19 -3 -6 -2 -19
right_child=2 3 -4 4 10 6 -8 8 12 15 11 -13 -14 -15 -16 -17 -18 20 -20 -21 -22
leaf_value=0.011021515131246303 0.015406124890088439 -0.0061024972426312373 -0.0095872519944305602 0.014621332092862243 -0.011844499157090278 0.0091549311241933603 -0.0092324495100508421 0.0089033039162547574 0.00025127715268375773 -0.0012185211813385594 0.0045076637052607876 -0.010206283528580511 0.014578406361123194 0.015526305186146998 -0.0024411695356038746 -0.012692162321790795 0.0063101427636240628 -0.011398695366636865 -0.0073945488094388397 0.011843897062007789 -0.01165257793683664
leaf_weight=7.0028826594352731 6.8854469060897836 8.8363599628210086 6.9995026141405097 7.6647486984729793 11.768905080854895 6.4082205295562735 8.5647753700613958 6.2142594605684307 5.5910189896821967 7.1676620841026288 11.116356894373896 5.1328840106725684 8.0579775273799878 5.3879759907722464 7.4744014590978631 6.4650878608226776 7.4395795464515677 8.9066002666950244 5.1422730386257163 6.6838320940732965 11.621895313262938
leaf_count=23 19 26 24 25 37 23 35 23 17 18 38 32 25 16 35 23 28 12 22 21 28
internal_value=7.31069e-05 -0.00225006 0.00404027 -0.00444925 -0.00157781 0.00404907 -0.00136292 0.00579032 0.00249029 -0.00178679 -0.00541912 -0.000140245 0.0087096 0.00717793 0.00407094 -0.00665969 0.0110518 -0.00990546 -0.0104914 0.0136515 -0.0115424
internal_weight=166.533 105.028 61.5044 85.163 55.7982 22.6377 14.973 54.5049 33.496 19.847 33.1604 16.2492 13.649 19.8653 14.4773 13.6327 21.0089 29.3649 16.9112 13.5693 20.5285
internal_count=550 352 198 278 212 83 58 174 106 64 129 70 42 74 58 41 68 66 59 40 40
is_linear=0
shrinkage=0.0138221


Tree=135
num_leaves=21
num_cat=0
split_feature=8 21 22 22 29 8 32 11 33 22 26 21 25 28 32 26 4 27 13 34
split_gain=5.45155 6.08547 5.34207 5.60865 9.28058 10.5128 6.23557 4.96434 6.61964 4.82175 4.57895 4.17887 3.68238 3.67745 5.32489 2.09235 2.00996 1.38153 0.404613 0.162977
threshold=40.415104731646956 0.039864490787945968 0.024564291100657314 0.055933732516623563 11.12499031910713 34.098658722092615 27.105179882910928 0.062998223159166714 11.500000000000002 0.081638988162635429 0.62315917935800258 0.055830572726142898 -0.0010655749715770778 0.00068392352536261758 20.632617202836297 0.20284212241180274 -0.00053015138737005907 -1.0000000180025095e-35 49408.043000000012 -0.0013891804744509682
decision_type=2 2 2 2 2 2 2 2 2 2 2 2 2 2 2 2 2 2 2 2
left_child=2 12 16 6 -5 7 11 8 10 -7 -6 13 -2 19 17 -8 -1 -15 -10 -4
right_child=1 -3 3 4 5 9 15 -9 18 -11 -12 -13 -14 14 -16 -17 -18 -19 -20 -21
leaf_value=0.016334565679627117 0.010214624521730151 0.018399124838993683 -0.0096748588036503508 -0.0083152232429940468 -0.0024929893886677487 0.0034279987503998198 0.010983524612425931 -0.0047177625959274883 0.014325569710575596 -0.010765356344370211 0.015365207682805226 0.0032600633192453122 -0.0031749584477522006 -0.011041940191943487 0.0083961668167483391 -0.0011610967536502964 0.0030369118365415467 -0.0034023808898497408 0.018687833746063014 -0.011799073332160894
leaf_weight=4.3589336723089218 6.5179011821746871 6.0258649289607993 12.876198738813402 14.602468341588972 8.4265500754117983 8.4822672158479708 5.917293041944502 4.4968770444393149 7.5177568942308453 9.921620696783064 4.0670311301946631 8.1418610364198667 9.8610060811042786 8.6255072951316833 5.5878564417362204 5.0007988214492798 4.3277167528867704 9.507145762443546 8.837754011154173 14.8688588142395
leaf_count=22 29 30 28 21 33 35 27 8 36 15 20 34 37 24 25 19 18 24 45 20
internal_value=0.000175594 0.00652273 -0.000801334 -0.00146839 0.00141619 0.00416214 -0.00418228 0.00879036 0.0108959 -0.0042237 0.00332038 -0.00594127 0.00215336 -0.00739692 -0.00340097 0.00542094 0.00970963 -0.00703644 0.0166827 -0.0108132
internal_weight=167.969 22.4048 145.564 136.878 66.3523 51.7499 70.5255 33.346 28.8491 18.4039 12.4936 59.6074 16.3789 51.4656 23.7205 10.9181 8.68665 18.1327 16.3555 27.7451
internal_count=550 96 454 414 213 192 201 142 134 50 53 155 66 121 73 46 40 48 81 48
is_linear=0
shrinkage=0.0138221


Tree=136
num_leaves=23
num_cat=0
split_feature=0 1 10 19 22 29 32 30 17 8 22 8 11 24 18 30 29 17 8 6 18 30
split_gain=30.921 12.8908 9.45052 9.44325 11.0867 5.2824 9.92876 4.73773 2.58296 2.41939 1.40878 0.0147784 0.00807735 0.00527139 0.00517033 0.00369231 0.00172573 0.00119694 0.00108214 0.000797292 0.000902305 0.000166602
threshold=-0.22252093395631442 57.803546668156208 0.01086850076352105 0.011239304451532647 0.084190540026676378 25.715355858681814 19.446058841249577 55558.76200000001 -9388.3873609999973 32.963832273197859 0.047454744948443588 23.023273414488937 0.053820048392985383 0.0020607905080854802 7.3470000000000013e-05 56729.027000000009 10.651047116612803 2437.8710450000012 39.210975542079233 51114.601000000002 -1.0474999999999999e-05 49040.568500000008
decision_type=2 2 2 2 2 2 2 2 2 2 2 2 2 2 2 2 2 2 2 2 2 2
left_child=1 2 9 8 -5 11 7 13 -4 -1 -10 -2 -3 17 16 -6 -13 -7 19 21 -21 -18
right_child=5 12 3 4 15 6 -8 -9 10 -11 -12 14 -14 -15 -16 -17 18 -19 -20 20 -22 -23
leaf_value=-0.012189844972726455 -0.012337497731033795 -0.011562387259486278 0.0051674035202539685 0.0085109016792560537 -0.011854209411357857 -0.011116540401970977 0.01364799342978357 0.0054799525213531297 0.0091211083033114308 0.0010752535138396058 0.014019925475669583 -0.011608651798122947 -0.012431346384826961 -0.011807139866204172 -0.011960240825977417 -0.012437150326706482 -0.011328289409491814 -0.01146226436987403 -0.011103193398981382 -0.011609879503323385 -0.011350070015173259 -0.011207730631138359
leaf_weight=5.8945432007312757 3.9511581659317008 4.8986852541565877 14.074846163392065 11.345145061612131 5.6714293360710126 4.035319916903978 5.2544208019971839 3.9843247532844535 19.517261132597923 4.7385151088237762 26.366471216082573 5.1746851950883928 3.506696417927742 6.8908035308122635 3.2801607176661483 3.274344339966774 4.6095344871282631 3.6380834728479385 3.4392293840646735 4.1012890562415194 6.7685695216059596 4.1720540374517441
leaf_count=29 19 26 34 17 36 20 8 10 28 13 17 30 20 39 19 17 28 21 26 25 47 21
internal_value=-0.0002649 0.00445187 0.0059665 0.00758894 -0.000561651 -0.00816239 -0.00312457 -0.00787589 0.0103472 -0.00627839 0.0119361 -0.0115406 -0.0119249 -0.0115296 -0.0114408 -0.0120676 -0.0113805 -0.0112805 -0.0113294 -0.011369 -0.0114481 -0.011271
internal_weight=158.588 99.2879 90.8826 80.2495 20.2909 59.2996 23.803 18.5485 59.9586 10.6331 45.8837 35.4967 8.40538 14.5642 31.5455 8.94577 28.2654 7.6734 23.0907 19.6514 10.8699 8.78159
internal_count=550 237 191 149 70 313 98 90 79 42 45 215 46 80 196 53 177 41 147 121 72 49
is_linear=0
shrinkage=0.0138221


Tree=137
num_leaves=22
num_cat=0
split_feature=0 18 32 25 19 10 27 22 28 22 29 19 9 21 14 20 28 16 19 20 18
split_gain=13.5838 6.54388 6.48238 5.5124 4.57254 6.80758 5.46928 4.56749 4.31942 4.23281 3.58084 3.43512 3.41101 2.95125 1.90877 1.29109 1.00736 0.994659 0.520739 0.0969465 0.00350992
threshold=-0.56174490092936669 -3.8699999999999994e-06 14.080372940167869 6.3725622357501421e-05 0.0078572465111370181 0.016186572820780998 -1.0000000180025095e-35 0.05380588825332043 -0.0012208458366008699 0.03800281025738584 28.342988049227014 0.010533237677491153 67.542570063986389 -0.069204589132544722 0.0065796907768128189 -1.4270300832098066 0.0041669165048962018 0.69833366916481776 0.0067132745633972325 -0.98655884316102027 1.0000000180025095e-35
decision_type=2 2 2 2 2 2 2 2 2 2 2 2 2 2 2 2 2 2 2 2 2
left_child=2 4 -1 7 18 6 17 14 -5 -4 16 -9 -12 -11 -3 -15 -10 -6 -2 -17 -21
right_child=1 3 9 8 5 -7 -8 11 10 13 12 -13 -14 15 -16 19 -18 -19 -20 20 -22
leaf_value=0.0064541669183808921 0.01057271556909762 0.015329818003445114 0.0063133148548008477 0.0053791582393533949 -0.013142913320824415 0.012358059936306353 0.006928183277293852 -0.0084168142577357094 -0.011912169206166568 -0.001258914532615276 0.0084174347037704583 0.0079507967059365935 -0.006705590024850893 -0.0047362087945002776 0.004670553975652145 -0.0097246482574188022 -0.0055306135849147444 -0.0041086328342539377 0.015550226316164772 -0.01179008499548443 -0.011451470775528761
leaf_weight=7.8590300977230063 8.2746235728263873 7.6605734974145907 4.1749864369630805 9.1319806352257711 4.8685935214161891 10.703005537390707 7.6776254475116756 5.8040846809744817 10.729683503508573 9.3597895056009275 5.5689331889152509 4.2388644218444824 5.8349198698997498 7.3656460195779756 5.5239891409873962 6.7503973543643943 8.445751413702963 4.4622643440961838 7.8015335500240317 10.556960731744775 13.11259515583515
leaf_count=30 27 22 19 37 31 35 29 34 28 23 21 15 22 17 21 10 38 16 22 29 24
internal_value=7.54372e-05 0.00302056 -0.00523591 0.000165775 0.00712393 0.00372189 -0.00171263 0.0055144 -0.00296269 -0.00702609 -0.00545384 -0.00150848 0.000679555 -0.00820737 0.0108639 -0.00992856 -0.00910144 -0.00882248 0.0129882 -0.0111858 -0.0116025
internal_weight=165.906 106.726 59.1794 62.9388 43.7876 27.7115 17.0085 23.2275 39.7113 51.3204 30.5793 10.0429 11.4039 47.1454 13.1846 37.7856 19.1754 9.33086 16.0762 30.42 23.6696
internal_count=550 398 152 238 160 111 76 92 146 122 109 49 43 103 43 80 66 47 49 63 53
is_linear=0
shrinkage=0.0138221


Tree=138
num_leaves=19
num_cat=0
split_feature=8 21 14 22 19 4 17 19 7 8 17 19 20 9 21 13 17 16
split_gain=5.31068 5.95899 5.67882 5.21749 7.49114 7.05211 9.53654 7.44638 3.84758 3.36311 3.35062 3.19466 2.29999 2.2122 2.20704 1.89242 0.161135 0.0869127
threshold=40.415104731646956 0.039864490787945968 0.012292954757788013 0.024564291100657314 0.0077173032399235671 -0.012013359294588242 -5268.0756654999977 0.013609176185076507 4.9460000000000011e-05 22.566244496634432 1938.8680505000009 0.0084703044999578005 -0.49669744118534448 48.352954466329614 0.035862482069773723 54244.355000000003 -262.36331899999925 0.63619546869929033
decision_type=2 2 2 2 2 2 2 2 2 2 2 2 2 2 2 2 2 2
left_child=3 2 11 13 10 -6 12 8 9 -8 15 -2 17 -1 -12 16 -5 -7
right_child=1 -3 -4 4 5 6 7 -9 -10 -11 14 -13 -14 -15 -16 -17 -18 -19
leaf_value=0.016574922737339792 0.0044620897809255836 0.018200199270659061 0.014713687738594971 -0.011921093793752943 -0.0066685585560084535 0.016345744352146807 -0.0057871930178256346 0.014315743668407077 -0.0081719499930912459 0.0030152370395812558 0.0075212362308179331 -0.010092772995779094 0.0053684417591436844 0.0026154250673785105 -0.0047691907684514478 -0.0038311156093992038 -0.0093494927158887329 0.019145362015268553
leaf_weight=4.3450035005807859 5.5152018368244224 6.0232659280300131 4.8253005892038336 13.531006485223772 19.421711653470993 4.3356668502092344 11.269992113113402 6.5737045407295218 11.99239209294319 31.387640163302422 4.6072079688310605 6.0323743224143982 4.3688615560531607 4.330523744225502 7.0827291309833527 10.513695225119589 7.0966069847345379 4.1428661197423935
leaf_count=22 23 30 23 23 38 22 25 32 19 121 20 20 19 18 27 25 22 21
internal_value=0.000180912 0.00644524 0.00212082 -0.000786655 -0.00144809 0.000744991 0.00268885 0.000416927 -0.00125492 0.000689667 -0.00623517 -0.00314127 0.0135156 0.00960682 7.46807e-05 -0.00860379 -0.0110364 0.0177137
internal_weight=167.396 22.3961 16.3729 145 136.324 93.4928 74.0711 61.2237 54.65 42.6576 42.8312 11.5476 12.8474 8.67553 11.6899 31.1413 20.6276 8.47853
internal_count=550 96 66 454 414 297 259 197 165 146 117 43 62 40 47 70 45 43
is_linear=0
shrinkage=0.0138221


Tree=139
num_leaves=22
num_cat=0
split_feature=0 1 10 19 22 7 17 25 10 10 22 11 30 15 22 10 21 25 2 30 5
split_gain=30.2424 12.6066 9.22135 9.1692 10.833 7.89249 2.54083 2.51248 1.63809 4.08755 1.40681 0.00794881 0.00361735 0.00287222 0.00151527 0.00146425 0.00264595 0.00270508 0.00224319 0.00120641 0.00109751
threshold=-0.22252093395631442 57.803546668156208 0.01086850076352105 0.011239304451532647 0.084190540026676378 7.7295000000000011e-05 -9388.3873609999973 0.00065806449594950443 0.010160184731771658 0.0096361442540785752 0.047454744948443588 0.053820048392985383 56729.027000000009 8796.2621245000028 0.029362637788535231 0.016953111719739483 -0.021964090880602912 0.0021980779833032575 402.71330950000095 49456.858500000009 36.391276676773536
decision_type=2 2 2 2 2 2 2 2 2 2 2 2 2 2 2 2 2 2 2 2 2
left_child=1 2 7 6 -5 8 -4 -1 9 14 -8 -3 -6 15 -2 16 18 19 20 -18 -10
right_child=5 11 3 4 12 -7 10 -9 13 -11 -12 -13 -14 -15 -16 -17 17 -19 -20 -21 -22
leaf_value=-0.012310518457298783 -0.011157452715748611 -0.011521514993046536 0.0050761406032111024 0.0083921058991205007 -0.011803501687464569 0.0046752391976895551 0.0089789782131729796 0.0012389731697362539 -0.011687194944599735 0.0062317800784962183 0.013882042990003661 -0.012387459037450881 -0.012383234406414064 -0.011805119700039847 -0.011548119949533859 -0.011215366471719819 -0.011095226817133678 -0.011639454792712252 -0.011919589856991708 -0.011361248109323234 -0.011356815495053607
leaf_weight=5.8372312784194929 3.7335286661982519 4.8469556123018247 14.068988069891928 11.325039103627207 5.6073414087295514 7.9584560543298712 19.477946177124977 4.7359027564525604 3.3162443190813047 3.7830788716673851 26.244280621409416 3.4787658378481865 3.2470206469297409 4.1039187908172599 3.8557111471891403 5.6739643514156333 5.3720206618309083 4.7514410093426696 3.4226215556263924 8.2723027616739255 4.5659929737448692
leaf_count=25 27 26 34 17 36 22 28 17 18 10 17 20 17 23 21 37 33 28 21 45 28
internal_value=-0.000275458 0.00439316 0.00588982 0.00749373 -0.000562651 -0.00812428 0.0102127 -0.00624145 -0.0101275 -0.00550526 0.0117933 -0.0118833 -0.0120161 -0.011459 -0.0113559 -0.0114188 -0.0114577 -0.0113554 -0.0116241 -0.0112565 -0.0114958
internal_weight=157.679 98.8695 90.5438 79.9706 20.1794 58.8093 59.7912 10.5731 50.8508 11.3723 45.7222 8.32572 8.85436 39.4785 7.58924 35.3746 29.7006 18.3958 11.3049 13.6443 7.88224
internal_count=550 237 191 149 70 313 79 42 291 58 45 46 53 233 48 210 173 106 67 78 46
is_linear=0
shrinkage=0.0138221


Tree=140
num_leaves=22
num_cat=0
split_feature=0 18 12 25 19 10 27 2 21 33 14 31 20 14 21 23 16 19 31 29 20
split_gain=13.259 6.3976 6.29987 5.39469 4.48241 6.64932 5.35221 4.28781 3.76572 2.95016 3.26835 4.11266 2.55313 2.29873 1.92906 1.42454 0.985669 0.707751 0.578964 0.137581 0.00365006
threshold=-0.56174490092936669 -3.8699999999999994e-06 0.026963506488525638 6.3725622357501421e-05 0.0078572465111370181 0.016186572820780998 -1.0000000180025095e-35 -5915.0540899999978 -0.084282319434979477 33.000000000000007 0.0068082927023508715 467.17315699999892 -1.315075116993049 0.0065796907768128189 -0.0081958038637611735 0.34603270686204318 0.69833366916481776 0.0084363174226296852 -380.76106600000077 13.436614754349746 0.2501660107498887
decision_type=2 2 2 2 2 2 2 2 2 2 2 2 2 2 2 2 2 2 2 2 2
left_child=2 4 8 7 18 6 16 -3 -1 10 15 -12 -10 -9 -13 -5 -6 -14 -2 -19 -21
right_child=1 3 -4 9 5 -7 -8 13 12 -11 11 14 17 -15 -16 -17 -18 19 -20 20 -22
leaf_value=0.0056339169940231686 0.0092133566391726044 -0.0047973524427440259 0.0055932754848327668 -0.0026569845128858543 -0.013085068760887457 0.012210057105854905 0.0068351822071578893 0.014446508171044059 -0.0015516298094401231 0.0055445188873433516 0.0065812553530554983 -0.00071831703473425475 -0.006949309653903021 0.0043360074535204879 -0.012917664406881626 -0.012105676435009701 -0.0040713514518679172 -0.009080294978704908 0.014751831541221245 -0.011798683035364297 -0.011427460331488021
leaf_weight=4.0847382843494406 5.4732053279876736 5.8303254991769817 8.8073676526546461 4.2684337198734275 4.8331157490611094 10.702988147735594 7.6781763136386898 7.8373756408691433 8.8660363256931287 6.53615978360176 8.185797758400442 5.0870521813631031 11.438858509063719 9.5087713450193387 4.8255115896463403 10.666033156216143 4.4535461217164993 5.2155092954635647 10.569699168205259 9.250994063913824 11.17095812410116
leaf_count=16 19 32 34 9 31 35 29 23 23 24 33 26 23 37 20 34 16 9 30 28 19
internal_value=7.95568e-05 0.00298984 -0.00518637 0.000161704 0.00704956 0.00367908 -0.00170304 0.00545737 -0.00708415 -0.00294009 -0.00461893 -0.000669432 -0.00821492 0.00890416 -0.00665705 -0.00940514 -0.00876242 -0.0098083 0.0128623 -0.0110839 -0.0115956
internal_weight=165.291 106.456 58.8345 62.7455 43.7107 27.6678 16.9648 23.1765 50.0271 39.569 33.0328 18.0984 45.9424 17.3461 9.91256 14.9345 9.28666 37.0763 16.0429 25.6375 20.422
internal_count=550 398 152 238 160 111 76 92 118 146 122 79 102 60 46 43 47 79 49 56 47
is_linear=0
shrinkage=0.0138221


Tree=141
num_leaves=19
num_cat=0
split_feature=8 21 14 10 19 21 10 6 27 16 19 19 14 19 13 14 2 16
split_gain=5.19519 5.82363 5.55094 5.13481 9.04151 9.03968 5.84362 6.52999 6.88025 5.61152 3.66832 3.1414 2.91017 2.59824 2.40801 1.71135 0.955534 0.710356
threshold=40.415104731646956 0.039864490787945968 0.012292954757788013 0.010075080941732812 0.0077622848077007625 0.046226854710299532 0.011837000840788873 46865.369500000008 -0.60785761079279388 0.71072071954895832 0.0084363174226296852 0.0084703044999578005 0.014676226392113972 0.0088270013934437699 55091.647000000004 0.011796858938200041 4557.0742325000019 1.0565479216906482
decision_type=2 2 2 2 2 2 2 2 2 2 2 2 2 2 2 2 2 2
left_child=3 2 11 5 14 16 10 15 9 -9 -6 -2 13 -10 17 -8 -1 -5
right_child=1 -3 -4 4 6 -7 7 8 12 -11 -12 -13 -14 -15 -16 -17 -18 -19
leaf_value=0.017224600935523506 0.0044244008959818367 0.01800772284475672 0.01454637128010417 -0.012129652786903599 0.0025154009281783698 -0.0060892934076534335 0.014623351069677892 0.016396261685125087 -2.7885356030387092e-05 -0.0013759951007558965 0.019753154348900129 -0.010021478087989684 0.0031706475024291473 -0.0072794640670624253 -0.0023381395255867321 0.0032610842615603758 0.0086510539467753809 -0.0072056491355043826
leaf_weight=6.8800394833087939 5.5165495872497612 6.0194982439279547 4.8290089815855017 14.673110872507097 4.9057956635951978 6.952655926346778 5.7730879783630353 6.2208554446697217 12.602110981941221 7.4702151566743851 4.5426114201545715 6.0083374977111816 8.7676730304956418 37.619114696979523 10.643294692039488 4.511821523308754 3.8865221291780472 9.0496693700551969
leaf_count=35 23 30 23 30 20 28 28 31 42 21 23 20 32 76 30 19 17 22
internal_value=0.00018626 0.00638424 0.00210589 -0.000773402 -0.0017475 0.00619619 0.000503465 -0.000669489 -0.00212823 0.00669924 0.010803 -0.00310675 -0.00417704 -0.00545981 -0.00780054 0.00963891 0.0141297 -0.0102513
internal_weight=166.872 22.3734 16.3539 144.499 126.779 17.7192 92.4133 82.9649 72.68 13.6911 9.44841 11.5249 58.9889 50.2212 34.3661 10.2849 10.7666 23.7228
internal_count=550 96 66 454 374 80 292 249 202 52 43 43 150 118 82 47 52 52
is_linear=0
shrinkage=0.0138221


Tree=142
num_leaves=21
num_cat=0
split_feature=22 5 11 21 21 30 3 18 17 24 19 11 5 19 11 5 24 18 11 2
split_gain=14.9863 14.8422 17.2153 11.6025 10.8222 8.57113 10.413 5.11405 5.11707 4.62901 0.0157904 0.0145187 0.0136897 0.0105847 0.00452454 0.00385537 0.00196975 0.00265318 0.00177564 0.0011468
threshold=0.03800281025738584 61.907327518544413 -0.10073767145736982 -0.05303084956559239 0.041518982579783932 49225.847500000011 26.500000000000004 3.7935000000000009e-05 5610.8972655000025 -0.0060088866583491926 0.0078572465111370181 -0.11700008198544352 40.589342732560077 0.0090199452768249932 0.0071211040472038975 34.600940538606807 0.001715061742461814 2.1400000000000002e-05 -0.011722830832138651 5739.2633845000018
decision_type=2 2 2 2 2 2 2 2 2 2 2 2 2 2 2 2 2 2 2 2
left_child=10 2 11 -4 5 13 9 8 -6 -7 14 15 -8 -5 18 -2 -3 -18 -1 -15
right_child=1 16 3 4 7 6 12 -9 -10 -11 -12 -13 -14 19 -16 -17 17 -19 -20 -21
leaf_value=-0.011490628430752227 -0.01173254320098298 -0.011332413472712188 0.011543442984368216 -0.012382922471935067 -0.0043241300837215703 0.015356825266897875 -0.011773368255026926 0.015948335675337676 0.010222229780705284 0.0020325016138227352 -0.012316624504474908 -0.012461527847288359 -0.012913671843305425 -0.011457481756344244 -0.011177928745215837 -0.011179943018627053 -0.011414472841017775 -0.011893702234474479 -0.011934084233482582 -0.01181639219437448
leaf_weight=4.2090713828802118 4.9549900963902456 6.4640171676874152 33.380114905536175 5.7021222934126836 8.1141373738646561 6.9275322854518846 4.128005772829054 10.631176233291624 10.729827746748922 17.731424704194076 5.2221215292811385 3.9139772579073897 3.9228955283761024 4.6466723829507828 7.0119679719209671 4.7001076117157936 4.4917969331145269 4.3394003584980965 2.9230661988258371 2.6828764602541924
leaf_count=27 27 36 38 30 33 4 25 5 15 59 28 18 20 30 39 29 27 25 18 17
internal_value=-0.000283478 0.0013203 0.00292738 0.00476148 0.00175174 -0.00245697 0.00131962 0.00828311 0.00395862 0.00577575 -0.0116671 -0.0117514 -0.012329 -0.0119363 -0.0114273 -0.0114635 -0.0115158 -0.01165 -0.0116724 -0.0115889
internal_weight=156.827 137.461 122.166 108.597 75.2167 45.7415 32.7099 29.4751 18.844 24.659 19.3662 13.5691 8.0509 13.0317 14.1441 9.6551 15.2952 8.8312 7.13214 7.32955
internal_count=550 438 350 276 238 185 108 53 48 63 112 74 45 77 84 56 88 52 45 47
is_linear=0
shrinkage=0.0138221


Tree=143
num_leaves=22
num_cat=0
split_feature=7 31 13 8 22 14 31 33 28 19 21 25 6 21 32 14 25 32 30 19 31
split_gain=6.94422 7.01284 9.92727 6.7271 5.14822 5.30236 4.731 5.37906 3.57682 7.82572 4.02092 3.03838 2.26065 2.16085 1.89583 2.76962 1.0488 0.689529 0.441254 0.34578 0.0838672
threshold=4.8780000000000011e-05 -570.94668950000153 52485.270500000006 37.850672212135116 0.058866740774584994 0.0067418391992460297 -168.85647100000085 15.500000000000002 -0.0026437280146701099 0.0091301822304127641 -0.064522675096239088 0.001715061742461814 51645.080000000009 0.020918557875975522 17.04200781875501 0.0086112410191173886 0.0017711029598205974 16.911804204794947 53402.028500000008 0.0066691132518408311 -6245.6117990000012
decision_type=2 2 2 2 2 2 2 2 2 2 2 2 2 2 2 2 2 2 2 2 2
left_child=1 3 11 8 5 -4 7 -2 9 12 -11 14 -1 -5 19 -16 -6 -10 -8 -3 -12
right_child=6 2 4 13 16 -7 18 -9 17 10 20 -13 -14 -15 15 -17 -18 -19 -20 -21 -22
leaf_value=0.012382163983049411 -0.0096212137029408167 0.012974345492612633 -0.0036633235443005382 0.01069993035194502 -0.0095342163371877585 0.010706143469310266 -0.0075044635309410761 0.0074092101515197259 -0.0051651818293375323 0.0040857344973462776 -0.0097861012965820178 0.00098687618173724616 0.00021812307337427508 -0.00067664694286057156 -0.00088745991051529809 0.012263061499109874 -0.0014931686379093577 -0.010809466811406961 -0.011899863772347707 0.017184317633011273 -0.012004256790377666
leaf_weight=7.0159709602594358 6.0775658190250388 7.6531002372503298 9.4029418677091616 8.9202125668525678 9.9568832442164403 10.258796736598013 7.0554426461458233 8.4972727894783002 6.1162273138761583 4.5374093800783184 5.9299709647893915 6.2689006254076949 4.9986091703176498 4.9651641994714728 4.5677801370620719 9.2677748501300794 4.4993585348129264 12.765929386019705 11.436983510851858 7.2660341709852219 7.2234463244676563
leaf_count=24 14 23 27 30 32 36 32 34 17 17 12 28 25 23 21 29 23 27 25 20 31
internal_value=8.12206e-05 0.00150391 0.00453673 -0.00185264 -0.000769777 0.00383415 -0.00558139 0.000307689 -0.00427735 -0.00128736 -0.00713391 0.00970603 0.00732137 0.00663187 0.0116069 0.00792144 -0.00703152 -0.00898119 -0.0102229 0.0150247 -0.0110042
internal_weight=164.682 131.615 69.1416 62.4729 34.118 19.6617 33.0673 14.5748 48.5876 29.7054 17.6908 35.0236 12.0146 13.8854 28.7547 13.8356 14.4562 18.8822 18.4924 14.9191 13.1534
internal_count=550 445 239 206 118 63 105 48 153 109 60 121 49 53 93 50 55 44 57 43 43
is_linear=0
shrinkage=0.0138221


Tree=144
num_leaves=21
num_cat=0
split_feature=24 13 17 30 20 18 6 22 24 24 11 34 0 6 30 20 15 14 17 25
split_gain=5.12182 5.23801 6.17618 8.1578 7.4036 6.40587 4.82122 8.98756 4.44707 4.26047 5.14294 3.98555 3.28988 5.45257 3.23776 1.99182 1.88221 1.87175 1.67068 0.46541
threshold=0.0046856341330148319 57632.248500000009 1134.6367450000018 48742.405500000008 -0.32730693191210614 -1.5299999999999996e-05 51114.601000000002 0.071502639276590535 -0.0026903640798794305 0.00063353614364867583 0.046501526532774291 0.0034637975700690942 -0.22252093395631442 53219.196000000004 57652.619000000006 -0.053229424110958122 -632.69297299999914 0.0072303827681231489 3940.3512030000011 -0.001756395924304643
decision_type=2 2 2 2 2 2 2 2 2 2 2 2 2 2 2 2 2 2 2 2
left_child=1 2 3 4 -1 8 7 17 -5 18 15 -12 19 -14 -3 -11 -10 -4 -8 -7
right_child=-2 14 6 5 -6 12 9 -9 16 10 11 -13 13 -15 -16 -17 -18 -19 -20 -21
leaf_value=0.015569637278225466 0.012467661733645836 -0.00038896990423626624 -0.01113370699483731 -0.0062215201419431373 -0.0034895925910698113 -0.0072552713891523802 0.0079438278501977894 0.012809796682593886 0.014394029099024794 0.0043647735071216335 -0.0092059299836833551 0.0061344258800010631 -0.008670102260030654 0.0056217472299807383 0.014406124297755315 0.017152061922870894 0.0021326617999180763 -0.0012859740590680623 0.019227600952615664 -0.010276136823440809
leaf_weight=7.7566651105880737 6.2493527680635443 4.6695349365472776 10.27050063014031 6.2071469873189917 7.8190874308347684 15.41845476627349 5.0251651853322965 5.5511762201786032 5.2241191416978827 4.7548145651817304 7.715130001306532 5.5729861855506897 11.685604974627511 9.0496741980314237 7.1575096100568771 4.5583144277334249 4.4119079411029736 5.7529283165931693 5.0024557262659073 26.473769307136536
leaf_count=38 30 14 21 15 31 33 22 26 25 20 18 24 32 39 34 23 19 22 25 39
internal_value=0.000191758 -0.000287489 -0.000993701 -0.00313551 0.00600183 -0.00494919 0.00272247 -0.00234708 0.00290266 0.00607452 0.00274765 -0.00277224 -0.00693551 -0.00243259 0.00856475 0.0106235 0.00878009 -0.00759805 0.0135729 -0.00916431
internal_weight=166.326 160.077 148.25 94.0464 15.5758 78.4707 54.2035 21.5746 15.8432 32.6289 22.6012 13.2881 62.6275 20.7353 11.827 9.31313 9.63603 16.0234 10.0276 41.8922
internal_count=550 520 472 271 69 202 201 69 59 132 85 42 143 71 48 43 44 43 47 72
is_linear=0
shrinkage=0.0138221


Tree=145
num_leaves=22
num_cat=0
split_feature=0 1 10 19 34 7 31 2 8 21 11 13 6 10 3 7 10 7 31 13 11
split_gain=29.1613 12.1504 8.84745 8.76779 8.7368 7.65494 2.44128 2.22362 2.1426 1.18112 0.00765883 0.00409612 0.00244365 0.00148938 0.00194081 0.00163227 0.00117755 0.000702266 0.000383967 0.000329282 0.000282218
threshold=-0.22252093395631442 57.803546668156208 0.01086850076352105 0.011239304451532647 -0.0006304720039583821 7.7295000000000011e-05 1352.0642249999994 -9330.519363499996 23.023273414488937 -0.046157583832876763 0.053820048392985383 56547.833000000006 50403.717500000006 0.016953111719739483 27.500000000000004 -1.5299999999999996e-05 0.013679031094666895 3.9530000000000009e-05 -651.91680850000193 55091.647000000004 0.050104339893790824
decision_type=2 2 2 2 2 2 2 2 2 2 2 2 2 2 2 2 2 2 2 2 2
left_child=1 2 6 7 11 8 -1 -4 -2 -9 -3 -5 16 14 15 -14 -10 -17 -18 20 -16
right_child=5 10 3 4 -6 -7 -8 9 12 -11 -12 -13 13 -15 19 17 18 -19 -20 -21 -22
leaf_value=-0.012206325388201315 -0.0034499546021620991 -0.011452992670919038 0.0051863378915417797 -0.011783789911913978 0.0067164952955846005 0.0045416712948869549 0.001233883164672303 0.014463269897962875 -0.010966863440015406 0.0098222273851989762 -0.012309805518629926 -0.012431351244248896 -0.011776905131272084 -0.011126034262048034 -0.011306444115216363 -0.011352001733604965 -0.011360270063403885 -0.011595018758921351 -0.01117269020255925 -0.011398076946233383 -0.011139625589893816
leaf_weight=5.7631757408380491 7.8826547712087622 4.7588071599602682 13.950414255261419 4.6323626115918186 12.200223490595816 7.9445562213659278 4.6776559352874756 16.380945205688469 4.5267857313156119 29.064635932445533 3.4295754805207253 3.1252652108669281 3.5825031027197829 3.9793542101979247 4.1224769949913007 6.747361354529863 3.2460719272494307 3.4250688031315804 5.8278616890311232 3.0210016444325447 3.655634380877018
leaf_count=29 31 26 33 30 22 22 13 8 22 38 20 18 22 28 28 45 22 19 34 19 21
internal_value=-0.000290657 0.00430648 0.00577631 0.00735009 -0.00057598 -0.00806208 -0.0061849 0.0100134 -0.010064 0.0114951 -0.0118119 -0.0120447 -0.0113014 -0.0113741 -0.0114143 -0.0115232 -0.011149 -0.0114338 -0.0112398 -0.0112756 -0.011228
internal_weight=155.944 97.9831 89.7947 79.3538 19.9579 57.9613 10.4408 59.396 50.0168 45.4456 8.18838 7.75763 42.1341 28.5334 24.554 13.7549 13.6007 10.1724 9.07393 10.7991 7.77811
internal_count=550 237 191 149 70 313 42 79 291 46 46 48 260 182 154 86 78 64 56 68 49
is_linear=0
shrinkage=0.0138221


Tree=146
num_leaves=23
num_cat=0
split_feature=0 6 1 11 3 21 19 19 8 20 3 3 8 31 25 8 21 21 25 20 8 4
split_gain=12.6508 8.85119 7.66468 4.75593 5.60157 3.81399 3.25548 3.88566 3.1299 2.75911 2.38898 2.05085 1.95152 1.62549 1.57592 1.52629 0.538424 0.528594 1.66412 0.499995 0.00120332 0.00123264
threshold=-0.56174490092936669 52063.580000000009 57.892962312658014 -0.12421019804813081 36.000000000000007 -0.084282319434979477 0.0080884594605597753 0.008580002898223171 39.50089791478738 -1.315075116993049 42.500000000000007 27.500000000000004 21.989665755636199 -19.121743500000772 0.00055604944440249763 34.279400711846769 0.029118931058428558 -0.024662289905025222 0.00095652940063499872 -0.49669744118534448 21.747900624758618 -0.01252400400878567
decision_type=2 2 2 2 2 2 2 2 2 2 2 2 2 2 2 2 2 2 2 2 2 2
left_child=2 6 5 -3 8 -1 15 -8 11 -7 -6 17 -9 -10 -14 16 -2 18 -5 -11 -21 -22
right_child=1 3 -4 4 10 9 7 12 13 19 -12 -13 14 -15 -16 -17 -18 -19 -20 20 21 -23
leaf_value=0.0055474074329568404 0.010184080806132884 0.0091223205434644919 0.0067001799600905736 -0.011601479211806605 0.012606774297746464 -0.0014456763468337194 -0.0054730974110254451 -0.001615085819024482 0.0064346325808908623 -0.0081473792971278221 -4.2459641869594281e-05 -0.00050828615866538752 0.011827481901095895 -0.0054854998601396015 0.0027134792208077367 0.0052802601141381045 0.015390603653844563 -0.012002470359414437 -0.0012732318002682042 -0.011292210961825803 -0.011315540649607695 -0.011597007578984924
leaf_weight=4.0893333852291098 6.1846074163913789 7.9099405556917182 8.9055716097354871 7.6769626438617689 5.4819998890161497 8.793628975749014 6.3504480272531536 4.1550422608852413 5.7565007507801056 15.063329905271525 5.9471507221460342 6.4185391739010802 11.533349156379701 3.5233223587274534 5.2858697175979605 6.1565255820751181 9.8200191259384138 8.8531719744205528 4.8718528300523758 7.133909620344645 4.2500611767172769 9.8893938809633273
leaf_count=16 20 27 33 20 16 23 24 20 23 30 25 34 36 20 22 24 27 32 28 9 5 36
internal_value=8.18768e-05 0.00292521 -0.00509971 -0.000816112 -0.002436 -0.00723473 0.00719225 0.00399954 -0.00504242 -0.00839294 0.00602475 -0.00736109 0.0068676 0.00190885 0.00896317 0.0111289 0.0133787 -0.00941628 -0.00759172 -0.0100742 -0.0114386 -0.0115124
internal_weight=164.051 105.925 58.1252 56.4394 48.5295 49.2197 49.4859 27.3247 37.1003 45.1303 11.4292 27.8205 20.9743 9.27982 16.8192 22.1612 16.0046 21.402 12.5488 36.3367 21.2734 14.1395
internal_count=550 398 152 225 198 119 173 102 157 103 41 114 78 43 58 71 47 80 48 80 50 41
is_linear=0
shrinkage=0.0138221


Tree=147
num_leaves=20
num_cat=0
split_feature=8 10 33 14 30 22 11 11 14 33 8 30 6 31 8 14 17 14 22
split_gain=4.99108 4.93507 8.36278 6.38617 7.61649 4.6431 4.54252 4.3661 4.39234 3.46019 3.35774 3.61623 6.7627 2.95509 2.27156 1.08757 0.859433 0.854189 0.224885
threshold=40.415104731646956 0.010075080941732812 33.000000000000007 0.0068676401203753212 48886.210500000008 0.076827835040148132 -0.042009936045955147 0.044443234710166653 0.012292954757788013 22.500000000000004 35.856485385353849 53962.402000000009 51645.080000000009 904.72469849999868 34.098658722092615 0.0061024479096828685 3138.5957925000021 0.010664163588640941 0.023980062758505487
decision_type=2 2 2 2 2 2 2 2 2 2 2 2 2 2 2 2 2 2 2
left_child=1 2 18 6 13 10 -3 8 9 -2 11 12 -6 16 -7 -8 -5 -13 -1
right_child=7 3 -4 4 5 14 15 -9 -10 -11 -12 17 -14 -15 -16 -17 -18 -19 -20
leaf_value=0.013010985765011571 -0.0075563750076033812 0.0008204880012212106 -0.0036561947554049233 0.01542511669064146 -0.0041309281532954326 -0.0028273371113727709 -0.0059012408165366624 0.017935707685768285 0.014288580695818516 0.0070010694893294992 0.0098482968308867182 -0.0026377087778536286 0.012183988880793887 0.0017454210384090863 -0.011309435284052248 -0.011541463987570806 0.0075602066911421842 -0.0091280522470541907 0.017389991736329706
leaf_weight=4.1241420805454272 7.1444295793771797 11.937685176730154 8.5981072187423688 7.1618037074804324 10.857674166560175 13.393134891986849 10.583364218473436 4.8134835362434378 4.8302801847457877 5.5371319204568863 6.7760805785655966 8.0396307557821256 8.7785189449787122 8.5200117826461774 10.975140005350111 17.060364529490471 4.2176996171474457 7.4770905822515479 4.9058040678501129
leaf_count=20 25 35 35 35 37 32 29 24 23 24 31 26 41 35 15 23 19 16 25
internal_value=0.000197452 -0.000748969 0.0061002 -0.00170889 0.000401642 -0.00184938 -0.00630503 0.00627677 0.00307208 -0.00120018 0.000939218 -0.000778097 0.00316279 0.00790116 -0.00664756 -0.00938211 0.0125101 -0.00576523 0.01539
internal_weight=165.732 143.406 17.6281 125.778 86.1968 66.2973 39.5814 22.3253 17.5118 12.6816 41.929 35.1529 19.6362 19.8995 24.3683 27.6437 11.3795 15.5167 9.02995
internal_count=550 454 80 374 287 198 87 96 72 49 151 120 78 89 47 52 54 42 45
is_linear=0
shrinkage=0.0138221


Tree=148
num_leaves=20
num_cat=0
split_feature=0 8 28 18 28 4 8 2 11 32 16 18 8 5 9 6 16 8 18
split_gain=28.513 11.9035 7.26337 12.4709 9.88165 12.9243 4.67812 6.19451 3.93484 0.0188215 0.0142245 0.00963684 0.00361918 0.00179649 0.00171563 0.00144201 0.00115348 0.000838636 0.000598195
threshold=-0.22252093395631442 37.525694922580065 0.0010432891452193396 6.2360000000000006e-05 -0.0026437280146701099 -0.012013359294588242 23.35390817949752 12681.530307000003 0.045383970312282369 17.04200781875501 1.0565479216906482 7.5280000000000011e-05 27.889699804104179 35.558678049793762 59.982751576284777 50403.717500000006 1.1818888070879525 40.710970712513578 -1.0474999999999999e-05
decision_type=2 2 2 2 2 2 2 2 2 2 2 2 2 2 2 2 2 2 2
left_child=1 2 4 9 5 -1 -2 11 10 -4 12 13 -7 -8 -3 16 -15 18 -17
right_child=6 14 3 -5 -6 8 7 -9 -10 -11 -12 -13 -14 15 -16 17 -18 -19 -20
leaf_value=0.010034448067971753 0.00018838315142324314 -0.011802554184118181 -0.011502489696814364 0.012086718690251108 0.01196873465001874 -0.011841009862546957 -0.011514644952596735 0.0081102990144768343 0.0040610149285154789 -0.012694761210349514 -0.013208117999737003 -0.011971151177123442 -0.012472011128382719 -0.010961142213470073 -0.011404286244283426 -0.011422347014811915 -0.011238394412129368 -0.011109585033798896 -0.01126304213383811
leaf_weight=16.229813396930695 10.771991282701491 4.2786881327629072 4.8055750280618685 6.775649979710578 41.992582648992538 4.2830460742115992 4.5381404161453238 3.3786097317934027 3.7646808028221121 5.3411286324262619 3.168607234954834 3.9616647586226454 2.9209152087569237 5.9197358861565572 3.9966777414083481 7.2789072394371024 5.5591311156749725 4.2738206684589377 11.809991769492632
leaf_count=22 36 24 27 6 39 27 28 6 9 28 16 24 16 35 23 44 31 29 80
internal_value=-0.000301636 0.00424861 0.00571853 -0.00243377 0.00762507 0.0016185 -0.00802289 -0.00991612 -0.00804316 -0.0121301 -0.0124363 -0.0113213 -0.0120969 -0.011256 -0.0116102 -0.0112223 -0.0110954 -0.0112846 -0.0113238
internal_weight=155.049 97.5574 89.282 16.9224 72.3596 30.3671 57.492 46.72 14.1372 10.1467 10.3726 43.3414 7.20396 39.3797 8.27537 34.8416 11.4789 23.3627 19.0889
internal_count=550 237 190 61 129 90 313 277 68 55 59 271 43 247 47 219 66 153 124
is_linear=0
shrinkage=0.0138221


Tree=149
num_leaves=22
num_cat=0
split_feature=0 6 1 13 21 21 27 10 9 15 20 20 17 16 6 10 13 20 17 8 4
split_gain=12.369 8.63983 7.48084 4.03826 3.86129 3.75685 3.44463 3.20498 3.93844 3.55575 2.7493 2.65271 2.4614 1.56185 1.27569 0.796908 0.784045 0.501216 0.0138248 0.00119972 0.00113415
threshold=-0.56174490092936669 52063.580000000009 57.892962312658014 55091.647000000004 0.046226854710299532 -0.084282319434979477 0.6078576107927941 0.013784727771495101 52.135744604872215 -7368.0950379999995 -1.315075116993049 1.0000000180025095e-35 4832.3326440000019 1.5932718388532232 50403.717500000006 0.016186572820780998 53712.113000000005 -0.49669744118534448 -352.11639449999899 21.747900624758618 -0.01252400400878567
decision_type=2 2 2 2 2 2 2 2 2 2 2 2 2 2 2 2 2 2 2 2 2
left_child=2 7 5 4 6 -1 16 14 9 -9 -7 -5 -13 -10 -2 -11 -3 -12 -18 -19 -21
right_child=1 3 -4 11 -6 10 -8 8 13 15 17 12 -14 -15 -16 -17 18 19 -20 20 -22
leaf_value=0.0054958918216535431 0.014293526384302143 -0.006209449186289389 0.0065937413731488471 0.0093367020052224602 0.00352973550026022 -0.0013964109689034085 0.001962811079987557 -0.0024694585945399094 0.00246451833713013 0.0080017070096054521 -0.0080929718412556893 -0.0067417001179800474 0.008025295135969307 -0.0081096226534742126 0.007476796147048481 0.0148741473680436 -0.011451873722340097 -0.011255532286170222 -0.012513209714960564 -0.011286955692555138 -0.011558169177503871
leaf_weight=4.0929354578256598 11.507508084177973 8.696034669876104 8.9068228751420957 9.8946663886308688 10.775914981961249 8.7650135010480863 7.0903710126876822 4.5116805434227016 5.644112214446066 5.8788705915212649 14.948089018464083 5.5550718829035741 3.5248574614524841 5.0622842758893967 9.6377116888761503 7.1369982659816742 7.2594562470912942 7.0539301112294259 3.4634666368365261 4.2133428677916482 9.7915186285972613
leaf_count=16 33 34 33 37 36 23 31 23 25 20 30 32 14 19 33 20 18 9 23 5 36
internal_value=8.5945e-05 0.00289816 -0.00505636 -0.000805138 -0.00344688 -0.00717987 -0.00628284 0.00711748 0.00407004 0.00810475 -0.00833866 0.00438591 -0.00100911 -0.00253523 0.0111866 0.0117701 -0.00929355 -0.0100286 -0.0117947 -0.0114025 -0.0114766
internal_weight=163.411 105.639 57.7717 56.2598 37.2852 48.8648 26.5093 49.3792 28.2339 17.5275 44.7719 18.9746 9.07993 10.7064 21.1452 13.0159 19.419 36.0069 10.7229 21.0588 14.0049
internal_count=550 398 152 225 142 119 106 173 107 63 103 83 46 44 66 40 75 80 41 50 41
is_linear=0
shrinkage=0.0138221


Tree=150
num_leaves=16
num_cat=0
split_feature=24 13 21 23 17 34 13 22 30 22 21 30 27 13 18
split_gain=4.9605 5.10093 6.56189 5.06 8.64155 4.95769 4.24663 8.16674 5.3599 4.92522 3.19125 3.14601 2.9961 2.98676 0.773795
threshold=0.0046856341330148319 57632.248500000009 -0.053475311049393841 0.090310214636998218 -7436.3493479999988 -0.0033801029687395841 52715.061500000003 0.055933732516623563 47520.735500000003 0.068394570506439128 -0.018857231409429961 57652.619000000006 1.0000000180025095e-35 53906.37200000001 -1.8449999999999998e-05
decision_type=2 2 2 2 2 2 2 2 2 2 2 2 2 2 2
left_child=1 2 5 -4 14 13 7 12 -9 10 -8 -3 -6 -1 -5
right_child=-2 11 3 4 6 -7 9 8 -10 -11 -12 -13 -14 -15 -16
leaf_value=-0.0057256060239099073 0.012308432620600803 -0.0003755822676233013 -0.0069768299616124671 0.0095092874609055307 -0.0069018097412715017 -0.010363112359453232 2.0441442536040893e-05 0.014842499480731788 -0.00034816161293953218 -0.0054342967853101996 0.011517673498282156 0.014228825319741232 0.0022753658074419971 0.007934622598164208 0.017290923646340953
leaf_weight=6.5424675792455655 6.2229469418525687 4.6514926403760892 14.611402094364164 4.2822315245866776 33.651582211256027 21.338965058326721 6.6524481922388139 7.6454184651374844 10.576757311820982 6.8741784542798987 15.040368497371672 7.1491915136575699 8.5166529864072782 5.74166639149189 5.6791646331548673
leaf_count=17 30 14 33 20 96 31 26 37 42 16 70 34 30 25 29
internal_value=0.000202428 -0.000271515 -0.000972699 0.000615729 0.00173723 -0.00633611 0.000370133 -0.00170695 0.00602533 0.00476108 0.00799186 0.00847218 -0.00504831 0.000659254 0.0139457
internal_weight=165.177 158.954 147.153 113.53 98.9188 33.6231 88.9574 60.3904 18.2222 28.567 21.6928 11.8007 42.1682 12.2841 9.9614
internal_count=550 520 472 399 366 73 317 205 79 112 96 48 126 42 49
is_linear=0
shrinkage=0.0138221


Tree=151
num_leaves=22
num_cat=0
split_feature=0 1 10 13 17 7 25 23 25 8 8 11 13 10 33 7 10 5 30 31 11
split_gain=27.919 11.6642 8.52762 7.93392 9.49984 7.48057 7.24466 3.24993 2.37916 2.09677 1.14355 0.00728239 0.00208529 0.00135342 0.00204972 0.00141238 0.000856849 0.000587955 0.000428852 0.000416234 0.00027805
threshold=-0.22252093395631442 57.803546668156208 0.01086850076352105 47884.55000000001 -13208.673991499998 7.7295000000000011e-05 -0.0059042588159897132 0.69222251684904679 0.00065806449594950443 23.023273414488937 26.031455646211665 0.053820048392985383 50313.138500000008 0.016953111719739483 27.500000000000004 -1.6149999999999996e-05 0.013679031094666895 45.792719895591325 54688.356000000007 -721.76296250000121 0.050104339893790824
decision_type=2 2 2 2 2 2 2 2 2 2 2 2 2 2 2 2 2 2 2 2 2
left_child=1 2 8 7 6 9 -5 -4 -1 -2 -6 -3 16 14 15 -14 -11 -17 20 -18 -16
right_child=5 11 3 4 10 -7 -8 -9 -10 12 -12 -13 13 -15 18 17 19 -19 -20 -21 -22
leaf_value=-0.012171567778970549 -0.003449188708611624 -0.011387159550659854 -0.011953521578427781 0.0085515994796283717 0.012912066377575273 0.0044853403725941101 -0.012491104270373296 0.0051987415082908935 0.0011538571751063766 -0.010940616108610643 0.0089932535973617101 -0.012229949813542024 -0.011695149187355272 -0.011067532731539738 -0.01121486105222635 -0.011277307765403113 -0.011305444864329625 -0.011484648864987953 -0.011315964702081833 -0.011105750963276217 -0.011034109140388312
leaf_weight=5.6766386032104474 7.8579364642500868 4.6701371893286687 5.3290597796440107 6.1373508423566818 31.263526886701591 7.9158977121114722 6.3702932298183352 3.4943647459149361 4.6622117832303047 4.4752231836318961 26.10609695315361 3.3738647699356079 3.4806267693638793 3.8925309628248206 3.4131828323006612 5.610624007880693 3.0691109374165526 4.8903938457369804 3.6450745761394501 5.6934932842850676 3.1051636412739754
leaf_count=25 31 26 30 12 22 22 37 11 17 23 37 20 21 28 22 35 21 34 23 34 19
internal_value=-0.000310277 0.00419924 0.00563928 0.00718968 0.00874916 -0.00798434 -0.0021657 -0.00516066 -0.00616259 -0.00999334 0.0111288 -0.0117406 -0.0112392 -0.0113067 -0.0113453 -0.0114538 -0.0110962 -0.0113739 -0.0111959 -0.0111757 -0.0111288
internal_weight=154.133 97.0835 89.0395 78.7007 69.8773 57.0493 12.5076 8.82342 10.3389 49.1334 57.3696 8.044 41.2754 28.0376 24.1451 13.9816 13.2378 10.501 10.1634 8.7626 6.51835
internal_count=550 237 191 149 108 313 49 41 42 291 59 46 260 182 154 90 78 69 64 55 41
is_linear=0
shrinkage=0.0138221


Tree=152
num_leaves=21
num_cat=0
split_feature=2 21 17 32 16 8 18 30 21 30 2 4 21 16 16 14 8 16 31 28
split_gain=6.82254 8.09083 7.06323 5.68614 6.39622 9.5971 4.56616 3.51885 3.06935 2.96465 2.69677 2.61591 3.01722 1.96241 1.77364 1.75263 1.36977 0.254479 0.18373 0.00712694
threshold=-5684.5991244999977 -0.069204589132544722 4374.9317215000019 14.785794480033241 0.88111609377873112 23.023273414488937 -7.8349999999999987e-06 51462.87000000001 0.065469230703595463 50973.55750000001 -1817.0969569999988 0.0060616985423793688 0.042834387208674392 0.6094184090683229 1.4204996427260286 0.012871605600885095 33.725064080242468 0.57141853175287738 -1797.7910525000002 -0.0026437280146701099
decision_type=2 2 2 2 2 2 2 2 2 2 2 2 2 2 2 2 2 2 2 2
left_child=1 15 3 11 9 -6 8 -3 -4 -5 -7 -2 -13 -11 -12 -1 18 -9 -8 -19
right_child=2 7 6 4 5 10 16 17 -10 13 14 12 -14 -15 -16 -17 -18 19 -20 -21
leaf_value=0.01088177073676287 0.015530068242511415 -0.00077052497864945094 0.0090963896741678065 0.0031104538037771408 -0.0075538818422839701 0.016161090101593452 -0.0094248395254439322 -0.0069913231268116608 -0.0040782820892179186 -0.00027928988162072445 0.010895040554798417 0.013703866067938452 0.000681752079814247 -0.0090977984507151256 0.0011703061008790235 0.00014627081452193752 -0.0037052965157274133 -0.011721755585859443 -0.012997254173445206 -0.011207564110694361
leaf_weight=5.610702767968176 9.0753662288188952 8.9942125380039197 6.7305005788803083 11.046642459928991 7.4569967091083553 9.42266090214253 5.563638508319853 2.7444825023412731 6.7834798693656921 7.7421234399080303 8.2553821653127617 5.754206955432891 8.306411996483801 12.77851592004299 6.3309385925531378 6.0253840833902359 8.1143968850374204 10.588210590183735 5.4396076500415838 10.026893563568592
leaf_count=20 25 38 26 33 19 28 11 19 20 32 28 18 36 30 27 26 33 29 36 16
internal_value=8.838e-05 -0.00456177 0.00181025 0.00388426 0.00173312 0.00614324 -0.00366651 -0.00811674 0.00248323 -0.00266284 0.0103975 0.00974494 0.00601096 -0.00577071 0.00667419 0.00532273 -0.00801368 -0.0109453 -0.0111909 -0.0114717
internal_weight=162.791 43.9899 118.801 86.1692 63.0333 31.466 32.6316 32.3538 13.514 31.5673 24.009 23.136 14.0606 20.5206 14.5863 11.6361 19.1176 23.3596 11.0032 20.6151
internal_count=550 148 402 276 197 102 126 102 46 95 83 79 54 62 55 46 80 64 47 45
is_linear=0
shrinkage=0.0138221


Tree=153
num_leaves=17
num_cat=0
split_feature=24 13 21 23 2 14 30 27 14 15 30 3 14 5 15 13
split_gain=4.84709 4.99754 6.43328 4.96341 9.84273 6.64821 7.02387 3.79255 5.38503 3.16647 3.06757 2.61145 2.39408 2.17689 0.927431 0.85357
threshold=0.0046856341330148319 57632.248500000009 -0.053475311049393841 0.090310214636998218 -5915.0540899999978 0.0069397174499840385 52699.678500000002 -1.0000000180025095e-35 0.0084013711662363315 3246.0154605000016 57652.619000000006 25.500000000000004 0.0090740329552723223 36.130946111666198 -4403.5308904999974 51277.468000000008
decision_type=2 2 2 2 2 2 2 2 2 2 2 2 2 2 2 2
left_child=1 2 13 -4 15 6 11 12 -9 -8 -3 -6 -7 -1 -15 -5
right_child=-2 10 3 4 5 7 9 8 -10 -11 -12 -13 -14 14 -16 -17
leaf_value=-0.00086091494040510357 0.012186703392703309 -0.00035140794385641558 -0.006924867000375542 0.0092253252020553875 -0.010870480671267379 0.0047754021012906024 -0.0017164590795478085 0.0093062820756941774 -0.0020449605729258411 0.012541240052917148 0.014079701432881554 -0.0019269169025057436 0.018672491304072069 -0.011515814633107328 -0.0060099673796898418 0.016428633412682758
leaf_weight=9.9222645759582502 6.2093414962291709 4.6426201909780485 14.54226018488407 5.828757628798483 18.583695799112323 4.9570084959268552 6.5389844030141813 11.776005178689955 24.799702793359756 5.4615567773580551 7.1452631950378418 9.3887972533702833 4.5350500792264938 10.972323626279829 12.508061841130258 6.8204423189163208
leaf_count=32 30 14 33 27 38 21 25 53 82 26 34 36 23 12 29 35
internal_value=0.000207047 -0.000262493 -0.000958548 0.000613906 0.00172477 5.10742e-05 -0.0040736 0.00363006 0.00160971 0.00477235 0.00839606 -0.00786863 0.0114151 -0.00628904 -0.00858284 0.0131093
internal_weight=164.632 158.423 146.635 113.232 98.69 86.0408 39.973 46.0678 36.5757 12.0005 11.7879 27.9725 9.49206 33.4027 23.4804 12.6492
internal_count=550 520 472 399 366 304 125 179 135 51 48 74 44 73 41 62
is_linear=0
shrinkage=0.0138221


Tree=154
num_leaves=21
num_cat=0
split_feature=0 32 22 28 24 28 18 8 24 3 18 1 6 3 28 32 8 32 28 16
split_gain=27.3652 11.44 8.46844 7.56094 8.29066 6.49564 7.03054 5.5173 4.776 7.26419 0.011221 0.00600685 0.00338975 0.00491568 0.00305014 0.0021298 0.0019863 0.00149921 0.00064972 0.000354439
threshold=-0.22252093395631442 14.080372940167869 0.03800281025738584 -0.0026437280146701099 -0.005023477427509907 1.0000000180025095e-35 4.1095000000000005e-05 34.658916630951616 0.001870859318956678 20.500000000000004 1.0885000000000002e-05 50.461100009421195 50840.607000000011 27.500000000000004 0.0040471090475748825 23.545518978327419 25.352086613101161 30.48963171942675 0.0024156502665397821 0.84304246107912117
decision_type=2 2 2 2 2 2 2 2 2 2 2 2 2 2 2 2 2 2 2 2
left_child=1 14 -3 4 -4 -5 -7 10 12 11 -6 -10 16 15 -1 -14 -2 -17 -18 -15
right_child=8 2 3 5 7 6 -8 -9 9 -11 -12 -13 13 19 -16 17 18 -19 -20 -21
leaf_value=-0.011860680655855682 -0.011385123882523062 -0.012530155983508727 0.0090865088525947987 0.013646206003903261 -0.012259178363700135 -0.005867631713294302 0.010606125644973236 0.0030553439733970681 -0.011051245926218894 0.0040614133635595269 -0.013258357549161555 -0.011714343012986522 -0.011846285810454885 -0.011056932013968171 -0.011321137414117414 -0.011280021528515736 -0.011120355045234846 -0.011669218216212736 -0.010886875909998678 -0.011233797909278639
leaf_weight=3.6022286340594274 3.7618680149316779 4.6660130098462096 14.043338842689989 32.329326376318932 5.5633791685104423 8.5479200482368487 11.756847277283667 8.0986365228891355 4.4383211955428141 12.444628663361071 3.4970667138695717 6.335940957069397 4.0463515818119067 3.7932484671473485 4.5055665522813797 4.2261639386415482 4.7169995605945569 3.4220627620816231 4.4022260457277298 5.0422318652272224
leaf_count=18 21 25 24 21 33 36 13 21 32 36 18 39 25 26 28 27 28 22 24 33
internal_value=-0.000318245 0.00415373 0.00559336 0.00660204 0.00121084 0.00979804 0.00367099 -0.00523476 -0.0079474 -0.00313226 -0.0126448 -0.0114412 -0.0112937 -0.0114039 -0.0115609 -0.0115898 -0.0111179 -0.0114542 -0.0110076 -0.0111579
internal_weight=153.24 96.6103 88.5025 83.8365 31.2024 52.6341 20.3048 17.1591 56.63 23.2189 9.06045 10.7743 33.4112 20.5301 8.1078 11.6946 12.8811 7.64823 9.11923 8.83548
internal_count=550 237 191 166 96 70 49 72 313 107 51 71 206 133 46 74 73 49 52 59
is_linear=0
shrinkage=0.0138221


Tree=155
num_leaves=23
num_cat=0
split_feature=0 6 1 33 8 12 19 19 5 15 31 8 29 2 25 25 24 8 12 5 34 15
split_gain=11.8085 8.28073 7.96821 4.52652 6.30788 3.41403 3.08842 3.75101 2.68967 2.5134 2.18248 1.84532 1.74532 4.55948 2.92291 1.51862 1.4882 1.45179 0.312759 0.145091 0.132743 0.00552996
threshold=-0.56174490092936669 52063.580000000009 59.797742876938052 33.000000000000007 39.50089791478738 -0.029544443636766445 0.0080884594605597753 0.008580002898223171 25.232733174484434 -1495.5537884999987 1986.8621219999995 21.989665755636199 12.009679096138274 -1817.0969569999988 -0.0037218388210150315 0.00055604944440249763 0.0010935469032596048 34.279400711846769 0.010135973850226356 47.150669061510094 0.0042240486611825343 -217.13934099999832
decision_type=2 2 2 2 2 2 2 2 2 2 2 2 2 2 2 2 2 2 2 2 2 2
left_child=2 6 8 4 5 -3 17 -8 -1 -6 20 -9 -10 14 -14 -13 -5 18 -2 -15 21 -7
right_child=1 3 -4 16 9 10 7 11 12 -11 -12 15 13 19 -16 -17 -18 -19 -20 -21 -22 -23
leaf_value=0.0097873226300197857 0.01064968279124243 0.0015761778549709469 0.0082789779112935665 0.0015082887094254014 0.0091212186653492691 -0.011508509468853323 -0.005477046960984281 -0.0015876416207920273 -0.011612904594417895 -0.0029261198097130666 7.1341853785840292e-05 0.011550218068706722 -0.0075908186055586224 -0.0088142033373141328 0.0044461415269900226 0.0025904983028498404 0.011513332239459341 0.0051196196818992469 0.014617824362464889 -0.011574946773939887 -0.0090163459430747522 -0.012058049845364934
leaf_weight=1.7615997046232212 6.2987231910228756 7.6941673904657355 7.5261770933866492 5.2186616808176023 9.1454398185014707 7.4303826391696957 6.3093483597040203 4.1320564895868328 14.465734101831911 5.1838100701570502 4.0707491859793654 11.466738745570185 6.5561939850449553 5.1781797707080903 9.3518132641911453 5.2776187658309928 6.2325883805751801 6.1320213973522177 9.5457882881164533 12.219314388930796 4.4018883779644957 6.6111268848180833
leaf_count=7 20 29 26 21 33 29 24 20 26 27 21 36 16 10 29 22 19 24 27 38 20 26
internal_value=9.05083e-05 0.0028377 -0.00497214 -0.000796996 -0.00278982 -0.00637245 0.00697709 0.00386225 -0.00698556 0.00476292 -0.00908888 0.00668481 -0.00760407 -0.0058629 -0.000514671 0.00872622 0.00695375 0.0108303 0.0130404 -0.0107532 -0.0111107 -0.0117672
internal_weight=162.21 105.151 57.059 55.9888 44.5376 30.2083 49.1623 27.1858 49.5328 14.3292 22.5141 20.8764 47.7712 33.3055 15.908 16.7444 11.4513 21.9765 15.8445 17.3975 18.4434 14.0415
internal_count=550 398 152 225 185 125 173 102 126 60 96 78 119 93 45 58 40 71 47 48 75 55
is_linear=0
shrinkage=0.0138221


Tree=156
num_leaves=17
num_cat=0
split_feature=8 21 14 10 19 21 4 15 19 8 27 19 27 21 14 28
split_gain=4.76139 5.46308 5.15841 4.67661 8.61579 8.24715 6.14875 8.02514 5.43111 4.54991 6.38013 2.9767 1.7606 2.33369 1.73688 0.989447
threshold=40.415104731646956 0.039864490787945968 0.012292954757788013 0.010075080941732812 0.0077622848077007625 0.046226854710299532 -0.012013359294588242 -7368.0950379999995 0.013734676494002248 24.926305973899613 -0.60785761079279388 0.0084703044999578005 -1.0000000180025095e-35 0.012017754853705378 0.0070410532043511239 -0.0029561591967528496
decision_type=2 2 2 2 2 2 2 2 2 2 2 2 2 2 2 2
left_child=3 2 11 5 12 15 -6 -8 9 14 -11 -2 -5 -14 -9 -1
right_child=1 -3 -4 4 6 -7 7 8 -10 10 -12 -13 13 -15 -16 -17
leaf_value=0.0085293669411459563 0.0042457847458640726 0.017431334460189331 0.013982129412707473 -0.010353683284374937 -0.00647743692522138 -0.0059088005421209563 0.015808583477779005 -0.0099277110032234741 0.013156800362299916 0.016444449963888223 0.00015680176319788762 -0.0098763919121881462 0.0010994223367394565 -0.010245742964165288 -0.0023054099925403065 0.017077591853362745
leaf_weight=4.4012832492589959 5.5073368400335365 5.997953698039054 4.8225647062063208 19.42257933318615 18.869425818324089 6.8144367188215247 7.6111019253730765 8.6015113145113009 6.1469540894031516 5.5323362350463858 27.112239703536034 5.9133189767599106 7.8159186691045743 6.2210911363363266 16.998830899596214 6.2756172269582757
leaf_count=20 23 30 23 33 38 28 38 12 30 27 99 20 27 22 48 32
internal_value=0.000212006 0.00615807 0.00199532 -0.000720475 -0.0016619 0.00597138 0.000545978 0.00238657 0.000800087 -0.000503995 0.0029171 -0.00306631 -0.00765825 -0.00392866 -0.00486644 0.0135538
internal_weight=164.065 22.2412 16.2432 141.823 124.332 17.4913 90.8724 72.003 64.3919 58.2449 32.6446 11.4207 33.4596 14.037 25.6003 10.6769
internal_count=550 96 66 454 374 80 292 254 216 186 126 43 82 49 60 52
is_linear=0
shrinkage=0.0138221


Tree=157
num_leaves=22
num_cat=0
split_feature=0 1 28 24 28 7 7 26 33 24 24 30 29 9 9 6 5 22 5 24 1
split_gain=26.7952 11.2132 7.64312 9.59395 8.94282 13.0844 7.31697 5.31297 1.51782 3.80985 0.0222438 0.0166601 0.0066816 0.00219329 0.00319532 0.00243135 0.00135294 0.0017567 0.00130597 0.000465714 0.000323394
threshold=-0.22252093395631442 57.803546668156208 -0.0026437280146701099 -0.005023477427509907 0.00068392352536261758 6.3120000000000019e-05 7.7295000000000011e-05 0.33362286699443139 29.500000000000004 0.0020607905080854802 -0.0029221517182232305 52859.0645 28.342988049227014 50.979070279855762 56.774638069132429 50455.483500000009 35.558678049793762 0.063690336429911162 45.640299120234893 0.00087827410928438738 41.001448514914706
decision_type=2 2 2 2 2 2 2 2 2 2 2 2 2 2 2 2 2 2 2 2 2
left_child=1 2 3 -1 -4 11 8 10 13 19 -5 -6 -3 16 -15 -16 -2 18 20 -10 -18
right_child=6 12 4 7 5 -7 -8 -9 9 -11 -12 -13 -14 14 15 -17 17 -19 -20 -21 -22
leaf_value=0.0089742845931001982 -0.01142348345693836 -0.01213130403192143 0.012399074950926556 -0.013264820969638188 -0.011643471075092501 0.012057704608938992 0.0044310625900607055 0.002132140293708863 -0.010993943020149907 0.0058731310060926474 -0.011986990464064175 -0.012891937276048765 -0.011320048928225693 -0.011703574090650893 -0.011085617558891042 -0.011547926556560034 -0.011254743082372955 -0.010934858282585771 -0.011433336033513861 -0.011208859932168512 -0.011079073108330643
leaf_weight=14.023209318518637 4.5355479493737247 3.4202442914247504 38.050425425171852 4.4216675460338566 4.2762831747531909 8.7729405462741834 7.8883594125509253 8.4565815851092321 3.8962832987308484 3.7589035630226135 6.3264341950416609 3.9085618704557419 4.4805076792836189 5.1596612483263007 5.3804905712604505 3.6461892351508141 3.1169672459363955 4.9594299569725981 4.4317152798175803 3.8099575638771057 5.5975357890129089
leaf_count=24 30 20 32 22 24 9 22 26 26 10 35 19 26 31 34 24 18 34 26 20 38
internal_value=-0.000327507 0.00410427 0.00551683 0.000282635 0.00867856 0.000330339 -0.00791115 -0.00606399 -0.00992719 -0.00553541 -0.0125127 -0.0122397 -0.0116712 -0.0112944 -0.0114292 -0.0112724 -0.01121 -0.0111565 -0.0112401 -0.0111002 -0.0111419
internal_weight=152.318 96.1369 88.2361 33.2279 55.0082 16.9578 56.181 19.2047 48.2927 11.4651 10.7481 8.18485 7.90075 36.8275 14.1863 9.02668 22.6412 18.1056 13.1462 7.70624 8.7145
internal_count=550 237 191 107 84 52 313 83 291 56 57 43 46 235 89 58 146 116 82 46 56
is_linear=0
shrinkage=0.0138221


Tree=158
num_leaves=22
num_cat=0
split_feature=0 6 5 11 3 19 11 30 19 10 9 14 2 2 19 15 6 15 8 8 3
split_gain=11.544 8.06144 7.01251 5.47684 5.47142 4.06281 3.87907 3.75187 3.21639 3.03856 3.75524 3.41211 2.65063 2.00604 1.96462 3.01148 1.26767 0.658786 0.449842 0.0207027 0.00697991
threshold=-0.56174490092936669 52063.580000000009 60.583753754381632 -0.12510349747278429 24.000000000000004 0.0076026210376352642 -0.10073767145736982 52771.703000000001 0.008418337718800465 0.013784727771495101 52.135744604872215 0.0097468424816980811 4864.327126000001 6758.4573925000013 0.0066691132518408311 -968.59504849999882 50403.717500000006 -17147.758668999995 33.485225914099978 37.339828984509452 17.500000000000004
decision_type=2 2 2 2 2 2 2 2 2 2 2 2 2 2 2 2 2 2 2 2 2
left_child=2 9 6 -3 13 7 -1 -6 -8 16 11 -11 -12 18 15 -9 -2 -10 -5 -20 -19
right_child=1 3 -4 4 5 -7 8 14 17 10 12 -13 -14 -15 -16 -17 -18 20 19 -21 -22
leaf_value=0.0048280071265230165 0.013997362686329305 0.010284556860008487 0.0080510883394783045 -0.0069380424504145452 -0.0035179176492619586 -0.010137153297870599 -0.0026393268075172887 0.010562945200852047 -0.0056235977235800875 0.00034967762761132853 -0.0076588138625386113 0.012838684696420988 0.0067499482545428134 -0.00065684972442666388 0.014952114628356307 -0.0057742141658823571 0.0071737905281870264 -0.011261628570604983 -0.011427025352899132 -0.012682571625828396 -0.011748106361336908
leaf_weight=4.9746349900960913 11.385668605566027 7.408039078116416 6.9719722270965567 5.1508067995309856 8.0264432430267387 4.6441960483789435 14.331967934966086 5.7035915851593026 4.3831649720668784 6.9372103810310426 6.867748022079466 10.51335623860359 3.7826741635799408 5.6281288564205161 5.3122551143169394 3.4653669968247387 9.5765880644321424 17.79519900679589 6.2893711701035482 4.1743662655353546 8.2456802874803525
leaf_count=20 33 24 24 24 23 30 37 20 9 32 29 31 15 21 15 20 33 29 21 27 33
internal_value=9.34744e-05 0.00281029 -0.004931 -0.000783196 -0.0024774 0.00163345 -0.00675102 0.00406217 -0.00803803 0.00689737 0.00392646 0.00787387 -0.0025413 -0.00773179 0.00826356 0.00438839 0.01088 -0.0105812 -0.0102819 -0.0119279 -0.0114157
internal_weight=161.568 104.866 56.7026 55.8026 48.3945 27.1519 49.7306 22.5077 44.756 49.0632 28.101 17.4506 10.6504 21.2427 14.4812 9.16896 20.9623 30.424 15.6145 10.4637 26.0409
internal_count=550 398 152 225 201 108 128 78 108 173 107 63 44 93 55 40 66 71 72 48 62
is_linear=0
shrinkage=0.0138221


Tree=159
num_leaves=20
num_cat=0
split_feature=24 10 17 33 0 19 25 10 2 31 29 18 0 17 12 4 4 20 32
split_gain=4.69149 4.43117 5.60123 5.01825 4.92882 5.28773 4.64558 3.99996 5.26851 3.90578 3.40163 5.20418 2.85817 2.46643 2.10405 1.7122 1.70706 1.35124 0.427847
threshold=0.0046856341330148319 0.010075080941732812 -13208.673991499998 33.000000000000007 -0.56174490092936669 0.0077622848077007625 -0.0065893071970056054 0.015804629622832331 6758.4573925000013 -1184.4719070000012 14.764902984736528 1.0000000180025095e-35 0.81174490092936691 3940.3512030000011 -0.042966766863224808 -0.0068160839344282289 0.0080265263709891083 -0.62165392435570654 15.727415859104587
decision_type=2 2 2 2 2 2 2 2 2 2 2 2 2 2 2 2 2 2 2
left_child=1 3 6 17 10 9 -3 8 12 -6 -4 -12 -7 -5 -8 -9 -11 -1 -13
right_child=-2 2 4 13 5 7 14 15 -10 16 11 18 -14 -15 -16 -17 -18 -19 -20
leaf_value=0.006999112733830218 0.012032904668062755 -0.0028503354646136634 -0.010746606357921244 -0.0076962949129339153 0.0036303486960528645 0.012872245765005336 0.0053119881198090526 -0.0074324711411703328 -0.0039276590564977587 -0.010033741118625048 0.0050997965578041017 -0.0091137500833428069 0.0004395458537449009 0.0064950746737103306 0.017546724699613114 0.0014332817791672693 -0.0010536040161160259 0.016929578712293714 -0.0050458449785366847
leaf_weight=4.8256451189517975 6.1774776875972739 6.7185297757387188 16.565254479646683 5.3275542408227903 8.0570541173219699 15.314083367586141 5.0692980587482461 6.9784248471260097 7.0127457231283179 15.506197914481165 10.160131797194483 9.8469395935535449 4.5920038372278205 4.1720203310251236 5.7106798440217945 10.310811370611189 5.4711323529481879 5.7218910008668917 9.9119135588407499
leaf_count=22 30 17 17 22 34 73 21 26 21 36 35 21 19 18 29 38 22 29 20
internal_value=0.000217224 -0.000246883 -0.00113367 0.00582326 -0.00220126 3.29461e-05 0.00617091 0.00304272 0.00637477 -0.00454977 -0.00572156 -0.00293934 0.0100042 -0.00146373 0.0117933 -0.00214519 -0.00769162 0.0123863 -0.00707311
internal_weight=163.45 157.272 137.225 20.0471 119.727 73.2425 17.4985 44.2081 26.9188 29.0344 46.4842 29.919 19.9061 9.49957 10.78 17.2892 20.9773 10.5475 19.7589
internal_count=550 520 429 91 362 269 67 177 113 92 93 76 92 40 50 64 58 51 41
is_linear=0
shrinkage=0.0138221


Tree=160
num_leaves=19
num_cat=0
split_feature=22 5 11 21 21 9 14 18 28 3 19 11 11 5 25 18 11 19
split_gain=13.6511 13.4489 15.6268 10.2418 9.66358 10.0018 12.1569 5.80869 3.11901 0.025275 0.0154376 0.0147708 0.0045767 0.00378711 0.00250958 0.00236076 0.00221208 0.0007017
threshold=0.03800281025738584 61.907327518544413 -0.10073767145736982 -0.05303084956559239 0.041518982579783932 31.748087992450028 0.0065796907768128189 1.0000000180025095e-35 -0.00012008276225128343 21.500000000000004 0.0078572465111370181 -0.11700008198544352 0.0071211040472038975 34.600940538606807 0.001795617885451844 2.1400000000000002e-05 -0.011722830832138651 0.0087091740574069265
decision_type=2 2 2 2 2 2 2 2 2 2 2 2 2 2 2 2 2 2
left_child=10 2 11 -4 5 -5 8 -6 -7 -8 12 13 16 -2 17 -16 -1 -3
right_child=1 14 3 4 7 6 9 -9 -10 -11 -12 -13 -14 -15 15 -17 -18 -19
leaf_value=-0.011295496406809883 -0.011568137950420169 -0.011022743260095986 0.010970215723871531 0.0119904754834595 -0.00063475387709002761 -0.0030675672764808111 -0.011605014807761042 0.012407151502399762 0.0097689638090356443 -0.012608311230292542 -0.012154256723291167 -0.012324672586433648 -0.01099416714826151 -0.011005422963902481 -0.011248900055592264 -0.01174118823957178 -0.01180073072161379 -0.011299778225400016
leaf_weight=3.9760352075099954 4.7438916116952878 3.5840893089771253 32.420175813138485 7.6292307823896399 9.9992444738745707 6.3112070858478537 14.858833923935892 18.77533982694149 8.4693413451313955 7.0843130499124518 5.0175695121288291 3.774866208434104 6.5493264943361282 4.4083110317587852 3.3619663789868355 4.1687555462121964 2.8369633927941331 3.407398983836174
leaf_count=27 27 21 38 9 35 29 93 18 15 39 28 18 39 29 22 25 18 20
internal_value=-0.000335029 0.00120802 0.00274689 0.00450369 0.00163684 -0.00241029 -0.005402 0.00787505 0.00428784 -0.0119289 -0.0115005 -0.0115972 -0.0112551 -0.0112971 -0.0113463 -0.0115214 -0.0115059 -0.0111578
internal_weight=151.377 132.997 118.475 105.548 73.1275 44.3529 36.7237 28.7746 14.7805 21.9431 18.3799 12.9271 13.3623 9.1522 14.5222 7.53072 6.813 6.99149
internal_count=550 438 350 276 238 185 176 53 44 132 112 74 84 56 88 47 45 41
is_linear=0
shrinkage=0.0138221


Tree=161
num_leaves=22
num_cat=0
split_feature=0 1 13 11 21 11 11 19 19 19 19 26 2 13 9 10 19 2 32 7 11
split_gain=11.2593 7.62317 5.39545 4.55562 6.64269 4.90366 3.93777 3.49965 4.97778 2.80591 2.77675 2.54949 7.16775 1.8363 1.56875 1.13895 0.975724 0.668466 0.27649 0.00671158 0.00578382
threshold=-0.56174490092936669 59.797742876938052 51897.909000000007 -0.12510349747278429 0.046226854710299532 0.056125879975885147 -0.10073767145736982 0.0080884594605597753 0.008580002898223171 0.0084363174226296852 0.0084703044999578005 0.32704313169374927 -4367.0528314999983 47076.216000000008 53.928041771811117 0.013784727771495101 0.010467014466273987 -15782.108950499998 24.809198818479327 3.9040000000000006e-05 -0.017840001689667592
decision_type=2 2 2 2 2 2 2 2 2 2 2 2 2 2 2 2 2 2 2 2 2
left_child=1 6 7 -4 11 -6 -1 15 -9 -8 -7 12 -5 -10 18 -2 -15 -11 19 -13 -19
right_child=2 -3 3 4 5 10 9 8 13 17 -12 14 -14 16 -16 -17 -18 20 -20 -21 -22
leaf_value=0.0047655775646390239 0.013292385784830739 0.0080691022928274479 0.010142792114833142 -0.010289367999823095 0.014628597901335163 0.0053393033747138694 -0.0030184520007683195 -0.007541735707553671 0.00033129354157028848 -0.005609049075058002 -0.0091892879592956802 -0.012430004108172767 0.0083656623640061753 0.012304704576394253 -0.0016810324280606133 0.0061858599817053205 0.004832608200872915 -0.011242013344511871 -0.007562466921278977 -0.01171519666205951 -0.011662373366847932
leaf_weight=4.9800030142068854 12.547812461853029 7.5191881954669944 7.4065189510583869 7.8361802473664284 6.8302355557680157 6.3448404967784864 13.701712206006048 6.3844242990016964 6.4009981900453594 4.4386118054389945 4.1618260443210602 5.0488512367010134 7.9039791226387006 8.2540704607963544 4.7568040937185279 6.5618150383234015 5.606786221265792 14.951508313417436 3.498674511909484 4.9897125661373138 10.749462597072126
leaf_count=20 37 26 24 37 20 23 35 26 28 10 17 24 29 25 26 25 23 26 17 17 35
internal_value=9.45493e-05 -0.00488633 0.00277909 8.46211e-06 -0.00145267 0.00551134 -0.00688165 0.00633822 0.00310101 -0.00820468 -0.000415659 -0.00500012 -0.000921676 0.00645449 -0.0085092 0.0108522 0.0092822 -0.0105624 -0.0109085 -0.0120747 -0.0114178
internal_weight=160.874 56.3405 104.534 58.7776 51.3711 17.3369 48.8213 45.7559 26.6463 43.8413 10.5067 34.0342 15.7402 20.2619 18.294 19.1096 13.8609 30.1396 13.5372 10.0386 25.701
internal_count=550 152 398 234 210 60 126 164 102 106 40 150 66 76 84 62 48 71 58 41 61
is_linear=0
shrinkage=0.0138221


Tree=162
num_leaves=21
num_cat=0
split_feature=8 11 14 19 17 18 32 30 24 31 7 1 12 5 19 3 20 8 31 16
split_gain=4.63018 4.0913 4.076 3.75357 3.74007 7.13686 6.39328 5.60566 6.54667 4.61206 4.18575 4.09535 3.28675 2.46613 2.41823 3.61105 1.75752 1.58782 1.55341 0.835722
threshold=40.415104731646956 0.044443234710166653 0.012292954757788013 0.0084703044999578005 1220.0247985000012 6.2400000000000012e-06 21.780658118208496 48886.210500000008 0.00096238693299780843 489.48764399999897 -1.5299999999999996e-05 55.189407402821395 0.026963506488525638 36.130946111666198 0.0081113848062797349 19.000000000000004 -0.27191247369978727 26.782374674211493 -317.14571100000143 1.0336320235342429
decision_type=2 2 2 2 2 2 2 2 2 2 2 2 2 2 2 2 2 2 2 2
left_child=4 2 3 -2 6 12 14 18 10 11 -9 16 17 -12 -1 -16 -7 -6 -8 -11
right_child=1 -3 -4 -5 5 9 7 8 -10 19 13 -13 -14 -15 15 -17 -18 -19 -20 -21
leaf_value=-0.011399427050666346 0.0061243353089428677 0.017401991708842525 0.013786845171920987 -0.0089982633077280525 -0.0083225176864727378 0.0025363471948683255 0.01467321573142924 0.0043135242606900702 0.012618730450200379 0.010679351876191632 -0.00057003293948816309 -0.0068704697022152292 0.0047539828469874467 -0.0090130230530462985 -0.0088012231743725307 0.0042729340421152739 0.014763795491785791 -0.00013612988245060534 0.0036425042525722851 0.018395885654049943
leaf_weight=15.08615221083164 6.5008629560470634 4.7914179116487494 4.8156947046518317 6.0577731728553772 13.486740931868558 4.8582556992769232 5.536842942237854 9.5645925104618019 5.3787158578634253 5.6125905215740186 9.9150714874267631 5.5815557390451422 8.2892487347125989 19.825928777456284 10.56533119082451 6.5309116542339316 4.1765587925910976 6.8133001476526251 4.3596010804176313 5.1344304233789444
leaf_count=36 28 24 23 21 30 20 27 37 26 27 29 12 35 34 24 23 21 28 19 26
internal_value=0.000222216 0.00609397 0.0029755 -0.00117019 -0.000702711 0.00215491 -0.00247969 0.000401412 -0.00168323 0.00749219 -0.00364036 0.0024381 -0.00258013 -0.00619829 -0.00736599 -0.00380678 0.00818878 -0.00557492 0.00981394 0.014366
internal_weight=162.882 22.1657 17.3743 12.5586 140.716 53.9527 86.7631 54.5808 44.6843 25.3634 39.3056 14.6164 28.5893 29.741 32.1824 17.0962 9.03481 20.3 9.89644 10.747
internal_count=550 96 72 49 454 199 255 172 126 106 100 53 93 63 83 47 41 58 46 53
is_linear=0
shrinkage=0.0138221


Tree=163
num_leaves=23
num_cat=0
split_feature=0 8 10 13 17 25 25 30 23 1 8 31 1 30 32 26 22 26 9 6 20 22
split_gain=25.7279 10.8429 8.66266 8.29071 4.63393 4.52271 9.32535 5.31963 3.08245 2.69417 3.41497 2.42014 0.00861659 0.00767618 0.00396684 0.00286604 0.00330669 0.00241709 0.00188894 0.00142893 0.00119948 0.000255442
threshold=-0.22252093395631442 37.525694922580065 0.01086850076352105 47884.55000000001 -13208.673991499998 0.001795617885451844 0.0019781646912437494 57259.181500000013 0.70530377635810426 42.319116953818316 24.282429508405013 1352.0642249999994 46.72782455350324 53702.943000000007 17.444382086965259 0.26061136742143609 0.054604324278932755 0.034212792448134612 59.982751576284777 52105.391000000011 1.5383185385761333 0.055933732516623563
decision_type=2 2 2 2 2 2 2 2 2 2 2 2 2 2 2 2 2 2 2 2 2 2
left_child=1 2 11 8 -5 14 -7 12 -4 -6 -11 -1 -8 20 19 17 -17 -16 -3 -2 -14 -19
right_child=5 18 3 4 9 6 7 -9 -10 10 -12 -13 13 -15 15 16 -18 21 -20 -21 -22 -23
leaf_value=-0.011976841617498825 -0.010845802923625612 -0.011660652307047971 -0.011882364334873486 1.3434553128707847e-05 0.013953908525391665 0.013216679388165391 -0.011017412442539551 0.0073156512485325325 0.0046905350010622059 0.011467112531081005 0.0027505476320682427 0.0014407704007939608 -0.011677694295601075 -0.012359455736565926 -0.01142299987700208 -0.011674494236430825 -0.011170218949052459 -0.01107275452621008 -0.01123371755209047 -0.011172253529759358 -0.011323035333373156 -0.010900937234823311
leaf_weight=6.1030112206935865 5.8043036758899671 4.1384248659014693 5.4973433166742307 10.011367999017237 22.368239894509315 5.1458838209509876 4.0438422784209278 3.5464442968368521 3.5151064917445183 20.536722995340824 14.75785933434963 4.4343032687902451 4.4545461535453779 2.9987716302275658 4.2423144429922122 6.5056067109107953 4.0191252380609512 4.0919257402420044 3.7959866747260094 4.5854145362973213 3.0826708003878593 2.7737142071127892
leaf_count=32 35 24 32 35 12 8 29 10 11 20 36 12 27 15 28 37 27 24 23 30 22 21
internal_value=-0.00034367 0.0040134 0.00542062 0.00703531 0.00869383 -0.0078419 -0.00320485 -0.00786678 -0.00541847 0.0102009 0.00782242 -0.00633045 -0.0115598 -0.011768 -0.0112119 -0.0113185 -0.0114819 -0.0111636 -0.0114564 -0.0109899 -0.0115326 -0.0110033
internal_weight=150.453 95.1584 87.224 76.6866 67.6742 55.2946 23.2722 18.1263 9.01245 57.6628 35.2946 10.5373 14.5798 10.536 32.0224 21.6327 10.5247 11.108 7.93441 10.3897 7.53722 6.86564
internal_count=550 237 190 146 103 313 111 103 43 68 56 44 93 64 202 137 64 73 47 65 49 45
is_linear=0
shrinkage=0.0138221


Tree=164
num_leaves=21
num_cat=0
split_feature=0 6 1 11 33 11 8 6 22 9 22 32 24 5 32 24 23 34 29 16
split_gain=11.0322 7.69846 7.43697 5.22528 6.59404 3.85753 3.09256 2.67475 2.52824 3.28974 2.47907 1.79454 1.40614 1.292 2.93083 1.28343 1.11859 0.823457 0.00699854 0.00429816
threshold=-0.56174490092936669 52063.580000000009 59.797742876938052 -0.12510349747278429 33.000000000000007 -0.10073767145736982 39.50089791478738 48827.900500000011 0.046243439494882195 49.743187595293939 0.044471530509217518 28.046409824342266 0.0010935469032596048 48.352954466329614 17.04200781875501 0.00053598373476025282 0.015068625253787224 0.0050576024660080607 8.952376922584234 0.80630892202140714
decision_type=2 2 2 2 2 2 2 2 2 2 2 2 2 2 2 2 2 2 2 2
left_child=2 7 5 -3 6 -1 11 8 -2 -10 -7 17 -6 -9 -15 -8 -12 18 -5 -18
right_child=1 3 -4 4 12 10 15 13 9 -11 16 -13 -14 14 -16 -17 19 -19 -20 -21
leaf_value=0.0046782999120236271 0.0099901956824386788 0.010036452630630435 0.0079424109888204305 -0.011131719732790007 0.0014376107968241377 -0.0025643109122875335 -0.0026840345063235916 0.013730985973175618 0.0059838803219121085 -0.0066065501950391117 -0.0046324631318668506 -0.0019199035291294082 0.01118129080882576 0.011608455844982065 -0.0012984131867595419 0.0077275842439295641 -0.011155364440025999 -0.0053779750418364988 -0.011829141794943565 -0.01151012696933461
leaf_weight=4.9885531067848197 7.5746354311704662 7.4037016332149497 7.5160749256610861 3.7475619316101136 5.2034973949193937 11.239911600947378 5.5722281932830793 10.045866355299951 8.7794769406318682 7.2300024330615988 5.8479183912277213 7.5219412893056861 6.2026328891515732 10.167795002460478 5.0210795551538459 3.80759397149086 14.636222407221796 5.6050794497132292 10.316132038831709 11.772850252687929
leaf_count=20 25 24 26 3 21 32 27 29 35 31 10 35 19 32 21 17 28 34 45 36
internal_value=9.68242e-05 0.00275597 -0.00485091 -0.000771479 -0.00243935 -0.0068341 -0.00530115 0.00675753 0.00341086 0.000297946 -0.00815443 -0.00766192 0.00673621 0.00988529 0.00734175 0.0015424 -0.0101023 -0.00985785 -0.0116433 -0.0113135
internal_weight=160.201 104.199 56.0015 55.3804 47.9767 48.4855 36.5705 48.8189 23.5841 16.0095 43.4969 27.1907 11.4061 25.2347 15.1889 9.37982 32.257 19.6688 14.0637 26.4091
internal_count=550 398 152 225 201 126 161 173 91 66 106 117 40 82 53 44 74 82 48 64
is_linear=0
shrinkage=0.0138221


Tree=165
num_leaves=17
num_cat=0
split_feature=8 21 10 21 22 13 30 6 22 22 8 32 25 18 17 2
split_gain=4.52958 5.20984 4.43945 7.73754 4.6525 4.92291 5.6593 6.65166 4.54681 4.46058 3.95298 3.65658 3.35998 2.89757 1.81188 0.935978
threshold=40.415104731646956 0.039864490787945968 0.010075080941732812 0.046226854710299532 0.10315589807464197 56547.833000000006 53903.282000000007 53071.188000000002 0.054604324278932755 0.077123743288343191 28.430401984343565 26.407617741040614 -0.0010655749715770778 1.0000000180025095e-35 -1617.2191104999995 4557.0742325000019
decision_type=2 2 2 2 2 2 2 2 2 2 2 2 2 2 2 2
left_child=2 12 3 15 5 6 7 8 13 -7 -6 -10 -2 -4 -8 -1
right_child=1 -3 4 -5 10 9 14 -9 11 -11 -12 -13 -14 -15 -16 -17
leaf_value=0.016311624782563375 0.0096283627102532274 0.01706939520610419 -0.00057245642919311122 -0.0057625589047229243 0.015933746230754376 0.012247733771636182 -0.011277380486315785 0.011288313229962281 0.0055872213245251427 -0.00260809143153803 -0.0010877510319073755 -0.0060120161540910691 -0.0032187895577679574 -0.00888610582669562 -0.0044697309526091173 0.0077814387619695655
leaf_weight=6.7486589401960391 6.5178715139627501 5.9730544984340659 12.308532461524008 6.7041148841381064 5.0900148004293424 7.7181262671947461 18.150973916053776 7.1457931846380225 16.082565411925319 7.7275849878787994 5.3426131159067154 7.6680656820535651 9.644102156162262 22.931310415267944 12.692551568150519 3.864959329366684
leaf_count=35 29 30 47 28 26 37 24 34 70 18 18 20 37 45 35 17
internal_value=0.000228188 0.00603887 -0.00068937 0.00586241 -0.00161289 -0.00243226 -0.00358656 -0.00130633 -0.00283198 0.00481527 0.00721693 0.00184232 0.00196227 -0.00598232 -0.00847594 0.0132053
internal_weight=162.311 22.135 140.176 17.3177 122.858 112.426 96.9798 66.1363 58.9905 15.4457 10.4326 23.7506 16.162 35.2398 30.8435 10.6136
internal_count=550 96 454 80 374 330 275 216 182 55 44 90 66 92 59 52
is_linear=0
shrinkage=0.0138221


Tree=166
num_leaves=21
num_cat=0
split_feature=0 32 28 24 28 11 26 24 3 32 24 1 21 9 16 26 19 13 28 1
split_gain=25.1864 10.6659 7.03663 9.08004 7.78021 7.32016 5.29722 4.59846 6.85654 2.32947 0.0240355 0.00550721 0.00416648 0.00378597 0.00160587 0.00141049 0.00136561 0.000979215 0.000627511 0.00148753
threshold=-0.22252093395631442 14.080372940167869 -0.0026437280146701099 -0.005023477427509907 0.00039256422146716213 -0.088835833581298804 0.33362286699443139 0.001870859318956678 20.500000000000004 25.141790772481496 -0.0029221517182232305 50.461100009421195 -0.012022220520454872 60.971199847400818 1.0683421293848665 0.14942864968023542 0.0090282789391054052 53290.276000000005 0.001800894712326029 51.965364150198333
decision_type=2 2 2 2 2 2 2 2 2 2 2 2 2 2 2 2 2 2 2 2
left_child=1 13 3 -3 -4 -6 10 12 11 -7 -5 -9 14 -1 17 -16 18 -2 19 -14
right_child=7 2 4 6 5 9 -8 8 -10 -11 -12 -13 16 -15 15 -17 -18 -19 -20 -21
leaf_value=-0.011841819145862359 -0.011636543312444063 0.0087637522309600025 0.012290554067533209 -0.013229131418429041 0.010113642721272865 -0.012112966713520029 0.0023519679639688097 -0.010940319468276428 0.0039240951339680379 0.0018049655490309691 -0.011891515482504581 -0.011587669059792973 -0.010902016368440785 -0.011222165529732474 -0.011424684297149559 -0.011038950991115007 -0.01129601660858153 -0.011318380483659012 -0.010874666709000783 -0.011295910215682816
leaf_weight=3.1412999853491774 4.0155263617634755 13.88817039132118 34.991542212665081 4.3895938396453831 9.3315294682979602 6.2131697088479978 8.2108657956123334 4.2502959743142146 12.320182360708712 3.6455704048275948 6.1795036718249365 6.1346224620938301 4.5972822383046168 4.705667220056057 3.1466792672872543 4.2671310901641846 3.0539350584149352 3.4239780604839325 6.5599496215581894 3.0449197068810463
leaf_count=16 25 24 29 22 8 37 25 32 36 11 35 39 33 30 21 26 17 24 39 21
internal_value=-0.000353817 0.00396238 0.00535673 0.000289885 0.0084117 0.00133901 -0.00597671 -0.00781042 -0.00304954 -0.00696639 -0.0124471 -0.0113227 -0.0111769 -0.0114702 -0.0113466 -0.0112027 -0.0110309 -0.0114901 -0.0109738 -0.011059
internal_weight=149.511 94.6969 86.8499 32.6681 54.1818 19.1903 18.78 54.8145 22.7051 9.85874 10.5691 10.3849 32.1094 7.84697 14.8533 7.41381 17.2561 7.4395 14.2022 7.6422
internal_count=550 237 191 106 85 56 82 313 107 48 57 71 206 46 96 47 110 49 93 54
is_linear=0
shrinkage=0.0138221


Tree=167
num_leaves=23
num_cat=0
split_feature=0 6 1 33 21 21 8 19 19 31 13 19 13 24 8 5 33 13 30 21 4 21
split_gain=10.7545 7.51145 7.28295 4.14146 6.21776 3.37382 2.97017 2.92407 3.48568 2.8647 2.62448 2.55579 1.789 1.38171 1.36482 0.984216 0.980598 0.790171 2.00072 0.516167 0.0184046 0.00612889
threshold=-0.56174490092936669 52063.580000000009 59.797742876938052 33.000000000000007 -0.1235223085199265 -0.084282319434979477 39.50089791478738 0.0080884594605597753 0.008580002898223171 1.0000000180025095e-35 55157.200000000004 0.0084363174226296852 47076.216000000008 0.0010935469032596048 34.279400711846769 37.42768638909255 10.500000000000002 53712.113000000005 52923.960000000006 0.029118931058428558 -0.0063975581298106867 0.008628766012309776
decision_type=2 2 2 2 2 2 2 2 2 2 2 2 2 2 2 2 2 2 2 2 2 2
left_child=2 7 5 4 -3 -1 10 14 -9 -8 17 -7 -10 -5 19 -13 -14 18 -6 -2 -19 -17
right_child=1 3 -4 13 6 11 9 8 12 -11 -12 15 16 -15 -16 21 -18 20 -20 -21 -22 -23
leaf_value=0.0051984836508179371 0.0094930464063111373 0.0097378507110737738 0.0078559964266293678 0.0014059689570698262 -0.011879040424561428 -0.0029052376339096979 0.0077958062103511017 -0.0054075028260337716 0.00027846541919797384 -0.0084077341793390523 0.00038951407079989631 -0.0052168234476655372 0.013492203629144729 0.011070803552426999 0.0049108521335208275 -0.011160411665388691 0.0061256571590162711 -0.011321098347295246 0.0011087395830739904 0.014643295493248967 -0.012407673798097114 -0.011599992939903228
leaf_weight=4.1087267547845832 6.1106555163860348 6.5369348973035803 7.5088303238153449 5.1992307454347593 5.4127702489495331 13.555335842072962 5.8290218114852888 6.2452854663133648 6.3816501200199154 3.2449897974729538 6.8000831529498091 6.223941549658778 5.7528508752584449 6.1913518756628036 6.0892629325389853 12.201898664236071 8.6331874728202802 6.7641744688153249 3.8978728502988815 9.4940585196018201 5.321027509868145 12.038153313100336
leaf_count=16 20 22 26 21 19 35 22 24 28 20 37 13 17 19 24 26 33 17 21 27 27 36
internal_value=9.94235e-05 0.00272544 -0.00480478 -0.00076561 -0.00269622 -0.00678008 -0.00487708 0.00668169 0.0036467 0.0020012 -0.00709065 -0.00789815 0.00636949 0.00665929 0.0104608 -0.0101198 0.00907147 -0.00946802 -0.00644175 0.0126265 -0.0117995 -0.0113787
internal_weight=159.541 103.904 55.6369 55.1975 43.8069 48.1281 37.2699 48.707 27.013 9.07401 28.1959 44.0193 20.7677 11.3906 21.694 30.464 14.386 21.3958 9.31064 15.6047 12.0852 24.2401
internal_count=550 398 152 225 185 126 163 173 102 42 121 110 78 40 71 75 50 84 40 47 44 62
is_linear=0
shrinkage=0.0138221


Tree=168
num_leaves=17
num_cat=0
split_feature=8 21 14 10 19 21 4 15 19 8 27 30 19 14 28 14
split_gain=4.44424 5.11455 4.87292 4.35324 8.11261 7.53627 5.79372 7.57437 5.07156 4.21256 6.06626 2.86273 2.80341 1.66687 0.952602 0.569698
threshold=40.415104731646956 0.039864490787945968 0.012292954757788013 0.010075080941732812 0.0077622848077007625 0.046226854710299532 -0.012013359294588242 -7368.0950379999995 0.013734676494002248 24.926305973899613 -0.60785761079279388 55456.599500000004 0.0084703044999578005 0.0070410532043511239 -0.0029561591967528496 0.0068082927023508715
decision_type=2 2 2 2 2 2 2 2 2 2 2 2 2 2 2 2
left_child=3 2 12 5 11 14 -6 -8 9 13 -11 15 -2 -9 -1 -5
right_child=1 -3 -4 4 6 -7 7 8 -10 10 -12 -13 -14 -15 -16 -17
leaf_value=0.0081283799631128775 0.0040747649134563945 0.016932057660925551 0.013598019731405914 -0.01150637366169991 -0.0063410001876230753 -0.0056939548014934864 0.015421959230980187 -0.0097818094131417403 0.012779798256081786 0.016006654722936244 0.0001033563002988423 -0.00087952231067906861 -0.0096808389291982207 -0.0022213862057636593 0.016550237447906721 -0.0068970361576559617
leaf_weight=4.371215596795083 5.504812449216848 5.962103694677352 4.8166690319776526 16.04800453782082 18.504418104887009 6.6617961823940268 7.5582928806543341 8.3410444706678408 6.0927153974771491 5.5203507989644995 26.971239075064659 9.0221246182918531 5.8266844600439072 16.778174951672554 6.21303515136242 7.5251381248235694
leaf_count=20 23 30 23 25 38 28 38 12 30 27 99 29 20 48 32 28
internal_value=0.000233657 0.0059914 0.00195197 -0.000678223 -0.00159455 0.00582314 0.00055009 0.00233949 0.000787278 -0.000481009 0.00280534 -0.0075008 -0.0029984 -0.00473189 0.0130721 -0.010035
internal_weight=161.718 22.1103 16.1482 139.608 122.362 17.246 89.7662 71.2618 63.7035 57.6108 32.4916 32.5953 11.3315 25.1192 10.5843 23.5731
internal_count=550 96 66 454 374 80 292 254 216 186 126 82 43 60 52 53
is_linear=0
shrinkage=0.0138221


Tree=169
num_leaves=21
num_cat=0
split_feature=0 32 22 7 19 22 10 8 17 14 9 13 10 10 22 23 24 14 32 19
split_gain=24.6459 10.434 7.83636 6.98363 6.46717 9.14322 4.29965 2.00777 1.9513 0.00398215 0.00377866 0.00200411 0.00124005 0.00182334 0.00101435 0.000964712 0.00083852 0.000684261 0.000622674 9.85714e-05
threshold=-0.22252093395631442 14.080372940167869 0.03800281025738584 7.7295000000000011e-05 0.011239304451532647 0.084190540026676378 0.010949871810193088 23.023273414488937 -6628.4284129999969 0.013765879662911063 60.971199847400818 50313.138500000008 0.0094874238132667665 0.016953111719739483 0.048392092984467991 0.76355820710251932 0.0019781646912437494 0.0079451696571584528 25.939269225284743 0.0072618057827562544
decision_type=2 2 2 2 2 2 2 2 2 2 2 2 2 2 2 2 2 2 2 2
left_child=1 10 -3 7 6 -6 -4 -2 -8 -7 -1 16 -13 14 17 -16 18 -14 19 -9
right_child=3 2 4 -5 5 9 8 11 -10 -11 -12 12 13 -15 15 -17 -18 -19 -20 -21
leaf_value=-0.01180966614978729 -0.0033298811209996927 -0.012390219814198734 -0.00027229390310583529 0.0043289376223598144 0.0075511564601964433 -0.01145284408390399 0.0061663442107045769 -0.010735662059121864 0.011773013401285845 -0.012061797093030973 -0.011187485444206358 -0.010949503704758274 -0.011240843934936417 -0.010908128445749067 -0.011469915589131052 -0.011187094913703222 -0.011132698471672994 -0.010987239110279951 -0.01102806529571532 -0.010844657845618456
leaf_weight=3.1133596152067176 7.6506493091583243 4.5377190932631484 9.2856761887669546 7.8000272810459128 10.853682138025762 3.923817425966261 17.731605939567089 3.2768693640828115 35.811066120862961 4.2999327406287193 4.6506025791168213 5.0925717875361469 4.966774940490728 3.6510914564132682 5.2681817412376386 4.095576249063015 2.9770304262638083 3.4407120645046234 3.0737336948513985 3.0705955475568771
leaf_count=16 31 25 27 22 17 25 37 20 33 27 30 38 33 28 35 29 19 19 19 20
internal_value=-0.000364436 0.0039121 0.00529069 -0.00777528 0.00627024 -0.000778193 0.00841045 -0.0098029 0.00991627 -0.0117712 -0.011437 -0.0110755 -0.0111434 -0.0111895 -0.0112473 -0.0113462 -0.0109305 -0.0111371 -0.0108666 -0.0107884
internal_weight=148.571 94.2075 86.4435 54.3638 81.9058 19.0774 62.8283 46.5638 53.5427 8.22375 7.76396 38.9131 26.5149 21.4223 17.7712 9.36376 12.3982 8.40749 9.4212 6.34746
internal_count=550 237 191 313 166 69 97 291 70 52 46 260 182 144 116 64 78 52 59 40
is_linear=0
shrinkage=0.0138221


Tree=170
num_leaves=22
num_cat=0
split_feature=0 6 1 11 33 11 8 19 19 20 3 32 13 31 8 22 33 34 12 11 4
split_gain=10.5051 7.33755 7.12913 4.98577 6.31601 3.76778 3.00214 2.88231 3.42176 2.80143 2.23465 1.76711 1.75337 1.34002 1.3249 1.14615 0.961964 0.818867 0.301086 0.00788419 0.00697938
threshold=-0.56174490092936669 52063.580000000009 59.797742876938052 -0.12510349747278429 33.000000000000007 -0.10073767145736982 39.50089791478738 0.0080884594605597753 0.008580002898223171 -1.315075116993049 44.500000000000007 28.046409824342266 47076.216000000008 -19.121743500000772 34.279400711846769 0.041709317226457952 10.500000000000002 0.0050576024660080607 0.010135973850226356 -0.013019887498870784 -0.0056287898838781594
decision_type=2 2 2 2 2 2 2 2 2 2 2 2 2 2 2 2 2 2 2 2 2
left_child=2 7 5 -3 6 -1 11 14 -9 -7 -6 17 -10 -8 18 -11 -14 20 -2 -17 -5
right_child=1 3 -4 4 10 9 13 8 12 15 -12 -13 16 -15 -16 19 -18 -19 -20 -21 -22
leaf_value=0.0046351574744311315 0.010159241799453335 0.0097991293944350438 0.0077631186185708146 -0.011131316663002214 0.012623150453870066 -0.00092364077184120736 0.0055091954908085758 -0.0053834659051637699 0.00026654251409903622 -0.0054416637727075431 0.00036866237554539189 -0.0018642872741754784 0.013358644865818935 -0.0053333842594160711 0.0049028443969689611 -0.011082602888505457 0.006056868237145711 -0.0052942120919781963 0.014086042955755058 -0.011584009392680976 -0.011793112805869451
leaf_weight=4.9925612211227408 6.2212053984403637 7.396400958299636 7.5045261383056632 4.529478356242179 5.7708427160978299 8.4500659555196744 5.9170615673065186 6.2300887703895595 6.3784081935882595 8.609689846634863 5.6034147143363953 7.4803571775555602 5.7415104508399954 3.4459107965230924 6.0790977030992499 16.251643963158127 8.6258878409862501 5.5597127303481093 9.3177045881748182 9.4900046885013634 9.2864909619092995
leaf_count=20 20 24 26 10 17 23 24 24 28 21 23 35 17 20 24 35 33 34 27 27 38
internal_value=0.000102959 0.00269982 -0.00476141 -0.000758422 -0.00239916 -0.00672799 -0.00522089 0.00661323 0.00359971 -0.00805344 0.0065861 -0.00757057 0.00629741 0.00151874 0.0103736 -0.0098073 0.00897481 -0.00977359 0.0125139 -0.0112675 -0.0115761
internal_weight=158.882 103.584 55.2985 54.9897 47.5933 47.794 36.219 48.5939 26.9759 42.8014 11.3743 26.856 20.7458 9.36297 21.618 34.3513 14.3674 19.3757 15.5389 25.7416 13.816
internal_count=550 398 152 225 201 126 161 173 102 106 40 117 78 44 71 83 50 82 47 62 48
is_linear=0
shrinkage=0.0138221


Tree=171
num_leaves=18
num_cat=0
split_feature=24 8 21 24 10 21 17 14 30 23 6 30 0 6 0 20 2
split_gain=4.42875 4.35397 5.33321 4.89547 4.87054 7.33965 4.50959 5.32011 6.17834 5.03865 4.96481 4.66054 3.25824 2.36628 1.98742 1.54431 0.921913
threshold=0.0046856341330148319 40.415104731646956 0.039864490787945968 1.0000000180025095e-35 0.010075080941732812 0.046226854710299532 -13208.673991499998 0.0069397174499840385 53903.282000000007 0.11370712088587799 51645.080000000009 48742.405500000008 -0.56174490092936669 55483.070000000007 -0.22252093395631442 0.74981452517468739 4557.0742325000019
decision_type=2 2 2 2 2 2 2 2 2 2 2 2 2 2 2 2 2
left_child=1 4 3 -3 5 16 9 14 10 -6 11 -9 -10 -14 -8 -12 -1
right_child=-2 2 -4 -5 6 -7 7 8 12 -11 15 -13 13 -15 -16 -17 -18
leaf_value=0.01603712339782588 0.011784814849067609 0.0077581729209732463 0.016794129290632825 -0.0091986351538891654 -0.0026831218585113338 -0.005628113648864873 -0.0096793154302406374 0.0056112265260942623 -0.0098422772058777124 0.014881819027621482 0.015505890443505926 -0.0053462888291060376 -0.0053171259262941835 0.0061069377879750418 -0.002681360572194218 0.0046465888015206165 0.0075538358420940335
leaf_weight=6.6980680972337741 6.1069286018609992 8.3002793937921542 5.9499322921037665 5.3490087091922751 6.4946296662092191 6.6199498921632758 23.824122324585915 14.158908948302271 15.920221760869028 6.0050196647644043 6.0350275635719282 15.571685835719107 8.721818655729292 5.7461147457361212 11.494279503822325 4.2737519592046738 3.8566288650035858
leaf_count=35 30 36 30 19 16 28 38 62 20 30 29 51 27 25 38 19 17
internal_value=0.000239283 -0.000215549 0.00587347 0.00111298 -0.00109681 0.00578133 -0.00209582 -0.00302387 -0.000828371 0.00575534 0.00273818 -0.000127878 -0.00552765 -0.000779921 -0.00740185 0.0110039 0.0129374
internal_weight=161.126 155.019 19.5992 13.6493 135.42 17.1746 118.246 105.746 70.4275 12.4996 40.0394 29.7306 30.3882 14.4679 35.3184 10.3088 10.5547
internal_count=550 520 85 55 435 80 355 309 233 46 161 113 72 52 76 48 52
is_linear=0
shrinkage=0.0138221


Tree=172
num_leaves=23
num_cat=0
split_feature=0 1 10 28 26 7 7 28 7 31 8 10 32 6 10 3 7 10 8 10 31 7
split_gain=24.1463 10.2562 7.59785 7.08362 7.28143 6.88102 6.63009 3.22344 3.64011 2.19317 1.99297 0.0412906 0.00780613 0.00232485 0.00139897 0.00199942 0.000856709 0.000782028 0.000595735 0.000510446 0.000509329 0.000400099
threshold=-0.22252093395631442 57.803546668156208 0.01086850076352105 -0.0026437280146701099 -1.0000000180025095e-35 7.7295000000000011e-05 -1.3014999999999998e-05 -0.00012008276225128343 4.9460000000000011e-05 1352.0642249999994 23.023273414488937 0.017035063948512976 12.273593982260669 51114.601000000002 0.016953111719739483 26.500000000000004 -1.1919999999999999e-05 0.013679031094666895 36.649322012477747 0.0092462222224251808 -1103.8980515000017 3.9530000000000009e-05
decision_type=2 2 2 2 2 2 2 2 2 2 2 2 2 2 2 2 2 2 2 2 2 2
left_child=1 2 9 4 -4 10 -6 -5 -9 -1 -2 -8 -3 17 15 16 -15 -12 19 -17 -19 -18
right_child=5 12 3 7 6 -7 11 8 -10 -11 13 -13 -14 14 -16 18 21 20 -20 -21 -22 -23
leaf_value=-0.011999235360944072 -0.0033159650040314606 -0.01118482111674134 0.011234165805772713 0.013192270977122956 0.0035571262287511138 0.0042717687529947156 -0.01354386319647902 -0.00064117634009278285 0.011243043542648174 0.001022058122875195 -0.010780925533876501 -0.011621675847379751 -0.012089515917143329 -0.011503369390937632 -0.010881634862934975 -0.010968676308492444 -0.011139450299926655 -0.011122948108972063 -0.01084841889654072 -0.011192003578116422 -0.010908784573898314 -0.011354142143063429
leaf_weight=5.4724722728133184 7.6285055428743354 4.5326252132654181 9.6927172988653165 26.775069549679756 11.320106580853462 7.7929732352495185 4.2302386239171064 9.0243855640292185 10.837314084172247 4.5060473456978798 5.4995974674820891 4.3107661008834839 3.0470853075385094 3.1858723312616348 3.6102664321660987 3.3521687164902669 3.9825019538402611 3.4201283156871787 2.3412209302186957 4.6923582777380943 5.5877837166190139 2.841750256717205
leaf_count=29 31 29 10 17 33 22 21 29 13 13 30 26 17 20 28 24 32 23 22 28 37 16
internal_value=-0.00037302 0.00386621 0.00522213 0.00670748 0.00141317 -0.00774155 -0.00337972 0.0100625 0.00584332 -0.00611915 -0.00977048 -0.0125737 -0.0115485 -0.0110489 -0.0111324 -0.0111768 -0.0113162 -0.0109108 -0.0110425 -0.0110989 -0.0109901 -0.0112289
internal_weight=147.684 93.7488 86.1691 76.1906 29.5538 53.9351 19.8611 46.6368 19.8617 9.97852 46.1422 8.541 7.57971 38.5136 24.0061 20.3959 10.0101 14.5075 10.3857 8.04453 9.00791 6.82425
internal_count=550 237 191 149 90 313 80 59 42 42 291 47 46 260 170 142 68 90 74 52 60 48
is_linear=0
shrinkage=0.0138221


Tree=173
num_leaves=22
num_cat=0
split_feature=0 6 1 11 33 11 8 10 20 21 0 3 32 2 31 6 34 10 10 29 25
split_gain=10.2449 7.17953 6.96468 4.86059 6.16283 3.71846 2.9724 2.80533 2.79042 2.48267 4.23974 2.19387 1.75936 1.41639 1.30751 1.28729 0.815015 0.587035 0.0769816 0.00642886 0.0025819
threshold=-0.56174490092936669 52063.580000000009 59.797742876938052 -0.12510349747278429 33.000000000000007 -0.10073767145736982 39.50089791478738 0.013125654102338477 -1.315075116993049 -0.039535570950877112 0.81174490092936691 44.500000000000007 28.046409824342266 1.0000000180025095e-35 -19.121743500000772 50403.717500000006 0.0050576024660080607 0.011171080815059279 0.013080932575146887 8.952376922584234 0.0023533690026074131
decision_type=2 2 2 2 2 2 2 2 2 2 2 2 2 2 2 2 2 2 2 2 2
left_child=2 7 5 -3 6 -1 12 15 -7 -9 13 -6 16 -11 -8 -2 19 -10 -19 -5 -20
right_child=1 3 -4 4 11 8 14 9 17 10 -12 -13 -14 -15 -16 -17 -18 18 20 -21 -22
leaf_value=0.0046055349379793137 0.014497693217733199 0.0096679630454249849 0.0076620916766777774 -0.011046763381621862 0.01249115927102625 -0.00087928626153871035 0.0054643060554331541 0.010884536326561148 -0.0063617677546009112 -0.0072154050855928473 0.011535404154079261 0.00033878070855690895 -0.0018291289770089288 0.0011505154786413808 -0.0052629843530572614 0.0071735034542759731 -0.0052647202051281658 -0.0096513511753141545 -0.011410175677709534 -0.011725294496145131 -0.01107872507763521
leaf_weight=4.996169611811637 9.1002932637929934 7.3916740119457236 7.4977009296417227 3.6288260221481385 5.7544228136539441 8.4248942583799344 5.9177962839603424 7.4321112930774715 7.5401364862918845 6.1337842345237794 6.0983206927776328 5.6003386527299881 7.4599768370389929 10.459364607930182 3.4283890724182111 9.2394469082355482 5.5442298725247374 8.523684889078142 9.0882478207349795 10.072819516062735 8.8745171055197698
leaf_count=20 26 24 26 3 17 23 24 23 24 34 19 23 35 39 20 32 34 14 26 45 19
internal_value=0.000104511 0.00267025 -0.00471742 -0.000757237 -0.00238274 -0.00667364 -0.00517958 0.00654578 -0.0080011 0.00395098 0.00168004 0.00649742 -0.00752748 -0.00194201 0.0015293 0.0108078 -0.00973624 -0.00976444 -0.0107331 -0.0115456 -0.0112464
internal_weight=158.207 103.262 54.9454 54.7985 47.4068 47.4477 36.052 48.4633 42.4515 30.1236 22.6915 11.3548 26.7059 16.5931 9.34619 18.3397 19.2459 34.0266 26.4864 13.7016 17.9628
internal_count=550 398 152 225 201 126 161 173 106 115 92 40 117 73 44 58 82 83 59 48 45
is_linear=0
shrinkage=0.0138221


Tree=174
num_leaves=18
num_cat=0
split_feature=24 8 21 24 10 21 19 27 10 10 30 23 30 28 18 28 14
split_gain=4.34157 4.27747 5.21991 4.81819 4.76637 7.17018 6.67651 5.98186 3.6526 3.2664 4.82767 3.11328 2.88499 1.89542 1.60569 0.937863 0.814637
threshold=0.0046856341330148319 40.415104731646956 0.039864490787945968 -1.0000000180025095e-35 0.010075080941732812 0.046226854710299532 0.0077622848077007625 -0.60785761079279388 0.015259577676763829 0.012167643620723581 49125.770500000006 0.79849713075085516 55933.416000000005 0.0054482499892556388 -1.8449999999999998e-05 -0.0029561591967528496 0.0068082927023508715
decision_type=2 2 2 2 2 2 2 2 2 2 2 2 2 2 2 2 2
left_child=1 4 3 -3 5 15 12 8 14 -9 11 -11 16 -12 -8 -1 -6
right_child=-2 2 -4 -5 6 -7 7 9 -10 10 13 -13 -14 -15 -16 -17 -18
leaf_value=0.0078994816031315498 0.011690819977894984 0.0077014702328133304 0.016651615691355436 -0.0091432238137920951 -0.011568660139102127 -0.0055752854615864411 0.017828060645629355 0.0055779012894856192 0.00065838309125720407 0.0075924844089980525 -0.0074055722676035626 -0.005565754690640164 -0.00030818527153011306 -0.00071301979780416481 0.0062737576174375686 0.016279019580613729 -0.0061120453368040195
leaf_weight=4.35124295949936 6.0906879901885977 8.3046842664480209 5.9353864192962638 5.3240077793598184 16.449557185173038 6.5871133953332892 5.4290564954280853 9.4033341407775861 9.1044348627328855 10.608515530824659 30.954183369874954 5.0806153267621985 8.1181485056877118 10.943075001239775 3.9841713011264819 6.1706120669841775 7.6619095951318732
leaf_count=20 30 36 30 19 27 28 28 36 30 48 67 12 26 34 18 32 29
internal_value=0.000244536 -0.000206961 0.00583281 0.00112114 -0.00108324 0.00573378 -0.00207385 -5.30737e-05 0.00690041 -0.00197519 -0.00320855 0.00333145 -0.00743512 -0.00565756 0.0129377 0.0128137 -0.00983471
internal_weight=160.501 154.41 19.5641 13.6287 134.846 17.109 117.737 85.5074 18.5177 66.9897 57.5864 15.6891 32.2296 41.8973 9.41323 10.5219 24.1115
internal_count=550 520 85 55 435 80 355 273 76 197 161 60 82 101 46 52 56
is_linear=0
shrinkage=0.0138221


Tree=175
num_leaves=22
num_cat=0
split_feature=0 1 10 19 22 7 17 31 10 10 22 32 14 17 7 11 11 6 22 24 26
split_gain=23.6154 10.0444 7.44497 7.36765 8.84908 6.77169 2.19833 2.16038 1.61991 4.21218 1.21084 0.00776266 0.00336526 0.00281321 0.00195269 0.00233368 0.00235839 0.00261867 0.00194408 0.00153377 0.000707406
threshold=-0.22252093395631442 57.803546668156208 0.01086850076352105 0.011239304451532647 0.084190540026676378 7.7295000000000011e-05 -9388.3873609999973 1352.0642249999994 0.010160184731771658 0.0098127669315107979 0.047454744948443588 12.273593982260669 0.013765879662911063 8582.4668360000014 -3.0144999999999993e-05 -0.10073767145736982 -0.013842916517716184 52604.996000000006 0.029362637788535231 0.0021524108535340048 0.56868366280755678
decision_type=2 2 2 2 2 2 2 2 2 2 2 2 2 2 2 2 2 2 2 2 2
left_child=1 2 7 6 -5 8 -4 -1 9 18 -8 -3 -6 14 20 -16 17 -17 -2 -18 -10
right_child=5 11 3 4 12 -7 10 -9 13 -11 -12 -13 -14 -15 15 16 19 -19 -20 -21 -22
leaf_value=-0.011966032593870064 -0.010793613535755163 -0.011152762241661875 0.0042873664904041148 0.0073933181006507302 -0.011389717787076559 0.0042071470735262351 0.0079816231936996381 0.00098731881504408197 -0.011011363612922643 0.0078168787607896875 0.012655678368786014 -0.012059200482013069 -0.011951771242417749 -0.011521995488149079 -0.010856541734667427 -0.011582573686240737 -0.010969445145320392 -0.011095592409379268 -0.011256654380997554 -0.011307531992776121 -0.010741748845643139
leaf_weight=5.4293366074562055 3.2325183525681478 4.4822180643677703 13.669508352875708 10.767667427659037 3.8556778430938703 7.7905226945877066 18.568646855652332 4.4976513236761093 5.122534170746798 3.3515689671039581 24.639650627970695 3.0220285877585411 4.3105911985039711 3.3307655379176131 3.9775595143437377 5.3809927180409414 7.2082476317882627 3.4700795561075211 3.7326188087463379 3.9786272346973419 2.9184904396533966
leaf_count=29 27 29 34 17 25 22 28 13 32 8 17 17 28 20 30 31 45 29 23 26 20
internal_value=-0.000383505 0.00381649 0.00515862 0.00663248 -0.000835827 -0.00770425 0.00911859 -0.00609722 -0.00973462 -0.00491519 0.010647 -0.0115178 -0.0116864 -0.0111397 -0.0110999 -0.0111624 -0.0112231 -0.0113917 -0.0110418 -0.0110897 -0.0109135
internal_weight=146.738 93.243 85.7387 75.8117 18.9339 53.4945 56.8778 9.92699 45.704 10.3167 43.2083 7.50425 8.16627 35.3873 32.0565 24.0155 20.0379 8.85107 6.96514 11.1869 8.04102
internal_count=550 237 191 149 70 313 79 42 291 58 45 46 53 233 213 161 131 60 50 71 52
is_linear=0
shrinkage=0.0138221


Tree=176
num_leaves=24
num_cat=0
split_feature=0 6 12 33 21 21 8 10 31 20 21 0 13 3 15 17 6 22 13 30 12 17 7
split_gain=10.0081 7.01933 4.76939 3.85204 6.83143 3.17719 2.79222 2.73437 2.57541 2.49846 2.42498 4.1436 2.35029 2.15398 1.92856 3.65543 1.27509 0.938913 0.792193 1.97248 0.0953643 0.0227655 0.00242477
threshold=-0.56174490092936669 52063.580000000009 0.026963506488525638 33.000000000000007 -0.12539316918096424 -0.084282319434979477 39.50089791478738 0.013125654102338477 -1.0000000180025095e-35 -1.315075116993049 -0.039535570950877112 0.81174490092936691 55157.200000000004 44.500000000000007 1959.1129850000018 -1194.9871179999991 50403.717500000006 0.041709317226457952 53712.113000000005 52923.960000000006 -0.026725986047173186 -2403.9642189999981 4.1095000000000005e-05
decision_type=2 2 2 2 2 2 2 2 2 2 2 2 2 2 2 2 2 2 2 2 2 2 2
left_child=2 7 5 4 -3 -1 12 16 -8 -7 -9 14 18 -5 15 -12 -2 -11 19 -6 -19 -20 -22
right_child=1 3 -4 13 6 9 8 10 -10 17 11 -13 -14 -15 -16 -17 -18 20 21 -21 22 -23 -24
leaf_value=0.0051391639446847596 0.014381309080366418 0.010833126682905481 0.0047143181608223219 0.012373994410089293 -0.01178593139757631 -0.00085782278140630452 0.0070971798909707081 0.010776189884958038 -0.008267142369114331 -0.0053247705023462145 -0.0064251096001338845 0.011421197556534882 -7.677020057928266e-05 0.00032102793042863311 -0.0085482970350159362 0.0095186080726941333 0.0070793516124796185 -0.009179938465307123 -0.011168023673884959 0.0011876087535229161 -0.011299737598306143 -0.012387504581663869 -0.010983641353423163
leaf_weight=4.1121994554996482 9.0563104152679461 6.173347368836402 8.6890598684549314 5.7370554804801923 5.3034578412771278 8.4038447439670545 5.980487048625946 7.4188692271709469 3.1994277089834195 8.5041010081768018 5.5688473880291047 6.0876511931419364 6.9457103088498107 5.5955832898616791 5.5612076222896567 5.4223933815956107 9.2208305895328504 6.3307058587670282 6.4090940058231336 3.8747535571455956 9.4488242417574018 5.3794983699917793 9.1032900512218458
leaf_count=16 26 20 34 17 19 23 23 23 20 21 31 19 38 23 23 19 32 14 16 21 30 28 14
internal_value=0.000108085 0.00264531 -0.00467591 -0.000750854 -0.00262984 -0.0064534 -0.0048705 0.00648147 0.00174233 -0.0075941 0.00391796 0.0016706 -0.00704534 0.00642274 -0.00191547 0.00144053 0.0106975 -0.0092897 -0.00935383 -0.00630891 -0.0106448 -0.0117245 -0.0111446
internal_weight=157.527 102.935 54.592 54.5984 43.2658 45.903 37.0924 48.3361 9.17991 41.7908 30.059 22.6401 27.9125 11.3326 16.5524 10.9912 18.2771 33.3869 20.9668 9.17821 24.8828 11.7886 18.5521
internal_count=550 398 152 225 185 118 165 173 43 102 115 92 122 40 73 50 58 79 84 40 58 44 44
is_linear=0
shrinkage=0.0138221


Tree=177
num_leaves=21
num_cat=0
split_feature=4 8 22 10 8 8 29 8 31 20 24 22 19 19 32 6 30 32 21 10
split_gain=4.27707 4.43267 5.46095 5.44312 3.77998 6.58387 5.77405 3.43171 3.27506 2.82957 5.84205 2.75356 2.51669 1.64383 3.52753 1.29265 1.2377 1.1227 2.88867 0.98151
threshold=0.012244371309915849 25.9711011105769 0.054604324278932755 0.0094874238132667665 31.122518473037371 36.487255863453719 30.488308311272387 22.244972954304732 -1897.2733235000017 1.0000000180025095e-35 -0.00041727395999503471 0.043053728826100444 0.0096169242310754806 0.0084468904010493329 27.66605903866208 52859.0645 54173.616000000002 16.432616527054126 -0.031025148529724707 0.011171080815059279
decision_type=2 2 2 2 2 2 2 2 2 2 2 2 2 2 2 2 2 2 2 2
left_child=1 2 17 15 8 13 9 -4 -5 10 -7 -10 -13 19 -15 -3 -11 -1 -19 -6
right_child=-2 3 7 4 5 6 -8 -9 11 16 -12 12 -14 14 -16 -17 -18 18 -20 -21
leaf_value=-0.010022783044670374 0.011375293685672066 0.0059739018228173275 0.009959476764867501 -0.0022387558878014897 -0.0048508624419597596 0.0088114962361855644 -0.0091250681367011279 -0.0022223298718294189 -0.00021882070702902541 0.006699823302509564 -0.0081404730654386116 0.01762116209971543 0.0047181487897124683 0.0046960625453168958 -0.008071184527047982 0.016171425775032503 0.016049843755885061 -0.011189025004128057 5.6202163095256283e-05 -0.011131527563037627
leaf_weight=13.849924236536028 6.3400821387767783 4.4765309840440732 7.043779224157336 7.9356729537248638 9.097158759832384 10.066218599677084 5.9637214839458457 11.852302625775335 4.8523044884204891 5.4056342989206296 6.3240390419960084 6.8071209043264371 5.0161879062652588 7.6693981140852001 8.9704562276601774 5.0585479438304901 5.4136916249990463 7.6525033861398724 10.156703561544417 9.9564695507287961
leaf_count=32 30 20 29 23 27 45 16 36 21 24 19 35 23 29 20 27 28 11 32 23
internal_value=0.00024988 -0.000209433 -0.00356156 0.00143567 0.00042092 -0.00124068 0.00319245 0.00231861 0.00507038 0.00589217 0.00227073 0.00854869 0.0121469 -0.00536081 -0.00218669 0.0113839 0.0113783 -0.0070712 -0.0047758 -0.00813282
internal_weight=159.908 153.568 50.5552 103.013 93.4781 68.8668 33.1733 18.8961 24.6113 27.2096 16.3903 16.6756 11.8233 35.6935 16.6399 9.53508 10.8193 31.6591 17.8092 19.0536
internal_count=550 520 140 380 333 231 132 65 102 116 64 79 58 99 49 47 52 75 43 50
is_linear=0
shrinkage=0.0138221


Tree=178
num_leaves=23
num_cat=0
split_feature=0 1 10 19 22 7 19 25 29 5 8 32 30 6 10 33 7 22 25 34 32 19
split_gain=23.1444 9.84283 7.28848 7.21652 8.68229 6.65912 2.43748 2.15268 4.54036 5.12637 1.97063 0.00753579 0.00387085 0.0024004 0.00137152 0.00197261 0.00108717 0.000874551 0.000796512 0.000591035 0.000491848 0.000150322
threshold=-0.22252093395631442 57.803546668156208 0.01086850076352105 0.011239304451532647 0.084190540026676378 7.7295000000000011e-05 0.0054898885224095757 0.0015197479774213755 10.947989951562951 46.016258661886603 23.023273414488937 12.273593982260669 56729.027000000009 51114.601000000002 0.016953111719739483 27.500000000000004 -1.1919999999999999e-05 0.029362637788535231 0.0019781646912437494 -0.0090186994214646581 23.863615397011106 0.0090199452768249932
decision_type=2 2 2 2 2 2 2 2 2 2 2 2 2 2 2 2 2 2 2 2 2 2
left_child=1 2 6 7 -5 10 -1 8 -4 -10 -2 -3 -6 18 15 16 -15 -17 19 -12 -18 -21
right_child=5 11 3 4 12 -7 -8 -9 9 -11 13 -13 -14 14 -16 17 20 -19 -20 21 -22 -23
leaf_value=0.0019860717920854895 -0.0032638434736510305 -0.011123862295653016 0.012605235185203583 0.0072989038994284838 -0.011423763263190889 0.0041352347974552449 -0.011928351918944634 0.013700943872109189 -0.0052706809055033206 0.0081578067067443454 -0.01094055973833377 -0.012021215866132317 -0.012048580998789762 -0.01145462065905542 -0.010830581572315428 -0.010781320267739347 -0.011275447996340358 -0.011071101565080479 -0.011038412990592062 -0.010666735507519606 -0.011055459599996703 -0.010794221039003593
leaf_weight=4.1536981463432294 7.5589119419455519 4.4362982958555213 18.557036593556404 10.736733742058279 5.0762074589729291 7.7836962938308707 5.7140472605824471 14.120442762970923 8.3171151652932185 15.653610825538633 3.5899989381432524 2.9949879571795464 3.0220536589622498 3.3922896385192862 3.5267238169908515 3.0279796496033651 3.6436238363385263 5.8029089197516441 3.4046348035335532 3.9861354231834403 4.1569443047046661 3.1741709336638451
leaf_count=15 31 29 14 17 36 22 27 8 34 23 24 17 17 22 28 26 27 36 22 25 31 19
internal_value=-0.000391984 0.00377168 0.00510009 0.00656049 -0.000851312 -0.00767434 -0.00607126 0.00902485 0.00747225 0.00349853 -0.00970512 -0.0114855 -0.0116569 -0.0109964 -0.0110819 -0.0111262 -0.011248 -0.0109717 -0.0108542 -0.0107958 -0.0111582 -0.0107232
internal_weight=145.83 92.7822 85.3509 75.4832 18.835 53.048 9.86775 56.6482 42.5278 23.9707 45.2643 7.43129 8.09826 37.7054 23.5505 20.0237 11.1929 8.83089 14.1549 10.7503 7.80057 7.16031
internal_count=550 237 191 149 70 313 42 79 71 57 291 46 53 260 170 142 80 62 90 68 58 44
is_linear=0
shrinkage=0.0138221


Tree=179
num_leaves=23
num_cat=0
split_feature=0 6 1 33 21 21 8 30 25 13 3 9 22 33 17 16 13 30 30 22 17 7
split_gain=9.76366 6.87423 6.66835 3.76201 6.70154 3.22589 2.74917 2.41579 2.39129 2.31424 2.11256 2.04985 2.04278 4.04692 1.45909 1.37549 0.788911 1.95215 0.667671 0.36434 0.0223552 0.00630977
threshold=-0.56174490092936669 52063.580000000009 59.797742876938052 33.000000000000007 -0.12539316918096424 -0.084282319434979477 39.50089791478738 48742.405500000008 -0.0026438474859304434 55157.200000000004 44.500000000000007 32.566074354845618 0.046243439494882195 11.500000000000002 3353.421885000002 1.0310441526167387 53712.113000000005 52923.960000000006 50658.003500000013 0.046243439494882195 -2403.9642189999981 2.1400000000000002e-05
decision_type=2 2 2 2 2 2 2 2 2 2 2 2 2 2 2 2 2 2 2 2 2 2
left_child=2 7 5 4 -3 -1 9 12 11 16 -5 -7 -2 -14 18 -8 17 -6 -9 -10 -18 -21
right_child=1 3 -4 10 6 8 15 14 19 -11 -12 -13 13 -15 -16 -17 20 -19 -20 21 -22 -23
leaf_value=0.0051178986707352036 0.0093923889707679172 0.010726013557330338 0.0074790095398961486 0.012251034149489679 -0.011752577921703929 -0.0093987925309394239 -0.0032368272806737033 0.013126780034701923 -0.0073866008548568512 -9.7948163286042136e-05 0.00030306751295333911 0.00061161639077567066 0.0072011617025844648 -0.0067026640455143168 0.003078206241828967 0.0075067286126732123 -0.011139065795694653 0.001177421518212096 0.0078707842660300873 -0.011428003039680459 -0.012353229598058357 -0.010937240017245354
leaf_weight=4.1139620989561072 7.0420950800180462 6.1661529242992392 7.4868450462818137 5.7190863192081434 5.261813156306749 6.636897765100005 4.9296325147151929 12.23255273699761 6.4237375855445888 6.9434587955474845 5.5915289372205734 9.5053216218948346 8.2486979961395281 7.7639868855476371 5.4819335937499991 4.2306464463472366 6.3421619832515699 3.8727535754442215 7.4172760844230643 9.4564337432384509 5.3336456641554832 10.633222587406634
leaf_count=16 24 20 26 17 19 11 26 36 27 38 23 30 29 37 22 17 16 21 25 22 28 20
internal_value=0.000109703 0.0026179 -0.0046323 -0.000750017 -0.00261264 -0.00657107 -0.00484074 0.00641945 -0.00769843 -0.00700781 0.00634442 -0.00350418 0.00318819 0.000459686 0.00938368 0.00172505 -0.00931331 -0.00627069 0.0111428 -0.010252 -0.0116937 -0.0111682
internal_weight=156.834 102.577 54.2564 54.3909 43.0803 46.7696 36.9141 48.1865 42.6556 27.7538 11.3106 16.1422 23.0548 16.0127 25.1318 9.16028 20.8104 9.13457 19.6498 26.5134 11.6758 20.0897
internal_count=550 398 152 225 185 126 165 173 110 122 40 41 90 66 83 43 84 40 61 69 44 42
is_linear=0
shrinkage=0.0138221


Tree=180
num_leaves=15
num_cat=0
split_feature=24 13 21 19 8 23 11 8 34 24 34 8 19 6
split_gain=4.17525 4.55424 5.74479 4.57293 5.19861 4.73998 5.40847 4.04554 3.48699 3.03639 2.82561 2.8086 2.63169 5.29483
threshold=0.0046856341330148319 56998.648000000008 -0.053475311049393841 0.011925319560653229 26.296406316132309 0.073892910693132821 0.0083957233303733076 41.00118982501003 -0.0042043874176921894 0.0021222864226714089 -0.0033801029687395841 30.847267348547341 0.0078446406463268965 50094.591000000008
decision_type=2 2 2 2 2 2 2 2 2 2 2 2 2 2
left_child=1 2 10 4 9 -6 11 -8 -3 12 -1 -7 -4 -14
right_child=-2 8 3 -5 5 6 7 -9 -10 -11 -12 -13 13 -15
leaf_value=-0.00098218884872074662 0.011518853706095393 0.013328968565893398 -0.011189488561077644 0.01247451188030581 -0.0063533133957559716 0.015636417114214887 -0.0021075923659988967 0.0092168136314057514 0.00080301380922025893 0.0033374649759019721 -0.009900728329320636 0.0051259979481387032 -0.0084220417968107752 0.0084786646222895865
leaf_weight=10.943143218755724 6.049263432621955 7.8259201198816326 12.718632921576502 5.7091837823390952 10.647877693176268 8.2324487417936343 26.967418611049652 7.7615521997213355 9.2819563150405866 7.5759239345788947 17.869875773787498 11.847903236746786 10.557554408907889 5.3292459845542899
leaf_count=37 30 37 29 28 27 42 98 36 31 29 28 53 25 20
internal_value=0.000255711 -0.000188826 -0.00103338 0.000437521 -0.000238614 0.00208548 0.00372489 0.000423291 0.00653295 -0.00444322 -0.00651348 0.00943501 -0.00650388 -0.00275268
internal_weight=159.318 153.269 136.161 107.348 101.639 65.4572 54.8093 34.729 17.1079 36.1814 28.813 20.0804 28.6054 15.8868
internal_count=550 520 452 387 359 256 229 134 68 103 65 95 74 45
is_linear=0
shrinkage=0.0138221


Tree=181
num_leaves=21
num_cat=0
split_feature=0 32 22 7 28 24 28 7 8 8 18 1 13 10 10 22 10 24 28 21
split_gain=22.6485 9.65235 7.38908 6.55507 6.35671 7.23142 5.83677 7.64267 5.17637 1.96573 0.0103355 0.00411118 0.00202187 0.00129168 0.00172511 0.000889753 0.000971835 0.000803794 0.000644462 0.000369691
threshold=-0.22252093395631442 14.080372940167869 0.03800281025738584 7.7295000000000011e-05 -0.0026437280146701099 -0.005023477427509907 1.0000000180025095e-35 4.9460000000000011e-05 34.658916630951616 23.023273414488937 1.0885000000000002e-05 60.068605367784748 50313.138500000008 0.0094874238132667665 0.016953111719739483 0.048859752262472175 0.012790739156369873 0.0019781646912437494 -0.0044204034619305102 -0.012022220520454872
decision_type=2 2 2 2 2 2 2 2 2 2 2 2 2 2 2 2 2 2 2 2
left_child=1 11 -3 9 5 -4 -6 -8 10 -2 -7 -1 17 -14 15 19 -17 18 -11 -15
right_child=3 2 4 -5 6 8 7 -9 -10 12 -12 -13 13 14 -16 16 -18 -19 -20 -21
leaf_value=-0.011721652250418359 -0.0032305372121572617 -0.012298205743562539 0.0084325259587630652 0.004075940316961354 0.01277147482756842 -0.012085748422278955 -0.0064244226521415005 0.011003425616492216 0.0030456245502672669 -0.010886557574728657 -0.013061853636465875 -0.011061607262219124 -0.01083663104023733 -0.011121315123976657 -0.010807072894307039 -0.0111329937117576 -0.011438821358151732 -0.011022630841263105 -0.010650825501242668 -0.010936952180308107
leaf_weight=3.0346092060208312 7.5357517078518859 4.4430043101310721 13.675658024847506 7.7780824452638617 30.771899685263634 5.3441222384572082 8.80622346699238 10.586723156273363 7.7706316709518424 4.0143987983465186 3.3853013813495636 4.4418315812945366 4.8516337648034122 4.9801169484853745 3.4881753027439109 5.4927944242954236 3.1085981428623199 2.8590047657489768 4.9450612142682067 3.5658529698848778
leaf_count=17 31 25 24 22 21 33 37 12 21 27 18 29 38 34 28 43 18 19 32 21
internal_value=-0.000401308 0.00372592 0.00505355 -0.00763775 0.00601313 0.00100017 0.00902859 0.00308954 -0.00515996 -0.00966958 -0.0124643 -0.0113295 -0.0109703 -0.0110396 -0.0110873 -0.0111443 -0.0112435 -0.0108208 -0.0107564 -0.0110444
internal_weight=144.879 92.26 84.7836 52.6195 80.3406 30.1757 50.1648 19.3929 16.5001 44.8414 8.72942 7.47644 37.3056 25.4872 20.6355 17.1474 8.60139 11.8185 8.95946 8.54597
internal_count=550 237 191 313 166 96 70 49 72 291 51 46 260 182 144 116 61 78 59 55
is_linear=0
shrinkage=0.0138221


Tree=182
num_leaves=21
num_cat=0
split_feature=0 5 13 11 21 11 11 22 3 21 16 15 29 7 7 23 25 32 3 7
split_gain=9.53187 5.86374 4.58024 3.47781 3.40433 6.33013 4.4355 2.96229 2.57193 6.18554 2.53677 2.66485 2.4104 2.05285 1.15657 1.13505 1.04045 0.906588 0.784392 0.00399502
threshold=-0.56174490092936669 60.583753754381632 51897.909000000007 -0.10073767145736982 0.046226854710299532 -0.12510349747278429 0.056125879975885147 0.044471530509217518 24.000000000000004 -0.023402415291980058 1.5932718388532232 -5216.5255259999985 30.011854534292205 2.5945000000000003e-05 -1.6319999999999996e-05 0.015068625253787224 0.00095652940063499872 22.811613445431217 16.500000000000004 2.1400000000000002e-05
decision_type=2 2 2 2 2 2 2 2 2 2 2 2 2 2 2 2 2 2 2 2
left_child=1 3 10 -1 5 -4 -6 -5 16 -10 11 -2 -8 14 -13 -9 -7 -11 -18 -17
right_child=2 -3 4 7 6 8 12 15 9 17 -12 13 -14 -15 -16 19 18 -19 -20 -21
leaf_value=0.0045569676450449691 -0.00086013866150178823 0.0072805488766980783 0.0093995438950073371 -0.0016035910480432299 0.013917347884226564 -0.011696361630658892 0.005336540125987139 -0.00428874225671339 0.008505508325290569 -0.012216935066754874 -0.00054044454131790137 0.0077356079549741798 -0.0081754948974301044 0.0019048493869255631 0.013845600173749676 -0.011338920959937148 -0.0087425866913798007 -0.0034517330490916411 0.00054151269073299507 -0.01098624034619017
leaf_weight=4.9990493208169928 5.9630199372768393 6.9274941235780707 7.3642334938049308 11.341122955083845 6.7236696183681515 9.3105235546827334 5.8155230954289419 5.6694438010454205 7.3650176376104382 5.2929067462682706 9.2826228588819486 10.875819459557535 4.4541525095701218 5.8193579018115988 12.986478552222254 10.843475982546808 3.9531812220811835 3.9271232038736343 3.1035735309123993 14.135577268898485
leaf_count=20 29 24 24 33 20 35 24 10 29 18 34 38 16 25 38 34 27 23 18 31
internal_value=0.000111441 -0.00459111 0.00259139 -0.00634134 1.0651e-06 -0.00218606 0.00519 -0.00763883 -0.00477523 -0.000939115 0.00589566 0.00757175 -0.000523885 0.00926571 0.0110608 -0.0098721 -0.00866238 -0.00848354 -0.00465942 -0.0111393
internal_weight=156.153 53.9162 102.237 46.9887 57.3099 40.3166 16.9933 41.9896 32.9523 16.585 44.9273 35.6447 10.2697 29.6817 23.8623 30.6485 16.3673 9.22003 7.05675 24.9791
internal_count=550 152 398 128 234 174 60 108 150 70 164 130 40 101 76 75 80 41 45 65
is_linear=0
shrinkage=0.0138221


Tree=183
num_leaves=15
num_cat=0
split_feature=4 10 13 19 4 17 21 24 10 6 14 4 27 6
split_gain=4.1232 3.86518 5.17761 6.41088 5.36146 6.03411 5.00024 4.51755 3.82956 4.77983 3.77593 2.93635 1.96039 1.02255
threshold=0.012244371309915849 0.010075080941732812 56547.833000000006 0.0077622848077007625 -0.012013359294588242 -6869.8706549999997 0.046226854710299532 -0.0022252871076228775 0.011837000840788873 47067.120000000003 0.01072676509692681 0.0069519354902379824 1.0000000180025095e-35 53785.847500000011
decision_type=2 2 2 2 2 2 2 2 2 2 2 2 2 2
left_child=1 6 3 11 -5 -6 12 -4 -7 -10 -9 13 -1 -3
right_child=-2 2 7 4 5 8 -8 10 9 -11 -12 -13 -14 -15
leaf_value=0.015534749260740461 0.011194640041136968 -0.011822432941692419 0.014318415015869 -0.0075623080136919497 0.013187860844262657 0.0088882440705998576 -0.0037356818660065896 0.0075794923887247435 0.0069971770947573064 -0.0036565450256340957 -0.0062368980347185521 0.0012961016210655684 0.0044272938527236613 -0.0062298503579677122
leaf_weight=7.1668329536914843 6.3266463428735724 15.167698293924337 6.9334869682788876 15.092559888958929 7.5650223195552817 8.0245107412338239 7.0595430582761756 7.7527585476636869 10.183505326509474 38.324432641267776 7.3730644136667252 5.8915655463933936 5.2665541768074036 10.619059249758719
leaf_count=38 30 37 33 33 38 36 31 35 47 109 16 25 22 20
internal_value=0.000260764 -0.000193077 -0.00103596 -0.00225278 -0.000150569 0.00159462 0.0055548 0.00507965 4.32422e-05 -0.00141996 0.000844709 -0.00750792 0.0108298 -0.00951939
internal_weight=158.747 152.421 132.928 110.868 79.19 64.0975 19.4929 22.0593 56.5324 48.5079 15.1258 31.6783 12.4334 25.7868
internal_count=550 520 429 345 263 230 91 84 192 156 51 82 60 57
is_linear=0
shrinkage=0.0138221


Tree=184
num_leaves=23
num_cat=0
split_feature=0 1 10 19 34 7 19 23 29 34 8 32 13 6 10 3 10 7 11 8 10 31
split_gain=22.1999 9.4731 7.04308 6.94813 7.11047 6.45459 2.36098 2.07834 4.52291 6.1502 1.95042 0.00752793 0.0039023 0.00228564 0.00128305 0.00185875 0.000771491 0.000747953 0.000644689 0.000551872 0.000523119 0.000456683
threshold=-0.22252093395631442 57.803546668156208 0.01086850076352105 0.011239304451532647 -0.0006304720039583821 7.7295000000000011e-05 0.0054898885224095757 0.6802884577151509 10.947989951562951 -0.00036417059901772125 23.023273414488937 12.273593982260669 56547.833000000006 51114.601000000002 0.016953111719739483 26.500000000000004 0.013679031094666895 -1.1919999999999999e-05 -0.014952365583195402 36.649322012477747 0.0092462222224251808 -1103.8980515000017
decision_type=2 2 2 2 2 2 2 2 2 2 2 2 2 2 2 2 2 2 2 2 2 2
left_child=1 2 6 7 12 10 -1 8 -4 -10 -2 -3 -5 16 15 17 -12 -15 -19 20 -17 -18
right_child=5 11 3 4 -6 -7 -8 -9 9 -11 13 -13 -14 14 -16 19 21 18 -20 -21 -22 -23
leaf_value=0.0018901849024052296 -0.0032196389002045744 -0.011064509659140674 0.012418178277127023 -0.011439672971797349 0.0058535317053310266 0.0040149687900891008 -0.01187495824288828 0.013353518102676912 -0.0058982543379920774 0.0087851467725922477 -0.010671985948855395 -0.011969383427668142 -0.012097189922844989 -0.011387074780307382 -0.010783318402390588 -0.010860203420499728 -0.011013281597913128 -0.011000331987922418 -0.011274745298999462 -0.010748780313409475 -0.011091008192027536 -0.01080609423931979
leaf_weight=4.1239410266280156 7.5143422484397879 4.3428000882267943 18.317369528114796 4.236140392720702 11.488448247313498 7.7719071954488745 5.6312194243073463 14.571584537625311 8.769110441207884 14.398015126585962 5.2196409702301017 2.9494568035006523 2.9084763303399086 3.074260301887989 3.4471331536769858 3.2044922113418561 3.2799925431609145 3.5721039399504662 3.0172201767563873 2.2362561747431755 4.525861069560051 5.3442348390817633
leaf_count=15 31 29 14 30 22 22 27 10 32 23 30 17 18 20 28 24 23 30 18 22 28 37
internal_value=-0.000410595 0.00368436 0.00498961 0.00643226 -0.000879966 -0.00760606 -0.00605582 0.00886285 0.00728548 0.00322726 -0.00963862 -0.0114305 -0.0117073 -0.010945 -0.0110293 -0.0110725 -0.0108046 -0.011209 -0.011126 -0.01094 -0.0109953 -0.0108849
internal_weight=143.944 91.7366 84.4443 74.6891 18.6331 52.2074 9.75516 56.0561 41.4845 23.1671 44.4355 7.29226 7.14462 36.9212 23.0773 19.6302 13.8439 9.66358 6.58932 9.96661 7.73035 8.62423
internal_count=550 237 191 149 70 313 42 79 69 55 291 46 48 260 170 142 90 68 48 74 52 60
is_linear=0
shrinkage=0.0138221


Tree=185
num_leaves=21
num_cat=0
split_feature=0 6 32 22 33 21 21 10 27 23 21 0 16 2 3 23 6 6 2 18
split_gain=9.29701 6.57692 4.70777 3.85298 3.5749 6.50001 2.83143 2.58502 2.42476 3.09162 2.30866 3.96616 2.06248 2.93792 2.05882 1.64047 1.26396 0.827297 0.942694 0.00504527
threshold=-0.56174490092936669 52063.580000000009 14.080372940167869 0.03800281025738584 33.000000000000007 -0.12539316918096424 -0.069204589132544722 0.013125654102338477 0.87837969732492682 0.18939639096246555 -0.039535570950877112 0.81174490092936691 1.4036525471718375 1.0000000180025095e-35 44.500000000000007 0.073892910693132821 50403.717500000006 53241.535500000005 6758.4573925000013 1.0000000180025095e-35
decision_type=2 2 2 2 2 2 2 2 2 2 2 2 2 2 2 2 2 2 2 2
left_child=2 7 -1 -4 5 -3 -5 16 9 -7 -9 12 13 -12 -6 -8 -2 -11 -19 -17
right_child=1 4 3 6 14 8 15 10 -10 17 11 -13 -14 -15 -16 19 -18 18 -20 -21
leaf_value=0.0054757249027325922 0.01411149232295013 0.010578424565386435 0.0066745704356463448 -0.00044075998985873533 0.012035770910690706 0.0013411319211022151 -0.0041463559860508876 0.010505029664919669 0.0043004287029360742 -0.0045412535051301021 -0.005972232883389386 0.011159418259283431 -0.0086887227967012651 0.0084770617669700649 0.00022039529935029915 -0.011391981330308653 0.0068011112290538673 -0.01186502416080968 -0.0036894982484701609 -0.010982379457843385
leaf_weight=7.6701233908534041 8.9375562667846697 6.148054674267768 4.0361412167549124 8.6858759522438032 5.684977248311041 7.8595089465379742 8.6909642964601499 7.3729560226202038 4.8681250661611548 6.7104942500591305 5.1185426861047798 6.0511417984962454 5.6567404568195334 5.6625773310661316 5.5861551612615585 9.2060358673334139 9.1390785723924619 13.782057449221613 3.3494253531098357 15.283087223768232
leaf_count=30 26 20 19 23 17 31 19 23 21 23 28 19 24 21 23 29 32 78 12 32
internal_value=0.000113872 0.0025641 -0.00454797 -0.0062229 -0.000744405 -0.00257139 -0.0074663 0.00629016 -0.00478213 -0.00617686 0.0037929 0.00159235 -0.00192951 0.00161698 0.00617988 -0.00930545 0.0104156 -0.00865516 -0.0102666 -0.0111364
internal_weight=155.5 101.927 53.5722 45.9021 53.9888 42.7177 41.866 47.9386 36.5696 31.7015 29.862 22.489 16.4379 10.7811 11.2711 33.1801 18.0766 23.842 17.1315 24.4891
internal_count=550 398 152 122 225 185 103 173 165 144 115 92 73 49 40 80 58 113 90 61
is_linear=0
shrinkage=0.0138221


Tree=186
num_leaves=15
num_cat=0
split_feature=24 13 21 23 2 15 21 24 21 24 16 2 0 20
split_gain=4.04577 4.36092 5.54979 4.20466 9.44088 4.14338 6.57046 3.65734 3.41647 3.33947 2.51282 1.35687 0.798827 0.632662
threshold=0.0046856341330148319 56998.648000000008 -0.053475311049393841 0.033379113043447879 -5915.0540899999978 2657.9143940000013 0.012017754853705378 0.00063353614364867583 0.054378297322852827 -0.0017374795255135982 1.5932718388532232 -4425.026410999998 1.0000000180025095e-35 1.1194933357293442
decision_type=2 2 2 2 2 2 2 2 2 2 2 2 2 2
left_child=1 2 11 -4 12 8 13 -8 10 -3 -6 -1 -5 -7
right_child=-2 9 3 4 5 6 7 -9 -10 -11 -12 -13 -14 -15
leaf_value=-0.0087845404824501549 0.011379570543584842 0.013987171515676532 -0.0080899592774529034 0.015620511186282042 -0.0060833770832786046 0.014888182584701865 0.0076953211380860293 -0.0039699642166638911 0.0046998580889454512 0.0014713302005385912 0.0042839942206283196 -0.0025622372817266327 0.0085724462713796194 0.007876894370989285
leaf_weight=17.68360157310963 6.0191936492919913 6.7309294044971493 10.001178458333014 7.0289714187383634 34.257512792944908 6.7651243507862073 7.1985387504100826 17.9109266102314 9.0174453258514387 10.314040154218672 5.1362544298171988 10.775408610701559 5.4578834027051926 3.862755686044693
leaf_count=32 30 32 21 36 106 34 33 54 36 36 22 33 27 18
internal_value=0.000265302 -0.000174416 -0.00100564 0.000441628 0.0013246 -0.000339646 0.00323013 -0.000625687 -0.00297487 0.00641374 -0.00473165 -0.0064286 0.0125399 0.0123399
internal_weight=158.16 152.141 135.096 106.637 96.6354 84.1486 35.7373 25.1095 48.4112 17.045 39.3938 28.459 12.4869 10.6279
internal_count=550 520 452 387 366 303 139 87 164 68 128 65 63 52
is_linear=0
shrinkage=0.0138221


Tree=187
num_leaves=22
num_cat=0
split_feature=0 32 22 28 19 19 28 18 9 10 10 31 4 24 9 20 15 32 18 30 18
split_gain=21.75 9.29004 7.13949 6.10094 7.47013 9.58566 5.68504 6.05815 4.613 3.83508 8.44838 2.80993 0.00930794 0.00876157 0.00394463 0.00381021 0.0023696 0.00267465 0.00206862 0.00102788 0.000778994
threshold=-0.22252093395631442 14.080372940167869 0.03800281025738584 -0.0026437280146701099 0.0091668355917911056 0.010366194509342624 1.0000000180025095e-35 4.1095000000000005e-05 71.309147866252744 0.010311615351971358 0.010075080941732812 776.50892649999878 0.011343734361685122 0.00169561564083936 60.971199847400818 -0.58384012217925685 8796.2621245000028 30.48963171942675 4.8780000000000011e-05 48191.508000000009 2.2760000000000002e-05
decision_type=2 2 2 2 2 2 2 2 2 2 2 2 2 2 2 2 2 2 2 2 2
left_child=1 14 -3 4 -4 -6 -5 -8 9 10 13 15 16 20 -1 -7 17 18 19 -11 -2
right_child=8 2 3 6 5 11 7 -9 -10 12 -12 -13 -14 -15 -16 -17 -18 -19 -20 -21 -22
leaf_value=-0.011660648091533056 -0.0107175303001537 -0.012225182954678497 -0.012813498276253622 0.012590358889029105 0.011680438795031082 -0.011308117356691407 -0.006008513709661315 0.0096858172516875295 0.0082941062597857735 -0.010701689476670325 0.010751387610785357 0.0038745126891811411 -0.011778324449866415 -0.011849831784488825 -0.011007930605618287 -0.011989258759542043 -0.011411928864044544 -0.011301647776456959 -0.011277799663120399 -0.010945030644522095 -0.011033733802498762
leaf_weight=2.9778944104909888 2.8080126792192441 4.3832015097141257 6.0071604549884823 30.382232576608658 14.177157841622831 3.2284245565533647 8.2021283954381961 11.002035640180109 3.2797938734292975 4.2249093726277485 5.5279237776994696 3.4589773565530777 3.7467522248625746 2.5732870697975159 4.3570672273635864 3.0525173693895313 3.084078684449195 4.8777417391538611 3.0831547677516928 15.421661302447317 3.1676585301756859
leaf_count=16 23 25 29 21 17 19 36 13 9 30 9 9 25 17 30 22 18 33 20 107 22
internal_value=-0.000417265 0.00364416 0.00494838 0.00589511 0.000966431 0.00442748 0.00886946 0.00298274 -0.00757083 -0.00864335 -0.00256493 -0.00612972 -0.011128 -0.0111755 -0.0112729 -0.0116391 -0.0110486 -0.011008 -0.0109449 -0.0108927 -0.0108851
internal_weight=143.024 91.2288 83.8938 79.5106 29.9242 23.9171 49.5864 19.2042 51.795 48.5152 14.0769 9.73992 34.4383 8.54896 7.33496 6.28094 30.6915 27.6075 22.7297 19.6466 5.97567
internal_count=550 237 191 166 96 67 70 49 313 304 71 50 233 62 46 41 208 190 157 137 45
is_linear=0
shrinkage=0.0138221


Tree=188
num_leaves=21
num_cat=0
split_feature=0 5 18 2 17 17 28 21 19 18 19 10 8 32 13 8 17 23 19 3
split_gain=9.0534 5.6348 5.08112 4.3088 5.22883 3.67037 3.1538 3.02858 2.91714 2.69144 2.2013 4.10437 2.95182 2.00565 2.0966 1.98359 1.55206 1.11631 0.598398 0.00259917
threshold=-0.56174490092936669 60.583753754381632 -3.8699999999999994e-06 1411.1929040000011 -5915.0540899999978 -11212.814724499998 -0.0062732026039051805 -0.084282319434979477 0.008418337718800465 1.9935000000000001e-05 0.0078572465111370181 0.016186572820780998 30.847267348547341 14.890411041863741 52439.865500000007 33.623610971443405 -14423.546147499999 0.71851733701350584 0.0067132745633972325 14.500000000000002
decision_type=2 2 2 2 2 2 2 2 2 2 2 2 2 2 2 2 2 2 2 2
left_child=1 7 5 4 6 -2 -4 -1 -9 -6 18 12 -12 14 -5 -11 -10 -15 -7 -18
right_child=2 -3 3 13 9 10 -8 8 16 15 11 -13 -14 17 -16 -17 19 -19 -20 -21
leaf_value=0.0050792559981629086 -0.0052587416134748134 0.0071329864155299481 0.003199935526575306 0.0045811054557643727 -0.00037979799045845106 0.0090919750893602054 -0.011459642801563761 -0.0020646050807482681 -0.0018885021900206151 0.012898612283796042 -0.0078964912458559418 0.012344580332158721 0.0053421839782237437 -0.012347602235447785 -0.006970466700367336 0.0033750344963294618 -0.011033779311776019 -0.002739359973871161 0.014598405230603672 -0.011325127653911525
leaf_weight=4.1141597777605048 4.7220781967043868 6.9178179353475562 5.0313945263624191 6.2526975870132464 7.9773001670837429 7.825214818120001 6.3326394632458669 13.565364822745321 4.0248026028275481 11.015528649091722 5.3029999658465412 8.6270846724510175 8.1830193847417814 7.1098803579807264 5.7736139744520187 6.731729418039321 15.034054011106496 3.4221276342868805 7.2767426669597626 9.5764103755354864
leaf_count=16 21 24 23 25 30 27 24 37 15 34 28 27 36 30 24 28 27 20 21 33
internal_value=0.00011445 -0.00450293 0.00253408 -5.79995e-05 0.00283929 0.00622077 -0.00496916 -0.00624093 -0.00734455 0.00628874 0.00767736 0.00489926 0.000136445 -0.0048215 -0.000964595 0.00928621 -0.00984581 -0.00922563 0.0117452 -0.0111471
internal_weight=154.817 53.2326 101.584 59.6469 37.0886 41.9371 11.364 46.3148 42.2006 25.7246 37.2151 22.1131 13.486 22.5583 12.0263 17.7473 28.6353 10.532 15.102 24.6105
internal_count=550 152 398 238 139 160 47 128 112 92 139 91 64 99 49 62 75 50 48 60
is_linear=0
shrinkage=0.0138221


Tree=189
num_leaves=21
num_cat=0
split_feature=17 13 19 27 21 18 12 8 21 24 4 17 8 15 5 18 20 6 32 15
split_gain=4.01287 7.32014 5.0259 7.11895 5.07144 4.62189 3.79986 2.7645 2.58898 2.34563 2.30773 4.65072 2.20959 1.85219 1.56873 1.51854 0.733258 0.481613 0.126146 0.125575
threshold=1654.2065940000018 56929.463500000005 0.0077173032399235671 -0.60785761079279388 -0.014896298913748439 8.7800000000000023e-06 0.026963506488525638 36.914227198482202 0.046226854710299532 -0.0017374795255135982 -0.011742673823299852 -4676.3459489999977 26.782374674211493 3246.0154605000016 64.062860282651073 1.2220000000000002e-05 1.08303641323016 53241.535500000005 27.445391745364393 6063.6650900000013
decision_type=2 2 2 2 2 2 2 2 2 2 2 2 2 2 2 2 2 2 2 2
left_child=1 2 7 4 -4 6 12 17 13 -3 -5 -12 -2 -7 -8 -13 -17 -1 -6 -15
right_child=5 9 3 10 18 8 14 -9 -10 -11 11 15 -14 19 -16 16 -18 -19 -20 -21
leaf_value=-0.011095497341421108 -0.0077888010520972585 0.013828130891471202 -0.0011492264732844285 -0.0080837208467606832 0.01715296257313759 0.0056844897256370279 0.011888972082717688 0.00083663499573298689 0.0014206825969486996 0.002545125317137431 0.0090949626207735921 0.00028001811478820399 0.0023245869930223215 0.016392727253433922 0.00083322713322563969 -0.0038128184799026015 -0.010023026736621012 -0.0072126367945442235 0.013665923451496014 0.013192867899266571
leaf_weight=13.727432161569601 11.97173191606999 6.726865828037262 6.3083880990743637 12.805588439106936 4.0715381950139982 7.8973184078931871 4.9059616178274137 6.3795244246721259 8.8459925502538663 7.3843103945255262 6.6936374008655539 9.8615873306989759 6.2988947927951804 4.6219405233859998 4.9020525813102722 7.6984288543462736 6.8774432837963104 10.988214835524557 3.8621300160884857 4.7522886991500854
leaf_count=35 27 32 22 25 21 35 23 26 29 28 32 36 27 24 20 26 15 22 20 25
internal_value=0.000269837 -0.00132717 -0.00278943 -0.000391788 0.00810057 0.00331629 -0.000576657 -0.00727539 0.00750155 0.00792379 -0.00314458 -0.0011129 -0.00430216 0.010616 0.0063633 -0.00390892 -0.00674303 -0.00936923 0.0154555 0.0147706
internal_weight=157.581 103.385 89.2739 58.1787 14.2421 54.1962 28.0786 31.0952 26.1175 14.1112 43.9367 31.1311 18.2706 17.2715 9.80801 24.4375 14.5759 24.7156 7.93367 9.37423
internal_count=550 340 280 197 63 210 97 83 113 60 134 109 54 84 43 77 41 57 41 49
is_linear=0
shrinkage=0.0138221


Tree=190
num_leaves=25
num_cat=0
split_feature=0 1 10 22 7 7 17 14 29 23 7 10 10 19 32 17 7 22 31 22 22 14 34 10
split_gain=21.3261 9.15201 6.78253 7.62828 6.33234 3.50812 3.09037 2.35119 2.00962 5.17769 4.14133 1.60554 4.0197 0.00818586 0.00749504 0.00273002 0.00204657 0.00189393 0.00176691 0.00181192 0.00175932 0.000963111 0.000668622 0.000355821
threshold=-0.22252093395631442 57.803546668156208 0.01086850076352105 0.10202947915498842 7.7295000000000011e-05 -3.6339999999999994e-05 -11949.460654499997 0.0042948520870765604 12.952518141415625 0.6802884577151509 3.7935000000000009e-05 0.010160184731771658 0.0098127669315107979 0.012672659982104739 12.273593982260669 8796.2621245000028 -3.0144999999999993e-05 0.063690336429911162 3132.1269109999989 0.048392092984467991 0.029362637788535231 0.013201529728365824 0.00035730505002662399 0.016953111719739483
decision_type=2 2 2 2 2 2 2 2 2 2 2 2 2 2 2 2 2 2 2 2 2 2 2 2
left_child=1 2 7 6 11 -5 -4 -1 -8 10 -10 12 20 -7 -3 16 22 18 19 -18 -2 23 -13 -19
right_child=4 14 3 5 -6 13 8 -9 9 -11 -12 15 -14 -15 -16 -17 17 21 -20 -21 -22 -23 -24 -25
leaf_value=0.0018793388071345269 -0.01067257875054012 -0.011011599864471462 0.00045890126853231488 0.006258187205620532 0.00399460056191169 -0.012243498179173733 0.012791563452691709 -0.011924311906646686 -0.0032594467817693429 0.013006883830671953 0.0093976339212877152 -0.010934522875052888 0.0077519417019566734 -0.011218959091819216 -0.011921761177561345 -0.011425020941045697 -0.010890252300583438 -0.010846792278779733 -0.011402951158936477 -0.01121737287784326 -0.011124937581574646 -0.011081160061575309 -0.010675872473306154 -0.010596936715020032
leaf_weight=4.1208669394254667 3.0499023273587209 4.259834721684455 8.9820485487580282 3.1617950722575188 7.7253359109163275 3.0924764946103078 19.37164494395256 5.5092365518212318 10.790334045886995 16.494722351431847 9.1072881519794446 3.3561197891831389 3.3057736605405807 2.8750516623258591 2.908996194601059 2.8954480439424506 6.5464479401707738 2.3239935413002959 3.4746686220169059 6.3952813968062401 3.5597967654466629 2.2595412582159042 4.4296332821249962 2.0490531474351883
leaf_count=12 27 29 30 8 22 19 12 30 35 12 12 23 8 21 17 18 46 22 21 39 23 16 30 18
internal_value=-0.000424784 0.00360641 0.00489305 0.00631531 -0.0075402 -0.00551308 0.00798314 -0.00601752 0.00919509 0.00728069 0.00253379 -0.00958187 -0.00469233 -0.0117499 -0.0113809 -0.0110192 -0.0109811 -0.0110466 -0.0111262 -0.0110519 -0.0109162 -0.0108494 -0.0107874 -0.0107297
internal_weight=142.045 90.6743 83.5055 73.8754 51.371 9.12932 64.746 9.6301 55.764 36.3923 19.8976 43.6457 9.91547 5.96753 7.16883 33.7302 30.8347 23.049 16.4164 12.9417 6.6097 6.63259 7.78575 4.37305
internal_count=550 237 191 149 313 48 101 42 71 59 47 291 58 40 46 233 215 162 106 85 50 56 53 40
is_linear=0
shrinkage=0.0138221


Tree=191
num_leaves=23
num_cat=0
split_feature=2 11 15 18 16 11 2 32 3 13 13 28 31 4 34 15 21 11 16 16 27 28
split_gain=5.50599 7.50385 7.46542 7.2289 5.37848 4.92543 4.89865 4.12064 3.64122 2.78317 1.74032 1.71925 1.62025 1.46107 1.31865 1.00352 0.801496 0.754939 0.353552 0.238248 0.0201602 0.00735667
threshold=-5684.5991244999977 -0.14815875605215237 -352.11639449999899 -2.3149999999999997e-05 0.88111609377873112 0.0099101924117881452 3754.2313085000019 16.582790097949651 17.500000000000004 51277.468000000008 48244.360500000003 -0.0031418909849241223 -3366.1911730000011 0.0066788230748491282 0.014376400591867402 -3499.2889314999979 -0.063561062113495867 0.043580451345054845 0.61100016142646096 0.57141853175287738 -1.0000000180025095e-35 -0.0026437280146701099
decision_type=2 2 2 2 2 2 2 2 2 2 2 2 2 2 2 2 2 2 2 2 2 2
left_child=1 -1 4 7 8 11 17 13 -2 10 -3 -5 -6 -4 18 -14 -11 -7 -13 -18 -20 -21
right_child=2 9 3 5 12 6 -8 -9 -10 16 -12 14 15 -15 -16 -17 19 -19 20 21 -22 -23
leaf_value=0.011578298814816491 0.0082736195687317295 -0.0063416894301423481 0.014070238012639033 0.00083377303785897344 0.0041959878797468595 0.010781406571995585 -0.0060108748072677139 -0.0031626091818087909 -0.0048463955956670555 -0.0048751670988150218 0.004637262870505106 -0.0075428214473503234 0.016991951651035998 0.0056419500503052866 -0.0037036528688364828 0.010099333938449306 -0.0066676435061553364 0.0039087698457775932 -0.011108269579622479 -0.011480040261382798 -0.012195291691432181 -0.010874662097788141
leaf_weight=5.0370249301195136 7.1528509780764606 5.3291869238018972 7.4852850288152721 4.5429499596357372 4.5856285393238094 6.001275762915613 9.3433577567338926 6.900251328945159 9.2904962375760061 6.6299404576420775 5.7181103453040123 5.9279375672340455 7.979619294404988 8.2722396552562696 8.1619020625948888 8.1648859977722132 2.6693544760346475 6.2170218378305435 7.0566985905170494 6.7405381128191957 6.0578944534063268 8.8973819687962497
leaf_count=16 26 23 22 23 19 19 39 24 26 29 19 18 22 33 31 28 20 25 13 24 34 17
internal_value=0.000115576 -0.0042226 0.00168848 -0.000795217 0.0067641 -0.00357498 0.00152314 0.00574498 0.000860807 -0.00643437 -0.000658955 -0.00703743 0.0114466 0.00964563 -0.00835186 0.0135061 -0.00899291 0.00728441 -0.0103442 -0.0104841 -0.0116104 -0.0111356
internal_weight=154.162 41.0215 113.14 75.9668 37.1735 53.309 21.5617 22.6578 16.4433 35.9845 11.0473 31.7474 20.7301 15.7575 27.2044 16.1445 24.9372 12.2183 19.0425 18.3073 13.1146 15.6379
internal_count=550 148 402 281 121 202 83 79 52 132 42 119 69 55 96 50 90 44 65 61 47 41
is_linear=0
shrinkage=0.0138221


Tree=192
num_leaves=21
num_cat=0
split_feature=8 21 14 10 19 21 10 30 22 6 19 30 21 19 28 8 12 7 2 14
split_gain=3.94384 4.65002 4.45404 3.78388 7.39294 6.4128 4.58177 5.43898 5.77769 4.10998 3.11718 2.94348 2.82546 2.66075 2.57352 2.07006 1.72762 1.40054 0.925504 0.818072
threshold=40.415104731646956 0.039864490787945968 0.012292954757788013 0.010075080941732812 0.0077622848077007625 0.046226854710299532 0.011837000840788873 48886.210500000008 0.056301332508417935 57235.068000000007 0.0084363174226296852 55984.465000000004 0.009572152830307103 0.0084703044999578005 0.0054482499892556388 24.357050432140007 -0.020727839323734395 2.6910000000000002e-05 4557.0742325000019 0.0068371682560236591
decision_type=2 2 2 2 2 2 2 2 2 2 2 2 2 2 2 2 2 2 2 2
left_child=3 2 13 5 11 18 10 8 -8 14 -6 19 15 -2 16 -10 -9 -16 -1 -5
right_child=1 -3 -4 4 6 -7 7 9 12 -11 -12 -13 -14 -15 17 -17 -18 -19 -20 -21
leaf_value=0.0154430637448151 0.0039705345877421487 0.016228983584392096 0.013028598346075707 -0.011462976290658768 0.0020227525114120334 -0.0053263701785673471 -0.0051288033135775549 -0.0030274800905671878 0.011361351033830602 0.0080884707201151086 0.018012059629171431 0.00018616122951648842 0.016738505785380841 -0.0095262381102477079 0.0058049301147584699 -0.00079831649503654136 -0.0090957913056046551 -0.0037086302994758348 0.0068691978406090646 -0.0059176813027116181
leaf_weight=6.5215659588575381 5.461326867341997 5.8826600015163413 4.7712430357933036 15.965905860066419 4.8276698142290098 6.3998891413211814 7.6218529045581844 17.382059648633 5.1520342379808444 5.7175623029470435 4.5015147775411606 7.63236179947853 6.2564979046583167 5.7063862532377243 6.2047963142395002 5.5628900229930878 18.505969569087032 5.6469735652208328 3.8108913153409958 7.4563838690519324
leaf_count=35 23 30 23 28 20 28 19 48 25 23 23 25 32 20 27 24 38 13 17 29
internal_value=0.000273801 0.00572626 0.00184997 -0.000606456 -0.00147571 0.0055463 0.000583032 -0.000511226 0.00486826 -0.00298608 0.00973791 -0.00726849 0.00935794 -0.00292594 -0.00431243 0.00504839 -0.00615666 0.00127204 0.0122808 -0.00969766
internal_weight=156.988 21.8216 15.939 135.167 118.434 16.7323 87.3798 78.0506 24.5933 53.4574 9.32918 31.0547 16.9714 11.1677 47.7398 10.7149 35.888 11.8518 10.3325 23.4223
internal_count=550 96 66 454 374 80 292 249 100 149 43 82 81 43 126 49 86 40 52 57
is_linear=0
shrinkage=0.0138221


Tree=193
num_leaves=20
num_cat=0
split_feature=22 5 11 21 21 9 14 7 33 28 3 11 2 12 11 25 18 11 13
split_gain=11.5783 11.2286 13.2574 8.24605 8.14916 8.76639 10.824 3.21645 3.77495 2.59556 0.0312983 0.0181695 0.0129794 0.00329306 0.00312653 0.0027063 0.00242113 0.00232546 0.00107306
threshold=0.03800281025738584 61.907327518544413 -0.10073767145736982 -0.05303084956559239 0.041518982579783932 31.748087992450028 0.0065796907768128189 3.7935000000000009e-05 44.500000000000007 -0.00012008276225128343 21.500000000000004 -0.11700008198544352 -2024.160509999999 -0.084001017611640236 0.0071211040472038975 0.001715061742461814 2.1400000000000002e-05 -0.027711922802556629 52212.719000000005
decision_type=2 2 2 2 2 2 2 2 2 2 2 2 2 2 2 2 2 2 2
left_child=12 2 11 -4 5 -5 9 8 -6 -7 -8 13 -1 -2 17 -3 -17 -14 -16
right_child=1 15 3 4 7 6 10 -9 -10 -11 -12 -13 14 -15 18 16 -18 -19 -20
leaf_value=-0.011920458603324894 -0.011337173376371542 -0.010852085925003562 0.010092470785588345 0.011243842330480674 -0.0042659530763567129 -0.0030288002599811559 -0.011357277447287885 0.012472945138193824 0.0097474681516005468 0.0090532595276084822 -0.012505612061545429 -0.012201952572639381 -0.010972112878943478 -0.010780706281336129 -0.010629443382653021 -0.010962289488851928 -0.011472637118809871 -0.011500158002866006 -0.010992733631562134
leaf_weight=4.0887842625379589 3.6009989380836478 5.9001517519354802 30.373083330690861 7.4212284237146369 7.1364174857735652 5.8042142093181601 13.609494186937811 12.547853544354437 7.5665435120463371 8.1909236982464773 6.8003435581922522 3.5810172259807578 3.1485455632209787 4.6623161435127249 3.2364497780799866 3.1390360742807388 4.0899358913302422 3.2258696928620312 2.9869297072291374
leaf_count=23 22 38 38 9 32 29 93 9 12 15 39 18 26 34 21 23 27 22 20
internal_value=-0.000432277 0.00101767 0.00244383 0.00409017 0.00145096 -0.00238108 -0.00532 0.00733261 0.00294573 0.00404246 -0.0117399 -0.0113796 -0.0112438 -0.0110232 -0.0110242 -0.0110717 -0.011251 -0.0112393 -0.0108038
internal_weight=141.11 124.424 111.294 99.4501 69.077 41.8262 34.405 27.2508 14.703 13.9951 20.4098 11.8443 16.6866 8.26332 12.5978 13.1291 7.22897 6.37442 6.22338
internal_count=550 438 350 276 238 185 176 53 44 44 132 74 112 56 89 88 50 48 41
is_linear=0
shrinkage=0.0138221


Tree=194
num_leaves=22
num_cat=0
split_feature=2 11 15 32 17 11 6 8 27 27 8 31 12 24 15 32 11 17 29 14 1
split_gain=5.36404 7.33846 7.30714 7.01908 6.94908 4.43831 4.32175 3.18643 2.55087 2.49108 2.41575 2.12323 2.11687 1.80217 1.95095 1.07668 0.629582 0.438055 0.20889 0.0210459 0.00422505
threshold=-5684.5991244999977 -0.14815875605215237 -352.11639449999899 16.582790097949651 4374.9317215000019 0.050104339893790824 51645.080000000009 33.034230288962895 -1.0000000180025095e-35 -1.0000000180025095e-35 35.156837666197099 -4329.8300069999987 0.033535573329313902 -0.0025502981568658227 -1652.3942444999989 22.170656411705853 -0.064509517124394331 1379.3942235000011 10.227856344724689 0.0093908757084131492 43.692563070966145
decision_type=2 2 2 2 2 2 2 2 2 2 2 2 2 2 2 2 2 2 2 2 2
left_child=1 -1 5 4 12 11 9 -6 16 -5 -10 -2 17 -13 -15 19 -3 -4 -18 -8 -20
right_child=2 8 3 6 7 -7 15 -9 10 -11 -12 13 -14 14 -16 -17 18 -19 20 -21 -22
leaf_value=0.011439960958377567 -0.00015955380511574946 -0.005159215290374961 0.014467213868372181 -0.0058870794360139957 -0.008622652284334207 -0.0035474694010026757 -0.012099668800880294 0.002387795404698616 0.0048372724479001867 0.0060898143383143616 -0.007109463483501088 0.01614341277363136 0.002464721129115415 0.011349909567076932 0.0019837743324211438 -0.0048943848359647131 -0.0079350507568471795 0.0095403233687252793 -0.011218183946931432 -0.011025364396318203 -0.011749269086356666
leaf_weight=5.0362937152385703 4.2307081446051624 5.6208325773477545 6.0848412364721316 6.0340158641338348 9.4611322879791278 6.6361369490623465 7.0995166525244731 10.701741665601729 6.1022512167692167 7.3703834190964681 6.879180908203125 7.4527373164892223 7.2175242379307738 12.283585041761404 6.4957658350467637 6.8931755274534217 4.5029735565185609 7.9552391245961189 8.2288954183459264 6.8407959640026093 4.3879717141389838
leaf_count=16 21 14 18 21 38 15 32 38 27 29 32 21 30 36 28 33 5 28 30 14 24
internal_value=0.000117351 -0.00418007 0.00167074 -0.00079319 0.00303446 0.00669561 -0.00542383 -0.0027787 -0.00638227 0.000698393 -0.0014936 0.008927 0.00854826 0.0103925 0.00811017 -0.0093629 -0.00917295 0.0116756 -0.0104908 -0.0115725 -0.0114029
internal_weight=153.516 40.7584 112.757 75.6584 41.4205 37.0989 34.2379 20.1629 35.7221 13.4044 12.9814 30.4628 21.2576 26.2321 18.7794 20.8335 22.7407 14.0401 17.1198 13.9403 12.6169
internal_count=550 148 402 281 152 121 129 76 132 50 59 106 76 85 64 79 73 46 59 46 54
is_linear=0
shrinkage=0.0138221


Tree=195
num_leaves=19
num_cat=0
split_feature=4 8 21 10 29 22 22 8 21 14 13 19 21 16 19 8 23 3
split_gain=3.90583 4.03646 4.66875 7.00244 5.42188 5.03619 5.43544 5.16447 3.9174 4.19726 3.60399 2.52654 2.37997 4.03195 1.97187 1.07518 0.966347 0.839132
threshold=0.012244371309915849 40.415104731646956 0.041518982579783932 0.010075080941732812 11.12499031910713 0.056301332508417935 0.045403124811023425 34.279400711846769 0.039864490787945968 0.012292954757788013 50313.138500000008 0.0083763132598476675 0.062827157122651869 1.1352492867896029 0.0082919474973006061 23.35390817949752 0.64856921677346435 28.500000000000004
decision_type=2 2 2 2 2 2 2 2 2 2 2 2 2 2 2 2 2 2
left_child=1 2 3 17 -5 6 11 10 9 14 -7 -6 16 -14 -3 -8 -4 -1
right_child=-2 8 12 4 5 7 15 -9 -10 -11 -12 -13 13 -15 -16 -17 -18 -19
leaf_value=0.015231920129041825 0.010955916101945254 0.0034060682716581122 -0.0043329537844701222 -0.0071643994717074154 -0.0027044630292606497 0.0050164741632826816 -0.010245571690500737 -0.0038559352435996938 0.01605108350357962 0.012888009332513941 0.016994895095770818 0.0099051696630871357 0.0054123855615747273 -0.009423611597083232 -0.0083767938883858514 -0.0034266760102768983 -0.010103265567129595 0.0070086027063202957
leaf_weight=5.5544352382421476 6.2810845077037802 5.2605914175510424 9.0175884366035479 19.042840987443924 5.4209980070590991 16.399424269795421 11.002718374133112 8.9175950139760953 5.0728245973587027 4.7647330164909354 6.7839616239070883 6.8996249884366989 8.4357845187187177 5.9810125380754462 5.6042038202285767 7.3815523236989966 14.397740274667738 4.1361531317234039
leaf_count=30 30 22 29 35 21 75 15 23 26 23 35 32 33 17 20 30 35 19
internal_value=0.0002774 -0.000169531 -0.00107634 0.000611704 -0.000703718 0.00125517 -0.00274687 0.00508316 0.0054972 0.00207176 0.00852162 0.00435701 -0.00516075 -0.000742538 -0.00267169 -0.00750769 -0.00788103 0.011722
internal_weight=156.355 150.074 129.371 91.5393 81.8487 62.8059 30.7049 32.101 20.7024 15.6295 23.1834 12.3206 37.8321 14.4168 10.8648 18.3843 23.4153 9.69059
internal_count=550 520 429 315 266 231 98 133 91 65 110 53 114 50 42 45 64 49
is_linear=0
shrinkage=0.0138221


Tree=196
num_leaves=20
num_cat=0
split_feature=0 1 10 19 7 31 28 11 14 8 32 20 30 10 10 16 24 28 26
split_gain=20.6254 8.85521 6.55457 6.43648 6.15481 5.75883 2.73804 5.30146 2.27487 1.88691 0.00733824 0.00505066 0.00147209 0.00118201 0.00153247 0.00109189 0.000611153 0.000618133 0.000524814
threshold=-0.22252093395631442 57.803546668156208 0.01086850076352105 0.011239304451532647 7.7295000000000011e-05 104.74225749999881 -0.0026437280146701099 -0.058129269849446656 0.0042948520870765604 23.023273414488937 12.273593982260669 -0.43674073172426736 50307.459500000004 0.0094874238132667665 0.016953111719739483 1.7485953339184552 0.0015576349679915708 0.0024156502665397821 0.26988897309824272
decision_type=2 2 2 2 2 2 2 2 2 2 2 2 2 2 2 2 2 2 2
left_child=1 2 8 6 9 11 7 -4 -1 -2 -3 -5 16 -14 15 18 17 -11 -15
right_child=4 10 3 5 -6 -7 -8 -9 -10 12 -12 -13 13 14 -16 -17 -18 -19 -20
leaf_value=0.0017960661077507313 -0.0031721192076617152 -0.010961939504442068 0.012613235232757142 -0.011259914839488523 0.003888938355024925 0.0047429846972037058 0.010884071779716639 -0.0018960650866155439 -0.011854212733087035 -0.010764400668147867 -0.011870112206004377 -0.012048750751164919 -0.010720204032466837 -0.010939880502602245 -0.010695920011936262 -0.0107892106443396 -0.010899113606629809 -0.010523710318541553 -0.011134293389067164
leaf_weight=4.0960841625928861 7.3689354211091986 4.176962934434413 8.5372626483440381 3.4970817640423784 7.6933970451354972 11.91971931606531 35.276662811636925 11.023523665964605 5.4175180867314339 5.2174660861492139 2.8662643954157829 2.7861220985651034 4.5832135379314449 3.7207465395331445 3.3026548549532881 3.0862921550869933 3.0176611244678488 3.3457314223051071 9.2424635142087919
leaf_count=12 31 29 7 23 22 28 36 36 30 37 17 19 38 27 28 22 21 22 65
internal_value=-0.000438292 0.00354531 0.00481455 0.00622017 -0.00749503 -0.000901563 0.00858419 0.00443649 -0.00597708 -0.00953726 -0.0113315 -0.0116097 -0.0108579 -0.0109198 -0.0109671 -0.0110229 -0.01073 -0.0106704 -0.0110785
internal_weight=140.176 89.5972 82.554 73.0404 50.5786 18.2029 54.8374 19.5608 9.5136 42.8852 7.04323 6.2832 35.5162 23.9354 19.3522 16.0495 11.5809 8.5632 12.9632
internal_count=550 237 191 149 313 70 79 43 42 291 46 42 260 180 142 114 80 59 92
is_linear=0
shrinkage=0.0138221


Tree=197
num_leaves=23
num_cat=0
split_feature=0 1 7 31 11 31 19 24 15 20 20 24 33 22 23 19 31 19 16 5 25 33
split_gain=8.5169 5.93233 4.23011 5.31595 3.32296 3.23818 2.7996 2.59069 3.6135 2.04833 1.82794 3.55446 3.34198 2.11526 1.26835 1.57261 2.92237 1.30759 0.337212 0.298263 0.0077782 0.00942328
threshold=-0.56174490092936669 59.797742876938052 4.8780000000000011e-05 -651.91680850000193 -0.10073767145736982 -570.94668950000153 0.008562699828875189 0.0031840194704524888 -6493.0562494999986 -0.98655884316102027 0.4907740670341052 -0.0052334908168659841 25.500000000000004 0.053449118429813453 0.17935334331296407 0.0080697828933103209 6407.6537699999999 0.0072618057827562544 0.91510268952992813 30.282088325883922 0.0023533690026074131 14.500000000000002
decision_type=2 2 2 2 2 2 2 2 2 2 2 2 2 2 2 2 2 2 2 2 2 2
left_child=1 4 5 -4 -1 10 9 8 -7 -6 11 -2 13 -13 -10 17 -17 -16 -5 -8 21 -21
right_child=2 -3 3 18 6 7 19 -9 14 -11 -12 12 -14 -15 15 16 -18 -19 -20 20 -22 -23
leaf_value=0.0042994312573888796 -0.010167416526998787 0.0070248210448903099 0.0053742097241501544 -0.012296530310088968 0.00315069119822017 -0.0047727556000135875 -0.006465671467797569 -0.0033469463073135196 0.014612698546563642 -0.007078431375015311 -0.0067985993016270721 0.0021045614652205539 -0.0035048676091881201 0.011710747432045828 0.0076010680978889859 -0.001219596512772854 0.012601375475637486 0.015260440008721021 -0.007253132286111217 -0.011026360042995781 -0.01087779682201217 -0.011805854364686175
leaf_weight=5.0143776386976233 4.0128182992339161 7.4372663348913184 7.2395030409097698 5.7780725508928281 6.1110685914754859 4.3281359001994124 2.9216466397047069 4.9603897184133521 5.6246323734521857 9.639378257095812 5.4163866266608229 8.2429031059145981 8.1373117640614492 9.3434446081519109 14.151249796152117 8.1993774324655515 4.5419431030750266 6.0911973267793647 4.5096548497676849 5.9897410199046153 9.2903392165899259 5.8634574264287949
leaf_count=20 17 26 31 23 20 22 4 26 16 21 24 31 36 30 53 40 14 17 18 15 21 25
internal_value=0.000118192 -0.00440792 0.0024703 -0.00370011 -0.00630461 0.00377253 -0.00764008 0.00611074 0.00720337 -0.0031096 0.000586649 0.00193184 0.00381929 0.00720823 0.00854593 0.00751138 0.00370721 0.00990587 -0.0100857 -0.0106052 -0.0111772 -0.011412
internal_weight=152.844 52.2673 100.577 17.5272 44.83 83.0498 39.8156 47.8969 42.9365 15.7504 35.1529 29.7365 25.7237 17.5863 38.6084 32.9838 12.7413 20.2424 10.2877 24.0652 21.1435 11.8532
internal_count=550 152 398 72 126 326 106 188 162 41 138 114 97 61 140 124 54 70 41 65 61 40
is_linear=0
shrinkage=0.0138221


Tree=198
num_leaves=19
num_cat=0
split_feature=4 8 10 32 14 30 11 22 14 27 11 14 14 3 15 14 26 14
split_gain=3.8105 3.94904 4.25011 5.66191 3.84845 6.06602 4.6441 4.19468 3.07338 5.70846 3.00594 3.45123 2.79948 1.83281 1.19882 1.05965 0.515804 0.417712
threshold=0.012244371309915849 40.415104731646956 0.010075080941732812 16.432616527054126 0.0068676401203753212 48742.405500000008 -0.04289656007625569 0.077123743288343191 0.0083722507652711307 -1.0000000180025095e-35 0.044443234710166653 0.012292954757788013 0.010533340277937403 22.500000000000004 -217.13934099999832 0.006000066549037922 0.57974354378356918 0.0084633279678563884
decision_type=2 2 2 2 2 2 2 2 2 2 2 2 2 2 2 2 2 2
left_child=1 2 3 -1 6 12 -4 8 14 -10 11 13 17 -3 -7 -8 -5 -6
right_child=-2 10 4 16 5 7 15 -9 9 -11 -12 -13 -14 -15 -16 -17 -18 -19
leaf_value=-0.0036549233405963905 0.010834055048502218 -0.0063690625082561949 0.002334525065608742 0.01528100392818081 0.0089401925940874281 0.0022750242751874679 -0.005374406042381698 -0.0074161292163509506 0.0092620325958879778 -0.0055031406675565544 0.016056991535366251 0.012765370415499123 0.0011282310549417039 0.0045364340726150249 0.011747312395030712 -0.011133521708057283 0.0086384724297624213 0.014852727452305677
leaf_weight=7.2842982262372997 6.2741641104221335 6.1853073835372978 9.7232048660516721 5.5717999041080457 4.2729644775390643 5.3706210553646088 10.016401022672655 20.806341499090195 6.5171206891536739 21.525825247168541 4.0924307703971854 4.7587586790323249 8.6180036365985853 5.6189308017492294 4.864999592304228 15.626063108444212 3.7275677472352982 4.9015489816665649
leaf_count=32 30 23 34 30 20 23 28 39 27 68 21 23 37 24 23 25 18 25
internal_value=0.000281446 -0.000161475 -0.00106106 0.00547042 -0.00202607 -0.000290148 -0.00579959 -0.00242078 0.000294449 -0.00207175 0.00544916 0.00282815 0.00678519 -0.00117794 0.00677721 -0.00888391 0.0126184 0.012099
internal_weight=155.756 149.482 128.827 16.5837 112.243 76.8774 35.3657 59.0849 38.2786 28.0429 20.6554 16.563 17.7925 11.8042 10.2356 25.6425 9.29937 9.17451
internal_count=550 520 429 80 349 262 87 180 141 95 91 70 82 47 46 53 48 45
is_linear=0
shrinkage=0.0138221


Tree=199
num_leaves=24
num_cat=0
split_feature=22 11 1 30 14 24 10 30 32 19 10 11 14 11 19 15 25 19 11 12 19 11 19
split_gain=11.232 10.2198 11.0283 8.37523 8.53718 5.45544 4.62327 5.74373 3.60612 2.4022 1.36833 3.26379 7.01845 0.0175921 0.0144377 0.00998534 0.00978865 0.00826384 0.00374536 0.00321648 0.00303283 0.00215581 0.000469039
threshold=0.03800281025738584 -0.10073767145736982 57.803546668156208 51462.87000000001 0.0068371682560236591 0.0043623123534438741 0.01086850076352105 52212.719000000005 29.596078090230133 0.0059304252780524791 0.015584479706635937 0.050104339893790824 0.0053733617884318182 -0.11700008198544352 0.0078572465111370181 -7030.0765679999977 0.0017711029598205974 0.0085164113632145173 0.0071211040472038975 -0.084001017611640236 0.0097101443950344552 -0.011722830832138651 0.0087091740574069265
decision_type=2 2 2 2 2 2 2 2 2 2 2 2 2 2 2 2 2 2 2 2 2 2 2
left_child=14 13 3 4 -3 16 7 -5 15 -9 11 12 -8 19 18 -6 22 -18 21 -2 -17 -1 -4
right_child=1 2 5 6 8 -7 10 9 -10 -11 -12 -13 -14 -15 -16 20 17 -19 -20 -21 -22 -23 -24
leaf_value=-0.010956045072108202 -0.011292116731977594 0.0067030796233810992 -0.010727084667406279 0.012178876131676203 -0.012036679436514191 0.0089567428128410967 0.012665176325882379 0.0023708494655502676 0.0038053006737993398 -0.011760236179730266 0.01179814153876901 0.01225286857594581 -0.0064306603705111915 -0.012148187089974484 -0.011856089028968253 -0.010954472990306954 -0.011095611753886297 -0.012013061661850242 -0.010686654968449718 -0.010737186957462744 -0.011429883286518968 -0.011480915626750358 -0.01095054306836621
leaf_weight=3.5109939351677903 3.5436929538846007 13.068556234240534 3.9029979258775729 5.0450220853090277 3.2731183469295511 3.1087573170661917 7.0316071510314959 3.8547564670443517 3.8270452618598929 5.692044772207737 20.840623766183853 12.634164065122603 7.7081396579742432 3.5335150659084311 4.5857057571411124 5.8847721591591835 3.8505987152457237 3.6572445556521416 5.6825575157999992 4.5676191896200171 4.5426445379853249 2.6038112118840226 3.3220711275935173
leaf_count=27 22 25 29 5 23 9 4 11 10 36 20 11 40 18 28 39 26 21 39 34 33 18 22
internal_value=-0.000447391 0.000985831 0.00227547 0.00417756 -0.00175255 -0.00768209 0.00706641 0.000249589 -0.00805707 -0.00605446 0.00912948 0.00709774 0.00267902 -0.0113342 -0.011198 -0.0113706 -0.011193 -0.0115425 -0.0109421 -0.0109796 -0.0111616 -0.0111795 -0.0108298
internal_weight=139.272 122.889 111.244 93.4025 30.5961 17.8417 62.8064 14.5918 17.5276 9.5468 48.2145 27.3739 14.7397 11.6448 16.3831 13.7005 14.7329 7.50784 11.7974 8.11131 10.4274 6.11481 7.22507
internal_count=550 438 364 257 130 107 127 52 105 47 75 55 44 74 112 95 98 47 84 56 72 45 51
is_linear=0
shrinkage=0.0138221


Tree=200
num_leaves=21
num_cat=0
split_feature=0 1 18 2 2 7 15 11 20 11 13 4 19 10 27 18 19 2 19 3
split_gain=8.3078 5.80392 4.76851 4.07946 4.31781 3.51873 3.34226 3.28959 2.79842 1.97354 2.2813 1.72449 1.60962 2.83302 3.04792 1.53957 0.963394 0.77575 0.497987 0.0060881
threshold=-0.56174490092936669 59.797742876938052 -3.8699999999999994e-06 1411.1929040000011 -4367.0528314999983 5.019500000000001e-05 -7368.0950379999995 -0.10073767145736982 -1.315075116993049 0.0099101924117881452 52439.865500000007 -0.0089728248602782817 0.0078922830168283425 0.015259577676763829 -1.0000000180025095e-35 1.9935000000000001e-05 0.0084363174226296852 3924.2984835000007 0.0067132745633972325 14.500000000000002
decision_type=2 2 2 2 2 2 2 2 2 2 2 2 2 2 2 2 2 2 2 2
left_child=1 7 6 4 11 15 -2 -1 -9 17 -11 -4 18 14 -14 -6 -10 -5 -8 -18
right_child=2 -3 3 9 5 -7 12 8 16 10 -12 -13 13 -15 -16 -17 19 -19 -20 -21
leaf_value=0.0042929718420419488 -0.0026184575696357516 0.0069448033041829213 0.0016333832887228776 -0.012039647479207605 0.0036366577895973924 -0.0019062597561861703 0.0087686051980475615 -0.00031830915809671889 -0.0058829006604778711 0.0053043716536606876 -0.0070573796689815567 -0.0091126132391931968 -0.0079878584767697821 0.011377251673050686 0.0066740425431250179 0.01229844952576517 -0.010863506733951974 -0.0045069938925248318 0.013808455064026951 -0.01132816075804032
leaf_weight=5.0134509950876227 7.0688936710357657 7.4275085479021064 5.207960270345211 6.4297545626759547 5.9218855574727121 7.569719895720481 7.7082104831933957 8.0446857437491399 9.8920724540948886 5.8308828026056272 5.5831041783094406 6.3098466917872411 4.5858685448765728 8.1663316413760167 6.617744088172917 11.599797405302523 10.900464408099653 4.3991038575768471 7.2864374220371246 10.65165965259075
leaf_count=20 33 26 24 27 25 23 27 23 23 23 22 30 27 26 25 37 26 27 22 34
internal_value=0.000121355 -0.00436609 0.00244505 -8.39169e-05 0.00275267 0.0059688 0.00603718 -0.0062539 -0.00759292 -0.00475261 -0.000742328 -0.00425364 0.00781767 0.00518568 0.000672626 0.00937098 -0.00945405 -0.00897959 0.0112176 -0.0110932
internal_weight=152.215 51.9298 100.286 58.8521 36.6092 25.0914 41.4335 44.5023 39.4889 22.2428 11.414 11.5178 34.3646 19.3699 11.2036 17.5217 31.4442 10.8289 14.9946 21.5521
internal_count=550 152 398 238 139 85 160 126 106 99 45 54 127 78 52 62 83 54 49 60
is_linear=0
shrinkage=0.0138221


Tree=201
num_leaves=20
num_cat=0
split_feature=17 13 30 20 20 29 16 19 8 34 3 21 5 5 32 19 0 3 30
split_gain=3.72826 7.01152 6.88112 5.50202 3.82565 7.34452 3.80833 3.71806 3.30522 2.57445 2.11102 4.64909 1.73561 1.29133 1.51105 1.21724 1.75645 0.718859 0.281752
threshold=1654.2065940000018 56929.463500000005 48742.405500000008 -0.32730693191210614 0.86436539008767943 27.344095431622552 0.61944771733613302 0.0077173032399235671 26.490565985158266 -0.0025122997875449134 26.500000000000004 0.041518982579783932 66.734198546180792 45.075998370781399 15.222668656456618 0.0081745325382778147 -0.22252093395631442 19.000000000000004 54173.616000000002
decision_type=2 2 2 2 2 2 2 2 2 2 2 2 2 2 2 2 2 2 2
left_child=1 2 3 -1 5 8 7 -4 -2 -3 15 -12 17 -10 -15 -8 18 -6 -17
right_child=4 9 6 -5 12 -7 10 -9 13 -11 11 -13 -14 14 -16 16 -18 -19 -20
leaf_value=0.014146698868631005 -0.0011809585887947191 0.012806603725732427 -0.0059344448050081596 -0.002386086203744336 0.0091055150222009648 -0.0080968584370356526 -0.011421654242435055 0.0075897341143365332 0.0032450428532094693 0.00078928512189783192 0.0059399307312410039 -0.0090080812493738109 0.0038700443519508977 0.0056352427783390542 0.016199777680409672 -0.010304999431900105 -0.00068584219628282743 0.017046257978331293 -0.0070015824773583335
leaf_weight=7.50110824406147 10.042148202657701 8.1872235089540464 7.0502258688211432 7.891783267259596 4.351200729608534 11.972071394324301 12.595767825841902 8.6469669342040998 5.0766012221574774 5.8317499160766593 7.5623967945575705 8.3800424635410291 7.0897691100835791 4.4882293939590436 6.1049034744501114 8.560090288519854 7.8188695311546423 4.3610852956771851 11.640782311558722
leaf_count=38 34 39 22 34 22 27 24 38 22 21 33 19 30 20 32 19 32 23 21
internal_value=0.000285419 -0.00126868 -0.00272038 0.0056705 0.00323947 0.000845681 -0.00450794 0.00151549 0.00500954 0.00780752 -0.00617969 -0.0019174 0.00894807 0.0089768 0.0117237 -0.00785273 -0.00624838 0.0130804 -0.0084014
internal_weight=155.153 101.667 87.648 15.3929 53.486 37.684 72.2551 15.6972 25.7119 14.019 56.5579 15.9424 15.8021 15.6697 10.5931 40.6155 28.0197 8.71229 20.2009
internal_count=550 340 280 72 210 135 208 60 108 60 148 52 75 74 52 96 72 45 40
is_linear=0
shrinkage=0.0138221


Tree=202
num_leaves=24
num_cat=0
split_feature=0 32 7 28 19 19 28 7 34 33 12 34 1 20 22 19 32 25 33 19 11 19 13
split_gain=19.8573 8.55086 5.97835 5.66182 7.95566 8.20134 7.49607 10.8958 2.42933 1.4215 3.49802 0.0144453 0.00457767 0.00262697 0.00174633 0.00259296 0.0032962 0.00152941 0.00137061 0.00176788 0.00129323 0.000605998 0.000255202
threshold=-0.22252093395631442 14.080372940167869 7.7295000000000011e-05 -0.0026437280146701099 0.0091668355917911056 0.010366194509342624 0.00068392352536261758 6.3120000000000019e-05 -0.0039589326991517062 29.500000000000004 0.0034960004234710911 0.0073836963128509634 60.068605367784748 -0.58384012217925685 0.056796625051054969 0.0076225747280317677 23.06590928166889 0.0013968490065683666 12.500000000000002 0.0092310010832798908 0.0083957233303733076 0.011436543747392855 49705.033000000003
decision_type=2 2 2 2 2 2 2 2 2 2 2 2 2 2 2 2 2 2 2 2 2 2 2
left_child=1 12 9 4 -3 -6 -5 11 13 14 -11 -8 -1 -7 15 20 -17 -12 21 -20 -2 22 -16
right_child=2 3 -4 6 5 8 7 -9 -10 10 17 -13 -14 -15 18 16 -18 -19 19 -21 -22 -23 -24
leaf_value=-0.01158822681277376 -0.010986600623410902 -0.012538137550164117 0.0037962049382728345 0.011139530516170323 0.010573131051246295 -0.011197401657496409 -0.011608728285754591 0.010950545744929154 0.0030330919308698282 0.0061360969880422615 -0.010684081330509115 -0.012817692398118447 -0.010871395308820411 -0.011781480824495847 -0.010859476294524283 -0.011511528858501121 -0.010961949822040296 -0.011104629816279219 -0.010791014395165308 -0.011253764073328253 -0.010626415313379052 -0.010530528633162391 -0.010676438252517618
leaf_weight=2.8994806110858908 4.6905413642525735 7.3004591688513782 7.6520926505327216 34.939756162464619 14.265504077076914 3.0099925771355647 4.2953537479042989 7.9576320052146912 3.5192328318953479 3.5289157107472402 3.7219142019748688 3.3693349435925484 4.1211027055978775 2.8776574060320854 3.3442862555384618 3.5313035771250707 5.0906836688518524 2.9708410426974297 4.2078018635511389 2.5230536013841629 3.2062830924987793 2.7181055024266243 2.5764636248350143
leaf_count=17 35 37 22 33 19 20 26 9 9 10 28 17 29 21 24 20 37 18 39 16 20 22 22
internal_value=-0.000456163 0.00346973 -0.00744258 0.00473007 7.6321e-05 0.00396656 0.00758082 -0.000378323 -0.00605227 -0.00948484 -0.00499933 -0.0121402 -0.0111674 -0.0114829 -0.0109226 -0.0110213 -0.011187 -0.0108708 -0.0108166 -0.0109645 -0.0108404 -0.0107014 -0.0107798
internal_weight=138.318 88.5555 49.7623 81.5349 30.9728 23.6724 50.5621 15.6223 9.40688 42.1102 10.2217 7.66469 7.02058 5.88765 31.8885 16.5188 8.62199 6.69276 15.3697 6.73086 7.89682 8.63886 5.92075
internal_count=550 237 313 191 106 69 85 52 50 291 56 43 46 41 235 112 57 46 123 55 55 68 46
is_linear=0
shrinkage=0.0138221


Tree=203
num_leaves=23
num_cat=0
split_feature=0 6 1 11 33 11 8 10 1 10 21 0 16 2 32 24 24 6 34 8 26 7
split_gain=8.11753 5.95518 5.68311 4.14125 5.03372 3.22479 2.64936 2.42131 2.93478 2.40893 2.09326 3.65972 1.92498 2.68032 1.66691 1.28818 1.25417 1.23213 0.792143 0.485877 0.00538391 0.00331184
threshold=-0.56174490092936669 52063.580000000009 59.797742876938052 -0.12510349747278429 33.000000000000007 -0.10073767145736982 39.50089791478738 0.011749742767435109 50.613821643227354 0.013125654102338477 -0.039535570950877112 0.81174490092936691 1.4036525471718375 1.0000000180025095e-35 28.046409824342266 0.00053598373476025282 0.0010935469032596048 50403.717500000006 0.0050576024660080607 32.320078894533928 0.41983327027010614 3.4925000000000009e-05
decision_type=2 2 2 2 2 2 2 2 2 2 2 2 2 2 2 2 2 2 2 2 2 2
left_child=2 9 5 -3 6 -1 14 8 -7 17 -11 12 13 -12 18 -8 -6 -2 20 21 -5 -9
right_child=1 3 -4 4 16 7 15 19 -10 10 11 -13 -14 -15 -16 -17 -18 -19 -20 -21 -22 -23
leaf_value=0.0042241226514948453 0.013731818286438786 0.0089179176840918969 0.0068673344035216086 -0.010914924049790284 0.0007456856056364757 0.0055757875712544808 -0.0028263920867850965 -0.011183913927788662 -0.0090097265193704278 0.01001204395110171 -0.0058472993265145448 0.010701347308074188 -0.008570408441166381 0.0080586239189115328 -0.0015877308066022063 0.0077271073597952131 0.010053590092700264 0.0064336561400054754 -0.0049920527420195945 -0.0072566703099616776 -0.011522479878583619 -0.010810644379030019
leaf_weight=5.0178745239973059 8.7117961049079913 7.2831269055604926 7.4167567044496527 4.10847736895085 5.1200061440467817 5.1528698876500112 5.4535059928894025 9.1143252998590523 5.3951546549797058 7.2625026404857662 5.022640407085424 5.9764034897088996 5.5318867936730376 5.6013331860303879 7.1827008724212638 3.714980274438858 6.0146432667970657 8.970277473330496 5.3515078201889983 10.445486523211001 8.660973556339739 9.0508452951908094
leaf_count=20 26 24 26 10 21 27 27 24 14 23 28 19 24 21 35 17 19 32 34 21 38 20
internal_value=0.000124121 0.00242219 -0.0043286 -0.000760627 -0.00230623 -0.00620827 -0.00491604 -0.0075451 -0.00188448 0.00599803 0.00357301 0.00146009 -0.00195845 0.00148439 -0.00722262 0.00144978 0.00577357 0.0100294 -0.00945616 -0.00963203 -0.011327 -0.0109979
internal_weight=151.56 99.9668 51.5933 52.8899 45.6068 44.1766 34.4721 39.1587 10.548 47.0768 29.3948 22.1323 16.1559 10.624 25.3037 9.16849 11.1346 17.6821 18.121 28.6107 12.7695 18.1652
internal_count=550 398 152 225 201 126 161 106 41 173 115 92 73 49 117 44 40 58 82 65 48 44
is_linear=0
shrinkage=0.0138221


Tree=204
num_leaves=21
num_cat=0
split_feature=17 13 18 18 18 4 10 31 29 13 0 6 5 23 22 26 10 19 34 13
split_gain=3.65953 6.77701 5.29982 5.05452 5.2822 5.03267 3.63497 3.40096 4.72328 2.74974 2.50456 4.76087 2.45297 2.43869 2.02939 2.44835 1.34469 0.770711 0.746123 0.350949
threshold=1134.6367450000018 56929.463500000005 6.2400000000000012e-06 -1.5299999999999996e-05 -2.7314999999999995e-05 0.011039249071616132 0.019479663568663205 489.48764399999897 27.739209542535121 49184.45900000001 -0.22252093395631442 53219.196000000004 47.150669061510094 0.14334627758477472 0.050153335857780798 0.7448970639292084 0.016419949544355689 0.008562699828875189 0.0060938680857268732 58303.246000000006
decision_type=2 2 2 2 2 2 2 2 2 2 2 2 2 2 2 2 2 2 2 2
left_child=1 3 5 4 13 14 19 8 12 16 17 -12 -4 -1 -2 -16 -5 -11 -9 -3
right_child=2 6 7 9 -6 -7 -8 18 -10 10 11 -13 -14 -15 15 -17 -18 -19 -20 -21
leaf_value=-0.0067936608177319828 -0.0075629706810584349 0.016141381287088096 0.0030682807599983655 0.0067802288976937979 0.015185389748557317 0.011688493917376933 -0.0011435595867527069 0.0089875641587280272 -0.0070825301679299764 -0.010371501556221359 -0.008188861303199204 0.0056565176622345691 0.016868257720388 0.0043423550555477756 0.0065239557107602091 -0.0056476557025989657 -0.0033757868963337689 -0.0061948188240277076 0.015939667280430583 0.010469385118076614
leaf_weight=7.1900012046098727 12.180419862270361 4.2579043358564359 5.9495580196380633 5.1739993542432767 5.1983706504106513 4.9798905402421942 5.4581886082887641 5.1908176839351636 5.5510494261980048 16.907479390501969 10.676441535353669 8.5405470877885801 4.1966946423053741 7.8687858134508133 6.2187619805335981 6.4137764275074005 4.8026800751686096 16.855420395731926 6.8302146643400192 4.0822731703519821
leaf_count=20 37 22 26 25 27 24 18 26 13 31 31 39 22 37 28 17 15 38 35 19
internal_value=0.000292222 -0.00134555 0.00305488 -0.00283319 0.00317231 -0.000992339 0.00762595 0.00740501 0.00316808 -0.00476554 -0.00601908 -0.0020356 0.00877623 -0.000974671 -0.00353735 0.000344201 0.00189122 -0.00828638 0.0129377 0.0133651
internal_weight=154.523 97.0121 57.5112 83.2137 20.2572 29.7928 13.7984 27.7183 15.6973 62.9566 52.9799 19.217 10.1463 15.0588 24.813 12.6325 9.97668 33.7629 12.021 8.34018
internal_count=550 322 228 263 84 106 59 122 61 179 139 70 48 57 82 45 40 69 61 41
is_linear=0
shrinkage=0.0138221


Tree=205
num_leaves=21
num_cat=0
split_feature=22 5 21 30 14 10 17 18 17 8 17 19 19 8 29 24 21 7 5 10
split_gain=10.9018 10.4751 10.7423 7.85197 8.55602 4.06521 4.43897 4.30065 5.25255 3.38784 0.0192717 0.0146615 0.0126452 0.00430723 0.00353364 0.00268936 0.00268919 0.00209959 0.0018121 0.000420645
threshold=0.03800281025738584 61.907327518544413 -0.084282319434979477 51462.87000000001 0.0068371682560236591 0.010290882308763643 -13208.673991499998 8.7800000000000023e-06 -9388.3873609999973 35.375241489010087 -7102.3158829999984 0.0078572465111370181 0.012672659982104739 23.812333034920808 6.2166712584249222 0.0021980779833032575 0.041518982579783932 1.1155000000000002e-05 44.992594100934035 0.013206910393941175
decision_type=2 2 2 2 2 2 2 2 2 2 2 2 2 2 2 2 2 2 2 2
left_child=11 2 12 4 -4 -5 -7 8 -8 10 -6 16 14 -12 -2 19 18 -17 -1 -3
right_child=1 15 3 5 9 6 7 -9 -10 -11 13 -13 -14 -15 -16 17 -18 -19 -20 -21
leaf_value=-0.010889708612538934 -0.011318513228998546 -0.010660398327998618 0.006573266786507658 -0.0033121962308000808 -0.012286114341517992 -0.0034578727528095025 0.013411558016679603 0.011474276428401946 -0.0027135645118020594 0.0027960507043110891 -0.011398490512684203 -0.011826251148333715 -0.012050565816109828 -0.010837326120164385 -0.010698290109629492 -0.010933132262427413 -0.010654416928834972 -0.011444538807004511 -0.011354954501070233 -0.01088356787486904
leaf_weight=3.9037803411483782 3.1175154671072942 3.0841187313199026 12.920957185328009 7.3762056007981291 3.5098728910088566 6.2578613460063925 6.0026328489184335 37.019854560494423 10.808764383196836 4.1687873005866996 4.9593079760670644 4.5205911844968787 2.9095929712057114 5.5237733572721481 4.0155221819877625 3.1641480997204781 4.953829288482666 2.9765508025884628 2.7096023559570312 3.3842123821377754
leaf_count=29 22 23 25 33 23 27 4 36 47 15 32 28 15 41 30 23 34 20 21 22
internal_value=-0.000467938 0.000951143 0.00233582 0.00372362 -0.00202445 0.00637187 0.00756063 0.00884153 0.00304403 -0.00814119 -0.0113996 -0.0111588 -0.0112826 -0.0111028 -0.0109694 -0.0109738 -0.0108979 -0.011181 -0.0110803 -0.0107772
internal_weight=137.287 121.2 108.591 98.548 31.0827 67.4653 60.0891 53.8313 16.8114 18.1617 13.993 16.0878 10.0426 10.4831 7.13304 12.609 11.5672 6.1407 6.61338 6.46833
internal_count=550 438 350 283 136 147 114 87 51 111 96 112 67 73 52 88 84 43 50 45
is_linear=0
shrinkage=0.0138221


Tree=206
num_leaves=24
num_cat=0
split_feature=0 6 1 11 33 11 19 34 8 19 14 3 9 31 21 11 8 31 25 21 20 25 4
split_gain=7.92887 5.8189 5.54023 4.06401 4.9339 3.1501 2.79421 2.95698 2.5993 2.4151 4.03277 1.94669 1.83808 3.14722 1.59427 2.73032 1.14851 1.12789 1.04181 0.512594 0.276894 0.00711094 0.00215216
threshold=-0.56174490092936669 52063.580000000009 59.797742876938052 -0.12510349747278429 33.000000000000007 -0.10073767145736982 0.008562699828875189 1.0000000180025095e-35 39.50089791478738 0.0080884594605597753 0.0078591988458026341 44.500000000000007 51.398416622074784 -1145.3907855000011 -0.023402415291980058 -0.038902444966727505 34.279400711846769 -19.121743500000772 0.00095652940063499872 0.029118931058428558 -1.8470170960751273 0.0023533690026074131 0.0034678435486052987
decision_type=2 2 2 2 2 2 2 2 2 2 2 2 2 2 2 2 2 2 2 2 2 2 2
left_child=2 9 5 -3 8 -1 7 -7 14 16 -11 -6 13 -12 15 18 19 -10 -5 -2 -8 -22 -16
right_child=1 3 -4 4 11 6 20 -9 17 10 12 -13 -14 -15 22 -17 -18 -19 -20 -21 21 -23 -24
leaf_value=0.0041383604981004235 0.0083813759023074128 0.008838141248165482 0.0067636774271657334 -0.011334718483196001 0.011494702900742266 0.0039691251303023197 -0.0065945872254093109 -0.0082310290776233357 0.0050622319359373349 -0.0085713071899265973 0.00055435508972762049 -7.483676743358234e-05 0.00045780239906377269 0.014182327260140515 -0.011346012997249312 0.0051159105348158465 0.0043352695810786141 -0.005040293516192694 -0.0026744156383221225 0.013645626292001898 -0.011318518694740163 -0.010797971364626503 -0.011756871587511247
leaf_weight=5.0234152525663367 5.884174436330798 7.2755214571952811 7.4075507819652548 6.8282982409000343 5.561752647161482 6.7079768404364577 3.0050192028284064 8.7416797801852208 5.8594447523355484 4.6153527498245266 5.3643521815538433 5.5523534417152405 8.1117037981748563 8.1658359915018064 5.2282447814941442 4.1894915625453004 5.9214762896299353 3.3006638288497907 4.3409498780965805 8.8473032712936384 11.394747406244283 8.9530005753040296 4.5604691058397293
leaf_count=20 20 24 26 22 17 23 5 18 24 18 24 23 36 24 23 20 24 20 28 27 39 21 24
internal_value=0.000126537 0.00239929 -0.00429212 -0.000752736 -0.00228898 -0.0061608 -0.00749414 -0.00293393 -0.00488185 0.00594016 0.00315868 0.00571483 0.00566022 0.00877921 -0.00717806 -0.00439966 0.0094764 0.00142199 -0.00796888 0.0115429 -0.0105111 -0.0110895 -0.0115374
internal_weight=150.841 99.6074 51.2334 52.6972 45.4217 43.8258 38.8024 15.4497 34.3076 46.9102 26.2572 11.1141 21.6419 13.5302 25.1475 15.3587 20.653 9.16011 11.1692 14.7315 23.3528 20.3477 9.78871
internal_count=550 398 152 225 201 126 106 41 161 173 102 40 84 48 117 70 71 44 50 47 65 60 47
is_linear=0
shrinkage=0.0138221


Tree=207
num_leaves=17
num_cat=0
split_feature=24 13 21 19 6 34 16 27 4 34 16 34 9 19 30 31
split_gain=3.66114 3.93186 4.91399 3.91546 3.9119 5.36793 4.42218 3.69198 3.28782 2.95763 2.88173 2.69734 2.46238 2.012 1.37167 1.23481
threshold=0.0046856341330148319 56998.648000000008 -0.053475311049393841 0.011925319560653229 52063.580000000009 0.0060938680857268732 0.84304246107912117 0.6078576107927941 -0.0037569329781904077 -0.0042043874176921894 1.1352492867896029 -0.0033801029687395841 55.667284438738548 0.0079579503044203189 49040.568500000008 1937.3917019999988
decision_type=2 2 2 2 2 2 2 2 2 2 2 2 2 2 2 2
left_child=1 2 11 4 7 6 12 8 -4 -3 -8 -1 -6 -7 -9 -10
right_child=-2 9 3 -5 5 13 10 14 15 -11 -12 -13 -14 -15 -16 -17
leaf_value=-0.00070635917777898873 0.01098992129727395 0.012420819229455999 0.0013708560214041599 0.011731865294673889 0.011096045633877739 0.0047177486756407074 -0.0084711568103276371 0.0094154849672828337 -0.0092390055286120411 0.00078958185589586484 0.0013932392275046081 -0.0096292088612157361 -0.00077265875468131903 0.015573058075935176 -0.00025036797465458234 -0.0020496281900648609
leaf_weight=10.589533463120462 5.8836579173803321 7.7687909752130535 10.793246403336523 5.5487095266580573 7.8296023160219175 6.5228715837001783 12.252423450350763 4.9150945246219617 20.886525228619579 9.0335674434900266 10.512549996376036 16.648803204298019 5.8236464411020279 6.5254485607147217 6.533320426940918 5.8405588418245307
leaf_count=37 30 37 38 28 40 29 26 23 59 31 40 28 20 33 26 25
internal_value=0.000297018 -0.000128001 -0.000934101 0.000434874 -0.000201927 0.00253963 -0.000185835 -0.00297135 -0.0050678 0.00616744 -0.00391592 -0.00616024 0.00603358 0.0101465 0.00389943 -0.00766794
internal_weight=153.908 148.025 131.222 103.984 98.4353 49.4665 36.4182 48.9687 37.5203 16.8024 22.765 27.2383 13.6532 13.0483 11.4484 26.7271
internal_count=550 520 452 387 359 188 126 171 122 68 66 65 60 62 49 84
is_linear=0
shrinkage=0.0138221


Tree=208
num_leaves=21
num_cat=0
split_feature=0 32 7 22 10 17 7 29 25 25 8 9 13 10 10 16 10 7 31 34
split_gain=19.1107 8.26649 5.79895 5.15425 5.59611 4.10902 3.03718 2.8064 4.12529 6.25351 1.83971 0.00468184 0.00185031 0.00112667 0.00157279 0.000847133 0.000656764 0.00054998 0.000340615 0.000294709
threshold=-0.22252093395631442 14.080372940167869 7.7295000000000011e-05 0.10202947915498842 0.01086850076352105 -13208.673991499998 -3.6339999999999994e-05 12.952518141415625 0.0023533690026074131 -0.00073680306490794031 23.023273414488937 60.971199847400818 50313.138500000008 0.0094874238132667665 0.016953111719739483 1.0767809446706897 0.013679031094666895 -1.6149999999999996e-05 -521.51317700000129 -0.0039589326991517062
decision_type=2 2 2 2 2 2 2 2 2 2 2 2 2 2 2 2 2 2 2 2
left_child=1 11 10 4 -3 -6 -5 -7 9 -9 -2 -1 16 -14 15 17 -12 -15 -18 -17
right_child=2 3 -4 6 5 7 -8 8 -10 -11 12 -13 13 14 -16 19 18 -19 -20 -21
leaf_value=-0.011561364737985776 -0.0030972121224875472 -0.0050061163874791266 0.00370419374253339 0.0052630506930269163 -0.0031562548644224089 0.012503655383343248 -0.011638114050462771 0.0081931138439828698 0.012225888360154955 -0.0065917218479527437 -0.010469768211810435 -0.010829846209975529 -0.010644427960281455 -0.011189731629144242 -0.010607810812042524 -0.010935051227913098 -0.010821060839066719 -0.010958396360717777 -0.010625099364332719 -0.010755009564159309
leaf_weight=2.8481014817953101 7.2255674451589575 8.0443214178085309 7.5989604741334906 3.2209722474217415 6.5333317294716826 20.546891391277313 5.5000960454344732 14.445320628583426 13.412842780351637 8.7923898547887855 3.5290995240211469 4.0462877601385117 4.4087695628404644 2.9617387652397147 3.1546587496995917 3.0684305131435394 2.7450151890516281 5.8249346092343357 4.4285698756575584 4.0030458122491828
leaf_count=16 31 37 22 9 27 13 38 22 10 35 23 30 38 21 28 22 23 42 32 31
internal_value=-0.000479088 0.00339386 -0.00739365 0.00463799 0.00585717 0.00722837 -0.00539597 0.00841454 0.00612212 0.00259902 -0.00943312 -0.011132 -0.0107747 -0.0108435 -0.0108897 -0.0109457 -0.0106241 -0.0110364 -0.0107001 -0.0108331
internal_weight=136.339 87.3906 48.9488 80.4962 71.7751 63.7308 8.72107 57.1974 36.6506 23.2377 41.3498 6.89439 34.1243 23.4216 19.0128 15.8581 10.7027 8.78667 7.17359 7.07148
internal_count=550 237 313 191 144 107 47 80 67 57 291 46 260 182 144 116 78 63 55 53
is_linear=0
shrinkage=0.0138221


Tree=209
num_leaves=23
num_cat=0
split_feature=0 6 1 11 33 11 19 8 19 14 20 8 32 8 24 24 25 14 21 20 25 14
split_gain=7.76918 5.67687 5.42138 3.96918 4.82564 3.07791 2.78179 2.56946 2.37836 3.93054 1.95065 1.6543 1.65025 1.35186 1.26075 1.22234 0.921117 0.567911 0.450156 0.278763 0.00684854 0.00426539
threshold=-0.56174490092936669 52063.580000000009 59.797742876938052 -0.12510349747278429 33.000000000000007 -0.10073767145736982 0.008562699828875189 39.50089791478738 0.0080884594605597753 0.0078591988458026341 -0.98655884316102027 21.989665755636199 28.046409824342266 35.856485385353849 0.00053598373476025282 0.0010935469032596048 -0.0022857301484784744 0.0082025604242201827 0.029118931058428558 -1.8470170960751273 0.0023533690026074131 0.0055741022502355485
decision_type=2 2 2 2 2 2 2 2 2 2 2 2 2 2 2 2 2 2 2 2 2 2
left_child=2 8 5 -3 7 -1 10 12 13 -10 -7 -11 17 18 -9 -6 -13 21 -2 -8 -21 -5
right_child=1 3 -4 4 15 6 19 14 9 11 -12 16 -14 -15 -16 -17 -18 -19 -20 20 -22 -23
leaf_value=0.0040492473679603416 0.008714343795862025 0.0087433937021245446 0.0066812649242044405 -0.010998911669894515 0.00069189398521966113 0.0032247975423774326 -0.0065327864141062385 -0.0028116625385606769 -0.008486871051622439 -0.0022444015049850889 -0.0068559751311826154 0.011029932492252252 -0.0015125510070457225 0.0035720373253786777 0.007638245843393043 0.0098991817262281869 0.004632562110254315 -0.006171646977764296 0.01356907841105155 -0.011288419107689761 -0.010774856909071429 -0.011538243030748904
leaf_weight=5.0298949629068366 6.2399155199527767 7.2665079981088629 7.3960029631853095 5.4710000008344704 5.1061680763959867 6.0452440232038489 2.9798700958490363 5.4333258718252164 4.5952779352664974 4.1567578464746502 9.3228715062141401 7.7040075510740342 7.1315115690231314 5.5523698925971976 3.7131265550851822 5.9818791598081589 9.7314996421337074 6.6285536214709273 8.7886052131652814 11.274559602141386 8.8589296787977201 5.7417156994342804
leaf_count=20 21 24 26 22 21 20 5 27 18 21 21 25 35 23 17 19 38 35 27 39 21 25
internal_value=0.00013057 0.00238244 -0.00425937 -0.000738513 -0.00226261 -0.00611904 -0.00744813 -0.00483701 0.00588411 0.00312085 -0.00289057 0.00559122 -0.00713257 0.00940014 0.00143062 0.00565912 0.00745929 -0.00937901 0.0115534 -0.0104785 -0.0110624 -0.0112751
internal_weight=150.15 99.2422 50.9074 52.4738 45.2073 43.5114 38.4815 34.1192 46.7684 26.1875 15.3681 21.5923 24.9728 20.5809 9.14645 11.088 17.4355 17.8413 15.0285 23.1134 20.1335 11.2127
internal_count=550 398 152 225 201 126 106 161 173 102 41 84 117 71 44 40 63 82 48 65 60 47
is_linear=0
shrinkage=0.0138221


Tree=210
num_leaves=21
num_cat=0
split_feature=4 8 22 10 13 5 29 8 3 14 3 32 8 20 24 17 6 10 32 21
split_gain=3.65337 3.54462 4.95131 4.73247 4.18443 4.07204 7.19931 3.21033 3.07738 2.82275 2.52698 1.99712 1.89542 2.00372 1.84828 1.37073 1.12869 1.1238 1.03735 2.56959
threshold=0.012441599069984989 25.9711011105769 0.054604324278932755 0.0094874238132667665 57632.248500000009 46.2960100258151 26.719034114889983 22.244972954304732 12.500000000000002 0.0086926025433258901 25.500000000000004 16.728613139303565 40.558048675534806 1.4613636184149281 -0.0017374795255135982 -10458.861626999997 52859.0645 0.016854576781114249 16.432616527054126 -0.024302223546946274
decision_type=2 2 2 2 2 2 2 2 2 2 2 2 2 2 2 2 2 2 2 2
left_child=1 2 18 16 5 8 11 -4 9 -5 -10 -7 13 -8 -6 -11 -3 -13 -1 -20
right_child=-2 3 7 4 14 6 12 -9 10 15 -12 17 -14 -15 -16 -17 -18 -19 19 -21
leaf_value=-0.0096939331083233712 0.011285024945532539 0.0057177223563242806 0.0097378899422306976 0.011093405188306704 0.014461048307815364 0.003472455920228934 -0.0090164054757884953 -0.0021285597278458872 -0.0085250909920630159 0.0034498020588410623 -0.00010502323810018681 0.017852181188007136 0.0048327313614114197 0.0017208080884102809 0.0024146102367420797 -0.0064386639167877359 0.015408829497505031 0.0082700083919292951 -0.009869349895609298 0.00092075738941376319
leaf_weight=12.67863614857197 5.576051488518714 4.3672687858343107 7.0670523643493679 4.4211143106222144 5.3099985420703888 5.5241013616323462 9.2176062166690844 11.353012979030607 20.997481778264049 4.8482486903667441 10.077905550599096 5.6621370166540128 4.8612893968820563 5.1902035623788825 4.4916281402111036 5.9835463017225257 4.8412163108587265 3.9834278970956802 8.4127325862646121 8.4537798464298231
leaf_count=32 27 20 30 22 26 24 31 36 38 21 37 29 22 23 19 23 27 20 16 27
internal_value=0.0003022 -0.000112311 -0.00320019 0.0013721 0.000412241 -0.000622748 0.00297693 0.00242413 -0.00329861 0.00178619 -0.00579442 0.0100995 -0.00263038 -0.00514848 0.00894073 -0.00201264 0.0108127 0.0138949 -0.00670669 -0.00446117
internal_weight=153.318 147.742 47.9652 99.7772 90.5687 80.7671 34.4388 18.4201 46.3283 15.2529 31.0754 15.1697 19.2691 14.4078 9.80163 10.8318 9.20849 9.64556 29.5451 16.8665
internal_count=550 523 141 382 335 290 149 66 141 66 75 73 76 54 45 44 47 49 75 43
is_linear=0
shrinkage=0.0138221


Tree=211
num_leaves=22
num_cat=0
split_feature=22 5 11 21 21 30 11 24 7 31 11 22 19 19 11 12 24 7 11 4 10
split_gain=10.5832 10.1181 11.9756 7.43404 7.30927 6.57722 7.4131 3.38284 2.90739 3.52243 0.0198845 0.0161523 0.015328 0.0150925 0.00359527 0.00319082 0.00264899 0.00206633 0.00204361 0.00125302 0.000397852
threshold=0.03800281025738584 61.907327518544413 -0.10073767145736982 -0.05303084956559239 0.041518982579783932 49225.847500000011 -0.0052235117788658738 -0.0060088866583491926 3.7935000000000009e-05 -3537.189992000001 -0.11397685056060573 0.047454744948443588 0.0090199452768249932 0.0078572465111370181 0.0071211040472038975 -0.084001017611640236 0.0021980779833032575 1.1155000000000002e-05 -0.011722830832138651 -0.0015123991216305919 0.013206910393941175
decision_type=2 2 2 2 2 2 2 2 2 2 2 2 2 2 2 2 2 2 2 2 2
left_child=13 2 10 -4 5 12 7 -7 9 -6 15 -8 -5 14 18 -2 20 -18 -1 -14 -3
right_child=1 16 3 4 8 6 11 -9 -10 -11 -12 -13 19 -15 -16 -17 17 -19 -20 -21 -22
leaf_value=-0.010868463347159409 -0.011190992969379957 -0.010615636102217789 0.0096735770523665721 -0.012015413411553655 0.0094049945549768785 0.013209988764405121 -0.012171363830954803 0.0014261923303684281 0.011959323684225318 -0.004328150201102038 -0.012185093189437475 -0.010777773422490604 -0.010772018844296478 -0.011804115123271891 -0.010597881533071729 -0.01063929745780335 -0.01088689505980398 -0.011398717825751947 -0.011387788545818634 -0.011172936857847074 -0.010835144917513452
leaf_weight=3.3815849870443335 3.5394106507301322 3.0120582506060583 29.219936333596706 5.0928745269775373 7.365138553082943 6.5563683509826651 4.2177607417106691 16.044064275920391 12.101016595959662 6.9215299561619776 3.0625878199934951 2.5493980199098587 2.8252219632267952 4.4627464637160292 5.4174197018146515 4.6136052012443534 3.1030606180429459 2.9298771917819977 2.5313467234373084 3.1497968807816505 3.3121656328439713
leaf_count=27 23 23 38 30 12 4 25 59 9 32 15 20 22 28 39 36 23 20 18 25 22
internal_value=-0.000488693 0.000915411 0.00227991 0.00385819 0.00131529 -0.00237762 0.00104465 0.00484466 0.00697415 0.00275163 -0.0112355 -0.0116464 -0.0114583 -0.0111233 -0.0108551 -0.0108788 -0.0109283 -0.0111355 -0.0110908 -0.0109834 -0.0107306
internal_weight=135.409 119.616 107.259 96.0431 66.8232 40.4355 29.3676 22.6004 26.3877 14.2867 11.2156 6.76716 11.0679 15.7931 11.3304 8.15302 12.3572 6.03294 5.91293 5.97502 6.32422
internal_count=550 438 350 276 238 185 108 63 53 44 74 45 77 112 84 59 88 43 45 47 45
is_linear=0
shrinkage=0.0138221


Tree=212
num_leaves=22
num_cat=0
split_feature=7 2 11 21 11 30 17 18 16 14 5 3 13 27 25 16 3 28 29 30 11
split_gain=4.84479 5.26267 6.57319 6.27759 3.88002 3.76859 3.47644 6.64263 3.23531 5.4209 5.28438 2.41659 2.26016 1.69913 1.34645 1.03787 1.03013 0.650928 0.129165 0.0155055 0.00526522
threshold=4.8780000000000011e-05 -5240.7470934999974 -0.14815875605215237 0.079209881868937862 0.020913592877322643 53340.217500000006 3754.2313085000019 -7.8349999999999987e-06 1.0565479216906482 0.0053733617884318182 46.016258661886603 21.500000000000004 48827.900500000011 0.6078576107927941 0.00065806449594950443 0.99323106951241336 21.500000000000004 -0.014247995752283969 10.346844126845363 56547.833000000006 -0.058129269849446656
decision_type=2 2 2 2 2 2 2 2 2 2 2 2 2 2 2 2 2 2 2 2 2
left_child=1 2 -1 6 13 12 8 16 9 -3 -11 -12 -4 18 -10 -9 -8 -7 -2 -19 -20
right_child=4 3 5 -5 -6 17 7 15 14 10 11 -13 -14 -15 -16 -17 -18 19 20 -21 -22
leaf_value=0.011972991299776541 -0.0080516797970445666 0.011914407586569874 -0.0054566545378925049 -0.011192314644230471 0.0030361820686838994 -0.0056933607065091756 0.011038688293330696 -0.004083159436584066 0.013391199977592179 0.0089595823181440621 0.0012047180791037193 -0.009021918555471891 0.0060547915512079919 -0.0014900033837425928 0.0062137637739013334 -0.012904349984283092 0.0025937756423414495 -0.010860849751444489 -0.010771144470798253 -0.011859861574195217 -0.011362469849146505
leaf_weight=4.8116532713174811 3.3242378979921403 10.599309727549551 6.5304276496171969 5.3837189376354209 8.3607911542057973 5.9266497194767025 5.6073086038231867 4.9880554080009443 11.969848126173021 8.8197436705231684 8.4511383846402186 9.2425262778997404 6.5039645880460739 5.4642979204654685 8.5676267817616445 5.2097048312425613 5.4339317381381989 7.1725364476442319 4.7492420971393603 5.0637397021055222 7.2968418821692431
leaf_count=15 7 36 31 21 28 13 20 28 37 33 28 31 24 28 33 26 23 23 8 23 34
internal_value=0.000132733 0.00135871 -0.00306429 0.00324861 -0.00491815 -0.00538353 0.00423412 -0.000546313 0.00599529 0.00355947 0.000219404 -0.0041373 0.000287383 -0.00811018 0.010397 -0.00858962 0.00688254 -0.00945319 -0.0104637 -0.0112743 -0.0111293
internal_weight=149.477 120.282 36.009 84.2729 29.1954 31.1973 78.8892 21.239 57.6502 37.1127 26.5134 17.6937 13.0344 20.8346 20.5375 10.1978 11.0412 18.1629 15.3703 12.2363 12.0461
internal_count=550 445 129 316 105 114 295 97 198 128 92 59 55 77 70 54 43 59 49 46 42
is_linear=0
shrinkage=0.0138221


Tree=213
num_leaves=21
num_cat=0
split_feature=4 8 22 10 8 8 3 11 25 8 20 22 25 34 6 20 25 6 32 11
split_gain=3.56194 3.48317 4.85933 4.60457 3.521 5.50977 4.07311 3.5684 3.56192 3.14657 2.93476 2.73454 2.22014 1.74085 2.31619 1.26523 1.17294 1.11458 1.02172 2.47577
threshold=0.012441599069984989 25.9711011105769 0.054604324278932755 0.0094874238132667665 31.122518473037371 36.487255863453719 25.500000000000004 -0.017125660579446585 -0.0026438474859304434 22.244972954304732 1.0000000180025095e-35 0.040440473325705703 0.00069570821655024547 -0.0049531119707607587 53785.847500000011 0.20209925537067533 0.00069570821655024547 52859.0645 16.432616527054126 -0.023113808736778926
decision_type=2 2 2 2 2 2 2 2 2 2 2 2 2 2 2 2 2 2 2 2
left_child=1 2 18 17 8 13 7 10 -5 -4 -7 -10 -9 14 -6 -13 -15 -3 -1 -20
right_child=-2 3 9 4 5 6 -8 12 11 -11 -12 15 -14 16 -16 -17 -18 -19 19 -21
leaf_value=-0.0096503209502702969 0.011156396515677095 0.0056394621315703107 0.0096359507176050196 -0.0023722009657255448 -0.005601176988480035 0.0011365805927903232 0.013599230458615963 0.00040126233455617822 -4.5337968216049608e-05 -0.0021175545086396085 0.014846361198861435 0.017607232191155581 -0.010955819679376455 -0.0093879779667865506 0.0070090668818149349 0.0082097662677387568 -0.0021954859362350314 0.015286903988324094 -0.0096910349630921714 0.00092367110799584711
leaf_weight=12.543788135051729 5.5696967989206305 4.3624839782714826 7.0642501264810589 8.2608567774295825 7.4081030637025815 9.1063857078552228 5.570944055914878 7.7433905154466647 4.6439696401357642 11.33267158269882 4.436283364892005 5.1415201276540738 5.7159894704818726 15.973138675093653 4.456981360912323 5.8530893474817276 5.94366331398487 4.81101293861866 8.4802680313587206 8.3134555071592313
leaf_count=32 27 20 30 26 20 34 28 32 21 36 24 27 15 35 20 29 24 27 17 26
internal_value=0.000306251 -0.000104398 -0.00317343 0.00136902 0.000420712 -0.00121773 0.00283846 0.000618345 0.00496972 0.00239568 0.00562761 0.00884798 -0.00442191 -0.00512877 -0.000864285 0.0126044 -0.00743743 0.010699 -0.00666571 -0.0044364
internal_weight=152.732 147.162 47.7344 99.4278 90.2543 66.3549 32.573 27.002 23.8994 18.3969 13.5427 15.6386 13.4594 33.7819 11.8651 10.9946 21.9168 9.1735 29.3375 16.7937
internal_count=550 523 141 382 335 232 133 105 103 66 58 77 47 99 40 56 59 47 75 43
is_linear=0
shrinkage=0.0138221


Tree=214
num_leaves=20
num_cat=0
split_feature=0 1 10 19 22 9 8 24 25 29 5 18 29 17 30 5 6 25 24
split_gain=18.3763 7.98268 5.97132 5.8171 7.16018 4.56361 4.99712 2.01537 1.90621 3.92078 4.31835 0.00952204 0.00720713 0.0061883 0.00388175 0.00195162 0.000912848 0.0013026 0.000563779
threshold=-0.22252093395631442 57.803546668156208 0.01086850076352105 0.011239304451532647 0.084190540026676378 72.39181768176671 23.35390817949752 0.00092051803044569766 0.0015197479774213755 10.947989951562951 46.016258661886603 7.5280000000000011e-05 28.342988049227014 8582.4668360000014 56729.027000000009 35.558678049793762 51114.601000000002 0.0019781646912437494 0.0023978549629257158
decision_type=2 2 2 2 2 2 2 2 2 2 2 2 2 2 2 2 2 2 2
left_child=1 2 7 8 -5 6 -2 -1 9 -4 -11 13 -3 15 -6 -8 17 -17 -18
right_child=5 12 3 4 14 -7 11 -9 -10 10 -12 -13 -14 -15 -16 16 18 -19 -20
leaf_value=-0.011698177458781297 0.00031302051926453351 -0.011705863347888109 0.011686789805069354 0.0065647399085073015 -0.011103677412444092 0.0091559131421524009 -0.011011020318411112 0.0013205496044467451 0.01277188871562767 -0.0052166385751450982 0.0073775404279146318 -0.01153311122723559 -0.010792497549879362 -0.011435334257665113 -0.011756325592817427 -0.010478713546550847 -0.010776681826320987 -0.010833009816686945 -0.010545962118963808
leaf_weight=5.1274159699678403 9.7816859707236272 2.9973503872752181 17.114575020968914 10.077915631234648 4.5708695724606505 3.0062224790453902 3.7652156576514306 4.0791077762842178 13.060569167137144 8.0400169566273707 14.73308916389942 3.4946873486042014 3.6732423454523087 2.4859696552157393 2.8123156577348709 7.4932834282517451 13.069197297096251 2.6958387345075607 2.3941045999526969
leaf_count=26 35 20 14 17 36 8 28 16 8 34 23 24 26 16 17 55 105 19 23
internal_value=-0.000496954 0.00332141 0.00453833 0.00590714 -0.00101122 -0.00733445 -0.0084317 -0.00593001 0.00818865 0.00668794 0.00293118 -0.0108482 -0.0112029 -0.0107731 -0.0113523 -0.0107172 -0.010674 -0.0105725 -0.010741
internal_weight=134.473 86.2865 79.6159 70.4094 17.4611 48.1862 45.18 9.20652 52.9483 39.8877 22.7731 35.3983 6.67059 31.9036 7.38319 29.4176 25.6524 10.1891 15.4633
internal_count=550 237 191 149 70 313 305 42 79 71 57 270 46 246 53 230 202 74 128
is_linear=0
shrinkage=0.0138221


Tree=215
num_leaves=22
num_cat=0
split_feature=0 1 7 31 2 10 17 11 7 19 25 12 2 34 17 30 29 15 17 10 3
split_gain=7.4 5.22943 3.77633 5.12517 3.16675 4.41842 3.26357 2.96114 2.76864 2.76027 2.38857 2.73821 1.81794 1.80744 1.74466 1.10401 0.762349 0.713683 0.299792 0.290989 0.00516417
threshold=-0.56174490092936669 59.797742876938052 4.8780000000000011e-05 -651.91680850000193 -5915.0540899999978 0.015804629622832331 3304.6976085000019 -0.10073767145736982 -7.8349999999999987e-06 0.0084363174226296852 0.0004674066302510727 0.011172103091254272 832.82190050000145 -0.0090186994214646581 6294.1801135000014 53763.664500000006 23.635168315295925 -17147.758668999995 1427.2946745000015 0.013459178460759764 14.500000000000002
decision_type=2 2 2 2 2 2 2 2 2 2 2 2 2 2 2 2 2 2 2 2 2
left_child=1 7 4 -4 5 19 10 -1 15 -9 13 12 -12 -6 -10 -8 -15 -11 -5 -2 -19
right_child=2 -3 3 18 6 -7 8 9 14 17 11 -13 -14 16 -16 -17 -18 20 -20 -21 -22
leaf_value=0.0039275097186155352 -0.0067393030163399878 0.006572874421481331 0.0053561314250956367 -0.0077751267808250611 0.0036376583792709907 0.0050417464953896041 0.0019084299287278228 -0.0019908130464702796 -0.0093037360013083509 -0.0045436571218824082 0.0040780831145357547 0.010184204152731734 -0.0080106439677624756 0.014180903221729111 0.0020481997915468035 0.010532374243731126 0.008473935816634505 -0.010760538637185164 -0.01258319946337646 -0.011981356650335674 -0.011193955910156605
leaf_weight=5.0339911580085746 5.0482090413570422 7.3695732206106177 7.1809478700161007 5.4789750799536687 6.5469501540064838 9.1255825385451299 7.1237510591745394 12.341216906905172 5.9860545843839628 3.9381934255361548 5.0752999410033208 6.253449782729148 4.4697746410965919 11.988691404461862 4.5545793548226357 4.7119085341691971 7.1323491856455794 12.49630424380303 4.5227601304650307 3.3761603683233261 9.0600879564881307
leaf_count=20 24 26 31 19 26 38 31 35 28 9 22 23 19 35 21 16 26 27 22 17 35
internal_value=0.000134747 -0.00418273 0.00233517 -0.0035529 0.00357819 -0.00162186 0.00500764 -0.00603168 0.000753422 -0.00735674 0.00730332 0.00307485 -0.00158284 0.00990592 -0.0043986 0.00534172 0.0120521 -0.00995423 -0.00994933 -0.00884011 -0.0109427
internal_weight=148.815 50.2394 98.5754 17.1827 81.3928 17.55 63.8428 42.8698 22.3763 37.8358 41.4665 15.7985 9.54507 25.668 10.5406 11.8357 19.121 25.4946 10.0017 8.42437 21.5564
internal_count=550 152 398 72 326 79 247 126 96 106 151 64 41 87 49 47 61 71 41 41 62
is_linear=0
shrinkage=0.0138221


end of trees

feature_importances:
Column_8=319
Column_21=263
Column_10=235
Column_11=231
Column_19=214
Column_6=197
Column_22=173
Column_7=152
Column_13=151
Column_32=151
Column_24=147
Column_0=146
Column_14=126
Column_3=123
Column_30=122
Column_17=115
Column_25=115
Column_16=107
Column_28=105
Column_29=95
Column_18=93
Column_31=93
Column_2=92
Column_33=84
Column_20=82
Column_1=75
Column_5=72
Column_15=71
Column_27=67
Column_9=65
Column_12=63
Column_34=63
Column_23=62
Column_4=54
Column_26=41

parameters:
[boosting: gbdt]
[objective: multiclass]
[metric: multi_logloss]
[tree_learner: serial]
[device_type: cpu]
[data_sample_strategy: bagging]
[data: ]
[valid: ]
[num_iterations: 72]
[learning_rate: 0.0138221]
[num_leaves: 31]
[num_threads: 8]
[seed: 0]
[deterministic: 0]
[force_col_wise: 0]
[force_row_wise: 0]
[histogram_pool_size: -1]
[max_depth: 8]
[min_data_in_leaf: 20]
[min_sum_hessian_in_leaf: 0.001]
[bagging_fraction: 0.877798]
[pos_bagging_fraction: 1]
[neg_bagging_fraction: 1]
[bagging_freq: 0]
[bagging_seed: 3]
[bagging_by_query: 0]
[feature_fraction: 0.700295]
[feature_fraction_bynode: 1]
[feature_fraction_seed: 2]
[extra_trees: 0]
[extra_seed: 6]
[early_stopping_round: 0]
[early_stopping_min_delta: 0]
[first_metric_only: 0]
[max_delta_step: 0]
[lambda_l1: 0]
[lambda_l2: 0]
[linear_lambda: 0]
[min_gain_to_split: 0]
[drop_rate: 0.1]
[max_drop: 50]
[skip_drop: 0.5]
[xgboost_dart_mode: 0]
[uniform_drop: 0]
[drop_seed: 4]
[top_rate: 0.2]
[other_rate: 0.1]
[min_data_per_group: 100]
[max_cat_threshold: 32]
[cat_l2: 10]
[cat_smooth: 10]
[max_cat_to_onehot: 4]
[top_k: 20]
[monotone_constraints: ]
[monotone_constraints_method: basic]
[monotone_penalty: 0]
[feature_contri: ]
[forcedsplits_filename: ]
[refit_decay_rate: 0.9]
[cegb_tradeoff: 1]
[cegb_penalty_split: 0]
[cegb_penalty_feature_lazy: ]
[cegb_penalty_feature_coupled: ]
[path_smooth: 0]
[interaction_constraints: ]
[verbosity: 1]
[saved_feature_importance_type: 0]
[use_quantized_grad: 0]
[num_grad_quant_bins: 4]
[quant_train_renew_leaf: 0]
[stochastic_rounding: 1]
[linear_tree: 0]
[max_bin: 255]
[max_bin_by_feature: ]
[min_data_in_bin: 3]
[bin_construct_sample_cnt: 200000]
[data_random_seed: 1]
[is_enable_sparse: 1]
[enable_bundle: 1]
[use_missing: 1]
[zero_as_missing: 0]
[feature_pre_filter: 1]
[pre_partition: 0]
[two_round: 0]
[header: 0]
[label_column: ]
[weight_column: ]
[group_column: ]
[ignore_column: ]
[categorical_feature: ]
[forcedbins_filename: ]
[precise_float_parser: 0]
[parser_config_file: ]
[objective_seed: 5]
[num_class: 3]
[is_unbalance: 0]
[scale_pos_weight: 1]
[sigmoid: 1]
[boost_from_average: 1]
[reg_sqrt: 0]
[alpha: 0.9]
[fair_c: 1]
[poisson_max_delta_step: 0.7]
[tweedie_variance_power: 1.5]
[lambdarank_truncation_level: 30]
[lambdarank_norm: 1]
[label_gain: ]
[lambdarank_position_bias_regularization: 0]
[eval_at: ]
[multi_error_top_k: 1]
[auc_mu_weights: ]
[num_machines: 1]
[local_listen_port: 12400]
[time_out: 120]
[machine_list_filename: ]
[machines: ]
[gpu_platform_id: -1]
[gpu_device_id: -1]
[gpu_use_dp: 0]
[num_gpu: 1]

end of parameters

pandas_categorical:null
