tree
version=v4
num_class=3
num_tree_per_iteration=3
label_index=0
max_feature_idx=24
objective=multiclass num_class:3
feature_names=Column_0 Column_1 Column_2 Column_3 Column_4 Column_5 Column_6 Column_7 Column_8 Column_9 Column_10 Column_11 Column_12 Column_13 Column_14 Column_15 Column_16 Column_17 Column_18 Column_19 Column_20 Column_21 Column_22 Column_23 Column_24
feature_infos=[43442.01171875:416784416] [-0.00032804001239128411:9.9999997473787516e-05] [5:50] [-0.10005035996437073:0.14771473407745361] [-0.10818100720643997:0.16758933663368225] [5.58258056640625:93.743576049804688] [-0.012078856118023396:0.012376132421195507] [0.14168925583362579:90639.578125] [0.14248088002204895:90974.8046875] [0.14408299326896667:90114.2421875] [0.146563321352005:89999.671875] [0.14481388032436371:91808.5] [0.13850264251232147:90322.3046875] [0.14223000407218933:90933.9140625] [0:100] [0.00089910009410232306:0.040915943682193756] [-0.090538002550601959:0.06105433776974678] [-0.12568867206573486:0.094539888203144073] [-0.1708553284406662:0.12069238722324371] [-0.25728502869606018:0.20402692258358002] [-0.045917198061943054:0.042156223207712173] [-0.53544348478317261:1.4998387098312378] [0.0027554656844586134:0.21630784869194031] [-0.091315455734729767:0.060435697436332703] [0.00040304707363247871:0.040774572640657425]
tree_sizes=980 966 961 1003 997 990 996 1008 992 1004 998 1005 992 1005 998 896 994 990 1007 977 993 1001 1008 997 1001 992 1003 1011 1000 997 984 1006 998 1003 996 989 1006 997 998 896 1003 1010 1009 998 1011 1004 991 1006 1005 995 1004 983 1018 1013 1005 1003 1015 982 1017 1011 981 1005 996 999 1006 1005 1011 1003 996 1006 999 1015 1011 1005 1014 1014 1005 897 1004 1000 1011 989 1016 999 1003 1015 1016 984 1001 892 1000 1000 1012 993 1005 1012 1001 1000 878 1006 1000 998 992 1003 1018 1008 1003 1005 1004 990 1013 997 995 1009 1004 1005 1025 1009 1008 1004 1009 1002 1010 1009 1019 1006 1013 1024 1007 1009 1015 1002 1014 1014 990 1008 1007 1006 1005 904 1008 1000 1003 989 998 1021 972 996 998 981 1007 1003 1005 1009 1011 916 1007 1003 1010

Tree=0
num_leaves=8
num_cat=0
split_feature=0 0 22 1 19 22 23
split_gain=406.653 386.005 389.815 284.144 247.248 204.559 99.8833
threshold=1131482.2500000002 915930.09375000012 0.030507039278745655 3.1424999178852893e-05 -0.045082436874508851 0.044335903599858291 0.0071513967122882613
decision_type=2 2 2 2 2 2 2
left_child=1 2 -1 -3 6 -6 -2
right_child=4 3 -4 -5 5 -7 -8
leaf_value=-1.1184394597777914 -1.0877739708221863 -1.1106026647231442 -1.0606397130579381 -1.0899789379038107 -1.0912944696088949 -1.1048583166785084 -1.0693456811178639
leaf_weight=73.157099327277535 812.82358408892514 1898.4150322243977 156.76101661991976 337.74128866195679 1026.2852466338422 901.5439703858774 155.93942975616483
leaf_count=3194 2158 633 2893 63 4126 2655 366
internal_value=-1.09861 -1.10482 -1.07923 -1.10747 -1.09333 -1.09766 -1.08476
internal_weight=5362.67 2466.07 229.918 2236.16 2896.59 1927.83 968.763
internal_count=16088 6783 6087 696 9305 6781 2524
is_linear=0
shrinkage=1


Tree=1
num_leaves=8
num_cat=0
split_feature=7 7 0 0 6 6 20
split_gain=342.805 313.698 332.88 168.065 161.456 82.0397 48.2956
threshold=53.620744705200202 57.047813415527351 903717.00000000012 1000338.0312500001 0.0027624642243608837 -9.2195969045860679e-05 -0.006623698864132165
decision_type=2 2 2 2 2 2 2
left_child=3 2 -2 6 -3 -5 -1
right_child=1 4 -4 5 -6 -7 -8
leaf_value=-1.0633777725694975 -1.1158482059676051 -1.1017490099833629 -1.0799652739269441 -1.0964750496750961 -1.0583083883768405 -1.1037854496892565 -1.1154381546717045
leaf_weight=7.2715634107589713 125.33212471008278 1018.2145384947614 946.31894242763519 1079.2116744066007 38.280204653979581 1694.4609806575463 453.57663893699646
leaf_count=4 14 8045 364 3149 649 3817 46
internal_value=-1.09861 -1.09213 -1.0842 -1.10288 -1.10013 -1.10092 -1.11452
internal_weight=5362.67 2128.15 1071.65 3234.52 1056.49 2773.67 460.848
internal_count=16088 9072 378 7016 8694 6966 50
is_linear=0
shrinkage=1


Tree=2
num_leaves=8
num_cat=0
split_feature=8 0 2 10 14 4 24
split_gain=365.462 912.297 236.318 215.83 152.492 109.968 98.6633
threshold=52.972873687744148 1285289.0625000002 48.000000000000007 6.4308347702026376 37.363399505615241 -0.0041357073932886115 0.0020814426243305211
decision_type=2 2 2 2 2 2 2
left_child=1 6 4 -3 -2 -4 -1
right_child=2 3 5 -5 -6 -7 -8
leaf_value=-1.0890441482386737 -1.111621731370841 -1.089401858691923 -1.061323292076463 -1.1038162789373767 -1.1009621406007923 -1.116848331324513 -1.0679091568370864
leaf_weight=125.00741982460022 1071.9410730587317 617.14478101907298 76.585245306935747 1638.3144326731563 1291.2613882058688 18.071313701609427 524.34101390838623
leaf_count=28 3655 4864 17 1963 5411 52 98
internal_value=-1.09861 -1.09362 -1.10451 -1.09985 -1.10582 -1.07241 -1.07191
internal_weight=5362.67 2904.81 2457.86 2255.46 2363.2 94.6566 649.348
internal_count=16088 6953 9135 6827 9066 69 126
is_linear=0
shrinkage=1


Tree=3
num_leaves=8
num_cat=0
split_feature=0 0 22 1 10 22 14
split_gain=390.766 370.56 374.434 274.722 217.877 140.252 124.739
threshold=1131482.2500000002 915930.09375000012 0.030507039278745655 3.1424999178852893e-05 6.6633131504058847 0.044335903599858291 48.446325302124031
decision_type=2 2 2 2 2 2 2
left_child=1 2 -1 -3 5 -2 -6
right_child=4 3 -4 -5 6 -7 -8
leaf_value=-0.019752711948470229 0.0053757924356746412 -0.011821926597444533 0.036831295046561505 0.0084302838434321785 0.012975349014697752 -0.0096137045243360145 0.00086362474555477212
leaf_weight=72.903616581089636 527.09880343527766 1887.4679662813696 159.00632344931978 339.09430861473083 1305.1845439940225 548.49891972879414 523.03980903325464
leaf_count=3194 2776 633 2893 63 2415 2408 1706
internal_value=0 -0.00609825 0.0188447 -0.00871691 0.00516337 -0.00222522 0.0095355
internal_weight=5362.29 2458.47 231.91 2226.56 2903.82 1075.6 1828.22
internal_count=16088 6783 6087 696 9305 5184 4121
is_linear=0
shrinkage=0.0207867


Tree=4
num_leaves=8
num_cat=0
split_feature=13 7 0 1 6 15 0
split_gain=329.218 301.298 319.454 193.272 155.014 125.548 115.967
threshold=53.698999404907234 57.047813415527351 903717.00000000012 6.6839998908108114e-05 0.0027624642243608837 0.0060067898593842992 985596.00000000012
decision_type=2 2 2 2 2 2 2
left_child=3 2 -2 6 -3 -5 -1
right_child=1 4 -4 5 -6 -7 -8
leaf_value=-0.017290026063096733 -0.017041309878628834 -0.0030967987831217558 0.018228927724709489 -0.0040554474340995855 0.039192885106609641 0.022869923643358159 -0.0043028887705647487
leaf_weight=339.62536215782166 124.30111074447632 1017.133945076908 949.46773409843445 125.01514149131253 38.798985494692033 177.44574840925634 2590.5767557932995
leaf_count=32 14 8045 364 131 649 620 6233
internal_value=0 0.00634559 0.0141031 -0.00418046 -0.00149926 0.0115886 -0.00582389
internal_weight=5362.36 2129.7 1073.77 3232.66 1055.93 302.461 2930.2
internal_count=16088 9072 378 7016 8694 751 6265
is_linear=0
shrinkage=0.0207867


Tree=5
num_leaves=8
num_cat=0
split_feature=13 0 1 2 15 9 4
split_gain=335.064 502.703 408.893 239.02 249.835 196.58 105.553
threshold=53.698999404907234 1285289.0625000002 3.1424999178852893e-05 48.000000000000007 0.0027714438037946825 6.3591961860656747 -0.0041357073932886115
decision_type=2 2 2 2 2 2 2
left_child=1 2 -1 4 -2 -3 -5
right_child=3 5 -4 6 -6 -7 -8
leaf_value=0.022877766493567028 0.039933319932405793 0.0088820657738002563 -0.011508548519545424 0.036314530422207419 -0.0090960525672898994 -0.0049516999843313781 -0.018113390416867065
leaf_weight=809.62411427497864 45.630333394422451 606.43922629219014 181.29899024963379 77.530088738642064 1976.5674459032666 1647.261065647006 17.9748634256743
leaf_count=172 399 4864 17 17 8604 1963 52
internal_value=0 0.00419756 0.0165399 -0.00643188 -0.00796692 -0.00120877 0.0255881
internal_weight=5362.33 3244.62 990.923 2117.7 2022.2 2253.7 95.505
internal_count=16088 7016 189 9072 9003 6827 69
is_linear=0
shrinkage=0.0207867


Tree=6
num_leaves=8
num_cat=0
split_feature=0 0 11 1 19 7 5
split_gain=375.75 357.262 336.056 265.679 233.554 128.744 96.0155
threshold=1131482.2500000002 915930.09375000012 56.611339569091804 3.1424999178852893e-05 -0.045082436874508851 67.396633148193374 28.202507019042972
decision_type=2 2 2 2 2 2 2
left_child=1 2 -1 -3 6 -6 -2
right_child=4 3 -4 -5 5 -7 -8
leaf_value=-0.019889726756440809 0.00018752037241104476 -0.011660917033820358 0.034567433091034556 0.0082300373221819555 -0.0002468078449476658 0.026816846215056367 0.016620245556063985
leaf_weight=68.468355774879456 198.46088497198934 1876.7845392607778 164.99379399626287 340.40459108352661 1853.7706055605745 79.077938362544955 779.31645075628148
leaf_count=13 478 633 6074 63 5219 1562 2046
internal_value=0 -0.00599669 0.0183991 -0.00858627 0.00505006 0.00083659 0.013332
internal_weight=5361.28 2450.65 233.462 2217.19 2910.63 1932.85 977.777
internal_count=16088 6783 6087 696 9305 6781 2524
is_linear=0
shrinkage=0.0207867


Tree=7
num_leaves=8
num_cat=0
split_feature=13 10 19 1 15 6 1
split_gain=315.227 229.475 383.87 186.827 120.472 112.384 106.401
threshold=53.698999404907234 57.907936096191413 -0.011846006382256745 6.6839998908108114e-05 0.0060067898593842992 0.0027624642243608837 1.2035000054311242e-05
decision_type=2 2 2 2 2 2 2
left_child=3 2 -2 6 -5 -3 -1
right_child=1 5 -4 4 -6 -7 -8
leaf_value=-0.0032517291994541781 0.028856335390408695 -0.0044993146420473232 0.0043403110754357179 -0.0039975161135857923 0.022339737192810159 0.037687226082092275 -0.012185451300811383
leaf_weight=2118.196599479998 386.76026701927185 736.26047047215002 984.72479939460754 124.82041385537013 178.90297362999991 28.172536806973085 803.71235838811845
leaf_count=5556 167 7979 283 131 620 643 709
internal_value=0 0.0061939 0.0112875 -0.00410147 0.0113642 -0.00288427 -0.00572485
internal_weight=5361.55 2135.92 1371.49 3225.63 303.723 764.433 2921.91
internal_count=16088 9072 450 7016 751 8622 6265
is_linear=0
shrinkage=0.0207867


Tree=8
num_leaves=8
num_cat=0
split_feature=8 0 2 9 14 4 24
split_gain=342.103 827.975 220.717 188.918 147.116 101.435 90.5124
threshold=52.972873687744148 1285289.0625000002 48.000000000000007 6.3591961860656747 37.363399505615241 -0.0041357073932886115 0.0020814426243305211
decision_type=2 2 2 2 2 2 2
left_child=1 6 4 -3 -2 -4 -1
right_child=2 3 5 -5 -6 -7 -8
leaf_value=0.008885669607462782 -0.012749712268113214 0.0086803942030094505 0.035398957883063555 -0.0048658070459784951 -0.0022455862689762665 -0.01799301788742376 0.028993493007918966
leaf_weight=126.65320479869843 1061.938601834087 608.83217037894065 78.412597975144251 1643.3330872058868 1287.5976638593415 17.877325291075124 536.66253709793091
leaf_count=28 3655 4864 17 1963 5411 52 98
internal_value=0 0.0048088 -0.00573338 -0.00118337 -0.00701284 0.0250074 0.0252236
internal_weight=5361.31 2915.48 2445.83 2252.17 2349.54 96.2899 663.316
internal_count=16088 6953 9135 6827 9066 69 126
is_linear=0
shrinkage=0.0207867


Tree=9
num_leaves=8
num_cat=0
split_feature=0 0 22 1 19 22 23
split_gain=359.655 346.633 344.445 257.461 224.756 192.17 93.9752
threshold=1131482.2500000002 915930.09375000012 0.030507039278745655 3.1424999178852893e-05 -0.045082436874508851 0.044335903599858291 0.0071513967122882613
decision_type=2 2 2 2 2 2 2
left_child=1 2 -1 -3 6 -6 -2
right_child=4 3 -4 -5 5 -7 -8
leaf_value=-0.019441136966887464 0.010110718852322065 -0.011499561253047325 0.03491299184783004 0.0080632155665810255 0.0069217738694786583 -0.006205712124009233 0.027815747357327801
leaf_weight=71.778635607366482 823.96053983215825 1865.8559202034317 162.73263234458375 341.46974682807922 1034.4939415568069 900.39800869672945 159.11104982253892
leaf_count=3194 2158 633 2893 63 4126 2655 366
internal_value=0 -0.00588535 0.0180799 -0.00845235 0.0049266 0.000789103 0.0130232
internal_weight=5359.8 2441.84 234.511 2207.33 2917.96 1934.89 983.072
internal_count=16088 6783 6087 696 9305 6781 2524
is_linear=0
shrinkage=0.0207867


Tree=10
num_leaves=8
num_cat=0
split_feature=13 0 10 1 6 0 21
split_gain=302.574 234.33 342.752 180.662 118.398 112.679 10.8559
threshold=53.698999404907234 903717.00000000012 57.907936096191413 6.6839998908108114e-05 -0.0010376136051490901 985596.00000000012 1.258824408054352
decision_type=2 2 2 2 2 2 2
left_child=3 6 -3 5 -5 -1 -2
right_child=1 2 -4 4 -6 -7 -8
leaf_value=-0.017010028140263037 -0.018323802858179063 0.014929711118689988 -0.0028171092900257963 0.030105550248295719 0.0020402211847079456 -0.0041337575220666894 0.019789666158971833
leaf_weight=335.3785994052887 164.13576812537707 1213.8540804386139 761.29361445957352 97.276934233959764 207.65990355238318 2578.5903656369774 2.1334248033165855
leaf_count=32 5994 432 2616 268 483 6233 30
internal_value=0 0.00605505 0.00806611 -0.00402799 0.0111444 -0.00563155 -0.0175575
internal_weight=5360.32 2141.42 1975.15 3218.91 304.937 2913.97 166.269
internal_count=16088 9072 3048 7016 751 6265 6024
is_linear=0
shrinkage=0.0207867


Tree=11
num_leaves=8
num_cat=0
split_feature=13 0 1 12 16 20 23
split_gain=310.271 456.93 375.766 181.853 134.525 234.042 38.591
threshold=53.698999404907234 1285289.0625000002 3.1424999178852893e-05 6.1672275066375741 0.0019246226293034854 -0.005465650698170065 0.025135753676295284
decision_type=2 2 2 2 2 2 2
left_child=1 2 -1 -3 5 -2 -6
right_child=4 3 -4 -5 6 -7 -8
leaf_value=0.021641638376576143 -0.014051363336513637 0.0086439823065704666 -0.011341351627882121 -0.0047314521172863262 -0.014731684913424936 0.0033639405398542955 0.03465103765242699
leaf_weight=824.49909269809723 511.69931382522077 596.8864154004259 180.25490522384644 1654.0298014432192 635.7070456506716 950.27823551027927 6.3636724518065639
leaf_count=172 2413 4864 17 1963 2652 3991 16
internal_value=0 0.00401963 0.0156785 -0.00116415 -0.00622221 -0.00269997 -0.0141705
internal_weight=5359.72 3255.67 1004.75 2250.92 2104.05 1461.98 642.071
internal_count=16088 7016 189 6827 9072 6404 2668
is_linear=0
shrinkage=0.0207867


Tree=12
num_leaves=8
num_cat=0
split_feature=0 0 22 24 10 20 22
split_gain=344.935 332.564 329.908 244.201 196.536 142.888 132.809
threshold=1131482.2500000002 915930.09375000012 0.030507039278745655 0.0037350775673985486 6.6633131504058847 -0.0026565323350951071 0.044335903599858291
decision_type=2 2 2 2 2 2 2
left_child=1 2 -1 -3 6 -6 -2
right_child=4 3 -4 -5 5 -7 -8
leaf_value=-0.019325992632660501 0.0051363843471830288 -0.0027002956220939013 0.033878598430443593 -0.016942126008407582 0.012633151536454877 0 -0.0094493649122354851
leaf_weight=71.346681172937906 529.71850246464601 1334.0254796665242 164.69365884603826 862.94951863470374 1309.9017437235152 539.44853935501669 545.57116906921146
leaf_count=3194 2776 379 2893 317 2415 1706 2408
internal_value=0 -0.00578205 0.0176014 -0.00831532 0.00481128 0.00892515 -0.00222114
internal_weight=5357.66 2433.02 236.04 2196.97 2924.64 1849.35 1075.29
internal_count=16088 6783 6087 696 9305 4121 5184
is_linear=0
shrinkage=0.0207867


Tree=13
num_leaves=8
num_cat=0
split_feature=7 7 19 1 6 6 1
split_gain=291.414 269.249 177.915 175.277 147.015 113.535 102.505
threshold=53.620744705200202 57.047813415527351 -0.011846006382256745 6.6839998908108114e-05 0.001921449904330075 -0.0010376136051490901 1.2035000054311242e-05
decision_type=2 2 2 2 2 2 2
left_child=3 2 -2 6 -3 -5 -1
right_child=1 4 -4 5 -6 -7 -8
leaf_value=-0.0031249771450033484 0.023100533179831517 -0.0039219995595974741 0.0059689998930089801 0.029396648690996598 0.023955796242821605 0.0020002714197318756 -0.011931088093470375
leaf_weight=2105.5507033085455 456.09990084171295 967.13783058007539 638.52592122554779 98.210827209055424 89.062720501398417 207.8390972353518 796.21961628273129
leaf_count=5556 182 7558 196 268 1136 483 709
internal_value=0 0.00592054 0.0131493 -0.00396863 -0.0015276 0.0109423 -0.00555718
internal_weight=5358.65 2150.83 1094.63 3207.82 1056.2 306.05 2901.77
internal_count=16088 9072 378 7016 8694 751 6265
is_linear=0
shrinkage=0.0207867


Tree=14
num_leaves=8
num_cat=0
split_feature=13 0 1 2 15 9 16
split_gain=298.264 434.047 359.434 221.162 230.945 177.36 69.5609
threshold=53.698999404907234 1285289.0625000002 3.1424999178852893e-05 48.000000000000007 0.0027714438037946825 6.3591961860656747 0.0017973129288293423
decision_type=2 2 2 2 2 2 2
left_child=1 2 -1 4 -2 -3 -5
right_child=3 5 -4 6 -6 -7 -8
leaf_value=0.021022450420359513 0.037833966401053777 0.0083813350850417724 -0.011250077951757089 0.031683232011265168 -0.0087337132315872326 -0.0047235328623904923 -0.017231863336081756
leaf_weight=831.83726382255509 46.785977758784384 612.33263034262927 179.68196249008179 83.580524010403678 1953.3008277933075 1636.7150353714824 13.485564144648377
leaf_count=172 399 4864 17 57 8604 1963 12
internal_value=0 0.00393208 0.0152441 -0.0061167 -0.00762136 -0.00113507 0.0244125
internal_weight=5357.72 3260.57 1011.52 2097.15 2000.09 2249.05 97.0661
internal_count=16088 7016 189 9072 9003 6827 69
is_linear=0
shrinkage=0.0207867


Tree=15
num_leaves=7
num_cat=0
split_feature=20 22 7 10 15 10
split_gain=246.034 186.117 310.028 239.498 81.36 56.3901
threshold=-0.017554643563926216 0.047824215143918998 58.937025070190437 8.8943371772766131 0.028965036384761337 9.0233740806579608
decision_type=2 2 2 2 2 2
left_child=4 2 -2 -3 5 -1
right_child=1 3 -4 -5 -6 -7
leaf_value=-0.0097273361568376397 0.00013163705931005737 0.002021420190427079 0.023707706004269566 -0.013538289311045459 -0.017239165298983727 0.031858187247339687
leaf_weight=13.704744324435977 3195.160518810444 778.33338516042659 261.03964512117045 936.07769316857457 17.681907385818704 153.32160169570898
leaf_count=114 4410 2272 5945 3077 46 224
internal_value=0 -0.000841684 0.00192563 -0.00644738 0.0235736 0.0281701
internal_weight=5355.32 5170.61 3456.2 1714.41 184.708 167.026
internal_count=16088 15704 10355 5349 384 338
is_linear=0
shrinkage=0.0207867


Tree=16
num_leaves=8
num_cat=0
split_feature=7 7 0 1 6 15 0
split_gain=279.993 258.116 276.849 169.394 141.49 114.065 103.854
threshold=53.620744705200202 57.047813415527351 903717.00000000012 6.6839998908108114e-05 0.001921449904330075 0.0060067898593842992 1000338.0312500001
decision_type=2 2 2 2 2 2 2
left_child=3 2 -2 6 -3 -5 -1
right_child=1 4 -4 5 -6 -7 -8
leaf_value=-0.015011369566487048 -0.016559693859895128 -0.003872538041984795 0.016542528494130206 -0.0042087029363523714 0.023373037400807112 0.02129681253864555 -0.0038104387240066547
leaf_weight=423.72557163238525 121.50885343551636 965.71568626511475 978.47841727733612 125.49883324699476 89.808411509817006 181.7132616918534 2470.2037000635173
leaf_count=48 14 7558 364 131 1136 620 6217
internal_value=0 0.00579333 0.012844 -0.00389787 -0.0015107 0.0107275 -0.00546639
internal_weight=5356.65 2155.51 1099.99 3201.14 1055.52 307.212 2893.93
internal_count=16088 9072 378 7016 8694 751 6265
is_linear=0
shrinkage=0.0207867


Tree=17
num_leaves=8
num_cat=0
split_feature=8 0 2 10 14 22 16
split_gain=309.799 723.866 204.349 184.022 141.594 97.866 66.916
threshold=52.972873687744148 1285289.0625000002 48.000000000000007 6.4308347702026376 37.363399505615241 0.02355486806482077 0.0017973129288293423
decision_type=2 2 2 2 2 2 2
left_child=1 5 4 -3 -2 -1 -4
right_child=2 3 6 -5 -6 -7 -8
leaf_value=0.0055554613253130823 -0.01241937099868742 0.0084231675186979132 0.030892373939001218 -0.0048331704103719035 -0.0020651881791987304 0.02695502579428076 -0.017121600818861295
leaf_weight=117.22614789009049 1048.379159298278 626.51011941081379 84.401859522839459 1621.185995914042 1280.6053872043913 563.24050486087799 13.420674651540137
leaf_count=26 3655 4864 57 1963 5411 100 12
internal_value=0 0.00454935 -0.00549422 -0.00111767 -0.00674586 0.0233362 0.0238339
internal_weight=5354.97 2928.16 2426.81 2247.7 2328.98 680.467 97.8225
internal_count=16088 6953 9135 6827 9066 126 69
is_linear=0
shrinkage=0.0207867


Tree=18
num_leaves=8
num_cat=0
split_feature=11 24 22 2 15 24 18
split_gain=207.192 172.615 280.735 196.466 132.745 90.784 42.8343
threshold=64.722873687744155 0.010275295004248621 0.043003143742680557 13.500000000000002 0.0082754343748092669 0.011206603143364193 -0.011261676438152788
decision_type=2 2 2 2 2 2 2
left_child=1 2 -1 -3 6 -6 -2
right_child=4 3 -4 -5 5 -7 -8
leaf_value=0.001309509738632519 0.035232386530594358 0.01943315169126893 -0.0096878159278766147 -0.0074457410828063725 -0.0064772213153689558 0.03424065411123154 0.0030683061000536093
leaf_weight=3049.4379939787168 128.68440121017414 346.44633672269993 1490.6582049801727 174.78700290131383 109.23049357320173 30.008457376475121 24.504708857672767
leaf_count=3934 2265 595 2758 359 2348 490 3339
internal_value=0 -0.000982101 -0.00229111 0.0103313 0.0170132 0.00196717 0.0303882
internal_weight=5353.76 5061.33 4540.1 521.233 292.428 139.239 153.189
internal_count=16088 7646 6692 954 8442 2838 5604
is_linear=0
shrinkage=0.0207867


Tree=19
num_leaves=8
num_cat=0
split_feature=13 0 0 0 19 5 23
split_gain=268.765 215.856 313.313 158.035 72.3705 30.7745 11.4776
threshold=53.698999404907234 903717.00000000012 1131482.2500000002 985596.00000000012 -0.024207302369177338 29.414431571960453 -0.0086392853409051878
decision_type=2 2 2 2 2 2 2
left_child=3 6 -3 5 -5 -1 -2
right_child=1 2 -4 4 -6 -7 -8
leaf_value=0 0.022524544833350493 0.013258551129231617 -0.0043475344001535996 -0.00516528997334162 0.0014805912342723884 -0.019035639786043286 -0.018004443248754838
leaf_weight=37.906109094619296 2.0717597216962522 1351.6114884933786 640.31740419740163 1569.1627427118947 1275.0261088143452 317.05894255638123 161.29786014041792
leaf_count=7 266 570 2478 3282 3700 27 5758
internal_value=0 0.00567583 0.00757583 -0.00382054 -0.00216979 -0.0169174 -0.0172083
internal_weight=5354.45 2155.3 1991.93 3199.15 2844.19 354.965 163.37
internal_count=16088 9072 3048 7016 6982 34 6024
is_linear=0
shrinkage=0.0207867


Tree=20
num_leaves=8
num_cat=0
split_feature=8 7 2 10 14 4 22
split_gain=297.483 693.816 197.269 179.174 138.291 93.2947 93.0646
threshold=52.972873687744148 31.356072902679447 48.000000000000007 6.4308347702026376 37.363399505615241 -0.0041357073932886115 0.02355486806482077
decision_type=2 2 2 2 2 2 2
left_child=1 3 4 -1 -2 -4 -3
right_child=2 6 5 -5 -6 -7 -8
leaf_value=0.0082799903989509323 -0.012266512268707673 0.0054201295909375993 0.03304383582579766 -0.0047900293260755532 -0.0020130384059596864 -0.018027461031744768 0.026263917584528642
leaf_weight=628.19085939158686 1042.0544077805312 117.52670836448669 80.619710974705072 1619.1464444473386 1278.7657829103323 17.862916201791791 567.96292316913605
leaf_count=4864 3655 26 17 1963 5411 52 100
internal_value=0 0.00444816 -0.00539854 -0.0011161 -0.00663674 0.0233124 0.0227575
internal_weight=5352.13 2932.83 2419.3 2247.34 2320.82 98.4826 685.49
internal_count=16088 6953 9135 6827 9066 69 126
is_linear=0
shrinkage=0.0207867


Tree=21
num_leaves=8
num_cat=0
split_feature=0 0 22 1 19 22 9
split_gain=318.322 314.573 314.914 239.025 201.266 175.567 90.5141
threshold=1131482.2500000002 915930.09375000012 0.030507039278745655 3.1424999178852893e-05 -0.045082436874508851 0.044335903599858291 65.109558105468764
decision_type=2 2 2 2 2 2 2
left_child=1 2 -1 -3 6 -6 -2
right_child=4 3 -4 -5 5 -7 -8
leaf_value=-0.019219881747335823 0.013416116959143451 -0.011067524651871869 0.032767864959391234 0.00776557985385467 0.0064906426716545718 -0.006049398439733511 -0.020149437255739991
leaf_weight=70.928872543318562 961.83818969788263 1835.1322036078163 166.72989667798572 343.1361939907074 1043.1169214327347 896.06227544680587 34.938537344460201
leaf_count=3194 1865 633 2893 63 4126 2655 659
internal_value=0 -0.0055877 0.0170583 -0.00807964 0.00459949 0.00067233 0.0121934
internal_weight=5351.88 2415.93 237.659 2178.27 2935.96 1939.18 996.777
internal_count=16088 6783 6087 696 9305 6781 2524
is_linear=0
shrinkage=0.0207867


Tree=22
num_leaves=8
num_cat=0
split_feature=7 7 24 1 6 15 1
split_gain=260.886 242.172 165.444 162.334 136.45 110.032 97.9558
threshold=53.620744705200202 57.047813415527351 0.0066052682232111701 6.6839998908108114e-05 0.001921449904330075 0.0060067898593842992 1.2035000054311242e-05
decision_type=2 2 2 2 2 2 2
left_child=3 2 -2 6 -3 -5 -1
right_child=1 4 -4 5 -6 -7 -8
leaf_value=-0.0029451323709140365 0.016222718606508865 -0.0038437590612681936 -0.0042380677063167393 -0.0041861463089569936 0.022819584791078068 0.020830656761163076 -0.011600748108701308
leaf_weight=2094.9262921527261 901.37434160709381 964.66958859151293 206.52824068069458 125.41499157808721 90.492420462181485 182.95338709419593 785.85783380037174
leaf_count=5556 322 7558 56 131 1136 620 709
internal_value=0 0.00557469 0.0123669 -0.00377731 -0.00151338 0.0105067 -0.00532232
internal_weight=5352.22 2163.06 1107.9 3189.15 1055.16 308.368 2880.78
internal_count=16088 9072 378 7016 8694 751 6265
is_linear=0
shrinkage=0.0207867


Tree=23
num_leaves=8
num_cat=0
split_feature=8 7 10 16 20 9 22
split_gain=285.149 667.56 173.585 148.795 261.369 93.6422 88.5068
threshold=52.972873687744148 31.356072902679447 6.4308347702026376 0.0019246226293034854 -0.005465650698170065 52.939779281616218 0.02355486806482077
decision_type=2 2 2 2 2 2 2
left_child=1 2 -1 4 -2 -5 -3
right_child=3 6 -4 5 -6 -7 -8
leaf_value=0.0081015521467789585 -0.013499089669473318 0.0053224903777637144 -0.004749427399635504 0.03638777429802386 0.0037884484457012097 -0.014468931608678784 0.025634734608771245
leaf_weight=630.2777609864138 565.0468553168248 117.74642670154572 1617.2348654046655 15.507000446319578 1135.3783723742674 695.63993323993168 572.13850688934326
leaf_count=4864 2428 26 1963 2 4018 2687 100
internal_value=0 0.00434558 -0.00112507 -0.00529991 -0.00192905 -0.0132952 0.0222347
internal_weight=5348.97 2937.4 2247.51 2411.57 1700.43 711.147 689.885
internal_count=16088 6953 6827 9135 6446 2689 126
is_linear=0
shrinkage=0.0207867


Tree=24
num_leaves=8
num_cat=0
split_feature=0 0 11 1 19 7 5
split_gain=304.972 304.56 294.924 249.449 193.319 112.019 92.3779
threshold=1131482.2500000002 926242.65625000012 56.611339569091804 3.1424999178852893e-05 -0.045082436874508851 67.396633148193374 28.202507019042972
decision_type=2 2 2 2 2 2 2
left_child=1 2 -1 -3 6 -6 -2
right_child=4 3 -4 -5 5 -7 -8
leaf_value=-0.0085234136380877151 -0.00039586493988599093 -0.011702759681450136 0.030523856807123391 0.0076070579859281694 -0.00038547486132835149 0.024475114860163072 0.015094118112978047
leaf_weight=150.24975490570066 202.86691647553653 1727.6568500137896 184.43288874691964 344.12743735313416 1858.7606713480409 81.652951618261795 798.54931389864214
leaf_count=40 478 569 6111 63 5219 1562 2046
internal_value=0 -0.00548751 0.0128566 -0.00847311 0.00449005 0.000636909 0.0119101
internal_weight=5348.3 2406.47 334.683 2071.78 2941.83 1940.41 1001.42
internal_count=16088 6783 6151 632 9305 6781 2524
is_linear=0
shrinkage=0.0207867


Tree=25
num_leaves=8
num_cat=0
split_feature=7 7 0 0 19 21 20
split_gain=249.083 232.798 254.04 149.495 110.44 67.6927 43.3758
threshold=53.620744705200202 57.047813415527351 903717.00000000012 1000338.0312500001 0.045484866946935661 0.80094090104103099 -0.006623698864132165
decision_type=2 2 2 2 2 2 2
left_child=3 2 -2 6 -3 -5 -1
right_child=1 4 -4 5 -6 -7 -8
leaf_value=0.032624993483248849 -0.016314775909109173 -0.0035164954643634541 0.015550263919576849 -0.0002539632864252138 0.021533546800633564 -0.0085572070817071088 -0.015875960685125274
leaf_weight=7.5074012279510489 119.93317437171936 972.79184368771246 992.7798228263855 2211.5693077106844 82.228658707998079 528.76657154556597 433.60160624980927
leaf_count=4 14 7952 364 5682 742 1284 46
internal_value=0 0.00543659 0.0120743 -0.00370003 -0.0015204 -0.00187295 -0.014946
internal_weight=5349.18 2167.73 1112.71 3181.44 1055.02 2740.34 441.109
internal_count=16088 9072 378 7016 8694 6966 50
is_linear=0
shrinkage=0.0207867


Tree=26
num_leaves=8
num_cat=0
split_feature=8 0 10 16 14 9 18
split_gain=275.262 637.414 167.164 145.143 204.087 90.722 75.8852
threshold=52.972873687744148 1285289.0625000002 6.4308347702026376 0.0019246226293034854 37.363399505615241 52.939779281616218 -0.039238359779119485
decision_type=2 2 2 2 2 2 2
left_child=1 6 -3 4 -2 -5 -1
right_child=3 2 -4 5 -6 -7 -8
leaf_value=-0.0082211664742853022 -0.0077704045528335089 0.0079333576122159119 -0.0046679970945354846 0.035460348316916079 0.0069378374257783541 -0.014315852997473094 0.023216902434126174
leaf_weight=32.689683556556702 1022.7788994988956 632.20374294463545 1613.3650824651122 15.678683757781753 675.49746645520997 690.99604306033393 661.77977097034454
leaf_count=15 3445 4864 1963 2 3001 2687 111
internal_value=0 0.00426319 -0.00109976 -0.00521884 -0.00189299 -0.0131463 0.0216707
internal_weight=5344.99 2940.04 2245.57 2404.95 1698.28 706.675 694.469
internal_count=16088 6953 6827 9135 6446 2689 126
is_linear=0
shrinkage=0.0207867


Tree=27
num_leaves=8
num_cat=0
split_feature=19 2 10 18 15 15 1
split_gain=223.832 299.31 180.202 166.644 91.8269 71.8553 48.5896
threshold=-0.049825681373476975 10.500000000000002 62.333595275878913 -0.016257079318165776 0.019686328247189525 0.0089915143325924891 9.0744997578440248e-05
decision_type=2 2 2 2 2 2 2
left_child=1 6 3 -2 -3 -4 -1
right_child=2 4 5 -5 -6 -7 -8
leaf_value=-0.019658015097365009 -0.010392584601694553 0.010531184412277631 0.022746126595409921 -0.00063662405955806282 0.029190620789690837 -0.0095164061584840746 0.027073044582259703
leaf_weight=157.10546071606348 1005.8359259887366 729.90717637949183 167.54108132377559 3100.4388685937129 140.11294716946543 34.061757729983867 9.4364035124890489
leaf_count=397 1424 2792 5621 4556 257 1031 10
internal_value=0 0.00867286 -0.00208603 -0.00303758 0.0135892 0.0170666 -0.0167334
internal_weight=5344.44 1036.56 4307.88 4106.27 870.02 201.603 166.542
internal_count=16088 3456 12632 5980 3049 6652 407
is_linear=0
shrinkage=0.0207867


Tree=28
num_leaves=8
num_cat=0
split_feature=7 7 0 1 15 0 22
split_gain=238.885 223.441 243.263 156.731 106.134 95.274 87.7192
threshold=53.620744705200202 57.047813415527351 903717.00000000012 6.6839998908108114e-05 0.0060067898593842992 1000338.0312500001 0.048540212213993079
decision_type=2 2 2 2 2 2 2
left_child=3 2 -2 5 -5 -1 -3
right_child=1 6 -4 4 -6 -7 -8
leaf_value=-0.014443631566599528 -0.016135970889129343 -0.0053098405437709412 0.015170443557147993 -0.0040819601661248412 0.020477431291758802 -0.0035797641553783773 0.007977299019145203
leaf_weight=412.07562518119812 118.76235711574554 756.16561663423977 998.09962511062622 125.05096886400133 183.87747222185135 2453.6599059831351 298.24694233902142
leaf_count=48 14 6124 364 131 620 6217 2570
internal_value=0 0.00531635 0.0118002 -0.00363081 0.0103868 -0.00515801 -0.00150778
internal_weight=5345.94 2171.27 1116.86 3174.66 308.928 2865.74 1054.41
internal_count=16088 9072 378 7016 751 6265 8694
is_linear=0
shrinkage=0.0207867


Tree=29
num_leaves=8
num_cat=0
split_feature=8 7 2 10 14 4 18
split_gain=265.212 608.203 191.293 161.708 133.017 89.8613 72.9453
threshold=52.972873687744148 31.356072902679447 48.000000000000007 6.4308347702026376 37.363399505615241 -0.0041357073932886115 -0.039238359779119485
decision_type=2 2 2 2 2 2 2
left_child=1 3 4 -1 -2 -4 -3
right_child=2 6 5 -5 -6 -7 -8
leaf_value=0.0077895632658298488 -0.011936360205046907 -0.008192574453053901 0.032562777825629795 -0.0045963022332410315 -0.0018293291804698008 -0.017772627592337692 0.022619620643531811
leaf_weight=633.86477365100291 1027.7660420557445 32.672833681106567 81.047320081097041 1609.9771047085524 1271.5927204553982 17.623280775543208 666.2387193441391
leaf_count=4864 3655 15 17 1963 5411 52 111
internal_value=0 0.00417768 -0.0051351 -0.00107687 -0.00636701 0.0231054 0.0211133
internal_weight=5340.78 2942.75 2398.03 2243.84 2299.36 98.6706 698.912
internal_count=16088 6953 9135 6827 9066 69 126
is_linear=0
shrinkage=0.0207867


Tree=30
num_leaves=8
num_cat=0
split_feature=20 22 7 10 19 8 3
split_gain=216.192 171.729 270.889 225.052 74.7872 20.5799 5.22928
threshold=-0.017554643563926216 0.047824215143918998 58.937025070190437 8.8943371772766131 -0.1351557523012161 52.393707275390632 -1.0000000180025095e-35
decision_type=2 2 2 2 2 2 2
left_child=4 2 -2 -3 6 -6 -1
right_child=1 3 -4 -5 5 -7 -8
leaf_value=-0.016645250767091172 0.0001505864637305639 0.0019560022074223441 0.021953854542959249 -0.013185215961198173 0.010615398056663634 0.031450768940454614 0
leaf_weight=14.483142772127737 3186.7657951138103 778.47999873111235 267.25354333123096 919.91702876517161 33.120818428811518 127.21845401843676 14.281856408443785
leaf_count=44 4410 2272 5945 3077 115 113 112
internal_value=0 -0.000799855 0.00185095 -0.00621792 0.0218299 0.0274343 -0.00780713
internal_weight=5341.52 5152.42 3454.02 1698.4 189.104 160.339 28.765
internal_count=16088 15704 10355 5349 384 228 156
is_linear=0
shrinkage=0.0207867


Tree=31
num_leaves=8
num_cat=0
split_feature=13 7 1 15 6 6 1
split_gain=231.21 215.336 151.451 146.501 131.185 105.416 92.9046
threshold=53.698999404907234 57.047813415527351 6.6839998908108114e-05 0.0029753256822004919 0.0027624642243608837 -0.0010376136051490901 1.2035000054311242e-05
decision_type=2 2 2 2 2 2 2
left_child=2 3 6 -2 -3 -4 -1
right_child=1 4 5 -5 -6 -7 -8
leaf_value=-0.0027668720232913763 -0.014270531321283421 -0.0029795603220020262 0.027736207604434921 0.013797358603168613 0.03505543973675293 0.0015629045606067209 -0.011245428988383826
leaf_weight=2089.455703428539 85.550913929939497 1012.4869196137666 100.31639383733273 1030.0915639400482 40.656740907270546 209.65482995007187 774.25386663735844
leaf_count=5556 12 8045 268 366 649 483 709
internal_value=0 0.00523522 -0.00357059 0.0116037 -0.00146745 0.0101821 -0.00507529
internal_weight=5342.47 2168.79 3173.68 1115.64 1053.14 309.971 2863.71
internal_count=16088 9072 7016 378 8694 751 6265
is_linear=0
shrinkage=0.0207867


Tree=32
num_leaves=8
num_cat=0
split_feature=8 0 2 10 15 4 22
split_gain=254.309 582.596 184.307 156.708 129.523 86.6436 83.4627
threshold=52.972873687744148 1285289.0625000002 48.000000000000007 6.4308347702026376 0.0053742828313261279 -0.0041357073932886115 0.02355486806482077
decision_type=2 2 2 2 2 2 2
left_child=1 6 4 -3 -2 -4 -1
right_child=2 3 5 -5 -6 -7 -8
leaf_value=0.0043243784415750103 -0.012574078123199594 0.0076379480819443978 0.031788253095028765 -0.0045455531753403793 -0.0023438039215897197 -0.017677893594073537 0.023865853849357029
leaf_weight=119.83559060096695 872.61224552334397 635.58024006785126 81.735645288100557 1607.5014947578311 1418.373761733003 17.538958003819346 582.99363219738007
leaf_count=26 3545 4864 17 1963 5521 52 100
internal_value=0 0.0040821 -0.00504321 -0.00107279 -0.00626053 0.0225847 0.0205995
internal_weight=5336.17 2945.91 2390.26 2243.08 2290.99 99.2746 702.829
internal_count=16088 6953 9135 6827 9066 69 126
is_linear=0
shrinkage=0.0207867


Tree=33
num_leaves=8
num_cat=0
split_feature=0 0 22 1 19 22 5
split_gain=279.391 288.775 339.811 237.108 176.885 165.594 88.5249
threshold=1131482.2500000002 926242.65625000012 0.021699126809835437 3.1424999178852893e-05 -0.045082436874508851 0.043003143742680557 28.202507019042972
decision_type=2 2 2 2 2 2 2
left_child=1 2 -1 -3 6 -6 -2
right_child=4 3 -4 -5 5 -7 -8
leaf_value=-0.019383717650027839 -0.00068682295256157337 -0.011415360673506189 0.02619704947997769 0.007406981396537545 0.0063702610598060858 -0.0057813787405393653 0.014431341136546238
leaf_weight=99.71965977661705 203.933568505518 1705.706617964217 236.14671623298079 345.11341285705566 1020.8454446128958 921.02612278972811 806.48519890408716
leaf_count=2154 478 569 3997 63 4026 2755 2046
internal_value=0 -0.00528578 0.0125268 -0.00822545 0.00427829 0.000583024 0.0113344
internal_weight=5338.98 2386.69 335.866 2050.82 2952.29 1941.87 1010.42
internal_count=16088 6783 6151 632 9305 6781 2524
is_linear=0
shrinkage=0.0207867


Tree=34
num_leaves=8
num_cat=0
split_feature=13 7 0 1 6 6 0
split_gain=222.922 206.067 233.666 146.878 126.912 101.3 97.7172
threshold=53.698999404907234 57.047813415527351 903717.00000000012 6.6839998908108114e-05 0.001921449904330075 -0.0010376136051490901 985596.00000000012
decision_type=2 2 2 2 2 2 2
left_child=3 2 -2 6 -3 -5 -1
right_child=1 4 -4 5 -6 -7 -8
leaf_value=-0.015934647089806221 -0.016077717880936163 -0.0037048696245064075 0.014634375149728559 0.027131616063807269 0.021873340118100687 0.0015363470025737379 -0.0036195891896176635
leaf_weight=316.50128650665283 118.46103084087395 960.29902605043912 1001.3475915193558 101.07590397074819 91.585970274434658 209.77630984922871 2540.0632312741945
leaf_count=32 14 7558 364 268 1136 483 6233
internal_value=0 0.00513375 0.0113443 -0.00351283 -0.001434 0.0100071 -0.00500021
internal_weight=5339.11 2171.69 1119.81 3167.42 1051.88 310.852 2856.56
internal_count=16088 9072 378 7016 8694 751 6265
is_linear=0
shrinkage=0.0207867


Tree=35
num_leaves=8
num_cat=0
split_feature=8 8 2 10 14 22 22
split_gain=243.773 561.203 178.126 152.056 129.514 79.9457 24.4349
threshold=52.972873687744148 31.808805942535404 48.000000000000007 6.4308347702026376 37.363399505615241 0.02355486806482077 0.023760523647069934
decision_type=2 2 2 2 2 2 2
left_child=1 3 4 -1 -2 -3 -4
right_child=2 5 6 -5 -6 -7 -8
leaf_value=0.0074837257294711954 -0.011688551292916669 0.004225565433518208 0.0037512114446681582 -0.0045074680389700491 -0.0016763718844558077 0.02333956368862862 0.028708333352437432
leaf_weight=637.32042548101163 1016.7553519894743 120.03768658638 28.118208306865199 1605.6304833292961 1266.0939258047367 585.93274486064911 71.642658783566731
leaf_count=4864 3655 26 52 1963 5411 100 17
internal_value=0 0.00398822 -0.00495193 -0.0010797 -0.00615587 0.0201549 0.0221361
internal_weight=5331.53 2948.92 2382.61 2242.95 2282.85 705.97 99.7609
internal_count=16088 6953 9135 6827 9066 126 69
is_linear=0
shrinkage=0.0207867


Tree=36
num_leaves=8
num_cat=0
split_feature=0 0 22 24 19 22 9
split_gain=268.718 279.393 328.606 196.139 170.317 160.48 86.364
threshold=1131482.2500000002 926242.65625000012 0.021699126809835437 0.0037350775673985486 -0.045082436874508851 0.044335903599858291 65.109558105468764
decision_type=2 2 2 2 2 2 2
left_child=1 2 -1 -3 6 -6 -2
right_child=4 3 -4 -5 5 -7 -8
leaf_value=-0.019266913162175978 0.012273990559556509 -0.0028353549510539296 0.025626463136233974 -0.01606525504673352 0.0060827786217239506 -0.0059021369934997665 -0.020397820711149688
leaf_weight=98.989936012736962 978.95278783757362 1230.9740216867215 237.68579153653832 809.79331039575845 1050.7655806884343 891.78359895484664 35.221968294226826
leaf_count=2154 1865 346 3997 286 4126 2655 659
internal_value=0 -0.00519973 0.0122899 -0.00810767 0.00418682 0.000557027 0.0110939
internal_weight=5334.17 2377.44 336.676 2040.77 2956.72 1942.55 1014.17
internal_count=16088 6783 6151 632 9305 6781 2524
is_linear=0
shrinkage=0.0207867


Tree=37
num_leaves=8
num_cat=0
split_feature=8 2 2 19 21 2 22
split_gain=171.195 147.938 183.378 93.2121 114.516 111.511 83.3964
threshold=53.751874923706062 44.500000000000007 33.500000000000007 -0.0083185266703367216 0.7920229732990266 28.500000000000004 0.021898910403251651
decision_type=2 2 2 2 2 2 2
left_child=3 2 -2 5 -5 -1 -3
right_child=1 6 -4 4 -6 -7 -8
leaf_value=-0.0066193101634449587 0.0046460252994347546 0.037281638114694676 0.031525102974421348 0.010234668283560044 -0.005559983291303478 0.0097938336581060628 -0.014774244758455072
leaf_weight=2133.4313576752902 1868.87932566065 13.739120975952828 117.40716202670478 432.68956276227254 362.4424310993636 193.08582695527002 212.82606085928316
leaf_count=3799 8460 135 312 1663 996 558 165
internal_value=0 0.00442782 0.00625802 -0.00313022 0.00297707 -0.00523731 -0.0114141
internal_weight=5334.5 2212.85 1986.29 3121.65 795.132 2326.52 226.565
internal_count=16088 9072 8772 7016 2659 4357 300
is_linear=0
shrinkage=0.0207867


Tree=38
num_leaves=8
num_cat=0
split_feature=8 0 2 10 15 4 22
split_gain=235.321 535.725 172.543 146.662 126.934 82.3962 76.7206
threshold=52.972873687744148 1285289.0625000002 48.000000000000007 6.4308347702026376 0.0053742828313261279 -0.0041357073932886115 0.02355486806482077
decision_type=2 2 2 2 2 2 2
left_child=1 6 4 -3 -2 -4 -1
right_child=2 3 5 -5 -6 -7 -8
leaf_value=0.0040656656999740982 -0.012354614587841402 0.0073420983509514459 0.030587426741715856 -0.0044280698153892585 -0.0021873711874640274 -0.017637151603230601 0.022769652529892194
leaf_weight=120.35134720802307 864.15308674203129 638.89002810820239 82.748709228017844 1601.7674459666014 1411.2963118313808 17.49097875223714 588.92021799087524
leaf_count=26 3545 4864 17 1963 5521 52 100
internal_value=0 0.00391296 -0.00487725 -0.00105141 -0.00606887 0.0217128 0.0196609
internal_weight=5325.62 2949.93 2375.69 2240.66 2275.45 100.24 709.272
internal_count=16088 6953 9135 6827 9066 69 126
is_linear=0
shrinkage=0.0207867


Tree=39
num_leaves=7
num_cat=0
split_feature=20 22 7 10 15 10
split_gain=206.995 160.125 256.052 213.434 66.6673 51.5418
threshold=-0.017554643563926216 0.047824215143918998 58.937025070190437 8.8943371772766131 0.028965036384761337 9.0233740806579608
decision_type=2 2 2 2 2 2
left_child=4 2 -2 -3 5 -1
right_child=1 3 -4 -5 -6 -7
leaf_value=-0.010632156553392743 0.00010675255815900752 0.0018878980448327008 0.021214124735102882 -0.012902983087380903 -0.01650635088312561 0.02869544236368108
leaf_weight=14.020463424154284 3184.0707410565792 778.80057559610611 269.76542135758336 906.9165980073991 16.889783618050387 159.29536355594269
leaf_count=114 4410 2272 5945 3077 46 224
internal_value=0 -0.000784233 0.00176871 -0.00604226 0.021298 0.0252481
internal_weight=5329.76 5139.55 3453.84 1685.72 190.206 173.316
internal_count=16088 15704 10355 5349 384 338
is_linear=0
shrinkage=0.0207867


Tree=40
num_leaves=8
num_cat=0
split_feature=13 0 0 0 1 16 23
split_gain=205.566 186.238 259.394 141.879 152.664 20.0983 11.5723
threshold=53.698999404907234 903717.00000000012 1131482.2500000002 985596.00000000012 6.6839998908108114e-05 -0.0033454974181950088 -0.0086392853409051878
decision_type=2 2 2 2 2 2 2
left_child=3 6 -3 5 -5 -1 -2
right_child=1 2 -4 4 -6 -7 -8
leaf_value=-0.0025639803515181505 0.024122471020307564 0.011713818315569204 -0.0042682720864006037 -0.0034801398921410361 0.012518891905682807 -0.018218269178728881 -0.017512570329871899
leaf_weight=48.392003536224365 2.0146647542287885 1380.5730767064654 638.09751564601265 2529.1915962356725 286.11452075373381 290.14848685264542 156.51719203143168
leaf_count=8 266 570 2478 6233 749 26 5758
internal_value=0 0.00491902 0.00663908 -0.00338516 -0.00183781 -0.0161168 -0.0166927
internal_weight=5331.05 2177.2 2018.67 3153.85 2815.31 338.54 158.532
internal_count=16088 9072 3048 7016 6982 34 6024
is_linear=0
shrinkage=0.0207867


Tree=41
num_leaves=8
num_cat=0
split_feature=8 0 2 10 14 4 18
split_gain=227.451 512.499 166.335 141.761 126.776 78.6487 69.7754
threshold=52.972873687744148 1285289.0625000002 48.000000000000007 6.4308347702026376 37.363399505615241 -0.0041357073932886115 -0.039238359779119485
decision_type=2 2 2 2 2 2 2
left_child=1 6 4 -3 -2 -4 -1
right_child=2 3 5 -5 -6 -7 -8
leaf_value=-0.0092588324839426514 -0.011487333440836777 0.0072120398441737196 0.029820869002301128 -0.0043542282377231753 -0.0015479751597988383 -0.017439421251166164 0.020666274564904264
leaf_weight=33.237851977348328 1007.5586281097715 640.31294924230315 83.360282186662346 1598.2027730420232 1260.9918537463757 17.303004800651877 678.84091985225677
leaf_count=15 3655 4864 17 1963 5411 52 111
internal_value=-1.4522e-06 0.00384136 -0.00480671 -0.00102518 -0.00598278 0.0212394 0.0192047
internal_weight=5319.81 2950.59 2369.21 2238.52 2268.55 100.663 712.079
internal_count=16088 6953 9135 6827 9066 69 126
is_linear=0
shrinkage=0.0207867


Tree=42
num_leaves=8
num_cat=0
split_feature=0 0 22 1 19 22 23
split_gain=253.442 266.594 317.519 226.584 160.267 153.658 83.9498
threshold=1131482.2500000002 926242.65625000012 0.021699126809835437 3.1424999178852893e-05 -0.045082436874508851 0.043003143742680557 0.0071513967122882613
decision_type=2 2 2 2 2 2 2
left_child=1 2 -1 -3 6 -6 -2
right_child=4 3 -4 -5 5 -7 -8
leaf_value=-0.019186764563590378 0.0080185010179665284 -0.011097470183964103 0.024980882103579773 0.007323243347149096 0.0060737688094188048 -0.0056316016923614919 0.024387173094741879
leaf_weight=98.459378057826456 853.39109291768864 1680.799382490306 239.32204495118972 345.17698192596436 1026.2377762624333 916.75288467889823 166.14090781006053
leaf_count=2154 2158 569 3997 63 4026 2755 366
internal_value=0 -0.00507216 0.0119701 -0.00793628 0.00405434 0.000527152 0.0107311
internal_weight=5326.28 2363.76 337.781 2025.98 2962.52 1942.99 1019.53
internal_count=16088 6783 6151 632 9305 6781 2524
is_linear=0
shrinkage=0.0207867


Tree=43
num_leaves=8
num_cat=0
split_feature=8 1 2 2 1 22 22
split_gain=157.543 172.539 140.268 171.911 93.574 79.1297 74.7168
threshold=53.751874923706062 6.6839998908108114e-05 44.500000000000007 33.500000000000007 1.2035000054311242e-05 0.021898910403251651 0.059575306251645095
decision_type=2 2 2 2 2 2 2
left_child=1 4 3 -2 -1 -4 -3
right_child=2 6 5 -5 -6 -7 -8
leaf_value=-0.0022599684709571498 0.004441891942616483 0.007010502100521559 0.035621585024561697 0.030289812682837869 -0.010836874483354152 -0.014590780437171354 0.034842348790308612
leaf_weight=2061.8219903910644 1873.8579165437827 234.27228482346982 14.019943890935336 119.12680267845371 760.09147638548166 210.79567627897313 52.86405426915735
leaf_count=5558 8460 556 135 312 709 165 193
internal_value=0 -0.00301259 0.00423917 0.00601003 -0.00458652 -0.0112544 0.0122951
internal_weight=5326.85 3109.05 2217.8 1992.98 2821.91 224.816 287.136
internal_count=16088 7016 9072 8772 6267 300 749
is_linear=0
shrinkage=0.0207867


Tree=44
num_leaves=8
num_cat=0
split_feature=8 0 16 20 10 9 22
split_gain=218.266 492.817 145.292 241.024 138.003 86.5092 72.8484
threshold=52.972873687744148 1285289.0625000002 0.0019246226293034854 -0.005465650698170065 6.4308347702026376 52.939779281616218 0.02355486806482077
decision_type=2 2 2 2 2 2 2
left_child=1 6 3 -2 -3 -4 -1
right_child=2 4 5 -5 -6 -7 -8
leaf_value=0.0036400680466483503 -0.012736030928453733 0.0070920144071011677 0.034420016220998918 0.0041018448758324503 -0.0043133367290311298 -0.013901338610973464 0.021805001720407377
leaf_weight=121.18589687347412 544.68231548251151 641.6369951624074 15.868045330047606 1123.9012482178121 1596.1709150373936 677.24603257601689 593.41621458530426
leaf_count=26 2428 4864 2 4018 1963 2687 100
internal_value=-2.06024e-06 0.00375704 -0.00472092 -0.00136699 -0.00102253 -0.0127286 0.018789
internal_weight=5314.11 2952.41 2361.7 1668.58 2237.81 693.114 714.602
internal_count=16088 6953 9135 6446 6827 2689 126
is_linear=0
shrinkage=0.0207867


Tree=45
num_leaves=8
num_cat=0
split_feature=0 0 22 1 19 22 14
split_gain=244.122 257.781 306.155 220.366 154.772 145.51 90.983
threshold=1131482.2500000002 926242.65625000012 0.021699126809835437 3.1424999178852893e-05 -0.042817313224077218 0.044335903599858291 14.246023178100588
decision_type=2 2 2 2 2 2 2
left_child=1 2 -1 -3 6 -6 -2
right_child=4 3 -4 -5 5 -7 -8
leaf_value=-0.019051575960522593 -0.0061585435371081104 -0.010962151576746971 0.02441512302421292 0.0071966551295979796 0.0056720176744826959 -0.0058964870666822749 0.012488839621689073
leaf_weight=97.584292750465039 124.84284033468543 1670.3568669939443 240.76522374847556 345.91876673698425 1029.2234240218429 863.42755727426811 948.7667767235871
leaf_count=2154 334 569 3997 63 4033 2587 2351
internal_value=0 -0.00499272 0.0117425 -0.00782391 0.00397154 0.000370111 0.0102775
internal_weight=5320.89 2354.63 338.35 2016.28 2966.26 1892.65 1073.61
internal_count=16088 6783 6151 632 9305 6620 2685
is_linear=0
shrinkage=0.0207867


Tree=46
num_leaves=8
num_cat=0
split_feature=7 7 0 0 1 6 16
split_gain=191.208 186.712 213.052 136.005 139.509 121.451 34.8247
threshold=53.620744705200202 57.047813415527351 903717.00000000012 1000338.0312500001 6.6839998908108114e-05 0.0027624642243608837 -0.009253659285604952
decision_type=2 2 2 2 2 2 2
left_child=3 2 -2 6 -5 -3 -1
right_child=1 5 -4 4 -6 -7 -8
leaf_value=0.040608191074388622 -0.015840032571089131 -0.0030110795343816273 0.013657750300870675 -0.0031923154048013776 0.012091592435258 0.033290779018840581 -0.014952223143578891
leaf_weight=4.4949021339416495 116.67773604393005 1011.0468261061278 1017.5065648555756 2424.7847888102988 288.01072993082926 41.335337722631266 418.82550609111786
leaf_count=2 14 8045 364 6217 749 649 48
internal_value=0 0.00472628 0.0105826 -0.00328174 -0.00155267 -0.00154142 -0.0142534
internal_weight=5322.68 2186.57 1134.18 3136.12 2712.8 1052.38 423.32
internal_count=16088 9072 378 7016 6966 8694 50
is_linear=0
shrinkage=0.0207867


Tree=47
num_leaves=8
num_cat=0
split_feature=8 0 2 9 15 4 22
split_gain=210.686 471.929 160.516 131.18 125.775 74.9759 70.1162
threshold=52.972873687744148 1285289.0625000002 48.000000000000007 6.3591961860656747 0.0053742828313261279 -0.0041357073932886115 0.02355486806482077
decision_type=2 2 2 2 2 2 2
left_child=1 6 4 -3 -2 -4 -1
right_child=2 3 5 -5 -6 -7 -8
leaf_value=0.003509740420396909 -0.012109256182488815 0.0070382944524133313 0.029196934463078091 -0.0041614817560531219 -0.0019386097066679193 -0.017184913570088382 0.021318275803958772
leaf_weight=121.42588710784867 854.31417246847718 626.94656438427046 83.819604876546634 1608.7181657329202 1399.9109406441614 17.028564322409295 595.41066861152649
leaf_count=26 3545 4864 17 1963 5521 52 100
internal_value=-3.95105e-06 0.00368616 -0.00464972 -0.00100012 -0.00581356 0.0209081 0.018366
internal_weight=5307.57 2952.5 2355.07 2235.66 2254.23 100.848 716.837
internal_count=16088 6953 9135 6827 9066 69 126
is_linear=0
shrinkage=0.0207867


Tree=48
num_leaves=8
num_cat=0
split_feature=0 0 22 24 2 22 2
split_gain=235.852 247.974 297.029 187.876 148.119 177.314 139.082
threshold=1131482.2500000002 926242.65625000012 0.021699126809835437 0.0037350775673985486 12.500000000000002 0.047824215143918998 11.500000000000002
decision_type=2 2 2 2 2 2 2
left_child=1 2 -1 -3 6 -6 -2
right_child=4 3 -4 -5 5 -7 -8
leaf_value=-0.018985179313638488 0.00044171507145144396 -0.0025540975660651678 0.023869269199346475 -0.015636531854898283 0.0061519293033535094 -0.0059601879754280634 0.018013205550204602
leaf_weight=97.110853072143044 321.64230077271168 1218.4647375939369 242.04461975316715 787.81799283168948 1223.2822318428098 909.42536262562135 515.11764689772644
leaf_count=2154 2070 346 3997 286 3844 2297 1094
internal_value=0 -0.00492153 0.0114628 -0.00771422 0.00389709 0.000965489 0.011314
internal_weight=5314.91 2345.44 339.155 2006.28 2969.47 2132.71 836.76
internal_count=16088 6783 6151 632 9305 6141 3164
is_linear=0
shrinkage=0.0207867


Tree=49
num_leaves=8
num_cat=0
split_feature=7 7 0 0 1 6 16
split_gain=183.054 178.365 205.305 133.355 134.827 117.465 33.9048
threshold=53.620744705200202 57.047813415527351 903717.00000000012 1000338.0312500001 6.6839998908108114e-05 0.0027624642243608837 -0.009253659285604952
decision_type=2 2 2 2 2 2 2
left_child=3 2 -2 6 -5 -3 -1
right_child=1 5 -4 4 -6 -7 -8
leaf_value=0.039546818221476807 -0.015721323957251083 -0.0029667232020741084 0.013328850431171995 -0.0031254189390451277 0.011879794334724525 0.032633441486239888 -0.014826497518879251
leaf_weight=4.5625393390655509 115.77210998535156 1009.4711506034191 1021.4452723264694 2419.7415976386983 288.94018746027723 41.580428466300873 415.59180510044098
leaf_count=2 14 8045 364 6217 749 649 48
internal_value=0 0.00462036 0.0103309 -0.00321698 -0.00150777 -0.0015145 -0.0141263
internal_weight=5317.11 2188.27 1137.22 3128.84 2708.68 1051.05 420.154
internal_count=16088 9072 378 7016 6966 8694 50
is_linear=0
shrinkage=0.0207867


Tree=50
num_leaves=8
num_cat=0
split_feature=8 0 2 10 14 22 22
split_gain=203.593 451.205 155.601 129.033 123.487 67.4795 19.3687
threshold=52.972873687744148 1285289.0625000002 48.000000000000007 6.4308347702026376 37.363399505615241 0.02355486806482077 0.023760523647069934
decision_type=2 2 2 2 2 2 2
left_child=1 5 4 -3 -2 -1 -4
right_child=2 3 6 -5 -6 -7 -8
leaf_value=0.0033787433437709124 -0.011208911539275791 0.0068491033176422411 0.0037630701361397526 -0.0041707254356302516 -0.0013500231112872055 0.020837814028086286 0.026291475166016039
leaf_weight=121.66305804252625 994.31940460791657 644.18110909988172 27.849218621061027 1589.0779104754329 1252.9627448849119 597.15734779834747 73.27356234019453
leaf_count=26 3655 4864 52 1963 5411 100 17
internal_value=-5.32814e-06 0.00361951 -0.00458158 -0.000971429 -0.00573264 0.0179469 0.020543
internal_weight=5300.48 2952.08 2348.4 2233.26 2247.28 718.82 101.123
internal_count=16088 6953 9135 6827 9066 126 69
is_linear=0
shrinkage=0.0207867


Tree=51
num_leaves=8
num_cat=0
split_feature=20 22 7 10 19 4 4
split_gain=193.473 147.271 239.596 202.363 67.3474 27.3027 14.7441
threshold=-0.017554643563926216 0.047824215143918998 58.937025070190437 8.8943371772766131 -0.1351557523012161 -0.018177905119955536 0.0057512095663696536
decision_type=2 2 2 2 2 2 2
left_child=4 2 -2 -3 6 -6 -1
right_child=1 3 -4 -5 5 -7 -8
leaf_value=-0.015780866402826797 6.1779297110202644e-05 0.0018585141148456219 0.020394774630890056 -0.012606171553966957 0 0.028490711064436791 0.021512912425450476
leaf_weight=23.565505890132304 3176.1423530664192 777.86008984071543 272.27870844645759 891.15938586655136 15.690980696339123 147.57123518060018 4.8306061435391419
leaf_count=83 4410 2272 5945 3077 39 189 73
internal_value=0 -0.000762272 0.00168059 -0.00583717 0.02051 0.0257186 -0.00781341
internal_weight=5309.1 5117.44 3448.42 1669.02 191.658 163.262 28.3961
internal_count=16088 15704 10355 5349 384 228 156
is_linear=0
shrinkage=0.0207867


Tree=52
num_leaves=8
num_cat=0
split_feature=13 7 15 6 6 18 22
split_gain=176.091 172.871 137.235 114.409 87.3873 175.273 68.5763
threshold=53.698999404907234 57.047813415527351 0.0029753256822004919 0.001921449904330075 -0.00097504316363483657 -0.0045652789995074263 0.075519312173128142
decision_type=2 2 2 2 2 2 2
left_child=4 2 -2 -3 5 -1 -6
right_child=1 3 -4 -5 6 -7 -8
leaf_value=-0.0017067873043000305 -0.014775732598785611 -0.0036815448698133153 0.012269714660527268 0.020427401325595642 -0.00628800475457839 0.02503108938263883 0.0041784678078186487
leaf_weight=538.35950842528837 86.35800766944908 957.04171900622839 1047.8983367681503 93.054642144544573 2153.6983954197494 131.18537899485091 303.86072280292865
leaf_count=1278 12 7558 366 1136 4340 708 690
internal_value=9.12072e-07 0.00453809 0.0101699 -0.00150123 -0.00315367 0.00346318 -0.00497514
internal_weight=5311.46 2184.35 1134.26 1050.1 3127.1 669.545 2457.56
internal_count=16088 9072 378 8694 7016 1986 5030
is_linear=0
shrinkage=0.0207867


Tree=53
num_leaves=8
num_cat=0
split_feature=8 0 2 10 23 4 18
split_gain=197.02 431.457 150.641 125.18 124.565 71.6889 67.2589
threshold=52.972873687744148 1285289.0625000002 48.000000000000007 6.4308347702026376 -0.00017255141574423757 -0.0041357073932886115 -0.039238359779119485
decision_type=2 2 2 2 2 2 2
left_child=1 6 4 -3 -2 -4 -1
right_child=2 3 5 -5 -6 -7 -8
leaf_value=-0.010267753653777544 -0.00056129875548845956 0.0067521083382190705 0.028200853570697734 -0.0040994341414320578 -0.010415933672465136 -0.017157538894739748 0.018975790417700113
leaf_weight=33.660665392875671 1086.8919086536341 645.18782321031904 84.494309231226794 1585.5313027054071 1153.4189338845661 16.985698336909195 686.81528842449143
leaf_count=15 4245 4864 17 1963 4821 52 111
internal_value=-6.58984e-06 0.00355712 -0.00451736 -0.000940195 -0.00565551 0.0201546 0.0175456
internal_weight=5292.99 2951.2 2341.79 2230.72 2240.31 101.48 720.476
internal_count=16088 6953 9135 6827 9066 69 126
is_linear=0
shrinkage=0.0207867


Tree=54
num_leaves=8
num_cat=0
split_feature=0 0 22 1 2 22 2
split_gain=222.088 238.734 289.061 210.141 142.828 169.043 133.112
threshold=1131482.2500000002 926242.65625000012 0.021699126809835437 3.1424999178852893e-05 12.500000000000002 0.047824215143918998 11.500000000000002
decision_type=2 2 2 2 2 2 2
left_child=1 2 -1 -3 6 -6 -2
right_child=4 3 -4 -5 5 -7 -8
leaf_value=-0.018908171415197104 0.00039293912267048323 -0.010664858468169142 0.023436319632625276 0.0070873877063753095 0.0059391608287125202 -0.0058876995259508815 0.017562469974847075
leaf_weight=96.515732308438402 321.90650916309824 1645.5141438527198 242.94985529747029 346.02897906303406 1227.2487355856156 907.13818923215058 518.11715791691131
leaf_count=2154 2070 569 3997 63 3844 2297 1094
internal_value=0 -0.00479695 0.0112613 -0.00755728 0.00377213 0.000891018 0.0110378
internal_weight=5305.42 2331.01 339.466 1991.54 2974.41 2134.39 840.024
internal_count=16088 6783 6151 632 9305 6141 3164
is_linear=0
shrinkage=0.0207867


Tree=55
num_leaves=8
num_cat=0
split_feature=13 0 0 0 1 17 16
split_gain=169.764 167.554 230.84 131.544 132.435 30.038 10.2466
threshold=53.698999404907234 903717.00000000012 1131482.2500000002 985596.00000000012 6.6839998908108114e-05 -0.0088245072402060015 0.017309537157416347
decision_type=2 2 2 2 2 2 2
left_child=3 6 -3 5 -5 -1 -2
right_child=1 2 -4 4 -6 -7 -8
leaf_value=0.0011866240774467964 -0.017127238009702232 0.01080300867563635 -0.0042594552433833895 -0.003178078393347411 0.011643390653106166 -0.017828484011983763 0.020144460379163412
leaf_weight=35.831476211547852 152.61531480026167 1394.2225756646121 636.85504266452881 2504.7440523268306 289.87211845256388 290.75281429290817 2.12346177131269
leaf_count=7 5945 570 2478 6233 749 27 79
internal_value=1.05616e-06 0.00445232 0.0060574 -0.00310145 -0.00162423 -0.0156011 -0.0163179
internal_weight=5307.02 2185.82 2031.08 3121.2 2794.62 326.584 154.739
internal_count=16088 9072 3048 7016 6982 34 6024
is_linear=0
shrinkage=0.0207867


Tree=56
num_leaves=8
num_cat=0
split_feature=8 0 16 14 10 23 22
split_gain=189.011 416.774 140.985 187.202 122.006 81.3772 65.053
threshold=52.972873687744148 1285289.0625000002 0.0019246226293034854 37.363399505615241 6.4308347702026376 0.020568490028381351 0.02355486806482077
decision_type=2 2 2 2 2 2 2
left_child=1 6 3 -2 -3 -4 -1
right_child=2 4 5 -5 -6 -7 -8
leaf_value=0.0029544499367593056 -0.0069164326995104844 0.0066375491876072687 -0.013502892832614331 0.0073284123890191314 -0.0040695160421207856 0.035647843903926578 0.020043931520117204
leaf_weight=122.43160247802734 984.0330367269994 646.42054047307465 667.29011929287151 668.60400043126629 1583.9964132532477 14.384122071903333 599.45727968215942
leaf_count=26 3445 4864 2656 3001 1963 33 100
internal_value=-8.27545e-06 0.00347791 -0.00443715 -0.00112553 -0.000945723 -0.0123981 0.0172094
internal_weight=5286.62 2952.31 2334.31 1652.64 2230.42 681.674 721.889
internal_count=16088 6953 9135 6446 6827 2689 126
is_linear=0
shrinkage=0.0207867


Tree=57
num_leaves=8
num_cat=0
split_feature=20 22 5 19 19 4 4
split_gain=185.022 142.475 159.653 64.8045 39.3711 25.9386 14.25
threshold=-0.017554643563926216 0.074030339717865004 79.299655914306655 -0.1351557523012161 0.083777293562889113 -0.018177905119955536 0.0057512095663696536
decision_type=2 2 2 2 2 2 2
left_child=3 2 -2 6 -3 -5 -1
right_child=1 4 -4 5 -6 -7 -8
leaf_value=-0.015727481782706915 -0.00018349900479097637 -0.013453201956058151 0.027388954333143627 0 0.0069000009904733439 0.027761038442936339 0.020730618565491282
leaf_weight=23.437750771974965 4535.8534435047604 435.54035651259414 92.545928668243505 15.680741726442987 42.212816722553043 148.65305024377375 4.8713467243033355
leaf_count=83 13765 1587 179 39 173 189 73
internal_value=0 -0.000748046 0.00035786 0.020004 -0.0115584 0.0250786 -0.00782567
internal_weight=5298.8 5106.15 4628.4 192.643 477.753 164.334 28.3091
internal_count=16088 15704 13944 384 1760 228 156
is_linear=0
shrinkage=0.0207867


Tree=58
num_leaves=8
num_cat=0
split_feature=7 7 19 6 6 19 22
split_gain=162.186 162.516 141.43 110.261 102.16 180.387 71.6373
threshold=53.620744705200202 57.047813415527351 -0.011846006382256745 0.0027624642243608837 -9.2195969045860679e-05 -0.023103556595742699 0.072743475437164321
decision_type=2 2 2 2 2 2 2
left_child=4 2 -2 -3 5 -1 -6
right_child=1 3 -4 -5 6 -7 -8
leaf_value=-0.0034943063372459772 0.018350421556932041 -0.0029452639125230298 0.0034365848073622885 0.031385478787972085 -0.0076786833582098953 0.014342442155935853 0.0033196088529270202
leaf_weight=820.23894876881968 482.18236815929413 1007.5929646462721 660.91465175151825 41.980421293325207 1643.3703104125448 348.2607607213431 296.7099800510332
leaf_count=1681 182 8045 196 649 3149 1485 701
internal_value=1.9552e-06 0.00433972 0.00976788 -0.0015282 -0.00304291 0.00178233 -0.00597288
internal_weight=5301.25 2192.67 1143.1 1049.57 3108.58 1168.5 1940.08
internal_count=16088 9072 378 8694 7016 3166 3850
is_linear=0
shrinkage=0.0207867


Tree=59
num_leaves=8
num_cat=0
split_feature=8 7 2 21 10 22 18
split_gain=182.612 398.625 148.311 147.282 118.367 115.811 64.8804
threshold=52.972873687744148 31.356072902679447 46.500000000000007 0.47407560050487524 6.4308347702026376 0.014892991166561844 -0.039238359779119485
decision_type=2 2 2 2 2 2 2
left_child=1 4 5 -4 -1 -2 -3
right_child=2 6 3 -5 -6 -7 -8
leaf_value=0.0065434936519218273 0.0059336920666459665 -0.010465274122324801 0.026909433916299994 -0.018784925938906582 -0.0040005182656606469 -0.0077597053507718261 0.018232725871062023
leaf_weight=647.37443598022219 307.60242000383005 33.724727630615234 117.5346980872005 39.937380156563876 1580.5295017883182 1863.1095511817193 689.34979856014252
leaf_count=4864 1531 15 168 58 1963 7378 111
internal_value=-8.40243e-06 0.00341678 -0.00436963 0.0150279 -0.000915997 -0.00579804 0.0168305
internal_weight=5279.16 2950.98 2328.18 157.472 2227.9 2170.71 723.075
internal_count=16088 6953 9135 226 6827 8909 126
is_linear=0
shrinkage=0.0207867


Tree=60
num_leaves=8
num_cat=0
split_feature=20 22 7 10 19 4 4
split_gain=178.81 138.989 227.346 195.65 62.6831 25.1054 13.9313
threshold=-0.017554643563926216 0.047824215143918998 58.937025070190437 8.8943371772766131 -0.1351557523012161 -0.018177905119955536 0.0057512095663696536
decision_type=2 2 2 2 2 2 2
left_child=4 2 -2 -3 6 -6 -1
right_child=1 3 -4 -5 5 -7 -8
leaf_value=-0.015631675852618796 4.8392765128482646e-05 0.0018628028384467931 0.01979735703245596 -0.012402833305138253 0 0.027214276744214373 0.020319746775969417
leaf_weight=23.356514025584293 3170.4698961401577 777.04623266984709 274.05447478667065 880.70392693368058 15.70032357873083 149.49366268396685 4.8916023766814183
leaf_count=83 4410 2272 5945 3077 39 189 73
internal_value=0 -0.000736628 0.00163305 -0.00568822 0.0196237 0.0245878 -0.0077744
internal_weight=5295.72 5102.27 3444.52 1657.75 193.442 165.194 28.2481
internal_count=16088 15704 10355 5349 384 228 156
is_linear=0
shrinkage=0.0207867


Tree=61
num_leaves=8
num_cat=0
split_feature=13 0 0 0 24 17 3
split_gain=156.858 160.641 219.34 127.481 53.6297 29.8613 11.6016
threshold=53.698999404907234 903717.00000000012 1131482.2500000002 985596.00000000012 0.019062212668359283 -0.0088245072402060015 0.017798535525798801
decision_type=2 2 2 2 2 2 2
left_child=3 6 -3 5 -5 -1 -2
right_child=1 2 -4 4 -6 -7 -8
leaf_value=0.0013932329989987189 -0.017017430692279324 0.01044557649475784 -0.0042341605612538184 -0.0018559693939574082 0.026162601233549822 -0.017646628819362697 0.025680730462614459
leaf_weight=35.597937107086182 151.24772134848519 1399.4857950694859 636.03643815336363 2756.6618617894128 29.651349764084443 286.0741183757782 1.9489893053170693
leaf_count=7 5874 570 2478 6880 102 27 150
internal_value=3.07646e-06 0.0042744 0.00583598 -0.00299007 -0.00154126 -0.0153963 -0.0161733
internal_weight=5296.7 2188.72 2035.52 3107.99 2786.31 321.672 153.197
internal_count=16088 9072 3048 7016 6982 34 6024
is_linear=0
shrinkage=0.0207867


Tree=62
num_leaves=8
num_cat=0
split_feature=2 6 15 9 6 19 19
split_gain=168.86 148.543 149.637 109.804 13.365 7.00517 6.64181
threshold=5.5000000000000009 0.0037885759957134728 0.0027714438037946825 52.939779281616218 -0.0037454185076057907 -0.068556033074855791 -0.03369010612368583
decision_type=2 2 2 2 2 2 2
left_child=4 2 -2 -3 5 -1 -6
right_child=1 3 -4 -5 6 -7 -8
leaf_value=0.026826345349104205 0.019352249643037625 0.016639332542083177 -0.0021726144986867093 -0.020043706821030172 0.030048518614927969 -0.013996702764216808 0.0085745129867599162
leaf_weight=2.750945249452343 143.52680305195008 312.73383340775013 4668.330880228451 38.650294904363591 87.490561421029497 5.3449049137274169 13.508748898675888
leaf_count=13 448 510 14585 356 82 35 59
internal_value=-1.02177e-05 -0.000559694 -0.001521 0.0124732 0.0255728 0 0.0276327
internal_weight=5272.34 5163.24 4811.86 351.384 109.095 8.09585 100.999
internal_count=16088 15899 15033 866 189 48 141
is_linear=0
shrinkage=0.0207867


Tree=63
num_leaves=8
num_cat=0
split_feature=0 0 11 1 19 7 14
split_gain=206.521 227.456 225.798 200.872 138.238 88.3329 84.885
threshold=1131482.2500000002 926242.65625000012 56.611339569091804 3.1424999178852893e-05 -0.042817313224077218 67.396633148193374 14.246023178100588
decision_type=2 2 2 2 2 2 2
left_child=1 2 -1 -3 6 -6 -2
right_child=4 3 -4 -5 5 -7 -8
leaf_value=-0.0081086924192844342 -0.0063251965422345922 -0.010444764277895318 0.025921633872014949 0.006915853957461077 -0.00073282786319047995 0.020945379134582855 0.011666353931737691
leaf_weight=147.33272230625107 125.00651454557192 1626.6962694638639 192.01293825587049 346.5958833694458 1811.1678211375147 84.980964130230859 958.43960788919139
leaf_count=40 334 569 6111 63 5078 1542 2351
internal_value=0 -0.00465475 0.011011 -0.00737213 0.00362378 0.00021443 0.00954797
internal_weight=5292.23 2312.64 339.346 1973.29 2979.59 1896.15 1083.45
internal_count=16088 6783 6151 632 9305 6620 2685
is_linear=0
shrinkage=0.0207867


Tree=64
num_leaves=8
num_cat=0
split_feature=13 0 0 0 1 17 3
split_gain=152.271 156.193 211.017 125.452 125.754 29.4872 11.3655
threshold=53.698999404907234 903717.00000000012 1131482.2500000002 985596.00000000012 6.6839998908108114e-05 -0.0088245072402060015 0.017798535525798801
decision_type=2 2 2 2 2 2 2
left_child=3 6 -3 5 -5 -1 -2
right_child=1 2 -4 4 -6 -7 -8
leaf_value=0.0013561096554218777 -0.01688844133735962 0.01025202809229109 -0.0041529308103232347 -0.0030382334232421327 0.0113851992792873 -0.017555205096445387 0.025019307305972967
leaf_weight=35.637863874435425 149.96351313711517 1402.7746004674232 634.41114412731986 2493.2316848650808 290.91032180842012 283.85501956939697 1.9718263761373567
leaf_count=7 5874 570 2478 6233 749 27 150
internal_value=3.67627e-06 0.00421046 0.00574348 -0.00294869 -0.0015146 -0.0153015 -0.0160412
internal_weight=5292.76 2189.12 2037.19 3103.63 2784.14 319.493 151.935
internal_count=16088 9072 3048 7016 6982 34 6024
is_linear=0
shrinkage=0.0207867


Tree=65
num_leaves=8
num_cat=0
split_feature=8 7 2 21 9 22 22
split_gain=171.038 380.336 145.482 142.235 114.858 111.58 63.4676
threshold=52.972873687744148 31.356072902679447 46.500000000000007 0.47407560050487524 6.3591961860656747 0.014892991166561844 0.02355486806482077
decision_type=2 2 2 2 2 2 2
left_child=1 4 5 -4 -1 -2 -3
right_child=2 6 3 -5 -6 -7 -8
leaf_value=0.0065379736348542142 0.0058331513649064904 0.0023763792880394296 0.026560607509313678 -0.018550202510884045 -0.0039232033053681371 -0.0076059769287949702 0.019186783802359133
leaf_weight=631.9093893524846 307.96375518850846 123.3999936580658 117.90424352208285 39.37150557600151 1596.2108196169138 1851.3526392360841 600.98179113864899
leaf_count=4864 1531 26 168 58 1963 7378 100
internal_value=-9.88933e-06 0.00329869 -0.00424658 0.0149748 -0.000935658 -0.00566793 0.0163867
internal_weight=5269.09 2952.5 2316.59 157.276 2228.12 2159.32 724.382
internal_count=16088 6953 9135 226 6827 8909 126
is_linear=0
shrinkage=0.0207867


Tree=66
num_leaves=8
num_cat=0
split_feature=0 0 22 1 10 20 20
split_gain=197.97 219.257 270.887 194.838 131.011 115.882 108.52
threshold=1131482.2500000002 926242.65625000012 0.021699126809835437 3.1424999178852893e-05 6.6633131504058847 -0.0026565323350951071 -0.0026565323350951071
decision_type=2 2 2 2 2 2 2
left_child=1 2 -1 -3 5 -2 -6
right_child=4 3 -4 -5 6 -7 -8
leaf_value=-0.018713000278454035 -0.010495455423051012 -0.010303291674659333 0.022465770509459127 0.0067943955050070656 0.0099557476194699675 0.0033777614225844205 -0.00092177446085252117
leaf_weight=95.056123017149218 437.77131723845037 1615.4576723342859 244.35996926281024 347.07178735733032 1362.1995948136337 634.65469284961341 548.38046331683836
leaf_count=2154 2498 569 3997 63 2415 2686 1706
internal_value=0 -0.00457411 0.0107975 -0.00725609 0.0035398 -0.0022424 0.00680952
internal_weight=5284.95 2301.95 339.416 1962.53 2983.01 1072.43 1910.58
internal_count=16088 6783 6151 632 9305 5184 4121
is_linear=0
shrinkage=0.0207867


Tree=67
num_leaves=8
num_cat=0
split_feature=13 0 0 0 1 21 23
split_gain=146.019 150.369 202.056 122.669 121.522 29.2536 11.2179
threshold=53.698999404907234 903717.00000000012 1131482.2500000002 985596.00000000012 6.6839998908108114e-05 0.15855063498020175 -0.0086392853409051878
decision_type=2 2 2 2 2 2 2
left_child=3 6 -3 5 -5 -1 -2
right_child=1 2 -4 4 -6 -7 -8
leaf_value=0.0014283997977763585 0.024618989450204458 0.010015794232768299 -0.0040834107989574098 -0.0029808437696209212 0.011180206200702798 -0.017438520555764683 -0.01673204926866589
leaf_weight=35.557816267014005 1.997130095139936 1406.2808984937062 633.137071512082 2488.5243722971063 291.77607485791668 280.82173299789429 148.14622373104248
leaf_count=7 266 570 2478 6233 749 27 5758
internal_value=4.13057e-06 0.00412135 0.0056161 -0.00289214 -0.00147815 -0.0151724 -0.015875
internal_weight=5286.24 2189.56 2039.42 3096.68 2780.3 316.38 150.143
internal_count=16088 9072 3048 7016 6982 34 6024
is_linear=0
shrinkage=0.0207867


Tree=68
num_leaves=8
num_cat=0
split_feature=9 9 16 14 24 10 6
split_gain=138.21 326.788 188.833 146.887 111.966 111.843 86.3541
threshold=53.408203125000007 32.413128376007087 0.0019246226293034854 37.363399505615241 0.0020814426243305211 6.4308347702026376 -1.0980540082528021e-05
decision_type=2 2 2 2 2 2 2
left_child=1 5 3 -2 -3 -1 -4
right_child=2 4 6 -5 -6 -7 -8
leaf_value=0.0063166406534855115 -0.0051067635606742061 0 0.0024344531751857531 0.0074762108489082307 0.019802217442972586 -0.003923301018489019 -0.016871346717198935
leaf_weight=649.65733730286638 1008.789735587884 163.73597478866577 118.2783766773731 665.01516603939399 545.20857882499695 1576.4460170418024 533.4390196993337
leaf_count=4864 3451 37 387 3000 89 1963 2297
internal_value=-9.83389e-06 0.00298047 -0.00380373 -7.99161e-05 0.0152749 -0.000914211 -0.0132969
internal_weight=5260.57 2935.05 2325.52 1673.8 708.945 2226.1 651.717
internal_count=16088 6953 9135 6451 126 6827 2684
is_linear=0
shrinkage=0.0207867


Tree=69
num_leaves=8
num_cat=0
split_feature=0 21 0 19 9 12 6
split_gain=190.216 212.459 203.687 130.315 84.0848 72.471 21.6513
threshold=1131482.2500000002 0.22452149540185931 926242.65625000012 -0.042817313224077218 65.109558105468764 6.1672275066375741 0.00016701680578989911
decision_type=2 2 2 2 2 2 2
left_child=1 6 -3 4 -2 -5 -1
right_child=3 2 -4 5 -6 -7 -8
leaf_value=-0.01774607970782377 0.010321873406363626 0.014607237320626108 -0.0042154106877567796 -0.0072898459674789725 -0.020860003856708061 0.002382649677735626 -0.0047520292830813436
leaf_weight=457.74444076633444 1050.5454590323359 298.94970070111617 1460.3363596678271 433.61377367086175 37.805838132026111 1464.2256155525747 74.572534134986938
leaf_count=1718 2003 4393 475 3630 682 2990 197
internal_value=0 -0.00450022 -0.00099074 0.00346148 0.00919636 0.000148414 -0.0160123
internal_weight=5277.79 2291.6 1759.29 2986.19 1088.35 1897.84 532.317
internal_count=16088 6783 4868 9305 2685 6620 1915
is_linear=0
shrinkage=0.0207867


Tree=70
num_leaves=8
num_cat=0
split_feature=7 7 0 0 1 6 21
split_gain=140.526 148.699 168.577 120.946 114.401 106.809 33.2806
threshold=53.620744705200202 57.047813415527351 903717.00000000012 1000338.0312500001 6.6839998908108114e-05 0.001921449904330075 -0.11209278553724288
decision_type=2 2 2 2 2 2 2
left_child=3 2 -2 6 -5 -3 -1
right_child=1 5 -4 4 -6 -7 -8
leaf_value=0.039849443759267446 -0.015001692998858535 -0.0037049239283393279 0.011843077120757828 -0.002751083887988759 0.011004799656896231 0.019507432101389402 -0.014219987083754647
leaf_weight=4.5428407192230216 110.55461239814758 954.76091088080727 1036.0183501243591 2390.6197177636786 292.51349432626739 93.761826240626874 397.22344493865967
leaf_count=2 14 7558 364 6217 749 1136 48
internal_value=5.97655e-06 0.0040348 0.00921446 -0.00284584 -0.00123425 -0.00158525 -0.0134939
internal_weight=5280 2195.1 1146.57 3084.9 2683.13 1048.52 401.766
internal_count=16088 9072 378 7016 6966 8694 50
is_linear=0
shrinkage=0.0207867


Tree=71
num_leaves=8
num_cat=0
split_feature=8 7 2 21 23 12 18
split_gain=159.29 350.656 142.891 137.953 128.299 107.762 60.0336
threshold=52.972873687744148 31.356072902679447 46.500000000000007 0.47407560050487524 -0.00017255141574423757 6.1672275066375741 -0.039238359779119485
decision_type=2 2 2 2 2 2 2
left_child=1 5 4 -4 -2 -1 -3
right_child=2 6 3 -5 -6 -7 -8
leaf_value=0.0064422084133271993 -0.00023945281297486876 -0.010512022316925437 0.026262938609004124 -0.018362377292347642 -0.010455413603344871 -0.0037553712809291527 0.017081436507858129
leaf_weight=619.55206860718317 1039.0084353943273 33.728032946586609 118.28866863079497 38.830020373133493 1107.3664221984534 1604.3887782692909 691.51901292800903
leaf_count=4864 4167 15 168 58 4742 1963 111
internal_value=-1.05599e-05 0.00317976 -0.00411517 0.014941 -0.00553159 -0.000893773 0.0157346
internal_weight=5252.68 2949.19 2303.49 157.119 2146.37 2223.94 725.247
internal_count=16088 6953 9135 226 8909 6827 126
is_linear=0
shrinkage=0.0207867


Tree=72
num_leaves=8
num_cat=0
split_feature=0 21 15 2 22 2 19
split_gain=183.392 207.581 212.52 131.534 157.901 123.736 21.2191
threshold=1131482.2500000002 0.22452149540185931 0.0056766353081911811 12.500000000000002 0.047824215143918998 11.500000000000002 -0.061076592653989785
decision_type=2 2 2 2 2 2 2
left_child=1 6 -3 5 -5 -2 -1
right_child=3 2 -4 4 -6 -7 -8
leaf_value=0.0080634963514908831 7.9381589215496724e-05 0.0049005438125525169 -0.0098573704979316515 0.0054832793162199484 -0.0059367229442311665 0.016571675714901656 -0.016571426073526109
leaf_weight=13.010466755989226 323.63067062936898 1054.466336250166 701.35938958667384 1234.7314576342833 906.39051054605079 523.92372572780732 514.12161684037096
leaf_count=429 2070 2586 2282 3844 2297 1094 1486
internal_value=0 -0.00443058 -0.00096821 0.00339397 0.000627379 0.0103286 -0.015876
internal_weight=5271.63 2282.96 1755.83 2988.68 2141.12 847.554 527.132
internal_count=16088 6783 4868 9305 6141 3164 1915
is_linear=0
shrinkage=0.0207867


Tree=73
num_leaves=8
num_cat=0
split_feature=13 7 0 0 1 18 5
split_gain=135.052 143.932 162.964 118.169 114.16 90.1098 20.9873
threshold=53.698999404907234 57.047813415527351 903717.00000000012 985596.00000000012 6.6839998908108114e-05 0.023321585729718212 29.830635070800785
decision_type=2 2 2 2 2 2 2
left_child=3 2 -2 6 -5 -3 -1
right_child=1 5 -4 4 -6 -7 -8
leaf_value=-0.00089818206802771289 -0.014858407207211141 -0.0032553297263500482 0.011653813194812639 -0.0028717211594448512 0.010824900173849515 0.020887272458120366 -0.017221965339197707
leaf_weight=45.98151302337692 109.47718417644501 975.88139723252971 1032.8106513023376 2479.5461905905395 293.26227553188801 71.418815389855354 264.88194227218628
leaf_count=8 14 7688 364 6233 749 1006 26
internal_value=7.02739e-06 0.00396347 0.00907252 -0.00278733 -0.00140649 -0.00156496 -0.0149557
internal_weight=5273.26 2189.59 1142.29 3083.67 2772.81 1047.3 310.863
internal_count=16088 9072 378 7016 6982 8694 34
is_linear=0
shrinkage=0.0207867


Tree=74
num_leaves=8
num_cat=0
split_feature=8 0 2 21 23 15 18
split_gain=154.036 336.116 137.29 133.23 125.594 85.354 58.2939
threshold=52.972873687744148 1285289.0625000002 46.500000000000007 0.47407560050487524 -0.00017255141574423757 0.0060724795330315837 -0.039238359779119485
decision_type=2 2 2 2 2 2 2
left_child=1 6 4 -4 -2 -3 -1
right_child=2 5 3 -5 -6 -7 -8
leaf_value=-0.010455192672267423 -0.00021767013470799638 0.0054682745746884778 0.025645916132077125 -0.018274172598826341 -0.010340938039306259 -0.00349493450105547 0.016736408156697483
leaf_weight=33.706624746322632 1038.0736181917785 645.77016038866714 118.93154745542358 38.594527008668706 1101.5376966182505 1575.700311077293 691.94008886814117
leaf_count=15 4167 1655 168 58 4742 5172 111
internal_value=-1.25274e-05 0.00312386 -0.00405642 0.0145927 -0.00545098 -0.000868626 0.0154098
internal_weight=5244.25 2947.12 2297.14 157.526 2139.61 2221.47 725.647
internal_count=16088 6953 9135 226 8909 6827 126
is_linear=0
shrinkage=0.0207867


Tree=75
num_leaves=8
num_cat=0
split_feature=0 21 15 19 22 9 19
split_gain=176.417 202.592 206.368 123.877 127.708 77.6781 20.7101
threshold=1131482.2500000002 0.22452149540185931 0.0056766353081911811 -0.045082436874508851 0.043003143742680557 65.109558105468764 -0.061076592653989785
decision_type=2 2 2 2 2 2 2
left_child=1 6 -3 5 -5 -2 -1
right_child=3 2 -4 4 -6 -7 -8
leaf_value=0.0077961363109094574 0.010214916627385637 0.0048241661136631279 -0.009741907146626724 0.0052070782873825964 -0.0054516633092944935 -0.020694881781939577 -0.016428213470547078
leaf_weight=13.099786091926942 1005.0911324694207 1055.5151469540283 697.16240684815443 1040.7206840909348 910.13470336052978 35.456095842493596 508.72362577784429
leaf_count=429 1865 2586 2282 4026 2755 659 1486
internal_value=0 -0.00435652 -0.000943481 0.00332434 0.000210817 0.00911738 -0.0157318
internal_weight=5265.9 2274.5 1752.68 2991.4 1950.86 1040.55 521.823
internal_count=16088 6783 4868 9305 6781 2524 1915
is_linear=0
shrinkage=0.0207867


Tree=76
num_leaves=8
num_cat=0
split_feature=13 7 0 0 6 21 21
split_gain=128.981 138.696 181.004 116.009 86.0178 50.2226 28.625
threshold=53.698999404907234 58.937025070190437 903717.00000000012 985596.00000000012 0.0027624642243608837 0.80094090104103099 0.15855063498020175
decision_type=2 2 2 2 2 2 2
left_child=3 2 -2 6 -3 -5 -1
right_child=1 4 -4 5 -6 -7 -8
leaf_value=0.001595691749232616 -0.015711611883232803 -0.0091789273260093496 0.0084404292129622218 2.2322027507764462e-05 0.031353500510813648 -0.0069331480837304983 -0.017148227861143523
leaf_weight=35.345585584640503 144.92941784858726 397.3265210143125 1624.2246919870377 2209.8894612161675 23.556945087543625 558.67561377742095 272.60856962203979
leaf_count=7 18 7867 549 5684 638 1298 27
internal_value=6.67274e-06 0.00387096 0.00643584 -0.00272916 -0.0068008 -0.00136459 -0.0148472
internal_weight=5266.56 2190.04 1769.15 3076.52 420.883 2768.57 307.954
internal_count=16088 9072 567 7016 8505 6982 34
is_linear=0
shrinkage=0.0207867


Tree=77
num_leaves=7
num_cat=0
split_feature=2 6 15 24 6 11
split_gain=150.388 133.933 136.361 109.095 12.1381 5.65719
threshold=5.5000000000000009 0.0037885759957134728 0.0027714438037946825 0.0081266714259982126 -0.0037454185076057907 54.468317031860359
decision_type=2 2 2 2 2 2
left_child=4 2 -2 -3 5 -1
right_child=1 3 -4 -5 -6 -7
leaf_value=0.019899850851216601 0.018352352362187862 0.021150654741681468 -0.002088316415353582 -0.002273291927850881 0.026051115028671284 -0.015218655238920171
leaf_weight=3.4325192207470518 145.10293273043317 213.76624042685216 4630.0794760975605 138.14245690332245 101.29982020055934 4.6850757303435557
leaf_count=14 448 364 14585 502 141 34
internal_value=-1.34952e-05 -0.000536901 -0.00145754 0.0118246 0.024091 0
internal_weight=5236.51 5127.09 4775.18 351.909 109.417 8.11759
internal_count=16088 15899 15033 866 189 48
is_linear=0
shrinkage=0.0207867


Tree=78
num_leaves=8
num_cat=0
split_feature=20 22 5 24 8 24 15
split_gain=162.994 132.249 149.57 63.5702 56.2946 49.3576 15.9609
threshold=-0.017554643563926216 0.074030339717865004 79.299655914306655 0.0046338208485394725 52.393707275390632 0.010921177454292776 0.028965036384761337
decision_type=2 2 2 2 2 2 2
left_child=4 2 -2 -3 6 -6 -1
right_child=1 3 -4 -5 5 -7 -8
leaf_value=0.0082342376299866099 -0.000179321768685249 0.0099589253306346503 0.026441448857170539 -0.014002522717731589 -0.018742048742719741 0.029526695953807865 -0.015817972045677971
leaf_weight=43.615995426896433 4505.6420420920686 51.758867448311207 93.031235933729477 415.57842010318757 8.6699572472481901 126.63727747364223 15.986526661901733
leaf_count=165 13765 169 179 1591 72 114 33
internal_value=0 -0.000711737 0.000349194 -0.0112501 0.0186592 0.0260932 0.00100964
internal_weight=5260.92 5066.01 4598.67 467.337 194.91 135.307 59.6025
internal_count=16088 15704 13944 1760 384 186 198
is_linear=0
shrinkage=0.0207867


Tree=79
num_leaves=8
num_cat=0
split_feature=7 7 0 0 1 6 16
split_gain=124.406 135.94 152.65 116.519 106.787 101.865 32.0683
threshold=53.620744705200202 57.047813415527351 903717.00000000012 1000338.0312500001 6.6839998908108114e-05 0.001921449904330075 -0.009253659285604952
decision_type=2 2 2 2 2 2 2
left_child=3 2 -2 6 -5 -3 -1
right_child=1 5 -4 4 -6 -7 -8
leaf_value=0.038586258726224405 -0.014624613318123167 -0.0036684988106078075 0.011199069825039674 -0.0025892893381436288 0.01067907849147689 0.018955094739089431 -0.013983279167776492
leaf_weight=4.6242406368255606 107.81302225589729 952.43991636829173 1041.2481518983841 2378.116576562752 293.81369761796668 94.178689171955284 389.52432608604431
leaf_count=2 14 7558 364 6217 749 1136 48
internal_value=7.78591e-06 0.00379351 0.008736 -0.00268821 -0.00111301 -0.0015887 -0.0132496
internal_weight=5261.76 2195.68 1149.06 3066.08 2671.93 1046.62 394.149
internal_count=16088 9072 378 7016 6966 8694 50
is_linear=0
shrinkage=0.0207867


Tree=80
num_leaves=8
num_cat=0
split_feature=8 0 2 21 23 9 22
split_gain=147.882 316.083 132.266 128.372 122.639 102.569 59.7176
threshold=52.972873687744148 1285289.0625000002 46.500000000000007 0.47407560050487524 -0.00017255141574423757 6.3591961860656747 0.02355486806482077
decision_type=2 2 2 2 2 2 2
left_child=1 6 4 -4 -2 -3 -1
right_child=2 5 3 -5 -6 -7 -8
leaf_value=0.0014740005425280317 -0.00019206699576647182 0.0062136990040199602 0.025071712555876476 -0.018152418138946348 -0.010215061288122279 -0.0036673230345652787 0.017694920725781629
leaf_weight=124.74274349212646 1036.7197191079035 634.89181974524399 119.51671508477804 38.248699535812449 1094.3788088546557 1582.8890179544687 600.95753335952759
leaf_count=26 4167 4864 168 58 4742 1963 100
internal_value=-1.37917e-05 0.00305894 -0.00398546 0.0143003 -0.00536078 -0.000817865 0.0149702
internal_weight=5232.35 2943.48 2288.86 157.765 2131.1 2217.78 725.7
internal_count=16088 6953 9135 226 8909 6827 126
is_linear=0
shrinkage=0.0207867


Tree=81
num_leaves=8
num_cat=0
split_feature=0 21 15 2 22 2 6
split_gain=169.059 197.251 198.529 125.393 150.513 117.839 21.0785
threshold=1131482.2500000002 0.22452149540185931 0.0056766353081911811 12.500000000000002 0.047824215143918998 11.500000000000002 0.00016701680578989911
decision_type=2 2 2 2 2 2 2
left_child=1 6 -3 5 -5 -2 -1
right_child=3 2 -4 4 -6 -7 -8
leaf_value=-0.017338110085942049 0 0.004719374015681445 -0.0096010702502245318 0.0052713157842568777 -0.00588032433618812 0.016070057864849892 -0.0044312563479207111
leaf_weight=442.01772046660426 324.02683087733749 1056.5462723713281 691.28401512680375 1238.4580906022566 903.95591793005133 526.81729550090677 73.838593249908627
leaf_count=1718 2070 2586 2282 3844 2297 1094 197
internal_value=0 -0.00427969 -0.00091813 0.00324849 0.000544552 0.0100028 -0.01558
internal_weight=5256.94 2263.69 1747.83 2993.26 2142.41 850.844 515.856
internal_count=16088 6783 4868 9305 6141 3164 1915
is_linear=0
shrinkage=0.0207867


Tree=82
num_leaves=8
num_cat=0
split_feature=13 12 2 1 15 1 4
split_gain=120.405 119.575 107.09 96.0592 92.7179 75.7829 61.8103
threshold=53.698999404907234 57.835105895996101 44.500000000000007 6.6839998908108114e-05 0.0060067898593842992 1.2035000054311242e-05 0.016917858272790912
decision_type=2 2 2 2 2 2 2
left_child=3 2 -2 5 -5 -1 -3
right_child=1 6 -4 4 -6 -7 -8
leaf_value=-0.00182615347955376 0.0079429149363893815 -0.0075622490308898394 -0.0087534587484776188 -0.0052977447248569749 0.017325814671437435 -0.0097282474059929239 0.033818836426586042
leaf_weight=2028.3814922152674 1570.9388874769211 419.92021029462177 183.04245495796204 128.33348631858826 191.263621782884 717.74341452913359 15.849736402678614
leaf_count=5556 538 7352 29 131 620 709 1153
internal_value=8.59621e-06 0.00374013 0.00617423 -0.00264169 0.00809715 -0.00390828 -0.00595137
internal_weight=5255.47 2189.75 1753.98 3065.72 319.597 2746.12 435.77
internal_count=16088 9072 567 7016 751 6265 8505
is_linear=0
shrinkage=0.0207867


Tree=83
num_leaves=8
num_cat=0
split_feature=2 6 19 9 6 19 19
split_gain=142.575 126.518 116.374 101.987 11.7251 6.95438 6.60537
threshold=5.5000000000000009 0.0037885759957134728 0.04446768946945668 52.939779281616218 -0.0037454185076057907 -0.068556033074855791 -0.03369010612368583
decision_type=2 2 2 2 2 2 2
left_child=4 2 -2 -3 5 -1 -6
right_child=1 3 -4 -5 6 -7 -8
leaf_value=0.026099609689759266 -0.00067013464406297696 0.015441930107716587 -0.015622164137684955 -0.020168900645675416 0.027725102023300096 -0.014387931222481429 0.0067382618655739794
leaf_weight=2.7817384011977992 4524.7538786845034 314.619418462971 237.33320708726569 38.007268317738863 87.801735601391897 5.3619767278777299 13.556005540547401
leaf_count=13 13506 510 1527 356 82 35 59
internal_value=-1.54823e-05 -0.000526751 -0.00142499 0.011473 0.0234445 0 0.025373
internal_weight=5224.22 5114.71 4762.09 352.627 109.501 8.14372 101.358
internal_count=16088 15899 15033 866 189 48 141
is_linear=0
shrinkage=0.0207867


Tree=84
num_leaves=8
num_cat=0
split_feature=0 0 22 1 2 22 2
split_gain=163.389 195.981 256.172 179.481 122.211 145.727 113.897
threshold=1131482.2500000002 926242.65625000012 0.021699126809835437 3.1424999178852893e-05 12.500000000000002 0.047824215143918998 11.500000000000002
decision_type=2 2 2 2 2 2 2
left_child=1 2 -1 -3 6 -6 -2
right_child=4 3 -4 -5 5 -7 -8
leaf_value=-0.018631594638518413 2.1301630144318418e-06 -0.0098028413090332934 0.021576318925572584 0.0066599220391448631 0.0051613102361509804 -0.0058139973623352083 0.015798938349549031
leaf_weight=93.882726769993752 323.95759425583128 1571.5876441360658 245.01743057565633 346.37924885749817 1240.5523600432025 902.18176102865891 528.50815874663567
leaf_count=2154 2070 569 3997 63 3844 2297 1094
internal_value=0 -0.00421632 0.0103018 -0.00680568 0.00318985 0.00051873 0.00984984
internal_weight=5252.07 2256.87 338.9 1917.97 2995.2 2142.73 852.466
internal_count=16088 6783 6151 632 9305 6141 3164
is_linear=0
shrinkage=0.0207867


Tree=85
num_leaves=8
num_cat=0
split_feature=13 7 2 1 15 15 1
split_gain=115.704 129.47 108.237 92.9575 91.8013 89.6235 74.5513
threshold=53.698999404907234 58.937025070190437 16.500000000000004 6.6839998908108114e-05 0.0029753256822004919 0.0060067898593842992 1.2035000054311242e-05
decision_type=2 2 2 2 2 2 2
left_child=3 4 -3 6 -2 -5 -1
right_child=1 2 -4 5 -6 -7 -8
leaf_value=-0.0017786109171666516 -0.01481296073415166 0.014055932837087805 -0.012076745581294865 -0.0052295108340265888 0.0072128697572394346 0.017003963844439293 -0.0096310186756948437
leaf_weight=2025.3481255578808 84.637372732162703 84.714382390319486 333.96187175938945 128.13450484490022 1687.1418161392212 191.95390416216105 714.4639671726618
leaf_count=5556 12 3812 4693 131 555 620 709
internal_value=8.62157e-06 0.00366448 -0.006679 -0.00259339 0.00613469 0.00795969 -0.00384312
internal_weight=5250.36 2190.46 418.676 3059.9 1771.78 320.088 2739.81
internal_count=16088 9072 8505 7016 567 751 6265
is_linear=0
shrinkage=0.0207867


Tree=86
num_leaves=8
num_cat=0
split_feature=8 0 16 20 10 18 16
split_gain=139.837 300.65 127.841 214.92 99.8316 55.3143 49.3591
threshold=52.972873687744148 1285289.0625000002 0.0019246226293034854 -0.0050980073865503064 6.4308347702026376 -0.039238359779119485 0.026362682692706588
decision_type=2 2 2 2 2 2 2
left_child=1 5 3 -2 -3 -1 -4
right_child=2 4 6 -5 -6 -7 -8
leaf_value=-0.010589414181911382 -0.010681274239661458 0.0059910863783999273 -0.012770051470882343 0.0049980839180741666 -0.0036803937934783721 0.01588738922923856 0.017695724498779392
leaf_weight=33.740874528884888 596.63105762670421 652.4451903818408 632.21311067459817 1027.5064573310033 1563.5570122972131 691.35073864459991 22.597421934635918
leaf_count=15 2625 4864 2644 3821 1963 111 45
internal_value=-1.60588e-05 0.00296989 -0.00388979 -0.000733388 -0.000812074 0.0145918 -0.0116483
internal_weight=5220.04 2941.09 2278.95 1624.14 2216 725.092 654.811
internal_count=16088 6953 9135 6446 6827 126 2689
is_linear=0
shrinkage=0.0207867


Tree=87
num_leaves=8
num_cat=0
split_feature=0 0 22 1 2 22 2
split_gain=156.671 190.547 249.219 174.496 118.909 141.506 110.445
threshold=1131482.2500000002 926242.65625000012 0.021699126809835437 3.1424999178852893e-05 12.500000000000002 0.047824215143918998 11.500000000000002
decision_type=2 2 2 2 2 2 2
left_child=1 2 -1 -3 6 -6 -2
right_child=4 3 -4 -5 5 -7 -8
leaf_value=-0.018528419161909719 0 -0.0096805736774472021 0.021242989692497695 0.0065505691560719713 0.0050496333316047476 -0.0057671671530900798 0.015524082801280396
leaf_weight=93.05866244404487 324.08316427590762 1561.4722685908191 245.51713710514915 346.89950895309448 1242.5158646909404 900.72987686899978 530.10429150328855
leaf_count=2154 2070 569 3997 63 3844 2297 1094
internal_value=0 -0.0041417 0.0101756 -0.00670596 0.00311858 0.000482211 0.00967955
internal_weight=5244.38 2246.95 338.576 1908.37 2997.43 2143.25 854.187
internal_count=16088 6783 6151 632 9305 6141 3164
is_linear=0
shrinkage=0.0207867


Tree=88
num_leaves=8
num_cat=0
split_feature=1 1 0 1 6 24 1
split_gain=113.075 165.959 115.958 97.7829 91.1628 32.67 2.2374
threshold=4.5724998926743872e-05 1.2035000054311242e-05 1055873.5625000002 5.2539999160217128e-05 -0.0010376136051490901 0.0018869330524466934 4.8584999603917829e-05
decision_type=2 2 2 2 2 2 2
left_child=1 2 -1 6 -5 -3 -2
right_child=3 5 -4 4 -6 -7 -8
leaf_value=0.0044991772028884422 0 0.018133577654418136 -0.0025904465439029619 0.021221452846396264 0.00045849188696273177 -0.011834696523280416 0.034244078653908348
leaf_weight=1760.8440873152522 3.4871906832378832 14.93925713945873 2292.7457922907943 122.18815726032904 381.64847305476718 607.61218712712207 60.753643359904913
leaf_count=5180 44 220 7599 535 1552 818 140
internal_value=9.16293e-06 -0.0010459 0.000477853 0.00877511 0.00558531 -0.0110415 0.033075
internal_weight=5244.22 4676.14 4053.59 568.077 503.837 622.551 64.2408
internal_count=16088 13817 12779 2271 2087 1038 184
is_linear=0
shrinkage=0.0207867


Tree=89
num_leaves=7
num_cat=0
split_feature=2 15 15 4 23 19
split_gain=135.576 116.692 125.547 74.8872 6.48759 4.75128
threshold=5.5000000000000009 0.0027714438037946825 0.0041260377038270244 0.0016162813408300283 -0.0086392853409051878 -0.033218555152416222
decision_type=2 2 2 2 2 2
left_child=4 3 -3 -2 -1 -6
right_child=1 2 -4 -5 5 -7
leaf_value=0 0.023839524292871898 -0.013983066165650395 -0.00020771311327173416 -0.018567702220761324 0.025577382182686154 0.0066405674472999766
leaf_weight=2.0234080366980143 126.180825838167 305.17822412369878 4650.7441659622327 19.74448916497208 93.980096134699352 13.424745318521557
leaf_count=12 264 1664 13787 184 117 60
internal_value=-1.71969e-05 -0.00051706 -0.00106528 0.0177857 0.0228666 0.0236396
internal_weight=5211.28 5101.85 4955.92 145.925 109.428 107.405
internal_count=16088 15899 15451 448 189 177
is_linear=0
shrinkage=0.0207867


Tree=90
num_leaves=8
num_cat=0
split_feature=20 22 5 24 8 24 2
split_gain=154.026 125.292 144.514 63.4503 54.2178 46.9312 14.6991
threshold=-0.017554643563926216 0.074030339717865004 79.299655914306655 0.0046338208485394725 52.393707275390632 0.010921177454292776 10.500000000000002
decision_type=2 2 2 2 2 2 2
left_child=4 2 -2 -3 6 -6 -1
right_child=1 3 -4 -5 5 -7 -8
leaf_value=-0.0158211883567786 -0.00018604452268700464 0.010241993470212324 0.02595614140017153 -0.013813300278322839 -0.018395106160982087 0.02870849819821146 0.007580866908315601
leaf_weight=15.378177048173425 4488.8275228834236 51.335803727580696 93.218563369667208 409.18067849854333 8.6255336265651419 127.25523006281405 44.132013779948466
leaf_count=27 13765 169 179 1591 72 114 171
internal_value=0 -0.000693256 0.000335741 -0.0110317 0.0181165 0.0253792 0.000758942
internal_weight=5237.95 5042.56 4582.05 460.516 195.391 135.881 59.5102
internal_count=16088 15704 13944 1760 384 186 198
is_linear=0
shrinkage=0.0207867


Tree=91
num_leaves=8
num_cat=0
split_feature=1 1 0 1 6 14 1
split_gain=110.482 162.098 111.129 94.5438 88.0803 31.929 2.01076
threshold=4.5724998926743872e-05 1.2035000054311242e-05 1055873.5625000002 5.2539999160217128e-05 -0.0010376136051490901 12.194317340850832 4.8584999603917829e-05
decision_type=2 2 2 2 2 2 2
left_child=1 2 -1 6 -5 -3 -2
right_child=3 5 -4 4 -6 -7 -8
leaf_value=0.0044018768247080491 0 0.036839276362405401 -0.0025394490905769553 0.020858051661080623 0.00047395310837455862 -0.011447975785334692 0.033620211667089214
leaf_weight=1762.0834493938637 3.4835662563281735 5.5321747318054113 2289.19745308849 122.64679350809314 381.48960316588966 613.80197227783026 61.106016753231415
leaf_count=5180 44 61 7599 535 1552 977 140
internal_value=9.57583e-06 -0.00103492 0.000468267 0.00866847 0.00552445 -0.0109422 0.0324947
internal_weight=5239.34 4670.62 4051.28 568.726 504.136 619.334 64.5896
internal_count=16088 13817 12779 2271 2087 1038 184
is_linear=0
shrinkage=0.0207867


Tree=92
num_leaves=8
num_cat=0
split_feature=8 0 2 5 23 10 22
split_gain=133.178 283.476 125.372 123.657 119.394 96.1191 57.3377
threshold=52.972873687744148 1285289.0625000002 46.500000000000007 45.043508529663093 -0.00017255141574423757 6.4308347702026376 0.02355486806482077
decision_type=2 2 2 2 2 2 2
left_child=1 6 4 -4 -2 -3 -1
right_child=2 5 3 -5 -6 -7 -8
leaf_value=0.0010010112681403255 -5.4753540695786635e-05 0.0058866817332622499 0.024464929474310431 -0.018060325325189294 -0.0099877299427533935 -0.0036029808415621012 0.016863194583481116
leaf_weight=125.32718467712357 1030.9389539993415 653.24719352851389 120.13853835319776 37.926329823635228 1080.9647022645888 1559.3007356151938 599.2667453289032
leaf_count=26 4167 4864 173 53 4742 1963 100
internal_value=-1.80879e-05 0.00289548 -0.00380829 0.0139697 -0.00516071 -0.000780358 0.0141833
internal_weight=5207.11 2937.14 2269.97 158.065 2111.9 2212.55 724.594
internal_count=16088 6953 9135 226 8909 6827 126
is_linear=0
shrinkage=0.0207867


Tree=93
num_leaves=8
num_cat=0
split_feature=11 5 17 15 24 8 5
split_gain=124.826 125.358 147.588 106.249 70.2525 68.609 26.7625
threshold=64.722873687744155 29.414431571960453 -0.015723040327429768 0.0082754343748092669 0.011206603143364193 31.808805942535404 49.522491455078132
decision_type=2 2 2 2 2 2 2
left_child=1 5 -3 6 -5 -1 -2
right_child=3 2 -4 4 -6 -7 -8
leaf_value=-0.0019426824804052768 0.026186487645880035 0.014124458809018987 -0.0006087960347506507 -0.0079083863635731264 0.026968695899033134 -0.01588794981630141 -0.0131411901643108
leaf_weight=294.23625661979895 156.37765732665011 316.95909703554207 3980.2507824789791 111.86017550019712 32.117045785747067 336.16303753852844 6.2548859063368232
leaf_count=906 3370 530 6085 2348 490 125 2234
internal_value=0 -0.000792459 0.000467192 0.012877 0 -0.00945217 0.0243905
internal_weight=5234.22 4927.61 4297.21 306.61 143.977 630.399 162.633
internal_count=16088 7646 6615 8442 2838 1031 5604
is_linear=0
shrinkage=0.0207867


Tree=94
num_leaves=8
num_cat=0
split_feature=1 1 0 1 6 24 1
split_gain=107.255 157.738 107.882 91.0125 84.9636 31.9682 1.74354
threshold=4.5724998926743872e-05 1.2035000054311242e-05 1055873.5625000002 5.2539999160217128e-05 -0.0010376136051490901 0.0018869330524466934 4.8584999603917829e-05
decision_type=2 2 2 2 2 2 2
left_child=1 2 -1 6 -5 -3 -2
right_child=3 5 -4 4 -6 -7 -8
leaf_value=0.0043326593029780871 0 0.017975756622865852 -0.0025069810241297162 0.020467156658965657 0.00047254001747793406 -0.011625185529696911 0.03291895745748203
leaf_weight=1763.0810814853598 3.4763873001304537 14.986108730763247 2286.7208307284909 123.12327662668548 381.34398118535159 600.26446563133857 61.478896691426428
leaf_count=5180 44 220 7599 535 1552 818 140
internal_value=1.10982e-05 -0.00101963 0.000459275 0.00853642 0.00544391 -0.0108293 0.0318443
internal_weight=5234.48 4665.05 4049.8 569.423 504.467 615.251 64.9553
internal_count=16088 13817 12779 2271 2087 1038 184
is_linear=0
shrinkage=0.0207867


Tree=95
num_leaves=8
num_cat=0
split_feature=8 0 16 14 10 9 22
split_gain=127.677 275.728 123.502 176.071 92.7507 75.9217 55.5456
threshold=52.972873687744148 1285289.0625000002 0.0019246226293034854 37.363399505615241 6.4308347702026376 52.939779281616218 0.02355486806482077
decision_type=2 2 2 2 2 2 2
left_child=1 6 3 -2 -3 -4 -1
right_child=2 4 5 -5 -6 -7 -8
leaf_value=0.00099149541271601263 -0.0063782417002817941 0.0057458616908889967 0.032138429136751662 0.0075651196789873996 -0.0035704713160778505 -0.012619962551978656 0.016610751490172642
leaf_weight=125.34877395629837 954.51764163843904 654.57505863951519 16.256817817687761 662.30284369075162 1557.5721445977688 630.08314520862223 598.59595131874084
leaf_count=26 3445 4864 2 3001 1963 2687 100
internal_value=-1.94988e-05 0.00283143 -0.00373849 -0.000638074 -0.000792929 -0.0114229 0.01397
internal_weight=5199.25 2936.09 2263.16 1616.82 2212.15 646.34 723.945
internal_count=16088 6953 9135 6446 6827 2689 126
is_linear=0
shrinkage=0.0207867


Tree=96
num_leaves=8
num_cat=0
split_feature=20 0 18 22 8 24 2
split_gain=145.987 131.72 222.443 145.47 51.139 44.9334 14.0506
threshold=-0.017554643563926216 1164176.2500000002 -0.015731256455183026 0.074030339717865004 52.393707275390632 0.010921177454292776 10.500000000000002
decision_type=2 2 2 2 2 2 2
left_child=4 2 -2 -3 6 -6 -1
right_child=1 3 -4 -5 5 -7 -8
leaf_value=-0.015661211667673609 -0.014761918324897622 0.0045227575918816839 -0.00044409607572073193 -0.0105619506519458 -0.01823432889070975 0.027872281302195077 0.0073409236824265884
leaf_weight=15.153608074061649 629.84269272911092 2227.2233065216697 1862.6237422250408 313.93999110817822 8.5991404038275459 127.93440637049675 44.217084021191113
leaf_count=27 2111 7664 4673 1256 72 114 171
internal_value=0 -0.000678157 -0.00408068 0.00264103 0.0176117 0.0246308 0.000693562
internal_weight=5229.53 5033.63 2492.47 2541.16 195.904 136.534 59.3707
internal_count=16088 15704 6784 8920 384 186 198
is_linear=0
shrinkage=0.0207867


Tree=97
num_leaves=8
num_cat=0
split_feature=1 1 0 1 6 24 1
split_gain=103.625 153.515 103.898 87.881 82.3119 31.1119 1.51693
threshold=4.5724998926743872e-05 1.2035000054311242e-05 1055873.5625000002 5.2539999160217128e-05 -0.0010376136051490901 0.0018869330524466934 4.8584999603917829e-05
decision_type=2 2 2 2 2 2 2
left_child=1 2 -1 6 -5 -3 -2
right_child=3 5 -4 4 -6 -7 -8
leaf_value=0.0042510496709156241 0 0.017559903606185576 -0.0024618443317840702 0.020096463214369236 0.00044160847512048768 -0.011509766919112038 0.032257925934457879
leaf_weight=1764.3806776094489 3.4720886381301161 15.108377441435435 2283.2899137360409 123.54841540064967 381.54978258560817 596.09173048646346 61.808019380285543
leaf_count=5180 44 220 7599 535 1552 818 140
internal_value=1.2607e-05 -0.00100241 0.00045292 0.00838415 0.0053405 -0.0107158 0.031228
internal_weight=5229.25 4658.87 4047.67 570.378 505.098 611.2 65.2801
internal_count=16088 13817 12779 2271 2087 1038 184
is_linear=0
shrinkage=0.0207867


Tree=98
num_leaves=7
num_cat=0
split_feature=2 8 8 2 23 11
split_gain=127.848 100.921 221.104 124.082 6.24177 2.71834
threshold=5.5000000000000009 52.972873687744148 31.808805942535404 46.500000000000007 -0.0086392853409051878 54.468317031860359
decision_type=2 2 2 2 2 2
left_child=4 2 -2 -3 -1 -6
right_child=1 3 -4 -5 5 -7
leaf_value=0 -0.0010302896898193919 -0.0051615651876115737 0.012827723608027836 0.01389043006259422 0.025308251417895899 0.011460534246733052
leaf_weight=2.0235982380545456 2192.6025040420359 2089.9617745387432 641.77338647842407 157.81757393452563 85.886157944449181 21.307243471036642
leaf_count=12 6739 8821 113 226 90 87
internal_value=-1.97512e-05 -0.000506823 0.00209125 -0.00380341 0.0222229 0.0229857
internal_weight=5191.37 5082.16 2834.38 2247.78 109.217 107.193
internal_count=16088 15899 6852 9047 189 177
is_linear=0
shrinkage=0.0207867


Tree=99
num_leaves=8
num_cat=0
split_feature=20 0 18 22 19 24 14
split_gain=141.273 126.623 217.829 141.674 54.8327 37.2729 4.85271
threshold=-0.017554643563926216 1164176.2500000002 -0.015731256455183026 0.074030339717865004 -0.1351557523012161 0.01138023938983679 23.90543365478516
decision_type=2 2 2 2 2 2 2
left_child=4 2 -2 -3 6 -6 -1
right_child=1 3 -4 -5 5 -7 -8
leaf_value=-0.014448813948047442 -0.01463931555270733 0.0044332736705608843 -0.00042245102147748609 -0.010470644519241271 -0.00040447159452583741 0.025862309808440297 0.00011235003881717776
leaf_weight=19.648274419992692 624.35651302392125 2230.5019029366986 1860.7953863151224 313.03843550469446 23.757701401802393 144.40008341344671 8.3307944545053214
leaf_count=70 2111 7664 4673 1256 132 96 86
internal_value=0 -0.00066849 -0.00401277 0.0025809 0.0173137 0.0218772 -0.0084658
internal_weight=5224.83 5028.69 2485.15 2543.54 196.137 168.158 27.9791
internal_count=16088 15704 6784 8920 384 228 156
is_linear=0
shrinkage=0.0207867


Tree=100
num_leaves=8
num_cat=0
split_feature=1 1 0 1 22 0 1
split_gain=100.748 149.706 99.8474 84.6463 52.2761 30.7529 1.31724
threshold=4.5724998926743872e-05 1.2035000054311242e-05 1055873.5625000002 5.2539999160217128e-05 0.059575306251645095 6012957.2500000009 4.8584999603917829e-05
decision_type=2 2 2 2 2 2 2
left_child=1 2 -1 6 -5 -3 -2
right_child=3 5 -4 4 -6 -7 -8
leaf_value=0.0041660559843768093 0 -0.011893471613725113 -0.0024154298379379102 0.0024018333232901645 0.021614981086364012 0.0061241182732151124 0.031623621017512808
leaf_weight=1765.6269274915248 3.4695410292827651 566.91265403103807 2279.8995116815004 432.31835989707929 73.054516233070444 40.62382666268968 62.089919248539388
leaf_count=5180 44 640 7599 1789 298 398 140
internal_value=1.39659e-05 -0.000988364 0.000445596 0.00826362 0.00527041 -0.0106128 0.0306341
internal_weight=5224 4653.06 4045.53 570.932 505.373 607.536 65.5595
internal_count=16088 13817 12779 2271 2087 1038 184
is_linear=0
shrinkage=0.0207867


Tree=101
num_leaves=8
num_cat=0
split_feature=2 15 6 14 6 22 8
split_gain=123.927 113.555 125.53 115.374 11.2625 14.0554 5.52983
threshold=5.5000000000000009 0.0027714438037946825 0.0033074952661991124 63.621768951416023 -0.0037454185076057907 0.048214832320809371 52.393707275390632
decision_type=2 2 2 2 2 2 2
left_child=4 3 -3 -2 6 -6 -1
right_child=1 2 -4 -5 5 -7 -8
leaf_value=0.018048131512847627 -0.007658302309958208 -0.0020850271741187994 0.0096049698769621467 0.030796170415624942 -0.0071294761349425285 0.025464325751602689 -0.01619257585880984
leaf_weight=3.5393660966074076 49.140917320593815 4494.3490075915261 434.50243602435694 96.926052511032196 3.7735367733856 97.192635967169807 4.7157290337355562
leaf_count=14 261 14341 1110 187 20 121 34
internal_value=-2.06761e-05 -0.000501042 -0.00104514 0.0175435 0.0218773 0.0237896 0
internal_weight=5184.14 5074.92 4928.85 146.067 109.221 100.966 8.2551
internal_count=16088 15899 15451 448 189 141 48
is_linear=0
shrinkage=0.0207867


Tree=102
num_leaves=8
num_cat=0
split_feature=20 0 22 19 19 24 3
split_gain=136.647 123.103 168.073 92.7475 53.0904 36.1561 3.71888
threshold=-0.017554643563926216 5455847.2500000009 0.053365195170044906 -0.051314454525709145 -0.1351557523012161 0.01138023938983679 -1.0000000180025095e-35
decision_type=2 2 2 2 2 2 2
left_child=4 2 -2 -3 6 -6 -1
right_child=1 3 -4 -5 5 -7 -8
leaf_value=-0.016286991203366529 9.9145743393939356e-06 0.013543930956931845 -0.010050721747818788 0.00088439474973827552 -0.00042998334666798457 0.025407836514305823 0
leaf_weight=13.439175430423008 2983.4586349044266 395.0950794181008 940.89903052218233 704.94942173250001 23.76626180878219 144.76851117157747 14.473628409703904
leaf_count=44 6331 1606 1904 5863 132 96 112
internal_value=0 -0.000659633 -0.00239047 0.00547313 0.0170125 0.0214908 -0.00837556
internal_weight=5220.85 5024.4 3924.36 1100.04 196.448 168.535 27.9128
internal_count=16088 15704 8235 7469 384 228 156
is_linear=0
shrinkage=0.0207867


Tree=103
num_leaves=8
num_cat=0
split_feature=13 0 7 0 24 21 3
split_gain=93.2686 125.921 154.279 105.94 51.6147 28.0841 11.2642
threshold=53.698999404907234 903717.00000000012 57.047813415527351 985596.00000000012 0.019062212668359283 0.15855063498020175 0.017798535525798801
decision_type=2 2 2 2 2 2 2
left_child=3 6 -3 5 -5 -1 -2
right_child=1 2 -4 4 -6 -7 -8
leaf_value=0.0021695695594549174 -0.016259323570078001 0.010251141218267604 -0.0011228734520641254 -0.0013676792015360378 0.026145368898846996 -0.0166586376693602 0.02620189264032562
leaf_weight=34.609111189842224 142.81965089768386 1040.1686459779737 1008.2446840995938 2705.4307547861245 29.654534989153035 256.90964126586914 1.9310223485495601
leaf_count=7 5874 364 2684 6880 102 27 150
internal_value=1.60211e-05 0.00328892 0.00463026 -0.00234038 -0.00105252 -0.0142652 -0.0153744
internal_weight=5219.77 2193.16 2048.41 3026.6 2735.09 291.519 144.751
internal_count=16088 9072 3048 7016 6982 34 6024
is_linear=0
shrinkage=0.0207867


Tree=104
num_leaves=8
num_cat=0
split_feature=8 7 16 20 9 23 18
split_gain=117.085 253.035 121.339 205.762 88.6877 73.368 53.1066
threshold=52.972873687744148 31.356072902679447 0.0019246226293034854 -0.005465650698170065 6.3591961860656747 0.020568490028381351 -0.039238359779119485
decision_type=2 2 2 2 2 2 2
left_child=1 4 3 -2 -1 -4 -3
right_child=2 6 5 -5 -6 -7 -8
leaf_value=0.0057381709264591957 -0.011515605670661662 -0.011248323434417505 -0.012384000827994894 0.0044846846096631794 -0.0034406702827611238 0.03396312320213702 0.014675564585626751
leaf_weight=638.73353957902918 506.47933697798089 33.893827676773071 625.64068717075088 1102.8822511117633 1569.6279219761491 14.606799983709605 688.03594172000885
leaf_count=4864 2428 15 2656 4018 1963 33 111
internal_value=-2.15118e-05 0.00270777 -0.00359711 -0.000522098 -0.000764964 -0.0112546 0.0133946
internal_weight=5179.9 2930.29 2249.61 1609.36 2208.36 640.247 721.93
internal_count=16088 6953 9135 6446 6827 2689 126
is_linear=0
shrinkage=0.0207867


Tree=105
num_leaves=8
num_cat=0
split_feature=20 0 18 22 19 24 4
split_gain=132.266 119.599 212.859 136.234 51.3417 35.147 12.5908
threshold=-0.017554643563926216 1164176.2500000002 -0.015731256455183026 0.074030339717865004 -0.1351557523012161 0.01138023938983679 0.0057512095663696536
decision_type=2 2 2 2 2 2 2
left_child=4 2 -2 -3 6 -6 -1
right_child=1 3 -4 -5 5 -7 -8
leaf_value=-0.015953664052189072 -0.014487897121417894 0.0043114579810804837 -0.00037001544137739488 -0.010335859395874437 -0.00047132644081291107 0.024972956344769624 0.017557361464491231
leaf_weight=22.813984427908284 617.36522332113918 2234.287417375629 1855.7650114893463 311.37961396339324 23.779209690414291 145.09661280447631 4.9936332853524155
leaf_count=83 2111 7664 4673 1256 132 96 73
internal_value=0 -0.00065004 -0.00391289 0.00250173 0.0167269 0.0211172 -0.00827825
internal_weight=5215.48 5018.8 2473.13 2545.67 196.683 168.876 27.8076
internal_count=16088 15704 6784 8920 384 228 156
is_linear=0
shrinkage=0.0207867


Tree=106
num_leaves=8
num_cat=0
split_feature=1 1 0 1 6 24 1
split_gain=97.3293 143.82 94.5703 81.012 80.0304 30.5243 1.05916
threshold=4.5724998926743872e-05 1.2035000054311242e-05 1055873.5625000002 5.2539999160217128e-05 -0.0010376136051490901 0.0018869330524466934 4.8584999603917829e-05
decision_type=2 2 2 2 2 2 2
left_child=1 2 -1 6 -5 -3 -2
right_child=3 5 -4 4 -6 -7 -8
leaf_value=0.0040500530026474591 0 0.01754541327949034 -0.0023585422370630579 0.019708268715623853 0.00035211966362994654 -0.011256284564183545 0.030903951023641539
leaf_weight=1765.0520282918314 3.4603197445845799 15.112744374497082 2275.2389257036029 123.92587294007137 381.85389413699738 586.50010145427234 62.33904242965616
leaf_count=5180 44 220 7599 535 1552 818 140
internal_value=1.65553e-05 -0.000971208 0.000429725 0.00811901 0.00518589 -0.0104562 0.0299645
internal_weight=5213.48 4641.9 4040.29 571.579 505.78 601.613 65.7994
internal_count=16088 13817 12779 2271 2087 1038 184
is_linear=0
shrinkage=0.0207867


Tree=107
num_leaves=8
num_cat=0
split_feature=2 15 15 4 6 19 19
split_gain=118.425 108.842 120.793 69.5426 10.8445 6.57115 6.333
threshold=5.5000000000000009 0.0027714438037946825 0.0041260377038270244 0.0016162813408300283 -0.0037454185076057907 -0.068556033074855791 -0.03369010612368583
decision_type=2 2 2 2 2 2 2
left_child=4 3 -3 -2 5 -1 -6
right_child=1 2 -4 -5 6 -7 -8
leaf_value=0.023768295648769019 0.022911039225036692 -0.013811486922960029 -0.00018643269875220269 -0.018207568726022243 0.025578823059158463 -0.014990131242017764 0.0051804525781542063
leaf_weight=2.8796779175354459 127.04292582199616 299.958523209958 4616.1839496213706 19.39824617082229 87.127374329254963 5.3958866025886874 13.498739317116813
leaf_count=13 264 1664 13787 184 82 35 59
internal_value=-2.20037e-05 -0.000492255 -0.00102714 0.0171495 0.0214156 0 0.0233005
internal_weight=5171.49 5062.58 4916.14 146.441 108.902 8.27556 100.626
internal_count=16088 15899 15451 448 189 48 141
is_linear=0
shrinkage=0.0207867


Tree=108
num_leaves=8
num_cat=0
split_feature=19 0 22 12 24 0 12
split_gain=128.816 120.767 219.08 118.105 58.9374 154.291 104.268
threshold=-0.049825681373476975 915930.09375000012 0.030507039278745655 57.835105895996101 0.011070312932133676 5354243.7500000009 6.4368486404418954
decision_type=2 2 2 2 2 2 2
left_child=4 2 -2 -3 5 -1 -6
right_child=1 3 -4 -5 6 -7 -8
leaf_value=-0.0056814082239636408 -0.018802822091452811 -0.0035511442999057747 0.024924859567244509 0.010255350104826923 -0.015874528227835378 0.013931088539514554 0.017909469952123329
leaf_weight=389.20031699179992 67.793311082656885 3632.2528027126687 175.42191740534071 287.58806555134606 43.893300661235116 310.14910836660874 305.23433019323045
leaf_count=1268 3038 5925 1894 1775 270 1376 542
internal_value=0 -0.00163476 0.0125468 -0.00252644 0.00651728 0.00295048 0.01353
internal_weight=5211.53 4163.06 243.215 3919.84 1048.48 699.349 349.128
internal_count=16088 12632 4932 7700 3456 2644 812
is_linear=0
shrinkage=0.0207867


Tree=109
num_leaves=8
num_cat=0
split_feature=13 0 0 0 24 6 23
split_gain=86.3493 122.206 141.222 103.201 49.264 24.9578 11.0566
threshold=53.698999404907234 903717.00000000012 1131482.2500000002 985596.00000000012 0.019062212668359283 -0.00031739527184981847 -0.0086392853409051878
decision_type=2 2 2 2 2 2 2
left_child=3 6 -3 5 -5 -1 -2
right_child=1 2 -4 4 -6 -7 -8
leaf_value=0 0.02535686113047916 0.0081028720672661324 -0.0037147040832795279 -0.0013006138346804694 0.025427285443172732 -0.01663305531740655 -0.016174865166752848
leaf_weight=41.351099133491516 1.9712255581885916 1425.2593494356315 623.95151363168861 2698.556376877008 29.99778521375265 245.96661710739136 141.84692368367942
leaf_count=8 266 570 2478 6880 102 26 5758
internal_value=1.74834e-05 0.00316477 0.00448212 -0.00225582 -0.000989874 -0.0141177 -0.0152851
internal_weight=5208.9 2193.03 2049.21 3015.87 2728.55 287.318 143.818
internal_count=16088 9072 3048 7016 6982 34 6024
is_linear=0
shrinkage=0.0207867


Tree=110
num_leaves=8
num_cat=0
split_feature=8 0 10 10 15 15 22
split_gain=111.668 241.142 109.676 267.507 184.933 87.5464 54.1679
threshold=52.972873687744148 1285289.0625000002 55.17633247375489 55.59327697753907 0.0075457831844687471 0.0060724795330315837 0.02355486806482077
decision_type=2 2 2 2 2 2 2
left_child=1 6 4 -4 -2 -3 -1
right_child=2 5 3 -5 -6 -7 -8
leaf_value=0.00033208721626846972 -0.019366436053476089 0.0056921384831360019 0.020849399122147699 -0.0040075300280693303 0.0052309472101614296 -0.0034181623739592553 0.015714133204486759
leaf_weight=126.06423258781433 397.01242589950562 641.44104942213744 214.96470618247986 1435.1138854859892 194.08255624771118 1564.5063571138307 594.40618944168091
leaf_count=26 139 1655 63 8849 84 5172 100
internal_value=-2.29703e-05 0.00264213 -0.0035235 -0.000741349 -0.0112121 -0.000748192 0.0130866
internal_weight=5167.59 2926.42 2241.17 1650.08 591.095 2205.95 720.47
internal_count=16088 6953 9135 8912 223 6827 126
is_linear=0
shrinkage=0.0207867


Tree=111
num_leaves=8
num_cat=0
split_feature=19 0 11 10 24 0 12
split_gain=124.556 117.391 179.655 129.378 57.1445 149.338 101.233
threshold=-0.049825681373476975 926242.65625000012 56.611339569091804 62.333595275878913 0.011070312932133676 5354243.7500000009 6.4368486404418954
decision_type=2 2 2 2 2 2 2
left_child=4 2 -2 -3 5 -1 -6
right_child=1 3 -4 -5 6 -7 -8
leaf_value=-0.0056251308288296524 -0.0073563023660585033 -0.0035850677593447823 0.023277149870788601 0.013223257030944929 -0.015720052828021698 0.0136630444920047 0.017605962896715704
leaf_weight=388.30178157155001 141.76891136169883 3612.9180423803627 192.91069675523073 208.36283883799297 43.750427656806892 311.09743353570138 305.80761754133289
leaf_count=1268 40 5918 4956 1718 270 1376 542
internal_value=0 -0.00161304 0.0101632 -0.0026565 0.006403 0.00288847 0.013303
internal_weight=5204.92 4155.96 334.68 3821.28 1048.96 699.399 349.558
internal_count=16088 12632 4996 7636 3456 2644 812
is_linear=0
shrinkage=0.0207867


Tree=112
num_leaves=8
num_cat=0
split_feature=13 0 7 0 24 6 23
split_gain=83.7785 118.294 144.688 101.489 48.0267 24.7921 10.9109
threshold=53.698999404907234 903717.00000000012 57.047813415527351 985596.00000000012 0.019062212668359283 -0.00031739527184981847 -0.0086392853409051878
decision_type=2 2 2 2 2 2 2
left_child=3 6 -3 5 -5 -1 -2
right_child=1 2 -4 4 -6 -7 -8
leaf_value=0 0.025078222011283083 0.0098493753503678203 -0.0011623360594897188 -0.0012780535548792854 0.025027526524035511 -0.016563732271168082 -0.016044338330840333
leaf_weight=41.272581338882446 1.9809270313595835 1041.1480002403262 1008.2432072653917 2696.1847405134467 30.192673390149139 243.71331763267472 140.12772900158856
leaf_count=8 266 364 2684 6880 102 26 5758
internal_value=1.94953e-05 0.00312027 0.00440943 -0.00222177 -0.000969832 -0.0140369 -0.0151468
internal_weight=5202.86 2191.5 2049.39 3011.36 2726.38 284.986 142.109
internal_count=16088 9072 3048 7016 6982 34 6024
is_linear=0
shrinkage=0.0207867


Tree=113
num_leaves=8
num_cat=0
split_feature=2 15 15 14 6 19 19
split_gain=113.248 105.584 116.732 107.768 10.5376 6.50498 6.14074
threshold=5.5000000000000009 0.0027714438037946825 0.0041260377038270244 63.621768951416023 -0.0037454185076057907 -0.068556033074855791 -0.03369010612368583
decision_type=2 2 2 2 2 2 2
left_child=4 3 -3 -2 5 -1 -6
right_child=1 2 -4 -5 6 -7 -8
leaf_value=0.023443805993371047 -0.0075779422250285677 -0.013648408748382522 -0.00018690344901645472 0.029585443047721049 0.025090490220335725 -0.015044253931992499 0.0049422956920984014
leaf_weight=2.8930367669436237 48.868169997280177 296.80943366639076 4608.3169013968854 97.730869742050515 86.789048422935252 5.3932795317041364 13.483985257658217
leaf_count=13 261 1664 13787 187 82 35 59
internal_value=-2.21296e-05 -0.000482467 -0.00101086 0.0168828 0.0209747 0 0.0228408
internal_weight=5160.28 5051.73 4905.13 146.599 108.559 8.28632 100.273
internal_count=16088 15899 15451 448 189 48 141
is_linear=0
shrinkage=0.0207867


Tree=114
num_leaves=8
num_cat=0
split_feature=0 0 22 24 2 22 6
split_gain=122.85 174.344 225.252 166.408 109.578 133.634 102.065
threshold=1131482.2500000002 926242.65625000012 0.021699126809835437 0.0037350775673985486 12.500000000000002 0.047824215143918998 0.0042322673834860334
decision_type=2 2 2 2 2 2 2
left_child=1 2 -1 -3 6 -6 -2
right_child=4 3 -4 -5 5 -7 -8
leaf_value=-0.01803073011760838 0.010839672736660328 -0.0013614717878355487 0.02040167785437845 -0.01424885753323895 0.0046236282164183141 -0.0058829284293988237 -0.019393681941412805
leaf_weight=88.935661539819989 807.57608933869597 1159.2117966245464 245.18534995202742 699.83395642279243 1248.6690780613899 899.63500535387448 50.283024150865458
leaf_count=2154 2881 346 3997 286 3844 2297 283
internal_value=0 -0.00373777 0.0100339 -0.0062377 0.00273222 0.000202392 0.00901383
internal_weight=5199.33 2193.17 334.121 1859.05 3006.16 2148.3 857.859
internal_count=16088 6783 6151 632 9305 6141 3164
is_linear=0
shrinkage=0.0207867


Tree=115
num_leaves=8
num_cat=0
split_feature=1 1 0 1 6 14 1
split_gain=93.6168 138.136 86.8916 77.0576 78.1571 30.1237 0.820447
threshold=4.5724998926743872e-05 1.2035000054311242e-05 1055873.5625000002 5.2539999160217128e-05 -0.0010376136051490901 12.194317340850832 4.8584999603917829e-05
decision_type=2 2 2 2 2 2 2
left_child=1 2 -1 6 -5 -3 -2
right_child=3 5 -4 4 -6 -7 -8
leaf_value=0.0038896394021270542 0 0.035760128782981217 -0.0022606321612439672 0.019430268684545522 0.00031376230896790121 -0.010818714151367237 0.030127857842299446
leaf_weight=1761.7883660581015 3.4548181835585856 5.612832764409176 2267.9216495614846 124.14275356494807 381.83798574732674 589.73163653876372 62.539941364910362
leaf_count=5180 44 61 7599 535 1552 977 140
internal_value=1.92354e-05 -0.000952971 0.000416827 0.00796119 0.00509511 -0.0103022 0.0292369
internal_weight=5197.03 4625.05 4029.71 571.975 505.981 595.344 65.9948
internal_count=16088 13817 12779 2271 2087 1038 184
is_linear=0
shrinkage=0.0207867


Tree=116
num_leaves=8
num_cat=0
split_feature=8 0 16 6 9 6 22
split_gain=105.121 231.345 119.445 127.665 85.9605 72.2002 53.6257
threshold=52.972873687744148 1285289.0625000002 0.0019246226293034854 -0.00084121798863634456 6.3591961860656747 -1.0980540082528021e-05 0.02355486806482077
decision_type=2 2 2 2 2 2 2
left_child=1 6 3 -2 -3 -4 -1
right_child=2 4 5 -5 -6 -7 -8
leaf_value=0.00013162747540424268 -0.0078436530703127946 0.0056398391599339027 0.0035640279858986093 0.0042320160719595823 -0.0033961262638718273 -0.014390485404223862 0.015429170558554287
leaf_weight=126.21069359779358 613.50144973752674 639.33722926431801 114.21344331402224 985.00033049923252 1566.5664129257202 518.50553578565132 592.49699008464813
leaf_count=26 2257 4864 387 4189 1963 2302 100
internal_value=-2.24815e-05 0.00256101 -0.00342949 -0.000373764 -0.000756336 -0.0110766 0.0128069
internal_weight=5155.83 2924.61 2231.22 1598.5 2205.9 632.719 718.708
internal_count=16088 6953 9135 6446 6827 2689 126
is_linear=0
shrinkage=0.0207867


Tree=117
num_leaves=8
num_cat=0
split_feature=20 22 22 10 19 4 4
split_gain=122.008 115.428 201.423 113.783 48.4985 20.9097 12.0193
threshold=-0.017554643563926216 0.043003143742680557 0.030507039278745655 8.8943371772766131 -0.1351557523012161 0.014948730356991293 0.0057512095663696536
decision_type=2 2 2 2 2 2 2
left_child=4 2 -2 -3 6 -6 -1
right_child=1 3 -4 -5 5 -7 -8
leaf_value=-0.015877479305402679 -0.0020277788241577924 0.00086267216335114433 0.0090717777253961247 -0.0093418632510503512 0.022030528402015206 -0.0086414745426496836 0.016698495017795859
leaf_weight=22.636730519407084 2024.7622806655913 856.17655772040462 1081.7367771115037 1032.0800631372972 161.15928394872986 7.976053758781517 5.006112246903057
leaf_count=83 6575 2595 2898 3636 166 62 73
internal_value=0 -0.000630532 0.00182244 -0.00469049 0.0160566 0.0203116 -0.00831053
internal_weight=5191.53 4994.76 3106.5 1888.26 196.778 169.135 27.6428
internal_count=16088 15704 9473 6231 384 228 156
is_linear=0
shrinkage=0.0207867


Tree=118
num_leaves=8
num_cat=0
split_feature=1 1 1 19 15 11 1
split_gain=90.9211 134.314 74.4817 73.8992 54.9192 30.0622 0.637396
threshold=4.5724998926743872e-05 1.2035000054311242e-05 5.2539999160217128e-05 -0.043979562819004052 0.0060067898593842992 6.2711098194122323 4.8584999603917829e-05
decision_type=2 2 2 2 2 2 2
left_child=1 3 6 -1 -4 -3 -2
right_child=2 5 4 -5 -6 -7 -8
leaf_value=-0.004236064507238878 0 0.011211773930911743 -0.0014965753454296872 0.0021213656100006607 0.012065849600679454 -0.011217869066675835 0.029596987406361845
leaf_weight=1077.2575125404933 3.4466080721863923 25.001765460241359 259.41681582088984 2949.83522550113 246.77108072975648 566.36557789743733 62.677169693848384
leaf_count=3611 44 264 1001 9168 1086 774 140
internal_value=2.14042e-05 -0.000938118 0.00784513 0.000409291 0.00502417 -0.0101916 0.028743
internal_weight=5190.77 4618.46 572.312 4027.09 506.188 591.367 66.1238
internal_count=16088 13817 2271 12779 2087 1038 184
is_linear=0
shrinkage=0.0207867


Tree=119
num_leaves=8
num_cat=0
split_feature=2 6 19 9 6 19 19
split_gain=108.609 101.831 128.376 102.59 10.2255 6.48336 6.04259
threshold=5.5000000000000009 0.0033074952661991124 0.04446768946945668 52.939779281616218 -0.0037454185076057907 -0.068556033074855791 -0.03369010612368583
decision_type=2 2 2 2 2 2 2
left_child=4 2 -2 -3 5 -1 -6
right_child=1 3 -4 -5 6 -7 -8
leaf_value=0.023306582875314764 -0.00059724911934868783 0.012641428224857114 -0.016780893156196495 -0.020127981109873225 0.024667146749434241 -0.015088408480603232 0.0046639616140583514
leaf_weight=2.8986751838656346 4380.9375335967861 389.48144137806935 223.08603178166504 45.189358787615902 86.334737527320499 5.3887981636694331 13.454148657184872
leaf_count=13 13319 633 1470 477 82 35 59
internal_value=-2.35757e-05 -0.000474757 -0.00139143 0.0091286 0.0205847 0 0.0224321
internal_weight=5146.77 5038.69 4604.02 434.671 108.076 8.28747 99.7889
internal_count=16088 15899 14789 1110 189 48 141
is_linear=0
shrinkage=0.0207867


Tree=120
num_leaves=8
num_cat=0
split_feature=19 2 22 22 0 11 10
split_gain=118.197 160.466 111.109 234.825 115.887 70.7961 22.6325
threshold=-0.049825681373476975 10.500000000000002 0.040132964029908187 0.032145215198397643 1164176.2500000002 59.597635269165046 8.5229344367980975
decision_type=2 2 2 2 2 2 2
left_child=1 6 3 -2 -4 -3 -1
right_child=2 5 4 -5 -6 -7 -8
leaf_value=0.0066358951236426388 -0.0025583870515874627 0.012613038424301386 -0.014099947612446269 0.01180807708745958 -0.001869543941284613 -0.0008882043449448307 -0.017870652002470989
leaf_weight=15.848944615339816 1984.5446770471985 699.05963017500471 514.9568380933747 652.70157940088211 987.81711032238491 212.63461934066459 120.29336384490834
leaf_count=90 6574 1414 1510 1447 3101 1635 317
internal_value=0 0.00623929 -0.00157579 0.000979743 -0.00609122 0.00941358 -0.0146792
internal_weight=5187.86 1047.84 4140.02 2637.25 1502.77 911.694 136.142
internal_count=16088 3456 12632 8021 4611 3049 407
is_linear=0
shrinkage=0.0207867


Tree=121
num_leaves=8
num_cat=0
split_feature=1 1 0 6 1 15 0
split_gain=88.1622 131.141 82.5527 72.5286 69.9578 32.5063 29.8128
threshold=4.5724998926743872e-05 1.2035000054311242e-05 1055873.5625000002 -0.0010376136051490901 5.3214998843031942e-05 0.0057400166988372811 6012957.2500000009
decision_type=2 2 2 2 2 2 2
left_child=1 2 -1 5 -5 -2 -3
right_child=3 6 -4 4 -6 -7 -8
leaf_value=0.0037870018555144647 0 -0.011396298632075478 -0.002209891449849392 0.02703575234307071 0.00023415344048019249 0.025378039675435209 0.0064498080504827339
leaf_weight=1762.2381751693138 27.045255360361068 547.90316550403895 2263.3637218389167 47.821434877812521 381.9685600616869 116.12144410212841 40.270486575955147
leaf_count=5180 129 640 7599 181 1526 435 398
internal_value=2.13871e-05 -0.000924715 0.000403845 0.00772039 0.00332353 0.0205979 -0.0100961
internal_weight=5186.73 4613.78 4025.6 572.957 429.79 143.167 588.174
internal_count=16088 13817 12779 2271 1707 564 1038
is_linear=0
shrinkage=0.0207867


Tree=122
num_leaves=8
num_cat=0
split_feature=2 15 15 14 6 22 19
split_gain=105.229 101.202 113.223 103.211 10.0295 13.0127 6.2789
threshold=5.5000000000000009 0.0027714438037946825 0.0041260377038270244 63.621768951416023 -0.0037454185076057907 0.048214832320809371 -0.068556033074855791
decision_type=2 2 2 2 2 2 2
left_child=4 3 -3 -2 6 -6 -1
right_child=1 2 -4 -5 5 -7 -8
leaf_value=0.022687941897222091 -0.0074705494632767407 -0.013501451813672787 -0.00017799092785143075 0.028895548446897987 -0.0074496349899525081 0.023773223405412533 -0.014978940908565585
leaf_weight=2.9238896915230725 48.724744980646278 293.75883393988079 4594.4997139122461 98.133345428089456 3.799068347836779 95.744429346212272 5.3838668270333283
leaf_count=13 261 1664 13787 187 20 121 35
internal_value=-2.42822e-05 -0.000468396 -0.000988091 0.0165161 0.0202821 0.0221186 0
internal_weight=5142.97 5035.12 4888.26 146.858 107.851 99.5435 8.30776
internal_count=16088 15899 15451 448 189 141 48
is_linear=0
shrinkage=0.0207867


Tree=123
num_leaves=8
num_cat=0
split_feature=20 22 22 0 8 24 15
split_gain=116.407 110.16 190.742 125.802 42.3555 39.8262 12.0504
threshold=-0.017554643563926216 0.043003143742680557 0.030507039278745655 1164176.2500000002 52.393707275390632 0.010921177454292776 0.028965036384761337
decision_type=2 2 2 2 2 2 2
left_child=4 2 -2 -3 6 -6 -1
right_child=1 3 -4 -5 5 -7 -8
leaf_value=0.0063807417213007289 -0.0019791127481747594 -0.012682132699115138 0.0088139511443707935 -0.00097705950882998895 -0.018298653464531866 0.025047965004324706 -0.015097673530367502
leaf_weight=44.084868470672632 2021.3115784160091 577.00852877401667 1085.1565899954885 1302.0856889663082 8.6087229666611886 129.15258844483887 14.974807213991879
leaf_count=165 6575 2032 2898 4199 72 114 33
internal_value=0 -0.000616158 0.0017763 -0.00459584 0.0156823 0.0220046 0.000154358
internal_weight=5182.38 4985.56 3106.47 1879.09 196.821 137.761 59.0597
internal_count=16088 15704 9473 6231 384 186 198
is_linear=0
shrinkage=0.0207867


Tree=124
num_leaves=8
num_cat=0
split_feature=1 1 0 6 1 14 9
split_gain=85.6002 128.363 79.6613 70.3826 67.807 29.4725 29.2562
threshold=4.5724998926743872e-05 1.2035000054311242e-05 1055873.5625000002 -0.0010376136051490901 5.3214998843031942e-05 12.194317340850832 6.8289039134979257
decision_type=2 2 2 2 2 2 2
left_child=1 2 -1 6 -5 -3 -2
right_child=3 5 -4 4 -6 -7 -8
leaf_value=0.0037231561146671751 0.027799232473383131 0.035460188793215074 -0.0021691589202685151 0.026592901985629986 0.00022434171420652544 -0.010531768672094601 0.0070745823601594034
leaf_weight=1762.4581393216331 89.156529544852731 5.6366912665035889 2260.4333070363127 47.901317067375089 382.0134671779204 579.63867039802324 54.305290351885787
leaf_count=5180 290 61 7599 181 1526 977 274
internal_value=2.20806e-05 -0.000911421 0.00040085 0.00760493 0.00326955 -0.0100101 0.0202755
internal_weight=5181.54 4608.17 4022.89 573.377 429.915 585.275 143.462
internal_count=16088 13817 12779 2271 1707 1038 564
is_linear=0
shrinkage=0.0207867


Tree=125
num_leaves=8
num_cat=0
split_feature=2 15 15 14 6 22 19
split_gain=101.958 98.424 110.661 100.094 9.85066 12.753 6.06026
threshold=5.5000000000000009 0.0027714438037946825 0.0041260377038270244 63.621768951416023 -0.0037454185076057907 0.048214832320809371 -0.068556033074855791
decision_type=2 2 2 2 2 2 2
left_child=4 3 -3 -2 6 -6 -1
right_child=1 2 -4 -5 5 -7 -8
leaf_value=0.022025946924252051 -0.0073740766673733799 -0.013386884536714595 -0.00017637435609619032 0.028442490608721813 -0.0074061700537150976 0.02346172871881666 -0.014856562880918937
leaf_weight=2.9503815211774054 48.613766587822909 291.95030416282316 4591.9226095063086 98.347307974148237 3.7950409363648268 95.451238306545818 5.3788039226454867
leaf_count=13 261 1664 13787 187 20 121 35
internal_value=-2.51276e-05 -0.000462256 -0.000975516 0.016281 0.019989 0.021817 0
internal_weight=5138.41 5030.83 4883.87 146.961 107.575 99.2463 8.32919
internal_count=16088 15899 15451 448 189 141 48
is_linear=0
shrinkage=0.0207867


Tree=126
num_leaves=8
num_cat=0
split_feature=19 2 10 18 11 20 1
split_gain=113.446 153.565 106.724 123.478 68.5326 67.4533 40.6649
threshold=-0.049825681373476975 10.500000000000002 62.333595275878913 -0.016257079318165776 59.597635269165046 -0.0087282373569905741 9.0744997578440248e-05
decision_type=2 2 2 2 2 2 2
left_child=1 6 3 -2 -3 -4 -1
right_child=2 4 5 -5 -6 -7 -8
leaf_value=-0.017960137486655006 -0.0089860643637478688 0.012337929204611823 -0.007858556672503814 -0.00026900481600808818 -0.00094267091911998829 0.019421184173390824 0.024343323951124218
leaf_weight=124.24325151184769 921.58163847750984 700.42482938320597 48.962081488010739 2999.0153187178048 212.56169378349523 161.27417086020719 9.7737133009359223
leaf_count=397 1424 1414 440 4556 1635 6212 10
internal_value=0 0.00611442 -0.00154615 -0.00232981 0.00919545 0.0128487 -0.0145311
internal_weight=5177.84 1047 4130.83 3920.6 912.987 210.236 134.017
internal_count=16088 3456 12632 5980 3049 6652 407
is_linear=0
shrinkage=0.0207867


Tree=127
num_leaves=8
num_cat=0
split_feature=1 1 0 6 1 24 9
split_gain=83.0072 125.541 77.9931 68.3667 65.8492 29.8027 28.2522
threshold=4.5724998926743872e-05 1.2035000054311242e-05 903717.00000000012 -0.0010376136051490901 5.3214998843031942e-05 0.0018869330524466934 6.8289039134979257
decision_type=2 2 2 2 2 2 2
left_child=1 2 -1 6 -5 -3 -2
right_child=3 5 -4 4 -6 -7 -8
leaf_value=-0.014930193774547287 0.027348980520533302 0.017841817535257012 0.00095496451285773836 0.026178517501273806 0.00020759223124916013 -0.010738453301653504 0.0069701997961354656
leaf_weight=138.14925991375503 89.351690885610878 15.028653760963378 3882.2924050154506 47.964044235386439 382.1444334836292 567.24609922373725 54.340136135361433
leaf_count=4564 290 220 8215 181 1526 818 274
internal_value=2.26649e-05 -0.000897787 0.000397659 0.00748636 0.00321094 -0.00992163 0.0199631
internal_weight=5176.52 4602.72 4020.44 573.8 430.108 582.275 143.692
internal_count=16088 13817 12779 2271 1707 1038 564
is_linear=0
shrinkage=0.0207867


Tree=128
num_leaves=8
num_cat=0
split_feature=2 6 19 24 6 22 19
split_gain=99.0488 95.8717 126.032 101.524 9.635 12.4733 5.88415
threshold=5.5000000000000009 0.0033074952661991124 0.04446768946945668 0.009331120643764736 -0.0037454185076057907 0.048214832320809371 -0.068556033074855791
decision_type=2 2 2 2 2 2 2
left_child=4 2 -2 -3 6 -6 -1
right_child=1 3 -4 -5 5 -7 -8
leaf_value=0.021566738675666514 -0.00056261507890264465 0.016007491190330528 -0.016651383981837388 -0.0050751210122635263 -0.0073001744423620276 0.023177244150267801 -0.014707131413571554
leaf_weight=2.9683935693828971 4370.2648357495245 289.71675179435931 221.54742271952546 145.47501950816388 3.7857579482217849 95.133928486476279 5.3711796521598654
leaf_count=13 13319 642 1470 468 20 121 35
internal_value=-2.57635e-05 -0.000456456 -0.00134891 0.00885412 0.0197301 0.0215449 0
internal_weight=5134.26 5027 4591.81 435.192 107.259 98.9197 8.33957
internal_count=16088 15899 14789 1110 189 141 48
is_linear=0
shrinkage=0.0207867


Tree=129
num_leaves=8
num_cat=0
split_feature=20 0 0 15 9 24 1
split_gain=111.792 103.754 123.055 82.7051 40.6894 38.5299 12.1133
threshold=-0.017554643563926216 5455847.2500000009 926242.65625000012 0.0073425280861556539 54.799695968627937 0.010921177454292776 -1.0000000180025095e-35
decision_type=2 2 2 2 2 2 2
left_child=4 2 -2 -3 6 -6 -1
right_child=1 3 -4 -5 5 -7 -8
leaf_value=-0.018802341584156734 0.0098502671277201845 -0.0020088350328601643 -0.0033609608253505319 0.0095685489278979161 -0.018104461637887259 0.024557092687128076 0.0053663971284165059
leaf_weight=10.899102672003208 331.91933628430706 432.11297120425661 3539.6170139856658 673.05406597689125 8.5810728241520149 129.17809363462399 47.973102740828153
leaf_count=33 6056 3077 2179 4392 72 114 165
internal_value=0 -0.000604581 -0.00221641 0.00500016 0.0153755 0.0215651 0.000109066
internal_weight=5173.33 4976.7 3871.54 1105.17 196.631 137.759 58.8722
internal_count=16088 15704 8235 7469 384 186 198
is_linear=0
shrinkage=0.0207867


Tree=130
num_leaves=8
num_cat=0
split_feature=7 0 7 0 21 20 23
split_gain=72.1816 107.036 133.381 100.591 59.6112 27.4528 10.842
threshold=53.620744705200202 903717.00000000012 58.937025070190437 1000338.0312500001 0.80094090104103099 -0.0063269599340856067 -0.0086392853409051878
decision_type=2 2 2 2 2 2 2
left_child=3 6 -3 5 -5 -1 -2
right_child=1 2 -4 4 -6 -7 -8
leaf_value=0.0044482370880138955 0.025681138569867319 0.0067690378261489994 -0.0064181025339746806 0.00086595157783705761 -0.0071218858776337527 -0.014225054300220618 -0.015695065993777117
leaf_weight=33.913718938827515 1.9598682130739451 1642.7287260293961 411.74472431744744 2120.9832615274354 497.15954982244875 328.13638949394181 135.75075353679142
leaf_count=9 266 549 2499 5682 1284 41 5758
internal_value=2.50848e-05 0.00289697 0.00410372 -0.00207196 -0.000633255 -0.0123486 -0.0147715
internal_weight=5172.38 2192.18 2054.47 2980.19 2618.14 362.05 137.711
internal_count=16088 9072 3048 7016 6966 50 6024
is_linear=0
shrinkage=0.0207867


Tree=131
num_leaves=8
num_cat=0
split_feature=2 6 18 9 6 22 8
split_gain=96.0822 92.6552 113.577 99.6848 9.47804 12.2443 4.77513
threshold=5.5000000000000009 0.0033074952661991124 0.022584107704460624 52.939779281616218 -0.0037454185076057907 0.048214832320809371 52.393707275390632
decision_type=2 2 2 2 2 2 2
left_child=4 2 -2 -3 6 -6 -1
right_child=1 3 -4 -5 5 -7 -8
leaf_value=0.015812577433220305 -0.00036377367181037075 0.012153227698133675 -0.012526445449895826 -0.02014452515850115 -0.0072691663238453096 0.022890664169590867 -0.015634052212471394
leaf_weight=3.6574614925775659 4226.4448405600178 390.40248469699839 360.97326667561993 45.209840417554346 3.7824615230880019 94.809932515696843 4.6998717793311471
leaf_count=14 12957 633 1832 477 20 121 34
internal_value=-2.81155e-05 -0.000452188 -0.00133087 0.00869541 0.019458 0.0212661 0
internal_weight=5129.98 5023.03 4587.42 435.612 106.95 98.5924 8.35733
internal_count=16088 15899 14789 1110 189 141 48
is_linear=0
shrinkage=0.0207867


Tree=132
num_leaves=8
num_cat=0
split_feature=19 2 22 22 0 11 1
split_gain=109.003 146.925 105.843 220.016 109.661 65.7102 39.8182
threshold=-0.049825681373476975 10.500000000000002 0.040132964029908187 0.032145215198397643 1164176.2500000002 59.597635269165046 9.0744997578440248e-05
decision_type=2 2 2 2 2 2 2
left_child=1 6 3 -2 -4 -3 -1
right_child=2 5 4 -5 -6 -7 -8
leaf_value=-0.017837491624451297 -0.002464074969601506 0.012056871868929963 -0.013850279927568156 0.011433129341012453 -0.0018644462328800205 -0.00094551787092100382 0.023936853231979738
leaf_weight=122.09491155094497 1977.5058464327874 701.82175658200867 503.98169226359096 654.52762089127941 987.04783753726588 212.35519714851921 9.8214622167870385
leaf_count=397 6574 1414 1510 1447 3101 1635 10
internal_value=0 0.00599576 -0.00151734 0.000974335 -0.00594668 0.00898611 -0.0143779
internal_weight=5169.16 1046.09 4123.06 2632.03 1491.03 914.177 131.916
internal_count=16088 3456 12632 8021 4611 3049 407
is_linear=0
shrinkage=0.0207867


Tree=133
num_leaves=8
num_cat=0
split_feature=1 1 1 19 15 24 1
split_gain=79.9096 121.575 66.2738 64.7189 52.1533 28.9799 0.898164
threshold=4.5724998926743872e-05 1.2035000054311242e-05 5.2539999160217128e-05 -0.043979562819004052 0.0060067898593842992 0.0018869330524466934 4.8584999603917829e-05
decision_type=2 2 2 2 2 2 2
left_child=1 3 6 -1 -4 -3 -2
right_child=2 5 4 -5 -6 -7 -8
leaf_value=-0.0039821421841870815 0 0.017450418841753249 -0.0016675426097194201 0.001989059375103562 0.011533873978850985 -0.010614386470737576 0.027864154361110165
leaf_weight=1066.5749472156017 3.5663299694744515 15.14336858043009 260.09744972662037 2948.7442226455114 247.43862944191676 562.59743445741776 62.969471132992794
leaf_count=3611 44 220 1001 9168 1086 818 140
internal_value=2.46227e-05 -0.000880307 0.00734511 0.000391471 0.00467772 -0.00979899 0.0269993
internal_weight=5167.13 4593.06 574.072 4015.32 507.536 577.741 66.5358
internal_count=16088 13817 2271 12779 2087 1038 184
is_linear=0
shrinkage=0.0207867


Tree=134
num_leaves=8
num_cat=0
split_feature=8 7 10 10 15 15 22
split_gain=93.9965 208.021 109.412 260.14 182.2 83.5508 50.6429
threshold=52.972873687744148 31.356072902679447 55.17633247375489 55.59327697753907 0.0075457831844687471 0.0060724795330315837 0.02355486806482077
decision_type=2 2 2 2 2 2 2
left_child=1 5 4 -4 -2 -1 -3
right_child=2 6 3 -5 -6 -7 -8
leaf_value=0.0055493274088306687 -0.019200862612075289 0 0.020789579430299531 -0.0037383993790973168 0.0053325589665953093 -0.0033491955369416302 0.014746658925920199
leaf_weight=643.05885693966457 389.93046283721924 126.31418228149414 215.15697169303894 1414.9258969862981 193.01582062244415 1556.5197076782933 586.82473301887512
leaf_count=1655 139 26 63 8849 84 5172 100
internal_value=-2.79474e-05 0.00241659 -0.00326619 -0.00047264 -0.0109987 -0.000726708 0.0121763
internal_weight=5125.75 2912.72 2213.03 1630.08 582.946 2199.58 713.139
internal_count=16088 6953 9135 8912 223 6827 126
is_linear=0
shrinkage=0.0207867


Tree=135
num_leaves=8
num_cat=0
split_feature=20 22 5 24 19 24 4
split_gain=107.15 106.181 133.272 63.431 44.4463 30.2098 11.4214
threshold=-0.017554643563926216 0.074030339717865004 79.299655914306655 0.0046338208485394725 -0.1351557523012161 0.01138023938983679 0.0057512095663696536
decision_type=2 2 2 2 2 2 2
left_child=4 2 -2 -3 6 -6 -1
right_child=1 3 -4 -5 5 -7 -8
leaf_value=-0.015905696457414097 -0.00016533594828464982 0.011293871527992808 0.024934959416831576 -0.013241282526838021 -0.00075315879111072736 0.022701299951703578 0.015659694462418938
leaf_weight=22.268043441816861 4434.1807637210331 49.528749119525628 93.271801512893944 388.95659743003239 23.870856950596476 145.25609775982934 5.0204476164846161
leaf_count=83 13765 169 179 1591 132 96 73
internal_value=0 -0.000594494 0.000341584 -0.0103648 0.0150592 0.0191184 -0.00840929
internal_weight=5162.35 4965.94 4527.45 438.485 196.415 169.127 27.2885
internal_count=16088 15704 13944 1760 384 228 156
is_linear=0
shrinkage=0.0207867


Tree=136
num_leaves=8
num_cat=0
split_feature=1 1 0 1 15 0 1
split_gain=77.4667 118.922 74.2273 64.201 50.7266 29.3032 0.767126
threshold=4.5724998926743872e-05 1.2035000054311242e-05 903717.00000000012 5.2539999160217128e-05 0.0060067898593842992 6012957.2500000009 4.8584999603917829e-05
decision_type=2 2 2 2 2 2 2
left_child=1 2 -1 6 -5 -3 -2
right_child=3 5 -4 4 -6 -7 -8
leaf_value=-0.014712188271378384 0 -0.011029620304371487 0.00093035199122361149 -0.0016526632039797909 0.011360580620572002 0.0067646117957591749 0.027418109590669648
leaf_weight=135.50062631327182 3.5626668440630729 534.60837940164492 3877.3704922988418 260.03578303243205 247.84568694913969 39.922264353273931 62.970793192495876
leaf_count=4564 44 640 8215 1001 1086 398 140
internal_value=2.74601e-05 -0.000864665 0.000390672 0.00723241 0.00460703 -0.00971293 0.0265804
internal_weight=5161.82 4587.4 4012.87 574.415 507.881 574.531 66.5335
internal_count=16088 13817 12779 2271 2087 1038 184
is_linear=0
shrinkage=0.0207867


Tree=137
num_leaves=8
num_cat=0
split_feature=19 8 0 12 17 10 7
split_gain=93.845 95.7796 176.029 147.73 72.0309 33.4798 22.9794
threshold=0.04446768946945668 52.972873687744148 5266624.2500000009 53.217937469482429 0.04378181882202626 1.4440774917602541 55.112113952636726
decision_type=2 2 2 2 2 2 2
left_child=1 2 -1 -3 5 -2 -6
right_child=4 3 -4 -5 6 -7 -8
leaf_value=0.007678226997738632 0.0023181796608546363 -0.015203735427164059 -0.0029912245819242009 -0.00021804900881123706 0.02512136932496916 -0.01843598756806529 -0.012685469036763087
leaf_weight=1598.1400685533877 35.066323063918617 341.04144859313965 1140.4657423688332 1746.9682727328295 27.674690266372636 221.11138191451573 7.4781829079781792
leaf_count=1206 698 112 4770 8246 65 967 24
internal_value=-2.87974e-05 0.000653706 0.00321821 -0.00268779 -0.0114944 -0.0154152 0.0157674
internal_weight=5117.95 4826.62 2738.61 2088.01 291.331 256.178 35.1529
internal_count=16088 14334 5976 8358 1754 1665 89
is_linear=0
shrinkage=0.0207867


Tree=138
num_leaves=8
num_cat=0
split_feature=0 0 22 1 2 22 6
split_gain=107.062 156.507 209.26 155.508 98.9033 127.935 93.8982
threshold=1131482.2500000002 926242.65625000012 0.021699126809835437 3.1424999178852893e-05 12.500000000000002 0.047824215143918998 0.0042322673834860334
decision_type=2 2 2 2 2 2 2
left_child=1 2 -1 -3 6 -6 -2
right_child=4 3 -4 -5 5 -7 -8
leaf_value=-0.01783376430513197 0.010232704139636992 -0.008869853958504894 0.019487016664266988 0.0066261602527985563 0.0044469131268456436 -0.0058452756332298753 -0.019006606128236844
leaf_weight=87.188060653521802 809.7163608146584 1480.9627652552085 244.65475658397111 341.54197418689728 1249.9246129597759 895.52275007117987 49.374605501347105
leaf_count=2154 2881 569 3997 63 3844 2297 283
internal_value=0 -0.00353426 0.00954249 -0.00594057 0.00253775 0.000129407 0.00849858
internal_weight=5158.89 2154.35 331.843 1822.5 3004.54 2145.45 859.091
internal_count=16088 6783 6151 632 9305 6141 3164
is_linear=0
shrinkage=0.0207867


Tree=139
num_leaves=7
num_cat=0
split_feature=0 13 7 0 23 21
split_gain=68.1259 100.932 130.807 91.9573 10.7073 10.6386
threshold=903717.00000000012 53.698999404907234 57.047813415527351 985596.00000000012 -0.0086392853409051878 1.258824408054352
decision_type=2 2 2 2 2 2
left_child=4 3 -3 -2 -1 -6
right_child=1 2 -4 -5 5 -7
leaf_value=0.025661752800078805 -0.013561544480098983 0.0091665778169350998 -0.001307983748633415 -0.00083054947623568086 -0.016429604957964861 0.023562855036254132
leaf_weight=1.9605100975742562 270.96275520324798 1039.7142307758331 1007.9100129419503 2704.3094571892871 130.91444843342646 2.001971768298886
leaf_count=266 34 364 2684 6982 5728 30
internal_value=2.83027e-05 0.000428692 0.00398813 -0.00200547 -0.0145407 -0.0154805
internal_weight=5157.77 5022.9 2047.62 2975.27 134.877 132.916
internal_count=16088 10064 3048 7016 6024 5758
is_linear=0
shrinkage=0.0207867


Tree=140
num_leaves=8
num_cat=0
split_feature=19 8 0 12 17 10 8
split_gain=91.4634 92.4873 170.573 144.938 70.2344 33.0252 22.3036
threshold=0.04446768946945668 52.972873687744148 5266624.2500000009 53.217937469482429 0.04378181882202626 1.4440774917602541 54.016324996948249
decision_type=2 2 2 2 2 2 2
left_child=1 2 -1 -3 5 -2 -6
right_child=4 3 -4 -5 6 -7 -8
leaf_value=0.0075465517763095786 0.0023113850103684097 -0.015091986469745043 -0.0029573320822915577 -0.00020467252547572292 0.024642067593315692 -0.018306466385855209 -0.012611407193137879
leaf_weight=1599.5779330134392 35.066026886226837 338.69053936004639 1139.224874233827 1745.8800598412799 27.816170324804261 219.41094929025644 7.4449890859827965
leaf_count=1206 698 112 4770 8246 65 967 24
internal_value=-3.06546e-05 0.000641689 0.00316056 -0.0026456 -0.0113825 -0.0152843 0.0154692
internal_weight=5113.11 4823.37 2738.8 2084.57 289.738 254.477 35.2612
internal_count=16088 14334 5976 8358 1754 1665 89
is_linear=0
shrinkage=0.0207867


Tree=141
num_leaves=8
num_cat=0
split_feature=0 0 1 7 2 12 6
split_gain=104.092 151.908 150.115 117.175 96.3353 96.878 91.2571
threshold=1131482.2500000002 926242.65625000012 3.1424999178852893e-05 56.165094375610359 12.500000000000002 57.835105895996101 0.0042322673834860334
decision_type=2 2 2 2 2 2 2
left_child=1 3 -3 -1 6 -6 -2
right_child=4 2 -4 -5 5 -7 -8
leaf_value=-0.0041015716010542767 0.010079942666349168 -0.0087672521224814118 0.0064537305468521013 0.020559421237589161 -0.0019478090965959402 0.0094739113711575021 -0.018845524659526172
leaf_weight=147.884332418442 811.00625010316799 1472.5343529957968 342.13090085983276 183.12402758844496 1752.4603118387749 392.65133278730264 48.992526296589858
leaf_count=41 2881 569 63 6110 4562 1579 283
internal_value=0 -0.00349429 -0.00587214 0.0094024 0.00249974 0.000121389 0.00837852
internal_weight=5150.78 2145.67 1814.67 331.008 3005.11 2145.11 859.999
internal_count=16088 6783 632 6151 9305 6141 3164
is_linear=0
shrinkage=0.0207867


Tree=142
num_leaves=8
num_cat=0
split_feature=1 1 0 6 1 15 0
split_gain=75.7608 114.329 71.0576 65.4112 60.3265 29.753 28.5316
threshold=4.5724998926743872e-05 1.2035000054311242e-05 1055873.5625000002 -0.0010376136051490901 5.3214998843031942e-05 0.0057400166988372811 6012957.2500000009
decision_type=2 2 2 2 2 2 2
left_child=1 2 -1 5 -5 -2 -3
right_child=3 6 -4 4 -6 -7 -8
leaf_value=0.0035143901466946886 0 -0.010890417029780726 -0.0020610062255568972 0.024964118009231796 9.3296766645002834e-05 0.023893944924079463 0.0066378146222882259
leaf_weight=1756.508540220118 27.077282774475577 529.195129020884 2250.8270860912708 47.908497062086724 382.41999964781195 116.84925088972574 40.059036974726041
leaf_count=5180 129 640 7599 181 1526 435 398
internal_value=2.81131e-05 -0.000855893 0.000371318 0.00715356 0.00296928 0.019344 -0.00957597
internal_weight=5150.84 4576.59 4007.34 574.255 430.328 143.927 569.254
internal_count=16088 13817 12779 2271 1707 564 1038
is_linear=0
shrinkage=0.0207867


Tree=143
num_leaves=8
num_cat=0
split_feature=2 15 15 14 19 21 21
split_gain=89.9987 93.9556 107.13 93.8992 4.33842 5.24328 3.30576
threshold=5.5000000000000009 0.0027714438037946825 0.0041260377038270244 63.621768951416023 -0.03369010612368583 -0.3223975002765655 0.50066545605659496
decision_type=2 2 2 2 2 2 2
left_child=4 3 -3 -2 5 -1 -6
right_child=1 2 -4 -5 6 -7 -8
leaf_value=0 -0.0071140874010671151 -0.013249015462883894 -0.0001607429622845739 0.027639997350376939 -0.01098778706461279 0.021495439370698078 0.010788463860710086
leaf_weight=1.8929656634791161 48.165712891921146 287.78875719238931 4565.8553284362888 98.644436408302965 2.5784697019804375 90.74961720177771 10.672295661730358
leaf_count=6 261 1664 13787 187 24 119 40
internal_value=-3.11779e-05 -0.000441772 -0.000946287 0.0159239 0.0189225 0.020692 0.00307249
internal_weight=5106.35 5000.45 4853.64 146.81 105.893 92.6426 13.2508
internal_count=16088 15899 15451 448 189 125 64
is_linear=0
shrinkage=0.0207867


Tree=144
num_leaves=8
num_cat=0
split_feature=20 22 22 0 8 24 1
split_gain=102.76 102.115 171.212 112.496 37.9307 36.4694 12.0957
threshold=-0.017554643563926216 0.043003143742680557 0.030507039278745655 1164176.2500000002 52.393707275390632 0.010921177454292776 -1.0000000180025095e-35
decision_type=2 2 2 2 2 2 2
left_child=4 2 -2 -3 6 -6 -1
right_child=1 3 -4 -5 5 -7 -8
leaf_value=-0.018934151051646062 -0.0018548643959978085 -0.012274901422608798 0.0083854079943368586 -0.0010569609408303273 -0.01787410360690769 0.023667341074255891 0.0052533263581208897
leaf_weight=10.910416685044764 2006.9874715378239 556.06498705050717 1084.2578214907037 1300.3828996180882 8.5458315195636185 128.79752585284561 47.648516858348046
leaf_count=33 6575 2032 2898 4199 72 114 165
internal_value=0 -0.00058147 0.00172201 -0.00444192 0.0147685 0.0207469 0
internal_weight=5143.6 4947.69 3091.25 1856.45 195.902 137.343 58.5589
internal_count=16088 15704 9473 6231 384 186 198
is_linear=0
shrinkage=0.0207867


Tree=145
num_leaves=8
num_cat=0
split_feature=13 7 15 6 6 20 24
split_gain=63.3022 96.4667 83.9072 78.8397 69.2 143.652 71.2669
threshold=53.698999404907234 58.937025070190437 0.0029753256822004919 0.0027624642243608837 -9.2195969045860679e-05 -0.0042130122892558566 0.017557043582201007
decision_type=2 2 2 2 2 2 2
left_child=4 2 -2 -3 5 -1 -6
right_child=1 3 -4 -5 6 -7 -8
leaf_value=-0.0022135010776774475 -0.015449353952358804 -0.0086328879087075646 0.0058754098667352225 0.030039629639376484 -0.0047656554875051193 0.014937428614804685 0.040809832460178622
leaf_weight=814.24971265933709 82.600818991661299 387.77038745600782 1684.5032124519348 23.758248326819171 1853.5829594727838 283.5717588684638 14.746402990305794
leaf_count=1887 12 7867 555 638 3810 1265 54
internal_value=2.77535e-05 0.00272696 0.00485253 -0.00628825 -0.00193927 0.00217467 -0.00438127
internal_weight=5144.78 2178.63 1767.1 411.529 2966.15 1097.82 1868.33
internal_count=16088 9072 567 8505 7016 3152 3864
is_linear=0
shrinkage=0.0207867


Tree=146
num_leaves=8
num_cat=0
split_feature=19 2 15 21 13 5 6
split_gain=89.9676 81.5647 83.7401 63.8742 25.1905 17.8441 9.47667
threshold=0.04446768946945668 5.5000000000000009 0.0027714438037946825 1.0772951841354372 1.5443375110626223 85.523387908935561 -0.0037454185076057907
decision_type=2 2 2 2 2 2 2
left_child=1 6 -3 4 -2 -5 -1
right_child=3 2 -4 5 -6 -7 -8
leaf_value=0 0.00026579587926367206 0.015676528221164214 -0.00026709029747270645 0 -0.018201309647995739 0.024827146222920277 0.020558291327139867
leaf_weight=8.4247297103430565 31.836501095793096 146.83965735167294 4560.3139278587842 23.888784712954134 211.67266922458884 21.092473229612551 97.134525368623031
leaf_count=48 667 448 13697 133 920 34 141
internal_value=-3.11764e-05 0.000635628 0.000220479 -0.0113148 -0.0155976 0.0108455 0.0187115
internal_weight=5101.2 4812.71 4707.15 288.49 243.509 44.9813 105.559
internal_count=16088 14334 14145 1754 1587 167 189
is_linear=0
shrinkage=0.0207867


Tree=147
num_leaves=8
num_cat=0
split_feature=20 22 0 24 11 24 1
split_gain=100.053 101.261 131.295 62.5462 36.9021 35.5401 11.8232
threshold=-0.017554643563926216 0.074030339717865004 1164176.2500000002 0.0046338208485394725 56.175514221191413 0.010921177454292776 -1.0000000180025095e-35
decision_type=2 2 2 2 2 2 2
left_child=4 2 -2 -3 6 -6 -1
right_child=1 3 -4 -5 5 -7 -8
leaf_value=-0.01874293000580796 -0.0031729712829802201 0.01134707553522569 0.0039182576327045689 -0.013071183356939388 -0.017679903756024601 0.02336343094963516 0.0051963449463952082
leaf_weight=10.87921874783933 2270.5803520557656 49.374295855869377 2239.8012111587377 383.55048023662789 8.5143794580639831 128.68898343626893 47.655239305923516
leaf_count=33 6280 169 7664 1591 72 114 165
internal_value=0 -0.0005736 0.000338228 -0.0101799 0.0145793 0.0204805 0
internal_weight=5139.04 4943.31 4510.38 432.925 195.738 137.203 58.5345
internal_count=16088 15704 13944 1760 384 186 198
is_linear=0
shrinkage=0.0207867


Tree=148
num_leaves=8
num_cat=0
split_feature=7 2 2 22 10 7 2
split_gain=60.935 98.0672 109.258 69.1848 55.199 78.8536 68.4068
threshold=53.620744705200202 44.500000000000007 33.500000000000007 0.021898910403251651 53.501379013061531 52.813856124877937 27.500000000000004
decision_type=2 2 2 2 2 2 2
left_child=4 2 -2 -3 5 -1 -6
right_child=1 3 -4 -5 6 -7 -8
leaf_value=-0.0008619617137981462 0.00284251586362122 0.032209148540453564 0.023050141381118452 -0.013921619484283559 -0.0011142421143547159 0.027250956660243408 -0.014260664136068343
leaf_weight=2202.5368231747411 1844.8002154110279 14.569733604461815 124.40067478804031 200.82852039531122 396.7499452829361 43.934127926826477 312.21849274635315
leaf_count=6837 8460 135 312 165 122 19 38
internal_value=2.77975e-05 0.00266907 0.0041425 -0.0105873 -0.00190898 -0.000291641 -0.00696873
internal_weight=5140.04 2184.6 1969.2 215.398 2955.44 2246.47 708.968
internal_count=16088 9072 8772 300 7016 6856 160
is_linear=0
shrinkage=0.0207867


Tree=149
num_leaves=8
num_cat=0
split_feature=2 6 5 24 6 21 10
split_gain=84.9249 83.2771 98.1927 96.3722 9.2922 5.15437 4.80255
threshold=5.5000000000000009 0.0033074952661991124 69.64422988891603 0.009331120643764736 -0.0037454185076057907 -0.3223975002765655 53.973821640014656
decision_type=2 2 2 2 2 2 2
left_child=4 2 -2 -3 6 -6 -1
right_child=1 3 -4 -5 5 -7 -8
leaf_value=0.014812612012768312 -0.00048805360322474333 0.015215091981141489 -0.013381833913081719 -0.0053406697806178665 0 0.021055214050031922 -0.016348980539414422
leaf_weight=3.7086531880777311 4284.7417334055135 289.74189649758262 272.15975625653482 145.22724897212595 1.9020390727382608 94.782394895093375 4.7191700457035495
leaf_count=14 13590 642 1199 468 6 135 34
internal_value=-3.16099e-05 -0.000429986 -0.00126825 0.00824598 0.0184491 0.0202871 0
internal_weight=5096.98 4991.87 4556.9 434.969 105.112 96.6844 8.42782
internal_count=16088 15899 14789 1110 189 141 48
is_linear=0
shrinkage=0.0207867


Tree=150
num_leaves=8
num_cat=0
split_feature=19 2 10 18 5 20 7
split_gain=99.7882 133.364 99.2459 116.946 67.3589 64.0723 21.1052
threshold=-0.049825681373476975 10.500000000000002 62.333595275878913 -0.016257079318165776 51.916326522827156 -0.0087282373569905741 7.95334815979004
decision_type=2 2 2 2 2 2 2
left_child=1 6 3 -2 -3 -4 -1
right_child=2 4 5 -5 -6 -7 -8
leaf_value=0.006276947119553406 -0.0087562308025717125 0.0068446563101324321 -0.0078035948849919327 -0.00021417429745071518 0.028254536371117082 0.018787904542272884 -0.01740987871983634
leaf_weight=15.901737959126036 907.39736228482798 844.28652120079005 48.846179617839795 2974.9586187146469 70.666654605869326 161.82442980461164 111.06575734238929
leaf_count=90 1424 2887 440 4556 162 6212 317
internal_value=0 0.00574686 -0.00145845 -0.00222253 0.00854863 0.0124036 -0.0140802
internal_weight=5134.95 1041.92 4093.03 3882.36 914.953 210.671 126.967
internal_count=16088 3456 12632 5980 3049 6652 407
is_linear=0
shrinkage=0.0207867


Tree=151
num_leaves=8
num_cat=0
split_feature=1 1 0 6 1 15 24
split_gain=72.8054 109.505 68.4735 62.8163 57.6137 28.6558 28.4964
threshold=4.5724998926743872e-05 1.2035000054311242e-05 903717.00000000012 -0.0010376136051490901 5.3214998843031942e-05 0.0057400166988372811 0.0018869330524466934
decision_type=2 2 2 2 2 2 2
left_child=1 2 -1 5 -5 -2 -3
right_child=3 6 -4 4 -6 -7 -8
leaf_value=-0.014377179886915177 0 0.017670265783107039 0.00087094913721507273 0.024437975042509302 9.539329962471504e-05 0.023419005659565627 -0.01024985607029045
leaf_weight=131.42627450128521 27.060821301932435 15.079741067115263 3866.6962745061892 47.762754796669924 382.03363533037646 116.93744207931405 548.49858004600719
leaf_count=4564 129 220 8215 181 1526 435 818
internal_value=2.8883e-05 -0.000839888 0.000358184 0.007016 0.0029078 0.0189578 -0.00942101
internal_weight=5135.5 4561.7 3998.12 573.795 429.796 143.998 563.578
internal_count=16088 13817 12779 2271 1707 564 1038
is_linear=0
shrinkage=0.0207867


Tree=152
num_leaves=8
num_cat=0
split_feature=19 8 0 10 21 10 7
split_gain=87.3428 85.2503 159.431 117.38 61.831 24.6751 16.3564
threshold=0.04446768946945668 52.972873687744148 5266624.2500000009 55.17633247375489 1.0772951841354372 1.4440774917602541 6.6419143676757821
decision_type=2 2 2 2 2 2 2
left_child=1 2 -1 -3 5 -2 -6
right_child=4 3 -4 -5 6 -7 -8
leaf_value=0.0072838499133292501 0.00020304177526933744 -0.01125459293961905 -0.002881902147040189 0.00023682128974505918 -0.0064275996690687596 -0.018047463322122214 0.019031962808606414
leaf_weight=1597.1339133679867 31.932955325697236 505.63440358638741 1136.1236560888938 1567.1533957968406 13.187659934163092 209.48690656413808 31.88063407391752
leaf_count=1206 664 189 4770 8169 82 923 85
internal_value=-3.27208e-05 0.000622845 0.00304142 -0.00254415 -0.0111912 -0.0154425 0.0105594
internal_weight=5092.53 4806.05 2733.26 2072.79 286.488 241.42 45.0683
internal_count=16088 14334 5976 8358 1754 1587 167
is_linear=0
shrinkage=0.0207867


Tree=153
num_leaves=8
num_cat=0
split_feature=19 2 22 22 0 11 1
split_gain=97.5465 129.555 97.9364 199.43 100.665 62.6953 38.1913
threshold=-0.049825681373476975 10.500000000000002 0.040132964029908187 0.032145215198397643 1164176.2500000002 59.597635269165046 9.0744997578440248e-05
decision_type=2 2 2 2 2 2 2
left_child=1 6 3 -2 -4 -3 -1
right_child=2 5 4 -5 -6 -7 -8
leaf_value=-0.017560132452149831 -0.0023387128851559877 0.011426846211664166 -0.013481497487997283 0.010903997797103016 -0.0018581423394984507 -0.0012735850888468481 0.023265418164642816
leaf_weight=115.69396220869476 1962.2635279104084 703.43352745939023 486.99867621714338 654.60979402339353 984.75186501499411 212.35222333157139 9.8976613320410234
leaf_count=397 6574 1414 1510 1447 3101 1635 10
internal_value=0 0.00568493 -0.00144124 0.000956332 -0.0057356 0.00843154 -0.0139757
internal_weight=5130 1041.38 4088.62 2616.87 1471.75 915.786 125.592
internal_count=16088 3456 12632 8021 4611 3049 407
is_linear=0
shrinkage=0.0207867


Tree=154
num_leaves=8
num_cat=0
split_feature=0 13 7 0 3 7 23
split_gain=63.2399 87.485 120.265 87.2717 10.7524 19.0123 11.0319
threshold=903717.00000000012 53.698999404907234 57.047813415527351 985596.00000000012 0.00024240169295808303 57.047813415527351 0.0076141441240906724
decision_type=2 2 2 2 2 2 2
left_child=4 3 -3 -2 6 -6 -1
right_child=1 2 -4 -5 5 -7 -8
leaf_value=-0.017230943628786511 -0.013290462867222476 0.0086914892446038425 -0.0013597033627719866 -0.00072907072450865051 0.045643906293839749 -0.011291464279648365 0.02309423178094689
leaf_weight=117.15128811141301 263.57770240307036 1038.8223817348478 1005.5584676500023 2691.561561813869 3.4443452358245823 8.3410668415062617 2.0394802877528084
leaf_count=4308 34 364 2684 6982 2 1531 183
internal_value=2.91333e-05 0.000411632 0.00372512 -0.00186506 -0.0142194 0.00143715 -0.0161542
internal_weight=5130.5 4999.52 2044.38 2955.14 130.976 11.7854 119.191
internal_count=16088 10064 3048 7016 6024 1533 4491
is_linear=0
shrinkage=0.0207867


Tree=155
num_leaves=7
num_cat=0
split_feature=15 15 2 14 1 24
split_gain=83.4672 111.485 95.2743 89.5156 57.0769 27.9603
threshold=0.0027714438037946825 0.0041648685000836858 11.500000000000002 63.621768951416023 3.0239999432524204e-05 0.0010863416246138515
decision_type=2 2 2 2 2 2
left_child=3 4 -3 5 -2 -1
right_child=1 2 -4 -5 -6 -7
leaf_value=0.014133264862353551 -0.016666466764410137 0.0062139858779787028 -0.0012124616637130309 0.026817906060201329 0.0097367519525446544 -0.018733326996486218
leaf_weight=15.592301090967451 252.24448222785355 933.3623289460329 3715.3387008583377 98.810772046213742 38.82859372115621 32.489343602524173
leaf_count=114 1202 3306 10606 187 526 147
internal_value=-3.47859e-05 -0.000502993 0.000268699 0.0153965 -0.012986 -0.00711644
internal_weight=5086.67 4939.77 4648.7 146.892 291.073 48.0816
internal_count=16088 15640 13912 448 1728 261
is_linear=0
shrinkage=0.0207867


Tree=156
num_leaves=8
num_cat=0
split_feature=20 22 5 24 19 24 4
split_gain=96.1592 97.7908 127.125 61.1302 41.2354 27.5465 10.9053
threshold=-0.017554643563926216 0.074030339717865004 79.299655914306655 0.0046338208485394725 -0.1351557523012161 0.01138023938983679 0.0057512095663696536
decision_type=2 2 2 2 2 2 2
left_child=4 2 -2 -3 6 -6 -1
right_child=1 3 -4 -5 5 -7 -8
leaf_value=-0.01587455795710838 -0.00016531103798456825 0.011191920774379563 0.024375421734483833 -0.012946105297401264 -0.00067409509449845994 0.021663565012845328 0.014842108802948981
leaf_weight=21.893992928904542 4406.7856269069271 49.438482210898087 93.080581807168528 379.07105893842947 23.838190511458805 144.44881844394857 5.0249902936527056
leaf_count=83 13765 169 179 1591 132 96 73
internal_value=0 -0.000561585 0.000332075 -0.0100537 0.0143138 0.0182255 -0.00842836
internal_weight=5123.58 4928.38 4499.87 428.51 195.206 168.287 26.919
internal_count=16088 15704 13944 1760 384 228 156
is_linear=0
shrinkage=0.0207867


Tree=157
num_leaves=8
num_cat=0
split_feature=1 1 0 6 1 14 15
split_gain=70.7701 105.752 64.7995 61.0229 55.616 29.1038 27.8971
threshold=4.5724998926743872e-05 1.2035000054311242e-05 903717.00000000012 -0.0010376136051490901 5.3214998843031942e-05 12.194317340850832 0.0057400166988372811
decision_type=2 2 2 2 2 2 2
left_child=1 2 -1 6 -5 -3 -2
right_child=3 5 -4 4 -6 -7 -8
leaf_value=-0.014148796290939968 0 0.036200861994109428 0.000840402252150401 0.024040751864780233 0.00010004557689446469 -0.0098418118854822854 0.023085596848063307
leaf_weight=128.61903888835877 27.049704755247831 5.5814977885992212 3863.2081185062798 47.671273522356046 381.76770537512272 553.3944290849887 116.99857585630895
leaf_count=4564 129 61 8215 181 1526 977 435
internal_value=2.94081e-05 -0.000828735 0.000345895 0.00691942 0.00286499 -0.00929961 0.0186866
internal_weight=5124.29 4550.8 3991.83 573.487 429.439 558.976 144.048
internal_count=16088 13817 12779 2271 1707 1038 564
is_linear=0
shrinkage=0.0207867


Tree=158
num_leaves=8
num_cat=0
split_feature=19 8 0 12 17 13 7
split_gain=85.7638 80.6792 150.482 143.631 64.5293 32.0076 20.3819
threshold=0.04446768946945668 52.972873687744148 5266624.2500000009 53.217937469482429 0.04378181882202626 1.5443375110626223 55.112113952636726
decision_type=2 2 2 2 2 2 2
left_child=1 2 -1 -3 5 -2 -6
right_child=4 3 -4 -5 6 -7 -8
leaf_value=0.0070848374689566843 0.0023502365319625716 -0.014946279397360533 -0.0027985052378634492 -3.7300680700197752e-05 0.023129171893861208 -0.01797661445547763 -0.012479702790126935
leaf_weight=1597.5301207825532 35.034155550180287 334.35200828313828 1132.9029145815875 1731.0392363689998 28.160432100296021 214.64008284371636 7.3818097889831042
leaf_count=1206 702 112 4770 8246 65 963 24
internal_value=-3.48615e-05 0.000614626 0.00296719 -0.00247313 -0.0111174 -0.0149397 0.0144367
internal_weight=5081.04 4795.82 2730.43 2065.39 285.216 249.674 35.5422
internal_count=16088 14334 5976 8358 1754 1665 89
is_linear=0
shrinkage=0.0207867


end of trees

feature_importances:
Column_0=162
Column_1=113
Column_22=97
Column_2=72
Column_6=67
Column_19=66
Column_7=60
Column_15=58
Column_8=47
Column_10=47
Column_24=46
Column_20=33
Column_13=27
Column_14=26
Column_9=25
Column_4=24
Column_21=24
Column_23=21
Column_18=19
Column_16=18
Column_5=16
Column_11=14
Column_12=11
Column_17=7
Column_3=6

parameters:
[boosting: gbdt]
[objective: multiclass]
[metric: multi_logloss]
[tree_learner: serial]
[device_type: cpu]
[data_sample_strategy: bagging]
[data: ]
[valid: ]
[num_iterations: 53]
[learning_rate: 0.0207867]
[num_leaves: 31]
[num_threads: 1]
[seed: 0]
[deterministic: 0]
[force_col_wise: 0]
[force_row_wise: 0]
[histogram_pool_size: -1]
[max_depth: 3]
[min_data_in_leaf: 9]
[min_sum_hessian_in_leaf: 0.001]
[bagging_fraction: 0.823848]
[pos_bagging_fraction: 1]
[neg_bagging_fraction: 1]
[bagging_freq: 0]
[bagging_seed: 3]
[bagging_by_query: 0]
[feature_fraction: 0.710321]
[feature_fraction_bynode: 1]
[feature_fraction_seed: 2]
[extra_trees: 0]
[extra_seed: 6]
[early_stopping_round: 0]
[early_stopping_min_delta: 0]
[first_metric_only: 0]
[max_delta_step: 0]
[lambda_l1: 2.21744]
[lambda_l2: 1.90368e-07]
[linear_lambda: 0]
[min_gain_to_split: 0]
[drop_rate: 0.1]
[max_drop: 50]
[skip_drop: 0.5]
[xgboost_dart_mode: 0]
[uniform_drop: 0]
[drop_seed: 4]
[top_rate: 0.2]
[other_rate: 0.1]
[min_data_per_group: 100]
[max_cat_threshold: 32]
[cat_l2: 10]
[cat_smooth: 10]
[max_cat_to_onehot: 4]
[top_k: 20]
[monotone_constraints: ]
[monotone_constraints_method: basic]
[monotone_penalty: 0]
[feature_contri: ]
[forcedsplits_filename: ]
[refit_decay_rate: 0.9]
[cegb_tradeoff: 1]
[cegb_penalty_split: 0]
[cegb_penalty_feature_lazy: ]
[cegb_penalty_feature_coupled: ]
[path_smooth: 0]
[interaction_constraints: ]
[verbosity: -1]
[saved_feature_importance_type: 0]
[use_quantized_grad: 0]
[num_grad_quant_bins: 4]
[quant_train_renew_leaf: 0]
[stochastic_rounding: 1]
[linear_tree: 0]
[max_bin: 255]
[max_bin_by_feature: ]
[min_data_in_bin: 3]
[bin_construct_sample_cnt: 200000]
[data_random_seed: 1]
[is_enable_sparse: 1]
[enable_bundle: 1]
[use_missing: 1]
[zero_as_missing: 0]
[feature_pre_filter: 1]
[pre_partition: 0]
[two_round: 0]
[header: 0]
[label_column: ]
[weight_column: ]
[group_column: ]
[ignore_column: ]
[categorical_feature: ]
[forcedbins_filename: ]
[precise_float_parser: 0]
[parser_config_file: ]
[objective_seed: 5]
[num_class: 3]
[is_unbalance: 0]
[scale_pos_weight: 1]
[sigmoid: 1]
[boost_from_average: 1]
[reg_sqrt: 0]
[alpha: 0.9]
[fair_c: 1]
[poisson_max_delta_step: 0.7]
[tweedie_variance_power: 1.5]
[lambdarank_truncation_level: 30]
[lambdarank_norm: 1]
[label_gain: ]
[lambdarank_position_bias_regularization: 0]
[eval_at: ]
[multi_error_top_k: 1]
[auc_mu_weights: ]
[num_machines: 1]
[local_listen_port: 12400]
[time_out: 120]
[machine_list_filename: ]
[machines: ]
[gpu_platform_id: -1]
[gpu_device_id: -1]
[gpu_use_dp: 0]
[num_gpu: 1]

end of parameters

pandas_categorical:null
