tree
version=v4
num_class=3
num_tree_per_iteration=3
label_index=0
max_feature_idx=27
objective=multiclass num_class:3
feature_names=Column_0 Column_1 Column_2 Column_3 Column_4 Column_5 Column_6 Column_7 Column_8 Column_9 Column_10 Column_11 Column_12 Column_13 Column_14 Column_15 Column_16 Column_17 Column_18 Column_19 Column_20 Column_21 Column_22 Column_23 Column_24 Column_25 Column_26 Column_27
feature_infos=[6.5556268692016602:91.50933837890625] [0:98.589950561523438] [-0.33132705092430115:0.91799342632293701] [-0.093737311661243439:0.073482856154441833] [-0.093737311661243439:0.073482856154441833] [-0.093737311661243439:0.073482856154441833] [-0.093737311661243439:0.073482856154441833] [0.003212423762306571:0.12252876162528992] [-1:1] [-0.97492790222167969:0.97492790222167969] [-0.90096884965896606:1] [-0.2043636292219162:0.5746883749961853] [25004.5:73223.796875] [1901.10595703125:242308.140625] [0.7555699348449707:96.013275146484375] [25004.5:73223.796875] [1901.10595703125:242308.140625] [0.7555699348449707:96.013275146484375] [25004.5:73223.796875] [1901.10595703125:242308.140625] [0.7555699348449707:96.013275146484375] none [-0.17527155578136444:0.2018761932849884] [-0.17527155578136444:0.33680003881454468] [-0.17527155578136444:0.38176092505455017] [0.0035768784582614899:0.080666162073612213] [0.0035768784582614899:0.080666162073612213] [0.0035768784582614899:0.080666162073612213]
tree_sizes=1474 1482 1486 1855 1422 1533 1534 1425 1532 1743 1431 1754 1839 1537 1538 1861 1640 1526 1858 1436 1640 1646 1325 1647 1851 1324 1533 1752 1750 1543 1861 1427 1543 1864 1436 1536 1851 1749 1540 1753 1542 1532 1763 1534 1756 1764 1437 1758 1757 1434 1540 1643 1537 1546 1639 1433 1539 1752 1326 1423 1871 1433 1644 1870 1320 1537 1646 1432 1547 1855 1754 1757 1862 1441 1542 1758 1322 1532 1757 1323 1762 1740 1441 1758 1866 1439 1759 1759 1436 1755 1752 1749 1870 1853 1428 1539 1741 1758 1760 1750 1856 1760 1658 1542 1764 1664 1860 1760 1762 1322 1655 1751 1439 1751 1762 1330 1744 1762 1433 1754 1744 1762 1645 1762 1443 1769 1646 1652 1657 1877 1755 1747 1759 1541 1765 1861 1209 1768 1762 1211 1862 1750 1322 1766 1647 1214 1543 1661 1213 1655 1758 1424 1763 1547 1107 1649 1649 1444 1550

Tree=0
num_leaves=13
num_cat=0
split_feature=15 0 15 2 14 12 10 22 12 16 14 12
split_gain=822.046 930.378 392.829 310.095 268.805 180.8 76.3198 32.0246 2.68943 2.76788 5.10394 0.488137
threshold=57483.099609375007 38.453777313232429 61963.050781250007 -0.03347461856901645 26.603626251220707 64814.349609375007 1.0000000180025095e-35 -0.0026300547178834672 45808.400390625007 11849.557128906252 38.125413894653327 43275.199218750007
decision_type=2 2 2 2 2 2 2 2 2 2 2 2
left_child=8 4 7 -4 6 -6 -2 -3 9 10 -1 -11
right_child=1 2 3 -5 5 -7 -8 -9 -10 11 -12 -13
leaf_value=-1.0518708635738383 -1.0766828330529117 -1.1093015396439603 -1.0656560352157516 -1.1032609365904658 -1.0469588162496177 -1.0860851432346426 -1.1243170210949172 -1.12777623814948 -1.1294913034829743 -1.1261314427237197 -1.124566145824754 -1.1147203906592955
leaf_weight=1.5614907119697847 56.718627322465181 111.01514061912894 295.68464646860957 718.92308586835861 531.5625827871263 143.27983536943793 74.147214565426111 466.98497155122459 637.55338477343321 15.828538963752637 2.2535302836831761 4.8202795677352688
leaf_count=298 57 45 537 1100 282 283 115 309 785 4341 686 343
internal_value=-1.09861 -1.0902 -1.10389 -1.0923 -1.06313 -1.05527 -1.10367 -1.12423 -1.1291 -1.11901 -1.09489 -1.12348
internal_weight=3060.33 2398.32 1592.61 1014.61 805.708 674.842 130.866 578 662.017 24.4638 3.81502 20.6488
internal_count=9181 2728 1991 1637 737 565 172 354 6453 5668 984 4684
is_linear=0
shrinkage=1


Tree=1
num_leaves=13
num_cat=0
split_feature=27 14 27 25 15 20 15 0 15 15 2 2
split_gain=513.443 218.865 183.894 151.365 86.5132 79.7937 94.6938 68.1969 0.429673 0.707177 0.0495492 0.0903557
threshold=0.045602254569530494 36.537454605102546 0.028696795925498012 0.043967964127659805 64814.349609375007 29.520425796508793 63637.750000000007 32.906734466552741 60904.949218750007 63393.349609375007 -0.030063073150813576 0.078963484615087523
decision_type=2 2 2 2 2 2 2 2 2 2 2 2
left_child=1 5 4 -4 -3 7 -7 -1 10 -10 -2 -12
right_child=8 2 3 -5 -6 6 -8 -9 9 -11 11 -13
leaf_value=-1.0873369551582908 -1.0367946614426089 -1.1048441261035171 -1.0510123981571162 -1.0998262279857356 -1.089330482744026 -1.1244240513846522 -1.0991052755451423 -1.1101191023202372 -1.0368224827432879 -1.0495585680375878 -1.0372334895294517 -1.0420561098932299
leaf_weight=194.68335043530806 87.510030359177108 809.90108217397392 157.69874337919828 98.652056452239776 596.33922836743295 529.22884544647832 192.5016015842557 353.45868533005705 9.5052857995033282 8.0889628492295724 14.611986612435432 8.15347006306183
leaf_count=359 155 4791 708 74 991 882 265 607 26 114 33 176
internal_value=-1.09861 -1.10126 -1.09388 -1.0698 -1.09827 -1.11092 -1.11767 -1.10203 -1.03798 -1.04266 -1.03724 -1.03895
internal_weight=3060.33 2932.46 1662.59 256.351 1406.24 1269.87 721.73 548.142 127.87 17.5942 110.275 22.7655
internal_count=9181 8677 6564 782 5782 2113 1147 966 504 140 364 209
is_linear=0
shrinkage=1


Tree=2
num_leaves=13
num_cat=0
split_feature=18 17 2 12 26 2 18 2 10 20 2 1
split_gain=788.011 426.395 335.516 472.499 249.777 204.671 229.638 134.808 112.979 51.4591 0.0507718 0.0693168
threshold=60345.000000000007 24.952011108398441 0.09359318390488626 64814.349609375007 0.048692977055907256 -0.10834692791104315 57056.250000000007 -0.15443625301122663 -0.56174489110708226 27.555174827575687 0.017910584807395939 76.704292297363295
decision_type=2 2 2 2 2 2 2 2 2 2 2 2
left_child=4 7 9 -4 5 6 -1 -2 -7 -3 -6 -12
right_child=1 2 3 -5 10 8 -8 -9 -10 -11 11 -13
leaf_value=-1.1260788464162725 -1.0413610639191544 -1.0973489794409237 -1.0514591602842094 -1.1205429496780459 -1.1295179564374018 -1.093122225367938 -1.0739347484639066 -1.0917646287965299 -1.0545591804988426 -1.1227273004591005 -1.1252912175599592 -1.1294908656211458
leaf_weight=115.38294661324471 98.566150180995464 80.837296135723591 175.50957754813135 205.1702427379787 61.214609594991998 85.505324731153905 268.39381042122841 104.43061096966267 481.1804422508294 1365.2498007453978 9.6064570880444098 9.2860598349689081
leaf_count=1191 44 126 124 476 151 1416 142 122 3592 1642 135 20
internal_value=-1.09861 -1.10979 -1.11451 -1.08869 -1.0766 -1.07218 -1.08961 -1.06729 -1.06038 -1.12131 -1.12902 -1.12737
internal_weight=3060.33 2029.76 1826.77 380.68 1030.57 950.463 383.777 202.997 566.686 1446.09 80.1071 18.8925
internal_count=9181 2534 2368 600 6647 6341 1333 166 5008 1768 306 155
is_linear=0
shrinkage=1


Tree=3
num_leaves=16
num_cat=0
split_feature=18 0 9 25 15 25 26 22 17 0 22 22 18 9 15
split_gain=1077.54 619.551 291.167 239.571 171.738 158.834 81.5158 95.9174 75.1419 55.0547 8.19721 33.5072 7.82324 5.70076 0.942852
threshold=60345.000000000007 37.914537429809577 -1.0000000180025095e-35 0.013805404305458071 69375.648437500015 0.014371878001838924 0.016708911396563057 -0.01872244011610746 33.352443695068366 59.726409912109382 -0.028798788785934445 -0.053976127877831452 58261.050781250007 -0.87837970256805409 44821.449218750007
decision_type=2 2 2 2 2 2 2 2 2 2 2 2 2 2 2
left_child=6 2 8 9 -5 -4 7 12 -2 -3 11 -8 -1 -12 -9
right_child=1 3 5 4 -6 -7 10 14 -10 -11 13 -13 -14 -15 -16
leaf_value=0.026019182209690645 0.05572143731143011 0.029811041166003815 0.037117614183566031 -0.011072754772339106 0.037909363702515818 -0.0199957916646827 -0.03042844328900754 -0.018430656249636908 0.030896026800025178 0.0002860499912743331 -0.020164789127568774 0.0046151895465532415 0.056682703624858 -0.030325029975440669 -0.030001130580067956
leaf_weight=13.373668957446624 359.76949973404408 256.58452855795622 78.628647342324257 908.64460356906056 73.95629009604454 113.94148139283061 101.25003848943697 8.8991033616221085 172.3771243058145 78.924774400889874 56.946735170983629 35.090475208581211 19.772500813007355 751.20814000266409 29.751767569221556
leaf_count=170 122 239 72 1306 228 310 54 2733 143 114 499 205 9 2704 273
internal_value=-2.54245e-06 0.0129369 0.0358942 0.000314361 -0.00738577 0.00332274 -0.026012 0.00573605 0.0476804 0.0228665 -0.0284257 -0.021407 0.0443197 -0.0296095 -0.0273448
internal_weight=3059.12 2042.83 724.717 1318.11 982.601 192.57 1016.29 71.797 532.147 335.509 944.495 136.341 33.1462 808.155 38.6509
internal_count=9181 2534 647 1887 1534 382 6647 3185 265 353 3462 259 179 3203 3006
is_linear=0
shrinkage=0.0309105


Tree=4
num_leaves=12
num_cat=0
split_feature=27 12 27 25 10 5 2 20 16 13 20
split_gain=471.36 221.083 200.806 252.805 125.531 111.509 110.945 41.2934 0.370166 1.41226 3.73631
threshold=0.045602254569530494 64657.400390625007 0.029526627622544769 0.043967964127659805 0.81174489855766307 -0.0316067487001419 -0.050814839079976075 78.363578796386733 39371.900390625007 34855.869140625007 36.537454605102546
decision_type=2 2 2 2 2 2 2 2 2 2 2
left_child=1 2 5 -4 6 -1 -3 -6 9 10 -2
right_child=8 4 3 -5 7 -7 -8 -9 -10 -11 -12
leaf_value=0.058206057755939011 0.008767425562840157 -0.0019159070196734362 0.038135044847300147 -0.0094684342809802681 0.0014455808968185321 -0.013509277261122886 0.026778430939605601 -0.027576396979488802 0.058231140692136245 0.057941659317498583 0.056861913354616524
leaf_weight=20.974667397686972 2.2403281147671832 184.42887118086219 186.49684777250559 248.76237589065568 114.24829174391925 1667.5637321741287 426.26253129541874 79.373340550810099 100.93350724495212 23.094954916214192 5.074278400721596
leaf_count=79 66 370 764 99 228 6228 875 34 190 90 158
internal_value=4.00842e-06 -0.00256552 -0.00779253 0.0109277 0.0112361 -0.0126183 0.0181123 -0.0104502 0.0572904 0.0541582 0.042172
internal_weight=3059.45 2928.11 2123.8 435.259 804.313 1688.54 610.691 193.622 131.343 30.4096 7.31461
internal_count=9181 8677 7170 863 1507 6307 1245 262 504 314 224
is_linear=0
shrinkage=0.0309105


Tree=5
num_leaves=13
num_cat=0
split_feature=18 14 7 1 1 2 16 7 2 20 2 18
split_gain=737.067 447.32 377.132 292.245 163.659 146.402 131.563 118.129 69.3236 42.2401 0.0633267 0.153008
threshold=60345.000000000007 24.91744422912598 0.039886849001050002 50.826057434082038 56.846706390380866 -0.095069073140621171 65746.644531250015 0.037105547264218337 -0.15443625301122663 23.939280509948734 -0.030063073150813576 56451.201171875007
decision_type=2 2 2 2 2 2 2 2 2 2 2 2
left_child=2 8 5 9 -5 6 -1 -7 -2 -3 -4 -12
right_child=1 3 10 4 -6 7 -8 -9 -10 -11 11 -13
leaf_value=0.0022207712059194194 0.052956738739454931 -0.0012125588132692764 -0.030581170102796991 0.024150294474536468 -0.0092813103562695114 0.043245152934132947 0.036868713401072624 -0.030564390953220746 0.015923944782615298 -0.026629910604202254 -0.025356018808171333 -0.030553792055089707
leaf_weight=279.84433033341065 93.328518368303776 66.333426512777805 95.302214891098629 197.25331147015095 481.22276961989701 451.29073305840802 167.33529189731235 21.709937676343543 100.15925440192223 1079.6352312155068 9.6658188561223159 16.095267653465271
leaf_count=1418 55 94 124 210 758 4688 172 42 114 1303 194 9
internal_value=-1.36939e-06 -0.0109003 0.0211205 -0.0156398 0.000437821 0.0278682 0.0151867 0.0398568 0.0337882 -0.0251589 -0.0301652 -0.028615
internal_weight=3059.18 2017.93 1041.24 1824.44 678.476 920.18 447.18 473.001 193.488 1145.97 121.063 25.7611
internal_count=9181 2534 6647 2365 968 6320 1590 4730 169 1397 327 203
is_linear=0
shrinkage=0.0309105


Tree=6
num_leaves=13
num_cat=0
split_feature=15 1 14 25 15 22 1 23 15 16 14 15
split_gain=747.06 876.984 326.506 270.89 151.735 143.4 50.2764 49.8243 2.5696 2.76117 4.82995 0.250041
threshold=57483.099609375007 33.753408432006843 26.603626251220707 0.013805404305458071 65977.148437500015 -0.00020987753669032824 48.206720352172859 -0.029495974071323868 46038.800781250007 11849.557128906252 38.125413894653327 43706.500000000007
decision_type=2 2 2 2 2 2 2 2 2 2 2 2
left_child=8 2 7 6 -5 -4 -3 -2 9 10 -1 -11
right_child=1 3 5 4 -6 -7 -8 -9 -10 11 -12 -13
leaf_value=0.045870331316383753 0.013298604967042275 0.032377054150276439 0.043144798104850529 -0.021477433573289753 0.0043150503543589536 0.0044507183934136474 0.0071772270186287431 -0.022508371351542395 -0.03002640133737855 -0.025774686634214183 -0.025071404973710822 -0.016493216469449255
leaf_weight=1.5738534127222039 57.584620136767626 133.15786749683321 718.06694808788598 824.01899661682546 296.26243472471833 104.89621558785439 175.23051630146801 104.48924946412444 617.63773491373286 17.271905991040516 2.1938949620730455 3.5428637792356303
leaf_count=298 57 125 494 862 704 141 209 136 770 4459 686 240
internal_value=-6.58903e-06 0.00787669 0.0303155 -0.0075942 -0.0146563 0.0382131 0.0180591 -0.00978437 -0.0296354 -0.0197994 0.00448352 -0.0242091
internal_weight=3055.93 2413.71 985.037 1428.67 1120.28 822.963 308.388 162.074 642.22 24.5825 3.76775 20.8148
internal_count=9181 2728 828 1900 1566 635 334 193 6453 5683 984 4699
is_linear=0
shrinkage=0.0309105


Tree=7
num_leaves=12
num_cat=0
split_feature=7 4 15 7 10 4 5 15 15 26 0
split_gain=600.626 278.117 209.402 109.158 86.7577 79.4904 82.464 36.7089 23.8136 0.563644 0.267606
threshold=0.037105547264218337 -0.044528985396027558 64814.349609375007 0.011917205061763527 0.81174489855766307 -0.016090621240437027 -0.034178519621491425 56988.000000000007 67002.949218750015 0.047196300700306899 43.331304550170906
decision_type=2 2 2 2 2 2 2 2 2 2 2
left_child=2 -2 5 8 -5 7 -7 -1 -4 10 -3
right_child=1 9 3 4 -6 6 -8 -9 -10 -11 -12
leaf_value=-0.0024649486250255953 -0.030786125078606133 0.06006255770376679 -0.020680095917552481 0.022048862892707213 -0.0062834790325488271 0.058375444043428822 -0.006864753218995631 -0.024310139935614424 0.0019042068415972265 0.055040262736992446 0.056940377127020991
leaf_weight=89.863898604528458 40.770824439823627 49.333693122973273 109.35896596498787 463.0037383493036 132.889489447698 18.74368495944509 1490.108169281742 404.31923295930028 75.304292116314173 108.68988974636159 75.067074718404911
leaf_count=297 4 66 62 1084 237 76 6658 182 117 237 161
internal_value=1.11929e-05 0.0436896 -0.00428597 0.00929496 0.01573 -0.00957842 -0.00605411 -0.0203383 -0.0114688 0.0567177 0.0581809
internal_weight=3057.45 273.861 2783.59 780.556 595.893 2003.03 1508.85 494.183 184.663 233.091 124.401
internal_count=9181 468 8713 1500 1321 7213 6734 479 179 464 227
is_linear=0
shrinkage=0.0309105


Tree=8
num_leaves=13
num_cat=0
split_feature=18 14 7 1 1 2 14 7 2 20 2 18
split_gain=688.24 422.526 352.299 281.158 155.783 134.476 121.98 109.794 63.6682 40.9057 0.0634286 0.150069
threshold=60345.000000000007 24.91744422912598 0.039886849001050002 50.826057434082038 56.846706390380866 -0.095069073140621171 11.076000213623049 0.037105547264218337 -0.15443625301122663 23.939280509948734 -0.030063073150813576 56451.201171875007
decision_type=2 2 2 2 2 2 2 2 2 2 2 2
left_child=2 8 5 9 -5 6 -1 -7 -2 -3 -4 -12
right_child=1 3 10 4 -6 7 -8 -9 -10 -11 11 -13
leaf_value=0.045982824905675693 0.050637419654400696 -0.0011627925858672199 -0.030178616497170557 0.023443630141811635 -0.0090991137866422642 0.041222559782140983 0.0063073470840268146 -0.030255349108088934 0.015376708671974016 -0.02619696219593376 -0.024952776753897541 -0.030137218351892228
leaf_weight=93.394356612863703 95.097626574337482 66.269878473132849 93.889577756286599 198.83542880043387 479.44097921065986 459.47855388540756 357.36762649313187 21.488377391382528 100.84255323559046 1064.7026101145893 9.5448134957396196 15.844639301300047
leaf_count=108 55 94 124 210 758 4688 1482 42 114 1303 194 9
internal_value=-4.51199e-06 -0.0106243 0.0202564 -0.0152939 0.000440292 0.0266597 0.0145285 0.0380285 0.0324917 -0.0247303 -0.0297599 -0.0281999
internal_weight=3056.2 2005.19 1051.01 1809.25 678.276 931.729 450.762 480.967 195.94 1130.97 119.279 25.3895
internal_count=9181 2534 6647 2365 968 6320 1590 4730 169 1397 327 203
is_linear=0
shrinkage=0.0309105


Tree=9
num_leaves=15
num_cat=0
split_feature=18 1 14 18 26 15 20 7 22 19 22 1 4 19
split_gain=967.807 585.875 356.067 183.263 155.733 130.109 83.0762 78.6717 67.683 23.5667 17.7666 14.1727 9.21042 1.39416
threshold=60345.000000000007 33.753408432006843 26.603626251220707 67941.699218750015 0.017172933556139473 64814.349609375007 79.50016021728517 0.011782925110310318 -0.01872244011610746 9483.2490234375018 -0.028798788785934445 29.924570083618168 -0.0061266166158020488 11790.767578125002
decision_type=2 2 2 2 2 2 2 2 2 2 2 2 2 2
left_child=7 2 12 4 -3 -4 -5 8 -1 11 -11 -9 -2 -10
right_child=1 3 5 6 -6 -7 -8 9 13 10 -12 -13 -14 -15
leaf_value=0.049099321756737951 -0.030167908440629946 0.0066066292827546662 0.045414654406508652 0.010175478851861541 -0.01849535425374834 0.018330937607090873 0.054743184187806146 0.039628040637465528 0.0030690861980590244 -0.017644225719371302 -0.02954470935699589 -0.023668515213187115 -0.012046920741414053 -0.02704618079352053
leaf_weight=24.697302540503642 60.65069767087698 406.48453148640692 572.12302463129163 107.79416587948799 563.46545887179673 240.86707254685462 63.525241384282708 8.0013007029192504 1.5603304896640136 141.62339918723819 785.07002836341826 5.8460965430945171 48.145079009234905 21.006241706309993
leaf_count=112 73 453 203 386 885 408 40 70 447 288 3838 253 86 1639
internal_value=-1.24931e-05 0.0120341 0.0303629 -0.00276944 -0.00797536 0.0373908 0.0267029 -0.0251725 0.0137372 -0.0271281 -0.0277263 0.0128841 -0.0221516 -0.0249508
internal_weight=3050.86 2063.06 921.786 1141.27 969.95 812.99 171.319 987.805 47.2639 940.541 926.693 13.8474 108.796 22.5666
internal_count=9181 2534 770 1764 1338 611 426 6647 2198 4449 4126 323 159 2086
is_linear=0
shrinkage=0.0309105


Tree=10
num_leaves=12
num_cat=0
split_feature=7 4 15 7 10 4 16 15 15 27 25
split_gain=557.68 255.776 200.086 103.651 82.3649 76.8937 72.8577 35.3469 22.9592 0.750842 0.232798
threshold=0.037105547264218337 -0.044528985396027558 64814.349609375007 0.011917205061763527 0.81174489855766307 -0.016090621240437027 48054.191406250007 56988.000000000007 67002.949218750015 0.045602254569530494 0.043967964127659805
decision_type=2 2 2 2 2 2 2 2 2 2 2
left_child=2 -2 5 8 -5 7 -7 -1 -4 10 -3
right_child=1 9 3 4 -6 6 -8 -9 -10 -11 -12
leaf_value=-0.0024793307471668675 -0.030365447682521248 0.054531641414657023 -0.020327980387623793 0.021432255854354567 -0.0061732489094445163 -0.008454857464959567 0.012177288996265025 -0.023936030870281604 0.0018846549690556527 0.052273726569696533 0.057602175914471622
leaf_weight=89.883267091467133 40.192531153559685 64.184806095383465 108.4260228946805 466.21399230696261 132.62981971167028 1317.3689793340045 186.69648801726998 399.71948419697583 75.323391303420067 126.83033359118235 46.915266949452416
leaf_count=297 4 141 62 1084 237 5538 1196 182 117 266 57
internal_value=2.21116e-05 0.0417522 -0.00415826 0.00908625 0.0153178 -0.0093574 -0.00589364 -0.0199975 -0.0112209 0.053936 0.0558309
internal_weight=3054.38 278.123 2776.26 782.593 598.844 1993.67 1504.07 489.603 183.749 237.93 111.1
internal_count=9181 468 8713 1500 1321 7213 6734 479 179 464 198
is_linear=0
shrinkage=0.0309105


Tree=11
num_leaves=15
num_cat=0
split_feature=12 9 0 7 27 12 25 9 12 17 1 0 25 0
split_gain=531.516 573.207 541.345 301.984 347.139 154.646 26.6941 24.6375 45.3092 68.1816 10.9735 7.49233 0.801062 0.0233654
threshold=64293.400390625007 -1.0000000180025095e-35 63.798364639282234 0.039886849001050002 0.014159791171550752 55147.800781250007 0.019091527909040455 1.0000000180025095e-35 66311.148437500015 45.283180236816413 49.163064956665046 69.008605957031264 0.029867695644497875 49.467376708984382
decision_type=2 2 2 2 2 2 2 2 2 2 2 2 2 2
left_child=1 2 5 4 -3 -1 -4 8 9 -2 -10 12 -9 -5
right_child=7 3 6 13 -6 -7 -8 11 10 -11 -12 -13 -14 -15
leaf_value=0.036207518356611984 -0.017602077105728229 -0.02141393457277949 0.012984467567022775 -0.029669743669098726 0.030882814657962845 -0.025283656812661079 0.053095821315147528 -0.029774925385429321 -0.02708424001752649 0.026513767816677334 -0.016764024718160457 -0.013442710607647887 -0.024781143992735104 -0.028335970006298825
leaf_weight=41.410531980166979 94.408719759434462 136.43314367292214 18.582957258214265 74.273509372142144 1091.000439291925 692.50528611987829 108.69105449561948 247.09618857875466 204.13775069825351 51.858057714998722 190.58609041757882 32.449779571965337 35.950718672946095 31.88064676319209
leaf_count=2086 136 1565 323 100 2552 477 308 471 391 119 331 76 122 124
internal_value=-9.54563e-06 0.00804951 -0.0116077 0.0207438 0.0250696 -0.0218137 0.0472416 -0.0206615 -0.0166566 -0.00195903 -0.022102 -0.0275279 -0.0291417 -0.029272
internal_weight=3051.26 2194.78 861.19 1333.59 1227.43 733.916 127.274 856.487 540.991 146.267 394.724 315.497 283.047 106.154
internal_count=9181 7535 3194 4341 4117 2563 631 1646 977 255 722 669 593 224
is_linear=0
shrinkage=0.0309105


Tree=12
num_leaves=16
num_cat=0
split_feature=18 1 9 25 18 18 18 7 0 1 19 7 1 1 19
split_gain=916.718 545.281 277.954 174.936 166.703 131.006 123.706 75.6616 61.825 44.554 22.6518 15.41 13.2172 1.73975 1.39138
threshold=60345.000000000007 33.753408432006843 -1.0000000180025095e-35 0.013805404305458071 64590.500000000007 64847.898437500007 67428.000000000015 0.011782925110310318 30.008003234863285 48.206720352172859 9483.2490234375018 0.019061243161559108 29.924570083618168 19.99750900268555 11790.767578125002
decision_type=2 2 2 2 2 2 2 2 2 2 2 2 2 2 2
left_child=7 2 5 9 -4 -2 -5 8 13 -3 12 -12 -9 -1 -10
right_child=1 3 4 6 -6 -7 -8 10 14 -11 11 -13 -14 -15 -16
leaf_value=0.038704844666100469 0.047766472901269168 0.03033036658378685 -0.026152238314757863 -0.015987493844788654 0.022080385946881831 0.01308680212541178 0.014318874391594467 0.037696999224663359 0.0033338375259352026 0.0067474314491215047 -0.018776042761853538 -0.029214024959566078 -0.023357646046035838 0.055076944080302358 -0.026897350079615551
leaf_weight=14.134688904590805 505.9159884005785 135.6241094712168 108.42522102221847 668.90122421085835 185.76583749987185 131.06466402485967 159.33311058022082 8.1637602269402105 1.547778385373024 175.80278048105538 165.2505827075347 746.14582252315358 5.785103523304314 11.376326296241585 20.38537892354816
leaf_count=114 151 124 117 1012 293 209 420 70 429 208 2488 1638 253 87 1568
internal_value=-2.02541e-05 0.0116066 0.0291542 -0.00273059 0.00430306 0.0406313 -0.0101569 -0.0247713 0.0132956 0.0170186 -0.0267234 -0.0273218 0.0123542 0.0460174 -0.0247505
internal_weight=3043.62 2070.83 931.172 1139.66 294.191 636.981 828.234 972.789 47.4442 311.427 925.345 911.396 13.9489 25.511 21.9332
internal_count=9181 2534 770 1764 410 360 1432 6647 2198 332 4449 4126 323 201 1997
is_linear=0
shrinkage=0.0309105


Tree=13
num_leaves=13
num_cat=0
split_feature=27 12 27 25 10 2 26 20 13 3 27 0
split_gain=375.109 189.821 176.073 230.94 110.445 99.4201 71.9282 38.9509 0.231372 0.643853 0.217267 0.183923
threshold=0.045602254569530494 64657.400390625007 0.029526627622544769 0.043967964127659805 0.81174489855766307 -0.050814839079976075 0.014097290579229595 78.363578796386733 26550.921875000004 0.0018217486212961378 0.053142283111810691 35.447748184204109
decision_type=2 2 2 2 2 2 2 2 2 2 2 2
left_child=1 2 6 -4 5 -3 -1 -6 9 10 -2 -10
right_child=8 4 3 -5 7 -7 -8 -9 11 -11 -12 -13
leaf_value=0.0047529903841175584 0.032038567274153794 -0.0022710509869813909 0.035777915756994877 -0.0094709448728956674 0.0013623099106981787 0.024757271893938199 -0.014342413591194061 -0.026969259023399385 0.05267521944154769 0.050193061720538723 0.044011724597831585 0.049549831572715905
leaf_weight=216.77283691066987 3.1513604184801816 185.34974031895399 190.43915424741726 248.24348623098558 114.3846041765064 435.53099427744746 1442.6735031019466 77.947683313861489 27.448574469137384 14.562156300298739 3.2747380954078835 90.174508189895278
leaf_count=2472 45 370 764 99 228 875 3835 34 111 82 101 165
internal_value=3.53319e-05 -0.0023299 -0.00724378 0.0101716 0.0103478 0.0166881 -0.0118478 -0.0101183 0.0497159 0.046531 0.0381862 0.0502817
internal_weight=3049.95 2911.34 2098.13 438.683 813.213 620.881 1659.45 192.332 138.611 20.9883 6.4261 117.623
internal_count=9181 8677 7170 863 1507 1245 6307 262 504 228 146 276
is_linear=0
shrinkage=0.0309105


Tree=14
num_leaves=13
num_cat=0
split_feature=18 17 7 2 15 2 16 7 2 20 2 18
split_gain=606.338 350.966 306.577 296.719 405.191 120.449 112.378 97.5718 93.5418 46.3649 0.0639666 0.152318
threshold=60345.000000000007 24.952011108398441 0.039886849001050002 0.09359318390488626 64814.349609375007 -0.095069073140621171 65746.644531250015 0.037105547264218337 -0.15678013116121289 27.555174827575687 -0.030063073150813576 56451.201171875007
decision_type=2 2 2 2 2 2 2 2 2 2 2 2
left_child=2 8 5 9 -5 6 -1 -7 -2 -3 -4 -12
right_child=1 3 10 4 -6 7 -8 -9 -10 -11 11 -13
leaf_value=0.0011490983813383722 0.049954441528907004 0.0015166523587872873 -0.029309506028808708 0.042699216862477317 -0.021037705892623569 0.038066588051674545 0.032700057203899145 -0.029800329281254787 0.0085900061984943571 -0.022674028545957819 -0.023979167537863347 -0.029280104951344917
leaf_weight=283.99875350171806 96.697276622056961 80.334322337061167 90.502783794805509 182.95295404270291 198.90548083744943 471.65145911022864 173.93348065524697 21.143070109832479 113.64810978993773 1306.3018579296768 9.2330595567982545 15.27760589122772
leaf_count=1418 42 126 124 131 469 4688 172 42 124 1642 194 9
internal_value=-1.50492e-05 -0.0101384 0.0187815 -0.014628 0.00949864 0.0245479 0.0131335 0.0351542 0.0276069 -0.0212723 -0.0288828 -0.0272954
internal_weight=3044.58 1978.84 1065.74 1768.49 381.858 950.727 457.932 492.795 210.345 1386.64 115.013 24.5107
internal_count=9181 2534 6647 2368 600 6320 1590 4730 166 1768 327 203
is_linear=0
shrinkage=0.0309105


Tree=15
num_leaves=16
num_cat=0
split_feature=18 1 9 27 27 18 18 27 24 10 20 9 4 26 12
split_gain=871.043 511.165 257.402 185.672 183.287 149.938 121.326 84.185 97.0185 57.7946 33.5792 6.69653 22.2406 2.32351 1.08016
threshold=60345.000000000007 33.753408432006843 -1.0000000180025095e-35 0.014588420279324056 0.017057787626981739 67428.000000000015 64847.898437500007 0.01747431326657534 -0.016818917356431481 -0.56174489110708226 33.588302612304695 -0.87837970256805409 0.009845844469964506 0.017987936735153202 44283.699218750007
decision_type=2 2 2 2 2 2 2 2 2 2 2 2 2 2 2
left_child=7 2 6 -4 9 -6 -2 8 10 -3 -1 12 -9 -13 -10
right_child=1 4 3 -5 5 -7 -8 11 14 -11 -12 13 -14 -15 -16
leaf_value=0.0038380803010124712 0.045860141475309979 -0.013979584775741462 0.035202787215161999 -0.015250684127256813 -0.021200603480319134 0.016433499890524818 0.012599641898946419 -0.028319764255802616 -0.016890433363481727 0.015609452271265447 0.054869116721497531 -0.018492519599827787 0.023901489392171169 -0.02852326854242547 -0.028728033236494529
leaf_weight=21.757949821229886 512.32730624079704 73.952508796006441 113.289770193398 181.08241962641478 509.53154922835529 126.19227108359337 131.7632983699441 32.023984410287085 8.9455307155658357 428.34363048709929 28.442359169642259 22.875966906543908 10.292127521817291 788.20089140728442 45.596021085977554
leaf_count=137 151 101 92 318 837 343 209 452 2872 483 111 176 52 2534 313
internal_value=-2.5286e-05 0.0112239 0.0281123 0.00416544 -0.00270287 -0.0137297 0.0390564 -0.0244049 0.00174564 0.0112525 0.032757 -0.0276148 -0.0156115 -0.0282407 -0.0267919
internal_weight=3034.62 2076.48 938.463 294.372 1138.02 635.724 644.091 958.135 104.742 502.296 50.2003 853.393 42.3161 811.077 54.5416
internal_count=9181 2534 770 410 1764 1180 360 6647 3433 584 248 3214 504 2710 3185
is_linear=0
shrinkage=0.0309105


Tree=16
num_leaves=14
num_cat=0
split_feature=27 14 27 14 18 2 18 18 13 3 27 1 2
split_gain=348.119 177.203 147.012 110.532 86.9452 141.727 90.563 66.3407 0.21803 0.575093 0.202368 0.163016 0.0110763
threshold=0.045602254569530494 36.537454605102546 0.028696795925498012 40.495483398437507 57901.050781250007 -0.10834692791104315 64847.898437500007 60345.000000000007 26550.921875000004 0.0018217486212961378 0.053142283111810691 34.435014724731452 -0.073903772979974733
decision_type=2 2 2 2 2 2 2 2 2 2 2 2 2
left_child=1 4 7 -4 5 -1 -6 -3 9 10 -2 -10 -13
right_child=8 2 3 -5 6 -7 -8 -9 11 -11 -12 12 -14
leaf_value=0.03104434889785242 0.030752203417754299 -0.01199581254404051 0.0046755333539954588 0.044653283445705107 -0.019043307617596136 -0.016719925521956728 0.0070382271795317742 0.003999287234261904 0.050278639024685372 0.047970470982384987 0.042261756288534236 0.047977016366788666 0.046638005666018861
leaf_weight=111.64450390525417 3.1820681369245003 321.27810998126324 127.18456817987135 137.57770752381748 847.56111026927829 126.72419748144875 149.64641774073243 1082.5731622520834 30.281898698765872 14.746012575840723 3.3153345042828732 51.735102999711671 37.045636275059223
leaf_count=488 45 4318 137 645 381 915 329 1464 109 82 101 49 118
internal_value=5.03372e-05 -0.00224697 0.00432322 0.0254502 -0.0111201 0.00565014 -0.0151291 0.000338521 0.0476044 0.0445283 0.0366707 0.0481508 0.0474216
internal_weight=3044.5 2904.19 1668.61 264.762 1235.58 238.369 997.208 1403.85 140.306 21.2434 6.4974 119.063 88.7807
internal_count=9181 8677 6564 782 2113 1403 710 5782 504 228 146 276 167
is_linear=0
shrinkage=0.0309105


Tree=17
num_leaves=13
num_cat=0
split_feature=18 14 7 1 1 1 4 7 7 20 18 0
split_gain=566.728 360.039 287.174 252.033 142.018 103.04 185.643 165.488 40.5062 38.6553 0.0398662 0.167647
threshold=60345.000000000007 24.91744422912598 0.039886849001050002 50.826057434082038 56.846706390380866 33.753408432006843 -0.019948897883296009 0.037105547264218337 0.019992766901850704 23.939280509948734 55322.250000000007 44.639915466308601
decision_type=2 2 2 2 2 2 2 2 2 2 2 2
left_child=2 8 5 9 -5 6 -1 -7 -2 -3 11 -4
right_child=1 3 10 4 -6 7 -8 -9 -10 -11 -12 -13
leaf_value=0.032619150813684342 0.01462233737413754 -0.00056802369163328219 -0.028957091904468508 0.022227414778770247 -0.0087685567879687929 0.034654041089742529 -0.014877883645612126 -0.03024935000406723 0.042385260955683221 -0.02506723930212422 -0.02899681688584374 -0.024036348439683514
leaf_weight=158.37497861561951 95.377297915518284 65.50804927200079 24.198435945807432 201.03134376555681 474.82872168906033 604.41398341365493 156.12882633931167 40.016191098005947 106.13294015452266 1020.779611395672 78.455575346946716 10.429344234417838
leaf_count=105 104 94 85 210 758 4732 1431 52 65 1303 48 194
internal_value=-2.51086e-05 -0.00989331 0.0180506 -0.0143693 0.000450608 0.0235447 0.0090393 0.0306234 0.0292462 -0.0235901 -0.0285361 -0.0274836
internal_weight=3035.68 1963.66 1072.02 1762.15 675.86 958.934 314.504 644.43 201.51 1086.29 113.083 34.6278
internal_count=9181 2534 6647 2365 968 6320 1536 4784 169 1397 327 279
is_linear=0
shrinkage=0.0309105


Tree=18
num_leaves=16
num_cat=0
split_feature=18 1 14 27 18 15 27 24 10 19 17 24 4 26 15
split_gain=826.116 476.897 298.127 174.587 144.444 102.79 82.266 92.6353 54.9242 27.0388 14.5271 9.7822 8.47862 2.30546 1.04326
threshold=60345.000000000007 33.753408432006843 26.603626251220707 0.017057787626981739 67428.000000000015 64814.349609375007 0.01747431326657534 -0.016818917356431481 -0.56174489110708226 11180.825195312502 19.988261222839359 0.0033729928545653824 -0.0061266166158020488 0.017987936735153202 44821.449218750007
decision_type=2 2 2 2 2 2 2 2 2 2 2 2 2 2 2
left_child=6 2 12 8 -5 -4 7 10 -3 11 -1 -8 -2 -11 -9
right_child=1 3 5 4 -6 -7 9 14 -10 13 -12 -13 -14 -15 -16
leaf_value=0.010045029662856685 -0.029472582590125543 -0.013766747994366429 0.040226961723202538 -0.020895630470801757 0.016001400234812307 0.016443262719474532 -0.022738510697141636 -0.016767062562075118 0.01512116528903412 -0.018357198744497039 0.04446021185833221 0.035639503944829141 -0.011942337626227009 -0.028229640743913494 -0.028382210499503614
leaf_weight=18.507426528460201 58.753736227750778 73.623938251286745 592.63210003077984 504.77393458783627 126.84107752889395 245.63309728354216 3.9834757594244357 9.0217175626894441 430.73837522603571 23.435802211929968 32.068637051198493 8.7724003356042868 47.950616806745529 802.29553297913344 44.629097195342183
leaf_count=47 73 101 203 837 343 408 171 2878 483 191 201 107 86 2745 307
internal_value=-3.53593e-05 0.0108393 0.0270636 -0.00265669 -0.0134855 0.0332581 -0.0240404 0.00185604 0.0109037 -0.0272598 0.0318724 0.0173857 -0.0215977 -0.0279498 -0.0264346
internal_weight=3023.66 2080.95 944.97 1135.98 631.615 838.265 942.714 104.227 504.362 838.487 50.5761 12.7559 106.704 825.731 53.6508
internal_count=9181 2534 770 1764 1180 611 6647 3433 584 3214 248 278 159 2936 3185
is_linear=0
shrinkage=0.0309105


Tree=19
num_leaves=12
num_cat=0
split_feature=7 12 12 10 18 18 26 7 20 26 26
split_gain=463.768 225.127 212.758 100.643 100.629 55.0627 131.716 97.6444 38.5673 1.24995 0.00221093
threshold=0.037105547264218337 64657.400390625007 52182.199218750007 0.81174489855766307 64590.500000000007 58261.050781250007 0.035629818215966232 0.012840117793530227 78.363578796386733 0.047196300700306899 0.038630831986665733
decision_type=2 2 2 2 2 2 2 2 2 2 2
left_child=1 5 10 4 -3 6 -1 -7 -5 -4 -2
right_child=2 3 9 8 -6 7 -8 -9 -10 -11 -12
leaf_value=0.0089154120101043489 -0.029585010731562413 0.055080475327627484 0.050379505654591407 0.0015124427235008477 0.011875149081491477 0.0034463902538896651 -0.021624658911716541 -0.017268356345604318 -0.026680595039238336 0.045907901164102941 -0.028191301422798718
leaf_weight=386.73449993932763 19.353278738762128 56.640276502817869 131.08874929323792 116.24874261580408 568.88041819818318 273.04711444675922 207.2322732269854 1066.7875520214438 77.093532947823405 114.65299006924033 20.278700813691103
leaf_count=5807 64 122 103 243 1140 254 340 774 33 74 227
internal_value=6.71065e-05 -0.00382137 0.0375757 0.00976296 0.0157878 -0.00957377 -0.00173938 -0.0130466 -0.00972775 0.0482944 -0.0288794
internal_weight=3038.04 2752.66 285.374 818.863 625.521 1933.8 593.967 1339.83 193.342 245.742 39.632
internal_count=9181 8713 468 1538 1262 7175 6147 1028 276 177 291
is_linear=0
shrinkage=0.0309105


Tree=20
num_leaves=14
num_cat=0
split_feature=15 20 2 15 7 2 1 16 7 2 2 15 2
split_gain=425.03 293.485 343.395 386.603 233.388 196.282 151.76 199.364 141.375 47.3969 8.19375 0.0742391 0.319606
threshold=60232.599609375007 27.555174827575687 0.091620825231075301 65002.500000000007 0.039886849001050002 -0.10954870656132697 33.753408432006843 140617.71875000003 0.037105547264218337 -0.19256635010242459 -0.077799297869205461 55147.800781250007 -0.050814839079976075
decision_type=2 2 2 2 2 2 2 2 2 2 2 2 2
left_child=4 5 9 -4 6 -2 7 -1 -8 -3 -7 12 -6
right_child=1 2 3 -5 11 10 8 -9 -10 -11 -12 -13 -14
leaf_value=-0.013508810452069125 0.040799630329172915 0.0074318845323550617 0.039623177451099792 -0.020418841021138497 -0.028589516764811099 -0.0089331126939065694 0.03308389619113649 0.033408724320244623 -0.030001717832174552 -0.022413965901632121 -0.03037137035870385 -0.028633348657070904 -0.019793081647611906
leaf_weight=227.62364990110473 172.27478264272213 53.019207358360291 217.13002879731357 194.01369796134531 16.520526657062877 30.679315831512213 582.85129345434052 139.60574519278452 36.034631484264537 1227.8413819801062 38.434436567127705 84.0727618932724 5.5399564630179148
leaf_count=1512 100 142 142 461 79 42 4713 33 50 1557 105 53 192
internal_value=-3.19473e-05 -0.00873984 -0.0132887 0.0112894 0.0153816 0.0231444 0.0200694 0.00432653 0.0294103 -0.0211783 -0.0208593 -0.0281707 -0.0263939
internal_weight=3025.64 1933.39 1692 411.144 1092.25 241.389 986.115 367.229 618.886 1280.86 69.1138 106.133 22.0605
internal_count=9181 2549 2302 603 6632 247 6308 1545 4763 1699 147 324 271
is_linear=0
shrinkage=0.0309105


Tree=21
num_leaves=14
num_cat=0
split_feature=15 0 15 2 9 27 12 23 12 16 14 12 9
split_gain=593.229 582.03 311.848 252.12 186.149 143.412 57.3323 26.9048 2.71966 2.74357 4.64967 0.584525 0.0186247
threshold=57483.099609375007 38.453777313232429 61963.050781250007 -0.03347461856901645 -1.0000000180025095e-35 0.014092915691435339 61914.449218750007 -0.0015392489149235187 45808.400390625007 11849.557128906252 38.125413894653327 43275.199218750007 -1.0000000180025095e-35
decision_type=2 2 2 2 2 2 2 2 2 2 2 2 2
left_child=8 4 7 -4 6 -6 -2 -3 9 10 -1 -11 -10
right_child=1 2 3 -5 5 -7 -8 -9 12 11 -12 -13 -14
leaf_value=0.048070488211696481 0.042562692356616971 -0.010035375174445088 0.02888404681689578 -0.0045938941767902173 0.032231901637353108 -0.013154356328956092 0.020566010326953064 -0.027146003820647042 -0.028850386925999002 -0.024982466409353303 -0.023071077191792883 -0.011855505923273385 -0.028164573829849153
leaf_weight=1.5417417516609959 436.98128426074982 110.65561955422163 307.35691804811358 714.72742098197341 115.0093134008348 157.76294886693358 152.88336563110352 426.28482257388532 86.741751793771982 14.384523868516455 2.0334687594161096 4.3105084700509897 480.41859662672505
leaf_count=298 82 67 537 1100 95 359 201 287 289 4341 686 343 496
internal_value=-4.33545e-05 0.0067254 -0.00454667 0.00547316 0.0270975 0.00598082 0.036862 -0.0236203 -0.0278531 -0.0172231 0.00752448 -0.0219716 -0.02827
internal_weight=3011.09 2421.66 1559.02 1022.08 862.637 272.772 589.865 536.94 589.431 22.2702 3.57521 18.695 567.16
internal_count=9181 2728 1991 1637 737 454 283 354 6453 5668 984 4684 785
is_linear=0
shrinkage=0.0309105


Tree=22
num_leaves=11
num_cat=0
split_feature=7 12 4 7 12 3 7 13 7 20
split_gain=431.977 211.163 198.673 82.9834 76.5031 52.7827 51.5887 22.8809 0.827884 0.171331
threshold=0.037105547264218337 64657.400390625007 -0.044528985396027558 0.011917205061763527 69303.101562500015 -0.044528985396027558 0.012840117793530227 17221.360351562504 0.039886849001050002 69.353046417236342
decision_type=2 2 2 2 2 2 2 2 2 2
left_child=1 5 -2 7 -5 -1 -7 -3 -4 -10
right_child=2 3 8 4 -6 6 -8 -9 9 -11
leaf_value=0.029592589481821602 -0.029257399764545514 0.0058422284945099795 0.048860014707269993 0.019320687172928584 -0.0098287532359297974 0.0016140143745948302 -0.012227812310850409 -0.017099089317645214 0.044372547074882522 0.046826209798301065
leaf_weight=32.766904451069422 38.417818211019039 64.168408058583736 81.601362749437612 537.64638722874224 102.39829752594233 307.21773443299708 1581.0379630500624 117.70237755589187 124.73683869149772 42.362496030913462
leaf_count=37 4 96 105 1069 287 2868 4270 86 326 33
internal_value=8.53473e-05 -0.00369057 0.0361589 0.00942096 0.0146567 -0.00930053 -0.0099756 -0.00900321 0.0462653 0.0449964
internal_weight=3030.06 2742.94 287.119 821.915 640.045 1921.02 1888.26 181.871 248.701 167.099
internal_count=9181 8713 468 1538 1356 7175 7138 182 464 359
is_linear=0
shrinkage=0.0309105


Tree=23
num_leaves=14
num_cat=0
split_feature=15 17 2 15 27 2 19 2 15 5 24 2 14
split_gain=399.95 270.457 323.321 376.05 201.782 179.965 122.65 101.255 33.8275 29.6491 10.7648 0.0691759 0.155263
threshold=60232.599609375007 27.640138626098636 0.091620825231075301 64814.349609375007 0.045602254569530494 -0.10954870656132697 14759.263183593752 -0.095069073140621171 52264.400390625007 0.0028591009322553877 -0.0061850314959883681 -0.036410234868526452 47.174545288085945
decision_type=2 2 2 2 2 2 2 2 2 2 2 2 2
left_child=4 5 9 -4 6 -2 8 -8 -1 -3 -7 -6 -13
right_child=1 2 3 -5 11 10 7 -9 -10 -11 -12 12 -14
leaf_value=0.025552343436619718 0.039099516621297049 -0.024400501381282511 0.038757734741368677 -0.020438544033718212 -0.028337701891293237 -0.030090720465569445 0.011961894391188247 0.032429950645164428 -0.028954792859119862 -0.014633233088034278 -0.005983493333195017 -0.021947907345673371 -0.028050171608792009
leaf_weight=13.234095015430283 171.53329526260495 787.03859381563962 217.35102694109082 194.09323385544121 76.386729880003259 39.369829025119543 468.09899522878095 455.89848962550559 61.001083940267563 477.19833119958639 32.215552497655153 6.5681763049506143 13.315405838093282
leaf_count=1485 109 1064 138 465 154 89 1112 3644 28 626 58 97 112
internal_value=-4.24006e-05 -0.00854763 -0.0129681 0.010832 0.0148681 0.0219187 0.0189899 0.0220611 -0.0192337 -0.020714 -0.0192459 -0.0278681 -0.0260493
internal_weight=3013.3 1918.8 1675.68 411.444 1094.5 243.119 998.233 923.997 74.2352 1264.24 71.5854 96.2703 19.8836
internal_count=9181 2549 2293 603 6632 256 6269 4756 1513 1690 147 363 209
is_linear=0
shrinkage=0.0309105


Tree=24
num_leaves=16
num_cat=0
split_feature=18 1 9 12 27 18 18 27 0 7 17 19 7 5 12
split_gain=744.179 424.594 209.687 167.476 158.888 136.409 101.834 80.2984 83.2531 61.6071 35.0953 26.0169 12.6985 2.03381 0.678067
threshold=60345.000000000007 33.753408432006843 -1.0000000180025095e-35 64225.500000000007 0.017057787626981739 67428.000000000015 64847.898437500007 0.01747431326657534 39.450414657592781 0.016782796010375026 19.275372505187992 11180.825195312502 0.020500950515270237 -0.021800366230309006 44283.699218750007
decision_type=2 2 2 2 2 2 2 2 2 2 2 2 2 2 2
left_child=7 2 6 -4 9 -6 -2 8 10 -3 -1 12 -9 -13 -10
right_child=1 4 3 -5 5 -7 -8 11 14 -11 -12 13 -14 -15 -16
leaf_value=-0.029766162042932916 0.041166873203823222 0.0061365674833465771 -0.025702083866904139 0.022155367379924084 -0.020433341221651191 0.015380415939390034 0.010966308627712473 0.0378436883038639 -0.017106866577073391 0.038894503727424014 0.040211676666578183 -0.023189517045132488 -0.02859382585481305 -0.027912058424638165 -0.027674292830578311
leaf_weight=8.0825199293185488 524.79908322542906 445.84339292347431 113.89008011296391 180.73748505488038 496.714210877195 127.73921448737383 133.93085198476911 8.8049557266886023 6.8936051055411545 62.557358961552382 44.665764596091321 100.55519082758929 3.9914910461884565 695.73269935524741 42.981535681756213
leaf_count=61 151 521 130 280 837 343 209 155 2297 63 760 171 123 2765 315
internal_value=-4.9801e-05 0.0101309 0.025332 0.00365477 -0.00266131 -0.0131067 0.035027 -0.0233462 0.00240879 0.0101679 0.0294835 -0.0266133 0.0170972 -0.0273161 -0.0262196
internal_weight=2997.92 2086.21 953.358 294.628 1132.85 624.453 658.73 911.708 102.623 508.401 52.7483 809.084 12.7964 796.288 49.8751
internal_count=9181 2534 770 410 1764 1180 360 6647 3433 584 821 3214 278 2936 2612
is_linear=0
shrinkage=0.0309105


Tree=25
num_leaves=11
num_cat=0
split_feature=7 12 12 10 7 3 25 17 25 27
split_gain=404.453 197.661 167.665 94.4669 91.5291 50.9043 53.6522 23.8871 1.6056 1.13124
threshold=0.037105547264218337 64657.400390625007 53109.400390625007 0.81174489855766307 0.011623192112892868 -0.044528985396027558 0.013977162539958956 77.668560028076186 0.050535921007394798 0.045602254569530494
decision_type=2 2 2 2 2 2 2 2 2 2
left_child=1 5 8 4 -3 -1 -7 -5 -2 -4
right_child=2 3 9 7 -6 6 -8 -9 -10 -11
leaf_value=0.029056134620196235 -0.0165630108518789 -0.0094122127239507376 0.046951513984416333 -0.0023170498284280621 0.02056928191658056 0.0052907139978969958 -0.011522762432388462 -0.025547698677627448 -0.028746629393156174 0.04269870347308008
leaf_weight=32.946459110004071 22.736964147218714 120.12997371330857 114.16182029247284 131.00963125005364 511.41779476962984 203.36584884577496 1672.2786270353718 62.475203469395638 19.245956458231376 132.036670319736
leaf_count=37 168 127 92 237 1135 2447 4691 39 125 83
internal_value=0.000106081 -0.00356555 0.0349354 0.00907633 0.0148659 -0.00903045 -0.00969961 -0.00981963 -0.0221553 0.0446719
internal_weight=3021.8 2733.62 288.181 825.033 631.548 1908.59 1875.64 193.485 41.9829 246.198
internal_count=9181 8713 468 1538 1262 7175 7138 276 293 175
is_linear=0
shrinkage=0.0309105


Tree=26
num_leaves=13
num_cat=0
split_feature=18 17 7 24 18 0 4 7 18 17 18 0
split_gain=465.766 290.207 236.845 150.258 109.989 66.4921 111.959 86.9089 46.9016 45.4052 0.046002 0.179444
threshold=60345.000000000007 24.952011108398441 0.039886849001050002 -0.00033552739478182042 65677.199218750015 40.194025039672859 -0.019948897883296009 0.037105547264218337 62063.449218750007 52.789579391479499 55322.250000000007 44.639915466308601
decision_type=2 2 2 2 2 2 2 2 2 2 2 2
left_child=2 8 5 9 -5 6 -1 -7 -2 -3 11 -4
right_child=1 3 10 4 -6 7 -8 -9 -10 -11 -12 -13
leaf_value=0.027635925210980631 0.037935382433921583 -0.025026009410582473 -0.02797117927675646 0.00586212701649645 -0.017399007768282342 0.029692368683872934 -0.0062906276685605732 -0.028861701976854542 0.0089049251621049902 -0.0054358169613982271 -0.028040292058706503 -0.022753439453659166
leaf_weight=185.43687693409765 116.4673718214035 768.41427844949067 22.837352253502104 470.29962256364524 330.84677819162607 579.60354288828967 186.29490951479147 25.270363659696159 97.902428451925516 132.58747413754463 74.20319139957428 9.8314114214781494
leaf_count=122 45 909 85 552 675 4549 1604 45 121 232 48 194
internal_value=-5.69867e-05 -0.00921472 0.0161415 -0.0134834 -0.00374358 0.0209224 0.0106327 0.0272456 0.0246786 -0.0221435 -0.0275447 -0.02641
internal_weight=3000 1916.52 1083.48 1702.15 801.146 976.606 371.732 604.874 214.37 901.002 106.872 32.6688
internal_count=9181 2534 6647 2368 1227 6320 1726 4594 166 1141 327 279
is_linear=0
shrinkage=0.0309105


Tree=27
num_leaves=15
num_cat=0
split_feature=15 1 27 20 15 12 4 1 12 13 20 15 2 27
split_gain=545.117 564.58 216.557 182.031 147.877 117.822 53.4805 52.4634 2.69206 2.00084 3.5431 0.543385 0.0225249 0.00740302
threshold=57483.099609375007 33.753408432006843 0.017057787626981739 29.520425796508793 65977.148437500015 62078.300781250007 0.00020224301988491791 70.313484191894545 45808.400390625007 11790.767578125002 38.125413894653327 44129.849609375007 -0.095069073140621171 0.031967278569936759
decision_type=2 2 2 2 2 2 2 2 2 2 2 2 2 2
left_child=8 3 7 6 -4 -5 -2 -3 9 10 -1 -11 13 -10
right_child=1 2 4 5 -6 -7 -8 -9 12 11 -12 -13 -14 -15
leaf_value=0.038795574705507221 -0.028862236944483068 0.012910896648166598 -0.024231089573668964 0.040224567241008903 0.0042548527276129542 0.017213584011286344 0.0072182622254275183 -0.015425991927436098 -0.028218859236380938 -0.022054259137051141 -0.022104696348121466 0.0027220900075826415 -0.027391630124670184 -0.027674963390055526
leaf_weight=1.599327160020269 59.450512617826462 455.7881334964186 612.93768374249339 458.91269212216139 243.18927607871592 396.22397216036916 115.51136607304215 72.323811449110508 148.30030101537704 17.156891752586947 2.1227484013809317 0.86735443398356338 225.43763444945216 173.17967748641968
leaf_count=319 97 491 727 110 571 486 135 111 109 4610 677 62 588 88
internal_value=-5.50249e-05 0.00635775 -0.00653655 0.0236853 -0.0161391 0.0295629 -0.00503988 0.00902966 -0.0272818 -0.0165822 0.00398372 -0.0208455 -0.0277067 -0.0279268
internal_weight=2983 2414.34 1384.24 1030.1 856.127 855.137 174.962 528.112 568.664 21.7463 3.72208 18.0242 546.918 321.48
internal_count=9181 2728 1900 828 1298 596 232 602 6453 5668 996 4672 785 197
is_linear=0
shrinkage=0.0309105


Tree=28
num_leaves=15
num_cat=0
split_feature=27 14 2 4 26 18 13 3 18 2 20 20 2 2
split_gain=273.306 157.573 139.686 130.17 96.6578 90.4491 91.9356 70.9979 51.2909 22.8163 15.1695 14.4063 12.5483 5.5826
threshold=0.029526627622544769 40.495483398437507 -0.10834692791104315 -0.016090621240437027 0.038055893033742912 63535.000000000007 51251.417968750007 -0.024076344445347782 57056.250000000007 0.15374936908483508 26.489562034606937 45.90562820434571 0.1713652312755585 -0.16867915540933606
decision_type=2 2 2 2 2 2 2 2 2 2 2 2 2 2
left_child=3 2 8 10 -4 6 -5 -7 -2 13 -1 -12 -11 -3
right_child=1 9 4 5 -6 7 -8 -9 -10 12 11 -13 -14 -15
leaf_value=-0.0055865666443193334 0.043114512544783136 0.030721137424956583 0.027947136144651875 -0.010615464855360992 -0.017554529256821886 -0.023866809359092606 0.021945520440336617 0.0084486686608177177 0.0090253678219530432 0.049158556422963018 -0.024278944233336226 -0.010863413957250849 -0.010000289074789231 0.045867510030371095
leaf_weight=70.695080907632473 101.03194659555993 27.359872020473631 57.843799740545364 880.58497384040311 194.87329738250992 70.339982911944389 91.451376637628982 848.49929682724178 72.429643951356411 4.7346062403630667 319.77137460155564 100.64210922619168 12.378450950458044 159.94105809017947
leaf_count=82 195 59 192 4700 192 60 1025 1323 168 23 168 239 420 335
internal_value=0.000128776 0.0182238 0.00752174 -0.00466147 -0.00713859 -0.00097874 -0.00755175 0.0059745 0.0288822 0.0405348 -0.0188402 -0.0210681 0.00634966 0.0436566
internal_weight=3012.58 630.593 426.179 2381.98 252.717 1890.88 972.036 918.839 173.462 204.414 491.109 420.413 17.1131 187.301
internal_count=9181 1584 747 7597 384 7108 5725 1383 363 837 489 407 443 394
is_linear=0
shrinkage=0.0309105


Tree=29
num_leaves=13
num_cat=0
split_feature=12 9 14 7 7 7 12 15 6 9 3 14
split_gain=401.729 412.003 296.216 211.884 245.958 160.074 104.27 29.7895 27.6645 26.7587 97.5725 9.48364
threshold=64293.400390625007 -1.0000000180025095e-35 44.319076538085945 0.011084653437137605 0.037105547264218337 0.027907677926123146 55147.800781250007 57483.099609375007 0.0259255999699235 -1.0000000180025095e-35 -0.006466599414125084 54.889272689819343
decision_type=2 2 2 2 2 2 2 2 2 2 2 2
left_child=1 2 6 7 -5 -4 -1 -3 9 10 -2 -11
right_child=8 3 5 4 -6 -7 -8 -9 -10 11 -12 -13
leaf_value=0.032152792581310194 0.030555470475213394 0.027401643995066154 0.03020903607404845 0.026619195290114261 -0.011123959948384703 -0.026918061761339863 -0.026444648677615607 -0.029770209169230812 0.0086775407623449104 -0.028234639593974164 -0.01977875006435191 -0.018890377553813439
leaf_weight=30.698260005859538 42.379001144319773 9.5612446263348811 198.55975712753298 1062.0655585414584 195.29044134879859 61.338599325154519 527.65645837597549 97.003031073138118 33.642566060647368 285.19221218675375 279.19161877967417 163.55651249922812
leaf_count=918 84 1139 1697 2810 286 244 335 106 71 499 603 389
internal_value=-7.48497e-05 0.00680668 -0.0105336 0.0172098 0.0207568 0.0167253 -0.0232224 -0.0246378 -0.0187536 -0.019952 -0.0131444 -0.0248296
internal_weight=2986.14 2182.17 818.253 1363.92 1257.36 259.898 558.355 106.564 803.962 770.319 321.571 448.749
internal_count=9181 7535 3194 4341 3096 1941 1253 1245 1646 1575 687 888
is_linear=0
shrinkage=0.0309105


Tree=30
num_leaves=16
num_cat=0
split_feature=18 1 14 27 18 12 27 23 10 19 20 24 12 26 12
split_gain=676.131 374.039 242.963 144.233 127.038 89.3204 77.2011 84.4825 50.2696 25.1939 20.2985 9.50547 8.33965 2.40945 1.03127
threshold=60345.000000000007 33.753408432006843 26.603626251220707 0.017057787626981739 67428.000000000015 64814.349609375007 0.01747431326657534 -0.014569716993719338 -0.56174489110708226 11180.825195312502 33.588302612304695 0.0033729928545653824 63162.300781250007 0.017987936735153202 44283.699218750007
decision_type=2 2 2 2 2 2 2 2 2 2 2 2 2 2 2
left_child=6 2 12 8 -5 -4 7 10 -3 11 -1 -8 -2 -11 -9
right_child=1 3 5 4 -6 -7 9 14 -10 13 -12 -13 -14 -15 -16
leaf_value=0.0067915188972549898 -0.028703946920391032 -0.013996558717933908 0.035444041539184554 -0.019848574254653594 0.014679683320478653 0.013279518145813379 -0.022827819321353304 -0.015251313583927081 0.013566767810757743 -0.016679055534364311 0.047032137955999954 0.034795582987779183 -0.011032872672220006 -0.027066818302282043 -0.027260828444634282
leaf_weight=19.821985950268981 58.156372405588627 73.883933801203966 611.77261656150222 486.70040798932314 128.73329034075141 242.67850513383746 3.9548749447803848 8.2746617377913463 437.65514717809856 22.118954711073911 30.335141743995337 8.8371884219895929 45.593050543218851 745.76239371205929 42.868666324065998
leaf_count=137 50 101 212 837 343 399 171 2770 483 191 210 107 109 2745 316
internal_value=-6.8753e-05 0.00952756 0.0237254 -0.00254381 -0.0126256 0.0291493 -0.0227568 0.00262799 0.00958509 -0.0260511 0.031135 0.0169572 -0.0209412 -0.026768 -0.0253236
internal_weight=2967.15 2085.17 958.201 1126.97 615.434 854.451 881.974 101.3 511.539 780.673 50.1571 12.7921 103.749 767.881 51.1433
internal_count=9181 2534 770 1764 1180 611 6647 3433 584 3214 347 278 159 2936 3086
is_linear=0
shrinkage=0.0309105


Tree=31
num_leaves=12
num_cat=0
split_feature=7 12 1 10 18 18 27 7 20 27 0
split_gain=355.078 176.357 169.668 89.267 90.3404 51.552 126.257 89.1953 34.9586 1.06694 0.57734
threshold=0.037105547264218337 64657.400390625007 16.141644477844242 0.81174489855766307 64590.500000000007 58261.050781250007 0.035601902753114707 0.012840117793530227 78.363578796386733 0.045602254569530494 47.645669937133796
decision_type=2 2 2 2 2 2 2 2 2 2 2
left_child=1 5 -2 4 -3 6 -1 -7 -5 10 -4
right_child=2 3 9 8 -6 7 -8 -9 -10 -11 -12
leaf_value=0.0084755837098872272 -0.02894707244382707 0.050786710835316995 0.046127147272027817 0.00072389786523129951 0.010450577722044656 0.0038037559065287481 -0.022917012281080371 -0.016121189578561394 -0.026198410347878415 0.039874416643965321 0.041723717954654425
leaf_weight=409.33167337250734 37.155292374489363 58.427460744976997 60.222357209277106 117.54620884545147 577.30743486434221 271.17804326117039 174.63145408906894 1029.6439685877413 75.778178006410599 132.87015297446669 58.962402020555601
leaf_count=5818 5 122 69 243 1140 254 329 774 33 266 128
internal_value=0.000153694 -0.00331598 0.0327129 0.00856471 0.0141582 -0.00854209 -0.000911718 -0.0119673 -0.00982742 0.0418033 0.0439512
internal_weight=3003.05 2713.84 289.21 829.059 635.735 1884.79 583.963 1300.82 193.324 252.055 119.185
internal_count=9181 8713 468 1538 1262 7175 6147 1028 276 463 197
is_linear=0
shrinkage=0.0309105


Tree=32
num_leaves=13
num_cat=0
split_feature=18 17 2 15 7 2 23 2 7 3 2 18
split_gain=410.467 264.796 242.519 306.806 210.736 90.2334 83.2431 76.3512 67.8606 46.3059 0.0601302 0.17066
threshold=60345.000000000007 24.952011108398441 0.09359318390488626 64814.349609375007 0.039886849001050002 -0.095069073140621171 -0.050054349005222314 -0.15443625301122663 0.037105547264218337 -0.0030438344692811366 -0.030063073150813576 56451.201171875007
decision_type=2 2 2 2 2 2 2 2 2 2 2 2
left_child=4 7 9 -4 5 6 -1 -2 -7 -3 -6 -12
right_child=1 2 3 -5 10 8 -8 -9 -10 -11 11 -13
leaf_value=0.029888931400689149 0.04152009669658259 -0.011828805086675285 0.036237243738100042 -0.019320246190633186 -0.027440003504868377 0.030661450991228644 0.0013195678166256397 0.004731517377592245 -0.028109382911766897 -0.023924565073566152 -0.021731746374962547 -0.027580313022734584
leaf_weight=137.76555487460246 109.55155824869871 484.91967302560806 191.79906863719225 188.11428316868842 80.931973318853125 493.15825071546578 333.02796483937982 106.14979505166411 19.509354453792184 803.97515328414738 8.3669082440364964 13.786738991737364
leaf_count=59 44 667 131 469 124 4688 1531 122 42 1101 194 9
internal_value=-8.65867e-05 -0.00881067 -0.0129765 0.00872715 0.0150442 0.0194517 0.00968028 0.0234173 0.0284244 -0.019374 -0.0270012 -0.0253848
internal_weight=2971.06 1884.51 1668.81 379.913 1086.55 983.461 470.794 215.701 512.668 1288.89 103.086 22.1536
internal_count=9181 2534 2368 600 6647 6320 1590 166 4730 1768 327 203
is_linear=0
shrinkage=0.0309105


Tree=33
num_leaves=16
num_cat=0
split_feature=18 1 14 18 26 22 26 20 22 7 22 4 18 18 14
split_gain=642.331 353.258 228.993 137.002 105.411 80.3328 66.5772 65.1049 63.363 14.6765 37.4474 8.17782 3.27107 0.923384 0.0226697
threshold=60345.000000000007 33.753408432006843 26.603626251220707 67941.699218750015 0.017245482653379444 -0.001161328633315861 0.016708911396563057 79.50016021728517 -0.01872244011610746 0.020352429710328582 -0.028798788785934445 -0.0061266166158020488 58261.050781250007 44222.599609375007 31.525361061096195
decision_type=2 2 2 2 2 2 2 2 2 2 2 2 2 2 2
left_child=6 2 11 4 -3 -4 8 -5 12 10 -8 -2 -1 -10 -11
right_child=1 3 5 7 -6 -7 9 -9 13 14 -12 -13 -14 -15 -16
leaf_value=0.023712931053426999 -0.02862242755409946 0.004133521123826831 0.031773274109611664 0.0077389114395090388 -0.016602336604122865 0.0029495904158217106 0.016995404698435204 0.046220838465221167 -0.014588510790717721 -0.027513057248702396 -0.023170315300108425 -0.011079973109543716 0.043095748698866322 -0.026828824609809555 -0.026959016876374534
leaf_weight=13.654770329304936 55.908406272530556 427.55074950121343 751.19978927075863 111.16283184662461 518.01244219578803 105.36760242655873 26.385650378794026 67.543846558779478 7.8448609945735361 167.04582963290977 138.83442300454112 46.648298624902964 21.660772815346718 25.213797436095774 465.39220142455224
leaf_count=170 73 458 466 386 880 145 82 40 2730 252 1930 86 9 276 1198
internal_value=-7.90411e-05 0.00922118 0.0230017 -0.00253482 -0.00722599 0.028228 -0.0224527 0.0222852 0.00681667 -0.024962 -0.0167541 -0.0206461 0.0356098 -0.0239332 -0.0271058
internal_weight=2949.43 2083.39 959.124 1124.27 945.563 856.567 866.032 178.707 68.3742 797.658 165.22 102.557 35.3155 33.0587 632.438
internal_count=9181 2534 770 1764 1338 611 6647 426 3185 3462 2012 159 179 3006 1450
is_linear=0
shrinkage=0.0309105


Tree=34
num_leaves=12
num_cat=0
split_feature=7 4 15 7 25 17 4 27 22 27 14
split_gain=332.994 162.183 128.582 80.7127 76.0441 64.4552 61.3671 54.4182 5.04839 1.11524 0.401736
threshold=0.037105547264218337 -0.044528985396027558 63637.750000000007 0.027292344719171528 0.014306238386780025 30.481538772583011 0.0042598266154527673 0.011572122573852541 0.015123083256185057 0.045602254569530494 40.495483398437507
decision_type=2 2 2 2 2 2 2 2 2 2 2
left_child=2 -2 4 5 7 -4 -6 -1 -5 10 -3
right_child=1 9 3 8 6 -7 -8 -9 -10 -11 -12
leaf_value=-0.0018015659388305588 -0.028577588012404218 0.045042007147243664 0.036728198225358159 0.051216054153446898 -0.01460229646353021 0.0013635723253463156 0.00058207351359179811 0.037580417568412336 0.028619087895267726 0.038662297513644958 0.041275328220245787
leaf_weight=93.062596503951681 37.115375660359859 49.086490820906874 51.709854118525982 32.985054839402437 1096.0356876485434 1032.2326233591884 331.08733613894856 52.389601734968437 13.339507311582564 132.48608994762071 69.94734683911156
leaf_count=1342 4 84 152 161 3176 1459 1186 1164 73 266 114
internal_value=0.000176566 0.0317352 -0.00319346 0.00475883 -0.00890925 0.00305093 -0.0110794 0.0123812 0.0447155 0.0406364 0.0428311
internal_weight=2991.48 288.635 2702.84 1130.27 1572.58 1083.94 1427.12 145.452 46.3246 251.52 119.034
internal_count=9181 468 8713 1845 6868 1611 4362 2506 234 464 198
is_linear=0
shrinkage=0.0309105


Tree=35
num_leaves=13
num_cat=0
split_feature=18 14 1 7 1 2 16 7 2 25 2 18
split_gain=386.794 269.762 207.075 197.581 126.368 85.0302 84.802 63.255 42.0295 37.4237 0.0614881 0.172465
threshold=60345.000000000007 24.91744422912598 50.826057434082038 0.039886849001050002 56.846706390380866 -0.095069073140621171 65746.644531250015 0.037105547264218337 -0.15443625301122663 0.015816608443856243 -0.030063073150813576 56451.201171875007
decision_type=2 2 2 2 2 2 2 2 2 2 2 2
left_child=3 8 9 5 -4 6 -1 -7 -2 -3 -5 -12
right_child=1 2 4 10 -6 7 -8 -9 -10 -11 11 -13
leaf_value=-0.001094941353957957 0.038824785903354961 -0.012822145508745757 0.021054346725681756 -0.027126022429525519 -0.0082903143764460809 0.029607522223487951 0.025828730653502149 -0.027720593584994641 0.010936069970219854 -0.02573481428026958 -0.021328489883016871 -0.027264892117940032
leaf_weight=289.46302059217305 101.78431952744722 312.54551990702748 201.10481967031956 79.011182963236934 463.07673650421202 494.89868343649368 182.07071480146897 19.093935296521522 104.86038001254201 684.05522128380835 8.2003959805233553 13.468239068984984
leaf_count=1418 55 334 210 124 758 4688 172 42 114 1063 194 9
internal_value=-9.9799e-05 -0.00863094 -0.0127752 0.0145668 0.000594389 0.0187807 0.00930032 0.0274773 0.0246743 -0.0216855 -0.0266783 -0.025032
internal_weight=2953.63 1867.43 1660.78 1086.21 664.182 985.526 471.534 513.993 206.645 996.601 100.68 21.6686
internal_count=9181 2534 2365 6647 968 6320 1590 4730 169 1397 327 203
is_linear=0
shrinkage=0.0309105


Tree=36
num_leaves=16
num_cat=0
split_feature=18 0 19 18 18 14 26 22 10 11 19 7 7 18 15
split_gain=611.768 291.978 165.21 110.866 103.456 76.3061 65.2888 59.9827 49.201 22.3017 21.9372 12.2353 9.5055 3.14286 0.981308
threshold=60345.000000000007 37.914537429809577 14379.986816406252 67428.000000000015 66452.500000000015 27.360771179199222 0.016708911396563057 -0.01872244011610746 0.81174489855766307 -0.0055614747107028953 11180.825195312502 0.020500950515270237 0.018285500817000869 58261.050781250007 44821.449218750007
decision_type=2 2 2 2 2 2 2 2 2 2 2 2 2 2 2
left_child=6 4 8 -4 5 -2 7 13 -3 -6 11 -8 -12 -1 -9
right_child=1 2 3 -5 9 -7 10 14 -10 -11 12 -13 -14 -15 -16
leaf_value=0.023032013294212547 0.0080253908682814297 0.01219740701046205 -0.011417216221030474 0.015971753035222261 0.011182109149939012 0.033524084256802186 0.03419053399134428 -0.013872628257760578 0.040378331689781111 -0.018827148296496659 -0.017352752741503937 -0.027683381894953885 -0.026859972694042361 0.041972744771125219 -0.026586953504123489
leaf_weight=13.754625466505784 141.71278480067849 264.55817122198641 791.90393180586398 171.84475615248084 41.373864769935608 537.81771352887154 9.2978604641170914 7.7402368910895794 76.278419990092516 55.248163782060146 119.08720718126733 4.542120358887586 649.96519758826594 21.760497868061066 24.577337749302387
leaf_count=170 118 388 1024 411 89 303 163 2733 64 137 1466 130 1703 9 273
internal_value=-8.94739e-05 0.0089395 8.07864e-06 -0.00653322 0.0239514 0.0282069 -0.0221733 0.00691457 0.0185051 -0.00597402 -0.0246939 0.0138628 -0.0253882 0.0346456 -0.023551
internal_weight=2931.46 2080.74 1304.59 963.749 776.153 679.53 850.725 67.8327 340.837 96.622 782.892 13.84 769.052 35.5151 32.3176
internal_count=9181 2534 1887 1435 647 421 6647 3185 452 226 3462 293 3169 179 3006
is_linear=0
shrinkage=0.0309105


Tree=37
num_leaves=15
num_cat=0
split_feature=27 12 0 10 25 25 18 18 26 26 24 19 20 0
split_gain=236.828 156.427 133.63 84.1664 83.9992 127.35 77.8569 60.5785 105.979 79.2673 36.0549 29.6679 28.1787 11.4487
threshold=0.029526627622544769 64657.400390625007 42.273569107055671 0.81174489855766307 0.034624425694346435 0.045231342315673835 64590.500000000007 57056.250000000007 0.019882438704371456 0.014097290579229595 -0.046774888411164277 14201.923339843752 78.363578796386733 62.106649398803718
decision_type=2 2 2 2 2 2 2 2 2 2 2 2 2 2
left_child=1 7 4 6 10 -6 -3 8 -1 -9 -2 -4 -5 -13
right_child=2 3 11 12 5 -7 -8 9 -10 -11 -12 13 -14 -15
leaf_value=-0.013816675521580913 -0.0024879559184222215 0.048445143654056326 -0.0031837946846280667 -0.0012797284416951958 -0.01350525503971115 0.028386707478689363 0.0092311098780878346 0.006815975119758187 0.047782396796691468 -0.014366527286051015 0.050970332757983169 0.040779714824157751 -0.025755516622709897 0.016710794285173095
leaf_weight=62.918827897331539 15.932892344130321 53.155018918216228 17.621586844950798 113.25235117226839 223.31613922983342 100.55417719837169 538.62798593565822 194.6235921792686 46.335015287827446 1270.8731293268502 49.387725566117297 198.55981067421226 74.541665555909276 20.914757502980137
leaf_count=4021 21 87 135 196 142 238 974 207 1370 709 234 525 33 289
internal_value=0.000202096 -0.0042917 0.0170956 0.00703221 0.00595038 -0.000497863 0.0127539 -0.00989777 0.012305 -0.0115532 0.0379263 0.0353891 -0.0109966 0.0384874
internal_weight=2980.61 2354.33 626.287 779.577 389.191 323.87 591.783 1574.75 109.254 1465.5 65.3206 237.096 187.794 219.475
internal_count=9181 7597 1584 1290 635 380 1061 6307 5391 916 255 949 229 814
is_linear=0
shrinkage=0.0309105


Tree=38
num_leaves=13
num_cat=0
split_feature=12 9 2 27 27 12 15 6 9 22 26 0
split_gain=351.789 353.209 362.984 196.276 215.21 98.6862 45.5396 25.3948 26.9759 38.509 12.192 8.52782
threshold=64293.400390625007 -1.0000000180025095e-35 0.064428918063640608 0.014007939491420986 0.045602254569530494 55147.800781250007 57483.099609375007 0.0259255999699235 -1.0000000180025095e-35 -0.017783105373382565 0.017660072073340419 70.861869812011733
decision_type=2 2 2 2 2 2 2 2 2 2 2 2
left_child=1 2 5 6 -5 -1 -3 8 9 -2 -4 -10
right_child=7 3 10 4 -6 -7 -8 -9 11 -11 -12 -13
leaf_value=0.027637800195328775 0.021408654806760921 0.028257193685390418 0.010913919605098452 0.023079492933699694 -0.02669732260581445 -0.022912611293008936 -0.02887939573475198 0.0083766277393489217 -0.025480889976759295 -0.015692621079657364 0.038138910143771868 -0.010400273798938773
leaf_weight=39.262694993566583 29.517515726387501 15.239533623863279 18.034847287363391 1154.4048232800142 89.411532861413434 611.7578293941915 106.02114640921354 33.539366763085127 393.52409619279206 282.44623443484306 123.94978186376647 39.491683529689908
leaf_count=1868 80 1410 282 2576 237 469 118 71 803 607 575 85
internal_value=-0.000115707 0.00630997 -0.0100968 0.0158413 0.0195011 -0.0198635 -0.0216963 -0.0179283 -0.0191129 -0.0121812 0.0346829 -0.0241062
internal_weight=2936.6 2158.08 793.005 1365.08 1243.82 651.021 121.261 778.519 744.98 311.964 141.985 433.016
internal_count=9181 7535 3194 4341 2813 2337 1528 1646 1575 687 857 888
is_linear=0
shrinkage=0.0309105


Tree=39
num_leaves=15
num_cat=0
split_feature=18 1 14 18 26 12 26 23 17 19 7 22 12 3
split_gain=582.01 318.068 208.013 124.091 99.7328 77.2913 63.2867 57.5961 49.1116 21.3145 11.6304 9.69552 8.34534 7.09527
threshold=60345.000000000007 33.753408432006843 26.603626251220707 67941.699218750015 0.017245482653379444 64814.349609375007 0.016708911396563057 -0.029495974071323868 77.293807983398452 11180.825195312502 0.020500950515270237 -0.028798788785934445 63162.300781250007 -0.021800366230309006
decision_type=2 2 2 2 2 2 2 2 2 2 2 2 2 2
left_child=6 2 12 4 -3 -4 7 -1 -5 10 -8 -11 -2 -9
right_child=1 3 5 8 -6 -7 9 13 -10 11 -12 -13 -14 -15
leaf_value=0.038684433837006656 -0.028174510367135596 0.0039633070999559273 0.032530816268087258 0.0069800527985981551 -0.016258682746900493 0.011993034944557059 0.033058109077326203 0.016746721697451304 0.039569001901589899 -0.016869729520838761 -0.02744466659322407 -0.026611454657241008 -0.010269955870176331 -0.023863130885291087
leaf_weight=30.03854500777561 56.229787461459637 428.11947719566524 612.69976894184947 103.17112307623029 511.30624724365771 245.19783857837319 9.4038385253897996 4.6915896566051734 77.312599413096905 115.45775059052471 4.4780222840547586 638.2343946943331 44.723666917532682 32.766600389511268
leaf_count=47 50 458 212 364 880 399 163 69 62 237 130 2932 109 3069
internal_value=-0.000100617 0.00865514 0.0217223 -0.00253251 -0.00704271 0.0266612 -0.0218969 0.00679558 0.0209416 -0.0244203 0.0135197 -0.0251195 -0.0202455 -0.0187689
internal_weight=2913.83 2078.76 958.851 1119.91 939.426 857.898 835.071 67.4967 180.484 767.574 13.8819 753.692 100.953 37.4582
internal_count=9181 2534 770 1764 1338 611 6647 3185 426 3462 293 3169 159 3138
is_linear=0
shrinkage=0.0309105


Tree=40
num_leaves=13
num_cat=0
split_feature=7 4 15 7 25 18 7 27 15 27 14 7
split_gain=297.649 149.928 115.732 75.5148 70.6236 107.605 60.5327 51.6026 17.1716 1.29913 0.460887 0.0121724
threshold=0.037105547264218337 -0.044528985396027558 63637.750000000007 0.011486924253404142 0.014306238386780025 58261.050781250007 0.027292344719171528 0.011572122573852541 66575.351562500015 0.045602254569530494 47.794498443603523 0.041532378643751151
decision_type=2 2 2 2 2 2 2 2 2 2 2 2
left_child=2 -2 4 8 7 -6 -5 -1 -4 10 -3 -11
right_child=1 9 3 6 5 -7 -8 -9 -10 11 -12 -13
leaf_value=-0.0018653312762691916 -0.028310985874145551 0.043007280227433421 -0.020060504147059986 0.0064404330780362968 1.0630177464193138e-05 -0.017486796107386456 0.042443036282438437 0.036326775349895694 -0.0016142119875809913 0.037434088073246219 0.039055266970476538 0.036273655717861869
leaf_weight=93.113137334258226 36.543112773448229 60.652624398067019 120.00710029527545 882.96388229168952 554.77701344226034 850.70233570598066 46.999637551605701 53.052925225832041 80.66466855071485 33.104453452076996 58.406689765244664 97.918709187451896
leaf_count=1342 4 114 71 1424 3798 564 234 1164 116 39 84 227
internal_value=0.000227012 0.0301673 -0.00297226 0.00454927 -0.00845316 -0.0105799 0.0082603 0.011995 -0.0126471 0.0387136 0.041071 0.0365691
internal_weight=2968.91 286.626 2682.28 1130.64 1551.65 1405.48 929.964 146.166 200.672 250.082 119.059 131.023
internal_count=9181 468 8713 1845 6868 4362 1658 2506 187 464 198 266
is_linear=0
shrinkage=0.0309105


Tree=41
num_leaves=13
num_cat=0
split_feature=18 14 1 7 1 2 16 7 2 26 2 1
split_gain=340.551 245.001 194.463 175.469 117.298 78.0732 77.2649 57.0721 39.0075 35.995 0.0621864 0.232788
threshold=60345.000000000007 24.91744422912598 50.826057434082038 0.039886849001050002 56.846706390380866 -0.095069073140621171 65746.644531250015 0.037105547264218337 -0.15443625301122663 0.015825409442186359 -0.030063073150813576 62.809791564941413
decision_type=2 2 2 2 2 2 2 2 2 2 2 2
left_child=3 8 9 5 -4 6 -1 -7 -2 -3 -5 -12
right_child=1 2 4 10 -6 7 -8 -9 -10 -11 11 -13
leaf_value=-0.0015138865292320777 0.037009908233091471 -0.012454421531428511 0.020284271852951292 -0.026639322536757291 -0.007999820358140711 0.027804185993429979 0.02413300897725798 -0.027348940309518548 0.01018610818033442 -0.02522434417768785 -0.019991923489207017 -0.02701439731186793
leaf_weight=289.79718896378745 102.07624284178019 311.09463022463024 201.83215304836631 75.66784838476633 457.97520139999688 496.47083952094226 183.15497001253516 18.592621051699098 105.24439328536391 655.57006340101361 7.5116301824227802 13.332449170360631
leaf_count=1418 55 332 210 124 758 4688 172 42 114 1065 136 67
internal_value=-0.000130383 -0.00825086 -0.0122848 0.0136 0.000651709 0.0174861 0.00841748 0.0258127 0.0233945 -0.021115 -0.0261799 -0.0244979
internal_weight=2918.32 1833.79 1626.47 1084.53 659.807 988.016 472.952 515.063 207.321 966.665 96.5119 20.8441
internal_count=9181 2534 2365 6647 968 6320 1590 4730 169 1397 327 203
is_linear=0
shrinkage=0.0309105


Tree=42
num_leaves=15
num_cat=0
split_feature=18 0 18 2 14 18 7 23 23 20 7 23 16 14
split_gain=553.981 280.253 159.692 180.992 134.051 93.3078 49.8461 35.0372 19.1749 16.4456 8.50033 23.3555 1.90234 0.0229062
threshold=60008.699218750007 38.20252990722657 61662.500000000007 -0.03347461856901645 26.603626251220707 66355.500000000015 0.011782925110310318 -0.023521053604781624 -0.0014266552752815185 33.844573974609382 0.020352429710328582 0.021995764225721363 11491.606933593752 24.91744422912598
decision_type=2 2 2 2 2 2 2 2 2 2 2 2 2 2
left_child=6 4 8 -4 9 -6 7 -1 -3 -2 11 -8 -9 -12
right_child=1 2 3 -5 5 -7 10 12 -10 -11 13 -13 -14 -15
leaf_value=0.041742910990941705 -0.028773953711237543 -0.0098651406817153418 0.021847127425043349 -0.0047748616608340854 0.030843832913398855 -0.0015644827750989818 -0.021274785683717393 0.019252746622141145 -0.028715311376741184 -0.00072346977926874352 -0.026872411153953699 0.028652645325367185 -0.023204992118056541 -0.026233445416506598
leaf_weight=18.850892261770696 42.62702938914299 73.162100490182638 370.66633947193623 714.00097480230033 628.76221570372581 98.109838854521513 137.02504553808535 1.073190938483324 175.07114944048226 37.613716918975115 115.01128374059226 9.5728968397106637 15.013102744705746 457.16286541521708
leaf_count=62 104 49 580 1128 334 204 2651 425 132 43 143 294 1699 1333
internal_value=-0.000117683 0.00790858 -0.000795659 0.00432247 0.0222835 0.0264691 -0.0229071 0.0131428 -0.0231608 -0.0156287 -0.0246598 -0.0180125 -0.020354 -0.0263624
internal_weight=2893.72 2140.01 1332.9 1084.67 807.113 726.872 753.709 34.9372 248.233 80.2407 718.772 146.598 16.0863 572.174
internal_count=9181 2574 1889 1708 685 538 6607 2186 181 147 4421 2945 2124 1476
is_linear=0
shrinkage=0.0309105


Tree=43
num_leaves=13
num_cat=0
split_feature=25 4 14 10 26 4 11 13 13 14 9 0
split_gain=167.865 143.238 92.7878 145.075 90.7289 62.6078 20.6968 11.8698 2.0584 1.40426 0.741333 0.218279
threshold=0.045231342315673835 -0.016090621240437027 57.773788452148445 1.0000000180025095e-35 0.020393935032188896 -0.044528985396027558 -0.010594857856631277 35603.398437500007 53366.931640625007 31.176969528198246 0.6078576147556306 30.616354942321781
decision_type=2 2 2 2 2 2 2 2 2 2 2 2
left_child=1 6 4 -4 -3 -2 8 -8 -1 11 -11 -7
right_child=5 2 3 -5 -6 9 7 -9 -10 10 -12 -13
leaf_value=-0.020059186268111224 -0.021091825881448787 -0.0087814006526808971 0.02845399769242362 -0.0012361116136068854 0.0058721542523938212 0.046545253836464177 -0.017876120461967883 -0.0046904361912952592 -0.025704963978990417 0.032450006273355592 0.037576045507348776 0.04068084345109254
leaf_weight=144.44737529230815 19.983137401133718 886.6910307357748 280.22673931277905 358.26453702915524 741.14766418248973 13.397346407302395 111.68643664833735 157.0242973161312 108.99181717360625 43.243881390588285 77.55267826358795 13.872859997529302
leaf_count=105 6 3028 1753 1453 1867 70 202 215 54 265 83 80
internal_value=0.000252849 -0.00155518 0.0018074 0.0117941 -0.00210952 0.0302555 -0.0161506 -0.010172 -0.0224883 0.0371874 0.0357434 0.0435728
internal_weight=2956.53 2788.48 2266.33 638.491 1627.84 168.05 522.15 268.711 253.439 148.067 120.797 27.2702
internal_count=9181 8677 8101 3206 4895 504 576 417 159 498 348 150
is_linear=0
shrinkage=0.0309105


Tree=44
num_leaves=15
num_cat=0
split_feature=12 9 2 27 27 12 18 9 12 12 6 25 0 25
split_gain=322.901 317.382 331.337 181.62 191.611 92.5304 42.6676 24.8817 43.6846 64.4956 12.7358 10.394 7.68281 0.823926
threshold=64293.400390625007 -1.0000000180025095e-35 0.064428918063640608 0.014007939491420986 0.045602254569530494 55147.800781250007 57056.250000000007 1.0000000180025095e-35 66311.148437500015 64657.400390625007 -0.004644308239221572 0.017671207897365097 69.008605957031264 0.029867695644497875
decision_type=2 2 2 2 2 2 2 2 2 2 2 2 2 2
left_child=1 2 5 6 -5 -1 -3 8 9 -2 -10 -4 13 -9
right_child=7 3 11 4 -6 -7 -8 12 10 -11 -12 -13 -14 -15
leaf_value=0.026463443334413052 -0.026483411627685294 0.026738524931489618 0.011758425968813111 0.021784215261026394 -0.026183877729565538 -0.022417536438092269 -0.028541496968706732 -0.027289068457366769 -0.0039737535836338054 0.018050190592846807 -0.021239223810736754 0.036179382148631561 -0.0098776306773306032 -0.021910004900338006
leaf_weight=39.458618634134382 48.903535023331642 15.299618077389821 19.307734445685583 1158.5213310323634 85.42812219597181 592.91916517168283 103.931915294379 215.17972235567868 47.191206766292453 85.210650987923145 304.46854181773961 122.8153976102526 29.451056618243456 31.861753476783633
leaf_count=1868 54 1409 290 2576 237 469 119 471 138 201 584 567 76 122
internal_value=-0.00014025 0.0060189 -0.00978214 0.0149966 0.0184898 -0.019367 -0.0214456 -0.0174132 -0.0131987 0.0018092 -0.0189231 0.0328638 -0.0248167 -0.0265965
internal_weight=2899.95 2137.68 774.501 1363.18 1243.95 632.378 119.232 762.266 485.774 134.114 351.66 142.123 276.493 247.041
internal_count=9181 7535 3194 4341 2813 2337 1528 1646 977 255 722 857 669 593
is_linear=0
shrinkage=0.0309105


Tree=45
num_leaves=15
num_cat=0
split_feature=15 1 26 14 15 22 22 12 12 16 14 12 9 22
split_gain=421.066 402.172 165.32 140.782 129.888 73.4786 40.0855 39.3828 2.96701 2.72741 4.18078 0.669697 0.0710518 0.0095269
threshold=57483.099609375007 33.753408432006843 0.017413698136806492 26.603626251220707 65977.148437500015 -0.00020987753669032824 -0.014254300389438866 60177.800781250007 45808.400390625007 11849.557128906252 38.125413894653327 43275.199218750007 -1.0000000180025095e-35 -0.014484957326203583
decision_type=2 2 2 2 2 2 2 2 2 2 2 2 2 2
left_child=8 3 6 7 -4 -5 -3 -2 9 10 -1 -11 -10 -14
right_child=1 2 4 5 -6 -7 -8 -9 12 11 -12 -13 13 -15
leaf_value=0.049251376952047142 0.013540262607285638 0.033210489546781685 -0.022676635612378447 0.027943120345472961 0.0046499983032899615 0.00084195243217441136 0.0046735679064163951 -0.019561264613150438 -0.027230138799652245 -0.022608310379351442 -0.020468908018694609 -0.0076035897532170781 -0.026453589696096555 -0.025928142841708388
leaf_weight=1.521697181662151 53.208167657256126 52.087055303156376 569.65356799960136 769.67598773166537 234.62485503591597 109.16681697592139 485.09474669769406 96.819183178246021 77.734164023771882 12.585180158649111 1.7799092422706051 3.7557704590726635 131.69359176466241 274.73380122287199
leaf_count=298 35 48 717 494 545 141 590 158 289 4341 686 343 58 438
internal_value=-0.000140092 0.0053143 -0.00583616 0.0198528 -0.0147045 0.024577 0.00744116 -0.00781962 -0.0258028 -0.0139936 0.0115751 -0.0191778 -0.0262813 -0.0260991
internal_weight=2874.13 2370.33 1341.46 1028.87 804.278 878.843 537.182 150.027 503.804 19.6426 3.30161 16.341 484.162 406.427
internal_count=9181 2728 1900 828 1262 635 638 193 6453 5668 984 4684 785 496
is_linear=0
shrinkage=0.0309105


Tree=46
num_leaves=12
num_cat=0
split_feature=7 22 4 18 5 7 6 22 7 7 26
split_gain=267.068 118.722 97.8254 80.743 66.2823 65.4765 36.5387 29.2652 13.1992 0.97047 0.356906
threshold=0.037105547264218337 -0.04227092303335666 -0.016090621240437027 63535.000000000007 -0.0316067487001419 0.011917205061763527 0.0077800739090889701 -0.0062035368755459777 0.025737198069691661 0.039886849001050002 0.047196300700306899
decision_type=2 2 2 2 2 2 2 2 2 2 2
left_child=2 -2 6 4 -4 -5 8 -8 -1 -3 -11
right_child=1 9 3 5 -6 -7 7 -9 -10 10 -12
leaf_value=-0.021206683564427498 -0.021420774923704623 0.039630706754375487 0.049850383388367926 -0.0087099400519238101 -0.0063444491395885849 0.010767704332603744 0.023631541375899401 -0.014004822147512495 -0.0069103454525993634 0.037268052882175329 0.034231192480330984
leaf_weight=347.23030096275033 38.766437534117358 79.810103085234005 20.407933625864189 209.39779722131789 1155.4669114176127 775.79292748495936 38.302221509775791 40.725150222649518 75.118363323477752 64.724944062727445 99.747513780948793
leaf_count=347 26 98 90 206 6359 1469 83 63 96 137 207
internal_value=0.000280829 0.0288271 -0.00275386 9.99103e-05 -0.00536891 0.00662752 -0.015055 0.00423266 -0.0186647 0.0368024 0.0354281
internal_weight=2945.49 283.049 2662.44 2161.07 1175.87 985.191 501.376 79.0274 422.349 244.283 164.472
internal_count=9181 468 8713 8124 6449 1675 589 146 443 442 344
is_linear=0
shrinkage=0.0309105


Tree=47
num_leaves=15
num_cat=0
split_feature=12 9 0 27 27 12 18 9 12 12 25 6 0 25
split_gain=310.168 299.394 311.042 172.904 180.008 98.4518 41.157 24.4968 42.7626 61.9613 20.0751 12.459 7.63007 0.827558
threshold=64293.400390625007 -1.0000000180025095e-35 63.798364639282234 0.014007939491420986 0.045602254569530494 55147.800781250007 57056.250000000007 1.0000000180025095e-35 66311.148437500015 64657.400390625007 0.019091527909040455 -0.004644308239221572 69.008605957031264 0.029867695644497875
decision_type=2 2 2 2 2 2 2 2 2 2 2 2 2 2
left_child=1 2 5 6 -5 -1 -3 8 9 -2 -4 -10 13 -9
right_child=7 3 10 4 -6 -7 -8 12 11 -11 -12 -13 -14 -15
leaf_value=0.025640649587263965 -0.026219817634009324 0.026003455719358519 0.0039480844285825385 0.02111949844691292 -0.02591046514692024 -0.022133016018153772 -0.028292434566734803 -0.027073842109986288 -0.0038975246990965141 0.017627097052795589 0.037700395943139675 -0.021001554583088226 -0.0096498842451410646 -0.021648197495038268
leaf_weight=44.339257262339288 48.06141596660018 15.33099436963448 19.713033400706081 1161.0946970901368 83.335475651681918 584.0113486982882 102.40587954968214 211.87720590084791 47.098692150786519 85.700108567252755 116.21066317130862 301.15251947566867 29.258466646075249 31.458246223628521
leaf_count=2086 54 1409 323 2576 237 477 119 471 138 201 308 584 76 122
internal_value=-0.000147252 0.0058944 -0.00958967 0.0145823 0.0179698 -0.0187614 -0.0212198 -0.0171727 -0.0129832 0.00187039 0.0328075 -0.0186892 -0.0245797 -0.0263736
internal_weight=2881.05 2126.44 764.274 1362.17 1244.43 628.351 117.737 754.607 482.013 133.762 135.924 348.251 272.594 243.335
internal_count=9181 7535 3194 4341 2813 2563 1528 1646 977 255 631 722 669 593
is_linear=0
shrinkage=0.0309105


Tree=48
num_leaves=15
num_cat=0
split_feature=18 0 19 9 18 7 20 26 23 17 19 7 5 12
split_gain=504.111 248.623 152.979 121.861 103.078 100.643 50.6794 48.9314 45.2018 42.8553 21.1097 10.6109 2.32647 0.869632
threshold=60008.699218750007 37.914537429809577 14379.986816406252 -1.0000000180025095e-35 67428.000000000015 0.011342416517436506 41.670034408569343 0.015523531474173071 -0.023521053604781624 33.352443695068366 11180.825195312502 0.020500950515270237 -0.021800366230309006 44283.699218750007
decision_type=2 2 2 2 2 2 2 2 2 2 2 2 2 2
left_child=7 3 6 9 -4 -5 -3 8 -1 -2 11 -9 -12 -10
right_child=1 2 4 5 -6 -7 -8 10 13 -11 12 -13 -14 -15
leaf_value=0.039832974430248358 0.034431471169539075 0.032585762504835976 -0.011481507025351534 0.025789674165336847 0.014748471819416889 -0.016642625694098304 0.0079866895806587363 0.031339567403436228 -0.012055235412345997 0.01640570799673775 -0.020555701110802134 -0.026922570211804626 -0.026011559714899133 -0.025294594040492564
leaf_weight=22.434844796091966 388.78590363264084 126.56301832199097 817.30503811314702 93.157430924475193 173.53247578442097 125.16264896094799 217.72950397804379 9.5745803434219834 6.7537249964962056 186.56618050858378 86.413253712064034 4.3359283919373857 578.35353401033694 16.750540517736226
leaf_count=62 122 137 1045 75 411 326 315 214 2484 143 186 135 3294 232
internal_value=-0.000155073 0.00742488 -0.000719462 0.0211258 -0.00688736 0.00146193 0.0170302 -0.0224241 0.00844461 0.0285869 -0.0245141 0.0131579 -0.0253028 -0.021503
internal_weight=2853.42 2128.8 1335.13 793.672 990.838 218.32 344.293 724.616 45.9391 575.352 678.677 13.9105 664.767 23.5043
internal_count=9181 2574 1908 666 1456 401 452 6607 2778 265 3829 349 3480 2716
is_linear=0
shrinkage=0.0309105


Tree=49
num_leaves=12
num_cat=0
split_feature=7 12 22 10 18 18 25 7 24 7 25
split_gain=252.459 130.714 112.688 76.339 74.2472 44.9374 105.921 79.1783 12.9763 0.944673 0.180476
threshold=0.037105547264218337 64657.400390625007 -0.04227092303335666 0.81174489855766307 64590.500000000007 58261.050781250007 0.037914777174592025 0.012840117793530227 0.017221426591277126 0.039886849001050002 0.046887995675206191
decision_type=2 2 2 2 2 2 2 2 2 2 2
left_child=1 5 -2 4 -3 6 -1 -7 -5 -4 -11
right_child=2 3 9 8 -6 7 -8 -9 -10 10 -12
leaf_value=0.009439342435035478 -0.021091919654522905 0.045243138754113357 0.038759209552097516 -0.0041780255108607792 0.0092104482581326415 0.0042905274468214303 -0.018610284346235541 -0.014673077301911069 -0.021495222129511996 0.035907986767355259 0.03369436643665015
leaf_weight=377.29256947334216 38.286054180072824 60.298492655158043 79.57057241999064 131.37961947545409 582.74657285958529 268.10219242610037 195.16737620314598 976.48586897738278 60.368512529879808 66.644948847282649 96.244955893160295
leaf_count=5868 26 122 98 227 1140 254 279 774 49 142 202
internal_value=0.000311428 -0.0026394 0.0281851 0.00748522 0.0125897 -0.00729105 -0.000123031 -0.0105878 -0.00963159 0.0359674 0.0346019
internal_weight=2932.59 2651.84 280.747 834.793 643.045 1817.05 572.46 1244.59 191.748 242.46 162.89
internal_count=9181 8713 468 1538 1262 7175 6147 1028 276 442 344
is_linear=0
shrinkage=0.0309105


Tree=50
num_leaves=13
num_cat=0
split_feature=12 0 7 12 26 27 2 6 5 5 14 2
split_gain=295.396 245.658 240.752 197.475 165.86 73.7407 68.3257 23.221 17.8303 50.7116 9.29687 0.147208
threshold=64293.400390625007 38.453777313232429 0.037105547264218337 55874.900390625007 0.014097290579229595 0.038152080029249198 -0.17886687070131299 0.0259255999699235 0.002447769278660417 0.0034097061725333337 45.123888015747077 -0.013537941034883259
decision_type=2 2 2 2 2 2 2 2 2 2 2 2
left_child=1 3 4 5 -3 -1 -5 8 10 -10 -2 -4
right_child=7 2 11 6 -6 -7 -8 -9 9 -11 -12 -13
leaf_value=0.020704389080871358 -0.026777086595316614 -0.013997450384648554 -0.026874117544511002 0.0071789974159816375 0.022060442776380154 -0.029513805114591386 -0.023873823546660112 0.0083706172358121132 0.020613045955502264 -0.017330023753339637 -0.017749975187708177 -0.024187701373717951
leaf_weight=219.22922758326285 203.36056357808411 137.42250906725803 102.33212139330681 80.037620604038239 1077.4370323896214 32.014087110914261 438.7306416220963 33.192433211952448 39.303415630012751 233.96388611011207 235.68206248059869 27.460744962530043
leaf_count=1291 463 1994 87 129 3375 138 280 71 64 539 509 241
internal_value=-0.000164503 0.00573356 0.0137061 -0.00818837 0.0179814 0.0143043 -0.0190823 -0.0168951 -0.0180729 -0.0118717 -0.0219319 -0.026308
internal_weight=2860.17 2114.66 1344.65 770.012 1214.86 251.243 518.768 745.502 712.31 273.267 439.043 129.793
internal_count=9181 7535 5697 1838 5369 1429 409 1646 1575 603 972 328
is_linear=0
shrinkage=0.0309105


Tree=51
num_leaves=14
num_cat=0
split_feature=18 1 20 27 18 12 9 27 5 12 12 18 2
split_gain=480.792 265.679 137.29 120.111 103.536 88.6717 81.1523 55.6977 39.0934 32.1655 5.50737 1.74628 1.05542
threshold=60008.699218750007 33.753408432006843 29.520425796508793 0.017057787626981739 67428.000000000015 62078.300781250007 -1.0000000180025095e-35 0.01451232982799411 -0.018073222599923607 69375.648437500015 58167.851562500007 45519.949218750007 -0.038443274796009057
decision_type=2 2 2 2 2 2 2 2 2 2 2 2 2
left_child=7 2 6 9 -5 -4 -2 8 -1 -3 11 -9 -10
right_child=1 3 5 4 -6 -7 -8 10 12 -11 -12 -13 -14
leaf_value=0.041415478409631362 0.018711935378307905 0.005382702694101584 0.033686980189506846 -0.018237631763350085 0.012597806963948252 0.013461318932570219 -0.029418909253939755 -0.014459094643648163 -0.0014214717159884184 0.029273492848059197 -0.018799099297198554 -0.026009070038257042 -0.023144529650137195
leaf_weight=21.632912170745158 57.260242883116007 460.60091341659427 427.93944695219398 502.40166528522968 131.20197058469057 401.46617828682065 80.548893731087446 12.936477806249739 2.5105691291610155 60.98314668610692 138.51838886924088 518.68351591518149 15.585311302995249
leaf_count=51 67 488 93 856 343 486 141 3415 984 100 118 632 1407
internal_value=-0.00016695 0.00719828 0.0191502 -0.00280855 -0.011852 0.0238973 -0.0094182 -0.0221884 0.0133672 0.00817656 -0.0242967 -0.0257286 -0.0201471
internal_weight=2832.27 2122.4 967.215 1155.19 633.604 829.406 137.809 709.867 39.7288 521.584 670.138 531.62 18.0959
internal_count=9181 2574 787 1787 1199 579 208 6607 2442 588 4165 4047 2391
is_linear=0
shrinkage=0.0309105


Tree=52
num_leaves=13
num_cat=0
split_feature=25 12 10 2 26 0 6 22 20 0 18 0
split_gain=142.735 93.8285 75.8021 72.4834 68.2233 145.104 57.7745 41.4798 29.8293 0.871643 0.358024 0.214269
threshold=0.045231342315673835 64657.400390625007 0.81174489855766307 -0.050814839079976075 0.028559370897710327 42.867130279541023 0.036131341010332114 -0.053976127877831452 78.363578796386733 38.345432281494148 55949.800781250007 53.932464599609382
decision_type=2 2 2 2 2 2 2 2 2 2 2 2
left_child=1 4 3 -3 6 -6 -1 -2 -4 10 -9 -11
right_child=7 2 8 -5 5 -7 -8 9 -10 11 -12 -13
leaf_value=-0.0093016560492478126 -0.0084988628696365011 -0.003791931313622167 -0.0001265353776935396 0.019040491702197637 -0.0049744677883599648 0.033557267986055184 0.040047745457557557 0.036082534006368579 -0.025294395768465917 0.033941421052006621 0.041535695433820671 0.030288888293648657
leaf_weight=1405.8565558286386 24.753961646933021 187.37146703526378 116.82495164498687 456.34092864766717 366.53537900537003 125.29891381118705 23.035827005773172 33.61876063769887 73.204339999705553 63.370838787299363 19.304016105830669 22.881232059622562
leaf_count=6115 40 365 230 871 405 574 83 112 34 86 75 191
internal_value=0.000338385 -0.00132918 0.00732976 0.012394 -0.00508797 0.00484121 -0.00850586 0.0283599 -0.00982343 0.0349179 0.0380772 0.0329759
internal_weight=2918.4 2754.47 833.742 643.712 1920.73 491.834 1428.89 163.929 190.029 139.175 52.9228 86.2521
internal_count=9181 8677 1500 1236 7177 979 6198 504 264 464 187 277
is_linear=0
shrinkage=0.0309105


Tree=53
num_leaves=13
num_cat=0
split_feature=12 0 10 7 25 13 24 6 3 23 14 2
split_gain=281.159 231.745 290.734 225.844 147.034 85.527 31.2346 22.2075 19.4508 30.2141 14.6844 0.144866
threshold=64293.400390625007 38.453777313232429 0.81174489855766307 0.037105547264218337 0.013977162539958956 95289.062500000015 -0.039253138005733483 0.0259255999699235 -0.0052745137363672248 0.0020041004754602913 44.319076538085945 -0.013537941034883259
decision_type=2 2 2 2 2 2 2 2 2 2 2 2
left_child=1 2 5 4 -3 -1 -4 8 9 -2 -10 -5
right_child=7 3 6 11 -6 -7 -8 -9 10 -11 -12 -13
leaf_value=-0.024037855632704896 0.0062840635170675644 -0.012960187310801992 0.0056888184306092609 -0.026583344758782684 0.021197974302529655 0.029628466007438226 0.028874281016441919 0.0080506326241197163 -0.026417823448480291 -0.022393738944830519 -0.016238087115435468 -0.023883516338616517
leaf_weight=492.66513744223448 73.015546405687928 135.49823635307803 88.322900744626168 99.673455455453222 1080.1514413965419 30.102497829898311 149.62109676914906 33.276582425460219 227.53395041450858 67.580394575372338 335.04851699061692 26.774660546800988
leaf_count=1463 166 1987 33 87 3382 69 273 71 464 164 781 241
internal_value=-0.000181174 0.00557514 -0.00805454 0.0133008 0.0173904 -0.020947 0.0202693 -0.0166176 -0.0177854 -0.00749842 -0.0203558 -0.026014
internal_weight=2839.26 2102.81 760.712 1342.1 1215.65 522.768 237.944 736.455 703.178 140.596 562.582 126.448
internal_count=9181 7535 1838 5697 5369 1532 306 1646 1575 330 1245 328
is_linear=0
shrinkage=0.0309105


Tree=54
num_leaves=14
num_cat=0
split_feature=18 1 14 12 17 12 14 12 19 18 5 1 12
split_gain=460.025 250.447 159.587 108.297 66.8478 64.6051 26.2149 94.8121 22.3671 18.2951 15.9204 10.0223 1.30176
threshold=60008.699218750007 33.753408432006843 26.603626251220707 69375.648437500015 32.03053283691407 64814.349609375007 19.587913513183597 56970.699218750007 11180.825195312502 68293.250000000015 -0.0033304875250905748 29.924570083618168 45808.400390625007
decision_type=2 2 2 2 2 2 2 2 2 2 2 2 2
left_child=6 2 10 4 -3 -4 7 -1 11 -5 -2 -8 -10
right_child=1 3 5 9 -6 -7 8 -9 12 -11 -12 -13 -14
leaf_value=-0.026204971536871482 -0.027092839552730036 -0.025948510425092931 0.028568371682546265 0.041816396483100482 -0.0027426950326177972 0.0098508183775137762 0.033720739203998762 0.040031637369023466 -0.016592432175737779 0.015944291018171526 -0.0033303080141565853 -0.016348522468640908 -0.025686514072988394
leaf_weight=73.041091257898188 60.777672413736582 136.46485820971429 605.73307472467422 45.159441877156496 906.66140063479543 248.53713548183441 8.8473033029877097 28.783535957336426 15.644619013086865 62.056910343468189 48.441374864429235 6.7130961474754249 562.98193025588989
leaf_count=330 73 148 218 33 1386 399 154 13 4537 220 97 701 872
internal_value=-0.000177548 0.00699911 0.0186248 -0.00273797 -0.00577883 0.0231231 -0.0219739 -0.00747846 -0.0244575 0.0268444 -0.0165563 0.0121007 -0.0254411
internal_weight=2809.84 2113.83 963.489 1150.34 1043.13 854.27 696.012 101.825 594.187 107.216 109.219 15.5604 578.627
internal_count=9181 2574 787 1787 1534 617 6607 343 6264 253 170 855 5409
is_linear=0
shrinkage=0.0309105


Tree=55
num_leaves=12
num_cat=0
split_feature=7 1 15 7 26 18 20 20 15 7 26
split_gain=223.515 109.64 89.0439 67.0615 57.9574 94.7658 54.1748 46.9168 20.1225 0.933749 0.313693
threshold=0.037105547264218337 17.385183334350589 63637.750000000007 0.011486924253404142 0.014097290579229595 58261.050781250007 70.066310882568374 42.75959777832032 66680.902343750015 0.039886849001050002 0.047196300700306899
decision_type=2 2 2 2 2 2 2 2 2 2 2
left_child=2 -2 4 8 7 -6 -5 -1 -4 -3 -11
right_child=1 9 3 6 5 -7 -8 -9 -10 10 -12
leaf_value=0.040853855371086607 -0.023894080645500568 0.037100072739208186 -0.019749984192079264 0.012084568518210319 0.00059244513889282653 -0.016064660807010016 -0.0048533061293664663 0.00079537725575609577 0.00063594883103913454 0.03471574698453718 0.031821320086836281
leaf_weight=37.759736436377352 35.421929748645198 80.636333474198182 124.5549968406558 685.51164300739765 547.62595987933264 807.46132743358612 244.84303789958358 107.42744057403752 73.555882258340716 63.163392631722672 96.079013161888724
leaf_count=697 6 103 74 1407 3878 569 251 1724 113 142 217
internal_value=0.000364943 0.0268639 -0.00241011 0.00414929 -0.00734412 -0.00933287 0.00762668 0.0112157 -0.0121795 0.0343604 0.0329713
internal_weight=2904.04 275.301 2628.74 1128.47 1500.27 1355.09 930.355 145.187 198.111 239.879 159.242
internal_count=9181 468 8713 1845 6868 4447 1658 2421 187 462 359
is_linear=0
shrinkage=0.0309105


Tree=56
num_leaves=13
num_cat=0
split_feature=18 14 7 0 15 5 27 22 27 7 18 0
split_gain=254.059 195.6 131.432 89.6994 116.741 65.8428 101.689 34.6026 33.9622 25.2319 0.0491149 0.237114
threshold=60345.000000000007 24.91744422912598 0.039886849001050002 56.297681808471687 64814.349609375007 -0.018073222599923607 0.035601902753114707 -0.00010310218567610717 0.028530453331768516 0.019992766901850704 55322.250000000007 44.639915466308601
decision_type=2 2 2 2 2 2 2 2 2 2 2 2
left_child=2 9 5 7 -5 6 -1 -3 -7 -2 11 -4
right_child=1 3 10 4 -6 8 -8 -9 -10 -11 -12 -13
leaf_value=-0.030765475990254962 0.0093469523653162551 -0.020070079426441248 -0.025718093339107698 0.013015951380528345 -0.016977518257604834 0.02281068000417584 0.023894182978385217 -0.0077092971085984691 0.010084403500317538 0.030964764372642832 -0.025603476189595999 -0.019118082574201414
leaf_weight=70.481219031552428 97.872806832194328 733.28096625208855 18.562669928247491 275.14416590519249 225.69121083989739 530.49986867185635 60.375509141021212 307.09945382550359 322.12049087159085 109.19941197708249 59.279742002487183 7.8649983065797633
leaf_count=240 104 1018 85 224 518 5276 39 605 765 65 48 194
internal_value=-0.000198984 -0.00745787 0.0116702 -0.0112478 -0.0004994 0.0148697 -0.00554399 -0.0164217 0.018003 0.0207485 -0.0250401 -0.0237651
internal_weight=2817.47 1748.29 1069.18 1541.22 500.835 983.477 130.857 1040.38 852.62 207.072 85.7074 26.4277
internal_count=9181 2534 6647 2365 742 6320 279 1623 6041 169 327 279
is_linear=0
shrinkage=0.0309105


Tree=57
num_leaves=15
num_cat=0
split_feature=18 1 12 26 4 4 10 26 23 19 1 18 19 12
split_gain=439.476 238.456 110.148 105.721 77.6455 110.929 45.8838 44.0605 38.9301 20.9982 8.42943 1.84614 1.47777 0.891231
threshold=60008.699218750007 37.716594696044929 65977.148437500015 0.017413698136806492 -0.01733186841011047 -0.000367436499800533 0.81174489855766307 0.015523531474173071 -0.023521053604781624 11180.825195312502 29.924570083618168 58261.050781250007 17408.751953125004 44283.699218750007
decision_type=2 2 2 2 2 2 2 2 2 2 2 2 2 2
left_child=7 4 3 -3 12 -6 -4 8 -1 10 -9 -11 -2 -10
right_child=1 2 6 -5 5 -7 -8 9 13 11 -12 -13 -14 -15
leaf_value=0.036521089162489362 0.032733004224386485 0.0025725720513356943 0.0015521680999412615 -0.023283503883446129 -0.0040304175158902165 0.020451277221813786 0.023670960616893572 0.032485720341116603 -0.011260983033282879 -0.025409289855365409 -0.017860501566368214 -0.020720706246670356 0.028338679044776442 -0.024891514856113177
leaf_weight=22.515015939574369 142.23354959487915 265.89059654809535 287.76557904481888 349.90802745521069 272.52016855403781 503.56288230419159 130.1518031321466 8.6641155778734156 6.5578589637752911 527.27601327288653 5.0093625335282459 95.571108082309365 154.49233141168952 15.984460530336944
leaf_count=62 34 266 636 524 427 418 165 71 2484 3414 278 66 104 232
internal_value=-0.000192421 0.00678809 -0.00380636 -0.0121188 0.0169968 0.0118542 0.00844132 -0.0217672 0.00776687 -0.0238583 0.0140194 -0.0246903 0.0304461 -0.0209394
internal_weight=2788.1 2106.52 1033.72 615.799 1072.81 776.083 417.917 681.578 45.0573 636.521 13.6735 622.847 296.726 22.5423
internal_count=9181 2574 1591 790 983 845 801 6607 2778 3829 349 3480 138 2716
is_linear=0
shrinkage=0.0309105


Tree=58
num_leaves=11
num_cat=0
split_feature=7 12 1 18 3 17 3 22 7 26
split_gain=211.581 108.596 104.859 65.0679 48.9163 45.8903 42.7846 39.2291 0.930534 0.296512
threshold=0.037105547264218337 64657.400390625007 17.385183334350589 65840.402343750015 -0.044528985396027558 80.417331695556655 0.024179060943424705 -0.0084776617586612684 0.039886849001050002 0.047196300700306899
decision_type=2 2 2 2 2 2 2 2 2 2
left_child=1 4 -2 6 -1 -5 -3 -6 -4 -10
right_child=2 3 8 5 7 -7 -8 -9 9 -11
leaf_value=0.031412228061285331 -0.023669332818748969 0.03197008468373428 0.036421771504185629 0.0047296332334365197 -0.012588246181569406 -0.026851690577486313 -0.0050144497152252374 -0.0032501987220876862 0.033990210879521345 0.031155217375975545
leaf_weight=31.731965667335317 34.934401006556072 134.62680944614112 80.259302653113991 616.76928042992949 760.6447543883246 47.333731681108475 38.395516371354461 988.63704505389296 62.491332642865927 94.594647445215742
leaf_count=37 6 288 103 1151 1833 32 67 5305 142 217
internal_value=0.000392138 -0.00230472 0.0263252 0.00687747 -0.00662077 0.00247824 0.0237611 -0.00731086 0.0336851 0.0322849
internal_weight=2890.42 2618.14 272.28 837.125 1781.01 664.103 173.022 1749.28 237.345 157.086
internal_count=9181 8713 468 1538 7175 1183 355 7138 462 359
is_linear=0
shrinkage=0.0309105


Tree=59
num_leaves=12
num_cat=0
split_feature=18 17 1 1 25 14 1 14 25 15 0
split_gain=239.964 184.851 131.766 113.169 79.5785 67.7051 60.5281 52.8737 48.112 34.5834 0.206669
threshold=60345.000000000007 24.952011108398441 50.826057434082038 56.846706390380866 0.045231342315673835 20.043538093566898 9.8581128120422381 25.792001724243168 0.043045736849308021 61266.451171875007 38.345432281494148
decision_type=2 2 2 2 2 2 2 2 2 2 2
left_child=4 9 7 -4 6 -6 -1 -3 -8 -2 -7
right_child=1 2 3 -5 5 10 8 -9 -10 -11 -12
leaf_value=-0.034390723856229106 0.030249296967847384 0.0093867476216613413 0.018871418349560888 -0.0092644691312167363 0.032095928994961845 -0.028090623889226136 0.011143064303893693 -0.020730789502320997 0.026911138926910209 0.0049976614609087543 -0.024918316062815322
leaf_weight=23.867747218725071 123.61608731746674 59.670122183859348 201.24992478638887 425.12025965191424 24.319068759612492 37.004264231984962 675.94804560247167 833.19587105885148 254.56927030126826 89.277268074452877 49.473917735707801
leaf_count=63 43 82 213 753 41 107 6135 1320 89 123 212
internal_value=-0.000213297 -0.00731295 -0.0110931 -0.000224062 0.0113314 -0.0134637 0.0142103 -0.0187177 0.0154572 0.0196614 -0.0262792
internal_weight=2797.31 1732.13 1519.24 626.37 1065.18 110.797 954.385 892.866 930.517 212.893 86.4782
internal_count=9181 2534 2368 966 6647 360 6287 1402 6224 166 319
is_linear=0
shrinkage=0.0309105


Tree=60
num_leaves=16
num_cat=0
split_feature=15 24 15 2 20 12 9 19 12 16 14 12 9 0 2
split_gain=342.286 273.929 192.166 131.231 122.484 129.632 50.2067 14.4417 3.07964 2.74359 3.96303 0.713376 0.0752839 0.00749503 0.00390351
threshold=57483.099609375007 -0.0051841244567185632 61822.550781250007 -0.03347461856901645 27.74306678771973 63162.300781250007 -1.0000000180025095e-35 17029.742187500004 45808.400390625007 11849.557128906252 38.125413894653327 43275.199218750007 -1.0000000180025095e-35 36.199703216552741 -0.10319068655371665
decision_type=2 2 2 2 2 2 2 2 2 2 2 2 2 2 2
left_child=8 4 7 -4 6 -6 -2 -3 9 10 -1 -11 14 -14 -10
right_child=1 2 3 -5 5 -7 -8 -9 12 11 -12 -13 13 -15 -16
leaf_value=0.050059044052992586 0.015209256455928515 -0.012269876979769476 0.019726721595980053 -0.0056783059499101044 0.030513780168220102 0.006661035562617771 -0.021506544596319795 -0.026026804027048458 -0.026633524432264317 -0.021515849818067787 -0.019210776601084768 -0.0054634984721953382 -0.025485707648553277 -0.024964432129379922 -0.025412371420262796
leaf_weight=1.5081617428018064 54.190488085150719 95.771281344816089 297.50457492098212 559.83793717809021 525.5500611718744 371.69549773447216 103.61282918229699 306.69832120835781 54.711860120296478 11.660318377211068 1.6476982324572871 3.4902369308983898 123.13505831174552 238.59862745879218 17.012569012586027
leaf_count=298 63 70 523 868 203 622 154 225 60 4341 686 343 46 450 229
internal_value=-0.000206437 0.00459653 -0.00513403 0.00313709 0.0162159 0.0206328 -0.00889627 -0.022754 -0.0248177 -0.0123674 0.0137988 -0.0178374 -0.0253428 -0.0251427 -0.026348
internal_weight=2766.63 2314.86 1259.81 857.343 1055.05 897.246 157.803 402.47 451.765 18.3064 3.15586 15.1506 433.458 361.734 71.7244
internal_count=9181 2728 1686 1391 1042 825 217 295 6453 5668 984 4684 785 496 289
is_linear=0
shrinkage=0.0309105


Tree=61
num_leaves=12
num_cat=0
split_feature=7 12 12 18 7 11 4 2 13 25 27
split_gain=200.927 103.131 95.0621 61.7974 45.2501 44.257 60.9828 36.1969 34.7351 1.63413 0.716831
threshold=0.037105547264218337 64657.400390625007 53109.400390625007 65840.402343750015 0.011917205061763527 -0.018152483738958832 0.023509594611823562 -0.10834692791104315 44992.335937500007 0.048321278765797622 0.045602254569530494
decision_type=2 2 2 2 2 2 2 2 2 2 2
left_child=1 5 9 8 -5 7 -7 -1 -3 -2 -4
right_child=2 3 10 4 -6 6 -8 -9 -10 -11 -12
leaf_value=-0.0018792554240132716 -0.013965011075846681 0.032044969414649231 0.035018146797997037 -0.012037340465350273 0.0069417171037256574 -0.0043878796471004825 0.052920853701610045 -0.020928208677702929 0.0016204882902039577 -0.027009391544484878 0.031529255749686354
leaf_weight=139.35672407557013 19.96849113884673 122.84441589564085 112.3658554404974 157.29605420306325 506.5283265337348 1311.7829764266471 17.983535457774906 301.79581941395645 50.660578751936555 17.217794424994281 119.38899380341172
leaf_count=242 145 275 92 155 1028 6249 220 464 80 148 83
internal_value=0.000421977 -0.0022009 0.0258603 0.00673772 0.0024441 -0.00642744 -0.00361262 -0.0149115 0.0231632 -0.0200127 0.0332221
internal_weight=2877.19 2608.25 268.941 837.329 663.824 1770.92 1329.77 441.153 173.505 37.1863 231.755
internal_count=9181 8713 468 1538 1183 7175 6469 706 355 293 175
is_linear=0
shrinkage=0.0309105


Tree=62
num_leaves=14
num_cat=0
split_feature=12 0 10 7 27 13 1 3 19 1 3 7 2
split_gain=245.837 201.352 255.731 195.414 138.439 77.7346 25.48 19.4799 36.2461 29.2482 28.3709 12.8694 0.163764
threshold=64293.400390625007 38.453777313232429 0.81174489855766307 0.037105547264218337 0.014007939491420986 95289.062500000015 27.903091430664066 -0.0052745137363672248 11469.241699218752 77.129550933837905 -0.0080075175501406175 0.010937779676169159 -0.023218289948999878
decision_type=2 2 2 2 2 2 2 2 2 2 2 2 2
left_child=1 2 5 4 -3 -1 -4 8 -2 11 -10 -9 -5
right_child=7 3 6 12 -6 -7 -8 9 10 -11 -12 -13 -14
leaf_value=-0.023526309264545003 0.026040821215846922 -0.014028105940289361 0.011703910202326086 -0.026103140056008636 0.019672347810260511 0.027646481588631255 0.03350397810340569 -0.0077183494071249347 -0.023414998448690071 0.0029056758130360208 0.00994862196092745 -0.022587333452663578 -0.023204959981956878
leaf_weight=467.01167471428289 27.7240283600986 130.50514668711867 161.42405699190294 92.781898173793707 1081.9165027791282 30.191426221057554 75.090011631858943 63.523804318159819 80.470001826062799 55.288574429228902 34.905216857790947 450.44998792558908 26.192834754623618
leaf_count=1463 42 1951 146 86 3418 69 160 97 232 92 94 1089 242
internal_value=-0.000231389 0.00516961 -0.00783187 0.0123348 0.0160446 -0.0204184 0.0186264 -0.0158891 -0.00569113 -0.0184521 -0.0133187 -0.0207502 -0.0254676
internal_weight=2777.48 2065.11 733.717 1331.4 1212.42 497.203 236.514 712.362 143.099 569.262 115.375 513.974 118.975
internal_count=9181 7535 1838 5697 5369 1532 306 1646 368 1278 326 1186 328
is_linear=0
shrinkage=0.0309105


Tree=63
num_leaves=16
num_cat=0
split_feature=15 24 15 2 20 15 9 19 15 16 14 15 9 22 2
split_gain=329.361 258.555 185.243 124.628 116.37 118.763 47.7671 14.2734 2.97094 2.70973 3.73599 0.366145 0.0742605 0.00902769 0.00162504
threshold=57483.099609375007 -0.0051841244567185632 61822.550781250007 -0.03347461856901645 27.74306678771973 63145.849609375007 -1.0000000180025095e-35 17029.742187500004 46038.800781250007 11849.557128906252 38.125413894653327 43706.500000000007 -1.0000000180025095e-35 0.0026580707635730509 -0.10834692791104315
decision_type=2 2 2 2 2 2 2 2 2 2 2 2 2 2 2
left_child=8 4 7 -4 6 -6 -2 -3 9 10 -1 -11 14 -14 -10
right_child=1 2 3 -5 5 -7 -8 -9 12 11 -12 -13 13 -15 -16
leaf_value=0.048121272676706489 0.014662231871352016 -0.012065600777288214 0.019193925316572758 -0.005554165945153627 0.030615807289941174 0.0080322283357718658 -0.02124665689235835 -0.025814728069231185 -0.026472995705248928 -0.020026249898976108 -0.019020760827813291 -0.007096052387349657 -0.025212530858630022 -0.02469428158125454 -0.025334457803994331
leaf_weight=1.5354128837625496 54.126462629064918 95.068151101469994 298.3777927197516 558.006776381284 477.27933534048498 416.85199428535998 102.24042861536145 300.37373818270862 52.718253970146179 12.860947084134294 1.6274424297007497 2.5899604965234166 195.64705947041512 157.53965097526088 17.570707429200411
leaf_count=298 63 70 523 868 207 618 154 225 58 4459 686 240 175 308 229
internal_value=-0.000214902 0.00447732 -0.00501159 0.00306811 0.0157851 0.0200875 -0.00881488 -0.0225101 -0.0246519 -0.0125338 0.0134797 -0.017878 -0.0251838 -0.0249822 -0.0261926
internal_weight=2744.41 2302.32 1251.83 856.385 1050.5 894.131 156.367 395.442 442.089 18.6138 3.16286 15.4509 423.476 353.187 70.289
internal_count=9181 2728 1686 1391 1042 825 217 295 6453 5683 984 4699 770 483 287
is_linear=0
shrinkage=0.0309105


Tree=64
num_leaves=11
num_cat=0
split_feature=7 12 1 18 20 3 3 7 7 25
split_gain=188.637 95.648 95.4462 59.1201 56.4809 51.8694 46.6235 37.4402 0.810725 0.159669
threshold=0.037105547264218337 64657.400390625007 17.385183334350589 65340.351562500007 79.50016021728517 0.024179060943424705 -0.044528985396027558 0.012840117793530227 0.039886849001050002 0.048321278765797622
decision_type=2 2 2 2 2 2 2 2 2 2
left_child=1 6 -2 5 -5 -3 -1 -8 -4 -10
right_child=2 3 8 4 -6 -7 7 -9 9 -11
leaf_value=0.030845371355021124 -0.02317595209704533 0.037325602040345324 0.034939843911257568 0.0056325006673877964 -0.025395695253916075 -0.0056580151619564072 0.0031068754364194768 -0.0089459346343446367 0.032086368464211437 0.029967939420102344
leaf_weight=31.894050344853895 33.879865059703661 96.364023685455322 79.031970981453924 643.48326979205012 61.399770524352789 37.154609302058816 297.46897087927118 1429.1844593385049 76.563988461354711 75.819107495783101
leaf_count=37 6 215 103 1227 43 53 2868 4270 170 189
internal_value=0.00044717 -0.00208901 0.0252748 0.0065022 0.00292933 0.0253622 -0.00618511 -0.0068693 0.0323694 0.0310343
internal_weight=2862.24 2596.95 265.295 838.402 704.883 133.519 1758.55 1726.65 231.415 152.383
internal_count=9181 8713 468 1538 1270 268 7175 7138 462 359
is_linear=0
shrinkage=0.0309105


Tree=65
num_leaves=13
num_cat=0
split_feature=12 0 7 17 26 7 20 6 3 19 17 27
split_gain=234.356 190.075 183.664 169.733 134.244 74.5904 61.1985 20.2748 18.9592 37.5182 10.8676 0.12074
threshold=64293.400390625007 38.453777313232429 0.037105547264218337 26.287053108215336 0.014097290579229595 0.018954215571284298 41.670034408569343 0.0259255999699235 -0.0052745137363672248 11469.241699218752 45.283180236816413 0.04745749011635781
decision_type=2 2 2 2 2 2 2 2 2 2 2 2
left_child=1 3 4 5 -3 -1 -5 8 9 -2 -10 -4
right_child=7 2 11 6 -6 -7 -8 -9 10 -11 -12 -13
leaf_value=-0.018103565437164702 0.025410016074918343 -0.013567910822372022 -0.026045532783830042 -0.024535924812111087 0.019178072461126208 0.019396766340808159 0.0085575440958467041 0.0080215412661067496 -0.024063144591733494 -0.014746573064052765 -0.015235003338977392 -0.02386047880819556
leaf_weight=65.778144485888788 27.969501383602619 134.55870131504662 71.656952509350049 375.04073659351889 1076.4658756211957 220.68572050598414 62.238924668657091 32.976005030795932 253.57282725721598 108.27489985339344 281.39359093829989 44.0861376434259
leaf_count=401 42 1994 160 814 3375 143 480 71 565 288 680 168
internal_value=-0.000250421 0.00503295 0.0119838 -0.00770894 0.0155394 0.0107849 -0.019825 -0.0156354 -0.0167981 -0.00650068 -0.0194201 -0.0252158
internal_weight=2754.7 2050.51 1326.77 723.744 1211.02 286.464 437.28 704.187 671.211 136.244 534.966 115.743
internal_count=9181 7535 5697 1838 5369 544 1294 1646 1575 330 1245 328
is_linear=0
shrinkage=0.0309105


Tree=66
num_leaves=14
num_cat=0
split_feature=18 1 14 27 18 18 27 23 0 5 12 18 18
split_gain=384.665 204.322 137.559 101.645 91.8602 58.2954 48.6225 32.3733 31.0166 15.1076 5.76961 1.79112 0.764202
threshold=60008.699218750007 33.753408432006843 26.603626251220707 0.017057787626981739 67428.000000000015 66775.750000000015 0.01451232982799411 -0.023521053604781624 43.803050994873054 -0.0033304875250905748 58167.851562500007 45519.949218750007 44222.599609375007
decision_type=2 2 2 2 2 2 2 2 2 2 2 2 2
left_child=6 2 9 8 -5 -4 7 -1 -3 -2 11 -8 -9
right_child=1 3 5 4 -6 -7 10 12 -10 -11 -12 -13 -14
leaf_value=0.037602950592818075 -0.026728350410934382 -0.0065592785038337039 0.024075786323771008 -0.017406710050642774 0.011707017388574589 -0.00090235376237083784 -0.013054208734675473 -0.0098404726650741531 0.011468245287422159 -0.0033427836730471013 -0.017406897698920502 -0.025168289981075807 -0.024052203607727661
leaf_weight=21.592878219097202 58.694566387683153 117.66342293471098 737.13121700286865 481.3060701880604 131.92003634944558 101.5502566806972 12.067350497041614 5.3986280208316684 404.98016800545156 48.021002732217312 125.61432833969593 464.816105005797 11.485548499273134
leaf_count=76 73 128 384 856 343 233 3415 2167 460 97 118 632 199
internal_value=-0.000219125 0.006229 0.0168449 -0.0026065 -0.0111431 0.021051 -0.0211569 0.0125266 0.00740912 -0.0162078 -0.0233085 -0.0248624 -0.0195256
internal_weight=2722.24 2081.27 945.397 1135.87 613.226 838.681 640.975 38.4771 522.644 106.716 602.498 476.883 16.8842
internal_count=9181 2574 787 1787 1199 617 6607 2442 588 170 4165 4047 2366
is_linear=0
shrinkage=0.0309105


Tree=67
num_leaves=12
num_cat=0
split_feature=7 1 12 10 2 2 7 14 17 7 26
split_gain=177.618 90.9796 88.8774 62.8597 65.155 43.1401 113.464 101.588 17.3799 0.729775 0.225536
threshold=0.037105547264218337 17.385183334350589 64657.400390625007 0.81174489855766307 -0.050814839079976075 -0.089575957506895051 0.012840117793530227 36.537454605102546 77.668560028076186 0.039886849001050002 0.047196300700306899
decision_type=2 2 2 2 2 2 2 2 2 2 2
left_child=2 -2 5 4 -4 7 -7 -1 -5 -3 -11
right_child=1 9 3 8 -6 6 -8 -9 -10 10 -12
leaf_value=-0.0068572125732288061 -0.02293445145188254 0.034183097328802099 -0.0043507063509593278 -0.0031868896603901319 0.017160411978620831 0.010363522256108378 -0.01571300954084948 0.019203479716776203 -0.023540217805103136 0.031974544362111966 0.029426668210776458
leaf_weight=588.40900802147462 33.335080512530112 78.219927503319923 190.25378103926778 132.03154182434082 459.20915015786886 201.15572044439773 768.38426657088644 188.76396840753932 57.589223060756922 60.050267131919099 89.739565693875193
leaf_count=932 6 103 379 237 883 2230 2864 1149 39 142 217
internal_value=0.000473098 0.0247581 -0.00198125 0.00628681 0.0108585 -0.00595322 -0.0103025 -0.000527069 -0.00936991 0.031732 0.0304501
internal_weight=2847.14 261.345 2585.8 839.084 649.463 1746.71 969.54 777.173 189.621 228.01 149.79
internal_count=9181 468 8713 1538 1262 7175 5094 2081 276 462 359
is_linear=0
shrinkage=0.0309105


Tree=68
num_leaves=13
num_cat=0
split_feature=12 9 2 27 27 12 15 6 9 3 14 27
split_gain=223.187 215.284 251.177 136.734 122.707 69.3634 37.4063 27.3214 29.1247 89.7939 9.59453 6.76465
threshold=64293.400390625007 -1.0000000180025095e-35 0.064428918063640608 0.014007939491420986 0.045602254569530494 55147.800781250007 57483.099609375007 0.029378164559602741 -1.0000000180025095e-35 -0.006466599414125084 54.889272689819343 0.019139815121889118
decision_type=2 2 2 2 2 2 2 2 2 2 2 2
left_child=1 2 5 6 -5 -1 -3 8 9 -2 -10 -4
right_child=7 3 11 4 -6 -7 -8 -9 10 -11 -12 -13
leaf_value=0.021196738618865663 0.03341189120438192 0.024257601216199284 0.015996290259934404 0.017603154861600398 -0.024545222221496802 -0.021140949665018879 -0.027625479154118778 0.01431826197729468 -0.02597950788654926 -0.016265399831292861 -0.015967424327667987 0.032016610799651936
leaf_weight=39.776950199465318 40.663236876949668 15.386108735687229 33.127548049083543 1151.1414833611111 70.004523079343926 523.35989717766643 96.62531515955925 28.369455847889185 238.79261579550803 239.57557049207389 148.55570983700454 106.15958743752981
leaf_count=1868 84 1410 333 2576 237 469 118 63 499 603 397 524
internal_value=-0.000274633 0.0048916 -0.00895685 0.0121884 0.0151867 -0.0181499 -0.0204961 -0.0153856 -0.0166483 -0.00905606 -0.0221404 0.0282085
internal_weight=2731.54 2035.58 702.424 1333.16 1221.15 563.137 112.011 695.957 667.587 280.239 387.348 139.287
internal_count=9181 7535 3194 4341 2813 2337 1528 1646 1583 687 896 857
is_linear=0
shrinkage=0.0309105


Tree=69
num_leaves=16
num_cat=0
split_feature=18 1 14 18 14 27 27 17 17 17 19 24 14 6 18
split_gain=368.164 194.221 157.738 96.911 86.1591 81.665 47.3914 31.2798 26.5634 22.3324 20.4649 8.99918 2.03906 1.19506 0.325797
threshold=60008.699218750007 48.206720352172859 26.379719734191898 67428.000000000015 50.718988418579109 0.016959537751972679 0.01451232982799411 32.281652450561531 77.293807983398452 27.640138626098636 11180.825195312502 0.006162753328680993 19.587913513183597 -0.021713494323194023 44222.599609375007
decision_type=2 2 2 2 2 2 2 2 2 2 2 2 2 2 2
left_child=6 2 9 5 -4 -3 7 13 -5 -2 11 -8 -12 -1 -9
right_child=1 3 4 8 -6 -7 10 14 -10 -11 12 -13 -14 -15 -16
leaf_value=0.044596851211988281 -0.026277769422101912 0.0019126569185093432 0.019547678274038062 0.0052844307429200689 -0.0095179899955937022 -0.021995160339405195 -0.020550523325502397 -0.013779047701566127 0.031055934132246502 -0.00072492900782268144 -0.019193364134479512 0.031882465640952276 -0.02472444264449469 0.029926027180390426 -0.023859569704606277
leaf_weight=9.1223065772719565 93.754486314952374 223.84004659205675 1071.7748328261077 117.88344804383814 107.17459021136165 349.81801679171622 4.747105323858249 4.4489129950911765 56.568978194147348 50.201612427830696 73.541804874425907 9.1415182717864791 502.22859300917821 13.258133618900729 11.222269688267259
leaf_count=13 123 234 1031 316 219 527 322 1933 51 73 259 106 3478 296 200
internal_value=-0.000228463 0.00605686 0.0131753 -0.0065305 0.0169052 -0.0126659 -0.0209662 0.0124629 0.013643 -0.0173688 -0.0231239 0.0139396 -0.0240185 0.0359191 -0.0210167
internal_weight=2698.73 2071.02 1322.91 748.11 1178.95 573.658 627.711 38.0516 174.452 143.956 589.659 13.8886 575.77 22.3804 15.6712
internal_count=9181 2574 1446 1128 1250 761 6607 2442 367 196 4165 428 3737 309 2133
is_linear=0
shrinkage=0.0309105


Tree=70
num_leaves=15
num_cat=0
split_feature=27 25 27 4 12 15 5 13 25 20 20 17 10 17
split_gain=149.687 96.5453 104.923 89.1705 66.704 78.5308 51.1408 33.181 23.7024 22.1233 14.8873 13.5464 9.85974 0.557551
threshold=0.029526627622544769 0.034624425694346435 0.045602254569530494 -0.016090621240437027 64450.800781250007 65977.148437500015 -0.025670403614640232 17923.777343750004 0.043967964127659805 30.441493034362797 26.489562034606937 35.961790084838874 -0.56174489110708226 31.822454452514652
decision_type=2 2 2 2 2 2 2 2 2 2 2 2 2 2
left_child=3 7 8 10 6 -6 -5 9 -3 -2 -1 -12 -9 -4
right_child=1 2 13 4 5 -7 -8 12 -10 -11 11 -13 -14 -15
leaf_value=-0.0020309578555808838 -0.011644420671141582 0.012598429660738398 0.035196734033703971 0.041160945540530007 0.027051539224017582 0.0019506891153940179 -0.0060110550969879554 0.032980311435622391 -0.0087320778707113689 0.031962918783732593 -0.022271181652543066 -0.0095240431945340601 0.049891328973576891 0.029330206163704745
leaf_weight=64.075512951795417 21.967104086456857 63.986746279088948 18.952955979686521 22.42414645158351 149.35724927671254 587.82513369619846 1055.3563095207285 67.233245550641641 223.98054657615285 22.489568108318963 248.76846363133109 117.31613126394404 64.914333798373264 102.68577020457087
leaf_count=82 42 403 144 113 256 967 5772 162 113 130 157 250 262 328
internal_value=0.000504087 0.0144132 0.00617542 -0.0031275 -0.000128327 0.00703666 -0.00502933 0.0335177 -0.00399138 0.0104088 -0.0157811 -0.018187 0.0412897 0.0302467
internal_weight=2831.33 586.21 409.606 2245.12 1814.96 737.182 1077.78 176.604 287.967 44.4567 430.16 366.085 132.148 121.639
internal_count=9181 1584 988 7597 7108 1223 5885 596 516 172 489 407 424 472
is_linear=0
shrinkage=0.0309105


Tree=71
num_leaves=15
num_cat=0
split_feature=12 9 2 27 27 12 18 9 12 12 3 25 0 25
split_gain=212.034 203.869 239.107 129.694 115.236 66.4111 36.275 24.5252 41.7647 57.5371 11.6148 9.22566 8.57042 0.928747
threshold=64293.400390625007 -1.0000000180025095e-35 0.064428918063640608 0.014007939491420986 0.045602254569530494 55147.800781250007 57056.250000000007 1.0000000180025095e-35 66311.148437500015 64657.400390625007 -0.0051468356978148213 0.017671207897365097 69.617843627929702 0.029867695644497875
decision_type=2 2 2 2 2 2 2 2 2 2 2 2 2 2
left_child=1 2 5 6 -5 -1 -3 8 9 -2 -10 -4 13 -9
right_child=7 3 11 4 -6 -7 -8 12 10 -11 -12 -13 -14 -15
leaf_value=0.020571236889709184 -0.024794021472282459 0.023804339524494667 0.0075916705834888701 0.017061170576700653 -0.024350174509368445 -0.020903044041568765 -0.027390187459274424 -0.025780536093210144 -0.0042104493357430651 0.019399076064849665 -0.019535807537263306 0.03068521885375157 -0.0060728540683939059 -0.019733842392066905
leaf_weight=39.731600279460054 42.723362639546394 15.358628348936689 19.228943344175605 1149.1573231654879 67.9976337422695 514.37223781272769 94.92427246645093 189.77151093259454 57.788910312578082 82.4982879627496 260.3651185836643 119.25111615472224 25.594659168273211 28.36364334076643
leaf_count=1868 54 1409 290 2576 237 469 119 474 141 201 581 567 71 124
internal_value=-0.000299351 0.00474585 -0.00884875 0.011839 0.0147474 -0.0179286 -0.0202579 -0.0151322 -0.0108011 0.00431882 -0.0167531 0.0274807 -0.0230097 -0.0249957
internal_weight=2707.13 2020.02 692.584 1327.44 1217.15 554.104 110.283 687.105 443.376 125.222 318.154 138.48 243.73 218.135
internal_count=9181 7535 3194 4341 2813 2337 1528 1646 977 255 722 857 669 598
is_linear=0
shrinkage=0.0309105


Tree=72
num_leaves=16
num_cat=0
split_feature=18 0 19 9 27 25 27 20 12 2 19 7 5 8 2
split_gain=352.237 155.854 124.892 96.317 95.1599 84.3471 45.9691 44.7675 35.7341 29.4282 19.816 9.15846 2.56887 0.994607 0.866881
threshold=60008.699218750007 38.20252990722657 14006.864257812502 -1.0000000180025095e-35 0.014092915691435339 0.013202934525907041 0.01451232982799411 41.670034408569343 61914.449218750007 -0.081286583095788942 11180.825195312502 0.020500950515270237 -0.021800366230309006 -1.0000000180025095e-35 -0.038443274796009057
decision_type=2 2 2 2 2 2 2 2 2 2 2 2 2 2 2
left_child=6 3 7 8 -5 -4 9 -3 -2 13 11 -8 -12 -1 -11
right_child=1 2 5 4 -6 -7 10 -9 -10 14 12 -13 -14 -15 -16
leaf_value=0.04323659844770724 0.028529488374600055 0.030513899377897419 0.012199495088914332 0.021862666854213574 -0.019064974886704781 -0.010941367314899773 0.029272731861656805 0.007036088390313641 0.01074125781898167 0.0041455803033736268 -0.018449959543708306 -0.026016160833422463 -0.024663751780242951 0.029756469062209009 -0.022089015956429935
leaf_weight=9.2448216767793383 403.73916101455688 121.32844181358814 187.22991548851132 99.512078996747732 119.41282219439745 766.86715397052467 9.9691915575017429 215.43348936736584 147.34043374657631 1.2922366281227358 73.545939122157051 4.0105401678267745 489.23226416989746 12.672804838119191 14.466106924768836
leaf_count=156 78 128 183 82 331 1275 288 303 194 429 189 140 3548 428 1429
internal_value=-0.000246697 0.0058774 -0.000687575 0.0168835 -0.000460005 -0.00639994 -0.0207879 0.0154955 0.023774 0.012287 -0.022949 0.0133901 -0.0238522 0.0354559 -0.0199189
internal_weight=2675.3 2060.86 1290.86 770.004 218.925 954.097 614.434 336.762 551.08 37.676 576.758 13.9797 562.778 21.9176 15.7583
internal_count=9181 2574 1889 685 413 1458 6607 431 272 2442 4165 428 3737 584 1858
is_linear=0
shrinkage=0.0309105


Tree=73
num_leaves=12
num_cat=0
split_feature=7 12 12 10 7 2 7 0 20 25 27
split_gain=162.782 80.695 78.7321 59.3694 62.5598 40.7935 107.984 96.8532 26.3459 1.65461 0.638326
threshold=0.037105547264218337 53109.400390625007 64657.400390625007 0.81174489855766307 0.011623192112892868 -0.089575957506895051 0.012840117793530227 50.722257614135749 78.363578796386733 0.048321278765797622 0.045602254569530494
decision_type=2 2 2 2 2 2 2 2 2 2 2
left_child=2 9 5 4 -4 7 -7 -1 -5 -2 -3
right_child=1 10 3 8 -6 6 -8 -9 -10 -11 -12
leaf_value=-0.0027361336994728685 -0.013028835459791648 0.032830062439942034 -0.0097537852968163016 -0.00043627922152712344 0.014961911598075863 0.010252406055282102 -0.015233998755917678 0.048847799879109664 -0.024345004440524048 -0.026506573383426876 0.029441738923984846
leaf_weight=733.30027602810333 19.014683654801047 108.35229292884469 119.99781680107117 118.99535573460162 529.86641877517104 201.31699024221825 752.58240978182812 36.508827154225401 69.931083988398314 16.26347819433613 110.59329185634851
leaf_count=1885 145 92 127 243 1135 2230 2864 196 33 148 83
internal_value=0.000537028 0.0241289 -0.00180339 0.00596347 0.0103977 -0.00558307 -0.00985488 -0.000289338 -0.00928766 -0.0192506 0.0311199
internal_weight=2816.72 254.224 2562.5 838.791 649.864 1723.71 953.899 769.809 188.926 35.2782 218.946
internal_count=9181 468 8713 1538 1262 7175 5094 2081 276 293 175
is_linear=0
shrinkage=0.0309105


Tree=74
num_leaves=13
num_cat=0
split_feature=18 17 2 15 7 2 9 2 3 7 2 18
split_gain=175.651 152.765 166.043 185.166 94.0163 61.9796 59.9284 46.7096 41.6753 31.8364 0.0953745 0.237616
threshold=60345.000000000007 24.952011108398441 0.09359318390488626 64814.349609375007 0.039886849001050002 -0.082454960793256746 -0.60785761475563038 -0.15443625301122663 -0.0030438344692811366 0.037105547264218337 -0.030063073150813576 56451.201171875007
decision_type=2 2 2 2 2 2 2 2 2 2 2 2
left_child=4 7 8 -4 5 6 -1 -2 -3 -7 -6 -12
right_child=1 2 3 -5 10 9 -8 -9 -10 -11 11 -13
leaf_value=-0.028670026768444955 0.032392711955136072 -0.0086569902273506121 0.028474701118610619 -0.016117872386464491 -0.024617265452939234 0.022894954816194146 0.0084899392856605648 0.0031486519400271856 -0.02112550835984417 -0.02560766419961517 -0.016785276897393883 -0.024742080766899762
leaf_weight=45.132398665834899 106.73076348006725 419.93288562446833 194.02431073784828 164.31316117011011 57.764251394899475 396.77094516033139 510.11202379746464 102.15811131335795 657.03670801222324 13.360062595143971 6.1314127856485383 9.9203096032142621
leaf_count=517 44 667 131 469 124 4449 1314 122 1101 40 194 9
internal_value=-0.000317649 -0.00660501 -0.0101995 0.00802626 0.00962985 0.012201 0.0054689 0.0180922 -0.016264 0.0213143 -0.0239915 -0.0217212
internal_weight=2683.39 1644.2 1435.31 358.337 1039.19 965.375 555.244 208.889 1076.97 410.131 73.816 16.0517
internal_count=9181 2534 2368 600 6647 6320 1831 166 1768 4489 327 203
is_linear=0
shrinkage=0.0309105


Tree=75
num_leaves=15
num_cat=0
split_feature=18 24 18 20 27 18 27 6 5 19 7 13 5 18
split_gain=337.95 149.965 116.467 93.6339 89.9276 88.5226 45.1747 43.8988 28.2 19.2832 8.72467 3.16456 2.59695 0.982278
threshold=60008.699218750007 -0.0051841244567185632 61662.500000000007 27.74306678771973 0.011446994263678791 63082.050781250007 0.01451232982799411 -0.0022109730634838338 -0.018073222599923607 11180.825195312502 0.020500950515270237 19699.409179687504 -0.021800366230309006 44222.599609375007
decision_type=2 2 2 2 2 2 2 2 2 2 2 2 2 2
left_child=6 3 11 7 -4 -5 8 -2 -1 10 -8 -3 -11 -10
right_child=1 2 4 5 -6 -7 9 -9 13 12 -12 -13 -14 -15
leaf_value=0.035753310941660364 -0.026026020898919762 -0.028729625242145024 0.026890356514389209 0.028534750082544549 -0.0015959184794330607 0.0086504005576266332 0.028311677431265704 0.010905944981631553 -0.0073446323314613751 -0.018225069175258402 -0.025870113323253806 -0.020633200109537248 -0.024528322779071278 -0.023800455350022738
leaf_weight=21.201376849671306 72.885751629248261 89.956983834505081 123.08879154920578 407.04478183761239 757.48809362947941 450.97784874029458 10.058096878325385 53.180443696677685 5.1682046992655186 72.297224414310904 3.9514999289194739 95.604605900123715 478.38715812694181 10.904687858885152
leaf_count=51 136 57 109 184 1305 634 288 60 2195 189 140 89 3548 196
internal_value=-0.000251158 0.00572755 -0.00230396 0.014429 0.00238561 0.0180839 -0.0206144 -0.0104441 0.0123391 -0.0227901 0.0130082 -0.0245598 -0.0237013 -0.0185276
internal_weight=2652.2 2050.23 1066.14 984.089 880.577 858.023 601.968 126.066 37.2743 564.694 14.0096 185.562 550.684 16.0729
internal_count=9181 2574 1560 1014 1414 818 6607 196 2442 4165 428 146 3737 2391
is_linear=0
shrinkage=0.0309105


Tree=76
num_leaves=11
num_cat=0
split_feature=7 12 4 26 26 7 20 0 25 26
split_gain=154.01 77.6412 74.6518 62.6307 148.753 28.794 12.9662 7.76607 1.6423 0.569568
threshold=0.037105547264218337 53109.400390625007 -0.016090621240437027 0.044101038947701461 0.029559869319200519 0.027678915299475196 30.441493034362797 39.830160140991218 0.048321278765797622 0.047196300700306899
decision_type=2 2 2 2 2 2 2 2 2 2
left_child=2 8 5 4 -4 6 -1 -5 -2 -3
right_child=1 9 3 7 -6 -7 -8 -9 -10 -11
leaf_value=-0.0028890668501345747 -0.012846908099309641 0.032075887271315794 -0.00032764117359965894 -0.0089936278537968012 0.030882007654085233 0.00774241490625801 -0.018249745807901469 -0.024199292844417884 -0.026348324064581014 0.02882350965701223
leaf_weight=62.118488548013602 18.889680152621622 119.74297338724136 1789.5732914313157 48.87773579867644 158.86731490459897 56.137408225089075 340.95942619443417 93.86531094635211 16.025503834527626 95.615239217877388
leaf_count=92 145 101 7089 152 782 85 412 101 148 74
internal_value=0.000561371 0.0237005 -0.00170918 0.000768872 0.0022169 -0.0129944 -0.0158832 -0.0189947 -0.0190523 0.0306333
internal_weight=2800.67 250.273 2550.4 2091.18 1948.44 459.215 403.078 142.743 34.9152 215.358
internal_count=9181 468 8713 8124 7871 589 504 253 293 175
is_linear=0
shrinkage=0.0309105


Tree=77
num_leaves=13
num_cat=0
split_feature=12 2 20 12 0 27 6 25 3 19 17 15
split_gain=191.645 163.899 147.742 180.077 45.1365 44.6688 24.8748 23.959 18.3424 35.3387 10.2903 7.42078
threshold=64293.400390625007 0.066543299704790129 27.555174827575687 59354.849609375007 32.906734466552741 0.028963802382349971 0.029378164559602741 0.018840875476598743 -0.0052745137363672248 11469.241699218752 45.283180236816413 44129.849609375007
decision_type=2 2 2 2 2 2 2 2 2 2 2 2
left_child=1 2 4 -4 -1 7 8 -3 9 -2 -10 -7
right_child=6 5 3 -5 -6 11 -8 -9 10 -11 -12 -13
leaf_value=0.00071600924097107164 0.025173071141583583 0.0062093031053659263 0.006548201597939369 -0.018208613297591329 0.019651451261143274 0.023495893394784036 0.013784666713162841 0.031710307693270802 -0.023272138564953037 -0.013914113026373626 -0.01445975452791709 -0.03027091315250938
leaf_weight=175.69523335821486 28.042481411248446 41.01396519194941 563.41320352993216 559.48059845343232 381.56738026970334 2.912025594548143 28.173521967604756 249.69264452768994 236.36427218839526 104.2423994243145 273.30404836498201 15.369937519542871
leaf_count=351 42 772 3990 654 533 490 63 674 565 288 688 71
internal_value=-0.00034062 0.00447563 0.000670429 -0.00578659 0.013682 0.0251658 -0.0146372 0.0281136 -0.015885 -0.00562595 -0.0185472 -0.0216905
internal_weight=2659.27 1989.14 1680.16 1122.89 557.263 308.989 670.127 290.707 641.953 132.285 509.668 18.282
internal_count=9181 7535 5528 4644 884 2007 1646 1446 1583 330 1253 561
is_linear=0
shrinkage=0.0309105


Tree=78
num_leaves=15
num_cat=0
split_feature=15 1 15 25 14 23 10 27 12 16 14 12 1 22
split_gain=272.726 229.018 113.477 106.517 87.6153 54.3661 49.9859 30.114 3.21879 2.57292 3.39195 0.774424 0.043648 0.00152657
threshold=57483.099609375007 33.753408432006843 65977.148437500015 0.011795685160905124 26.603626251220707 -0.0074013646226376286 0.81174489855766307 0.01451232982799411 45808.400390625007 11849.557128906252 38.125413894653327 43275.199218750007 31.372861862182621 0.0098207239061594027
decision_type=2 2 2 2 2 2 2 2 2 2 2 2 2 2
left_child=8 4 3 -3 7 -6 -4 -2 9 10 -1 -11 -10 -14
right_child=1 2 6 -5 5 -7 -8 -9 12 11 -12 -13 13 -15
leaf_value=0.047209450898797099 0.012730973333837091 0.015129430029667245 0.00054179924704337982 -0.016694309846846691 0.023820070472566044 0.0061899742183965101 0.022421329233241249 -0.017665794143950808 -0.024992107678394649 -0.020365868451991693 -0.017892337700195517 -0.0028892706705575264 -0.024400801629250374 -0.02386731107202009
leaf_weight=1.5446196285925027 46.806897550821304 118.14457076787949 325.34357455559075 672.20971379894763 604.98110062256455 230.97629411891103 143.90887939184904 92.996431667357683 143.81026781909168 10.628134758588429 1.5061428270630584 3.1912272222107267 145.48128456482664 89.832218158990145
leaf_count=298 51 99 709 925 389 246 167 142 133 4341 686 343 352 300
internal_value=-0.000268295 0.00392 -0.00478787 -0.0119368 0.0151613 0.0189492 0.00725238 -0.00748667 -0.0239118 -0.0106695 0.0149719 -0.0163515 -0.0245003 -0.0241984
internal_weight=2631.36 2235.37 1259.61 790.354 975.761 835.957 469.252 139.803 395.994 16.8701 3.05076 13.8194 379.124 235.314
internal_count=9181 2728 1900 1024 828 635 876 193 6453 5668 984 4684 785 652
is_linear=0
shrinkage=0.0309105


Tree=79
num_leaves=11
num_cat=0
split_feature=7 1 12 10 2 3 1 20 7 26
split_gain=146.663 87.6135 70.4632 56.3971 58.7677 44.2545 34.4308 25.2121 0.882922 0.21183
threshold=0.037105547264218337 16.141644477844242 64657.400390625007 0.81174489855766307 -0.050814839079976075 -0.044528985396027558 44.352916717529304 78.363578796386733 0.039886849001050002 0.047196300700306899
decision_type=2 2 2 2 2 2 2 2 2 2
left_child=2 -2 5 4 -4 -1 -7 -5 -3 -10
right_child=1 8 3 7 -6 6 -8 -9 9 -11
leaf_value=0.031007760211992395 -0.026090992431836654 0.032870292887897279 -0.004461015527349098 -0.00058281467272810789 0.015982182538112184 -0.0093012410610966954 -9.487809292836293e-05 -0.024068600761716071 0.030220647780620058 0.027668233949347792
leaf_weight=31.586654956969141 30.090806991351201 77.158358006206981 189.63088700920343 119.13770840503275 460.75213412567973 1057.6834940496738 613.24052437982573 68.971840752288699 56.706962226880023 82.939766188208523
leaf_count=37 5 104 379 243 883 3121 4017 33 142 217
internal_value=0.000584996 0.0233294 -0.00162484 0.00570965 0.0100211 -0.00523728 -0.00592262 -0.00919564 0.0301899 0.0287068
internal_weight=2787.9 246.896 2541 838.493 650.383 1702.51 1670.92 188.11 216.805 139.647
internal_count=9181 468 8713 1538 1262 7175 7138 276 463 359
is_linear=0
shrinkage=0.0309105


Tree=80
num_leaves=15
num_cat=0
split_feature=12 9 0 7 27 12 9 12 12 18 25 6 0 25
split_gain=184.201 177.621 207.43 121.899 98.7863 67.5633 24.5302 40.8319 54.8375 20.7145 17.7795 14.1414 9.10899 0.993396
threshold=64293.400390625007 -1.0000000180025095e-35 63.798364639282234 0.011084653437137605 0.045602254569530494 55147.800781250007 1.0000000180025095e-35 66311.148437500015 64657.400390625007 57056.250000000007 0.019091527909040455 -0.004644308239221572 70.006488800048842 0.029867695644497875
decision_type=2 2 2 2 2 2 2 2 2 2 2 2 2 2
left_child=1 2 5 9 -5 -1 7 8 -2 -3 -4 -9 13 -8
right_child=6 3 10 4 -6 -7 12 11 -10 -11 -12 -13 -14 -15
leaf_value=0.019524443072967246 -0.02429273211411876 0.019430544730448029 -0.00065798233732533877 0.015659739846744646 -0.023950091248773286 -0.020385560157504756 -0.025404549530806644 0.00062107249749451061 0.01960893779863377 -0.028239554074219735 0.031255344397010901 -0.018705483527926701 -0.0045139766915199293 -0.019009407257781507
leaf_weight=44.157538861831654 40.701679214835167 9.7267574225911613 19.630260425613869 1153.4119596254973 63.464042339071057 492.19448794052005 182.35029224865139 41.843548389151692 81.845071936026216 82.730623092502356 110.29400255550991 265.58873519673944 24.14553189650178 27.061142826452851
leaf_count=2086 54 1137 323 2859 237 477 476 138 201 108 308 584 69 124
internal_value=-0.000350353 0.00438216 -0.00861032 0.0109938 0.0135937 -0.0170992 -0.0144414 -0.0100599 0.00502538 -0.0232213 0.0264313 -0.016074 -0.0225064 -0.0245796
internal_weight=2639.15 1975.61 666.276 1309.33 1216.88 536.352 663.536 429.979 122.547 92.4574 129.924 307.432 233.557 209.411
internal_count=9181 7535 3194 4341 3096 2563 1646 977 255 1245 631 722 669 600
is_linear=0
shrinkage=0.0309105


Tree=81
num_leaves=15
num_cat=0
split_feature=7 1 20 12 20 20 26 17 0 2 2 12 1 9
split_gain=250.659 181.889 139.343 112.636 83.7774 77.0872 74.0978 60.2442 3.0092 14.6082 2.75784 0.80639 0.13308 0.0222566
threshold=0.027678915299475196 36.746578216552741 29.520425796508793 65977.148437500015 34.018041610717781 70.066310882568374 0.011801716405898334 30.481538772583011 61.339887619018562 0.20855654776096347 0.29659743607044226 61914.449218750007 39.343833923339851 1.0000000180025095e-35
decision_type=2 2 2 2 2 2 2 2 2 2 2 2 2 2
left_child=1 2 7 6 -4 -5 -3 -1 11 -10 -11 13 -13 -2
right_child=8 3 4 5 -6 -7 -8 -9 9 10 -12 12 -14 -15
leaf_value=-0.021537960597137057 -0.024692960587870936 0.010447320236386514 0.028163344708150649 -0.0029465409213636756 0.0091955332538920624 0.02446403698194051 -0.016682208513941105 0.014160842526169573 -0.02779187039770226 0.056435785911688768 0.011572761043047176 -0.03207129296090392 -0.027576814250988513 -0.024011184867819016
leaf_weight=142.74786931519361 132.78378856462746 114.1106075608725 406.86564927585641 249.23798484914005 491.10229336132988 161.56681478023529 612.119648110649 66.06285024318322 15.588931126960462 2.3565198833894092 2.9929352659255528 13.89786656200886 14.803255343809722 181.86386042413778
leaf_count=625 332 1163 357 509 1377 189 3595 142 89 60 208 107 115 313
internal_value=-0.000280156 0.00358086 0.0125011 -0.00510176 0.0177901 0.00783314 -0.012419 -0.0102423 -0.0240628 -0.0126573 0.0313911 -0.0247574 -0.0297635 -0.0242998
internal_weight=2608.1 2243.81 1106.78 1137.04 897.968 410.805 726.23 208.811 364.287 20.9384 5.34946 343.349 28.7011 314.648
internal_count=9181 7957 2501 5456 1734 698 4758 767 1224 357 268 867 222 645
is_linear=0
shrinkage=0.0309105


Tree=82
num_leaves=12
num_cat=0
split_feature=7 12 4 26 26 6 22 11 0 25 26
split_gain=139.574 72.2458 69.5683 59.2664 140.516 32.6505 26.0988 19.2416 7.79478 1.61894 0.505112
threshold=0.037105547264218337 53109.400390625007 -0.016090621240437027 0.044101038947701461 0.029559869319200519 0.0077800739090889701 -0.0062035368755459777 -0.011375106405466793 39.830160140991218 0.048321278765797622 0.047196300700306899
decision_type=2 2 2 2 2 2 2 2 2 2 2
left_child=2 9 5 4 -4 7 -7 -1 -5 -2 -3
right_child=1 10 3 8 -6 6 -8 -9 -10 -11 -12
leaf_value=-0.023243810224644564 -0.012507949194767224 0.031199736986253047 -0.00023374383865356696 -0.0084934772969313278 0.03006811452694904 0.024167688073996694 -0.012154572637123214 -0.0092334342927599452 -0.023858306160361248 -0.026081391029913595 0.028080568905554781
leaf_weight=188.59694576212951 18.537614986565131 116.61232314258814 1780.1523562925422 48.175309134567215 159.30041750042983 37.756162746208247 37.837481107049143 186.25500097195686 91.791857782085572 15.548625701638228 91.985029011964798
leaf_count=133 145 101 7089 152 782 83 63 310 101 148 74
internal_value=0.000615344 0.0230076 -0.00153257 0.000852978 0.002255 -0.0125458 0.0059831 -0.0162832 -0.018572 -0.0187082 0.0298257
internal_weight=2772.55 242.684 2529.87 2079.42 1939.45 450.446 75.5936 374.852 139.967 34.0862 208.597
internal_count=9181 468 8713 8124 7871 589 146 443 253 293 175
is_linear=0
shrinkage=0.0309105


Tree=83
num_leaves=15
num_cat=0
split_feature=12 9 2 27 22 12 15 9 12 12 1 26 0 26
split_gain=174.524 167.935 202.806 112.972 97.2547 58.1941 32.5095 24.2563 39.2997 52.5593 11.0193 9.77687 9.04614 1.20085
threshold=64293.400390625007 -1.0000000180025095e-35 0.066543299704790129 0.014007939491420986 0.027092114090919498 55147.800781250007 57483.099609375007 1.0000000180025095e-35 66311.148437500015 64657.400390625007 49.163064956665046 0.017660072073340419 70.006488800048842 0.02872082777321339
decision_type=2 2 2 2 2 2 2 2 2 2 2 2 2 2
left_child=1 2 5 6 -5 -1 -3 8 9 -2 -10 -4 13 -9
right_child=7 3 11 4 -6 -7 -8 12 10 -11 -12 -13 -14 -15
leaf_value=0.018841235758442366 -0.024119470212249527 0.021689712176934703 0.0040085978478553407 0.015191884053520411 -0.029301810927466008 -0.020168470492747038 -0.026952623895893865 -0.025257238755497086 -0.021781821388139434 0.019086370815805068 -0.0099879462710817241 0.028605905483578966 -0.0043245569457763013 -0.017851654155130223
leaf_weight=39.521308596294148 39.952018707990646 15.342568133406983 17.82772587612817 1148.4258953681792 48.933979534709579 482.87888544797897 90.704537892714143 181.34398815967143 149.05013216845691 82.33991314843297 154.07209708914161 116.65925747433039 24.005221925675869 23.986888259649277
leaf_count=1876 54 1410 277 2539 274 469 118 473 391 201 331 572 69 127
internal_value=-0.00037288 0.00424199 -0.00850192 0.0106649 0.0133733 -0.0172167 -0.0199124 -0.0141901 -0.00982054 0.00496887 -0.0157882 0.0253475 -0.0222942 -0.0243936
internal_weight=2615.04 1960.29 656.887 1303.41 1197.36 522.4 106.047 654.75 425.414 122.292 303.122 134.487 229.336 205.331
internal_count=9181 7535 3194 4341 2813 2345 1528 1646 977 255 722 849 669 600
is_linear=0
shrinkage=0.0309105


Tree=84
num_leaves=16
num_cat=0
split_feature=18 1 20 15 15 9 26 26 9 17 19 7 5 22 7
split_gain=298.272 154.797 126.434 84.4361 84.2204 75.1591 53.1811 36.4112 29.167 26.9152 19.0777 8.6888 2.78192 1.08422 0.41626
threshold=60008.699218750007 48.206720352172859 29.520425796508793 67394.152343750015 63145.849609375007 -1.0000000180025095e-35 0.017245482653379444 0.015523531474173071 -1.0000000180025095e-35 32.281652450561531 11180.825195312502 0.020500950515270237 -0.021800366230309006 -0.04227092303335666 0.0074885576032102117
decision_type=2 2 2 2 2 2 2 2 2 2 2 2 2 2 2
left_child=7 2 5 6 -4 -2 -3 9 -5 13 11 -9 -12 -1 -11
right_child=1 3 4 8 -6 -7 -8 10 -10 14 12 -13 -14 -15 -16
leaf_value=0.037647995510589623 0.015873208641693504 -0.00044563233185014914 0.025838961533608949 -0.011313691542631218 0.0084973871020627718 -0.025498342334840284 -0.020108039520877662 0.029571616431201708 0.018698090740884198 -0.0024086726118222089 -0.017425495735849349 -0.025546362543556102 -0.024169461209154745 0.024022078843891612 -0.02175350492383317
leaf_weight=9.7644796065214923 62.959203854203224 219.91352398321033 457.222033418715 39.570323120802641 645.30390458926558 125.72758563421667 326.76934744603932 9.6634533798192006 141.69243611209095 1.1711907519695639 67.706367939515985 3.8047791296614824 443.87473456255293 13.547389122614502 16.898226494880191
leaf_count=7 81 241 232 127 912 221 504 214 256 417 186 135 3294 353 2001
internal_value=-0.000298991 0.00526148 0.0116877 -0.00613685 0.0156893 -0.0116923 -0.012199 -0.020121 0.0121448 0.00778943 -0.0223213 0.0139788 -0.0232775 0.0297422 -0.0205161
internal_weight=2585.59 2019.16 1291.21 727.946 1102.53 188.687 546.683 566.431 181.263 41.3813 525.049 13.4682 511.581 23.3119 18.0694
internal_count=9181 2574 1446 1128 1144 302 745 6607 383 2778 3829 349 3480 360 2418
is_linear=0
shrinkage=0.0309105


Tree=85
num_leaves=12
num_cat=0
split_feature=7 12 4 26 26 6 13 11 24 26 26
split_gain=133.289 69.4183 66.1757 56.9016 132.819 31.3229 19.8917 19.0128 7.83848 1.56596 0.46362
threshold=0.037105547264218337 53109.400390625007 -0.016090621240437027 0.044101038947701461 0.029559869319200519 0.0077800739090889701 29993.790039062504 -0.011375106405466793 0.0023806248791515832 0.047196300700306899 0.047196300700306899
decision_type=2 2 2 2 2 2 2 2 2 2 2
left_child=2 9 5 4 -4 7 -7 -1 -5 -2 -3
right_child=1 10 3 8 -6 6 -8 -9 -10 -11 -12
leaf_value=-0.022991252395537592 -0.01230562387626378 0.030784819642808971 -0.00019046921261138921 -0.010630549752233782 0.02922071632503281 -0.0097667352291619432 0.021945622464446497 -0.0089625451744687994 -0.02537853584138829 -0.025745472622172503 0.027767309382092997
leaf_weight=184.64632592166799 18.290775494412628 114.8967375010252 1776.3313704735333 66.369590602003882 159.91084466624079 38.335078672567533 37.260436191715144 184.76470562449117 71.774513450087397 15.342971731115538 90.318045388907194
leaf_count=133 128 101 7089 177 782 50 96 310 76 165 74
internal_value=0.000642717 0.0227114 -0.00144936 0.000870815 0.0022384 -0.0122655 0.00586012 -0.0159755 -0.0182952 -0.0184454 0.0294582
internal_weight=2758.24 238.849 2519.39 2074.39 1936.24 445.007 75.5955 369.411 138.144 33.6337 205.215
internal_count=9181 468 8713 8124 7871 589 146 443 253 293 175
is_linear=0
shrinkage=0.0309105


Tree=86
num_leaves=15
num_cat=0
split_feature=12 9 2 7 27 12 9 12 12 18 6 26 0 26
split_gain=166.763 157.925 194.409 112.802 89.6448 55.5408 24.0357 37.9813 50.2371 19.5993 14.0317 9.52425 9.34164 1.2248
threshold=64293.400390625007 -1.0000000180025095e-35 0.066543299704790129 0.011084653437137605 0.045602254569530494 55147.800781250007 1.0000000180025095e-35 66311.148437500015 64657.400390625007 57056.250000000007 -0.004644308239221572 0.017660072073340419 70.541698455810561 0.02872082777321339
decision_type=2 2 2 2 2 2 2 2 2 2 2 2 2 2
left_child=1 2 5 9 -5 -1 7 8 -2 -3 -9 -4 13 -8
right_child=6 3 11 4 -6 -7 12 10 -10 -11 -12 -13 -14 -15
leaf_value=0.018280395732702723 -0.023939498147595675 0.018463360339179304 0.0038299752163726813 0.014785196155495079 -0.023741057090695714 -0.019907481167155888 -0.025122501398963909 0.0011999877972473962 0.018540319906691496 -0.02801314232349179 -0.018216991458698827 0.028130823161596936 -0.0035255413996646235 -0.017583951822576539
leaf_weight=39.406191132691674 39.15721158310771 9.7090593131688347 17.810924277423965 1146.8626996709168 60.758144415442985 474.12873977050185 178.95313438214362 41.208672817796469 82.924951583147049 80.40720827318728 258.11419879831374 115.70188149402929 23.205294404178858 23.59344176761806
leaf_count=1876 54 1137 277 2859 237 469 475 138 201 108 584 572 66 128
internal_value=-0.000385581 0.00413716 -0.00833703 0.010357 0.0128466 -0.0169766 -0.0139774 -0.00961609 0.00491271 -0.0230025 -0.0155428 0.0248913 -0.0221173 -0.0242458
internal_weight=2591.94 1944.78 647.048 1297.74 1207.62 513.535 647.157 421.405 122.082 90.1163 299.323 133.513 225.752 202.547
internal_count=9181 7535 3194 4341 3096 2345 1646 977 255 1245 722 849 669 603
is_linear=0
shrinkage=0.0309105


Tree=87
num_leaves=15
num_cat=0
split_feature=18 1 14 15 14 17 26 17 23 5 7 23 15 1
split_gain=285.518 146.696 125.946 80.335 76.4421 53.0316 35.3016 28.3807 27.3406 21.9569 6.64701 24.6975 0.912624 0.0286211
threshold=60008.699218750007 48.206720352172859 26.379719734191898 67394.152343750015 50.718988418579109 66.467903137207045 0.015523531474173071 68.730918884277358 -0.023521053604781624 -0.0025969175621867176 0.020352429710328582 0.02143203001469374 44821.449218750007 29.532844543457035
decision_type=2 2 2 2 2 2 2 2 2 2 2 2 2 2
left_child=6 2 9 5 -4 -3 8 -5 -1 -2 11 -8 -10 -12
right_child=1 3 4 7 -6 -7 10 -9 12 -11 13 -13 -14 -15
leaf_value=0.031568542753552711 -0.026239144537226086 -0.0043977154444920577 0.017275367922314024 -0.0056435903141477855 -0.01013517287512784 -0.024310865680025513 -0.019601438582266015 0.020334422086559188 -0.0089387491554968179 -0.00064756809296135471 -0.024513569997348106 0.035950022959672256 -0.023565695796468215 -0.023795832107656085
leaf_weight=21.595897972614239 85.58985910192132 334.83217145875096 1040.5656269267201 59.970517070963979 107.21274903975427 206.6881347913295 100.81632547992376 121.67233634367585 5.9815680935103073 51.229111216962337 111.44446696593104 8.2708362288474273 13.3256638511084 292.56389281822499
leaf_count=62 102 460 1031 218 219 285 2136 165 2488 94 234 238 228 1221
internal_value=-0.000316601 0.00510394 0.011373 -0.00603166 0.0147147 -0.0119987 -0.0199619 0.011756 0.00766841 -0.0166591 -0.0221651 -0.0153869 -0.0190495 -0.0239946
internal_weight=2561.76 2007.76 1284.6 723.163 1147.78 541.52 553.999 181.643 40.9031 136.819 513.096 109.087 19.3072 404.008
internal_count=9181 2574 1446 1128 1250 745 6607 383 2778 196 3829 2374 2716 1455
is_linear=0
shrinkage=0.0309105


Tree=88
num_leaves=12
num_cat=0
split_feature=7 1 14 25 0 9 26 14 7 7 26
split_gain=126.918 78.7761 58.4033 91.0392 77.4658 58.9128 55.1195 85.4385 50.0693 0.843078 0.185187
threshold=0.037105547264218337 16.141644477844242 57.773788452148445 0.024696114473044876 63.077573776245124 -1.0000000180025095e-35 0.020393935032188896 40.495483398437507 0.0090985973365604895 0.039886849001050002 0.047196300700306899
decision_type=2 2 2 2 2 2 2 2 2 2 2
left_child=2 -2 6 5 -5 -4 8 -8 -1 -3 -11
right_child=1 9 3 4 -6 -7 7 -9 -10 10 -12
leaf_value=0.013702077137724717 -0.025641951542342611 0.031738169782722113 0.029770336745496697 0.031018825041354618 -0.023737107593126021 0.0059295770666379539 -0.0034379215098989226 0.019504849180920707 -0.011039048541878854 0.029034974792838366 0.02656825903378501
leaf_weight=85.365349057146204 28.613840315811103 74.604859465325717 155.03417675280798 30.706678296819518 125.85006940242897 274.28288410812479 715.59663193587676 197.99447712504912 923.79720467915377 53.774219592784902 77.622445931472612
leaf_count=773 5 104 1057 296 277 1635 1281 928 2466 142 217
internal_value=0.000670418 0.0224113 -0.00136274 0.00718118 -0.0129955 0.0145396 -0.00396628 0.00153394 -0.0089459 0.0290874 0.02758
internal_weight=2743.24 234.615 2508.63 585.874 156.557 429.317 1922.75 913.591 1009.16 206.002 131.397
internal_count=9181 468 8713 3265 573 2692 5448 2209 3239 463 359
is_linear=0
shrinkage=0.0309105


Tree=89
num_leaves=15
num_cat=0
split_feature=15 2 20 15 7 0 25 5 5 16 5 5 15 23
split_gain=134.775 144.768 148.214 164.006 71.6827 44.731 38.5921 21.0807 39.674 38.4881 8.28123 24.8643 6.86002 4.06381
threshold=64814.349609375007 0.066543299704790129 27.555174827575687 60232.599609375007 0.024068945087492469 32.906734466552741 0.018840875476598743 0.002447769278660417 0.0034097061725333337 12511.922851562502 -0.0047050367575138799 -0.007046215469017624 46038.800781250007 -0.014569716993719338
decision_type=2 2 2 2 2 2 2 2 2 2 2 2 2 2
left_child=1 2 5 -4 6 -1 -3 10 -9 -10 11 -2 -6 -12
right_child=7 4 3 -5 12 -7 -8 8 9 -11 13 -13 -14 -15
leaf_value=-0.00011116215974092252 -0.018311600088090817 0.00071393620180348232 0.0051107448541872439 -0.018350474358789715 0.015793140537769017 0.019090344944066678 0.031086781625412698 0.023751008575086153 0.021551139019502393 -0.018515094035231178 -0.0098156701520538195 0.019083304882143558 -0.032484669711224011 -0.022922546099867467
leaf_weight=169.12892854145093 92.197434201836586 47.399863766531325 567.95506554229496 570.78108492866158 3.189081658971193 368.22874044542823 255.70430730426688 35.627475224435329 27.259141091257334 143.32728762738407 25.316867552697659 20.819133734330535 23.317353579215705 217.42636084184051
leaf_count=351 290 780 4012 714 526 534 656 49 59 464 89 99 72 486
internal_value=-0.000400271 0.00334818 -0.000334302 -0.00664872 0.0220747 0.0130463 0.026338 -0.0137791 -0.00591362 -0.0121109 -0.0183375 -0.0114203 -0.026665 -0.0215568
internal_weight=2567.68 2005.7 1676.09 1138.74 329.611 537.358 303.104 561.974 206.214 170.586 355.76 113.017 26.5064 242.743
internal_count=9181 7645 5611 4726 2034 885 1436 1536 572 523 964 389 598 575
is_linear=0
shrinkage=0.0309105


Tree=90
num_leaves=15
num_cat=0
split_feature=18 14 20 9 23 27 20 27 17 19 24 5 15 7
split_gain=274.082 122.607 200.345 88.703 74.1754 73.3747 73.0159 40.4321 24.3042 18.2722 8.47903 2.92851 1.05665 0.386469
threshold=60008.699218750007 50.718988418579109 29.520425796508793 -1.0000000180025095e-35 0.034469092264771468 0.011969594284892084 33.588302612304695 0.01451232982799411 32.281652450561531 11180.825195312502 0.006162753328680993 -0.021800366230309006 58213.851562500007 0.0074885576032102117
decision_type=2 2 2 2 2 2 2 2 2 2 2 2 2 2
left_child=7 2 3 -2 5 -3 -4 8 12 10 -9 -11 -1 -10
right_child=1 4 6 -5 -6 -7 -8 9 13 11 -12 -13 -14 -15
leaf_value=0.026668158137923566 0.015501730827645254 0.015389804418214963 0.02634904231461431 -0.026588299967977028 0.027755391674414757 -0.014810219020999413 0.0098593835386722797 -0.020891901316411079 -0.0022084233007696481 -0.016893012855994594 0.030293961932459548 -0.023956526451084231 0.040637356028629237 -0.021287795095254591
leaf_weight=12.459864784985939 65.299024637788534 91.917231317609549 391.04520008899271 178.85758497938514 54.985125688835979 469.24287509359419 746.37860540859401 4.6626295256321546 1.1396858947960016 64.891734593865294 9.154290004815719 428.37892122421886 9.1410050392150879 12.80246369488418
leaf_count=306 94 91 202 257 92 870 968 322 415 189 106 3548 3 1718
internal_value=-0.00033032 0.00496112 0.0100751 -0.0153302 -0.00650541 -0.00986297 0.0155288 -0.0198116 0.012053 -0.0220457 0.0129994 -0.0230279 0.0325933 -0.0197494
internal_weight=2540.36 1997.73 1381.58 244.157 616.145 561.16 1137.42 542.631 35.543 507.088 13.8169 493.271 21.6009 13.9421
internal_count=9181 2574 1521 351 1053 961 1170 6607 2442 4165 428 3737 309 2133
is_linear=0
shrinkage=0.0309105


Tree=91
num_leaves=15
num_cat=0
split_feature=27 25 27 4 12 12 2 5 13 20 20 1 12 14
split_gain=113.31 79.9416 80.0709 71.5893 51.0904 63.303 49.9066 45.7894 29.6988 18.7195 13.9838 17.0982 8.15649 0.669989
threshold=0.029526627622544769 0.034624425694346435 0.045602254569530494 -0.016090621240437027 64450.800781250007 69549.800781250015 -0.10834692791104315 -0.025670403614640232 17923.777343750004 30.441493034362797 26.489562034606937 28.188837051391605 58603.250000000007 33.198085784912116
decision_type=2 2 2 2 2 2 2 2 2 2 2 2 2 2
left_child=3 8 6 10 7 -6 -3 -5 9 -2 -1 -12 -10 -4
right_child=1 2 13 4 5 -7 -8 -9 12 -11 11 -13 -14 -15
leaf_value=-0.00072485034580851645 -0.011802012998891732 0.016067193569358849 0.033479169633113093 0.039392485880547591 0.010183526248347737 -0.015509924249219665 -0.012561007043672846 -0.0051729588901270581 0.046525723146061897 0.028452699525964069 -0.021933173017322911 -0.0074018681983511556 0.030922825694831804 0.026815427376473442
leaf_weight=61.386847883441078 21.680910629266691 84.382296850848434 17.735915862065667 22.512527529995168 627.08923368342221 107.28888711892068 187.34754387077101 1021.4062097294045 59.068179733593752 22.470651177403852 217.72666363954977 120.124597847921 70.328111359849572 89.001292354083489
leaf_count=82 42 114 146 113 969 254 402 5772 236 130 116 291 188 326
internal_value=0.000698027 0.0132065 0.00524009 -0.0024728 0.000182631 0.00642944 -0.00366979 -0.0042116 0.0305777 0.00867865 -0.0143014 -0.0167674 0.0380477 0.0279255
internal_weight=2729.55 552.015 378.467 2177.53 1778.3 734.378 271.73 1043.92 173.548 44.1516 399.238 337.851 129.396 106.737
internal_count=9181 1584 988 7597 7108 1223 516 5885 596 172 489 407 424 472
is_linear=0
shrinkage=0.0309105


Tree=92
num_leaves=16
num_cat=0
split_feature=12 9 2 7 22 12 9 12 7 15 3 26 2 12 14
split_gain=152.468 143.699 178.467 105.93 87.9642 52.056 23.8354 35.9799 50.4542 18.6516 11.7514 8.89111 7.82932 10.3389 0.10754
threshold=64293.400390625007 -1.0000000180025095e-35 0.066543299704790129 0.011084653437137605 0.027092114090919498 55147.800781250007 1.0000000180025095e-35 66311.148437500015 0.013143834192305805 57483.099609375007 -0.0051468356978148213 0.017660072073340419 0.11892938613891603 66639.500000000015 31.963985443115238
decision_type=2 2 2 2 2 2 2 2 2 2 2 2 2 2 2
left_child=1 2 5 9 -5 -1 7 8 -2 -3 -9 -4 14 -14 -8
right_child=6 3 11 4 -6 -7 12 10 -10 -11 -12 -13 13 -15 -16
leaf_value=0.017563015012919448 0.036526935287533181 0.017480928202510463 0.0036078891170508291 0.013989148954487027 -0.028520664095900022 -0.019537118145870384 -0.022969130711395776 -0.0021117719059125452 -0.0076515349857809263 -0.027831156480579149 -0.018041453164555205 0.027140187408986112 -0.022545245785509399 0.0070476403613073668 -0.025213417400438677
leaf_weight=39.215596708962039 34.577173678204417 9.7500834662519065 17.782222327239197 1148.0559805178796 48.468629182982113 458.89701760560274 27.805785723030567 54.424308951944113 86.44288762845099 78.511288922280073 237.64189657755196 113.09401271473098 27.918347323313355 18.907372854650021 144.76759865321219
leaf_count=1876 29 1139 277 2775 321 469 83 141 226 106 581 572 55 122 409
internal_value=-0.000418603 0.00392962 -0.00817557 0.00985616 0.0122669 -0.0166157 -0.0135759 -0.0092016 0.00496844 -0.0228222 -0.0150741 0.0239451 -0.0218106 -0.0105898 -0.0248535
internal_weight=2546.26 1913.77 628.989 1284.79 1196.52 498.113 632.485 413.086 121.02 88.2614 292.066 130.876 219.399 46.8257 172.573
internal_count=9181 7535 3194 4341 3096 2345 1646 977 255 1245 722 849 669 177 492
is_linear=0
shrinkage=0.0309105


Tree=93
num_leaves=16
num_cat=0
split_feature=18 1 14 10 14 12 27 1 17 17 19 24 14 13 18
split_gain=262.785 132.636 116.151 76.9853 69.384 49.0823 39.0883 34.7715 23.2208 23.1147 17.6855 8.02523 2.40252 0.986072 0.356375
threshold=60008.699218750007 48.206720352172859 26.379719734191898 0.81174489855766307 50.718988418579109 68039.601562500015 0.01451232982799411 71.045890808105483 32.281652450561531 30.481538772583011 11180.825195312502 0.006162753328680993 19.587913513183597 31797.462890625004 44222.599609375007
decision_type=2 2 2 2 2 2 2 2 2 2 2 2 2 2 2
left_child=6 2 9 5 -4 -3 8 -5 13 -2 11 -8 -12 -1 -10
right_child=1 3 4 7 -6 -7 10 -9 14 -11 12 -13 -14 -15 -16
leaf_value=0.039275954649626729 -0.02561262129117646 -0.015554610970371774 0.016470521596545207 0.023135510728937735 -0.0097399578979998017 0.010120588900940072 -0.020711753034098647 -0.0053048786719767744 -0.011694543604329158 0.0014368778276992668 -0.017310846201936694 0.029103031242326556 -0.023750340430217926 0.025822698484021613 -0.022817592583948568
leaf_weight=9.7222915263400864 88.458049479871988 457.82169564440846 1030.6282671038061 105.99822969734669 106.45263109728694 84.2124731130898 4.6310235937137341 67.034984106197953 4.0315366639863432 45.788639441132545 64.253949195164751 9.2587113317529184 417.53551193447106 11.701183224012311 9.6766667135525477
leaf_count=196 143 674 1031 115 219 259 322 80 1933 53 259 106 3478 113 200
internal_value=-0.000347032 0.00481563 0.010806 -0.00583435 0.0140165 -0.0115651 -0.0196673 0.0121157 0.0118345 -0.0163844 -0.0219006 0.0124728 -0.0228922 0.0319418 -0.019568
internal_weight=2517.21 1986.39 1271.33 715.067 1137.08 542.034 530.811 173.033 35.1317 134.247 495.679 13.8897 481.789 21.4235 13.7082
internal_count=9181 2574 1446 1128 1250 933 6607 195 2442 196 4165 428 3737 309 2133
is_linear=0
shrinkage=0.0309105


Tree=94
num_leaves=12
num_cat=0
split_feature=7 1 15 7 18 27 26 7 22 7 26
split_gain=116.854 67.3322 46.6483 58.6687 46.654 93.3316 76.1609 43.492 5.8184 0.671179 0.176504
threshold=0.037105547264218337 17.385183334350589 63393.349609375007 0.027292344719171528 58261.050781250007 0.035601902753114707 0.014160346705466511 0.011486924253404142 0.00045022676931694155 0.039886849001050002 0.047196300700306899
decision_type=2 2 2 2 2 2 2 2 2 2 2
left_child=2 -2 4 7 5 -1 -6 -4 -5 -3 -11
right_child=1 9 3 8 6 -7 -8 -9 -10 10 -12
leaf_value=0.0097934314394238029 -0.021438079497983112 0.030831450471535019 -0.011403854419703851 0.047564035692856575 0.0129356625753026 -0.019115149363203916 -0.013831155730725795 0.0047271298638330546 0.026315190102565524 0.028480772140316694 0.026027545022514424
leaf_weight=391.33682375209628 29.77387846062993 71.543961723476968 194.02787544578314 23.137029781937599 119.28622118383646 146.70602208072069 683.3612729664892 902.45803047530353 26.535603445023298 52.089807497510265 74.675841927873989
leaf_count=5818 6 103 191 124 140 329 514 1469 128 142 217
internal_value=0.000724633 0.0218998 -0.00121735 0.00336118 -0.00513177 0.00191049 -0.00985281 0.00187241 0.0362187 0.028408 0.027038
internal_weight=2714.93 228.083 2486.85 1146.16 1340.69 538.043 802.647 1096.49 49.6726 198.31 126.766
internal_count=9181 468 8713 1912 6801 6147 654 1660 252 462 359
is_linear=0
shrinkage=0.0309105


Tree=95
num_leaves=13
num_cat=0
split_feature=12 2 20 18 18 25 6 25 5 5 4 15
split_gain=144.955 130.902 111.108 151.943 66.4398 30.3931 21.3286 21.1612 19.2198 46.5315 8.96463 5.66912
threshold=64293.400390625007 0.066543299704790129 27.555174827575687 60008.699218750007 57901.050781250007 0.029016228392720226 0.029378164559602741 0.018840875476598743 0.002447769278660417 0.0034097061725333337 0.0091461786068975943 44129.849609375007
decision_type=2 2 2 2 2 2 2 2 2 2 2 2
left_child=1 2 4 -4 -1 7 8 -3 10 -10 -2 -7
right_child=6 5 3 -5 -6 11 -8 -9 9 -11 -12 -13
leaf_value=-0.0019503534949692636 -0.021173503361060015 0.0044137747697475024 0.0067030394446406273 -0.016751898346272862 0.020262126943340522 0.020293584657509196 0.013278511652568242 0.028508213078963337 0.02424354124239414 -0.01362159577597476 -0.0082373833300135903 -0.026557035461508983
leaf_weight=209.57748829018419 303.57251655124128 40.752700755870592 506.33512984415256 551.09899628534913 333.14287508279085 3.0089671344162552 27.478020217269659 240.74230805003981 36.847445212304592 195.55624707229435 61.661824190989137 13.569779363228006
leaf_count=707 791 773 3990 654 177 505 63 652 64 539 189 77
internal_value=-0.000433346 0.00381801 0.000314449 -0.0055206 0.011684 0.0226252 -0.0133435 0.0250211 -0.014568 -0.00761683 -0.0189903 -0.018036
internal_weight=2523.34 1898.23 1600.15 1057.43 542.72 298.074 625.116 281.495 597.638 232.404 365.234 16.5787
internal_count=9181 7535 5528 4644 884 2007 1646 1425 1583 603 980 582
is_linear=0
shrinkage=0.0309105


Tree=96
num_leaves=15
num_cat=0
split_feature=18 1 14 19 18 18 27 16 5 19 7 5 1 18
split_gain=251.81 126.702 82.7032 60.8201 59.617 38.7311 38.2543 36.238 22.1817 17.4146 7.53429 3.04035 1.42676 1.01096
threshold=60008.699218750007 30.133814811706547 26.603626251220707 14379.986816406252 69572.351562500015 66452.500000000015 0.01451232982799411 25309.408203125004 -0.018073222599923607 11180.825195312502 0.020500950515270237 -0.021800366230309006 25.616065025329593 44222.599609375007
decision_type=2 2 2 2 2 2 2 2 2 2 2 2 2 2
left_child=6 2 12 7 -5 -4 8 -3 -1 10 -8 -11 -2 -10
right_child=1 3 5 4 -6 -7 9 -9 13 11 -12 -13 -14 -15
leaf_value=0.03273125766465413 -0.01032226996874251 0.0036919793044567391 0.022197876662515773 -0.0075298142831167394 0.021844662059091396 0.0017703098778642681 0.026101480743658201 0.026413557139390295 -0.0056869491175963799 -0.016390970655643104 -0.025287614658721636 -0.023735679329718672 -0.018569239217920929 -0.023065351164747373
leaf_weight=20.234899314606537 40.432247538119555 233.9504680223763 529.90639992058277 859.00464461557567 71.506302947178483 106.54583093523979 10.178773936738478 94.040055170655251 4.8461439093139225 62.356305603379724 3.7177634761383151 408.61581488832599 40.24596032127738 9.7059563433285785
leaf_count=51 94 343 266 1360 180 208 288 77 2195 189 140 3548 46 196
internal_value=-0.000364695 0.0046712 0.0150411 -0.00123762 -0.00527218 0.0187786 -0.0195108 0.0102075 0.0117943 -0.0217574 0.0123319 -0.0227639 -0.0144399 -0.0172984
internal_weight=2495.29 1975.63 717.13 1258.5 930.511 636.452 519.656 327.991 34.787 484.869 13.8965 470.972 80.6782 14.5521
internal_count=9181 2574 614 1960 1540 474 6607 420 2442 4165 428 3737 140 2391
is_linear=0
shrinkage=0.0309105


Tree=97
num_leaves=15
num_cat=0
split_feature=27 25 27 4 2 12 15 2 13 6 20 11 0 25
split_gain=104.853 74.909 74.5888 66.9352 47.1121 46.1522 70.9886 44.3187 27.5779 20.2188 17.3228 12.7151 9.28111 0.622803
threshold=0.029526627622544769 0.034624425694346435 0.045602254569530494 -0.016090621240437027 -0.10834692791104315 64450.800781250007 65977.148437500015 -0.052124569192528718 17923.777343750004 0.0077800739090889701 30.441493034362797 -0.0084904101677238924 43.331304550170906 0.060961576178669936
decision_type=2 2 2 2 2 2 2 2 2 2 2 2 2 2
left_child=3 8 4 9 -3 7 -7 -5 10 11 -2 -1 -10 -4
right_child=1 2 13 5 -6 6 -8 -9 12 -11 -12 -13 -14 -15
leaf_value=-0.022738060117544534 -0.011411891885866134 0.015682652702230758 0.026355834470355517 0.00077572465731455716 -0.012286689051148995 0.025270628759134498 0.0013397976563772887 -0.012617748006621948 0.047447180071241636 0.0019680920859494137 0.027493042851452525 -0.010507554025440635 0.030360284153738131 0.033082876424766483
leaf_weight=173.3499755777093 21.333504812855153 83.714874362951377 87.108291781201842 668.02346819886361 184.01667961896919 148.47278187982738 585.60120069049299 365.01866925712557 49.482004698406854 64.199070571568427 22.420424337941313 153.04711890968383 79.15383906895886 15.98814376541304
leaf_count=134 42 114 336 2338 402 256 967 3547 193 118 130 237 231 136
internal_value=0.00075061 0.0128888 0.00506153 -0.00230511 -0.00354007 0.000254297 0.00618042 -0.00395648 0.0297243 -0.013885 0.00851703 -0.0170041 0.0369354 0.0274019
internal_weight=2700.93 543.218 370.828 2157.71 267.732 1767.12 734.074 1033.04 172.39 390.596 43.7539 326.397 128.636 103.096
internal_count=9181 1584 988 7597 516 7108 1223 5885 596 489 172 371 424 472
is_linear=0
shrinkage=0.0309105


Tree=98
num_leaves=15
num_cat=0
split_feature=12 9 2 7 22 12 9 12 7 15 6 23 7 2
split_gain=137.957 130.757 164.68 99.7363 82.5696 48.6664 23.7961 35.1887 48.4872 18.0006 14.2249 7.97889 6.70959 1.65564
threshold=64293.400390625007 -1.0000000180025095e-35 0.066543299704790129 0.011084653437137605 0.027092114090919498 55147.800781250007 1.0000000180025095e-35 66311.148437500015 0.013143834192305805 57483.099609375007 -0.004644308239221572 0.02143203001469374 0.022623533383011821 0.13343607634305957
decision_type=2 2 2 2 2 2 2 2 2 2 2 2 2 2
left_child=1 2 5 9 -5 -1 7 8 -2 -3 -9 13 -4 -8
right_child=6 3 12 4 -6 -7 11 10 -10 -11 -12 -13 -14 -15
leaf_value=0.016823582568897457 0.036107094322918712 0.016889115774193473 0.026036813365960282 0.013356307714635826 -0.028363833166148968 -0.019185701687846616 -0.024627388175443434 0.0025112986415851126 -0.0072379690655848417 -0.027734827155656949 -0.017407793721004393 -0.0037883094498423636 0.0059827860763774976 -0.016000000793492026
leaf_weight=38.995440852533648 34.740807119756937 9.7251772703339139 109.53196492874577 1138.3750399406913 47.200482492173705 444.86797161400318 166.37286901660264 39.78366094827652 84.94165413081646 76.653340980410576 245.36409829743207 21.865141911432147 18.702338535484614 24.61196168884635
leaf_count=1876 29 1139 553 2775 321 469 463 138 226 106 584 97 296 109
internal_value=-0.000446503 0.00370954 -0.00802881 0.00935858 0.0116951 -0.016283 -0.0131238 -0.00872331 0.00534154 -0.0227073 -0.0146277 -0.0214919 0.0231143 -0.0235171
internal_weight=2501.73 1884.05 612.098 1271.95 1185.58 483.863 617.68 404.83 119.682 86.3785 285.148 212.85 128.234 190.985
internal_count=9181 7535 3194 4341 3096 2345 1646 977 255 1245 722 669 849 572
is_linear=0
shrinkage=0.0309105


Tree=99
num_leaves=15
num_cat=0
split_feature=18 1 20 12 10 9 12 27 1 2 12 12 18 18
split_gain=241.767 120.955 107.863 87.1162 72.9789 64.9637 45.5094 37.0103 32.3038 21.3423 6.69436 2.81498 2.19558 0.139531
threshold=60008.699218750007 48.206720352172859 29.520425796508793 61914.449218750007 0.81174489855766307 -1.0000000180025095e-35 68039.601562500015 0.01451232982799411 71.045890808105483 -0.038443274796009057 58167.851562500007 56970.699218750007 45519.949218750007 48375.599609375007
decision_type=2 2 2 2 2 2 2 2 2 2 2 2 2 2
left_child=7 2 5 -4 6 -2 -3 9 -6 11 12 -1 -9 -11
right_child=1 4 3 -5 8 -7 -8 10 -10 13 -12 -13 -14 -15
leaf_value=-0.00087915455140981185 0.013907779595322784 -0.015226782137277689 0.025047497397302533 0.0069996499493479459 0.022385485325174353 -0.02504793446828699 0.0094603542724276193 -0.0090932967508095593 -0.0050735068203459381 -0.017123506918748938 -0.014478125044366996 0.033935850168951578 -0.023904413242342024 -0.023974859319673428
leaf_weight=2.4866015818870464 62.137241084128618 450.59558632783592 417.98783763684332 657.69345667213202 106.07487360388041 119.64260925538838 84.752818895503879 9.8872458007760979 66.635097548365593 5.935566698684168 99.283266088925302 19.41799521446228 364.86230561998673 6.4968195133842528
leaf_count=1006 81 674 161 983 115 221 259 3415 80 1300 118 7 632 129
internal_value=-0.000377007 0.00453722 0.0102913 0.014013 -0.00568113 -0.0117302 -0.0113179 -0.0193776 0.0117895 0.0116053 -0.0216225 0.0299701 -0.0235144 -0.0207277
internal_weight=2473.89 1965.52 1257.46 1075.68 708.058 181.78 535.348 508.37 172.71 34.337 474.033 21.9046 374.75 12.4324
internal_count=9181 2574 1446 1144 1128 302 933 6607 195 2442 4165 1013 4047 1429
is_linear=0
shrinkage=0.0309105


Tree=100
num_leaves=16
num_cat=0
split_feature=27 25 27 14 25 12 12 12 5 2 13 27 20 16 17
split_gain=100.028 71.0118 71.7092 56.7983 105.657 69.5609 45.97 66.2614 56.8652 45.4337 26.163 24.8327 16.5021 8.09273 0.619347
threshold=0.029526627622544769 0.034624425694346435 0.045602254569530494 57.773788452148445 0.024696114473044876 69303.101562500015 67182.601562500015 69375.648437500015 -0.03820467367768287 -0.10834692791104315 17923.777343750004 0.026666289195418361 30.441493034362797 20086.957031250004 31.822454452514652
decision_type=2 2 2 2 2 2 2 2 2 2 2 2 2 2 2
left_child=3 10 9 6 5 -5 8 -8 -1 -3 12 -6 -2 -12 -4
right_child=1 2 14 4 11 -7 7 -9 -10 -11 13 -13 -14 -15 -16
leaf_value=0.045047596163402315 -0.011196159010240361 0.015431967884355998 0.032600517329213853 0.019752117204927457 -0.025818084758011856 -0.012083801455641878 0.032480856520943055 -0.014053317042857963 -0.0074283103645253782 -0.012072457859594843 0.020362909469470128 0.0044052190513487717 0.026873447535282015 0.039949865224595149 0.026040617917655714
leaf_weight=20.001909785707767 21.153702432736736 83.715043462239919 16.969252533463077 346.65222086680365 97.863032873803832 80.862323636189103 70.401934258639812 49.991002328693867 1446.5002879416336 182.40744773379174 25.138881456666695 35.338702124103747 22.383965019695552 103.08770139518901 84.29167113080257
leaf_count=29 42 114 144 2479 182 198 233 111 4261 402 99 104 130 325 328
internal_value=0.000771565 0.0126752 0.00500374 -0.00221665 0.00623976 0.0137298 -0.00520484 0.0131559 -0.00671238 -0.00341918 0.0290819 -0.0177976 0.00836971 0.0361121 0.0271429
internal_weight=2686.76 539.148 367.383 2147.61 560.716 427.515 1586.9 120.393 1466.5 266.122 171.764 133.202 43.5377 128.227 101.261
internal_count=9181 1584 988 7597 2963 2677 4634 344 4290 516 596 286 172 424 472
is_linear=0
shrinkage=0.0309105


Tree=101
num_leaves=15
num_cat=0
split_feature=18 2 15 0 7 13 15 24 2 4 15 2 25 2
split_gain=113.966 109.992 129.415 90.8897 121.804 106.953 54.6466 38.0682 35.8769 56.3331 35.3268 14.7818 3.95935 0.246201
threshold=61662.500000000007 0.09359318390488626 64814.349609375007 38.453777313232429 0.037105547264218337 51976.535156250007 57281.101562500007 -0.022337882779538628 -0.15678013116121289 -0.013898274861276148 64657.400390625007 0.24449675530195239 0.014588420279324056 -0.035337660461664193
decision_type=2 2 2 2 2 2 2 2 2 2 2 2 2 2
left_child=3 8 -3 5 7 12 -7 -5 9 -2 -10 -4 -1 -6
right_child=1 2 11 4 13 6 -8 -9 10 -11 -12 -13 -14 -15
leaf_value=-0.0064449950821818102 0.023149769265506596 0.024497550998106493 -0.018337985598153996 -0.033731140661452247 -0.024849477934799333 0.015213071916130205 -0.01815537545538224 0.016086241431859275 -0.023806439288175635 -0.024152650465082377 -0.0099708046222140388 0.0084337973202763296 -0.024527634068717358 -0.020738799831972216
leaf_weight=12.429555998691738 58.392372790724039 186.04463521391153 125.84798265993595 14.930853789656338 65.141007669490136 196.79935705225853 61.55439580231905 785.32212692930079 319.45282854698598 40.904546616598964 393.80534778535366 23.347156180068851 176.48747149806059 19.085067748031179
leaf_count=401 52 116 336 166 77 309 55 4815 440 211 994 139 831 239
internal_value=-0.000459778 -0.00759807 0.00729849 0.00569228 0.0114348 -0.00566289 0.00726168 0.0151564 -0.0137444 0.00366094 -0.0161679 -0.0141466 -0.0233395 -0.0239215
internal_weight=2479.54 1147.79 335.24 1331.75 884.479 447.271 258.354 800.253 812.555 99.2969 713.258 149.195 188.917 84.2261
internal_count=9181 2288 591 6893 5297 1596 364 4981 1697 263 1434 475 1232 316
is_linear=0
shrinkage=0.0309105


Tree=102
num_leaves=14
num_cat=0
split_feature=15 24 15 2 2 15 6 15 16 14 15 9 22
split_gain=203.377 148.185 132.624 90.2736 72.9889 66.7674 11.9582 3.49766 2.61299 3.02641 0.46413 0.0695566 0.00931659
threshold=57483.099609375007 -0.0051841244567185632 61822.550781250007 -0.03347461856901645 -0.17886687070131299 63393.349609375007 -0.0028017552103847261 46038.800781250007 11849.557128906252 38.125413894653327 43706.500000000007 -1.0000000180025095e-35 0.0098207239061594027
decision_type=2 2 2 2 2 2 2 2 2 2 2 2 2
left_child=7 4 6 -4 -2 -6 -3 8 9 -1 -10 -9 -13
right_child=1 2 3 -5 5 -7 -8 11 10 -11 -12 12 -14
leaf_value=0.047726881439561997 -0.01710753713072076 -0.011252248519259562 0.01584787344067666 -0.0054245453731364716 0.022303464354017342 0.0053119414815436224 -0.024646877748879362 -0.024734357355037522 -0.017286769151620852 -0.016041838837599541 -0.0011310015217807984 -0.023607106413017043 -0.022945357995629276
leaf_weight=1.5325375166950146 75.586880207061768 86.989551721140742 297.39765766263008 530.79430096037686 482.93540457636118 407.42454298399389 238.65236899722368 57.136416524881497 10.411998614783327 1.3174394043003301 2.0778890588553613 185.38898397632875 72.352843186119571
leaf_count=298 134 71 523 868 249 659 224 287 4459 686 240 257 226
internal_value=-0.0003945 0.00312041 -0.00435709 0.00221387 0.0120527 0.0145286 -0.0210696 -0.0229588 -0.00851554 0.018145 -0.0146227 -0.0236615 -0.0234225
internal_weight=2450 2119.78 1153.83 828.192 965.947 890.36 325.642 330.218 15.3399 2.84998 12.4899 314.878 257.742
internal_count=9181 2728 1686 1391 1042 908 295 6453 5683 984 4699 770 483
is_linear=0
shrinkage=0.0309105


Tree=103
num_leaves=13
num_cat=0
split_feature=7 4 4 27 27 6 22 11 2 27 0 0
split_gain=102.732 72.9738 53.5205 44.2382 104.903 27.8481 23.3235 18.7054 18.6975 0.731158 0.645114 0.0272616
threshold=0.037105547264218337 -0.044528985396027558 -0.016090621240437027 0.037394085898995406 0.029526627622544769 0.0077800739090889701 -0.0062035368755459777 -0.011375106405466793 -0.082454960793256746 0.045602254569530494 43.659173965454109 50.210231781005866
decision_type=2 2 2 2 2 2 2 2 2 2 2 2
left_child=2 -2 5 4 -4 7 -7 -1 -5 10 -3 -11
right_child=1 9 3 8 -6 6 -8 -9 -10 11 -12 -13
leaf_value=-0.022141641321712272 -0.025459386228154218 0.032408517982081116 0.00010741590686961524 0.004967382399784474 0.026530416648641461 0.023063294276364124 -0.011509339828461083 -0.007737878287096895 -0.022176105208934861 0.026411189461276505 0.027353647724548673 0.02491601641607899
leaf_weight=168.28892296506274 27.967807251960039 49.386397996826418 1740.0533227639085 31.489318822335918 156.47331171669657 37.914599340235782 36.670491646446635 176.66149197256823 105.1897544835083 64.393523794904468 49.880316822502209 26.042493223791098
leaf_count=133 4 64 7066 161 608 83 63 310 289 103 134 163
internal_value=0.000795465 0.021147 -0.00101053 0.00106346 0.00228761 -0.0110625 0.00606135 -0.0147658 -0.0159204 0.0280197 0.0298715 0.0259839
internal_weight=2670.41 217.671 2452.74 2033.21 1896.53 419.536 74.5851 344.95 136.679 189.703 99.2667 90.436
internal_count=9181 468 8713 8124 7674 589 146 443 450 464 198 266
is_linear=0
shrinkage=0.0309105


Tree=104
num_leaves=15
num_cat=0
split_feature=12 9 2 7 22 12 9 3 12 7 15 0 26 26
split_gain=126.019 119.125 151.29 93.7448 77.3353 44.7062 23.7659 35.0293 73.8603 22.5342 17.1527 10.0716 8.78243 1.18955
threshold=64293.400390625007 -1.0000000180025095e-35 0.066543299704790129 0.011084653437137605 0.027092114090919498 55147.800781250007 1.0000000180025095e-35 -0.0051468356978148213 66883.902343750015 0.011011743918061258 57483.099609375007 70.861869812011733 0.017660072073340419 0.028559370897710327
decision_type=2 2 2 2 2 2 2 2 2 2 2 2 2 2
left_child=1 2 5 10 -5 -1 7 8 -2 -9 -3 13 -4 -8
right_child=6 3 12 4 -6 -7 11 9 -10 -11 -12 -13 -14 -15
leaf_value=0.015880456217632163 0.041497841692282336 0.01611923242963607 0.0019910088375397744 0.012787397788309606 -0.028252388288202993 -0.018826531193641381 -0.024494911926209728 0.012065625651538304 -0.018226971574097837 -0.015591044135290374 -0.027582761362220747 -0.0011609009070395586 0.025558494654413781 -0.017090707061265989
leaf_weight=38.643242395246943 37.603766297921538 9.6872472889504007 17.599360765072561 1126.4118971425846 45.644930935757202 429.40797406062484 161.45527177304029 31.195945100858808 41.741171324625611 287.10334585793316 74.616254208609462 21.477325851097703 107.91044439131474 24.121711950749159
leaf_count=1876 69 1139 277 2775 321 469 475 60 114 734 106 65 572 129
internal_value=-0.000471519 0.00353264 -0.00787894 0.00892422 0.0111889 -0.0159604 -0.0127217 -0.00829859 0.0100745 -0.0128795 -0.0225575 -0.0212148 0.0222562 -0.0235341
internal_weight=2454.62 1849.92 593.561 1256.36 1172.06 468.051 604.699 397.644 79.3449 318.299 84.3035 207.054 125.51 185.577
internal_count=9181 7535 3194 4341 3096 2345 1646 977 183 794 1245 669 849 604
is_linear=0
shrinkage=0.0309105


Tree=105
num_leaves=14
num_cat=0
split_feature=15 24 15 2 2 15 6 15 16 17 15 9 22
split_gain=195.875 140.834 127.883 86.252 69.6307 64.647 11.9688 3.52329 2.53797 2.85254 0.457908 0.0670666 0.00885824
threshold=57483.099609375007 -0.0051841244567185632 61822.550781250007 -0.03347461856901645 -0.17886687070131299 63393.349609375007 -0.0028017552103847261 46038.800781250007 11849.557128906252 38.330757141113288 43706.500000000007 -1.0000000180025095e-35 0.0098207239061594027
decision_type=2 2 2 2 2 2 2 2 2 2 2 2 2
left_child=7 4 6 -4 -2 -6 -3 8 9 -1 -10 -9 -13
right_child=1 2 3 -5 5 -7 -8 11 10 -11 -12 12 -14
leaf_value=0.045327602311868588 -0.01688298145902422 -0.011032123526870902 0.015446999469166486 -0.0053517588058237539 0.021882307054520156 0.0051239451363277438 -0.024512521294287631 -0.024633323857371835 -0.017046467213668644 -0.016952118080833752 -0.00092624326862439062 -0.023513341003444675 -0.022849725735555135
leaf_weight=1.6015070498306152 74.786925856024027 86.238760171458125 297.57332318276167 529.44675456359982 478.27614530734718 407.28222106024623 233.76768850907683 56.101803647354245 10.219998818535258 1.2432436534932092 2.0628131948178625 180.77109811734408 70.324878952233121
leaf_count=324 134 71 523 868 249 659 224 287 4459 660 240 257 226
internal_value=-0.000409079 0.00302318 -0.00428829 0.00213157 0.0117562 0.0141752 -0.0208806 -0.0228502 -0.00825679 0.0180053 -0.0143633 -0.0235679 -0.0233287
internal_weight=2429.7 2107.37 1147.03 827.02 960.345 885.558 320.006 322.325 15.1276 2.84475 12.2828 307.198 251.096
internal_count=9181 2728 1686 1391 1042 908 295 6453 5683 984 4699 770 483
is_linear=0
shrinkage=0.0309105


Tree=106
num_leaves=16
num_cat=0
split_feature=27 25 27 14 25 12 12 12 5 13 27 25 12 0 17
split_gain=91.0609 64.8281 66.3708 52.5895 100.377 66.1959 42.9711 62.8951 53.6135 25.0558 23.4311 16.1429 15.4637 8.17525 0.594385
threshold=0.029526627622544769 0.034624425694346435 0.045602254569530494 57.773788452148445 0.024696114473044876 69303.101562500015 67182.601562500015 69375.648437500015 -0.03820467367768287 17923.777343750004 0.026666289195418361 0.045231342315673835 64133.599609375007 43.331304550170906 31.822454452514652
decision_type=2 2 2 2 2 2 2 2 2 2 2 2 2 2 2
left_child=3 9 11 6 5 -5 8 -8 -1 12 -6 -3 -2 -11 -4
right_child=1 2 14 4 10 -7 7 -9 -10 13 -12 -13 -14 -15 -16
leaf_value=0.043842090983083663 -0.0095894942744493041 -0.0067299639145831569 0.03204926168898925 0.019204534215845868 -0.025552882503532423 -0.011899931835957181 0.03154796173987541 -0.013809392715424921 -0.0071135631327858594 0.044722971086722969 0.0039622595025347656 0.013862403847217564 0.027370107514194258 0.028628109368456976 0.025532344202495103
leaf_weight=20.003484281194687 23.070743602727362 217.34097709024081 16.571402276911613 347.3232066371927 95.461763061225156 80.517818784341216 70.681639369577169 49.77332591637969 1429.2479062412433 49.723961143321503 35.143441277778038 43.677191906459484 20.350711558014154 77.131975393821449 80.554030425651945
leaf_count=29 128 461 144 2479 182 198 233 111 4261 193 104 55 44 231 328
internal_value=0.000814443 0.0122993 0.00483299 -0.00203711 0.00610919 0.0133501 -0.00493547 0.0128033 -0.00641004 0.0280014 -0.0176086 -0.00328303 0.00772586 0.0349392 0.0266473
internal_weight=2656.57 528.421 358.144 2128.15 558.446 427.841 1569.71 120.455 1449.25 170.277 130.605 261.018 43.4215 126.856 97.1254
internal_count=9181 1584 988 7597 2963 2677 4634 344 4290 596 286 516 172 424 472
is_linear=0
shrinkage=0.0309105


Tree=107
num_leaves=15
num_cat=0
split_feature=12 9 0 27 27 12 18 9 12 12 25 1 0 26
split_gain=120.928 112.937 142.735 88.345 68.7765 47.4022 27.858 23.4437 33.4091 44.9518 15.5465 11.6455 9.92342 1.20077
threshold=64293.400390625007 -1.0000000180025095e-35 63.798364639282234 0.014007939491420986 0.045602254569530494 55147.800781250007 57056.250000000007 1.0000000180025095e-35 66311.148437500015 64657.400390625007 0.019091527909040455 49.163064956665046 70.861869812011733 0.028559370897710327
decision_type=2 2 2 2 2 2 2 2 2 2 2 2 2 2
left_child=1 2 5 6 -5 -1 -3 8 9 -2 -4 -10 13 -9
right_child=7 3 10 4 -6 -7 -8 12 11 -11 -12 -13 -14 -15
leaf_value=0.015537035980102053 -0.023234728335381087 0.019165401326501855 -0.0028978731324952145 0.012776850270237219 -0.023160444360563269 -0.018610054440934456 -0.026431428040636834 -0.024373890763596348 -0.020582457757028331 0.018134627661260286 0.027374801514054449 -0.0078801913580204309 -0.0011739956827846265 -0.016873965468075566
leaf_weight=42.760385115017925 36.038299318403006 15.122955467208156 19.33489879359422 1097.2229944883079 53.350370399808526 422.95700423419476 83.200178015977144 158.5753132943064 133.94457713514566 82.630961904302239 99.688220321950212 142.36449991539121 21.485133225098252 23.732733944430947
leaf_count=2086 54 1409 323 2576 237 477 119 475 391 201 308 331 65 129
internal_value=-0.000480755 0.00345756 -0.00775331 0.00870679 0.0111102 -0.0154742 -0.0194152 -0.0125417 -0.00814709 0.0055688 0.0224546 -0.0140389 -0.0210575 -0.0233992
internal_weight=2432.41 1833.64 584.741 1248.9 1150.57 465.717 98.3231 598.772 394.978 118.669 119.023 276.309 203.793 182.308
internal_count=9181 7535 3194 4341 2813 2563 1528 1646 977 255 631 722 669 604
is_linear=0
shrinkage=0.0309105


Tree=108
num_leaves=15
num_cat=0
split_feature=18 14 17 10 26 22 22 14 26 23 19 24 5 15
split_gain=212.353 95.8751 134.616 76.7154 54.0943 53.5732 37.7109 32.3223 29.0865 20.5074 17.4358 7.34639 3.28548 0.951142
threshold=60008.699218750007 50.718988418579109 26.603626251220707 0.81174489855766307 0.011722283437848093 -0.0062035368755459777 0.017289519309997562 30.441493034362797 0.015523531474173071 -0.023521053604781624 11790.767578125002 0.006162753328680993 -0.021800366230309006 44821.449218750007
decision_type=2 2 2 2 2 2 2 2 2 2 2 2 2 2
left_child=8 2 7 4 -3 -4 -5 -2 9 -1 11 -10 -12 -11
right_child=1 3 5 6 -6 -7 -8 -9 10 13 12 -13 -14 -15
leaf_value=0.028209562839411964 -0.02535788746775227 0.014165645121869328 0.017352586649180723 -0.00074746887930425847 -0.017228429313554894 0.0033628612916467297 0.029366481901175519 0.0038427192967607402 -0.019094266763317814 -0.0070879252674447826 -0.015373193388891948 0.02889393980411372 -0.023357260028285129 -0.022772121075714465
leaf_weight=20.324407274967143 121.68216654472053 60.904536474496126 761.15985715202987 93.873419227078557 376.95541648566723 398.54354418255389 68.866973334923387 51.544109489768744 4.5432839144052641 5.5192292242393277 57.156206707035835 9.2302431009941284 366.89281376967415 11.572887735674156
leaf_count=62 160 71 680 111 787 616 84 65 304 2488 186 114 3225 228
internal_value=-0.000421888 0.00412805 0.00874848 -0.00612568 -0.012861 0.0125451 0.0119941 -0.0166674 -0.0189341 0.00721849 -0.0211698 0.0130432 -0.0222818 -0.0177249
internal_weight=2408.77 1933.53 1332.93 600.6 437.86 1159.7 162.74 173.226 475.239 37.4165 437.823 13.7735 424.049 17.0921
internal_count=9181 2574 1521 1053 858 1296 195 225 6607 2778 3829 418 3411 2716
is_linear=0
shrinkage=0.0309105


Tree=109
num_leaves=11
num_cat=0
split_feature=7 12 4 27 27 7 12 20 25 7
split_gain=94.5586 57.2958 49.6791 41.8049 94.7847 27.3427 19.3016 12.388 1.7346 0.418467
threshold=0.037105547264218337 53109.400390625007 -0.016090621240437027 0.037394085898995406 0.029526627622544769 0.027678915299475196 56704.050781250007 30.441493034362797 0.048321278765797622 0.041532378643751151
decision_type=2 2 2 2 2 2 2 2 2 2
left_child=2 8 5 4 -4 7 -5 -1 -2 -3
right_child=1 9 3 6 -6 -7 -8 -9 -10 -11
leaf_value=-0.0005362887973991672 -0.011103710711703334 0.028997064516639873 0.00020882824430340361 -0.022447211059233103 0.02534277819598529 0.010011848134602663 0.004442178941690072 -0.016243497123164554 -0.025752606992304881 0.025948485216973679
leaf_weight=57.103718281549163 16.794976293908803 88.269134055823088 1729.3358468789761 99.771611462892906 156.32169071354747 53.150004782918586 34.243035374209285 301.40092852189832 14.468887231074406 90.857453655451536
leaf_count=92 145 92 7066 262 608 85 188 412 148 83
internal_value=0.000832429 0.0207127 -0.000887757 0.0011069 0.0022926 -0.0106747 -0.0155743 -0.0137424 -0.0178927 0.0274524
internal_weight=2641.72 210.39 2431.33 2019.67 1885.66 411.655 134.015 358.505 31.2639 179.127
internal_count=9181 468 8713 8124 7674 589 450 504 293 175
is_linear=0
shrinkage=0.0309105


Tree=110
num_leaves=14
num_cat=0
split_feature=12 2 9 27 7 12 9 3 7 3 25 15 4
split_gain=115.741 109.214 165.298 93.4809 50.8794 40.8842 23.3105 85.6186 35.4562 27.575 23.1491 6.80387 5.86846
threshold=64293.400390625007 0.066543299704790129 -1.0000000180025095e-35 0.014007939491420986 0.024068945087492469 55147.800781250007 -1.0000000180025095e-35 -0.0051468356978148213 0.011084653437137605 0.016073139384388927 0.018840875476598743 44129.849609375007 0.012883792631328108
decision_type=2 2 2 2 2 2 2 2 2 2 2 2 2
left_child=1 2 5 -4 10 -1 7 -2 -9 12 -3 -6 -8
right_child=6 4 3 -5 11 -7 9 8 -10 -11 -12 -13 -14
leaf_value=0.015006774888044212 0.033194181470628067 0.0029040126514333852 -0.023981487431120697 0.0093908085863650438 0.018075052269404118 -0.018383917506189801 -0.023103342677875935 0.020330473737245787 -0.01853871822724578 0.0029309665657764761 0.028339025661413813 -0.033278422636646175 -0.010093166851255185
leaf_weight=38.257269163758792 45.427966536954045 40.312863926304999 87.26531012793248 989.71194098511387 2.8586547364038806 414.97039734013379 250.13889624923468 25.607570201158524 179.96038322150707 52.715950556099415 226.02554750835634 17.598916402319446 38.28219255618751
leaf_count=1876 110 770 1266 1917 512 469 731 41 548 103 648 77 113
internal_value=-0.000490846 0.00337672 9.57281e-05 0.00668644 0.0208814 -0.0155647 -0.0123592 -0.00520759 -0.0136953 -0.0176203 0.0244903 -0.026088 -0.0213775
internal_weight=2409.13 1817 1530.2 1076.98 286.796 453.228 592.133 250.996 205.568 341.137 266.338 20.4576 288.421
internal_count=9181 7535 5528 3183 2007 2345 1646 699 589 947 1418 589 844
is_linear=0
shrinkage=0.0309105


Tree=111
num_leaves=15
num_cat=0
split_feature=18 1 20 12 27 18 27 26 23 19 12 24 18 19
split_gain=203.769 102.594 73.3613 68.7864 50.3881 40.1578 33.3025 22.5632 17.8396 16.7913 13.6945 7.42881 2.69897 0.846692
threshold=60008.699218750007 30.133814811706547 29.520425796508793 69375.648437500015 0.011446994263678791 64847.898437500007 0.01451232982799411 0.018164198845624927 -0.023521053604781624 11180.825195312502 69859.347656250015 0.006162753328680993 58261.050781250007 11180.825195312502
decision_type=2 2 2 2 2 2 2 2 2 2 2 2 2 2
left_child=6 2 7 4 -3 -4 8 -2 -1 11 -5 -8 -11 -10
right_child=1 3 5 10 -6 -7 9 -9 13 12 -12 -13 -14 -15
leaf_value=0.030223181163719977 -0.02653446650330828 0.013434146365569664 0.023616926300248333 0.031376589017084115 -0.0061704711654328491 0.0070022902827325765 -0.020202823886124571 0.0044673933865436583 0.0085301133878737268 -0.023241470589563964 0.0098883307800461707 0.028320284393695147 -0.016377339039873769 -0.018892228894281781
leaf_weight=19.3739098460901 49.137964200228453 143.67698372527957 377.28174955025315 61.831407437101007 977.03908441215754 220.16775448992848 4.4591779452595111 41.242744527757168 1.1664307446118289 353.56451609405303 52.405307732522488 9.2758209890816925 65.146866273134947 11.965719782251425
leaf_count=76 56 116 128 76 1574 325 322 105 454 3671 194 106 66 1912
internal_value=-0.000439375 0.00400089 0.0135682 -0.00132755 -0.00365687 0.0174947 -0.0188025 -0.0123843 0.011365 -0.0210708 0.0215216 0.0125453 -0.0221742 -0.0164339
internal_weight=2387.74 1922.78 687.83 1234.95 1120.72 597.45 464.952 90.3807 32.5061 432.446 114.237 13.735 418.711 13.1322
internal_count=9181 2574 614 1960 1690 453 6607 161 2442 4165 270 428 3737 2366
is_linear=0
shrinkage=0.0309105


Tree=112
num_leaves=12
num_cat=0
split_feature=7 22 14 25 0 26 14 27 7 7 2
split_gain=90.9167 53.4228 42.3416 73.7841 62.2586 50.8395 66.4941 44.9649 44.0588 0.543208 0.161362
threshold=0.037105547264218337 -0.04227092303335666 57.773788452148445 0.024696114473044876 63.077573776245124 0.020393935032188896 40.495483398437507 0.011446994263678791 0.0090985973365604895 0.039886849001050002 0.014998380560427906
decision_type=2 2 2 2 2 2 2 2 2 2 2
left_child=2 -2 5 7 -5 8 -7 -4 -1 -3 -11
right_child=1 9 3 4 -6 6 -8 -9 -10 10 -12
leaf_value=0.013212868996268612 -0.017545979780270182 0.029278664080608453 -0.010268232260806464 0.02703704713334857 -0.022817260487791504 -0.0023044239389278425 0.018096617084337487 0.017235615616197849 -0.010018803647086851 0.02630412115982439 0.023280879953106404
leaf_weight=85.511958631021798 30.092222049945121 65.090012935743289 67.318274635116268 30.168817698480325 115.72968612075942 676.13102675082268 197.15470993447684 362.84645760514331 886.52731035518173 88.244721552360716 23.460983807580305
leaf_count=773 26 98 608 296 277 1281 928 2084 2466 130 214
internal_value=0.000852566 0.0205205 -0.000827775 0.00648781 -0.0125064 -0.00311167 0.00230102 0.0129307 -0.00797477 0.0270014 0.0256718
internal_weight=2628.28 206.888 2421.39 576.063 145.899 1845.33 873.286 430.165 972.039 176.796 111.706
internal_count=9181 468 8713 3265 573 5448 2209 2692 3239 442 344
is_linear=0
shrinkage=0.0309105


Tree=113
num_leaves=15
num_cat=0
split_feature=12 0 13 27 27 0 20 19 9 3 12 1 0 19
split_gain=110.89 104.178 88.9571 50.6348 65.9912 62.6094 42.5382 24.475 22.9899 32.4433 67.3976 20.0334 9.81821 0.83571
threshold=64293.400390625007 38.453777313232429 51976.535156250007 0.014007939491420986 0.029526627622544769 38.758050918579109 26.752980232238773 7916.9335937500009 1.0000000180025095e-35 -0.0051468356978148213 66883.902343750015 77.129550933837905 70.861869812011733 49572.890625000007
decision_type=2 2 2 2 2 2 2 2 2 2 2 2 2 2
left_child=1 2 7 5 -5 -3 -4 -1 9 10 -2 -11 13 -10
right_child=8 3 6 4 -6 -7 -8 -9 12 11 -12 -13 -14 -15
leaf_value=0.012921130363758157 0.039161058381521986 0.07693603140143615 0.013387984929252882 0.015124723609094663 -0.0020976774956217264 -0.017378650170355604 -0.0095057182287278837 -0.02257972902415898 -0.023945139268911671 -0.015217092208169556 -0.017849718681370925 0.009152151318170489 -0.00094914350390340777 -0.017323804209033417
leaf_weight=19.980639922196133 38.504693828523159 7.1874329337870213 186.74603954228314 802.96897439287523 289.07358672798682 104.34566441417792 132.60081944634703 258.18966803046214 155.30598459020257 272.52932110801339 40.805476462468505 36.539109205827117 21.352055704221129 21.03520985879004
leaf_count=97 69 20 130 2881 865 1931 328 1283 480 740 114 54 65 124
internal_value=-0.000499074 0.00330111 -0.00724949 0.00853921 0.0105655 -0.0112981 0.00388102 -0.0200287 -0.0121781 -0.00780907 0.00982499 -0.0123351 -0.0207599 -0.023157
internal_weight=2387.16 1801.09 597.517 1203.58 1092.04 111.533 319.347 278.17 586.072 388.379 79.3102 309.068 197.693 176.341
internal_count=9181 7535 1838 5697 3746 1951 458 1380 1646 977 183 794 669 604
is_linear=0
shrinkage=0.0309105


Tree=114
num_leaves=15
num_cat=0
split_feature=15 1 12 22 20 12 9 11 12 13 17 15 9 22
split_gain=176.305 129.381 75.5068 63.3526 59.6584 38.0618 27.0075 13.4879 3.74716 1.87739 2.55148 0.834296 0.0620542 0.00830214
threshold=57483.099609375007 30.133814811706547 69375.648437500015 -0.013077486306428908 29.520425796508793 63162.300781250007 -1.0000000180025095e-35 0.0053679477423429498 45808.400390625007 11790.767578125002 38.330757141113288 44129.849609375007 -1.0000000180025095e-35 0.0098207239061594027
decision_type=2 2 2 2 2 2 2 2 2 2 2 2 2 2
left_child=8 4 3 -3 6 -6 -2 -4 9 10 -1 -11 -10 -14
right_child=1 2 7 -5 5 -7 -8 -9 12 11 -12 -13 13 -15
leaf_value=0.043348393569734196 0.010806795042219246 0.010387899504107895 0.027347735808262982 -0.0083379056257274764 0.023990268385215115 0.008403013551800214 -0.019270100601052421 0.0030106999625549111 -0.02437901667427151 -0.014581347820543938 -0.015098773850161071 0.024343604970601705 -0.023269724571772357 -0.022589947318584543
leaf_weight=1.4907877436528445 48.531347576528788 207.83958932943642 84.94715528562665 1018.4304635021836 342.30824075266719 266.11816747672856 69.171170130372047 29.28832090832293 53.446519766934216 10.757307406792048 1.3591272660987668 0.5476765166968115 168.50787466368638 64.765087922569364
leaf_count=322 59 286 180 1524 118 348 123 90 289 4610 674 62 262 234
internal_value=-0.000450875 0.0027675 -0.00292455 -0.00516384 0.013276 0.0171731 -0.00686621 0.0211107 -0.0225581 -0.00700287 0.0153709 -0.0126694 -0.023325 -0.0230823
internal_weight=2367.51 2066.63 1340.51 1226.27 726.129 608.426 117.703 114.235 300.874 14.1549 2.84992 11.305 286.719 233.273
internal_count=9181 2728 2080 1810 648 466 182 270 6453 5668 996 4672 785 496
is_linear=0
shrinkage=0.0309105


Tree=115
num_leaves=11
num_cat=0
split_feature=7 22 4 26 26 7 6 24 7 2
split_gain=87.2631 51.5504 46.3251 45.8877 92.1093 26.4286 20.6563 7.83781 0.499217 0.164692
threshold=0.037105547264218337 -0.04227092303335666 -0.016090621240437027 0.044101038947701461 0.029559869319200519 0.027678915299475196 0.0077800739090889701 0.0023806248791515832 0.039886849001050002 0.014998380560427906
decision_type=2 2 2 2 2 2 2 2 2 2
left_child=2 -2 5 4 -4 6 -1 -5 -3 -10
right_child=1 8 3 7 -6 -7 -8 -9 9 -11
leaf_value=-0.017022087956615035 -0.017329122659922969 0.028958125166170436 0.0002857944250805205 -0.0089645265356781845 0.024879048330671803 0.010011184502318101 0.0020556527917802679 -0.024360667560733369 0.026112121385931095 0.023033000087640049
leaf_weight=284.44765837681575 29.6652212122317 64.109405438335671 1721.6656812315059 61.70738442813672 158.94248495224792 53.083467600211861 66.965811709395666 64.912115505689144 86.392142082773717 23.040966568888507
leaf_count=372 26 98 7089 177 782 85 132 76 130 214
internal_value=0.000867589 0.0203206 -0.000771362 0.00115164 0.00236449 -0.0103146 -0.0133858 -0.0168598 0.0267581 0.0254665
internal_weight=2614.93 203.208 2411.72 2007.23 1880.61 404.497 351.413 126.619 173.543 109.433
internal_count=9181 468 8713 8124 7871 589 504 253 442 344
is_linear=0
shrinkage=0.0309105


Tree=116
num_leaves=15
num_cat=0
split_feature=27 13 1 7 14 27 19 18 19 1 15 2 18 2
split_gain=96.6572 68.7791 54.3915 110.791 81.2801 40.6781 40.6871 31.2008 16.2704 13.895 3.57606 2.35333 1.6438 1.1908
threshold=0.014159791171550752 15730.108886718752 26.848983764648441 0.037105547264218337 11.076000213623049 0.015880815684795383 23253.036132812504 57056.250000000007 8890.3354492187518 49.163064956665046 66680.902343750015 0.037912171334028251 41043.349609375007 0.1300260126590729
decision_type=2 2 2 2 2 2 2 2 2 2 2 2 2 2
left_child=7 5 4 -4 -3 6 -2 11 -9 -7 -10 12 -1 -13
right_child=1 2 3 -5 -6 9 -8 8 10 -11 -12 13 -14 -15
leaf_value=0.021707691807106546 -0.019783029572247413 0.018308730131337849 0.0093303190693102521 -0.023482360828018727 -0.015749994714991462 -0.022695706924775273 0.03945157238996224 -0.0036386369283348636 -0.024435223957947075 -0.0053496021491674312 -0.016149293721654422 0.029491264735452927 -0.0090742121215896306 0.012214007625789914
leaf_weight=2.6580264664553424 19.337543496840226 90.837521068606293 1317.998980138665 106.23944655465766 254.51827513758917 162.71608304327356 25.931021436525498 55.664599362760782 179.61355298757553 60.606166102248608 69.206325782462955 11.517549385534041 4.3927606816869229 5.8026810588812614
leaf_count=1534 156 65 3596 361 664 826 92 77 251 648 152 388 201 170
internal_value=-0.00050736 0.00200151 0.00421382 0.00688249 -0.00679081 -0.0125731 0.0141416 -0.0160578 -0.0187519 -0.0179896 -0.0221318 0.0175896 0.002488 0.0237201
internal_weight=2367.04 2038.19 1769.59 1424.24 345.356 268.591 45.2686 328.855 304.484 223.322 248.82 24.371 7.05079 17.3202
internal_count=9181 6408 4686 3957 729 1722 248 2773 480 1474 403 2293 1735 558
is_linear=0
shrinkage=0.0309105


Tree=117
num_leaves=15
num_cat=0
split_feature=15 1 15 20 19 15 9 9 15 19 20 15 9 0
split_gain=170.282 122.648 68.2108 57.0894 52.2073 33.2603 26.15 14.9535 3.64254 1.90795 2.38777 0.392909 0.0575057 0.00482284
threshold=57483.099609375007 30.133814811706547 69375.648437500015 29.520425796508793 14379.986816406252 63393.349609375007 -1.0000000180025095e-35 1.0000000180025095e-35 46038.800781250007 11790.767578125002 38.125413894653327 42947.349609375007 -1.0000000180025095e-35 45.684610366821296
decision_type=2 2 2 2 2 2 2 2 2 2 2 2 2 2
left_child=8 3 4 6 -3 -5 -2 -4 9 10 -1 -11 -10 -14
right_child=1 2 7 5 -6 -7 -8 -9 12 11 -12 -13 13 -15
leaf_value=0.043376049118782942 0.010591215917954557 0.0067668057411884317 0.031047467840079803 0.023585011552030029 -0.0083559699960423003 0.0090300448763042541 -0.019075693936180995 0.0071581036767185691 -0.024277761841638698 -0.016298803901373757 -0.014906964214250909 -0.003669265586404599 -0.023132437874762574 -0.022380340454616138
leaf_weight=1.4387810404065242 48.449083931744099 283.20585654303432 61.030527573078871 322.19586986303329 948.71674600522965 280.85978773608804 68.534582249820232 42.510077087208629 52.157117786118761 8.3039087793706567 1.2496540848006814 3.3768891227664417 188.47495235898532 38.923765802988783
leaf_count=311 59 350 100 114 1467 352 123 163 287 4259 672 441 167 316
internal_value=-0.000456358 0.00269031 -0.00285371 0.0129733 -0.00487916 0.0168069 -0.00678653 0.0212422 -0.0224629 -0.00725514 0.0161744 -0.012673 -0.0232435 -0.023005
internal_weight=2349.43 2055.5 1335.46 720.039 1231.92 603.056 116.984 103.541 293.925 14.3692 2.68844 11.6808 279.556 227.399
internal_count=9181 2728 2080 648 1817 466 182 263 6453 5683 983 4700 770 483
is_linear=0
shrinkage=0.0309105


Tree=118
num_leaves=12
num_cat=0
split_feature=7 22 14 25 0 27 7 18 7 7 0
split_gain=82.6823 49.3665 39.4538 70.5517 58.9795 46.7822 52.5126 46.6892 41.471 0.443296 0.142698
threshold=0.037105547264218337 -0.04227092303335666 57.773788452148445 0.024696114473044876 63.077573776245124 0.020255956798791889 0.019992766901850704 67941.699218750015 0.0090985973365604895 0.039886849001050002 53.156742095947273
decision_type=2 2 2 2 2 2 2 2 2 2 2
left_child=2 -2 5 7 -5 8 -7 -4 -1 -3 -11
right_child=1 9 3 4 -6 6 -8 -9 -10 10 -12
leaf_value=0.012904437624400314 -0.017089565743709158 0.028538969319942646 0.018168573332371367 0.026169198078767494 -0.02256047581723554 0.018382931319788052 -0.0013166155812111987 -0.0060621846392938739 -0.0096136888612940053 0.0258180852011911 0.02289749234497902
leaf_weight=85.757900041247922 29.170240367282531 62.791176005041052 331.76908428109436 29.983326510031475 113.74514651051777 158.26242000678849 706.13447712349534 98.526392627507448 878.9684542297291 84.05173559328432 22.479587304613233
leaf_count=777 26 98 2454 296 277 914 1315 238 2442 154 190
internal_value=0.000870103 0.0200439 -0.000713471 0.00635633 -0.0123929 -0.00293231 0.00228983 0.0126197 -0.00761167 0.0264429 0.0252046
internal_weight=2601.64 198.493 2403.15 574.024 143.728 1829.12 864.397 430.295 964.726 169.322 106.531
internal_count=9181 468 8713 3265 573 5448 2229 2692 3219 442 344
is_linear=0
shrinkage=0.0309105


Tree=119
num_leaves=15
num_cat=0
split_feature=26 9 17 15 22 18 16 26 18 26 15 17 20 15
split_gain=89.9608 72.3176 145.345 91.9749 69.836 37.3885 29.7916 24.4116 21.3829 18.1851 10.43 13.1071 1.12921 0.174004
threshold=0.014097290579229595 -0.60785761475563038 45.283180236816413 64814.349609375007 0.027092114090919498 61014.599609375007 5255.8940429687509 0.015341951046139004 57056.250000000007 0.015976075083017353 66680.902343750015 71.187767028808608 25.906807899475101 63145.849609375007
decision_type=2 2 2 2 2 2 2 2 2 2 2 2 2 2
left_child=5 2 12 4 -3 6 -1 -5 -8 -4 13 -12 -2 -7
right_child=1 3 9 7 -6 10 8 -9 -10 -11 11 -13 -14 -15
leaf_value=0.061370637124696571 -0.029789102628592617 0.0093266940221611982 0.040696537076408919 0.014180380869937821 -0.027829039887899403 -0.026691075622408942 0.017338323099090319 -0.016167749966800014 -0.026313359835636943 0.0086727063645327691 -0.00063035186500536814 -0.025045773240770713 -0.02367947936856768 -0.024501709067568732
leaf_weight=8.3607738047885487 33.838349469641798 1318.1606861060081 19.010104033432526 28.677045127376914 50.168539450409753 55.805414339527488 23.752642231388563 216.04240683745593 19.541972037404776 156.38019353209893 45.337584510445595 39.189909292384982 218.08173581554274 117.18370231799781
leaf_count=107 225 3324 129 70 372 89 2164 831 37 875 119 58 618 163
internal_value=-0.000507003 0.00184731 -0.00945892 0.00484262 0.0079642 -0.0160451 0.0079512 -0.0126102 -0.00235797 0.0121454 -0.0208597 -0.0119537 -0.0245013 -0.0252097
internal_weight=2349.53 2040.36 427.31 1613.05 1368.33 309.172 51.6554 244.719 43.2946 175.39 257.517 84.5275 251.92 172.989
internal_count=9181 6444 1847 4597 3696 2737 2308 901 2201 1004 429 177 843 252
is_linear=0
shrinkage=0.0309105


Tree=120
num_leaves=15
num_cat=0
split_feature=18 1 14 10 14 15 27 1 15 19 19 24 14 15
split_gain=182.517 87.3718 91.6515 64.4772 55.2376 32.536 31.7654 29.1613 16.6478 16.0202 13.1097 7.08532 2.96845 0.96723
threshold=60008.699218750007 48.206720352172859 26.379719734191898 0.81174489855766307 50.718988418579109 69131.300781250015 0.01451232982799411 71.045890808105483 57483.099609375007 11180.825195312502 25309.408203125004 0.006162753328680993 19.587913513183597 44821.449218750007
decision_type=2 2 2 2 2 2 2 2 2 2 2 2 2 2
left_child=6 2 10 5 -4 -3 8 -5 13 11 -2 -8 -11 -1
right_child=1 3 4 7 -6 -7 9 -9 -10 12 -12 -13 -14 -15
leaf_value=-0.0044156446618755195 -0.0061578594413319891 -0.013275778012514053 0.013901937097085282 0.021409109465196415 -0.0097193419922162391 0.011985656451546924 -0.020275900048356867 -0.0048240821478836658 0.03013224821613722 -0.015131659134535154 -0.026033178863654957 0.027283900400261102 -0.02296288697955684 -0.022199110568138905
leaf_weight=4.6539582993935964 63.127259762957692 459.39074497111142 976.13779409974813 105.2118272241205 104.72301294468343 54.480979049578309 4.3961461393571417 65.787296563386917 18.648446964100003 53.820781718791295 63.80768721550703 9.3452794745696774 339.63270888438012 8.0694650223012996
leaf_count=2237 90 736 1031 115 219 197 322 80 9 259 106 106 3478 196
internal_value=-0.000469531 0.00369372 0.00869487 -0.00512557 0.011613 -0.010597 -0.018437 0.0113149 0.0115276 -0.0207463 -0.0161511 0.012047 -0.0218924 -0.0157176
internal_weight=2331.23 1892.67 1207.8 684.871 1080.86 513.872 438.567 170.999 31.3719 407.195 126.935 13.7414 393.453 12.7234
internal_count=9181 2574 1446 1128 1250 933 6607 195 2442 4165 196 428 3737 2433
is_linear=0
shrinkage=0.0309105


Tree=121
num_leaves=15
num_cat=0
split_feature=27 14 4 2 27 27 12 15 2 2 27 8 27 2
split_gain=72.2428 54.7148 53.6981 46.5677 39.8235 35.9394 30.9693 61.8206 46.0359 19.8004 12.098 21.4712 8.82547 7.04204
threshold=0.028696795925498012 40.495483398437507 -0.016090621240437027 -0.082454960793256746 0.038152080029249198 0.043246464803814895 64450.800781250007 65977.148437500015 -0.089575957506895051 0.1713652312755585 0.023687948472797874 -1.0000000180025095e-35 0.029238417744636539 -0.17143913358449933
decision_type=2 2 2 2 2 2 2 2 2 2 2 2 2 2
left_child=2 3 10 4 -2 -5 8 -8 -4 13 11 -1 -11 -3
right_child=1 9 6 5 -6 -7 7 -9 -10 12 -12 -13 -14 -15
leaf_value=-0.018159988985055418 0.0043552289663016741 0.012274499051820561 0.0051842488976688497 0.015420070114687174 0.031671947881964681 -0.018490706856923604 0.023646358099344993 0.00087161066896620609 -0.0086202648075927694 0.037916977239768668 -0.02074059893781614 0.00052858303190951475 -0.01922615424647138 0.031847785921990605
leaf_weight=115.51458606785263 161.56283316308691 20.390137885446165 383.40555863408463 41.306681513764488 74.528188529038744 107.70825731140212 141.69547385722399 580.21359729021788 579.90426056146407 3.2585419751012514 119.5465271320636 119.4423538813046 12.414306916075473 129.02284599834206
leaf_count=172 236 66 1556 235 224 111 240 956 4258 8 81 226 423 389
internal_value=0.000882595 0.0108227 -0.0017985 0.00443967 0.0129797 -0.00908871 0.000501621 0.00534222 -0.00312564 0.0257111 -0.0127335 -0.00865823 -0.00732661 0.0291786
internal_weight=2589.91 550.192 2039.72 385.106 236.091 149.015 1685.22 721.909 963.31 165.086 354.503 234.957 15.6728 149.413
internal_count=9181 1692 7489 806 460 346 7010 1196 5814 886 479 398 431 455
is_linear=0
shrinkage=0.0309105


Tree=122
num_leaves=14
num_cat=0
split_feature=12 2 17 18 18 26 25 3 18 15 1 14 18
split_gain=101.061 98.2329 77.5182 111.21 44.0788 39.3644 22.0827 17.2645 35.0232 85.1247 22.572 12.5267 6.28529
threshold=64293.400390625007 0.066543299704790129 26.287053108215336 60008.699218750007 57901.050781250007 0.027652965858578685 0.018840875476598743 -0.0052745137363672248 66965.000000000015 67335.652343750015 77.129550933837905 44.319076538085945 45519.949218750007
decision_type=2 2 2 2 2 2 2 2 2 2 2 2 2
left_child=1 2 4 -4 -1 6 -3 8 -2 -10 11 -9 -7
right_child=7 5 3 -5 -6 12 -8 10 9 -11 -12 -13 -14
leaf_value=-0.0036928565370478784 -0.025437472393469582 0.0020379400227779469 0.0054041511337478369 -0.014764118724690146 0.017553171642767765 0.01751179830807079 0.027000010772472278 -0.023657546836193283 0.050857534713776936 -0.013902402648562641 0.0050193449201894292 -0.012510154174599924 -0.030057186658465088
leaf_weight=135.39482455936331 39.737279476597905 40.059828396995272 527.68823733822956 517.29792098514736 299.95481642708182 3.159155538465714 219.76177076934982 162.75157943274826 30.599618207663298 52.945465940982103 49.752835346385837 236.4466156270355 16.368544506374747
leaf_count=607 102 773 4084 676 161 560 607 471 39 227 92 715 67
internal_value=-0.000510723 0.00315867 -1.36994e-05 -0.00457943 0.0109449 0.0199708 0.0231524 -0.011795 -0.00154656 0.00981333 -0.0146086 -0.0170556 -0.0223464
internal_weight=2331.92 1759.69 1480.34 1044.99 435.35 279.349 259.822 572.233 123.282 83.5451 448.951 399.198 19.5277
internal_count=9181 7535 5528 4760 768 2007 1380 1646 368 266 1278 1186 627
is_linear=0
shrinkage=0.0309105


Tree=123
num_leaves=15
num_cat=0
split_feature=7 22 12 25 22 14 16 0 25 0 12 0 20 27
split_gain=158.251 101.705 96.1405 78.8618 63.3781 62.4325 41.6091 3.63999 4.32738 7.17075 0.996791 0.20064 0.0205092 0.0166398
threshold=0.027678915299475196 -0.012808710336685179 61768.000000000007 0.013805404305458071 -0.0047005878295749417 17.689944267272953 22608.710937500004 62.106649398803718 0.026128799654543403 68.723381042480483 61914.449218750007 45.580682754516609 19.507469177246097 0.038704130798578269
decision_type=2 2 2 2 2 2 2 2 2 2 2 2 2 2
left_child=1 5 4 -4 -3 12 -7 10 -9 -10 13 -12 -1 -2
right_child=7 2 3 -5 -6 6 -8 8 9 -11 11 -13 -14 -15
leaf_value=-0.024394156038068233 -0.023438819461589752 0.006877066521777081 0.015438115837887591 -0.0033437503293980838 -0.021923615124701687 0.0023486020035736652 0.019667324025565865 -0.032518671008344248 -0.016038512828725173 0.036654144594801263 -0.031868917995433198 -0.026414005639074412 -0.026259510836951914 -0.022710375411366449
leaf_weight=19.926536244567842 108.88616447339018 95.713147482406157 319.74205095879734 643.40405243821442 307.49861767290531 187.86211634500023 450.48705343112829 4.8938173177361923 7.0048575684777443 3.8083567101498375 14.764116562902929 13.405236301943658 19.866072590599515 114.19038358265971
leaf_count=91 327 966 306 1204 4064 463 807 32 137 159 138 93 56 338
internal_value=-0.000479462 0.00244295 -0.00241381 0.00289108 -0.0150863 0.012229 0.014571 -0.0228623 -0.00839725 0.00249215 -0.0237654 -0.0292836 -0.0253329 -0.0230673
internal_weight=2311.45 2044.5 1366.36 963.146 403.212 678.142 638.349 266.953 15.707 10.8132 251.246 28.1694 39.7926 223.077
internal_count=9181 7957 6540 1510 5030 1417 1270 1224 328 296 896 231 147 665
is_linear=0
shrinkage=0.0309105


Tree=124
num_leaves=12
num_cat=0
split_feature=7 12 14 10 26 14 13 7 23 26 26
split_gain=76.8199 48.4818 36.5469 49.3518 47.0304 59.34 46.095 40.1678 21.3645 1.80369 0.312927
threshold=0.037105547264218337 53109.400390625007 57.773788452148445 1.0000000180025095e-35 0.020393935032188896 40.495483398437507 15256.553222656252 0.0090985973365604895 -0.01022600522264838 0.047196300700306899 0.047196300700306899
decision_type=2 2 2 2 2 2 2 2 2 2 2
left_child=2 9 4 8 7 -6 -5 -1 -4 -2 -3
right_child=1 10 3 6 5 -7 -8 -9 -10 -11 -12
leaf_value=0.0126792219280522 -0.009752915672303044 0.0274840046040726 -0.0064428287155501082 0.027925248784630423 -0.0019413828963070821 0.017384871901913734 -0.0053034662547148835 -0.009477719336560924 0.021568271540487269 -0.025194129960303114 0.024663490078627431
leaf_weight=85.898949798624926 15.680013577032696 94.738225571811199 30.147211604400354 45.871335762172066 662.65627588403936 196.89627468629828 305.7536890092299 868.34262193283939 189.15417325350859 13.554405223152571 67.877071641385555
leaf_count=773 128 101 131 257 1281 928 1230 2466 1647 165 74
internal_value=0.000901912 0.0197194 -0.000611821 0.00620853 -0.00275882 0.00248531 -0.000967762 -0.00748288 0.0177163 -0.0169223 0.0263085
internal_weight=2576.57 191.85 2384.72 570.926 1813.79 859.553 351.625 954.242 219.301 29.2344 162.615
internal_count=9181 468 8713 3265 5448 2209 1487 3239 1778 293 175
is_linear=0
shrinkage=0.0309105


Tree=125
num_leaves=15
num_cat=0
split_feature=25 0 10 7 18 18 25 25 24 18 2 20 2 18
split_gain=85.0735 70.9783 109.163 71.0013 72.9645 40.7983 39.4595 24.1542 21.064 19.6638 5.15253 10.4882 0.708395 0.101702
threshold=0.013977162539958956 38.60652160644532 0.81174489855766307 0.037105547264218337 66163.148437500015 61014.599609375007 0.015816608443856243 0.0076349484734237203 -0.039253138005733483 59024.048828125007 -0.022078510373830792 65.419517517089858 -0.013537941034883259 64096.000000000007
decision_type=2 2 2 2 2 2 2 2 2 2 2 2 2 2
left_child=5 2 6 4 -3 7 -2 -1 -4 -9 13 -12 -5 -7
right_child=1 3 8 12 -6 10 -8 9 -10 -11 11 -13 -14 -15
leaf_value=0.054992433641137331 0.013802122789353487 0.010633967729473146 -0.0014928889119239569 -0.024106907009135398 -0.0090714498577430681 -0.026128542330509267 -0.019117242011442399 0.017328767272007054 0.018423998904354602 -0.026387009133531081 -0.0055656465963854164 -0.025412298336988198 -0.016876867874996704 -0.024334510427269192
leaf_weight=9.0890639174217522 38.302457095996488 1089.8139474201121 81.080475578633923 63.361074385396932 214.93090492300689 62.329401839524508 378.39282316498065 23.754966128340129 135.44450478468707 16.771912172436714 48.436332618817687 53.695577662438154 16.680781780556572 78.896066710352898
leaf_count=179 148 3677 34 88 705 114 1332 2069 218 31 106 94 278 108
internal_value=-0.000525875 0.00173373 -0.00683884 0.00565391 0.00738766 -0.0160911 -0.0160906 0.00945086 0.0109645 -0.000755546 -0.0212998 -0.0160029 -0.0226039 -0.0251284
internal_weight=2310.98 2018.01 633.22 1384.79 1304.74 292.973 416.695 49.6159 216.525 40.5269 243.357 102.132 80.0419 141.225
internal_count=9181 6480 1732 4748 4382 2701 1480 2279 252 2100 422 200 366 222
is_linear=0
shrinkage=0.0309105


Tree=126
num_leaves=14
num_cat=0
split_feature=18 20 14 9 23 20 27 19 15 24 14 15 27
split_gain=168.954 82.7344 125.6 66.5724 65.9297 50.8204 30.6384 16.1567 15.522 6.88049 3.06029 0.981241 0.293499
threshold=60008.699218750007 27.74306678771973 50.718988418579109 -1.0000000180025095e-35 0.034469092264771468 33.588302612304695 0.01451232982799411 11180.825195312502 57483.099609375007 0.006162753328680993 19.587913513183597 44821.449218750007 0.017132058739662174
decision_type=2 2 2 2 2 2 2 2 2 2 2 2 2
left_child=6 3 5 -2 -4 -3 8 9 11 -8 -9 -1 -5
right_child=1 2 4 12 -6 -7 7 10 -10 -11 -12 -13 -14
leaf_value=-0.0038475982929804375 0.012100954887191496 0.021600167294588794 -0.0090832515314294808 -0.027608264766435589 0.026612848147479554 0.0073334491120156057 -0.019733731821070813 -0.014733055997733181 0.029498113066980379 0.02746235448517146 -0.022826968646430041 -0.021996069634151749 -0.024770195525912919
leaf_weight=4.5625654933238611 61.868730828166008 356.37645999342203 529.4296238925308 68.594632368534803 54.525532368570566 721.9490680610761 4.3104104327438781 52.003797363931653 18.420020253397524 9.3269666390160619 324.96114616539285 7.7656800881959498 79.097000623121858
leaf_count=2237 79 272 961 83 92 968 322 259 9 106 3478 196 119
internal_value=-0.000492036 0.00348852 0.00579601 -0.0148137 -0.0057497 0.0120487 -0.0181763 -0.0205152 0.0115256 0.0125232 -0.0217112 -0.0153035 -0.0260903
internal_weight=2293.19 1871.84 1662.28 209.56 583.955 1078.33 421.351 390.602 30.7483 13.6374 376.965 12.3282 147.692
internal_count=9181 2574 2293 281 1053 1240 6607 4165 2442 428 3737 2433 202
is_linear=0
shrinkage=0.0309105


Tree=127
num_leaves=14
num_cat=0
split_feature=4 25 0 14 14 12 18 11 25 12 9 18 22
split_gain=54.0586 51.6278 89.1863 73.4433 53.0646 40.6352 37.6017 30.9026 29.1858 27.5338 13.9629 10.3665 2.84261
threshold=-0.016090621240437027 0.020195818506181244 67.278373718261733 40.495483398437507 57.773788452148445 68039.601562500015 57056.250000000007 -0.022462623193860051 0.024696114473044876 60379.250000000007 -1.0000000180025095e-35 64684.500000000007 -0.0090704848989844305
decision_type=2 2 2 2 2 2 2 2 2 2 2 2 2
left_child=6 4 3 -3 9 -6 7 -1 -4 -2 -8 -12 -9
right_child=1 2 8 -5 5 -7 10 12 -10 -11 11 -13 -14
leaf_value=-0.013531926004824118 -0.017921846184724654 0.0042453846878416955 0.012932630729274747 0.02230048008858047 0.01502268966071724 -0.0094262027470557175 -0.020027151270627687 0.042842620004380452 -0.022114143239080557 -0.0032903277487173481 -0.012766533361682934 0.00037226711939288796 0.020467655234166493
leaf_weight=19.228191002958738 154.1664405692095 538.600591553821 28.456960128037736 358.62680251878373 244.80578624062446 88.39413152821362 140.61475973576307 21.310032710219733 112.1085786090382 606.04819567501545 151.53608739934862 92.269504234194756 7.3571569352075121
leaf_count=33 2323 1220 177 1693 1956 174 97 168 335 670 89 130 116
internal_value=0.000915555 0.00293732 0.00787561 0.0114624 -0.00174949 0.00853579 -0.00905054 0.0167734 -0.0150169 -0.00625789 -0.0122687 -0.00779287 0.0371106
internal_weight=2563.52 2131.21 1037.79 897.227 1093.41 333.2 432.316 47.8954 140.566 760.215 384.42 243.806 28.6672
internal_count=9181 8548 3425 2913 5123 2130 633 317 512 2993 316 219 284
is_linear=0
shrinkage=0.0309105


Tree=128
num_leaves=14
num_cat=0
split_feature=12 2 14 23 7 25 15 14 3 7 19 12 4
split_gain=92.5566 91.6568 74.1567 87.1658 44.3056 22.4201 21.5493 17.1532 24.1324 23.0951 21.7996 6.41256 1.85236
threshold=64293.400390625007 0.066543299704790129 57.773788452148445 -0.0053989442531019441 0.024068945087492469 0.018840875476598743 51678.099609375007 44.319076538085945 -0.016524287872016426 0.011011743918061258 8817.2221679687518 43789.650390625007 -0.0052745137363672248
decision_type=2 2 2 2 2 2 2 2 2 2 2 2 2
left_child=1 2 3 -1 5 -3 -4 8 -2 -9 -11 -6 -10
right_child=7 4 6 -5 11 -7 -8 9 12 10 -12 -13 -14
leaf_value=-0.0062668373169814219 0.0098402083562677788 0.0014919538621587826 0.012355698451122643 0.0096095508811099867 0.019326690343667401 0.026741879104340102 -0.026793951701444611 0.021419529594059496 -0.017311603146087498 0.018377385816247097 -0.011755594046031189 -0.032860258986313257 -0.024401183846546128
leaf_weight=626.22174020144621 25.100858492776752 39.83983848684602 15.182978501170053 699.44845367913194 2.5933158864786519 215.36264159188022 115.94069826602936 24.824348175898194 48.508526587858796 24.794609831646085 305.43157870601863 16.662244902458042 132.07052978780121
leaf_count=1866 69 770 1536 1966 484 648 160 47 145 70 893 105 422
internal_value=-0.000531599 0.00300336 -8.35129e-05 0.00210962 0.0193892 0.0228013 -0.0222585 -0.0114463 -0.0185504 -0.00733009 -0.0094922 -0.0258164 -0.0224984
internal_weight=2291.98 1731.25 1456.79 1325.67 274.458 255.202 131.124 560.73 205.68 355.051 330.226 19.2556 180.579
internal_count=9181 7535 5528 3832 2007 1418 1696 1646 636 1010 963 589 567
is_linear=0
shrinkage=0.0309105


Tree=129
num_leaves=16
num_cat=0
split_feature=15 24 15 20 15 27 13 19 15 16 14 7 22 7 0
split_gain=150.044 101.234 99.1721 62.6677 81.1663 60.3671 28.7668 12.3595 3.84901 2.43552 2.04005 0.346171 0.0238769 0.0208787 0.00524368
threshold=57483.099609375007 -0.0052997898310422889 61822.550781250007 27.74306678771973 63145.849609375007 0.011446994263678791 31476.103515625004 16455.142578125004 46038.800781250007 14721.838867187502 38.125413894653327 0.0074885576032102117 0.0015253028250299396 0.018954215571284298 51.699010848999031
decision_type=2 2 2 2 2 2 2 2 2 2 2 2 2 2 2
left_child=8 3 7 6 -5 -4 -2 -3 9 10 -1 -11 13 -10 -14
right_child=1 2 5 4 -6 -7 -8 -9 12 11 -12 -13 14 -15 -16
leaf_value=0.040530884005763872 0.0079565824369828148 -0.0073106821995789269 0.022071179274831081 0.023853134023563771 0.0037620757243051095 -0.0017966810328468317 -0.021381650494920277 -0.02270896548670431 -0.024249903346916096 0.0076646413631937674 -0.005367950931901554 -0.015652934726873215 -0.022744881320467408 -0.023065655503472435 -0.021661392706507916
leaf_weight=1.6735694281826448 53.567584782838821 63.847197810187936 118.56125047802925 372.17436879687011 397.21740316413343 693.25258982181549 79.024524260312319 227.45000256411731 31.022320688702166 0.63356183636005781 2.047841971297089 9.2391074700325344 98.771400436060503 107.77994751848746 18.624607125297189
leaf_count=404 85 57 105 206 611 1293 132 239 169 291 1110 3878 147 128 326
internal_value=-0.000494247 0.00241756 -0.0038627 0.0100985 0.013481 0.00168873 -0.00952669 -0.019335 -0.0221359 -0.00607824 0.0151937 -0.0141265 -0.0229868 -0.0233325 -0.0225755
internal_weight=2274.89 2005.09 1103.11 901.984 769.392 811.814 132.592 291.297 269.792 13.5941 3.72141 9.87267 256.198 138.802 117.396
internal_count=9181 2728 1694 1034 817 1398 217 296 6453 5683 1514 4169 770 297 473
is_linear=0
shrinkage=0.0309105


Tree=130
num_leaves=15
num_cat=0
split_feature=27 14 4 2 27 27 16 5 12 2 27 19 0 2
split_gain=62.4671 49.6198 48.4633 43.6864 37.2379 35.7665 32.8553 40.1423 28.1145 19.1272 12.0009 25.6052 9.57341 7.07539
threshold=0.028696795925498012 40.495483398437507 -0.016090621240437027 -0.082454960793256746 0.038152080029249198 0.043246464803814895 48351.359375000007 -0.01733186841011047 67479.000000000015 0.1713652312755585 0.023687948472797874 25431.325195312504 77.410785675048842 -0.17143913358449933
decision_type=2 2 2 2 2 2 2 2 2 2 2 2 2 2
left_child=2 3 10 4 -2 -5 7 -4 -8 13 11 -1 -11 -3
right_child=1 9 6 5 -6 -7 8 -9 -10 12 -12 -13 -14 -15
leaf_value=-0.018380530117830248 0.0042914667063729591 0.011190039132797066 -0.01788364941808256 0.01549814013812151 0.031075755188736252 -0.018484643777813812 0.020169380336240671 0.00068329582105521698 -0.013911129517865193 -0.020185418570803887 -0.020312696707354416 0.0023024048504291152 0.039074791905954191 0.031120354249519838
leaf_weight=114.58651459950556 161.02035012223132 19.808259665924197 120.92178081845418 41.065925179975238 71.691177059712572 105.84984344611075 128.8729641786706 1392.0522195495714 28.175237886607647 12.324486263546531 114.73636903297893 114.12794864771377 3.3005757606288162 123.03061645176217
leaf_count=184 236 66 213 235 224 111 1063 5673 61 384 81 214 47 389
internal_value=0.000921756 0.0102775 -0.00157837 0.00421207 0.0125441 -0.00898375 0.000596221 -0.000800439 0.0140533 0.0248063 -0.0121531 -0.0080585 -0.00764855 0.0283586
internal_weight=2551.56 538.091 2013.47 379.627 232.712 146.916 1670.02 1512.97 157.048 158.464 343.451 228.714 15.6251 142.839
internal_count=9181 1692 7489 806 460 346 7010 5886 1124 886 479 398 431 455
is_linear=0
shrinkage=0.0309105


Tree=131
num_leaves=15
num_cat=0
split_feature=27 9 17 23 18 25 18 11 27 17 2 2 2 2
split_gain=84.1605 68.0903 130.721 64.3075 53.0681 29.5447 30.4203 27.9003 19.7846 8.19514 6.16744 2.52261 1.03906 0.0520542
threshold=0.014159791171550752 -0.60785761475563038 45.283180236816413 0.026073037646710876 64847.898437500007 0.0076349484734237203 57056.250000000007 -0.0053913479205220929 0.015960011631250385 57.578447341918952 0.24449675530195239 0.037912171334028251 -0.0038020402425900097 -0.057750618085265153
decision_type=2 2 2 2 2 2 2 2 2 2 2 2 2 2
left_child=5 2 12 4 -3 7 11 -1 -4 -8 -5 -7 -2 -9
right_child=1 3 8 10 -6 6 9 13 -10 -11 -12 -13 -14 -15
leaf_value=0.068615947594613022 -0.024979616995339064 0.0088522126989075446 0.034852732440985364 -0.025950085089664197 -0.0070564434986075553 0 -0.024965321722968864 -0.026004400939672913 0.006416233488788059 -0.014182963774142562 -0.003449677258214167 0.022414697933752246 -0.017760356271536205 -0.019236397712873977
leaf_weight=7.5573392146288825 215.17859012486406 1232.5242333995152 27.839832340315297 66.842852465182204 239.21107646636665 6.6441438297783888 157.03107122890651 2.8265471337563213 146.14058600921317 118.2494554258883 14.131575053212144 17.08945378159251 21.232539913333312 2.6964754746791169
leaf_count=11 647 3243 129 327 781 1562 282 59 907 188 168 556 206 115
internal_value=-0.000539412 0.00183086 -0.00936645 0.00479057 0.00626627 -0.0154496 -0.0174393 0.0300135 0.0109683 -0.0203347 -0.022027 0.0161311 -0.0243325 -0.0227538
internal_weight=2275.2 1963.1 410.392 1552.71 1471.74 312.094 299.014 13.0804 173.98 275.281 80.9744 23.7336 236.411 5.52302
internal_count=9181 6408 1889 4519 4024 2773 2588 185 1036 470 495 2118 853 174
is_linear=0
shrinkage=0.0309105


Tree=132
num_leaves=15
num_cat=0
split_feature=18 20 14 12 9 12 7 5 22 18 2 17 18 7
split_gain=156.311 75.7738 115.515 75.9406 64.6047 49.9271 22.6795 36.4133 18.883 9.73211 0.556963 0.0269221 0.0339657 0.00546278
threshold=60008.699218750007 27.74306678771973 50.718988418579109 69483.898437500015 -1.0000000180025095e-35 61914.449218750007 0.020352429710328582 -0.018506580963730809 0.020956588909029964 58261.050781250007 -0.11339741945266722 60.680803298950202 59024.048828125007 0.039886849001050002
decision_type=2 2 2 2 2 2 2 2 2 2 2 2 2 2
left_child=6 4 5 -4 -2 -3 7 9 -9 -1 -6 13 -13 -8
right_child=1 2 3 -5 10 -7 11 8 -10 -11 -12 12 -14 -15
leaf_value=0.0065014417248140041 0.01192844068780915 0.020190439846080346 -0.010745704124215272 0.018792287481270459 -0.024388522536038612 0.0063637906828508785 -0.022950257824465158 -0.021369209039554339 0.023367201939763972 0.041752076929927037 -0.028456035873988258 -0.019190626149181302 -0.022434524572984081 -0.02208145703067816
leaf_weight=16.38094344719525 61.903186665847898 398.16402461007237 479.03959012404084 100.62612922117114 90.883589062839746 668.66925006732345 234.48869859297361 82.213503632749394 10.118991999282114 13.813257694244387 52.040777875110507 6.37302860572811 13.114275336265564 27.822940224747981
leaf_count=170 79 209 815 238 86 1031 843 4564 391 6 116 330 11 292
internal_value=-0.00051907 0.00328347 0.00548925 -0.00561759 -0.0144462 0.0115245 -0.0179309 -0.00682515 -0.0164632 0.0226377 -0.0258716 -0.0227586 -0.0213889 -0.0228592
internal_weight=2255.65 1851.33 1646.5 579.666 204.828 1066.83 404.326 122.527 92.3325 30.1942 142.924 281.799 19.4873 262.312
internal_count=9181 2574 2293 1053 281 1240 6607 5131 4955 176 202 1476 341 1135
is_linear=0
shrinkage=0.0309105


Tree=133
num_leaves=13
num_cat=0
split_feature=7 14 4 26 26 6 17 11 1 2 2 27
split_gain=67.5205 43.0184 36.6717 42.455 78.9945 24.3933 21.705 19.4398 5.25944 0.494629 0.732437 0.255675
threshold=0.037105547264218337 20.830767631530765 -0.016090621240437027 0.044101038947701461 0.029559869319200519 0.0077800739090889701 50.596252441406257 -0.011375106405466793 34.923643112182624 0.01231579063460231 0.11448101326823236 0.045602254569530494
decision_type=2 2 2 2 2 2 2 2 2 2 2 2
left_child=2 -2 5 4 -4 7 -7 -1 -5 11 -11 -3
right_child=1 9 3 8 -6 6 -8 -9 -10 10 -12 -13
leaf_value=-0.021115317667385405 -0.016474105440695337 0.027466363951088677 0.00045753074730658363 -0.0076796089625012992 0.023344156342863208 0.025209372782443503 -0.0088282495325444008 -0.0056347997812757622 -0.021117609987657823 0.025048289797183151 0.013390529781361026 0.02460356107199942
leaf_weight=147.25937405882723 27.519294476222058 74.399629243162053 1695.9568544161059 42.986266584572149 157.47664257146425 33.471571966236297 38.460221253802047 163.76804979138501 79.350015122839977 16.502741434821477 7.6832916799721707 55.252073693935017
leaf_count=133 24 85 7089 134 782 88 58 310 119 20 238 101
internal_value=0.000938599 0.0191135 -0.000458702 0.00123801 0.00240225 -0.00921316 0.00700614 -0.0129652 -0.0163982 0.0254815 0.0213572 0.0262486
internal_weight=2540.09 181.357 2358.73 1975.77 1853.43 382.959 71.9318 311.027 122.336 153.838 24.186 129.652
internal_count=9181 468 8713 8124 7871 589 146 443 253 444 258 186
is_linear=0
shrinkage=0.0309105


Tree=134
num_leaves=15
num_cat=0
split_feature=12 9 14 7 23 7 12 9 3 12 7 18 23 25
split_gain=85.6581 80.7789 111.167 73.0631 53.6322 48.0278 36.3349 22.6669 30.1151 59.455 21.7496 15.1272 8.52285 1.04406
threshold=64293.400390625007 -1.0000000180025095e-35 44.319076538085945 0.011084653437137605 0.026073037646710876 0.027907677926123146 55147.800781250007 1.0000000180025095e-35 -0.0051468356978148213 66883.902343750015 0.011011743918061258 57056.250000000007 0.023126456886529926 0.023414444178342823
decision_type=2 2 2 2 2 2 2 2 2 2 2 2 2 2
left_child=1 2 6 11 -5 -4 -1 8 9 -2 -10 -3 13 -9
right_child=7 3 5 4 -6 -7 -8 12 10 -11 -12 -13 -14 -15
leaf_value=0.014380602308048414 0.03721418087559164 0.014397557164414992 0.017517828148151917 0.010611390654476778 -0.027253693635917398 -0.022815760179804995 -0.021859747905937615 -0.023696646667370164 0.013739800754483127 -0.016899579632966476 -0.014136377501394244 -0.02733471475931662 -0.00088435088893062963 -0.017692490546487458
leaf_weight=29.062669212245055 39.135070389136672 9.4835557172123099 167.67419568056857 1072.3639471219594 36.968564251307725 33.907508214188056 291.1489147413522 126.74621595814824 29.781736601144075 38.459439279511571 261.19441271014512 65.964448988437653 19.816418463364244 36.004626424983144
leaf_count=918 69 1137 1697 2747 349 244 335 388 60 114 734 108 92 189
internal_value=-0.000537262 0.00288416 -0.00724912 0.00734724 0.00934927 0.010732 -0.0185696 -0.0111321 -0.00671898 0.0103891 -0.0112822 -0.0220852 -0.0200397 -0.0223702
internal_weight=2257.71 1706.57 521.793 1184.78 1109.33 201.582 320.212 551.138 368.571 77.5945 290.976 75.448 182.567 162.751
internal_count=9181 7535 3194 4341 3096 1941 1253 1646 977 183 794 1245 669 577
is_linear=0
shrinkage=0.0309105


Tree=135
num_leaves=16
num_cat=0
split_feature=18 1 19 13 3 4 13 27 9 19 2 7 5 5 24
split_gain=150.094 71.498 43.0601 49.2971 42.5804 36.9948 29.4071 28.5318 19.9995 15.8477 14.8346 6.6706 3.80824 1.4861 0.20521
threshold=60008.699218750007 30.133814811706547 14379.986816406252 31167.264648437504 0.0012809358304366472 0.007579559227451683 25277.964843750004 0.01451232982799411 -0.60785761475563038 11790.767578125002 -0.038443274796009057 0.020500950515270237 -0.021800366230309006 -0.011444760486483572 -0.005013823974877595
decision_type=2 2 2 2 2 2 2 2 2 2 2 2 2 2 2
left_child=7 4 6 -4 5 -2 -3 10 -6 11 13 -9 -11 -1 -12
right_child=1 2 3 -5 8 -7 -8 9 -10 12 14 -13 -14 -15 -16
leaf_value=0.030195282951089548 -0.00095897674578197497 0.00014933891774714133 0.00021349812455802406 -0.015484547900437396 0.025620282842789194 0.025730142738973158 0.019004715157998977 0.024339884472028565 0.0091267956236366129 -0.013336899697419859 -0.0061333552731912891 -0.02479140507521066 -0.022734402946064648 0.0025466140106251535 -0.02063447140067624
leaf_weight=17.320962246251842 274.27227824181318 180.7271157130599 594.47505817282945 281.68687784392387 199.08057125657797 60.579781085252762 140.49056801572442 10.528189650796774 108.64444772899151 47.855688245278316 1.1086173703463398 3.5189035860050799 303.92176840177024 2.1070442305633632 8.9243894228317178
leaf_count=77 352 282 951 589 88 59 138 345 115 189 251 167 3464 936 1178
internal_value=-0.00053261 0.00317984 -0.00128365 -0.0048331 0.0114976 0.0038686 0.00839701 -0.0178139 0.0197981 -0.0201709 0.0114433 0.012011 -0.0214568 0.0272119 -0.0190617
internal_weight=2235.24 1839.96 1197.38 876.162 642.577 334.852 321.218 395.286 307.725 365.825 29.461 14.0471 351.777 19.428 10.033
internal_count=9181 2574 1960 1540 614 411 420 6607 203 4165 2442 512 3653 1013 1429
is_linear=0
shrinkage=0.0309105


Tree=136
num_leaves=10
num_cat=0
split_feature=7 1 3 12 7 1 2 2 7
split_gain=65.0245 46.0771 33.4211 36.1802 50.1034 37.2597 0.649998 0.920282 0.290617
threshold=0.037105547264218337 17.385183334350589 -0.044528985396027558 64225.500000000007 0.011917205061763527 9.8581128120422381 0.01231579063460231 0.11448101326823236 0.039886849001050002
decision_type=2 2 2 2 2 2 2 2 2
left_child=2 -2 -1 5 -5 -4 8 -8 -3
right_child=1 6 3 4 -6 -7 7 -9 -10
leaf_value=0.031778267875396629 -0.019696421013068031 0.027953657696178139 0.033374965441301967 -0.0097108412528933551 0.007756593902964638 -0.0046391110611290398 0.024868323313641819 0.011823085741068036 0.02491292982507937
leaf_weight=30.424753533996409 25.25534711067121 56.38887020200491 25.083360664478732 200.79337262548506 717.57804634235799 1374.9735800369158 16.043296596208169 7.7787658192355584 72.478858978871358
leaf_count=38 6 52 70 199 1440 6966 20 256 134
internal_value=0.000956848 0.0189723 -0.000407846 -0.000830353 0.00393718 -0.00395784 0.0253702 0.020621 0.0262458
internal_weight=2526.8 177.945 2348.85 2318.43 918.371 1400.06 152.69 23.8221 128.868
internal_count=9181 468 8713 8675 1639 7036 462 276 186
is_linear=0
shrinkage=0.0309105


Tree=137
num_leaves=15
num_cat=0
split_feature=27 9 17 22 18 25 18 11 27 17 27 2 2 2
split_gain=79.3293 61.6977 123.605 59.4946 49.7825 28.4132 28.721 25.5109 18.8533 8.1892 6.01971 2.46198 1.0388 0.0502806
threshold=0.014159791171550752 -0.60785761475563038 45.283180236816413 0.027092114090919498 64847.898437500007 0.0076349484734237203 57056.250000000007 -0.0053913479205220929 0.015960011631250385 57.578447341918952 0.03510714881122113 0.037912171334028251 -0.0038020402425900097 -0.057750618085265153
decision_type=2 2 2 2 2 2 2 2 2 2 2 2 2 2
left_child=5 2 12 4 -3 7 11 -1 -4 -8 -5 -7 -2 -9
right_child=1 3 8 10 -6 6 9 13 -10 -11 -12 -13 -14 -15
leaf_value=0.064962956634831925 -0.024794795237565354 0.0084656438628193387 0.033977589683479845 -0.028888916118442402 -0.0068843215844037351 -0.0004534814965321909 -0.024817760096474448 -0.025747139104653625 0.0061462064557453681 -0.013906233877701795 -0.0093188911752091121 0.021722951408588334 -0.017459988197472496 -0.01899382472108118
leaf_weight=7.7894173560507625 205.20586474663151 1219.952525127725 27.712133109529077 49.792433899272964 241.87790568079799 6.6254431482684621 151.85531347617507 2.7535809761375276 144.93059957084188 116.16774768941104 21.576319463230902 16.96254222990683 20.592667052954312 2.6314324745940194
leaf_count=11 647 3272 129 326 803 1562 282 59 907 188 118 556 206 115
internal_value=-0.000548622 0.00176373 -0.00907266 0.00458004 0.0059256 -0.0152046 -0.0172112 0.0291893 0.0106153 -0.0200895 -0.0229766 0.0154814 -0.0241272 -0.0225021
internal_weight=2236.43 1931.64 398.441 1533.2 1461.83 304.785 291.611 13.1744 172.643 268.023 71.3688 23.588 225.799 5.38501
internal_count=9181 6408 1889 4519 4075 2773 2588 185 1036 470 444 2118 853 174
is_linear=0
shrinkage=0.0309105


Tree=138
num_leaves=15
num_cat=0
split_feature=18 17 14 23 2 27 14 2 7 23 9 25 18 17
split_gain=144.585 68.1549 99.4736 61.131 42.7477 27.862 24.2192 14.2887 7.34182 19.6405 0.822271 0.447924 0.180509 0.02724
threshold=60008.699218750007 26.287053108215336 50.718988418579109 0.034469092264771468 0.127009391784668 0.01451232982799411 28.942234992980961 -0.038443274796009057 0.020352429710328582 0.021995764225721363 -1.0000000180025095e-35 0.017923838458955291 48375.599609375007 60.680803298950202
decision_type=2 2 2 2 2 2 2 2 2 2 2 2 2 2
left_child=5 6 4 -4 -3 7 11 10 9 -7 -1 -2 -9 -10
right_child=1 2 3 -5 -6 8 -8 12 13 -11 -12 -13 -14 -15
leaf_value=0.0035218469739042419 -0.026982769703091176 0.011857335108479802 -0.0087853584611971638 0.025512422478086098 -0.014214770402673719 -0.017002819529495512 0.0014162172509832019 -0.01444176433628469 -0.022735102977692007 0.033079871883353235 0.028677945893403726 -0.022889765633564763 -0.023091730665011408 -0.021217156391162055
leaf_weight=1.3633744138287536 49.412107586860657 1037.4624605961144 520.34205565974116 54.886929655447602 63.769596984609962 81.813683105838436 49.283740688115358 4.792869558878122 249.60139539686668 8.2309593556539067 17.86115740181322 56.798361461609602 5.031882980838418 18.380184101121017
leaf_count=385 69 1171 961 92 137 2466 67 1300 1128 231 628 77 129 340
internal_value=-0.000537198 0.00308949 0.00490538 -0.00551223 0.0103473 -0.0177024 -0.0164867 0.0114052 -0.0200649 -0.0124215 0.0269093 -0.0247967 -0.0189021 -0.0226321
internal_weight=2219.03 1831.96 1676.46 575.229 1101.23 387.076 155.494 29.0493 358.026 90.0446 19.2245 106.21 9.82475 267.982
internal_count=9181 2574 2361 1053 1308 6607 213 2442 4165 2697 1013 146 1429 1468
is_linear=0
shrinkage=0.0309105


Tree=139
num_leaves=10
num_cat=0
split_feature=7 1 3 14 25 1 2 2 7
split_gain=62.9491 44.661 31.6489 34.3614 63.2317 35.1217 0.657171 1.29257 0.272342
threshold=0.037105547264218337 17.385183334350589 -0.044528985396027558 57.773788452148445 0.024696114473044876 9.8581128120422381 0.01231579063460231 0.12463224306702615 0.039886849001050002
decision_type=2 2 2 2 2 2 2 2 2
left_child=2 -2 -1 5 -5 -4 8 -8 -3
right_child=1 6 3 4 -6 -7 7 -9 -10
leaf_value=0.030795907900529666 -0.019509611857755186 0.027769790169957974 0.032738377311081687 0.011681584198889965 -0.012416717873970782 -0.0034639777122132736 0.024617460281434363 0.0077933856045592055 0.02479692941710674
leaf_weight=30.737087025336677 24.858396456618721 55.588798299431801 25.990143454807139 429.02834366242109 137.32566090024375 1719.0821527388071 17.521886394659308 5.8859526032865679 71.082575160775377
leaf_count=38 6 52 73 2692 573 5337 22 254 134
internal_value=0.000972799 0.018859 -0.000363007 -0.000777483 0.00583787 -0.00292463 0.0252162 0.0203997 0.0261039
internal_weight=2517.1 174.938 2342.16 2311.43 566.354 1745.07 150.079 23.4078 126.671
internal_count=9181 468 8713 8675 3265 5410 462 276 186
is_linear=0
shrinkage=0.0309105


Tree=140
num_leaves=16
num_cat=0
split_feature=27 9 14 15 24 18 6 26 27 15 0 15 1 24 22
split_gain=76.7779 58.6046 115.782 72.2165 60.5016 25.4167 24.9498 24.3842 18.304 15.7553 11.6339 10.3122 13.2243 0.914102 0.773204
threshold=0.014159791171550752 -0.60785761475563038 43.820566177368171 64814.349609375007 0.025825884193181995 61014.599609375007 0.0028524703811854128 0.015341951046139004 0.015960011631250385 53762.250000000007 38.758050918579109 66680.902343750015 51.829948425292976 0.00094596046255901467 -0.007904153782874344
decision_type=2 2 2 2 2 2 2 2 2 2 2 2 2 2 2
left_child=5 2 13 4 -3 6 9 -5 -4 -1 -8 14 -13 -2 -7
right_child=1 3 8 7 -6 11 10 -9 -10 -11 -12 12 -14 -15 -16
leaf_value=0.014651329918850091 -0.023350377291589775 0.0085826082100449418 0.032073918249049496 0.015874294947927886 -0.026763909519065397 -0.020232168484190724 0.059854095991846969 -0.015295355641452081 0.0050794433718340214 -0.02565529111307039 0.010081451243615475 -0.024123777887216088 0.001958949338951571 -0.028640335432554294 -0.024966505808494587
leaf_weight=14.915994178845038 174.77108220938226 1249.420870955013 28.559494225087747 27.218151109293103 48.044159451904761 46.262614535167813 8.492840340902605 201.09277407731861 150.62583973376854 24.434779331088066 9.5491640874611203 34.007544048130512 40.880523454397917 38.762183996837848 122.57355202548206
leaf_count=1617 593 3219 136 66 412 68 82 822 947 44 598 94 85 213 185
internal_value=-0.00056599 0.00171145 -0.008937 0.00445244 0.00727352 -0.0150771 0.00342474 -0.0115782 0.00938362 -0.0103694 0.0335272 -0.0194352 -0.00988156 -0.024312 -0.023671
internal_weight=2219.61 1918.49 392.719 1525.78 1297.47 301.117 57.3928 228.311 179.185 39.3508 18.042 243.724 74.8881 213.533 168.836
internal_count=9181 6408 1889 4519 3631 2773 2341 888 1083 1661 680 432 179 806 253
is_linear=0
shrinkage=0.0309105


Tree=141
num_leaves=15
num_cat=0
split_feature=18 20 20 27 12 27 19 17 23 11 5 27 13 15
split_gain=139.132 70.3237 103.247 65.6543 43.8208 27.2652 14.9416 13.6363 6.84757 6.0282 4.00529 2.40928 0.704413 0.424686
threshold=60008.699218750007 27.74306678771973 33.588302612304695 0.014311790000647308 63393.349609375007 0.01451232982799411 11790.767578125002 32.281652450561531 -0.011482877656817434 0.020468623377382759 -0.021800366230309006 0.018350046128034595 31797.462890625004 44821.449218750007
decision_type=2 2 2 2 2 2 2 2 2 2 2 2 2 2
left_child=5 4 8 -4 11 7 9 12 -3 -7 -8 -2 -1 -9
right_child=1 2 3 -5 -6 6 10 13 -10 -11 -12 -13 -14 -15
leaf_value=0.033528442170154861 -0.026871182383906969 0.022884512121995635 0.010713972800013296 -0.0040183723481149267 0.009531356143333938 -0.016628454522095 -0.012761566836254753 -0.0077700615601229593 0.013287177166616789 0.025991605494449382 -0.022605458479391233 -0.018899501672651323 0.021243159431425893 -0.021278611214166191
leaf_weight=9.2460116580937246 76.684217140078545 245.77541886083782 441.56957229413092 836.5918347183615 53.850198809057474 4.8317923492072614 45.883330111842042 3.3822295985943338 100.16005625762045 9.1928409281340446 290.3767359149191 69.434095261618495 9.0256118650831922 6.9820918685290962
leaf_count=196 79 146 404 1604 135 453 189 1936 139 59 3464 67 113 197
internal_value=-0.000544371 0.00299601 0.00512581 0.00107102 -0.0143003 -0.017588 -0.019959 0.0114049 0.0201066 0.0112869 -0.0212631 -0.0230851 0.0274761 -0.0168989
internal_weight=2202.99 1824.07 1624.1 1278.16 199.969 378.921 350.285 28.6359 345.935 14.0246 336.26 146.118 18.2716 10.3643
internal_count=9181 2574 2293 2008 281 6607 4165 2442 285 512 3653 146 309 2133
is_linear=0
shrinkage=0.0309105


Tree=142
num_leaves=11
num_cat=0
split_feature=7 4 4 27 27 7 12 27 0 2
split_gain=60.7732 52.4124 33.9349 35.5361 71.8076 24.0586 17.8765 11.5453 0.515748 0.181391
threshold=0.037105547264218337 -0.0316067487001419 -0.016090621240437027 0.037394085898995406 0.02979876380413771 0.027678915299475196 56704.050781250007 0.016562326811254028 43.331304550170906 0.037912171334028251
decision_type=2 2 2 2 2 2 2 2 2 2
left_child=2 -2 5 4 -4 7 -5 -1 -3 -10
right_child=1 8 3 6 -6 -7 -8 -9 9 -11
leaf_value=-0.0023682291740620659 -0.02404122053387717 0.027448115214615803 0.0006667827407619934 -0.021575376068134408 0.023945168997208399 0.010665640514418409 0.0049064032865196042 -0.01552935571461478 0.024578791845085563 0.020794702289412874
leaf_weight=87.318638793882201 23.598002041455402 72.298823466862814 1698.4119553522289 92.443680043306813 136.8146629404846 52.060171575442837 33.045245410874486 235.84603535866586 59.01110407989654 16.81553117142721
leaf_count=205 12 135 7096 262 578 85 188 299 61 260
internal_value=0.000988931 0.0187367 -0.000315647 0.00131403 0.00240233 -0.00883223 -0.0145995 -0.0119742 0.0255537 0.0237435
internal_weight=2507.66 171.723 2335.94 1960.72 1835.23 375.225 125.489 323.165 148.125 75.8266
internal_count=9181 468 8713 8124 7674 589 450 504 456 321
is_linear=0
shrinkage=0.0309105


Tree=143
num_leaves=15
num_cat=0
split_feature=12 2 9 14 7 1 25 9 12 7 6 23 12 2
split_gain=75.7639 82.6674 110.883 72.7396 39.4037 33.5374 22.8397 22.2115 28.4418 40.5201 15.8502 8.7208 6.01116 1.82255
threshold=64293.400390625007 0.066543299704790129 -1.0000000180025095e-35 57.773788452148445 0.024068945087492469 40.905265808105476 0.018840875476598743 1.0000000180025095e-35 66311.148437500015 0.013143834192305805 -0.004644308239221572 0.023126456886529926 43789.650390625007 0.13343607634305957
decision_type=2 2 2 2 2 2 2 2 2 2 2 2 2 2
left_child=1 2 5 -4 6 -1 -3 8 9 -2 -10 13 -6 -9
right_child=7 4 3 -5 12 -7 -8 11 10 -11 -12 -13 -14 -15
leaf_value=-0.020301735679866019 0.033998432205433866 0.00014460803824108384 0.0075097303322406465 -0.02337530280235392 0.018620051277884301 -0.00064126728862611059 0.02584501094561046 -0.023459673889818851 0.0069889593671019845 -0.0059096263274025776 -0.015348732124361025 -9.7635432030183719e-05 -0.032163959312400958 -0.013758155378658449
leaf_weight=271.59992580286234 35.329184431582689 39.321936367357921 930.04561169085696 79.048900318243795 2.5822380010872648 119.36513088946822 207.5297698660645 134.69264827854931 35.38955018017441 77.902862027287483 212.45720900315791 19.334563933312893 15.887622486567123 21.635301881469786
leaf_count=1058 29 770 2166 1017 484 1287 648 468 138 226 584 92 105 109
internal_value=-0.000581424 0.00267337 -0.000324409 0.00509001 0.0184933 -0.0143 0.0217523 -0.0106808 -0.0062938 0.00653935 -0.012158 -0.0196968 -0.0250479 -0.0221189
internal_weight=2202.12 1665.38 1400.06 1009.09 265.322 390.965 246.852 536.741 361.079 113.232 247.847 175.663 18.4699 156.328
internal_count=9181 7535 5528 3183 2007 2345 1418 1646 977 255 722 669 589 577
is_linear=0
shrinkage=0.0309105


Tree=144
num_leaves=14
num_cat=0
split_feature=18 20 14 12 9 12 27 2 12 18 12 2 18
split_gain=134.014 67.5199 99.6964 71.0526 60.5338 46.7823 26.6059 13.3992 8.00786 2.63344 1.74964 0.54956 0.183892
threshold=60008.699218750007 27.74306678771973 50.718988418579109 69483.898437500015 -1.0000000180025095e-35 61914.449218750007 0.01451232982799411 -0.038443274796009057 58167.851562500007 45519.949218750007 56970.699218750007 -0.11339741945266722 48375.599609375007
decision_type=2 2 2 2 2 2 2 2 2 2 2 2 2
left_child=6 4 5 -4 -2 -3 7 10 9 -8 -1 -6 -9
right_child=1 2 3 -5 11 -7 8 12 -10 -11 -12 -13 -14
leaf_value=0.0010628355200703933 0.011247142496197668 0.019315029241716124 -0.010410815673323729 0.018223855466048433 -0.024115611079882072 0.0057235860982698221 -0.0047038895205558156 -0.014107442710545872 -0.010834127193596645 -0.022864253913334714 0.02985525246649047 -0.028236692365306834 -0.022974809181056419
leaf_weight=2.3202568271340231 61.738409386947751 380.6573520898819 471.29753755498677 100.4350376855582 85.348870143294334 664.40072031226009 7.9016531592911852 4.669062191985061 73.894522177055478 261.02617419976741 16.57625937461853 50.718014944344759 4.8339606281369925
leaf_count=1006 79 209 815 238 86 1031 3415 1300 118 632 7 116 129
internal_value=-0.000550308 0.00291135 0.00499705 -0.00538011 -0.014135 0.0106745 -0.0174723 0.0112724 -0.0198543 -0.0223318 0.0263356 -0.0256539 -0.0186493
internal_weight=2185.82 1814.6 1616.79 571.733 197.805 1045.06 371.222 28.3995 342.822 268.928 18.8965 136.067 9.50302
internal_count=9181 2574 2293 1053 281 1240 6607 2442 4165 4047 1013 202 1429
is_linear=0
shrinkage=0.0309105


Tree=145
num_leaves=10
num_cat=0
split_feature=7 1 1 12 7 11 2 2 7
split_gain=58.7581 41.915 29.0622 31.1634 46.5629 29.3522 0.673398 1.31653 0.242323
threshold=0.037105547264218337 17.385183334350589 9.8581128120422381 64225.500000000007 0.011917205061763527 -0.020984516479074952 0.01231579063460231 0.12463224306702615 0.039886849001050002
decision_type=2 2 2 2 2 2 2 2 2
left_child=2 -2 -1 5 -5 -4 8 -8 -3
right_child=1 6 3 4 -6 -7 7 -9 -10
leaf_value=0.032203853965444354 -0.019175354696662986 0.027420326802265811 -0.012420468734010023 -0.0094343433224846028 0.0074608280063232987 -0.0012799123932952957 0.024347776381802116 0.0071419147259776565 0.024556973480987607
leaf_weight=26.029402079841475 24.02256315060913 53.950519345700741 284.28205168934096 199.19502804987133 716.20797088928521 1101.9067918340172 16.661891339520484 5.7756273308368682 68.123504477760434
leaf_count=77 6 52 539 199 1438 6460 22 254 134
internal_value=0.00100156 0.0186261 -0.000274436 -0.000641872 0.00378405 -0.00356485 0.024912 0.019932 0.0258249
internal_weight=2496.16 168.534 2327.62 2301.59 915.403 1386.19 144.512 22.4375 122.074
internal_count=9181 468 8713 8636 1637 6999 462 276 186
is_linear=0
shrinkage=0.0309105


Tree=146
num_leaves=13
num_cat=0
split_feature=12 2 18 17 5 26 25 6 5 5 4 18
split_gain=72.3896 79.8423 62.2462 65.1187 53.391 31.6073 21.8357 19.6617 18.5809 39.3305 9.52019 5.49849
threshold=64293.400390625007 0.066543299704790129 61662.500000000007 19.587913513183597 -0.018073222599923607 0.027652965858578685 0.018840875476598743 0.033132407814264304 0.002447769278660417 0.0034097061725333337 0.0091461786068975943 45519.949218750007
decision_type=2 2 2 2 2 2 2 2 2 2 2 2
left_child=1 2 4 -4 -1 6 -3 8 10 -10 -2 -7
right_child=7 5 3 -5 -6 11 -8 -9 9 -11 -12 -13
leaf_value=-0.013789419810292617 -0.019169791511301399 3.0541831738234924e-05 0.020030055745239375 -0.018439962386417597 0.0060047530625016261 0.01594855896433503 0.025189161337493889 0.016647314516616111 0.025002757941031566 -0.010832976912318147 -0.0048345112441887444 -0.029054185873177939
leaf_weight=151.6512613044124 250.92167919781059 39.297474474631599 49.884214282035828 267.1889545340091 920.14061632636049 3.1308899416444573 205.1970228314749 24.291383838281035 35.468037208542228 167.1779912635684 53.814933810383081 14.919510637875645
leaf_count=277 798 773 29 515 4707 560 607 45 64 550 189 67
internal_value=-0.000594058 0.00259957 -0.000355283 -0.0123866 0.00320374 0.0182319 0.0211466 -0.0105142 -0.0118152 -0.00455938 -0.0166392 -0.0212319
internal_weight=2183.08 1651.41 1388.87 317.073 1071.79 262.545 244.494 531.674 507.383 202.646 304.737 18.0504
internal_count=9181 7535 5528 544 4984 2007 1380 1646 1601 614 987 627
is_linear=0
shrinkage=0.0309105


Tree=147
num_leaves=14
num_cat=0
split_feature=18 20 20 2 9 26 9 23 7 5 18 2 17
split_gain=129.372 64.9769 96.8641 60.3282 58.6946 21.9406 18.2383 13.5711 8.01415 20.911 0.933676 0.510831 0.0289538
threshold=60008.699218750007 27.74306678771973 33.588302612304695 -0.039545817300677293 -1.0000000180025095e-35 0.015523531474173071 -0.60785761475563038 -0.023521053604781624 0.020352429710328582 -0.021800366230309006 45519.949218750007 -0.11339741945266722 60.680803298950202
decision_type=2 2 2 2 2 2 2 2 2 2 2 2 2
left_child=5 4 6 -4 -2 7 -3 -1 9 -7 -9 -6 -10
right_child=1 2 3 -5 11 8 -8 10 12 -11 -12 -13 -14
leaf_value=0.025056888531602046 0.010957731560387915 0.024414614628716053 0.0082995332866876905 -0.0052206917056850047 -0.024019621002972984 0.037198848818476279 0.0089295914681694431 -0.0052581070933088343 -0.022580364829996823 -0.016335830927940817 -0.021833602076926948 -0.028031669816193681 -0.020964691589404977
leaf_weight=17.818596122555849 61.56194025836885 232.7241405043751 581.53637106530368 688.83153469581157 83.521262720227242 7.6814796536609711 105.77332338504493 5.2585294047720472 232.65970622153191 75.13489645209097 8.7220458884257805 49.963630549609661 16.838623304731641
leaf_count=62 79 98 835 1173 86 86 187 2501 1116 2288 215 116 339
internal_value=-0.000551449 0.0028408 0.00488356 0.000968229 -0.0140076 -0.0173583 0.0195767 0.00716377 -0.0197057 -0.0113667 -0.0156202 -0.0255236 -0.0224725
internal_weight=2168.03 1803.91 1608.87 1270.37 195.047 364.114 338.497 31.7992 332.315 82.8164 13.9806 133.485 249.498
internal_count=9181 2574 2293 2008 281 6607 285 2778 3829 2374 2716 202 1455
is_linear=0
shrinkage=0.0309105


Tree=148
num_leaves=10
num_cat=0
split_feature=7 1 1 14 7 27 0 1 7
split_gain=56.6348 40.7123 27.6961 29.8773 44.3399 30.6318 0.596184 0.989362 0.23173
threshold=0.037105547264218337 17.385183334350589 9.8581128120422381 37.305568695068366 0.0096966591663658636 0.019751182757318023 53.156742095947273 69.724555969238295 0.039886849001050002
decision_type=2 2 2 2 2 2 2 2 2
left_child=2 -2 -1 4 -4 -5 8 -8 -3
right_child=1 6 3 5 -6 -7 7 -9 -10
leaf_value=0.031351078336495482 -0.019029516601260073 0.02720796573816088 0.023062243452243222 -0.0014780815169146088 -0.0065573117030463179 0.0079415517467862125 0.0096014876932764854 0.024244600487825257 0.024377874927845128
leaf_weight=26.224557808092868 23.676939916102128 52.133683515945449 51.129704803008281 824.64487774986287 868.14858382674902 549.69956595319741 6.3277717597002292 15.152834762269775 68.157819346386532
leaf_count=77 6 61 402 4011 1856 2367 177 60 164
internal_value=0.00101141 0.018484 -0.000234592 -0.000595862 -0.00490957 0.00228929 0.0247511 0.0199448 0.0256069
internal_weight=2485.3 165.449 2319.85 2293.62 919.278 1374.34 141.772 21.4806 120.292
internal_count=9181 468 8713 8636 2258 6378 462 237 225
is_linear=0
shrinkage=0.0309105


Tree=149
num_leaves=14
num_cat=0
split_feature=27 9 17 12 24 6 25 18 26 7 15 2 2
split_gain=70.0042 52.6321 112.861 64.6972 55.4391 30.2607 26.6194 26.4618 21.4105 20.2605 11.3745 2.36159 1.07536
threshold=0.014159791171550752 -0.60785761475563038 45.283180236816413 64450.800781250007 0.025825884193181995 0.029378164559602741 0.0076349484734237203 57056.250000000007 0.0080689927563071268 0.011342416517436506 66680.902343750015 0.037912171334028251 -0.0038020402425900097
decision_type=2 2 2 2 2 2 2 2 2 2 2 2 2
left_child=6 2 12 4 -3 -5 8 11 -1 -4 -9 -8 -2
right_child=1 3 9 5 -6 -7 7 10 -10 -11 -12 -13 -14
leaf_value=-0.022236557781036753 -0.024601240222530584 0.0084165054540183883 0.053223008498866568 -0.012805462326816742 -0.026553633095241579 0.027165230155306079 -0.00089680346954547157 -0.023730838656907182 0.058684851062351509 0.007417021725853663 -0.0092322406635000371 0.020882924491979413 -0.016892507389467973
leaf_weight=5.019902877404772 189.92628032405082 1189.8199575862534 9.7972299546727282 241.07304945867509 44.947214657739551 19.561558600515127 6.6019491331071576 182.71766166016459 8.2538566116454604 159.1026324081754 72.209164001047611 16.786002633592489 19.310897966596713
leaf_count=164 647 3186 60 872 412 49 1562 294 21 976 176 556 206
internal_value=-0.000608643 0.00158392 -0.00871861 0.00418928 0.0071433 -0.00980438 -0.0146975 -0.0167378 0.0280595 0.0100758 -0.0196252 0.0147223 -0.0238912
internal_weight=2165.13 1873.54 378.137 1495.4 1234.77 260.635 291.589 278.315 13.2738 168.9 254.927 23.388 209.237
internal_count=9181 6408 1889 4519 3598 921 2773 2588 185 1036 470 2118 853
is_linear=0
shrinkage=0.0309105


Tree=150
num_leaves=15
num_cat=0
split_feature=18 20 20 2 9 7 5 19 9 18 2 17 18 7
split_gain=124.279 62.5106 92.9878 57.6347 56.7826 21.5096 32.1556 20.32 18.0441 9.46204 0.471824 0.0292322 0.0409494 0.00177151
threshold=60008.699218750007 27.74306678771973 33.588302612304695 -0.039545817300677293 -1.0000000180025095e-35 0.020352429710328582 -0.018506580963730809 11180.825195312502 -0.60785761475563038 58261.050781250007 -0.11339741945266722 60.680803298950202 59024.048828125007 0.039886849001050002
decision_type=2 2 2 2 2 2 2 2 2 2 2 2 2 2
left_child=5 4 8 -4 -2 6 9 -8 -3 -1 -6 13 -13 -7
right_child=1 2 3 -5 10 11 7 -9 -10 -11 -12 12 -14 -15
leaf_value=0.0060344557514112303 0.01063086391067573 0.024151237270529712 0.0080912282762882932 -0.0051361885565358511 -0.023933483450584964 -0.022610054075736342 0.023322957438910271 -0.021530874017143979 0.008691515830223184 0.04182597657387549 -0.027827716054739278 -0.018324751062317131 -0.022104589183326365 -0.021740999768957849
leaf_weight=15.578364132417391 61.362688625231385 228.1552714407444 580.76058330386877 687.08688852656633 81.824628122150898 204.83103054655805 11.097711445379671 73.715515909301757 105.58763377554715 12.936678051948547 49.186004538089037 5.3641642263143021 10.990852355957031 22.073843000045144
leaf_count=170 79 98 835 1173 86 843 747 4208 187 6 116 330 11 292
internal_value=-0.000568395 0.00274435 0.00474422 0.000922636 -0.0139039 -0.0172353 -0.00610918 -0.0156583 0.0192611 0.0222827 -0.0253978 -0.0224175 -0.020883 -0.0225268
internal_weight=2150.55 1793.96 1601.59 1267.85 192.373 356.588 113.328 84.8132 333.743 28.515 131.011 243.26 16.355 226.905
internal_count=9181 2574 2293 2008 281 6607 5131 4955 285 176 202 1476 341 1135
is_linear=0
shrinkage=0.0309105


Tree=151
num_leaves=12
num_cat=0
split_feature=7 1 4 27 27 7 6 12 2 2 7
split_gain=54.8125 39.4659 31.269 33.6206 67.3371 22.9479 17.9739 17.1457 0.683129 1.32625 0.208763
threshold=0.037105547264218337 17.385183334350589 -0.016090621240437027 0.037394085898995406 0.02979876380413771 0.027678915299475196 0.0077800739090889701 56704.050781250007 0.01231579063460231 0.12463224306702615 0.039886849001050002
decision_type=2 2 2 2 2 2 2 2 2 2 2
left_child=2 -2 5 4 -4 6 -1 -5 10 -10 -3
right_child=1 8 3 7 -6 -7 -8 -9 9 -11 -12
leaf_value=-0.015325371114196927 -0.018847047288486529 0.027056543172392356 0.00073860335246493777 -0.021266020005031552 0.023366478776413218 0.010533634301153661 0.0030079774414714633 0.0047678540289902331 0.02410083856390274 0.0066260497654331311 0.024338413913537454
leaf_weight=251.42728367073391 23.298067106845338 52.292498342692852 1686.6685538518 89.965013073837326 135.77277290765232 52.138187492310408 64.093244910130807 33.027027904987335 15.836182138717961 5.6928688457446688 65.348503913479362
leaf_count=372 6 52 7096 262 578 85 132 188 22 254 134
internal_value=0.00102541 0.0183803 -0.000193444 0.00136878 0.00242455 -0.00846064 -0.0116003 -0.0142727 0.0246146 0.0194938 0.0255492
internal_weight=2475.56 162.468 2313.09 1945.43 1822.44 367.659 315.521 122.992 139.17 21.5291 117.641
internal_count=9181 468 8713 8124 7674 589 504 450 462 276 186
is_linear=0
shrinkage=0.0309105


Tree=152
num_leaves=15
num_cat=0
split_feature=25 0 10 7 15 25 18 16 24 15 2 20 2 15
split_gain=67.2329 53.2514 80.7176 53.4692 64.2432 39.8031 34.2384 19.5632 18.3267 16.5172 5.49465 11.0449 0.822332 0.129015
threshold=0.013977162539958956 38.60652160644532 0.81174489855766307 0.037105547264218337 64814.349609375007 0.015816608443856243 61014.599609375007 5255.8940429687509 -0.039253138005733483 58213.851562500007 -0.022078510373830792 65.419517517089858 -0.023218289948999878 63637.750000000007
decision_type=2 2 2 2 2 2 2 2 2 2 2 2 2 2
left_child=6 2 5 4 -3 -2 7 -1 -4 -9 13 -12 -5 -8
right_child=1 3 8 12 -6 -7 10 9 -10 -11 11 -13 -14 -15
leaf_value=0.048396127588155716 0.015743496157849004 0.0099529786084922665 -0.0026059368493433783 -0.023612140933491635 -0.0074068318504954015 -0.018367458755623567 -0.025936196653928698 0.015210613541867929 0.016421753148022467 -0.025748773176012173 -0.0035442494722614762 -0.024842979896441738 -0.015118888324358178 -0.023776586910537814
leaf_weight=9.3953801123777776 36.227257043356985 982.51398797152456 78.164119606786699 53.702638263273911 256.92721584159881 333.42001439462183 48.11272905766964 23.366697359433147 126.75523816577834 15.744272135198115 44.527018206194043 48.797255406156182 13.94731133357436 76.65266364812851
leaf_count=108 148 3441 34 87 941 1332 97 2139 218 32 106 94 279 125
internal_value=-0.000612499 0.00144567 -0.00639714 0.00489341 0.00635418 -0.0150236 -0.0151403 0.00834378 0.00916241 -0.00127017 -0.0203649 -0.0146841 -0.0218655 -0.0246118
internal_weight=2148.25 1881.66 574.567 1307.09 1239.44 369.647 266.596 48.5063 204.919 39.111 218.09 93.3243 67.6499 124.765
internal_count=9181 6480 1732 4748 4382 1480 2701 2279 252 2171 422 200 366 222
is_linear=0
shrinkage=0.0309105


Tree=153
num_leaves=13
num_cat=0
split_feature=18 17 14 12 22 12 7 17 15 12 17 15
split_gain=119.584 57.9999 82.4701 67.8675 36.6937 27.5815 21.1914 26.8837 21.6243 1.36046 0.0296186 0.0425657
threshold=60008.699218750007 26.603626251220707 50.718988418579109 69483.898437500015 -0.0062035368755459777 63393.349609375007 0.020352429710328582 35.618429183959968 57483.099609375007 45808.400390625007 60.680803298950202 60232.599609375007
decision_type=2 2 2 2 2 2 2 2 2 2 2 2
left_child=6 5 4 -4 -3 -2 7 8 -1 -9 -8 -12
right_child=1 2 3 -5 -6 -7 10 9 -10 -11 11 -13
leaf_value=-0.017856453959204443 -0.02507141504316902 0.013700261668709357 -0.010165501371436405 0.017863670642838277 0.0017706544788259999 0.003205828407652473 -0.022471362723564342 -0.0073174488806633927 0.02286101484719049 -0.022830651421976215 -0.018159980220189362 -0.022053695865013535
leaf_weight=18.778566889832518 100.27021799050272 683.21902044676244 465.53094463422894 100.31973086670041 385.36017612181604 49.068375796079636 221.15812662003088 6.1209039631272608 37.020754758268595 50.000933419098146 5.2008041265573857 10.660242438316343
leaf_count=1109 103 680 815 238 616 122 1135 3471 32 519 330 11
internal_value=-0.000576479 0.00266067 0.00434564 -0.00519568 0.00939838 -0.0157783 -0.0171255 -0.00603663 0.00915274 -0.021144 -0.0223605 -0.0207956
internal_weight=2132.71 1783.77 1634.43 565.851 1068.58 149.339 348.94 111.921 55.7993 56.1218 237.019 15.861
internal_count=9181 2574 2349 1053 1296 225 6607 5131 1141 3990 1476 341
is_linear=0
shrinkage=0.0309105


Tree=154
num_leaves=9
num_cat=0
split_feature=7 12 3 20 7 10 7 25
split_gain=52.1759 48.0557 29.9033 28.7025 49.5899 30.0877 0.37731 0.000174117
threshold=0.037105547264218337 52182.199218750007 -0.044528985396027558 37.489522933959968 0.0095734028145670908 0.81174489855766307 0.039886849001050002 0.048321278765797622
decision_type=2 2 2 2 2 2 2 2
left_child=2 7 -1 4 -4 -5 -3 -2
right_child=1 6 3 5 -6 -7 -8 -9
leaf_value=0.030093970652591444 -0.02307958184103227 0.027090200643466334 0.027126474602943193 0.0045469007676625407 -0.0063593112040863835 -0.0072441228657186534 0.023708605840593183 -0.024689217182063915
leaf_weight=30.83110500217299 10.554594002453086 55.296877663582563 44.384904800239383 1094.8437441718722 879.73314016155246 254.9045795733075 80.78268581815064 11.66540605159571
leaf_count=38 143 74 388 5373 2004 910 103 148
internal_value=0.00103555 0.0182019 -0.000143395 -0.00055351 -0.00475069 0.00231991 0.0250849 -0.023938
internal_weight=2463 158.3 2304.7 2273.87 924.118 1349.75 136.08 22.22
internal_count=9181 468 8713 8675 2392 6283 177 291
is_linear=0
shrinkage=0.0309105


Tree=155
num_leaves=14
num_cat=0
split_feature=26 1 7 15 14 15 16 7 2 15 1 2 15
split_gain=64.3081 52.3135 63.3948 67.1599 62.2855 26.9552 20.9411 20.8642 17.5831 10.9136 13.9682 0.910996 0.177774
threshold=0.014097290579229595 26.484695434570316 0.037105547264218337 64814.349609375007 11.076000213623049 61047.449218750007 5255.8940429687509 0.010784664656966926 0.0093252747319638746 66680.902343750015 51.829948425292976 -0.023218289948999878 63145.849609375007
decision_type=2 2 2 2 2 2 2 2 2 2 2 2 2
left_child=5 4 3 -3 -2 6 -1 -6 -8 12 -11 -4 -7
right_child=1 2 11 -5 7 9 8 -9 -10 10 -12 -13 -14
leaf_value=0.046870419992853476 0.014539200977811877 0.0088264504151168988 -0.023664467644208563 -0.0080947160215245721 0.015555046674098332 -0.025938647016762805 -0.021602738520757378 -0.018543978071630676 0.018753057714360869 -0.02397223343044565 0.00271716987144383 -0.014846243976911828 -0.023535482202327703
leaf_weight=9.5192473615679756 81.301572911619587 1139.584942121744 69.817217272952803 278.95522889588028 18.365094175939703 47.370027458295226 23.540252633855289 256.14072917790918 18.357728535300794 35.289533188566566 39.905029868707061 13.571908544286996 97.757511468604207
leaf_count=107 104 3967 167 1005 97 85 1445 825 760 93 84 279 163
internal_value=-0.000620252 0.00143401 0.00395881 0.0054987 -0.00922281 -0.0146652 0.00548262 -0.0162616 -0.00391365 -0.0193686 -0.00980448 -0.0222328 -0.0243219
internal_weight=2129.48 1857.74 1501.93 1418.54 355.807 271.739 51.4172 274.506 41.898 220.322 75.1946 83.3891 145.128
internal_count=9181 6444 5418 4972 1026 2737 2312 922 2205 425 177 446 248
is_linear=0
shrinkage=0.0309105


Tree=156
num_leaves=14
num_cat=0
split_feature=18 4 17 2 6 27 19 2 11 4 14 12 18
split_gain=115.391 56.2037 76.696 54.0584 33.8007 24.4336 14.4504 11.7868 5.71436 5.3198 3.48215 1.54386 0.195352
threshold=60008.699218750007 -0.01733186841011047 27.640138626098636 0.01231579063460231 0.003488347516395152 0.01451232982799411 11790.767578125002 -0.038443274796009057 0.020468623377382759 -0.00043702128459699447 19.587913513183597 56970.699218750007 48375.599609375007
decision_type=2 2 2 2 2 2 2 2 2 2 2 2 2
left_child=5 4 9 -4 -2 7 8 11 -7 -3 -8 -1 -9
right_child=1 2 3 -5 -6 6 10 12 -10 -11 -12 -13 -14
leaf_value=0.0016746252847904058 0.024964813575033499 -0.025750355975492328 0.0068964430186571864 -0.0060187924810558855 0.0015333929309283663 -0.01627134185951451 -0.012821323654016191 -0.013269852227467904 0.025785816749406908 -0.012684879823465377 -0.02223569010417643 0.029000354555358199 -0.022744564158693255
leaf_weight=2.284750017540552 156.41130146477371 94.32099823653698 919.38461321033537 466.88303049094975 94.322292437776923 4.6619922458047531 44.152885979737903 4.3773525050856943 9.1014988272117971 43.671522123739123 256.93614029913988 15.780094623565672 4.4163932926021516
leaf_count=1006 124 147 1250 866 112 453 257 1300 59 75 3396 7 129
internal_value=-0.000576717 0.00258973 0.000358702 0.00254649 0.0161514 -0.0170255 -0.0194399 0.0112672 0.0115186 -0.0216176 -0.0208561 0.0255607 -0.018062
internal_weight=2116.7 1774.99 1524.26 1386.27 250.734 341.711 314.853 26.8586 13.7635 137.993 301.089 18.0648 8.79375
internal_count=9181 2574 2338 2116 236 6607 4165 2442 512 222 3653 1013 1429
is_linear=0
shrinkage=0.0309105


Tree=157
num_leaves=12
num_cat=0
split_feature=7 12 14 25 12 26 17 7 7 7 25
split_gain=49.4619 46.2647 23.5156 58.6638 52.9499 43.6652 46.2318 40.3854 35.2049 0.337998 2.94608e-05
threshold=0.037105547264218337 52182.199218750007 57.773788452148445 0.024696114473044876 69303.101562500015 0.020393935032188896 35.961790084838874 0.027292344719171528 0.0090985973365604895 0.039886849001050002 0.048321278765797622
decision_type=2 2 2 2 2 2 2 2 2 2 2
left_child=2 10 5 4 -4 8 -7 -5 -1 -3 -2
right_child=1 9 3 7 -6 6 -8 -9 -10 -11 -12
leaf_value=0.012380868424717483 -0.022963828556070893 0.026793869443865501 0.016168080100184053 -0.020141169755562391 -0.011800921206572241 -0.0026233977445201777 0.012402472063083935 0.024924834111394244 -0.0084493033908533376 0.023541742032777119 -0.024581218424111154
leaf_weight=85.480002611875989 10.305166669839309 53.917402287945151 348.90075679957135 111.2159420657772 79.376203570514917 495.15637217116318 323.4256310751482 22.908511580521917 831.76614775466282 78.291634960100055 11.388923579572293
leaf_count=773 143 74 2494 381 198 979 1230 192 2466 103 148
internal_value=0.00103948 0.0180041 -9.64357e-05 0.00539653 0.0109837 -0.00187631 0.00331303 -0.0124417 -0.00650777 0.0248703 -0.0238266
internal_weight=2452.13 153.903 2298.23 562.401 428.277 1735.83 818.582 134.124 917.246 132.209 21.6941
internal_count=9181 468 8713 3265 2692 5448 2209 573 3239 177 291
is_linear=0
shrinkage=0.0309105


Tree=158
num_leaves=13
num_cat=0
split_feature=27 9 17 12 24 13 25 18 27 17 12 20
split_gain=63.6638 46.2853 107.691 58.384 52.0069 24.6867 24.4722 24.1219 16.7727 8.58547 2.15426 0.879878
threshold=0.014159791171550752 -0.60785761475563038 45.283180236816413 64450.800781250007 0.025825884193181995 33741.810546875007 0.0076349484734237203 57056.250000000007 0.015960011631250385 57.578447341918952 44283.699218750007 42.75959777832032
decision_type=2 2 2 2 2 2 2 2 2 2 2 2
left_child=6 2 11 4 -3 -5 -1 10 -4 -9 -8 -2
right_child=1 3 8 5 -6 -7 7 9 -10 -11 -12 -13
leaf_value=0.026425863916851592 -0.024411433459847521 0.0079927799405463806 0.032133657007500163 -0.016771838354590108 -0.026612858259678133 0.0031842064338227899 -0.0006640371054553063 -0.024388567695137111 0.005583555136852953 -0.012728455343455437 0.019947599816962685 -0.016894953154179614
leaf_weight=13.406366275308072 181.63008697277655 1167.3369458631219 27.150317508907847 162.41995389666408 43.019080651477907 93.187293900176883 6.8636508361933037 136.07236014120281 140.09336019035186 108.67152136564255 16.251571864355356 16.504558614506095
leaf_count=185 707 3186 129 561 412 360 1936 282 907 188 182 146
internal_value=-0.000628568 0.00147418 -0.0083687 0.00392763 0.00676256 -0.00949526 -0.0143208 -0.0163612 0.00989547 -0.0192124 0.0138145 -0.0237868
internal_weight=2112.61 1831.34 365.378 1465.96 1210.36 255.607 281.265 267.859 167.244 244.744 23.1152 198.135
internal_count=9181 6408 1889 4519 3598 921 2773 2588 1036 470 2118 853
is_linear=0
shrinkage=0.0309105


end of trees

feature_importances:
Column_7=187
Column_12=183
Column_18=169
Column_2=153
Column_27=139
Column_15=126
Column_14=100
Column_1=95
Column_25=83
Column_9=82
Column_26=82
Column_0=77
Column_20=76
Column_17=62
Column_19=51
Column_22=51
Column_4=47
Column_5=41
Column_3=33
Column_10=33
Column_24=32
Column_6=31
Column_23=31
Column_13=29
Column_16=26
Column_11=15
Column_8=2

parameters:
[boosting: gbdt]
[objective: multiclass]
[metric: multi_logloss]
[tree_learner: serial]
[device_type: cpu]
[data_sample_strategy: bagging]
[data: ]
[valid: ]
[num_iterations: 53]
[learning_rate: 0.0309105]
[num_leaves: 31]
[num_threads: 1]
[seed: 0]
[deterministic: 0]
[force_col_wise: 0]
[force_row_wise: 0]
[histogram_pool_size: -1]
[max_depth: 4]
[min_data_in_leaf: 68]
[min_sum_hessian_in_leaf: 0.001]
[bagging_fraction: 0.718195]
[pos_bagging_fraction: 1]
[neg_bagging_fraction: 1]
[bagging_freq: 0]
[bagging_seed: 3]
[bagging_by_query: 0]
[feature_fraction: 0.649138]
[feature_fraction_bynode: 1]
[feature_fraction_seed: 2]
[extra_trees: 0]
[extra_seed: 6]
[early_stopping_round: 0]
[early_stopping_min_delta: 0]
[first_metric_only: 0]
[max_delta_step: 0]
[lambda_l1: 0.00959002]
[lambda_l2: 3.90986e-06]
[linear_lambda: 0]
[min_gain_to_split: 0]
[drop_rate: 0.1]
[max_drop: 50]
[skip_drop: 0.5]
[xgboost_dart_mode: 0]
[uniform_drop: 0]
[drop_seed: 4]
[top_rate: 0.2]
[other_rate: 0.1]
[min_data_per_group: 100]
[max_cat_threshold: 32]
[cat_l2: 10]
[cat_smooth: 10]
[max_cat_to_onehot: 4]
[top_k: 20]
[monotone_constraints: ]
[monotone_constraints_method: basic]
[monotone_penalty: 0]
[feature_contri: ]
[forcedsplits_filename: ]
[refit_decay_rate: 0.9]
[cegb_tradeoff: 1]
[cegb_penalty_split: 0]
[cegb_penalty_feature_lazy: ]
[cegb_penalty_feature_coupled: ]
[path_smooth: 0]
[interaction_constraints: ]
[verbosity: -1]
[saved_feature_importance_type: 0]
[use_quantized_grad: 0]
[num_grad_quant_bins: 4]
[quant_train_renew_leaf: 0]
[stochastic_rounding: 1]
[linear_tree: 0]
[max_bin: 255]
[max_bin_by_feature: ]
[min_data_in_bin: 3]
[bin_construct_sample_cnt: 200000]
[data_random_seed: 1]
[is_enable_sparse: 1]
[enable_bundle: 1]
[use_missing: 1]
[zero_as_missing: 0]
[feature_pre_filter: 1]
[pre_partition: 0]
[two_round: 0]
[header: 0]
[label_column: ]
[weight_column: ]
[group_column: ]
[ignore_column: ]
[categorical_feature: ]
[forcedbins_filename: ]
[precise_float_parser: 0]
[parser_config_file: ]
[objective_seed: 5]
[num_class: 3]
[is_unbalance: 0]
[scale_pos_weight: 1]
[sigmoid: 1]
[boost_from_average: 1]
[reg_sqrt: 0]
[alpha: 0.9]
[fair_c: 1]
[poisson_max_delta_step: 0.7]
[tweedie_variance_power: 1.5]
[lambdarank_truncation_level: 30]
[lambdarank_norm: 1]
[label_gain: ]
[lambdarank_position_bias_regularization: 0]
[eval_at: ]
[multi_error_top_k: 1]
[auc_mu_weights: ]
[num_machines: 1]
[local_listen_port: 12400]
[time_out: 120]
[machine_list_filename: ]
[machines: ]
[gpu_platform_id: -1]
[gpu_device_id: -1]
[gpu_use_dp: 0]
[num_gpu: 1]

end of parameters

pandas_categorical:null
