tree
version=v4
num_class=1
num_tree_per_iteration=1
label_index=0
max_feature_idx=34
objective=regression
feature_names=Column_0 Column_1 Column_2 Column_3 Column_4 Column_5 Column_6 Column_7 Column_8 Column_9 Column_10 Column_11 Column_12 Column_13 Column_14 Column_15 Column_16 Column_17 Column_18 Column_19 Column_20 Column_21 Column_22 Column_23 Column_24 Column_25 Column_26 Column_27 Column_28 Column_29 Column_30 Column_31 Column_32 Column_33 Column_34
feature_infos=[-0.97492791218182362:0.97492791218182362] [-0.90096886790241903:1] [-1:1] [-0.046560749247346767:0.023591542364199469] [-0.066465750407615487:0.047467542439056487] [5:79] [-0.21066984227037067:0.099343745705581687] [5:79] [5:79] [-2.2536423160482628:4.0708488549092623] [19.965432351527127:78.623011193187665] [-0.23468283800878387:0.10036607380092155] [4.9692353279045518:66.41367712788923] [0.00054346793723098928:0.027498532151673766] [-0.14979650312141635:0.074848065477098435] [0.1393069249314054:7.6729151876681909] [-0.00016191999999999999:0.0001] [0.0013481352338743416:0.02109519307027927] [-0.012722857328245362:0.013517551353261799] [0.0031203225363574992:0.21658333376726843] [-0.00016191999999999999:0.0001] [0.0026612186326672952:0.033526944378871694] [43520.286999989999:74420.042000000001] [-0.00016191999999999999:0.0001] [43520.286999989999:74420.042000000001] [-3.6379509513716286:3.0463382756753639] [43520.286999989999:74420.042000000001] [20.000700662865714:75.054589690574645] [-0.51119522547272866:1.4724119773880515] [1.9639025850246055:56.132386605795034] [-0.012722857328245362:0.013517551353261799] [-0.10617264548086447:0.052155423778638577] [-0.17084966394358658:0.10145789281228645] [-0.0032472123635710125:0.0039834151554471783] [0.1393069249314054:7.6729151876681909]
tree_sizes=1415 1627 1539 1626 1731 1538 1443 1632 1524 1534 1448 1726 1529 1628 1735 1637 1529 1257 1534 1627 1730 1536 1627 1443 1624 1538 1541 1342 1640 1513 1922 1735 1539 1925 1632 1726 1634 1741 1832 1909 1732 2109 1739 1827 2011 1926 2016 1923 2372 1835 1920 1734 1655 1740 2475 1727 1845 1649 1728 2107 1739 1735 1735 2216 2014 1833 2408 2577 2024 1754 1831 1842 1652 2030 1637 1659 2397 2122 1929 2311 1569 1643 2120 2292 1659 1743 2029 2842 1846 2576 1655 1363 1758 2389 1814 1655

Tree=0
num_leaves=14
num_cat=0
split_feature=9 27 27 21 0 19 3 22 11 25 7 22 4
split_gain=0.0361351 0.0219469 0.02727 0.024552 0.0365593 0.0211965 0.0137307 0.00947786 0.00721519 0.00988449 0.0105346 0.00453353 0.00140266
threshold=-0.89093801187444022 66.100824503894174 54.479864783072621 0.014136572756617876 1.0000000180025095e-35 0.10517872609999639 -0.015103396992765026 69614.683999990011 0.0023779026716960199 0.69684099332890159 32.500000000000007 54053.602000000006 -0.0028918670898813166
decision_type=2 2 2 2 2 2 2 2 2 2 2 2 2
left_child=7 2 3 6 -5 11 -2 8 9 10 -1 -4 -10
right_child=1 -3 5 4 -6 -7 -8 -9 12 -11 -12 -13 -14
leaf_value=-0.0021239533864886584 -0.0013978141415439496 -0.0020237554046976724 -0.0013853275948294006 -0.0016623502155300323 -0.0020162812165297212 -0.0011153253749960068 -0.0016613630479835404 -0.0020982288878386474 -0.0016192837246534766 -0.0016655066168851788 -0.0018133579846590585 -0.0015960879986909376 -0.0017500408663132254
leaf_weight=32 31 26 20 112 76 21 2863 21 20 24 36 76 35
leaf_count=32 31 26 20 112 76 21 2863 21 20 24 36 76 35
internal_value=-0.00167262 -0.00166334 -0.00166041 -0.0016675 -0.00180543 -0.00147377 -0.00165854 -0.00185071 -0.00181535 -0.00188282 -0.00195952 -0.00155218 -0.00170249
internal_weight=3393 3225 3199 3082 188 117 2894 168 147 92 68 96 55
internal_count=3393 3225 3199 3082 188 117 2894 168 147 92 68 96 55
is_linear=0
shrinkage=1


Tree=1
num_leaves=16
num_cat=0
split_feature=9 1 21 13 11 22 9 7 16 21 11 5 12 5 24
split_gain=0.0352405 0.0295122 0.0211261 0.0316728 0.0210367 0.0306128 0.0164945 0.0242222 0.0139607 0.0137977 0.00694184 0.00640254 0.00271752 0.00362792 0.00249027
threshold=-0.89093801187444022 -0.56174490092936669 0.024056631975004083 0.011608853287572945 -0.091255550211230094 55646.10100000001 0.46442215071068188 10.500000000000002 6.243000000000001e-05 0.014305833634665968 -0.013625092406598425 10.500000000000002 24.953187797838911 24.500000000000004 51960.849000000009
decision_type=2 2 2 2 2 2 2 2 2 2 2 2 2 2 2
left_child=1 8 3 6 5 -5 9 -8 10 -2 -1 -6 13 -3 -15
right_child=2 12 -4 4 11 -7 7 -9 -10 -11 -12 -13 -14 14 -16
leaf_value=-0.00043069563965176708 -7.2597004098931372e-06 5.1292173982752172e-05 0.00036277010936161368 -0.00070976910950603473 -0.00025237218533532966 -0.00012140995716871506 0.00036013364057608231 3.7278986625012664e-05 -0.00066257332252443778 -0.00026850799788654479 -0.00011007419126599515 -8.3737354611778468e-07 5.3145554430869542e-05 -0.00022989473903598526 -6.3351590046425792e-05
leaf_weight=20 1575 21 26 23 20 34 37 1405 20 32 22 73 29 26 30
leaf_count=20 1575 21 26 23 20 34 37 1405 20 32 22 73 29 26 30
internal_value=-1.76794e-12 -0.000175872 9.16169e-06 6.28773e-06 -0.000170408 -0.000358818 1.49805e-05 4.55631e-05 -0.000391726 -1.24619e-05 -0.000262751 -5.49309e-05 -4.96175e-05 -8.83205e-05 -0.000140675
internal_weight=3393 168 3225 3199 150 57 3049 1442 62 1607 42 93 106 77 56
internal_count=3393 168 3225 3199 150 57 3049 1442 62 1607 42 93 106 77 56
is_linear=0
shrinkage=0.0124554


Tree=2
num_leaves=15
num_cat=0
split_feature=9 1 27 27 21 24 32 20 3 6 3 20 34 1
split_gain=0.0343681 0.0287817 0.0213086 0.0264053 0.0234324 0.0346436 0.0189048 0.0136322 0.0133117 0.00862501 0.0029378 0.00267029 0.00204531 0.000717698
threshold=-0.89093801187444022 -0.56174490092936669 66.100824503894174 54.479864783072621 0.014136572756617876 54285.770000000011 -0.084970530247135842 5.710500000000001e-05 -0.015103396992765026 -0.013560546299661523 0.0020798489468425445 2.3730000000000001e-05 0.76181498586259588 1.0000000180025095e-35
decision_type=2 2 2 2 2 2 2 2 2 2 2 2 2 2
left_child=1 7 3 4 8 -6 -5 9 -2 -1 11 13 -8 -3
right_child=2 10 -4 6 5 -7 12 -9 -10 -11 -12 -13 -14 -15
leaf_value=-0.00042958145244626357 0.00027043211154413789 -0.00011551328734454268 -0.00034608481076757198 0.00049931583725852853 -0.00026600925272498693 8.0072769750343573e-05 0.00016807782330100583 -0.00065448819805292633 1.0935464015036069e-05 -7.2197583803224351e-05 -0.00017356280592203507 6.8251930958711414e-05 5.0371856242177993e-05 -1.7822325824303725e-05
leaf_weight=22 31 28 26 25 114 74 49 20 2863 20 23 35 43 20
leaf_count=22 31 28 26 25 114 74 49 20 2863 20 23 35 43 20
internal_value=-3.02483e-15 -0.000173681 9.04758e-06 1.19339e-05 4.9617e-06 -0.000129785 0.000195596 -0.000386847 1.37151e-05 -0.000259399 -4.89995e-05 -1.44819e-05 0.000113063 -7.48087e-05
internal_weight=3393 168 3225 3199 3082 188 117 62 2894 42 106 83 92 48
internal_count=3393 168 3225 3199 3082 188 117 62 2894 42 106 83 92 48
is_linear=0
shrinkage=0.0124554


Tree=3
num_leaves=16
num_cat=0
split_feature=9 1 27 27 21 0 19 16 3 6 24 3 16 10 34
split_gain=0.0335173 0.0280691 0.0207811 0.0257516 0.0228524 0.0348781 0.0201614 0.0133426 0.0129822 0.00662274 0.00393441 0.00286507 0.00253347 0.000971358 0.000461993
threshold=-0.89093801187444022 -0.56174490092936669 66.100824503894174 54.479864783072621 0.014136572756617876 1.0000000180025095e-35 0.10517872609999639 6.243000000000001e-05 -0.015103396992765026 -0.013560546299661523 54049.468000000008 0.0020798489468425445 2.2170000000000003e-05 46.804279468284598 0.82285897799254926
decision_type=2 2 2 2 2 2 2 2 2 2 2 2 2 2 2
left_child=1 7 3 4 8 -6 10 9 -2 -1 -5 12 14 -14 -3
right_child=2 11 -4 6 5 -7 -8 -9 -10 -11 -12 -13 13 -15 -16
leaf_value=-0.00041998055910930906 0.00026706377756218467 -0.00012797895458102585 -0.00034177419090834532 0.00027212470131306486 1.1581116649206827e-05 -0.00033411641951448741 0.00054274249242168202 -0.00064681158606715234 1.079925797617717e-05 -0.00010681493392678766 7.5783884791095888e-05 -0.0001714010136732917 0.00010990605835874793 -8.5233787395731369e-06 -4.3319654409976204e-05
leaf_weight=20 31 20 26 20 112 76 21 20 2863 22 76 23 22 21 20
leaf_count=20 31 20 26 20 112 76 21 20 2863 22 76 23 22 21 20
internal_value=-6.17273e-13 -0.000171518 8.93489e-06 1.17853e-05 4.8999e-06 -0.000128169 0.00019316 -0.000382029 1.35443e-05 -0.000255941 0.000116688 -4.83892e-05 -1.43016e-05 5.20684e-05 -8.56493e-05
internal_weight=3393 168 3225 3199 3082 188 117 62 2894 42 96 106 83 43 40
internal_count=3393 168 3225 3199 3082 188 117 62 2894 42 96 106 83 43 40
is_linear=0
shrinkage=0.0124554


Tree=4
num_leaves=17
num_cat=0
split_feature=0 30 11 0 22 21 8 11 17 3 26 17 17 0 19 11
split_gain=0.0213747 0.0265058 0.0335587 0.0222894 0.0325388 0.0114229 0.0118738 0.0103564 0.0100265 0.00905484 0.0100531 0.00990942 0.00562275 0.00416705 0.00246626 0.0022357
threshold=-0.60785761079279388 -0.0057038606616891174 -0.095369229552998799 1.0000000180025095e-35 53799.08400000001 0.0060262622310216169 9.5000000000000018 -0.11129013738530157 0.0049919188942538313 0.00075652923623148471 46594.115500000007 0.0053415352595961437 0.0089602589268473597 -0.8783796973249266 0.074239576228378013 -0.049269290547940041
decision_type=2 2 2 2 2 2 2 2 2 2 2 2 2 2 2 2
left_child=7 -2 3 -3 -5 8 -7 14 -4 10 -9 13 -12 -11 -1 -13
right_child=1 2 5 4 -6 6 -8 9 -10 11 12 15 -14 -15 -16 -17
leaf_value=0.00032480545232331162 0.00033629927381589278 7.2273939052374164e-06 4.1104418125249584e-05 -0.00075715937455201525 -0.00018126584730353011 0.00013490376181278518 -3.0187098564273721e-05 0.00025944811102790287 0.00033156089477833753 6.6181720740697669e-05 1.0146697733976223e-05 0.00010797563616301186 -0.00014317552392342583 0.00017375209815280741 0.00014562164489502206 -3.8388139473967456e-05
leaf_weight=22 32 36 236 23 45 70 1960 24 20 88 513 20 40 153 26 85
leaf_count=22 32 36 236 23 45 70 1960 24 20 88 513 20 40 153 26 85
internal_value=1.7317e-13 -1.97942e-05 -2.45619e-05 -0.000243379 -0.000376053 -1.4607e-05 -2.44943e-05 4.93733e-05 6.37963e-05 4.0097e-05 9.88733e-06 9.04757e-05 -9.43517e-07 0.000134473 0.000227748 -1.05093e-05
internal_weight=3393 2422 2390 104 68 2286 2030 971 256 923 577 346 553 241 48 105
internal_count=3393 2422 2390 104 68 2286 2030 971 256 923 577 346 553 241 48 105
is_linear=0
shrinkage=0.0124554


Tree=5
num_leaves=15
num_cat=0
split_feature=9 1 27 27 21 0 19 20 3 6 22 3 20 1
split_gain=0.0326517 0.0273031 0.0200343 0.0249734 0.0219854 0.0332329 0.0195271 0.0130686 0.0125064 0.00822212 0.00429183 0.00280052 0.00255622 0.000697199
threshold=-0.89093801187444022 -0.56174490092936669 66.100824503894174 54.479864783072621 0.014136572756617876 1.0000000180025095e-35 0.10517872609999639 5.710500000000001e-05 -0.015103396992765026 -0.013560546299661523 54053.602000000006 0.0020798489468425445 2.3730000000000001e-05 1.0000000180025095e-35
decision_type=2 2 2 2 2 2 2 2 2 2 2 2 2 2
left_child=1 7 3 4 8 -6 10 9 -2 -1 -5 12 13 -3
right_child=2 11 -4 6 5 -7 -8 -9 -10 -11 -12 -13 -14 -15
leaf_value=-0.00041828146801124554 0.00026214578412511952 -0.00011329358188714623 -0.00033553042726366825 0.00027731440983723118 1.0731010829006214e-05 -0.0003267148344915835 0.00053427003910070606 -0.00063895731034204189 1.0621490918852518e-05 -6.9344428583663749e-05 7.2249282946733418e-05 -0.00016946978378400263 6.6797225052642908e-05 -1.7007857196920089e-05
leaf_weight=22 31 28 26 20 112 76 21 20 2863 20 76 23 35 20
leaf_count=22 31 28 26 20 112 76 21 20 2863 20 76 23 35 20
internal_value=1.03527e-13 -0.000169289 8.81876e-06 1.16175e-05 4.83692e-06 -0.000125683 0.00019023 -0.000376907 1.33158e-05 -0.000252121 0.000114971 -4.78517e-05 -1.41503e-05 -7.31745e-05
internal_weight=3393 168 3225 3199 3082 188 117 62 2894 42 96 106 83 48
internal_count=3393 168 3225 3199 3082 188 117 62 2894 42 96 106 83 48
is_linear=0
shrinkage=0.0124554


Tree=6
num_leaves=14
num_cat=0
split_feature=21 13 27 1 22 6 0 8 21 27 27 32 12
split_gain=0.0206851 0.0256051 0.0170469 0.0177121 0.016192 0.0152418 0.0316936 0.0123348 0.0132061 0.0105207 0.00669473 0.00599857 0.00247136
threshold=0.024056631975004083 0.011608853287572945 26.947444521993937 -0.56174490092936669 58795.670500000007 -0.085019808582855391 1.0000000180025095e-35 8.5000000000000018 0.0059539587055729712 33.763354179615796 26.298950920432684 0.00075492982768132777 33.593420191493145
decision_type=2 2 2 2 2 2 2 2 2 2 2 2 2
left_child=1 2 3 4 -1 6 -3 9 -9 -4 -7 -5 -12
right_child=-2 5 7 11 -6 10 -8 8 -10 -11 12 -13 -14
leaf_value=-6.0635437211024185e-05 0.00034996782750749625 6.6234921585430463e-06 4.2030458037320219e-05 -3.2048096502487556e-05 -0.00026193708878472676 -0.00023085445139192184 -0.00056496891535544975 0.00010371924236464319 9.9775179677888818e-06 0.00043629266819823667 -4.8567938496180642e-05 3.34006419259758e-05 0.00010899740679535445
leaf_weight=318 26 27 21 434 77 26 34 272 1632 21 47 435 23
leaf_count=318 26 27 21 434 77 26 34 272 1632 21 47 435 23
internal_value=-1.30388e-12 -2.70246e-06 4.89374e-06 -3.07206e-05 -9.98765e-05 -0.000158013 -0.000311969 2.80266e-05 2.33692e-05 0.000239162 -6.01872e-05 7.1393e-07 3.20353e-06
internal_weight=3393 3367 3210 1264 395 157 61 1946 1904 42 96 869 70
internal_count=3393 3367 3210 1264 395 157 61 1946 1904 42 96 869 70
is_linear=0
shrinkage=0.0124554


Tree=7
num_leaves=16
num_cat=0
split_feature=9 1 21 13 6 22 9 7 21 20 6 5 3 20 1
split_gain=0.031526 0.0262798 0.0191818 0.0287045 0.0187825 0.0281687 0.0155719 0.0228967 0.0126887 0.0126876 0.00807301 0.00608643 0.0027436 0.00248025 0.000672604
threshold=-0.89093801187444022 -0.56174490092936669 0.024056631975004083 0.011608853287572945 -0.085019808582855391 55646.10100000001 0.46442215071068188 10.500000000000002 0.014305833634665968 5.710500000000001e-05 -0.013560546299661523 10.500000000000002 0.0020798489468425445 2.3730000000000001e-05 1.0000000180025095e-35
decision_type=2 2 2 2 2 2 2 2 2 2 2 2 2 2 2
left_child=1 9 3 6 5 -5 8 -8 -2 10 -1 -6 13 14 -3
right_child=2 12 -4 4 11 -7 7 -9 -10 -11 -12 -13 -14 -15 -16
leaf_value=-0.00041172891074816643 -7.4728131595241879e-06 -0.00011139376583174265 0.00034560884624467076 -0.00067696483747981299 -0.00024567605734945029 -0.00011258170042492842 0.00034975954105832997 3.5863053130389667e-05 -0.00025800142315103906 -0.0006282377891123484 -6.597037837610285e-05 -4.2934401255176028e-07 -0.00016758114795604147 6.5887455980721566e-05 -1.6821610492422972e-05
leaf_weight=22 1575 28 26 23 20 34 37 1405 32 20 20 73 23 35 20
leaf_count=22 1575 28 26 23 20 34 37 1405 32 20 20 73 23 35 20
internal_value=4.66612e-13 -0.000166345 8.66542e-06 5.92689e-06 -0.000162286 -0.000340315 1.42024e-05 4.39173e-05 -1.24616e-05 -0.000370035 -0.000247082 -5.31706e-05 -4.72053e-05 -1.38482e-05 -7.19887e-05
internal_weight=3393 168 3225 3199 150 57 3049 1442 1607 62 42 93 106 83 48
internal_count=3393 168 3225 3199 150 57 3049 1442 1607 62 42 93 106 83 48
is_linear=0
shrinkage=0.0124554


Tree=8
num_leaves=15
num_cat=0
split_feature=9 1 27 27 21 24 19 16 3 6 22 6 12 26
split_gain=0.0307456 0.0256293 0.0190241 0.0240343 0.0208203 0.0323021 0.0186155 0.0123991 0.0120073 0.00623732 0.00418259 0.00268828 0.00350771 0.00203772
threshold=-0.89093801187444022 -0.56174490092936669 66.100824503894174 54.479864783072621 0.014136572756617876 54285.770000000011 0.10517872609999639 6.243000000000001e-05 -0.015103396992765026 -0.013560546299661523 54053.602000000006 -0.05455584437552418 24.953187797838911 51855.698500000006
decision_type=2 2 2 2 2 2 2 2 2 2 2 2 2 2
left_child=1 7 3 4 8 -6 10 9 -2 -1 -5 -3 13 -13
right_child=2 11 -4 6 5 -7 -8 -9 -10 -11 -12 12 -14 -15
leaf_value=-0.00040307346942946838 0.0002566984852212032 7.9577202812399742e-05 -0.00032699791150167111 0.00027328939604091281 -0.00025392157873628437 8.0260146013006774e-05 0.00052242014283419293 -0.00062067613220835951 1.0244047454016725e-05 -9.9157003132662166e-05 7.0850881061061092e-05 -0.00020287857757519365 4.2736176359579208e-05 -5.646013246137686e-05
leaf_weight=20 31 21 26 20 114 74 21 20 2863 22 76 30 26 29
leaf_count=20 31 21 26 20 114 74 21 20 2863 22 76 30 26 29
internal_value=-4.45692e-13 -0.000164273 8.55748e-06 1.12847e-05 4.63289e-06 -0.000122382 0.000186507 -0.000365427 1.2884e-05 -0.000243879 0.000113026 -4.66174e-05 -7.77948e-05 -0.00013091
internal_weight=3393 168 3225 3199 3082 188 117 62 2894 42 96 106 85 59
internal_count=3393 168 3225 3199 3082 188 117 62 2894 42 96 106 85 59
is_linear=0
shrinkage=0.0124554


Tree=9
num_leaves=15
num_cat=0
split_feature=9 1 27 27 21 24 19 20 3 6 24 3 20 1
split_gain=0.0299845 0.0249948 0.0185531 0.0234393 0.0203049 0.0315024 0.0181547 0.0121604 0.01171 0.00770314 0.00364475 0.00266433 0.00239295 0.000652238
threshold=-0.89093801187444022 -0.56174490092936669 66.100824503894174 54.479864783072621 0.014136572756617876 54285.770000000011 0.10517872609999639 5.710500000000001e-05 -0.015103396992765026 -0.013560546299661523 54049.468000000008 0.0020798489468425445 2.3730000000000001e-05 1.0000000180025095e-35
decision_type=2 2 2 2 2 2 2 2 2 2 2 2 2 2
left_child=1 7 3 4 8 -6 10 9 -2 -1 -5 12 13 -3
right_child=2 11 -4 6 5 -7 -8 -9 -10 -11 -12 -13 -14 -15
leaf_value=-0.00040133386473959593 0.00025350120514547764 -0.00010907705301697662 -0.00032292503376214244 0.00026122301693193523 -0.00025075888876111859 7.9260478051914525e-05 0.00051591320692237171 -0.00061365645215160985 1.0116454332074195e-05 -6.3588869570253953e-05 7.2247999263865895e-05 -0.00016466074728036073 6.5154783968732129e-05 -1.5947732747361476e-05
leaf_weight=22 31 28 26 20 114 74 21 20 2863 20 76 23 35 20
leaf_count=22 31 28 26 20 114 74 21 20 2863 20 76 23 35 20
internal_value=-1.25881e-13 -0.000162227 8.4509e-06 1.11442e-05 4.57518e-06 -0.000120858 0.000184184 -0.000360875 1.27235e-05 -0.000240503 0.000111618 -4.60367e-05 -1.3165e-05 -7.02732e-05
internal_weight=3393 168 3225 3199 3082 188 117 62 2894 42 96 106 83 48
internal_count=3393 168 3225 3199 3082 188 117 62 2894 42 96 106 83 48
is_linear=0
shrinkage=0.0124554


Tree=10
num_leaves=14
num_cat=0
split_feature=21 13 27 1 21 6 21 7 21 24 27 1 16
split_gain=0.0193041 0.0237792 0.0158791 0.016598 0.0154598 0.0140693 0.024117 0.0123613 0.012782 0.00934644 0.00640459 0.00592008 0.00230992
threshold=0.024056631975004083 0.011608853287572945 26.947444521993937 -0.56174490092936669 0.010348131402051491 -0.085019808582855391 0.020416152045087621 8.5000000000000018 0.0059539587055729712 53621.806500000013 26.298950920432684 0.81174490092936691 3.0405000000000005e-05
decision_type=2 2 2 2 2 2 2 2 2 2 2 2 2
left_child=1 2 3 4 -1 6 9 -4 -9 -3 -7 -5 -12
right_child=-2 5 7 11 -6 10 -8 8 -10 -11 12 -13 -14
leaf_value=-5.0329412745939374e-05 0.00033808354031608092 -0.00065669338786618174 0.00025569221834146472 1.5794669887431552e-05 -0.00022780832542666676 -0.00022522137453301894 5.439649630186021e-05 0.00010179623099123868 9.5962601019222248e-06 -0.00028046868759622608 6.9366758438085244e-05 -6.9560203589097368e-05 -7.426062666199325e-05
leaf_weight=292 26 21 36 716 103 26 20 272 1638 20 38 153 32
leaf_count=292 26 21 36 716 103 26 20 272 1638 20 38 153 32
internal_value=9.70561e-13 -2.61068e-06 4.70966e-06 -2.96631e-05 -9.66087e-05 -0.000152281 -0.000300197 2.70361e-05 2.27263e-05 -0.000473169 -5.82933e-05 7.66712e-07 3.70853e-06
internal_weight=3393 3367 3210 1264 395 157 61 1946 1910 41 96 869 70
internal_count=3393 3367 3210 1264 395 157 61 1946 1910 41 96 869 70
is_linear=0
shrinkage=0.0124554


Tree=11
num_leaves=17
num_cat=0
split_feature=0 30 11 0 22 27 8 21 11 3 24 0 21 27 21 27
split_gain=0.019848 0.024252 0.0279871 0.0184384 0.0316199 0.0152372 0.016766 0.0136868 0.00982046 0.00873131 0.00945958 0.00756483 0.00662719 0.00644275 0.00343423 0.00282191
threshold=-0.60785761079279388 -0.0062675619422346979 -0.095369229552998799 1.0000000180025095e-35 53799.08400000001 27.372022917042113 10.500000000000002 0.0073442605288795261 -0.11129013738530157 0.00075652923623148471 46457.595500000003 -0.8783796973249266 0.0086707798201399698 26.08704308508965 0.0068547146173858096 36.783330333585404
decision_type=2 2 2 2 2 2 2 2 2 2 2 2 2 2 2 2
left_child=8 -2 3 -3 -5 7 -7 -4 15 10 -10 14 -13 -12 -11 -1
right_child=1 2 5 4 -6 6 -8 -9 9 11 13 12 -14 -15 -16 -17
leaf_value=0.00032509529953515787 0.00041285781909077896 3.7893979625579022e-06 1.8383359856499379e-05 -0.00071791031087053514 -0.00015229766238655622 0.0002716921179442823 6.2446006511601022e-06 -8.2729698125833456e-05 0.00026837643611419447 9.0555500884641478e-05 -6.6190069397745324e-05 0.00017400953160902978 -2.005790333532766e-05 2.6620973747644264e-05 -2.7791911302703728e-05 0.00013342670798873027
leaf_weight=22 20 37 302 23 46 38 1291 665 21 67 165 158 33 391 88 26
leaf_count=22 20 37 302 23 46 38 1291 665 21 67 165 158 33 391 88 26
internal_value=2.4212e-13 -1.90742e-05 -2.26706e-05 -0.000220542 -0.000340835 -1.35355e-05 1.38345e-05 -5.11515e-05 4.75774e-05 3.85444e-05 8.87928e-06 8.80148e-05 0.00014048 -9.21872e-07 2.33647e-05 0.000221275
internal_weight=3393 2422 2402 106 69 2296 1329 967 971 923 577 346 191 556 155 48
internal_count=3393 2422 2402 106 69 2296 1329 967 971 923 577 346 191 556 155 48
is_linear=0
shrinkage=0.0124554


Tree=12
num_leaves=15
num_cat=0
split_feature=9 1 27 27 21 24 32 3 14 25 6 12 13 26
split_gain=0.0289018 0.0241075 0.0176885 0.0225627 0.0194105 0.0300172 0.0166623 0.0112036 0.011037 0.00747115 0.00259855 0.00339678 0.00201624 0.0019458
threshold=-0.89093801187444022 -0.56174490092936669 66.100824503894174 54.479864783072621 0.014136572756617876 54285.770000000011 -0.084970530247135842 -0.015103396992765026 -0.0037564106758040112 -0.77412647988909844 -0.05455584437552418 24.953187797838911 0.0057084370612115005 51855.698500000006
decision_type=2 2 2 2 2 2 2 2 2 2 2 2 2 2
left_child=1 8 3 4 7 -6 -5 -2 9 -1 -3 13 -8 -12
right_child=2 10 -4 6 5 -7 12 -9 -10 -11 11 -13 -14 -15
leaf_value=-0.00029480856042135079 0.00024796226935337696 7.8908559643659821e-05 -0.00031526545725160687 0.00046583742208073953 -0.00024495951616823266 7.7186627850278037e-05 0.00016152518450201985 9.8984910222985054e-06 -0.00011353973505428769 -0.00062742893873425111 -0.00019840988144318185 4.279495466458056e-05 4.4907708222776766e-05 -5.5332105406419282e-05
leaf_weight=20 31 21 26 25 114 74 46 2863 20 22 30 26 46 29
leaf_count=20 31 21 26 25 114 74 46 2863 20 22 30 26 46 29
internal_value=2.96317e-13 -0.000159271 8.29692e-06 1.09267e-05 4.48171e-06 -0.000118157 0.0001807 1.24486e-05 -0.000354361 -0.000469038 -4.51621e-05 -7.58148e-05 0.000103216 -0.000128084
internal_weight=3393 168 3225 3199 3082 188 117 2894 62 42 106 85 92 59
internal_count=3393 168 3225 3199 3082 188 117 2894 62 42 106 85 92 59
is_linear=0
shrinkage=0.0124554


Tree=13
num_leaves=16
num_cat=0
split_feature=9 1 21 13 6 22 9 7 20 21 6 7 3 20 1
split_gain=0.0281863 0.0235107 0.0175867 0.0261013 0.0168234 0.0256034 0.014455 0.0215537 0.011876 0.0118237 0.00731994 0.00562205 0.0025684 0.00229085 0.000620945
threshold=-0.89093801187444022 -0.56174490092936669 0.024056631975004083 0.011608853287572945 -0.085019808582855391 55646.10100000001 0.46442215071068188 10.500000000000002 5.710500000000001e-05 0.014305833634665968 -0.013560546299661523 10.500000000000002 0.0020798489468425445 2.3730000000000001e-05 1.0000000180025095e-35
decision_type=2 2 2 2 2 2 2 2 2 2 2 2 2 2 2
left_child=1 8 3 6 5 -5 9 -8 10 -2 -1 -6 13 14 -3
right_child=2 12 -4 4 11 -7 7 -9 -10 -11 -12 -13 -14 -15 -16
leaf_value=-0.00038777115157116152 -7.411492071570906e-06 -0.0001060632076749088 0.00033082366497395746 -0.00064427632650340498 -0.00022553695159950867 -0.00010620462704252121 0.00033882996310343215 3.427766406944399e-05 -0.00059975546260827145 -0.00024925074621230436 -5.8533904472289054e-05 2.3424397890517114e-06 -0.0001610684963473128 6.4305733048159285e-05 -1.5195413006322814e-05
leaf_weight=22 1575 28 26 23 22 34 37 1405 20 32 20 71 23 35 20
leaf_count=22 1575 28 26 23 22 34 37 1405 20 32 20 71 23 35 20
internal_value=1.49405e-16 -0.000157288 8.19358e-06 5.57139e-06 -0.000154832 -0.000323321 1.34627e-05 4.20921e-05 -0.000349948 -1.22272e-05 -0.000230992 -5.15645e-05 -4.45996e-05 -1.2325e-05 -6.82016e-05
internal_weight=3393 168 3225 3199 150 57 3049 1442 62 1607 42 93 106 83 48
internal_count=3393 168 3225 3199 150 57 3049 1442 62 1607 42 93 106 83 48
is_linear=0
shrinkage=0.0124554


Tree=14
num_leaves=17
num_cat=0
split_feature=0 19 11 13 20 3 11 11 3 26 0 21 27 0 21 27
split_gain=0.0191642 0.0216955 0.0327823 0.0235111 0.0160508 0.0157853 0.0150463 0.00950256 0.00850338 0.00924881 0.00740933 0.00641534 0.00578396 0.00503783 0.00334093 0.00275312
threshold=-0.60785761079279388 0.15305523650643302 -0.095369229552998799 0.010098307323566216 -1.3849999999999999e-06 -0.015103396992765026 -0.053294334627468291 -0.11129013738530157 0.00075652923623148471 46594.115500000007 -0.8783796973249266 0.0086707798201399698 26.08704308508965 -1.0000000180025095e-35 0.0068547146173858096 36.783330333585404
decision_type=2 2 2 2 2 2 2 2 2 2 2 2 2 2 2 2
left_child=7 2 3 -2 -5 13 -7 15 9 -9 14 -12 -11 -4 -10 -1
right_child=1 -3 5 4 -6 6 -8 8 10 12 11 -13 -14 -15 -16 -17
leaf_value=0.00032016084230462329 1.9598543298637816e-05 0.00037986076159341961 9.3416637018466271e-05 -0.00010151785481995246 -0.00053022521524303515 -0.00012261128046644302 -7.6213988810731236e-06 0.000247959290233919 8.8975078599831228e-05 -6.383712835496219e-05 0.00017159795875610251 -1.9342522751026611e-05 2.4356153293953362e-05 0.00036024455429751627 -2.7753591709886109e-05 0.00013084288648902985
leaf_weight=22 33 21 23 20 42 193 2069 24 67 164 158 33 389 21 88 26
leaf_count=22 33 21 23 20 42 193 2069 24 67 164 158 33 389 21 88 26
internal_value=-5.25499e-13 -1.87427e-05 -2.22291e-05 -0.00024898 -0.000391933 -1.28877e-05 -1.74326e-05 4.67507e-05 3.78651e-05 8.58974e-06 8.66855e-05 0.000138608 -1.79882e-06 0.000220766 2.27033e-05 0.000217614
internal_weight=3393 2422 2401 95 62 2306 2262 971 923 577 346 191 553 44 155 48
internal_count=3393 2422 2401 95 62 2306 2262 971 923 577 346 191 553 44 155 48
is_linear=0
shrinkage=0.0124554


Tree=15
num_leaves=16
num_cat=0
split_feature=9 1 21 13 11 22 9 7 16 21 11 5 3 20 1
split_gain=0.0274487 0.0228854 0.0167489 0.0250952 0.0160802 0.0247086 0.0139925 0.0210021 0.0115819 0.0114309 0.00565152 0.00553637 0.00249701 0.00222444 0.000601909
threshold=-0.89093801187444022 -0.56174490092936669 0.024056631975004083 0.011608853287572945 -0.091255550211230094 55646.10100000001 0.46442215071068188 10.500000000000002 6.243000000000001e-05 0.014305833634665968 -0.013625092406598425 10.500000000000002 0.0020798489468425445 2.3730000000000001e-05 1.0000000180025095e-35
decision_type=2 2 2 2 2 2 2 2 2 2 2 2 2 2 2
left_child=1 8 3 6 5 -5 9 -8 10 -2 -1 -6 13 14 -3
right_child=2 12 -4 4 11 -7 7 -9 -10 -11 -12 -13 -14 -15 -16
leaf_value=-0.00037935713806895669 -7.2760897096172231e-06 -0.00010455107086346487 0.00032293728667997411 -0.00063177741868985485 -0.0002343949353441278 -0.00010319200320903927 0.00033434772660586036 3.3718284222801136e-05 -0.0005919917211213942 -0.00024506414923010502 -9.0064120649412509e-05 -4.9266347423893658e-07 -0.00015887543523606371 6.3298119203161694e-05 -1.5086925997086822e-05
leaf_weight=20 1575 28 26 23 20 34 37 1405 20 32 22 73 23 35 20
leaf_count=20 1575 28 26 23 20 34 37 1405 20 32 22 73 23 35 20
internal_value=4.54793e-13 -0.000155216 8.08566e-06 5.52669e-06 -0.000151755 -0.000316481 1.32644e-05 4.14321e-05 -0.000345297 -1.20111e-05 -0.000227823 -5.07942e-05 -4.40365e-05 -1.22137e-05 -6.72743e-05
internal_weight=3393 168 3225 3199 150 57 3049 1442 62 1607 42 93 106 83 48
internal_count=3393 168 3225 3199 150 57 3049 1442 62 1607 42 93 106 83 48
is_linear=0
shrinkage=0.0124554


Tree=16
num_leaves=15
num_cat=0
split_feature=9 1 27 27 21 24 19 20 9 6 24 6 12 26
split_gain=0.0267692 0.0223188 0.0165815 0.0214561 0.0180066 0.0285501 0.0164925 0.0113808 0.00981948 0.00696883 0.00349112 0.00253959 0.0032517 0.00184581
threshold=-0.89093801187444022 -0.56174490092936669 66.100824503894174 54.479864783072621 0.014136572756617876 54285.770000000011 0.10517872609999639 5.710500000000001e-05 0.63487299969475808 -0.013560546299661523 54049.468000000008 -0.05455584437552418 24.953187797838911 51855.698500000006
decision_type=2 2 2 2 2 2 2 2 2 2 2 2 2 2
left_child=1 7 3 4 8 -6 10 9 -2 -1 -5 -3 13 -13
right_child=2 11 -4 6 5 -7 -8 -9 -10 -11 -12 12 -14 -15
leaf_value=-0.00037751961542178199 -6.6842372249450514e-06 7.9167017541481339e-05 -0.0003052891854037255 0.00025334267606707351 -0.00023753939442673104 7.6635351126224505e-05 0.00049226774700661456 -0.00058553980592102549 4.0214087450070099e-05 -5.6275548209121028e-05 6.8393284743664012e-05 -0.00019342691829863065 4.2258075866134448e-05 -5.4073760033791554e-05
leaf_weight=22 1746 21 26 20 114 74 21 20 1148 20 76 30 26 29
leaf_count=22 1746 21 26 20 114 74 21 20 1148 20 76 30 26 29
internal_value=-4.79166e-13 -0.000153283 7.98495e-06 1.05311e-05 4.24615e-06 -0.000113875 0.000176089 -0.000340996 1.19195e-05 -0.000224546 0.000106924 -4.3488e-05 -7.3791e-05 -0.000124931
internal_weight=3393 168 3225 3199 3082 188 117 62 2894 42 96 106 85 59
internal_count=3393 168 3225 3199 3082 188 117 62 2894 42 96 106 85 59
is_linear=0
shrinkage=0.0124554


Tree=17
num_leaves=12
num_cat=0
split_feature=9 27 27 6 32 13 16 11 8 27 13
split_gain=0.0261065 0.016171 0.020925 0.0161892 0.0155413 0.0135347 0.00795467 0.00538416 0.00580479 0.0028752 0.00198614
threshold=-0.89093801187444022 66.100824503894174 54.479864783072621 -0.11496782503786644 -0.084970530247135842 0.014870181635947432 8.8060000000000007e-05 -0.046845968851062174 28.500000000000004 21.297471186842394 0.0057084370612115005
decision_type=2 2 2 2 2 2 2 2 2 2 2
left_child=6 2 3 -2 -4 -5 7 -1 -9 -10 -6
right_child=1 -3 4 5 10 -7 -8 8 9 -11 -12
leaf_value=8.2950243043351717e-05 -0.00032502146998703761 -0.00030148669221998148 0.00044927450975334462 9.6458418622546516e-06 0.00015693597347938928 -0.00022388016562596588 -0.00030989671514750528 -0.00027742585554265856 7.9031409754839386e-06 -0.00014589554116666779 4.1192132604273321e-05
leaf_weight=20 23 26 25 3020 46 39 38 33 33 44 46
leaf_count=20 23 26 25 3020 46 39 38 33 33 44 46
internal_value=2.18299e-14 7.8855e-06 1.03999e-05 4.19326e-06 0.000173895 6.66856e-06 -0.000151373 -0.000105036 -0.000139215 -7.99818e-05 9.90641e-05
internal_weight=3393 3225 3199 3082 117 3059 168 130 110 77 92
internal_count=3393 3225 3199 3082 117 3059 168 130 110 77 92
is_linear=0
shrinkage=0.0124554


Tree=18
num_leaves=15
num_cat=0
split_feature=9 21 13 11 22 9 7 13 22 11 25 7 5 4
split_gain=0.0254602 0.0160886 0.0237284 0.0152654 0.023955 0.0133226 0.020497 0.0112418 0.00818058 0.00627196 0.00862932 0.00784699 0.00532462 0.000945934
threshold=-0.89093801187444022 0.024056631975004083 0.011608853287572945 -0.091255550211230094 55646.10100000001 0.46442215071068188 10.500000000000002 0.0099787522962475252 69424.844999990004 0.0023779026716960199 0.69684099332890159 32.500000000000007 10.500000000000002 -0.0028918670898813166
decision_type=2 2 2 2 2 2 2 2 2 2 2 2 2 2
left_child=8 2 5 4 -4 7 -7 -2 9 10 11 -1 -5 -11
right_child=1 -3 3 12 -6 6 -8 -9 -10 13 -12 -13 -14 -15
leaf_value=-0.0003893843530701424 -4.4694447874192854e-06 0.00031636988980644109 -0.00061860831353631256 -0.00022934476107133907 -9.814643439081659e-05 0.00032966052406854698 3.2667990086079207e-05 -0.00015870747259215018 -0.00036238517375073814 6.2528827172380689e-05 2.7244067501270248e-05 -0.00012132158369049141 4.0868532931044901e-08 -4.666524152600435e-05
leaf_weight=32 1530 26 23 20 34 37 1405 77 24 20 24 36 73 32
leaf_count=32 1530 26 23 20 34 37 1405 77 24 20 24 36 73 32
internal_value=2.46531e-13 7.78728e-06 5.27926e-06 -0.000147659 -0.000308157 1.28033e-05 4.02885e-05 -1.18598e-05 -0.000149488 -0.000114005 -0.000175805 -0.000247469 -4.92894e-05 -4.66752e-06
internal_weight=3393 3225 3199 150 57 3049 1442 1607 168 144 92 68 93 52
internal_count=3393 3225 3199 150 57 3049 1442 1607 168 144 92 68 93 52
is_linear=0
shrinkage=0.0124554


Tree=19
num_leaves=16
num_cat=0
split_feature=9 1 27 27 21 26 19 16 3 6 26 3 16 19 17
split_gain=0.0248299 0.0214561 0.0157057 0.0202597 0.0170177 0.0231964 0.0156895 0.0108684 0.0104502 0.00519123 0.0033945 0.00247401 0.00213042 0.000926287 0.000388841
threshold=-0.89093801187444022 -0.56174490092936669 66.100824503894174 54.479864783072621 0.014136572756617876 54280.982000000011 0.10517872609999639 6.243000000000001e-05 -0.015103396992765026 -0.013560546299661523 53555.782000000007 0.0020798489468425445 2.2170000000000003e-05 0.038537210510506077 0.0053165695342653032
decision_type=2 2 2 2 2 2 2 2 2 2 2 2 2 2 2
left_child=1 7 3 4 8 -6 10 9 -2 -1 -5 12 14 -14 -3
right_child=2 11 -4 6 5 -7 -8 -9 -10 -11 -12 -13 13 -15 -16
leaf_value=-0.00036311015182330944 0.00023897794619613894 -3.4891085227637951e-05 -0.00029719845183210242 0.00024796235098351082 -0.00022100048021919159 6.2879822991399766e-05 0.0004794293195298194 -0.00057065049239091409 9.0578883281739257e-06 -8.5848141915525821e-05 6.5590069593923588e-05 -0.00015428344461714073 -1.3437741099447367e-06 0.00011455666178369636 -0.00011255918801578861
leaf_weight=20 31 20 26 20 115 73 21 20 2863 22 76 23 23 20 20
leaf_count=20 31 20 26 20 115 73 21 20 2863 22 76 23 23 20 20
internal_value=1.3963e-13 -0.000147626 7.69029e-06 1.01683e-05 4.06107e-06 -0.00011077 0.000171044 -0.000331675 1.15208e-05 -0.000217878 0.000103584 -3.99745e-05 -8.29854e-06 5.25634e-05 -7.37251e-05
internal_weight=3393 168 3225 3199 3082 188 117 62 2894 42 96 106 83 43 40
internal_count=3393 168 3225 3199 3082 188 117 62 2894 42 96 106 83 43 40
is_linear=0
shrinkage=0.0124554


Tree=20
num_leaves=17
num_cat=0
split_feature=0 3 11 13 3 11 0 11 3 17 26 27 0 0 27 11
split_gain=0.0181719 0.0198426 0.03067 0.0225031 0.014838 0.0144608 0.0129007 0.00911151 0.00827067 0.00894101 0.00874904 0.00543674 0.00481801 0.00388945 0.00271975 0.00225457
threshold=-0.60785761079279388 -0.023373078347368844 -0.095369229552998799 0.010098307323566216 -0.015103396992765026 -0.053294334627468291 1.0000000180025095e-35 -0.11129013738530157 0.00075652923623148471 0.0053415352595961437 46594.115500000007 26.08704308508965 -1.0000000180025095e-35 -0.8783796973249266 36.783330333585404 -0.049269290547940041
decision_type=2 2 2 2 2 2 2 2 2 2 2 2 2 2 2 2
left_child=7 -2 3 -3 12 -6 -5 14 10 13 -9 -12 -4 -10 -1 -11
right_child=1 2 4 6 5 -7 -8 8 9 15 11 -13 -14 -15 -16 -17
leaf_value=0.00031475833406506348 0.00035410924882949783 2.6049384903363191e-05 8.931932027405633e-05 -0.00012960341565471109 -0.00012019290899815197 -7.4627457901944491e-06 -0.00050923077129269286 0.00024076376548279487 6.0785945558514979e-05 0.00010803122395952257 -6.2299958003953491e-05 2.3205114005384803e-05 0.00035026114978333801 0.0001647114986116086 0.00012659117558786796 -3.8948855677008789e-05
leaf_weight=22 22 32 23 21 193 2069 41 24 88 20 164 389 21 153 26 85
leaf_count=22 22 32 23 21 193 2069 41 24 88 20 164 389 21 153 26 85
internal_value=3.65377e-13 -1.8251e-05 -2.16643e-05 -0.000242197 -1.26747e-05 -1.70812e-05 -0.000380647 4.55242e-05 3.68233e-05 8.49711e-05 7.95135e-06 -2.15263e-06 0.00021386 0.000126764 0.000212834 -1.09527e-05
internal_weight=3393 2422 2400 94 2306 2262 62 971 923 346 577 553 44 241 48 105
internal_count=3393 2422 2400 94 2306 2262 62 971 923 346 577 553 44 241 48 105
is_linear=0
shrinkage=0.0124554


Tree=21
num_leaves=15
num_cat=0
split_feature=21 13 27 1 21 6 21 3 8 24 24 27 1 23
split_gain=0.0160289 0.0195721 0.0132012 0.0147111 0.0148208 0.0112107 0.0198794 0.010766 0.0154176 0.0082777 0.00808733 0.00585486 0.00570414 0.00223997
threshold=0.024056631975004083 0.011608853287572945 26.947444521993937 -0.56174490092936669 0.010348131402051491 -0.085019808582855391 0.020416152045087621 0.00798878285067617 9.5000000000000018 69007.239000000016 53621.806500000013 26.298950920432684 0.81174490092936691 2.1140000000000004e-05
decision_type=2 2 2 2 2 2 2 2 2 2 2 2 2 2
left_child=1 2 3 4 -1 6 10 8 -4 -9 -3 -7 -5 -13
right_child=-2 5 7 12 -6 11 -8 9 -10 -11 -12 13 -14 -15
leaf_value=-4.4791220633032486e-05 0.00030807166762595922 -0.0005979598300406674 0.00028776023054802004 1.6320974014447896e-05 -0.0002185640095815404 -0.00021387034687870402 5.173518115339911e-05 -7.2330768333120265e-05 3.065824705446457e-05 0.00015397434773284984 -0.00024799315179419078 7.1554462360052046e-05 -6.7462766963491156e-05 -6.9591735113055367e-05
leaf_weight=292 26 21 37 716 103 26 20 240 1641 28 20 37 153 33
leaf_count=292 26 21 37 716 103 26 20 240 1641 28 20 37 153 33
internal_value=7.80313e-14 -2.37893e-06 4.26233e-06 -2.70784e-05 -9.01041e-05 -0.000138165 -0.000270202 2.46193e-05 3.63274e-05 -4.8687e-05 -0.000427244 -5.42671e-05 1.56964e-06 5.01411e-06
internal_weight=3393 3367 3210 1264 395 157 61 1946 1678 268 41 96 869 70
internal_count=3393 3367 3210 1264 395 157 61 1946 1678 268 41 96 869 70
is_linear=0
shrinkage=0.0124554


Tree=22
num_leaves=16
num_cat=0
split_feature=9 1 21 17 9 7 0 17 1 29 20 6 3 20 2
split_gain=0.0241029 0.0207151 0.0148692 0.0179312 0.0215122 0.0191524 0.0152694 0.0138551 0.0135657 0.0124423 0.0107915 0.00637647 0.00241361 0.00209577 0.000573441
threshold=-0.89093801187444022 -0.56174490092936669 0.024056631975004083 0.010095904045638128 0.75262440335950498 13.500000000000002 0.6078576107927941 0.0094108683107376554 1.0000000180025095e-35 7.2046218515836129 5.710500000000001e-05 -0.013560546299661523 0.0020798489468425445 2.3730000000000001e-05 0.25000000000000011
decision_type=2 2 2 2 2 2 2 2 2 2 2 2 2 2 2
left_child=1 10 3 7 5 -5 -6 9 -9 -2 11 -1 13 14 -3
right_child=2 12 -4 4 6 -7 -8 8 -10 -11 -12 -13 -14 -15 -16
leaf_value=-0.00035922533619929146 -0.00014589192614004558 -9.9797133795025413e-05 0.00030423451227233562 -5.9813822079493839e-05 -8.117324744425373e-05 -0.00047951601045704249 0.0002476972290100349 4.8843938049018256e-05 0.00036616947116482781 1.2595833069785155e-05 -0.00056442074056577227 -5.1937553778121715e-05 -0.00015257726375874549 6.4909808598912882e-05 -1.3014986633714476e-05
leaf_weight=22 79 27 26 31 116 37 27 57 33 2819 20 20 23 35 21
leaf_count=22 79 27 26 31 116 37 27 57 33 2819 20 20 23 35 21
internal_value=-3.46946e-13 -0.000145449 7.57687e-06 5.16577e-06 -0.000105804 -0.000288181 -1.90788e-05 1.3002e-05 0.000165197 8.27543e-06 -0.000326292 -0.000212898 -3.96724e-05 -8.38547e-06 -6.18299e-05
internal_weight=3393 168 3225 3199 211 68 143 2988 90 2898 62 42 106 83 48
internal_count=3393 168 3225 3199 211 68 143 2988 90 2898 62 42 106 83 48
is_linear=0
shrinkage=0.0124554


Tree=23
num_leaves=14
num_cat=0
split_feature=9 1 27 27 6 19 9 20 6 22 3 20 1
split_gain=0.0235062 0.0202023 0.0145662 0.0192234 0.0152025 0.0147695 0.0107507 0.0105243 0.00621862 0.00361777 0.00235386 0.00204389 0.000569898
threshold=-0.89093801187444022 -0.56174490092936669 66.100824503894174 54.479864783072621 -0.11496782503786644 0.10517872609999639 0.63487299969475808 5.710500000000001e-05 -0.013560546299661523 54053.602000000006 0.0020798489468425445 2.3730000000000001e-05 1.0000000180025095e-35
decision_type=2 2 2 2 2 2 2 2 2 2 2 2 2
left_child=1 7 3 4 -2 9 -6 8 -1 -5 11 12 -3
right_child=2 10 -4 5 6 -7 -8 -9 -10 -11 -12 -13 -14
leaf_value=-0.0003547510443687367 -0.00031510462485513803 -9.733175598604363e-05 -0.00028613707138484037 0.00025017459578998265 -1.2907971060746873e-05 0.00046578338878144518 3.4676275687762161e-05 -0.00055739067476302882 -5.1290652889660987e-05 6.1900284734412657e-05 -0.00015067685294930613 6.4101333763121228e-05 -1.0279133685134232e-05
leaf_weight=22 23 28 26 20 1823 21 1236 20 20 76 23 35 20
leaf_count=22 23 28 26 20 1823 21 1236 20 20 76 23 35 20
internal_value=-6.802e-13 -0.000143637 7.48249e-06 9.8689e-06 3.91993e-06 0.000166576 6.31862e-06 -0.000322228 -0.000210246 0.000101124 -3.91782e-05 -8.28103e-06 -6.10598e-05
internal_weight=3393 168 3225 3199 3082 117 3059 62 42 96 106 83 48
internal_count=3393 168 3225 3199 3082 117 3059 62 42 96 106 83 48
is_linear=0
shrinkage=0.0124554


Tree=24
num_leaves=16
num_cat=0
split_feature=9 1 21 13 6 22 9 7 13 20 6 5 6 25 27
split_gain=0.0229243 0.0197022 0.0143215 0.0215485 0.0136034 0.0223291 0.0123568 0.0194716 0.010764 0.0102638 0.00606467 0.00509464 0.00233279 0.00303444 0.00222604
threshold=-0.89093801187444022 -0.56174490092936669 0.024056631975004083 0.011608853287572945 -0.085019808582855391 55646.10100000001 0.46442215071068188 10.500000000000002 0.0099787522962475252 5.710500000000001e-05 -0.013560546299661523 10.500000000000002 -0.05455584437552418 -0.71315035326841059 22.004029531811426
decision_type=2 2 2 2 2 2 2 2 2 2 2 2 2 2 2
left_child=1 9 3 6 5 -5 8 -8 -2 10 -1 -6 -3 -14 -15
right_child=2 12 -4 4 11 -7 7 -9 -10 -11 -12 -13 13 14 -16
leaf_value=-0.00035033248645480934 -4.3275881308672125e-06 7.8864978268206211e-05 0.0002985323578449781 -0.00059196037335385347 -0.00022398465788572169 -8.9471981816792619e-05 0.00032070442451012947 3.1235882248076774e-05 -0.00015525267156668441 -0.00055044815308793007 -5.0651809125076483e-05 3.9255661933113623e-07 5.4451804170213619e-05 -3.3446713337504149e-05 -0.00018302328131916028
leaf_weight=22 1530 21 26 23 20 34 37 1405 77 20 20 73 23 29 33
leaf_count=22 1530 21 26 23 20 34 37 1405 77 20 20 73 23 29 33
internal_value=1.91005e-13 -0.000141848 7.3893e-06 5.02302e-06 -0.000140721 -0.00029223 1.21931e-05 3.86633e-05 -1.15592e-05 -0.000318215 -0.000207627 -4.78606e-05 -3.86903e-05 -6.77333e-05 -0.00011306
internal_weight=3393 168 3225 3199 150 57 3049 1442 1607 62 42 93 106 85 62
internal_count=3393 168 3225 3199 150 57 3049 1442 1607 62 42 93 106 85 62
is_linear=0
shrinkage=0.0124554


Tree=25
num_leaves=15
num_cat=0
split_feature=9 1 27 27 17 27 19 9 20 11 22 3 20 1
split_gain=0.0223568 0.0192144 0.0141497 0.0186128 0.0143376 0.020641 0.0142446 0.0104571 0.0100097 0.00503599 0.00352371 0.002284 0.00198685 0.000560871
threshold=-0.89093801187444022 -0.56174490092936669 66.100824503894174 54.479864783072621 0.010095904045638128 39.371996434402057 0.10517872609999639 0.46442215071068188 5.710500000000001e-05 -0.013625092406598425 54053.602000000006 0.0020798489468425445 2.3730000000000001e-05 1.0000000180025095e-35
decision_type=2 2 2 2 2 2 2 2 2 2 2 2 2 2
left_child=1 8 3 4 7 -6 10 -2 9 -1 -5 12 13 -3
right_child=2 11 -4 6 5 -7 -8 -9 -10 -11 -12 -13 -14 -15
leaf_value=-0.00034142878685618553 -1.0616610906248758e-05 -9.5793760669080576e-05 -0.00028209479998983061 0.00024666952034184462 -2.4483570623021767e-05 -0.00032123429469832845 0.00045769037983577743 3.7019788606999248e-05 -0.00054359210943044048 -6.8653860238713252e-05 6.0858933649025848e-05 -0.0001480399003293145 6.3592099613859245e-05 -9.4332947427620041e-06
leaf_weight=21 1599 28 26 20 141 49 21 1293 20 21 76 23 35 20
leaf_count=21 1599 28 26 20 141 49 21 1293 20 21 76 23 35 20
internal_value=3.77363e-13 -0.000140081 7.29726e-06 9.64931e-06 3.79557e-06 -0.000101014 0.000163848 1.06814e-05 -0.000314251 -0.000205041 9.95695e-05 -3.82084e-05 -7.7731e-06 -5.98102e-05
internal_weight=3393 168 3225 3199 3082 190 117 2892 62 42 96 106 83 48
internal_count=3393 168 3225 3199 3082 190 117 2892 62 42 96 106 83 48
is_linear=0
shrinkage=0.0124554


Tree=26
num_leaves=15
num_cat=0
split_feature=9 21 13 6 22 9 7 13 22 11 0 7 14 4
split_gain=0.0218034 0.0138331 0.0207822 0.0131283 0.0217829 0.0117892 0.0190487 0.0104889 0.00766407 0.00548342 0.00663863 0.00886619 0.00501221 0.000917586
threshold=-0.89093801187444022 0.024056631975004083 0.011608853287572945 -0.085019808582855391 55646.10100000001 0.46442215071068188 10.500000000000002 0.0099787522962475252 69424.844999990004 0.0023779026716960199 -0.60785761079279388 28.500000000000004 -0.029972171866434413 -0.0028918670898813166
decision_type=2 2 2 2 2 2 2 2 2 2 2 2 2 2
left_child=8 2 5 4 -4 7 -7 -2 9 10 -1 -12 -5 -11
right_child=1 -3 3 12 -6 6 -8 -9 -10 13 11 -13 -14 -15
leaf_value=2.695320845539916e-05 -4.1395338017226276e-06 0.00029334225724171804 -0.00058312994943246759 7.9222633763968004e-05 -8.6824624189469921e-05 0.00031673848186764182 3.0430988966986708e-05 -0.00015312300750743065 -0.0003444031285239537 6.4423249152864115e-05 -0.00042814628372724332 -0.00012619114944186166 -0.00011325182389687464 -4.3122183395483754e-05
leaf_weight=22 1530 26 23 32 34 37 1405 77 24 20 22 48 61 32
leaf_count=22 1530 26 23 32 34 37 1405 77 24 20 22 48 61 32
internal_value=-6.23259e-13 7.20637e-06 4.88079e-06 -0.000138248 -0.000287088 1.19222e-05 3.77773e-05 -1.12781e-05 -0.000138337 -0.000103992 -0.000161776 -0.000221091 -4.70241e-05 -1.75856e-06
internal_weight=3393 3225 3199 150 57 3049 1442 1607 168 144 92 70 93 52
internal_count=3393 3225 3199 150 57 3049 1442 1607 168 144 92 70 93 52
is_linear=0
shrinkage=0.0124554


Tree=27
num_leaves=13
num_cat=0
split_feature=9 27 27 6 19 13 22 11 0 7 22 33
split_gain=0.0212636 0.0137461 0.0180222 0.0142082 0.0137382 0.0117692 0.00747434 0.00534767 0.00647429 0.0086467 0.00343216 0.00102466
threshold=-0.89093801187444022 66.100824503894174 54.479864783072621 -0.11496782503786644 0.10517872609999639 0.014870181635947432 69424.844999990004 0.0023779026716960199 -0.60785761079279388 28.500000000000004 54053.602000000006 8.8322380685102337e-05
decision_type=2 2 2 2 2 2 2 2 2 2 2 2
left_child=6 2 3 -2 10 -5 7 8 -1 -10 -4 -9
right_child=1 -3 4 5 -6 -7 -8 11 9 -11 -12 -13
leaf_value=2.6617493466620139e-05 -0.00030474095348432276 -0.00027811766009150726 0.00024321812956961631 8.7700008643761932e-06 0.00044973940979988689 -0.0002089934048958193 -0.00034011345650605042 5.1465863199760933e-05 -0.0004228135564445691 -0.00012461939362418088 5.983718299826751e-05 -5.9195367335434035e-05
leaf_weight=22 23 26 20 3020 21 39 24 27 22 48 76 25
leaf_count=22 23 26 20 3020 21 39 24 27 22 48 76 25
internal_value=5.06751e-13 7.11661e-06 9.43487e-06 3.67476e-06 0.000161167 5.99368e-06 -0.000136614 -0.000102697 -0.000159761 -0.000218338 9.80415e-05 -1.73665e-06
internal_weight=3393 3225 3199 3082 117 3059 168 144 92 70 96 52
internal_count=3393 3225 3199 3082 117 3059 168 144 92 70 96 52
is_linear=0
shrinkage=0.0124554


Tree=28
num_leaves=16
num_cat=0
split_feature=9 1 21 13 11 0 9 32 8 20 29 11 3 20 2
split_gain=0.0207372 0.0182793 0.0133585 0.0199253 0.0215776 0.0244035 0.0139031 0.0110052 0.0163825 0.00961143 0.00628076 0.00464854 0.00221887 0.00195395 0.000564741
threshold=-0.89093801187444022 -0.56174490092936669 0.024056631975004083 0.0099787522962475252 -0.095369229552998799 1.0000000180025095e-35 0.75262440335950498 0.0352662882650372 12.500000000000002 5.710500000000001e-05 24.462940784586369 -0.013625092406598425 0.0020798489468425445 2.3730000000000001e-05 0.25000000000000011
decision_type=2 2 2 2 2 2 2 2 2 2 2 2 2 2 2
left_child=1 9 3 7 5 -5 -6 8 -2 11 -9 -1 13 14 -3
right_child=2 12 -4 4 6 -7 -8 10 -10 -11 -12 -13 -14 -15 -16
leaf_value=-0.0003288115995918107 0.00011554182382685561 -9.4833365310041594e-05 0.00028821258725646702 -3.1358778573589734e-05 -0.00012274315864557907 -0.0004570396066696999 6.5301804799160559e-05 -0.00020366718767898299 1.2820670557422329e-05 -0.00052952258590666264 -3.4163377240683615e-05 -6.6739599278938146e-05 -0.00014380303127377929 6.5221223031365868e-05 -8.7120988932339125e-06
leaf_weight=21 269 27 26 39 121 45 123 39 2303 20 260 21 23 35 21
leaf_count=21 269 27 26 39 121 45 123 39 2303 20 260 21 23 35 21
internal_value=4.47114e-14 -0.000134912 7.02797e-06 4.74263e-06 -8.72243e-05 -0.000259402 -2.795e-05 1.52495e-05 2.35641e-05 -0.000304791 -5.62726e-05 -0.000197776 -3.55489e-05 -5.55075e-06 -5.71553e-05
internal_weight=3393 168 3225 3199 328 84 244 2871 2572 62 299 42 106 83 48
internal_count=3393 168 3225 3199 328 84 244 2871 2572 62 299 42 106 83 48
is_linear=0
shrinkage=0.0124554


Tree=29
num_leaves=15
num_cat=0
split_feature=9 1 27 27 13 24 9 19 16 11 24 12 25 2
split_gain=0.0202239 0.0178268 0.012944 0.0175177 0.0122412 0.0114319 0.00983801 0.00953228 0.00938852 0.00428594 0.002605 0.00217766 0.00342651 0.00166326
threshold=-0.89093801187444022 -0.56174490092936669 66.100824503894174 54.856185739997684 0.011608853287572945 54389.050500000005 0.46442215071068188 0.1020542885037824 6.243000000000001e-05 -0.013625092406598425 56282.420000000006 24.953187797838911 0.49439831430439501 -0.5
decision_type=2 2 2 2 2 2 2 2 2 2 2 2 2 2
left_child=1 8 3 4 6 -6 -2 10 9 -1 -5 12 13 -3
right_child=2 11 -4 7 5 -7 -8 -9 -10 -11 -12 -13 -14 -15
leaf_value=-0.00032719034960820316 -1.151296622256637e-05 -0.00021994271608993807 -0.00026984706288118564 0.00023014474071402153 -0.00019023335544366771 4.4849500921199062e-05 3.4136744010442976e-05 0.00041257027134293571 -0.00052310507358052281 -7.5261312512187891e-05 6.9960129674871712e-05 5.6884875537556754e-05 4.0162797337389729e-05 -7.2297003678574957e-05
leaf_weight=20 1608 20 26 21 93 49 1345 20 20 22 63 29 28 29
leaf_count=20 1608 20 26 21 93 49 1345 20 20 22 63 29 28 29
internal_value=-3.0592e-13 -0.000133232 6.94044e-06 9.19004e-06 3.84717e-06 -0.000109113 9.27906e-06 0.000168192 -0.000300994 -0.000195228 0.000110006 -3.51061e-05 -6.97521e-05 -0.000132561
internal_weight=3393 168 3225 3199 3095 142 2953 104 62 42 84 106 77 49
internal_count=3393 168 3225 3199 3095 142 2953 104 62 42 84 106 77 49
is_linear=0
shrinkage=0.0124554


Tree=30
num_leaves=19
num_cat=0
split_feature=9 1 9 17 30 30 13 7 6 20 20 18 16 6 10 6 12 26
split_gain=0.0197232 0.0173855 0.0126098 0.0208436 0.0224823 0.0174894 0.0140708 0.016941 0.00946297 0.00921119 0.00736687 0.0072709 0.0053485 0.00524982 0.00485125 0.00224471 0.00290591 0.00166698
threshold=-0.89093801187444022 -0.56174490092936669 0.63487299969475808 0.0090049613127196424 0.00070548345208862123 -0.0057038606616891174 0.011919333910874323 10.500000000000002 -0.081132681818333816 5.710500000000001e-05 2.4450000000000007e-06 -0.0015950304010905387 4.553500000000001e-05 -0.013560546299661523 36.177864174042689 -0.05455584437552418 24.953187797838911 51855.698500000006
decision_type=2 2 2 2 2 2 2 2 2 2 2 2 2 2 2 2 2 2
left_child=1 9 3 8 10 -4 7 -7 -2 13 -5 -10 -6 -1 -8 -3 17 -17
right_child=2 15 5 4 12 6 14 -9 11 -11 -12 -13 -14 -15 -16 16 -18 -19
leaf_value=-0.00032525465812135139 0.00025336572431743461 8.0645507866858687e-05 0.00034904507934887283 -0.00022438721579047524 5.1335538183681901e-05 0.00033153688186717591 -0.00027391610723404139 3.2029049575199368e-05 -5.4189047939624878e-05 -0.00051724843663293867 -0.00052383894948019368 7.4186046820084164e-06 -0.0001695021995903548 -4.6432422969918197e-05 -6.5810734677120377e-05 -0.00017659592137373741 4.6547038707872452e-05 -4.4165492027039e-05
leaf_weight=22 22 21 27 26 46 30 25 1252 385 20 25 1303 27 20 57 30 26 29
leaf_count=22 22 21 27 26 46 30 25 1252 385 20 25 1303 27 20 57 30 26 29
internal_value=-1.18226e-13 -0.000131572 6.85399e-06 -1.45951e-05 -0.000170526 3.51341e-05 2.89204e-05 3.90378e-05 -3.28789e-06 -0.000297245 -0.000371177 -6.6329e-06 -3.03442e-05 -0.000192482 -0.000129257 -3.46689e-05 -6.31583e-05 -0.000111503
internal_weight=3393 168 3225 1834 124 1391 1364 1282 1710 62 51 1688 73 42 82 106 85 59
internal_count=3393 168 3225 1834 124 1391 1364 1282 1710 62 51 1688 73 42 82 106 85 59
is_linear=0
shrinkage=0.0124554


Tree=31
num_leaves=17
num_cat=0
split_feature=9 1 21 13 11 20 27 32 8 14 25 29 3 16 10 17
split_gain=0.0192349 0.0169551 0.0128252 0.0188459 0.0205611 0.0172682 0.0151262 0.0107852 0.0157895 0.00912252 0.00680457 0.00605928 0.00215433 0.00189158 0.000852939 0.000345947
threshold=-0.89093801187444022 -0.56174490092936669 0.024056631975004083 0.0099787522962475252 -0.095369229552998799 4.2420000000000011e-05 27.283111152975327 0.0352662882650372 12.500000000000002 -0.0037564106758040112 -0.77412647988909844 24.462940784586369 0.0020798489468425445 2.2170000000000003e-05 46.804279468284598 0.0053165695342653032
decision_type=2 2 2 2 2 2 2 2 2 2 2 2 2 2 2 2
left_child=1 9 3 7 5 -5 -6 8 -2 10 -1 -9 13 15 -15 -3
right_child=2 12 -4 4 6 -7 -8 11 -10 -11 -12 -13 -14 14 -16 -17
leaf_value=-0.00023152532455213493 0.00011327643080732093 -2.9699084430957625e-05 0.00028228279015914397 -0.00014988018073090056 -0.00018322937071147996 -0.00056230009900065799 3.4528376701303084e-05 -0.00020082835546392347 1.2431573207673894e-05 -7.4601658258944761e-05 -0.00054896077109028085 -3.4340007314356362e-05 -0.00014090531163480255 0.00010686829502276348 -4.1076937509653855e-06 -0.00010295815080950757
leaf_weight=20 269 20 26 63 69 21 175 39 2303 20 22 260 23 22 21 20
leaf_count=20 269 20 26 63 69 21 175 39 2303 20 22 260 23 22 21 20
internal_value=3.1578e-13 -0.000129933 6.76862e-06 4.52937e-06 -8.49119e-05 -0.000252985 -2.70507e-05 1.47477e-05 2.29787e-05 -0.000293543 -0.000397801 -5.60559e-05 -3.4237e-05 -4.67836e-06 5.26707e-05 -6.63286e-05
internal_weight=3393 168 3225 3199 328 84 244 2871 2572 62 42 299 106 83 43 40
internal_count=3393 168 3225 3199 328 84 244 2871 2572 62 42 299 106 83 43 40
is_linear=0
shrinkage=0.0124554


Tree=32
num_leaves=15
num_cat=0
split_feature=9 21 13 11 0 27 32 8 22 29 11 0 8 4
split_gain=0.0187588 0.0125077 0.0183794 0.0200521 0.0229721 0.0147518 0.0105182 0.0153986 0.00705739 0.00590928 0.00483017 0.00587113 0.00737367 0.000874356
threshold=-0.89093801187444022 0.024056631975004083 0.0099787522962475252 -0.095369229552998799 1.0000000180025095e-35 27.283111152975327 0.0352662882650372 12.500000000000002 69424.844999990004 24.462940784586369 0.0023779026716960199 -0.60785761079279388 27.500000000000004 -0.0028918670898813166
decision_type=2 2 2 2 2 2 2 2 2 2 2 2 2 2
left_child=8 2 6 4 -4 -5 7 -2 10 -8 11 -1 -13 -12
right_child=1 -3 3 5 -6 -7 9 -9 -10 -11 13 12 -14 -15
leaf_value=2.7893961535426061e-05 0.00011186552997184596 0.00027876685356688032 -2.857981870923986e-05 -0.00018094717623764548 -0.00044158787421140624 3.4098314199663552e-05 -0.00019832696401503492 1.227673309388313e-05 -0.00032605747295430873 -3.3912290019668908e-05 6.5196999191867365e-05 -0.00040749687774366137 -0.00012452206444332552 -3.978447917611005e-05
leaf_weight=22 269 26 39 69 45 175 39 2303 24 260 20 20 50 32
leaf_count=22 269 26 39 69 45 175 39 2303 24 260 20 20 50 32
internal_value=3.83167e-13 6.68432e-06 4.47295e-06 -8.38543e-05 -0.000249834 -2.67137e-05 1.4564e-05 2.26925e-05 -0.000128315 -5.53577e-05 -9.53579e-05 -0.000149591 -0.000205372 5.93013e-07
internal_weight=3393 3225 3199 328 84 244 2871 2572 168 299 144 92 70 52
internal_count=3393 3225 3199 328 84 244 2871 2572 168 299 144 92 70 52
is_linear=0
shrinkage=0.0124554


Tree=33
num_leaves=19
num_cat=0
split_feature=9 1 9 13 27 8 23 33 16 32 27 16 12 13 6 6 12 26
split_gain=0.0182944 0.0163623 0.0122849 0.0195906 0.0145205 0.01585 0.0184839 0.0141765 0.0161117 0.00934657 0.00927432 0.00888062 0.0072913 0.00545529 0.00389935 0.00217646 0.00279993 0.00162778
threshold=-0.89093801187444022 -0.56174490092936669 0.63487299969475808 0.0099787522962475252 66.100824503894174 11.500000000000002 3.5090000000000011e-05 -0.00098651365347469195 4.1690000000000009e-05 0.036219202533444468 54.479864783072621 6.243000000000001e-05 15.601811920574027 0.0041675382861577999 -0.013560546299661523 -0.05455584437552418 24.953187797838911 51855.698500000006
decision_type=2 2 2 2 2 2 2 2 2 2 2 2 2 2 2 2 2 2
left_child=1 11 3 9 5 6 -4 -5 -9 12 -7 14 -2 -11 -1 -3 17 -17
right_child=2 15 4 7 -6 10 -8 8 -10 13 -12 -13 -14 -15 -16 16 -18 -19
leaf_value=-0.00031044541356104979 6.1957498600154765e-05 8.0839609113438388e-05 0.00027476084007472032 0.00010777923570083098 -0.00025706967652493179 1.592101059488103e-05 -4.6019377094857769e-05 -0.00013120728391240776 -0.00047424005609248142 3.7378270498011374e-05 0.00013724636079921949 -0.00050346004541933307 -7.7736603613976018e-06 -0.00017163425041179022 -7.0146657557833245e-05 -0.00017253934554870695 4.6924917036342709e-05 -4.1675199453577565e-05
leaf_weight=20 283 21 87 26 26 1130 41 88 28 26 107 20 1307 76 22 30 26 29
leaf_count=20 283 21 87 26 26 1130 41 88 28 26 107 20 1307 76 22 30 26 29
internal_value=1.12046e-14 -0.000126717 6.60106e-06 -1.45699e-05 3.45145e-05 4.00685e-05 0.000172011 -0.000155089 -0.000214008 -2.77693e-06 2.64156e-05 -0.000287441 4.63761e-06 -0.000118357 -0.000184575 -3.27083e-05 -6.07613e-05 -0.000108216
internal_weight=3393 168 3225 1834 1391 1365 128 142 116 1692 1237 62 1590 102 42 106 85 59
internal_count=3393 168 3225 1834 1391 1365 128 142 116 1692 1237 62 1590 102 42 106 85 59
is_linear=0
shrinkage=0.0124554


Tree=34
num_leaves=16
num_cat=0
split_feature=0 30 11 19 24 27 8 0 11 25 24 32 17 0 27
split_gain=0.0158311 0.0198993 0.0217805 0.0156202 0.0154348 0.00951452 0.0151339 0.0104009 0.00826134 0.00702554 0.00944448 0.00558423 0.00555922 0.00429333 0.0026208
threshold=-0.60785761079279388 -0.0057038606616891174 -0.095369229552998799 0.064009832664397873 53621.806500000013 27.372022917042113 12.500000000000002 0.6078576107927941 -0.11129013738530157 0.62999442531181959 46457.595500000003 0.042086017395787996 0.0089602589268473597 -0.8783796973249266 36.783330333585404
decision_type=2 2 2 2 2 2 2 2 2 2 2 2 2 2 2
left_child=8 -2 3 -3 -5 7 -7 -4 14 10 -10 13 -12 -11 -1
right_child=1 2 5 4 -6 6 -8 -9 9 11 12 -13 -14 -15 -16
leaf_value=0.00030185730524898645 0.000291505898397216 0.00011537958584903552 -7.6120040351467674e-05 -0.00053888799912883039 -0.00016515169825958418 0.00013563509518454823 -5.4155691543083522e-06 7.4215680116650618e-06 0.00024045460460852077 4.1576838468818271e-05 1.2069100138534975e-05 -0.00010184426489806618 -0.00014146608568130434 0.00014815281420608431 0.00011714464849915362
leaf_weight=22 32 20 581 24 60 131 1190 384 27 98 591 22 39 146 26
leaf_count=22 32 20 581 24 60 131 1190 384 27 98 591 22 39 146 26
internal_value=-1.77921e-13 -1.7035e-05 -2.11661e-05 -0.00019745 -0.000271933 -1.31462e-05 8.57204e-06 -4.28765e-05 4.24911e-05 3.42061e-05 1.23408e-05 8.82115e-05 2.56454e-06 0.000105348 0.000201805
internal_weight=3393 2422 2390 104 84 2286 1321 965 971 923 657 266 630 244 48
internal_count=3393 2422 2390 104 84 2286 1321 965 971 923 657 266 630 244 48
is_linear=0
shrinkage=0.0124554


Tree=35
num_leaves=17
num_cat=0
split_feature=9 1 21 13 6 26 9 7 21 14 25 4 3 16 34 17
split_gain=0.017783 0.0158188 0.0120097 0.0175325 0.0111428 0.020048 0.0104996 0.015749 0.00926181 0.00869241 0.00657154 0.00482702 0.0020901 0.00182369 0.000835315 0.000326856
threshold=-0.89093801187444022 -0.56174490092936669 0.024056631975004083 0.011608853287572945 -0.085019808582855391 55668.308000000012 0.63487299969475808 10.500000000000002 0.0077375214573291466 -0.0037564106758040112 -0.77412647988909844 -0.0075859826573858027 0.0020798489468425445 2.2170000000000003e-05 0.97310445089205866 0.0053165695342653032
decision_type=2 2 2 2 2 2 2 2 2 2 2 2 2 2 2 2
left_child=1 9 3 6 5 -5 8 -8 -2 10 -1 -6 13 15 -15 -3
right_child=2 12 -4 4 11 -7 7 -9 -10 -11 -12 -13 -14 14 -16 -17
leaf_value=-0.00022133192753757334 2.3881148849347853e-05 -2.83136613351907e-05 0.0002731197071046815 -0.0005482540199122025 8.6957745242230842e-05 -7.2123150754510926e-05 0.00032008991106979048 3.1290310743702465e-05 -3.3562765414841881e-05 -6.9247413775722666e-05 -0.00053328457988094228 -0.0001050005817632007 -0.00013756511297294876 0.0001117964103823605 1.7344461946913207e-06 -9.952268161672705e-05
leaf_weight=20 766 20 26 23 30 34 30 1244 1009 20 22 63 23 20 23 20
leaf_count=20 766 20 26 23 30 34 30 1244 1009 20 22 63 23 20 23 20
internal_value=1.61692e-13 -0.000124933 6.50814e-06 4.34124e-06 -0.000127122 -0.000264246 1.08088e-05 3.80909e-05 -8.77288e-06 -0.000282965 -0.000384736 -4.30785e-05 -3.24991e-05 -3.38441e-06 5.29261e-05 -6.39182e-05
internal_weight=3393 168 3225 3199 150 57 3049 1274 1775 62 42 93 106 83 43 40
internal_count=3393 168 3225 3199 150 57 3049 1274 1775 62 42 93 106 83 43 40
is_linear=0
shrinkage=0.0124554


Tree=36
num_leaves=16
num_cat=0
split_feature=9 1 21 13 11 20 27 32 8 20 21 6 6 12 26
split_gain=0.0173427 0.0154272 0.0117124 0.0172122 0.0187034 0.0162231 0.0140031 0.0100793 0.0145434 0.00874997 0.00561323 0.00469087 0.00209324 0.00271842 0.00157057
threshold=-0.89093801187444022 -0.56174490092936669 0.024056631975004083 0.0099787522962475252 -0.095369229552998799 4.2420000000000011e-05 27.283111152975327 0.0352662882650372 12.500000000000002 5.710500000000001e-05 0.010714545665824774 -0.013560546299661523 -0.05455584437552418 24.953187797838911 51855.698500000006
decision_type=2 2 2 2 2 2 2 2 2 2 2 2 2 2 2
left_child=1 9 3 7 5 -5 -6 8 -2 11 -9 -1 -3 14 -14
right_child=2 12 -4 4 6 -7 -8 10 -10 -11 -12 -13 13 -15 -16
leaf_value=-0.00030283946522421186 0.00010867093941597115 7.9261639489432612e-05 0.00026971789891207546 -0.00014155392562357973 -0.00017627256242061805 -0.00054129971358042551 3.3244766106717902e-05 -2.4279200676758345e-05 1.1887255528401556e-05 -0.00049386515021760508 -0.00015110348169743049 -3.9278057183239893e-05 -0.00016954756451577308 4.650143293227903e-05 -4.100348815309025e-05
leaf_weight=22 269 21 26 63 69 21 175 228 2303 20 71 20 30 26 29
leaf_count=22 269 21 26 63 69 21 175 228 2303 20 71 20 30 26 29
internal_value=-6.64503e-14 -0.000123377 6.42708e-06 4.28717e-06 -8.11895e-05 -0.00024149 -2.6004e-05 1.40525e-05 2.20097e-05 -0.000279441 -5.43947e-05 -0.000177334 -3.20943e-05 -5.96058e-05 -0.000106365
internal_weight=3393 168 3225 3199 328 84 244 2871 2572 62 299 42 106 85 59
internal_count=3393 168 3225 3199 328 84 244 2871 2572 62 299 42 106 85 59
is_linear=0
shrinkage=0.0124554


Tree=37
num_leaves=17
num_cat=0
split_feature=9 17 0 11 30 27 9 24 13 1 6 12 18 9 12 18
split_gain=0.0170499 0.0183169 0.0208357 0.0221407 0.0164216 0.0129919 0.0123176 0.0119365 0.0105761 0.00931372 0.00901034 0.00727306 0.00699528 0.00595224 0.00279327 0.00143007
threshold=0.63487299969475808 0.0090049613127196424 -1.0000000180025095e-35 -0.045897923780475962 -0.0057038606616891174 66.100824503894174 -0.89093801187444022 45886.341500000002 0.011608853287572945 -0.56174490092936669 -0.081132681818333816 22.978517660826039 -0.0015950304010905387 -0.36278337865383498 24.953187797838911 0.0013520804409057534
decision_type=2 2 2 2 2 2 2 2 2 2 2 2 2 2 2 2
left_child=1 6 13 -4 -2 7 9 -6 -9 11 -8 -1 -12 -3 -11 -15
right_child=4 2 3 -5 5 -7 10 8 -10 14 12 -13 -14 15 -16 -17
leaf_value=-5.2167925829062107e-05 0.00033767333528519601 0.00017232626853087006 -0.00051437646855086823 -8.0178093455009197e-05 0.00032056277010512635 -0.00024828214461008802 0.00024703787751676322 3.6886399847170543e-05 -0.0001126475537264061 -8.6677544957563542e-05 -5.3312599319199046e-05 -0.00034561025698445769 7.1160774632817084e-06 -1.8824519572767173e-05 6.3062698815600018e-05 -0.00016012904166219972
leaf_weight=20 27 21 38 35 22 26 22 1238 78 68 385 38 1303 25 27 20
leaf_count=20 27 21 38 35 22 26 22 1238 78 68 385 38 1303 25 27 20
internal_value=2.43756e-13 -2.32733e-05 -0.000161201 -0.000306199 3.34961e-05 2.7475e-05 -1.29824e-05 3.28335e-05 2.80234e-05 -0.000120052 -3.4025e-06 -0.000244423 -6.66653e-06 -8.23366e-07 -4.41198e-05 -8.16265e-05
internal_weight=3393 2002 139 73 1391 1364 1863 1338 1316 153 1710 58 1688 66 95 45
internal_count=3393 2002 139 73 1391 1364 1863 1338 1316 153 1710 58 1688 66 95 45
is_linear=0
shrinkage=0.0124554


Tree=38
num_leaves=18
num_cat=0
split_feature=9 17 0 11 30 24 9 1 6 19 8 8 12 18 6 9 12
split_gain=0.0166278 0.0178635 0.0203199 0.0215926 0.0160151 0.0120748 0.0120127 0.00908316 0.00878729 0.00776226 0.0153981 0.0105462 0.00709301 0.00682211 0.00581203 0.00452037 0.00272412
threshold=0.63487299969475808 0.0090049613127196424 -1.0000000180025095e-35 -0.045897923780475962 -0.0057038606616891174 45886.341500000002 -0.89093801187444022 -0.56174490092936669 -0.081132681818333816 0.088006799388935519 22.500000000000004 14.500000000000002 22.978517660826039 -0.0015950304010905387 -0.088594971142660614 -0.088160399250514845 24.953187797838911
decision_type=2 2 2 2 2 2 2 2 2 2 2 2 2 2 2 2 2
left_child=1 6 14 -4 -2 -6 7 12 -8 11 -11 -7 -1 -10 -3 -16 -9
right_child=4 2 3 -5 5 9 8 16 13 10 -12 -13 -14 -15 15 -17 -18
leaf_value=-5.1518154264424338e-05 0.00033346748542539259 0.00017028512053938997 -0.00050796972349536652 -7.9179443436211682e-05 0.00031657003547510491 0.00011225904245293565 0.00024396092715630146 -8.5597942361851517e-05 -5.2648570895198155e-05 -0.0001663709791900468 0.00011799037490970262 1.5356261025687498e-05 -0.00034130554612042257 7.0274448570799398e-06 5.8911290364818228e-05 -0.00019231514915411365 6.2277229428407858e-05
leaf_weight=20 27 21 38 35 22 211 22 68 385 86 45 1000 38 1303 20 25 27
leaf_count=20 27 21 38 35 22 211 22 68 385 86 45 1000 38 1303 20 25 27
internal_value=4.87806e-13 -2.29834e-05 -0.000159193 -0.000302385 3.30789e-05 2.71328e-05 -1.28207e-05 -0.000118557 -3.36012e-06 2.23879e-05 -6.86896e-05 3.22402e-05 -0.000241379 -6.58349e-06 -8.13112e-07 -8.0659e-05 -4.35703e-05
internal_weight=3393 2002 139 73 1391 1364 1863 153 1710 1342 131 1211 58 1688 66 45 95
internal_count=3393 2002 139 73 1391 1364 1863 153 1710 1342 131 1211 58 1688 66 45 95
is_linear=0
shrinkage=0.0124554


Tree=39
num_leaves=19
num_cat=0
split_feature=9 17 0 11 19 9 26 13 5 1 6 21 12 12 9 8 12 18
split_gain=0.0162162 0.0174213 0.0198168 0.0210888 0.0129891 0.0117153 0.0107316 0.0105603 0.0136902 0.0088583 0.00856975 0.00810467 0.00753903 0.00691742 0.00571437 0.00456238 0.00265668 0.00139382
threshold=0.63487299969475808 0.0090049613127196424 -1.0000000180025095e-35 -0.035952824356874351 0.15305523650643302 -0.89093801187444022 45861.886500000001 0.011608853287572945 10.500000000000002 -0.56174490092936669 -0.081132681818333816 0.0077375214573291466 30.233077395962791 22.978517660826039 -0.36278337865383498 12.500000000000002 24.953187797838911 0.0013520804409057534
decision_type=2 2 2 2 2 2 2 2 2 2 2 2 2 2 2 2 2 2
left_child=1 5 14 12 6 9 -2 8 -8 13 -7 -12 -4 -1 -3 -9 -11 -16
right_child=4 2 3 -5 -6 10 7 15 -10 16 11 -13 -14 -15 17 -17 -18 -19
leaf_value=-5.0876477383107239e-05 0.00030094526210259755 0.00016885160386243854 -0.00065871409025242123 -5.8990848676703162e-05 0.0003477948429441219 0.00024092230310724966 0.00029154644579068969 -0.00018917175874298426 2.651129406593825e-05 -8.4531788703618929e-05 2.3441103031648424e-05 -3.13778842820279e-05 -0.00032081901465211157 -0.00033705445920176319 -1.7974114837448617e-05 -1.3581765860758427e-05 6.1501544511191811e-05 -0.00015747638074623465
leaf_weight=20 22 21 20 32 20 22 31 48 1226 68 766 922 21 38 25 44 27 20
leaf_count=20 22 21 20 32 20 22 31 48 1226 68 766 922 21 38 25 44 27 20
internal_value=-2.55819e-13 -2.26971e-05 -0.00015721 -0.000298619 3.26669e-05 -1.2661e-05 2.80698e-05 2.36197e-05 3.30476e-05 -0.00011708 -3.31827e-06 -6.5015e-06 -0.000485646 -0.000238372 -8.02982e-07 -0.000105194 -4.30276e-05 -7.99751e-05
internal_weight=3393 2002 139 73 1391 1863 1371 1349 1257 153 1710 1688 41 58 66 92 95 45
internal_count=3393 2002 139 73 1391 1863 1371 1349 1257 153 1710 1688 41 58 66 92 95 45
is_linear=0
shrinkage=0.0124554


Tree=40
num_leaves=17
num_cat=0
split_feature=9 17 30 30 27 9 26 24 1 6 6 21 12 4 11 12
split_gain=0.0158147 0.01699 0.0170752 0.015471 0.0124103 0.0114253 0.0112668 0.0111404 0.00863901 0.0083576 0.00803914 0.00790404 0.00674618 0.00582145 0.00510297 0.00259091
threshold=0.63487299969475808 0.0090049613127196424 0.00070548345208862123 -0.0057038606616891174 66.100824503894174 -0.89093801187444022 51820.583000000006 45886.341500000002 -0.56174490092936669 -0.081132681818333816 0.074111546424657129 0.0077375214573291466 22.978517660826039 0.0051095821250399806 -0.083718980881959879 24.953187797838911
decision_type=2 2 2 2 2 2 2 2 2 2 2 2 2 2 2 2
left_child=1 5 14 -2 7 8 13 -5 12 -7 -9 -11 -1 -4 -3 -10
right_child=3 2 6 4 -6 9 -8 10 15 11 -12 -13 -14 -15 -16 -17
leaf_value=-5.0242792772300664e-05 0.00032750145719158863 -0.00045728116330623895 0.00012875751107776061 0.00030962224636422715 -0.00024309914413849317 0.00023792152265254192 -0.00028570677541674713 3.1201828778266638e-05 -8.3478913634913915e-05 2.3149135226966081e-05 -0.00019886434245583578 -3.0987060661679002e-05 -0.00033285632051334739 -0.00012625807432306739 -0.00021633560650431512 6.0735518317020333e-05
leaf_weight=20 27 25 41 22 26 22 22 1292 68 766 24 922 38 21 30 27
leaf_count=20 27 25 41 22 26 22 22 1292 68 766 24 922 38 21 30 27
internal_value=-1.11939e-13 -2.24144e-05 -0.000155252 3.226e-05 2.64158e-05 -1.25033e-05 -4.35466e-05 3.1653e-05 -0.000115622 -3.27693e-06 2.70061e-05 -6.42052e-06 -0.000235403 4.23813e-05 -0.000325856 -4.24917e-05
internal_weight=3393 2002 139 1391 1364 1863 84 1338 153 1710 1316 1688 58 62 55 95
internal_count=3393 2002 139 1391 1364 1863 84 1338 153 1710 1316 1688 58 62 55 95
is_linear=0
shrinkage=0.0124554


Tree=41
num_leaves=21
num_cat=0
split_feature=9 17 0 11 27 8 23 9 27 1 11 21 12 22 1 6 32 9 18 6
split_gain=0.0154232 0.0165694 0.0190996 0.0203068 0.0126289 0.014339 0.0172123 0.0111469 0.00896212 0.00816397 0.00814725 0.00811209 0.00690049 0.00677304 0.00598232 0.00568094 0.00493838 0.00426451 0.00252665 0.00244336
threshold=0.63487299969475808 0.0090049613127196424 -1.0000000180025095e-35 -0.045897923780475962 66.100824503894174 11.500000000000002 3.5090000000000011e-05 -0.87935982519636535 54.479864783072621 -0.56174490092936669 -0.091255550211230094 0.0077375214573291466 22.978517660826039 53229.914500000006 0.81174490092936691 -0.088594971142660614 -0.079419426222593445 -0.088160399250514845 -0.0014502672949775789 -0.0023824449154017931
decision_type=2 2 2 2 2 2 2 2 2 2 2 2 2 2 2 2 2 2 2 2
left_child=1 7 15 -4 5 6 14 9 13 12 -9 -12 -1 -7 -2 -3 -10 -17 -11 -8
right_child=4 2 3 -5 -6 8 19 10 16 18 11 -13 -14 -15 -16 17 -18 -19 -20 -21
leaf_value=-4.3953505616173371e-05 0.00031994622668043477 0.00016938995047044973 -0.00049151393258104836 -7.5686436279106761e-05 -0.0002400712513777483 -2.9880237216521611e-05 4.5971989277796113e-05 0.00021593855517503435 0.00029035994227209603 8.2104158716234178e-05 2.3801078577851394e-05 -3.1297104971503761e-05 -0.00032400031318628627 3.5054931165204432e-05 7.8583881848903338e-05 5.6854773793698409e-05 8.7500055049026588e-05 -0.00018715801819764536 -7.3492235605763733e-05 -0.00014638942833584577
leaf_weight=21 66 21 38 35 26 371 21 26 24 20 760 912 39 759 21 20 83 25 85 20
leaf_count=21 66 21 38 35 26 371 21 26 24 20 760 912 39 759 21 20 83 25 85 20
internal_value=2.68174e-14 -2.21352e-05 -0.000153318 -0.000292145 3.18582e-05 3.70378e-05 0.000162534 -1.23476e-05 2.4052e-05 -0.000110084 -2.85026e-06 -6.25248e-06 -0.000225984 1.37355e-05 0.000261686 2.32333e-07 0.000133001 -7.87079e-05 -4.38548e-05 -4.78628e-05
internal_weight=3393 2002 139 73 1391 1365 128 1863 1237 165 1698 1672 60 1130 87 66 107 45 105 41
internal_count=3393 2002 139 73 1391 1365 128 1863 1237 165 1698 1672 60 1130 87 66 107 45 105 41
is_linear=0
shrinkage=0.0124554


Tree=42
num_leaves=17
num_cat=0
split_feature=0 30 6 0 22 21 32 8 25 24 6 3 17 0 12 16
split_gain=0.0143988 0.0179971 0.0182746 0.0142622 0.0168382 0.0092656 0.00957233 0.00838876 0.00640365 0.00917865 0.00706815 0.00546313 0.00486965 0.00441231 0.00426028 0.00336387
threshold=-0.60785761079279388 -0.0057038606616891174 -0.088594971142660614 1.0000000180025095e-35 53799.08400000001 0.0059539587055729712 -0.043146052421468011 48.500000000000007 0.092028992721614508 46457.595500000003 -0.10575287720704511 0.0078515479972399733 0.0099526493767817196 -0.8783796973249266 15.372327543380173 1.3385000000000003e-05
decision_type=2 2 2 2 2 2 2 2 2 2 2 2 2 2 2 2
left_child=8 -2 3 -3 -5 7 -7 -4 9 -1 -11 13 -12 15 -15 -10
right_child=1 2 5 4 -6 6 -8 -9 11 10 12 -13 -14 14 -16 -17
leaf_value=0.00027553759764677177 0.00027717762923370738 1.6471926016883144e-05 -6.4105081441217035e-05 -0.00058776780961386878 -0.00015405863535849227 6.7760725087961503e-05 -2.9834767172703754e-05 0.00010288950812424919 -2.7859827079623209e-05 0.00020034529202491688 1.2833427356403306e-06 -7.5254162831365655e-05 -0.00019692609358957334 0.00018744123689385398 7.6576596801102224e-05 8.9725905553881527e-05
leaf_weight=20 32 34 63 21 41 170 1881 180 64 27 499 33 20 101 115 92
leaf_count=20 32 34 63 21 41 170 1881 180 64 27 499 33 20 101 115 92
internal_value=1.96541e-13 -1.62462e-05 -2.01748e-05 -0.000188536 -0.00030096 -1.31292e-05 -2.17454e-05 5.95946e-05 4.05234e-05 1.34663e-05 3.86665e-06 7.83364e-05 -6.35479e-06 9.19614e-05 0.000128416 4.14856e-05
internal_weight=3393 2422 2390 96 62 2294 2051 243 971 566 546 405 519 372 216 156
internal_count=3393 2422 2390 96 62 2294 2051 243 971 566 546 405 519 372 216 156
is_linear=0
shrinkage=0.0124554


Tree=43
num_leaves=18
num_cat=0
split_feature=9 17 30 30 13 7 24 9 26 6 21 22 28 6 30 24 2
split_gain=0.0149969 0.0159402 0.0161698 0.0147301 0.0120528 0.0145423 0.0113008 0.0108464 0.0108352 0.00798055 0.00763984 0.00650637 0.00581114 0.00457887 0.00430856 0.00430311 0.00146729
threshold=0.63487299969475808 0.0090049613127196424 0.00070548345208862123 -0.0057038606616891174 0.011919333910874323 10.500000000000002 45886.341500000002 -0.87935982519636535 51820.583000000006 -0.081132681818333816 0.0077375214573291466 69835.739000000016 0.74892958841820823 -0.081132681818333816 -0.00230493128829513 52432.650500000011 -0.6830127018922193
decision_type=2 2 2 2 2 2 2 2 2 2 2 2 2 2 2 2 2
left_child=1 7 13 -2 5 -5 -7 11 12 -9 -11 15 -4 -3 -6 -1 -16
right_child=3 2 8 4 14 6 -8 9 -10 10 -12 -13 -14 -15 16 -17 -18
leaf_value=-0.00014211076851010606 0.00031950037042286389 -0.00044567572015665694 0.00012568531393478103 0.00030607713079651926 -0.00026103811204225325 0.00032227921219262921 2.3814692027432503e-05 0.00023282529430502662 -0.00027926849225770931 2.3242220206994209e-05 -3.0175039356993371e-05 -0.00030804397418053114 -0.0001322696481457345 -0.00021651997255536359 -0.00014895992607985321 -5.1891136817073377e-06 -1.7157726087871694e-05
leaf_weight=76 27 24 42 30 24 20 1232 22 22 760 916 22 20 31 20 67 38
leaf_count=76 27 24 42 30 24 20 1232 22 22 760 916 22 20 31 20 67 38
internal_value=6.78805e-14 -2.18272e-05 -0.000150495 3.14148e-05 2.57122e-05 3.50761e-05 2.85825e-05 -1.22271e-05 -4.17919e-05 -2.85871e-06 -5.95242e-06 -0.000108637 4.2474e-05 -0.000316515 -0.000120684 -7.79587e-05 -6.26068e-05
internal_weight=3393 2002 139 1391 1364 1282 1252 1863 84 1698 1676 165 62 55 82 143 58
internal_count=3393 2002 139 1391 1364 1282 1252 1863 84 1698 1676 165 62 55 82 143 58
is_linear=0
shrinkage=0.0124554


Tree=44
num_leaves=20
num_cat=0
split_feature=9 17 0 1 30 13 7 20 24 9 1 6 21 12 6 30 9 19 12
split_gain=0.0146257 0.0155456 0.0181446 0.0196379 0.0143654 0.0117544 0.0141823 0.0114132 0.011021 0.0105932 0.00819735 0.00780688 0.00722803 0.00635237 0.00552474 0.0042019 0.00407084 0.00289752 0.00250453
threshold=0.63487299969475808 0.0090049613127196424 -1.0000000180025095e-35 1.0000000180025095e-35 -0.0057038606616891174 0.011919333910874323 10.500000000000002 3.4525000000000006e-05 45886.341500000002 -0.89093801187444022 -0.56174490092936669 -0.081132681818333816 0.0077375214573291466 22.978517660826039 -0.088594971142660614 -0.00230493128829513 -0.088160399250514845 0.091189594917399572 24.953187797838911
decision_type=2 2 2 2 2 2 2 2 2 2 2 2 2 2 2 2 2 2 2
left_child=1 9 14 7 -2 6 -6 -4 -8 10 13 -11 -13 -1 -3 -7 -16 -17 -12
right_child=4 2 3 -5 5 15 8 -9 -10 11 18 12 -14 -15 16 17 -18 -19 -20
leaf_value=-4.8372266901972824e-05 0.00031552086256950829 0.00016785761113620917 -0.00025411889695215123 -4.6145727653471548e-05 0.00030226482474186758 -0.00025778678431591937 0.00031826509831111606 -0.00066476367715960331 2.3518072007887392e-05 0.00022992537153082617 -8.0429487331214715e-05 2.2047891607707184e-05 -2.9721531744127688e-05 -0.00032261302766602618 5.5642895937021987e-05 4.4961862028803442e-06 -0.00018276468938967458 -0.00017868205554920968 6.1360315216920906e-05
leaf_weight=20 27 21 21 31 30 24 20 21 1232 22 68 766 922 38 20 37 25 21 27
leaf_count=20 27 21 21 31 30 24 20 21 1232 22 68 766 922 38 20 37 25 21 27
internal_value=1.1061e-13 -2.15553e-05 -0.000148621 -0.000283932 3.10235e-05 2.5392e-05 3.46392e-05 -0.000459441 2.82265e-05 -1.20748e-05 -0.000111367 -3.19077e-06 -6.22901e-06 -0.000228047 1.04167e-06 -0.000119181 -7.68058e-05 -6.1827e-05 -4.01313e-05
internal_weight=3393 2002 139 73 1391 1364 1282 42 1252 1863 153 1710 1688 58 66 82 45 58 95
internal_count=3393 2002 139 73 1391 1364 1282 42 1252 1863 153 1710 1688 58 66 82 45 58 95
is_linear=0
shrinkage=0.0124554


Tree=45
num_leaves=19
num_cat=0
split_feature=9 13 20 19 9 27 1 8 16 3 32 33 14 0 18 13 24 28
split_gain=0.0142636 0.0135754 0.0193765 0.012047 0.0118506 0.0115296 0.0113689 0.0110931 0.0148902 0.00927351 0.00856316 0.00795439 0.00746574 0.00668739 0.00620414 0.00519151 0.0021873 0.00204419
threshold=0.63487299969475808 0.0099787522962475252 4.2420000000000011e-05 0.15305523650643302 -0.89093801187444022 66.100824503894174 -0.56174490092936669 11.500000000000002 3.4340000000000007e-05 -0.020274248265747471 0.036219202533444468 0.00016406747779296771 -0.0037564106758040112 1.0000000180025095e-35 -0.0015950304010905387 0.0041675382861577999 51960.849000000009 0.70231207911937343
decision_type=2 2 2 2 2 2 2 2 2 2 2 2 2 2 2 2 2 2
left_child=1 4 11 5 6 7 12 8 -2 -9 14 17 -1 -13 -6 -12 -8 -3
right_child=3 2 -4 -5 10 -7 16 9 -10 -11 15 13 -14 -15 -16 -17 -18 -19
leaf_value=-0.00035234552264230455 0.00025226697503818627 8.037726684765467e-05 -0.00037801497623658102 0.00033412150019208572 -3.9857609357553445e-05 -0.00023357839459345689 -9.7720214035430295e-05 -0.00023323005454216447 -4.0650550204906143e-05 2.48135995108569e-05 3.8936424966132225e-05 -1.9091293277947064e-05 -5.635889258459836e-05 -0.00031684194336269005 1.8313502006395409e-05 -0.00016496025789301859 1.985754688137085e-05 -6.7931297408297273e-05
leaf_weight=39 75 46 38 20 371 26 45 22 42 1206 26 22 20 25 1219 76 54 21
leaf_count=39 75 46 38 20 371 26 45 22 42 1206 26 22 20 25 1219 76 54 21
internal_value=1.352e-13 -2.12868e-05 -0.00013444 3.06371e-05 -1.19899e-05 2.62099e-05 -0.00011515 3.12319e-05 0.000147117 2.01907e-05 -2.35677e-06 -5.32479e-05 -0.000252011 -0.000177469 4.74024e-06 -0.000112987 -3.35869e-05 3.38925e-05
internal_weight=3393 2002 152 1391 1850 1371 158 1345 117 1228 1692 114 59 47 1590 102 99 67
internal_count=3393 2002 152 1391 1850 1371 158 1345 117 1228 1692 114 59 47 1590 102 99 67
is_linear=0
shrinkage=0.0124554


Tree=46
num_leaves=20
num_cat=0
split_feature=9 17 0 1 30 13 7 24 9 16 11 1 21 12 6 34 30 9 18
split_gain=0.0139105 0.0149677 0.017406 0.019056 0.0139082 0.0114484 0.0135549 0.010669 0.0100839 0.00861874 0.00767982 0.00750892 0.00731195 0.00639507 0.00536095 0.00412964 0.00558359 0.00395487 0.00245447
threshold=0.63487299969475808 0.0090049613127196424 -1.0000000180025095e-35 1.0000000180025095e-35 -0.0057038606616891174 0.011919333910874323 10.500000000000002 45886.341500000002 -0.87935982519636535 3.4340000000000007e-05 -0.091255550211230094 -0.56174490092936669 0.0077375214573291466 22.978517660826039 -0.088594971142660614 0.58067085726019729 -0.00230493128829513 -0.088160399250514845 -0.0014502672949775789
decision_type=2 2 2 2 2 2 2 2 2 2 2 2 2 2 2 2 2 2 2
left_child=1 8 14 9 -2 6 -6 -8 11 -4 -10 13 -12 -1 -3 -7 -17 -16 -13
right_child=4 2 3 -5 5 15 7 -9 10 -11 12 18 -14 -15 17 16 -18 -19 -20
leaf_value=-4.0594321181901419e-05 0.00031018847368773534 0.00016520599715580034 -0.00028099949769632213 -4.3994701350596041e-05 0.0002954795356524978 3.7663357621148612e-05 0.00031294025705930445 2.2938489572225807e-05 0.00020973381832957127 -0.00063825347732892777 2.2543750794686961e-05 8.2984680659726909e-05 -2.9766586625010679e-05 -0.00031019014711089715 5.4745036099835678e-05 -0.0003394548893916391 -8.6600896055944577e-05 -0.0001802420368406996 -7.0373073045711541e-05
leaf_weight=21 27 21 22 31 30 20 20 1232 26 20 760 20 912 39 20 20 42 25 85
leaf_count=21 27 21 22 31 30 20 20 1232 26 20 760 20 912 39 20 20 42 25 85
internal_value=3.50051e-13 -2.10217e-05 -0.000145703 -0.000278231 3.02555e-05 2.47143e-05 3.38404e-05 2.75711e-05 -1.17191e-05 -0.00045112 -2.68598e-06 -0.000104678 -5.98916e-06 -0.000215832 8.81451e-07 -0.000117964 -0.000168167 -7.58033e-05 -4.11621e-05
internal_weight=3393 2002 139 73 1391 1364 1282 1252 1863 42 1698 165 1672 60 66 82 62 45 105
internal_count=3393 2002 139 73 1391 1364 1282 1252 1863 42 1698 165 1672 60 66 82 62 45 105
is_linear=0
shrinkage=0.0124554


Tree=47
num_leaves=19
num_cat=0
split_feature=9 17 30 30 13 7 24 26 9 11 1 21 3 28 11 34 30 18
split_gain=0.0135661 0.0145972 0.0151548 0.0135639 0.011165 0.0132193 0.0104049 0.0101455 0.00983429 0.0074897 0.00732303 0.00713094 0.00616979 0.00545349 0.00447805 0.0040274 0.00544536 0.00239371
threshold=0.63487299969475808 0.0090049613127196424 0.00070548345208862123 -0.0057038606616891174 0.011919333910874323 10.500000000000002 45886.341500000002 51820.583000000006 -0.87935982519636535 -0.091255550211230094 -0.56174490092936669 0.0077375214573291466 -0.0020531822114878136 0.74892958841820823 -0.083718980881959879 0.58067085726019729 -0.00230493128829513 -0.0014502672949775789
decision_type=2 2 2 2 2 2 2 2 2 2 2 2 2 2 2 2 2 2
left_child=1 8 14 -2 5 -5 -7 13 10 -10 12 -11 -1 -4 -3 -6 -17 -12
right_child=3 2 7 4 15 6 -8 -9 9 11 17 -13 -14 -15 -16 16 -18 -19
leaf_value=-0.00032738944644443701 0.0003063249554699773 -0.00042772784746971716 0.00012349795545358295 0.00029179922636940676 3.7194244101230653e-05 0.00030904246973890645 2.265278150714289e-05 -0.00026844572346962353 0.00020712150436784558 2.2262959926492455e-05 8.1951076072266977e-05 -2.9395832901299033e-05 -7.3509221516158244e-05 -0.00012639291692437179 -0.00020201723596042617 -0.0003352268489858598 -8.5522248227178313e-05 -6.9496549386481064e-05
leaf_weight=33 27 25 42 30 20 20 1232 22 26 760 20 912 27 20 30 20 42 85
leaf_count=33 27 25 42 30 20 20 1232 22 26 760 20 912 27 20 30 20 42 85
internal_value=1.39984e-14 -2.07599e-05 -0.000143888 2.98787e-05 2.44065e-05 3.34189e-05 2.72277e-05 -3.86518e-05 -1.15731e-05 -2.65253e-06 -0.000103374 -5.91456e-06 -0.000213143 4.2888e-05 -0.000304613 -0.000116495 -0.000166072 -4.06494e-05
internal_weight=3393 2002 139 1391 1364 1282 1252 84 1863 1698 165 1672 60 62 55 82 62 105
internal_count=3393 2002 139 1391 1364 1282 1252 84 1863 1698 165 1672 60 62 55 82 62 105
is_linear=0
shrinkage=0.0124554


Tree=48
num_leaves=24
num_cat=0
split_feature=0 3 6 9 19 3 1 24 3 21 0 15 10 27 21 13 32 21 21 27 26 8 21
split_gain=0.0134001 0.0158807 0.0195676 0.0155962 0.0134108 0.010857 0.00932411 0.00870879 0.00582954 0.00835455 0.00749271 0.00604193 0.0056482 0.00543727 0.00733977 0.00562765 0.00443623 0.00314433 0.00291323 0.00374228 0.00276864 0.00123979 0.000860425
threshold=-0.60785761079279388 -0.023373078347368844 -0.088594971142660614 -0.82712201430047527 0.085805427091709033 -0.015103396992765026 -0.22252093395631442 58159.602000000006 0.00075652923623148471 0.013047042754694893 -0.8783796973249266 0.62954753257492113 33.975686811467412 27.475189001031115 0.010756074561564107 0.0020750511654781859 0.03100144520989712 0.0042928662856770196 0.0068547146173858096 26.769619477236219 49521.491000000002 12.500000000000002 0.0054879099181810867
decision_type=2 2 2 2 2 2 2 2 2 2 2 2 2 2 2 2 2 2 2 2 2 2 2
left_child=8 -2 4 6 12 -5 -4 -6 9 13 18 21 -3 15 -15 -1 17 -12 22 -20 -13 -11 -10
right_child=1 2 3 5 7 -7 -8 -9 10 11 16 20 -14 14 -16 -17 -18 -19 19 -21 -22 -23 -24
leaf_value=-0.00013363374458657851 0.00031744551174919876 9.179819665365517e-05 -0.00023238835720529961 0.00019100871749016981 -0.00052403688209445094 -6.6875527892143594e-06 -4.8006546305068566e-05 -0.00016865844561427435 1.1144133463216844e-05 0.00028354502283769014 2.2974092318796766e-05 0.00012626996286630173 -0.00019378002647457604 5.344945110248298e-05 -0.00013139269723961861 -2.3339044624834314e-06 -3.9531364405556292e-05 0.00017399717140304644 5.8283961418152505e-05 -9.8770806960524977e-05 -7.621280426739271e-05 0.00015310602351152524 0.00010868506483158275
leaf_weight=80 22 22 73 44 23 2095 102 20 20 26 25 20 21 271 38 138 21 148 43 52 22 20 47
leaf_count=80 22 22 73 44 23 2095 102 20 20 26 25 20 21 271 38 138 21 148 43 52 22 20 47
internal_value=-1.11301e-13 -1.56726e-05 -1.87262e-05 -1.18699e-05 -0.000203207 -2.62087e-06 -0.00012492 -0.000358745 3.90928e-05 1.58733e-05 7.9205e-05 0.000128216 -4.76702e-05 -2.88596e-06 3.07181e-05 -5.05173e-05 0.000131422 0.000152173 1.66741e-05 -2.76829e-05 2.02076e-05 0.000226832 7.95684e-05
internal_weight=3393 2422 2400 2314 86 2139 175 43 971 615 356 88 43 527 309 218 194 173 162 95 42 46 67
internal_count=3393 2422 2400 2314 86 2139 175 43 971 615 356 88 43 527 309 218 194 173 162 95 42 46 67
is_linear=0
shrinkage=0.0124554


Tree=49
num_leaves=18
num_cat=0
split_feature=9 17 0 11 30 13 5 26 9 0 20 26 12 6 18 9 19
split_gain=0.0130912 0.0141862 0.0165789 0.0182413 0.0130144 0.0107266 0.0112813 0.0101954 0.00936228 0.00794698 0.0110253 0.0103722 0.0071459 0.00524837 0.00385396 0.00378088 0.00273041
threshold=0.63487299969475808 0.0090049613127196424 -1.0000000180025095e-35 -0.035952824356874351 -0.0057038606616891174 0.011919333910874323 10.500000000000002 45861.886500000001 -1.6363040276992331 -1.0000000180025095e-35 -2.6804999999999995e-05 50228.109500000006 30.233077395962791 -0.088594971142660614 -0.00099793250021330631 -0.088160399250514845 0.091189594917399572
decision_type=2 2 2 2 2 2 2 2 2 2 2 2 2 2 2 2 2
left_child=1 8 13 12 -2 6 -6 -8 -1 11 -11 -10 -4 -3 -7 -15 -16
right_child=4 2 3 -5 5 14 7 -9 9 10 -12 -13 -14 15 16 -17 -18
leaf_value=-0.00023737415803527884 0.00030013936074184194 0.00016387346031686604 -0.00061355566856675513 -4.8253581932637197e-05 0.00026753941247889985 -0.00022653698645125776 0.00030597049973465998 2.2476026357018862e-05 -6.7555101350562301e-05 8.4286173033070686e-05 -4.5705468906558632e-05 4.3224002845773271e-05 -0.00028458856554517396 5.3052681983666018e-05 3.1118483467565321e-05 -0.00017670748522269472 -0.00015060436723859349
leaf_weight=28 27 21 20 32 31 30 20 1231 164 114 903 654 21 20 29 25 23
leaf_count=28 27 21 20 32 31 30 20 1231 164 114 903 654 21 20 29 25 23
internal_value=1.09498e-13 -2.03933e-05 -0.000141776 -0.000271118 2.9351e-05 2.39909e-05 3.28246e-05 2.70083e-05 -1.13368e-05 -7.88771e-06 -3.11341e-05 2.1014e-05 -0.00044506 1.28347e-06 -0.000114117 -7.45919e-05 -4.92589e-05
internal_weight=3393 2002 139 73 1391 1364 1282 1251 1863 1835 1017 818 41 66 82 45 52
internal_count=3393 2002 139 73 1391 1364 1282 1251 1863 1835 1017 818 41 66 82 45 52
is_linear=0
shrinkage=0.0124554


Tree=50
num_leaves=19
num_cat=0
split_feature=0 30 9 21 29 9 8 0 25 24 9 32 3 0 12 20 33 23
split_gain=0.012873 0.0158888 0.0133811 0.0154339 0.0148646 0.0147588 0.00757712 0.00786188 0.00606801 0.0085395 0.00643047 0.00673683 0.00509525 0.00422818 0.00416122 0.00394985 0.00393637 0.00092231
threshold=-0.60785761079279388 -0.0062675619422346979 -0.82712201430047527 0.014136572756617876 7.7367216835191543 1.292256313653908 64.500000000000014 0.6078576107927941 0.092028992721614508 46457.595500000003 0.84930690435128475 -0.040712838273754375 0.0078515479972399733 -0.8783796973249266 15.372327543380173 1.3385000000000003e-05 0.00024198027786699743 5.7155000000000011e-05
decision_type=2 2 2 2 2 2 2 2 2 2 2 2 2 2 2 2 2 2
left_child=8 -2 6 4 -4 -5 7 -3 9 -1 11 -11 13 15 -15 -10 -12 -8
right_child=1 2 3 5 -6 -7 17 -9 12 10 16 -13 -14 14 -16 -17 -18 -19
leaf_value=0.00026475974457441031 0.00033425129033458025 -0.00026047041879671866 -0.00017170782090456348 -0.00021841979033678478 5.7852299177931008e-06 2.5254058634172159e-05 -3.3327715187043466e-05 -6.7867837863794004e-05 -3.5284565052281457e-05 -0.00021795859169200705 0.00011365758373659037 -1.3228689459570984e-05 -7.3204180204110652e-05 0.00018230404991014849 7.2735900994269048e-05 9.184069720773927e-05 9.7340461652639528e-07 8.1197458674852794e-05
leaf_weight=20 20 70 76 102 1986 62 24 62 65 27 102 326 33 101 115 91 91 20
leaf_count=20 20 70 76 102 1986 62 24 62 65 27 102 326 33 101 115 91 91 20
internal_value=-7.64553e-14 -1.53613e-05 -1.82723e-05 -1.0006e-05 -7.56706e-07 -0.000126299 -0.000122822 -0.000170006 3.83162e-05 1.19778e-05 2.71835e-06 -2.88879e-05 7.5125e-05 8.82832e-05 0.000123969 3.88718e-05 6.05267e-05 1.87292e-05
internal_weight=3393 2422 2402 2226 2062 164 176 132 971 566 546 353 405 372 216 156 193 44
internal_count=3393 2422 2402 2226 2062 164 176 132 971 566 546 353 405 372 216 156 193 44
is_linear=0
shrinkage=0.0124554


Tree=51
num_leaves=17
num_cat=0
split_feature=0 30 11 20 25 8 21 24 11 3 17 24 27 0 19 11
split_gain=0.0125543 0.0154955 0.0155601 0.0229228 0.0102401 0.0102274 0.0277685 0.0155064 0.00712165 0.00745818 0.00789625 0.00705458 0.00492968 0.00352265 0.00235785 0.00195383
threshold=-0.60785761079279388 -0.0062675619422346979 -0.053294334627468291 9.0585000000000014e-05 -1.577131731175323 12.500000000000002 0.009540628590903372 51864.678500000009 -0.11129013738530157 0.00075652923623148471 0.0053415352595961437 46457.595500000003 26.08704308508965 -0.8783796973249266 0.074239576228378013 -0.049269290547940041
decision_type=2 2 2 2 2 2 2 2 2 2 2 2 2 2 2 2
left_child=8 -2 3 4 -3 6 -4 -7 14 11 13 -10 -13 -11 -1 -12
right_child=1 2 5 -5 -6 7 -8 -9 9 10 15 12 -14 -15 -16 -17
leaf_value=0.00028065656376741129 0.00033008805270776158 7.6142680955941378e-05 0.0004822208768296112 -0.00043173952384886451 -0.00010228219304776809 -7.2532889747483592e-05 1.9362859695115083e-05 8.003535126469481e-06 0.0002268245135314702 5.2353725643665346e-05 9.6487446697568705e-05 -6.2826579056608989e-05 1.8357971180206348e-05 0.000151257509531633 0.00010545518395885473 -4.0339216908015795e-05
leaf_weight=22 20 63 24 29 240 502 124 1420 21 88 20 165 391 153 26 85
leaf_count=22 20 63 24 29 240 502 124 1420 21 88 20 165 391 153 26 85
internal_value=-6.70204e-14 -1.51699e-05 -1.80447e-05 -9.72024e-05 -6.5184e-05 -5.34889e-06 9.44209e-05 -1.30315e-05 3.78389e-05 3.01466e-05 7.58683e-05 2.72946e-06 -5.73457e-06 0.000115143 0.000185756 -1.4277e-05
internal_weight=3393 2422 2402 332 303 2070 148 1922 971 923 346 577 556 241 48 105
internal_count=3393 2422 2402 332 303 2070 148 1922 971 923 346 577 556 241 48 105
is_linear=0
shrinkage=0.0124554


Tree=52
num_leaves=16
num_cat=0
split_feature=9 17 0 1 30 20 27 24 9 13 0 20 24 9 18
split_gain=0.012518 0.0135542 0.015853 0.0176182 0.0122922 0.0104702 0.0104016 0.00931433 0.00907861 0.00886696 0.0075139 0.0107338 0.00979085 0.00482236 0.00136647
threshold=0.63487299969475808 0.0090049613127196424 -1.0000000180025095e-35 1.0000000180025095e-35 -0.0057038606616891174 3.4525000000000006e-05 66.100824503894174 45886.341500000002 -1.6363040276992331 0.011608853287572945 -1.0000000180025095e-35 -2.6804999999999995e-05 50228.109500000006 -0.36278337865383498 0.0013520804409057534
decision_type=2 2 2 2 2 2 2 2 2 2 2 2 2 2 2
left_child=1 8 13 5 -2 -4 7 -6 -1 -9 12 -12 -10 -3 -15
right_child=4 2 3 -5 6 -7 -8 9 10 -11 11 -13 -14 14 -16
leaf_value=-0.00023367598941243111 0.00029186977669744323 0.00015715430724557748 -0.00023465047479917137 -3.9841379745110838e-05 0.00028245478159271055 -0.00062796429310940595 -0.00022324852806866681 3.2152788246796821e-05 -6.5314228858679097e-05 -0.00010476644569155479 8.3587293685122348e-05 -4.4674435259886706e-05 4.2071147921798038e-05 -1.0038364032665045e-05 -0.00014816525025109417
leaf_weight=28 27 21 21 31 22 21 26 1238 165 78 114 903 653 25 20
leaf_count=28 27 21 21 31 22 21 26 1238 165 78 114 903 653 25 20
internal_value=1.58547e-13 -1.99418e-05 -0.00013859 -0.000265068 2.87012e-05 -0.000431307 2.34919e-05 2.82865e-05 -1.10893e-05 2.40375e-05 -7.69289e-06 -3.0297e-05 2.04103e-05 1.30267e-06 -7.14281e-05
internal_weight=3393 2002 139 73 1391 42 1364 1338 1863 1316 1835 1017 818 66 45
internal_count=3393 2002 139 73 1391 42 1364 1338 1863 1316 1835 1017 818 66 45
is_linear=0
shrinkage=0.0124554


Tree=53
num_leaves=17
num_cat=0
split_feature=9 17 0 1 30 13 5 26 9 6 21 6 23 34 30 9
split_gain=0.0122081 0.0132187 0.0154606 0.0171821 0.0119879 0.00999215 0.0109957 0.00965677 0.00885387 0.00781202 0.00791346 0.00504398 0.00412322 0.00379937 0.00518524 0.00361139
threshold=0.63487299969475808 0.0090049613127196424 -1.0000000180025095e-35 1.0000000180025095e-35 -0.0057038606616891174 0.011919333910874323 10.500000000000002 45861.886500000001 -1.6363040276992331 -0.081132681818333816 0.0098478694706873524 -0.088594971142660614 1.3085000000000001e-05 0.58067085726019729 -0.00230493128829513 -0.088160399250514845
decision_type=2 2 2 2 2 2 2 2 2 2 2 2 2 2 2 2
left_child=1 8 11 12 -2 6 -6 -8 -1 -10 -11 -3 -4 -7 -15 -13
right_child=4 2 3 -5 5 13 7 -9 9 10 -12 15 -14 14 -16 -17
leaf_value=-0.00023076546734530462 0.00028823442050044469 0.00016067906467203083 -0.00030252524881788242 -3.9345139376226052e-05 0.00026344926062346846 3.9178359618687398e-05 0.00029747571626506127 2.1572112436780375e-05 0.00021564396657343382 4.637063279716475e-06 -5.5175552797456478e-05 5.1653785935916365e-05 -0.00054934533024873409 -0.00032331461293058584 -7.9647176923276016e-05 -0.000172897221903988
leaf_weight=28 27 21 21 31 31 20 20 1231 24 1351 460 20 21 20 42 25
leaf_count=28 27 21 21 31 31 20 20 1231 24 1351 460 20 21 20 42 25
internal_value=-2.8437e-13 -1.96934e-05 -0.000136864 -0.000261767 2.83437e-05 2.31993e-05 3.17252e-05 2.5983e-05 -1.09512e-05 -7.59707e-06 -1.05555e-05 1.28645e-06 -0.000425935 -0.000110096 -0.00015825 -7.30968e-05
internal_weight=3393 2002 139 73 1391 1364 1282 1251 1863 1835 1811 66 42 82 62 45
internal_count=3393 2002 139 73 1391 1364 1282 1251 1863 1835 1811 66 42 82 62 45
is_linear=0
shrinkage=0.0124554


Tree=54
num_leaves=25
num_cat=0
split_feature=0 9 17 6 12 7 27 18 23 9 25 24 6 6 17 0 6 20 27 21 14 5 20 9
split_gain=0.0119488 0.013576 0.015168 0.0149532 0.0111855 0.0107227 0.0103625 0.00954955 0.00923855 0.00697199 0.0057712 0.00810597 0.0064535 0.00457647 0.00448592 0.00430416 0.00346102 0.00300992 0.00339195 0.00279453 0.00597462 0.00527125 0.00133937 0.00046311
threshold=-0.60785761079279388 0.46442215071068188 0.0090049613127196424 -0.041383800222525018 31.439669810809161 71.500000000000014 66.100824503894174 -0.0057038606616891174 -2.6354999999999998e-05 -0.87935982519636535 0.092028992721614508 46457.595500000003 -0.10575287720704511 -0.024704506760549968 0.0099526493767817196 -0.8783796973249266 0.040587861689397105 1.3385000000000003e-05 36.66172173294666 0.0085637114016498608 -0.0015412342413010369 43.500000000000007 3.1175000000000006e-05 0.94683361747135841
decision_type=2 2 2 2 2 2 2 2 2 2 2 2 2 2 2 2 2 2 2 2 2 2 2 2
left_child=10 2 8 4 -4 6 7 -3 13 -10 11 -1 -13 -2 -14 17 23 18 -12 21 -21 -17 -19 -7
right_child=1 5 3 -5 -6 16 -8 -9 9 -11 15 12 14 -15 -16 19 -18 22 -20 20 -22 -23 -24 -25
leaf_value=0.00025751087920741457 -0.00011033711509578414 0.00030180942637283867 -0.00058711470074945999 -3.3807056411409123e-05 -0.00017054833840335183 -4.12151211309326e-05 -0.00021947407413934177 2.6988493254849193e-05 -0.00013175910065633899 -3.246160867067014e-05 2.9141172759191068e-05 0.00018994904593418768 -2.2820848566821147e-07 9.3292488188632749e-05 -0.00019046784574634225 0.00020781157192439686 -0.00027571213004584611 0.00014032421732198638 -0.00014350698320194497 0.00016164592777971937 -0.00011927968302985522 7.0764269078944973e-05 4.2604626546034876e-05 -0.00012236813987898202
leaf_weight=20 20 20 20 38 20 24 26 1020 124 951 51 27 499 119 20 79 20 31 27 24 23 97 73 20
leaf_count=20 20 20 20 38 20 24 26 1020 124 951 51 27 499 119 20 79 20 31 27 24 23 97 73 20
internal_value=1.19866e-13 -1.47996e-05 -4.23777e-05 -0.000210743 -0.000378832 1.67322e-05 2.61333e-05 3.22735e-05 -3.15602e-05 -4.39155e-05 3.69152e-05 1.1229e-05 2.20768e-06 6.39933e-05 -7.55922e-06 7.28124e-05 -0.000139856 2.78665e-05 -3.06217e-05 0.000109495 2.41717e-05 0.00013228 7.17326e-05 -7.81029e-05
internal_weight=3393 2422 1292 78 40 1130 1066 1040 1214 1075 971 566 546 139 519 405 64 182 78 223 47 176 104 44
internal_count=3393 2422 1292 78 40 1130 1066 1040 1214 1075 971 566 546 139 519 405 64 182 78 223 47 176 104 44
is_linear=0
shrinkage=0.0124554


Tree=55
num_leaves=17
num_cat=0
split_feature=0 3 11 19 3 11 26 11 3 24 0 21 27 0 21 19
split_gain=0.011653 0.0146771 0.0179851 0.0147283 0.0109629 0.0123449 0.0105081 0.0067845 0.00715275 0.00667852 0.00634679 0.00529385 0.0047629 0.00375007 0.00287318 0.00227949
threshold=-0.60785761079279388 -0.023373078347368844 -0.095369229552998799 0.06674392351632924 -0.015103396992765026 -0.053294334627468291 53888.86250000001 -0.11129013738530157 0.00075652923623148471 46457.595500000003 -0.8783796973249266 0.0086707798201399698 26.08704308508965 -1.0000000180025095e-35 0.0068547146173858096 0.074239576228378013
decision_type=2 2 2 2 2 2 2 2 2 2 2 2 2 2 2 2
left_child=7 -2 3 -3 13 -6 -5 15 9 -9 14 -12 -11 -4 -10 -1
right_child=1 2 4 6 5 -7 -8 8 10 12 11 -13 -14 -15 -16 -17
leaf_value=0.00027413898226894153 0.00030563090478553115 7.9834982422503369e-05 7.4178754475303908e-05 -0.00049586927381514191 -0.0001097244707262721 -5.5675444450975712e-06 -0.0001709650283919957 0.00022013781670182682 7.5963750453621599e-05 -6.2255804538714112e-05 0.00015174652647103384 -2.1703352084201907e-05 1.7543592827721288e-05 0.00030439154690935542 -3.2285696746083246e-05 0.00010187341973557632
leaf_weight=22 22 24 23 23 193 2069 47 21 67 165 158 33 391 21 88 26
leaf_count=22 22 24 23 23 193 2069 47 21 67 165 158 33 391 21 88 26
internal_value=-1.0813e-13 -1.46153e-05 -1.75509e-05 -0.000186429 -1.06668e-05 -1.44545e-05 -0.000277719 3.64554e-05 2.89473e-05 2.09745e-06 7.3723e-05 0.000121779 -6.13788e-06 0.000184053 1.4506e-05 0.000180828
internal_weight=3393 2422 2400 94 2306 2262 70 971 923 577 346 191 556 44 155 48
internal_count=3393 2422 2400 94 2306 2262 70 971 923 577 346 191 556 44 155 48
is_linear=0
shrinkage=0.0124554


Tree=56
num_leaves=18
num_cat=0
split_feature=9 13 20 30 9 27 8 19 6 3 33 0 22 32 11 13 22
split_gain=0.0116036 0.0113726 0.0173174 0.0113306 0.00970794 0.00967181 0.0089068 0.0155421 0.00810552 0.00751187 0.00732789 0.00598968 0.00576189 0.0055901 0.00552642 0.00509885 0.00231166
threshold=0.63487299969475808 0.0099787522962475252 4.2420000000000011e-05 -0.0057038606616891174 -0.89093801187444022 66.100824503894174 11.500000000000002 0.069333068764707448 0.037158668651567479 -0.020274248265747471 0.00016406747779296771 1.0000000180025095e-35 69424.844999990004 0.00047346370640077856 0.0023779026716960199 0.0072652309440175318 47518.035000000011
decision_type=2 2 2 2 2 2 2 2 2 2 2 2 2 2 2 2 2
left_child=1 4 10 -2 12 6 7 -5 13 -8 16 -12 14 -6 -1 -10 -3
right_child=3 2 -4 5 8 -7 9 -9 15 -11 11 -13 -14 -15 -16 -17 -18
leaf_value=-0.00013492888817123616 0.00028029767078115522 0.00014590967023717116 -0.00035303580143956247 0.00026725103751966227 -1.3855664929811094e-05 -0.00021529595092361329 -0.00022240688867908743 -1.1637991105230193e-05 -0.00012677241469068957 2.0994541341551551e-05 -1.5349938371415447e-05 -0.00029714040436612326 -0.0002817888585046962 3.4033933777060894e-05 2.9814165954938366e-05 8.4286502617490582e-05 -1.1803409454458822e-05
leaf_weight=83 27 21 38 62 908 26 20 62 115 1194 22 25 24 648 51 21 46
leaf_count=83 27 21 38 62 908 26 20 62 115 1194 22 25 24 648 51 21 46
internal_value=-2.28932e-13 -1.91996e-05 -0.000122766 2.76331e-05 -1.06904e-05 2.26317e-05 2.72551e-05 0.000127807 -1.97149e-06 1.69846e-05 -4.60093e-05 -0.000165238 -0.00010406 6.08808e-06 -7.22282e-05 -9.41824e-05 3.7629e-05
internal_weight=3393 2002 152 1391 1850 1364 1338 124 1692 1214 114 47 158 1556 134 136 67
internal_count=3393 2002 152 1391 1850 1364 1338 124 1692 1214 114 47 158 1556 134 136 67
is_linear=0
shrinkage=0.0124554


Tree=57
num_leaves=16
num_cat=0
split_feature=9 17 0 1 19 20 27 8 19 3 9 6 21 6 9
split_gain=0.0113164 0.0123759 0.0143522 0.0161155 0.0106285 0.0098581 0.00949423 0.00971381 0.013884 0.00855724 0.00839247 0.00754376 0.00750007 0.00479853 0.00347941
threshold=0.63487299969475808 0.0090049613127196424 -1.0000000180025095e-35 1.0000000180025095e-35 0.15305523650643302 3.4525000000000006e-05 66.100824503894174 11.500000000000002 0.069333068764707448 -0.020274248265747471 -1.6363040276992331 -0.081132681818333816 0.0098478694706873524 -0.088594971142660614 -0.088160399250514845
decision_type=2 2 2 2 2 2 2 2 2 2 2 2 2 2 2
left_child=1 10 13 5 6 -4 7 8 -2 -9 -1 -12 -13 -3 -15
right_child=4 2 3 -5 -6 -7 -8 9 -10 -11 11 12 -14 14 -16
leaf_value=-0.00022451175442911946 0.00026392232752595833 0.00015623823685589997 -0.00022084553969622744 -3.7269043243397997e-05 0.0003123464937267681 -0.00060248993239728091 -0.00021261435901722854 -0.00022608141341145835 -7.9278597463871189e-06 2.1796536176875888e-05 0.00021213850047203207 4.6471587499966913e-06 -5.3582219149667688e-05 5.0671179032178598e-05 -0.00016973868318484217
leaf_weight=28 62 21 21 31 20 21 26 22 55 1206 24 1351 460 20 25
leaf_count=28 62 21 21 31 20 21 26 22 55 1206 24 1351 460 20 25
internal_value=-3.97569e-14 -1.89605e-05 -0.000132334 -0.000252677 2.7289e-05 -0.000411668 2.31306e-05 2.76877e-05 0.00013613 1.73557e-05 -1.05016e-05 -7.23607e-06 -1.01433e-05 7.72113e-07 -7.17787e-05
internal_weight=3393 2002 139 73 1391 42 1371 1345 117 1228 1863 1835 1811 66 45
internal_count=3393 2002 139 73 1391 42 1371 1345 117 1228 1863 1835 1811 66 45
is_linear=0
shrinkage=0.0124554


Tree=58
num_leaves=17
num_cat=0
split_feature=0 3 11 19 9 26 3 1 11 3 24 0 21 27 21 19
split_gain=0.011208 0.0140484 0.0169921 0.0139909 0.0132725 0.0100484 0.00971847 0.00848855 0.00645434 0.00691824 0.00652379 0.0062093 0.00511363 0.00462848 0.00279597 0.0021881
threshold=-0.60785761079279388 -0.023373078347368844 -0.095369229552998799 0.06674392351632924 -0.82712201430047527 53888.86250000001 -0.015103396992765026 -0.22252093395631442 -0.11129013738530157 0.00075652923623148471 46457.595500000003 -0.8783796973249266 0.0086707798201399698 27.475189001031115 0.0068547146173858096 0.074239576228378013
decision_type=2 2 2 2 2 2 2 2 2 2 2 2 2 2 2 2
left_child=8 -2 3 -3 7 -5 -6 -4 15 10 -10 14 -13 -12 -11 -1
right_child=1 2 4 5 6 -7 -8 -9 9 11 13 12 -14 -15 -16 -17
leaf_value=0.00026798988235510283 0.00029897845751698088 7.8157337508655508e-05 -0.00021744087065519692 -0.00048365544921219694 0.00018121210941981488 -0.00016593815074536093 -5.8379796820172461e-06 -4.1151540973804387e-05 0.00021752313109796407 7.45192899282869e-05 -5.189326596930043e-05 0.00014945067876517869 -2.102123856429306e-05 2.2095606885818967e-05 -3.2265783048221029e-05 9.9212852171925661e-05
leaf_weight=22 22 24 73 23 44 47 2088 101 21 67 212 158 33 344 88 26
leaf_count=22 22 24 73 23 44 47 2088 101 21 67 212 158 33 344 88 26
internal_value=-1.81343e-13 -1.43335e-05 -1.72055e-05 -0.000181355 -1.05142e-05 -0.000270331 -1.97766e-06 -0.000115112 3.57525e-05 2.84295e-05 2.0234e-06 7.24651e-05 0.000119997 -6.11598e-06 1.38929e-05 0.000176569
internal_weight=3393 2422 2400 94 2306 70 2132 174 971 923 577 346 191 556 155 48
internal_count=3393 2422 2400 94 2306 70 2132 174 971 923 577 346 191 556 155 48
is_linear=0
shrinkage=0.0124554


Tree=59
num_leaves=21
num_cat=0
split_feature=0 3 6 9 19 3 1 22 17 25 9 6 3 3 32 27 0 12 16 30
split_gain=0.0109306 0.0137006 0.01606 0.0128829 0.0122848 0.00952136 0.00826915 0.00745166 0.00550721 0.00529948 0.00767587 0.00611833 0.00480338 0.00461832 0.0043927 0.00567573 0.0037826 0.00389524 0.00301346 0.00274916
threshold=-0.60785761079279388 -0.023373078347368844 -0.088594971142660614 -0.82712201430047527 0.085805427091709033 -0.015103396992765026 -0.22252093395631442 58099.234000000004 0.010705791673150488 0.092028992721614508 0.89925171834399331 -0.037832968732137144 -0.013140669463875541 0.0078515479972399733 -0.042024949055029397 32.959045039407791 -0.8783796973249266 15.372327543380173 1.3385000000000003e-05 0.00022353556426075812
decision_type=2 2 2 2 2 2 2 2 2 2 2 2 2 2 2 2 2 2 2 2
left_child=9 -2 4 6 8 -5 -4 -6 -3 10 14 12 -12 16 -1 -16 18 -18 -11 -13
right_child=1 2 3 5 7 -7 -8 -9 -10 13 11 19 -14 -15 15 -17 17 -19 -20 -21
leaf_value=-0.00017290628898548513 0.00029525455995219947 0.00011590262385505108 -0.00021473256236672876 0.00017895504317355846 -0.00050080927602744825 -6.1820188742402185e-06 -4.1094573748063718e-05 -0.00017279204575448544 -0.00016670123599318872 -3.0136222272623187e-05 4.7878573147459402e-05 -3.6235926695999892e-05 0.00024243030176287551 -7.1510420719556522e-05 -2.756587467724117e-05 0.00014206587650157317 0.00017242648689504616 6.6417857461824605e-05 8.1156788524043891e-05 8.5123964939480673e-05
leaf_weight=28 22 20 73 44 21 2095 102 22 23 64 35 67 45 33 306 34 101 115 92 51
leaf_count=28 22 20 73 44 21 2095 102 22 23 64 35 67 45 33 306 34 101 115 92 51
internal_value=-1.80199e-13 -1.4155e-05 -1.69912e-05 -1.07798e-05 -0.000184122 -2.37368e-06 -0.000113526 -0.000332987 -3.52576e-05 3.53072e-05 1.06932e-05 7.32254e-05 0.000157314 6.97062e-05 -2.29519e-05 -1.06027e-05 8.22334e-05 0.000115987 3.54981e-05 1.62162e-05
internal_weight=3393 2422 2400 2314 86 2139 175 43 43 971 566 198 80 405 368 340 372 216 156 118
internal_count=3393 2422 2400 2314 86 2139 175 43 43 971 566 198 80 405 368 340 372 216 156 118
is_linear=0
shrinkage=0.0124554


Tree=60
num_leaves=17
num_cat=0
split_feature=9 17 0 11 30 13 5 26 9 6 21 12 6 30 9 19
split_gain=0.0107607 0.0118605 0.0137023 0.0157535 0.0106125 0.00924494 0.010342 0.00912925 0.00789985 0.00725554 0.00724175 0.00643363 0.00461851 0.00359404 0.00338816 0.00242669
threshold=0.63487299969475808 0.0090049613127196424 -1.0000000180025095e-35 -0.035952824356874351 -0.0057038606616891174 0.011919333910874323 10.500000000000002 45861.886500000001 -1.6363040276992331 -0.081132681818333816 0.0098478694706873524 30.233077395962791 -0.088594971142660614 -0.00230493128829513 -0.088160399250514845 0.091189594917399572
decision_type=2 2 2 2 2 2 2 2 2 2 2 2 2 2 2 2
left_child=1 8 12 11 -2 6 -6 -8 -1 -10 -11 -4 -3 -7 -14 -15
right_child=4 2 3 -5 5 13 7 -9 9 10 -12 -13 14 15 -16 -17
leaf_value=-0.00021784242809325333 0.00027113826977733424 0.0001531026061918982 -0.00056858713737278866 -3.9953192220657104e-05 0.00025470193511519272 -0.00023463351121178245 0.00028837542217007966 2.011349061847169e-05 0.00020810311110386321 4.6423735336439791e-06 -5.2575421900739236e-05 -0.00025644521657851446 5.0237192153449423e-05 7.2945731077627968e-06 -0.00016726306638114568 -0.00016034145273455212
leaf_weight=28 27 21 20 32 31 24 20 1231 24 1351 460 21 20 37 25 21
leaf_count=28 27 21 20 32 31 24 20 1231 24 1351 460 21 20 37 25 21
internal_value=-5.53559e-14 -1.84891e-05 -0.000129477 -0.000247063 2.66105e-05 2.17702e-05 2.99711e-05 2.44023e-05 -1.02082e-05 -7.03999e-06 -9.89114e-06 -0.00040871 5.80635e-07 -0.000106445 -7.05963e-05 -5.34012e-05
internal_weight=3393 2002 139 73 1391 1364 1282 1251 1863 1835 1811 41 66 82 45 58
internal_count=3393 2002 139 73 1391 1364 1282 1251 1863 1835 1811 41 66 82 45 58
is_linear=0
shrinkage=0.0124554


Tree=61
num_leaves=17
num_cat=0
split_feature=0 3 11 13 9 3 1 20 11 3 17 24 17 0 9 13
split_gain=0.0105646 0.0132844 0.015955 0.0132076 0.012431 0.00914787 0.00798998 0.00757816 0.00616842 0.00660522 0.00703133 0.0063134 0.00447342 0.00311671 0.00196569 0.00160386
threshold=-0.60785761079279388 -0.023373078347368844 -0.095369229552998799 0.010098307323566216 -0.82712201430047527 -0.015103396992765026 -0.22252093395631442 4.2420000000000011e-05 -0.11129013738530157 0.00075652923623148471 0.0053415352595961437 46457.595500000003 0.010034060278235368 -0.8783796973249266 -0.37358451143100235 0.0094453381070995299
decision_type=2 2 2 2 2 2 2 2 2 2 2 2 2 2 2 2
left_child=8 -2 3 -3 6 -6 -4 -5 15 11 13 -10 -13 -11 -12 -1
right_child=1 2 4 7 5 -7 -8 -9 9 10 14 12 -14 -15 -16 -17
leaf_value=0.00025064300510636145 0.00029075761952001883 2.9736322193633807e-05 -0.00021073107101192946 -0.00018681431113987438 0.00017576719121177147 -5.7086613413000033e-06 -3.9697120423333363e-05 -0.00048138858623300574 0.00021374666316047381 4.8580417881486154e-05 8.7271323833201762e-05 5.6770964744367166e-07 -0.00018915385635483376 0.00014161119553745871 -4.3026679604067687e-05 0.00010614481060471018
leaf_weight=22 22 32 73 42 44 2088 101 20 21 88 23 536 20 153 82 26
leaf_count=22 22 32 73 42 44 2088 101 20 21 88 23 536 20 153 82 26
internal_value=3.03435e-14 -1.3916e-05 -1.67088e-05 -0.00017577 -1.02249e-05 -1.96338e-06 -0.000111453 -0.000281838 3.47111e-05 2.7552e-05 7.05799e-05 1.75025e-06 -6.25681e-06 0.000107641 -1.44852e-05 0.000172373
internal_weight=3393 2422 2400 94 2306 2132 174 62 971 923 346 577 556 241 105 48
internal_count=3393 2422 2400 94 2306 2132 174 62 971 923 346 577 556 241 105 48
is_linear=0
shrinkage=0.0124554


Tree=62
num_leaves=17
num_cat=0
split_feature=9 17 0 11 30 13 5 26 9 6 21 12 6 30 9 19
split_gain=0.0104177 0.0114653 0.0132284 0.0152159 0.0101702 0.00893534 0.0100664 0.00885772 0.00756844 0.0070414 0.00702161 0.00625672 0.00446704 0.00350035 0.00330306 0.00234584
threshold=0.63487299969475808 0.0090049613127196424 -1.0000000180025095e-35 -0.035952824356874351 -0.0057038606616891174 0.011919333910874323 10.500000000000002 45861.886500000001 -1.6363040276992331 -0.081132681818333816 0.0098478694706873524 30.233077395962791 -0.088594971142660614 -0.00230493128829513 -0.088160399250514845 0.091189594917399572
decision_type=2 2 2 2 2 2 2 2 2 2 2 2 2 2 2 2
left_child=1 8 12 11 -2 6 -6 -8 -1 -10 -11 -4 -3 -7 -14 -15
right_child=4 2 3 -5 5 13 7 -9 9 10 -12 -13 14 15 -16 -17
leaf_value=-0.00021328247613800212 0.00026555993306822794 0.00015047405074866655 -0.00055937885702491363 -3.930508073905712e-05 0.00025122344989268904 -0.00023111221532327281 0.0002840307740125852 1.9788332434150877e-05 0.00020499524100114024 4.5529555702584592e-06 -5.1788466960300417e-05 -0.00025155835874574766 4.978031019014145e-05 7.4184810527727393e-06 -0.00016497124436661386 -0.00015740130545738765
leaf_weight=28 27 21 20 32 31 24 20 1231 24 1351 460 21 20 37 25 21
leaf_count=28 27 21 20 32 31 24 20 1231 24 1351 460 21 20 37 25 21
internal_value=1.74238e-13 -1.8192e-05 -0.000127315 -0.00024285 2.61829e-05 2.14445e-05 2.9507e-05 2.40128e-05 -1.00503e-05 -6.94919e-06 -9.75795e-06 -0.000401715 4.73942e-07 -0.000104605 -6.95261e-05 -5.22576e-05
internal_weight=3393 2002 139 73 1391 1364 1282 1251 1863 1835 1811 41 66 82 45 58
internal_count=3393 2002 139 73 1391 1364 1282 1251 1863 1835 1811 41 66 82 45 58
is_linear=0
shrinkage=0.0124554


Tree=63
num_leaves=22
num_cat=0
split_feature=21 20 1 14 20 17 1 9 22 12 13 9 11 11 29 1 26 20 20 32 32
split_gain=0.0102614 0.0153667 0.014706 0.0162549 0.0114207 0.0170306 0.0133436 0.00961674 0.00913982 0.00832571 0.00774357 0.00723517 0.00683242 0.00656196 0.00656383 0.00770968 0.00578261 0.00475906 0.00370741 0.00351522 0.00151835
threshold=0.0074651078525705397 4.0225000000000009e-05 1.0000000180025095e-35 -0.076025033035067954 4.742000000000001e-05 0.0089602589268473597 0.81174490092936691 0.86615534994346699 50943.380500000007 15.372327543380173 0.0073864629068921732 -1.3791394592611284 -0.010049181893791002 -0.027103892817246119 23.74682523093627 0.81174490092936691 45082.774500000007 -2.9209999999999996e-05 4.5285000000000004e-05 -0.00852147054920732 -0.029146501326333504
decision_type=2 2 2 2 2 2 2 2 2 2 2 2 2 2 2 2 2 2 2 2 2
left_child=10 2 3 -2 5 18 11 12 -8 -9 13 -6 -4 19 17 -16 -5 -15 -3 20 -1
right_child=1 4 7 16 6 -7 8 9 -10 -11 -12 -13 -14 14 15 -17 -18 -19 -20 -21 -22
leaf_value=0.00014515958255192552 0.00029292129558444887 -9.3137466757599371e-06 -2.5396428535758513e-05 0.00014708992998166019 -0.0002382966620286019 -0.00045175655551351408 -2.5664772409314949e-05 -3.475404475395724e-05 -0.00025834012776533642 0.00018643595939809473 0.00025462759279409772 -7.7278654297358878e-06 9.9389956042233884e-05 0.000160183521931635 7.534936480288854e-05 -3.9622957783016073e-05 -3.4772003018390705e-05 -1.8677010666663619e-05 -0.00018156556987573163 0.00021562779922020727 2.2484599070535326e-05
leaf_weight=24 25 42 176 28 22 27 43 33 67 132 23 524 111 24 388 118 867 601 36 37 45
leaf_count=24 25 42 176 28 22 27 43 33 67 132 23 524 111 24 388 118 867 601 36 37 45
internal_value=-7.03198e-14 -1.66479e-05 8.25029e-06 -2.03324e-05 -6.15365e-05 -0.000182143 -4.22322e-05 6.64274e-05 -0.000167385 0.000142198 2.81824e-05 -1.70182e-05 2.28659e-05 2.39721e-05 1.51897e-05 4.85376e-05 -2.90825e-05 -1.18088e-05 -8.88146e-05 0.000117678 6.51542e-05
internal_weight=3393 2133 1372 920 761 105 656 452 110 165 1260 546 287 1237 1131 506 895 625 78 106 69
internal_count=3393 2133 1372 920 761 105 656 452 110 165 1260 546 287 1237 1131 506 895 625 78 106 69
is_linear=0
shrinkage=0.0124554


Tree=64
num_leaves=20
num_cat=0
split_feature=9 17 26 30 20 30 13 7 9 26 1 17 28 18 23 25 18 18 2
split_gain=0.01001 0.0111089 0.0126362 0.01058 0.00988131 0.00981059 0.00870514 0.0111251 0.00727517 0.00713453 0.00578228 0.00587825 0.00514921 0.00510701 0.00708116 0.00682022 0.00347589 0.0023314 0.00167258
threshold=0.63487299969475808 0.0090049613127196424 51820.583000000006 -0.00020090105963069203 1.8690000000000002e-05 -0.0057038606616891174 0.011919333910874323 10.500000000000002 -0.87935982519636535 45983.619500000008 -0.56174490092936669 0.0054184104401660159 0.67102051321687273 -0.0015950304010905387 -2.6354999999999998e-05 -1.8510870895189135 -0.00099793250021330631 -0.0014502672949775789 -0.5
decision_type=2 2 2 2 2 2 2 2 2 2 2 2 2 2 2 2 2 2 2
left_child=1 8 3 -3 -4 -2 7 -7 10 -9 11 -1 -5 15 -15 -10 -8 -12 -18
right_child=5 2 4 12 -6 6 16 9 13 -11 17 -13 -14 14 -16 -17 18 -19 -20
leaf_value=-0.00028351741389163202 0.0002607728870263766 -0.00023908124557188207 -8.5963034443137487e-05 0.00015942295110399137 -0.00045421185409714982 0.00026600131336373321 -0.00021016760643560286 0.00025093431761200686 8.8497822474570943e-05 1.9406521190944745e-05 8.7954721800045317e-05 -2.9951104038613142e-05 -6.4020152434061508e-05 9.5835702859209696e-05 -6.5634578273719805e-08 -6.2216896887456137e-05 -0.00012112965491783894 -6.1508928456275493e-05 2.1099815678498082e-05
leaf_weight=37 27 29 20 32 26 30 30 21 54 1231 20 23 32 133 1172 339 23 85 29
leaf_count=37 27 29 20 32 26 30 30 21 54 1231 20 23 32 133 1172 339 23 85 29
internal_value=-1.53508e-13 -1.78326e-05 -0.000125246 -4.17254e-05 -0.000294104 2.56656e-05 2.10117e-05 2.89696e-05 -9.81836e-06 2.329e-05 -8.87769e-05 -0.000186317 4.77014e-05 -2.14571e-06 9.70822e-06 -4.1508e-05 -0.000103404 -3.30397e-05 -4.18094e-05
internal_weight=3393 2002 139 93 46 1391 1364 1282 1863 1252 165 60 64 1698 1305 393 82 105 52
internal_count=3393 2002 139 93 46 1391 1364 1282 1863 1252 165 60 64 1698 1305 393 82 105 52
is_linear=0
shrinkage=0.0124554


Tree=65
num_leaves=18
num_cat=0
split_feature=0 3 6 19 9 3 1 24 17 25 24 6 3 17 0 12 20
split_gain=0.00998175 0.0125307 0.0145835 0.0114942 0.0114835 0.00877628 0.00750689 0.00740405 0.00521111 0.00498152 0.00735535 0.00564151 0.00439216 0.00419273 0.00364214 0.00373427 0.00363252
threshold=-0.60785761079279388 -0.023373078347368844 -0.088594971142660614 0.085805427091709033 -0.82712201430047527 -0.015103396992765026 -0.22252093395631442 58159.602000000006 0.010705791673150488 0.092028992721614508 46457.595500000003 -0.10575287720704511 0.0078515479972399733 0.0099526493767817196 -0.8783796973249266 15.372327543380173 1.3385000000000003e-05
decision_type=2 2 2 2 2 2 2 2 2 2 2 2 2 2 2 2 2
left_child=9 -2 3 8 6 -6 -4 -5 -3 10 -1 -12 14 -13 16 -16 -11
right_child=1 2 4 7 5 -7 -8 -9 -10 12 11 13 -14 -15 15 -17 -18
leaf_value=0.00024447779306044723 0.00028237812007218371 0.00011553344136840376 -0.00020375468443966312 -0.00047190532363960139 0.00017170573530465942 -6.0399745592984795e-06 -3.8313228178243678e-05 -0.00014422766556143642 -0.00015936806909137917 -3.7666888096777103e-05 0.00017681582957589011 -7.6207282835492405e-07 -7.0624452846418221e-05 -0.00018467982615640147 0.00016768969912441456 6.3894603416019878e-05 8.4244971407667807e-05
leaf_weight=20 22 20 73 23 44 2095 102 20 23 65 27 499 33 20 101 115 91
leaf_count=20 22 20 73 23 44 2095 102 20 23 65 27 499 33 20 101 115 91
internal_value=-9.8474e-14 -1.35267e-05 -1.62391e-05 -0.000175502 -1.03201e-05 -2.38368e-06 -0.000107326 -0.000319497 -3.15069e-05 3.37401e-05 9.87582e-06 1.28234e-06 6.70911e-05 -7.84946e-06 7.93078e-05 0.000112428 3.34484e-05
internal_weight=3393 2422 2400 86 2314 2139 175 43 43 971 566 546 405 519 372 216 156
internal_count=3393 2422 2400 86 2314 2139 175 43 43 971 566 546 405 519 372 216 156
is_linear=0
shrinkage=0.0124554


Tree=66
num_leaves=24
num_cat=0
split_feature=21 16 32 16 17 17 8 13 30 13 0 8 11 16 13 12 21 13 32 14 19 3 22
split_gain=0.00984625 0.0148551 0.0130599 0.0125325 0.0142305 0.0109367 0.00906487 0.0144756 0.0102221 0.00768787 0.0105283 0.00741703 0.00692139 0.00611074 0.00610914 0.00464097 0.00398405 0.00391256 0.00364953 0.00351748 0.00251994 0.00228996 0.0021477
threshold=0.0074651078525705397 4.1690000000000009e-05 -0.084970530247135842 4.7325000000000005e-05 0.0089602589268473597 0.0054184104401660159 11.500000000000002 0.012052091711764421 -0.00085542359160732651 0.0055270787816557743 1.0000000180025095e-35 72.500000000000014 -0.027103892817246119 8.7205000000000016e-05 0.0065968145106124016 32.453445521509401 0.0059539587055729712 0.0059012830172152329 -0.00852147054920732 -0.0023180099100558733 0.043585892881646986 -0.006833355820271946 53561.461000000003
decision_type=2 2 2 2 2 2 2 2 2 2 2 2 2 2 2 2 2 2 2 2 2 2 2
left_child=9 2 -2 4 19 11 7 -4 -8 12 17 -5 18 -7 -12 16 -14 -11 21 -3 -19 -1 -17
right_child=1 3 6 5 -6 13 8 -9 -10 10 14 -13 15 -15 -16 22 -18 20 -20 -21 -22 -23 -24
leaf_value=0.00016771278419013837 0.00024543303124637542 -3.9762328766137412e-05 0.00012573466603715811 -9.1536231569101282e-05 -0.00047305614172873424 3.4963734828907681e-05 -5.5700606233033492e-05 -0.00015960471901627478 1.9696279259457856e-05 0.00014746135382781418 0.00013803851755957261 -0.00033373353065909128 3.9612900796881985e-05 -5.6627931943840416e-05 0.00040087205370231325 -0.00021156396048214494 -1.155631737453629e-05 4.1456496690714888e-05 0.00021260316111560877 -0.00021914838963528222 -0.00011037714304558231 6.9745093690011658e-06 -4.3788700621416936e-05
leaf_weight=20 35 43 168 181 22 242 479 33 668 32 34 22 438 212 23 20 512 43 37 28 28 44 29
leaf_count=20 35 43 168 181 22 242 479 33 668 32 34 22 438 212 23 20 512 43 37 28 28 44 29
internal_value=3.91125e-15 -1.63076e-05 7.89816e-06 -6.0943e-05 -0.000196271 -4.17871e-05 1.73071e-06 7.88879e-05 -1.17903e-05 2.76064e-05 0.000108276 -0.000117784 1.58727e-05 -7.80594e-06 0.000244094 5.9384e-06 1.20354e-05 3.31149e-05 0.000114133 -0.000110506 -1.84216e-05 5.72052e-05 -0.000112268
internal_weight=3393 2133 1383 750 93 657 1348 201 1147 1260 160 203 1100 454 57 999 950 103 101 71 71 64 49
internal_count=3393 2133 1383 750 93 657 1348 201 1147 1260 160 203 1100 454 57 999 950 103 101 71 71 64 49
is_linear=0
shrinkage=0.0124554


Tree=67
num_leaves=26
num_cat=0
split_feature=21 16 1 6 16 1 13 13 24 13 0 11 30 19 13 16 16 29 21 20 19 5 3 7 13
split_gain=0.0096025 0.0144873 0.0153788 0.015207 0.0122223 0.0117249 0.01115 0.00965798 0.00854017 0.00749755 0.0102677 0.00675004 0.00661153 0.00631012 0.0059579 0.00508057 0.0048613 0.00481832 0.00768383 0.00496118 0.0038233 0.00206827 0.00231904 0.00156928 0.00139573
threshold=0.0074651078525705397 4.1690000000000009e-05 1.0000000180025095e-35 -0.12749117907202781 4.7325000000000005e-05 0.81174490092936691 0.010098307323566216 0.012384260799368592 50904.53300000001 0.0055270787816557743 1.0000000180025095e-35 -0.027103892817246119 -0.00085542359160732651 0.082813764801517004 0.0065968145106124016 4.553500000000001e-05 4.8925000000000003e-05 23.74682523093627 0.0058803781552874005 -2.9209999999999996e-05 0.035620848408067611 49.500000000000007 -0.0018268255349085936 30.500000000000004 0.0060504686676644947
decision_type=2 2 2 2 2 2 2 2 2 2 2 2 2 2 2 2 2 2 2 2 2 2 2 2 2
left_child=9 2 3 -2 6 16 15 13 -7 11 20 21 -5 -4 -12 -3 -6 19 -19 -13 24 22 -1 -22 -11
right_child=1 4 7 12 5 8 -8 -9 -10 10 14 17 -14 -15 -16 -17 -18 18 -20 -21 23 -23 -24 -25 -26
leaf_value=3.8389634371855638e-05 0.0003022265636363674 -2.2470468433999089e-05 6.5364358005556562e-05 -6.6938436535037897e-05 0.00015163354270625486 -4.2901585723341554e-06 -0.00043882906601617588 -0.00019386786551082481 -0.00023979590956855226 0.00018213114679486921 0.00013631919571902032 0.00015794917432932596 8.3268885568502583e-07 0.00023754434058271873 0.00039587904597391458 -0.00023422599920711791 -2.6139096268929983e-05 9.3595701032603686e-05 -1.3168725512919813e-05 -2.495352610469734e-05 2.8062203962098892e-05 0.00021951921706497794 0.00018512582349632721 -0.00010751189322975261 5.0093963538684125e-05
leaf_weight=55 22 39 399 401 25 36 22 21 71 23 34 24 504 36 23 32 525 201 218 556 26 22 24 27 27
leaf_count=55 22 39 399 401 25 36 22 21 71 23 34 24 504 36 23 32 525 201 218 556 26 22 24 27 27
internal_value=1.88469e-13 -1.61045e-05 7.79978e-06 -2.13308e-05 -6.01839e-05 -4.12666e-05 -0.000193826 6.70192e-05 -0.00016056 2.72626e-05 0.000106928 1.5675e-05 -2.91963e-05 7.96137e-05 0.000241054 -0.00011791 -1.80585e-05 5.86444e-06 3.80476e-05 -1.73851e-05 3.27024e-05 0.000112712 8.29677e-05 -4.10038e-05 0.000110831
internal_weight=3393 2133 1383 927 750 657 93 456 107 1260 160 1100 905 435 57 71 550 999 419 580 103 101 79 53 50
internal_count=3393 2133 1383 927 750 657 93 456 107 1260 160 1100 905 435 57 71 550 999 419 580 103 101 79 53 50
is_linear=0
shrinkage=0.0124554


Tree=68
num_leaves=20
num_cat=0
split_feature=21 20 1 14 1 11 20 13 17 11 13 26 6 12 26 13 15 1 22
split_gain=0.00936478 0.0141359 0.0136963 0.0149803 0.0106492 0.0140941 0.0153441 0.0081117 0.0132886 0.0076012 0.00737889 0.00686302 0.00636965 0.00725694 0.00556191 0.00467468 0.00427641 0.00283602 0.00240708
threshold=0.0074651078525705397 4.0225000000000009e-05 1.0000000180025095e-35 -0.076025033035067954 0.81174490092936691 -0.056160392199618818 9.0585000000000014e-05 0.012384260799368592 0.0094108683107376554 -0.032517561810794897 0.0073864629068921732 49761.950500000006 -0.039413712012834327 32.453445521509401 45082.774500000007 0.0055270787816557743 1.7424690601044179 -0.22252093395631442 53292.284500000002
decision_type=2 2 2 2 2 2 2 2 2 2 2 2 2 2 2 2 2 2 2
left_child=10 2 3 -2 5 6 -3 8 -4 -7 12 -6 17 15 -5 -14 -13 -1 -15
right_child=1 4 7 14 11 9 -8 -9 -10 -11 -12 16 13 18 -16 -17 -18 -19 -20
leaf_value=0.00025018735520523732 0.00028111385351294716 -7.6390828518258278e-05 5.221091010919374e-05 0.00014477001902976925 2.7514762489698477e-05 8.7579073026157112e-05 -0.00039259420621005171 -0.00018110752880473829 0.00028061108127765616 -3.3390911529148132e-05 0.00024797175653807452 -0.00016211525262544661 1.5657514939530543e-05 -0.00019493091852385228 -3.3587600697917124e-05 9.8232989966796761e-05 -0.00034847687637300955 6.4389947377090022e-05 -4.3374580738100331e-05
leaf_weight=26 25 93 388 28 23 100 32 20 44 415 23 72 1001 29 867 119 26 25 37
leaf_count=26 25 93 388 28 23 100 32 20 44 415 23 72 1001 29 867 119 26 25 37
internal_value=-1.25599e-13 -1.59039e-05 7.97633e-06 -1.96077e-05 -5.89573e-05 -3.86979e-05 -0.000157339 6.41207e-05 7.54739e-05 -9.90159e-06 2.6923e-05 -0.000166115 2.2813e-05 1.6952e-05 -2.80077e-05 2.44312e-05 -0.000211558 0.00015911 -0.000109968
internal_weight=3393 2133 1372 920 761 640 125 452 432 515 1260 121 1237 1186 895 1120 98 51 66
internal_count=3393 2133 1372 920 761 640 125 452 432 515 1260 121 1237 1186 895 1120 98 51 66
is_linear=0
shrinkage=0.0124554


Tree=69
num_leaves=17
num_cat=0
split_feature=9 21 20 33 30 9 24 27 16 6 21 0 12 22 12 0
split_gain=0.00952461 0.00950513 0.0115711 0.00937 0.0091482 0.00822502 0.00819114 0.0077269 0.00739136 0.00722658 0.00671132 0.00563967 0.00816745 0.00519439 0.00512487 0.00433491
threshold=0.63487299969475808 0.0098478694706873524 -1.1919999999999999e-05 7.2542560252745805e-05 -0.0057038606616891174 -1.6363040276992331 45886.341500000002 66.100824503894174 8.7205000000000016e-05 0.074111546424657129 0.013942463425864098 -1.0000000180025095e-35 15.372327543380173 50082.296500000004 28.242691706099659 -1.0000000180025095e-35
decision_type=2 2 2 2 2 2 2 2 2 2 2 2 2 2 2 2
left_child=1 5 10 8 -2 -1 -6 9 -4 -8 14 12 -7 -13 -3 -5
right_child=4 2 3 15 6 11 7 -9 -10 -11 -12 13 -14 -15 -16 -17
leaf_value=-0.00022319796951303115 0.00025206722155153924 0.00014633163642842976 -2.1133648601710635e-05 -7.9509902159521337e-05 0.00025893080723575409 0.00012517530418879237 2.4812431186612171e-05 -0.00019599655167221614 -0.00020075035678400523 -0.00019331703488371615 -0.00011856812128926164 7.403939507478208e-05 1.0535945061536273e-05 -3.1299741800804837e-05 -5.3786174063988066e-05 -0.00020741292850009495
leaf_weight=25 27 75 267 66 22 118 1292 26 41 24 30 82 527 635 27 109
leaf_count=25 27 75 267 66 22 118 1292 26 41 24 30 82 527 635 27 109
internal_value=-1.3266e-13 -1.73948e-05 -5.8152e-05 -8.63957e-05 2.50355e-05 6.77054e-07 2.05415e-05 1.66335e-05 -4.50437e-05 2.08344e-05 4.5194e-05 4.78636e-06 3.15087e-05 -1.92526e-05 9.33593e-05 -0.000159175
internal_weight=3393 2002 615 483 1391 1387 1364 1342 308 1316 132 1362 645 717 102 175
internal_count=3393 2002 615 483 1391 1387 1364 1342 308 1316 132 1362 645 717 102 175
is_linear=0
shrinkage=0.0124554


Tree=70
num_leaves=18
num_cat=0
split_feature=0 30 11 20 28 8 21 22 11 3 17 11 22 7 0 27 11
split_gain=0.00919561 0.0117522 0.0125989 0.01989 0.00932697 0.00914099 0.0263736 0.0155931 0.00590352 0.00606535 0.00648532 0.00556263 0.00571761 0.00470737 0.00293065 0.00199314 0.00184756
threshold=-0.60785761079279388 -0.0062675619422346979 -0.053294334627468291 9.0585000000000014e-05 0.5029515747771206 12.500000000000002 0.009540628590903372 52107.401000000005 -0.11129013738530157 0.00075652923623148471 0.0053415352595961437 -0.015665202591754187 47040.960500000008 49.500000000000007 -0.8783796973249266 36.783330333585404 -0.049269290547940041
decision_type=2 2 2 2 2 2 2 2 2 2 2 2 2 2 2 2 2
left_child=8 -2 3 4 -3 6 -4 -7 15 11 14 12 -10 -13 -11 -1 -12
right_child=1 2 5 -5 -6 7 -8 -9 9 10 16 13 -14 -15 -16 -17 -18
leaf_value=0.00025431103355056653 0.00028769448909903315 -2.6908183917200226e-05 0.00046819390843580195 -0.00039833676825819106 -0.00021616767590222052 -6.6237715973047135e-05 1.7111100849157973e-05 1.1594838286467392e-05 0.00021247736897833246 4.4935049399831471e-05 9.2626777116374334e-05 -9.7965740502399702e-05 1.7192774329812317e-05 1.9402808029988024e-05 0.0001351461430051341 9.3228337136658159e-05 -4.0426575199398917e-05
leaf_weight=22 20 255 24 29 48 566 124 1356 25 88 20 127 334 91 153 26 85
leaf_count=22 20 255 24 29 48 566 124 1356 25 88 20 127 334 91 153 26 85
internal_value=-9.9524e-14 -1.29831e-05 -1.54866e-05 -8.67151e-05 -5.68899e-05 -4.06257e-06 9.02597e-05 -1.13257e-05 3.23842e-05 2.53806e-05 6.66125e-05 6.5568e-07 3.0792e-05 -4.89724e-05 0.000102206 0.000167058 -1.50831e-05
internal_weight=3393 2422 2402 332 303 2070 148 1922 971 923 346 577 359 218 241 48 105
internal_count=3393 2422 2402 332 303 2070 148 1922 971 923 346 577 359 218 241 48 105
is_linear=0
shrinkage=0.0124554


Tree=71
num_leaves=18
num_cat=0
split_feature=0 30 29 20 21 32 23 29 27 3 0 27 13 17 27 32 27
split_gain=0.00896797 0.0114613 0.0114125 0.00997346 0.00918317 0.0126795 0.00646631 0.00517426 0.00438837 0.00531261 0.00638428 0.00500776 0.00614667 0.00510477 0.00435446 0.00375388 0.00330944
threshold=-0.60785761079279388 -0.0062675619422346979 7.7367216835191543 4.6445000000000007e-05 0.01335888679151157 -0.041352032569680001 -2.0794999999999997e-05 5.9963599880020952 54.856185739997684 0.00075652923623148471 -0.8783796973249266 27.475189001031115 0.0020750511654781859 0.0047363564170486063 45.671527059039128 0.03100144520989712 36.534756587657959
decision_type=2 2 2 2 2 2 2 2 2 2 2 2 2 2 2 2 2
left_child=8 -2 3 7 5 -4 -6 -3 9 11 16 12 -1 -13 -5 -12 -11
right_child=1 2 4 14 6 -7 -8 -9 -10 10 15 13 -14 -15 -16 -17 -18
leaf_value=-0.00012975353174325303 0.00028411114638430727 9.8197885611656013e-05 0.00011307497532634266 -0.00042697550153448903 -0.00022021514212534332 -1.0026866051276748e-05 -5.1408850421326431e-05 -0.00013207359067373171 0.0001689121427553621 4.5123661214727653e-05 0.00013205509467193846 0.00010398098877483976 6.2464844370899748e-06 2.1424263795551036e-06 -0.00016706497426252886 -4.4290677425995681e-05 -7.9031609505832913e-05
leaf_weight=80 20 24 139 20 46 1962 150 41 35 104 173 109 145 255 20 21 49
leaf_count=80 20 24 139 20 46 1962 150 41 35 104 173 109 145 255 20 21 49
internal_value=-5.29346e-15 -1.28214e-05 -1.52938e-05 -0.000142277 -9.48912e-06 -1.88257e-06 -9.10267e-05 -4.70503e-05 3.19808e-05 2.68605e-05 6.55209e-05 4.08439e-06 -4.21091e-05 3.2638e-05 -0.00029702 0.000112966 5.36152e-06
internal_weight=3393 2422 2402 105 2297 2101 196 65 971 936 347 589 225 364 40 194 153
internal_count=3393 2422 2402 105 2297 2101 196 65 971 936 347 589 225 364 40 194 153
is_linear=0
shrinkage=0.0124554


Tree=72
num_leaves=16
num_cat=0
split_feature=9 17 0 1 19 20 3 6 6 21 23 26 5 6 9
split_gain=0.0091463 0.0101678 0.0120021 0.0139065 0.00896576 0.00841605 0.00757339 0.007266 0.00705381 0.00675309 0.00960581 0.00674898 0.00631863 0.00416583 0.00311264
threshold=0.63487299969475808 0.0090049613127196424 -1.0000000180025095e-35 1.0000000180025095e-35 0.15305523650643302 3.4525000000000006e-05 -0.021646366762096466 0.074111546424657129 -0.081132681818333816 0.0073684638235474954 -2.6804999999999995e-05 45861.886500000001 19.000000000000004 -0.088594971142660614 -0.088160399250514845
decision_type=2 2 2 2 2 2 2 2 2 2 2 2 2 2 2
left_child=1 8 13 5 6 -4 -2 11 -1 12 -11 -8 -10 -3 -15
right_child=4 2 3 -5 -6 -7 7 -9 9 10 -12 -13 -14 14 -16
leaf_value=0.00020277353903861166 -0.00021988621363554155 0.00014676701949115195 -0.0002012380333130294 -2.9758731026513976e-05 0.00028634595103613274 -0.00055386569193459649 0.00024449923577565585 -0.00019051056257208296 0.00021651502106627117 5.8905607360375182e-05 -4.5837855119725478e-05 2.4513333774637168e-05 1.092698211310517e-05 5.0129918410784008e-05 -0.00015833960117543017
leaf_weight=24 20 21 21 31 20 21 22 24 24 158 968 1305 689 20 25
leaf_count=24 20 21 21 31 20 21 22 24 24 158 968 1305 689 20 25
internal_value=5.62515e-14 -1.70459e-05 -0.000119809 -0.000229859 2.45333e-05 -0.000377552 2.0714e-05 2.42758e-05 -9.37861e-06 -1.21473e-05 -3.11403e-05 2.81604e-05 1.78472e-05 1.91236e-06 -6.56865e-05
internal_weight=3393 2002 139 73 1391 42 1371 1351 1863 1839 1126 1327 713 66 45
internal_count=3393 2002 139 73 1391 42 1371 1351 1863 1839 1126 1327 713 66 45
is_linear=0
shrinkage=0.0124554


Tree=73
num_leaves=20
num_cat=0
split_feature=21 16 1 29 16 17 1 13 17 22 13 30 6 12 16 13 14 1 22
split_gain=0.00865028 0.0133232 0.0145051 0.0144871 0.0117395 0.0131909 0.0110259 0.00912167 0.0148932 0.00786075 0.00723784 0.00684219 0.00620652 0.00703047 0.00471153 0.00456001 0.00338879 0.00274289 0.00235511
threshold=0.0074651078525705397 4.1690000000000009e-05 1.0000000180025095e-35 5.9963599880020952 4.7325000000000005e-05 0.0089602589268473597 0.81174490092936691 0.012384260799368592 0.0094108683107376554 50943.380500000007 0.0073864629068921732 -0.00085542359160732651 -0.039413712012834327 32.453445521509401 4.8925000000000003e-05 0.0055270787816557743 -0.0023180099100558733 -0.22252093395631442 53292.284500000002
decision_type=2 2 2 2 2 2 2 2 2 2 2 2 2 2 2 2 2 2 2
left_child=10 2 3 -2 5 16 14 8 -4 -8 12 -5 17 15 -6 -14 -3 -1 -15
right_child=1 4 7 11 6 -7 9 -9 -10 -11 -12 -13 13 18 -16 -17 -18 -19 -20
leaf_value=0.00024591492927028682 0.00027510837078441498 -3.6522375621057594e-05 5.2635205193118492e-05 -6.7627242202617345e-05 0.00015054675658832378 -0.00045501654624482377 -1.925063199138997e-05 -0.00018838873279901569 0.00029194283997036551 -0.00023884276883977954 0.00024480139396625914 1.4977307691313735e-06 1.4715736665774323e-05 -0.0001929450858140366 -2.4466015738856117e-05 9.6272154268844243e-05 -0.00021259624741962042 6.319341673670465e-05 -4.3033661562609835e-05
leaf_weight=26 25 43 390 396 25 22 41 21 45 66 23 506 1001 29 525 119 28 25 37
leaf_count=26 25 43 390 396 25 22 41 21 45 66 23 506 1001 29 525 119 28 25 37
internal_value=-3.05538e-14 -1.52852e-05 7.63859e-06 -2.06525e-05 -5.75565e-05 -0.000188532 -3.90166e-05 6.51513e-05 7.73912e-05 -0.0001547 2.58756e-05 -2.88498e-05 2.1805e-05 1.60195e-05 -1.65109e-05 2.33811e-05 -0.00010596 0.000156346 -0.000108904
internal_weight=3393 2133 1383 927 750 93 657 456 435 107 1260 902 1237 1186 550 1120 71 51 66
internal_count=3393 2133 1383 927 750 93 657 456 435 107 1260 902 1237 1186 550 1120 71 51 66
is_linear=0
shrinkage=0.0124554


Tree=74
num_leaves=16
num_cat=0
split_feature=9 1 21 13 32 8 30 25 20 22 17 12 12 25 34
split_gain=0.0088914 0.0094067 0.00807462 0.0105759 0.00892404 0.0109805 0.00847605 0.0120715 0.00741242 0.00512579 0.00355934 0.00319164 0.00171829 0.00227412 0.000654993
threshold=-0.89093801187444022 -0.56174490092936669 0.024056631975004083 0.0099787522962475252 0.0352662882650372 12.500000000000002 0.0018039937210183102 -1.5039248309203637 5.710500000000001e-05 69614.683999990011 0.0054184104401660159 15.500219640937635 24.953187797838911 0.49439831430439501 0.69060249163105036
decision_type=2 2 2 2 2 2 2 2 2 2 2 2 2 2 2
left_child=1 8 3 4 5 -2 7 -5 10 -6 -1 -8 13 14 -3
right_child=2 12 -4 6 9 -7 11 -9 -10 -11 -12 -13 -14 -15 -16
leaf_value=-0.00023088743272588582 9.326842144484555e-05 -0.00015384029005343386 0.00022321360651669444 7.4890584945591892e-05 -6.8099194229262271e-05 9.1715934157804823e-06 -6.4488411476197106e-05 -0.00015898798886160526 -0.00040756142137197098 0.00013370995703162883 -1.5648984566002911e-06 7.0441036232093713e-05 6.4653080931615826e-05 4.1707364748787738e-05 -6.1187323336345893e-05
leaf_weight=21 269 20 26 43 278 2303 43 168 20 21 21 74 29 28 29
leaf_count=21 269 20 26 43 278 2303 43 168 20 21 21 74 29 28 29
internal_value=-3.29894e-14 -8.83406e-05 4.60193e-06 2.82515e-06 1.04799e-05 1.79671e-05 -6.4177e-05 -0.000111326 -0.000210205 -5.39253e-05 -0.000116226 2.08516e-05 -1.70613e-05 -4.78368e-05 -9.90049e-05
internal_weight=3393 168 3225 3199 2871 2572 328 211 62 299 42 117 106 77 49
internal_count=3393 168 3225 3199 2871 2572 328 211 62 299 42 117 106 77 49
is_linear=0
shrinkage=0.0124554


Tree=75
num_leaves=16
num_cat=0
split_feature=9 17 0 1 19 20 6 6 29 11 0 9 21 6 9
split_gain=0.00885348 0.00979663 0.0114549 0.0133675 0.00854433 0.00807527 0.006866 0.00676904 0.00664336 0.00946796 0.00894057 0.00642549 0.00611886 0.00403923 0.00304017
threshold=0.63487299969475808 0.0090049613127196424 -1.0000000180025095e-35 1.0000000180025095e-35 0.15305523650643302 3.4525000000000006e-05 -0.081132681818333816 0.074111546424657129 7.7367216835191543 -0.028582520397826213 -1.0000000180025095e-35 -1.6363040276992331 0.0098478694706873524 -0.088594971142660614 -0.088160399250514845
decision_type=2 2 2 2 2 2 2 2 2 2 2 2 2 2 2
left_child=1 6 13 5 7 -4 -1 8 10 -10 -2 -8 -13 -3 -15
right_child=4 2 3 -5 -6 -7 11 -9 9 -11 -12 12 -14 14 -16
leaf_value=0.00020006410756575777 5.1897693216354526e-05 0.00014390981759785732 -0.00019724804211432894 -2.8967640560032038e-05 0.00027972283839273099 -0.00054266259166827467 -0.00019921666188625313 -0.00018692956551089344 8.8646047035818862e-05 1.1362523787307517e-05 -0.00016031702377895414 4.2778552131267739e-06 -4.8317170758544428e-05 4.9169863232418702e-05 -0.0001568584808129892
leaf_weight=24 57 21 21 31 20 21 28 24 341 882 67 1351 460 20 25
leaf_count=24 57 21 21 31 20 21 28 24 341 882 67 1351 460 20 25
internal_value=8.11096e-14 -1.67708e-05 -0.000117641 -0.000225152 2.41374e-05 -0.000369955 -9.24479e-06 2.04089e-05 2.41032e-05 3.29109e-05 -6.27667e-05 -1.19764e-05 -9.08146e-06 1.27335e-06 -6.52903e-05
internal_weight=3393 2002 139 73 1391 42 1863 1371 1347 1223 124 1839 1811 66 45
internal_count=3393 2002 139 73 1391 42 1863 1371 1347 1223 124 1839 1811 66 45
is_linear=0
shrinkage=0.0124554


Tree=76
num_leaves=24
num_cat=0
split_feature=9 0 11 17 25 18 3 23 27 8 16 13 27 24 9 27 30 13 32 7 27 13 14
split_gain=0.00865528 0.00899222 0.0112146 0.0121704 0.0128557 0.0113703 0.00821393 0.00760984 0.0075978 0.0117317 0.0142666 0.00853405 0.00828188 0.008891 0.00536322 0.00480771 0.00445525 0.00432686 0.00395036 0.00340573 0.00342974 0.00269294 0.00267433
threshold=0.46442215071068188 -0.60785761079279388 -0.053294334627468291 0.0087199918014398674 -0.68040714980418604 0.00094413800063374075 9.7112971072288459e-05 -1.9024999999999998e-05 66.100824503894174 11.500000000000002 3.4340000000000007e-05 0.012384260799368592 54.479864783072621 53229.270000000011 -0.82712201430047527 27.475189001031115 -0.0015454858589191841 0.0020750511654781859 -0.079419426222593445 11.500000000000002 25.774140046156088 0.0030422339170515476 0.010901669102247548
decision_type=2 2 2 2 2 2 2 2 2 2 2 2 2 2 2 2 2 2 2 2 2 2 2
left_child=1 6 3 5 -5 -3 15 16 9 10 11 -2 13 -11 -9 17 -4 -1 -14 -8 -21 -17 -12
right_child=8 2 7 4 -6 -7 19 14 -10 12 22 -13 18 -15 -16 21 -18 -19 -20 20 -22 -23 -24
leaf_value=-0.0001271145434858742 0.00028585569219065067 2.3689407821254732e-05 -4.7099188259218996e-05 -8.3684007005917785e-05 -0.00049651506079442743 -0.00025788993773451501 -4.0665778390778141e-05 -0.00010375739876769827 -0.00018971226151352243 -4.099982630842587e-05 3.2861890559816093e-05 2.3068674908076193e-05 0.00025975929378153125 2.8286656338417961e-05 -2.2932360431629448e-05 0.00015397781612304707 0.00010489542576807873 -8.3141089544331936e-06 7.8323786471291441e-05 6.5931051996427512e-05 0.00017913655310004587 1.2899835650370361e-05 -0.00015187501012611118
leaf_weight=75 73 73 42 22 25 32 30 150 26 433 31 26 24 854 844 29 104 130 83 130 61 76 20
leaf_count=75 73 73 42 22 25 32 30 150 26 433 31 26 24 854 844 29 104 130 83 130 61 76 20
internal_value=1.69094e-13 -1.84613e-05 -3.61955e-05 -0.000136691 -0.000303275 -6.21252e-05 2.46887e-05 -2.27961e-05 2.14363e-05 2.49919e-05 0.000129656 0.000216841 1.37295e-05 4.97582e-06 -3.51293e-05 -1.66732e-05 6.11709e-05 -5.17777e-05 0.00011902 8.27077e-05 0.000102086 5.18642e-05 -3.9584e-05
internal_weight=3393 1823 1292 152 47 105 531 1140 1570 1544 150 99 1394 1287 994 310 146 205 107 221 191 105 51
internal_count=3393 1823 1292 152 47 105 531 1140 1570 1544 150 99 1394 1287 994 310 146 205 107 221 191 105 51
is_linear=0
shrinkage=0.0124554


Tree=77
num_leaves=21
num_cat=0
split_feature=9 0 11 17 25 13 3 19 3 23 3 8 24 9 26 17 30 7 25 0
split_gain=0.00844101 0.00876961 0.010937 0.0118691 0.0125375 0.00989521 0.00801059 0.0075021 0.00765979 0.00742145 0.00740193 0.00795166 0.00605636 0.00529646 0.00479198 0.00459174 0.00434496 0.00332142 0.00264694 0.00262873
threshold=0.46442215071068188 -0.60785761079279388 -0.053294334627468291 0.0087199918014398674 -0.68040714980418604 0.0070572024344426098 9.7112971072288459e-05 0.15305523650643302 -0.020274248265747471 -1.9024999999999998e-05 0.0082182049145120856 11.500000000000002 69614.683999990011 -1.6363040276992331 50228.109500000006 0.0054737230948266923 -0.0015454858589191841 11.500000000000002 -1.0146267025977955 -0.8783796973249266
decision_type=2 2 2 2 2 2 2 2 2 2 2 2 2 2 2 2 2 2 2 2
left_child=1 6 3 5 -5 -3 14 8 -2 16 11 -10 -12 -11 15 -1 -4 -8 -16 -19
right_child=7 2 9 4 -6 -7 17 -9 10 13 12 -13 -14 -15 18 -17 -18 19 -20 -21
leaf_value=-0.0001670670233115278 -0.00016416743434973608 -0.00025709275533889359 -4.6512548580692731e-05 -8.2641693787916396e-05 -0.00049033077916768282 1.333930409720603e-05 -4.0159270950719421e-05 0.00025500692306022353 0.00012543402520338677 -0.00021368989049713044 -6.4165079457274547e-05 2.3374157472710825e-05 0.00014888294385782212 -3.0073634138899433e-05 -7.6406147720458871e-05 2.7879393838985155e-05 0.00010358891386807683 3.866842569563589e-05 3.3068844828306585e-05 0.00013517117061957433
leaf_weight=53 35 29 42 22 25 76 30 21 132 25 207 1152 23 969 42 29 104 68 186 123
leaf_count=53 35 29 42 22 25 76 30 21 132 25 207 1152 23 969 42 29 104 68 186 123
internal_value=-5.12746e-14 -1.82313e-05 -3.57447e-05 -0.000134989 -0.000299498 -6.13515e-05 2.43812e-05 2.11693e-05 1.79991e-05 -2.25122e-05 2.22103e-05 3.38663e-05 -4.28603e-05 -3.46917e-05 -1.64655e-05 -9.81226e-05 6.0409e-05 8.16775e-05 1.29024e-05 0.000100814
internal_weight=3393 1823 1292 152 47 105 531 1570 1549 1140 1514 1284 230 994 310 82 146 221 228 191
internal_count=3393 1823 1292 152 47 105 531 1570 1549 1140 1514 1284 230 994 310 82 146 221 228 191
is_linear=0
shrinkage=0.0124554


Tree=78
num_leaves=19
num_cat=0
split_feature=9 13 20 30 13 7 24 9 32 33 12 0 22 13 5 30 19 22
split_gain=0.00825395 0.00852244 0.0136917 0.00823074 0.00790013 0.00968156 0.00782679 0.00695067 0.00732881 0.0062659 0.00505227 0.00504451 0.0050019 0.00451151 0.00404211 0.00334998 0.00218485 0.00189781
threshold=0.63487299969475808 0.0099787522962475252 4.2420000000000011e-05 -0.0057038606616891174 0.011919333910874323 10.500000000000002 45886.341500000002 -0.89093801187444022 0.036219202533444468 0.00016406747779296771 15.601811920574027 1.0000000180025095e-35 69424.844999990004 0.0041675382861577999 45.500000000000007 -0.00230493128829513 0.091189594917399572 47518.035000000011
decision_type=2 2 2 2 2 2 2 2 2 2 2 2 2 2 2 2 2 2
left_child=1 7 9 -2 5 -5 -7 12 10 17 -9 -11 14 -10 -1 -6 -17 -3
right_child=3 2 -4 4 15 6 -8 8 13 11 -12 -13 -14 -15 -16 16 -18 -19
leaf_value=-0.0001126493384222261 0.00023865242332234929 0.00013785377367952893 -0.00031059741469496757 0.00024774366369733231 -0.00022324000601544859 0.0002657458096476547 1.7357886725748871e-05 5.2830382342506242e-05 3.7828881192527913e-05 -1.0293857996582446e-05 -5.2149897171348967e-06 -0.0002688970435156854 -0.00025342534211599379 -0.00015224589943338559 2.7730563612989115e-05 9.3228311774528634e-06 -0.00014974107271315828 -5.046092864186084e-06
leaf_weight=82 27 21 38 30 24 20 1232 283 26 22 1307 25 24 76 52 37 21 46
leaf_count=82 27 21 38 30 24 20 1232 283 26 22 1307 25 24 76 52 37 21 46
internal_value=2.52986e-13 -1.6193e-05 -0.000105847 2.33058e-05 1.90431e-05 2.66241e-05 2.13257e-05 -8.82681e-06 -1.44925e-06 -3.75972e-05 5.11636e-06 -0.000147849 -8.78321e-05 -0.000103795 -5.81736e-05 -9.94802e-05 -4.82693e-05 3.97434e-05
internal_weight=3393 2002 152 1391 1364 1282 1252 1850 1692 114 1590 47 158 102 134 82 58 67
internal_count=3393 2002 152 1391 1364 1282 1252 1850 1692 114 1590 47 158 102 134 82 58 67
is_linear=0
shrinkage=0.0124554


Tree=79
num_leaves=23
num_cat=0
split_feature=21 16 32 16 17 17 13 8 13 0 11 13 11 29 21 16 33 19 26 14 32 17
split_gain=0.00815477 0.0133948 0.0112806 0.0102932 0.0127451 0.0100231 0.00801132 0.0134292 0.00772092 0.00812266 0.00655345 0.00570501 0.0053955 0.00570384 0.00553556 0.00524537 0.00497622 0.00490942 0.003674 0.00321244 0.0031782 0.000945566
threshold=0.0071655382253736017 4.1690000000000009e-05 -0.084970530247135842 4.7325000000000005e-05 0.0089602589268473597 0.0054184104401660159 0.012384260799368592 11.500000000000002 0.0055270787816557743 1.0000000180025095e-35 -0.043312184913972034 0.0065968145106124016 -0.027103892817246119 23.74682523093627 0.0058492125098030265 8.7205000000000016e-05 8.5346513869755049e-05 0.035620848408067611 50347.191500000008 -0.00027157902768976111 -0.00852147054920732 0.0046063027020738856
decision_type=2 2 2 2 2 2 2 2 2 2 2 2 2 2 2 2 2 2 2 2 2 2
left_child=8 2 -2 4 19 10 7 -4 12 17 -5 -11 20 18 -15 -7 -8 -10 -14 -3 21 -1
right_child=1 3 6 5 -6 15 16 -9 9 11 -12 -13 13 14 -16 -17 -18 -19 -20 -21 -22 -23
leaf_value=9.945846879760071e-05 0.00023001360347285507 -3.8093987479959655e-05 0.00011426661822239149 -0.00031083942549339994 -0.00043816925716857406 3.6662104221157714e-05 2.3500308577385532e-05 -3.8644588355153339e-06 0.00013788658707778904 0.0001363102810840558 -8.126800848027354e-05 0.00040290470402956375 -0.00011389025905401959 9.0120753250474213e-05 -4.3525157515607649e-06 -4.7106359759937558e-05 -0.00017869114631153 -6.6419516592141313e-05 -7.8908872540104344e-06 -0.00021160313799958744 0.00020844914773450378 -1.6501625485807368e-05
leaf_weight=24 35 49 171 21 22 244 28 1176 36 33 237 20 57 196 189 221 58 37 461 25 33 20
leaf_count=24 35 49 171 21 22 244 28 1176 36 33 237 20 57 196 189 221 58 37 461 25 33 20
internal_value=7.32437e-14 -1.34281e-05 9.08678e-06 -5.37845e-05 -0.000174963 -3.76945e-05 3.6908e-06 1.11321e-05 2.77668e-05 0.000119545 -9.99541e-05 0.000236912 1.59667e-05 7.43256e-06 4.3743e-05 -3.15043e-06 -0.000112861 3.43342e-05 -1.95549e-05 -9.67119e-05 0.000116049 4.67493e-05
internal_weight=3393 2287 1468 819 96 723 1433 1347 1106 126 258 53 980 903 385 465 86 73 518 74 77 44
internal_count=3393 2287 1468 819 96 723 1433 1347 1106 126 258 53 980 903 385 465 86 73 518 74 77 44
is_linear=0
shrinkage=0.0124554


Tree=80
num_leaves=15
num_cat=0
split_feature=9 17 26 9 20 19 27 3 32 6 21 23 13 30
split_gain=0.0080082 0.00896943 0.0109456 0.00914876 0.00853526 0.00803055 0.00719451 0.00856094 0.00856796 0.00657465 0.00599946 0.00885165 0.00605718 0.00590674
threshold=0.63487299969475808 0.0090049613127196424 51820.583000000006 -0.31518843352625586 1.8690000000000002e-05 0.15305523650643302 66.100824503894174 -0.020274248265747471 -0.070166649677641177 -0.081132681818333816 0.0073684638235474954 -2.6804999999999995e-05 0.0055591630757981922 0.00045543926781450118
decision_type=2 2 2 2 2 2 2 2 2 2 2 2 2 2
left_child=1 9 3 -3 -4 6 7 -2 -9 -1 12 -12 -11 -5
right_child=5 2 4 13 -6 -7 -8 8 -10 10 11 -13 -14 -15
leaf_value=0.00019607103692184094 -0.00021492778786699044 0.00014878720868345853 -7.6178514225971146e-05 -0.00026734535212449194 -0.00041842768216488483 0.00027073825265279351 -0.00018587530190944634 0.00018574855192210785 2.1101719511952104e-05 3.493444222097269e-06 5.7115102990026004e-05 -4.3432527117757775e-05 0.00011552687541894838 -2.2089942439533445e-05
leaf_weight=24 23 29 20 25 26 20 26 51 1271 628 158 968 85 39
leaf_count=24 23 29 20 25 26 20 26 51 1271 628 158 968 85 39
internal_value=-1.4925e-13 -1.59501e-05 -0.000112468 -3.47345e-05 -0.000269624 2.29562e-05 1.93416e-05 2.33086e-05 2.74535e-05 -8.74886e-06 -1.14219e-05 -2.93237e-05 1.68495e-05 -0.000117893
internal_weight=3393 2002 139 93 46 1391 1371 1345 1322 1863 1839 1126 713 64
internal_count=3393 2002 139 93 46 1391 1371 1345 1322 1863 1839 1126 713 64
is_linear=0
shrinkage=0.0124554


Tree=81
num_leaves=16
num_cat=0
split_feature=9 1 21 13 11 0 27 32 8 20 21 11 3 20 2
split_gain=0.00786617 0.00885297 0.00728813 0.00944738 0.0114952 0.0105937 0.00899143 0.00841892 0.0101264 0.00696214 0.00464606 0.0036101 0.001659 0.00140766 0.000478262
threshold=-0.89093801187444022 -0.56174490092936669 0.024056631975004083 0.0099787522962475252 -0.095369229552998799 1.0000000180025095e-35 27.283111152975327 0.0352662882650372 12.500000000000002 5.710500000000001e-05 0.010714545665824774 -0.013625092406598425 0.0018840692996039412 2.3730000000000001e-05 1.0000000180025095e-35
decision_type=2 2 2 2 2 2 2 2 2 2 2 2 2 2 2
left_child=1 9 3 7 5 -5 -6 8 -2 11 -9 -1 13 14 -3
right_child=2 12 -4 4 6 -7 -8 10 -10 -11 -12 -13 -14 -15 -16
leaf_value=-0.00022571124352856525 8.9460962723711393e-05 -7.2716400886709475e-05 0.00021202083427109681 -3.6106136939976912e-05 -0.00013783466235304221 -0.0003165732945263849 3.0054468882846839e-05 -2.5282270127166931e-05 8.7009812787252832e-06 -0.0003925829106364735 -0.00014066429231440739 5.2409346548065065e-06 -0.00010037598078627828 7.4920699125297863e-05 7.6827800691209368e-06
leaf_weight=21 269 22 26 39 69 45 175 228 2303 20 71 21 26 34 24
leaf_count=21 269 22 26 39 69 45 175 228 2303 20 71 21 26 34 24
internal_value=1.28499e-13 -8.30916e-05 4.32849e-06 2.64046e-06 -6.0686e-05 -0.000186356 -1.74224e-05 9.87525e-06 1.71475e-05 -0.000201315 -5.26807e-05 -0.000110235 -1.39419e-05 1.41491e-05 -3.0769e-05
internal_weight=3393 168 3225 3199 328 84 244 2871 2572 62 299 42 106 80 46
internal_count=3393 168 3225 3199 328 84 244 2871 2572 62 299 42 106 80 46
is_linear=0
shrinkage=0.0124554


Tree=82
num_leaves=21
num_cat=0
split_feature=9 0 11 20 3 31 23 19 3 6 27 21 9 26 30 19 8 3 27 25
split_gain=0.00779245 0.00822955 0.0103444 0.0107653 0.00768543 0.0073683 0.00709373 0.00693811 0.00702797 0.00716263 0.0118867 0.00688937 0.00497048 0.00464561 0.00419654 0.00360692 0.00327985 0.00319918 0.00274571 0.00259125
threshold=0.46442215071068188 -0.60785761079279388 -0.053294334627468291 3.6630000000000007e-05 9.7112971072288459e-05 -0.0035474722022802436 -1.9024999999999998e-05 0.15305523650643302 -0.020274248265747471 0.041244129605918063 62.592333927510744 0.0068269792117633572 -1.6363040276992331 50228.109500000006 -0.0015454858589191841 0.036170337130884321 13.500000000000002 0.0059332414119813723 25.774140046156088 -1.0146267025977955
decision_type=2 2 2 2 2 2 2 2 2 2 2 2 2 2 2 2 2 2 2 2
left_child=1 4 3 16 13 -5 14 8 -2 10 -10 -11 -8 15 -4 -1 -3 18 -6 -15
right_child=7 2 6 5 17 -7 12 -9 9 11 -12 -13 -14 19 -16 -17 -18 -19 -20 -21
leaf_value=-0.00015939151565417739 -0.00015720075501583411 5.4419755305389483e-05 -4.5623210096189632e-05 -0.00015993123255700445 6.267912722966421e-05 -0.00046290604992850601 -0.00020692331218384469 0.00024521607078191975 4.0978462362225234e-05 6.5088093453452209e-05 -0.0002390425538186084 -6.5763291367250789e-05 -2.9047286485069613e-05 -7.5694663701636982e-05 0.0001018922652932174 1.2110746571632056e-05 -0.00010157729399406446 -6.2642331540757861e-05 0.00016057998452877862 3.2622634110362635e-05
leaf_weight=52 35 30 42 33 132 20 25 21 1170 85 24 235 969 42 104 30 69 22 67 186
leaf_count=52 35 30 42 33 132 20 25 21 1170 85 24 235 969 42 104 30 69 22 67 186
internal_value=1.1192e-13 -1.7517e-05 -3.44825e-05 -0.000131001 2.37627e-05 -0.000274261 -2.16134e-05 2.03397e-05 1.72911e-05 2.13249e-05 3.53499e-05 -3.10059e-05 -3.3521e-05 -1.62465e-05 5.94563e-05 -9.66468e-05 -5.43055e-05 7.9884e-05 9.56407e-05 1.26694e-05
internal_weight=3393 1823 1292 152 531 53 1140 1570 1549 1514 1194 320 994 310 146 82 99 221 199 228
internal_count=3393 1823 1292 152 531 53 1140 1570 1549 1514 1194 320 994 310 146 82 99 221 199 228
is_linear=0
shrinkage=0.0124554


Tree=83
num_leaves=23
num_cat=0
split_feature=21 20 1 14 1 20 17 9 13 0 13 17 6 22 13 3 21 26 19 26 26 24
split_gain=0.00764487 0.0129838 0.013196 0.013021 0.0102382 0.011083 0.0148935 0.0099734 0.00742831 0.00793298 0.00719118 0.0117297 0.00594247 0.0058813 0.00555832 0.00506898 0.00651253 0.00505781 0.00475798 0.0040358 0.00386293 0.00301957
threshold=0.0071655382253736017 4.0225000000000009e-05 1.0000000180025095e-35 -0.076025033035067954 0.81174490092936691 4.7130000000000011e-05 0.0089602589268473597 -1.4813994741759557 0.0055270787816557743 1.0000000180025095e-35 0.012384260799368592 0.0094108683107376554 -0.039413712012834327 56432.344000000005 0.0065968145106124016 0.0023747990277879221 0.0060921501592431882 45082.774500000007 0.035620848408067611 59665.376500000006 50347.191500000008 49221.810500000014
decision_type=2 2 2 2 2 2 2 2 2 2 2 2 2 2 2 2 2 2 2 2 2 2
left_child=8 2 3 -2 5 6 -3 -7 12 18 11 -4 -1 21 -11 20 -17 -5 -10 -15 -14 -6
right_child=1 4 10 17 13 7 -8 -9 9 14 -12 -13 15 19 -16 16 -18 -19 -20 -21 -22 -23
leaf_value=0.00018224888734769896 0.00026296950611098531 -6.0233264666166977e-05 5.1482335837630857e-05 0.0001398274592391485 4.0719990744634805e-05 -0.00028653238000520855 -0.00040528523732667217 -3.6129749735153451e-06 0.0001346396030178038 0.0001335955733351462 -0.00016990847856947531 0.0002649291486360231 -0.00010710969966570101 -0.00037875086373033911 0.00039674025091848626 9.1789661939240059e-05 -1.3538207535397709e-05 -3.0132562119037599e-05 -6.6490583700507262e-05 -0.00013918350773708466 -2.3078673906565687e-06 -0.00013254294120934381
leaf_weight=32 25 69 433 28 20 20 27 577 36 33 20 44 61 24 20 208 162 909 37 20 517 71
leaf_count=32 25 69 433 28 20 20 27 577 36 33 20 44 61 24 20 208 162 909 37 20 517 71
internal_value=-1.19648e-13 -1.30015e-05 9.35536e-06 -1.75687e-05 -5.23961e-05 -3.30651e-05 -0.000157279 -1.3091e-05 2.68847e-05 0.000116907 6.14699e-05 7.11714e-05 1.53104e-05 -0.000151628 0.000232895 9.67532e-06 4.56731e-05 -2.50537e-05 3.26969e-05 -0.000269857 -1.33683e-05 -9.44632e-05
internal_weight=3393 2287 1459 962 828 693 96 597 1106 126 497 477 980 135 53 948 370 937 73 44 578 91
internal_count=3393 2287 1459 962 828 693 96 597 1106 126 497 477 980 135 53 948 370 937 73 44 578 91
is_linear=0
shrinkage=0.0124554


Tree=84
num_leaves=16
num_cat=0
split_feature=9 21 16 21 19 8 23 9 26 3 6 19 11 9 16
split_gain=0.00752409 0.00788019 0.00849041 0.00802672 0.00743044 0.00707276 0.00871879 0.0067489 0.00672035 0.00634643 0.00633935 0.00488185 0.00470045 0.00455853 0.00429505
threshold=0.63487299969475808 0.0098478694706873524 -1.1919999999999999e-05 0.014433929751738307 0.15305523650643302 46.500000000000007 9.0585000000000014e-05 -1.6363040276992331 45861.886500000001 -0.021646366762096466 0.074111546424657129 0.054245427341635892 -0.032104481913110709 -0.25464532889654057 9.5965000000000007e-05
decision_type=2 2 2 2 2 2 2 2 2 2 2 2 2 2 2
left_child=1 7 3 11 8 6 -4 -1 -2 -10 -11 -3 13 -9 -14
right_child=4 2 5 -5 -6 -7 -8 12 9 10 -12 -13 14 -15 -16
leaf_value=-0.00020179907582234169 0.00023471246916106832 0.00014288712529559518 -7.2000924905389786e-05 -0.00015797786808308234 0.000260595539437328 0.0001311629183630692 -0.00027148201818367248 0.00014210747620758954 -0.00020497028487320048 2.225622065311172e-05 -0.00018202614104889753 -3.2033552537118425e-05 -1.4058101599454202e-05 1.456749173003009e-06 4.7172073939660135e-05
leaf_weight=25 22 71 418 27 20 24 37 72 20 1305 24 38 1003 71 216
leaf_count=25 22 71 418 27 20 24 37 72 20 1305 24 38 1003 71 216
internal_value=-4.47548e-14 -1.54605e-05 -5.25707e-05 3.42817e-05 2.22516e-05 -7.72303e-05 -8.82225e-05 9.94292e-07 1.87746e-05 1.5253e-05 1.85671e-05 8.19056e-05 4.71664e-06 7.22739e-05 -3.20846e-06
internal_weight=3393 2002 615 136 1391 479 455 1387 1371 1349 1329 109 1362 143 1219
internal_count=3393 2002 615 136 1391 479 455 1387 1371 1349 1329 109 1362 143 1219
is_linear=0
shrinkage=0.0124554


Tree=85
num_leaves=17
num_cat=0
split_feature=0 30 11 20 28 8 21 26 11 3 17 26 17 0 19 9
split_gain=0.00743577 0.00987627 0.0107803 0.017645 0.00870582 0.00820996 0.0251664 0.0128908 0.00529295 0.00532092 0.00588335 0.00509804 0.00384921 0.00264755 0.0020223 0.00189623
threshold=-0.60785761079279388 -0.0062675619422346979 -0.053294334627468291 9.0585000000000014e-05 0.5029515747771206 12.500000000000002 0.009540628590903372 51855.698500000006 -0.11129013738530157 0.00075652923623148471 0.0053415352595961437 46594.115500000007 0.0089602589268473597 -0.8783796973249266 0.074239576228378013 -0.37358451143100235
decision_type=2 2 2 2 2 2 2 2 2 2 2 2 2 2 2 2
left_child=8 -2 3 4 -3 6 -4 -7 14 11 13 -10 -13 -11 -1 -12
right_child=1 2 5 -5 -6 7 -8 -9 9 10 15 12 -14 -15 -16 -17
leaf_value=0.00024452947802620646 0.00026396233958008466 -2.2799448710026058e-05 0.00045517010330654856 -0.00037336567827801103 -0.00020564836740659761 -6.4610588998140035e-05 1.4532637071613159e-05 8.8674733224787792e-06 0.00017704789265152128 4.0575021547027282e-05 8.3239223816578193e-05 7.9458395332871634e-07 -0.00012606305579846656 0.0001263183775374484 8.2272752721655095e-05 -4.4736221751223781e-05
leaf_weight=22 20 255 24 29 48 501 124 1421 24 88 23 513 40 153 26 82
leaf_count=22 20 255 24 29 48 501 124 1421 24 88 23 513 40 153 26 82
internal_value=-1.42935e-13 -1.16748e-05 -1.39699e-05 -7.98572e-05 -5.17656e-05 -3.40246e-06 8.59874e-05 -1.02858e-05 2.91209e-05 2.24894e-05 6.11082e-05 -6.68546e-07 -8.38138e-06 9.50096e-05 0.00015664 -1.67035e-05
internal_weight=3393 2422 2402 332 303 2070 148 1922 971 923 346 577 553 241 48 105
internal_count=3393 2422 2402 332 303 2070 148 1922 971 923 346 577 553 241 48 105
is_linear=0
shrinkage=0.0124554


Tree=86
num_leaves=20
num_cat=0
split_feature=9 13 20 30 13 7 9 6 1 26 14 33 11 13 30 27 19 12 28
split_gain=0.00726787 0.00761831 0.0125772 0.00754785 0.00738068 0.00904482 0.00617423 0.00774837 0.00746934 0.00610887 0.00603427 0.00592159 0.00500115 0.00470125 0.00318205 0.00314979 0.00210755 0.00190965 0.00187746
threshold=0.63487299969475808 0.0099787522962475252 4.2420000000000011e-05 -0.0057038606616891174 0.011919333910874323 10.500000000000002 -0.89093801187444022 0.037158668651567479 -0.56174490092936669 45983.619500000008 -0.0037564106758040112 0.00016406747779296771 -0.091255550211230094 0.0072652309440175318 -0.00230493128829513 27.656798063536929 0.091189594917399572 24.953187797838911 0.70231207911937343
decision_type=2 2 2 2 2 2 2 2 2 2 2 2 2 2 2 2 2 2 2
left_child=1 6 11 -2 5 -5 8 12 10 -7 -1 18 -8 -9 -6 -13 -16 -10 -3
right_child=3 2 -4 4 14 9 7 13 17 -11 -12 15 -14 -15 16 -17 -18 -19 -20
leaf_value=-0.00028382945198665214 0.00022808915445379863 8.5187644771565494e-05 -0.00029620066816860713 0.00023883944660745877 -0.0002173911703639987 0.00023064030358283064 0.00015830079949008863 -0.00012272725396401081 -5.0079706649286015e-05 1.6400254296518283e-05 -1.7727657319376736e-05 -0.00026019834185543665 3.3158686285401127e-06 7.9935831312013666e-05 9.7017883060672389e-06 -5.3969421330927549e-05 -0.00014652288762926393 7.2749784895528337e-05 -5.6944223390852422e-05
leaf_weight=39 27 46 38 30 24 21 33 115 72 1231 20 20 1523 21 37 27 21 27 21
leaf_count=39 27 46 38 30 24 21 33 115 72 1231 20 20 1523 21 37 27 21 27 21
internal_value=-3.48862e-14 -1.5195e-05 -9.99603e-05 2.18694e-05 1.77873e-05 2.51149e-05 -8.23048e-06 -1.27718e-06 -8.26924e-05 1.99937e-05 -0.000193625 -3.45468e-05 6.60282e-06 -9.14337e-05 -9.67732e-05 -0.000141726 -4.68623e-05 -1.65808e-05 4.06389e-05
internal_weight=3393 2002 152 1391 1364 1282 1850 1692 158 1252 59 114 1556 136 82 47 58 99 67
internal_count=3393 2002 152 1391 1364 1282 1850 1692 158 1252 59 114 1556 136 82 47 58 99 67
is_linear=0
shrinkage=0.0124554


Tree=87
num_leaves=29
num_cat=0
split_feature=21 20 1 29 1 11 20 9 32 9 22 29 11 1 20 33 26 17 26 18 32 24 19 9 7 16 1 6
split_gain=0.00722323 0.0124173 0.0126879 0.0124859 0.00992164 0.0118691 0.0135927 0.0104572 0.00617591 0.0062861 0.00575811 0.00564441 0.0077156 0.00740931 0.00544827 0.00507236 0.00387351 0.00338989 0.00332817 0.00529313 0.00297545 0.00290127 0.0028021 0.00276094 0.00265038 0.00241187 0.00236645 0.00186528
threshold=0.0071655382253736017 4.0225000000000009e-05 1.0000000180025095e-35 5.9963599880020952 0.81174490092936691 -0.056160392199618818 9.0585000000000014e-05 -1.4813994741759557 0.029252492388665789 1.1102607020916562 56432.344000000005 23.74682523093627 -0.027103892817246119 0.81174490092936691 5.9790000000000009e-05 0.00036343535631713791 59665.376500000006 0.0057035466684079118 50347.191500000008 -0.00036129783643303737 -0.00852147054920732 49221.810500000014 0.041175125670041827 -0.03907304239527875 64.500000000000014 1.2915000000000003e-05 -0.56174490092936669 -0.039413712012834327
decision_type=2 2 2 2 2 2 2 2 2 2 2 2 2 2 2 2 2 2 2 2 2 2 2 2 2 2 2 2
left_child=11 2 3 -2 5 6 -3 -7 9 -4 21 12 20 14 24 -5 -12 -16 19 -14 27 -6 23 -15 -13 -10 -20 -1
right_child=1 4 8 15 10 7 -8 -9 25 -11 16 13 18 22 17 -17 -18 -19 26 -21 -22 -23 -24 -25 -26 -27 -28 -29
leaf_value=0.00012876450563525146 0.0002468855388769696 -6.582515264801699e-05 4.8947761507169853e-05 -8.6122159361033081e-06 4.0222440489705193e-05 -0.00028070800428162519 -0.00036343596809113379 2.5188740236255364e-06 1.839358996748257e-05 0.00015578986419854561 -0.00037251546440991793 6.4660803037203934e-05 4.1150732331490369e-05 -6.1703700916863939e-05 0.0001141939055942855 -7.6790567098008339e-05 -0.0001378145648863492 0.00027115837699444046 -6.8881584049214069e-05 -0.0001976478460882116 0.00020934483404368913 -0.00012961279599811928 -0.0001332567163629101 8.4821907876865123e-05 -4.8505914525589023e-05 -0.0001138697912456598 7.4799041641267657e-06 -2.665841609105681e-05
leaf_weight=25 27 93 285 713 20 21 32 547 55 122 24 148 24 42 146 222 20 25 74 36 32 71 30 38 41 35 422 23
leaf_count=25 27 93 285 713 20 21 32 547 55 122 24 148 24 42 146 222 20 25 74 36 32 71 30 38 41 35 422 23
internal_value=1.07321e-13 -1.26379e-05 9.22589e-06 -1.71747e-05 -5.11636e-05 -3.21338e-05 -0.000142014 -7.95254e-06 6.03273e-05 8.09741e-05 -0.00014885 2.61328e-05 1.94431e-06 5.88645e-05 8.62009e-05 -2.48e-05 -0.000265833 0.000137142 -1.45116e-05 -0.000102128 0.000116313 -9.22864e-05 -3.06002e-05 7.89596e-06 4.01114e-05 -3.30422e-05 -3.91274e-06 5.4291e-05
internal_weight=3393 2287 1459 962 828 693 125 568 497 407 135 1106 636 470 360 935 44 171 556 60 80 91 110 80 189 90 496 48
internal_count=3393 2287 1459 962 828 693 125 568 497 407 135 1106 636 470 360 935 44 171 556 60 80 91 110 80 189 90 496 48
is_linear=0
shrinkage=0.0124554


Tree=88
num_leaves=18
num_cat=0
split_feature=0 30 11 20 6 20 31 27 11 3 11 19 21 3 5 19 32
split_gain=0.00705378 0.00942289 0.0103991 0.0166907 0.00817764 0.00892523 0.00749866 0.0056577 0.00515075 0.00513017 0.0058298 0.00575486 0.00573746 0.00475245 0.00272005 0.00197332 0.00152492
threshold=-0.60785761079279388 -0.0062675619422346979 -0.053294334627468291 9.0585000000000014e-05 0.049893330780698249 -2.2294999999999999e-05 -0.0039518309361591944 52.136386950852831 -0.11129013738530157 0.0023747990277879221 -0.01472303779470807 0.010939733121994784 0.0066174176717489087 0.0037704932177915489 49.500000000000007 0.074239576228378013 0.014184843584816755
decision_type=2 2 2 2 2 2 2 2 2 2 2 2 2 2 2 2 2
left_child=8 -2 3 6 5 -4 -3 -6 15 10 11 -10 16 -14 -12 -1 -11
right_child=1 2 4 -5 7 -7 -8 -9 9 12 14 -13 13 -15 -16 -17 -18
leaf_value=0.00024097614497597787 0.00025786508467868076 -2.149995643498033e-05 7.7245324158010747e-05 -0.00036378644572007923 -0.00010747119029760423 -5.4365645175662607e-06 -0.00018113475194547366 8.3847302374204761e-05 0.00018529884770167044 0.0001744449093347433 -8.0494172836746277e-05 1.7939749163949872e-05 0.00013039980289275026 -3.4824864202424334e-05 1.0649275075971325e-06 8.069639037113196e-05 8.9878216757295919e-05
leaf_weight=22 20 247 231 29 167 1644 56 28 35 55 140 357 37 100 116 26 83
leaf_count=22 20 247 231 29 167 1644 56 28 35 55 140 357 37 100 116 26 83
internal_value=1.90705e-14 -1.1371e-05 -1.36128e-05 -7.83248e-05 -3.23382e-06 4.74984e-06 -5.10034e-05 -7.99998e-05 2.83631e-05 2.18212e-05 2.69182e-06 3.28825e-05 6.6897e-05 9.79786e-06 -4.35377e-05 0.000154158 0.000123582
internal_weight=3393 2422 2402 332 2070 1875 303 195 971 923 648 392 275 137 256 48 138
internal_count=3393 2422 2402 332 2070 1875 303 195 971 923 648 392 275 137 256 48 138
is_linear=0
shrinkage=0.0124554


Tree=89
num_leaves=26
num_cat=0
split_feature=21 20 1 14 1 11 20 9 32 9 3 6 1 22 33 17 26 21 22 21 23 22 24 19 27
split_gain=0.00694589 0.0119647 0.0123779 0.0122175 0.00965627 0.0114496 0.0129602 0.0101875 0.0059682 0.00613362 0.00570593 0.00742165 0.00718161 0.00556899 0.00520354 0.0051905 0.00373707 0.00368931 0.00368119 0.00917334 0.0035694 0.00309611 0.00283068 0.00272075 0.00222044
threshold=0.0071655382253736017 4.0225000000000009e-05 1.0000000180025095e-35 -0.076025033035067954 0.81174490092936691 -0.056160392199618818 9.0585000000000014e-05 -1.4813994741759557 0.029252492388665789 1.1102607020916562 0.0023747990277879221 -0.039413712012834327 0.81174490092936691 56432.344000000005 0.00036343535631713791 0.0057035466684079118 59665.376500000006 0.0058803781552874005 51864.678500000009 0.0068547146173858096 1.1020000000000001e-05 53799.08400000001 49221.810500000014 0.041175125670041827 35.527374517146278
decision_type=2 2 2 2 2 2 2 2 2 2 2 2 2 2 2 2 2 2 2 2 2 2 2 2 2
left_child=10 2 3 -2 5 6 -3 -7 9 -4 11 -1 15 22 -5 17 -15 -12 19 -13 -10 -20 -6 24 -14
right_child=1 4 8 14 13 7 -8 -9 20 -11 12 18 23 16 -16 -17 -18 -19 21 -21 -22 -23 -24 -25 -26
leaf_value=0.0001762606952308234 0.00025473646249338385 -6.496247194429165e-05 4.820305024069359e-05 -7.7576957290402073e-06 3.9932745006826396e-05 -0.00027690189613407582 -0.00035556678113517768 2.6494071275493001e-06 5.1611013184754359e-05 0.00015374139410504332 0.00011665525513335941 -0.00012830785881965136 -4.5399408044912749e-05 -0.00036641358174754424 -7.6471602360660734e-05 0.00025646041767215513 -0.00013588322024558623 3.179133640084975e-05 7.1803446561602844e-05 0.00016110129608355739 -0.00010561719410586322 -7.9402521207383832e-06 -0.00012782358750141915 -0.00013140215164258965 9.6485732024746397e-05
leaf_weight=36 25 93 285 712 20 21 32 547 42 122 156 89 44 24 225 26 20 162 92 21 48 422 71 30 28
leaf_count=36 25 93 285 712 20 21 32 547 42 122 156 89 44 24 225 26 20 162 92 21 48 422 71 30 28
internal_value=-6.71439e-14 -1.23929e-05 9.06866e-06 -1.70075e-05 -5.02099e-05 -3.14363e-05 -0.000139357 -7.68612e-06 5.9542e-05 7.98386e-05 2.56262e-05 2.37007e-06 6.00411e-05 -0.000146581 -2.42578e-05 8.72569e-05 -0.000261627 7.34227e-05 -7.66209e-06 -7.3057e-05 -3.2244e-05 6.33294e-06 -9.09541e-05 -3.17455e-05 9.77815e-06
internal_weight=3393 2287 1459 962 828 693 125 568 497 407 1106 660 446 135 937 344 44 318 624 110 90 514 91 102 72
internal_count=3393 2287 1459 962 828 693 125 568 497 407 1106 660 446 135 937 344 44 318 624 110 90 514 91 102 72
is_linear=0
shrinkage=0.0124554


Tree=90
num_leaves=16
num_cat=0
split_feature=21 21 16 1 16 17 17 9 25 11 29 1 12 32 3
split_gain=0.00686642 0.00772839 0.00924625 0.0144658 0.0104816 0.0107807 0.00988101 0.00853004 0.00520054 0.00501061 0.00668867 0.00776866 0.00385039 0.00302352 0.00308329
threshold=0.024056631975004083 0.0074651078525705397 4.1690000000000009e-05 1.0000000180025095e-35 4.7325000000000005e-05 0.0089602589268473597 0.0054184104401660159 0.86615534994346699 -1.7562115386534047 -0.027103892817246119 23.74682523093627 0.81174490092936691 32.453445521509401 -0.00852147054920732 -0.0070543359106214889
decision_type=2 2 2 2 2 2 2 2 2 2 2 2 2 2 2
left_child=1 9 3 8 5 -4 -6 -5 -3 13 12 -12 -11 14 -1
right_child=-2 2 4 7 6 -7 -8 -9 -10 10 11 -13 -14 -15 -16
leaf_value=0.00018304272976013664 0.00020163455032863673 8.4396180103375745e-05 -0.00010035783166169363 1.9460786248054415e-05 -0.00010596397116143347 -0.00041591779472934084 -1.428375604835815e-06 0.00013127774684965556 -3.3817189259624863e-05 -1.8150138206660103e-06 7.4605868480015654e-05 -3.9261792070076847e-05 -0.00010445531058687001 0.0001952570971275029 3.1977329622996818e-06
leaf_weight=21 26 62 71 289 203 22 454 167 839 567 401 121 63 37 50
leaf_count=21 26 62 71 289 203 22 454 167 839 567 401 121 63 37 50
internal_value=4.9598e-15 -1.55702e-06 -1.61496e-05 3.24797e-06 -5.12464e-05 -0.000175006 -3.37278e-05 6.04113e-05 -2.56826e-05 2.28451e-05 1.524e-05 4.82113e-05 -1.2079e-05 0.000103966 5.63913e-05
internal_weight=3393 3367 2107 1357 750 93 657 456 901 1260 1152 522 630 108 71
internal_count=3393 3367 2107 1357 750 93 657 456 901 1260 1152 522 630 108 71
is_linear=0
shrinkage=0.0124554


Tree=91
num_leaves=13
num_cat=0
split_feature=9 1 6 20 21 13 11 32 6 3 20 29
split_gain=0.00675249 0.00805194 0.00696435 0.00647545 0.00632409 0.00835612 0.0112903 0.00635429 0.00425818 0.001541 0.0014395 0.000402161
threshold=-0.89093801187444022 -0.56174490092936669 0.077932804065710917 5.710500000000001e-05 0.024056631975004083 0.0099787522962475252 -0.095369229552998799 0.0352662882650372 -0.013560546299661523 0.0018840692996039412 2.3730000000000001e-05 18.553777841053051
decision_type=2 2 2 2 2 2 2 2 2 2 2 2
left_child=1 3 4 8 5 7 -7 -2 -1 10 11 -3
right_child=2 9 -4 -5 -6 6 -8 -9 -10 -11 -12 -13
leaf_value=-0.00022147161590093848 1.7097258759172925e-05 -6.1687994537234638e-05 -0.00019901611973381387 -0.00037419477137034071 0.00019912311709526716 -0.00018028615870447533 -1.2139402838702691e-05 -4.4415906602490394e-05 2.9640189065217245e-05 -9.4341544959670215e-05 7.7490473557135283e-05 1.2602624681339302e-05
leaf_weight=22 2563 26 26 20 26 84 236 290 20 26 34 20
leaf_count=22 2563 26 26 20 26 84 236 290 20 26 34 20
internal_value=5.5129e-14 -7.69852e-05 4.01039e-06 -0.000189733 5.6605e-06 4.07524e-06 -5.62779e-05 1.08446e-05 -0.000101895 -1.10381e-05 1.60355e-05 -2.93877e-05
internal_weight=3393 168 3225 62 3199 3173 320 2853 42 106 80 46
internal_count=3393 168 3225 62 3199 3173 320 2853 42 106 80 46
is_linear=0
shrinkage=0.0124554


Tree=92
num_leaves=17
num_cat=0
split_feature=9 13 20 30 13 7 26 11 11 1 33 32 0 18 20 28
split_gain=0.00673286 0.00723982 0.0118379 0.00705802 0.0070342 0.00850404 0.00603617 0.00591366 0.00730796 0.00579815 0.00563795 0.00536821 0.00465577 0.00318186 0.00206067 0.00182892
threshold=0.63487299969475808 0.0099787522962475252 4.2420000000000011e-05 -0.0057038606616891174 0.011919333910874323 10.500000000000002 45983.619500000008 -0.091255550211230094 -0.062793849027829071 1.0000000180025095e-35 0.00016406747779296771 -0.01400746292148086 1.0000000180025095e-35 -0.0018349426833033416 9.7050000000000011e-06 0.70231207911937343
decision_type=2 2 2 2 2 2 2 2 2 2 2 2 2 2 2 2
left_child=1 7 10 -2 5 -5 -7 -1 11 -10 15 -9 -12 -6 -15 -3
right_child=3 2 -4 4 13 6 -8 8 9 -11 12 -13 -14 14 -16 -17
leaf_value=0.00015252708273315338 0.00022046507282845427 8.3535882444992355e-05 -0.00028764320890677613 0.00023149209019395503 -0.00023134393961390002 0.00022867897155447775 1.5717446629234555e-05 -3.3276596463776365e-05 -2.4062555661699098e-05 2.2457105940454585e-05 -6.228783902947335e-06 -0.00022260211983037687 -0.00025466806876147367 -0.00014102582154447264 6.3953435792242666e-06 -5.6746338015519602e-05
leaf_weight=35 27 46 38 30 20 21 1231 52 1019 702 22 42 25 24 38 21
leaf_count=35 27 46 38 30 20 21 1231 52 1019 702 22 42 25 24 38 21
internal_value=3.08409e-15 -1.4625e-05 -9.72579e-05 2.10491e-05 1.71017e-05 2.42552e-05 1.92895e-05 -7.83572e-06 -1.09281e-05 -5.08707e-06 -3.37961e-05 -0.000117869 -0.000138377 -9.47375e-05 -5.06709e-05 3.95668e-05
internal_weight=3393 2002 152 1391 1364 1282 1252 1850 1815 1721 114 94 47 82 62 67
internal_count=3393 2002 152 1391 1364 1282 1252 1850 1815 1721 114 94 47 82 62 67
is_linear=0
shrinkage=0.0124554


Tree=93
num_leaves=24
num_cat=0
split_feature=9 0 17 6 12 3 16 6 21 19 3 22 17 8 26 17 24 16 7 5 12 18 14
split_gain=0.00657738 0.0071047 0.00864135 0.00957622 0.00765672 0.0070309 0.00650416 0.00634172 0.00625098 0.00537069 0.00733855 0.00507902 0.0048658 0.00480372 0.00433836 0.0041971 0.00372186 0.00356394 0.00309613 0.00270803 0.00251682 0.00222362 0.00134672
threshold=0.46442215071068188 -0.60785761079279388 0.0090049613127196424 -0.041383800222525018 31.439669810809161 9.7112971072288459e-05 -2.6804999999999995e-05 0.041244129605918063 0.0068269792117633572 0.15305523650643302 -0.020274248265747471 50336.594500000007 0.0047698852512841347 44.500000000000007 50228.109500000006 0.0054737230948266923 49939.735000000008 9.7570000000000016e-05 11.500000000000002 46.500000000000007 24.340258162932042 -0.0015950304010905387 0.023744816868073396
decision_type=2 2 2 2 2 2 2 2 2 2 2 2 2 2 2 2 2 2 2 2 2 2 2
left_child=1 5 6 4 -4 14 21 9 17 10 -2 -12 -10 -8 15 -1 -14 22 -7 -20 -16 -3 -9
right_child=7 2 3 -5 -6 18 13 8 12 -11 11 -13 16 -15 20 -17 -18 -19 19 -21 -22 -23 -24
leaf_value=-0.0001596173544262444 -0.00014979053537858892 -1.693883304616943e-05 -0.00046577655319343593 -1.7343251427621747e-05 -0.00012112663444242936 -4.1692425112302707e-05 -5.7079022562277757e-05 3.6109156130029935e-05 -0.00024024781815152585 0.00022885983944116975 9.0630681073347355e-05 2.1700280671067512e-05 -0.00016514516003989315 -4.1453456616805955e-06 4.6597176192035193e-05 2.6763617924313e-05 -2.2990622269834858e-05 -6.7834644943945717e-05 0.00012731893145908813 2.7566127007733574e-05 -3.747153646932388e-05 9.2437016642879603e-05 0.0001568640187760305
leaf_weight=53 35 42 20 38 20 30 606 23 22 21 199 995 34 474 134 29 179 24 128 63 94 92 38
leaf_count=53 35 42 20 38 20 30 606 23 22 21 199 995 34 474 134 29 179 24 128 63 94 92 38
internal_value=5.9455e-14 -1.60934e-05 -3.18569e-05 -0.000158937 -0.000293452 2.22615e-05 -2.36919e-05 1.86868e-05 -3.07887e-05 3.13525e-05 2.79777e-05 3.31887e-05 -6.38966e-05 -3.3847e-05 -1.60061e-05 -9.37021e-05 -4.5682e-05 6.07448e-05 7.59399e-05 9.44162e-05 1.19373e-05 5.8155e-05 0.000111333
internal_weight=3393 1823 1292 78 40 531 1214 1570 320 1250 1229 1194 235 1080 310 82 213 85 221 191 228 134 61
internal_count=3393 1823 1292 78 40 531 1214 1570 320 1250 1229 1194 235 1080 310 82 213 85 221 191 228 134 61
is_linear=0
shrinkage=0.0124554


Tree=94
num_leaves=18
num_cat=0
split_feature=9 1 6 27 27 6 32 20 27 32 27 6 28 32 12 8 26
split_gain=0.00646645 0.00780358 0.00672177 0.00660295 0.0116981 0.00932229 0.00844971 0.00626763 0.00563656 0.00576568 0.00550513 0.00413135 0.00289826 0.00446786 0.00153054 0.00200253 0.00146006
threshold=-0.89093801187444022 -0.56174490092936669 0.040103739325904393 64.842447548536498 54.479864783072621 -0.11496782503786644 -0.084970530247135842 5.710500000000001e-05 29.690301345696017 0.0095896489508381384 51.472298303949849 -0.013560546299661523 0.49955145012625435 0.030426812587537325 24.953187797838911 24.500000000000004 51855.698500000006
decision_type=2 2 2 2 2 2 2 2 2 2 2 2 2 2 2 2 2
left_child=1 7 3 4 5 -2 -6 11 12 -10 -11 -1 -4 -14 15 -3 -17
right_child=2 14 8 -5 6 -7 -8 -9 9 10 -12 -13 13 -15 -16 16 -18
leaf_value=-0.00021769775681499369 -0.00024075799396026598 6.4265008001252163e-05 -0.00025682783351646874 -0.00016151849600772944 0.00037321616183384044 1.1079829231138143e-05 8.0297065777236421e-05 -0.00036780989437251537 0.00012161358979306668 -6.2696274913950258e-05 7.3311603847535495e-05 2.9646252008702958e-05 4.0219992775186375e-05 -0.00019406735344316766 6.6706183873438619e-05 -0.00014426961880048146 -1.6991244901686028e-05
leaf_weight=22 23 21 23 34 22 2664 50 20 39 263 56 20 23 28 29 27 29
leaf_count=22 23 21 23 34 22 2664 50 20 39 263 56 20 23 28 29 27 29
internal_value=-9.70935e-14 -7.53369e-05 3.92453e-06 1.09965e-05 1.31225e-05 8.92416e-06 0.0001698 -0.000186333 -4.17977e-05 -2.13429e-05 -3.88203e-05 -9.99149e-05 -0.000140755 -8.84084e-05 -1.04149e-05 -3.94605e-05 -7.83576e-05
internal_weight=3393 168 3225 2793 2759 2687 72 62 432 358 319 42 74 51 106 77 56
internal_count=3393 168 3225 2793 2759 2687 72 62 432 358 319 42 74 51 106 77 56
is_linear=0
shrinkage=0.0124554


Tree=95
num_leaves=16
num_cat=0
split_feature=9 13 20 30 24 13 7 11 21 20 9 33 0 26 28
split_gain=0.00639812 0.00688718 0.0114096 0.00675642 0.00703824 0.007933 0.00842344 0.00575416 0.00756517 0.00662445 0.00591244 0.00547738 0.00446379 0.00347387 0.00180376
threshold=0.63487299969475808 0.0099787522962475252 4.2420000000000011e-05 -0.0057038606616891174 45886.341500000002 0.011608853287572945 10.500000000000002 -0.091255550211230094 0.010533879701818325 -8.7849999999999981e-06 -1.6363040276992331 0.00016406747779296771 1.0000000180025095e-35 53888.86250000001 0.70231207911937343
decision_type=2 2 2 2 2 2 2 2 2 2 2 2 2 2 2
left_child=1 7 11 -2 -5 6 -6 -1 10 -10 -9 14 -13 -7 -3
right_child=3 2 -4 4 5 13 -8 8 9 -11 -12 12 -14 -15 -16
leaf_value=0.00015055039982504541 0.00021562797616479323 8.3427169844647379e-05 -0.00028176102436903386 0.0002376338488538537 0.00022748502097615843 -0.00018751913315706231 1.6223548286554383e-05 -0.00018850724097796309 3.0854281933441951e-05 -9.6429951637703285e-05 4.6760558336159947e-06 -6.2350903997337205e-06 -0.00024949822332089445 -3.3251039478397111e-05 -5.5886997778045624e-05
leaf_weight=35 27 46 38 22 30 39 1219 25 85 250 1455 22 25 54 21
leaf_count=35 27 46 38 22 30 39 1219 25 85 250 1455 22 25 54 21
internal_value=9.45477e-14 -1.42568e-05 -9.48521e-05 2.05192e-05 1.6657e-05 1.30345e-05 2.12979e-05 -7.63493e-06 -1.06853e-05 -6.4134e-05 1.41282e-06 -3.25492e-05 -0.00013563 -9.79441e-05 3.97615e-05
internal_weight=3393 2002 152 1391 1364 1342 1249 1850 1815 335 1480 114 47 93 67
internal_count=3393 2002 152 1391 1364 1342 1249 1850 1815 335 1480 114 47 93 67
is_linear=0
shrinkage=0.0124554


end of trees

feature_importances:
Column_9=146
Column_21=102
Column_6=93
Column_0=90
Column_27=89
Column_1=88
Column_11=88
Column_13=88
Column_3=80
Column_20=77
Column_17=67
Column_19=54
Column_30=53
Column_24=49
Column_26=48
Column_12=45
Column_22=44
Column_16=41
Column_32=40
Column_8=36
Column_7=32
Column_25=22
Column_18=19
Column_5=17
Column_14=16
Column_29=16
Column_23=15
Column_33=13
Column_28=10
Column_34=7
Column_2=6
Column_4=6
Column_10=4
Column_15=2
Column_31=2

parameters:
[boosting: gbdt]
[objective: regression]
[metric: l2]
[tree_learner: serial]
[device_type: cpu]
[data_sample_strategy: bagging]
[data: ]
[valid: ]
[num_iterations: 96]
[learning_rate: 0.0124554]
[num_leaves: 31]
[num_threads: 8]
[seed: 0]
[deterministic: 0]
[force_col_wise: 0]
[force_row_wise: 0]
[histogram_pool_size: -1]
[max_depth: 5]
[min_data_in_leaf: 20]
[min_sum_hessian_in_leaf: 0.001]
[bagging_fraction: 0.771012]
[pos_bagging_fraction: 1]
[neg_bagging_fraction: 1]
[bagging_freq: 0]
[bagging_seed: 3]
[bagging_by_query: 0]
[feature_fraction: 0.802835]
[feature_fraction_bynode: 1]
[feature_fraction_seed: 2]
[extra_trees: 0]
[extra_seed: 6]
[early_stopping_round: 0]
[early_stopping_min_delta: 0]
[first_metric_only: 0]
[max_delta_step: 0]
[lambda_l1: 0]
[lambda_l2: 0]
[linear_lambda: 0]
[min_gain_to_split: 0]
[drop_rate: 0.1]
[max_drop: 50]
[skip_drop: 0.5]
[xgboost_dart_mode: 0]
[uniform_drop: 0]
[drop_seed: 4]
[top_rate: 0.2]
[other_rate: 0.1]
[min_data_per_group: 100]
[max_cat_threshold: 32]
[cat_l2: 10]
[cat_smooth: 10]
[max_cat_to_onehot: 4]
[top_k: 20]
[monotone_constraints: ]
[monotone_constraints_method: basic]
[monotone_penalty: 0]
[feature_contri: ]
[forcedsplits_filename: ]
[refit_decay_rate: 0.9]
[cegb_tradeoff: 1]
[cegb_penalty_split: 0]
[cegb_penalty_feature_lazy: ]
[cegb_penalty_feature_coupled: ]
[path_smooth: 0]
[interaction_constraints: ]
[verbosity: 1]
[saved_feature_importance_type: 0]
[use_quantized_grad: 0]
[num_grad_quant_bins: 4]
[quant_train_renew_leaf: 0]
[stochastic_rounding: 1]
[linear_tree: 0]
[max_bin: 255]
[max_bin_by_feature: ]
[min_data_in_bin: 3]
[bin_construct_sample_cnt: 200000]
[data_random_seed: 1]
[is_enable_sparse: 1]
[enable_bundle: 1]
[use_missing: 1]
[zero_as_missing: 0]
[feature_pre_filter: 1]
[pre_partition: 0]
[two_round: 0]
[header: 0]
[label_column: ]
[weight_column: ]
[group_column: ]
[ignore_column: ]
[categorical_feature: ]
[forcedbins_filename: ]
[precise_float_parser: 0]
[parser_config_file: ]
[objective_seed: 5]
[num_class: 1]
[is_unbalance: 0]
[scale_pos_weight: 1]
[sigmoid: 1]
[boost_from_average: 1]
[reg_sqrt: 0]
[alpha: 0.9]
[fair_c: 1]
[poisson_max_delta_step: 0.7]
[tweedie_variance_power: 1.5]
[lambdarank_truncation_level: 30]
[lambdarank_norm: 1]
[label_gain: ]
[lambdarank_position_bias_regularization: 0]
[eval_at: ]
[multi_error_top_k: 1]
[auc_mu_weights: ]
[num_machines: 1]
[local_listen_port: 12400]
[time_out: 120]
[machine_list_filename: ]
[machines: ]
[gpu_platform_id: -1]
[gpu_device_id: -1]
[gpu_use_dp: 0]
[num_gpu: 1]

end of parameters

pandas_categorical:null
