/home/ubuntu/btc-trading-bot/features.py:304: PerformanceWarning: DataFrame is highly fragmented.  This is usually the result of calling `frame.insert` many times, which has poor performance.  Consider joining all columns at once using pd.concat(axis=1) instead. To get a de-fragmented frame, use `newframe = frame.copy()`
  df[f"btc_close_lag{lag}"] = df["btc_close"].shift(lag).ffill().bfill().fillna(0.0)
/home/ubuntu/btc-trading-bot/features.py:305: PerformanceWarning: DataFrame is highly fragmented.  This is usually the result of calling `frame.insert` many times, which has poor performance.  Consider joining all columns at once using pd.concat(axis=1) instead. To get a de-fragmented frame, use `newframe = frame.copy()`
  df[f"btc_volume_lag{lag}"] = df["btc_volume"].shift(lag).ffill().bfill().fillna(0.0)
/home/ubuntu/btc-trading-bot/features.py:306: PerformanceWarning: DataFrame is highly fragmented.  This is usually the result of calling `frame.insert` many times, which has poor performance.  Consider joining all columns at once using pd.concat(axis=1) instead. To get a de-fragmented frame, use `newframe = frame.copy()`
  df[f"btc_rsi_lag{lag}"] = df["btc_rsi"].shift(lag).ffill().bfill().fillna(50.0)
/home/ubuntu/btc-trading-bot/features.py:294: PerformanceWarning: DataFrame is highly fragmented.  This is usually the result of calling `frame.insert` many times, which has poor performance.  Consider joining all columns at once using pd.concat(axis=1) instead. To get a de-fragmented frame, use `newframe = frame.copy()`
  df[f"open_interest_pct_change_lag{lag}"] = df["open_interest_pct_change"].shift(lag)
/home/ubuntu/btc-trading-bot/features.py:295: PerformanceWarning: DataFrame is highly fragmented.  This is usually the result of calling `frame.insert` many times, which has poor performance.  Consider joining all columns at once using pd.concat(axis=1) instead. To get a de-fragmented frame, use `newframe = frame.copy()`
  df[f"funding_rate_diff_lag{lag}"] = df["funding_rate_diff"].shift(lag)
/home/ubuntu/btc-trading-bot/features.py:296: PerformanceWarning: DataFrame is highly fragmented.  This is usually the result of calling `frame.insert` many times, which has poor performance.  Consider joining all columns at once using pd.concat(axis=1) instead. To get a de-fragmented frame, use `newframe = frame.copy()`
  df[f"CVD_rolling_1h_lag{lag}"] = df["CVD_rolling_1h"].shift(lag)
/home/ubuntu/btc-trading-bot/features.py:297: PerformanceWarning: DataFrame is highly fragmented.  This is usually the result of calling `frame.insert` many times, which has poor performance.  Consider joining all columns at once using pd.concat(axis=1) instead. To get a de-fragmented frame, use `newframe = frame.copy()`
  df[f"CVD_rolling_4h_lag{lag}"] = df["CVD_rolling_4h"].shift(lag)
/home/ubuntu/btc-trading-bot/features.py:298: PerformanceWarning: DataFrame is highly fragmented.  This is usually the result of calling `frame.insert` many times, which has poor performance.  Consider joining all columns at once using pd.concat(axis=1) instead. To get a de-fragmented frame, use `newframe = frame.copy()`
  df[f"upper_wick_volume_ratio_lag{lag}"] = df["upper_wick_volume_ratio"].shift(lag)
/home/ubuntu/btc-trading-bot/features.py:299: PerformanceWarning: DataFrame is highly fragmented.  This is usually the result of calling `frame.insert` many times, which has poor performance.  Consider joining all columns at once using pd.concat(axis=1) instead. To get a de-fragmented frame, use `newframe = frame.copy()`
  df[f"lower_wick_volume_ratio_lag{lag}"] = df["lower_wick_volume_ratio"].shift(lag)
/home/ubuntu/btc-trading-bot/features.py:302: PerformanceWarning: DataFrame is highly fragmented.  This is usually the result of calling `frame.insert` many times, which has poor performance.  Consider joining all columns at once using pd.concat(axis=1) instead. To get a de-fragmented frame, use `newframe = frame.copy()`
  df[f"oi_change_1h_lag{lag}"] = df["oi_change_1h"].shift(lag).fillna(0.0)
/home/ubuntu/btc-trading-bot/features.py:303: PerformanceWarning: DataFrame is highly fragmented.  This is usually the result of calling `frame.insert` many times, which has poor performance.  Consider joining all columns at once using pd.concat(axis=1) instead. To get a de-fragmented frame, use `newframe = frame.copy()`
  df[f"oi_change_4h_lag{lag}"] = df["oi_change_4h"].shift(lag).fillna(0.0)
/home/ubuntu/btc-trading-bot/features.py:304: PerformanceWarning: DataFrame is highly fragmented.  This is usually the result of calling `frame.insert` many times, which has poor performance.  Consider joining all columns at once using pd.concat(axis=1) instead. To get a de-fragmented frame, use `newframe = frame.copy()`
  df[f"btc_close_lag{lag}"] = df["btc_close"].shift(lag).ffill().bfill().fillna(0.0)
/home/ubuntu/btc-trading-bot/features.py:305: PerformanceWarning: DataFrame is highly fragmented.  This is usually the result of calling `frame.insert` many times, which has poor performance.  Consider joining all columns at once using pd.concat(axis=1) instead. To get a de-fragmented frame, use `newframe = frame.copy()`
  df[f"btc_volume_lag{lag}"] = df["btc_volume"].shift(lag).ffill().bfill().fillna(0.0)
/home/ubuntu/btc-trading-bot/features.py:306: PerformanceWarning: DataFrame is highly fragmented.  This is usually the result of calling `frame.insert` many times, which has poor performance.  Consider joining all columns at once using pd.concat(axis=1) instead. To get a de-fragmented frame, use `newframe = frame.copy()`
  df[f"btc_rsi_lag{lag}"] = df["btc_rsi"].shift(lag).ffill().bfill().fillna(50.0)
/home/ubuntu/btc-trading-bot/features.py:310: PerformanceWarning: DataFrame is highly fragmented.  This is usually the result of calling `frame.insert` many times, which has poor performance.  Consider joining all columns at once using pd.concat(axis=1) instead. To get a de-fragmented frame, use `newframe = frame.copy()`
  df["hour_sin"] = np.sin(2 * np.pi * datetime_series.dt.hour / 24.0)
/home/ubuntu/btc-trading-bot/features.py:311: PerformanceWarning: DataFrame is highly fragmented.  This is usually the result of calling `frame.insert` many times, which has poor performance.  Consider joining all columns at once using pd.concat(axis=1) instead. To get a de-fragmented frame, use `newframe = frame.copy()`
  df["hour_cos"] = np.cos(2 * np.pi * datetime_series.dt.hour / 24.0)
/home/ubuntu/btc-trading-bot/features.py:312: PerformanceWarning: DataFrame is highly fragmented.  This is usually the result of calling `frame.insert` many times, which has poor performance.  Consider joining all columns at once using pd.concat(axis=1) instead. To get a de-fragmented frame, use `newframe = frame.copy()`
  df["day_of_week_sin"] = np.sin(2 * np.pi * datetime_series.dt.dayofweek / 7.0)
/home/ubuntu/btc-trading-bot/features.py:313: PerformanceWarning: DataFrame is highly fragmented.  This is usually the result of calling `frame.insert` many times, which has poor performance.  Consider joining all columns at once using pd.concat(axis=1) instead. To get a de-fragmented frame, use `newframe = frame.copy()`
  df["day_of_week_cos"] = np.cos(2 * np.pi * datetime_series.dt.dayofweek / 7.0)
/home/ubuntu/btc-trading-bot/features.py:316: PerformanceWarning: DataFrame is highly fragmented.  This is usually the result of calling `frame.insert` many times, which has poor performance.  Consider joining all columns at once using pd.concat(axis=1) instead. To get a de-fragmented frame, use `newframe = frame.copy()`
  df["close_to_Kalman"] = calculate_kalman_feature(df["close"].values, df["ATR_norm"].values)
/home/ubuntu/btc-trading-bot/features.py:318: PerformanceWarning: DataFrame is highly fragmented.  This is usually the result of calling `frame.insert` many times, which has poor performance.  Consider joining all columns at once using pd.concat(axis=1) instead. To get a de-fragmented frame, use `newframe = frame.copy()`
  df[f"close_to_Kalman_lag{lag}"] = df["close_to_Kalman"].shift(lag)
/home/ubuntu/btc-trading-bot/features.py:318: PerformanceWarning: DataFrame is highly fragmented.  This is usually the result of calling `frame.insert` many times, which has poor performance.  Consider joining all columns at once using pd.concat(axis=1) instead. To get a de-fragmented frame, use `newframe = frame.copy()`
  df[f"close_to_Kalman_lag{lag}"] = df["close_to_Kalman"].shift(lag)
/home/ubuntu/btc-trading-bot/features.py:321: PerformanceWarning: DataFrame is highly fragmented.  This is usually the result of calling `frame.insert` many times, which has poor performance.  Consider joining all columns at once using pd.concat(axis=1) instead. To get a de-fragmented frame, use `newframe = frame.copy()`
  df["volatility_gk"] = calculate_garman_klass_vol(df, window=14)
/home/ubuntu/btc-trading-bot/features.py:325: PerformanceWarning: DataFrame is highly fragmented.  This is usually the result of calling `frame.insert` many times, which has poor performance.  Consider joining all columns at once using pd.concat(axis=1) instead. To get a de-fragmented frame, use `newframe = frame.copy()`
  df["volatility_vts"] = gk_5 / (gk_60 + 1e-8)
/home/ubuntu/btc-trading-bot/features.py:327: PerformanceWarning: DataFrame is highly fragmented.  This is usually the result of calling `frame.insert` many times, which has poor performance.  Consider joining all columns at once using pd.concat(axis=1) instead. To get a de-fragmented frame, use `newframe = frame.copy()`
  df[f"volatility_gk_lag{lag}"] = df["volatility_gk"].shift(lag)
/home/ubuntu/btc-trading-bot/features.py:328: PerformanceWarning: DataFrame is highly fragmented.  This is usually the result of calling `frame.insert` many times, which has poor performance.  Consider joining all columns at once using pd.concat(axis=1) instead. To get a de-fragmented frame, use `newframe = frame.copy()`
  df[f"volatility_vts_lag{lag}"] = df["volatility_vts"].shift(lag)
/home/ubuntu/btc-trading-bot/features.py:327: PerformanceWarning: DataFrame is highly fragmented.  This is usually the result of calling `frame.insert` many times, which has poor performance.  Consider joining all columns at once using pd.concat(axis=1) instead. To get a de-fragmented frame, use `newframe = frame.copy()`
  df[f"volatility_gk_lag{lag}"] = df["volatility_gk"].shift(lag)
/home/ubuntu/btc-trading-bot/features.py:328: PerformanceWarning: DataFrame is highly fragmented.  This is usually the result of calling `frame.insert` many times, which has poor performance.  Consider joining all columns at once using pd.concat(axis=1) instead. To get a de-fragmented frame, use `newframe = frame.copy()`
  df[f"volatility_vts_lag{lag}"] = df["volatility_vts"].shift(lag)
/home/ubuntu/btc-trading-bot/features.py:334: PerformanceWarning: DataFrame is highly fragmented.  This is usually the result of calling `frame.insert` many times, which has poor performance.  Consider joining all columns at once using pd.concat(axis=1) instead. To get a de-fragmented frame, use `newframe = frame.copy()`
  df["vwap_deviation"] = (df["close"] - df["VWAP"]) / (df["VWAP"] + 1e-8)
/home/ubuntu/btc-trading-bot/features.py:338: PerformanceWarning: DataFrame is highly fragmented.  This is usually the result of calling `frame.insert` many times, which has poor performance.  Consider joining all columns at once using pd.concat(axis=1) instead. To get a de-fragmented frame, use `newframe = frame.copy()`
  df["roll_spread"] = 2.0 * np.sqrt(np.maximum(0.0, -autocov))
/home/ubuntu/btc-trading-bot/features.py:339: PerformanceWarning: DataFrame is highly fragmented.  This is usually the result of calling `frame.insert` many times, which has poor performance.  Consider joining all columns at once using pd.concat(axis=1) instead. To get a de-fragmented frame, use `newframe = frame.copy()`
  df["leverage_divergence"] = df["open_interest_pct_change"] - dp_ret
/home/ubuntu/btc-trading-bot/features.py:340: PerformanceWarning: DataFrame is highly fragmented.  This is usually the result of calling `frame.insert` many times, which has poor performance.  Consider joining all columns at once using pd.concat(axis=1) instead. To get a de-fragmented frame, use `newframe = frame.copy()`
  df["oi_velocity"] = df["open_interest_pct_change"].diff(1).fillna(0.0)
/home/ubuntu/btc-trading-bot/features.py:341: PerformanceWarning: DataFrame is highly fragmented.  This is usually the result of calling `frame.insert` many times, which has poor performance.  Consider joining all columns at once using pd.concat(axis=1) instead. To get a de-fragmented frame, use `newframe = frame.copy()`
  df["funding_acceleration"] = df["funding_rate_diff"].diff(1).fillna(0.0)
/home/ubuntu/btc-trading-bot/features.py:342: PerformanceWarning: DataFrame is highly fragmented.  This is usually the result of calling `frame.insert` many times, which has poor performance.  Consider joining all columns at once using pd.concat(axis=1) instead. To get a de-fragmented frame, use `newframe = frame.copy()`
  df["bid_ask_imbalance_ohlc"] = (df["close"] - df["low"]) / (high_low_range) - 0.5
/home/ubuntu/btc-trading-bot/features.py:346: PerformanceWarning: DataFrame is highly fragmented.  This is usually the result of calling `frame.insert` many times, which has poor performance.  Consider joining all columns at once using pd.concat(axis=1) instead. To get a de-fragmented frame, use `newframe = frame.copy()`
  df[f"vwap_deviation_lag{lag}"] = df["vwap_deviation"].shift(lag)
/home/ubuntu/btc-trading-bot/features.py:347: PerformanceWarning: DataFrame is highly fragmented.  This is usually the result of calling `frame.insert` many times, which has poor performance.  Consider joining all columns at once using pd.concat(axis=1) instead. To get a de-fragmented frame, use `newframe = frame.copy()`
  df[f"roll_spread_lag{lag}"] = df["roll_spread"].shift(lag)
/home/ubuntu/btc-trading-bot/features.py:348: PerformanceWarning: DataFrame is highly fragmented.  This is usually the result of calling `frame.insert` many times, which has poor performance.  Consider joining all columns at once using pd.concat(axis=1) instead. To get a de-fragmented frame, use `newframe = frame.copy()`
  df[f"leverage_divergence_lag{lag}"] = df["leverage_divergence"].shift(lag)
/home/ubuntu/btc-trading-bot/features.py:349: PerformanceWarning: DataFrame is highly fragmented.  This is usually the result of calling `frame.insert` many times, which has poor performance.  Consider joining all columns at once using pd.concat(axis=1) instead. To get a de-fragmented frame, use `newframe = frame.copy()`
  df[f"oi_velocity_lag{lag}"] = df["oi_velocity"].shift(lag)
/home/ubuntu/btc-trading-bot/features.py:350: PerformanceWarning: DataFrame is highly fragmented.  This is usually the result of calling `frame.insert` many times, which has poor performance.  Consider joining all columns at once using pd.concat(axis=1) instead. To get a de-fragmented frame, use `newframe = frame.copy()`
  df[f"funding_acceleration_lag{lag}"] = df["funding_acceleration"].shift(lag)
/home/ubuntu/btc-trading-bot/features.py:351: PerformanceWarning: DataFrame is highly fragmented.  This is usually the result of calling `frame.insert` many times, which has poor performance.  Consider joining all columns at once using pd.concat(axis=1) instead. To get a de-fragmented frame, use `newframe = frame.copy()`
  df[f"bid_ask_imbalance_ohlc_lag{lag}"] = df["bid_ask_imbalance_ohlc"].shift(lag)
/home/ubuntu/btc-trading-bot/features.py:353: PerformanceWarning: DataFrame is highly fragmented.  This is usually the result of calling `frame.insert` many times, which has poor performance.  Consider joining all columns at once using pd.concat(axis=1) instead. To get a de-fragmented frame, use `newframe = frame.copy()`
  df[f"CVD_true_lag{lag}"] = df["CVD_true"].shift(lag)
/home/ubuntu/btc-trading-bot/features.py:355: PerformanceWarning: DataFrame is highly fragmented.  This is usually the result of calling `frame.insert` many times, which has poor performance.  Consider joining all columns at once using pd.concat(axis=1) instead. To get a de-fragmented frame, use `newframe = frame.copy()`
  df[f"OFI_true_lag{lag}"] = df["OFI_true"].shift(lag)
/home/ubuntu/btc-trading-bot/features.py:357: PerformanceWarning: DataFrame is highly fragmented.  This is usually the result of calling `frame.insert` many times, which has poor performance.  Consider joining all columns at once using pd.concat(axis=1) instead. To get a de-fragmented frame, use `newframe = frame.copy()`
  df[f"ob_imbalance_L2_lag{lag}"] = df["ob_imbalance_L2"].shift(lag)
/home/ubuntu/btc-trading-bot/features.py:359: PerformanceWarning: DataFrame is highly fragmented.  This is usually the result of calling `frame.insert` many times, which has poor performance.  Consider joining all columns at once using pd.concat(axis=1) instead. To get a de-fragmented frame, use `newframe = frame.copy()`
  df[f"ob_spread_L2_lag{lag}"] = df["ob_spread_L2"].shift(lag)
/home/ubuntu/btc-trading-bot/features.py:361: PerformanceWarning: DataFrame is highly fragmented.  This is usually the result of calling `frame.insert` many times, which has poor performance.  Consider joining all columns at once using pd.concat(axis=1) instead. To get a de-fragmented frame, use `newframe = frame.copy()`
  df[f"liq_long_1h_lag{lag}"] = df["liq_long_1h"].shift(lag)
/home/ubuntu/btc-trading-bot/features.py:363: PerformanceWarning: DataFrame is highly fragmented.  This is usually the result of calling `frame.insert` many times, which has poor performance.  Consider joining all columns at once using pd.concat(axis=1) instead. To get a de-fragmented frame, use `newframe = frame.copy()`
  df[f"liq_short_1h_lag{lag}"] = df["liq_short_1h"].shift(lag)
/home/ubuntu/btc-trading-bot/features.py:346: PerformanceWarning: DataFrame is highly fragmented.  This is usually the result of calling `frame.insert` many times, which has poor performance.  Consider joining all columns at once using pd.concat(axis=1) instead. To get a de-fragmented frame, use `newframe = frame.copy()`
  df[f"vwap_deviation_lag{lag}"] = df["vwap_deviation"].shift(lag)
/home/ubuntu/btc-trading-bot/features.py:347: PerformanceWarning: DataFrame is highly fragmented.  This is usually the result of calling `frame.insert` many times, which has poor performance.  Consider joining all columns at once using pd.concat(axis=1) instead. To get a de-fragmented frame, use `newframe = frame.copy()`
  df[f"roll_spread_lag{lag}"] = df["roll_spread"].shift(lag)
/home/ubuntu/btc-trading-bot/features.py:348: PerformanceWarning: DataFrame is highly fragmented.  This is usually the result of calling `frame.insert` many times, which has poor performance.  Consider joining all columns at once using pd.concat(axis=1) instead. To get a de-fragmented frame, use `newframe = frame.copy()`
  df[f"leverage_divergence_lag{lag}"] = df["leverage_divergence"].shift(lag)
/home/ubuntu/btc-trading-bot/features.py:349: PerformanceWarning: DataFrame is highly fragmented.  This is usually the result of calling `frame.insert` many times, which has poor performance.  Consider joining all columns at once using pd.concat(axis=1) instead. To get a de-fragmented frame, use `newframe = frame.copy()`
  df[f"oi_velocity_lag{lag}"] = df["oi_velocity"].shift(lag)
/home/ubuntu/btc-trading-bot/features.py:350: PerformanceWarning: DataFrame is highly fragmented.  This is usually the result of calling `frame.insert` many times, which has poor performance.  Consider joining all columns at once using pd.concat(axis=1) instead. To get a de-fragmented frame, use `newframe = frame.copy()`
  df[f"funding_acceleration_lag{lag}"] = df["funding_acceleration"].shift(lag)
/home/ubuntu/btc-trading-bot/features.py:351: PerformanceWarning: DataFrame is highly fragmented.  This is usually the result of calling `frame.insert` many times, which has poor performance.  Consider joining all columns at once using pd.concat(axis=1) instead. To get a de-fragmented frame, use `newframe = frame.copy()`
  df[f"bid_ask_imbalance_ohlc_lag{lag}"] = df["bid_ask_imbalance_ohlc"].shift(lag)
/home/ubuntu/btc-trading-bot/features.py:353: PerformanceWarning: DataFrame is highly fragmented.  This is usually the result of calling `frame.insert` many times, which has poor performance.  Consider joining all columns at once using pd.concat(axis=1) instead. To get a de-fragmented frame, use `newframe = frame.copy()`
  df[f"CVD_true_lag{lag}"] = df["CVD_true"].shift(lag)
/home/ubuntu/btc-trading-bot/features.py:355: PerformanceWarning: DataFrame is highly fragmented.  This is usually the result of calling `frame.insert` many times, which has poor performance.  Consider joining all columns at once using pd.concat(axis=1) instead. To get a de-fragmented frame, use `newframe = frame.copy()`
  df[f"OFI_true_lag{lag}"] = df["OFI_true"].shift(lag)
/home/ubuntu/btc-trading-bot/features.py:357: PerformanceWarning: DataFrame is highly fragmented.  This is usually the result of calling `frame.insert` many times, which has poor performance.  Consider joining all columns at once using pd.concat(axis=1) instead. To get a de-fragmented frame, use `newframe = frame.copy()`
  df[f"ob_imbalance_L2_lag{lag}"] = df["ob_imbalance_L2"].shift(lag)
/home/ubuntu/btc-trading-bot/features.py:359: PerformanceWarning: DataFrame is highly fragmented.  This is usually the result of calling `frame.insert` many times, which has poor performance.  Consider joining all columns at once using pd.concat(axis=1) instead. To get a de-fragmented frame, use `newframe = frame.copy()`
  df[f"ob_spread_L2_lag{lag}"] = df["ob_spread_L2"].shift(lag)
/home/ubuntu/btc-trading-bot/features.py:361: PerformanceWarning: DataFrame is highly fragmented.  This is usually the result of calling `frame.insert` many times, which has poor performance.  Consider joining all columns at once using pd.concat(axis=1) instead. To get a de-fragmented frame, use `newframe = frame.copy()`
  df[f"liq_long_1h_lag{lag}"] = df["liq_long_1h"].shift(lag)
/home/ubuntu/btc-trading-bot/features.py:363: PerformanceWarning: DataFrame is highly fragmented.  This is usually the result of calling `frame.insert` many times, which has poor performance.  Consider joining all columns at once using pd.concat(axis=1) instead. To get a de-fragmented frame, use `newframe = frame.copy()`
  df[f"liq_short_1h_lag{lag}"] = df["liq_short_1h"].shift(lag)
/home/ubuntu/btc-trading-bot/features.py:304: PerformanceWarning: DataFrame is highly fragmented.  This is usually the result of calling `frame.insert` many times, which has poor performance.  Consider joining all columns at once using pd.concat(axis=1) instead. To get a de-fragmented frame, use `newframe = frame.copy()`
  df[f"btc_close_lag{lag}"] = df["btc_close"].shift(lag).ffill().bfill().fillna(0.0)
/home/ubuntu/btc-trading-bot/features.py:305: PerformanceWarning: DataFrame is highly fragmented.  This is usually the result of calling `frame.insert` many times, which has poor performance.  Consider joining all columns at once using pd.concat(axis=1) instead. To get a de-fragmented frame, use `newframe = frame.copy()`
  df[f"btc_volume_lag{lag}"] = df["btc_volume"].shift(lag).ffill().bfill().fillna(0.0)
/home/ubuntu/btc-trading-bot/features.py:306: PerformanceWarning: DataFrame is highly fragmented.  This is usually the result of calling `frame.insert` many times, which has poor performance.  Consider joining all columns at once using pd.concat(axis=1) instead. To get a de-fragmented frame, use `newframe = frame.copy()`
  df[f"btc_rsi_lag{lag}"] = df["btc_rsi"].shift(lag).ffill().bfill().fillna(50.0)
/home/ubuntu/btc-trading-bot/features.py:294: PerformanceWarning: DataFrame is highly fragmented.  This is usually the result of calling `frame.insert` many times, which has poor performance.  Consider joining all columns at once using pd.concat(axis=1) instead. To get a de-fragmented frame, use `newframe = frame.copy()`
  df[f"open_interest_pct_change_lag{lag}"] = df["open_interest_pct_change"].shift(lag)
/home/ubuntu/btc-trading-bot/features.py:295: PerformanceWarning: DataFrame is highly fragmented.  This is usually the result of calling `frame.insert` many times, which has poor performance.  Consider joining all columns at once using pd.concat(axis=1) instead. To get a de-fragmented frame, use `newframe = frame.copy()`
  df[f"funding_rate_diff_lag{lag}"] = df["funding_rate_diff"].shift(lag)
/home/ubuntu/btc-trading-bot/features.py:296: PerformanceWarning: DataFrame is highly fragmented.  This is usually the result of calling `frame.insert` many times, which has poor performance.  Consider joining all columns at once using pd.concat(axis=1) instead. To get a de-fragmented frame, use `newframe = frame.copy()`
  df[f"CVD_rolling_1h_lag{lag}"] = df["CVD_rolling_1h"].shift(lag)
/home/ubuntu/btc-trading-bot/features.py:297: PerformanceWarning: DataFrame is highly fragmented.  This is usually the result of calling `frame.insert` many times, which has poor performance.  Consider joining all columns at once using pd.concat(axis=1) instead. To get a de-fragmented frame, use `newframe = frame.copy()`
  df[f"CVD_rolling_4h_lag{lag}"] = df["CVD_rolling_4h"].shift(lag)
/home/ubuntu/btc-trading-bot/features.py:298: PerformanceWarning: DataFrame is highly fragmented.  This is usually the result of calling `frame.insert` many times, which has poor performance.  Consider joining all columns at once using pd.concat(axis=1) instead. To get a de-fragmented frame, use `newframe = frame.copy()`
  df[f"upper_wick_volume_ratio_lag{lag}"] = df["upper_wick_volume_ratio"].shift(lag)
/home/ubuntu/btc-trading-bot/features.py:299: PerformanceWarning: DataFrame is highly fragmented.  This is usually the result of calling `frame.insert` many times, which has poor performance.  Consider joining all columns at once using pd.concat(axis=1) instead. To get a de-fragmented frame, use `newframe = frame.copy()`
  df[f"lower_wick_volume_ratio_lag{lag}"] = df["lower_wick_volume_ratio"].shift(lag)
/home/ubuntu/btc-trading-bot/features.py:302: PerformanceWarning: DataFrame is highly fragmented.  This is usually the result of calling `frame.insert` many times, which has poor performance.  Consider joining all columns at once using pd.concat(axis=1) instead. To get a de-fragmented frame, use `newframe = frame.copy()`
  df[f"oi_change_1h_lag{lag}"] = df["oi_change_1h"].shift(lag).fillna(0.0)
/home/ubuntu/btc-trading-bot/features.py:303: PerformanceWarning: DataFrame is highly fragmented.  This is usually the result of calling `frame.insert` many times, which has poor performance.  Consider joining all columns at once using pd.concat(axis=1) instead. To get a de-fragmented frame, use `newframe = frame.copy()`
  df[f"oi_change_4h_lag{lag}"] = df["oi_change_4h"].shift(lag).fillna(0.0)
/home/ubuntu/btc-trading-bot/features.py:304: PerformanceWarning: DataFrame is highly fragmented.  This is usually the result of calling `frame.insert` many times, which has poor performance.  Consider joining all columns at once using pd.concat(axis=1) instead. To get a de-fragmented frame, use `newframe = frame.copy()`
  df[f"btc_close_lag{lag}"] = df["btc_close"].shift(lag).ffill().bfill().fillna(0.0)
/home/ubuntu/btc-trading-bot/features.py:305: PerformanceWarning: DataFrame is highly fragmented.  This is usually the result of calling `frame.insert` many times, which has poor performance.  Consider joining all columns at once using pd.concat(axis=1) instead. To get a de-fragmented frame, use `newframe = frame.copy()`
  df[f"btc_volume_lag{lag}"] = df["btc_volume"].shift(lag).ffill().bfill().fillna(0.0)
/home/ubuntu/btc-trading-bot/features.py:306: PerformanceWarning: DataFrame is highly fragmented.  This is usually the result of calling `frame.insert` many times, which has poor performance.  Consider joining all columns at once using pd.concat(axis=1) instead. To get a de-fragmented frame, use `newframe = frame.copy()`
  df[f"btc_rsi_lag{lag}"] = df["btc_rsi"].shift(lag).ffill().bfill().fillna(50.0)
/home/ubuntu/btc-trading-bot/features.py:310: PerformanceWarning: DataFrame is highly fragmented.  This is usually the result of calling `frame.insert` many times, which has poor performance.  Consider joining all columns at once using pd.concat(axis=1) instead. To get a de-fragmented frame, use `newframe = frame.copy()`
  df["hour_sin"] = np.sin(2 * np.pi * datetime_series.dt.hour / 24.0)
/home/ubuntu/btc-trading-bot/features.py:311: PerformanceWarning: DataFrame is highly fragmented.  This is usually the result of calling `frame.insert` many times, which has poor performance.  Consider joining all columns at once using pd.concat(axis=1) instead. To get a de-fragmented frame, use `newframe = frame.copy()`
  df["hour_cos"] = np.cos(2 * np.pi * datetime_series.dt.hour / 24.0)
/home/ubuntu/btc-trading-bot/features.py:312: PerformanceWarning: DataFrame is highly fragmented.  This is usually the result of calling `frame.insert` many times, which has poor performance.  Consider joining all columns at once using pd.concat(axis=1) instead. To get a de-fragmented frame, use `newframe = frame.copy()`
  df["day_of_week_sin"] = np.sin(2 * np.pi * datetime_series.dt.dayofweek / 7.0)
/home/ubuntu/btc-trading-bot/features.py:313: PerformanceWarning: DataFrame is highly fragmented.  This is usually the result of calling `frame.insert` many times, which has poor performance.  Consider joining all columns at once using pd.concat(axis=1) instead. To get a de-fragmented frame, use `newframe = frame.copy()`
  df["day_of_week_cos"] = np.cos(2 * np.pi * datetime_series.dt.dayofweek / 7.0)
/home/ubuntu/btc-trading-bot/features.py:316: PerformanceWarning: DataFrame is highly fragmented.  This is usually the result of calling `frame.insert` many times, which has poor performance.  Consider joining all columns at once using pd.concat(axis=1) instead. To get a de-fragmented frame, use `newframe = frame.copy()`
  df["close_to_Kalman"] = calculate_kalman_feature(df["close"].values, df["ATR_norm"].values)
/home/ubuntu/btc-trading-bot/features.py:318: PerformanceWarning: DataFrame is highly fragmented.  This is usually the result of calling `frame.insert` many times, which has poor performance.  Consider joining all columns at once using pd.concat(axis=1) instead. To get a de-fragmented frame, use `newframe = frame.copy()`
  df[f"close_to_Kalman_lag{lag}"] = df["close_to_Kalman"].shift(lag)
/home/ubuntu/btc-trading-bot/features.py:318: PerformanceWarning: DataFrame is highly fragmented.  This is usually the result of calling `frame.insert` many times, which has poor performance.  Consider joining all columns at once using pd.concat(axis=1) instead. To get a de-fragmented frame, use `newframe = frame.copy()`
  df[f"close_to_Kalman_lag{lag}"] = df["close_to_Kalman"].shift(lag)
/home/ubuntu/btc-trading-bot/features.py:321: PerformanceWarning: DataFrame is highly fragmented.  This is usually the result of calling `frame.insert` many times, which has poor performance.  Consider joining all columns at once using pd.concat(axis=1) instead. To get a de-fragmented frame, use `newframe = frame.copy()`
  df["volatility_gk"] = calculate_garman_klass_vol(df, window=14)
/home/ubuntu/btc-trading-bot/features.py:325: PerformanceWarning: DataFrame is highly fragmented.  This is usually the result of calling `frame.insert` many times, which has poor performance.  Consider joining all columns at once using pd.concat(axis=1) instead. To get a de-fragmented frame, use `newframe = frame.copy()`
  df["volatility_vts"] = gk_5 / (gk_60 + 1e-8)
/home/ubuntu/btc-trading-bot/features.py:327: PerformanceWarning: DataFrame is highly fragmented.  This is usually the result of calling `frame.insert` many times, which has poor performance.  Consider joining all columns at once using pd.concat(axis=1) instead. To get a de-fragmented frame, use `newframe = frame.copy()`
  df[f"volatility_gk_lag{lag}"] = df["volatility_gk"].shift(lag)
/home/ubuntu/btc-trading-bot/features.py:328: PerformanceWarning: DataFrame is highly fragmented.  This is usually the result of calling `frame.insert` many times, which has poor performance.  Consider joining all columns at once using pd.concat(axis=1) instead. To get a de-fragmented frame, use `newframe = frame.copy()`
  df[f"volatility_vts_lag{lag}"] = df["volatility_vts"].shift(lag)
/home/ubuntu/btc-trading-bot/features.py:327: PerformanceWarning: DataFrame is highly fragmented.  This is usually the result of calling `frame.insert` many times, which has poor performance.  Consider joining all columns at once using pd.concat(axis=1) instead. To get a de-fragmented frame, use `newframe = frame.copy()`
  df[f"volatility_gk_lag{lag}"] = df["volatility_gk"].shift(lag)
/home/ubuntu/btc-trading-bot/features.py:328: PerformanceWarning: DataFrame is highly fragmented.  This is usually the result of calling `frame.insert` many times, which has poor performance.  Consider joining all columns at once using pd.concat(axis=1) instead. To get a de-fragmented frame, use `newframe = frame.copy()`
  df[f"volatility_vts_lag{lag}"] = df["volatility_vts"].shift(lag)
/home/ubuntu/btc-trading-bot/features.py:334: PerformanceWarning: DataFrame is highly fragmented.  This is usually the result of calling `frame.insert` many times, which has poor performance.  Consider joining all columns at once using pd.concat(axis=1) instead. To get a de-fragmented frame, use `newframe = frame.copy()`
  df["vwap_deviation"] = (df["close"] - df["VWAP"]) / (df["VWAP"] + 1e-8)
/home/ubuntu/btc-trading-bot/features.py:338: PerformanceWarning: DataFrame is highly fragmented.  This is usually the result of calling `frame.insert` many times, which has poor performance.  Consider joining all columns at once using pd.concat(axis=1) instead. To get a de-fragmented frame, use `newframe = frame.copy()`
  df["roll_spread"] = 2.0 * np.sqrt(np.maximum(0.0, -autocov))
/home/ubuntu/btc-trading-bot/features.py:339: PerformanceWarning: DataFrame is highly fragmented.  This is usually the result of calling `frame.insert` many times, which has poor performance.  Consider joining all columns at once using pd.concat(axis=1) instead. To get a de-fragmented frame, use `newframe = frame.copy()`
  df["leverage_divergence"] = df["open_interest_pct_change"] - dp_ret
/home/ubuntu/btc-trading-bot/features.py:340: PerformanceWarning: DataFrame is highly fragmented.  This is usually the result of calling `frame.insert` many times, which has poor performance.  Consider joining all columns at once using pd.concat(axis=1) instead. To get a de-fragmented frame, use `newframe = frame.copy()`
  df["oi_velocity"] = df["open_interest_pct_change"].diff(1).fillna(0.0)
/home/ubuntu/btc-trading-bot/features.py:341: PerformanceWarning: DataFrame is highly fragmented.  This is usually the result of calling `frame.insert` many times, which has poor performance.  Consider joining all columns at once using pd.concat(axis=1) instead. To get a de-fragmented frame, use `newframe = frame.copy()`
  df["funding_acceleration"] = df["funding_rate_diff"].diff(1).fillna(0.0)
/home/ubuntu/btc-trading-bot/features.py:342: PerformanceWarning: DataFrame is highly fragmented.  This is usually the result of calling `frame.insert` many times, which has poor performance.  Consider joining all columns at once using pd.concat(axis=1) instead. To get a de-fragmented frame, use `newframe = frame.copy()`
  df["bid_ask_imbalance_ohlc"] = (df["close"] - df["low"]) / (high_low_range) - 0.5
/home/ubuntu/btc-trading-bot/features.py:346: PerformanceWarning: DataFrame is highly fragmented.  This is usually the result of calling `frame.insert` many times, which has poor performance.  Consider joining all columns at once using pd.concat(axis=1) instead. To get a de-fragmented frame, use `newframe = frame.copy()`
  df[f"vwap_deviation_lag{lag}"] = df["vwap_deviation"].shift(lag)
/home/ubuntu/btc-trading-bot/features.py:347: PerformanceWarning: DataFrame is highly fragmented.  This is usually the result of calling `frame.insert` many times, which has poor performance.  Consider joining all columns at once using pd.concat(axis=1) instead. To get a de-fragmented frame, use `newframe = frame.copy()`
  df[f"roll_spread_lag{lag}"] = df["roll_spread"].shift(lag)
/home/ubuntu/btc-trading-bot/features.py:348: PerformanceWarning: DataFrame is highly fragmented.  This is usually the result of calling `frame.insert` many times, which has poor performance.  Consider joining all columns at once using pd.concat(axis=1) instead. To get a de-fragmented frame, use `newframe = frame.copy()`
  df[f"leverage_divergence_lag{lag}"] = df["leverage_divergence"].shift(lag)
/home/ubuntu/btc-trading-bot/features.py:349: PerformanceWarning: DataFrame is highly fragmented.  This is usually the result of calling `frame.insert` many times, which has poor performance.  Consider joining all columns at once using pd.concat(axis=1) instead. To get a de-fragmented frame, use `newframe = frame.copy()`
  df[f"oi_velocity_lag{lag}"] = df["oi_velocity"].shift(lag)
/home/ubuntu/btc-trading-bot/features.py:350: PerformanceWarning: DataFrame is highly fragmented.  This is usually the result of calling `frame.insert` many times, which has poor performance.  Consider joining all columns at once using pd.concat(axis=1) instead. To get a de-fragmented frame, use `newframe = frame.copy()`
  df[f"funding_acceleration_lag{lag}"] = df["funding_acceleration"].shift(lag)
/home/ubuntu/btc-trading-bot/features.py:351: PerformanceWarning: DataFrame is highly fragmented.  This is usually the result of calling `frame.insert` many times, which has poor performance.  Consider joining all columns at once using pd.concat(axis=1) instead. To get a de-fragmented frame, use `newframe = frame.copy()`
  df[f"bid_ask_imbalance_ohlc_lag{lag}"] = df["bid_ask_imbalance_ohlc"].shift(lag)
/home/ubuntu/btc-trading-bot/features.py:353: PerformanceWarning: DataFrame is highly fragmented.  This is usually the result of calling `frame.insert` many times, which has poor performance.  Consider joining all columns at once using pd.concat(axis=1) instead. To get a de-fragmented frame, use `newframe = frame.copy()`
  df[f"CVD_true_lag{lag}"] = df["CVD_true"].shift(lag)
/home/ubuntu/btc-trading-bot/features.py:355: PerformanceWarning: DataFrame is highly fragmented.  This is usually the result of calling `frame.insert` many times, which has poor performance.  Consider joining all columns at once using pd.concat(axis=1) instead. To get a de-fragmented frame, use `newframe = frame.copy()`
  df[f"OFI_true_lag{lag}"] = df["OFI_true"].shift(lag)
/home/ubuntu/btc-trading-bot/features.py:357: PerformanceWarning: DataFrame is highly fragmented.  This is usually the result of calling `frame.insert` many times, which has poor performance.  Consider joining all columns at once using pd.concat(axis=1) instead. To get a de-fragmented frame, use `newframe = frame.copy()`
  df[f"ob_imbalance_L2_lag{lag}"] = df["ob_imbalance_L2"].shift(lag)
/home/ubuntu/btc-trading-bot/features.py:359: PerformanceWarning: DataFrame is highly fragmented.  This is usually the result of calling `frame.insert` many times, which has poor performance.  Consider joining all columns at once using pd.concat(axis=1) instead. To get a de-fragmented frame, use `newframe = frame.copy()`
  df[f"ob_spread_L2_lag{lag}"] = df["ob_spread_L2"].shift(lag)
/home/ubuntu/btc-trading-bot/features.py:361: PerformanceWarning: DataFrame is highly fragmented.  This is usually the result of calling `frame.insert` many times, which has poor performance.  Consider joining all columns at once using pd.concat(axis=1) instead. To get a de-fragmented frame, use `newframe = frame.copy()`
  df[f"liq_long_1h_lag{lag}"] = df["liq_long_1h"].shift(lag)
/home/ubuntu/btc-trading-bot/features.py:363: PerformanceWarning: DataFrame is highly fragmented.  This is usually the result of calling `frame.insert` many times, which has poor performance.  Consider joining all columns at once using pd.concat(axis=1) instead. To get a de-fragmented frame, use `newframe = frame.copy()`
  df[f"liq_short_1h_lag{lag}"] = df["liq_short_1h"].shift(lag)
/home/ubuntu/btc-trading-bot/features.py:346: PerformanceWarning: DataFrame is highly fragmented.  This is usually the result of calling `frame.insert` many times, which has poor performance.  Consider joining all columns at once using pd.concat(axis=1) instead. To get a de-fragmented frame, use `newframe = frame.copy()`
  df[f"vwap_deviation_lag{lag}"] = df["vwap_deviation"].shift(lag)
/home/ubuntu/btc-trading-bot/features.py:347: PerformanceWarning: DataFrame is highly fragmented.  This is usually the result of calling `frame.insert` many times, which has poor performance.  Consider joining all columns at once using pd.concat(axis=1) instead. To get a de-fragmented frame, use `newframe = frame.copy()`
  df[f"roll_spread_lag{lag}"] = df["roll_spread"].shift(lag)
/home/ubuntu/btc-trading-bot/features.py:348: PerformanceWarning: DataFrame is highly fragmented.  This is usually the result of calling `frame.insert` many times, which has poor performance.  Consider joining all columns at once using pd.concat(axis=1) instead. To get a de-fragmented frame, use `newframe = frame.copy()`
  df[f"leverage_divergence_lag{lag}"] = df["leverage_divergence"].shift(lag)
/home/ubuntu/btc-trading-bot/features.py:349: PerformanceWarning: DataFrame is highly fragmented.  This is usually the result of calling `frame.insert` many times, which has poor performance.  Consider joining all columns at once using pd.concat(axis=1) instead. To get a de-fragmented frame, use `newframe = frame.copy()`
  df[f"oi_velocity_lag{lag}"] = df["oi_velocity"].shift(lag)
/home/ubuntu/btc-trading-bot/features.py:350: PerformanceWarning: DataFrame is highly fragmented.  This is usually the result of calling `frame.insert` many times, which has poor performance.  Consider joining all columns at once using pd.concat(axis=1) instead. To get a de-fragmented frame, use `newframe = frame.copy()`
  df[f"funding_acceleration_lag{lag}"] = df["funding_acceleration"].shift(lag)
/home/ubuntu/btc-trading-bot/features.py:351: PerformanceWarning: DataFrame is highly fragmented.  This is usually the result of calling `frame.insert` many times, which has poor performance.  Consider joining all columns at once using pd.concat(axis=1) instead. To get a de-fragmented frame, use `newframe = frame.copy()`
  df[f"bid_ask_imbalance_ohlc_lag{lag}"] = df["bid_ask_imbalance_ohlc"].shift(lag)
/home/ubuntu/btc-trading-bot/features.py:353: PerformanceWarning: DataFrame is highly fragmented.  This is usually the result of calling `frame.insert` many times, which has poor performance.  Consider joining all columns at once using pd.concat(axis=1) instead. To get a de-fragmented frame, use `newframe = frame.copy()`
  df[f"CVD_true_lag{lag}"] = df["CVD_true"].shift(lag)
/home/ubuntu/btc-trading-bot/features.py:355: PerformanceWarning: DataFrame is highly fragmented.  This is usually the result of calling `frame.insert` many times, which has poor performance.  Consider joining all columns at once using pd.concat(axis=1) instead. To get a de-fragmented frame, use `newframe = frame.copy()`
  df[f"OFI_true_lag{lag}"] = df["OFI_true"].shift(lag)
/home/ubuntu/btc-trading-bot/features.py:357: PerformanceWarning: DataFrame is highly fragmented.  This is usually the result of calling `frame.insert` many times, which has poor performance.  Consider joining all columns at once using pd.concat(axis=1) instead. To get a de-fragmented frame, use `newframe = frame.copy()`
  df[f"ob_imbalance_L2_lag{lag}"] = df["ob_imbalance_L2"].shift(lag)
/home/ubuntu/btc-trading-bot/features.py:359: PerformanceWarning: DataFrame is highly fragmented.  This is usually the result of calling `frame.insert` many times, which has poor performance.  Consider joining all columns at once using pd.concat(axis=1) instead. To get a de-fragmented frame, use `newframe = frame.copy()`
  df[f"ob_spread_L2_lag{lag}"] = df["ob_spread_L2"].shift(lag)
/home/ubuntu/btc-trading-bot/features.py:361: PerformanceWarning: DataFrame is highly fragmented.  This is usually the result of calling `frame.insert` many times, which has poor performance.  Consider joining all columns at once using pd.concat(axis=1) instead. To get a de-fragmented frame, use `newframe = frame.copy()`
  df[f"liq_long_1h_lag{lag}"] = df["liq_long_1h"].shift(lag)
/home/ubuntu/btc-trading-bot/features.py:363: PerformanceWarning: DataFrame is highly fragmented.  This is usually the result of calling `frame.insert` many times, which has poor performance.  Consider joining all columns at once using pd.concat(axis=1) instead. To get a de-fragmented frame, use `newframe = frame.copy()`
  df[f"liq_short_1h_lag{lag}"] = df["liq_short_1h"].shift(lag)
/home/ubuntu/btc-trading-bot/features.py:304: PerformanceWarning: DataFrame is highly fragmented.  This is usually the result of calling `frame.insert` many times, which has poor performance.  Consider joining all columns at once using pd.concat(axis=1) instead. To get a de-fragmented frame, use `newframe = frame.copy()`
  df[f"btc_close_lag{lag}"] = df["btc_close"].shift(lag).ffill().bfill().fillna(0.0)
/home/ubuntu/btc-trading-bot/features.py:305: PerformanceWarning: DataFrame is highly fragmented.  This is usually the result of calling `frame.insert` many times, which has poor performance.  Consider joining all columns at once using pd.concat(axis=1) instead. To get a de-fragmented frame, use `newframe = frame.copy()`
  df[f"btc_volume_lag{lag}"] = df["btc_volume"].shift(lag).ffill().bfill().fillna(0.0)
/home/ubuntu/btc-trading-bot/features.py:306: PerformanceWarning: DataFrame is highly fragmented.  This is usually the result of calling `frame.insert` many times, which has poor performance.  Consider joining all columns at once using pd.concat(axis=1) instead. To get a de-fragmented frame, use `newframe = frame.copy()`
  df[f"btc_rsi_lag{lag}"] = df["btc_rsi"].shift(lag).ffill().bfill().fillna(50.0)
/home/ubuntu/btc-trading-bot/features.py:294: PerformanceWarning: DataFrame is highly fragmented.  This is usually the result of calling `frame.insert` many times, which has poor performance.  Consider joining all columns at once using pd.concat(axis=1) instead. To get a de-fragmented frame, use `newframe = frame.copy()`
  df[f"open_interest_pct_change_lag{lag}"] = df["open_interest_pct_change"].shift(lag)
/home/ubuntu/btc-trading-bot/features.py:295: PerformanceWarning: DataFrame is highly fragmented.  This is usually the result of calling `frame.insert` many times, which has poor performance.  Consider joining all columns at once using pd.concat(axis=1) instead. To get a de-fragmented frame, use `newframe = frame.copy()`
  df[f"funding_rate_diff_lag{lag}"] = df["funding_rate_diff"].shift(lag)
/home/ubuntu/btc-trading-bot/features.py:296: PerformanceWarning: DataFrame is highly fragmented.  This is usually the result of calling `frame.insert` many times, which has poor performance.  Consider joining all columns at once using pd.concat(axis=1) instead. To get a de-fragmented frame, use `newframe = frame.copy()`
  df[f"CVD_rolling_1h_lag{lag}"] = df["CVD_rolling_1h"].shift(lag)
/home/ubuntu/btc-trading-bot/features.py:297: PerformanceWarning: DataFrame is highly fragmented.  This is usually the result of calling `frame.insert` many times, which has poor performance.  Consider joining all columns at once using pd.concat(axis=1) instead. To get a de-fragmented frame, use `newframe = frame.copy()`
  df[f"CVD_rolling_4h_lag{lag}"] = df["CVD_rolling_4h"].shift(lag)
/home/ubuntu/btc-trading-bot/features.py:298: PerformanceWarning: DataFrame is highly fragmented.  This is usually the result of calling `frame.insert` many times, which has poor performance.  Consider joining all columns at once using pd.concat(axis=1) instead. To get a de-fragmented frame, use `newframe = frame.copy()`
  df[f"upper_wick_volume_ratio_lag{lag}"] = df["upper_wick_volume_ratio"].shift(lag)
/home/ubuntu/btc-trading-bot/features.py:299: PerformanceWarning: DataFrame is highly fragmented.  This is usually the result of calling `frame.insert` many times, which has poor performance.  Consider joining all columns at once using pd.concat(axis=1) instead. To get a de-fragmented frame, use `newframe = frame.copy()`
  df[f"lower_wick_volume_ratio_lag{lag}"] = df["lower_wick_volume_ratio"].shift(lag)
/home/ubuntu/btc-trading-bot/features.py:302: PerformanceWarning: DataFrame is highly fragmented.  This is usually the result of calling `frame.insert` many times, which has poor performance.  Consider joining all columns at once using pd.concat(axis=1) instead. To get a de-fragmented frame, use `newframe = frame.copy()`
  df[f"oi_change_1h_lag{lag}"] = df["oi_change_1h"].shift(lag).fillna(0.0)
/home/ubuntu/btc-trading-bot/features.py:303: PerformanceWarning: DataFrame is highly fragmented.  This is usually the result of calling `frame.insert` many times, which has poor performance.  Consider joining all columns at once using pd.concat(axis=1) instead. To get a de-fragmented frame, use `newframe = frame.copy()`
  df[f"oi_change_4h_lag{lag}"] = df["oi_change_4h"].shift(lag).fillna(0.0)
/home/ubuntu/btc-trading-bot/features.py:304: PerformanceWarning: DataFrame is highly fragmented.  This is usually the result of calling `frame.insert` many times, which has poor performance.  Consider joining all columns at once using pd.concat(axis=1) instead. To get a de-fragmented frame, use `newframe = frame.copy()`
  df[f"btc_close_lag{lag}"] = df["btc_close"].shift(lag).ffill().bfill().fillna(0.0)
/home/ubuntu/btc-trading-bot/features.py:305: PerformanceWarning: DataFrame is highly fragmented.  This is usually the result of calling `frame.insert` many times, which has poor performance.  Consider joining all columns at once using pd.concat(axis=1) instead. To get a de-fragmented frame, use `newframe = frame.copy()`
  df[f"btc_volume_lag{lag}"] = df["btc_volume"].shift(lag).ffill().bfill().fillna(0.0)
/home/ubuntu/btc-trading-bot/features.py:306: PerformanceWarning: DataFrame is highly fragmented.  This is usually the result of calling `frame.insert` many times, which has poor performance.  Consider joining all columns at once using pd.concat(axis=1) instead. To get a de-fragmented frame, use `newframe = frame.copy()`
  df[f"btc_rsi_lag{lag}"] = df["btc_rsi"].shift(lag).ffill().bfill().fillna(50.0)
/home/ubuntu/btc-trading-bot/features.py:310: PerformanceWarning: DataFrame is highly fragmented.  This is usually the result of calling `frame.insert` many times, which has poor performance.  Consider joining all columns at once using pd.concat(axis=1) instead. To get a de-fragmented frame, use `newframe = frame.copy()`
  df["hour_sin"] = np.sin(2 * np.pi * datetime_series.dt.hour / 24.0)
/home/ubuntu/btc-trading-bot/features.py:311: PerformanceWarning: DataFrame is highly fragmented.  This is usually the result of calling `frame.insert` many times, which has poor performance.  Consider joining all columns at once using pd.concat(axis=1) instead. To get a de-fragmented frame, use `newframe = frame.copy()`
  df["hour_cos"] = np.cos(2 * np.pi * datetime_series.dt.hour / 24.0)
/home/ubuntu/btc-trading-bot/features.py:312: PerformanceWarning: DataFrame is highly fragmented.  This is usually the result of calling `frame.insert` many times, which has poor performance.  Consider joining all columns at once using pd.concat(axis=1) instead. To get a de-fragmented frame, use `newframe = frame.copy()`
  df["day_of_week_sin"] = np.sin(2 * np.pi * datetime_series.dt.dayofweek / 7.0)
/home/ubuntu/btc-trading-bot/features.py:313: PerformanceWarning: DataFrame is highly fragmented.  This is usually the result of calling `frame.insert` many times, which has poor performance.  Consider joining all columns at once using pd.concat(axis=1) instead. To get a de-fragmented frame, use `newframe = frame.copy()`
  df["day_of_week_cos"] = np.cos(2 * np.pi * datetime_series.dt.dayofweek / 7.0)
/home/ubuntu/btc-trading-bot/features.py:316: PerformanceWarning: DataFrame is highly fragmented.  This is usually the result of calling `frame.insert` many times, which has poor performance.  Consider joining all columns at once using pd.concat(axis=1) instead. To get a de-fragmented frame, use `newframe = frame.copy()`
  df["close_to_Kalman"] = calculate_kalman_feature(df["close"].values, df["ATR_norm"].values)
/home/ubuntu/btc-trading-bot/features.py:318: PerformanceWarning: DataFrame is highly fragmented.  This is usually the result of calling `frame.insert` many times, which has poor performance.  Consider joining all columns at once using pd.concat(axis=1) instead. To get a de-fragmented frame, use `newframe = frame.copy()`
  df[f"close_to_Kalman_lag{lag}"] = df["close_to_Kalman"].shift(lag)
/home/ubuntu/btc-trading-bot/features.py:318: PerformanceWarning: DataFrame is highly fragmented.  This is usually the result of calling `frame.insert` many times, which has poor performance.  Consider joining all columns at once using pd.concat(axis=1) instead. To get a de-fragmented frame, use `newframe = frame.copy()`
  df[f"close_to_Kalman_lag{lag}"] = df["close_to_Kalman"].shift(lag)
/home/ubuntu/btc-trading-bot/features.py:321: PerformanceWarning: DataFrame is highly fragmented.  This is usually the result of calling `frame.insert` many times, which has poor performance.  Consider joining all columns at once using pd.concat(axis=1) instead. To get a de-fragmented frame, use `newframe = frame.copy()`
  df["volatility_gk"] = calculate_garman_klass_vol(df, window=14)
/home/ubuntu/btc-trading-bot/features.py:325: PerformanceWarning: DataFrame is highly fragmented.  This is usually the result of calling `frame.insert` many times, which has poor performance.  Consider joining all columns at once using pd.concat(axis=1) instead. To get a de-fragmented frame, use `newframe = frame.copy()`
  df["volatility_vts"] = gk_5 / (gk_60 + 1e-8)
/home/ubuntu/btc-trading-bot/features.py:327: PerformanceWarning: DataFrame is highly fragmented.  This is usually the result of calling `frame.insert` many times, which has poor performance.  Consider joining all columns at once using pd.concat(axis=1) instead. To get a de-fragmented frame, use `newframe = frame.copy()`
  df[f"volatility_gk_lag{lag}"] = df["volatility_gk"].shift(lag)
/home/ubuntu/btc-trading-bot/features.py:328: PerformanceWarning: DataFrame is highly fragmented.  This is usually the result of calling `frame.insert` many times, which has poor performance.  Consider joining all columns at once using pd.concat(axis=1) instead. To get a de-fragmented frame, use `newframe = frame.copy()`
  df[f"volatility_vts_lag{lag}"] = df["volatility_vts"].shift(lag)
/home/ubuntu/btc-trading-bot/features.py:327: PerformanceWarning: DataFrame is highly fragmented.  This is usually the result of calling `frame.insert` many times, which has poor performance.  Consider joining all columns at once using pd.concat(axis=1) instead. To get a de-fragmented frame, use `newframe = frame.copy()`
  df[f"volatility_gk_lag{lag}"] = df["volatility_gk"].shift(lag)
/home/ubuntu/btc-trading-bot/features.py:328: PerformanceWarning: DataFrame is highly fragmented.  This is usually the result of calling `frame.insert` many times, which has poor performance.  Consider joining all columns at once using pd.concat(axis=1) instead. To get a de-fragmented frame, use `newframe = frame.copy()`
  df[f"volatility_vts_lag{lag}"] = df["volatility_vts"].shift(lag)
/home/ubuntu/btc-trading-bot/features.py:334: PerformanceWarning: DataFrame is highly fragmented.  This is usually the result of calling `frame.insert` many times, which has poor performance.  Consider joining all columns at once using pd.concat(axis=1) instead. To get a de-fragmented frame, use `newframe = frame.copy()`
  df["vwap_deviation"] = (df["close"] - df["VWAP"]) / (df["VWAP"] + 1e-8)
/home/ubuntu/btc-trading-bot/features.py:338: PerformanceWarning: DataFrame is highly fragmented.  This is usually the result of calling `frame.insert` many times, which has poor performance.  Consider joining all columns at once using pd.concat(axis=1) instead. To get a de-fragmented frame, use `newframe = frame.copy()`
  df["roll_spread"] = 2.0 * np.sqrt(np.maximum(0.0, -autocov))
/home/ubuntu/btc-trading-bot/features.py:339: PerformanceWarning: DataFrame is highly fragmented.  This is usually the result of calling `frame.insert` many times, which has poor performance.  Consider joining all columns at once using pd.concat(axis=1) instead. To get a de-fragmented frame, use `newframe = frame.copy()`
  df["leverage_divergence"] = df["open_interest_pct_change"] - dp_ret
/home/ubuntu/btc-trading-bot/features.py:340: PerformanceWarning: DataFrame is highly fragmented.  This is usually the result of calling `frame.insert` many times, which has poor performance.  Consider joining all columns at once using pd.concat(axis=1) instead. To get a de-fragmented frame, use `newframe = frame.copy()`
  df["oi_velocity"] = df["open_interest_pct_change"].diff(1).fillna(0.0)
/home/ubuntu/btc-trading-bot/features.py:341: PerformanceWarning: DataFrame is highly fragmented.  This is usually the result of calling `frame.insert` many times, which has poor performance.  Consider joining all columns at once using pd.concat(axis=1) instead. To get a de-fragmented frame, use `newframe = frame.copy()`
  df["funding_acceleration"] = df["funding_rate_diff"].diff(1).fillna(0.0)
/home/ubuntu/btc-trading-bot/features.py:342: PerformanceWarning: DataFrame is highly fragmented.  This is usually the result of calling `frame.insert` many times, which has poor performance.  Consider joining all columns at once using pd.concat(axis=1) instead. To get a de-fragmented frame, use `newframe = frame.copy()`
  df["bid_ask_imbalance_ohlc"] = (df["close"] - df["low"]) / (high_low_range) - 0.5
/home/ubuntu/btc-trading-bot/features.py:346: PerformanceWarning: DataFrame is highly fragmented.  This is usually the result of calling `frame.insert` many times, which has poor performance.  Consider joining all columns at once using pd.concat(axis=1) instead. To get a de-fragmented frame, use `newframe = frame.copy()`
  df[f"vwap_deviation_lag{lag}"] = df["vwap_deviation"].shift(lag)
/home/ubuntu/btc-trading-bot/features.py:347: PerformanceWarning: DataFrame is highly fragmented.  This is usually the result of calling `frame.insert` many times, which has poor performance.  Consider joining all columns at once using pd.concat(axis=1) instead. To get a de-fragmented frame, use `newframe = frame.copy()`
  df[f"roll_spread_lag{lag}"] = df["roll_spread"].shift(lag)
/home/ubuntu/btc-trading-bot/features.py:348: PerformanceWarning: DataFrame is highly fragmented.  This is usually the result of calling `frame.insert` many times, which has poor performance.  Consider joining all columns at once using pd.concat(axis=1) instead. To get a de-fragmented frame, use `newframe = frame.copy()`
  df[f"leverage_divergence_lag{lag}"] = df["leverage_divergence"].shift(lag)
/home/ubuntu/btc-trading-bot/features.py:349: PerformanceWarning: DataFrame is highly fragmented.  This is usually the result of calling `frame.insert` many times, which has poor performance.  Consider joining all columns at once using pd.concat(axis=1) instead. To get a de-fragmented frame, use `newframe = frame.copy()`
  df[f"oi_velocity_lag{lag}"] = df["oi_velocity"].shift(lag)
/home/ubuntu/btc-trading-bot/features.py:350: PerformanceWarning: DataFrame is highly fragmented.  This is usually the result of calling `frame.insert` many times, which has poor performance.  Consider joining all columns at once using pd.concat(axis=1) instead. To get a de-fragmented frame, use `newframe = frame.copy()`
  df[f"funding_acceleration_lag{lag}"] = df["funding_acceleration"].shift(lag)
/home/ubuntu/btc-trading-bot/features.py:351: PerformanceWarning: DataFrame is highly fragmented.  This is usually the result of calling `frame.insert` many times, which has poor performance.  Consider joining all columns at once using pd.concat(axis=1) instead. To get a de-fragmented frame, use `newframe = frame.copy()`
  df[f"bid_ask_imbalance_ohlc_lag{lag}"] = df["bid_ask_imbalance_ohlc"].shift(lag)
/home/ubuntu/btc-trading-bot/features.py:353: PerformanceWarning: DataFrame is highly fragmented.  This is usually the result of calling `frame.insert` many times, which has poor performance.  Consider joining all columns at once using pd.concat(axis=1) instead. To get a de-fragmented frame, use `newframe = frame.copy()`
  df[f"CVD_true_lag{lag}"] = df["CVD_true"].shift(lag)
/home/ubuntu/btc-trading-bot/features.py:355: PerformanceWarning: DataFrame is highly fragmented.  This is usually the result of calling `frame.insert` many times, which has poor performance.  Consider joining all columns at once using pd.concat(axis=1) instead. To get a de-fragmented frame, use `newframe = frame.copy()`
  df[f"OFI_true_lag{lag}"] = df["OFI_true"].shift(lag)
/home/ubuntu/btc-trading-bot/features.py:357: PerformanceWarning: DataFrame is highly fragmented.  This is usually the result of calling `frame.insert` many times, which has poor performance.  Consider joining all columns at once using pd.concat(axis=1) instead. To get a de-fragmented frame, use `newframe = frame.copy()`
  df[f"ob_imbalance_L2_lag{lag}"] = df["ob_imbalance_L2"].shift(lag)
/home/ubuntu/btc-trading-bot/features.py:359: PerformanceWarning: DataFrame is highly fragmented.  This is usually the result of calling `frame.insert` many times, which has poor performance.  Consider joining all columns at once using pd.concat(axis=1) instead. To get a de-fragmented frame, use `newframe = frame.copy()`
  df[f"ob_spread_L2_lag{lag}"] = df["ob_spread_L2"].shift(lag)
/home/ubuntu/btc-trading-bot/features.py:361: PerformanceWarning: DataFrame is highly fragmented.  This is usually the result of calling `frame.insert` many times, which has poor performance.  Consider joining all columns at once using pd.concat(axis=1) instead. To get a de-fragmented frame, use `newframe = frame.copy()`
  df[f"liq_long_1h_lag{lag}"] = df["liq_long_1h"].shift(lag)
/home/ubuntu/btc-trading-bot/features.py:363: PerformanceWarning: DataFrame is highly fragmented.  This is usually the result of calling `frame.insert` many times, which has poor performance.  Consider joining all columns at once using pd.concat(axis=1) instead. To get a de-fragmented frame, use `newframe = frame.copy()`
  df[f"liq_short_1h_lag{lag}"] = df["liq_short_1h"].shift(lag)
/home/ubuntu/btc-trading-bot/features.py:346: PerformanceWarning: DataFrame is highly fragmented.  This is usually the result of calling `frame.insert` many times, which has poor performance.  Consider joining all columns at once using pd.concat(axis=1) instead. To get a de-fragmented frame, use `newframe = frame.copy()`
  df[f"vwap_deviation_lag{lag}"] = df["vwap_deviation"].shift(lag)
/home/ubuntu/btc-trading-bot/features.py:347: PerformanceWarning: DataFrame is highly fragmented.  This is usually the result of calling `frame.insert` many times, which has poor performance.  Consider joining all columns at once using pd.concat(axis=1) instead. To get a de-fragmented frame, use `newframe = frame.copy()`
  df[f"roll_spread_lag{lag}"] = df["roll_spread"].shift(lag)
/home/ubuntu/btc-trading-bot/features.py:348: PerformanceWarning: DataFrame is highly fragmented.  This is usually the result of calling `frame.insert` many times, which has poor performance.  Consider joining all columns at once using pd.concat(axis=1) instead. To get a de-fragmented frame, use `newframe = frame.copy()`
  df[f"leverage_divergence_lag{lag}"] = df["leverage_divergence"].shift(lag)
/home/ubuntu/btc-trading-bot/features.py:349: PerformanceWarning: DataFrame is highly fragmented.  This is usually the result of calling `frame.insert` many times, which has poor performance.  Consider joining all columns at once using pd.concat(axis=1) instead. To get a de-fragmented frame, use `newframe = frame.copy()`
  df[f"oi_velocity_lag{lag}"] = df["oi_velocity"].shift(lag)
/home/ubuntu/btc-trading-bot/features.py:350: PerformanceWarning: DataFrame is highly fragmented.  This is usually the result of calling `frame.insert` many times, which has poor performance.  Consider joining all columns at once using pd.concat(axis=1) instead. To get a de-fragmented frame, use `newframe = frame.copy()`
  df[f"funding_acceleration_lag{lag}"] = df["funding_acceleration"].shift(lag)
/home/ubuntu/btc-trading-bot/features.py:351: PerformanceWarning: DataFrame is highly fragmented.  This is usually the result of calling `frame.insert` many times, which has poor performance.  Consider joining all columns at once using pd.concat(axis=1) instead. To get a de-fragmented frame, use `newframe = frame.copy()`
  df[f"bid_ask_imbalance_ohlc_lag{lag}"] = df["bid_ask_imbalance_ohlc"].shift(lag)
/home/ubuntu/btc-trading-bot/features.py:353: PerformanceWarning: DataFrame is highly fragmented.  This is usually the result of calling `frame.insert` many times, which has poor performance.  Consider joining all columns at once using pd.concat(axis=1) instead. To get a de-fragmented frame, use `newframe = frame.copy()`
  df[f"CVD_true_lag{lag}"] = df["CVD_true"].shift(lag)
/home/ubuntu/btc-trading-bot/features.py:355: PerformanceWarning: DataFrame is highly fragmented.  This is usually the result of calling `frame.insert` many times, which has poor performance.  Consider joining all columns at once using pd.concat(axis=1) instead. To get a de-fragmented frame, use `newframe = frame.copy()`
  df[f"OFI_true_lag{lag}"] = df["OFI_true"].shift(lag)
/home/ubuntu/btc-trading-bot/features.py:357: PerformanceWarning: DataFrame is highly fragmented.  This is usually the result of calling `frame.insert` many times, which has poor performance.  Consider joining all columns at once using pd.concat(axis=1) instead. To get a de-fragmented frame, use `newframe = frame.copy()`
  df[f"ob_imbalance_L2_lag{lag}"] = df["ob_imbalance_L2"].shift(lag)
/home/ubuntu/btc-trading-bot/features.py:359: PerformanceWarning: DataFrame is highly fragmented.  This is usually the result of calling `frame.insert` many times, which has poor performance.  Consider joining all columns at once using pd.concat(axis=1) instead. To get a de-fragmented frame, use `newframe = frame.copy()`
  df[f"ob_spread_L2_lag{lag}"] = df["ob_spread_L2"].shift(lag)
/home/ubuntu/btc-trading-bot/features.py:361: PerformanceWarning: DataFrame is highly fragmented.  This is usually the result of calling `frame.insert` many times, which has poor performance.  Consider joining all columns at once using pd.concat(axis=1) instead. To get a de-fragmented frame, use `newframe = frame.copy()`
  df[f"liq_long_1h_lag{lag}"] = df["liq_long_1h"].shift(lag)
/home/ubuntu/btc-trading-bot/features.py:363: PerformanceWarning: DataFrame is highly fragmented.  This is usually the result of calling `frame.insert` many times, which has poor performance.  Consider joining all columns at once using pd.concat(axis=1) instead. To get a de-fragmented frame, use `newframe = frame.copy()`
  df[f"liq_short_1h_lag{lag}"] = df["liq_short_1h"].shift(lag)
/home/ubuntu/btc-trading-bot/features.py:304: PerformanceWarning: DataFrame is highly fragmented.  This is usually the result of calling `frame.insert` many times, which has poor performance.  Consider joining all columns at once using pd.concat(axis=1) instead. To get a de-fragmented frame, use `newframe = frame.copy()`
  df[f"btc_close_lag{lag}"] = df["btc_close"].shift(lag).ffill().bfill().fillna(0.0)
/home/ubuntu/btc-trading-bot/features.py:305: PerformanceWarning: DataFrame is highly fragmented.  This is usually the result of calling `frame.insert` many times, which has poor performance.  Consider joining all columns at once using pd.concat(axis=1) instead. To get a de-fragmented frame, use `newframe = frame.copy()`
  df[f"btc_volume_lag{lag}"] = df["btc_volume"].shift(lag).ffill().bfill().fillna(0.0)
/home/ubuntu/btc-trading-bot/features.py:306: PerformanceWarning: DataFrame is highly fragmented.  This is usually the result of calling `frame.insert` many times, which has poor performance.  Consider joining all columns at once using pd.concat(axis=1) instead. To get a de-fragmented frame, use `newframe = frame.copy()`
  df[f"btc_rsi_lag{lag}"] = df["btc_rsi"].shift(lag).ffill().bfill().fillna(50.0)
/home/ubuntu/btc-trading-bot/features.py:294: PerformanceWarning: DataFrame is highly fragmented.  This is usually the result of calling `frame.insert` many times, which has poor performance.  Consider joining all columns at once using pd.concat(axis=1) instead. To get a de-fragmented frame, use `newframe = frame.copy()`
  df[f"open_interest_pct_change_lag{lag}"] = df["open_interest_pct_change"].shift(lag)
/home/ubuntu/btc-trading-bot/features.py:295: PerformanceWarning: DataFrame is highly fragmented.  This is usually the result of calling `frame.insert` many times, which has poor performance.  Consider joining all columns at once using pd.concat(axis=1) instead. To get a de-fragmented frame, use `newframe = frame.copy()`
  df[f"funding_rate_diff_lag{lag}"] = df["funding_rate_diff"].shift(lag)
/home/ubuntu/btc-trading-bot/features.py:296: PerformanceWarning: DataFrame is highly fragmented.  This is usually the result of calling `frame.insert` many times, which has poor performance.  Consider joining all columns at once using pd.concat(axis=1) instead. To get a de-fragmented frame, use `newframe = frame.copy()`
  df[f"CVD_rolling_1h_lag{lag}"] = df["CVD_rolling_1h"].shift(lag)
/home/ubuntu/btc-trading-bot/features.py:297: PerformanceWarning: DataFrame is highly fragmented.  This is usually the result of calling `frame.insert` many times, which has poor performance.  Consider joining all columns at once using pd.concat(axis=1) instead. To get a de-fragmented frame, use `newframe = frame.copy()`
  df[f"CVD_rolling_4h_lag{lag}"] = df["CVD_rolling_4h"].shift(lag)
/home/ubuntu/btc-trading-bot/features.py:298: PerformanceWarning: DataFrame is highly fragmented.  This is usually the result of calling `frame.insert` many times, which has poor performance.  Consider joining all columns at once using pd.concat(axis=1) instead. To get a de-fragmented frame, use `newframe = frame.copy()`
  df[f"upper_wick_volume_ratio_lag{lag}"] = df["upper_wick_volume_ratio"].shift(lag)
/home/ubuntu/btc-trading-bot/features.py:299: PerformanceWarning: DataFrame is highly fragmented.  This is usually the result of calling `frame.insert` many times, which has poor performance.  Consider joining all columns at once using pd.concat(axis=1) instead. To get a de-fragmented frame, use `newframe = frame.copy()`
  df[f"lower_wick_volume_ratio_lag{lag}"] = df["lower_wick_volume_ratio"].shift(lag)
/home/ubuntu/btc-trading-bot/features.py:302: PerformanceWarning: DataFrame is highly fragmented.  This is usually the result of calling `frame.insert` many times, which has poor performance.  Consider joining all columns at once using pd.concat(axis=1) instead. To get a de-fragmented frame, use `newframe = frame.copy()`
  df[f"oi_change_1h_lag{lag}"] = df["oi_change_1h"].shift(lag).fillna(0.0)
/home/ubuntu/btc-trading-bot/features.py:303: PerformanceWarning: DataFrame is highly fragmented.  This is usually the result of calling `frame.insert` many times, which has poor performance.  Consider joining all columns at once using pd.concat(axis=1) instead. To get a de-fragmented frame, use `newframe = frame.copy()`
  df[f"oi_change_4h_lag{lag}"] = df["oi_change_4h"].shift(lag).fillna(0.0)
/home/ubuntu/btc-trading-bot/features.py:304: PerformanceWarning: DataFrame is highly fragmented.  This is usually the result of calling `frame.insert` many times, which has poor performance.  Consider joining all columns at once using pd.concat(axis=1) instead. To get a de-fragmented frame, use `newframe = frame.copy()`
  df[f"btc_close_lag{lag}"] = df["btc_close"].shift(lag).ffill().bfill().fillna(0.0)
/home/ubuntu/btc-trading-bot/features.py:305: PerformanceWarning: DataFrame is highly fragmented.  This is usually the result of calling `frame.insert` many times, which has poor performance.  Consider joining all columns at once using pd.concat(axis=1) instead. To get a de-fragmented frame, use `newframe = frame.copy()`
  df[f"btc_volume_lag{lag}"] = df["btc_volume"].shift(lag).ffill().bfill().fillna(0.0)
/home/ubuntu/btc-trading-bot/features.py:306: PerformanceWarning: DataFrame is highly fragmented.  This is usually the result of calling `frame.insert` many times, which has poor performance.  Consider joining all columns at once using pd.concat(axis=1) instead. To get a de-fragmented frame, use `newframe = frame.copy()`
  df[f"btc_rsi_lag{lag}"] = df["btc_rsi"].shift(lag).ffill().bfill().fillna(50.0)
/home/ubuntu/btc-trading-bot/features.py:310: PerformanceWarning: DataFrame is highly fragmented.  This is usually the result of calling `frame.insert` many times, which has poor performance.  Consider joining all columns at once using pd.concat(axis=1) instead. To get a de-fragmented frame, use `newframe = frame.copy()`
  df["hour_sin"] = np.sin(2 * np.pi * datetime_series.dt.hour / 24.0)
/home/ubuntu/btc-trading-bot/features.py:311: PerformanceWarning: DataFrame is highly fragmented.  This is usually the result of calling `frame.insert` many times, which has poor performance.  Consider joining all columns at once using pd.concat(axis=1) instead. To get a de-fragmented frame, use `newframe = frame.copy()`
  df["hour_cos"] = np.cos(2 * np.pi * datetime_series.dt.hour / 24.0)
/home/ubuntu/btc-trading-bot/features.py:312: PerformanceWarning: DataFrame is highly fragmented.  This is usually the result of calling `frame.insert` many times, which has poor performance.  Consider joining all columns at once using pd.concat(axis=1) instead. To get a de-fragmented frame, use `newframe = frame.copy()`
  df["day_of_week_sin"] = np.sin(2 * np.pi * datetime_series.dt.dayofweek / 7.0)
/home/ubuntu/btc-trading-bot/features.py:313: PerformanceWarning: DataFrame is highly fragmented.  This is usually the result of calling `frame.insert` many times, which has poor performance.  Consider joining all columns at once using pd.concat(axis=1) instead. To get a de-fragmented frame, use `newframe = frame.copy()`
  df["day_of_week_cos"] = np.cos(2 * np.pi * datetime_series.dt.dayofweek / 7.0)
/home/ubuntu/btc-trading-bot/features.py:316: PerformanceWarning: DataFrame is highly fragmented.  This is usually the result of calling `frame.insert` many times, which has poor performance.  Consider joining all columns at once using pd.concat(axis=1) instead. To get a de-fragmented frame, use `newframe = frame.copy()`
  df["close_to_Kalman"] = calculate_kalman_feature(df["close"].values, df["ATR_norm"].values)
/home/ubuntu/btc-trading-bot/features.py:318: PerformanceWarning: DataFrame is highly fragmented.  This is usually the result of calling `frame.insert` many times, which has poor performance.  Consider joining all columns at once using pd.concat(axis=1) instead. To get a de-fragmented frame, use `newframe = frame.copy()`
  df[f"close_to_Kalman_lag{lag}"] = df["close_to_Kalman"].shift(lag)
/home/ubuntu/btc-trading-bot/features.py:318: PerformanceWarning: DataFrame is highly fragmented.  This is usually the result of calling `frame.insert` many times, which has poor performance.  Consider joining all columns at once using pd.concat(axis=1) instead. To get a de-fragmented frame, use `newframe = frame.copy()`
  df[f"close_to_Kalman_lag{lag}"] = df["close_to_Kalman"].shift(lag)
/home/ubuntu/btc-trading-bot/features.py:321: PerformanceWarning: DataFrame is highly fragmented.  This is usually the result of calling `frame.insert` many times, which has poor performance.  Consider joining all columns at once using pd.concat(axis=1) instead. To get a de-fragmented frame, use `newframe = frame.copy()`
  df["volatility_gk"] = calculate_garman_klass_vol(df, window=14)
/home/ubuntu/btc-trading-bot/features.py:325: PerformanceWarning: DataFrame is highly fragmented.  This is usually the result of calling `frame.insert` many times, which has poor performance.  Consider joining all columns at once using pd.concat(axis=1) instead. To get a de-fragmented frame, use `newframe = frame.copy()`
  df["volatility_vts"] = gk_5 / (gk_60 + 1e-8)
/home/ubuntu/btc-trading-bot/features.py:327: PerformanceWarning: DataFrame is highly fragmented.  This is usually the result of calling `frame.insert` many times, which has poor performance.  Consider joining all columns at once using pd.concat(axis=1) instead. To get a de-fragmented frame, use `newframe = frame.copy()`
  df[f"volatility_gk_lag{lag}"] = df["volatility_gk"].shift(lag)
/home/ubuntu/btc-trading-bot/features.py:328: PerformanceWarning: DataFrame is highly fragmented.  This is usually the result of calling `frame.insert` many times, which has poor performance.  Consider joining all columns at once using pd.concat(axis=1) instead. To get a de-fragmented frame, use `newframe = frame.copy()`
  df[f"volatility_vts_lag{lag}"] = df["volatility_vts"].shift(lag)
/home/ubuntu/btc-trading-bot/features.py:327: PerformanceWarning: DataFrame is highly fragmented.  This is usually the result of calling `frame.insert` many times, which has poor performance.  Consider joining all columns at once using pd.concat(axis=1) instead. To get a de-fragmented frame, use `newframe = frame.copy()`
  df[f"volatility_gk_lag{lag}"] = df["volatility_gk"].shift(lag)
/home/ubuntu/btc-trading-bot/features.py:328: PerformanceWarning: DataFrame is highly fragmented.  This is usually the result of calling `frame.insert` many times, which has poor performance.  Consider joining all columns at once using pd.concat(axis=1) instead. To get a de-fragmented frame, use `newframe = frame.copy()`
  df[f"volatility_vts_lag{lag}"] = df["volatility_vts"].shift(lag)
/home/ubuntu/btc-trading-bot/features.py:334: PerformanceWarning: DataFrame is highly fragmented.  This is usually the result of calling `frame.insert` many times, which has poor performance.  Consider joining all columns at once using pd.concat(axis=1) instead. To get a de-fragmented frame, use `newframe = frame.copy()`
  df["vwap_deviation"] = (df["close"] - df["VWAP"]) / (df["VWAP"] + 1e-8)
/home/ubuntu/btc-trading-bot/features.py:338: PerformanceWarning: DataFrame is highly fragmented.  This is usually the result of calling `frame.insert` many times, which has poor performance.  Consider joining all columns at once using pd.concat(axis=1) instead. To get a de-fragmented frame, use `newframe = frame.copy()`
  df["roll_spread"] = 2.0 * np.sqrt(np.maximum(0.0, -autocov))
/home/ubuntu/btc-trading-bot/features.py:339: PerformanceWarning: DataFrame is highly fragmented.  This is usually the result of calling `frame.insert` many times, which has poor performance.  Consider joining all columns at once using pd.concat(axis=1) instead. To get a de-fragmented frame, use `newframe = frame.copy()`
  df["leverage_divergence"] = df["open_interest_pct_change"] - dp_ret
/home/ubuntu/btc-trading-bot/features.py:340: PerformanceWarning: DataFrame is highly fragmented.  This is usually the result of calling `frame.insert` many times, which has poor performance.  Consider joining all columns at once using pd.concat(axis=1) instead. To get a de-fragmented frame, use `newframe = frame.copy()`
  df["oi_velocity"] = df["open_interest_pct_change"].diff(1).fillna(0.0)
/home/ubuntu/btc-trading-bot/features.py:341: PerformanceWarning: DataFrame is highly fragmented.  This is usually the result of calling `frame.insert` many times, which has poor performance.  Consider joining all columns at once using pd.concat(axis=1) instead. To get a de-fragmented frame, use `newframe = frame.copy()`
  df["funding_acceleration"] = df["funding_rate_diff"].diff(1).fillna(0.0)
/home/ubuntu/btc-trading-bot/features.py:342: PerformanceWarning: DataFrame is highly fragmented.  This is usually the result of calling `frame.insert` many times, which has poor performance.  Consider joining all columns at once using pd.concat(axis=1) instead. To get a de-fragmented frame, use `newframe = frame.copy()`
  df["bid_ask_imbalance_ohlc"] = (df["close"] - df["low"]) / (high_low_range) - 0.5
/home/ubuntu/btc-trading-bot/features.py:346: PerformanceWarning: DataFrame is highly fragmented.  This is usually the result of calling `frame.insert` many times, which has poor performance.  Consider joining all columns at once using pd.concat(axis=1) instead. To get a de-fragmented frame, use `newframe = frame.copy()`
  df[f"vwap_deviation_lag{lag}"] = df["vwap_deviation"].shift(lag)
/home/ubuntu/btc-trading-bot/features.py:347: PerformanceWarning: DataFrame is highly fragmented.  This is usually the result of calling `frame.insert` many times, which has poor performance.  Consider joining all columns at once using pd.concat(axis=1) instead. To get a de-fragmented frame, use `newframe = frame.copy()`
  df[f"roll_spread_lag{lag}"] = df["roll_spread"].shift(lag)
/home/ubuntu/btc-trading-bot/features.py:348: PerformanceWarning: DataFrame is highly fragmented.  This is usually the result of calling `frame.insert` many times, which has poor performance.  Consider joining all columns at once using pd.concat(axis=1) instead. To get a de-fragmented frame, use `newframe = frame.copy()`
  df[f"leverage_divergence_lag{lag}"] = df["leverage_divergence"].shift(lag)
/home/ubuntu/btc-trading-bot/features.py:349: PerformanceWarning: DataFrame is highly fragmented.  This is usually the result of calling `frame.insert` many times, which has poor performance.  Consider joining all columns at once using pd.concat(axis=1) instead. To get a de-fragmented frame, use `newframe = frame.copy()`
  df[f"oi_velocity_lag{lag}"] = df["oi_velocity"].shift(lag)
/home/ubuntu/btc-trading-bot/features.py:350: PerformanceWarning: DataFrame is highly fragmented.  This is usually the result of calling `frame.insert` many times, which has poor performance.  Consider joining all columns at once using pd.concat(axis=1) instead. To get a de-fragmented frame, use `newframe = frame.copy()`
  df[f"funding_acceleration_lag{lag}"] = df["funding_acceleration"].shift(lag)
/home/ubuntu/btc-trading-bot/features.py:351: PerformanceWarning: DataFrame is highly fragmented.  This is usually the result of calling `frame.insert` many times, which has poor performance.  Consider joining all columns at once using pd.concat(axis=1) instead. To get a de-fragmented frame, use `newframe = frame.copy()`
  df[f"bid_ask_imbalance_ohlc_lag{lag}"] = df["bid_ask_imbalance_ohlc"].shift(lag)
/home/ubuntu/btc-trading-bot/features.py:353: PerformanceWarning: DataFrame is highly fragmented.  This is usually the result of calling `frame.insert` many times, which has poor performance.  Consider joining all columns at once using pd.concat(axis=1) instead. To get a de-fragmented frame, use `newframe = frame.copy()`
  df[f"CVD_true_lag{lag}"] = df["CVD_true"].shift(lag)
/home/ubuntu/btc-trading-bot/features.py:355: PerformanceWarning: DataFrame is highly fragmented.  This is usually the result of calling `frame.insert` many times, which has poor performance.  Consider joining all columns at once using pd.concat(axis=1) instead. To get a de-fragmented frame, use `newframe = frame.copy()`
  df[f"OFI_true_lag{lag}"] = df["OFI_true"].shift(lag)
/home/ubuntu/btc-trading-bot/features.py:357: PerformanceWarning: DataFrame is highly fragmented.  This is usually the result of calling `frame.insert` many times, which has poor performance.  Consider joining all columns at once using pd.concat(axis=1) instead. To get a de-fragmented frame, use `newframe = frame.copy()`
  df[f"ob_imbalance_L2_lag{lag}"] = df["ob_imbalance_L2"].shift(lag)
/home/ubuntu/btc-trading-bot/features.py:359: PerformanceWarning: DataFrame is highly fragmented.  This is usually the result of calling `frame.insert` many times, which has poor performance.  Consider joining all columns at once using pd.concat(axis=1) instead. To get a de-fragmented frame, use `newframe = frame.copy()`
  df[f"ob_spread_L2_lag{lag}"] = df["ob_spread_L2"].shift(lag)
/home/ubuntu/btc-trading-bot/features.py:361: PerformanceWarning: DataFrame is highly fragmented.  This is usually the result of calling `frame.insert` many times, which has poor performance.  Consider joining all columns at once using pd.concat(axis=1) instead. To get a de-fragmented frame, use `newframe = frame.copy()`
  df[f"liq_long_1h_lag{lag}"] = df["liq_long_1h"].shift(lag)
/home/ubuntu/btc-trading-bot/features.py:363: PerformanceWarning: DataFrame is highly fragmented.  This is usually the result of calling `frame.insert` many times, which has poor performance.  Consider joining all columns at once using pd.concat(axis=1) instead. To get a de-fragmented frame, use `newframe = frame.copy()`
  df[f"liq_short_1h_lag{lag}"] = df["liq_short_1h"].shift(lag)
/home/ubuntu/btc-trading-bot/features.py:346: PerformanceWarning: DataFrame is highly fragmented.  This is usually the result of calling `frame.insert` many times, which has poor performance.  Consider joining all columns at once using pd.concat(axis=1) instead. To get a de-fragmented frame, use `newframe = frame.copy()`
  df[f"vwap_deviation_lag{lag}"] = df["vwap_deviation"].shift(lag)
/home/ubuntu/btc-trading-bot/features.py:347: PerformanceWarning: DataFrame is highly fragmented.  This is usually the result of calling `frame.insert` many times, which has poor performance.  Consider joining all columns at once using pd.concat(axis=1) instead. To get a de-fragmented frame, use `newframe = frame.copy()`
  df[f"roll_spread_lag{lag}"] = df["roll_spread"].shift(lag)
/home/ubuntu/btc-trading-bot/features.py:348: PerformanceWarning: DataFrame is highly fragmented.  This is usually the result of calling `frame.insert` many times, which has poor performance.  Consider joining all columns at once using pd.concat(axis=1) instead. To get a de-fragmented frame, use `newframe = frame.copy()`
  df[f"leverage_divergence_lag{lag}"] = df["leverage_divergence"].shift(lag)
/home/ubuntu/btc-trading-bot/features.py:349: PerformanceWarning: DataFrame is highly fragmented.  This is usually the result of calling `frame.insert` many times, which has poor performance.  Consider joining all columns at once using pd.concat(axis=1) instead. To get a de-fragmented frame, use `newframe = frame.copy()`
  df[f"oi_velocity_lag{lag}"] = df["oi_velocity"].shift(lag)
/home/ubuntu/btc-trading-bot/features.py:350: PerformanceWarning: DataFrame is highly fragmented.  This is usually the result of calling `frame.insert` many times, which has poor performance.  Consider joining all columns at once using pd.concat(axis=1) instead. To get a de-fragmented frame, use `newframe = frame.copy()`
  df[f"funding_acceleration_lag{lag}"] = df["funding_acceleration"].shift(lag)
/home/ubuntu/btc-trading-bot/features.py:351: PerformanceWarning: DataFrame is highly fragmented.  This is usually the result of calling `frame.insert` many times, which has poor performance.  Consider joining all columns at once using pd.concat(axis=1) instead. To get a de-fragmented frame, use `newframe = frame.copy()`
  df[f"bid_ask_imbalance_ohlc_lag{lag}"] = df["bid_ask_imbalance_ohlc"].shift(lag)
/home/ubuntu/btc-trading-bot/features.py:353: PerformanceWarning: DataFrame is highly fragmented.  This is usually the result of calling `frame.insert` many times, which has poor performance.  Consider joining all columns at once using pd.concat(axis=1) instead. To get a de-fragmented frame, use `newframe = frame.copy()`
  df[f"CVD_true_lag{lag}"] = df["CVD_true"].shift(lag)
/home/ubuntu/btc-trading-bot/features.py:355: PerformanceWarning: DataFrame is highly fragmented.  This is usually the result of calling `frame.insert` many times, which has poor performance.  Consider joining all columns at once using pd.concat(axis=1) instead. To get a de-fragmented frame, use `newframe = frame.copy()`
  df[f"OFI_true_lag{lag}"] = df["OFI_true"].shift(lag)
/home/ubuntu/btc-trading-bot/features.py:357: PerformanceWarning: DataFrame is highly fragmented.  This is usually the result of calling `frame.insert` many times, which has poor performance.  Consider joining all columns at once using pd.concat(axis=1) instead. To get a de-fragmented frame, use `newframe = frame.copy()`
  df[f"ob_imbalance_L2_lag{lag}"] = df["ob_imbalance_L2"].shift(lag)
/home/ubuntu/btc-trading-bot/features.py:359: PerformanceWarning: DataFrame is highly fragmented.  This is usually the result of calling `frame.insert` many times, which has poor performance.  Consider joining all columns at once using pd.concat(axis=1) instead. To get a de-fragmented frame, use `newframe = frame.copy()`
  df[f"ob_spread_L2_lag{lag}"] = df["ob_spread_L2"].shift(lag)
/home/ubuntu/btc-trading-bot/features.py:361: PerformanceWarning: DataFrame is highly fragmented.  This is usually the result of calling `frame.insert` many times, which has poor performance.  Consider joining all columns at once using pd.concat(axis=1) instead. To get a de-fragmented frame, use `newframe = frame.copy()`
  df[f"liq_long_1h_lag{lag}"] = df["liq_long_1h"].shift(lag)
/home/ubuntu/btc-trading-bot/features.py:363: PerformanceWarning: DataFrame is highly fragmented.  This is usually the result of calling `frame.insert` many times, which has poor performance.  Consider joining all columns at once using pd.concat(axis=1) instead. To get a de-fragmented frame, use `newframe = frame.copy()`
  df[f"liq_short_1h_lag{lag}"] = df["liq_short_1h"].shift(lag)
/home/ubuntu/btc-trading-bot/features.py:304: PerformanceWarning: DataFrame is highly fragmented.  This is usually the result of calling `frame.insert` many times, which has poor performance.  Consider joining all columns at once using pd.concat(axis=1) instead. To get a de-fragmented frame, use `newframe = frame.copy()`
  df[f"btc_close_lag{lag}"] = df["btc_close"].shift(lag).ffill().bfill().fillna(0.0)
/home/ubuntu/btc-trading-bot/features.py:305: PerformanceWarning: DataFrame is highly fragmented.  This is usually the result of calling `frame.insert` many times, which has poor performance.  Consider joining all columns at once using pd.concat(axis=1) instead. To get a de-fragmented frame, use `newframe = frame.copy()`
  df[f"btc_volume_lag{lag}"] = df["btc_volume"].shift(lag).ffill().bfill().fillna(0.0)
/home/ubuntu/btc-trading-bot/features.py:306: PerformanceWarning: DataFrame is highly fragmented.  This is usually the result of calling `frame.insert` many times, which has poor performance.  Consider joining all columns at once using pd.concat(axis=1) instead. To get a de-fragmented frame, use `newframe = frame.copy()`
  df[f"btc_rsi_lag{lag}"] = df["btc_rsi"].shift(lag).ffill().bfill().fillna(50.0)
/home/ubuntu/btc-trading-bot/features.py:294: PerformanceWarning: DataFrame is highly fragmented.  This is usually the result of calling `frame.insert` many times, which has poor performance.  Consider joining all columns at once using pd.concat(axis=1) instead. To get a de-fragmented frame, use `newframe = frame.copy()`
  df[f"open_interest_pct_change_lag{lag}"] = df["open_interest_pct_change"].shift(lag)
/home/ubuntu/btc-trading-bot/features.py:295: PerformanceWarning: DataFrame is highly fragmented.  This is usually the result of calling `frame.insert` many times, which has poor performance.  Consider joining all columns at once using pd.concat(axis=1) instead. To get a de-fragmented frame, use `newframe = frame.copy()`
  df[f"funding_rate_diff_lag{lag}"] = df["funding_rate_diff"].shift(lag)
/home/ubuntu/btc-trading-bot/features.py:296: PerformanceWarning: DataFrame is highly fragmented.  This is usually the result of calling `frame.insert` many times, which has poor performance.  Consider joining all columns at once using pd.concat(axis=1) instead. To get a de-fragmented frame, use `newframe = frame.copy()`
  df[f"CVD_rolling_1h_lag{lag}"] = df["CVD_rolling_1h"].shift(lag)
/home/ubuntu/btc-trading-bot/features.py:297: PerformanceWarning: DataFrame is highly fragmented.  This is usually the result of calling `frame.insert` many times, which has poor performance.  Consider joining all columns at once using pd.concat(axis=1) instead. To get a de-fragmented frame, use `newframe = frame.copy()`
  df[f"CVD_rolling_4h_lag{lag}"] = df["CVD_rolling_4h"].shift(lag)
/home/ubuntu/btc-trading-bot/features.py:298: PerformanceWarning: DataFrame is highly fragmented.  This is usually the result of calling `frame.insert` many times, which has poor performance.  Consider joining all columns at once using pd.concat(axis=1) instead. To get a de-fragmented frame, use `newframe = frame.copy()`
  df[f"upper_wick_volume_ratio_lag{lag}"] = df["upper_wick_volume_ratio"].shift(lag)
/home/ubuntu/btc-trading-bot/features.py:299: PerformanceWarning: DataFrame is highly fragmented.  This is usually the result of calling `frame.insert` many times, which has poor performance.  Consider joining all columns at once using pd.concat(axis=1) instead. To get a de-fragmented frame, use `newframe = frame.copy()`
  df[f"lower_wick_volume_ratio_lag{lag}"] = df["lower_wick_volume_ratio"].shift(lag)
/home/ubuntu/btc-trading-bot/features.py:302: PerformanceWarning: DataFrame is highly fragmented.  This is usually the result of calling `frame.insert` many times, which has poor performance.  Consider joining all columns at once using pd.concat(axis=1) instead. To get a de-fragmented frame, use `newframe = frame.copy()`
  df[f"oi_change_1h_lag{lag}"] = df["oi_change_1h"].shift(lag).fillna(0.0)
/home/ubuntu/btc-trading-bot/features.py:303: PerformanceWarning: DataFrame is highly fragmented.  This is usually the result of calling `frame.insert` many times, which has poor performance.  Consider joining all columns at once using pd.concat(axis=1) instead. To get a de-fragmented frame, use `newframe = frame.copy()`
  df[f"oi_change_4h_lag{lag}"] = df["oi_change_4h"].shift(lag).fillna(0.0)
/home/ubuntu/btc-trading-bot/features.py:304: PerformanceWarning: DataFrame is highly fragmented.  This is usually the result of calling `frame.insert` many times, which has poor performance.  Consider joining all columns at once using pd.concat(axis=1) instead. To get a de-fragmented frame, use `newframe = frame.copy()`
  df[f"btc_close_lag{lag}"] = df["btc_close"].shift(lag).ffill().bfill().fillna(0.0)
/home/ubuntu/btc-trading-bot/features.py:305: PerformanceWarning: DataFrame is highly fragmented.  This is usually the result of calling `frame.insert` many times, which has poor performance.  Consider joining all columns at once using pd.concat(axis=1) instead. To get a de-fragmented frame, use `newframe = frame.copy()`
  df[f"btc_volume_lag{lag}"] = df["btc_volume"].shift(lag).ffill().bfill().fillna(0.0)
/home/ubuntu/btc-trading-bot/features.py:306: PerformanceWarning: DataFrame is highly fragmented.  This is usually the result of calling `frame.insert` many times, which has poor performance.  Consider joining all columns at once using pd.concat(axis=1) instead. To get a de-fragmented frame, use `newframe = frame.copy()`
  df[f"btc_rsi_lag{lag}"] = df["btc_rsi"].shift(lag).ffill().bfill().fillna(50.0)
/home/ubuntu/btc-trading-bot/features.py:310: PerformanceWarning: DataFrame is highly fragmented.  This is usually the result of calling `frame.insert` many times, which has poor performance.  Consider joining all columns at once using pd.concat(axis=1) instead. To get a de-fragmented frame, use `newframe = frame.copy()`
  df["hour_sin"] = np.sin(2 * np.pi * datetime_series.dt.hour / 24.0)
/home/ubuntu/btc-trading-bot/features.py:311: PerformanceWarning: DataFrame is highly fragmented.  This is usually the result of calling `frame.insert` many times, which has poor performance.  Consider joining all columns at once using pd.concat(axis=1) instead. To get a de-fragmented frame, use `newframe = frame.copy()`
  df["hour_cos"] = np.cos(2 * np.pi * datetime_series.dt.hour / 24.0)
/home/ubuntu/btc-trading-bot/features.py:312: PerformanceWarning: DataFrame is highly fragmented.  This is usually the result of calling `frame.insert` many times, which has poor performance.  Consider joining all columns at once using pd.concat(axis=1) instead. To get a de-fragmented frame, use `newframe = frame.copy()`
  df["day_of_week_sin"] = np.sin(2 * np.pi * datetime_series.dt.dayofweek / 7.0)
/home/ubuntu/btc-trading-bot/features.py:313: PerformanceWarning: DataFrame is highly fragmented.  This is usually the result of calling `frame.insert` many times, which has poor performance.  Consider joining all columns at once using pd.concat(axis=1) instead. To get a de-fragmented frame, use `newframe = frame.copy()`
  df["day_of_week_cos"] = np.cos(2 * np.pi * datetime_series.dt.dayofweek / 7.0)
/home/ubuntu/btc-trading-bot/features.py:316: PerformanceWarning: DataFrame is highly fragmented.  This is usually the result of calling `frame.insert` many times, which has poor performance.  Consider joining all columns at once using pd.concat(axis=1) instead. To get a de-fragmented frame, use `newframe = frame.copy()`
  df["close_to_Kalman"] = calculate_kalman_feature(df["close"].values, df["ATR_norm"].values)
/home/ubuntu/btc-trading-bot/features.py:318: PerformanceWarning: DataFrame is highly fragmented.  This is usually the result of calling `frame.insert` many times, which has poor performance.  Consider joining all columns at once using pd.concat(axis=1) instead. To get a de-fragmented frame, use `newframe = frame.copy()`
  df[f"close_to_Kalman_lag{lag}"] = df["close_to_Kalman"].shift(lag)
/home/ubuntu/btc-trading-bot/features.py:318: PerformanceWarning: DataFrame is highly fragmented.  This is usually the result of calling `frame.insert` many times, which has poor performance.  Consider joining all columns at once using pd.concat(axis=1) instead. To get a de-fragmented frame, use `newframe = frame.copy()`
  df[f"close_to_Kalman_lag{lag}"] = df["close_to_Kalman"].shift(lag)
/home/ubuntu/btc-trading-bot/features.py:321: PerformanceWarning: DataFrame is highly fragmented.  This is usually the result of calling `frame.insert` many times, which has poor performance.  Consider joining all columns at once using pd.concat(axis=1) instead. To get a de-fragmented frame, use `newframe = frame.copy()`
  df["volatility_gk"] = calculate_garman_klass_vol(df, window=14)
/home/ubuntu/btc-trading-bot/features.py:325: PerformanceWarning: DataFrame is highly fragmented.  This is usually the result of calling `frame.insert` many times, which has poor performance.  Consider joining all columns at once using pd.concat(axis=1) instead. To get a de-fragmented frame, use `newframe = frame.copy()`
  df["volatility_vts"] = gk_5 / (gk_60 + 1e-8)
/home/ubuntu/btc-trading-bot/features.py:327: PerformanceWarning: DataFrame is highly fragmented.  This is usually the result of calling `frame.insert` many times, which has poor performance.  Consider joining all columns at once using pd.concat(axis=1) instead. To get a de-fragmented frame, use `newframe = frame.copy()`
  df[f"volatility_gk_lag{lag}"] = df["volatility_gk"].shift(lag)
/home/ubuntu/btc-trading-bot/features.py:328: PerformanceWarning: DataFrame is highly fragmented.  This is usually the result of calling `frame.insert` many times, which has poor performance.  Consider joining all columns at once using pd.concat(axis=1) instead. To get a de-fragmented frame, use `newframe = frame.copy()`
  df[f"volatility_vts_lag{lag}"] = df["volatility_vts"].shift(lag)
/home/ubuntu/btc-trading-bot/features.py:327: PerformanceWarning: DataFrame is highly fragmented.  This is usually the result of calling `frame.insert` many times, which has poor performance.  Consider joining all columns at once using pd.concat(axis=1) instead. To get a de-fragmented frame, use `newframe = frame.copy()`
  df[f"volatility_gk_lag{lag}"] = df["volatility_gk"].shift(lag)
/home/ubuntu/btc-trading-bot/features.py:328: PerformanceWarning: DataFrame is highly fragmented.  This is usually the result of calling `frame.insert` many times, which has poor performance.  Consider joining all columns at once using pd.concat(axis=1) instead. To get a de-fragmented frame, use `newframe = frame.copy()`
  df[f"volatility_vts_lag{lag}"] = df["volatility_vts"].shift(lag)
/home/ubuntu/btc-trading-bot/features.py:334: PerformanceWarning: DataFrame is highly fragmented.  This is usually the result of calling `frame.insert` many times, which has poor performance.  Consider joining all columns at once using pd.concat(axis=1) instead. To get a de-fragmented frame, use `newframe = frame.copy()`
  df["vwap_deviation"] = (df["close"] - df["VWAP"]) / (df["VWAP"] + 1e-8)
/home/ubuntu/btc-trading-bot/features.py:338: PerformanceWarning: DataFrame is highly fragmented.  This is usually the result of calling `frame.insert` many times, which has poor performance.  Consider joining all columns at once using pd.concat(axis=1) instead. To get a de-fragmented frame, use `newframe = frame.copy()`
  df["roll_spread"] = 2.0 * np.sqrt(np.maximum(0.0, -autocov))
/home/ubuntu/btc-trading-bot/features.py:339: PerformanceWarning: DataFrame is highly fragmented.  This is usually the result of calling `frame.insert` many times, which has poor performance.  Consider joining all columns at once using pd.concat(axis=1) instead. To get a de-fragmented frame, use `newframe = frame.copy()`
  df["leverage_divergence"] = df["open_interest_pct_change"] - dp_ret
/home/ubuntu/btc-trading-bot/features.py:340: PerformanceWarning: DataFrame is highly fragmented.  This is usually the result of calling `frame.insert` many times, which has poor performance.  Consider joining all columns at once using pd.concat(axis=1) instead. To get a de-fragmented frame, use `newframe = frame.copy()`
  df["oi_velocity"] = df["open_interest_pct_change"].diff(1).fillna(0.0)
/home/ubuntu/btc-trading-bot/features.py:341: PerformanceWarning: DataFrame is highly fragmented.  This is usually the result of calling `frame.insert` many times, which has poor performance.  Consider joining all columns at once using pd.concat(axis=1) instead. To get a de-fragmented frame, use `newframe = frame.copy()`
  df["funding_acceleration"] = df["funding_rate_diff"].diff(1).fillna(0.0)
/home/ubuntu/btc-trading-bot/features.py:342: PerformanceWarning: DataFrame is highly fragmented.  This is usually the result of calling `frame.insert` many times, which has poor performance.  Consider joining all columns at once using pd.concat(axis=1) instead. To get a de-fragmented frame, use `newframe = frame.copy()`
  df["bid_ask_imbalance_ohlc"] = (df["close"] - df["low"]) / (high_low_range) - 0.5
/home/ubuntu/btc-trading-bot/features.py:346: PerformanceWarning: DataFrame is highly fragmented.  This is usually the result of calling `frame.insert` many times, which has poor performance.  Consider joining all columns at once using pd.concat(axis=1) instead. To get a de-fragmented frame, use `newframe = frame.copy()`
  df[f"vwap_deviation_lag{lag}"] = df["vwap_deviation"].shift(lag)
/home/ubuntu/btc-trading-bot/features.py:347: PerformanceWarning: DataFrame is highly fragmented.  This is usually the result of calling `frame.insert` many times, which has poor performance.  Consider joining all columns at once using pd.concat(axis=1) instead. To get a de-fragmented frame, use `newframe = frame.copy()`
  df[f"roll_spread_lag{lag}"] = df["roll_spread"].shift(lag)
/home/ubuntu/btc-trading-bot/features.py:348: PerformanceWarning: DataFrame is highly fragmented.  This is usually the result of calling `frame.insert` many times, which has poor performance.  Consider joining all columns at once using pd.concat(axis=1) instead. To get a de-fragmented frame, use `newframe = frame.copy()`
  df[f"leverage_divergence_lag{lag}"] = df["leverage_divergence"].shift(lag)
/home/ubuntu/btc-trading-bot/features.py:349: PerformanceWarning: DataFrame is highly fragmented.  This is usually the result of calling `frame.insert` many times, which has poor performance.  Consider joining all columns at once using pd.concat(axis=1) instead. To get a de-fragmented frame, use `newframe = frame.copy()`
  df[f"oi_velocity_lag{lag}"] = df["oi_velocity"].shift(lag)
/home/ubuntu/btc-trading-bot/features.py:350: PerformanceWarning: DataFrame is highly fragmented.  This is usually the result of calling `frame.insert` many times, which has poor performance.  Consider joining all columns at once using pd.concat(axis=1) instead. To get a de-fragmented frame, use `newframe = frame.copy()`
  df[f"funding_acceleration_lag{lag}"] = df["funding_acceleration"].shift(lag)
/home/ubuntu/btc-trading-bot/features.py:351: PerformanceWarning: DataFrame is highly fragmented.  This is usually the result of calling `frame.insert` many times, which has poor performance.  Consider joining all columns at once using pd.concat(axis=1) instead. To get a de-fragmented frame, use `newframe = frame.copy()`
  df[f"bid_ask_imbalance_ohlc_lag{lag}"] = df["bid_ask_imbalance_ohlc"].shift(lag)
/home/ubuntu/btc-trading-bot/features.py:353: PerformanceWarning: DataFrame is highly fragmented.  This is usually the result of calling `frame.insert` many times, which has poor performance.  Consider joining all columns at once using pd.concat(axis=1) instead. To get a de-fragmented frame, use `newframe = frame.copy()`
  df[f"CVD_true_lag{lag}"] = df["CVD_true"].shift(lag)
/home/ubuntu/btc-trading-bot/features.py:355: PerformanceWarning: DataFrame is highly fragmented.  This is usually the result of calling `frame.insert` many times, which has poor performance.  Consider joining all columns at once using pd.concat(axis=1) instead. To get a de-fragmented frame, use `newframe = frame.copy()`
  df[f"OFI_true_lag{lag}"] = df["OFI_true"].shift(lag)
/home/ubuntu/btc-trading-bot/features.py:357: PerformanceWarning: DataFrame is highly fragmented.  This is usually the result of calling `frame.insert` many times, which has poor performance.  Consider joining all columns at once using pd.concat(axis=1) instead. To get a de-fragmented frame, use `newframe = frame.copy()`
  df[f"ob_imbalance_L2_lag{lag}"] = df["ob_imbalance_L2"].shift(lag)
/home/ubuntu/btc-trading-bot/features.py:359: PerformanceWarning: DataFrame is highly fragmented.  This is usually the result of calling `frame.insert` many times, which has poor performance.  Consider joining all columns at once using pd.concat(axis=1) instead. To get a de-fragmented frame, use `newframe = frame.copy()`
  df[f"ob_spread_L2_lag{lag}"] = df["ob_spread_L2"].shift(lag)
/home/ubuntu/btc-trading-bot/features.py:361: PerformanceWarning: DataFrame is highly fragmented.  This is usually the result of calling `frame.insert` many times, which has poor performance.  Consider joining all columns at once using pd.concat(axis=1) instead. To get a de-fragmented frame, use `newframe = frame.copy()`
  df[f"liq_long_1h_lag{lag}"] = df["liq_long_1h"].shift(lag)
/home/ubuntu/btc-trading-bot/features.py:363: PerformanceWarning: DataFrame is highly fragmented.  This is usually the result of calling `frame.insert` many times, which has poor performance.  Consider joining all columns at once using pd.concat(axis=1) instead. To get a de-fragmented frame, use `newframe = frame.copy()`
  df[f"liq_short_1h_lag{lag}"] = df["liq_short_1h"].shift(lag)
/home/ubuntu/btc-trading-bot/features.py:346: PerformanceWarning: DataFrame is highly fragmented.  This is usually the result of calling `frame.insert` many times, which has poor performance.  Consider joining all columns at once using pd.concat(axis=1) instead. To get a de-fragmented frame, use `newframe = frame.copy()`
  df[f"vwap_deviation_lag{lag}"] = df["vwap_deviation"].shift(lag)
/home/ubuntu/btc-trading-bot/features.py:347: PerformanceWarning: DataFrame is highly fragmented.  This is usually the result of calling `frame.insert` many times, which has poor performance.  Consider joining all columns at once using pd.concat(axis=1) instead. To get a de-fragmented frame, use `newframe = frame.copy()`
  df[f"roll_spread_lag{lag}"] = df["roll_spread"].shift(lag)
/home/ubuntu/btc-trading-bot/features.py:348: PerformanceWarning: DataFrame is highly fragmented.  This is usually the result of calling `frame.insert` many times, which has poor performance.  Consider joining all columns at once using pd.concat(axis=1) instead. To get a de-fragmented frame, use `newframe = frame.copy()`
  df[f"leverage_divergence_lag{lag}"] = df["leverage_divergence"].shift(lag)
/home/ubuntu/btc-trading-bot/features.py:349: PerformanceWarning: DataFrame is highly fragmented.  This is usually the result of calling `frame.insert` many times, which has poor performance.  Consider joining all columns at once using pd.concat(axis=1) instead. To get a de-fragmented frame, use `newframe = frame.copy()`
  df[f"oi_velocity_lag{lag}"] = df["oi_velocity"].shift(lag)
/home/ubuntu/btc-trading-bot/features.py:350: PerformanceWarning: DataFrame is highly fragmented.  This is usually the result of calling `frame.insert` many times, which has poor performance.  Consider joining all columns at once using pd.concat(axis=1) instead. To get a de-fragmented frame, use `newframe = frame.copy()`
  df[f"funding_acceleration_lag{lag}"] = df["funding_acceleration"].shift(lag)
/home/ubuntu/btc-trading-bot/features.py:351: PerformanceWarning: DataFrame is highly fragmented.  This is usually the result of calling `frame.insert` many times, which has poor performance.  Consider joining all columns at once using pd.concat(axis=1) instead. To get a de-fragmented frame, use `newframe = frame.copy()`
  df[f"bid_ask_imbalance_ohlc_lag{lag}"] = df["bid_ask_imbalance_ohlc"].shift(lag)
/home/ubuntu/btc-trading-bot/features.py:353: PerformanceWarning: DataFrame is highly fragmented.  This is usually the result of calling `frame.insert` many times, which has poor performance.  Consider joining all columns at once using pd.concat(axis=1) instead. To get a de-fragmented frame, use `newframe = frame.copy()`
  df[f"CVD_true_lag{lag}"] = df["CVD_true"].shift(lag)
/home/ubuntu/btc-trading-bot/features.py:355: PerformanceWarning: DataFrame is highly fragmented.  This is usually the result of calling `frame.insert` many times, which has poor performance.  Consider joining all columns at once using pd.concat(axis=1) instead. To get a de-fragmented frame, use `newframe = frame.copy()`
  df[f"OFI_true_lag{lag}"] = df["OFI_true"].shift(lag)
/home/ubuntu/btc-trading-bot/features.py:357: PerformanceWarning: DataFrame is highly fragmented.  This is usually the result of calling `frame.insert` many times, which has poor performance.  Consider joining all columns at once using pd.concat(axis=1) instead. To get a de-fragmented frame, use `newframe = frame.copy()`
  df[f"ob_imbalance_L2_lag{lag}"] = df["ob_imbalance_L2"].shift(lag)
/home/ubuntu/btc-trading-bot/features.py:359: PerformanceWarning: DataFrame is highly fragmented.  This is usually the result of calling `frame.insert` many times, which has poor performance.  Consider joining all columns at once using pd.concat(axis=1) instead. To get a de-fragmented frame, use `newframe = frame.copy()`
  df[f"ob_spread_L2_lag{lag}"] = df["ob_spread_L2"].shift(lag)
/home/ubuntu/btc-trading-bot/features.py:361: PerformanceWarning: DataFrame is highly fragmented.  This is usually the result of calling `frame.insert` many times, which has poor performance.  Consider joining all columns at once using pd.concat(axis=1) instead. To get a de-fragmented frame, use `newframe = frame.copy()`
  df[f"liq_long_1h_lag{lag}"] = df["liq_long_1h"].shift(lag)
/home/ubuntu/btc-trading-bot/features.py:363: PerformanceWarning: DataFrame is highly fragmented.  This is usually the result of calling `frame.insert` many times, which has poor performance.  Consider joining all columns at once using pd.concat(axis=1) instead. To get a de-fragmented frame, use `newframe = frame.copy()`
  df[f"liq_short_1h_lag{lag}"] = df["liq_short_1h"].shift(lag)
/home/ubuntu/btc-trading-bot/features.py:304: PerformanceWarning: DataFrame is highly fragmented.  This is usually the result of calling `frame.insert` many times, which has poor performance.  Consider joining all columns at once using pd.concat(axis=1) instead. To get a de-fragmented frame, use `newframe = frame.copy()`
  df[f"btc_close_lag{lag}"] = df["btc_close"].shift(lag).ffill().bfill().fillna(0.0)
/home/ubuntu/btc-trading-bot/features.py:305: PerformanceWarning: DataFrame is highly fragmented.  This is usually the result of calling `frame.insert` many times, which has poor performance.  Consider joining all columns at once using pd.concat(axis=1) instead. To get a de-fragmented frame, use `newframe = frame.copy()`
  df[f"btc_volume_lag{lag}"] = df["btc_volume"].shift(lag).ffill().bfill().fillna(0.0)
/home/ubuntu/btc-trading-bot/features.py:306: PerformanceWarning: DataFrame is highly fragmented.  This is usually the result of calling `frame.insert` many times, which has poor performance.  Consider joining all columns at once using pd.concat(axis=1) instead. To get a de-fragmented frame, use `newframe = frame.copy()`
  df[f"btc_rsi_lag{lag}"] = df["btc_rsi"].shift(lag).ffill().bfill().fillna(50.0)
/home/ubuntu/btc-trading-bot/features.py:294: PerformanceWarning: DataFrame is highly fragmented.  This is usually the result of calling `frame.insert` many times, which has poor performance.  Consider joining all columns at once using pd.concat(axis=1) instead. To get a de-fragmented frame, use `newframe = frame.copy()`
  df[f"open_interest_pct_change_lag{lag}"] = df["open_interest_pct_change"].shift(lag)
/home/ubuntu/btc-trading-bot/features.py:295: PerformanceWarning: DataFrame is highly fragmented.  This is usually the result of calling `frame.insert` many times, which has poor performance.  Consider joining all columns at once using pd.concat(axis=1) instead. To get a de-fragmented frame, use `newframe = frame.copy()`
  df[f"funding_rate_diff_lag{lag}"] = df["funding_rate_diff"].shift(lag)
/home/ubuntu/btc-trading-bot/features.py:296: PerformanceWarning: DataFrame is highly fragmented.  This is usually the result of calling `frame.insert` many times, which has poor performance.  Consider joining all columns at once using pd.concat(axis=1) instead. To get a de-fragmented frame, use `newframe = frame.copy()`
  df[f"CVD_rolling_1h_lag{lag}"] = df["CVD_rolling_1h"].shift(lag)
/home/ubuntu/btc-trading-bot/features.py:297: PerformanceWarning: DataFrame is highly fragmented.  This is usually the result of calling `frame.insert` many times, which has poor performance.  Consider joining all columns at once using pd.concat(axis=1) instead. To get a de-fragmented frame, use `newframe = frame.copy()`
  df[f"CVD_rolling_4h_lag{lag}"] = df["CVD_rolling_4h"].shift(lag)
/home/ubuntu/btc-trading-bot/features.py:298: PerformanceWarning: DataFrame is highly fragmented.  This is usually the result of calling `frame.insert` many times, which has poor performance.  Consider joining all columns at once using pd.concat(axis=1) instead. To get a de-fragmented frame, use `newframe = frame.copy()`
  df[f"upper_wick_volume_ratio_lag{lag}"] = df["upper_wick_volume_ratio"].shift(lag)
/home/ubuntu/btc-trading-bot/features.py:299: PerformanceWarning: DataFrame is highly fragmented.  This is usually the result of calling `frame.insert` many times, which has poor performance.  Consider joining all columns at once using pd.concat(axis=1) instead. To get a de-fragmented frame, use `newframe = frame.copy()`
  df[f"lower_wick_volume_ratio_lag{lag}"] = df["lower_wick_volume_ratio"].shift(lag)
/home/ubuntu/btc-trading-bot/features.py:302: PerformanceWarning: DataFrame is highly fragmented.  This is usually the result of calling `frame.insert` many times, which has poor performance.  Consider joining all columns at once using pd.concat(axis=1) instead. To get a de-fragmented frame, use `newframe = frame.copy()`
  df[f"oi_change_1h_lag{lag}"] = df["oi_change_1h"].shift(lag).fillna(0.0)
/home/ubuntu/btc-trading-bot/features.py:303: PerformanceWarning: DataFrame is highly fragmented.  This is usually the result of calling `frame.insert` many times, which has poor performance.  Consider joining all columns at once using pd.concat(axis=1) instead. To get a de-fragmented frame, use `newframe = frame.copy()`
  df[f"oi_change_4h_lag{lag}"] = df["oi_change_4h"].shift(lag).fillna(0.0)
/home/ubuntu/btc-trading-bot/features.py:304: PerformanceWarning: DataFrame is highly fragmented.  This is usually the result of calling `frame.insert` many times, which has poor performance.  Consider joining all columns at once using pd.concat(axis=1) instead. To get a de-fragmented frame, use `newframe = frame.copy()`
  df[f"btc_close_lag{lag}"] = df["btc_close"].shift(lag).ffill().bfill().fillna(0.0)
/home/ubuntu/btc-trading-bot/features.py:305: PerformanceWarning: DataFrame is highly fragmented.  This is usually the result of calling `frame.insert` many times, which has poor performance.  Consider joining all columns at once using pd.concat(axis=1) instead. To get a de-fragmented frame, use `newframe = frame.copy()`
  df[f"btc_volume_lag{lag}"] = df["btc_volume"].shift(lag).ffill().bfill().fillna(0.0)
/home/ubuntu/btc-trading-bot/features.py:306: PerformanceWarning: DataFrame is highly fragmented.  This is usually the result of calling `frame.insert` many times, which has poor performance.  Consider joining all columns at once using pd.concat(axis=1) instead. To get a de-fragmented frame, use `newframe = frame.copy()`
  df[f"btc_rsi_lag{lag}"] = df["btc_rsi"].shift(lag).ffill().bfill().fillna(50.0)
/home/ubuntu/btc-trading-bot/features.py:310: PerformanceWarning: DataFrame is highly fragmented.  This is usually the result of calling `frame.insert` many times, which has poor performance.  Consider joining all columns at once using pd.concat(axis=1) instead. To get a de-fragmented frame, use `newframe = frame.copy()`
  df["hour_sin"] = np.sin(2 * np.pi * datetime_series.dt.hour / 24.0)
/home/ubuntu/btc-trading-bot/features.py:311: PerformanceWarning: DataFrame is highly fragmented.  This is usually the result of calling `frame.insert` many times, which has poor performance.  Consider joining all columns at once using pd.concat(axis=1) instead. To get a de-fragmented frame, use `newframe = frame.copy()`
  df["hour_cos"] = np.cos(2 * np.pi * datetime_series.dt.hour / 24.0)
/home/ubuntu/btc-trading-bot/features.py:312: PerformanceWarning: DataFrame is highly fragmented.  This is usually the result of calling `frame.insert` many times, which has poor performance.  Consider joining all columns at once using pd.concat(axis=1) instead. To get a de-fragmented frame, use `newframe = frame.copy()`
  df["day_of_week_sin"] = np.sin(2 * np.pi * datetime_series.dt.dayofweek / 7.0)
/home/ubuntu/btc-trading-bot/features.py:313: PerformanceWarning: DataFrame is highly fragmented.  This is usually the result of calling `frame.insert` many times, which has poor performance.  Consider joining all columns at once using pd.concat(axis=1) instead. To get a de-fragmented frame, use `newframe = frame.copy()`
  df["day_of_week_cos"] = np.cos(2 * np.pi * datetime_series.dt.dayofweek / 7.0)
/home/ubuntu/btc-trading-bot/features.py:316: PerformanceWarning: DataFrame is highly fragmented.  This is usually the result of calling `frame.insert` many times, which has poor performance.  Consider joining all columns at once using pd.concat(axis=1) instead. To get a de-fragmented frame, use `newframe = frame.copy()`
  df["close_to_Kalman"] = calculate_kalman_feature(df["close"].values, df["ATR_norm"].values)
/home/ubuntu/btc-trading-bot/features.py:318: PerformanceWarning: DataFrame is highly fragmented.  This is usually the result of calling `frame.insert` many times, which has poor performance.  Consider joining all columns at once using pd.concat(axis=1) instead. To get a de-fragmented frame, use `newframe = frame.copy()`
  df[f"close_to_Kalman_lag{lag}"] = df["close_to_Kalman"].shift(lag)
/home/ubuntu/btc-trading-bot/features.py:318: PerformanceWarning: DataFrame is highly fragmented.  This is usually the result of calling `frame.insert` many times, which has poor performance.  Consider joining all columns at once using pd.concat(axis=1) instead. To get a de-fragmented frame, use `newframe = frame.copy()`
  df[f"close_to_Kalman_lag{lag}"] = df["close_to_Kalman"].shift(lag)
/home/ubuntu/btc-trading-bot/features.py:321: PerformanceWarning: DataFrame is highly fragmented.  This is usually the result of calling `frame.insert` many times, which has poor performance.  Consider joining all columns at once using pd.concat(axis=1) instead. To get a de-fragmented frame, use `newframe = frame.copy()`
  df["volatility_gk"] = calculate_garman_klass_vol(df, window=14)
/home/ubuntu/btc-trading-bot/features.py:325: PerformanceWarning: DataFrame is highly fragmented.  This is usually the result of calling `frame.insert` many times, which has poor performance.  Consider joining all columns at once using pd.concat(axis=1) instead. To get a de-fragmented frame, use `newframe = frame.copy()`
  df["volatility_vts"] = gk_5 / (gk_60 + 1e-8)
/home/ubuntu/btc-trading-bot/features.py:327: PerformanceWarning: DataFrame is highly fragmented.  This is usually the result of calling `frame.insert` many times, which has poor performance.  Consider joining all columns at once using pd.concat(axis=1) instead. To get a de-fragmented frame, use `newframe = frame.copy()`
  df[f"volatility_gk_lag{lag}"] = df["volatility_gk"].shift(lag)
/home/ubuntu/btc-trading-bot/features.py:328: PerformanceWarning: DataFrame is highly fragmented.  This is usually the result of calling `frame.insert` many times, which has poor performance.  Consider joining all columns at once using pd.concat(axis=1) instead. To get a de-fragmented frame, use `newframe = frame.copy()`
  df[f"volatility_vts_lag{lag}"] = df["volatility_vts"].shift(lag)
/home/ubuntu/btc-trading-bot/features.py:327: PerformanceWarning: DataFrame is highly fragmented.  This is usually the result of calling `frame.insert` many times, which has poor performance.  Consider joining all columns at once using pd.concat(axis=1) instead. To get a de-fragmented frame, use `newframe = frame.copy()`
  df[f"volatility_gk_lag{lag}"] = df["volatility_gk"].shift(lag)
/home/ubuntu/btc-trading-bot/features.py:328: PerformanceWarning: DataFrame is highly fragmented.  This is usually the result of calling `frame.insert` many times, which has poor performance.  Consider joining all columns at once using pd.concat(axis=1) instead. To get a de-fragmented frame, use `newframe = frame.copy()`
  df[f"volatility_vts_lag{lag}"] = df["volatility_vts"].shift(lag)
/home/ubuntu/btc-trading-bot/features.py:334: PerformanceWarning: DataFrame is highly fragmented.  This is usually the result of calling `frame.insert` many times, which has poor performance.  Consider joining all columns at once using pd.concat(axis=1) instead. To get a de-fragmented frame, use `newframe = frame.copy()`
  df["vwap_deviation"] = (df["close"] - df["VWAP"]) / (df["VWAP"] + 1e-8)
/home/ubuntu/btc-trading-bot/features.py:338: PerformanceWarning: DataFrame is highly fragmented.  This is usually the result of calling `frame.insert` many times, which has poor performance.  Consider joining all columns at once using pd.concat(axis=1) instead. To get a de-fragmented frame, use `newframe = frame.copy()`
  df["roll_spread"] = 2.0 * np.sqrt(np.maximum(0.0, -autocov))
/home/ubuntu/btc-trading-bot/features.py:339: PerformanceWarning: DataFrame is highly fragmented.  This is usually the result of calling `frame.insert` many times, which has poor performance.  Consider joining all columns at once using pd.concat(axis=1) instead. To get a de-fragmented frame, use `newframe = frame.copy()`
  df["leverage_divergence"] = df["open_interest_pct_change"] - dp_ret
/home/ubuntu/btc-trading-bot/features.py:340: PerformanceWarning: DataFrame is highly fragmented.  This is usually the result of calling `frame.insert` many times, which has poor performance.  Consider joining all columns at once using pd.concat(axis=1) instead. To get a de-fragmented frame, use `newframe = frame.copy()`
  df["oi_velocity"] = df["open_interest_pct_change"].diff(1).fillna(0.0)
/home/ubuntu/btc-trading-bot/features.py:341: PerformanceWarning: DataFrame is highly fragmented.  This is usually the result of calling `frame.insert` many times, which has poor performance.  Consider joining all columns at once using pd.concat(axis=1) instead. To get a de-fragmented frame, use `newframe = frame.copy()`
  df["funding_acceleration"] = df["funding_rate_diff"].diff(1).fillna(0.0)
/home/ubuntu/btc-trading-bot/features.py:342: PerformanceWarning: DataFrame is highly fragmented.  This is usually the result of calling `frame.insert` many times, which has poor performance.  Consider joining all columns at once using pd.concat(axis=1) instead. To get a de-fragmented frame, use `newframe = frame.copy()`
  df["bid_ask_imbalance_ohlc"] = (df["close"] - df["low"]) / (high_low_range) - 0.5
/home/ubuntu/btc-trading-bot/features.py:346: PerformanceWarning: DataFrame is highly fragmented.  This is usually the result of calling `frame.insert` many times, which has poor performance.  Consider joining all columns at once using pd.concat(axis=1) instead. To get a de-fragmented frame, use `newframe = frame.copy()`
  df[f"vwap_deviation_lag{lag}"] = df["vwap_deviation"].shift(lag)
/home/ubuntu/btc-trading-bot/features.py:347: PerformanceWarning: DataFrame is highly fragmented.  This is usually the result of calling `frame.insert` many times, which has poor performance.  Consider joining all columns at once using pd.concat(axis=1) instead. To get a de-fragmented frame, use `newframe = frame.copy()`
  df[f"roll_spread_lag{lag}"] = df["roll_spread"].shift(lag)
/home/ubuntu/btc-trading-bot/features.py:348: PerformanceWarning: DataFrame is highly fragmented.  This is usually the result of calling `frame.insert` many times, which has poor performance.  Consider joining all columns at once using pd.concat(axis=1) instead. To get a de-fragmented frame, use `newframe = frame.copy()`
  df[f"leverage_divergence_lag{lag}"] = df["leverage_divergence"].shift(lag)
/home/ubuntu/btc-trading-bot/features.py:349: PerformanceWarning: DataFrame is highly fragmented.  This is usually the result of calling `frame.insert` many times, which has poor performance.  Consider joining all columns at once using pd.concat(axis=1) instead. To get a de-fragmented frame, use `newframe = frame.copy()`
  df[f"oi_velocity_lag{lag}"] = df["oi_velocity"].shift(lag)
/home/ubuntu/btc-trading-bot/features.py:350: PerformanceWarning: DataFrame is highly fragmented.  This is usually the result of calling `frame.insert` many times, which has poor performance.  Consider joining all columns at once using pd.concat(axis=1) instead. To get a de-fragmented frame, use `newframe = frame.copy()`
  df[f"funding_acceleration_lag{lag}"] = df["funding_acceleration"].shift(lag)
/home/ubuntu/btc-trading-bot/features.py:351: PerformanceWarning: DataFrame is highly fragmented.  This is usually the result of calling `frame.insert` many times, which has poor performance.  Consider joining all columns at once using pd.concat(axis=1) instead. To get a de-fragmented frame, use `newframe = frame.copy()`
  df[f"bid_ask_imbalance_ohlc_lag{lag}"] = df["bid_ask_imbalance_ohlc"].shift(lag)
/home/ubuntu/btc-trading-bot/features.py:353: PerformanceWarning: DataFrame is highly fragmented.  This is usually the result of calling `frame.insert` many times, which has poor performance.  Consider joining all columns at once using pd.concat(axis=1) instead. To get a de-fragmented frame, use `newframe = frame.copy()`
  df[f"CVD_true_lag{lag}"] = df["CVD_true"].shift(lag)
/home/ubuntu/btc-trading-bot/features.py:355: PerformanceWarning: DataFrame is highly fragmented.  This is usually the result of calling `frame.insert` many times, which has poor performance.  Consider joining all columns at once using pd.concat(axis=1) instead. To get a de-fragmented frame, use `newframe = frame.copy()`
  df[f"OFI_true_lag{lag}"] = df["OFI_true"].shift(lag)
/home/ubuntu/btc-trading-bot/features.py:357: PerformanceWarning: DataFrame is highly fragmented.  This is usually the result of calling `frame.insert` many times, which has poor performance.  Consider joining all columns at once using pd.concat(axis=1) instead. To get a de-fragmented frame, use `newframe = frame.copy()`
  df[f"ob_imbalance_L2_lag{lag}"] = df["ob_imbalance_L2"].shift(lag)
/home/ubuntu/btc-trading-bot/features.py:359: PerformanceWarning: DataFrame is highly fragmented.  This is usually the result of calling `frame.insert` many times, which has poor performance.  Consider joining all columns at once using pd.concat(axis=1) instead. To get a de-fragmented frame, use `newframe = frame.copy()`
  df[f"ob_spread_L2_lag{lag}"] = df["ob_spread_L2"].shift(lag)
/home/ubuntu/btc-trading-bot/features.py:361: PerformanceWarning: DataFrame is highly fragmented.  This is usually the result of calling `frame.insert` many times, which has poor performance.  Consider joining all columns at once using pd.concat(axis=1) instead. To get a de-fragmented frame, use `newframe = frame.copy()`
  df[f"liq_long_1h_lag{lag}"] = df["liq_long_1h"].shift(lag)
/home/ubuntu/btc-trading-bot/features.py:363: PerformanceWarning: DataFrame is highly fragmented.  This is usually the result of calling `frame.insert` many times, which has poor performance.  Consider joining all columns at once using pd.concat(axis=1) instead. To get a de-fragmented frame, use `newframe = frame.copy()`
  df[f"liq_short_1h_lag{lag}"] = df["liq_short_1h"].shift(lag)
/home/ubuntu/btc-trading-bot/features.py:346: PerformanceWarning: DataFrame is highly fragmented.  This is usually the result of calling `frame.insert` many times, which has poor performance.  Consider joining all columns at once using pd.concat(axis=1) instead. To get a de-fragmented frame, use `newframe = frame.copy()`
  df[f"vwap_deviation_lag{lag}"] = df["vwap_deviation"].shift(lag)
/home/ubuntu/btc-trading-bot/features.py:347: PerformanceWarning: DataFrame is highly fragmented.  This is usually the result of calling `frame.insert` many times, which has poor performance.  Consider joining all columns at once using pd.concat(axis=1) instead. To get a de-fragmented frame, use `newframe = frame.copy()`
  df[f"roll_spread_lag{lag}"] = df["roll_spread"].shift(lag)
/home/ubuntu/btc-trading-bot/features.py:348: PerformanceWarning: DataFrame is highly fragmented.  This is usually the result of calling `frame.insert` many times, which has poor performance.  Consider joining all columns at once using pd.concat(axis=1) instead. To get a de-fragmented frame, use `newframe = frame.copy()`
  df[f"leverage_divergence_lag{lag}"] = df["leverage_divergence"].shift(lag)
/home/ubuntu/btc-trading-bot/features.py:349: PerformanceWarning: DataFrame is highly fragmented.  This is usually the result of calling `frame.insert` many times, which has poor performance.  Consider joining all columns at once using pd.concat(axis=1) instead. To get a de-fragmented frame, use `newframe = frame.copy()`
  df[f"oi_velocity_lag{lag}"] = df["oi_velocity"].shift(lag)
/home/ubuntu/btc-trading-bot/features.py:350: PerformanceWarning: DataFrame is highly fragmented.  This is usually the result of calling `frame.insert` many times, which has poor performance.  Consider joining all columns at once using pd.concat(axis=1) instead. To get a de-fragmented frame, use `newframe = frame.copy()`
  df[f"funding_acceleration_lag{lag}"] = df["funding_acceleration"].shift(lag)
/home/ubuntu/btc-trading-bot/features.py:351: PerformanceWarning: DataFrame is highly fragmented.  This is usually the result of calling `frame.insert` many times, which has poor performance.  Consider joining all columns at once using pd.concat(axis=1) instead. To get a de-fragmented frame, use `newframe = frame.copy()`
  df[f"bid_ask_imbalance_ohlc_lag{lag}"] = df["bid_ask_imbalance_ohlc"].shift(lag)
/home/ubuntu/btc-trading-bot/features.py:353: PerformanceWarning: DataFrame is highly fragmented.  This is usually the result of calling `frame.insert` many times, which has poor performance.  Consider joining all columns at once using pd.concat(axis=1) instead. To get a de-fragmented frame, use `newframe = frame.copy()`
  df[f"CVD_true_lag{lag}"] = df["CVD_true"].shift(lag)
/home/ubuntu/btc-trading-bot/features.py:355: PerformanceWarning: DataFrame is highly fragmented.  This is usually the result of calling `frame.insert` many times, which has poor performance.  Consider joining all columns at once using pd.concat(axis=1) instead. To get a de-fragmented frame, use `newframe = frame.copy()`
  df[f"OFI_true_lag{lag}"] = df["OFI_true"].shift(lag)
/home/ubuntu/btc-trading-bot/features.py:357: PerformanceWarning: DataFrame is highly fragmented.  This is usually the result of calling `frame.insert` many times, which has poor performance.  Consider joining all columns at once using pd.concat(axis=1) instead. To get a de-fragmented frame, use `newframe = frame.copy()`
  df[f"ob_imbalance_L2_lag{lag}"] = df["ob_imbalance_L2"].shift(lag)
/home/ubuntu/btc-trading-bot/features.py:359: PerformanceWarning: DataFrame is highly fragmented.  This is usually the result of calling `frame.insert` many times, which has poor performance.  Consider joining all columns at once using pd.concat(axis=1) instead. To get a de-fragmented frame, use `newframe = frame.copy()`
  df[f"ob_spread_L2_lag{lag}"] = df["ob_spread_L2"].shift(lag)
/home/ubuntu/btc-trading-bot/features.py:361: PerformanceWarning: DataFrame is highly fragmented.  This is usually the result of calling `frame.insert` many times, which has poor performance.  Consider joining all columns at once using pd.concat(axis=1) instead. To get a de-fragmented frame, use `newframe = frame.copy()`
  df[f"liq_long_1h_lag{lag}"] = df["liq_long_1h"].shift(lag)
/home/ubuntu/btc-trading-bot/features.py:363: PerformanceWarning: DataFrame is highly fragmented.  This is usually the result of calling `frame.insert` many times, which has poor performance.  Consider joining all columns at once using pd.concat(axis=1) instead. To get a de-fragmented frame, use `newframe = frame.copy()`
  df[f"liq_short_1h_lag{lag}"] = df["liq_short_1h"].shift(lag)
/home/ubuntu/btc-trading-bot/features.py:304: PerformanceWarning: DataFrame is highly fragmented.  This is usually the result of calling `frame.insert` many times, which has poor performance.  Consider joining all columns at once using pd.concat(axis=1) instead. To get a de-fragmented frame, use `newframe = frame.copy()`
  df[f"btc_close_lag{lag}"] = df["btc_close"].shift(lag).ffill().bfill().fillna(0.0)
/home/ubuntu/btc-trading-bot/features.py:305: PerformanceWarning: DataFrame is highly fragmented.  This is usually the result of calling `frame.insert` many times, which has poor performance.  Consider joining all columns at once using pd.concat(axis=1) instead. To get a de-fragmented frame, use `newframe = frame.copy()`
  df[f"btc_volume_lag{lag}"] = df["btc_volume"].shift(lag).ffill().bfill().fillna(0.0)
/home/ubuntu/btc-trading-bot/features.py:306: PerformanceWarning: DataFrame is highly fragmented.  This is usually the result of calling `frame.insert` many times, which has poor performance.  Consider joining all columns at once using pd.concat(axis=1) instead. To get a de-fragmented frame, use `newframe = frame.copy()`
  df[f"btc_rsi_lag{lag}"] = df["btc_rsi"].shift(lag).ffill().bfill().fillna(50.0)
/home/ubuntu/btc-trading-bot/features.py:294: PerformanceWarning: DataFrame is highly fragmented.  This is usually the result of calling `frame.insert` many times, which has poor performance.  Consider joining all columns at once using pd.concat(axis=1) instead. To get a de-fragmented frame, use `newframe = frame.copy()`
  df[f"open_interest_pct_change_lag{lag}"] = df["open_interest_pct_change"].shift(lag)
/home/ubuntu/btc-trading-bot/features.py:295: PerformanceWarning: DataFrame is highly fragmented.  This is usually the result of calling `frame.insert` many times, which has poor performance.  Consider joining all columns at once using pd.concat(axis=1) instead. To get a de-fragmented frame, use `newframe = frame.copy()`
  df[f"funding_rate_diff_lag{lag}"] = df["funding_rate_diff"].shift(lag)
/home/ubuntu/btc-trading-bot/features.py:296: PerformanceWarning: DataFrame is highly fragmented.  This is usually the result of calling `frame.insert` many times, which has poor performance.  Consider joining all columns at once using pd.concat(axis=1) instead. To get a de-fragmented frame, use `newframe = frame.copy()`
  df[f"CVD_rolling_1h_lag{lag}"] = df["CVD_rolling_1h"].shift(lag)
/home/ubuntu/btc-trading-bot/features.py:297: PerformanceWarning: DataFrame is highly fragmented.  This is usually the result of calling `frame.insert` many times, which has poor performance.  Consider joining all columns at once using pd.concat(axis=1) instead. To get a de-fragmented frame, use `newframe = frame.copy()`
  df[f"CVD_rolling_4h_lag{lag}"] = df["CVD_rolling_4h"].shift(lag)
/home/ubuntu/btc-trading-bot/features.py:298: PerformanceWarning: DataFrame is highly fragmented.  This is usually the result of calling `frame.insert` many times, which has poor performance.  Consider joining all columns at once using pd.concat(axis=1) instead. To get a de-fragmented frame, use `newframe = frame.copy()`
  df[f"upper_wick_volume_ratio_lag{lag}"] = df["upper_wick_volume_ratio"].shift(lag)
/home/ubuntu/btc-trading-bot/features.py:299: PerformanceWarning: DataFrame is highly fragmented.  This is usually the result of calling `frame.insert` many times, which has poor performance.  Consider joining all columns at once using pd.concat(axis=1) instead. To get a de-fragmented frame, use `newframe = frame.copy()`
  df[f"lower_wick_volume_ratio_lag{lag}"] = df["lower_wick_volume_ratio"].shift(lag)
/home/ubuntu/btc-trading-bot/features.py:302: PerformanceWarning: DataFrame is highly fragmented.  This is usually the result of calling `frame.insert` many times, which has poor performance.  Consider joining all columns at once using pd.concat(axis=1) instead. To get a de-fragmented frame, use `newframe = frame.copy()`
  df[f"oi_change_1h_lag{lag}"] = df["oi_change_1h"].shift(lag).fillna(0.0)
/home/ubuntu/btc-trading-bot/features.py:303: PerformanceWarning: DataFrame is highly fragmented.  This is usually the result of calling `frame.insert` many times, which has poor performance.  Consider joining all columns at once using pd.concat(axis=1) instead. To get a de-fragmented frame, use `newframe = frame.copy()`
  df[f"oi_change_4h_lag{lag}"] = df["oi_change_4h"].shift(lag).fillna(0.0)
/home/ubuntu/btc-trading-bot/features.py:304: PerformanceWarning: DataFrame is highly fragmented.  This is usually the result of calling `frame.insert` many times, which has poor performance.  Consider joining all columns at once using pd.concat(axis=1) instead. To get a de-fragmented frame, use `newframe = frame.copy()`
  df[f"btc_close_lag{lag}"] = df["btc_close"].shift(lag).ffill().bfill().fillna(0.0)
/home/ubuntu/btc-trading-bot/features.py:305: PerformanceWarning: DataFrame is highly fragmented.  This is usually the result of calling `frame.insert` many times, which has poor performance.  Consider joining all columns at once using pd.concat(axis=1) instead. To get a de-fragmented frame, use `newframe = frame.copy()`
  df[f"btc_volume_lag{lag}"] = df["btc_volume"].shift(lag).ffill().bfill().fillna(0.0)
/home/ubuntu/btc-trading-bot/features.py:306: PerformanceWarning: DataFrame is highly fragmented.  This is usually the result of calling `frame.insert` many times, which has poor performance.  Consider joining all columns at once using pd.concat(axis=1) instead. To get a de-fragmented frame, use `newframe = frame.copy()`
  df[f"btc_rsi_lag{lag}"] = df["btc_rsi"].shift(lag).ffill().bfill().fillna(50.0)
/home/ubuntu/btc-trading-bot/features.py:310: PerformanceWarning: DataFrame is highly fragmented.  This is usually the result of calling `frame.insert` many times, which has poor performance.  Consider joining all columns at once using pd.concat(axis=1) instead. To get a de-fragmented frame, use `newframe = frame.copy()`
  df["hour_sin"] = np.sin(2 * np.pi * datetime_series.dt.hour / 24.0)
/home/ubuntu/btc-trading-bot/features.py:311: PerformanceWarning: DataFrame is highly fragmented.  This is usually the result of calling `frame.insert` many times, which has poor performance.  Consider joining all columns at once using pd.concat(axis=1) instead. To get a de-fragmented frame, use `newframe = frame.copy()`
  df["hour_cos"] = np.cos(2 * np.pi * datetime_series.dt.hour / 24.0)
/home/ubuntu/btc-trading-bot/features.py:312: PerformanceWarning: DataFrame is highly fragmented.  This is usually the result of calling `frame.insert` many times, which has poor performance.  Consider joining all columns at once using pd.concat(axis=1) instead. To get a de-fragmented frame, use `newframe = frame.copy()`
  df["day_of_week_sin"] = np.sin(2 * np.pi * datetime_series.dt.dayofweek / 7.0)
/home/ubuntu/btc-trading-bot/features.py:313: PerformanceWarning: DataFrame is highly fragmented.  This is usually the result of calling `frame.insert` many times, which has poor performance.  Consider joining all columns at once using pd.concat(axis=1) instead. To get a de-fragmented frame, use `newframe = frame.copy()`
  df["day_of_week_cos"] = np.cos(2 * np.pi * datetime_series.dt.dayofweek / 7.0)
/home/ubuntu/btc-trading-bot/features.py:316: PerformanceWarning: DataFrame is highly fragmented.  This is usually the result of calling `frame.insert` many times, which has poor performance.  Consider joining all columns at once using pd.concat(axis=1) instead. To get a de-fragmented frame, use `newframe = frame.copy()`
  df["close_to_Kalman"] = calculate_kalman_feature(df["close"].values, df["ATR_norm"].values)
/home/ubuntu/btc-trading-bot/features.py:318: PerformanceWarning: DataFrame is highly fragmented.  This is usually the result of calling `frame.insert` many times, which has poor performance.  Consider joining all columns at once using pd.concat(axis=1) instead. To get a de-fragmented frame, use `newframe = frame.copy()`
  df[f"close_to_Kalman_lag{lag}"] = df["close_to_Kalman"].shift(lag)
/home/ubuntu/btc-trading-bot/features.py:318: PerformanceWarning: DataFrame is highly fragmented.  This is usually the result of calling `frame.insert` many times, which has poor performance.  Consider joining all columns at once using pd.concat(axis=1) instead. To get a de-fragmented frame, use `newframe = frame.copy()`
  df[f"close_to_Kalman_lag{lag}"] = df["close_to_Kalman"].shift(lag)
/home/ubuntu/btc-trading-bot/features.py:321: PerformanceWarning: DataFrame is highly fragmented.  This is usually the result of calling `frame.insert` many times, which has poor performance.  Consider joining all columns at once using pd.concat(axis=1) instead. To get a de-fragmented frame, use `newframe = frame.copy()`
  df["volatility_gk"] = calculate_garman_klass_vol(df, window=14)
/home/ubuntu/btc-trading-bot/features.py:325: PerformanceWarning: DataFrame is highly fragmented.  This is usually the result of calling `frame.insert` many times, which has poor performance.  Consider joining all columns at once using pd.concat(axis=1) instead. To get a de-fragmented frame, use `newframe = frame.copy()`
  df["volatility_vts"] = gk_5 / (gk_60 + 1e-8)
/home/ubuntu/btc-trading-bot/features.py:327: PerformanceWarning: DataFrame is highly fragmented.  This is usually the result of calling `frame.insert` many times, which has poor performance.  Consider joining all columns at once using pd.concat(axis=1) instead. To get a de-fragmented frame, use `newframe = frame.copy()`
  df[f"volatility_gk_lag{lag}"] = df["volatility_gk"].shift(lag)
/home/ubuntu/btc-trading-bot/features.py:328: PerformanceWarning: DataFrame is highly fragmented.  This is usually the result of calling `frame.insert` many times, which has poor performance.  Consider joining all columns at once using pd.concat(axis=1) instead. To get a de-fragmented frame, use `newframe = frame.copy()`
  df[f"volatility_vts_lag{lag}"] = df["volatility_vts"].shift(lag)
/home/ubuntu/btc-trading-bot/features.py:327: PerformanceWarning: DataFrame is highly fragmented.  This is usually the result of calling `frame.insert` many times, which has poor performance.  Consider joining all columns at once using pd.concat(axis=1) instead. To get a de-fragmented frame, use `newframe = frame.copy()`
  df[f"volatility_gk_lag{lag}"] = df["volatility_gk"].shift(lag)
/home/ubuntu/btc-trading-bot/features.py:328: PerformanceWarning: DataFrame is highly fragmented.  This is usually the result of calling `frame.insert` many times, which has poor performance.  Consider joining all columns at once using pd.concat(axis=1) instead. To get a de-fragmented frame, use `newframe = frame.copy()`
  df[f"volatility_vts_lag{lag}"] = df["volatility_vts"].shift(lag)
/home/ubuntu/btc-trading-bot/features.py:334: PerformanceWarning: DataFrame is highly fragmented.  This is usually the result of calling `frame.insert` many times, which has poor performance.  Consider joining all columns at once using pd.concat(axis=1) instead. To get a de-fragmented frame, use `newframe = frame.copy()`
  df["vwap_deviation"] = (df["close"] - df["VWAP"]) / (df["VWAP"] + 1e-8)
/home/ubuntu/btc-trading-bot/features.py:338: PerformanceWarning: DataFrame is highly fragmented.  This is usually the result of calling `frame.insert` many times, which has poor performance.  Consider joining all columns at once using pd.concat(axis=1) instead. To get a de-fragmented frame, use `newframe = frame.copy()`
  df["roll_spread"] = 2.0 * np.sqrt(np.maximum(0.0, -autocov))
/home/ubuntu/btc-trading-bot/features.py:339: PerformanceWarning: DataFrame is highly fragmented.  This is usually the result of calling `frame.insert` many times, which has poor performance.  Consider joining all columns at once using pd.concat(axis=1) instead. To get a de-fragmented frame, use `newframe = frame.copy()`
  df["leverage_divergence"] = df["open_interest_pct_change"] - dp_ret
/home/ubuntu/btc-trading-bot/features.py:340: PerformanceWarning: DataFrame is highly fragmented.  This is usually the result of calling `frame.insert` many times, which has poor performance.  Consider joining all columns at once using pd.concat(axis=1) instead. To get a de-fragmented frame, use `newframe = frame.copy()`
  df["oi_velocity"] = df["open_interest_pct_change"].diff(1).fillna(0.0)
/home/ubuntu/btc-trading-bot/features.py:341: PerformanceWarning: DataFrame is highly fragmented.  This is usually the result of calling `frame.insert` many times, which has poor performance.  Consider joining all columns at once using pd.concat(axis=1) instead. To get a de-fragmented frame, use `newframe = frame.copy()`
  df["funding_acceleration"] = df["funding_rate_diff"].diff(1).fillna(0.0)
/home/ubuntu/btc-trading-bot/features.py:342: PerformanceWarning: DataFrame is highly fragmented.  This is usually the result of calling `frame.insert` many times, which has poor performance.  Consider joining all columns at once using pd.concat(axis=1) instead. To get a de-fragmented frame, use `newframe = frame.copy()`
  df["bid_ask_imbalance_ohlc"] = (df["close"] - df["low"]) / (high_low_range) - 0.5
/home/ubuntu/btc-trading-bot/features.py:346: PerformanceWarning: DataFrame is highly fragmented.  This is usually the result of calling `frame.insert` many times, which has poor performance.  Consider joining all columns at once using pd.concat(axis=1) instead. To get a de-fragmented frame, use `newframe = frame.copy()`
  df[f"vwap_deviation_lag{lag}"] = df["vwap_deviation"].shift(lag)
/home/ubuntu/btc-trading-bot/features.py:347: PerformanceWarning: DataFrame is highly fragmented.  This is usually the result of calling `frame.insert` many times, which has poor performance.  Consider joining all columns at once using pd.concat(axis=1) instead. To get a de-fragmented frame, use `newframe = frame.copy()`
  df[f"roll_spread_lag{lag}"] = df["roll_spread"].shift(lag)
/home/ubuntu/btc-trading-bot/features.py:348: PerformanceWarning: DataFrame is highly fragmented.  This is usually the result of calling `frame.insert` many times, which has poor performance.  Consider joining all columns at once using pd.concat(axis=1) instead. To get a de-fragmented frame, use `newframe = frame.copy()`
  df[f"leverage_divergence_lag{lag}"] = df["leverage_divergence"].shift(lag)
/home/ubuntu/btc-trading-bot/features.py:349: PerformanceWarning: DataFrame is highly fragmented.  This is usually the result of calling `frame.insert` many times, which has poor performance.  Consider joining all columns at once using pd.concat(axis=1) instead. To get a de-fragmented frame, use `newframe = frame.copy()`
  df[f"oi_velocity_lag{lag}"] = df["oi_velocity"].shift(lag)
/home/ubuntu/btc-trading-bot/features.py:350: PerformanceWarning: DataFrame is highly fragmented.  This is usually the result of calling `frame.insert` many times, which has poor performance.  Consider joining all columns at once using pd.concat(axis=1) instead. To get a de-fragmented frame, use `newframe = frame.copy()`
  df[f"funding_acceleration_lag{lag}"] = df["funding_acceleration"].shift(lag)
/home/ubuntu/btc-trading-bot/features.py:351: PerformanceWarning: DataFrame is highly fragmented.  This is usually the result of calling `frame.insert` many times, which has poor performance.  Consider joining all columns at once using pd.concat(axis=1) instead. To get a de-fragmented frame, use `newframe = frame.copy()`
  df[f"bid_ask_imbalance_ohlc_lag{lag}"] = df["bid_ask_imbalance_ohlc"].shift(lag)
/home/ubuntu/btc-trading-bot/features.py:353: PerformanceWarning: DataFrame is highly fragmented.  This is usually the result of calling `frame.insert` many times, which has poor performance.  Consider joining all columns at once using pd.concat(axis=1) instead. To get a de-fragmented frame, use `newframe = frame.copy()`
  df[f"CVD_true_lag{lag}"] = df["CVD_true"].shift(lag)
/home/ubuntu/btc-trading-bot/features.py:355: PerformanceWarning: DataFrame is highly fragmented.  This is usually the result of calling `frame.insert` many times, which has poor performance.  Consider joining all columns at once using pd.concat(axis=1) instead. To get a de-fragmented frame, use `newframe = frame.copy()`
  df[f"OFI_true_lag{lag}"] = df["OFI_true"].shift(lag)
/home/ubuntu/btc-trading-bot/features.py:357: PerformanceWarning: DataFrame is highly fragmented.  This is usually the result of calling `frame.insert` many times, which has poor performance.  Consider joining all columns at once using pd.concat(axis=1) instead. To get a de-fragmented frame, use `newframe = frame.copy()`
  df[f"ob_imbalance_L2_lag{lag}"] = df["ob_imbalance_L2"].shift(lag)
/home/ubuntu/btc-trading-bot/features.py:359: PerformanceWarning: DataFrame is highly fragmented.  This is usually the result of calling `frame.insert` many times, which has poor performance.  Consider joining all columns at once using pd.concat(axis=1) instead. To get a de-fragmented frame, use `newframe = frame.copy()`
  df[f"ob_spread_L2_lag{lag}"] = df["ob_spread_L2"].shift(lag)
/home/ubuntu/btc-trading-bot/features.py:361: PerformanceWarning: DataFrame is highly fragmented.  This is usually the result of calling `frame.insert` many times, which has poor performance.  Consider joining all columns at once using pd.concat(axis=1) instead. To get a de-fragmented frame, use `newframe = frame.copy()`
  df[f"liq_long_1h_lag{lag}"] = df["liq_long_1h"].shift(lag)
/home/ubuntu/btc-trading-bot/features.py:363: PerformanceWarning: DataFrame is highly fragmented.  This is usually the result of calling `frame.insert` many times, which has poor performance.  Consider joining all columns at once using pd.concat(axis=1) instead. To get a de-fragmented frame, use `newframe = frame.copy()`
  df[f"liq_short_1h_lag{lag}"] = df["liq_short_1h"].shift(lag)
/home/ubuntu/btc-trading-bot/features.py:346: PerformanceWarning: DataFrame is highly fragmented.  This is usually the result of calling `frame.insert` many times, which has poor performance.  Consider joining all columns at once using pd.concat(axis=1) instead. To get a de-fragmented frame, use `newframe = frame.copy()`
  df[f"vwap_deviation_lag{lag}"] = df["vwap_deviation"].shift(lag)
/home/ubuntu/btc-trading-bot/features.py:347: PerformanceWarning: DataFrame is highly fragmented.  This is usually the result of calling `frame.insert` many times, which has poor performance.  Consider joining all columns at once using pd.concat(axis=1) instead. To get a de-fragmented frame, use `newframe = frame.copy()`
  df[f"roll_spread_lag{lag}"] = df["roll_spread"].shift(lag)
/home/ubuntu/btc-trading-bot/features.py:348: PerformanceWarning: DataFrame is highly fragmented.  This is usually the result of calling `frame.insert` many times, which has poor performance.  Consider joining all columns at once using pd.concat(axis=1) instead. To get a de-fragmented frame, use `newframe = frame.copy()`
  df[f"leverage_divergence_lag{lag}"] = df["leverage_divergence"].shift(lag)
/home/ubuntu/btc-trading-bot/features.py:349: PerformanceWarning: DataFrame is highly fragmented.  This is usually the result of calling `frame.insert` many times, which has poor performance.  Consider joining all columns at once using pd.concat(axis=1) instead. To get a de-fragmented frame, use `newframe = frame.copy()`
  df[f"oi_velocity_lag{lag}"] = df["oi_velocity"].shift(lag)
/home/ubuntu/btc-trading-bot/features.py:350: PerformanceWarning: DataFrame is highly fragmented.  This is usually the result of calling `frame.insert` many times, which has poor performance.  Consider joining all columns at once using pd.concat(axis=1) instead. To get a de-fragmented frame, use `newframe = frame.copy()`
  df[f"funding_acceleration_lag{lag}"] = df["funding_acceleration"].shift(lag)
/home/ubuntu/btc-trading-bot/features.py:351: PerformanceWarning: DataFrame is highly fragmented.  This is usually the result of calling `frame.insert` many times, which has poor performance.  Consider joining all columns at once using pd.concat(axis=1) instead. To get a de-fragmented frame, use `newframe = frame.copy()`
  df[f"bid_ask_imbalance_ohlc_lag{lag}"] = df["bid_ask_imbalance_ohlc"].shift(lag)
/home/ubuntu/btc-trading-bot/features.py:353: PerformanceWarning: DataFrame is highly fragmented.  This is usually the result of calling `frame.insert` many times, which has poor performance.  Consider joining all columns at once using pd.concat(axis=1) instead. To get a de-fragmented frame, use `newframe = frame.copy()`
  df[f"CVD_true_lag{lag}"] = df["CVD_true"].shift(lag)
/home/ubuntu/btc-trading-bot/features.py:355: PerformanceWarning: DataFrame is highly fragmented.  This is usually the result of calling `frame.insert` many times, which has poor performance.  Consider joining all columns at once using pd.concat(axis=1) instead. To get a de-fragmented frame, use `newframe = frame.copy()`
  df[f"OFI_true_lag{lag}"] = df["OFI_true"].shift(lag)
/home/ubuntu/btc-trading-bot/features.py:357: PerformanceWarning: DataFrame is highly fragmented.  This is usually the result of calling `frame.insert` many times, which has poor performance.  Consider joining all columns at once using pd.concat(axis=1) instead. To get a de-fragmented frame, use `newframe = frame.copy()`
  df[f"ob_imbalance_L2_lag{lag}"] = df["ob_imbalance_L2"].shift(lag)
/home/ubuntu/btc-trading-bot/features.py:359: PerformanceWarning: DataFrame is highly fragmented.  This is usually the result of calling `frame.insert` many times, which has poor performance.  Consider joining all columns at once using pd.concat(axis=1) instead. To get a de-fragmented frame, use `newframe = frame.copy()`
  df[f"ob_spread_L2_lag{lag}"] = df["ob_spread_L2"].shift(lag)
/home/ubuntu/btc-trading-bot/features.py:361: PerformanceWarning: DataFrame is highly fragmented.  This is usually the result of calling `frame.insert` many times, which has poor performance.  Consider joining all columns at once using pd.concat(axis=1) instead. To get a de-fragmented frame, use `newframe = frame.copy()`
  df[f"liq_long_1h_lag{lag}"] = df["liq_long_1h"].shift(lag)
/home/ubuntu/btc-trading-bot/features.py:363: PerformanceWarning: DataFrame is highly fragmented.  This is usually the result of calling `frame.insert` many times, which has poor performance.  Consider joining all columns at once using pd.concat(axis=1) instead. To get a de-fragmented frame, use `newframe = frame.copy()`
  df[f"liq_short_1h_lag{lag}"] = df["liq_short_1h"].shift(lag)
/home/ubuntu/btc-trading-bot/features.py:304: PerformanceWarning: DataFrame is highly fragmented.  This is usually the result of calling `frame.insert` many times, which has poor performance.  Consider joining all columns at once using pd.concat(axis=1) instead. To get a de-fragmented frame, use `newframe = frame.copy()`
  df[f"btc_close_lag{lag}"] = df["btc_close"].shift(lag).ffill().bfill().fillna(0.0)
/home/ubuntu/btc-trading-bot/features.py:305: PerformanceWarning: DataFrame is highly fragmented.  This is usually the result of calling `frame.insert` many times, which has poor performance.  Consider joining all columns at once using pd.concat(axis=1) instead. To get a de-fragmented frame, use `newframe = frame.copy()`
  df[f"btc_volume_lag{lag}"] = df["btc_volume"].shift(lag).ffill().bfill().fillna(0.0)
/home/ubuntu/btc-trading-bot/features.py:306: PerformanceWarning: DataFrame is highly fragmented.  This is usually the result of calling `frame.insert` many times, which has poor performance.  Consider joining all columns at once using pd.concat(axis=1) instead. To get a de-fragmented frame, use `newframe = frame.copy()`
  df[f"btc_rsi_lag{lag}"] = df["btc_rsi"].shift(lag).ffill().bfill().fillna(50.0)
/home/ubuntu/btc-trading-bot/features.py:294: PerformanceWarning: DataFrame is highly fragmented.  This is usually the result of calling `frame.insert` many times, which has poor performance.  Consider joining all columns at once using pd.concat(axis=1) instead. To get a de-fragmented frame, use `newframe = frame.copy()`
  df[f"open_interest_pct_change_lag{lag}"] = df["open_interest_pct_change"].shift(lag)
/home/ubuntu/btc-trading-bot/features.py:295: PerformanceWarning: DataFrame is highly fragmented.  This is usually the result of calling `frame.insert` many times, which has poor performance.  Consider joining all columns at once using pd.concat(axis=1) instead. To get a de-fragmented frame, use `newframe = frame.copy()`
  df[f"funding_rate_diff_lag{lag}"] = df["funding_rate_diff"].shift(lag)
/home/ubuntu/btc-trading-bot/features.py:296: PerformanceWarning: DataFrame is highly fragmented.  This is usually the result of calling `frame.insert` many times, which has poor performance.  Consider joining all columns at once using pd.concat(axis=1) instead. To get a de-fragmented frame, use `newframe = frame.copy()`
  df[f"CVD_rolling_1h_lag{lag}"] = df["CVD_rolling_1h"].shift(lag)
/home/ubuntu/btc-trading-bot/features.py:297: PerformanceWarning: DataFrame is highly fragmented.  This is usually the result of calling `frame.insert` many times, which has poor performance.  Consider joining all columns at once using pd.concat(axis=1) instead. To get a de-fragmented frame, use `newframe = frame.copy()`
  df[f"CVD_rolling_4h_lag{lag}"] = df["CVD_rolling_4h"].shift(lag)
/home/ubuntu/btc-trading-bot/features.py:298: PerformanceWarning: DataFrame is highly fragmented.  This is usually the result of calling `frame.insert` many times, which has poor performance.  Consider joining all columns at once using pd.concat(axis=1) instead. To get a de-fragmented frame, use `newframe = frame.copy()`
  df[f"upper_wick_volume_ratio_lag{lag}"] = df["upper_wick_volume_ratio"].shift(lag)
/home/ubuntu/btc-trading-bot/features.py:299: PerformanceWarning: DataFrame is highly fragmented.  This is usually the result of calling `frame.insert` many times, which has poor performance.  Consider joining all columns at once using pd.concat(axis=1) instead. To get a de-fragmented frame, use `newframe = frame.copy()`
  df[f"lower_wick_volume_ratio_lag{lag}"] = df["lower_wick_volume_ratio"].shift(lag)
/home/ubuntu/btc-trading-bot/features.py:302: PerformanceWarning: DataFrame is highly fragmented.  This is usually the result of calling `frame.insert` many times, which has poor performance.  Consider joining all columns at once using pd.concat(axis=1) instead. To get a de-fragmented frame, use `newframe = frame.copy()`
  df[f"oi_change_1h_lag{lag}"] = df["oi_change_1h"].shift(lag).fillna(0.0)
/home/ubuntu/btc-trading-bot/features.py:303: PerformanceWarning: DataFrame is highly fragmented.  This is usually the result of calling `frame.insert` many times, which has poor performance.  Consider joining all columns at once using pd.concat(axis=1) instead. To get a de-fragmented frame, use `newframe = frame.copy()`
  df[f"oi_change_4h_lag{lag}"] = df["oi_change_4h"].shift(lag).fillna(0.0)
/home/ubuntu/btc-trading-bot/features.py:304: PerformanceWarning: DataFrame is highly fragmented.  This is usually the result of calling `frame.insert` many times, which has poor performance.  Consider joining all columns at once using pd.concat(axis=1) instead. To get a de-fragmented frame, use `newframe = frame.copy()`
  df[f"btc_close_lag{lag}"] = df["btc_close"].shift(lag).ffill().bfill().fillna(0.0)
/home/ubuntu/btc-trading-bot/features.py:305: PerformanceWarning: DataFrame is highly fragmented.  This is usually the result of calling `frame.insert` many times, which has poor performance.  Consider joining all columns at once using pd.concat(axis=1) instead. To get a de-fragmented frame, use `newframe = frame.copy()`
  df[f"btc_volume_lag{lag}"] = df["btc_volume"].shift(lag).ffill().bfill().fillna(0.0)
/home/ubuntu/btc-trading-bot/features.py:306: PerformanceWarning: DataFrame is highly fragmented.  This is usually the result of calling `frame.insert` many times, which has poor performance.  Consider joining all columns at once using pd.concat(axis=1) instead. To get a de-fragmented frame, use `newframe = frame.copy()`
  df[f"btc_rsi_lag{lag}"] = df["btc_rsi"].shift(lag).ffill().bfill().fillna(50.0)
/home/ubuntu/btc-trading-bot/features.py:310: PerformanceWarning: DataFrame is highly fragmented.  This is usually the result of calling `frame.insert` many times, which has poor performance.  Consider joining all columns at once using pd.concat(axis=1) instead. To get a de-fragmented frame, use `newframe = frame.copy()`
  df["hour_sin"] = np.sin(2 * np.pi * datetime_series.dt.hour / 24.0)
/home/ubuntu/btc-trading-bot/features.py:311: PerformanceWarning: DataFrame is highly fragmented.  This is usually the result of calling `frame.insert` many times, which has poor performance.  Consider joining all columns at once using pd.concat(axis=1) instead. To get a de-fragmented frame, use `newframe = frame.copy()`
  df["hour_cos"] = np.cos(2 * np.pi * datetime_series.dt.hour / 24.0)
/home/ubuntu/btc-trading-bot/features.py:312: PerformanceWarning: DataFrame is highly fragmented.  This is usually the result of calling `frame.insert` many times, which has poor performance.  Consider joining all columns at once using pd.concat(axis=1) instead. To get a de-fragmented frame, use `newframe = frame.copy()`
  df["day_of_week_sin"] = np.sin(2 * np.pi * datetime_series.dt.dayofweek / 7.0)
/home/ubuntu/btc-trading-bot/features.py:313: PerformanceWarning: DataFrame is highly fragmented.  This is usually the result of calling `frame.insert` many times, which has poor performance.  Consider joining all columns at once using pd.concat(axis=1) instead. To get a de-fragmented frame, use `newframe = frame.copy()`
  df["day_of_week_cos"] = np.cos(2 * np.pi * datetime_series.dt.dayofweek / 7.0)
/home/ubuntu/btc-trading-bot/features.py:316: PerformanceWarning: DataFrame is highly fragmented.  This is usually the result of calling `frame.insert` many times, which has poor performance.  Consider joining all columns at once using pd.concat(axis=1) instead. To get a de-fragmented frame, use `newframe = frame.copy()`
  df["close_to_Kalman"] = calculate_kalman_feature(df["close"].values, df["ATR_norm"].values)
/home/ubuntu/btc-trading-bot/features.py:318: PerformanceWarning: DataFrame is highly fragmented.  This is usually the result of calling `frame.insert` many times, which has poor performance.  Consider joining all columns at once using pd.concat(axis=1) instead. To get a de-fragmented frame, use `newframe = frame.copy()`
  df[f"close_to_Kalman_lag{lag}"] = df["close_to_Kalman"].shift(lag)
/home/ubuntu/btc-trading-bot/features.py:318: PerformanceWarning: DataFrame is highly fragmented.  This is usually the result of calling `frame.insert` many times, which has poor performance.  Consider joining all columns at once using pd.concat(axis=1) instead. To get a de-fragmented frame, use `newframe = frame.copy()`
  df[f"close_to_Kalman_lag{lag}"] = df["close_to_Kalman"].shift(lag)
/home/ubuntu/btc-trading-bot/features.py:321: PerformanceWarning: DataFrame is highly fragmented.  This is usually the result of calling `frame.insert` many times, which has poor performance.  Consider joining all columns at once using pd.concat(axis=1) instead. To get a de-fragmented frame, use `newframe = frame.copy()`
  df["volatility_gk"] = calculate_garman_klass_vol(df, window=14)
/home/ubuntu/btc-trading-bot/features.py:325: PerformanceWarning: DataFrame is highly fragmented.  This is usually the result of calling `frame.insert` many times, which has poor performance.  Consider joining all columns at once using pd.concat(axis=1) instead. To get a de-fragmented frame, use `newframe = frame.copy()`
  df["volatility_vts"] = gk_5 / (gk_60 + 1e-8)
/home/ubuntu/btc-trading-bot/features.py:327: PerformanceWarning: DataFrame is highly fragmented.  This is usually the result of calling `frame.insert` many times, which has poor performance.  Consider joining all columns at once using pd.concat(axis=1) instead. To get a de-fragmented frame, use `newframe = frame.copy()`
  df[f"volatility_gk_lag{lag}"] = df["volatility_gk"].shift(lag)
/home/ubuntu/btc-trading-bot/features.py:328: PerformanceWarning: DataFrame is highly fragmented.  This is usually the result of calling `frame.insert` many times, which has poor performance.  Consider joining all columns at once using pd.concat(axis=1) instead. To get a de-fragmented frame, use `newframe = frame.copy()`
  df[f"volatility_vts_lag{lag}"] = df["volatility_vts"].shift(lag)
/home/ubuntu/btc-trading-bot/features.py:327: PerformanceWarning: DataFrame is highly fragmented.  This is usually the result of calling `frame.insert` many times, which has poor performance.  Consider joining all columns at once using pd.concat(axis=1) instead. To get a de-fragmented frame, use `newframe = frame.copy()`
  df[f"volatility_gk_lag{lag}"] = df["volatility_gk"].shift(lag)
/home/ubuntu/btc-trading-bot/features.py:328: PerformanceWarning: DataFrame is highly fragmented.  This is usually the result of calling `frame.insert` many times, which has poor performance.  Consider joining all columns at once using pd.concat(axis=1) instead. To get a de-fragmented frame, use `newframe = frame.copy()`
  df[f"volatility_vts_lag{lag}"] = df["volatility_vts"].shift(lag)
/home/ubuntu/btc-trading-bot/features.py:334: PerformanceWarning: DataFrame is highly fragmented.  This is usually the result of calling `frame.insert` many times, which has poor performance.  Consider joining all columns at once using pd.concat(axis=1) instead. To get a de-fragmented frame, use `newframe = frame.copy()`
  df["vwap_deviation"] = (df["close"] - df["VWAP"]) / (df["VWAP"] + 1e-8)
/home/ubuntu/btc-trading-bot/features.py:338: PerformanceWarning: DataFrame is highly fragmented.  This is usually the result of calling `frame.insert` many times, which has poor performance.  Consider joining all columns at once using pd.concat(axis=1) instead. To get a de-fragmented frame, use `newframe = frame.copy()`
  df["roll_spread"] = 2.0 * np.sqrt(np.maximum(0.0, -autocov))
/home/ubuntu/btc-trading-bot/features.py:339: PerformanceWarning: DataFrame is highly fragmented.  This is usually the result of calling `frame.insert` many times, which has poor performance.  Consider joining all columns at once using pd.concat(axis=1) instead. To get a de-fragmented frame, use `newframe = frame.copy()`
  df["leverage_divergence"] = df["open_interest_pct_change"] - dp_ret
/home/ubuntu/btc-trading-bot/features.py:340: PerformanceWarning: DataFrame is highly fragmented.  This is usually the result of calling `frame.insert` many times, which has poor performance.  Consider joining all columns at once using pd.concat(axis=1) instead. To get a de-fragmented frame, use `newframe = frame.copy()`
  df["oi_velocity"] = df["open_interest_pct_change"].diff(1).fillna(0.0)
/home/ubuntu/btc-trading-bot/features.py:341: PerformanceWarning: DataFrame is highly fragmented.  This is usually the result of calling `frame.insert` many times, which has poor performance.  Consider joining all columns at once using pd.concat(axis=1) instead. To get a de-fragmented frame, use `newframe = frame.copy()`
  df["funding_acceleration"] = df["funding_rate_diff"].diff(1).fillna(0.0)
/home/ubuntu/btc-trading-bot/features.py:342: PerformanceWarning: DataFrame is highly fragmented.  This is usually the result of calling `frame.insert` many times, which has poor performance.  Consider joining all columns at once using pd.concat(axis=1) instead. To get a de-fragmented frame, use `newframe = frame.copy()`
  df["bid_ask_imbalance_ohlc"] = (df["close"] - df["low"]) / (high_low_range) - 0.5
/home/ubuntu/btc-trading-bot/features.py:346: PerformanceWarning: DataFrame is highly fragmented.  This is usually the result of calling `frame.insert` many times, which has poor performance.  Consider joining all columns at once using pd.concat(axis=1) instead. To get a de-fragmented frame, use `newframe = frame.copy()`
  df[f"vwap_deviation_lag{lag}"] = df["vwap_deviation"].shift(lag)
/home/ubuntu/btc-trading-bot/features.py:347: PerformanceWarning: DataFrame is highly fragmented.  This is usually the result of calling `frame.insert` many times, which has poor performance.  Consider joining all columns at once using pd.concat(axis=1) instead. To get a de-fragmented frame, use `newframe = frame.copy()`
  df[f"roll_spread_lag{lag}"] = df["roll_spread"].shift(lag)
/home/ubuntu/btc-trading-bot/features.py:348: PerformanceWarning: DataFrame is highly fragmented.  This is usually the result of calling `frame.insert` many times, which has poor performance.  Consider joining all columns at once using pd.concat(axis=1) instead. To get a de-fragmented frame, use `newframe = frame.copy()`
  df[f"leverage_divergence_lag{lag}"] = df["leverage_divergence"].shift(lag)
/home/ubuntu/btc-trading-bot/features.py:349: PerformanceWarning: DataFrame is highly fragmented.  This is usually the result of calling `frame.insert` many times, which has poor performance.  Consider joining all columns at once using pd.concat(axis=1) instead. To get a de-fragmented frame, use `newframe = frame.copy()`
  df[f"oi_velocity_lag{lag}"] = df["oi_velocity"].shift(lag)
/home/ubuntu/btc-trading-bot/features.py:350: PerformanceWarning: DataFrame is highly fragmented.  This is usually the result of calling `frame.insert` many times, which has poor performance.  Consider joining all columns at once using pd.concat(axis=1) instead. To get a de-fragmented frame, use `newframe = frame.copy()`
  df[f"funding_acceleration_lag{lag}"] = df["funding_acceleration"].shift(lag)
/home/ubuntu/btc-trading-bot/features.py:351: PerformanceWarning: DataFrame is highly fragmented.  This is usually the result of calling `frame.insert` many times, which has poor performance.  Consider joining all columns at once using pd.concat(axis=1) instead. To get a de-fragmented frame, use `newframe = frame.copy()`
  df[f"bid_ask_imbalance_ohlc_lag{lag}"] = df["bid_ask_imbalance_ohlc"].shift(lag)
/home/ubuntu/btc-trading-bot/features.py:353: PerformanceWarning: DataFrame is highly fragmented.  This is usually the result of calling `frame.insert` many times, which has poor performance.  Consider joining all columns at once using pd.concat(axis=1) instead. To get a de-fragmented frame, use `newframe = frame.copy()`
  df[f"CVD_true_lag{lag}"] = df["CVD_true"].shift(lag)
/home/ubuntu/btc-trading-bot/features.py:355: PerformanceWarning: DataFrame is highly fragmented.  This is usually the result of calling `frame.insert` many times, which has poor performance.  Consider joining all columns at once using pd.concat(axis=1) instead. To get a de-fragmented frame, use `newframe = frame.copy()`
  df[f"OFI_true_lag{lag}"] = df["OFI_true"].shift(lag)
/home/ubuntu/btc-trading-bot/features.py:357: PerformanceWarning: DataFrame is highly fragmented.  This is usually the result of calling `frame.insert` many times, which has poor performance.  Consider joining all columns at once using pd.concat(axis=1) instead. To get a de-fragmented frame, use `newframe = frame.copy()`
  df[f"ob_imbalance_L2_lag{lag}"] = df["ob_imbalance_L2"].shift(lag)
/home/ubuntu/btc-trading-bot/features.py:359: PerformanceWarning: DataFrame is highly fragmented.  This is usually the result of calling `frame.insert` many times, which has poor performance.  Consider joining all columns at once using pd.concat(axis=1) instead. To get a de-fragmented frame, use `newframe = frame.copy()`
  df[f"ob_spread_L2_lag{lag}"] = df["ob_spread_L2"].shift(lag)
/home/ubuntu/btc-trading-bot/features.py:361: PerformanceWarning: DataFrame is highly fragmented.  This is usually the result of calling `frame.insert` many times, which has poor performance.  Consider joining all columns at once using pd.concat(axis=1) instead. To get a de-fragmented frame, use `newframe = frame.copy()`
  df[f"liq_long_1h_lag{lag}"] = df["liq_long_1h"].shift(lag)
/home/ubuntu/btc-trading-bot/features.py:363: PerformanceWarning: DataFrame is highly fragmented.  This is usually the result of calling `frame.insert` many times, which has poor performance.  Consider joining all columns at once using pd.concat(axis=1) instead. To get a de-fragmented frame, use `newframe = frame.copy()`
  df[f"liq_short_1h_lag{lag}"] = df["liq_short_1h"].shift(lag)
/home/ubuntu/btc-trading-bot/features.py:346: PerformanceWarning: DataFrame is highly fragmented.  This is usually the result of calling `frame.insert` many times, which has poor performance.  Consider joining all columns at once using pd.concat(axis=1) instead. To get a de-fragmented frame, use `newframe = frame.copy()`
  df[f"vwap_deviation_lag{lag}"] = df["vwap_deviation"].shift(lag)
/home/ubuntu/btc-trading-bot/features.py:347: PerformanceWarning: DataFrame is highly fragmented.  This is usually the result of calling `frame.insert` many times, which has poor performance.  Consider joining all columns at once using pd.concat(axis=1) instead. To get a de-fragmented frame, use `newframe = frame.copy()`
  df[f"roll_spread_lag{lag}"] = df["roll_spread"].shift(lag)
/home/ubuntu/btc-trading-bot/features.py:348: PerformanceWarning: DataFrame is highly fragmented.  This is usually the result of calling `frame.insert` many times, which has poor performance.  Consider joining all columns at once using pd.concat(axis=1) instead. To get a de-fragmented frame, use `newframe = frame.copy()`
  df[f"leverage_divergence_lag{lag}"] = df["leverage_divergence"].shift(lag)
/home/ubuntu/btc-trading-bot/features.py:349: PerformanceWarning: DataFrame is highly fragmented.  This is usually the result of calling `frame.insert` many times, which has poor performance.  Consider joining all columns at once using pd.concat(axis=1) instead. To get a de-fragmented frame, use `newframe = frame.copy()`
  df[f"oi_velocity_lag{lag}"] = df["oi_velocity"].shift(lag)
/home/ubuntu/btc-trading-bot/features.py:350: PerformanceWarning: DataFrame is highly fragmented.  This is usually the result of calling `frame.insert` many times, which has poor performance.  Consider joining all columns at once using pd.concat(axis=1) instead. To get a de-fragmented frame, use `newframe = frame.copy()`
  df[f"funding_acceleration_lag{lag}"] = df["funding_acceleration"].shift(lag)
/home/ubuntu/btc-trading-bot/features.py:351: PerformanceWarning: DataFrame is highly fragmented.  This is usually the result of calling `frame.insert` many times, which has poor performance.  Consider joining all columns at once using pd.concat(axis=1) instead. To get a de-fragmented frame, use `newframe = frame.copy()`
  df[f"bid_ask_imbalance_ohlc_lag{lag}"] = df["bid_ask_imbalance_ohlc"].shift(lag)
/home/ubuntu/btc-trading-bot/features.py:353: PerformanceWarning: DataFrame is highly fragmented.  This is usually the result of calling `frame.insert` many times, which has poor performance.  Consider joining all columns at once using pd.concat(axis=1) instead. To get a de-fragmented frame, use `newframe = frame.copy()`
  df[f"CVD_true_lag{lag}"] = df["CVD_true"].shift(lag)
/home/ubuntu/btc-trading-bot/features.py:355: PerformanceWarning: DataFrame is highly fragmented.  This is usually the result of calling `frame.insert` many times, which has poor performance.  Consider joining all columns at once using pd.concat(axis=1) instead. To get a de-fragmented frame, use `newframe = frame.copy()`
  df[f"OFI_true_lag{lag}"] = df["OFI_true"].shift(lag)
/home/ubuntu/btc-trading-bot/features.py:357: PerformanceWarning: DataFrame is highly fragmented.  This is usually the result of calling `frame.insert` many times, which has poor performance.  Consider joining all columns at once using pd.concat(axis=1) instead. To get a de-fragmented frame, use `newframe = frame.copy()`
  df[f"ob_imbalance_L2_lag{lag}"] = df["ob_imbalance_L2"].shift(lag)
/home/ubuntu/btc-trading-bot/features.py:359: PerformanceWarning: DataFrame is highly fragmented.  This is usually the result of calling `frame.insert` many times, which has poor performance.  Consider joining all columns at once using pd.concat(axis=1) instead. To get a de-fragmented frame, use `newframe = frame.copy()`
  df[f"ob_spread_L2_lag{lag}"] = df["ob_spread_L2"].shift(lag)
/home/ubuntu/btc-trading-bot/features.py:361: PerformanceWarning: DataFrame is highly fragmented.  This is usually the result of calling `frame.insert` many times, which has poor performance.  Consider joining all columns at once using pd.concat(axis=1) instead. To get a de-fragmented frame, use `newframe = frame.copy()`
  df[f"liq_long_1h_lag{lag}"] = df["liq_long_1h"].shift(lag)
/home/ubuntu/btc-trading-bot/features.py:363: PerformanceWarning: DataFrame is highly fragmented.  This is usually the result of calling `frame.insert` many times, which has poor performance.  Consider joining all columns at once using pd.concat(axis=1) instead. To get a de-fragmented frame, use `newframe = frame.copy()`
  df[f"liq_short_1h_lag{lag}"] = df["liq_short_1h"].shift(lag)
/home/ubuntu/btc-trading-bot/features.py:304: PerformanceWarning: DataFrame is highly fragmented.  This is usually the result of calling `frame.insert` many times, which has poor performance.  Consider joining all columns at once using pd.concat(axis=1) instead. To get a de-fragmented frame, use `newframe = frame.copy()`
  df[f"btc_close_lag{lag}"] = df["btc_close"].shift(lag).ffill().bfill().fillna(0.0)
/home/ubuntu/btc-trading-bot/features.py:305: PerformanceWarning: DataFrame is highly fragmented.  This is usually the result of calling `frame.insert` many times, which has poor performance.  Consider joining all columns at once using pd.concat(axis=1) instead. To get a de-fragmented frame, use `newframe = frame.copy()`
  df[f"btc_volume_lag{lag}"] = df["btc_volume"].shift(lag).ffill().bfill().fillna(0.0)
/home/ubuntu/btc-trading-bot/features.py:306: PerformanceWarning: DataFrame is highly fragmented.  This is usually the result of calling `frame.insert` many times, which has poor performance.  Consider joining all columns at once using pd.concat(axis=1) instead. To get a de-fragmented frame, use `newframe = frame.copy()`
  df[f"btc_rsi_lag{lag}"] = df["btc_rsi"].shift(lag).ffill().bfill().fillna(50.0)
/home/ubuntu/btc-trading-bot/features.py:294: PerformanceWarning: DataFrame is highly fragmented.  This is usually the result of calling `frame.insert` many times, which has poor performance.  Consider joining all columns at once using pd.concat(axis=1) instead. To get a de-fragmented frame, use `newframe = frame.copy()`
  df[f"open_interest_pct_change_lag{lag}"] = df["open_interest_pct_change"].shift(lag)
/home/ubuntu/btc-trading-bot/features.py:295: PerformanceWarning: DataFrame is highly fragmented.  This is usually the result of calling `frame.insert` many times, which has poor performance.  Consider joining all columns at once using pd.concat(axis=1) instead. To get a de-fragmented frame, use `newframe = frame.copy()`
  df[f"funding_rate_diff_lag{lag}"] = df["funding_rate_diff"].shift(lag)
/home/ubuntu/btc-trading-bot/features.py:296: PerformanceWarning: DataFrame is highly fragmented.  This is usually the result of calling `frame.insert` many times, which has poor performance.  Consider joining all columns at once using pd.concat(axis=1) instead. To get a de-fragmented frame, use `newframe = frame.copy()`
  df[f"CVD_rolling_1h_lag{lag}"] = df["CVD_rolling_1h"].shift(lag)
/home/ubuntu/btc-trading-bot/features.py:297: PerformanceWarning: DataFrame is highly fragmented.  This is usually the result of calling `frame.insert` many times, which has poor performance.  Consider joining all columns at once using pd.concat(axis=1) instead. To get a de-fragmented frame, use `newframe = frame.copy()`
  df[f"CVD_rolling_4h_lag{lag}"] = df["CVD_rolling_4h"].shift(lag)
/home/ubuntu/btc-trading-bot/features.py:298: PerformanceWarning: DataFrame is highly fragmented.  This is usually the result of calling `frame.insert` many times, which has poor performance.  Consider joining all columns at once using pd.concat(axis=1) instead. To get a de-fragmented frame, use `newframe = frame.copy()`
  df[f"upper_wick_volume_ratio_lag{lag}"] = df["upper_wick_volume_ratio"].shift(lag)
/home/ubuntu/btc-trading-bot/features.py:299: PerformanceWarning: DataFrame is highly fragmented.  This is usually the result of calling `frame.insert` many times, which has poor performance.  Consider joining all columns at once using pd.concat(axis=1) instead. To get a de-fragmented frame, use `newframe = frame.copy()`
  df[f"lower_wick_volume_ratio_lag{lag}"] = df["lower_wick_volume_ratio"].shift(lag)
/home/ubuntu/btc-trading-bot/features.py:302: PerformanceWarning: DataFrame is highly fragmented.  This is usually the result of calling `frame.insert` many times, which has poor performance.  Consider joining all columns at once using pd.concat(axis=1) instead. To get a de-fragmented frame, use `newframe = frame.copy()`
  df[f"oi_change_1h_lag{lag}"] = df["oi_change_1h"].shift(lag).fillna(0.0)
/home/ubuntu/btc-trading-bot/features.py:303: PerformanceWarning: DataFrame is highly fragmented.  This is usually the result of calling `frame.insert` many times, which has poor performance.  Consider joining all columns at once using pd.concat(axis=1) instead. To get a de-fragmented frame, use `newframe = frame.copy()`
  df[f"oi_change_4h_lag{lag}"] = df["oi_change_4h"].shift(lag).fillna(0.0)
/home/ubuntu/btc-trading-bot/features.py:304: PerformanceWarning: DataFrame is highly fragmented.  This is usually the result of calling `frame.insert` many times, which has poor performance.  Consider joining all columns at once using pd.concat(axis=1) instead. To get a de-fragmented frame, use `newframe = frame.copy()`
  df[f"btc_close_lag{lag}"] = df["btc_close"].shift(lag).ffill().bfill().fillna(0.0)
/home/ubuntu/btc-trading-bot/features.py:305: PerformanceWarning: DataFrame is highly fragmented.  This is usually the result of calling `frame.insert` many times, which has poor performance.  Consider joining all columns at once using pd.concat(axis=1) instead. To get a de-fragmented frame, use `newframe = frame.copy()`
  df[f"btc_volume_lag{lag}"] = df["btc_volume"].shift(lag).ffill().bfill().fillna(0.0)
/home/ubuntu/btc-trading-bot/features.py:306: PerformanceWarning: DataFrame is highly fragmented.  This is usually the result of calling `frame.insert` many times, which has poor performance.  Consider joining all columns at once using pd.concat(axis=1) instead. To get a de-fragmented frame, use `newframe = frame.copy()`
  df[f"btc_rsi_lag{lag}"] = df["btc_rsi"].shift(lag).ffill().bfill().fillna(50.0)
/home/ubuntu/btc-trading-bot/features.py:310: PerformanceWarning: DataFrame is highly fragmented.  This is usually the result of calling `frame.insert` many times, which has poor performance.  Consider joining all columns at once using pd.concat(axis=1) instead. To get a de-fragmented frame, use `newframe = frame.copy()`
  df["hour_sin"] = np.sin(2 * np.pi * datetime_series.dt.hour / 24.0)
/home/ubuntu/btc-trading-bot/features.py:311: PerformanceWarning: DataFrame is highly fragmented.  This is usually the result of calling `frame.insert` many times, which has poor performance.  Consider joining all columns at once using pd.concat(axis=1) instead. To get a de-fragmented frame, use `newframe = frame.copy()`
  df["hour_cos"] = np.cos(2 * np.pi * datetime_series.dt.hour / 24.0)
/home/ubuntu/btc-trading-bot/features.py:312: PerformanceWarning: DataFrame is highly fragmented.  This is usually the result of calling `frame.insert` many times, which has poor performance.  Consider joining all columns at once using pd.concat(axis=1) instead. To get a de-fragmented frame, use `newframe = frame.copy()`
  df["day_of_week_sin"] = np.sin(2 * np.pi * datetime_series.dt.dayofweek / 7.0)
/home/ubuntu/btc-trading-bot/features.py:313: PerformanceWarning: DataFrame is highly fragmented.  This is usually the result of calling `frame.insert` many times, which has poor performance.  Consider joining all columns at once using pd.concat(axis=1) instead. To get a de-fragmented frame, use `newframe = frame.copy()`
  df["day_of_week_cos"] = np.cos(2 * np.pi * datetime_series.dt.dayofweek / 7.0)
/home/ubuntu/btc-trading-bot/features.py:316: PerformanceWarning: DataFrame is highly fragmented.  This is usually the result of calling `frame.insert` many times, which has poor performance.  Consider joining all columns at once using pd.concat(axis=1) instead. To get a de-fragmented frame, use `newframe = frame.copy()`
  df["close_to_Kalman"] = calculate_kalman_feature(df["close"].values, df["ATR_norm"].values)
/home/ubuntu/btc-trading-bot/features.py:318: PerformanceWarning: DataFrame is highly fragmented.  This is usually the result of calling `frame.insert` many times, which has poor performance.  Consider joining all columns at once using pd.concat(axis=1) instead. To get a de-fragmented frame, use `newframe = frame.copy()`
  df[f"close_to_Kalman_lag{lag}"] = df["close_to_Kalman"].shift(lag)
/home/ubuntu/btc-trading-bot/features.py:318: PerformanceWarning: DataFrame is highly fragmented.  This is usually the result of calling `frame.insert` many times, which has poor performance.  Consider joining all columns at once using pd.concat(axis=1) instead. To get a de-fragmented frame, use `newframe = frame.copy()`
  df[f"close_to_Kalman_lag{lag}"] = df["close_to_Kalman"].shift(lag)
/home/ubuntu/btc-trading-bot/features.py:321: PerformanceWarning: DataFrame is highly fragmented.  This is usually the result of calling `frame.insert` many times, which has poor performance.  Consider joining all columns at once using pd.concat(axis=1) instead. To get a de-fragmented frame, use `newframe = frame.copy()`
  df["volatility_gk"] = calculate_garman_klass_vol(df, window=14)
/home/ubuntu/btc-trading-bot/features.py:325: PerformanceWarning: DataFrame is highly fragmented.  This is usually the result of calling `frame.insert` many times, which has poor performance.  Consider joining all columns at once using pd.concat(axis=1) instead. To get a de-fragmented frame, use `newframe = frame.copy()`
  df["volatility_vts"] = gk_5 / (gk_60 + 1e-8)
/home/ubuntu/btc-trading-bot/features.py:327: PerformanceWarning: DataFrame is highly fragmented.  This is usually the result of calling `frame.insert` many times, which has poor performance.  Consider joining all columns at once using pd.concat(axis=1) instead. To get a de-fragmented frame, use `newframe = frame.copy()`
  df[f"volatility_gk_lag{lag}"] = df["volatility_gk"].shift(lag)
/home/ubuntu/btc-trading-bot/features.py:328: PerformanceWarning: DataFrame is highly fragmented.  This is usually the result of calling `frame.insert` many times, which has poor performance.  Consider joining all columns at once using pd.concat(axis=1) instead. To get a de-fragmented frame, use `newframe = frame.copy()`
  df[f"volatility_vts_lag{lag}"] = df["volatility_vts"].shift(lag)
/home/ubuntu/btc-trading-bot/features.py:327: PerformanceWarning: DataFrame is highly fragmented.  This is usually the result of calling `frame.insert` many times, which has poor performance.  Consider joining all columns at once using pd.concat(axis=1) instead. To get a de-fragmented frame, use `newframe = frame.copy()`
  df[f"volatility_gk_lag{lag}"] = df["volatility_gk"].shift(lag)
/home/ubuntu/btc-trading-bot/features.py:328: PerformanceWarning: DataFrame is highly fragmented.  This is usually the result of calling `frame.insert` many times, which has poor performance.  Consider joining all columns at once using pd.concat(axis=1) instead. To get a de-fragmented frame, use `newframe = frame.copy()`
  df[f"volatility_vts_lag{lag}"] = df["volatility_vts"].shift(lag)
/home/ubuntu/btc-trading-bot/features.py:334: PerformanceWarning: DataFrame is highly fragmented.  This is usually the result of calling `frame.insert` many times, which has poor performance.  Consider joining all columns at once using pd.concat(axis=1) instead. To get a de-fragmented frame, use `newframe = frame.copy()`
  df["vwap_deviation"] = (df["close"] - df["VWAP"]) / (df["VWAP"] + 1e-8)
/home/ubuntu/btc-trading-bot/features.py:338: PerformanceWarning: DataFrame is highly fragmented.  This is usually the result of calling `frame.insert` many times, which has poor performance.  Consider joining all columns at once using pd.concat(axis=1) instead. To get a de-fragmented frame, use `newframe = frame.copy()`
  df["roll_spread"] = 2.0 * np.sqrt(np.maximum(0.0, -autocov))
/home/ubuntu/btc-trading-bot/features.py:339: PerformanceWarning: DataFrame is highly fragmented.  This is usually the result of calling `frame.insert` many times, which has poor performance.  Consider joining all columns at once using pd.concat(axis=1) instead. To get a de-fragmented frame, use `newframe = frame.copy()`
  df["leverage_divergence"] = df["open_interest_pct_change"] - dp_ret
/home/ubuntu/btc-trading-bot/features.py:340: PerformanceWarning: DataFrame is highly fragmented.  This is usually the result of calling `frame.insert` many times, which has poor performance.  Consider joining all columns at once using pd.concat(axis=1) instead. To get a de-fragmented frame, use `newframe = frame.copy()`
  df["oi_velocity"] = df["open_interest_pct_change"].diff(1).fillna(0.0)
/home/ubuntu/btc-trading-bot/features.py:341: PerformanceWarning: DataFrame is highly fragmented.  This is usually the result of calling `frame.insert` many times, which has poor performance.  Consider joining all columns at once using pd.concat(axis=1) instead. To get a de-fragmented frame, use `newframe = frame.copy()`
  df["funding_acceleration"] = df["funding_rate_diff"].diff(1).fillna(0.0)
/home/ubuntu/btc-trading-bot/features.py:342: PerformanceWarning: DataFrame is highly fragmented.  This is usually the result of calling `frame.insert` many times, which has poor performance.  Consider joining all columns at once using pd.concat(axis=1) instead. To get a de-fragmented frame, use `newframe = frame.copy()`
  df["bid_ask_imbalance_ohlc"] = (df["close"] - df["low"]) / (high_low_range) - 0.5
/home/ubuntu/btc-trading-bot/features.py:346: PerformanceWarning: DataFrame is highly fragmented.  This is usually the result of calling `frame.insert` many times, which has poor performance.  Consider joining all columns at once using pd.concat(axis=1) instead. To get a de-fragmented frame, use `newframe = frame.copy()`
  df[f"vwap_deviation_lag{lag}"] = df["vwap_deviation"].shift(lag)
/home/ubuntu/btc-trading-bot/features.py:347: PerformanceWarning: DataFrame is highly fragmented.  This is usually the result of calling `frame.insert` many times, which has poor performance.  Consider joining all columns at once using pd.concat(axis=1) instead. To get a de-fragmented frame, use `newframe = frame.copy()`
  df[f"roll_spread_lag{lag}"] = df["roll_spread"].shift(lag)
/home/ubuntu/btc-trading-bot/features.py:348: PerformanceWarning: DataFrame is highly fragmented.  This is usually the result of calling `frame.insert` many times, which has poor performance.  Consider joining all columns at once using pd.concat(axis=1) instead. To get a de-fragmented frame, use `newframe = frame.copy()`
  df[f"leverage_divergence_lag{lag}"] = df["leverage_divergence"].shift(lag)
/home/ubuntu/btc-trading-bot/features.py:349: PerformanceWarning: DataFrame is highly fragmented.  This is usually the result of calling `frame.insert` many times, which has poor performance.  Consider joining all columns at once using pd.concat(axis=1) instead. To get a de-fragmented frame, use `newframe = frame.copy()`
  df[f"oi_velocity_lag{lag}"] = df["oi_velocity"].shift(lag)
/home/ubuntu/btc-trading-bot/features.py:350: PerformanceWarning: DataFrame is highly fragmented.  This is usually the result of calling `frame.insert` many times, which has poor performance.  Consider joining all columns at once using pd.concat(axis=1) instead. To get a de-fragmented frame, use `newframe = frame.copy()`
  df[f"funding_acceleration_lag{lag}"] = df["funding_acceleration"].shift(lag)
/home/ubuntu/btc-trading-bot/features.py:351: PerformanceWarning: DataFrame is highly fragmented.  This is usually the result of calling `frame.insert` many times, which has poor performance.  Consider joining all columns at once using pd.concat(axis=1) instead. To get a de-fragmented frame, use `newframe = frame.copy()`
  df[f"bid_ask_imbalance_ohlc_lag{lag}"] = df["bid_ask_imbalance_ohlc"].shift(lag)
/home/ubuntu/btc-trading-bot/features.py:353: PerformanceWarning: DataFrame is highly fragmented.  This is usually the result of calling `frame.insert` many times, which has poor performance.  Consider joining all columns at once using pd.concat(axis=1) instead. To get a de-fragmented frame, use `newframe = frame.copy()`
  df[f"CVD_true_lag{lag}"] = df["CVD_true"].shift(lag)
/home/ubuntu/btc-trading-bot/features.py:355: PerformanceWarning: DataFrame is highly fragmented.  This is usually the result of calling `frame.insert` many times, which has poor performance.  Consider joining all columns at once using pd.concat(axis=1) instead. To get a de-fragmented frame, use `newframe = frame.copy()`
  df[f"OFI_true_lag{lag}"] = df["OFI_true"].shift(lag)
/home/ubuntu/btc-trading-bot/features.py:357: PerformanceWarning: DataFrame is highly fragmented.  This is usually the result of calling `frame.insert` many times, which has poor performance.  Consider joining all columns at once using pd.concat(axis=1) instead. To get a de-fragmented frame, use `newframe = frame.copy()`
  df[f"ob_imbalance_L2_lag{lag}"] = df["ob_imbalance_L2"].shift(lag)
/home/ubuntu/btc-trading-bot/features.py:359: PerformanceWarning: DataFrame is highly fragmented.  This is usually the result of calling `frame.insert` many times, which has poor performance.  Consider joining all columns at once using pd.concat(axis=1) instead. To get a de-fragmented frame, use `newframe = frame.copy()`
  df[f"ob_spread_L2_lag{lag}"] = df["ob_spread_L2"].shift(lag)
/home/ubuntu/btc-trading-bot/features.py:361: PerformanceWarning: DataFrame is highly fragmented.  This is usually the result of calling `frame.insert` many times, which has poor performance.  Consider joining all columns at once using pd.concat(axis=1) instead. To get a de-fragmented frame, use `newframe = frame.copy()`
  df[f"liq_long_1h_lag{lag}"] = df["liq_long_1h"].shift(lag)
/home/ubuntu/btc-trading-bot/features.py:363: PerformanceWarning: DataFrame is highly fragmented.  This is usually the result of calling `frame.insert` many times, which has poor performance.  Consider joining all columns at once using pd.concat(axis=1) instead. To get a de-fragmented frame, use `newframe = frame.copy()`
  df[f"liq_short_1h_lag{lag}"] = df["liq_short_1h"].shift(lag)
/home/ubuntu/btc-trading-bot/features.py:346: PerformanceWarning: DataFrame is highly fragmented.  This is usually the result of calling `frame.insert` many times, which has poor performance.  Consider joining all columns at once using pd.concat(axis=1) instead. To get a de-fragmented frame, use `newframe = frame.copy()`
  df[f"vwap_deviation_lag{lag}"] = df["vwap_deviation"].shift(lag)
/home/ubuntu/btc-trading-bot/features.py:347: PerformanceWarning: DataFrame is highly fragmented.  This is usually the result of calling `frame.insert` many times, which has poor performance.  Consider joining all columns at once using pd.concat(axis=1) instead. To get a de-fragmented frame, use `newframe = frame.copy()`
  df[f"roll_spread_lag{lag}"] = df["roll_spread"].shift(lag)
/home/ubuntu/btc-trading-bot/features.py:348: PerformanceWarning: DataFrame is highly fragmented.  This is usually the result of calling `frame.insert` many times, which has poor performance.  Consider joining all columns at once using pd.concat(axis=1) instead. To get a de-fragmented frame, use `newframe = frame.copy()`
  df[f"leverage_divergence_lag{lag}"] = df["leverage_divergence"].shift(lag)
/home/ubuntu/btc-trading-bot/features.py:349: PerformanceWarning: DataFrame is highly fragmented.  This is usually the result of calling `frame.insert` many times, which has poor performance.  Consider joining all columns at once using pd.concat(axis=1) instead. To get a de-fragmented frame, use `newframe = frame.copy()`
  df[f"oi_velocity_lag{lag}"] = df["oi_velocity"].shift(lag)
/home/ubuntu/btc-trading-bot/features.py:350: PerformanceWarning: DataFrame is highly fragmented.  This is usually the result of calling `frame.insert` many times, which has poor performance.  Consider joining all columns at once using pd.concat(axis=1) instead. To get a de-fragmented frame, use `newframe = frame.copy()`
  df[f"funding_acceleration_lag{lag}"] = df["funding_acceleration"].shift(lag)
/home/ubuntu/btc-trading-bot/features.py:351: PerformanceWarning: DataFrame is highly fragmented.  This is usually the result of calling `frame.insert` many times, which has poor performance.  Consider joining all columns at once using pd.concat(axis=1) instead. To get a de-fragmented frame, use `newframe = frame.copy()`
  df[f"bid_ask_imbalance_ohlc_lag{lag}"] = df["bid_ask_imbalance_ohlc"].shift(lag)
/home/ubuntu/btc-trading-bot/features.py:353: PerformanceWarning: DataFrame is highly fragmented.  This is usually the result of calling `frame.insert` many times, which has poor performance.  Consider joining all columns at once using pd.concat(axis=1) instead. To get a de-fragmented frame, use `newframe = frame.copy()`
  df[f"CVD_true_lag{lag}"] = df["CVD_true"].shift(lag)
/home/ubuntu/btc-trading-bot/features.py:355: PerformanceWarning: DataFrame is highly fragmented.  This is usually the result of calling `frame.insert` many times, which has poor performance.  Consider joining all columns at once using pd.concat(axis=1) instead. To get a de-fragmented frame, use `newframe = frame.copy()`
  df[f"OFI_true_lag{lag}"] = df["OFI_true"].shift(lag)
/home/ubuntu/btc-trading-bot/features.py:357: PerformanceWarning: DataFrame is highly fragmented.  This is usually the result of calling `frame.insert` many times, which has poor performance.  Consider joining all columns at once using pd.concat(axis=1) instead. To get a de-fragmented frame, use `newframe = frame.copy()`
  df[f"ob_imbalance_L2_lag{lag}"] = df["ob_imbalance_L2"].shift(lag)
/home/ubuntu/btc-trading-bot/features.py:359: PerformanceWarning: DataFrame is highly fragmented.  This is usually the result of calling `frame.insert` many times, which has poor performance.  Consider joining all columns at once using pd.concat(axis=1) instead. To get a de-fragmented frame, use `newframe = frame.copy()`
  df[f"ob_spread_L2_lag{lag}"] = df["ob_spread_L2"].shift(lag)
/home/ubuntu/btc-trading-bot/features.py:361: PerformanceWarning: DataFrame is highly fragmented.  This is usually the result of calling `frame.insert` many times, which has poor performance.  Consider joining all columns at once using pd.concat(axis=1) instead. To get a de-fragmented frame, use `newframe = frame.copy()`
  df[f"liq_long_1h_lag{lag}"] = df["liq_long_1h"].shift(lag)
/home/ubuntu/btc-trading-bot/features.py:363: PerformanceWarning: DataFrame is highly fragmented.  This is usually the result of calling `frame.insert` many times, which has poor performance.  Consider joining all columns at once using pd.concat(axis=1) instead. To get a de-fragmented frame, use `newframe = frame.copy()`
  df[f"liq_short_1h_lag{lag}"] = df["liq_short_1h"].shift(lag)
/home/ubuntu/btc-trading-bot/features.py:304: PerformanceWarning: DataFrame is highly fragmented.  This is usually the result of calling `frame.insert` many times, which has poor performance.  Consider joining all columns at once using pd.concat(axis=1) instead. To get a de-fragmented frame, use `newframe = frame.copy()`
  df[f"btc_close_lag{lag}"] = df["btc_close"].shift(lag).ffill().bfill().fillna(0.0)
/home/ubuntu/btc-trading-bot/features.py:305: PerformanceWarning: DataFrame is highly fragmented.  This is usually the result of calling `frame.insert` many times, which has poor performance.  Consider joining all columns at once using pd.concat(axis=1) instead. To get a de-fragmented frame, use `newframe = frame.copy()`
  df[f"btc_volume_lag{lag}"] = df["btc_volume"].shift(lag).ffill().bfill().fillna(0.0)
/home/ubuntu/btc-trading-bot/features.py:306: PerformanceWarning: DataFrame is highly fragmented.  This is usually the result of calling `frame.insert` many times, which has poor performance.  Consider joining all columns at once using pd.concat(axis=1) instead. To get a de-fragmented frame, use `newframe = frame.copy()`
  df[f"btc_rsi_lag{lag}"] = df["btc_rsi"].shift(lag).ffill().bfill().fillna(50.0)
/home/ubuntu/btc-trading-bot/features.py:294: PerformanceWarning: DataFrame is highly fragmented.  This is usually the result of calling `frame.insert` many times, which has poor performance.  Consider joining all columns at once using pd.concat(axis=1) instead. To get a de-fragmented frame, use `newframe = frame.copy()`
  df[f"open_interest_pct_change_lag{lag}"] = df["open_interest_pct_change"].shift(lag)
/home/ubuntu/btc-trading-bot/features.py:295: PerformanceWarning: DataFrame is highly fragmented.  This is usually the result of calling `frame.insert` many times, which has poor performance.  Consider joining all columns at once using pd.concat(axis=1) instead. To get a de-fragmented frame, use `newframe = frame.copy()`
  df[f"funding_rate_diff_lag{lag}"] = df["funding_rate_diff"].shift(lag)
/home/ubuntu/btc-trading-bot/features.py:296: PerformanceWarning: DataFrame is highly fragmented.  This is usually the result of calling `frame.insert` many times, which has poor performance.  Consider joining all columns at once using pd.concat(axis=1) instead. To get a de-fragmented frame, use `newframe = frame.copy()`
  df[f"CVD_rolling_1h_lag{lag}"] = df["CVD_rolling_1h"].shift(lag)
/home/ubuntu/btc-trading-bot/features.py:297: PerformanceWarning: DataFrame is highly fragmented.  This is usually the result of calling `frame.insert` many times, which has poor performance.  Consider joining all columns at once using pd.concat(axis=1) instead. To get a de-fragmented frame, use `newframe = frame.copy()`
  df[f"CVD_rolling_4h_lag{lag}"] = df["CVD_rolling_4h"].shift(lag)
/home/ubuntu/btc-trading-bot/features.py:298: PerformanceWarning: DataFrame is highly fragmented.  This is usually the result of calling `frame.insert` many times, which has poor performance.  Consider joining all columns at once using pd.concat(axis=1) instead. To get a de-fragmented frame, use `newframe = frame.copy()`
  df[f"upper_wick_volume_ratio_lag{lag}"] = df["upper_wick_volume_ratio"].shift(lag)
/home/ubuntu/btc-trading-bot/features.py:299: PerformanceWarning: DataFrame is highly fragmented.  This is usually the result of calling `frame.insert` many times, which has poor performance.  Consider joining all columns at once using pd.concat(axis=1) instead. To get a de-fragmented frame, use `newframe = frame.copy()`
  df[f"lower_wick_volume_ratio_lag{lag}"] = df["lower_wick_volume_ratio"].shift(lag)
/home/ubuntu/btc-trading-bot/features.py:302: PerformanceWarning: DataFrame is highly fragmented.  This is usually the result of calling `frame.insert` many times, which has poor performance.  Consider joining all columns at once using pd.concat(axis=1) instead. To get a de-fragmented frame, use `newframe = frame.copy()`
  df[f"oi_change_1h_lag{lag}"] = df["oi_change_1h"].shift(lag).fillna(0.0)
/home/ubuntu/btc-trading-bot/features.py:303: PerformanceWarning: DataFrame is highly fragmented.  This is usually the result of calling `frame.insert` many times, which has poor performance.  Consider joining all columns at once using pd.concat(axis=1) instead. To get a de-fragmented frame, use `newframe = frame.copy()`
  df[f"oi_change_4h_lag{lag}"] = df["oi_change_4h"].shift(lag).fillna(0.0)
/home/ubuntu/btc-trading-bot/features.py:304: PerformanceWarning: DataFrame is highly fragmented.  This is usually the result of calling `frame.insert` many times, which has poor performance.  Consider joining all columns at once using pd.concat(axis=1) instead. To get a de-fragmented frame, use `newframe = frame.copy()`
  df[f"btc_close_lag{lag}"] = df["btc_close"].shift(lag).ffill().bfill().fillna(0.0)
/home/ubuntu/btc-trading-bot/features.py:305: PerformanceWarning: DataFrame is highly fragmented.  This is usually the result of calling `frame.insert` many times, which has poor performance.  Consider joining all columns at once using pd.concat(axis=1) instead. To get a de-fragmented frame, use `newframe = frame.copy()`
  df[f"btc_volume_lag{lag}"] = df["btc_volume"].shift(lag).ffill().bfill().fillna(0.0)
/home/ubuntu/btc-trading-bot/features.py:306: PerformanceWarning: DataFrame is highly fragmented.  This is usually the result of calling `frame.insert` many times, which has poor performance.  Consider joining all columns at once using pd.concat(axis=1) instead. To get a de-fragmented frame, use `newframe = frame.copy()`
  df[f"btc_rsi_lag{lag}"] = df["btc_rsi"].shift(lag).ffill().bfill().fillna(50.0)
/home/ubuntu/btc-trading-bot/features.py:310: PerformanceWarning: DataFrame is highly fragmented.  This is usually the result of calling `frame.insert` many times, which has poor performance.  Consider joining all columns at once using pd.concat(axis=1) instead. To get a de-fragmented frame, use `newframe = frame.copy()`
  df["hour_sin"] = np.sin(2 * np.pi * datetime_series.dt.hour / 24.0)
/home/ubuntu/btc-trading-bot/features.py:311: PerformanceWarning: DataFrame is highly fragmented.  This is usually the result of calling `frame.insert` many times, which has poor performance.  Consider joining all columns at once using pd.concat(axis=1) instead. To get a de-fragmented frame, use `newframe = frame.copy()`
  df["hour_cos"] = np.cos(2 * np.pi * datetime_series.dt.hour / 24.0)
/home/ubuntu/btc-trading-bot/features.py:312: PerformanceWarning: DataFrame is highly fragmented.  This is usually the result of calling `frame.insert` many times, which has poor performance.  Consider joining all columns at once using pd.concat(axis=1) instead. To get a de-fragmented frame, use `newframe = frame.copy()`
  df["day_of_week_sin"] = np.sin(2 * np.pi * datetime_series.dt.dayofweek / 7.0)
/home/ubuntu/btc-trading-bot/features.py:313: PerformanceWarning: DataFrame is highly fragmented.  This is usually the result of calling `frame.insert` many times, which has poor performance.  Consider joining all columns at once using pd.concat(axis=1) instead. To get a de-fragmented frame, use `newframe = frame.copy()`
  df["day_of_week_cos"] = np.cos(2 * np.pi * datetime_series.dt.dayofweek / 7.0)
/home/ubuntu/btc-trading-bot/features.py:316: PerformanceWarning: DataFrame is highly fragmented.  This is usually the result of calling `frame.insert` many times, which has poor performance.  Consider joining all columns at once using pd.concat(axis=1) instead. To get a de-fragmented frame, use `newframe = frame.copy()`
  df["close_to_Kalman"] = calculate_kalman_feature(df["close"].values, df["ATR_norm"].values)
/home/ubuntu/btc-trading-bot/features.py:318: PerformanceWarning: DataFrame is highly fragmented.  This is usually the result of calling `frame.insert` many times, which has poor performance.  Consider joining all columns at once using pd.concat(axis=1) instead. To get a de-fragmented frame, use `newframe = frame.copy()`
  df[f"close_to_Kalman_lag{lag}"] = df["close_to_Kalman"].shift(lag)
/home/ubuntu/btc-trading-bot/features.py:318: PerformanceWarning: DataFrame is highly fragmented.  This is usually the result of calling `frame.insert` many times, which has poor performance.  Consider joining all columns at once using pd.concat(axis=1) instead. To get a de-fragmented frame, use `newframe = frame.copy()`
  df[f"close_to_Kalman_lag{lag}"] = df["close_to_Kalman"].shift(lag)
/home/ubuntu/btc-trading-bot/features.py:321: PerformanceWarning: DataFrame is highly fragmented.  This is usually the result of calling `frame.insert` many times, which has poor performance.  Consider joining all columns at once using pd.concat(axis=1) instead. To get a de-fragmented frame, use `newframe = frame.copy()`
  df["volatility_gk"] = calculate_garman_klass_vol(df, window=14)
/home/ubuntu/btc-trading-bot/features.py:325: PerformanceWarning: DataFrame is highly fragmented.  This is usually the result of calling `frame.insert` many times, which has poor performance.  Consider joining all columns at once using pd.concat(axis=1) instead. To get a de-fragmented frame, use `newframe = frame.copy()`
  df["volatility_vts"] = gk_5 / (gk_60 + 1e-8)
/home/ubuntu/btc-trading-bot/features.py:327: PerformanceWarning: DataFrame is highly fragmented.  This is usually the result of calling `frame.insert` many times, which has poor performance.  Consider joining all columns at once using pd.concat(axis=1) instead. To get a de-fragmented frame, use `newframe = frame.copy()`
  df[f"volatility_gk_lag{lag}"] = df["volatility_gk"].shift(lag)
/home/ubuntu/btc-trading-bot/features.py:328: PerformanceWarning: DataFrame is highly fragmented.  This is usually the result of calling `frame.insert` many times, which has poor performance.  Consider joining all columns at once using pd.concat(axis=1) instead. To get a de-fragmented frame, use `newframe = frame.copy()`
  df[f"volatility_vts_lag{lag}"] = df["volatility_vts"].shift(lag)
/home/ubuntu/btc-trading-bot/features.py:327: PerformanceWarning: DataFrame is highly fragmented.  This is usually the result of calling `frame.insert` many times, which has poor performance.  Consider joining all columns at once using pd.concat(axis=1) instead. To get a de-fragmented frame, use `newframe = frame.copy()`
  df[f"volatility_gk_lag{lag}"] = df["volatility_gk"].shift(lag)
/home/ubuntu/btc-trading-bot/features.py:328: PerformanceWarning: DataFrame is highly fragmented.  This is usually the result of calling `frame.insert` many times, which has poor performance.  Consider joining all columns at once using pd.concat(axis=1) instead. To get a de-fragmented frame, use `newframe = frame.copy()`
  df[f"volatility_vts_lag{lag}"] = df["volatility_vts"].shift(lag)
/home/ubuntu/btc-trading-bot/features.py:334: PerformanceWarning: DataFrame is highly fragmented.  This is usually the result of calling `frame.insert` many times, which has poor performance.  Consider joining all columns at once using pd.concat(axis=1) instead. To get a de-fragmented frame, use `newframe = frame.copy()`
  df["vwap_deviation"] = (df["close"] - df["VWAP"]) / (df["VWAP"] + 1e-8)
/home/ubuntu/btc-trading-bot/features.py:338: PerformanceWarning: DataFrame is highly fragmented.  This is usually the result of calling `frame.insert` many times, which has poor performance.  Consider joining all columns at once using pd.concat(axis=1) instead. To get a de-fragmented frame, use `newframe = frame.copy()`
  df["roll_spread"] = 2.0 * np.sqrt(np.maximum(0.0, -autocov))
/home/ubuntu/btc-trading-bot/features.py:339: PerformanceWarning: DataFrame is highly fragmented.  This is usually the result of calling `frame.insert` many times, which has poor performance.  Consider joining all columns at once using pd.concat(axis=1) instead. To get a de-fragmented frame, use `newframe = frame.copy()`
  df["leverage_divergence"] = df["open_interest_pct_change"] - dp_ret
/home/ubuntu/btc-trading-bot/features.py:340: PerformanceWarning: DataFrame is highly fragmented.  This is usually the result of calling `frame.insert` many times, which has poor performance.  Consider joining all columns at once using pd.concat(axis=1) instead. To get a de-fragmented frame, use `newframe = frame.copy()`
  df["oi_velocity"] = df["open_interest_pct_change"].diff(1).fillna(0.0)
/home/ubuntu/btc-trading-bot/features.py:341: PerformanceWarning: DataFrame is highly fragmented.  This is usually the result of calling `frame.insert` many times, which has poor performance.  Consider joining all columns at once using pd.concat(axis=1) instead. To get a de-fragmented frame, use `newframe = frame.copy()`
  df["funding_acceleration"] = df["funding_rate_diff"].diff(1).fillna(0.0)
/home/ubuntu/btc-trading-bot/features.py:342: PerformanceWarning: DataFrame is highly fragmented.  This is usually the result of calling `frame.insert` many times, which has poor performance.  Consider joining all columns at once using pd.concat(axis=1) instead. To get a de-fragmented frame, use `newframe = frame.copy()`
  df["bid_ask_imbalance_ohlc"] = (df["close"] - df["low"]) / (high_low_range) - 0.5
/home/ubuntu/btc-trading-bot/features.py:346: PerformanceWarning: DataFrame is highly fragmented.  This is usually the result of calling `frame.insert` many times, which has poor performance.  Consider joining all columns at once using pd.concat(axis=1) instead. To get a de-fragmented frame, use `newframe = frame.copy()`
  df[f"vwap_deviation_lag{lag}"] = df["vwap_deviation"].shift(lag)
/home/ubuntu/btc-trading-bot/features.py:347: PerformanceWarning: DataFrame is highly fragmented.  This is usually the result of calling `frame.insert` many times, which has poor performance.  Consider joining all columns at once using pd.concat(axis=1) instead. To get a de-fragmented frame, use `newframe = frame.copy()`
  df[f"roll_spread_lag{lag}"] = df["roll_spread"].shift(lag)
/home/ubuntu/btc-trading-bot/features.py:348: PerformanceWarning: DataFrame is highly fragmented.  This is usually the result of calling `frame.insert` many times, which has poor performance.  Consider joining all columns at once using pd.concat(axis=1) instead. To get a de-fragmented frame, use `newframe = frame.copy()`
  df[f"leverage_divergence_lag{lag}"] = df["leverage_divergence"].shift(lag)
/home/ubuntu/btc-trading-bot/features.py:349: PerformanceWarning: DataFrame is highly fragmented.  This is usually the result of calling `frame.insert` many times, which has poor performance.  Consider joining all columns at once using pd.concat(axis=1) instead. To get a de-fragmented frame, use `newframe = frame.copy()`
  df[f"oi_velocity_lag{lag}"] = df["oi_velocity"].shift(lag)
/home/ubuntu/btc-trading-bot/features.py:350: PerformanceWarning: DataFrame is highly fragmented.  This is usually the result of calling `frame.insert` many times, which has poor performance.  Consider joining all columns at once using pd.concat(axis=1) instead. To get a de-fragmented frame, use `newframe = frame.copy()`
  df[f"funding_acceleration_lag{lag}"] = df["funding_acceleration"].shift(lag)
/home/ubuntu/btc-trading-bot/features.py:351: PerformanceWarning: DataFrame is highly fragmented.  This is usually the result of calling `frame.insert` many times, which has poor performance.  Consider joining all columns at once using pd.concat(axis=1) instead. To get a de-fragmented frame, use `newframe = frame.copy()`
  df[f"bid_ask_imbalance_ohlc_lag{lag}"] = df["bid_ask_imbalance_ohlc"].shift(lag)
/home/ubuntu/btc-trading-bot/features.py:353: PerformanceWarning: DataFrame is highly fragmented.  This is usually the result of calling `frame.insert` many times, which has poor performance.  Consider joining all columns at once using pd.concat(axis=1) instead. To get a de-fragmented frame, use `newframe = frame.copy()`
  df[f"CVD_true_lag{lag}"] = df["CVD_true"].shift(lag)
/home/ubuntu/btc-trading-bot/features.py:355: PerformanceWarning: DataFrame is highly fragmented.  This is usually the result of calling `frame.insert` many times, which has poor performance.  Consider joining all columns at once using pd.concat(axis=1) instead. To get a de-fragmented frame, use `newframe = frame.copy()`
  df[f"OFI_true_lag{lag}"] = df["OFI_true"].shift(lag)
/home/ubuntu/btc-trading-bot/features.py:357: PerformanceWarning: DataFrame is highly fragmented.  This is usually the result of calling `frame.insert` many times, which has poor performance.  Consider joining all columns at once using pd.concat(axis=1) instead. To get a de-fragmented frame, use `newframe = frame.copy()`
  df[f"ob_imbalance_L2_lag{lag}"] = df["ob_imbalance_L2"].shift(lag)
/home/ubuntu/btc-trading-bot/features.py:359: PerformanceWarning: DataFrame is highly fragmented.  This is usually the result of calling `frame.insert` many times, which has poor performance.  Consider joining all columns at once using pd.concat(axis=1) instead. To get a de-fragmented frame, use `newframe = frame.copy()`
  df[f"ob_spread_L2_lag{lag}"] = df["ob_spread_L2"].shift(lag)
/home/ubuntu/btc-trading-bot/features.py:361: PerformanceWarning: DataFrame is highly fragmented.  This is usually the result of calling `frame.insert` many times, which has poor performance.  Consider joining all columns at once using pd.concat(axis=1) instead. To get a de-fragmented frame, use `newframe = frame.copy()`
  df[f"liq_long_1h_lag{lag}"] = df["liq_long_1h"].shift(lag)
/home/ubuntu/btc-trading-bot/features.py:363: PerformanceWarning: DataFrame is highly fragmented.  This is usually the result of calling `frame.insert` many times, which has poor performance.  Consider joining all columns at once using pd.concat(axis=1) instead. To get a de-fragmented frame, use `newframe = frame.copy()`
  df[f"liq_short_1h_lag{lag}"] = df["liq_short_1h"].shift(lag)
/home/ubuntu/btc-trading-bot/features.py:346: PerformanceWarning: DataFrame is highly fragmented.  This is usually the result of calling `frame.insert` many times, which has poor performance.  Consider joining all columns at once using pd.concat(axis=1) instead. To get a de-fragmented frame, use `newframe = frame.copy()`
  df[f"vwap_deviation_lag{lag}"] = df["vwap_deviation"].shift(lag)
/home/ubuntu/btc-trading-bot/features.py:347: PerformanceWarning: DataFrame is highly fragmented.  This is usually the result of calling `frame.insert` many times, which has poor performance.  Consider joining all columns at once using pd.concat(axis=1) instead. To get a de-fragmented frame, use `newframe = frame.copy()`
  df[f"roll_spread_lag{lag}"] = df["roll_spread"].shift(lag)
/home/ubuntu/btc-trading-bot/features.py:348: PerformanceWarning: DataFrame is highly fragmented.  This is usually the result of calling `frame.insert` many times, which has poor performance.  Consider joining all columns at once using pd.concat(axis=1) instead. To get a de-fragmented frame, use `newframe = frame.copy()`
  df[f"leverage_divergence_lag{lag}"] = df["leverage_divergence"].shift(lag)
/home/ubuntu/btc-trading-bot/features.py:349: PerformanceWarning: DataFrame is highly fragmented.  This is usually the result of calling `frame.insert` many times, which has poor performance.  Consider joining all columns at once using pd.concat(axis=1) instead. To get a de-fragmented frame, use `newframe = frame.copy()`
  df[f"oi_velocity_lag{lag}"] = df["oi_velocity"].shift(lag)
/home/ubuntu/btc-trading-bot/features.py:350: PerformanceWarning: DataFrame is highly fragmented.  This is usually the result of calling `frame.insert` many times, which has poor performance.  Consider joining all columns at once using pd.concat(axis=1) instead. To get a de-fragmented frame, use `newframe = frame.copy()`
  df[f"funding_acceleration_lag{lag}"] = df["funding_acceleration"].shift(lag)
/home/ubuntu/btc-trading-bot/features.py:351: PerformanceWarning: DataFrame is highly fragmented.  This is usually the result of calling `frame.insert` many times, which has poor performance.  Consider joining all columns at once using pd.concat(axis=1) instead. To get a de-fragmented frame, use `newframe = frame.copy()`
  df[f"bid_ask_imbalance_ohlc_lag{lag}"] = df["bid_ask_imbalance_ohlc"].shift(lag)
/home/ubuntu/btc-trading-bot/features.py:353: PerformanceWarning: DataFrame is highly fragmented.  This is usually the result of calling `frame.insert` many times, which has poor performance.  Consider joining all columns at once using pd.concat(axis=1) instead. To get a de-fragmented frame, use `newframe = frame.copy()`
  df[f"CVD_true_lag{lag}"] = df["CVD_true"].shift(lag)
/home/ubuntu/btc-trading-bot/features.py:355: PerformanceWarning: DataFrame is highly fragmented.  This is usually the result of calling `frame.insert` many times, which has poor performance.  Consider joining all columns at once using pd.concat(axis=1) instead. To get a de-fragmented frame, use `newframe = frame.copy()`
  df[f"OFI_true_lag{lag}"] = df["OFI_true"].shift(lag)
/home/ubuntu/btc-trading-bot/features.py:357: PerformanceWarning: DataFrame is highly fragmented.  This is usually the result of calling `frame.insert` many times, which has poor performance.  Consider joining all columns at once using pd.concat(axis=1) instead. To get a de-fragmented frame, use `newframe = frame.copy()`
  df[f"ob_imbalance_L2_lag{lag}"] = df["ob_imbalance_L2"].shift(lag)
/home/ubuntu/btc-trading-bot/features.py:359: PerformanceWarning: DataFrame is highly fragmented.  This is usually the result of calling `frame.insert` many times, which has poor performance.  Consider joining all columns at once using pd.concat(axis=1) instead. To get a de-fragmented frame, use `newframe = frame.copy()`
  df[f"ob_spread_L2_lag{lag}"] = df["ob_spread_L2"].shift(lag)
/home/ubuntu/btc-trading-bot/features.py:361: PerformanceWarning: DataFrame is highly fragmented.  This is usually the result of calling `frame.insert` many times, which has poor performance.  Consider joining all columns at once using pd.concat(axis=1) instead. To get a de-fragmented frame, use `newframe = frame.copy()`
  df[f"liq_long_1h_lag{lag}"] = df["liq_long_1h"].shift(lag)
/home/ubuntu/btc-trading-bot/features.py:363: PerformanceWarning: DataFrame is highly fragmented.  This is usually the result of calling `frame.insert` many times, which has poor performance.  Consider joining all columns at once using pd.concat(axis=1) instead. To get a de-fragmented frame, use `newframe = frame.copy()`
  df[f"liq_short_1h_lag{lag}"] = df["liq_short_1h"].shift(lag)
